configuration_index,lowpass_hz,global_zscore_mean,global_zscore_std,stlsq_threshold,degree,n_delays,delay_samples,delay_ms,embedding_span_ms,smooth_window_samples,smooth_window_ms,derivative_method,fit_status,fit_failure_reason,nonzero_terms,possible_terms,term_utilization_percent,fit_runtime_s,feature_names_json,coefficients_json,equations
1,35.0,-0.0007537510658310451,36.85636440218341,1000.0,3,2,1,4.0,4.0,0,0.0,finite_difference,success,,16,20,80.0,0.8265735562890768,"[""1"", ""x0"", ""x1"", ""x0^2"", ""x0 x1"", ""x1^2"", ""x0^3"", ""x0^2 x1"", ""x0 x1^2"", ""x1^3""]","[[0.0, 233.30357885654723, -240.06130310779676, 0.7089288746121939, 0.0, -0.21880109304623055, -2.7540121398238036, 2.9978376808889524, 2.273040103913012, -2.280704199030257], [0.0, 240.16817771606352, -233.40983135630398, 0.7019809193626125, 0.0, -1.183339588641049, -0.661562007644422, 6.610033023564796, -11.41585672731245, 5.237580404228687]]",(x0)' =  233.304 x0 + -240.061 x1 +  0.709 x0^2 + -0.219 x1^2 + -2.754 x0^3 +  2.998 x0^2 x1 +  2.273 x0 x1^2 + -2.281 x1^3 | (x1)' =  240.168 x0 + -233.410 x1 +  0.702 x0^2 + -1.183 x1^2 + -0.662 x0^3 +  6.610 x0^2 x1 + -11.416 x0 x1^2 +  5.238 x1^3
2,35.0,-0.0007537510658310451,36.85636440218341,1000.0,3,2,1,4.0,4.0,5,20.0,smoothed_finite_difference_savgol_order_3,success,,16,20,80.0,0.20011615380644798,"[""1"", ""x0"", ""x1"", ""x0^2"", ""x0 x1"", ""x1^2"", ""x0^3"", ""x0^2 x1"", ""x0 x1^2"", ""x1^3""]","[[0.0, 233.57260695408772, -240.26504990555654, 0.676733751371738, 0.0, -0.1969942106667503, -2.8376229901762033, 3.2205346705752502, 2.0909014121049196, -2.237314767418065], [0.0, 240.3559491379673, -233.66374507959432, 0.7122454381145973, 0.0, -1.1821169949700483, -0.543120275551562, 6.334082298755219, -11.218112993636952, 5.196632615609327]]",(x0)' =  233.573 x0 + -240.265 x1 +  0.677 x0^2 + -0.197 x1^2 + -2.838 x0^3 +  3.221 x0^2 x1 +  2.091 x0 x1^2 + -2.237 x1^3 | (x1)' =  240.356 x0 + -233.664 x1 +  0.712 x0^2 + -1.182 x1^2 + -0.543 x0^3 +  6.334 x0^2 x1 + -11.218 x0 x1^2 +  5.197 x1^3
3,35.0,-0.0007537510658310451,36.85636440218341,1000.0,3,2,1,4.0,4.0,9,36.0,smoothed_finite_difference_savgol_order_3,success,,16,20,80.0,0.19120184145867825,"[""1"", ""x0"", ""x1"", ""x0^2"", ""x0 x1"", ""x1^2"", ""x0^3"", ""x0^2 x1"", ""x0 x1^2"", ""x1^3""]","[[0.0, 235.87616629695427, -241.94698870129753, 0.40247161703901135, 0.0, -0.02060466730941295, -3.4279935414447187, 4.547894697024307, 1.2854472809583999, -2.1672289938817855], [0.0, 241.90730999147107, -235.83041104688112, 0.7988767779730737, 0.0, -1.1679208231996578, 0.5839412064715277, 3.440004136899248, -8.829568211144043, 4.5716674091659595]]",(x0)' =  235.876 x0 + -241.947 x1 +  0.402 x0^2 + -0.021 x1^2 + -3.428 x0^3 +  4.548 x0^2 x1 +  1.285 x0 x1^2 + -2.167 x1^3 | (x1)' =  241.907 x0 + -235.830 x1 +  0.799 x0^2 + -1.168 x1^2 +  0.584 x0^3 +  3.440 x0^2 x1 + -8.830 x0 x1^2 +  4.572 x1^3
4,35.0,-0.0007537510658310451,36.85636440218341,1000.0,3,2,2,8.0,8.0,0,0.0,finite_difference,success,,10,20,50.0,0.1858644299209118,"[""1"", ""x0"", ""x1"", ""x0^2"", ""x0 x1"", ""x1^2"", ""x0^3"", ""x0^2 x1"", ""x0 x1^2"", ""x1^3""]","[[0.0, 106.10991973934357, -118.89974674516746, 0.0, 0.0, 0.0, -2.27947234943772, 3.651054504638881, 0.0, -0.8044202732485923], [0.0, 118.49277460914384, -105.74754911333382, 0.0, 0.0, 0.0, 0.9148541544103747, 0.0, -3.685893902269672, 2.213429797169445]]",(x0)' =  106.110 x0 + -118.900 x1 + -2.279 x0^3 +  3.651 x0^2 x1 + -0.804 x1^3 | (x1)' =  118.493 x0 + -105.748 x1 +  0.915 x0^3 + -3.686 x0 x1^2 +  2.213 x1^3
5,35.0,-0.0007537510658310451,36.85636440218341,1000.0,3,2,2,8.0,8.0,5,20.0,smoothed_finite_difference_savgol_order_3,success,,10,20,50.0,0.179316820576787,"[""1"", ""x0"", ""x1"", ""x0^2"", ""x0 x1"", ""x1^2"", ""x0^3"", ""x0^2 x1"", ""x0 x1^2"", ""x1^3""]","[[0.0, 106.36397877231073, -119.04474749220819, 0.0, 0.0, 0.0, -2.290088820661598, 3.673320223872097, 0.0, -0.8170901740527957], [0.0, 118.64834306563003, -106.01190007162572, 0.0, 0.0, 0.0, 0.9269599390146478, 0.0, -3.7138975806632955, 2.2300455112832385]]",(x0)' =  106.364 x0 + -119.045 x1 + -2.290 x0^3 +  3.673 x0^2 x1 + -0.817 x1^3 | (x1)' =  118.648 x0 + -106.012 x1 +  0.927 x0^3 + -3.714 x0 x1^2 +  2.230 x1^3
6,35.0,-0.0007537510658310451,36.85636440218341,1000.0,3,2,2,8.0,8.0,9,36.0,smoothed_finite_difference_savgol_order_3,success,,10,20,50.0,0.18646246194839478,"[""1"", ""x0"", ""x1"", ""x0^2"", ""x0 x1"", ""x1^2"", ""x0^3"", ""x0^2 x1"", ""x0 x1^2"", ""x1^3""]","[[0.0, 108.62281677016091, -120.2318832237519, 0.0, 0.0, 0.0, -2.423728424082049, 3.92183359697427, 0.0, -0.9454117083275777], [0.0, 119.90451372493395, -108.31712584728335, 0.0, 0.0, 0.0, 1.0148976547841861, 0.0, -3.901475791787063, 2.34109149609119]]",(x0)' =  108.623 x0 + -120.232 x1 + -2.424 x0^3 +  3.922 x0^2 x1 + -0.945 x1^3 | (x1)' =  119.905 x0 + -108.317 x1 +  1.015 x0^3 + -3.901 x0 x1^2 +  2.341 x1^3
7,35.0,-0.0007537510658310451,36.85636440218341,1000.0,3,2,5,20.0,20.0,0,0.0,finite_difference,success,,10,20,50.0,0.18583847023546696,"[""1"", ""x0"", ""x1"", ""x0^2"", ""x0 x1"", ""x1^2"", ""x0^3"", ""x0^2 x1"", ""x0 x1^2"", ""x1^3""]","[[0.0, 19.56961921979497, -38.65082317027691, 0.0, 0.0, 0.0, 0.0, 0.0, 1.4067737066003088, -0.24752990388287405], [0.0, 38.603038103292775, -19.67972216349247, 2.7562700026429434, -3.6668249188212942, 0.0, 0.38522112978975886, -1.421512062238135, 0.0, 0.0]]",(x0)' =  19.570 x0 + -38.651 x1 +  1.407 x0 x1^2 + -0.248 x1^3 | (x1)' =  38.603 x0 + -19.680 x1 +  2.756 x0^2 + -3.667 x0 x1 +  0.385 x0^3 + -1.422 x0^2 x1
8,35.0,-0.0007537510658310451,36.85636440218341,1000.0,3,2,5,20.0,20.0,5,20.0,smoothed_finite_difference_savgol_order_3,success,,10,20,50.0,0.35624710470438004,"[""1"", ""x0"", ""x1"", ""x0^2"", ""x0 x1"", ""x1^2"", ""x0^3"", ""x0^2 x1"", ""x0 x1^2"", ""x1^3""]","[[0.0, 19.78192668345744, -38.87791433840611, 0.0, 0.0, 0.0, 0.0, 0.0, 1.4226189793032797, -0.26088760930695176], [0.0, 38.82220441096445, -19.888824144934198, 2.7294120372512634, -3.632919712728715, 0.0, 0.3973819123387819, -1.436312999577457, 0.0, 0.0]]",(x0)' =  19.782 x0 + -38.878 x1 +  1.423 x0 x1^2 + -0.261 x1^3 | (x1)' =  38.822 x0 + -19.889 x1 +  2.729 x0^2 + -3.633 x0 x1 +  0.397 x0^3 + -1.436 x0^2 x1
9,35.0,-0.0007537510658310451,36.85636440218341,1000.0,3,2,5,20.0,20.0,9,36.0,smoothed_finite_difference_savgol_order_3,success,,8,20,40.0,0.3114705178886652,"[""1"", ""x0"", ""x1"", ""x0^2"", ""x0 x1"", ""x1^2"", ""x0^3"", ""x0^2 x1"", ""x0 x1^2"", ""x1^3""]","[[0.0, 21.90892472551986, -40.8966116233806, 0.0, 0.0, 0.0, 0.0, 0.0, 1.5653967592479832, -0.39432804363280916], [0.0, 40.93730673813029, -22.01827449669856, 0.0, 0.0, 0.0, 0.3398548386515325, -1.4822905757797569, 0.0, 0.0]]",(x0)' =  21.909 x0 + -40.897 x1 +  1.565 x0 x1^2 + -0.394 x1^3 | (x1)' =  40.937 x0 + -22.018 x1 +  0.340 x0^3 + -1.482 x0^2 x1
10,35.0,-0.0007537510658310451,36.85636440218341,1000.0,3,4,1,4.0,12.0,0,0.0,finite_difference,success,,52,140,37.142857142857146,1.5986988823860884,"[""1"", ""x0"", ""x1"", ""x2"", ""x3"", ""x0^2"", ""x0 x1"", ""x0 x2"", ""x0 x3"", ""x1^2"", ""x1 x2"", ""x1 x3"", ""x2^2"", ""x2 x3"", ""x3^2"", ""x0^3"", ""x0^2 x1"", ""x0^2 x2"", ""x0^2 x3"", ""x0 x1^2"", ""x0 x1 x2"", ""x0 x1 x3"", ""x0 x2^2"", ""x0 x2 x3"", ""x0 x3^2"", ""x1^3"", ""x1^2 x2"", ""x1^2 x3"", ""x1 x2^2"", ""x1 x2 x3"", ""x1 x3^2"", ""x2^3"", ""x2^2 x3"", ""x2 x3^2"", ""x3^3""]","[[0.0, 432.32016635515185, -726.9338791507433, 400.47526454898684, -107.10795072220856, 0.0, 0.0, 0.0, 0.0, 0.0, 0.0, 0.0, 0.0, 0.0, 0.0, -1.9719222402223429, 2.840603911047895, 0.0, 3.6662374505619124, 0.0, 0.0, -3.877810190059833, 0.0, -4.908707763150101, 1.9385211521858714, 4.079569268288132, -21.84661729293523, 0.0, 32.96317944480468, 0.0, 0.0, -14.900065659957496, 2.1054685192460405, 0.0, 0.0], [0.0, 125.02708582714973, -0.029616500921313058, -125.0099003173893, 0.013211685809713132, 0.0, 0.0, 0.0, 0.0, 0.0, 0.0, 0.0, 0.0, 0.0, 0.0, 0.015408056599462476, -0.02742428599976767, 0.0, 0.0, 0.0, 0.0, 0.0, 0.0, 0.0, 0.004275251875224266, 0.0, 0.051945683309192206, 0.0, -0.06448064620891425, 0.0, 0.0, 0.023996840632943415, -0.003815867480364271, 0.0, 0.0], [0.0, -0.009980915239704659, 125.01393015998877, 0.014040513808935033, -125.01723130456736, 0.0, 0.0, 0.0, 0.0, 0.0, 0.0, 0.0, 0.0, 0.0, 0.0, 0.0, 0.0, 0.0, -0.012463319996266377, -0.020465652333368275, 0.0, 0.0, 0.0, 0.0, 0.0, -0.04441393338638727, 0.241979553164567, 0.0, -0.20387685580065623, 0.0, 0.0, 0.0, 0.0, 0.07645390898052994, -0.03741119104487415], [0.0, 106.0861240811571, -397.28878698492315, 723.9723326527562, -431.5227113652335, 0.0, 0.0, 0.0, 0.0, 0.0, 0.0, 0.0, 0.0, 0.0, 0.0, 0.0, 0.0, 0.0, -3.1178711334561915, -0.231054660218455, 0.0, 6.317975453930747, 0.0, 2.8584414490034535, -3.095940168179012, 6.985979021109132, -16.68451428981861, 0.0, 6.429109190998408, 0.0, 0.0, 1.7608441781195836, 0.0, -3.2559087397307787, 1.9448242919178542]]",(x0)' =  432.320 x0 + -726.934 x1 +  400.475 x2 + -107.108 x3 + -1.972 x0^3 +  2.841 x0^2 x1 +  3.666 x0^2 x3 + -3.878 x0 x1 x3 + -4.909 x0 x2 x3 +  1.939 x0 x3^2 +  4.080 x1^3 + -21.847 x1^2 x2 +  32.963 x1 x2^2 + -14.900 x2^3 +  2.105 x2^2 x3 | (x1)' =  125.027 x0 + -0.030 x1 + -125.010 x2 +  0.013 x3 +  0.015 x0^3 + -0.027 x0^2 x1 +  0.004 x0 x3^2 +  0.052 x1^2 x2 + -0.064 x1 x2^2 +  0.024 x2^3 + -0.004 x2^2 x3 | (x2)' = -0.010 x0 +  125.014 x1 +  0.014 x2 + -125.017 x3 + -0.012 x0^2 x3 + -0.020 x0 x1^2 + -0.044 x1^3 +  0.242 x1^2 x2 + -0.204 x1 x2^2 +  0.076 x2 x3^2 + -0.037 x3^3 | (x3)' =  106.086 x0 + -397.289 x1 +  723.972 x2 + -431.523 x3 + -3.118 x0^2 x3 + -0.231 x0 x1^2 +  6.318 x0 x1 x3 +  2.858 x0 x2 x3 + -3.096 x0 x3^2 +  6.986 x1^3 + -16.685 x1^2 x2 +  6.429 x1 x2^2 +  1.761 x2^3 + -3.256 x2 x3^2 +  1.945 x3^3
11,35.0,-0.0007537510658310451,36.85636440218341,1000.0,3,4,1,4.0,12.0,5,20.0,smoothed_finite_difference_savgol_order_3,success,,51,140,36.42857142857143,1.7042370699346066,"[""1"", ""x0"", ""x1"", ""x2"", ""x3"", ""x0^2"", ""x0 x1"", ""x0 x2"", ""x0 x3"", ""x1^2"", ""x1 x2"", ""x1 x3"", ""x2^2"", ""x2 x3"", ""x3^2"", ""x0^3"", ""x0^2 x1"", ""x0^2 x2"", ""x0^2 x3"", ""x0 x1^2"", ""x0 x1 x2"", ""x0 x1 x3"", ""x0 x2^2"", ""x0 x2 x3"", ""x0 x3^2"", ""x1^3"", ""x1^2 x2"", ""x1^2 x3"", ""x1 x2^2"", ""x1 x2 x3"", ""x1 x3^2"", ""x2^3"", ""x2^2 x3"", ""x2 x3^2"", ""x3^3""]","[[0.0, 433.8129279780383, -730.2144383095695, 402.808215276487, -107.61205842561358, 0.0, 0.0, 0.0, 0.0, 0.0, 0.0, 0.0, 0.0, 0.0, 0.0, -1.9053494386524616, 2.746149047394839, 0.0, 3.696643911793912, 0.0, 0.0, -3.9284161739728054, 0.0, -4.947698234895519, 1.9654195708653142, 4.05686781776166, -21.76277578947851, 0.0, 32.98901392449192, 0.0, 0.0, -14.929096251094004, 2.10512577686783, 0.0, 0.0], [0.0, 125.01753468225736, 0.006073241013033351, -125.05181714470126, 0.028790966545556247, 0.0, 0.0, 0.0, 0.0, 0.0, 0.0, 0.0, 0.0, 0.0, 0.0, 0.026427083444530694, -0.047658865639747784, 0.0, 0.0, 0.0, 0.0, 0.0, 0.0, 0.0, 0.007802041725437641, 0.0, 0.09573414889010848, 0.0, -0.11929541865125703, 0.0, 0.0, 0.04165672167549191, -0.004728519696401802, 0.0, 0.0], [0.0, -0.04032761329466897, 125.10165717106774, -0.06943501225923977, -124.99181067323379, 0.0, 0.0, 0.0, 0.0, 0.0, 0.0, 0.0, 0.0, 0.0, 0.0, 0.0, 0.0, 0.0, 0.016797700357125727, -0.06527956427695157, 0.0, 0.0, 0.0, 0.0, 0.0, 0.13154782009737992, -0.09314678488864549, 0.0, 0.0, 0.0, 0.0, 0.0, 0.0, 0.02323881553547961, -0.013251341964439467], [0.0, 106.60765421058758, -399.679286529502, 727.3090279217232, -433.03195403292744, 0.0, 0.0, 0.0, 0.0, 0.0, 0.0, 0.0, 0.0, 0.0, 0.0, 0.0, 0.0, 0.0, -3.0642419926006843, -0.2913498313772016, 0.0, 6.20194440832359, 0.0, 3.0061315523573007, -3.1596909940165068, 7.19410826981244, -17.1387828018527, 0.0, 6.916723888502493, 0.0, 0.0, 1.5439556689142784, 0.0, -3.2431056937832974, 1.9488734196489839]]",(x0)' =  433.813 x0 + -730.214 x1 +  402.808 x2 + -107.612 x3 + -1.905 x0^3 +  2.746 x0^2 x1 +  3.697 x0^2 x3 + -3.928 x0 x1 x3 + -4.948 x0 x2 x3 +  1.965 x0 x3^2 +  4.057 x1^3 + -21.763 x1^2 x2 +  32.989 x1 x2^2 + -14.929 x2^3 +  2.105 x2^2 x3 | (x1)' =  125.018 x0 +  0.006 x1 + -125.052 x2 +  0.029 x3 +  0.026 x0^3 + -0.048 x0^2 x1 +  0.008 x0 x3^2 +  0.096 x1^2 x2 + -0.119 x1 x2^2 +  0.042 x2^3 + -0.005 x2^2 x3 | (x2)' = -0.040 x0 +  125.102 x1 + -0.069 x2 + -124.992 x3 +  0.017 x0^2 x3 + -0.065 x0 x1^2 +  0.132 x1^3 + -0.093 x1^2 x2 +  0.023 x2 x3^2 + -0.013 x3^3 | (x3)' =  106.608 x0 + -399.679 x1 +  727.309 x2 + -433.032 x3 + -3.064 x0^2 x3 + -0.291 x0 x1^2 +  6.202 x0 x1 x3 +  3.006 x0 x2 x3 + -3.160 x0 x3^2 +  7.194 x1^3 + -17.139 x1^2 x2 +  6.917 x1 x2^2 +  1.544 x2^3 + -3.243 x2 x3^2 +  1.949 x3^3
12,35.0,-0.0007537510658310451,36.85636440218341,1000.0,3,4,1,4.0,12.0,9,36.0,smoothed_finite_difference_savgol_order_3,success,,48,140,34.285714285714285,1.75608966127038,"[""1"", ""x0"", ""x1"", ""x2"", ""x3"", ""x0^2"", ""x0 x1"", ""x0 x2"", ""x0 x3"", ""x1^2"", ""x1 x2"", ""x1 x3"", ""x2^2"", ""x2 x3"", ""x3^2"", ""x0^3"", ""x0^2 x1"", ""x0^2 x2"", ""x0^2 x3"", ""x0 x1^2"", ""x0 x1 x2"", ""x0 x1 x3"", ""x0 x2^2"", ""x0 x2 x3"", ""x0 x3^2"", ""x1^3"", ""x1^2 x2"", ""x1^2 x3"", ""x1 x2^2"", ""x1 x2 x3"", ""x1 x3^2"", ""x2^3"", ""x2^2 x3"", ""x2 x3^2"", ""x3^3""]","[[0.0, 444.9103643654406, -753.7700363849885, 418.3546101080876, -110.37135509717365, 0.0, 0.0, 0.0, 0.0, 0.0, 0.0, 0.0, 0.0, 0.0, 0.0, -1.4038114559007433, 2.3190624778532043, 0.0, 3.833258818513586, 0.0, 0.0, -4.810095246014567, 0.0, -4.8410041665995704, 1.9632907544500817, 1.9593670508691348, -17.644648028411954, 0.0, 31.843552005211894, 0.0, 0.0, -15.64388253314257, 2.4884621249781715, 0.0, 0.0], [0.0, 125.54303590491683, -1.2561257741403768, -123.98228223580932, -0.2911636130352365, 0.0, 0.0, 0.0, 0.0, 0.0, 0.0, 0.0, 0.0, 0.0, 0.0, -0.044691481867593925, 0.041407515786371404, 0.0, 0.0, 0.0, 0.0, 0.0, 0.0, 0.0, 0.001468537792542525, 0.0, 0.0, 0.0, 0.0, 0.0, 0.0, 0.043603597908616405, -0.04380827934981704, 0.0, 0.0], [0.0, 0.6505156618883886, 123.06594135085382, 2.092461928497646, -125.80914520011189, 0.0, 0.0, 0.0, 0.0, 0.0, 0.0, 0.0, 0.0, 0.0, 0.0, 0.0, 0.0, 0.0, 0.03201955767046096, -0.17291485364959586, 0.0, 0.0, 0.0, 0.0, 0.0, 0.1893979106584583, 0.0, 0.0, 0.0, 0.0, 0.0, 0.0, 0.0, -0.15564520842379284, 0.10562371670534833], [0.0, 110.64782199896302, -418.9498993360873, 754.5577957872745, -445.37702053330366, 0.0, 0.0, 0.0, 0.0, 0.0, 0.0, 0.0, 0.0, 0.0, 0.0, 0.0, 0.0, 0.0, -2.6620450895833265, -1.3655787533648969, 0.0, 5.435173806510377, 0.0, 4.180703986353078, -3.3889571606492, 9.72703747161158, -19.44584380103741, 0.0, 7.21295478308319, 0.0, 0.0, 1.5515620751801649, 0.0, -3.165670475826966, 1.8569006040280833]]",(x0)' =  444.910 x0 + -753.770 x1 +  418.355 x2 + -110.371 x3 + -1.404 x0^3 +  2.319 x0^2 x1 +  3.833 x0^2 x3 + -4.810 x0 x1 x3 + -4.841 x0 x2 x3 +  1.963 x0 x3^2 +  1.959 x1^3 + -17.645 x1^2 x2 +  31.844 x1 x2^2 + -15.644 x2^3 +  2.488 x2^2 x3 | (x1)' =  125.543 x0 + -1.256 x1 + -123.982 x2 + -0.291 x3 + -0.045 x0^3 +  0.041 x0^2 x1 +  0.001 x0 x3^2 +  0.044 x2^3 + -0.044 x2^2 x3 | (x2)' =  0.651 x0 +  123.066 x1 +  2.092 x2 + -125.809 x3 +  0.032 x0^2 x3 + -0.173 x0 x1^2 +  0.189 x1^3 + -0.156 x2 x3^2 +  0.106 x3^3 | (x3)' =  110.648 x0 + -418.950 x1 +  754.558 x2 + -445.377 x3 + -2.662 x0^2 x3 + -1.366 x0 x1^2 +  5.435 x0 x1 x3 +  4.181 x0 x2 x3 + -3.389 x0 x3^2 +  9.727 x1^3 + -19.446 x1^2 x2 +  7.213 x1 x2^2 +  1.552 x2^3 + -3.166 x2 x3^2 +  1.857 x3^3
13,35.0,-0.0007537510658310451,36.85636440218341,1000.0,3,4,2,8.0,24.0,0,0.0,finite_difference,success,,42,140,30.0,0.9346653167158365,"[""1"", ""x0"", ""x1"", ""x2"", ""x3"", ""x0^2"", ""x0 x1"", ""x0 x2"", ""x0 x3"", ""x1^2"", ""x1 x2"", ""x1 x3"", ""x2^2"", ""x2 x3"", ""x3^2"", ""x0^3"", ""x0^2 x1"", ""x0^2 x2"", ""x0^2 x3"", ""x0 x1^2"", ""x0 x1 x2"", ""x0 x1 x3"", ""x0 x2^2"", ""x0 x2 x3"", ""x0 x3^2"", ""x1^3"", ""x1^2 x2"", ""x1^2 x3"", ""x1 x2^2"", ""x1 x2 x3"", ""x1 x3^2"", ""x2^3"", ""x2^2 x3"", ""x2 x3^2"", ""x3^3""]","[[0.0, 168.76391067026464, -265.9147544888269, 129.3093315729405, -36.771049056020495, 0.0, 0.0, 0.0, 0.0, 0.15439002742190325, 0.0, -0.2755224605516761, 0.0, 0.0, 0.0, -0.6716398237409618, 0.0, 0.0, 0.0, 1.702579645059003, 0.0, 0.0, -1.4993564258778451, 0.4928417036530389, 1.4836159311776886, -1.3395034922582203, 1.3617911238387375, 0.0, 0.0, 0.0, -1.1832619410093252, 0.0, 0.0, 0.0, 0.0], [0.0, 71.00247361461398, 0.0, -76.63405192077371, 7.032543699761364, 0.0, 0.0, 0.0, 0.0, 0.0, 0.0, 0.0, 0.0, 0.0, 0.0, 0.1670984374554522, 0.0, -0.2637378808177954, 0.0, 0.0, 0.0, 0.0, 0.0, 0.11600230040607996, -0.131753528274597, 0.0, 0.0, 0.0, 0.0, 0.0, 0.0, 0.01716435677182668, 0.0, 0.0, 0.0], [0.0, -7.031743378743739, 76.64550522260177, 0.0, -71.02614387929215, 0.0, 0.0, 0.0, 0.0, 0.0, 0.0, 0.0, 0.0, 0.0, 0.0, 0.0, 0.0, 0.0, 0.03856574691292961, 0.0, 0.0, 0.0, 0.0, 0.0, 0.0, -0.003079143802739816, 0.0, 0.0, 0.0, 0.0, 0.18010875232062226, 0.0, 0.0, 0.0, -0.12728281327009136], [0.0, 36.758965600325105, -128.1206251650247, 264.78045909960764, -168.72213953367543, 0.0, 0.0, 0.0, 0.0, 0.0, 0.0, 0.0, 0.0, 0.0, 0.0, 0.0, 0.0, 0.8645062430126709, -2.4088797133948, 0.0, 0.0, 3.556025234607554, 0.0, -1.6152980141437858, 0.0, 0.0, 0.0, -0.2089079478311708, -1.925254313685253, 0.0, 0.0, 1.735634892087565, -0.7100083379879076, 0.0, 0.37706221952433516]]",(x0)' =  168.764 x0 + -265.915 x1 +  129.309 x2 + -36.771 x3 +  0.154 x1^2 + -0.276 x1 x3 + -0.672 x0^3 +  1.703 x0 x1^2 + -1.499 x0 x2^2 +  0.493 x0 x2 x3 +  1.484 x0 x3^2 + -1.340 x1^3 +  1.362 x1^2 x2 + -1.183 x1 x3^2 | (x1)' =  71.002 x0 + -76.634 x2 +  7.033 x3 +  0.167 x0^3 + -0.264 x0^2 x2 +  0.116 x0 x2 x3 + -0.132 x0 x3^2 +  0.017 x2^3 | (x2)' = -7.032 x0 +  76.646 x1 + -71.026 x3 +  0.039 x0^2 x3 + -0.003 x1^3 +  0.180 x1 x3^2 + -0.127 x3^3 | (x3)' =  36.759 x0 + -128.121 x1 +  264.780 x2 + -168.722 x3 +  0.865 x0^2 x2 + -2.409 x0^2 x3 +  3.556 x0 x1 x3 + -1.615 x0 x2 x3 + -0.209 x1^2 x3 + -1.925 x1 x2^2 +  1.736 x2^3 + -0.710 x2^2 x3 +  0.377 x3^3
14,35.0,-0.0007537510658310451,36.85636440218341,1000.0,3,4,2,8.0,24.0,5,20.0,smoothed_finite_difference_savgol_order_3,success,,42,140,30.0,1.184690896421671,"[""1"", ""x0"", ""x1"", ""x2"", ""x3"", ""x0^2"", ""x0 x1"", ""x0 x2"", ""x0 x3"", ""x1^2"", ""x1 x2"", ""x1 x3"", ""x2^2"", ""x2 x3"", ""x3^2"", ""x0^3"", ""x0^2 x1"", ""x0^2 x2"", ""x0^2 x3"", ""x0 x1^2"", ""x0 x1 x2"", ""x0 x1 x3"", ""x0 x2^2"", ""x0 x2 x3"", ""x0 x3^2"", ""x1^3"", ""x1^2 x2"", ""x1^2 x3"", ""x1 x2^2"", ""x1 x2 x3"", ""x1 x3^2"", ""x2^3"", ""x2^2 x3"", ""x2 x3^2"", ""x3^3""]","[[0.0, 169.88477901035884, -267.91513025756325, 130.56307200254793, -37.02764840481287, 0.0, 0.0, 0.0, 0.0, 0.1478383641434906, 0.0, -0.26915908460341054, 0.0, 0.0, 0.0, -0.658085244614768, 0.0, 0.0, 0.0, 1.71822861252536, 0.0, 0.0, -1.5066523053368965, 0.42705156195438987, 1.5076941943172286, -1.3986556750054184, 1.4245883890530482, 0.0, 0.0, 0.0, -1.1744824791428572, 0.0, 0.0, 0.0, 0.0], [0.0, 70.88012302516708, 0.0, -76.37040718299698, 6.853916263998721, 0.0, 0.0, 0.0, 0.0, 0.0, 0.0, 0.0, 0.0, 0.0, 0.0, 0.16431966887933758, 0.0, -0.2634898024531994, 0.0, 0.0, 0.0, 0.0, 0.0, 0.12880127142280764, -0.13777067292552836, 0.0, 0.0, 0.0, 0.0, 0.0, 0.0, 0.015384407017116524, 0.0, 0.0, 0.0], [0.0, -6.8554905116929525, 76.38769443799534, 0.0, -70.90335520617488, 0.0, 0.0, 0.0, 0.0, 0.0, 0.0, 0.0, 0.0, 0.0, 0.0, 0.0, 0.0, 0.0, 0.03665342731081236, 0.0, 0.0, 0.0, 0.0, 0.0, 0.0, -0.004498900651453114, 0.0, 0.0, 0.0, 0.0, 0.17897867976128162, 0.0, 0.0, 0.0, -0.12544347574502868], [0.0, 37.00888124061485, -129.39074239340502, 266.8074263582772, -169.85118294641305, 0.0, 0.0, 0.0, 0.0, 0.0, 0.0, 0.0, 0.0, 0.0, 0.0, 0.0, 0.0, 0.8488287855020973, -2.410101233834695, 0.0, 0.0, 3.5669248368325857, 0.0, -1.5787726999877356, 0.0, 0.0, 0.0, -0.19242466522760315, -1.97183380273654, 0.0, 0.0, 1.8117269051297518, -0.782874197897225, 0.0, 0.38170067099369737]]",(x0)' =  169.885 x0 + -267.915 x1 +  130.563 x2 + -37.028 x3 +  0.148 x1^2 + -0.269 x1 x3 + -0.658 x0^3 +  1.718 x0 x1^2 + -1.507 x0 x2^2 +  0.427 x0 x2 x3 +  1.508 x0 x3^2 + -1.399 x1^3 +  1.425 x1^2 x2 + -1.174 x1 x3^2 | (x1)' =  70.880 x0 + -76.370 x2 +  6.854 x3 +  0.164 x0^3 + -0.263 x0^2 x2 +  0.129 x0 x2 x3 + -0.138 x0 x3^2 +  0.015 x2^3 | (x2)' = -6.855 x0 +  76.388 x1 + -70.903 x3 +  0.037 x0^2 x3 + -0.004 x1^3 +  0.179 x1 x3^2 + -0.125 x3^3 | (x3)' =  37.009 x0 + -129.391 x1 +  266.807 x2 + -169.851 x3 +  0.849 x0^2 x2 + -2.410 x0^2 x3 +  3.567 x0 x1 x3 + -1.579 x0 x2 x3 + -0.192 x1^2 x3 + -1.972 x1 x2^2 +  1.812 x2^3 + -0.783 x2^2 x3 +  0.382 x3^3
15,35.0,-0.0007537510658310451,36.85636440218341,1000.0,3,4,2,8.0,24.0,9,36.0,smoothed_finite_difference_savgol_order_3,success,,44,140,31.428571428571427,1.4452017806470394,"[""1"", ""x0"", ""x1"", ""x2"", ""x3"", ""x0^2"", ""x0 x1"", ""x0 x2"", ""x0 x3"", ""x1^2"", ""x1 x2"", ""x1 x3"", ""x2^2"", ""x2 x3"", ""x3^2"", ""x0^3"", ""x0^2 x1"", ""x0^2 x2"", ""x0^2 x3"", ""x0 x1^2"", ""x0 x1 x2"", ""x0 x1 x3"", ""x0 x2^2"", ""x0 x2 x3"", ""x0 x3^2"", ""x1^3"", ""x1^2 x2"", ""x1^2 x3"", ""x1 x2^2"", ""x1 x2 x3"", ""x1 x3^2"", ""x2^3"", ""x2^2 x3"", ""x2 x3^2"", ""x3^3""]","[[0.0, 179.39854943965082, -284.85748017332423, 140.81047523851745, -38.82382405493013, 0.0, 0.0, 0.0, 0.0, 0.10168598149081629, 0.0, -0.22632697869458282, 0.0, 0.0, 0.0, -0.46891691617950343, 0.0, 0.0, 0.0, 2.0017092413381183, 0.0, -0.6633402319919321, -1.8720232162375532, 0.5786594245127192, 1.337297547694573, -3.2122941143497217, 5.065618498241897, 0.0, -1.8168581757629358, 0.0, -0.6776472962638929, 0.0, 0.0, 0.0, 0.0], [0.0, 69.8057059569906, 0.0, -74.15944832472286, 5.388880609865814, 0.0, 0.0, 0.0, 0.0, 0.0, 0.0, 0.0, 0.0, 0.0, 0.0, 0.10839362762863826, 0.0, -0.16376839416713396, 0.0, 0.0, 0.0, 0.0, 0.0, 0.0, -0.039857910417901814, 0.0, 0.0, 0.0, 0.0, 0.0, 0.0, 0.02575084370400795, 0.0, 0.0, 0.0], [0.0, -5.416370832588692, 74.2112848013393, 0.0, -69.8242716425932, 0.0, 0.0, 0.0, 0.0, 0.0, 0.0, 0.0, 0.0, 0.0, 0.0, 0.0, 0.0, 0.0, 0.025476882925254414, 0.0, 0.0, 0.0, 0.0, 0.0, 0.0, -0.021332138026795806, 0.0, 0.0, 0.0, 0.0, 0.1675069497513621, 0.0, 0.0, 0.0, -0.10723616133511153], [0.0, 38.6175128598199, -139.34815856845194, 283.4951905236012, -179.2401964290027, 0.0, 0.0, 0.0, 0.0, 0.0, 0.0, 0.0, 0.0, 0.0, 0.0, 0.0, 0.0, 0.8464774726020793, -2.4409441491765462, 0.0, 0.0, 3.840136012465472, 0.0, -1.548378123353819, 0.0, 0.0, -0.6488861253135025, -0.2027544747902584, -1.2526794874949583, 0.0, 0.0, 1.9843287103197802, -1.241817786731098, 0.0, 0.4084361829016456]]",(x0)' =  179.399 x0 + -284.857 x1 +  140.810 x2 + -38.824 x3 +  0.102 x1^2 + -0.226 x1 x3 + -0.469 x0^3 +  2.002 x0 x1^2 + -0.663 x0 x1 x3 + -1.872 x0 x2^2 +  0.579 x0 x2 x3 +  1.337 x0 x3^2 + -3.212 x1^3 +  5.066 x1^2 x2 + -1.817 x1 x2^2 + -0.678 x1 x3^2 | (x1)' =  69.806 x0 + -74.159 x2 +  5.389 x3 +  0.108 x0^3 + -0.164 x0^2 x2 + -0.040 x0 x3^2 +  0.026 x2^3 | (x2)' = -5.416 x0 +  74.211 x1 + -69.824 x3 +  0.025 x0^2 x3 + -0.021 x1^3 +  0.168 x1 x3^2 + -0.107 x3^3 | (x3)' =  38.618 x0 + -139.348 x1 +  283.495 x2 + -179.240 x3 +  0.846 x0^2 x2 + -2.441 x0^2 x3 +  3.840 x0 x1 x3 + -1.548 x0 x2 x3 + -0.649 x1^2 x2 + -0.203 x1^2 x3 + -1.253 x1 x2^2 +  1.984 x2^3 + -1.242 x2^2 x3 +  0.408 x3^3
16,35.0,-0.0007537510658310451,36.85636440218341,1000.0,3,4,5,20.0,60.0,0,0.0,finite_difference,success,,35,140,25.0,1.363668093457818,"[""1"", ""x0"", ""x1"", ""x2"", ""x3"", ""x0^2"", ""x0 x1"", ""x0 x2"", ""x0 x3"", ""x1^2"", ""x1 x2"", ""x1 x3"", ""x2^2"", ""x2 x3"", ""x3^2"", ""x0^3"", ""x0^2 x1"", ""x0^2 x2"", ""x0^2 x3"", ""x0 x1^2"", ""x0 x1 x2"", ""x0 x1 x3"", ""x0 x2^2"", ""x0 x2 x3"", ""x0 x3^2"", ""x1^3"", ""x1^2 x2"", ""x1^2 x3"", ""x1 x2^2"", ""x1 x2 x3"", ""x1 x3^2"", ""x2^3"", ""x2^2 x3"", ""x2 x3^2"", ""x3^3""]","[[0.0, 20.321868258356858, -46.98204811780416, 13.893528559565725, 3.5780974468695432, 0.0, 3.111489436748088, 0.0, 0.0, 0.0, -3.0664787713077657, 0.0, 0.0, 0.0, 0.0, 0.0, 0.0, 0.0, 0.0, 0.0, 0.7553027285564649, 0.0, 0.0, 0.0, 0.0, -0.046123329001141765, 0.0, 0.0, 0.0, 0.0, 0.0, 0.0, 0.0, 0.0, 0.0], [0.0, 35.24352832510172, 0.0, -40.13287175699792, 7.620269991929548, 2.729018868662807, -6.644612917656719, 0.0, 0.0, 0.0, 3.8264595344052625, 0.0, 0.0, 0.0, 0.0, 0.0, 0.0, 0.0, 0.0, 0.35184202621722405, 0.0, 0.0, 0.0, 0.0, 0.0, 0.0, -0.43981423988036294, 0.0, 0.0, 0.0, 0.0, 0.0, 0.0, 0.0, 0.0], [0.0, -8.650799681660743, 41.28921361758255, 0.0, -35.05420495615354, -2.7391497733486543, 3.8536861733403547, 0.0, 0.0, 3.102249854819362, -7.991297598800541, 0.0, 0.0, 4.0443448637247705, 0.0, 0.0, 0.0, 0.0, 0.0, 0.0, 0.0, 0.0, 0.0, 0.0, 0.0, 0.0, 0.0, 0.0, 0.0, 0.0, 0.0, 0.0, 0.0, 0.0, 0.0], [0.0, -3.0664570828113904, -15.113888049990193, 47.850047108582935, -20.807253326075134, 0.0, 0.0, 0.0, 0.0, -3.2751524211125433, 2.5253307904481677, 4.702792398977783, 4.359061211499928, -8.02585952713288, 0.0, 0.0, 0.0, 0.0, 0.0, 0.0, 0.0, 0.0, 0.0, 0.0, 0.0, 0.0, 0.0, 0.0, 0.0, -0.9713816363661515, 0.0, 0.24064640461907957, 0.0, 0.0, 0.0]]",(x0)' =  20.322 x0 + -46.982 x1 +  13.894 x2 +  3.578 x3 +  3.111 x0 x1 + -3.066 x1 x2 +  0.755 x0 x1 x2 + -0.046 x1^3 | (x1)' =  35.244 x0 + -40.133 x2 +  7.620 x3 +  2.729 x0^2 + -6.645 x0 x1 +  3.826 x1 x2 +  0.352 x0 x1^2 + -0.440 x1^2 x2 | (x2)' = -8.651 x0 +  41.289 x1 + -35.054 x3 + -2.739 x0^2 +  3.854 x0 x1 +  3.102 x1^2 + -7.991 x1 x2 +  4.044 x2 x3 | (x3)' = -3.066 x0 + -15.114 x1 +  47.850 x2 + -20.807 x3 + -3.275 x1^2 +  2.525 x1 x2 +  4.703 x1 x3 +  4.359 x2^2 + -8.026 x2 x3 + -0.971 x1 x2 x3 +  0.241 x2^3
17,35.0,-0.0007537510658310451,36.85636440218341,1000.0,3,4,5,20.0,60.0,5,20.0,smoothed_finite_difference_savgol_order_3,success,,35,140,25.0,0.9524825848639011,"[""1"", ""x0"", ""x1"", ""x2"", ""x3"", ""x0^2"", ""x0 x1"", ""x0 x2"", ""x0 x3"", ""x1^2"", ""x1 x2"", ""x1 x3"", ""x2^2"", ""x2 x3"", ""x3^2"", ""x0^3"", ""x0^2 x1"", ""x0^2 x2"", ""x0^2 x3"", ""x0 x1^2"", ""x0 x1 x2"", ""x0 x1 x3"", ""x0 x2^2"", ""x0 x2 x3"", ""x0 x3^2"", ""x1^3"", ""x1^2 x2"", ""x1^2 x3"", ""x1 x2^2"", ""x1 x2 x3"", ""x1 x3^2"", ""x2^3"", ""x2^2 x3"", ""x2 x3^2"", ""x3^3""]","[[0.0, 20.66144676146814, -47.468786984018564, 14.290751195025766, 3.3668310864091704, 0.0, 3.132665580098425, 0.0, 0.0, 0.0, -3.092258855062771, 0.0, 0.0, 0.0, 0.0, 0.0, 0.0, 0.0, 0.0, 0.0, 0.7609732050676457, 0.0, 0.0, 0.0, 0.0, -0.05403213977760246, 0.0, 0.0, 0.0, 0.0, 0.0, 0.0, 0.0, 0.0, 0.0], [0.0, 35.31832996185922, 0.0, -40.35047281791106, 7.788117016187379, 2.6873016314930425, -6.570246064981759, 0.0, 0.0, 0.0, 3.7959329884081856, 0.0, 0.0, 0.0, 0.0, 0.0, 0.0, 0.0, 0.0, 0.34277141698547214, 0.0, 0.0, 0.0, 0.0, 0.0, 0.0, -0.4297117715574258, 0.0, 0.0, 0.0, 0.0, 0.0, 0.0, 0.0, 0.0], [0.0, -8.79481293708167, 41.47674278846545, 0.0, -35.13029450301336, -2.7259966721755955, 3.8536118766179093, 0.0, 0.0, 3.059772065548103, -7.9255106661984955, 0.0, 0.0, 4.013396314071797, 0.0, 0.0, 0.0, 0.0, 0.0, 0.0, 0.0, 0.0, 0.0, 0.0, 0.0, 0.0, 0.0, 0.0, 0.0, 0.0, 0.0, 0.0, 0.0, 0.0, 0.0], [0.0, -2.855913002129585, -15.491177781909743, 48.31445197546145, -21.137845613584815, 0.0, 0.0, 0.0, 0.0, -3.2798952513735355, 2.549867623436564, 4.671719157193857, 4.331438417309903, -7.983987773346897, 0.0, 0.0, 0.0, 0.0, 0.0, 0.0, 0.0, 0.0, 0.0, 0.0, 0.0, 0.0, 0.0, 0.0, 0.0, -0.9730386038966898, 0.0, 0.24496621915361616, 0.0, 0.0, 0.0]]",(x0)' =  20.661 x0 + -47.469 x1 +  14.291 x2 +  3.367 x3 +  3.133 x0 x1 + -3.092 x1 x2 +  0.761 x0 x1 x2 + -0.054 x1^3 | (x1)' =  35.318 x0 + -40.350 x2 +  7.788 x3 +  2.687 x0^2 + -6.570 x0 x1 +  3.796 x1 x2 +  0.343 x0 x1^2 + -0.430 x1^2 x2 | (x2)' = -8.795 x0 +  41.477 x1 + -35.130 x3 + -2.726 x0^2 +  3.854 x0 x1 +  3.060 x1^2 + -7.926 x1 x2 +  4.013 x2 x3 | (x3)' = -2.856 x0 + -15.491 x1 +  48.314 x2 + -21.138 x3 + -3.280 x1^2 +  2.550 x1 x2 +  4.672 x1 x3 +  4.331 x2^2 + -7.984 x2 x3 + -0.973 x1 x2 x3 +  0.245 x2^3
18,35.0,-0.0007537510658310451,36.85636440218341,1000.0,3,4,5,20.0,60.0,9,36.0,smoothed_finite_difference_savgol_order_3,success,,28,140,20.0,1.069997925311327,"[""1"", ""x0"", ""x1"", ""x2"", ""x3"", ""x0^2"", ""x0 x1"", ""x0 x2"", ""x0 x3"", ""x1^2"", ""x1 x2"", ""x1 x3"", ""x2^2"", ""x2 x3"", ""x3^2"", ""x0^3"", ""x0^2 x1"", ""x0^2 x2"", ""x0^2 x3"", ""x0 x1^2"", ""x0 x1 x2"", ""x0 x1 x3"", ""x0 x2^2"", ""x0 x2 x3"", ""x0 x3^2"", ""x1^3"", ""x1^2 x2"", ""x1^2 x3"", ""x1 x2^2"", ""x1 x2 x3"", ""x1 x3^2"", ""x2^3"", ""x2^2 x3"", ""x2 x3^2"", ""x3^3""]","[[0.0, 24.08233916533701, -52.534624224775335, 19.09425667488559, 0.0, 0.0, 3.112048060983494, 0.0, 0.0, 0.0, -3.154889385401283, 0.0, 0.0, 0.0, 0.0, 0.0, 0.0, 0.0, 0.0, 0.0, 0.5274549584073082, 0.0, 0.0, 0.0, 0.6961550327247821, -0.03684394765564083, 0.0, 0.0, 0.0, 0.0, -0.3880144530175018, 0.0, 0.0, 0.0, 0.0], [0.0, 35.640189609573646, 0.0, -42.40888923186548, 9.303443758097458, 0.0, -3.2761867705826715, 0.0, 0.0, 0.0, 3.1440739822697044, 0.0, 0.0, 0.0, 0.0, 0.0, 0.0, 0.0, 0.0, 0.0, 0.0, 0.0, 0.0, 0.0, 0.0, 0.0, 0.0, 0.0, 0.0, 0.0, 0.0, 0.0, 0.0, 0.0, 0.0], [0.0, -9.28295579363838, 42.384402300133175, 0.0, -35.68699841394183, 0.0, 0.0, 0.0, 0.0, 0.0, -3.216100563985628, 0.0, 0.0, 3.207982328399813, 0.0, 0.0, 0.0, 0.0, 0.0, 0.0, 0.0, 0.0, 0.0, 0.0, 0.0, 0.0, 0.0, 0.0, 0.0, 0.0, 0.0, 0.0, 0.0, 0.0, 0.0], [0.0, 0.0, -19.61852780887785, 52.81408914324766, -24.57713991622582, 0.0, 0.0, 0.0, 0.0, -3.6627441434052956, 5.681804200166808, 0.0, 2.5345701279697312, -4.7915321960156865, 0.0, 0.0, 0.0, 0.0, 0.0, 0.0, 0.0, 0.0, 0.0, 0.0, 0.0, 0.0, 0.0, 0.0, 0.0, -0.8565953047597922, 0.0, 0.22085326035665653, 0.0, 0.0, 0.0]]",(x0)' =  24.082 x0 + -52.535 x1 +  19.094 x2 +  3.112 x0 x1 + -3.155 x1 x2 +  0.527 x0 x1 x2 +  0.696 x0 x3^2 + -0.037 x1^3 + -0.388 x1 x3^2 | (x1)' =  35.640 x0 + -42.409 x2 +  9.303 x3 + -3.276 x0 x1 +  3.144 x1 x2 | (x2)' = -9.283 x0 +  42.384 x1 + -35.687 x3 + -3.216 x1 x2 +  3.208 x2 x3 | (x3)' = -19.619 x1 +  52.814 x2 + -24.577 x3 + -3.663 x1^2 +  5.682 x1 x2 +  2.535 x2^2 + -4.792 x2 x3 + -0.857 x1 x2 x3 +  0.221 x2^3
19,35.0,-0.0007537510658310451,36.85636440218341,1000.0,3,6,1,4.0,20.0,0,0.0,finite_difference,success,,72,504,14.285714285714286,10.671852443367243,"[""1"", ""x0"", ""x1"", ""x2"", ""x3"", ""x4"", ""x5"", ""x0^2"", ""x0 x1"", ""x0 x2"", ""x0 x3"", ""x0 x4"", ""x0 x5"", ""x1^2"", ""x1 x2"", ""x1 x3"", ""x1 x4"", ""x1 x5"", ""x2^2"", ""x2 x3"", ""x2 x4"", ""x2 x5"", ""x3^2"", ""x3 x4"", ""x3 x5"", ""x4^2"", ""x4 x5"", ""x5^2"", ""x0^3"", ""x0^2 x1"", ""x0^2 x2"", ""x0^2 x3"", ""x0^2 x4"", ""x0^2 x5"", ""x0 x1^2"", ""x0 x1 x2"", ""x0 x1 x3"", ""x0 x1 x4"", ""x0 x1 x5"", ""x0 x2^2"", ""x0 x2 x3"", ""x0 x2 x4"", ""x0 x2 x5"", ""x0 x3^2"", ""x0 x3 x4"", ""x0 x3 x5"", ""x0 x4^2"", ""x0 x4 x5"", ""x0 x5^2"", ""x1^3"", ""x1^2 x2"", ""x1^2 x3"", ""x1^2 x4"", ""x1^2 x5"", ""x1 x2^2"", ""x1 x2 x3"", ""x1 x2 x4"", ""x1 x2 x5"", ""x1 x3^2"", ""x1 x3 x4"", ""x1 x3 x5"", ""x1 x4^2"", ""x1 x4 x5"", ""x1 x5^2"", ""x2^3"", ""x2^2 x3"", ""x2^2 x4"", ""x2^2 x5"", ""x2 x3^2"", ""x2 x3 x4"", ""x2 x3 x5"", ""x2 x4^2"", ""x2 x4 x5"", ""x2 x5^2"", ""x3^3"", ""x3^2 x4"", ""x3^2 x5"", ""x3 x4^2"", ""x3 x4 x5"", ""x3 x5^2"", ""x4^3"", ""x4^2 x5"", ""x4 x5^2"", ""x5^3""]","[[0.0, 600.9695781468812, -1416.3348632011136, 1587.4697312691108, -1176.7413569732537, 498.28600805825266, -93.99421322472018, 0.0, 0.0, 0.0, 0.0, 0.0, 0.0, 0.0, 0.0, 0.0, 0.0, 0.0, 0.0, 0.0, 0.0, 0.0, 0.0, 0.0, 0.0, 0.0, 0.0, 0.0, -1.6149102949557768, 3.0257240850919, 0.0, 0.0, 0.0, 0.0, 0.0, 0.0, 0.0, 0.0, 0.0, 0.0, 0.0, -1.9699451708001932, 0.0, -4.310214302919546, 10.238085061963824, -1.7128697844836986, -5.427790223559208, 1.9795157851770648, 0.21596146945882735, 5.710184641127322, -32.02555277660773, 9.027819448195425, 0.0, 0.0, 43.98433288324455, -18.5178382083395, 0.0, 0.0, 0.0, 0.0, 0.0, 0.0, 0.0, 0.0, -18.354931865692635, 9.973271767689111, 0.0, 0.0, 0.0, 0.0, 0.0, 0.0, 0.0, -0.19514873814701708, 0.0, 0.0, 0.0, 0.0, 0.0, 0.0, 0.0, 0.0, 0.0, 0.0], [0.0, 124.96754974649025, 0.13269183190087663, -125.13513363110698, 0.003795921814001349, 0.03256213092800809, 0.0, 0.0, 0.0, 0.0, 0.0, 0.0, 0.0, 0.0, 0.0, 0.0, 0.0, 0.0, 0.0, 0.0, 0.0, 0.0, 0.0, 0.0, 0.0, 0.0, 0.0, 0.0, 0.00011079517194392992, 0.0, 0.0, 0.0, 0.0, 0.0, 0.0, 0.0, 0.0, 0.0, 0.0, 0.0, 0.0, 0.0, 0.0, 0.0, 0.0, 0.0, 0.0, 0.0, -0.0003884080959625662, 0.0, 0.0, 0.0, 0.0, 0.0, 0.0, 0.0, 0.0, 0.0, 0.0, 0.0, 0.0, 0.0, 0.0, 0.0, 0.00014106998051714205, 0.0, 0.0, 0.0, 0.0, 0.0, 0.0, 0.0, 0.0, 0.0, 0.0, 0.0, 0.0, 0.0, 0.0, 0.0, 0.0, 0.0, 0.0, 0.0], [0.0, -0.055641058117218166, 125.11741336123892, 0.0, -125.15986323820016, 0.12677442362539218, -0.028478843519761515, 0.0, 0.0, 0.0, 0.0, 0.0, 0.0, 0.0, 0.0, 0.0, 0.0, 0.0, 0.0, 0.0, 0.0, 0.0, 0.0, 0.0, 0.0, 0.0, 0.0, 0.0, 0.0, 0.0, 0.0, 0.0, 0.0, 0.0, 0.0, 0.0, 0.0, 0.0, 0.0, 0.0, 0.0, 0.0, 0.0, 0.0, 0.0, 0.0, 0.0, 0.0, 0.0, 0.0, 0.0, 0.0, 0.0, 0.0, 0.0, 0.0, 0.0, 0.0, 0.0, 0.0, 0.0, 0.0, 0.0, 0.0, 0.0, 0.0, 0.0, 0.0, 0.0, 0.0, 0.0, 0.0, 0.0, 0.0, 0.0, 0.0, 0.0, 0.0, 0.0, 0.0, 0.0, 0.0, 0.0, 0.0], [0.0, -0.008992510773043213, -0.02693394810881247, 125.07086238792532, 0.0, -125.06256498203052, 0.02760308560072109, 0.0, 0.0, 0.0, 0.0, 0.0, 0.0, 0.0, 0.0, 0.0, 0.0, 0.0, 0.0, 0.0, 0.0, 0.0, 0.0, 0.0, 0.0, 0.0, 0.0, 0.0, 0.0, 0.0, 0.0, 0.0, 0.0, 0.0, 0.0, 0.0, 0.0, 0.0, 0.0, 0.0, 0.0, 0.0, 0.0, 0.0, 0.0, 0.0, 0.0, 0.0, 0.0, 0.0, 0.0, 0.0, 0.0, 0.0, 0.0, 0.0, 0.0, 0.0, 0.0, 0.0, 0.0, 0.0, 0.0, 0.0, 0.0, 0.0, 0.0, 0.0, 0.0, 0.0, 0.0, 0.0, 0.0, 0.0, 0.0, 0.0, 0.0, 0.0, 0.0, 0.0, 0.0, 0.0, 0.0, 0.0], [0.0, 0.0, 0.024275938137814666, -0.2207197622016182, 125.46206162818662, -0.3570785750101648, -124.90940575550756, 0.0, 0.0, 0.0, 0.0, 0.0, 0.0, 0.0, 0.0, 0.0, 0.0, 0.0, 0.0, 0.0, 0.0, 0.0, 0.0, 0.0, 0.0, 0.0, 0.0, 0.0, 0.0, 0.0, 0.0, 0.0, 0.0, -0.0002692740889761617, 0.0, 0.0, 0.0, 0.0, 0.0, 0.0, 0.0, 0.0, 0.0, 0.0, 0.0, 0.0, 0.0, 0.0, 0.0, 0.0, 0.0, 0.0, 0.0, 0.0, 0.0, 0.0, 0.0, 0.0, 0.0, 0.0, 0.0, 0.0, 0.0, 0.0, 0.0, 0.0, 0.0, 0.0, 0.0, 0.0, 0.0, 0.0, 0.0, 0.0, -0.0004511799157451352, 0.0, 0.0, 0.0, 0.0, 0.0, 0.0, 0.0, 0.0, 0.0007781811679379428], [0.0, 93.01418522726178, -492.84486542180247, 1165.2673138063649, -1575.3893116612162, 1410.007714889544, -599.7024143030471, 0.0, 0.0, 0.0, 0.0, 0.0, 0.0, 0.0, 0.0, 0.0, 0.0, 0.0, 0.0, 0.0, 0.0, 0.0, 0.0, 0.0, 0.0, 0.0, 0.0, 0.0, 0.0, 0.0, 0.0, 0.0, -0.08392280570109238, 0.0, 0.0, 0.0, 0.0, 0.0, -4.803394373807421, 0.0, 0.0, 0.0, 8.169668201363903, 0.0, 0.0, -3.0941007874571036, 0.0, 0.0, 0.0, 0.0, 0.0, 0.0, 0.0, 12.134304859936028, 0.0, 0.0, 0.0, -27.18382996092483, 0.0, 0.0, 6.2784235564291695, 0.0, 0.0, 0.0, 0.0, 0.0, 0.0, 9.90621319636895, -1.97720501011251, 1.5548050791797339, 0.0, 3.4542653349363066, 0.0, 0.0, 3.5034813141270713, -1.42453758120446, 0.0, -13.145294284480471, 0.0, 0.0, 8.364723094189134, 0.0, -2.8216256411844434, 1.1424669840243116]]",(x0)' =  600.970 x0 + -1416.335 x1 +  1587.470 x2 + -1176.741 x3 +  498.286 x4 + -93.994 x5 + -1.615 x0^3 +  3.026 x0^2 x1 + -1.970 x0 x2 x4 + -4.310 x0 x3^2 +  10.238 x0 x3 x4 + -1.713 x0 x3 x5 + -5.428 x0 x4^2 +  1.980 x0 x4 x5 +  0.216 x0 x5^2 +  5.710 x1^3 + -32.026 x1^2 x2 +  9.028 x1^2 x3 +  43.984 x1 x2^2 + -18.518 x1 x2 x3 + -18.355 x2^3 +  9.973 x2^2 x3 + -0.195 x2 x5^2 | (x1)' =  124.968 x0 +  0.133 x1 + -125.135 x2 +  0.004 x3 +  0.033 x4 | (x2)' = -0.056 x0 +  125.117 x1 + -125.160 x3 +  0.127 x4 + -0.028 x5 | (x3)' = -0.009 x0 + -0.027 x1 +  125.071 x2 + -125.063 x4 +  0.028 x5 | (x4)' =  0.024 x1 + -0.221 x2 +  125.462 x3 + -0.357 x4 + -124.909 x5 +  0.001 x5^3 | (x5)' =  93.014 x0 + -492.845 x1 +  1165.267 x2 + -1575.389 x3 +  1410.008 x4 + -599.702 x5 + -0.084 x0^2 x4 + -4.803 x0 x1 x5 +  8.170 x0 x2 x5 + -3.094 x0 x3 x5 +  12.134 x1^2 x5 + -27.184 x1 x2 x5 +  6.278 x1 x3 x5 +  9.906 x2^2 x5 + -1.977 x2 x3^2 +  1.555 x2 x3 x4 +  3.454 x2 x4^2 +  3.503 x3^3 + -1.425 x3^2 x4 + -13.145 x3 x4^2 +  8.365 x4^3 + -2.822 x4 x5^2 +  1.142 x5^3
20,35.0,-0.0007537510658310451,36.85636440218341,1000.0,3,6,1,4.0,20.0,5,20.0,smoothed_finite_difference_savgol_order_3,success,,71,504,14.087301587301587,13.039852170273662,"[""1"", ""x0"", ""x1"", ""x2"", ""x3"", ""x4"", ""x5"", ""x0^2"", ""x0 x1"", ""x0 x2"", ""x0 x3"", ""x0 x4"", ""x0 x5"", ""x1^2"", ""x1 x2"", ""x1 x3"", ""x1 x4"", ""x1 x5"", ""x2^2"", ""x2 x3"", ""x2 x4"", ""x2 x5"", ""x3^2"", ""x3 x4"", ""x3 x5"", ""x4^2"", ""x4 x5"", ""x5^2"", ""x0^3"", ""x0^2 x1"", ""x0^2 x2"", ""x0^2 x3"", ""x0^2 x4"", ""x0^2 x5"", ""x0 x1^2"", ""x0 x1 x2"", ""x0 x1 x3"", ""x0 x1 x4"", ""x0 x1 x5"", ""x0 x2^2"", ""x0 x2 x3"", ""x0 x2 x4"", ""x0 x2 x5"", ""x0 x3^2"", ""x0 x3 x4"", ""x0 x3 x5"", ""x0 x4^2"", ""x0 x4 x5"", ""x0 x5^2"", ""x1^3"", ""x1^2 x2"", ""x1^2 x3"", ""x1^2 x4"", ""x1^2 x5"", ""x1 x2^2"", ""x1 x2 x3"", ""x1 x2 x4"", ""x1 x2 x5"", ""x1 x3^2"", ""x1 x3 x4"", ""x1 x3 x5"", ""x1 x4^2"", ""x1 x4 x5"", ""x1 x5^2"", ""x2^3"", ""x2^2 x3"", ""x2^2 x4"", ""x2^2 x5"", ""x2 x3^2"", ""x2 x3 x4"", ""x2 x3 x5"", ""x2 x4^2"", ""x2 x4 x5"", ""x2 x5^2"", ""x3^3"", ""x3^2 x4"", ""x3^2 x5"", ""x3 x4^2"", ""x3 x4 x5"", ""x3 x5^2"", ""x4^3"", ""x4^2 x5"", ""x4 x5^2"", ""x5^3""]","[[0.0, 606.7275760418287, -1438.6512199363897, 1623.8070382016406, -1207.7196233828938, 512.0154187574101, -96.49988160581597, 0.0, 0.0, 0.0, 0.0, 0.0, 0.0, 0.0, 0.0, 0.0, 0.0, 0.0, 0.0, 0.0, 0.0, 0.0, 0.0, 0.0, 0.0, 0.0, 0.0, 0.0, -1.281141565528172, 2.421784803859597, 0.0, 0.0, 0.0, 0.0, 0.0, 0.0, 0.0, 0.0, 0.0, 0.0, 0.0, -1.7254001380499966, 0.0, -3.803212090081912, 9.482134252724299, -1.6651371763386322, -5.275220694878131, 1.9841019977125551, 0.20076308694557607, 4.670140294143509, -26.562627330914545, 7.469895737557734, 0.0, 0.0, 37.32180809601792, -15.812387306618819, 0.0, 0.0, 0.0, 0.0, 0.0, 0.0, 0.0, 0.0, -16.092007873019504, 8.875170453844703, 0.0, 0.0, 0.0, 0.0, 0.0, 0.0, 0.0, -0.18473059032034875, 0.0, 0.0, 0.0, 0.0, 0.0, 0.0, 0.0, 0.0, 0.0, 0.0], [0.0, 124.89838995284907, 0.3771985178008657, -125.46022928951835, 0.19532684056866145, -0.00926481344846002, 0.0, 0.0, 0.0, 0.0, 0.0, 0.0, 0.0, 0.0, 0.0, 0.0, 0.0, 0.0, 0.0, 0.0, 0.0, 0.0, 0.0, 0.0, 0.0, 0.0, 0.0, 0.0, 8.859973719194017e-05, 0.0, 0.0, 0.0, 0.0, 0.0, 0.0, 0.0, 0.0, 0.0, 0.0, 0.0, 0.0, 0.0, 0.0, 0.0, 0.0, 0.0, 0.0, 0.0, -0.00042247835764567816, 0.0, 0.0, 0.0, 0.0, 0.0, 0.0, 0.0, 0.0, 0.0, 0.0, 0.0, 0.0, 0.0, 0.0, 0.0, 0.00019786762039287318, 0.0, 0.0, 0.0, 0.0, 0.0, 0.0, 0.0, 0.0, 0.0, 0.0, 0.0, 0.0, 0.0, 0.0, 0.0, 0.0, 0.0, 0.0, 0.0], [0.0, -0.07500154866566981, 125.15938088224937, 0.0, -125.22450504008586, 0.18405839116857908, -0.04372846548866565, 0.0, 0.0, 0.0, 0.0, 0.0, 0.0, 0.0, 0.0, 0.0, 0.0, 0.0, 0.0, 0.0, 0.0, 0.0, 0.0, 0.0, 0.0, 0.0, 0.0, 0.0, 0.0, 0.0, 0.0, 0.0, 0.0, 0.0, 0.0, 0.0, 0.0, 0.0, 0.0, 0.0, 0.0, 0.0, 0.0, 0.0, 0.0, 0.0, 0.0, 0.0, 0.0, 0.0, 0.0, 0.0, 0.0, 0.0, 0.0, 0.0, 0.0, 0.0, 0.0, 0.0, 0.0, 0.0, 0.0, 0.0, 0.0, 0.0, 0.0, 0.0, 0.0, 0.0, 0.0, 0.0, 0.0, 0.0, 0.0, 0.0, 0.0, 0.0, 0.0, 0.0, 0.0, 0.0, 0.0, 0.0], [0.0, 0.010945583150693577, -0.0966473067826778, 125.14558513567283, 0.0, -125.10788154816525, 0.04815254314230289, 0.0, 0.0, 0.0, 0.0, 0.0, 0.0, 0.0, 0.0, 0.0, 0.0, 0.0, 0.0, 0.0, 0.0, 0.0, 0.0, 0.0, 0.0, 0.0, 0.0, 0.0, 0.0, 0.0, 0.0, 0.0, 0.0, 0.0, 0.0, 0.0, 0.0, 0.0, 0.0, 0.0, 0.0, 0.0, 0.0, 0.0, 0.0, 0.0, 0.0, 0.0, 0.0, 0.0, 0.0, 0.0, 0.0, 0.0, 0.0, 0.0, 0.0, 0.0, 0.0, 0.0, 0.0, 0.0, 0.0, 0.0, 0.0, 0.0, 0.0, 0.0, 0.0, 0.0, 0.0, 0.0, 0.0, 0.0, 0.0, 0.0, 0.0, 0.0, 0.0, 0.0, 0.0, 0.0, 0.0, 0.0], [0.0, 0.0, 0.09134498584333121, -0.5005617393066286, 125.90836088446281, -0.6792425006792625, -124.82053661619493, 0.0, 0.0, 0.0, 0.0, 0.0, 0.0, 0.0, 0.0, 0.0, 0.0, 0.0, 0.0, 0.0, 0.0, 0.0, 0.0, 0.0, 0.0, 0.0, 0.0, 0.0, 0.0, 0.0, 0.0, 0.0, 0.0, -0.00038029994913061407, 0.0, 0.0, 0.0, 0.0, 0.0, 0.0, 0.0, 0.0, 0.0, 0.0, 0.0, 0.0, 0.0, 0.0, 0.0, 0.0, 0.0, 0.0, 0.0, 0.0, 0.0, 0.0, 0.0, 0.0, 0.0, 0.0, 0.0, 0.0, 0.0, 0.0, 0.0, 0.0, 0.0, 0.0, 0.0, 0.0, 0.0, 0.0, 0.0, 0.0, -0.00045139442043776423, 0.0, 0.0, 0.0, 0.0, 0.0, 0.0, 0.0, 0.0, 0.000869398424780943], [0.0, 96.12895255795904, -508.98529890246544, 1200.331373910193, -1615.4300932690262, 1434.0728600710258, -605.7898521166145, 0.0, 0.0, 0.0, 0.0, 0.0, 0.0, 0.0, 0.0, 0.0, 0.0, 0.0, 0.0, 0.0, 0.0, 0.0, 0.0, 0.0, 0.0, 0.0, 0.0, 0.0, 0.0, 0.0, 0.0, -0.06468981366514508, 0.0, 0.0, 0.0, 0.0, 0.0, 0.0, -0.5171564860365401, 0.0, 0.0, 0.0, 2.1347976981981938, 0.0, 0.0, -1.808360329243387, 0.0, 0.0, 0.0, 0.0, 0.0, 0.0, 0.0, 0.7148186207924172, 0.0, 0.0, 0.0, -2.944827196630864, 0.0, 0.0, 2.624274864765627, 0.0, 0.0, 0.0, 0.0, 0.0, 0.0, 0.0, 1.0809890838743526, -1.820120712401459, 0.0, 1.3351023285498496, 0.0, 0.0, -1.9317779281416956, 5.093433229060518, 0.0, -5.910856576101389, 0.0, 0.0, 2.473009286862389, 0.0, -1.026634616029872, 0.5449575064811404]]",(x0)' =  606.728 x0 + -1438.651 x1 +  1623.807 x2 + -1207.720 x3 +  512.015 x4 + -96.500 x5 + -1.281 x0^3 +  2.422 x0^2 x1 + -1.725 x0 x2 x4 + -3.803 x0 x3^2 +  9.482 x0 x3 x4 + -1.665 x0 x3 x5 + -5.275 x0 x4^2 +  1.984 x0 x4 x5 +  0.201 x0 x5^2 +  4.670 x1^3 + -26.563 x1^2 x2 +  7.470 x1^2 x3 +  37.322 x1 x2^2 + -15.812 x1 x2 x3 + -16.092 x2^3 +  8.875 x2^2 x3 + -0.185 x2 x5^2 | (x1)' =  124.898 x0 +  0.377 x1 + -125.460 x2 +  0.195 x3 + -0.009 x4 | (x2)' = -0.075 x0 +  125.159 x1 + -125.225 x3 +  0.184 x4 + -0.044 x5 | (x3)' =  0.011 x0 + -0.097 x1 +  125.146 x2 + -125.108 x4 +  0.048 x5 | (x4)' =  0.091 x1 + -0.501 x2 +  125.908 x3 + -0.679 x4 + -124.821 x5 +  0.001 x5^3 | (x5)' =  96.129 x0 + -508.985 x1 +  1200.331 x2 + -1615.430 x3 +  1434.073 x4 + -605.790 x5 + -0.065 x0^2 x3 + -0.517 x0 x1 x5 +  2.135 x0 x2 x5 + -1.808 x0 x3 x5 +  0.715 x1^2 x5 + -2.945 x1 x2 x5 +  2.624 x1 x3 x5 +  1.081 x2 x3^2 + -1.820 x2 x3 x4 +  1.335 x2 x4^2 + -1.932 x3^3 +  5.093 x3^2 x4 + -5.911 x3 x4^2 +  2.473 x4^3 + -1.027 x4 x5^2 +  0.545 x5^3
21,35.0,-0.0007537510658310451,36.85636440218341,1000.0,3,6,1,4.0,20.0,9,36.0,smoothed_finite_difference_savgol_order_3,success,,67,504,13.293650793650794,12.843083404004574,"[""1"", ""x0"", ""x1"", ""x2"", ""x3"", ""x4"", ""x5"", ""x0^2"", ""x0 x1"", ""x0 x2"", ""x0 x3"", ""x0 x4"", ""x0 x5"", ""x1^2"", ""x1 x2"", ""x1 x3"", ""x1 x4"", ""x1 x5"", ""x2^2"", ""x2 x3"", ""x2 x4"", ""x2 x5"", ""x3^2"", ""x3 x4"", ""x3 x5"", ""x4^2"", ""x4 x5"", ""x5^2"", ""x0^3"", ""x0^2 x1"", ""x0^2 x2"", ""x0^2 x3"", ""x0^2 x4"", ""x0^2 x5"", ""x0 x1^2"", ""x0 x1 x2"", ""x0 x1 x3"", ""x0 x1 x4"", ""x0 x1 x5"", ""x0 x2^2"", ""x0 x2 x3"", ""x0 x2 x4"", ""x0 x2 x5"", ""x0 x3^2"", ""x0 x3 x4"", ""x0 x3 x5"", ""x0 x4^2"", ""x0 x4 x5"", ""x0 x5^2"", ""x1^3"", ""x1^2 x2"", ""x1^2 x3"", ""x1^2 x4"", ""x1^2 x5"", ""x1 x2^2"", ""x1 x2 x3"", ""x1 x2 x4"", ""x1 x2 x5"", ""x1 x3^2"", ""x1 x3 x4"", ""x1 x3 x5"", ""x1 x4^2"", ""x1 x4 x5"", ""x1 x5^2"", ""x2^3"", ""x2^2 x3"", ""x2^2 x4"", ""x2^2 x5"", ""x2 x3^2"", ""x2 x3 x4"", ""x2 x3 x5"", ""x2 x4^2"", ""x2 x4 x5"", ""x2 x5^2"", ""x3^3"", ""x3^2 x4"", ""x3^2 x5"", ""x3 x4^2"", ""x3 x4 x5"", ""x3 x5^2"", ""x4^3"", ""x4^2 x5"", ""x4 x5^2"", ""x5^3""]","[[0.0, 280.1104032994204, 0.0, -1063.2942107195227, 1452.4488471553066, -883.9621354548375, 214.34048793341782, 0.0, 0.0, 0.0, 0.0, 0.0, 0.0, 0.0, 0.0, 0.0, 0.0, 0.0, 0.0, 0.0, 0.0, 0.0, 0.0, 0.0, 0.0, 0.0, 0.0, 0.0, -2.8003586185981524, 17.604136525266544, 0.0, 0.0, 0.0, 0.0, 0.0, 0.0, 0.0, 0.0, 0.0, 0.0, 0.0, 0.0, 8.986504406686432, 0.0, -115.75159146610218, 55.07677057302571, 153.21372007490595, -137.67281493501474, 31.968352622206993, -68.01844089481796, -39.00244073174978, 0.0, 0.0, 0.0, 402.0192076802403, -224.75644210830117, 0.0, 0.0, 0.0, 0.0, 0.0, 0.0, 0.0, 0.0, -312.8793718379225, 299.3590332809087, 0.0, 0.0, -67.3005010508839, 0.0, 0.0, 0.0, 0.0, 0.0, 0.0, 0.0, 0.0, 0.0, 0.0, 0.0, 0.0, 0.0, 0.0, 0.0], [0.0, 126.27958692967138, -4.9086879212071075, -117.2814428793635, -5.84933170944272, 1.775601982891617, 0.0, 0.0, 0.0, 0.0, 0.0, 0.0, 0.0, 0.0, 0.0, 0.0, 0.0, 0.0, 0.0, 0.0, 0.0, 0.0, 0.0, 0.0, 0.0, 0.0, 0.0, 0.0, -0.0018671011024261775, 0.0, 0.0, 0.0, 0.0, 0.0, 0.0, 0.0, 0.0, 0.0, 0.0, 0.0, 0.0, 0.0, 0.0, 0.0, 0.0, 0.0, 0.0, 0.0, -0.005817361002639111, 0.0, 0.0, 0.0, 0.0, 0.0, 0.0, 0.0, 0.0, 0.0, 0.0, 0.0, 0.0, 0.0, 0.0, 0.0, 0.006076829410296954, 0.0, 0.0, 0.0, 0.0, 0.0, 0.0, 0.0, 0.0, 0.0, 0.0, 0.0, 0.0, 0.0, 0.0, 0.0, 0.0, 0.0, 0.0, 0.0], [0.0, -0.1675931563341766, 125.24365894823111, 0.0, -124.93421586751099, -0.32538219440764576, 0.18471242854176223, 0.0, 0.0, 0.0, 0.0, 0.0, 0.0, 0.0, 0.0, 0.0, 0.0, 0.0, 0.0, 0.0, 0.0, 0.0, 0.0, 0.0, 0.0, 0.0, 0.0, 0.0, 0.0, 0.0, 0.0, 0.0, 0.0, 0.0, 0.0, 0.0, 0.0, 0.0, 0.0, 0.0, 0.0, 0.0, 0.0, 0.0, 0.0, 0.0, 0.0, 0.0, 0.0, 0.0, 0.0, 0.0, 0.0, 0.0, 0.0, 0.0, 0.0, 0.0, 0.0, 0.0, 0.0, 0.0, 0.0, 0.0, 0.0, 0.0, 0.0, 0.0, 0.0, 0.0, 0.0, 0.0, 0.0, 0.0, 0.0, 0.0, 0.0, 0.0, 0.0, 0.0, 0.0, 0.0, 0.0, 0.0], [0.0, -0.11022995742385898, 0.07725694933501176, 125.11945860397906, 0.0, -125.12895340964587, 0.038231770770038725, 0.0, 0.0, 0.0, 0.0, 0.0, 0.0, 0.0, 0.0, 0.0, 0.0, 0.0, 0.0, 0.0, 0.0, 0.0, 0.0, 0.0, 0.0, 0.0, 0.0, 0.0, 0.0, 0.0, 0.0, 0.0, 0.0, 0.0, 0.0, 0.0, 0.0, 0.0, 0.0, 0.0, 0.0, 0.0, 0.0, 0.0, 0.0, 0.0, 0.0, 0.0, 0.0, 0.0, 0.0, 0.0, 0.0, 0.0, 0.0, 0.0, 0.0, 0.0, 0.0, 0.0, 0.0, 0.0, 0.0, 0.0, 0.0, 0.0, 0.0, 0.0, 0.0, 0.0, 0.0, 0.0, 0.0, 0.0, 0.0, 0.0, 0.0, 0.0, 0.0, 0.0, 0.0, 0.0, 0.0, 0.0], [0.0, 0.0, -0.08225096184889583, -0.004926429464432301, 125.21691553738283, -0.023355807994528584, -125.11577325699213, 0.0, 0.0, 0.0, 0.0, 0.0, 0.0, 0.0, 0.0, 0.0, 0.0, 0.0, 0.0, 0.0, 0.0, 0.0, 0.0, 0.0, 0.0, 0.0, 0.0, 0.0, 0.0, 0.0, 0.0, 0.0, 0.0, 1.8684192505588347e-05, 0.0, 0.0, 0.0, 0.0, 0.0, 0.0, 0.0, 0.0, 0.0, 0.0, 0.0, 0.0, 0.0, 0.0, 0.0, 0.0, 0.0, 0.0, 0.0, 0.0, 0.0, 0.0, 0.0, 0.0, 0.0, 0.0, 0.0, 0.0, 0.0, 0.0, 0.0, 0.0, 0.0, 0.0, 0.0, 0.0, 0.0, 0.0, 0.0, 0.0, -0.004436074263164951, 0.0, 0.0, 0.0, 0.0, 0.0, 0.0, 0.0, 0.0, 0.0048447454003445484], [0.0, -214.74881794784372, 885.0488873235386, -1453.4565231308047, 1063.6610690432813, 0.0, -280.10239172849083, 0.0, 0.0, 0.0, 0.0, 0.0, 0.0, 0.0, 0.0, 0.0, 0.0, 0.0, 0.0, 0.0, 0.0, 0.0, 0.0, 0.0, 0.0, 0.0, 0.0, 0.0, 0.0, 0.0, 0.0, 0.0, 0.0, -33.4566896195192, 0.0, 0.0, 0.0, 0.0, 166.71188019872932, 0.0, 0.0, 0.0, -83.57648148212718, 0.0, 0.0, 1.150253082968999, 0.0, 0.0, 0.0, 0.0, 0.0, 0.0, 0.0, -208.36422302819832, 0.0, 0.0, 0.0, 164.2383402094878, 0.0, 0.0, 0.0, 0.0, 0.0, 0.0, 0.0, 143.65607198954453, 0.0, 0.0, -700.29377858859, 736.2601790280902, 0.0, -225.02455556050157, 0.0, 0.0, 764.9417012871653, -1348.618974135303, 0.0, 725.6731827970999, 0.0, 0.0, -77.70127864129941, 0.0, -42.24343666064338, 16.606141817496503]]",(x0)' =  280.110 x0 + -1063.294 x2 +  1452.449 x3 + -883.962 x4 +  214.340 x5 + -2.800 x0^3 +  17.604 x0^2 x1 +  8.987 x0 x2 x5 + -115.752 x0 x3 x4 +  55.077 x0 x3 x5 +  153.214 x0 x4^2 + -137.673 x0 x4 x5 +  31.968 x0 x5^2 + -68.018 x1^3 + -39.002 x1^2 x2 +  402.019 x1 x2^2 + -224.756 x1 x2 x3 + -312.879 x2^3 +  299.359 x2^2 x3 + -67.301 x2 x3^2 | (x1)' =  126.280 x0 + -4.909 x1 + -117.281 x2 + -5.849 x3 +  1.776 x4 + -0.002 x0^3 + -0.006 x0 x5^2 +  0.006 x2^3 | (x2)' = -0.168 x0 +  125.244 x1 + -124.934 x3 + -0.325 x4 +  0.185 x5 | (x3)' = -0.110 x0 +  0.077 x1 +  125.119 x2 + -125.129 x4 +  0.038 x5 | (x4)' = -0.082 x1 + -0.005 x2 +  125.217 x3 + -0.023 x4 + -125.116 x5 + -0.004 x3^3 +  0.005 x5^3 | (x5)' = -214.749 x0 +  885.049 x1 + -1453.457 x2 +  1063.661 x3 + -280.102 x5 + -33.457 x0^2 x5 +  166.712 x0 x1 x5 + -83.576 x0 x2 x5 +  1.150 x0 x3 x5 + -208.364 x1^2 x5 +  164.238 x1 x2 x5 +  143.656 x2^2 x3 + -700.294 x2 x3^2 +  736.260 x2 x3 x4 + -225.025 x2 x4^2 +  764.942 x3^3 + -1348.619 x3^2 x4 +  725.673 x3 x4^2 + -77.701 x4^3 + -42.243 x4 x5^2 +  16.606 x5^3
22,35.0,-0.0007537510658310451,36.85636440218341,1000.0,3,6,2,8.0,40.0,0,0.0,finite_difference,success,,75,504,14.880952380952381,10.40711671486497,"[""1"", ""x0"", ""x1"", ""x2"", ""x3"", ""x4"", ""x5"", ""x0^2"", ""x0 x1"", ""x0 x2"", ""x0 x3"", ""x0 x4"", ""x0 x5"", ""x1^2"", ""x1 x2"", ""x1 x3"", ""x1 x4"", ""x1 x5"", ""x2^2"", ""x2 x3"", ""x2 x4"", ""x2 x5"", ""x3^2"", ""x3 x4"", ""x3 x5"", ""x4^2"", ""x4 x5"", ""x5^2"", ""x0^3"", ""x0^2 x1"", ""x0^2 x2"", ""x0^2 x3"", ""x0^2 x4"", ""x0^2 x5"", ""x0 x1^2"", ""x0 x1 x2"", ""x0 x1 x3"", ""x0 x1 x4"", ""x0 x1 x5"", ""x0 x2^2"", ""x0 x2 x3"", ""x0 x2 x4"", ""x0 x2 x5"", ""x0 x3^2"", ""x0 x3 x4"", ""x0 x3 x5"", ""x0 x4^2"", ""x0 x4 x5"", ""x0 x5^2"", ""x1^3"", ""x1^2 x2"", ""x1^2 x3"", ""x1^2 x4"", ""x1^2 x5"", ""x1 x2^2"", ""x1 x2 x3"", ""x1 x2 x4"", ""x1 x2 x5"", ""x1 x3^2"", ""x1 x3 x4"", ""x1 x3 x5"", ""x1 x4^2"", ""x1 x4 x5"", ""x1 x5^2"", ""x2^3"", ""x2^2 x3"", ""x2^2 x4"", ""x2^2 x5"", ""x2 x3^2"", ""x2 x3 x4"", ""x2 x3 x5"", ""x2 x4^2"", ""x2 x4 x5"", ""x2 x5^2"", ""x3^3"", ""x3^2 x4"", ""x3^2 x5"", ""x3 x4^2"", ""x3 x4 x5"", ""x3 x5^2"", ""x4^3"", ""x4^2 x5"", ""x4 x5^2"", ""x5^3""]","[[0.0, 185.76681252029564, -321.48820714514795, 214.99844247038206, -114.40649166122553, 33.41499054178538, 0.0, 0.0, 0.0, 0.0, 0.0, 0.0, 0.0, 0.0, 0.0, 0.0, 0.0, 0.0, 0.0, 0.0, 0.0, 0.0, 0.0, 0.0, 0.0, 0.0, 0.0, 0.0, -0.2826649870500519, 0.0, 0.0, 0.0, 0.0, 0.0, 0.1832843830690654, 0.0, 0.0, 0.0, 0.0, 0.2653558893026124, 1.4214768902149204, 0.0, 0.0, -1.156481910159572, 0.0, 0.0, 0.0, 0.5072135671847278, 0.03255455494151738, -0.027702204877699803, 0.04058197275375691, 0.0, 0.0, 0.0, 0.0, 0.0, 0.0, 0.0, -2.3607668037394283, 1.9944194265185602, 0.0, 3.121842967468041, -5.83588563154668, 2.099121153771061, 0.0, 0.0, 0.0, 0.0, 0.0, 0.0, 0.0, 0.0, 0.0, 0.0, 0.09381756619198704, 0.0, 0.0, 0.0, 0.0, 0.0, 0.0, 0.0, 0.0, 0.0], [0.0, 70.41823208280368, 0.0, -73.97428617904775, 2.4190339474871267, 2.7722186269676565, 0.0, 0.0, 0.0, 0.0, 0.0, 0.0, 0.0, 0.0, 0.0, 0.0, 0.0, 0.0, 0.0, 0.0, 0.0, 0.0, 0.0, 0.0, 0.0, 0.0, 0.0, 0.0, 0.16802871540806058, 0.0, -0.2381742580771572, 0.0, 0.0, 0.0, 0.0, 0.0, 0.0, 0.0, 0.0, 0.0, 0.0, 0.0, 0.0, -0.09583667578946073, 0.0, 0.0, 0.0, 0.0, 0.0, 0.0, 0.0, 0.0, 0.0, 0.0, 0.0, 0.0, 0.0, 0.0, 0.0, 0.0, 0.0, 0.0, 0.0, 0.0, 0.05243745986639825, 0.0, 0.0, 0.0, 0.0, 0.0, 0.0, 0.0, 0.0, 0.0, 0.0, 0.0, 0.0, 0.0, 0.0, 0.0, 0.0, 0.0, 0.0, 0.0], [0.0, -13.493505098763453, 87.62632148830089, 0.0, -89.20544393908015, 17.205481634092852, -2.4191728837510578, 0.0, 0.0, 0.0, 0.0, 0.0, 0.0, 0.0, 0.0, 0.0, 0.0, 0.0, 0.0, 0.0, 0.0, 0.0, 0.0, 0.0, 0.0, 0.0, 0.0, 0.0, 0.0, 0.0, 0.0, 0.026583790022918764, 0.0, 0.0, 0.0, 0.0, 0.0, 0.0, 0.0, 0.0, 0.0, 0.0, 0.0, 0.0, 0.0, 0.0, 0.0, 0.0, 0.0, -0.0025475528168288027, 0.0, 0.0, 0.0, 0.0, 0.0, 0.0, 0.0, 0.0, 0.0, 0.0, 0.0, 0.01852209109445753, 0.0, 0.0, 0.0, 0.0, 0.0, 0.0, 0.0, 0.0, 0.0, 0.0, 0.0, 0.0, -0.020075542920340375, 0.0, 0.0, 0.0, 0.0, 0.0, 0.0, 0.0, 0.0, 0.0], [0.0, 2.425261121417067, -17.22575643288184, 89.24349795214864, 0.0, -87.67080642891482, 13.50550358295567, 0.0, 0.0, 0.0, 0.0, 0.0, 0.0, 0.0, 0.0, 0.0, 0.0, 0.0, 0.0, 0.0, 0.0, 0.0, 0.0, 0.0, 0.0, 0.0, 0.0, 0.0, 0.0, 0.0, 0.0, 0.0, 0.0, 0.0, 0.0, 0.0, 0.0, 0.0, 0.0, 0.0, 0.0, 0.0, 0.0, 0.0, 0.0, 0.0, 0.0, 0.0, 0.0, 0.0, 0.0, 0.0, -0.007316916915473429, 0.0, 0.0, 0.0, 0.0, 0.0, 0.0, 0.0, 0.0, 0.0, 0.0, 0.0, 0.014129545142401596, 0.0, 0.0, 0.0, 0.0, 0.0, 0.0, 0.0, 0.0, -0.04208431077681002, 0.0, 0.0, 0.0, 0.0, 0.0, 0.0, 0.01372630716786905, 0.0, 0.0, 0.0], [0.0, 0.0, -2.760575482130879, -2.412040340019635, 73.92547825898852, 0.0, -70.40665869758469, 0.0, 0.0, 0.0, 0.0, 0.0, 0.0, 0.0, 0.0, 0.0, 0.0, 0.0, 0.0, 0.0, 0.0, 0.0, 0.0, 0.0, 0.0, 0.0, 0.0, 0.0, 0.0, 0.0, 0.0, 0.0, 0.0, 0.0, 0.0, 0.0, 0.0, 0.0, 0.0, 0.0, 0.0, 0.0, 0.0, 0.0, 0.0, 0.0, 0.0, 0.0, 0.0, 0.0, 0.0, 0.0, 0.0, 0.0, 0.0, 0.0, 0.0, 0.0, 0.0, 0.0, 0.0, 0.0, 0.0, 0.0, 0.0, 0.0, 0.0, 0.06793364335109123, 0.0, 0.0, 0.0, 0.0, 0.0, 0.0, -0.01974173960201539, 0.0, 0.0, 0.0, 0.0, 0.20807459763648256, 0.0, 0.0, 0.0, -0.1492463888024554], [0.0, 0.0, -33.13932002996533, 113.56018914989191, -213.7935128965083, 320.94384449078876, -185.80027067734403, 0.0, 0.0, 0.0, 0.0, 0.0, 0.0, 0.0, 0.0, 0.0, 0.0, 0.0, 0.0, 0.0, 0.0, 0.0, 0.0, 0.0, 0.0, 0.0, 0.0, 0.0, 0.0, 0.0, 0.0, 0.0, -2.1834101955138774, -0.10990361100352758, 0.0, 0.0, 0.0, 6.169830888163314, -0.12102629083129687, 0.0, 0.0, 0.0, 0.0, 0.0, 0.0, 0.0, 0.0, 0.0, 0.0, 0.0, 0.0, 0.0, -3.6665010820670627, 0.0, 0.0, 0.0, -2.4534677770469613, 0.0, 0.0, 0.0, 0.0, 0.0, 0.0, 0.0, -0.18765059963639796, 0.0, 3.9311449380785706, 0.3964303255102885, 0.0, 0.0, -2.1551937225283613, 0.0, 0.6196551249905619, 0.0, 0.0, 0.0, 1.5131059616693476, -3.2089868344306773, 0.0, 0.0, 2.3672739268127696, -1.3012535800863798, 0.0, 0.31343768311707054]]",(x0)' =  185.767 x0 + -321.488 x1 +  214.998 x2 + -114.406 x3 +  33.415 x4 + -0.283 x0^3 +  0.183 x0 x1^2 +  0.265 x0 x2^2 +  1.421 x0 x2 x3 + -1.156 x0 x3^2 +  0.507 x0 x4 x5 +  0.033 x0 x5^2 + -0.028 x1^3 +  0.041 x1^2 x2 + -2.361 x1 x3^2 +  1.994 x1 x3 x4 +  3.122 x1 x4^2 + -5.836 x1 x4 x5 +  2.099 x1 x5^2 +  0.094 x3^3 | (x1)' =  70.418 x0 + -73.974 x2 +  2.419 x3 +  2.772 x4 +  0.168 x0^3 + -0.238 x0^2 x2 + -0.096 x0 x3^2 +  0.052 x2^3 | (x2)' = -13.494 x0 +  87.626 x1 + -89.205 x3 +  17.205 x4 + -2.419 x5 +  0.027 x0^2 x3 + -0.003 x1^3 +  0.019 x1 x4^2 + -0.020 x3^3 | (x3)' =  2.425 x0 + -17.226 x1 +  89.243 x2 + -87.671 x4 +  13.506 x5 + -0.007 x1^2 x4 +  0.014 x2^3 + -0.042 x2 x5^2 +  0.014 x4^3 | (x4)' = -2.761 x1 + -2.412 x2 +  73.925 x3 + -70.407 x5 +  0.068 x2^2 x5 + -0.020 x3^3 +  0.208 x3 x5^2 + -0.149 x5^3 | (x5)' = -33.139 x1 +  113.560 x2 + -213.794 x3 +  320.944 x4 + -185.800 x5 + -2.183 x0^2 x4 + -0.110 x0^2 x5 +  6.170 x0 x1 x4 + -0.121 x0 x1 x5 + -3.667 x1^2 x4 + -2.453 x1 x2 x4 + -0.188 x2^3 +  3.931 x2^2 x4 +  0.396 x2^2 x5 + -2.155 x2 x3 x5 +  0.620 x2 x4 x5 +  1.513 x3^2 x5 + -3.209 x3 x4^2 +  2.367 x4^3 + -1.301 x4^2 x5 +  0.313 x5^3
23,35.0,-0.0007537510658310451,36.85636440218341,1000.0,3,6,2,8.0,40.0,5,20.0,smoothed_finite_difference_savgol_order_3,success,,74,504,14.682539682539682,8.957112271338701,"[""1"", ""x0"", ""x1"", ""x2"", ""x3"", ""x4"", ""x5"", ""x0^2"", ""x0 x1"", ""x0 x2"", ""x0 x3"", ""x0 x4"", ""x0 x5"", ""x1^2"", ""x1 x2"", ""x1 x3"", ""x1 x4"", ""x1 x5"", ""x2^2"", ""x2 x3"", ""x2 x4"", ""x2 x5"", ""x3^2"", ""x3 x4"", ""x3 x5"", ""x4^2"", ""x4 x5"", ""x5^2"", ""x0^3"", ""x0^2 x1"", ""x0^2 x2"", ""x0^2 x3"", ""x0^2 x4"", ""x0^2 x5"", ""x0 x1^2"", ""x0 x1 x2"", ""x0 x1 x3"", ""x0 x1 x4"", ""x0 x1 x5"", ""x0 x2^2"", ""x0 x2 x3"", ""x0 x2 x4"", ""x0 x2 x5"", ""x0 x3^2"", ""x0 x3 x4"", ""x0 x3 x5"", ""x0 x4^2"", ""x0 x4 x5"", ""x0 x5^2"", ""x1^3"", ""x1^2 x2"", ""x1^2 x3"", ""x1^2 x4"", ""x1^2 x5"", ""x1 x2^2"", ""x1 x2 x3"", ""x1 x2 x4"", ""x1 x2 x5"", ""x1 x3^2"", ""x1 x3 x4"", ""x1 x3 x5"", ""x1 x4^2"", ""x1 x4 x5"", ""x1 x5^2"", ""x2^3"", ""x2^2 x3"", ""x2^2 x4"", ""x2^2 x5"", ""x2 x3^2"", ""x2 x3 x4"", ""x2 x3 x5"", ""x2 x4^2"", ""x2 x4 x5"", ""x2 x5^2"", ""x3^3"", ""x3^2 x4"", ""x3^2 x5"", ""x3 x4^2"", ""x3 x4 x5"", ""x3 x5^2"", ""x4^3"", ""x4^2 x5"", ""x4 x5^2"", ""x5^3""]","[[0.0, 187.36878960481914, -325.2037323642147, 218.77887620766933, -116.39803084678567, 33.823199758175086, 0.0, 0.0, 0.0, 0.0, 0.0, 0.0, 0.0, 0.0, 0.0, 0.0, 0.0, 0.0, 0.0, 0.0, 0.0, 0.0, 0.0, 0.0, 0.0, 0.0, 0.0, 0.0, -0.251115049259244, 0.0, 0.0, 0.0, 0.0, 0.0, 0.14098972403074553, 0.0, 0.0, 0.0, 0.0, 0.30769375921703446, 1.2919583886105728, 0.0, 0.0, -1.0806780538607677, 0.0, 0.0, 0.0, 0.4720435735619231, 0.04189911622866602, -0.07289187397278576, 0.12846218112205998, 0.0, 0.0, 0.0, 0.0, 0.0, 0.0, 0.0, -2.4503756334836457, 2.1160917650668885, 0.0, 3.102648759906056, -5.880294504521193, 2.1305191272733643, 0.0, 0.0, 0.0, 0.0, 0.0, 0.0, 0.0, 0.0, 0.0, 0.0, 0.09349282965192356, 0.0, 0.0, 0.0, 0.0, 0.0, 0.0, 0.0, 0.0, 0.0], [0.0, 70.24106965817526, 0.0, -73.46328085656403, 1.8392622771139782, 2.992626325689911, 0.0, 0.0, 0.0, 0.0, 0.0, 0.0, 0.0, 0.0, 0.0, 0.0, 0.0, 0.0, 0.0, 0.0, 0.0, 0.0, 0.0, 0.0, 0.0, 0.0, 0.0, 0.0, 0.16451538076951266, 0.0, -0.23394924132532674, 0.0, 0.0, 0.0, 0.0, 0.0, 0.0, 0.0, 0.0, 0.0, 0.0, 0.0, 0.0, -0.09620526587113133, 0.0, 0.0, 0.0, 0.0, 0.0, 0.0, 0.0, 0.0, 0.0, 0.0, 0.0, 0.0, 0.0, 0.0, 0.0, 0.0, 0.0, 0.0, 0.0, 0.0, 0.0536586175761032, 0.0, 0.0, 0.0, 0.0, 0.0, 0.0, 0.0, 0.0, 0.0, 0.0, 0.0, 0.0, 0.0, 0.0, 0.0, 0.0, 0.0, 0.0, 0.0], [0.0, -13.373727282066735, 87.4490180971672, 0.0, -88.97951923141736, 16.9532555572948, -2.318363711352911, 0.0, 0.0, 0.0, 0.0, 0.0, 0.0, 0.0, 0.0, 0.0, 0.0, 0.0, 0.0, 0.0, 0.0, 0.0, 0.0, 0.0, 0.0, 0.0, 0.0, 0.0, 0.0, 0.0, 0.0, 0.025306381717538858, 0.0, 0.0, 0.0, 0.0, 0.0, 0.0, 0.0, 0.0, 0.0, 0.0, 0.0, 0.0, 0.0, 0.0, 0.0, 0.0, 0.0, -0.002414775657316144, 0.0, 0.0, 0.0, 0.0, 0.0, 0.0, 0.0, 0.0, 0.0, 0.0, 0.0, 0.01773873475449486, 0.0, 0.0, 0.0, 0.0, 0.0, 0.0, 0.0, 0.0, 0.0, 0.0, 0.0, 0.0, -0.019431454540652766, 0.0, 0.0, 0.0, 0.0, 0.0, 0.0, 0.0, 0.0, 0.0], [0.0, 2.3260015892816144, -16.977571001757827, 89.02062391054757, 0.0, -87.49307987575236, 13.38608218662128, 0.0, 0.0, 0.0, 0.0, 0.0, 0.0, 0.0, 0.0, 0.0, 0.0, 0.0, 0.0, 0.0, 0.0, 0.0, 0.0, 0.0, 0.0, 0.0, 0.0, 0.0, 0.0, 0.0, 0.0, 0.0, 0.0, 0.0, 0.0, 0.0, 0.0, 0.0, 0.0, 0.0, 0.0, 0.0, 0.0, 0.0, 0.0, 0.0, 0.0, 0.0, 0.0, 0.0, 0.0, 0.0, -0.006343963059657485, 0.0, 0.0, 0.0, 0.0, 0.0, 0.0, 0.0, 0.0, 0.0, 0.0, 0.0, 0.013274734510268905, 0.0, 0.0, 0.0, 0.0, 0.0, 0.0, 0.0, 0.0, -0.04011727135641206, 0.0, 0.0, 0.0, 0.0, 0.0, 0.0, 0.012839354639601277, 0.0, 0.0, 0.0], [0.0, 0.0, -2.952808871355484, -1.914931762410865, 73.55807978922834, 0.0, -70.37444831175871, 0.0, 0.0, 0.0, 0.0, 0.0, 0.0, 0.0, 0.0, 0.0, 0.0, 0.0, 0.0, 0.0, 0.0, 0.0, 0.0, 0.0, 0.0, 0.0, 0.0, 0.0, 0.0, 0.0, 0.0, 0.0, 0.0, 0.0, 0.0, 0.0, 0.0, 0.0, 0.0, 0.0, 0.0, 0.0, 0.0, 0.0, 0.0, 0.0, 0.0, 0.0, 0.0, 0.0, 0.0, 0.0, 0.0, 0.0, 0.0, 0.0, 0.0, 0.0, 0.0, 0.0, 0.0, 0.0, 0.0, 0.0, 0.0, 0.0, 0.0, 0.12915399369491146, 0.0, 0.0, 0.0, 0.0, 0.0, 0.0, 0.005805791947598374, 0.0, 0.0, 0.0, 0.0, 0.0, 0.0, 0.0, 0.0, -0.030466322034708115], [0.0, 0.0, -33.56281655363795, 115.58361137852869, -217.63901119234455, 324.72311767829575, -187.42573402335412, 0.0, 0.0, 0.0, 0.0, 0.0, 0.0, 0.0, 0.0, 0.0, 0.0, 0.0, 0.0, 0.0, 0.0, 0.0, 0.0, 0.0, 0.0, 0.0, 0.0, 0.0, 0.0, 0.0, 0.0, 0.0, -2.2547093720037994, -0.06859296190389474, 0.0, 0.0, 0.0, 6.321943154318521, -0.18347918528206175, 0.0, 0.0, 0.0, 0.0, 0.0, 0.0, 0.0, 0.0, 0.0, 0.0, 0.0, 0.0, 0.0, -3.7171737357504644, 0.0, 0.0, 0.0, -2.556052252757098, 0.0, 0.0, 0.0, 0.0, 0.0, 0.0, 0.0, -0.1864781214577527, 0.0, 4.007792667506047, 0.47718508701984125, 0.0, 0.0, -2.2792869875299857, 0.0, 0.7220546550765784, 0.0, 0.0, 0.0, 1.5533630244193815, -3.323389869316882, 0.0, 0.0, 2.498807360471937, -1.4002462740757513, 0.0, 0.31772504196092655]]",(x0)' =  187.369 x0 + -325.204 x1 +  218.779 x2 + -116.398 x3 +  33.823 x4 + -0.251 x0^3 +  0.141 x0 x1^2 +  0.308 x0 x2^2 +  1.292 x0 x2 x3 + -1.081 x0 x3^2 +  0.472 x0 x4 x5 +  0.042 x0 x5^2 + -0.073 x1^3 +  0.128 x1^2 x2 + -2.450 x1 x3^2 +  2.116 x1 x3 x4 +  3.103 x1 x4^2 + -5.880 x1 x4 x5 +  2.131 x1 x5^2 +  0.093 x3^3 | (x1)' =  70.241 x0 + -73.463 x2 +  1.839 x3 +  2.993 x4 +  0.165 x0^3 + -0.234 x0^2 x2 + -0.096 x0 x3^2 +  0.054 x2^3 | (x2)' = -13.374 x0 +  87.449 x1 + -88.980 x3 +  16.953 x4 + -2.318 x5 +  0.025 x0^2 x3 + -0.002 x1^3 +  0.018 x1 x4^2 + -0.019 x3^3 | (x3)' =  2.326 x0 + -16.978 x1 +  89.021 x2 + -87.493 x4 +  13.386 x5 + -0.006 x1^2 x4 +  0.013 x2^3 + -0.040 x2 x5^2 +  0.013 x4^3 | (x4)' = -2.953 x1 + -1.915 x2 +  73.558 x3 + -70.374 x5 +  0.129 x2^2 x5 +  0.006 x3^3 + -0.030 x5^3 | (x5)' = -33.563 x1 +  115.584 x2 + -217.639 x3 +  324.723 x4 + -187.426 x5 + -2.255 x0^2 x4 + -0.069 x0^2 x5 +  6.322 x0 x1 x4 + -0.183 x0 x1 x5 + -3.717 x1^2 x4 + -2.556 x1 x2 x4 + -0.186 x2^3 +  4.008 x2^2 x4 +  0.477 x2^2 x5 + -2.279 x2 x3 x5 +  0.722 x2 x4 x5 +  1.553 x3^2 x5 + -3.323 x3 x4^2 +  2.499 x4^3 + -1.400 x4^2 x5 +  0.318 x5^3
24,35.0,-0.0007537510658310451,36.85636440218341,1000.0,3,6,2,8.0,40.0,9,36.0,smoothed_finite_difference_savgol_order_3,success,,72,504,14.285714285714286,11.719604171812534,"[""1"", ""x0"", ""x1"", ""x2"", ""x3"", ""x4"", ""x5"", ""x0^2"", ""x0 x1"", ""x0 x2"", ""x0 x3"", ""x0 x4"", ""x0 x5"", ""x1^2"", ""x1 x2"", ""x1 x3"", ""x1 x4"", ""x1 x5"", ""x2^2"", ""x2 x3"", ""x2 x4"", ""x2 x5"", ""x3^2"", ""x3 x4"", ""x3 x5"", ""x4^2"", ""x4 x5"", ""x5^2"", ""x0^3"", ""x0^2 x1"", ""x0^2 x2"", ""x0^2 x3"", ""x0^2 x4"", ""x0^2 x5"", ""x0 x1^2"", ""x0 x1 x2"", ""x0 x1 x3"", ""x0 x1 x4"", ""x0 x1 x5"", ""x0 x2^2"", ""x0 x2 x3"", ""x0 x2 x4"", ""x0 x2 x5"", ""x0 x3^2"", ""x0 x3 x4"", ""x0 x3 x5"", ""x0 x4^2"", ""x0 x4 x5"", ""x0 x5^2"", ""x1^3"", ""x1^2 x2"", ""x1^2 x3"", ""x1^2 x4"", ""x1^2 x5"", ""x1 x2^2"", ""x1 x2 x3"", ""x1 x2 x4"", ""x1 x2 x5"", ""x1 x3^2"", ""x1 x3 x4"", ""x1 x3 x5"", ""x1 x4^2"", ""x1 x4 x5"", ""x1 x5^2"", ""x2^3"", ""x2^2 x3"", ""x2^2 x4"", ""x2^2 x5"", ""x2 x3^2"", ""x2 x3 x4"", ""x2 x3 x5"", ""x2 x4^2"", ""x2 x4 x5"", ""x2 x5^2"", ""x3^3"", ""x3^2 x4"", ""x3^2 x5"", ""x3 x4^2"", ""x3 x4 x5"", ""x3 x5^2"", ""x4^3"", ""x4^2 x5"", ""x4 x5^2"", ""x5^3""]","[[0.0, 200.6941823912328, -356.3326030646064, 249.98485951727835, -131.96217563138828, 36.67689370692342, 0.0, 0.0, 0.0, 0.0, 0.0, 0.0, 0.0, 0.0, 0.0, 0.0, 0.0, 0.0, 0.0, 0.0, 0.0, 0.0, 0.0, 0.0, 0.0, 0.0, 0.0, 0.0, -0.05075136259404405, 0.0, 0.0, 0.0, 0.0, 0.0, -0.8816053795528435, 0.0, 0.0, 0.0, 0.0, 0.7390538866046816, 2.3890814489153875, 0.0, 0.0, -2.4505461571090974, 0.0, 0.0, 0.0, 0.8423203554904896, -0.23606426211941692, 1.7210608343210387, -1.7988435437897838, 0.0, 0.0, 0.0, -0.29346637623299193, 0.0, 0.0, 0.0, 0.0, 0.00510879924876392, 0.0, 3.142724697524472, -4.59714119865179, 1.6258440229873368, 0.0, 0.0, 0.0, 0.0, 0.0, 0.0, 0.0, 0.0, 0.0, 0.0, -0.11145447999621255, 0.0, 0.0, 0.0, 0.0, 0.0, 0.0, 0.0, 0.0, 0.0], [0.0, 69.61293411925907, 0.0, -73.16969113941703, 4.077438527991021, 0.0, 0.7315128095785358, 0.0, 0.0, 0.0, 0.0, 0.0, 0.0, 0.0, 0.0, 0.0, 0.0, 0.0, 0.0, 0.0, 0.0, 0.0, 0.0, 0.0, 0.0, 0.0, 0.0, 0.0, 0.016029086919530217, 0.0, 0.0, 0.0, 0.0, 0.0, 0.0, 0.0, 0.0, 0.0, 0.0, 0.0, 0.0, 0.0, 0.0, -0.11529781716748949, 0.0, 0.0, 0.0, 0.0, 0.0, 0.0, 0.0, 0.0, 0.0, 0.0, 0.0, 0.0, 0.0, 0.0, 0.0, 0.0, 0.0, 0.0, 0.0, 0.0, 0.016273996890653487, 0.0, 0.0, 0.0, 0.0, 0.0, 0.0, 0.0, 0.0, 0.0, 0.0, 0.0, 0.0, 0.0, 0.0, 0.0, 0.0, 0.0, 0.0, 0.0], [0.0, -12.429978683328509, 86.0353017884546, 0.0, -87.18148016805384, 15.006147474037553, -1.5836048729369623, 0.0, 0.0, 0.0, 0.0, 0.0, 0.0, 0.0, 0.0, 0.0, 0.0, 0.0, 0.0, 0.0, 0.0, 0.0, 0.0, 0.0, 0.0, 0.0, 0.0, 0.0, 0.0, 0.0, 0.0, 0.009488894069864902, 0.0, 0.0, 0.0, 0.0, 0.0, 0.0, 0.0, 0.0, 0.0, 0.0, 0.0, 0.0, 0.0, 0.0, 0.0, 0.0, 0.0, -0.001242189051816849, 0.0, 0.0, 0.0, 0.0, 0.0, 0.0, 0.0, 0.0, 0.0, 0.0, 0.0, 0.023255579216780498, 0.0, 0.0, 0.0, 0.0, 0.0, 0.0, 0.0, 0.0, 0.0, 0.0, 0.0, 0.0, -0.018683556320894086, 0.0, 0.0, 0.0, 0.0, 0.0, 0.0, 0.0, 0.0, 0.0], [0.0, 1.630837257625578, -15.077796478280627, 87.2068821980257, 0.0, -86.007851102415, 12.400106919456316, 0.0, 0.0, 0.0, 0.0, 0.0, 0.0, 0.0, 0.0, 0.0, 0.0, 0.0, 0.0, 0.0, 0.0, 0.0, 0.0, 0.0, 0.0, 0.0, 0.0, 0.0, 0.0, 0.0, 0.0, 0.0, 0.0, 0.0, 0.0, 0.0, 0.0, 0.0, 0.0, 0.0, 0.0, 0.0, 0.0, 0.0, 0.0, 0.0, 0.0, 0.0, 0.0, 0.0, 0.0, 0.0, -0.00466137260144985, 0.0, 0.0, 0.0, 0.0, 0.0, 0.0, 0.0, 0.0, 0.0, 0.0, 0.0, 0.009896824175710623, 0.0, 0.0, 0.0, 0.0, 0.0, 0.0, 0.0, 0.0, -0.02243095990168241, 0.0, 0.0, 0.0, 0.0, 0.0, 0.0, 0.0054094170647425105, 0.0, 0.0, 0.0], [0.0, -0.6757193566369536, 0.0, -4.085037629104672, 73.0641085801529, 0.0, -69.56393597850116, 0.0, 0.0, 0.0, 0.0, 0.0, 0.0, 0.0, 0.0, 0.0, 0.0, 0.0, 0.0, 0.0, 0.0, 0.0, 0.0, 0.0, 0.0, 0.0, 0.0, 0.0, 0.0, 0.0, 0.0, 0.0, 0.0, 0.0, 0.0, 0.0, 0.0, 0.0, 0.0, 0.0, 0.0, 0.0, 0.0, 0.0, 0.0, 0.0, 0.0, 0.0, 0.0, 0.0, 0.0, 0.0, 0.0, 0.0, 0.0, 0.0, 0.0, 0.0, 0.0, 0.0, 0.0, 0.0, 0.0, 0.0, 0.0, 0.0, 0.0, 0.0, 0.0, 0.0, 0.0, 0.0, 0.0, 0.0, 0.05843579679853931, 0.0, 0.0, 0.0, 0.0, 0.0, 0.0, 0.0, 0.0, 0.0028463623885053406], [0.0, 0.0, -36.72565744740574, 131.85743651398644, -249.6729021814259, 356.409272866103, -200.94091046690306, 0.0, 0.0, 0.0, 0.0, 0.0, 0.0, 0.0, 0.0, 0.0, 0.0, 0.0, 0.0, 0.0, 0.0, 0.0, 0.0, 0.0, 0.0, 0.0, 0.0, 0.0, 0.0, 0.0, 0.0, 0.0, -1.6500683868724069, 0.5502317337433238, 0.0, 0.0, 0.0, 4.568342427214618, -1.1472512230830025, 0.0, 0.0, 0.0, 0.0, 0.0, 0.0, 0.0, 0.0, 0.0, 0.0, 0.0, 0.0, 0.0, -3.463672130182739, 0.0, 0.0, 0.0, 0.5605629446855238, 0.0, 0.0, 0.0, 0.0, 0.0, 0.0, 0.0, 0.1000821273976623, 0.0, 0.0, 2.2816315639811977, 0.0, 0.0, -2.610921981592092, 0.0, 0.16350147772364446, 0.0, 0.0, 0.18200281225334886, 0.22572854982133145, 0.5483074563660552, 0.0, 0.0, -0.49461986966379673, -0.021978592779755786, 0.0, 0.17746597480125886]]",(x0)' =  200.694 x0 + -356.333 x1 +  249.985 x2 + -131.962 x3 +  36.677 x4 + -0.051 x0^3 + -0.882 x0 x1^2 +  0.739 x0 x2^2 +  2.389 x0 x2 x3 + -2.451 x0 x3^2 +  0.842 x0 x4 x5 + -0.236 x0 x5^2 +  1.721 x1^3 + -1.799 x1^2 x2 + -0.293 x1 x2^2 +  0.005 x1 x3 x4 +  3.143 x1 x4^2 + -4.597 x1 x4 x5 +  1.626 x1 x5^2 + -0.111 x3^3 | (x1)' =  69.613 x0 + -73.170 x2 +  4.077 x3 +  0.732 x5 +  0.016 x0^3 + -0.115 x0 x3^2 +  0.016 x2^3 | (x2)' = -12.430 x0 +  86.035 x1 + -87.181 x3 +  15.006 x4 + -1.584 x5 +  0.009 x0^2 x3 + -0.001 x1^3 +  0.023 x1 x4^2 + -0.019 x3^3 | (x3)' =  1.631 x0 + -15.078 x1 +  87.207 x2 + -86.008 x4 +  12.400 x5 + -0.005 x1^2 x4 +  0.010 x2^3 + -0.022 x2 x5^2 +  0.005 x4^3 | (x4)' = -0.676 x0 + -4.085 x2 +  73.064 x3 + -69.564 x5 +  0.058 x3^3 +  0.003 x5^3 | (x5)' = -36.726 x1 +  131.857 x2 + -249.673 x3 +  356.409 x4 + -200.941 x5 + -1.650 x0^2 x4 +  0.550 x0^2 x5 +  4.568 x0 x1 x4 + -1.147 x0 x1 x5 + -3.464 x1^2 x4 +  0.561 x1 x2 x4 +  0.100 x2^3 +  2.282 x2^2 x5 + -2.611 x2 x3 x5 +  0.164 x2 x4 x5 +  0.182 x3^2 x4 +  0.226 x3^2 x5 +  0.548 x3 x4^2 + -0.495 x4^3 + -0.022 x4^2 x5 +  0.177 x5^3
25,35.0,-0.0007537510658310451,36.85636440218341,1000.0,3,6,5,20.0,100.0,0,0.0,finite_difference,success,,54,504,10.714285714285714,14.850591104477644,"[""1"", ""x0"", ""x1"", ""x2"", ""x3"", ""x4"", ""x5"", ""x0^2"", ""x0 x1"", ""x0 x2"", ""x0 x3"", ""x0 x4"", ""x0 x5"", ""x1^2"", ""x1 x2"", ""x1 x3"", ""x1 x4"", ""x1 x5"", ""x2^2"", ""x2 x3"", ""x2 x4"", ""x2 x5"", ""x3^2"", ""x3 x4"", ""x3 x5"", ""x4^2"", ""x4 x5"", ""x5^2"", ""x0^3"", ""x0^2 x1"", ""x0^2 x2"", ""x0^2 x3"", ""x0^2 x4"", ""x0^2 x5"", ""x0 x1^2"", ""x0 x1 x2"", ""x0 x1 x3"", ""x0 x1 x4"", ""x0 x1 x5"", ""x0 x2^2"", ""x0 x2 x3"", ""x0 x2 x4"", ""x0 x2 x5"", ""x0 x3^2"", ""x0 x3 x4"", ""x0 x3 x5"", ""x0 x4^2"", ""x0 x4 x5"", ""x0 x5^2"", ""x1^3"", ""x1^2 x2"", ""x1^2 x3"", ""x1^2 x4"", ""x1^2 x5"", ""x1 x2^2"", ""x1 x2 x3"", ""x1 x2 x4"", ""x1 x2 x5"", ""x1 x3^2"", ""x1 x3 x4"", ""x1 x3 x5"", ""x1 x4^2"", ""x1 x4 x5"", ""x1 x5^2"", ""x2^3"", ""x2^2 x3"", ""x2^2 x4"", ""x2^2 x5"", ""x2 x3^2"", ""x2 x3 x4"", ""x2 x3 x5"", ""x2 x4^2"", ""x2 x4 x5"", ""x2 x5^2"", ""x3^3"", ""x3^2 x4"", ""x3^2 x5"", ""x3 x4^2"", ""x3 x4 x5"", ""x3 x5^2"", ""x4^3"", ""x4^2 x5"", ""x4 x5^2"", ""x5^3""]","[[0.0, 20.06947849589393, -47.510506125170636, 15.793436767621442, 0.0, 5.378781772229252, 0.0, 0.0, 3.2892888252184957, 0.0, 0.0, 0.0, 0.0, 0.0, -2.73593272190849, 0.0, 0.0, 0.0, 0.0, 0.0, 0.0, 0.0, 0.0, 0.0, 0.0, 0.0, 0.0, 0.0, 0.0, 0.0, 0.0, 0.0, 0.0, 0.0, 0.0, 0.0, 0.0, 0.0, 0.0, 0.0, 0.0, 0.0, 0.0, 0.0, 0.0, 0.0, 0.0, 0.0, 0.0, 0.0, 0.0, 0.0, 0.0, 0.0, 0.0, 0.0, 0.0, 0.0, 0.0, 0.0, 0.0, 0.0, 0.0, 0.0, 0.0, 0.0, 0.0, 0.0, 0.0, 0.0, 0.0, 0.0, 0.0, 0.0, 0.0, 0.0, 0.0, 0.0, 0.0, 0.0, 0.0, 0.0, 0.0, 0.0], [0.0, 35.23022088885268, 0.0, -40.10144998194839, 7.58634730811339, 0.0, 0.0, 2.7336533647850767, -6.673168883966487, 0.0, 0.0, 0.0, 0.0, 0.0, 3.8330050293057045, 0.0, 0.0, 0.0, 0.0, 0.0, 0.0, 0.0, 0.0, 0.0, 0.0, 0.0, 0.0, 0.0, 0.0, 0.0, 0.0, 0.0, 0.0, 0.0, 0.36480763860244375, 0.0, 0.0, 0.0, 0.0, 0.0, 0.0, 0.0, 0.0, 0.0, 0.0, 0.0, 0.0, 0.0, 0.0, 0.0, -0.44670355660910427, 0.0, 0.0, 0.0, 0.0, 0.0, 0.0, 0.0, 0.0, 0.0, 0.0, 0.0, 0.0, 0.0, 0.0, 0.0, 0.0, 0.0, 0.0, 0.0, 0.0, 0.0, 0.0, 0.0, 0.0, 0.0, 0.0, 0.0, 0.0, 0.0, 0.0, 0.0, 0.0, 0.0], [0.0, -11.10845993187147, 40.44124138432158, 0.0, -39.67309758600182, 10.227615990238291, 0.0, -2.8354439935637554, 3.905047825958457, 0.0, 0.0, 0.0, 0.0, 2.9795638130831166, -7.734901678186418, 0.0, 0.0, 0.0, 0.0, 3.9884376837744617, 0.0, 0.0, 0.0, 0.0, 0.0, 0.0, 0.0, 0.0, 0.0, 0.0, 0.0, 0.0, 0.0, 0.0, 0.0, 0.0, 0.0, 0.0, 0.0, 0.0, 0.0, 0.0, 0.0, 0.0, 0.0, 0.0, 0.0, 0.0, 0.0, 0.15536639942280742, 0.0, -0.2304816820050007, 0.0, 0.0, 0.0, 0.0, 0.0, 0.0, 0.0, 0.0, 0.0, 0.0, 0.0, 0.0, 0.0, 0.0, 0.0, 0.0, 0.0, 0.0, 0.0, 0.0, 0.0, 0.0, 0.0, 0.0, 0.0, 0.0, 0.0, 0.0, 0.0, 0.0, 0.0, 0.0], [0.0, 0.0, -11.1204125846836, 40.4498222129139, 0.0, -39.68720455458114, 10.243580641297722, 0.0, 0.0, 0.0, 0.0, 0.0, 0.0, -2.825933510152197, 3.8886102086576377, 0.0, 0.0, 0.0, 2.9741132513571227, -7.723803562850893, 0.0, 0.0, 0.0, 3.9836122987775067, 0.0, 0.0, 0.0, 0.0, 0.0, 0.0, 0.0, 0.0, 0.0, 0.0, 0.0, 0.0, 0.0, 0.0, 0.0, 0.0, 0.0, 0.0, 0.0, 0.0, 0.0, 0.0, 0.0, 0.0, 0.0, 0.0, 0.0, 0.0, 0.0, 0.0, 0.0, 0.0, 0.0, 0.0, 0.0, 0.0, 0.0, 0.0, 0.0, 0.0, 0.1565042462183475, 0.0, -0.2306683252050756, 0.0, 0.0, 0.0, 0.0, 0.0, 0.0, 0.0, 0.0, 0.0, 0.0, 0.0, 0.0, 0.0, 0.0, 0.0, 0.0, 0.0], [0.0, 0.0, 0.0, -8.6647182399729, 41.297234637327506, 0.0, -35.056702261185684, 0.0, 0.0, 0.0, 0.0, 0.0, 0.0, 0.0, 0.0, 0.0, 0.0, 0.0, -2.7307230549531023, 3.852428168347664, 0.0, 0.0, 3.0919963806170205, -7.9850005331285345, 0.0, 0.0, 4.044642240067331, 0.0, 0.0, 0.0, 0.0, 0.0, 0.0, 0.0, 0.0, 0.0, 0.0, 0.0, 0.0, 0.0, 0.0, 0.0, 0.0, 0.0, 0.0, 0.0, 0.0, 0.0, 0.0, 0.0, 0.0, 0.0, 0.0, 0.0, 0.0, 0.0, 0.0, 0.0, 0.0, 0.0, 0.0, 0.0, 0.0, 0.0, 0.0, 0.0, 0.0, 0.0, 0.0, 0.0, 0.0, 0.0, 0.0, 0.0, 0.0, 0.0, 0.0, 0.0, 0.0, 0.0, 0.0, 0.0, 0.0, 0.0], [0.0, 0.0, -4.843127908959704, 0.0, -15.970291692878018, 48.1081939632048, -19.55423327563238, 0.0, 0.0, 0.0, 0.0, 0.0, 0.0, 0.0, 0.0, 0.0, 0.0, 0.0, 0.0, 0.0, 0.0, 0.0, -3.3886107929592755, 5.340382672986825, 0.0, 2.915669216171044, -5.254195293356067, 0.0, 0.0, 0.0, 0.0, 0.0, 0.0, 0.0, 0.0, 0.0, 0.0, 0.0, 0.0, 0.0, 0.0, 0.0, 0.0, 0.0, 0.0, 0.0, 0.0, 0.0, 0.0, 0.0, 0.0, 0.0, 0.0, 0.0, 0.0, 0.0, 0.0, 0.0, 0.0, 0.0, 0.0, 0.0, 0.0, 0.0, 0.0, 0.0, 0.0, 0.0, 0.0, 0.0, 0.0, 0.0, 0.0, 0.0, 0.0, 0.0, 0.0, 0.0, -0.6714491194774229, 0.0, 0.09764708233066921, 0.0, 0.0, 0.0]]",(x0)' =  20.069 x0 + -47.511 x1 +  15.793 x2 +  5.379 x4 +  3.289 x0 x1 + -2.736 x1 x2 | (x1)' =  35.230 x0 + -40.101 x2 +  7.586 x3 +  2.734 x0^2 + -6.673 x0 x1 +  3.833 x1 x2 +  0.365 x0 x1^2 + -0.447 x1^2 x2 | (x2)' = -11.108 x0 +  40.441 x1 + -39.673 x3 +  10.228 x4 + -2.835 x0^2 +  3.905 x0 x1 +  2.980 x1^2 + -7.735 x1 x2 +  3.988 x2 x3 +  0.155 x1^3 + -0.230 x1^2 x3 | (x3)' = -11.120 x1 +  40.450 x2 + -39.687 x4 +  10.244 x5 + -2.826 x1^2 +  3.889 x1 x2 +  2.974 x2^2 + -7.724 x2 x3 +  3.984 x3 x4 +  0.157 x2^3 + -0.231 x2^2 x4 | (x4)' = -8.665 x2 +  41.297 x3 + -35.057 x5 + -2.731 x2^2 +  3.852 x2 x3 +  3.092 x3^2 + -7.985 x3 x4 +  4.045 x4 x5 | (x5)' = -4.843 x1 + -15.970 x3 +  48.108 x4 + -19.554 x5 + -3.389 x3^2 +  5.340 x3 x4 +  2.916 x4^2 + -5.254 x4 x5 + -0.671 x3 x4 x5 +  0.098 x4^3
26,35.0,-0.0007537510658310451,36.85636440218341,1000.0,3,6,5,20.0,100.0,5,20.0,smoothed_finite_difference_savgol_order_3,success,,54,504,10.714285714285714,11.829799553379416,"[""1"", ""x0"", ""x1"", ""x2"", ""x3"", ""x4"", ""x5"", ""x0^2"", ""x0 x1"", ""x0 x2"", ""x0 x3"", ""x0 x4"", ""x0 x5"", ""x1^2"", ""x1 x2"", ""x1 x3"", ""x1 x4"", ""x1 x5"", ""x2^2"", ""x2 x3"", ""x2 x4"", ""x2 x5"", ""x3^2"", ""x3 x4"", ""x3 x5"", ""x4^2"", ""x4 x5"", ""x5^2"", ""x0^3"", ""x0^2 x1"", ""x0^2 x2"", ""x0^2 x3"", ""x0^2 x4"", ""x0^2 x5"", ""x0 x1^2"", ""x0 x1 x2"", ""x0 x1 x3"", ""x0 x1 x4"", ""x0 x1 x5"", ""x0 x2^2"", ""x0 x2 x3"", ""x0 x2 x4"", ""x0 x2 x5"", ""x0 x3^2"", ""x0 x3 x4"", ""x0 x3 x5"", ""x0 x4^2"", ""x0 x4 x5"", ""x0 x5^2"", ""x1^3"", ""x1^2 x2"", ""x1^2 x3"", ""x1^2 x4"", ""x1^2 x5"", ""x1 x2^2"", ""x1 x2 x3"", ""x1 x2 x4"", ""x1 x2 x5"", ""x1 x3^2"", ""x1 x3 x4"", ""x1 x3 x5"", ""x1 x4^2"", ""x1 x4 x5"", ""x1 x5^2"", ""x2^3"", ""x2^2 x3"", ""x2^2 x4"", ""x2^2 x5"", ""x2 x3^2"", ""x2 x3 x4"", ""x2 x3 x5"", ""x2 x4^2"", ""x2 x4 x5"", ""x2 x5^2"", ""x3^3"", ""x3^2 x4"", ""x3^2 x5"", ""x3 x4^2"", ""x3 x4 x5"", ""x3 x5^2"", ""x4^3"", ""x4^2 x5"", ""x4 x5^2"", ""x5^3""]","[[0.0, 20.38289051351489, -47.99554448131157, 16.093579185296722, 0.0, 5.32144217641105, 0.0, 0.0, 3.308011331696333, 0.0, 0.0, 0.0, 0.0, 0.0, -2.7615113518218464, 0.0, 0.0, 0.0, 0.0, 0.0, 0.0, 0.0, 0.0, 0.0, 0.0, 0.0, 0.0, 0.0, 0.0, 0.0, 0.0, 0.0, 0.0, 0.0, 0.0, 0.0, 0.0, 0.0, 0.0, 0.0, 0.0, 0.0, 0.0, 0.0, 0.0, 0.0, 0.0, 0.0, 0.0, 0.0, 0.0, 0.0, 0.0, 0.0, 0.0, 0.0, 0.0, 0.0, 0.0, 0.0, 0.0, 0.0, 0.0, 0.0, 0.0, 0.0, 0.0, 0.0, 0.0, 0.0, 0.0, 0.0, 0.0, 0.0, 0.0, 0.0, 0.0, 0.0, 0.0, 0.0, 0.0, 0.0, 0.0, 0.0], [0.0, 35.30498359724833, 0.0, -40.31922871794629, 7.75477755947744, 0.0, 0.0, 2.692279432923497, -6.598721573189259, 0.0, 0.0, 0.0, 0.0, 0.0, 3.802337790806519, 0.0, 0.0, 0.0, 0.0, 0.0, 0.0, 0.0, 0.0, 0.0, 0.0, 0.0, 0.0, 0.0, 0.0, 0.0, 0.0, 0.0, 0.0, 0.0, 0.3557318561237778, 0.0, 0.0, 0.0, 0.0, 0.0, 0.0, 0.0, 0.0, 0.0, 0.0, 0.0, 0.0, 0.0, 0.0, 0.0, -0.4367431092604928, 0.0, 0.0, 0.0, 0.0, 0.0, 0.0, 0.0, 0.0, 0.0, 0.0, 0.0, 0.0, 0.0, 0.0, 0.0, 0.0, 0.0, 0.0, 0.0, 0.0, 0.0, 0.0, 0.0, 0.0, 0.0, 0.0, 0.0, 0.0, 0.0, 0.0, 0.0, 0.0, 0.0], [0.0, -11.305712726003547, 40.61986777334469, 0.0, -39.879811698186415, 10.445460078272916, 0.0, -2.820346113132694, 3.90106415519362, 0.0, 0.0, 0.0, 0.0, 2.9290159743808823, -7.651301821969052, 0.0, 0.0, 0.0, 0.0, 3.947720294515651, 0.0, 0.0, 0.0, 0.0, 0.0, 0.0, 0.0, 0.0, 0.0, 0.0, 0.0, 0.0, 0.0, 0.0, 0.0, 0.0, 0.0, 0.0, 0.0, 0.0, 0.0, 0.0, 0.0, 0.0, 0.0, 0.0, 0.0, 0.0, 0.0, 0.1579187022562683, 0.0, -0.23132267469401593, 0.0, 0.0, 0.0, 0.0, 0.0, 0.0, 0.0, 0.0, 0.0, 0.0, 0.0, 0.0, 0.0, 0.0, 0.0, 0.0, 0.0, 0.0, 0.0, 0.0, 0.0, 0.0, 0.0, 0.0, 0.0, 0.0, 0.0, 0.0, 0.0, 0.0, 0.0, 0.0], [0.0, 0.0, -11.318002764007927, 40.62871140239721, 0.0, -39.8935133869928, 10.461212638295908, 0.0, 0.0, 0.0, 0.0, 0.0, 0.0, -2.81095498365681, 3.88528386922878, 0.0, 0.0, 0.0, 2.923014575036378, -7.639722855813321, 0.0, 0.0, 0.0, 3.942784333173169, 0.0, 0.0, 0.0, 0.0, 0.0, 0.0, 0.0, 0.0, 0.0, 0.0, 0.0, 0.0, 0.0, 0.0, 0.0, 0.0, 0.0, 0.0, 0.0, 0.0, 0.0, 0.0, 0.0, 0.0, 0.0, 0.0, 0.0, 0.0, 0.0, 0.0, 0.0, 0.0, 0.0, 0.0, 0.0, 0.0, 0.0, 0.0, 0.0, 0.0, 0.15895805861811627, 0.0, -0.23149316246105692, 0.0, 0.0, 0.0, 0.0, 0.0, 0.0, 0.0, 0.0, 0.0, 0.0, 0.0, 0.0, 0.0, 0.0, 0.0, 0.0, 0.0], [0.0, 0.0, 0.0, -8.80875406124378, 41.485176827725056, 0.0, -35.132953535440144, 0.0, 0.0, 0.0, 0.0, 0.0, 0.0, 0.0, 0.0, 0.0, 0.0, 0.0, -2.7178774350062036, 3.852390187559663, 0.0, 0.0, 3.0499133735032293, -7.919395428120836, 0.0, 0.0, 4.013614476953929, 0.0, 0.0, 0.0, 0.0, 0.0, 0.0, 0.0, 0.0, 0.0, 0.0, 0.0, 0.0, 0.0, 0.0, 0.0, 0.0, 0.0, 0.0, 0.0, 0.0, 0.0, 0.0, 0.0, 0.0, 0.0, 0.0, 0.0, 0.0, 0.0, 0.0, 0.0, 0.0, 0.0, 0.0, 0.0, 0.0, 0.0, 0.0, 0.0, 0.0, 0.0, 0.0, 0.0, 0.0, 0.0, 0.0, 0.0, 0.0, 0.0, 0.0, 0.0, 0.0, 0.0, 0.0, 0.0, 0.0, 0.0], [0.0, 0.0, -4.790251900564665, 0.0, -16.251106097492247, 48.553218414632454, -19.86409073212231, 0.0, 0.0, 0.0, 0.0, 0.0, 0.0, 0.0, 0.0, 0.0, 0.0, 0.0, 0.0, 0.0, 0.0, 0.0, -3.3949252506148504, 5.357905549521828, 0.0, 2.8849460956650774, -5.2255782820608765, 0.0, 0.0, 0.0, 0.0, 0.0, 0.0, 0.0, 0.0, 0.0, 0.0, 0.0, 0.0, 0.0, 0.0, 0.0, 0.0, 0.0, 0.0, 0.0, 0.0, 0.0, 0.0, 0.0, 0.0, 0.0, 0.0, 0.0, 0.0, 0.0, 0.0, 0.0, 0.0, 0.0, 0.0, 0.0, 0.0, 0.0, 0.0, 0.0, 0.0, 0.0, 0.0, 0.0, 0.0, 0.0, 0.0, 0.0, 0.0, 0.0, 0.0, 0.0, -0.6690810369043946, 0.0, 0.10155312603422668, 0.0, 0.0, 0.0]]",(x0)' =  20.383 x0 + -47.996 x1 +  16.094 x2 +  5.321 x4 +  3.308 x0 x1 + -2.762 x1 x2 | (x1)' =  35.305 x0 + -40.319 x2 +  7.755 x3 +  2.692 x0^2 + -6.599 x0 x1 +  3.802 x1 x2 +  0.356 x0 x1^2 + -0.437 x1^2 x2 | (x2)' = -11.306 x0 +  40.620 x1 + -39.880 x3 +  10.445 x4 + -2.820 x0^2 +  3.901 x0 x1 +  2.929 x1^2 + -7.651 x1 x2 +  3.948 x2 x3 +  0.158 x1^3 + -0.231 x1^2 x3 | (x3)' = -11.318 x1 +  40.629 x2 + -39.894 x4 +  10.461 x5 + -2.811 x1^2 +  3.885 x1 x2 +  2.923 x2^2 + -7.640 x2 x3 +  3.943 x3 x4 +  0.159 x2^3 + -0.231 x2^2 x4 | (x4)' = -8.809 x2 +  41.485 x3 + -35.133 x5 + -2.718 x2^2 +  3.852 x2 x3 +  3.050 x3^2 + -7.919 x3 x4 +  4.014 x4 x5 | (x5)' = -4.790 x1 + -16.251 x3 +  48.553 x4 + -19.864 x5 + -3.395 x3^2 +  5.358 x3 x4 +  2.885 x4^2 + -5.226 x4 x5 + -0.669 x3 x4 x5 +  0.102 x4^3
27,35.0,-0.0007537510658310451,36.85636440218341,1000.0,3,6,5,20.0,100.0,9,36.0,smoothed_finite_difference_savgol_order_3,success,,45,504,8.928571428571429,12.751914514228702,"[""1"", ""x0"", ""x1"", ""x2"", ""x3"", ""x4"", ""x5"", ""x0^2"", ""x0 x1"", ""x0 x2"", ""x0 x3"", ""x0 x4"", ""x0 x5"", ""x1^2"", ""x1 x2"", ""x1 x3"", ""x1 x4"", ""x1 x5"", ""x2^2"", ""x2 x3"", ""x2 x4"", ""x2 x5"", ""x3^2"", ""x3 x4"", ""x3 x5"", ""x4^2"", ""x4 x5"", ""x5^2"", ""x0^3"", ""x0^2 x1"", ""x0^2 x2"", ""x0^2 x3"", ""x0^2 x4"", ""x0^2 x5"", ""x0 x1^2"", ""x0 x1 x2"", ""x0 x1 x3"", ""x0 x1 x4"", ""x0 x1 x5"", ""x0 x2^2"", ""x0 x2 x3"", ""x0 x2 x4"", ""x0 x2 x5"", ""x0 x3^2"", ""x0 x3 x4"", ""x0 x3 x5"", ""x0 x4^2"", ""x0 x4 x5"", ""x0 x5^2"", ""x1^3"", ""x1^2 x2"", ""x1^2 x3"", ""x1^2 x4"", ""x1^2 x5"", ""x1 x2^2"", ""x1 x2 x3"", ""x1 x2 x4"", ""x1 x2 x5"", ""x1 x3^2"", ""x1 x3 x4"", ""x1 x3 x5"", ""x1 x4^2"", ""x1 x4 x5"", ""x1 x5^2"", ""x2^3"", ""x2^2 x3"", ""x2^2 x4"", ""x2^2 x5"", ""x2 x3^2"", ""x2 x3 x4"", ""x2 x3 x5"", ""x2 x4^2"", ""x2 x4 x5"", ""x2 x5^2"", ""x3^3"", ""x3^2 x4"", ""x3^2 x5"", ""x3 x4^2"", ""x3 x4 x5"", ""x3 x5^2"", ""x4^3"", ""x4^2 x5"", ""x4 x5^2"", ""x5^3""]","[[0.0, 22.37041126920826, -52.316351454714, 18.437324862668195, 0.0, 4.277396813437013, 0.0, 0.0, 3.132488337227351, 0.0, 0.0, 0.0, 0.0, 0.0, -3.0498781776786537, 0.0, 0.0, 0.0, 0.0, 0.0, 0.0, 0.0, 0.0, 0.0, 0.0, 0.0, 0.0, 0.0, 0.0, 0.0, 0.0, 0.0, 0.0, 0.0, 0.0, 0.5118509617597298, 0.0, 0.0, 0.0, 0.0, 0.0, 0.0, 0.0, 0.0, 0.0, 0.0, 0.8792792687818956, 0.0, 0.0, 0.03311746762299552, 0.0, 0.0, 0.0, 0.0, 0.0, 0.0, 0.0, 0.0, 0.0, 0.0, 0.0, -0.8354971808666913, 0.0, 0.0, 0.0, 0.0, 0.0, 0.0, 0.0, 0.0, 0.0, 0.0, 0.0, 0.0, 0.0, 0.0, 0.0, 0.0, 0.0, 0.0, 0.0, 0.0, 0.0, 0.0], [0.0, 37.20606296837676, 0.0, -43.03745650002278, 12.518034251453775, -5.570052971079266, 0.0, 0.0, -3.1900010818732283, 0.0, 0.0, 0.0, 0.0, 0.0, 3.0776184030655807, 0.0, 0.0, 0.0, 0.0, 0.0, 0.0, 0.0, 0.0, 0.0, 0.0, 0.0, 0.0, 0.0, 0.0, 0.0, 0.0, 0.0, 0.0, 0.0, 0.0, 0.0, 0.0, 0.0, 0.0, 0.0, 0.0, 0.0, 0.0, 0.0, 0.0, 0.0, 0.0, 0.0, 0.0, 0.0, 0.0, 0.0, 0.0, 0.0, 0.0, 0.0, 0.0, 0.0, 0.0, 0.0, 0.0, 0.0, 0.0, 0.0, 0.0, 0.0, 0.0, 0.0, 0.0, 0.0, 0.0, 0.0, 0.0, 0.0, 0.0, 0.0, 0.0, 0.0, 0.0, 0.0, 0.0, 0.0, 0.0, 0.0], [0.0, -12.291667928082614, 41.906434624464936, 0.0, -41.95366532600301, 12.307634880144356, 0.0, 0.0, 0.0, 0.0, 0.0, 0.0, 0.0, 0.0, -3.0124019593155222, 0.0, 0.0, 0.0, 0.0, 2.984016350933492, 0.0, 0.0, 0.0, 0.0, 0.0, 0.0, 0.0, 0.0, 0.0, 0.0, 0.0, 0.0, 0.0, 0.0, 0.0, 0.0, 0.0, 0.0, 0.0, 0.0, 0.0, 0.0, 0.0, 0.0, 0.0, 0.0, 0.0, 0.0, 0.0, 0.0, 0.0, 0.0, 0.0, 0.0, 0.0, 0.0, 0.0, 0.0, 0.0, 0.0, 0.0, 0.0, 0.0, 0.0, 0.0, 0.0, 0.0, 0.0, 0.0, 0.0, 0.0, 0.0, 0.0, 0.0, 0.0, 0.0, 0.0, 0.0, 0.0, 0.0, 0.0, 0.0, 0.0, 0.0], [0.0, 0.0, -12.308319176960678, 41.918410053847346, 0.0, -41.966275016239216, 12.326495600525057, 0.0, 0.0, 0.0, 0.0, 0.0, 0.0, 0.0, 0.0, 0.0, 0.0, 0.0, 0.0, -3.003311680399239, 0.0, 0.0, 0.0, 2.9737931605782815, 0.0, 0.0, 0.0, 0.0, 0.0, 0.0, 0.0, 0.0, 0.0, 0.0, 0.0, 0.0, 0.0, 0.0, 0.0, 0.0, 0.0, 0.0, 0.0, 0.0, 0.0, 0.0, 0.0, 0.0, 0.0, 0.0, 0.0, 0.0, 0.0, 0.0, 0.0, 0.0, 0.0, 0.0, 0.0, 0.0, 0.0, 0.0, 0.0, 0.0, 0.0, 0.0, 0.0, 0.0, 0.0, 0.0, 0.0, 0.0, 0.0, 0.0, 0.0, 0.0, 0.0, 0.0, 0.0, 0.0, 0.0, 0.0, 0.0, 0.0], [0.0, 0.0, 5.5180261492519405, -12.56154837298255, 42.93102226823537, 0.0, -37.162278410300985, 0.0, 0.0, 0.0, 0.0, 0.0, 0.0, 0.0, 0.0, 0.0, 0.0, 0.0, 0.0, 2.4968668984706364, 0.0, 0.0, 0.0, -4.844832285842594, 0.0, 0.0, 2.8678072233929344, 0.0, 0.0, 0.0, 0.0, 0.0, 0.0, 0.0, 0.0, 0.0, 0.0, 0.0, 0.0, 0.0, 0.0, 0.0, 0.0, 0.0, 0.0, 0.0, 0.0, 0.0, 0.0, 0.0, 0.0, 0.0, 0.0, 0.0, 0.0, 0.0, 0.0, 0.0, 0.0, 0.0, 0.0, 0.0, 0.0, 0.0, 0.0, 0.0, 0.0, 0.0, 0.0, 0.0, 0.0, 0.0, 0.0, 0.0, 0.0, 0.0, 0.0, 0.0, 0.0, 0.0, 0.0, 0.0, 0.0, 0.0], [0.0, 0.0, -4.1982040885649266, 0.0, -18.933284151146335, 52.95098703206339, -23.190377915021777, 0.0, 0.0, 0.0, 0.0, 0.0, 0.0, 0.0, 0.0, 0.0, 0.0, 0.0, 0.0, 0.0, 0.0, 0.0, -3.372587972707575, 5.339887162353855, 0.0, 2.59474257701333, -4.852475890256394, 0.0, 0.0, 0.0, 0.0, 0.0, 0.0, 0.0, 0.0, 0.0, 0.0, 0.0, 0.0, 0.0, 0.0, 0.0, 0.0, 0.0, 0.0, 0.0, 0.0, 0.0, 0.0, 0.0, 0.0, 0.0, 0.0, 0.0, 0.0, 0.0, 0.0, 0.0, 0.0, 0.0, 0.0, 0.0, 0.0, 0.0, 0.0, 0.0, 0.0, 0.0, 0.0, 0.0, 0.0, 0.0, 0.0, 0.0, 0.0, 0.0, 0.0, 0.0, -0.6310149780126811, 0.0, 0.13518038620155987, 0.0, 0.0, 0.0]]",(x0)' =  22.370 x0 + -52.316 x1 +  18.437 x2 +  4.277 x4 +  3.132 x0 x1 + -3.050 x1 x2 +  0.512 x0 x1 x2 +  0.879 x0 x4^2 +  0.033 x1^3 + -0.835 x1 x4^2 | (x1)' =  37.206 x0 + -43.037 x2 +  12.518 x3 + -5.570 x4 + -3.190 x0 x1 +  3.078 x1 x2 | (x2)' = -12.292 x0 +  41.906 x1 + -41.954 x3 +  12.308 x4 + -3.012 x1 x2 +  2.984 x2 x3 | (x3)' = -12.308 x1 +  41.918 x2 + -41.966 x4 +  12.326 x5 + -3.003 x2 x3 +  2.974 x3 x4 | (x4)' =  5.518 x1 + -12.562 x2 +  42.931 x3 + -37.162 x5 +  2.497 x2 x3 + -4.845 x3 x4 +  2.868 x4 x5 | (x5)' = -4.198 x1 + -18.933 x3 +  52.951 x4 + -23.190 x5 + -3.373 x3^2 +  5.340 x3 x4 +  2.595 x4^2 + -4.852 x4 x5 + -0.631 x3 x4 x5 +  0.135 x4^3
28,35.0,-0.0007537510658310451,36.85636440218341,1000.0,3,8,1,4.0,28.0,0,0.0,finite_difference,success,,97,1320,7.348484848484849,22.670560928061604,"[""1"", ""x0"", ""x1"", ""x2"", ""x3"", ""x4"", ""x5"", ""x6"", ""x7"", ""x0^2"", ""x0 x1"", ""x0 x2"", ""x0 x3"", ""x0 x4"", ""x0 x5"", ""x0 x6"", ""x0 x7"", ""x1^2"", ""x1 x2"", ""x1 x3"", ""x1 x4"", ""x1 x5"", ""x1 x6"", ""x1 x7"", ""x2^2"", ""x2 x3"", ""x2 x4"", ""x2 x5"", ""x2 x6"", ""x2 x7"", ""x3^2"", ""x3 x4"", ""x3 x5"", ""x3 x6"", ""x3 x7"", ""x4^2"", ""x4 x5"", ""x4 x6"", ""x4 x7"", ""x5^2"", ""x5 x6"", ""x5 x7"", ""x6^2"", ""x6 x7"", ""x7^2"", ""x0^3"", ""x0^2 x1"", ""x0^2 x2"", ""x0^2 x3"", ""x0^2 x4"", ""x0^2 x5"", ""x0^2 x6"", ""x0^2 x7"", ""x0 x1^2"", ""x0 x1 x2"", ""x0 x1 x3"", ""x0 x1 x4"", ""x0 x1 x5"", ""x0 x1 x6"", ""x0 x1 x7"", ""x0 x2^2"", ""x0 x2 x3"", ""x0 x2 x4"", ""x0 x2 x5"", ""x0 x2 x6"", ""x0 x2 x7"", ""x0 x3^2"", ""x0 x3 x4"", ""x0 x3 x5"", ""x0 x3 x6"", ""x0 x3 x7"", ""x0 x4^2"", ""x0 x4 x5"", ""x0 x4 x6"", ""x0 x4 x7"", ""x0 x5^2"", ""x0 x5 x6"", ""x0 x5 x7"", ""x0 x6^2"", ""x0 x6 x7"", ""x0 x7^2"", ""x1^3"", ""x1^2 x2"", ""x1^2 x3"", ""x1^2 x4"", ""x1^2 x5"", ""x1^2 x6"", ""x1^2 x7"", ""x1 x2^2"", ""x1 x2 x3"", ""x1 x2 x4"", ""x1 x2 x5"", ""x1 x2 x6"", ""x1 x2 x7"", ""x1 x3^2"", ""x1 x3 x4"", ""x1 x3 x5"", ""x1 x3 x6"", ""x1 x3 x7"", ""x1 x4^2"", ""x1 x4 x5"", ""x1 x4 x6"", ""x1 x4 x7"", ""x1 x5^2"", ""x1 x5 x6"", ""x1 x5 x7"", ""x1 x6^2"", ""x1 x6 x7"", ""x1 x7^2"", ""x2^3"", ""x2^2 x3"", ""x2^2 x4"", ""x2^2 x5"", ""x2^2 x6"", ""x2^2 x7"", ""x2 x3^2"", ""x2 x3 x4"", ""x2 x3 x5"", ""x2 x3 x6"", ""x2 x3 x7"", ""x2 x4^2"", ""x2 x4 x5"", ""x2 x4 x6"", ""x2 x4 x7"", ""x2 x5^2"", ""x2 x5 x6"", ""x2 x5 x7"", ""x2 x6^2"", ""x2 x6 x7"", ""x2 x7^2"", ""x3^3"", ""x3^2 x4"", ""x3^2 x5"", ""x3^2 x6"", ""x3^2 x7"", ""x3 x4^2"", ""x3 x4 x5"", ""x3 x4 x6"", ""x3 x4 x7"", ""x3 x5^2"", ""x3 x5 x6"", ""x3 x5 x7"", ""x3 x6^2"", ""x3 x6 x7"", ""x3 x7^2"", ""x4^3"", ""x4^2 x5"", ""x4^2 x6"", ""x4^2 x7"", ""x4 x5^2"", ""x4 x5 x6"", ""x4 x5 x7"", ""x4 x6^2"", ""x4 x6 x7"", ""x4 x7^2"", ""x5^3"", ""x5^2 x6"", ""x5^2 x7"", ""x5 x6^2"", ""x5 x6 x7"", ""x5 x7^2"", ""x6^3"", ""x6^2 x7"", ""x6 x7^2"", ""x7^3""]","[[0.0, 630.6732187700064, -1561.3444657375294, 1883.1798821980399, -1473.755362381972, 594.9845359915837, 0.0, -107.95491418066216, 34.11091114495565, 0.0, 0.0, 0.0, 0.0, 0.0, 0.0, 0.0, 0.0, 0.0, 0.0, 0.0, 0.0, 0.0, 0.0, 0.0, 0.0, 0.0, 0.0, 0.0, 0.0, 0.0, 0.0, 0.0, 0.0, 0.0, 0.0, 0.0, 0.0, 0.0, 0.0, 0.0, 0.0, 0.0, 0.0, 0.0, 0.0, -0.7022712870990545, 1.208019874343598, 0.0, 0.0, 0.0, 0.0, 0.0, 0.0, 0.0, 0.0, 0.0, 0.0, 0.0, 0.0, 0.0, 0.0, 0.0, 0.0, 0.0, 0.0, 0.0, -1.4692070177267902, 4.622062436617855, -2.4479039856376685, 0.0, 0.0, -4.538001369980623, 4.761723428370023, 0.0, 0.0, -1.1440014624948962, 0.0, 0.0, 0.0, 0.0, 0.0, 2.9454668655719614, -12.070998450510524, 2.7184059754462573, 0.0, 0.0, 0.0, 0.0, 12.689219718749873, -4.182235501459556, 0.0, 0.0, 0.0, 0.0, 0.0, 0.0, 0.0, 0.0, 0.0, 0.0, 0.0, 0.0, 0.0, 0.0, 0.0, 0.0, 0.0, 0.0, 0.0, -4.111634764374235, 1.770938465559144, 0.0, 0.0, 0.0, 0.0, 0.0, 0.0, 0.0, 0.0, 0.0, 0.0, 0.0, 0.0, 0.0, 0.0, 0.0, 0.0, 0.0, -0.09634153052816387, 0.05471378034628986, 0.0, 0.0, 0.0, 0.0, 0.0, 0.0, 0.0, 0.0, 0.0, 0.0, 0.0, 0.0, 0.0, 0.0, 0.0, 0.0, 0.0, 0.0, 0.0, 0.0, 0.0, 0.0, 0.0, 0.0, 0.0, 0.0, 0.0, 0.0, 0.0, 0.0, 0.0, 0.0, 0.0, 0.0, 0.0], [0.0, 124.95429523069244, 0.23007316089991176, -125.37235503644244, 0.24584996577610058, -0.0446637794252996, -0.023102616954517104, 0.0, 0.011639233055670228, 0.0, 0.0, 0.0, 0.0, 0.0, 0.0, 0.0, 0.0, 0.0, 0.0, 0.0, 0.0, 0.0, 0.0, 0.0, 0.0, 0.0, 0.0, 0.0, 0.0, 0.0, 0.0, 0.0, 0.0, 0.0, 0.0, 0.0, 0.0, 0.0, 0.0, 0.0, 0.0, 0.0, 0.0, 0.0, 0.0, -0.0006933461526530123, 0.0, 0.0, 0.0, 0.0, 0.0, 0.0, 0.0, 0.0, 0.0, 0.0, 0.0, 0.0, 0.0, 0.0, 0.0, 0.0, 0.0, 0.0, 0.0, 0.0, 0.0, 0.0, 0.0, 0.0, 0.0, 0.0, -0.011380248899872889, 0.0, 0.0, 0.013045322562385712, 0.0, 0.0, 0.0, 0.0, 0.0, 0.0, 0.0, 0.0, 0.0, 0.0, 0.0, 0.0, 0.0, 0.0, 0.0, 0.0, 0.0, 0.0, 0.0, 0.0, 0.0, 0.0, 0.0, 0.0, 0.0, 0.0, 0.0, 0.0, 0.0, 0.0, 0.0, 0.0, 0.0, 0.001687404885233352, 0.0, 0.0, 0.0, 0.0, 0.0, 0.0, 0.0, 0.0, 0.0, 0.0, 0.0, 0.0, 0.0, 0.0, 0.0, 0.0, 0.0, 0.0, 0.0, -0.0027937231468216413, 0.0, 0.0, 0.0, 0.0, 0.0, 0.0, 0.0, 0.0, 0.0, 0.0, 0.0, 0.0, 0.0, 0.0, 0.0, 0.0, 0.0, 0.0, 0.0, 0.0, 0.0, 0.0, 0.0, 0.0, 0.0, 0.0, 0.0, 0.0, 0.0, 0.0, 0.0, 0.0, 0.0, 0.0, 0.0], [0.0, 0.061165733694245196, 124.84702040619055, 0.0, -124.59238720241677, -0.5104775882121696, 0.17250101408077312, 0.058760365022478826, -0.03540463843661149, 0.0, 0.0, 0.0, 0.0, 0.0, 0.0, 0.0, 0.0, 0.0, 0.0, 0.0, 0.0, 0.0, 0.0, 0.0, 0.0, 0.0, 0.0, 0.0, 0.0, 0.0, 0.0, 0.0, 0.0, 0.0, 0.0, 0.0, 0.0, 0.0, 0.0, 0.0, 0.0, 0.0, 0.0, 0.0, 0.0, 0.0, 0.0, 0.0, 0.0, 0.0, 0.0, 0.0, 0.0, 0.0, 0.0, 0.0, 0.0, 0.0, 0.0, 0.0, 0.0, 0.0, 0.0, 0.0, 0.0, 0.0, 0.0, 0.0, 0.0, 0.0, 0.0, 0.0, 0.0, 0.0, 0.0, 0.0, 0.0, 0.0, 0.0, 0.0, 0.0, 0.0, 0.0, 0.0, 0.0, 0.0, 0.0, 0.0, 0.0, 0.0, 0.0, 0.0, 0.0, 0.0, 0.0, 0.0, 0.0, 0.0, 0.0, 0.0, 0.0, 0.0, 0.0, 0.0, 0.0, 0.0, 0.0, 0.0, 0.0, 0.0, 0.0, 0.0, 0.0, 0.0, 0.0, 0.0, 0.0, 0.0, 0.0, 0.0, 0.0, 0.0, 0.0, 0.0, 0.0, 0.0, 0.0, 0.0, 0.0, 0.0, 0.0, 0.0, 0.0, 0.0, 0.0, 0.0, 0.0, 0.0, 0.0, 0.0, 0.0, 0.0, 0.0, 0.0, 0.0, 0.0, 0.0, 0.0, 0.0, 0.0, 0.0, 0.0, 0.0, 0.0, 0.0, 0.0, 0.0, 0.0, 0.0, 0.0, 0.0, 0.0, 0.0, 0.0, 0.0], [0.0, 0.1741484070443189, -0.6262079002781658, 125.71798707780948, 0.0, -125.6067307948893, 0.44050668168379076, -0.09886637861806252, 0.0, 0.0, 0.0, 0.0, 0.0, 0.0, 0.0, 0.0, 0.0, 0.0, 0.0, 0.0, 0.0, 0.0, 0.0, 0.0, 0.0, 0.0, 0.0, 0.0, 0.0, 0.0, 0.0, 0.0, 0.0, 0.0, 0.0, 0.0, 0.0, 0.0, 0.0, 0.0, 0.0, 0.0, 0.0, 0.0, 0.0, 0.0, 0.0, 0.0, 0.0, 0.0, 0.0, 0.0, 0.0, 0.0, 0.0, 0.0, 0.0, 0.0, 0.0, 0.0, 0.0, 0.0, 0.0, 0.0, 0.0, 0.0, 0.0, 0.0, 0.0, 0.0, 0.0, 0.0, 0.0, 0.0, 0.0, 0.0, 0.0, 0.0, 0.0, 0.0, 0.0, 0.0, 0.0, 0.0, 0.0, 0.0, 0.0, 0.0, 0.0, 0.0, 0.0, 0.0, 0.0, 0.0, 0.0, 0.0, 0.0, 0.0, 0.0, 0.0, 0.0, 0.0, 0.0, 0.0, 0.0, 0.0, 0.0, 0.0, 0.0, 0.0, 0.0, 0.0, 0.0, 0.0, 0.0, 0.0, 0.0, 0.0, 0.0, 0.0, 0.0, 0.0, 0.0, 0.0, 0.0, 0.0, 0.0, 0.0, 0.0, 0.0, 0.0, 0.0, 0.0, 0.0, 0.0, 0.0, 0.0, 0.0, 0.0, 0.0, 0.0, 0.0, 0.0, 0.0, 0.0, 0.0, 0.0, 0.0, 0.0, 0.0, 0.0, 0.0, 0.0, 0.0, 0.0, 0.0, 0.0, 0.0, 0.0, 0.0, 0.0, 0.0, 0.0, 0.0, 0.0], [0.0, 0.0, 0.08849268343835907, -0.41433645473287906, 125.58030665637665, 0.0, -125.68221204323729, 0.595422863694923, -0.16853175197865, 0.0, 0.0, 0.0, 0.0, 0.0, 0.0, 0.0, 0.0, 0.0, 0.0, 0.0, 0.0, 0.0, 0.0, 0.0, 0.0, 0.0, 0.0, 0.0, 0.0, 0.0, 0.0, 0.0, 0.0, 0.0, 0.0, 0.0, 0.0, 0.0, 0.0, 0.0, 0.0, 0.0, 0.0, 0.0, 0.0, 0.0, 0.0, 0.0, 0.0, 0.0, 0.0, 0.0, 0.0, 0.0, 0.0, 0.0, 0.0, 0.0, 0.0, 0.0, 0.0, 0.0, 0.0, 0.0, 0.0, 0.0, 0.0, 0.0, 0.0, 0.0, 0.0, 0.0, 0.0, 0.0, 0.0, 0.0, 0.0, 0.0, 0.0, 0.0, 0.0, 0.0, 0.0, 0.0, 0.0, 0.0, 0.0, 0.0, 0.0, 0.0, 0.0, 0.0, 0.0, 0.0, 0.0, 0.0, 0.0, 0.0, 0.0, 0.0, 0.0, 0.0, 0.0, 0.0, 0.0, 0.0, 0.0, 0.0, 0.0, 0.0, 0.0, 0.0, 0.0, 0.0, 0.0, 0.0, 0.0, 0.0, 0.0, 0.0, 0.0, 0.0, 0.0, 0.0, 0.0, 0.0, 0.0, 0.0, 0.0, 0.0, 0.0, 0.0, 0.0, 0.0, 0.0, 0.0, 0.0, 0.0, 0.0, 0.0, 0.0, 0.0, 0.0, 0.0, 0.0, 0.0, 0.0, 0.0, 0.0, 0.0, 0.0, 0.0, 0.0, 0.0, 0.0, 0.0, 0.0, 0.0, 0.0, 0.0, 0.0, 0.0, 0.0, 0.0, 0.0], [0.0, -0.11851750905090781, 0.5185676373660977, -1.047172889120067, 1.1355754153232551, 124.42995138351215, 0.0, -124.88328750110692, -0.036622226891856985, 0.0, 0.0, 0.0, 0.0, 0.0, 0.0, 0.0, 0.0, 0.0, 0.0, 0.0, 0.0, 0.0, 0.0, 0.0, 0.0, 0.0, 0.0, 0.0, 0.0, 0.0, 0.0, 0.0, 0.0, 0.0, 0.0, 0.0, 0.0, 0.0, 0.0, 0.0, 0.0, 0.0, 0.0, 0.0, 0.0, 0.0, 0.0, 0.0, 0.0, 0.0, 0.0, 0.0, 0.0, 0.0, 0.0, 0.0, 0.0, 0.0, 0.0, 0.0, 0.0, 0.0, 0.0, 0.0, 0.0, 0.0, 0.0, 0.0, 0.0, 0.0, 0.0, 0.0, 0.0, 0.0, 0.0, 0.0, 0.0, 0.0, 0.0, 0.0, 0.0, 0.0, 0.0, 0.0, 0.0, 0.0, 0.0, 0.0, 0.0, 0.0, 0.0, 0.0, 0.0, 0.0, 0.0, 0.0, 0.0, 0.0, 0.0, 0.0, 0.0, 0.0, 0.0, 0.0, 0.0, 0.0, 0.0, 0.0, 0.0, 0.0, 0.0, 0.0, 0.0, 0.0, 0.0, 0.0, 0.0, 0.0, 0.0, 0.0, 0.0, 0.0, 0.0, 0.0, 0.0, 0.0, 0.0, 0.0, 0.0, 0.0, 0.0, 0.0, 0.0, 0.0, 0.0, 0.0, 0.0, 0.0, 0.0, 0.0, 0.0, 0.0, 0.0, 0.0, 0.0, 0.0, 0.0, 0.0, 0.0, 0.0, 0.0, 0.0, 0.0, 0.0, 0.0, 0.0, 0.0, 0.0, 0.0, 0.0, 0.0, 0.0, 0.0, 0.0, 0.0], [0.0, -0.02756605462610109, 0.0, 0.1545985336358411, -0.1451574247629224, -0.3169405683078251, 125.763806514952, -0.5959295756359997, -124.8349861528975, 0.0, 0.0, 0.0, 0.0, 0.0, 0.0, 0.0, 0.0, 0.0, 0.0, 0.0, 0.0, 0.0, 0.0, 0.0, 0.0, 0.0, 0.0, 0.0, 0.0, 0.0, 0.0, 0.0, 0.0, 0.0, 0.0, 0.0, 0.0, 0.0, 0.0, 0.0, 0.0, 0.0, 0.0, 0.0, 0.0, 0.0, 0.0, 0.0, 0.0, 0.0, 0.0006601539339864936, 0.0, 0.0, 0.0, 0.0, 0.0, 0.0, 0.0, 0.0, 0.0, 0.0, 0.0, 0.0, 0.0, 0.0, 0.0, 0.0, 0.0, 0.0, 0.0, 0.0, 0.0, 0.0, 0.0, 0.0, 0.0, 0.0, 0.0, 0.0, 0.0, 0.0, 0.0, 0.0, 0.0, 0.0, 0.0, 0.0, 0.0, 0.0, 0.0, 0.0, 0.0, 0.0, 0.0, 0.0, 0.0, 0.0, 0.0, 0.0, 0.0, 0.0, 0.0, 0.0, 0.0, 0.0, 0.0, 0.0, 0.0, 0.0, 0.0, 0.0, 0.0, 0.0, 0.0, -0.0004877988421627569, 0.0, 0.0, 0.0, 0.0, -0.0009510600077351527, 0.0, 0.0, 0.0, 0.0, 0.0, 0.0, 0.0, 0.0, 0.0, 0.0, 0.0, 0.0, 0.0, 0.0, 0.0, 0.0, 0.0, 0.0, 0.0, 0.0, 0.0, 0.0, 0.0, 0.0, 0.0, 0.0, 0.0, 0.0, 0.0, 0.0, 0.0, 0.0, 0.0, 0.0, 0.0, 0.0006478374092780973, 0.0, 0.0, 0.0, 0.0, 0.0, 0.0, 0.0, 0.0, 0.0002930242358557175], [0.0, -34.06030967689461, 107.76635071182943, 0.0, -593.3118689822181, 1469.5298477762678, -1878.4433126428194, 1558.7841844320735, -630.1535426265954, 0.0, 0.0, 0.0, 0.0, 0.0, 0.0, 0.0, 0.0, 0.0, 0.0, 0.0, 0.0, 0.0, 0.0, 0.0, 0.0, 0.0, 0.0, 0.0, 0.0, 0.0, 0.0, 0.0, 0.0, 0.0, 0.0, 0.0, 0.0, 0.0, 0.0, 0.0, 0.0, 0.0, 0.0, 0.0, 0.0, 0.0, 0.0, 0.0, 0.0, 0.0, 0.07491323177938844, 0.0, 0.0, 0.0, 0.0, 0.0, 0.0, -0.07480573728188855, 0.0, 0.0, 0.0, 0.0, 0.0, 0.0, 0.0, 0.0, 0.0, 0.0, 0.0, 0.0, 0.0, 0.0, 0.0, 0.0, 0.0, 0.0, 0.0, 0.0, 0.0, 0.0, 0.0, 0.0, 0.0, 0.0, 0.0, 0.0, 0.0, 0.0, 0.0, 0.0, 0.0, 0.0, 0.0, 0.0, 0.0, 0.0, 0.0, 0.0, 0.0, 0.0, 0.0, 0.0, 0.0, 0.0, 0.0, 0.0, 0.0, 0.0, 0.0, 0.0, 0.0, 0.0, 0.0, 0.0, -0.8682371474891045, 0.0, 0.0, 0.0, 0.0, 3.3165708993617153, 0.0, 0.0, 0.0, -1.5715692520586344, 0.0, 0.0, 0.0, 0.0, 0.0, 0.0, 0.0, 0.0, 0.0, 0.0, -2.979533680075581, 0.0, 0.0, 0.0, 2.207818842366795, 0.0, 0.0, 0.0, 0.0, 0.0, 0.0, 0.0, 0.0, 0.0, 0.0, -0.8823376684727668, 1.8252455550381885, 0.0, -0.3021429052654896, 0.0, 0.0, 1.482180451694976, -3.7257026280653895, 0.0, 1.4090744197233003, 0.0, 0.0, 0.5220830975040364, 0.0, -0.9610107832902027, 0.5208884477651218]]",(x0)' =  630.673 x0 + -1561.344 x1 +  1883.180 x2 + -1473.755 x3 +  594.985 x4 + -107.955 x6 +  34.111 x7 + -0.702 x0^3 +  1.208 x0^2 x1 + -1.469 x0 x3^2 +  4.622 x0 x3 x4 + -2.448 x0 x3 x5 + -4.538 x0 x4^2 +  4.762 x0 x4 x5 + -1.144 x0 x5^2 +  2.945 x1^3 + -12.071 x1^2 x2 +  2.718 x1^2 x3 +  12.689 x1 x2^2 + -4.182 x1 x2 x3 + -4.112 x2^3 +  1.771 x2^2 x3 + -0.096 x2 x6 x7 +  0.055 x2 x7^2 | (x1)' =  124.954 x0 +  0.230 x1 + -125.372 x2 +  0.246 x3 + -0.045 x4 + -0.023 x5 +  0.012 x7 + -0.001 x0^3 + -0.011 x0 x4 x5 +  0.013 x0 x5^2 +  0.002 x2^3 + -0.003 x2 x7^2 | (x2)' =  0.061 x0 +  124.847 x1 + -124.592 x3 + -0.510 x4 +  0.173 x5 +  0.059 x6 + -0.035 x7 | (x3)' =  0.174 x0 + -0.626 x1 +  125.718 x2 + -125.607 x4 +  0.441 x5 + -0.099 x6 | (x4)' =  0.088 x1 + -0.414 x2 +  125.580 x3 + -125.682 x5 +  0.595 x6 + -0.169 x7 | (x5)' = -0.119 x0 +  0.519 x1 + -1.047 x2 +  1.136 x3 +  124.430 x4 + -124.883 x6 + -0.037 x7 | (x6)' = -0.028 x0 +  0.155 x2 + -0.145 x3 + -0.317 x4 +  125.764 x5 + -0.596 x6 + -124.835 x7 +  0.001 x0^2 x5 + -0.001 x2 x3 x7 +  0.001 x5^3 | (x7)' = -34.060 x0 +  107.766 x1 + -593.312 x3 +  1469.530 x4 + -1878.443 x5 +  1558.784 x6 + -630.154 x7 +  0.075 x0^2 x5 + -0.075 x0 x1 x5 + -0.868 x2^2 x7 +  3.317 x2 x3 x7 + -1.572 x2 x4 x7 + -2.980 x3^2 x7 +  2.208 x3 x4 x7 + -0.882 x4 x5^2 +  1.825 x4 x5 x6 + -0.302 x4 x6^2 +  1.482 x5^3 + -3.726 x5^2 x6 +  1.409 x5 x6^2 +  0.522 x6^3 + -0.961 x6 x7^2 +  0.521 x7^3
29,35.0,-0.0007537510658310451,36.85636440218341,1000.0,3,8,1,4.0,28.0,5,20.0,smoothed_finite_difference_savgol_order_3,success,,97,1320,7.348484848484849,29.20667116343975,"[""1"", ""x0"", ""x1"", ""x2"", ""x3"", ""x4"", ""x5"", ""x6"", ""x7"", ""x0^2"", ""x0 x1"", ""x0 x2"", ""x0 x3"", ""x0 x4"", ""x0 x5"", ""x0 x6"", ""x0 x7"", ""x1^2"", ""x1 x2"", ""x1 x3"", ""x1 x4"", ""x1 x5"", ""x1 x6"", ""x1 x7"", ""x2^2"", ""x2 x3"", ""x2 x4"", ""x2 x5"", ""x2 x6"", ""x2 x7"", ""x3^2"", ""x3 x4"", ""x3 x5"", ""x3 x6"", ""x3 x7"", ""x4^2"", ""x4 x5"", ""x4 x6"", ""x4 x7"", ""x5^2"", ""x5 x6"", ""x5 x7"", ""x6^2"", ""x6 x7"", ""x7^2"", ""x0^3"", ""x0^2 x1"", ""x0^2 x2"", ""x0^2 x3"", ""x0^2 x4"", ""x0^2 x5"", ""x0^2 x6"", ""x0^2 x7"", ""x0 x1^2"", ""x0 x1 x2"", ""x0 x1 x3"", ""x0 x1 x4"", ""x0 x1 x5"", ""x0 x1 x6"", ""x0 x1 x7"", ""x0 x2^2"", ""x0 x2 x3"", ""x0 x2 x4"", ""x0 x2 x5"", ""x0 x2 x6"", ""x0 x2 x7"", ""x0 x3^2"", ""x0 x3 x4"", ""x0 x3 x5"", ""x0 x3 x6"", ""x0 x3 x7"", ""x0 x4^2"", ""x0 x4 x5"", ""x0 x4 x6"", ""x0 x4 x7"", ""x0 x5^2"", ""x0 x5 x6"", ""x0 x5 x7"", ""x0 x6^2"", ""x0 x6 x7"", ""x0 x7^2"", ""x1^3"", ""x1^2 x2"", ""x1^2 x3"", ""x1^2 x4"", ""x1^2 x5"", ""x1^2 x6"", ""x1^2 x7"", ""x1 x2^2"", ""x1 x2 x3"", ""x1 x2 x4"", ""x1 x2 x5"", ""x1 x2 x6"", ""x1 x2 x7"", ""x1 x3^2"", ""x1 x3 x4"", ""x1 x3 x5"", ""x1 x3 x6"", ""x1 x3 x7"", ""x1 x4^2"", ""x1 x4 x5"", ""x1 x4 x6"", ""x1 x4 x7"", ""x1 x5^2"", ""x1 x5 x6"", ""x1 x5 x7"", ""x1 x6^2"", ""x1 x6 x7"", ""x1 x7^2"", ""x2^3"", ""x2^2 x3"", ""x2^2 x4"", ""x2^2 x5"", ""x2^2 x6"", ""x2^2 x7"", ""x2 x3^2"", ""x2 x3 x4"", ""x2 x3 x5"", ""x2 x3 x6"", ""x2 x3 x7"", ""x2 x4^2"", ""x2 x4 x5"", ""x2 x4 x6"", ""x2 x4 x7"", ""x2 x5^2"", ""x2 x5 x6"", ""x2 x5 x7"", ""x2 x6^2"", ""x2 x6 x7"", ""x2 x7^2"", ""x3^3"", ""x3^2 x4"", ""x3^2 x5"", ""x3^2 x6"", ""x3^2 x7"", ""x3 x4^2"", ""x3 x4 x5"", ""x3 x4 x6"", ""x3 x4 x7"", ""x3 x5^2"", ""x3 x5 x6"", ""x3 x5 x7"", ""x3 x6^2"", ""x3 x6 x7"", ""x3 x7^2"", ""x4^3"", ""x4^2 x5"", ""x4^2 x6"", ""x4^2 x7"", ""x4 x5^2"", ""x4 x5 x6"", ""x4 x5 x7"", ""x4 x6^2"", ""x4 x6 x7"", ""x4 x7^2"", ""x5^3"", ""x5^2 x6"", ""x5^2 x7"", ""x5 x6^2"", ""x5 x6 x7"", ""x5 x7^2"", ""x6^3"", ""x6^2 x7"", ""x6 x7^2"", ""x7^3""]","[[0.0, 640.1196850913273, -1601.5183564583883, 1955.642767036654, -1541.7808623603514, 625.1511436554259, 0.0, -113.2849371828635, 35.581880367676575, 0.0, 0.0, 0.0, 0.0, 0.0, 0.0, 0.0, 0.0, 0.0, 0.0, 0.0, 0.0, 0.0, 0.0, 0.0, 0.0, 0.0, 0.0, 0.0, 0.0, 0.0, 0.0, 0.0, 0.0, 0.0, 0.0, 0.0, 0.0, 0.0, 0.0, 0.0, 0.0, 0.0, 0.0, 0.0, 0.0, -0.2740020762995494, 0.39002394561081283, 0.0, 0.0, 0.0, 0.0, 0.0, 0.0, 0.0, 0.0, 0.0, 0.0, 0.0, 0.0, 0.0, 0.0, 0.0, 0.0, 0.0, 0.0, 0.0, -0.3914951059046225, 3.0459434825344376, -1.9871966097101146, 0.0, 0.0, -3.8669797541269832, 4.210249095881308, 0.0, 0.0, -1.0075050898988893, 0.0, 0.0, 0.0, 0.0, 0.0, 1.9301056493182334, -5.656730301073004, 1.3842655467776288, 0.0, 0.0, 0.0, 0.0, 3.9232519604269434, -1.0804237005399333, 0.0, 0.0, 0.0, 0.0, 0.0, 0.0, 0.0, 0.0, 0.0, 0.0, 0.0, 0.0, 0.0, 0.0, 0.0, 0.0, 0.0, 0.0, 0.0, -0.9081416276307501, 0.3322882437078487, 0.0, 0.0, 0.0, 0.0, 0.0, 0.0, 0.0, 0.0, 0.0, 0.0, 0.0, 0.0, 0.0, 0.0, 0.0, 0.0, 0.0, -0.0697637781821636, 0.03273671775839713, 0.0, 0.0, 0.0, 0.0, 0.0, 0.0, 0.0, 0.0, 0.0, 0.0, 0.0, 0.0, 0.0, 0.0, 0.0, 0.0, 0.0, 0.0, 0.0, 0.0, 0.0, 0.0, 0.0, 0.0, 0.0, 0.0, 0.0, 0.0, 0.0, 0.0, 0.0, 0.0, 0.0, 0.0, 0.0], [0.0, 124.83525495521187, 0.762408978212576, -126.3960548939168, 1.3401081198191496, -0.7228361330636239, 0.18302924963455258, 0.0, -0.00010172998582234138, 0.0, 0.0, 0.0, 0.0, 0.0, 0.0, 0.0, 0.0, 0.0, 0.0, 0.0, 0.0, 0.0, 0.0, 0.0, 0.0, 0.0, 0.0, 0.0, 0.0, 0.0, 0.0, 0.0, 0.0, 0.0, 0.0, 0.0, 0.0, 0.0, 0.0, 0.0, 0.0, 0.0, 0.0, 0.0, 0.0, -0.0007967871033923804, 0.0, 0.0, 0.0, 0.0, 0.0, 0.0, 0.0, 0.0, 0.0, 0.0, 0.0, 0.0, 0.0, 0.0, 0.0, 0.0, 0.0, 0.0, 0.0, 0.0, 0.0, 0.0, 0.0, 0.0, 0.0, 0.0, -0.012140071867822908, 0.0, 0.0, 0.014299235019778783, 0.0, 0.0, 0.0, 0.0, 0.0, 0.0, 0.0, 0.0, 0.0, 0.0, 0.0, 0.0, 0.0, 0.0, 0.0, 0.0, 0.0, 0.0, 0.0, 0.0, 0.0, 0.0, 0.0, 0.0, 0.0, 0.0, 0.0, 0.0, 0.0, 0.0, 0.0, 0.0, 0.0, 0.001794978607086164, 0.0, 0.0, 0.0, 0.0, 0.0, 0.0, 0.0, 0.0, 0.0, 0.0, 0.0, 0.0, 0.0, 0.0, 0.0, 0.0, 0.0, 0.0, 0.0, -0.0032900649086539196, 0.0, 0.0, 0.0, 0.0, 0.0, 0.0, 0.0, 0.0, 0.0, 0.0, 0.0, 0.0, 0.0, 0.0, 0.0, 0.0, 0.0, 0.0, 0.0, 0.0, 0.0, 0.0, 0.0, 0.0, 0.0, 0.0, 0.0, 0.0, 0.0, 0.0, 0.0, 0.0, 0.0, 0.0, 0.0], [0.0, 0.10232950104159683, 124.74510877397263, 0.0, -124.33643989244045, -0.8201362155927233, 0.25559784027883026, 0.12851084777702496, -0.07357098412233792, 0.0, 0.0, 0.0, 0.0, 0.0, 0.0, 0.0, 0.0, 0.0, 0.0, 0.0, 0.0, 0.0, 0.0, 0.0, 0.0, 0.0, 0.0, 0.0, 0.0, 0.0, 0.0, 0.0, 0.0, 0.0, 0.0, 0.0, 0.0, 0.0, 0.0, 0.0, 0.0, 0.0, 0.0, 0.0, 0.0, 0.0, 0.0, 0.0, 0.0, 0.0, 0.0, 0.0, 0.0, 0.0, 0.0, 0.0, 0.0, 0.0, 0.0, 0.0, 0.0, 0.0, 0.0, 0.0, 0.0, 0.0, 0.0, 0.0, 0.0, 0.0, 0.0, 0.0, 0.0, 0.0, 0.0, 0.0, 0.0, 0.0, 0.0, 0.0, 0.0, 0.0, 0.0, 0.0, 0.0, 0.0, 0.0, 0.0, 0.0, 0.0, 0.0, 0.0, 0.0, 0.0, 0.0, 0.0, 0.0, 0.0, 0.0, 0.0, 0.0, 0.0, 0.0, 0.0, 0.0, 0.0, 0.0, 0.0, 0.0, 0.0, 0.0, 0.0, 0.0, 0.0, 0.0, 0.0, 0.0, 0.0, 0.0, 0.0, 0.0, 0.0, 0.0, 0.0, 0.0, 0.0, 0.0, 0.0, 0.0, 0.0, 0.0, 0.0, 0.0, 0.0, 0.0, 0.0, 0.0, 0.0, 0.0, 0.0, 0.0, 0.0, 0.0, 0.0, 0.0, 0.0, 0.0, 0.0, 0.0, 0.0, 0.0, 0.0, 0.0, 0.0, 0.0, 0.0, 0.0, 0.0, 0.0, 0.0, 0.0, 0.0, 0.0, 0.0, 0.0], [0.0, 0.3065956600083715, -1.0828202310555337, 126.23429750576437, 0.0, -126.09049572260611, 0.8411946891966277, -0.20763439676992293, 0.0, 0.0, 0.0, 0.0, 0.0, 0.0, 0.0, 0.0, 0.0, 0.0, 0.0, 0.0, 0.0, 0.0, 0.0, 0.0, 0.0, 0.0, 0.0, 0.0, 0.0, 0.0, 0.0, 0.0, 0.0, 0.0, 0.0, 0.0, 0.0, 0.0, 0.0, 0.0, 0.0, 0.0, 0.0, 0.0, 0.0, 0.0, 0.0, 0.0, 0.0, 0.0, 0.0, 0.0, 0.0, 0.0, 0.0, 0.0, 0.0, 0.0, 0.0, 0.0, 0.0, 0.0, 0.0, 0.0, 0.0, 0.0, 0.0, 0.0, 0.0, 0.0, 0.0, 0.0, 0.0, 0.0, 0.0, 0.0, 0.0, 0.0, 0.0, 0.0, 0.0, 0.0, 0.0, 0.0, 0.0, 0.0, 0.0, 0.0, 0.0, 0.0, 0.0, 0.0, 0.0, 0.0, 0.0, 0.0, 0.0, 0.0, 0.0, 0.0, 0.0, 0.0, 0.0, 0.0, 0.0, 0.0, 0.0, 0.0, 0.0, 0.0, 0.0, 0.0, 0.0, 0.0, 0.0, 0.0, 0.0, 0.0, 0.0, 0.0, 0.0, 0.0, 0.0, 0.0, 0.0, 0.0, 0.0, 0.0, 0.0, 0.0, 0.0, 0.0, 0.0, 0.0, 0.0, 0.0, 0.0, 0.0, 0.0, 0.0, 0.0, 0.0, 0.0, 0.0, 0.0, 0.0, 0.0, 0.0, 0.0, 0.0, 0.0, 0.0, 0.0, 0.0, 0.0, 0.0, 0.0, 0.0, 0.0, 0.0, 0.0, 0.0, 0.0, 0.0, 0.0], [0.0, 0.0, 0.15254954244264513, -0.6640536661347929, 125.89333928300242, 0.0, -126.02756127655826, 0.9034426509502135, -0.258867575350104, 0.0, 0.0, 0.0, 0.0, 0.0, 0.0, 0.0, 0.0, 0.0, 0.0, 0.0, 0.0, 0.0, 0.0, 0.0, 0.0, 0.0, 0.0, 0.0, 0.0, 0.0, 0.0, 0.0, 0.0, 0.0, 0.0, 0.0, 0.0, 0.0, 0.0, 0.0, 0.0, 0.0, 0.0, 0.0, 0.0, 0.0, 0.0, 0.0, 0.0, 0.0, 0.0, 0.0, 0.0, 0.0, 0.0, 0.0, 0.0, 0.0, 0.0, 0.0, 0.0, 0.0, 0.0, 0.0, 0.0, 0.0, 0.0, 0.0, 0.0, 0.0, 0.0, 0.0, 0.0, 0.0, 0.0, 0.0, 0.0, 0.0, 0.0, 0.0, 0.0, 0.0, 0.0, 0.0, 0.0, 0.0, 0.0, 0.0, 0.0, 0.0, 0.0, 0.0, 0.0, 0.0, 0.0, 0.0, 0.0, 0.0, 0.0, 0.0, 0.0, 0.0, 0.0, 0.0, 0.0, 0.0, 0.0, 0.0, 0.0, 0.0, 0.0, 0.0, 0.0, 0.0, 0.0, 0.0, 0.0, 0.0, 0.0, 0.0, 0.0, 0.0, 0.0, 0.0, 0.0, 0.0, 0.0, 0.0, 0.0, 0.0, 0.0, 0.0, 0.0, 0.0, 0.0, 0.0, 0.0, 0.0, 0.0, 0.0, 0.0, 0.0, 0.0, 0.0, 0.0, 0.0, 0.0, 0.0, 0.0, 0.0, 0.0, 0.0, 0.0, 0.0, 0.0, 0.0, 0.0, 0.0, 0.0, 0.0, 0.0, 0.0, 0.0, 0.0, 0.0], [0.0, -0.0864862545706091, 0.36916135603235173, -0.7507872948900364, 0.8125144751659102, 124.6110085353622, 0.0, -124.94471876051388, -0.012278393721347767, 0.0, 0.0, 0.0, 0.0, 0.0, 0.0, 0.0, 0.0, 0.0, 0.0, 0.0, 0.0, 0.0, 0.0, 0.0, 0.0, 0.0, 0.0, 0.0, 0.0, 0.0, 0.0, 0.0, 0.0, 0.0, 0.0, 0.0, 0.0, 0.0, 0.0, 0.0, 0.0, 0.0, 0.0, 0.0, 0.0, 0.0, 0.0, 0.0, 0.0, 0.0, 0.0, 0.0, 0.0, 0.0, 0.0, 0.0, 0.0, 0.0, 0.0, 0.0, 0.0, 0.0, 0.0, 0.0, 0.0, 0.0, 0.0, 0.0, 0.0, 0.0, 0.0, 0.0, 0.0, 0.0, 0.0, 0.0, 0.0, 0.0, 0.0, 0.0, 0.0, 0.0, 0.0, 0.0, 0.0, 0.0, 0.0, 0.0, 0.0, 0.0, 0.0, 0.0, 0.0, 0.0, 0.0, 0.0, 0.0, 0.0, 0.0, 0.0, 0.0, 0.0, 0.0, 0.0, 0.0, 0.0, 0.0, 0.0, 0.0, 0.0, 0.0, 0.0, 0.0, 0.0, 0.0, 0.0, 0.0, 0.0, 0.0, 0.0, 0.0, 0.0, 0.0, 0.0, 0.0, 0.0, 0.0, 0.0, 0.0, 0.0, 0.0, 0.0, 0.0, 0.0, 0.0, 0.0, 0.0, 0.0, 0.0, 0.0, 0.0, 0.0, 0.0, 0.0, 0.0, 0.0, 0.0, 0.0, 0.0, 0.0, 0.0, 0.0, 0.0, 0.0, 0.0, 0.0, 0.0, 0.0, 0.0, 0.0, 0.0, 0.0, 0.0, 0.0, 0.0], [0.0, -0.04025693942665564, 0.0, 0.2139582921408321, -0.1076747408168541, -0.7468258940054796, 126.4835121137057, -1.1142757025081802, -124.69071352475437, 0.0, 0.0, 0.0, 0.0, 0.0, 0.0, 0.0, 0.0, 0.0, 0.0, 0.0, 0.0, 0.0, 0.0, 0.0, 0.0, 0.0, 0.0, 0.0, 0.0, 0.0, 0.0, 0.0, 0.0, 0.0, 0.0, 0.0, 0.0, 0.0, 0.0, 0.0, 0.0, 0.0, 0.0, 0.0, 0.0, 0.0, 0.0, 0.0, 0.0, 0.0, 0.000864978772907792, 0.0, 0.0, 0.0, 0.0, 0.0, 0.0, 0.0, 0.0, 0.0, 0.0, 0.0, 0.0, 0.0, 0.0, 0.0, 0.0, 0.0, 0.0, 0.0, 0.0, 0.0, 0.0, 0.0, 0.0, 0.0, 0.0, 0.0, 0.0, 0.0, 0.0, 0.0, 0.0, 0.0, 0.0, 0.0, 0.0, 0.0, 0.0, 0.0, 0.0, 0.0, 0.0, 0.0, 0.0, 0.0, 0.0, 0.0, 0.0, 0.0, 0.0, 0.0, 0.0, 0.0, 0.0, 0.0, 0.0, 0.0, 0.0, 0.0, 0.0, 0.0, 0.0, 0.0, -0.0011736957164153244, 0.0, 0.0, 0.0, 0.0, -0.00069811085278282, 0.0, 0.0, 0.0, 0.0, 0.0, 0.0, 0.0, 0.0, 0.0, 0.0, 0.0, 0.0, 0.0, 0.0, 0.0, 0.0, 0.0, 0.0, 0.0, 0.0, 0.0, 0.0, 0.0, 0.0, 0.0, 0.0, 0.0, 0.0, 0.0, 0.0, 0.0, 0.0, 0.0, 0.0, 0.0, 0.0008796469090930784, 0.0, 0.0, 0.0, 0.0, 0.0, 0.0, 0.0, 0.0, 0.0002820385976237274], [0.0, -35.536055068452676, 113.07846093506194, 0.0, -623.2592304455599, 1537.0541926649144, -1950.4198214096518, 1598.7290231074742, -639.5559949011982, 0.0, 0.0, 0.0, 0.0, 0.0, 0.0, 0.0, 0.0, 0.0, 0.0, 0.0, 0.0, 0.0, 0.0, 0.0, 0.0, 0.0, 0.0, 0.0, 0.0, 0.0, 0.0, 0.0, 0.0, 0.0, 0.0, 0.0, 0.0, 0.0, 0.0, 0.0, 0.0, 0.0, 0.0, 0.0, 0.0, 0.0, 0.0, 0.0, 0.0, 0.0, 0.08291735054172009, 0.0, 0.0, 0.0, 0.0, 0.0, 0.0, -0.08084996037777814, 0.0, 0.0, 0.0, 0.0, 0.0, 0.0, 0.0, 0.0, 0.0, 0.0, 0.0, 0.0, 0.0, 0.0, 0.0, 0.0, 0.0, 0.0, 0.0, 0.0, 0.0, 0.0, 0.0, 0.0, 0.0, 0.0, 0.0, 0.0, 0.0, 0.0, 0.0, 0.0, 0.0, 0.0, 0.0, 0.0, 0.0, 0.0, 0.0, 0.0, 0.0, 0.0, 0.0, 0.0, 0.0, 0.0, 0.0, 0.0, 0.0, 0.0, 0.0, 0.0, 0.0, 0.0, 0.0, 0.0, -0.7715139645604849, 0.0, 0.0, 0.0, 0.0, 2.6761629679598586, 0.0, 0.0, 0.0, -1.236898309699836, 0.0, 0.0, 0.0, 0.0, 0.0, 0.0, 0.0, 0.0, 0.0, 0.0, -2.0979951681684197, 0.0, 0.0, 0.0, 1.4553905709362243, 0.0, 0.0, 0.0, 0.0, 0.0, 0.0, 0.0, 0.0, 0.0, 0.0, -0.39185094617373845, 0.6114305538426023, 0.0, 0.29291599416123015, 0.0, 0.0, 0.5592267745839488, -1.1406627288074231, 0.0, -0.31264606514446824, 0.0, 0.0, 0.6600610087084801, 0.0, -0.6971317876757962, 0.38631304979856834]]",(x0)' =  640.120 x0 + -1601.518 x1 +  1955.643 x2 + -1541.781 x3 +  625.151 x4 + -113.285 x6 +  35.582 x7 + -0.274 x0^3 +  0.390 x0^2 x1 + -0.391 x0 x3^2 +  3.046 x0 x3 x4 + -1.987 x0 x3 x5 + -3.867 x0 x4^2 +  4.210 x0 x4 x5 + -1.008 x0 x5^2 +  1.930 x1^3 + -5.657 x1^2 x2 +  1.384 x1^2 x3 +  3.923 x1 x2^2 + -1.080 x1 x2 x3 + -0.908 x2^3 +  0.332 x2^2 x3 + -0.070 x2 x6 x7 +  0.033 x2 x7^2 | (x1)' =  124.835 x0 +  0.762 x1 + -126.396 x2 +  1.340 x3 + -0.723 x4 +  0.183 x5 + -0.001 x0^3 + -0.012 x0 x4 x5 +  0.014 x0 x5^2 +  0.002 x2^3 + -0.003 x2 x7^2 | (x2)' =  0.102 x0 +  124.745 x1 + -124.336 x3 + -0.820 x4 +  0.256 x5 +  0.129 x6 + -0.074 x7 | (x3)' =  0.307 x0 + -1.083 x1 +  126.234 x2 + -126.090 x4 +  0.841 x5 + -0.208 x6 | (x4)' =  0.153 x1 + -0.664 x2 +  125.893 x3 + -126.028 x5 +  0.903 x6 + -0.259 x7 | (x5)' = -0.086 x0 +  0.369 x1 + -0.751 x2 +  0.813 x3 +  124.611 x4 + -124.945 x6 + -0.012 x7 | (x6)' = -0.040 x0 +  0.214 x2 + -0.108 x3 + -0.747 x4 +  126.484 x5 + -1.114 x6 + -124.691 x7 +  0.001 x0^2 x5 + -0.001 x2^2 x7 + -0.001 x2 x3 x7 +  0.001 x5^3 | (x7)' = -35.536 x0 +  113.078 x1 + -623.259 x3 +  1537.054 x4 + -1950.420 x5 +  1598.729 x6 + -639.556 x7 +  0.083 x0^2 x5 + -0.081 x0 x1 x5 + -0.772 x2^2 x7 +  2.676 x2 x3 x7 + -1.237 x2 x4 x7 + -2.098 x3^2 x7 +  1.455 x3 x4 x7 + -0.392 x4 x5^2 +  0.611 x4 x5 x6 +  0.293 x4 x6^2 +  0.559 x5^3 + -1.141 x5^2 x6 + -0.313 x5 x6^2 +  0.660 x6^3 + -0.697 x6 x7^2 +  0.386 x7^3
30,35.0,-0.0007537510658310451,36.85636440218341,1000.0,3,8,1,4.0,28.0,9,36.0,smoothed_finite_difference_savgol_order_3,success,,92,1320,6.96969696969697,29.28059899993241,"[""1"", ""x0"", ""x1"", ""x2"", ""x3"", ""x4"", ""x5"", ""x6"", ""x7"", ""x0^2"", ""x0 x1"", ""x0 x2"", ""x0 x3"", ""x0 x4"", ""x0 x5"", ""x0 x6"", ""x0 x7"", ""x1^2"", ""x1 x2"", ""x1 x3"", ""x1 x4"", ""x1 x5"", ""x1 x6"", ""x1 x7"", ""x2^2"", ""x2 x3"", ""x2 x4"", ""x2 x5"", ""x2 x6"", ""x2 x7"", ""x3^2"", ""x3 x4"", ""x3 x5"", ""x3 x6"", ""x3 x7"", ""x4^2"", ""x4 x5"", ""x4 x6"", ""x4 x7"", ""x5^2"", ""x5 x6"", ""x5 x7"", ""x6^2"", ""x6 x7"", ""x7^2"", ""x0^3"", ""x0^2 x1"", ""x0^2 x2"", ""x0^2 x3"", ""x0^2 x4"", ""x0^2 x5"", ""x0^2 x6"", ""x0^2 x7"", ""x0 x1^2"", ""x0 x1 x2"", ""x0 x1 x3"", ""x0 x1 x4"", ""x0 x1 x5"", ""x0 x1 x6"", ""x0 x1 x7"", ""x0 x2^2"", ""x0 x2 x3"", ""x0 x2 x4"", ""x0 x2 x5"", ""x0 x2 x6"", ""x0 x2 x7"", ""x0 x3^2"", ""x0 x3 x4"", ""x0 x3 x5"", ""x0 x3 x6"", ""x0 x3 x7"", ""x0 x4^2"", ""x0 x4 x5"", ""x0 x4 x6"", ""x0 x4 x7"", ""x0 x5^2"", ""x0 x5 x6"", ""x0 x5 x7"", ""x0 x6^2"", ""x0 x6 x7"", ""x0 x7^2"", ""x1^3"", ""x1^2 x2"", ""x1^2 x3"", ""x1^2 x4"", ""x1^2 x5"", ""x1^2 x6"", ""x1^2 x7"", ""x1 x2^2"", ""x1 x2 x3"", ""x1 x2 x4"", ""x1 x2 x5"", ""x1 x2 x6"", ""x1 x2 x7"", ""x1 x3^2"", ""x1 x3 x4"", ""x1 x3 x5"", ""x1 x3 x6"", ""x1 x3 x7"", ""x1 x4^2"", ""x1 x4 x5"", ""x1 x4 x6"", ""x1 x4 x7"", ""x1 x5^2"", ""x1 x5 x6"", ""x1 x5 x7"", ""x1 x6^2"", ""x1 x6 x7"", ""x1 x7^2"", ""x2^3"", ""x2^2 x3"", ""x2^2 x4"", ""x2^2 x5"", ""x2^2 x6"", ""x2^2 x7"", ""x2 x3^2"", ""x2 x3 x4"", ""x2 x3 x5"", ""x2 x3 x6"", ""x2 x3 x7"", ""x2 x4^2"", ""x2 x4 x5"", ""x2 x4 x6"", ""x2 x4 x7"", ""x2 x5^2"", ""x2 x5 x6"", ""x2 x5 x7"", ""x2 x6^2"", ""x2 x6 x7"", ""x2 x7^2"", ""x3^3"", ""x3^2 x4"", ""x3^2 x5"", ""x3^2 x6"", ""x3^2 x7"", ""x3 x4^2"", ""x3 x4 x5"", ""x3 x4 x6"", ""x3 x4 x7"", ""x3 x5^2"", ""x3 x5 x6"", ""x3 x5 x7"", ""x3 x6^2"", ""x3 x6 x7"", ""x3 x7^2"", ""x4^3"", ""x4^2 x5"", ""x4^2 x6"", ""x4^2 x7"", ""x4 x5^2"", ""x4 x5 x6"", ""x4 x5 x7"", ""x4 x6^2"", ""x4 x6 x7"", ""x4 x7^2"", ""x5^3"", ""x5^2 x6"", ""x5^2 x7"", ""x5 x6^2"", ""x5 x6 x7"", ""x5 x7^2"", ""x6^3"", ""x6^2 x7"", ""x6 x7^2"", ""x7^3""]","[[0.0, 303.69314212219035, 0.0, -1271.2657579872425, 1841.930186876694, -1057.5765471093612, 0.0, 276.5473714499169, -94.0139838803584, 0.0, 0.0, 0.0, 0.0, 0.0, 0.0, 0.0, 0.0, 0.0, 0.0, 0.0, 0.0, 0.0, 0.0, 0.0, 0.0, 0.0, 0.0, 0.0, 0.0, 0.0, 0.0, 0.0, 0.0, 0.0, 0.0, 0.0, 0.0, 0.0, 0.0, 0.0, 0.0, 0.0, 0.0, 0.0, 0.0, -5.727837058493705, 14.743701979616201, 0.0, 0.0, 0.0, 0.0, 0.0, 0.0, 0.0, 0.0, 0.0, 0.0, 0.0, 0.0, 0.0, 0.0, 0.0, 0.0, 0.0, 0.0, 0.0, 0.0, 31.641570400017667, -19.231197078288705, 0.0, 0.0, -81.68179005044003, 103.32168055352831, 0.0, 0.0, -8.506012519595245, -43.82919240263814, 0.0, 19.207089039034248, 0.0, 0.0, -12.230000358821723, -43.105038975969535, 0.0, 0.0, 0.0, 0.0, 0.0, 100.36907962949928, -36.35335582488575, 0.0, 0.0, 0.0, 0.0, 0.0, 0.0, 0.0, 0.0, 0.0, 0.0, 0.0, 0.0, 0.0, 0.0, 0.0, 0.0, 0.0, 0.0, 0.0, -32.386954829093945, 13.65242025434642, 0.0, 0.0, 0.0, 0.0, 0.0, 0.0, 0.0, 0.0, 0.0, 0.0, 0.0, 0.0, 0.0, 0.0, 0.0, 0.0, 0.0, 1.25879247688556, -1.084902905895201, 0.0, 0.0, 0.0, 0.0, 0.0, 0.0, 0.0, 0.0, 0.0, 0.0, 0.0, 0.0, 0.0, 0.0, 0.0, 0.0, 0.0, 0.0, 0.0, 0.0, 0.0, 0.0, 0.0, 0.0, 0.0, 0.0, 0.0, 0.0, 0.0, 0.0, 0.0, 0.0, 0.0, 0.0, 0.0], [0.0, 132.42928345623196, -35.21421594962812, -52.64705375028436, -81.22685401759388, 50.88798316331212, -15.01222215571198, 0.0, 0.8010544217974708, 0.0, 0.0, 0.0, 0.0, 0.0, 0.0, 0.0, 0.0, 0.0, 0.0, 0.0, 0.0, 0.0, 0.0, 0.0, 0.0, 0.0, 0.0, 0.0, 0.0, 0.0, 0.0, 0.0, 0.0, 0.0, 0.0, 0.0, 0.0, 0.0, 0.0, 0.0, 0.0, 0.0, 0.0, 0.0, 0.0, -0.001398081459370589, 0.0, 0.0, 0.0, 0.0, 0.0, 0.0, 0.0, 0.0, 0.0, 0.0, 0.0, 0.0, 0.0, 0.0, 0.0, 0.0, 0.0, 0.0, 0.0, 0.0, 0.0, 0.0, 0.0, 0.0, 0.0, 0.0, 0.0, 0.0, 0.0, 0.0, 0.0, 0.0, 0.0, 0.0, 0.0, 0.0, 0.0, 0.0, 0.0, 0.0, 0.0, 0.0, 0.0, 0.0, 0.0, 0.0, 0.0, 0.0, 0.0, 0.0, 0.0, 0.0, 0.0, 0.0, 0.0, 0.0, 0.0, 0.0, 0.0, 0.0, 0.0, 0.0, 0.0, 0.0, 0.0, 0.0, 0.0, 0.0, 0.0, 0.0, 0.0, 0.0, 0.0, 0.0, 0.0, 0.0, 0.0, 0.0, 0.0, 0.0, 0.0, 0.0, 0.0, 0.0, 0.0, 0.0, 0.0, 0.0, 0.0, 0.0, 0.0, 0.0, 0.0, 0.0, 0.0, 0.0, 0.0, 0.0, 0.0, 0.0, 0.0, 0.0, 0.0, 0.0, 0.0, 0.0, 0.0, 0.0, 0.0, 0.0, 0.0, 0.0, 0.0, 0.0, 0.0, 0.0, 0.0, 0.0, 0.0], [0.0, 1.8871922484693835, 119.8911056180485, 0.0, -108.14893308343822, -28.677279493566616, 22.755364998796313, -9.346237046695206, 1.647143927915494, 0.0, 0.0, 0.0, 0.0, 0.0, 0.0, 0.0, 0.0, 0.0, 0.0, 0.0, 0.0, 0.0, 0.0, 0.0, 0.0, 0.0, 0.0, 0.0, 0.0, 0.0, 0.0, 0.0, 0.0, 0.0, 0.0, 0.0, 0.0, 0.0, 0.0, 0.0, 0.0, 0.0, 0.0, 0.0, 0.0, 0.0, 0.0, 0.0, 0.0, 0.0, 0.0, 0.0, 0.0, 0.0, 0.0, 0.0, 0.0, 0.0, 0.0, 0.0, 0.0, 0.0, 0.0, 0.0, 0.0, 0.0, 0.0, 0.0, 0.0, 0.0, 0.0, 0.0, 0.0, 0.0, 0.0, 0.0, 0.0, 0.0, 0.0, 0.0, 0.0, 0.0, 0.0, 0.0, 0.0, 0.0, 0.0, 0.0, 0.0, 0.0, 0.0, 0.0, 0.0, 0.0, 0.0, 0.0, 0.0, 0.0, 0.0, 0.0, 0.0, 0.0, 0.0, 0.0, 0.0, 0.0, 0.0, 0.0, 0.0, 0.0, 0.0, 0.0, 0.0, 0.0, 0.0, 0.0, 0.0, 0.0, 0.0, 0.0, 0.0, 0.0, 0.0, 0.0, 0.0, 0.0, 0.0, 0.0, 0.0, 0.0, 0.0, 0.0, 0.0, 0.0, 0.0, 0.0, 0.0, 0.0, 0.0, 0.0, 0.0, 0.0, 0.0, 0.0, 0.0, 0.0, 0.0, 0.0, 0.0, 0.0, 0.0, 0.0, 0.0, 0.0, 0.0, 0.0, 0.0, 0.0, 0.0, 0.0, 0.0, 0.0, 0.0, 0.0, 0.0], [0.0, -1.7700218003734156, 8.392772728155409, 111.75984725554797, 0.0, -98.32596955070935, -36.53689394133341, 21.346925737870258, -4.868939234424672, 0.0, 0.0, 0.0, 0.0, 0.0, 0.0, 0.0, 0.0, 0.0, 0.0, 0.0, 0.0, 0.0, 0.0, 0.0, 0.0, 0.0, 0.0, 0.0, 0.0, 0.0, 0.0, 0.0, 0.0, 0.0, 0.0, 0.0, 0.0, 0.0, 0.0, 0.0, 0.0, 0.0, 0.0, 0.0, 0.0, 0.0, 0.0, 0.0, 0.0, 0.0, 0.0, 0.0, 0.0, 0.0, 0.0, 0.0, 0.0, 0.0, 0.0, 0.0, 0.0, 0.0, 0.0, 0.0, 0.0, 0.0, 0.0, 0.0, 0.0, 0.0, 0.0, 0.0, 0.0, 0.0, 0.0, 0.0, 0.0, 0.0, 0.0, 0.0, 0.0, 0.0, 0.0, 0.0, 0.0, 0.0, 0.0, 0.0, 0.0, 0.0, 0.0, 0.0, 0.0, 0.0, 0.0, 0.0, 0.0, 0.0, 0.0, 0.0, 0.0, 0.0, 0.0, 0.0, 0.0, 0.0, 0.0, 0.0, 0.0, 0.0, 0.0, 0.0, 0.0, 0.0, 0.0, 0.0, 0.0, 0.0, 0.0, 0.0, 0.0, 0.0, 0.0, 0.0, 0.0, 0.0, 0.0, 0.0, 0.0, 0.0, 0.0, 0.0, 0.0, 0.0, 0.0, 0.0, 0.0, 0.0, 0.0, 0.0, 0.0, 0.0, 0.0, 0.0, 0.0, 0.0, 0.0, 0.0, 0.0, 0.0, 0.0, 0.0, 0.0, 0.0, 0.0, 0.0, 0.0, 0.0, 0.0, 0.0, 0.0, 0.0, 0.0, 0.0, 0.0], [0.0, -7.142818372017411, 34.13723619344093, -65.36925606818578, 179.66892096543313, 0.0, -162.48559051017673, 28.34306150156769, -7.164295777061026, 0.0, 0.0, 0.0, 0.0, 0.0, 0.0, 0.0, 0.0, 0.0, 0.0, 0.0, 0.0, 0.0, 0.0, 0.0, 0.0, 0.0, 0.0, 0.0, 0.0, 0.0, 0.0, 0.0, 0.0, 0.0, 0.0, 0.0, 0.0, 0.0, 0.0, 0.0, 0.0, 0.0, 0.0, 0.0, 0.0, 0.0, 0.0, 0.0, 0.0, 0.0, 0.0, 0.0, 0.0, 0.0, 0.0, 0.0, 0.0, 0.0, 0.0, 0.0, 0.0, 0.0, 0.0, 0.0, 0.0, 0.0, 0.0, 0.0, 0.0, 0.0, 0.0, 0.0, 0.0, 0.0, 0.0, 0.0, 0.0, 0.0, 0.0, 0.0, 0.0, 0.0, 0.0, 0.0, 0.0, 0.0, 0.0, 0.0, 0.0, 0.0, 0.0, 0.0, 0.0, 0.0, 0.0, 0.0, 0.0, 0.0, 0.0, 0.0, 0.0, 0.0, 0.0, 0.0, 0.0, 0.0, 0.0, 0.0, 0.0, 0.0, 0.0, 0.0, 0.0, 0.0, 0.0, 0.0, 0.0, 0.0, 0.0, 0.0, 0.0, 0.0, 0.0, 0.0, 0.0, 0.0, 0.0, 0.0, 0.0, 0.0, 0.0, 0.0, 0.0, 0.0, 0.0, 0.0, 0.0, 0.0, 0.0, 0.0, 0.0, 0.0, 0.0, 0.0, 0.0, 0.0, 0.0, 0.0, 0.0, 0.0, 0.0, 0.0, 0.0, 0.0, 0.0, 0.0, 0.0, 0.0, 0.0, 0.0, 0.0, 0.0, 0.0, 0.0, 0.0], [0.0, -9.02328127114091, 45.51497736362218, -97.17065091349782, 107.65922883202292, 68.73824129187936, 0.0, -110.90235993359612, -4.8327181391262926, 0.0, 0.0, 0.0, 0.0, 0.0, 0.0, 0.0, 0.0, 0.0, 0.0, 0.0, 0.0, 0.0, 0.0, 0.0, 0.0, 0.0, 0.0, 0.0, 0.0, 0.0, 0.0, 0.0, 0.0, 0.0, 0.0, 0.0, 0.0, 0.0, 0.0, 0.0, 0.0, 0.0, 0.0, 0.0, 0.0, 0.0, 0.0, 0.0, 0.0, 0.0, 0.0, 0.0, 0.0, 0.0, 0.0, 0.0, 0.0, 0.0, 0.0, 0.0, 0.0, 0.0, 0.0, 0.0, 0.0, 0.0, 0.0, 0.0, 0.0, 0.0, 0.0, 0.0, 0.0, 0.0, 0.0, 0.0, 0.0, 0.0, 0.0, 0.0, 0.0, 0.0, 0.0, 0.0, 0.0, 0.0, 0.0, 0.0, 0.0, 0.0, 0.0, 0.0, 0.0, 0.0, 0.0, 0.0, 0.0, 0.0, 0.0, 0.0, 0.0, 0.0, 0.0, 0.0, 0.0, 0.0, 0.0, 0.0, 0.0, 0.0, 0.0, 0.0, 0.0, 0.0, 0.0, 0.0, 0.0, 0.0, 0.0, 0.0, 0.0, 0.0, 0.0, 0.0, 0.0, 0.0, 0.0, 0.0, 0.0, 0.0, 0.0, 0.0, 0.0, 0.0, 0.0, 0.0, 0.0, 0.0, 0.0, 0.0, 0.0, 0.0, 0.0, 0.0, 0.0, 0.0, 0.0, 0.0, 0.0, 0.0, 0.0, 0.0, 0.0, 0.0, 0.0, 0.0, 0.0, 0.0, 0.0, 0.0, 0.0, 0.0, 0.0, 0.0, 0.0], [0.0, 0.19273609897486488, 0.0, -2.1512114710320533, 4.63368061742778, -3.1139784254228013, 123.87405029802947, 2.563296856404002, -126.00753277745864, 0.0, 0.0, 0.0, 0.0, 0.0, 0.0, 0.0, 0.0, 0.0, 0.0, 0.0, 0.0, 0.0, 0.0, 0.0, 0.0, 0.0, 0.0, 0.0, 0.0, 0.0, 0.0, 0.0, 0.0, 0.0, 0.0, 0.0, 0.0, 0.0, 0.0, 0.0, 0.0, 0.0, 0.0, 0.0, 0.0, 0.0, 0.0, 0.0, 0.0, 0.0, 0.0, 0.0, 0.0, 0.0, 0.0, 0.0, 0.0, 0.0, 0.0, 0.0, 0.0, 0.0, 0.0, 0.0, 0.0, 0.0, 0.0, 0.0, 0.0, 0.0, 0.0, 0.0, 0.0, 0.0, 0.0, 0.0, 0.0, 0.0, 0.0, 0.0, 0.0, 0.0, 0.0, 0.0, 0.0, 0.0, 0.0, 0.0, 0.0, 0.0, 0.0, 0.0, 0.0, 0.0, 0.0, 0.0, 0.0, 0.0, 0.0, 0.0, 0.0, 0.0, 0.0, 0.0, 0.0, 0.0, 0.0, 0.0, 0.0, 0.0, 0.0, 0.0, 0.0, 0.0, 0.0, 0.0, 0.0, 0.0, 0.0, 0.0, 0.0, 0.0, 0.0, 0.0, 0.0, 0.0, 0.0, 0.0, 0.0, 0.0, 0.0, 0.0, 0.0, 0.0, 0.0, 0.0, 0.0, 0.0, 0.0, 0.0, 0.0, 0.0, 0.0, 0.0, 0.0, 0.0, 0.0, 0.0, 0.0, 0.0, 0.0, 0.0, 0.0, 0.0, 0.0, 0.0, 0.0, 0.0, 0.0, 0.0, 0.0, 0.0, 0.0, 0.0, 0.0004884310444630294], [0.0, 92.72830375728948, -274.31935136049384, 0.0, 1057.5899443597739, -1846.6360928063054, 1276.2138685330747, 0.0, -305.02932091548377, 0.0, 0.0, 0.0, 0.0, 0.0, 0.0, 0.0, 0.0, 0.0, 0.0, 0.0, 0.0, 0.0, 0.0, 0.0, 0.0, 0.0, 0.0, 0.0, 0.0, 0.0, 0.0, 0.0, 0.0, 0.0, 0.0, 0.0, 0.0, 0.0, 0.0, 0.0, 0.0, 0.0, 0.0, 0.0, 0.0, 0.0, 0.0, 0.0, 0.0, 0.0, -0.1923208568506161, -1.6162508698099913, 0.0, 0.0, 0.0, 0.0, 0.0, 1.2455716955500062, 0.0, 0.0, 0.0, 0.0, 0.0, 0.0, 0.0, 0.0, 0.0, 0.0, 0.0, 0.0, 0.0, 0.0, 0.0, 0.0, 0.0, 0.0, 0.0, 0.0, 0.0, 0.0, 0.0, 0.0, 0.0, 0.0, 0.0, 0.0, 0.0, 42.26183209315155, 0.0, 0.0, 0.0, 0.0, 0.0, -162.37466150747744, 0.0, 0.0, 0.0, 0.0, 95.2407932292205, 0.0, 0.0, 0.0, 0.0, 0.0, 0.0, 0.0, 0.0, 0.0, 0.0, 0.0, 0.0, 0.0, 0.0, 0.0, 133.15821158306568, 0.0, 0.0, 0.0, 0.0, -70.70646014293271, 0.0, 0.0, 0.0, -73.46389280121542, 0.0, 0.0, 0.0, 0.0, 0.0, 0.0, 0.0, 0.0, 0.0, 0.0, -56.236854273401754, 0.0, 0.0, 0.0, 101.70780117560206, 0.0, 0.0, 0.0, 0.0, 0.0, 0.0, 0.0, 0.0, 0.0, 0.0, -70.51346963378934, 110.93327719191501, 0.0, 0.0, 0.0, 0.0, 148.5273194912321, -316.2271998661195, 0.0, 100.0076555177358, 0.0, 0.0, 39.67251090237372, 0.0, -34.67810581510527, 13.20371243522328]]",(x0)' =  303.693 x0 + -1271.266 x2 +  1841.930 x3 + -1057.577 x4 +  276.547 x6 + -94.014 x7 + -5.728 x0^3 +  14.744 x0^2 x1 +  31.642 x0 x3 x4 + -19.231 x0 x3 x5 + -81.682 x0 x4^2 +  103.322 x0 x4 x5 + -8.506 x0 x5^2 + -43.829 x0 x5 x6 +  19.207 x0 x6^2 + -12.230 x1^3 + -43.105 x1^2 x2 +  100.369 x1 x2^2 + -36.353 x1 x2 x3 + -32.387 x2^3 +  13.652 x2^2 x3 +  1.259 x2 x6 x7 + -1.085 x2 x7^2 | (x1)' =  132.429 x0 + -35.214 x1 + -52.647 x2 + -81.227 x3 +  50.888 x4 + -15.012 x5 +  0.801 x7 + -0.001 x0^3 | (x2)' =  1.887 x0 +  119.891 x1 + -108.149 x3 + -28.677 x4 +  22.755 x5 + -9.346 x6 +  1.647 x7 | (x3)' = -1.770 x0 +  8.393 x1 +  111.760 x2 + -98.326 x4 + -36.537 x5 +  21.347 x6 + -4.869 x7 | (x4)' = -7.143 x0 +  34.137 x1 + -65.369 x2 +  179.669 x3 + -162.486 x5 +  28.343 x6 + -7.164 x7 | (x5)' = -9.023 x0 +  45.515 x1 + -97.171 x2 +  107.659 x3 +  68.738 x4 + -110.902 x6 + -4.833 x7 | (x6)' =  0.193 x0 + -2.151 x2 +  4.634 x3 + -3.114 x4 +  123.874 x5 +  2.563 x6 + -126.008 x7 | (x7)' =  92.728 x0 + -274.319 x1 +  1057.590 x3 + -1846.636 x4 +  1276.214 x5 + -305.029 x7 + -0.192 x0^2 x5 + -1.616 x0^2 x6 +  1.246 x0 x1 x5 +  42.262 x1^2 x7 + -162.375 x1 x2 x7 +  95.241 x1 x3 x7 +  133.158 x2^2 x7 + -70.706 x2 x3 x7 + -73.464 x2 x4 x7 + -56.237 x3^2 x7 +  101.708 x3 x4 x7 + -70.513 x4 x5^2 +  110.933 x4 x5 x6 +  148.527 x5^3 + -316.227 x5^2 x6 +  100.008 x5 x6^2 +  39.673 x6^3 + -34.678 x6 x7^2 +  13.204 x7^3
31,35.0,-0.0007537510658310451,36.85636440218341,1000.0,3,8,2,8.0,56.0,0,0.0,finite_difference,success,,105,1320,7.954545454545454,33.43688052892685,"[""1"", ""x0"", ""x1"", ""x2"", ""x3"", ""x4"", ""x5"", ""x6"", ""x7"", ""x0^2"", ""x0 x1"", ""x0 x2"", ""x0 x3"", ""x0 x4"", ""x0 x5"", ""x0 x6"", ""x0 x7"", ""x1^2"", ""x1 x2"", ""x1 x3"", ""x1 x4"", ""x1 x5"", ""x1 x6"", ""x1 x7"", ""x2^2"", ""x2 x3"", ""x2 x4"", ""x2 x5"", ""x2 x6"", ""x2 x7"", ""x3^2"", ""x3 x4"", ""x3 x5"", ""x3 x6"", ""x3 x7"", ""x4^2"", ""x4 x5"", ""x4 x6"", ""x4 x7"", ""x5^2"", ""x5 x6"", ""x5 x7"", ""x6^2"", ""x6 x7"", ""x7^2"", ""x0^3"", ""x0^2 x1"", ""x0^2 x2"", ""x0^2 x3"", ""x0^2 x4"", ""x0^2 x5"", ""x0^2 x6"", ""x0^2 x7"", ""x0 x1^2"", ""x0 x1 x2"", ""x0 x1 x3"", ""x0 x1 x4"", ""x0 x1 x5"", ""x0 x1 x6"", ""x0 x1 x7"", ""x0 x2^2"", ""x0 x2 x3"", ""x0 x2 x4"", ""x0 x2 x5"", ""x0 x2 x6"", ""x0 x2 x7"", ""x0 x3^2"", ""x0 x3 x4"", ""x0 x3 x5"", ""x0 x3 x6"", ""x0 x3 x7"", ""x0 x4^2"", ""x0 x4 x5"", ""x0 x4 x6"", ""x0 x4 x7"", ""x0 x5^2"", ""x0 x5 x6"", ""x0 x5 x7"", ""x0 x6^2"", ""x0 x6 x7"", ""x0 x7^2"", ""x1^3"", ""x1^2 x2"", ""x1^2 x3"", ""x1^2 x4"", ""x1^2 x5"", ""x1^2 x6"", ""x1^2 x7"", ""x1 x2^2"", ""x1 x2 x3"", ""x1 x2 x4"", ""x1 x2 x5"", ""x1 x2 x6"", ""x1 x2 x7"", ""x1 x3^2"", ""x1 x3 x4"", ""x1 x3 x5"", ""x1 x3 x6"", ""x1 x3 x7"", ""x1 x4^2"", ""x1 x4 x5"", ""x1 x4 x6"", ""x1 x4 x7"", ""x1 x5^2"", ""x1 x5 x6"", ""x1 x5 x7"", ""x1 x6^2"", ""x1 x6 x7"", ""x1 x7^2"", ""x2^3"", ""x2^2 x3"", ""x2^2 x4"", ""x2^2 x5"", ""x2^2 x6"", ""x2^2 x7"", ""x2 x3^2"", ""x2 x3 x4"", ""x2 x3 x5"", ""x2 x3 x6"", ""x2 x3 x7"", ""x2 x4^2"", ""x2 x4 x5"", ""x2 x4 x6"", ""x2 x4 x7"", ""x2 x5^2"", ""x2 x5 x6"", ""x2 x5 x7"", ""x2 x6^2"", ""x2 x6 x7"", ""x2 x7^2"", ""x3^3"", ""x3^2 x4"", ""x3^2 x5"", ""x3^2 x6"", ""x3^2 x7"", ""x3 x4^2"", ""x3 x4 x5"", ""x3 x4 x6"", ""x3 x4 x7"", ""x3 x5^2"", ""x3 x5 x6"", ""x3 x5 x7"", ""x3 x6^2"", ""x3 x6 x7"", ""x3 x7^2"", ""x4^3"", ""x4^2 x5"", ""x4^2 x6"", ""x4^2 x7"", ""x4 x5^2"", ""x4 x5 x6"", ""x4 x5 x7"", ""x4 x6^2"", ""x4 x6 x7"", ""x4 x7^2"", ""x5^3"", ""x5^2 x6"", ""x5^2 x7"", ""x5 x6^2"", ""x5 x6 x7"", ""x5 x7^2"", ""x6^3"", ""x6^2 x7"", ""x6 x7^2"", ""x7^3""]","[[0.0, 199.98203812288776, -372.60648437056494, 309.00022756725065, -227.77221221305027, 125.41445942308934, -41.3301375890158, 0.0, 6.000692977021138, 0.0, 0.0, 0.0, 0.0, 0.0, 0.0, 0.0, 0.0, 0.0, 0.0, 0.0, 0.0, 0.0, 0.0, 0.0, 0.0, 0.0, 0.0, 0.0, 0.0, 0.0, 0.0, 0.0, 0.0, 0.0, 0.0, 0.0, 0.0, 0.0, 0.0, 0.0, 0.0, 0.0, 0.0, 0.0, 0.0, -0.4812187336749614, 0.0, 0.0, 0.0, 0.0, 0.0, 0.0, 0.0, 1.1896298926268403, 0.0, -0.22672575282817684, 0.0, 0.0, 0.0, 0.0, -0.7585668648355021, 2.0517380736346453, 0.0, 0.0, 0.0, 0.0, -1.0955682763531809, 0.0, 0.0, 0.0, 0.0, 0.0, -1.3019500044755752, 0.0, 0.0, 4.061075600651771, -3.6693060170393945, 0.0, -0.8252153856304462, 3.2463584275940303, -1.161550596953236, -0.2272576871779104, -0.4153005177635384, 0.0, 0.0, 0.0, 0.0, 0.0, 0.0, 0.0, 0.0, 0.0, 0.0, 0.0, 0.2185343273379622, -1.4101356237428102, 0.0, 0.0, 0.0, 1.310484250157866, 2.495515097495189, 0.0, 0.0, -6.271868980135281, 4.307914554723553, 0.0, 2.1778849837784193, -4.870236704251074, 1.7277580764813976, 0.0, 0.0, 0.0, 0.0, 0.0, 0.0, 0.0, 0.0, 0.0, 0.0, 0.0, 0.0, 0.0, 0.0, 0.0, 0.0, 0.0, 0.0, 0.0, 0.0, 0.0, 0.03329944892180928, 0.0, 0.0, 0.0, 0.0, 0.0, 0.0, 0.0, 0.0, 0.0, 0.0, 0.0, 0.0, 0.0, 0.0, 0.0, 0.0, 0.0, 0.0, 0.0, 0.0, 0.0, 0.0, 0.0, 0.0, 0.0, 0.0, 0.0, 0.0, 0.0, 0.0, 0.0, 0.0, 0.0, 0.0], [0.0, 70.48795449131305, 0.0, -73.85555393501798, 2.430701045255074, 2.6778357550811966, 0.0, 0.0, 0.0, 0.0, 0.0, 0.0, 0.0, 0.0, 0.0, 0.0, 0.0, 0.0, 0.0, 0.0, 0.0, 0.0, 0.0, 0.0, 0.0, 0.0, 0.0, 0.0, 0.0, 0.0, 0.0, 0.0, 0.0, 0.0, 0.0, 0.0, 0.0, 0.0, 0.0, 0.0, 0.0, 0.0, 0.0, 0.0, 0.0, 0.0051677088649700696, 0.0, 0.0, 0.0, 0.0, 0.0, 0.0, 0.0, 0.0, 0.0, 0.0, 0.0, 0.0, 0.0, 0.0, 0.0, 0.0, 0.0, 0.0, 0.0, 0.0, 0.0, 0.0, 0.0, 0.0, 0.0, 0.0, 0.0, 0.0, 0.0, 0.0, 0.0, 0.0, 0.0, 0.0, 0.0, 0.0, 0.0, 0.0, 0.0, 0.0, 0.0, 0.0, 0.0, 0.0, 0.0, 0.0, 0.0, 0.0, 0.0, 0.0, 0.0, 0.0, 0.0, 0.0, 0.0, 0.0, 0.0, 0.0, 0.0, 0.0, 0.0, 0.0, 0.0, -0.08729304638587983, 0.0, 0.0, 0.0, 0.0, 0.0, 0.0, 0.0, 0.0, 0.0, 0.0, 0.0, 0.0, 0.0, 0.0, 0.0, 0.0, 0.0, 0.0, 0.0, 0.0, 0.0, 0.0, 0.0, 0.0, 0.0, 0.0, 0.0, 0.0, 0.0, 0.0, 0.0, 0.0, 0.0, 0.0, 0.0, 0.0, 0.0, 0.0, 0.0, 0.0, 0.0, 0.0, 0.0, 0.0, 0.0, 0.0, 0.0, 0.0, 0.0, 0.0, 0.0, 0.0, 0.0, 0.0, 0.0], [0.0, -13.495809652770573, 87.6300665887603, 0.0, -89.20755840264695, 17.205395356541167, -2.418056996345481, 0.0, 0.0, 0.0, 0.0, 0.0, 0.0, 0.0, 0.0, 0.0, 0.0, 0.0, 0.0, 0.0, 0.0, 0.0, 0.0, 0.0, 0.0, 0.0, 0.0, 0.0, 0.0, 0.0, 0.0, 0.0, 0.0, 0.0, 0.0, 0.0, 0.0, 0.0, 0.0, 0.0, 0.0, 0.0, 0.0, 0.0, 0.0, 0.0, 0.0, 0.0, 0.02801618087334172, 0.0, 0.0, 0.0, 0.0, 0.0, 0.0, 0.0, 0.0, 0.0, 0.0, 0.0, 0.0, 0.0, 0.0, 0.0, 0.0, 0.0, 0.0, 0.0, 0.0, 0.0, 0.0, 0.0, 0.0, 0.0, 0.0, 0.0, 0.0, 0.0, 0.0, 0.0, 0.0, -0.003022628861212304, 0.0, 0.0, 0.0, 0.0, 0.0, 0.0, 0.0, 0.0, 0.0, 0.0, 0.0, 0.0, 0.0, 0.0, 0.0, 0.0, 0.0, 0.016851410720509455, 0.0, 0.0, 0.0, 0.0, 0.0, 0.0, 0.0, 0.0, 0.0, 0.0, 0.0, 0.0, 0.0, 0.0, 0.0, 0.0, 0.0, 0.0, 0.0, 0.0, 0.0, 0.0, 0.0, 0.0, 0.0, 0.0, 0.0, 0.0, 0.0, 0.0, -0.01946499090235784, 0.0, 0.0, 0.0, 0.0, 0.0, 0.0, 0.0, 0.0, 0.0, 0.0, 0.0, 0.0, 0.0, 0.0, 0.0, 0.0, 0.0, 0.0, 0.0, 0.0, 0.0, 0.0, 0.0, 0.0, 0.0, 0.0, 0.0, 0.0, 0.0, 0.0, 0.0, 0.0, 0.0, 0.0], [0.0, 4.311071468346496, -21.63080304837076, 93.61532056107205, 0.0, -93.61975503921595, 21.63474656742751, -4.314342184966409, 0.0, 0.0, 0.0, 0.0, 0.0, 0.0, 0.0, 0.0, 0.0, 0.0, 0.0, 0.0, 0.0, 0.0, 0.0, 0.0, 0.0, 0.0, 0.0, 0.0, 0.0, 0.0, 0.0, 0.0, 0.0, 0.0, 0.0, 0.0, 0.0, 0.0, 0.0, 0.0, 0.0, 0.0, 0.0, 0.0, 0.0, 0.0, 0.0, 0.0, 0.0, 0.0, 0.0, 0.0, 0.0, 0.0, 0.0, 0.0, 0.0, 0.0, 0.0, 0.0, 0.0, 0.0, 0.0, 0.0, 0.0, 0.0, 0.0, 0.0, 0.0, 0.0, 0.0, 0.0, 0.0, 0.0, 0.0, 0.0, 0.0, 0.0, 0.0, 0.0, 0.0, 0.0, 0.0, 0.0, 0.0, 0.0, 0.0, 0.0, 0.0, 0.0, 0.0, 0.0, 0.0, 0.0, 0.0, 0.0, 0.0, 0.0, 0.0, 0.0, 0.0, 0.0, 0.0, 0.0, 0.0, 0.0, 0.0, 0.0, 0.0, -0.00012344615943596075, 0.0, 0.0, 0.0, 0.0, 0.0, 0.0, 0.0, 0.0, 0.0, 0.0, 0.0, 0.0, 0.0, 0.0, 0.0, 0.0, 0.0, 0.0, 0.0, 0.0, 0.0, 0.0, 0.0, 0.0, 0.0, 0.0, 0.0, 0.0, 0.0, 0.0, 0.0, 0.0, 0.0, 0.0, 0.0, 0.0007335399664609464, 0.0, 0.0, 0.0, 0.0, 0.0, 0.0, 0.0, 0.0, 0.0, 0.0, 0.0, 0.0, 0.0, 0.0, 0.0, 0.0, 0.0, 0.0, 0.0], [0.0, 0.0, 4.315416450389043, -21.64008661579575, 93.62320239680568, 0.0, -93.61896504110989, 21.62801461047247, -4.310122411262169, 0.0, 0.0, 0.0, 0.0, 0.0, 0.0, 0.0, 0.0, 0.0, 0.0, 0.0, 0.0, 0.0, 0.0, 0.0, 0.0, 0.0, 0.0, 0.0, 0.0, 0.0, 0.0, 0.0, 0.0, 0.0, 0.0, 0.0, 0.0, 0.0, 0.0, 0.0, 0.0, 0.0, 0.0, 0.0, 0.0, 0.0, 0.0, 0.0, 0.0, 0.0, 0.0, 0.0, 0.0, 0.0, 0.0, 0.0, 0.0, 0.0, 0.0, 0.0, 0.0, 0.0, 0.0, 0.0, 0.0, 0.0, 0.0, 0.0, 0.0, 0.0, 0.0, 0.0, 0.0, 0.0, 0.0, 0.0, 0.0, 0.0, 0.0, 0.0, 0.0, 0.0, 0.0, 0.0, 0.0, 0.0, 0.0, 0.0, 0.0, 0.0, 0.0, 0.0, 0.0, 0.0, 0.0, 0.0, 0.0, 0.0, 0.0, 0.0, 0.0, 0.0, 0.0, 0.0, 0.0, 0.0, 0.0, 0.0, 0.0, 0.0, 0.0, 0.0, 0.0, 0.0, 0.0, 0.0, 0.0, 0.0, 0.0, 0.0, 0.0, 0.0, 0.0, 0.0, 0.0, 0.0, 0.0, 0.0, 0.0, 0.0, -0.00043242101374184745, 0.0, 0.0, 0.0, 0.0, 0.0, 0.0, 0.0, 0.0, 0.0, 0.0, 0.0, 0.0, 0.0, 0.0, 0.0, 0.0, 0.0, 0.0, 0.0, 0.0, 0.0, 0.0, 0.0, 0.0, 0.0009987563426117503, 0.0, 0.0, 0.0, 0.0, 0.0, 0.0, 0.0, 0.0, 0.0], [0.0, 0.0, 0.0, 2.4234831509718933, -17.221637895805188, 89.24050676564225, 0.0, -87.66786883424102, 13.504166863451085, 0.0, 0.0, 0.0, 0.0, 0.0, 0.0, 0.0, 0.0, 0.0, 0.0, 0.0, 0.0, 0.0, 0.0, 0.0, 0.0, 0.0, 0.0, 0.0, 0.0, 0.0, 0.0, 0.0, 0.0, 0.0, 0.0, 0.0, 0.0, 0.0, 0.0, 0.0, 0.0, 0.0, 0.0, 0.0, 0.0, 0.0, 0.0, 0.0, 0.0, 0.0, 0.0, 0.0, 0.0, 0.0, 0.0, 0.0, 0.0, 0.0, 0.0, 0.0, 0.0, 0.0, 0.0, 0.0, 0.0, 0.0, 0.0, 0.0, 0.0, 0.0, 0.0, 0.0, 0.0, 0.0, 0.0, 0.0, 0.0, 0.0, 0.0, 0.0, 0.0, 0.0, 0.0, 0.0, 0.0, 0.0, 0.0, 0.0, 0.0, 0.0, 0.0, 0.0, 0.0, 0.0, 0.0, 0.0, 0.0, 0.0, 0.0, 0.0, 0.0, 0.0, 0.0, 0.0, 0.0, 0.0, 0.0, 0.0, 0.0, 0.0, 0.0, 0.0, 0.0, 0.0, 0.0, 0.0, 0.0, 0.0, 0.0, 0.0, 0.0, 0.0, 0.0, 0.0, 0.0, 0.0, 0.0, 0.0, 0.0, 0.0, 0.0, 0.0, 0.0, -0.006942254124966905, 0.0, 0.0, 0.0, 0.0, 0.0, 0.0, 0.0, 0.0, 0.0, 0.0, 0.0, 0.014060363302046396, 0.0, 0.0, 0.0, 0.0, 0.0, 0.0, 0.0, 0.0, -0.04241225333593854, 0.0, 0.0, 0.0, 0.0, 0.0, 0.0, 0.013667546311457713, 0.0, 0.0, 0.0], [0.0, 0.0, 0.0, 0.0, -2.6795341696125545, -2.420538388140684, 73.83409226842296, 0.0, -70.47593459312547, 0.0, 0.0, 0.0, 0.0, 0.0, 0.0, 0.0, 0.0, 0.0, 0.0, 0.0, 0.0, 0.0, 0.0, 0.0, 0.0, 0.0, 0.0, 0.0, 0.0, 0.0, 0.0, 0.0, 0.0, 0.0, 0.0, 0.0, 0.0, 0.0, 0.0, 0.0, 0.0, 0.0, 0.0, 0.0, 0.0, 0.0, 0.0, 0.0, 0.0, 0.0, 0.0, 0.0, 0.0, 0.0, 0.0, 0.0, 0.0, 0.0, 0.0, 0.0, 0.0, 0.0, 0.0, 0.0, 0.0, 0.0, 0.0, 0.0, 0.0, 0.0, 0.0, 0.0, 0.0, 0.0, 0.0, 0.0, 0.0, 0.0, 0.0, 0.0, 0.0, 0.0, 0.0, 0.0, 0.0, 0.0, 0.0, 0.0, 0.0, 0.0, 0.0, 0.0, 0.0, 0.0, 0.0, 0.0, 0.0, 0.0, 0.0, 0.0, 0.0, 0.0, 0.0, 0.0, 0.0, 0.0, 0.0, 0.0, 0.0, 0.0, 0.0, 0.0, 0.0, 0.0, 0.0, 0.0, 0.0, 0.0, 0.0, 0.0, 0.0, 0.0, 0.0, 0.0, 0.0, 0.0, 0.0, 0.0, 0.0, 0.0, 0.0, 0.0, 0.0, 0.0, 0.0, 0.0, 0.0, 0.0, 0.0, 0.0, 0.0, 0.0, 0.0, 0.0, 0.0, 0.0, 0.0, 0.0, 0.0, 0.0, 0.0, 0.0, 0.0, 0.0, 0.0, 0.08875839515802034, 0.0, 0.0, 0.0, 0.0, 0.0, 0.0, 0.0, 0.0, -0.005756923805850604], [0.0, -6.007070782961958, 0.0, 41.11065175407384, -124.98482166215233, 227.20739739849213, -308.1760274300115, 372.430642174713, -200.31125131339445, 0.0, 0.0, 0.0, 0.0, 0.0, 0.0, 0.0, 0.0, 0.0, 0.0, 0.0, 0.0, 0.0, 0.0, 0.0, 0.0, 0.0, 0.0, 0.0, 0.0, 0.0, 0.0, 0.0, 0.0, 0.0, 0.0, 0.0, 0.0, 0.0, 0.0, 0.0, 0.0, 0.0, 0.0, 0.0, 0.0, 0.0, 0.0, 0.0, 0.0, 0.0, 0.0, -0.2711810900434634, -0.13994051487230494, 0.0, 0.0, 0.0, 0.0, 0.0, 1.805423262603169, -0.2667691543614112, 0.0, 0.0, 0.0, 0.0, 0.0, 0.0, 0.0, 0.0, 0.0, 0.0, 0.0, 0.0, 0.0, 0.0, 0.0, 0.0, 0.0, 0.0, 0.0, 0.0, 0.0, 0.0, 0.0, 0.0, 0.0, 0.0, -2.08393725914393, 0.9144456334601626, 0.0, 0.0, 0.0, 0.0, 0.0, -1.4103913541934652, 0.0, 0.0, 0.0, 0.0, 0.0, 0.0, 0.0, 0.0, 0.0, 0.0, 0.0, 0.0, 0.0, 0.0, 0.0, 0.0, 0.0, 0.0, 0.0, 1.9391772784901777, 0.7211949473646435, 0.0, 0.0, 0.0, -1.0899560655867673, 0.0, 0.0, 0.0, 0.0, 0.0, 0.0, 0.0, 0.0, 0.0, 0.0, 0.0, 0.0, 0.0, 0.0, -0.9907864069595272, 0.0, 0.0, 0.0, 1.180009360685414, 0.0, 0.0, 0.0, 0.0, 0.0, 0.0, 0.0, -0.07435079575778662, 0.0, 0.0, -0.30797856489317343, 0.0, 0.0, 0.5510060648542122, 0.0, -0.6930245968424564, 0.0, 0.0, 0.0, -0.015968769770124822, 0.24180926750886206, 0.0, 0.0, -0.22521567836796738, -0.14156543571970182, 0.0, 0.2606408223912944]]",(x0)' =  199.982 x0 + -372.606 x1 +  309.000 x2 + -227.772 x3 +  125.414 x4 + -41.330 x5 +  6.001 x7 + -0.481 x0^3 +  1.190 x0 x1^2 + -0.227 x0 x1 x3 + -0.759 x0 x2^2 +  2.052 x0 x2 x3 + -1.096 x0 x3^2 + -1.302 x0 x4 x5 +  4.061 x0 x5^2 + -3.669 x0 x5 x6 + -0.825 x0 x6^2 +  3.246 x0 x6 x7 + -1.162 x0 x7^2 + -0.227 x1^3 + -0.415 x1^2 x2 +  0.219 x1 x3^2 + -1.410 x1 x3 x4 +  1.310 x1 x4^2 +  2.496 x1 x4 x5 + -6.272 x1 x5^2 +  4.308 x1 x5 x6 +  2.178 x1 x6^2 + -4.870 x1 x6 x7 +  1.728 x1 x7^2 +  0.033 x3^3 | (x1)' =  70.488 x0 + -73.856 x2 +  2.431 x3 +  2.678 x4 +  0.005 x0^3 + -0.087 x2^3 | (x2)' = -13.496 x0 +  87.630 x1 + -89.208 x3 +  17.205 x4 + -2.418 x5 +  0.028 x0^2 x3 + -0.003 x1^3 +  0.017 x1 x4^2 + -0.019 x3^3 | (x3)' =  4.311 x0 + -21.631 x1 +  93.615 x2 + -93.620 x4 +  21.635 x5 + -4.314 x6 +  0.001 x4^3 | (x4)' =  4.315 x1 + -21.640 x2 +  93.623 x3 + -93.619 x5 +  21.628 x6 + -4.310 x7 +  0.001 x5^3 | (x5)' =  2.423 x2 + -17.222 x3 +  89.241 x4 + -87.668 x6 +  13.504 x7 + -0.007 x3^2 x6 +  0.014 x4^3 + -0.042 x4 x7^2 +  0.014 x6^3 | (x6)' = -2.680 x3 + -2.421 x4 +  73.834 x5 + -70.476 x7 +  0.089 x5^3 + -0.006 x7^3 | (x7)' = -6.007 x0 +  41.111 x2 + -124.985 x3 +  227.207 x4 + -308.176 x5 +  372.431 x6 + -200.311 x7 + -0.271 x0^2 x6 + -0.140 x0^2 x7 +  1.805 x0 x1 x6 + -0.267 x0 x1 x7 + -2.084 x1^2 x6 +  0.914 x1^2 x7 + -1.410 x1 x2 x7 +  1.939 x2^2 x6 +  0.721 x2^2 x7 + -1.090 x2 x3 x6 + -0.991 x3^2 x6 +  1.180 x3 x4 x6 + -0.074 x4^3 + -0.308 x4^2 x7 +  0.551 x4 x5 x7 + -0.693 x4 x6 x7 + -0.016 x5^2 x7 +  0.242 x5 x6^2 + -0.225 x6^3 + -0.142 x6^2 x7 +  0.261 x7^3
32,35.0,-0.0007537510658310451,36.85636440218341,1000.0,3,8,2,8.0,56.0,5,20.0,smoothed_finite_difference_savgol_order_3,success,,104,1320,7.878787878787879,22.46465740352869,"[""1"", ""x0"", ""x1"", ""x2"", ""x3"", ""x4"", ""x5"", ""x6"", ""x7"", ""x0^2"", ""x0 x1"", ""x0 x2"", ""x0 x3"", ""x0 x4"", ""x0 x5"", ""x0 x6"", ""x0 x7"", ""x1^2"", ""x1 x2"", ""x1 x3"", ""x1 x4"", ""x1 x5"", ""x1 x6"", ""x1 x7"", ""x2^2"", ""x2 x3"", ""x2 x4"", ""x2 x5"", ""x2 x6"", ""x2 x7"", ""x3^2"", ""x3 x4"", ""x3 x5"", ""x3 x6"", ""x3 x7"", ""x4^2"", ""x4 x5"", ""x4 x6"", ""x4 x7"", ""x5^2"", ""x5 x6"", ""x5 x7"", ""x6^2"", ""x6 x7"", ""x7^2"", ""x0^3"", ""x0^2 x1"", ""x0^2 x2"", ""x0^2 x3"", ""x0^2 x4"", ""x0^2 x5"", ""x0^2 x6"", ""x0^2 x7"", ""x0 x1^2"", ""x0 x1 x2"", ""x0 x1 x3"", ""x0 x1 x4"", ""x0 x1 x5"", ""x0 x1 x6"", ""x0 x1 x7"", ""x0 x2^2"", ""x0 x2 x3"", ""x0 x2 x4"", ""x0 x2 x5"", ""x0 x2 x6"", ""x0 x2 x7"", ""x0 x3^2"", ""x0 x3 x4"", ""x0 x3 x5"", ""x0 x3 x6"", ""x0 x3 x7"", ""x0 x4^2"", ""x0 x4 x5"", ""x0 x4 x6"", ""x0 x4 x7"", ""x0 x5^2"", ""x0 x5 x6"", ""x0 x5 x7"", ""x0 x6^2"", ""x0 x6 x7"", ""x0 x7^2"", ""x1^3"", ""x1^2 x2"", ""x1^2 x3"", ""x1^2 x4"", ""x1^2 x5"", ""x1^2 x6"", ""x1^2 x7"", ""x1 x2^2"", ""x1 x2 x3"", ""x1 x2 x4"", ""x1 x2 x5"", ""x1 x2 x6"", ""x1 x2 x7"", ""x1 x3^2"", ""x1 x3 x4"", ""x1 x3 x5"", ""x1 x3 x6"", ""x1 x3 x7"", ""x1 x4^2"", ""x1 x4 x5"", ""x1 x4 x6"", ""x1 x4 x7"", ""x1 x5^2"", ""x1 x5 x6"", ""x1 x5 x7"", ""x1 x6^2"", ""x1 x6 x7"", ""x1 x7^2"", ""x2^3"", ""x2^2 x3"", ""x2^2 x4"", ""x2^2 x5"", ""x2^2 x6"", ""x2^2 x7"", ""x2 x3^2"", ""x2 x3 x4"", ""x2 x3 x5"", ""x2 x3 x6"", ""x2 x3 x7"", ""x2 x4^2"", ""x2 x4 x5"", ""x2 x4 x6"", ""x2 x4 x7"", ""x2 x5^2"", ""x2 x5 x6"", ""x2 x5 x7"", ""x2 x6^2"", ""x2 x6 x7"", ""x2 x7^2"", ""x3^3"", ""x3^2 x4"", ""x3^2 x5"", ""x3^2 x6"", ""x3^2 x7"", ""x3 x4^2"", ""x3 x4 x5"", ""x3 x4 x6"", ""x3 x4 x7"", ""x3 x5^2"", ""x3 x5 x6"", ""x3 x5 x7"", ""x3 x6^2"", ""x3 x6 x7"", ""x3 x7^2"", ""x4^3"", ""x4^2 x5"", ""x4^2 x6"", ""x4^2 x7"", ""x4 x5^2"", ""x4 x5 x6"", ""x4 x5 x7"", ""x4 x6^2"", ""x4 x6 x7"", ""x4 x7^2"", ""x5^3"", ""x5^2 x6"", ""x5^2 x7"", ""x5 x6^2"", ""x5 x6 x7"", ""x5 x7^2"", ""x6^3"", ""x6^2 x7"", ""x6 x7^2"", ""x7^3""]","[[0.0, 202.50895101694627, -379.79016880930317, 319.1609524187119, -236.94554747966473, 130.75891524949267, -43.00397851571904, 0.0, 6.085481264751522, 0.0, 0.0, 0.0, 0.0, 0.0, 0.0, 0.0, 0.0, 0.0, 0.0, 0.0, 0.0, 0.0, 0.0, 0.0, 0.0, 0.0, 0.0, 0.0, 0.0, 0.0, 0.0, 0.0, 0.0, 0.0, 0.0, 0.0, 0.0, 0.0, 0.0, 0.0, 0.0, 0.0, 0.0, 0.0, 0.0, -0.4702149670828165, 0.0, 0.0, 0.0, 0.0, 0.0, 0.0, 0.0, 1.319650489526158, 0.0, -0.40618990181882486, 0.0, 0.0, 0.0, 0.0, -0.9684135372068665, 2.4026840770946563, 0.0, 0.0, 0.0, 0.0, -1.187789559781386, 0.0, 0.0, 0.0, 0.0, 0.0, -1.3090763067003286, 0.0, 0.0, 4.119511324347848, -3.7187068478377543, 0.0, -0.9014547469984032, 3.3951982071941083, -1.2295902551864346, -0.47419316995676375, -0.10822786445883358, 0.0, 0.0, 0.0, 0.0, 0.0, 0.0, 0.0, 0.0, 0.0, 0.0, 0.0, 0.0, -1.2961416996892958, 0.0, 0.0, 0.0, 1.474541463123808, 2.2993502399366648, 0.0, 0.0, -6.404286546627546, 4.577296538407817, 0.0, 2.2197821021818305, -5.137905645916695, 1.8526898330401325, 0.0, 0.0, 0.0, 0.0, 0.0, 0.0, 0.0, 0.0, 0.0, 0.0, 0.0, 0.0, 0.0, 0.0, 0.0, 0.0, 0.0, 0.0, 0.0, 0.0, 0.0, 0.04966745335173179, 0.0, 0.0, 0.0, 0.0, 0.0, 0.0, 0.0, 0.0, 0.0, 0.0, 0.0, 0.0, 0.0, 0.0, 0.0, 0.0, 0.0, 0.0, 0.0, 0.0, 0.0, 0.0, 0.0, 0.0, 0.0, 0.0, 0.0, 0.0, 0.0, 0.0, 0.0, 0.0, 0.0, 0.0], [0.0, 70.30764344523014, 0.0, -73.34246744545501, 1.8499953490536036, 2.899541372497936, 0.0, 0.0, 0.0, 0.0, 0.0, 0.0, 0.0, 0.0, 0.0, 0.0, 0.0, 0.0, 0.0, 0.0, 0.0, 0.0, 0.0, 0.0, 0.0, 0.0, 0.0, 0.0, 0.0, 0.0, 0.0, 0.0, 0.0, 0.0, 0.0, 0.0, 0.0, 0.0, 0.0, 0.0, 0.0, 0.0, 0.0, 0.0, 0.0, 0.003926045400380744, 0.0, 0.0, 0.0, 0.0, 0.0, 0.0, 0.0, 0.0, 0.0, 0.0, 0.0, 0.0, 0.0, 0.0, 0.0, 0.0, 0.0, 0.0, 0.0, 0.0, 0.0, 0.0, 0.0, 0.0, 0.0, 0.0, 0.0, 0.0, 0.0, 0.0, 0.0, 0.0, 0.0, 0.0, 0.0, 0.0, 0.0, 0.0, 0.0, 0.0, 0.0, 0.0, 0.0, 0.0, 0.0, 0.0, 0.0, 0.0, 0.0, 0.0, 0.0, 0.0, 0.0, 0.0, 0.0, 0.0, 0.0, 0.0, 0.0, 0.0, 0.0, 0.0, 0.0, -0.08530489859175255, 0.0, 0.0, 0.0, 0.0, 0.0, 0.0, 0.0, 0.0, 0.0, 0.0, 0.0, 0.0, 0.0, 0.0, 0.0, 0.0, 0.0, 0.0, 0.0, 0.0, 0.0, 0.0, 0.0, 0.0, 0.0, 0.0, 0.0, 0.0, 0.0, 0.0, 0.0, 0.0, 0.0, 0.0, 0.0, 0.0, 0.0, 0.0, 0.0, 0.0, 0.0, 0.0, 0.0, 0.0, 0.0, 0.0, 0.0, 0.0, 0.0, 0.0, 0.0, 0.0, 0.0, 0.0, 0.0], [0.0, -13.376680412155082, 87.45381356935017, 0.0, -88.98239276069926, 16.953874103243955, -2.3175893876179017, 0.0, 0.0, 0.0, 0.0, 0.0, 0.0, 0.0, 0.0, 0.0, 0.0, 0.0, 0.0, 0.0, 0.0, 0.0, 0.0, 0.0, 0.0, 0.0, 0.0, 0.0, 0.0, 0.0, 0.0, 0.0, 0.0, 0.0, 0.0, 0.0, 0.0, 0.0, 0.0, 0.0, 0.0, 0.0, 0.0, 0.0, 0.0, 0.0, 0.0, 0.0, 0.026934767452969306, 0.0, 0.0, 0.0, 0.0, 0.0, 0.0, 0.0, 0.0, 0.0, 0.0, 0.0, 0.0, 0.0, 0.0, 0.0, 0.0, 0.0, 0.0, 0.0, 0.0, 0.0, 0.0, 0.0, 0.0, 0.0, 0.0, 0.0, 0.0, 0.0, 0.0, 0.0, 0.0, -0.0029569629897987057, 0.0, 0.0, 0.0, 0.0, 0.0, 0.0, 0.0, 0.0, 0.0, 0.0, 0.0, 0.0, 0.0, 0.0, 0.0, 0.0, 0.0, 0.015810660518000307, 0.0, 0.0, 0.0, 0.0, 0.0, 0.0, 0.0, 0.0, 0.0, 0.0, 0.0, 0.0, 0.0, 0.0, 0.0, 0.0, 0.0, 0.0, 0.0, 0.0, 0.0, 0.0, 0.0, 0.0, 0.0, 0.0, 0.0, 0.0, 0.0, 0.0, -0.018719769996968776, 0.0, 0.0, 0.0, 0.0, 0.0, 0.0, 0.0, 0.0, 0.0, 0.0, 0.0, 0.0, 0.0, 0.0, 0.0, 0.0, 0.0, 0.0, 0.0, 0.0, 0.0, 0.0, 0.0, 0.0, 0.0, 0.0, 0.0, 0.0, 0.0, 0.0, 0.0, 0.0, 0.0, 0.0], [0.0, 4.213451172591234, -21.41805429352426, 93.43271926668741, 0.0, -93.43718181689384, 21.422927167461328, -4.217295720039502, 0.0, 0.0, 0.0, 0.0, 0.0, 0.0, 0.0, 0.0, 0.0, 0.0, 0.0, 0.0, 0.0, 0.0, 0.0, 0.0, 0.0, 0.0, 0.0, 0.0, 0.0, 0.0, 0.0, 0.0, 0.0, 0.0, 0.0, 0.0, 0.0, 0.0, 0.0, 0.0, 0.0, 0.0, 0.0, 0.0, 0.0, 0.0, 0.0, 0.0, 0.0, 0.0, 0.0, 0.0, 0.0, 0.0, 0.0, 0.0, 0.0, 0.0, 0.0, 0.0, 0.0, 0.0, 0.0, 0.0, 0.0, 0.0, 0.0, 0.0, 0.0, 0.0, 0.0, 0.0, 0.0, 0.0, 0.0, 0.0, 0.0, 0.0, 0.0, 0.0, 0.0, 0.0, 0.0, 0.0, 0.0, 0.0, 0.0, 0.0, 0.0, 0.0, 0.0, 0.0, 0.0, 0.0, 0.0, 0.0, 0.0, 0.0, 0.0, 0.0, 0.0, 0.0, 0.0, 0.0, 0.0, 0.0, 0.0, 0.0, 0.0, -0.00011779101912711428, 0.0, 0.0, 0.0, 0.0, 0.0, 0.0, 0.0, 0.0, 0.0, 0.0, 0.0, 0.0, 0.0, 0.0, 0.0, 0.0, 0.0, 0.0, 0.0, 0.0, 0.0, 0.0, 0.0, 0.0, 0.0, 0.0, 0.0, 0.0, 0.0, 0.0, 0.0, 0.0, 0.0, 0.0, 0.0, 0.0006193319416573196, 0.0, 0.0, 0.0, 0.0, 0.0, 0.0, 0.0, 0.0, 0.0, 0.0, 0.0, 0.0, 0.0, 0.0, 0.0, 0.0, 0.0, 0.0, 0.0], [0.0, 0.0, 4.218247353624517, -21.427171591286516, 93.43923940647568, 0.0, -93.4330748328297, 21.411840824767687, -4.2111306904441195, 0.0, 0.0, 0.0, 0.0, 0.0, 0.0, 0.0, 0.0, 0.0, 0.0, 0.0, 0.0, 0.0, 0.0, 0.0, 0.0, 0.0, 0.0, 0.0, 0.0, 0.0, 0.0, 0.0, 0.0, 0.0, 0.0, 0.0, 0.0, 0.0, 0.0, 0.0, 0.0, 0.0, 0.0, 0.0, 0.0, 0.0, 0.0, 0.0, 0.0, 0.0, 0.0, 0.0, 0.0, 0.0, 0.0, 0.0, 0.0, 0.0, 0.0, 0.0, 0.0, 0.0, 0.0, 0.0, 0.0, 0.0, 0.0, 0.0, 0.0, 0.0, 0.0, 0.0, 0.0, 0.0, 0.0, 0.0, 0.0, 0.0, 0.0, 0.0, 0.0, 0.0, 0.0, 0.0, 0.0, 0.0, 0.0, 0.0, 0.0, 0.0, 0.0, 0.0, 0.0, 0.0, 0.0, 0.0, 0.0, 0.0, 0.0, 0.0, 0.0, 0.0, 0.0, 0.0, 0.0, 0.0, 0.0, 0.0, 0.0, 0.0, 0.0, 0.0, 0.0, 0.0, 0.0, 0.0, 0.0, 0.0, 0.0, 0.0, 0.0, 0.0, 0.0, 0.0, 0.0, 0.0, 0.0, 0.0, 0.0, 0.0, -0.0004924741342257145, 0.0, 0.0, 0.0, 0.0, 0.0, 0.0, 0.0, 0.0, 0.0, 0.0, 0.0, 0.0, 0.0, 0.0, 0.0, 0.0, 0.0, 0.0, 0.0, 0.0, 0.0, 0.0, 0.0, 0.0, 0.0009597916784943603, 0.0, 0.0, 0.0, 0.0, 0.0, 0.0, 0.0, 0.0, 0.0], [0.0, 0.0, 0.0, 2.323936137374781, -16.97256711403094, 89.01649521513994, 0.0, -87.48908516183695, 13.384164122672798, 0.0, 0.0, 0.0, 0.0, 0.0, 0.0, 0.0, 0.0, 0.0, 0.0, 0.0, 0.0, 0.0, 0.0, 0.0, 0.0, 0.0, 0.0, 0.0, 0.0, 0.0, 0.0, 0.0, 0.0, 0.0, 0.0, 0.0, 0.0, 0.0, 0.0, 0.0, 0.0, 0.0, 0.0, 0.0, 0.0, 0.0, 0.0, 0.0, 0.0, 0.0, 0.0, 0.0, 0.0, 0.0, 0.0, 0.0, 0.0, 0.0, 0.0, 0.0, 0.0, 0.0, 0.0, 0.0, 0.0, 0.0, 0.0, 0.0, 0.0, 0.0, 0.0, 0.0, 0.0, 0.0, 0.0, 0.0, 0.0, 0.0, 0.0, 0.0, 0.0, 0.0, 0.0, 0.0, 0.0, 0.0, 0.0, 0.0, 0.0, 0.0, 0.0, 0.0, 0.0, 0.0, 0.0, 0.0, 0.0, 0.0, 0.0, 0.0, 0.0, 0.0, 0.0, 0.0, 0.0, 0.0, 0.0, 0.0, 0.0, 0.0, 0.0, 0.0, 0.0, 0.0, 0.0, 0.0, 0.0, 0.0, 0.0, 0.0, 0.0, 0.0, 0.0, 0.0, 0.0, 0.0, 0.0, 0.0, 0.0, 0.0, 0.0, 0.0, 0.0, -0.005936864471860606, 0.0, 0.0, 0.0, 0.0, 0.0, 0.0, 0.0, 0.0, 0.0, 0.0, 0.0, 0.013255122822290211, 0.0, 0.0, 0.0, 0.0, 0.0, 0.0, 0.0, 0.0, -0.04053185998380752, 0.0, 0.0, 0.0, 0.0, 0.0, 0.0, 0.01278442433116001, 0.0, 0.0, 0.0], [0.0, 0.0, 0.0, 0.0, -2.9002541262605037, -1.8405074410634894, 73.32159439149133, 0.0, -70.29464391581895, 0.0, 0.0, 0.0, 0.0, 0.0, 0.0, 0.0, 0.0, 0.0, 0.0, 0.0, 0.0, 0.0, 0.0, 0.0, 0.0, 0.0, 0.0, 0.0, 0.0, 0.0, 0.0, 0.0, 0.0, 0.0, 0.0, 0.0, 0.0, 0.0, 0.0, 0.0, 0.0, 0.0, 0.0, 0.0, 0.0, 0.0, 0.0, 0.0, 0.0, 0.0, 0.0, 0.0, 0.0, 0.0, 0.0, 0.0, 0.0, 0.0, 0.0, 0.0, 0.0, 0.0, 0.0, 0.0, 0.0, 0.0, 0.0, 0.0, 0.0, 0.0, 0.0, 0.0, 0.0, 0.0, 0.0, 0.0, 0.0, 0.0, 0.0, 0.0, 0.0, 0.0, 0.0, 0.0, 0.0, 0.0, 0.0, 0.0, 0.0, 0.0, 0.0, 0.0, 0.0, 0.0, 0.0, 0.0, 0.0, 0.0, 0.0, 0.0, 0.0, 0.0, 0.0, 0.0, 0.0, 0.0, 0.0, 0.0, 0.0, 0.0, 0.0, 0.0, 0.0, 0.0, 0.0, 0.0, 0.0, 0.0, 0.0, 0.0, 0.0, 0.0, 0.0, 0.0, 0.0, 0.0, 0.0, 0.0, 0.0, 0.0, 0.0, 0.0, 0.0, 0.0, 0.0, 0.0, 0.0, 0.0, 0.0, 0.0, 0.0, 0.0, 0.0, 0.0, 0.0, 0.0, 0.0, 0.0, 0.0, 0.0, 0.0, 0.0, 0.0, 0.0, 0.0, 0.08667420011179044, 0.0, 0.0, 0.0, 0.0, 0.0, 0.0, 0.0, 0.0, -0.00483458975191391], [0.0, -6.093959913660201, 0.0, 42.80873564057741, -130.41325975064467, 236.52073814018755, -318.5239541264829, 379.75824932379527, -202.87965558838465, 0.0, 0.0, 0.0, 0.0, 0.0, 0.0, 0.0, 0.0, 0.0, 0.0, 0.0, 0.0, 0.0, 0.0, 0.0, 0.0, 0.0, 0.0, 0.0, 0.0, 0.0, 0.0, 0.0, 0.0, 0.0, 0.0, 0.0, 0.0, 0.0, 0.0, 0.0, 0.0, 0.0, 0.0, 0.0, 0.0, 0.0, 0.0, 0.0, 0.0, 0.0, 0.0, -0.2800558490337221, -0.15694760434029187, 0.0, 0.0, 0.0, 0.0, 0.0, 1.8467256879390495, -0.24497630848434637, 0.0, 0.0, 0.0, 0.0, 0.0, 0.0, 0.0, 0.0, 0.0, 0.0, 0.0, 0.0, 0.0, 0.0, 0.0, 0.0, 0.0, 0.0, 0.0, 0.0, 0.0, 0.0, 0.0, 0.0, 0.0, 0.0, -2.1352466253537643, 0.9577188467789595, 0.0, 0.0, 0.0, 0.0, 0.0, -1.4838180962747975, 0.0, 0.0, 0.0, 0.0, 0.0, 0.0, 0.0, 0.0, 0.0, 0.0, 0.0, 0.0, 0.0, 0.0, 0.0, 0.0, 0.0, 0.0, 0.0, 1.9655652385098064, 0.7389643296697086, 0.0, 0.0, 0.0, -1.051097399036573, 0.0, 0.0, 0.0, 0.0, 0.0, 0.0, 0.0, 0.0, 0.0, 0.0, 0.0, 0.0, 0.0, 0.0, -1.03473095844821, 0.0, 0.0, 0.0, 1.1671096038427917, 0.0, 0.0, 0.0, 0.0, 0.0, 0.0, 0.0, -0.0724760726566723, 0.0, 0.0, -0.22998685737782715, 0.0, 0.0, 0.359943445915259, 0.0, -0.5903292326342015, 0.0, 0.0, 0.0, 0.07921231891024046, 0.20273696012787146, 0.0, 0.0, -0.15584347966207845, -0.24030595311497274, 0.0, 0.26785601543615517]]",(x0)' =  202.509 x0 + -379.790 x1 +  319.161 x2 + -236.946 x3 +  130.759 x4 + -43.004 x5 +  6.085 x7 + -0.470 x0^3 +  1.320 x0 x1^2 + -0.406 x0 x1 x3 + -0.968 x0 x2^2 +  2.403 x0 x2 x3 + -1.188 x0 x3^2 + -1.309 x0 x4 x5 +  4.120 x0 x5^2 + -3.719 x0 x5 x6 + -0.901 x0 x6^2 +  3.395 x0 x6 x7 + -1.230 x0 x7^2 + -0.474 x1^3 + -0.108 x1^2 x2 + -1.296 x1 x3 x4 +  1.475 x1 x4^2 +  2.299 x1 x4 x5 + -6.404 x1 x5^2 +  4.577 x1 x5 x6 +  2.220 x1 x6^2 + -5.138 x1 x6 x7 +  1.853 x1 x7^2 +  0.050 x3^3 | (x1)' =  70.308 x0 + -73.342 x2 +  1.850 x3 +  2.900 x4 +  0.004 x0^3 + -0.085 x2^3 | (x2)' = -13.377 x0 +  87.454 x1 + -88.982 x3 +  16.954 x4 + -2.318 x5 +  0.027 x0^2 x3 + -0.003 x1^3 +  0.016 x1 x4^2 + -0.019 x3^3 | (x3)' =  4.213 x0 + -21.418 x1 +  93.433 x2 + -93.437 x4 +  21.423 x5 + -4.217 x6 +  0.001 x4^3 | (x4)' =  4.218 x1 + -21.427 x2 +  93.439 x3 + -93.433 x5 +  21.412 x6 + -4.211 x7 +  0.001 x5^3 | (x5)' =  2.324 x2 + -16.973 x3 +  89.016 x4 + -87.489 x6 +  13.384 x7 + -0.006 x3^2 x6 +  0.013 x4^3 + -0.041 x4 x7^2 +  0.013 x6^3 | (x6)' = -2.900 x3 + -1.841 x4 +  73.322 x5 + -70.295 x7 +  0.087 x5^3 + -0.005 x7^3 | (x7)' = -6.094 x0 +  42.809 x2 + -130.413 x3 +  236.521 x4 + -318.524 x5 +  379.758 x6 + -202.880 x7 + -0.280 x0^2 x6 + -0.157 x0^2 x7 +  1.847 x0 x1 x6 + -0.245 x0 x1 x7 + -2.135 x1^2 x6 +  0.958 x1^2 x7 + -1.484 x1 x2 x7 +  1.966 x2^2 x6 +  0.739 x2^2 x7 + -1.051 x2 x3 x6 + -1.035 x3^2 x6 +  1.167 x3 x4 x6 + -0.072 x4^3 + -0.230 x4^2 x7 +  0.360 x4 x5 x7 + -0.590 x4 x6 x7 +  0.079 x5^2 x7 +  0.203 x5 x6^2 + -0.156 x6^3 + -0.240 x6^2 x7 +  0.268 x7^3
33,35.0,-0.0007537510658310451,36.85636440218341,1000.0,3,8,2,8.0,56.0,9,36.0,smoothed_finite_difference_savgol_order_3,success,,103,1320,7.803030303030303,29.218843108043075,"[""1"", ""x0"", ""x1"", ""x2"", ""x3"", ""x4"", ""x5"", ""x6"", ""x7"", ""x0^2"", ""x0 x1"", ""x0 x2"", ""x0 x3"", ""x0 x4"", ""x0 x5"", ""x0 x6"", ""x0 x7"", ""x1^2"", ""x1 x2"", ""x1 x3"", ""x1 x4"", ""x1 x5"", ""x1 x6"", ""x1 x7"", ""x2^2"", ""x2 x3"", ""x2 x4"", ""x2 x5"", ""x2 x6"", ""x2 x7"", ""x3^2"", ""x3 x4"", ""x3 x5"", ""x3 x6"", ""x3 x7"", ""x4^2"", ""x4 x5"", ""x4 x6"", ""x4 x7"", ""x5^2"", ""x5 x6"", ""x5 x7"", ""x6^2"", ""x6 x7"", ""x7^2"", ""x0^3"", ""x0^2 x1"", ""x0^2 x2"", ""x0^2 x3"", ""x0^2 x4"", ""x0^2 x5"", ""x0^2 x6"", ""x0^2 x7"", ""x0 x1^2"", ""x0 x1 x2"", ""x0 x1 x3"", ""x0 x1 x4"", ""x0 x1 x5"", ""x0 x1 x6"", ""x0 x1 x7"", ""x0 x2^2"", ""x0 x2 x3"", ""x0 x2 x4"", ""x0 x2 x5"", ""x0 x2 x6"", ""x0 x2 x7"", ""x0 x3^2"", ""x0 x3 x4"", ""x0 x3 x5"", ""x0 x3 x6"", ""x0 x3 x7"", ""x0 x4^2"", ""x0 x4 x5"", ""x0 x4 x6"", ""x0 x4 x7"", ""x0 x5^2"", ""x0 x5 x6"", ""x0 x5 x7"", ""x0 x6^2"", ""x0 x6 x7"", ""x0 x7^2"", ""x1^3"", ""x1^2 x2"", ""x1^2 x3"", ""x1^2 x4"", ""x1^2 x5"", ""x1^2 x6"", ""x1^2 x7"", ""x1 x2^2"", ""x1 x2 x3"", ""x1 x2 x4"", ""x1 x2 x5"", ""x1 x2 x6"", ""x1 x2 x7"", ""x1 x3^2"", ""x1 x3 x4"", ""x1 x3 x5"", ""x1 x3 x6"", ""x1 x3 x7"", ""x1 x4^2"", ""x1 x4 x5"", ""x1 x4 x6"", ""x1 x4 x7"", ""x1 x5^2"", ""x1 x5 x6"", ""x1 x5 x7"", ""x1 x6^2"", ""x1 x6 x7"", ""x1 x7^2"", ""x2^3"", ""x2^2 x3"", ""x2^2 x4"", ""x2^2 x5"", ""x2^2 x6"", ""x2^2 x7"", ""x2 x3^2"", ""x2 x3 x4"", ""x2 x3 x5"", ""x2 x3 x6"", ""x2 x3 x7"", ""x2 x4^2"", ""x2 x4 x5"", ""x2 x4 x6"", ""x2 x4 x7"", ""x2 x5^2"", ""x2 x5 x6"", ""x2 x5 x7"", ""x2 x6^2"", ""x2 x6 x7"", ""x2 x7^2"", ""x3^3"", ""x3^2 x4"", ""x3^2 x5"", ""x3^2 x6"", ""x3^2 x7"", ""x3 x4^2"", ""x3 x4 x5"", ""x3 x4 x6"", ""x3 x4 x7"", ""x3 x5^2"", ""x3 x5 x6"", ""x3 x5 x7"", ""x3 x6^2"", ""x3 x6 x7"", ""x3 x7^2"", ""x4^3"", ""x4^2 x5"", ""x4^2 x6"", ""x4^2 x7"", ""x4 x5^2"", ""x4 x5 x6"", ""x4 x5 x7"", ""x4 x6^2"", ""x4 x6 x7"", ""x4 x7^2"", ""x5^3"", ""x5^2 x6"", ""x5^2 x7"", ""x5 x6^2"", ""x5 x6 x7"", ""x5 x7^2"", ""x6^3"", ""x6^2 x7"", ""x6 x7^2"", ""x7^3""]","[[0.0, 215.48835386384894, -410.3139389556275, 344.87298688220164, -231.35520079096275, 93.30959870947565, 0.0, -24.39402518011961, 11.702124877566403, 0.0, 0.0, 0.0, 0.0, 0.0, 0.0, 0.0, 0.0, 0.0, 0.0, 0.0, 0.0, 0.0, 0.0, 0.0, 0.0, 0.0, 0.0, 0.0, 0.0, 0.0, 0.0, 0.0, 0.0, 0.0, 0.0, 0.0, 0.0, 0.0, 0.0, 0.0, 0.0, 0.0, 0.0, 0.0, 0.0, -0.32360580096662095, 0.0, 0.0, 0.0, 0.0, 0.0, 0.0, 0.0, 1.5337140438209174, 0.0, -1.7474893833613308, 0.0, 0.0, 0.0, 0.0, -2.1208047711138236, 6.084863420587349, 0.0, 0.0, 0.0, 0.0, -3.325765192968003, 0.0, 0.0, 0.0, 0.0, 0.0, 0.0, 0.0, 0.0, 2.8854597899520726, -3.4445815035237137, 0.0, -0.5099881139311238, 2.6319505184003242, -0.8211138997513612, -1.3848565207035757, 1.795722975000346, 0.0, 0.0, 0.0, 0.0, 0.0, -0.8349681167782051, 0.0, 0.0, 0.0, 0.0, 0.0, 0.0, -1.9873489454590632, 0.0, 0.0, 0.0, 4.109194384078754, -0.6719404998256205, 0.0, 0.0, -6.626590367795321, 6.8303548160933625, 0.0, 1.4703327927965217, -5.452995922043915, 1.938985478575331, 0.0, 0.0, 0.0, 0.0, 0.0, 0.0, 0.0, 0.0, 0.0, 0.0, 0.0, 0.0, 0.0, 0.0, 0.0, 0.0, 0.0, 0.0, 0.0, 0.0, 0.0, 0.026574605781037357, 0.0, 0.0, 0.0, 0.0, 0.0, 0.0, 0.0, 0.0, 0.0, 0.0, 0.0, 0.0, 0.0, 0.0, 0.0, 0.0, 0.0, 0.0, 0.0, 0.0, 0.0, 0.0, 0.0, 0.0, 0.0, 0.0, 0.0, 0.0, 0.0, 0.0, 0.0, 0.0, 0.0, 0.0], [0.0, 69.54404005638472, 0.0, -72.96378764005063, 3.990623623767549, 0.0, 0.708932744337149, 0.0, 0.0, 0.0, 0.0, 0.0, 0.0, 0.0, 0.0, 0.0, 0.0, 0.0, 0.0, 0.0, 0.0, 0.0, 0.0, 0.0, 0.0, 0.0, 0.0, 0.0, 0.0, 0.0, 0.0, 0.0, 0.0, 0.0, 0.0, 0.0, 0.0, 0.0, 0.0, 0.0, 0.0, 0.0, 0.0, 0.0, 0.0, -0.003045044834338493, 0.0, 0.0, 0.0, 0.0, 0.0, 0.0, 0.0, 0.0, 0.0, 0.0, 0.0, 0.0, 0.0, 0.0, 0.0, 0.0, 0.0, 0.0, 0.0, 0.0, 0.0, 0.0, 0.0, 0.0, 0.0, 0.0, 0.0, 0.0, 0.0, 0.0, 0.0, 0.0, 0.0, 0.0, 0.0, 0.0, 0.0, 0.0, 0.0, 0.0, 0.0, 0.0, 0.0, 0.0, 0.0, 0.0, 0.0, 0.0, 0.0, 0.0, 0.0, 0.0, 0.0, 0.0, 0.0, 0.0, 0.0, 0.0, 0.0, 0.0, 0.0, 0.0, 0.0, -0.06178756423712556, 0.0, 0.0, 0.0, 0.0, 0.0, 0.0, 0.0, 0.0, 0.0, 0.0, 0.0, 0.0, 0.0, 0.0, 0.0, 0.0, 0.0, 0.0, 0.0, 0.0, 0.0, 0.0, 0.0, 0.0, 0.0, 0.0, 0.0, 0.0, 0.0, 0.0, 0.0, 0.0, 0.0, 0.0, 0.0, 0.0, 0.0, 0.0, 0.0, 0.0, 0.0, 0.0, 0.0, 0.0, 0.0, 0.0, 0.0, 0.0, 0.0, 0.0, 0.0, 0.0, 0.0, 0.0, 0.0], [0.0, -12.222877147226379, 85.67817565497421, 0.0, -86.24024329556181, 13.2523000704518, 0.0, -0.6482746126218181, 0.0, 0.0, 0.0, 0.0, 0.0, 0.0, 0.0, 0.0, 0.0, 0.0, 0.0, 0.0, 0.0, 0.0, 0.0, 0.0, 0.0, 0.0, 0.0, 0.0, 0.0, 0.0, 0.0, 0.0, 0.0, 0.0, 0.0, 0.0, 0.0, 0.0, 0.0, 0.0, 0.0, 0.0, 0.0, 0.0, 0.0, 0.0, 0.0, 0.0, 0.02705766784067348, 0.0, 0.0, 0.0, 0.0, 0.0, 0.0, 0.0, 0.0, 0.0, 0.0, 0.0, 0.0, 0.0, 0.0, 0.0, 0.0, 0.0, 0.0, 0.0, 0.0, 0.0, 0.0, 0.0, 0.0, 0.0, 0.0, 0.0, 0.0, 0.0, 0.0, 0.0, 0.0, -0.0090020511649951, 0.0, 0.0, 0.0, 0.0, 0.0, 0.0, 0.0, 0.0, 0.0, 0.0, 0.0, 0.0, 0.0, 0.0, 0.0, 0.0, 0.0, 0.0, 0.0, 0.0, 0.0, 0.0, 0.0, 0.0, 0.0, 0.0, 0.0, 0.0, 0.0, 0.0, 0.0, 0.0, 0.0, 0.0, 0.0, 0.0, 0.0, 0.0, 0.0, 0.0, 0.0, 0.0, 0.0, 0.0, 0.0, 0.0, 0.0, 0.0, -0.004678844301217182, 0.0, 0.0, 0.0, 0.0, 0.0, 0.0, 0.0, 0.0, 0.0, 0.0, 0.0, 0.0, 0.0, 0.0, 0.0, 0.0, 0.0, 0.0, 0.0, 0.0, 0.0, 0.0, 0.0, 0.0, 0.0, 0.0, 0.0, 0.0, 0.0, 0.0, 0.0, 0.0, 0.0, 0.0], [0.0, 2.940629668885668, -18.10270020760015, 90.08741526649904, 0.0, -88.9397699684049, 15.140915279523236, 0.0, -1.1653367033971902, 0.0, 0.0, 0.0, 0.0, 0.0, 0.0, 0.0, 0.0, 0.0, 0.0, 0.0, 0.0, 0.0, 0.0, 0.0, 0.0, 0.0, 0.0, 0.0, 0.0, 0.0, 0.0, 0.0, 0.0, 0.0, 0.0, 0.0, 0.0, 0.0, 0.0, 0.0, 0.0, 0.0, 0.0, 0.0, 0.0, 0.0, 0.0, 0.0, 0.0, 0.0, 0.0, 0.0, 0.0, 0.0, 0.0, 0.0, 0.0, 0.0, 0.0, 0.0, 0.0, 0.0, 0.0, 0.0, 0.0, 0.0, 0.0, 0.0, 0.0, 0.0, 0.0, 0.0, 0.0, 0.0, 0.0, 0.0, 0.0, 0.0, 0.0, 0.0, 0.0, 0.0, 0.0, 0.0, 0.0, 0.0, 0.0, 0.0, 0.0, 0.0, 0.0, 0.0, 0.0, 0.0, 0.0, 0.0, 0.0, 0.0, 0.0, 0.0, 0.0, 0.0, 0.0, 0.0, 0.0, 0.0, 0.0, 0.0, 0.0, 0.0010683478184032758, 0.0, 0.0, 0.0, 0.0, 0.0, 0.0, 0.0, 0.0, 0.0, 0.0, 0.0, 0.0, 0.0, 0.0, 0.0, 0.0, 0.0, 0.0, 0.0, 0.0, 0.0, 0.0, 0.0, 0.0, 0.0, 0.0, 0.0, 0.0, 0.0, 0.0, 0.0, 0.0, 0.0, 0.0, 0.0, 0.000519374318232247, 0.0, 0.0, 0.0, 0.0, 0.0, 0.0, 0.0, 0.0, 0.0, 0.0, 0.0, 0.0, 0.0, 0.0, 0.0, 0.0, 0.0, 0.0, 0.0], [0.0, 1.1867702473802617, 0.0, -15.238808891712445, 89.05627235906353, 0.0, -90.15870686553242, 18.13193302109666, -2.940146843632205, 0.0, 0.0, 0.0, 0.0, 0.0, 0.0, 0.0, 0.0, 0.0, 0.0, 0.0, 0.0, 0.0, 0.0, 0.0, 0.0, 0.0, 0.0, 0.0, 0.0, 0.0, 0.0, 0.0, 0.0, 0.0, 0.0, 0.0, 0.0, 0.0, 0.0, 0.0, 0.0, 0.0, 0.0, 0.0, 0.0, 0.0, 0.0, 0.0, 0.0, 0.0, 0.0, 0.0, 0.0, 0.0, 0.0, 0.0, 0.0, 0.0, 0.0, 0.0, 0.0, 0.0, 0.0, 0.0, 0.0, 0.0, 0.0, 0.0, 0.0, 0.0, 0.0, 0.0, 0.0, 0.0, 0.0, 0.0, 0.0, 0.0, 0.0, 0.0, 0.0, 0.0, 0.0, 0.0, 0.0, 0.0, 0.0, 0.0, 0.0, 0.0, 0.0, 0.0, 0.0, 0.0, 0.0, 0.0, 0.0, 0.0, 0.0, 0.0, 0.0, 0.0, 0.0, 0.0, 0.0, 0.0, 0.0, 0.0, 0.0, 0.0, 0.0, 0.0, 0.0, 0.0, 0.0, 0.0, 0.0, 0.0, 0.0, 0.0, 0.0, 0.0, 0.0, 0.0, 0.0, 0.0, 0.0, 0.0, 0.0, 0.0, -0.0012084447444059433, 0.0, 0.0, 0.0, 0.0, 0.0, 0.0, 0.0, 0.0, 0.0, 0.0, 0.0, 0.0, 0.0, 0.0, 0.0, 0.0, 0.0, 0.0, 0.0, 0.0, 0.0, 0.0, 0.0, 0.0, -0.0005896087541044902, 0.0, 0.0, 0.0, 0.0, 0.0, 0.0, 0.0, 0.0, 0.0], [0.0, 0.0, 0.6596254410555843, 0.0, -13.238372886334938, 86.19056738611746, 0.0, -85.61560830256995, 12.182893406931836, 0.0, 0.0, 0.0, 0.0, 0.0, 0.0, 0.0, 0.0, 0.0, 0.0, 0.0, 0.0, 0.0, 0.0, 0.0, 0.0, 0.0, 0.0, 0.0, 0.0, 0.0, 0.0, 0.0, 0.0, 0.0, 0.0, 0.0, 0.0, 0.0, 0.0, 0.0, 0.0, 0.0, 0.0, 0.0, 0.0, 0.0, 0.0, 0.0, 0.0, 0.0, 0.0, 0.0, 0.0, 0.0, 0.0, 0.0, 0.0, 0.0, 0.0, 0.0, 0.0, 0.0, 0.0, 0.0, 0.0, 0.0, 0.0, 0.0, 0.0, 0.0, 0.0, 0.0, 0.0, 0.0, 0.0, 0.0, 0.0, 0.0, 0.0, 0.0, 0.0, 0.0, 0.0, 0.0, 0.0, 0.0, 0.0, 0.0, 0.0, 0.0, 0.0, 0.0, 0.0, 0.0, 0.0, 0.0, 0.0, 0.0, 0.0, 0.0, 0.0, 0.0, 0.0, 0.0, 0.0, 0.0, 0.0, 0.0, 0.0, 0.0, 0.0, 0.0, 0.0, 0.0, 0.0, 0.0, 0.0, 0.0, 0.0, 0.0, 0.0, 0.0, 0.0, 0.0, 0.0, 0.0, 0.0, 0.0, 0.0, 0.0, 0.0, 0.0, 0.0, 0.0, 0.0, 0.0, 0.0, 0.0, 0.0, 0.0, 0.0, 0.0, 0.0, 0.0, 0.0, 0.006697928085241451, 0.0, 0.0, 0.0, 0.0, 0.0, 0.0, 0.0, 0.0, -0.027359461386915137, 0.0, 0.0, 0.0, 0.0, 0.0, 0.0, 0.0077398419497029984, 0.0, 0.0, 0.0], [0.0, 0.0, 0.0, -0.6816779426998661, 0.0, -4.050258768048852, 73.02243081209774, 0.0, -69.55164883867238, 0.0, 0.0, 0.0, 0.0, 0.0, 0.0, 0.0, 0.0, 0.0, 0.0, 0.0, 0.0, 0.0, 0.0, 0.0, 0.0, 0.0, 0.0, 0.0, 0.0, 0.0, 0.0, 0.0, 0.0, 0.0, 0.0, 0.0, 0.0, 0.0, 0.0, 0.0, 0.0, 0.0, 0.0, 0.0, 0.0, 0.0, 0.0, 0.0, 0.0, 0.0, 0.0, 0.0, 0.0, 0.0, 0.0, 0.0, 0.0, 0.0, 0.0, 0.0, 0.0, 0.0, 0.0, 0.0, 0.0, 0.0, 0.0, 0.0, 0.0, 0.0, 0.0, 0.0, 0.0, 0.0, 0.0, 0.0, 0.0, 0.0, 0.0, 0.0, 0.0, 0.0, 0.0, 0.0, 0.0, 0.0, 0.0, 0.0, 0.0, 0.0, 0.0, 0.0, 0.0, 0.0, 0.0, 0.0, 0.0, 0.0, 0.0, 0.0, 0.0, 0.0, 0.0, 0.0, 0.0, 0.0, 0.0, 0.0, 0.0, 0.0, 0.0, 0.0, 0.0, 0.0, 0.0, 0.0, 0.0, 0.0, 0.0, 0.0, 0.0, 0.0, 0.0, 0.0, 0.0, 0.0, 0.0, 0.0, 0.0, 0.0, 0.0, 0.0, 0.0, 0.0, 0.0, 0.0, 0.0, 0.0, 0.0, 0.0, 0.0, 0.0, 0.0, 0.0, 0.0, 0.0, 0.0, 0.0, 0.0, 0.0, 0.0, 0.0, 0.0, 0.0, 0.0, 0.0592618704162579, 0.0, 0.0, 0.0, 0.0, 0.0, 0.0, 0.0, 0.0, 0.0025872987012940177], [0.0, -11.691403131535957, 24.275072058377184, 0.0, -92.97936503094492, 230.83689261690262, -344.4073925491527, 410.4734241025517, -215.88215574311158, 0.0, 0.0, 0.0, 0.0, 0.0, 0.0, 0.0, 0.0, 0.0, 0.0, 0.0, 0.0, 0.0, 0.0, 0.0, 0.0, 0.0, 0.0, 0.0, 0.0, 0.0, 0.0, 0.0, 0.0, 0.0, 0.0, 0.0, 0.0, 0.0, 0.0, 0.0, 0.0, 0.0, 0.0, 0.0, 0.0, 0.0, 0.0, 0.0, 0.0, 0.0, 0.0, 0.40562724081480783, -0.9099965958872198, 0.0, 0.0, 0.0, 0.0, 0.0, 0.5694950873604322, 1.0974211415511061, 0.0, 0.0, 0.0, 0.0, 0.0, 0.0, 0.0, 0.0, 0.0, 0.0, 0.0, 0.0, 0.0, 0.0, 0.0, 0.0, 0.0, 0.0, 0.0, 0.0, 0.0, 0.0, 0.0, 0.0, 0.0, 0.0, -1.6466259643277792, 0.9177059221116441, 0.0, 0.0, 0.0, 0.0, 0.0, -2.52442864171164, 0.0, 0.0, 0.0, 0.0, 0.0, 0.0, 0.0, 0.0, 0.0, 0.0, 0.0, 0.0, 0.0, 0.0, 0.0, 0.0, 0.0, 0.0, 0.0, 1.8651023739006845, 1.206860290689725, 0.0, 0.0, 0.0, -0.009122401127857921, 0.0, 0.0, 0.0, 0.0, 0.0, 0.0, 0.0, 0.0, 0.0, 0.0, 0.0, 0.0, 0.0, 0.0, -2.3451842719919367, 0.0, 0.0, 0.0, 1.5434042859696142, 0.0, 0.0, 0.0, 0.0, 0.0, 0.0, 0.0, 0.007195069678032593, 0.0, 0.0, 0.5710600298451491, 0.0, 0.0, -1.4230679078634896, 0.0, 0.08465233092196832, 0.0, 0.0, -0.1972000602151284, 0.949964371058519, 0.06584986695204251, 0.0, 0.0, 0.31153700548490154, -0.9019582285596605, 0.0, 0.31310861188608874]]",(x0)' =  215.488 x0 + -410.314 x1 +  344.873 x2 + -231.355 x3 +  93.310 x4 + -24.394 x6 +  11.702 x7 + -0.324 x0^3 +  1.534 x0 x1^2 + -1.747 x0 x1 x3 + -2.121 x0 x2^2 +  6.085 x0 x2 x3 + -3.326 x0 x3^2 +  2.885 x0 x5^2 + -3.445 x0 x5 x6 + -0.510 x0 x6^2 +  2.632 x0 x6 x7 + -0.821 x0 x7^2 + -1.385 x1^3 +  1.796 x1^2 x2 + -0.835 x1 x2^2 + -1.987 x1 x3 x4 +  4.109 x1 x4^2 + -0.672 x1 x4 x5 + -6.627 x1 x5^2 +  6.830 x1 x5 x6 +  1.470 x1 x6^2 + -5.453 x1 x6 x7 +  1.939 x1 x7^2 +  0.027 x3^3 | (x1)' =  69.544 x0 + -72.964 x2 +  3.991 x3 +  0.709 x5 + -0.003 x0^3 + -0.062 x2^3 | (x2)' = -12.223 x0 +  85.678 x1 + -86.240 x3 +  13.252 x4 + -0.648 x6 +  0.027 x0^2 x3 + -0.009 x1^3 + -0.005 x3^3 | (x3)' =  2.941 x0 + -18.103 x1 +  90.087 x2 + -88.940 x4 +  15.141 x5 + -1.165 x7 +  0.001 x2^3 +  0.001 x4^3 | (x4)' =  1.187 x0 + -15.239 x2 +  89.056 x3 + -90.159 x5 +  18.132 x6 + -2.940 x7 + -0.001 x3^3 + -0.001 x5^3 | (x5)' =  0.660 x1 + -13.238 x3 +  86.191 x4 + -85.616 x6 +  12.183 x7 +  0.007 x4^3 + -0.027 x4 x7^2 +  0.008 x6^3 | (x6)' = -0.682 x2 + -4.050 x4 +  73.022 x5 + -69.552 x7 +  0.059 x5^3 +  0.003 x7^3 | (x7)' = -11.691 x0 +  24.275 x1 + -92.979 x3 +  230.837 x4 + -344.407 x5 +  410.473 x6 + -215.882 x7 +  0.406 x0^2 x6 + -0.910 x0^2 x7 +  0.569 x0 x1 x6 +  1.097 x0 x1 x7 + -1.647 x1^2 x6 +  0.918 x1^2 x7 + -2.524 x1 x2 x7 +  1.865 x2^2 x6 +  1.207 x2^2 x7 + -0.009 x2 x3 x6 + -2.345 x3^2 x6 +  1.543 x3 x4 x6 +  0.007 x4^3 +  0.571 x4^2 x7 + -1.423 x4 x5 x7 +  0.085 x4 x6 x7 + -0.197 x5^2 x6 +  0.950 x5^2 x7 +  0.066 x5 x6^2 +  0.312 x6^3 + -0.902 x6^2 x7 +  0.313 x7^3
34,35.0,-0.0007537510658310451,36.85636440218341,1000.0,3,8,5,20.0,140.0,0,0.0,finite_difference,success,,75,1320,5.681818181818182,31.634421629831195,"[""1"", ""x0"", ""x1"", ""x2"", ""x3"", ""x4"", ""x5"", ""x6"", ""x7"", ""x0^2"", ""x0 x1"", ""x0 x2"", ""x0 x3"", ""x0 x4"", ""x0 x5"", ""x0 x6"", ""x0 x7"", ""x1^2"", ""x1 x2"", ""x1 x3"", ""x1 x4"", ""x1 x5"", ""x1 x6"", ""x1 x7"", ""x2^2"", ""x2 x3"", ""x2 x4"", ""x2 x5"", ""x2 x6"", ""x2 x7"", ""x3^2"", ""x3 x4"", ""x3 x5"", ""x3 x6"", ""x3 x7"", ""x4^2"", ""x4 x5"", ""x4 x6"", ""x4 x7"", ""x5^2"", ""x5 x6"", ""x5 x7"", ""x6^2"", ""x6 x7"", ""x7^2"", ""x0^3"", ""x0^2 x1"", ""x0^2 x2"", ""x0^2 x3"", ""x0^2 x4"", ""x0^2 x5"", ""x0^2 x6"", ""x0^2 x7"", ""x0 x1^2"", ""x0 x1 x2"", ""x0 x1 x3"", ""x0 x1 x4"", ""x0 x1 x5"", ""x0 x1 x6"", ""x0 x1 x7"", ""x0 x2^2"", ""x0 x2 x3"", ""x0 x2 x4"", ""x0 x2 x5"", ""x0 x2 x6"", ""x0 x2 x7"", ""x0 x3^2"", ""x0 x3 x4"", ""x0 x3 x5"", ""x0 x3 x6"", ""x0 x3 x7"", ""x0 x4^2"", ""x0 x4 x5"", ""x0 x4 x6"", ""x0 x4 x7"", ""x0 x5^2"", ""x0 x5 x6"", ""x0 x5 x7"", ""x0 x6^2"", ""x0 x6 x7"", ""x0 x7^2"", ""x1^3"", ""x1^2 x2"", ""x1^2 x3"", ""x1^2 x4"", ""x1^2 x5"", ""x1^2 x6"", ""x1^2 x7"", ""x1 x2^2"", ""x1 x2 x3"", ""x1 x2 x4"", ""x1 x2 x5"", ""x1 x2 x6"", ""x1 x2 x7"", ""x1 x3^2"", ""x1 x3 x4"", ""x1 x3 x5"", ""x1 x3 x6"", ""x1 x3 x7"", ""x1 x4^2"", ""x1 x4 x5"", ""x1 x4 x6"", ""x1 x4 x7"", ""x1 x5^2"", ""x1 x5 x6"", ""x1 x5 x7"", ""x1 x6^2"", ""x1 x6 x7"", ""x1 x7^2"", ""x2^3"", ""x2^2 x3"", ""x2^2 x4"", ""x2^2 x5"", ""x2^2 x6"", ""x2^2 x7"", ""x2 x3^2"", ""x2 x3 x4"", ""x2 x3 x5"", ""x2 x3 x6"", ""x2 x3 x7"", ""x2 x4^2"", ""x2 x4 x5"", ""x2 x4 x6"", ""x2 x4 x7"", ""x2 x5^2"", ""x2 x5 x6"", ""x2 x5 x7"", ""x2 x6^2"", ""x2 x6 x7"", ""x2 x7^2"", ""x3^3"", ""x3^2 x4"", ""x3^2 x5"", ""x3^2 x6"", ""x3^2 x7"", ""x3 x4^2"", ""x3 x4 x5"", ""x3 x4 x6"", ""x3 x4 x7"", ""x3 x5^2"", ""x3 x5 x6"", ""x3 x5 x7"", ""x3 x6^2"", ""x3 x6 x7"", ""x3 x7^2"", ""x4^3"", ""x4^2 x5"", ""x4^2 x6"", ""x4^2 x7"", ""x4 x5^2"", ""x4 x5 x6"", ""x4 x5 x7"", ""x4 x6^2"", ""x4 x6 x7"", ""x4 x7^2"", ""x5^3"", ""x5^2 x6"", ""x5^2 x7"", ""x5 x6^2"", ""x5 x6 x7"", ""x5 x7^2"", ""x6^3"", ""x6^2 x7"", ""x6 x7^2"", ""x7^3""]","[[0.0, 20.066880766509943, -47.49651381073718, 15.81664151274754, 0.0, 5.372184096841609, 0.0, 0.0, 0.0, 0.0, 3.2919672211869573, 0.0, 0.0, 0.0, 0.0, 0.0, 0.0, 0.0, -2.75951626162781, 0.0, 0.0, 0.0, 0.0, 0.0, 0.0, 0.0, 0.0, 0.0, 0.0, 0.0, 0.0, 0.0, 0.0, 0.0, 0.0, 0.0, 0.0, 0.0, 0.0, 0.0, 0.0, 0.0, 0.0, 0.0, 0.0, 0.0, 0.0, 0.0, 0.0, 0.0, 0.0, 0.0, 0.0, 0.0, 0.0, 0.0, 0.0, 0.0, 0.0, 0.0, 0.0, 0.0, 0.0, 0.0, 0.0, 0.0, 0.0, 0.0, 0.0, 0.0, 0.0, 0.0, 0.0, 0.0, 0.0, 0.0, 0.0, 0.0, 0.0, 0.0, 0.0, 0.0, 0.0, 0.0, 0.0, 0.0, 0.0, 0.0, 0.0, 0.0, 0.0, 0.0, 0.0, 0.0, 0.0, 0.0, 0.0, 0.0, 0.0, 0.0, 0.0, 0.0, 0.0, 0.0, 0.0, 0.0, 0.0, 0.0, 0.0, 0.0, 0.0, 0.0, 0.0, 0.0, 0.0, 0.0, 0.0, 0.0, 0.0, 0.0, 0.0, 0.0, 0.0, 0.0, 0.0, 0.0, 0.0, 0.0, 0.0, 0.0, 0.0, 0.0, 0.0, 0.0, 0.0, 0.0, 0.0, 0.0, 0.0, 0.0, 0.0, 0.0, 0.0, 0.0, 0.0, 0.0, 0.0, 0.0, 0.0, 0.0, 0.0, 0.0, 0.0, 0.0, 0.0, 0.0, 0.0, 0.0, 0.0, 0.0, 0.0, 0.0, 0.0, 0.0, 0.0], [0.0, 35.22230042492474, 0.0, -40.09535806206774, 7.577549244955425, 0.0, 0.0, 0.0, 0.0, 2.7232929118816647, -6.675059188497744, 0.0, 0.0, 0.0, 0.0, 0.0, 0.0, 0.0, 3.8612037125219887, 0.0, 0.0, 0.0, 0.0, 0.0, 0.0, 0.0, 0.0, 0.0, 0.0, 0.0, 0.0, 0.0, 0.0, 0.0, 0.0, 0.0, 0.0, 0.0, 0.0, 0.0, 0.0, 0.0, 0.0, 0.0, 0.0, 0.0, 0.0, 0.0, 0.0, 0.0, 0.0, 0.0, 0.0, 0.3736674044435209, 0.0, 0.0, 0.0, 0.0, 0.0, 0.0, 0.0, 0.0, 0.0, 0.0, 0.0, 0.0, 0.0, 0.0, 0.0, 0.0, 0.0, 0.0, 0.0, 0.0, 0.0, 0.0, 0.0, 0.0, 0.0, 0.0, 0.0, 0.0, -0.45984656771565385, 0.0, 0.0, 0.0, 0.0, 0.0, 0.0, 0.0, 0.0, 0.0, 0.0, 0.0, 0.0, 0.0, 0.0, 0.0, 0.0, 0.0, 0.0, 0.0, 0.0, 0.0, 0.0, 0.0, 0.0, 0.0, 0.0, 0.0, 0.0, 0.0, 0.0, 0.0, 0.0, 0.0, 0.0, 0.0, 0.0, 0.0, 0.0, 0.0, 0.0, 0.0, 0.0, 0.0, 0.0, 0.0, 0.0, 0.0, 0.0, 0.0, 0.0, 0.0, 0.0, 0.0, 0.0, 0.0, 0.0, 0.0, 0.0, 0.0, 0.0, 0.0, 0.0, 0.0, 0.0, 0.0, 0.0, 0.0, 0.0, 0.0, 0.0, 0.0, 0.0, 0.0, 0.0, 0.0, 0.0, 0.0, 0.0, 0.0, 0.0, 0.0, 0.0], [0.0, -11.094683777175726, 40.44318945011117, 0.0, -39.667285639649, 10.200892098256391, 0.0, 0.0, 0.0, -2.8330924920362004, 3.909165993911716, 0.0, 0.0, 0.0, 0.0, 0.0, 0.0, 2.9780207590889622, -7.755572033407209, 0.0, 0.0, 0.0, 0.0, 0.0, 0.0, 4.002096263979992, 0.0, 0.0, 0.0, 0.0, 0.0, 0.0, 0.0, 0.0, 0.0, 0.0, 0.0, 0.0, 0.0, 0.0, 0.0, 0.0, 0.0, 0.0, 0.0, 0.0, 0.0, 0.0, 0.0, 0.0, 0.0, 0.0, 0.0, 0.0, 0.0, 0.0, 0.0, 0.0, 0.0, 0.0, 0.0, 0.0, 0.0, 0.0, 0.0, 0.0, 0.0, 0.0, 0.0, 0.0, 0.0, 0.0, 0.0, 0.0, 0.0, 0.0, 0.0, 0.0, 0.0, 0.0, 0.0, 0.1537491064889691, 0.0, -0.22659598078539703, 0.0, 0.0, 0.0, 0.0, 0.0, 0.0, 0.0, 0.0, 0.0, 0.0, 0.0, 0.0, 0.0, 0.0, 0.0, 0.0, 0.0, 0.0, 0.0, 0.0, 0.0, 0.0, 0.0, 0.0, 0.0, 0.0, 0.0, 0.0, 0.0, 0.0, 0.0, 0.0, 0.0, 0.0, 0.0, 0.0, 0.0, 0.0, 0.0, 0.0, 0.0, 0.0, 0.0, 0.0, 0.0, 0.0, 0.0, 0.0, 0.0, 0.0, 0.0, 0.0, 0.0, 0.0, 0.0, 0.0, 0.0, 0.0, 0.0, 0.0, 0.0, 0.0, 0.0, 0.0, 0.0, 0.0, 0.0, 0.0, 0.0, 0.0, 0.0, 0.0, 0.0, 0.0, 0.0, 0.0, 0.0, 0.0, 0.0, 0.0, 0.0], [0.0, 0.0, -10.839806798928544, 39.68043496248828, 0.0, -39.29607750230087, 10.319972299862616, 0.0, 0.0, 0.0, 0.0, 0.0, 0.0, 0.0, 0.0, 0.0, 0.0, -2.756445075538938, 5.597238836597672, 0.0, 0.0, 0.0, 0.0, 0.0, 0.0, -5.809583551347265, 0.0, 0.0, 0.0, 0.0, 0.0, 3.6211167058599116, 0.0, 0.0, 0.0, 0.0, 0.0, 0.0, 0.0, 0.0, 0.0, 0.0, 0.0, 0.0, 0.0, 0.0, 0.0, 0.0, 0.0, 0.0, 0.0, 0.0, 0.0, 0.0, 0.0, 0.0, 0.0, 0.0, 0.0, 0.0, 0.0, 0.0, 0.0, 0.0, 0.0, 0.0, 0.0, 0.0, 0.0, 0.0, 0.0, 0.0, 0.0, 0.0, 0.0, 0.0, 0.0, 0.0, 0.0, 0.0, 0.0, 0.0, 0.0, 0.0, 0.0, 0.0, 0.0, 0.0, 0.0, 0.0, 0.0, 0.0, 0.0, 0.0, 0.0, 0.0, 0.0, 0.0, 0.0, 0.0, 0.0, 0.0, 0.0, 0.0, 0.0, 0.0, 0.0, 0.0, 0.0, 0.0, 0.0, 0.0, 0.0, 0.0, 0.0, 0.5090999622743297, 0.0, 0.0, 0.0, 0.0, 0.0, 0.0, 0.0, 0.0, 0.0, 0.0, 0.0, 0.0, 0.0, 0.0, 0.0, -0.5510762891740937, 0.0, 0.0, 0.0, 0.0, 0.0, 0.0, 0.0, 0.0, 0.0, 0.0, 0.0, 0.0, 0.0, 0.0, 0.0, 0.0, 0.0, 0.0, 0.0, 0.0, 0.0, 0.0, 0.0, 0.0, 0.0, 0.0, 0.0, 0.0, 0.0, 0.0, 0.0, 0.0, 0.0], [0.0, 0.0, 0.0, -11.115680811551627, 40.44229919497866, 0.0, -39.67927148305794, 10.234695260896881, 0.0, 0.0, 0.0, 0.0, 0.0, 0.0, 0.0, 0.0, 0.0, 0.0, 0.0, 0.0, 0.0, 0.0, 0.0, 0.0, -2.826069076348044, 3.9021149429597632, 0.0, 0.0, 0.0, 0.0, 2.9686713494841985, -7.726706066302756, 0.0, 0.0, 0.0, 0.0, 3.9871766620329305, 0.0, 0.0, 0.0, 0.0, 0.0, 0.0, 0.0, 0.0, 0.0, 0.0, 0.0, 0.0, 0.0, 0.0, 0.0, 0.0, 0.0, 0.0, 0.0, 0.0, 0.0, 0.0, 0.0, 0.0, 0.0, 0.0, 0.0, 0.0, 0.0, 0.0, 0.0, 0.0, 0.0, 0.0, 0.0, 0.0, 0.0, 0.0, 0.0, 0.0, 0.0, 0.0, 0.0, 0.0, 0.0, 0.0, 0.0, 0.0, 0.0, 0.0, 0.0, 0.0, 0.0, 0.0, 0.0, 0.0, 0.0, 0.0, 0.0, 0.0, 0.0, 0.0, 0.0, 0.0, 0.0, 0.0, 0.0, 0.0, 0.0, 0.0, 0.0, 0.0, 0.0, 0.0, 0.0, 0.0, 0.0, 0.0, 0.0, 0.0, 0.0, 0.0, 0.0, 0.0, 0.0, 0.0, 0.0, 0.0, 0.0, 0.0, 0.0, 0.0, 0.0, 0.15622093995998618, 0.0, -0.23134993471079263, 0.0, 0.0, 0.0, 0.0, 0.0, 0.0, 0.0, 0.0, 0.0, 0.0, 0.0, 0.0, 0.0, 0.0, 0.0, 0.0, 0.0, 0.0, 0.0, 0.0, 0.0, 0.0, 0.0, 0.0, 0.0, 0.0, 0.0, 0.0, 0.0, 0.0, 0.0, 0.0], [0.0, 0.0, 0.0, 0.0, -11.111776447575055, 40.452278709930425, 0.0, -39.70452742604271, 10.255898831773061, 0.0, 0.0, 0.0, 0.0, 0.0, 0.0, 0.0, 0.0, 0.0, 0.0, 0.0, 0.0, 0.0, 0.0, 0.0, 0.0, 0.0, 0.0, 0.0, 0.0, 0.0, -2.815347617629758, 3.885785065419285, 0.0, 0.0, 0.0, 2.967527649610924, -7.7299757310973565, 0.0, 0.0, 0.0, 3.9913568073333607, 0.0, 0.0, 0.0, 0.0, 0.0, 0.0, 0.0, 0.0, 0.0, 0.0, 0.0, 0.0, 0.0, 0.0, 0.0, 0.0, 0.0, 0.0, 0.0, 0.0, 0.0, 0.0, 0.0, 0.0, 0.0, 0.0, 0.0, 0.0, 0.0, 0.0, 0.0, 0.0, 0.0, 0.0, 0.0, 0.0, 0.0, 0.0, 0.0, 0.0, 0.0, 0.0, 0.0, 0.0, 0.0, 0.0, 0.0, 0.0, 0.0, 0.0, 0.0, 0.0, 0.0, 0.0, 0.0, 0.0, 0.0, 0.0, 0.0, 0.0, 0.0, 0.0, 0.0, 0.0, 0.0, 0.0, 0.0, 0.0, 0.0, 0.0, 0.0, 0.0, 0.0, 0.0, 0.0, 0.0, 0.0, 0.0, 0.0, 0.0, 0.0, 0.0, 0.0, 0.0, 0.0, 0.0, 0.0, 0.0, 0.0, 0.0, 0.0, 0.0, 0.0, 0.0, 0.0, 0.0, 0.0, 0.0, 0.0, 0.0, 0.0, 0.0, 0.0, 0.0, 0.15584364972262052, 0.0, -0.23033597782377296, 0.0, 0.0, 0.0, 0.0, 0.0, 0.0, 0.0, 0.0, 0.0, 0.0, 0.0, 0.0, 0.0, 0.0, 0.0, 0.0, 0.0], [0.0, 0.0, 0.0, 0.0, 0.0, -8.67728873920432, 41.32018864042516, 0.0, -35.06747831214602, 0.0, 0.0, 0.0, 0.0, 0.0, 0.0, 0.0, 0.0, 0.0, 0.0, 0.0, 0.0, 0.0, 0.0, 0.0, 0.0, 0.0, 0.0, 0.0, 0.0, 0.0, 0.0, 0.0, 0.0, 0.0, 0.0, -2.729275516635414, 3.861559885978407, 0.0, 0.0, 3.0839181919105423, -8.000297494543473, 0.0, 0.0, 4.054588592408728, 0.0, 0.0, 0.0, 0.0, 0.0, 0.0, 0.0, 0.0, 0.0, 0.0, 0.0, 0.0, 0.0, 0.0, 0.0, 0.0, 0.0, 0.0, 0.0, 0.0, 0.0, 0.0, 0.0, 0.0, 0.0, 0.0, 0.0, 0.0, 0.0, 0.0, 0.0, 0.0, 0.0, 0.0, 0.0, 0.0, 0.0, 0.0, 0.0, 0.0, 0.0, 0.0, 0.0, 0.0, 0.0, 0.0, 0.0, 0.0, 0.0, 0.0, 0.0, 0.0, 0.0, 0.0, 0.0, 0.0, 0.0, 0.0, 0.0, 0.0, 0.0, 0.0, 0.0, 0.0, 0.0, 0.0, 0.0, 0.0, 0.0, 0.0, 0.0, 0.0, 0.0, 0.0, 0.0, 0.0, 0.0, 0.0, 0.0, 0.0, 0.0, 0.0, 0.0, 0.0, 0.0, 0.0, 0.0, 0.0, 0.0, 0.0, 0.0, 0.0, 0.0, 0.0, 0.0, 0.0, 0.0, 0.0, 0.0, 0.0, 0.0, 0.0, 0.0, 0.0, 0.0, 0.0, 0.0, 0.0, 0.0, 0.0, 0.0, 0.0, 0.0, 0.0, 0.0, 0.0, 0.0, 0.0, 0.0, 0.0, 0.0], [0.0, 0.0, 0.0, 0.0, -4.827229600664526, 0.0, -16.00624139335833, 48.127305977834936, -19.55574142671217, 0.0, 0.0, 0.0, 0.0, 0.0, 0.0, 0.0, 0.0, 0.0, 0.0, 0.0, 0.0, 0.0, 0.0, 0.0, 0.0, 0.0, 0.0, 0.0, 0.0, 0.0, 0.0, 0.0, 0.0, 0.0, 0.0, 0.0, 0.0, 0.0, 0.0, -3.3806192579190224, 5.3500553621847295, 0.0, 2.9149315924721657, -5.262258655009673, 0.0, 0.0, 0.0, 0.0, 0.0, 0.0, 0.0, 0.0, 0.0, 0.0, 0.0, 0.0, 0.0, 0.0, 0.0, 0.0, 0.0, 0.0, 0.0, 0.0, 0.0, 0.0, 0.0, 0.0, 0.0, 0.0, 0.0, 0.0, 0.0, 0.0, 0.0, 0.0, 0.0, 0.0, 0.0, 0.0, 0.0, 0.0, 0.0, 0.0, 0.0, 0.0, 0.0, 0.0, 0.0, 0.0, 0.0, 0.0, 0.0, 0.0, 0.0, 0.0, 0.0, 0.0, 0.0, 0.0, 0.0, 0.0, 0.0, 0.0, 0.0, 0.0, 0.0, 0.0, 0.0, 0.0, 0.0, 0.0, 0.0, 0.0, 0.0, 0.0, 0.0, 0.0, 0.0, 0.0, 0.0, 0.0, 0.0, 0.0, 0.0, 0.0, 0.0, 0.0, 0.0, 0.0, 0.0, 0.0, 0.0, 0.0, 0.0, 0.0, 0.0, 0.0, 0.0, 0.0, 0.0, 0.0, 0.0, 0.0, 0.0, 0.0, 0.0, 0.0, 0.0, 0.0, 0.0, 0.0, 0.0, 0.0, 0.0, 0.0, 0.0, 0.0, 0.0, -0.6670244544909533, 0.0, 0.09250997489856148, 0.0, 0.0, 0.0]]",(x0)' =  20.067 x0 + -47.497 x1 +  15.817 x2 +  5.372 x4 +  3.292 x0 x1 + -2.760 x1 x2 | (x1)' =  35.222 x0 + -40.095 x2 +  7.578 x3 +  2.723 x0^2 + -6.675 x0 x1 +  3.861 x1 x2 +  0.374 x0 x1^2 + -0.460 x1^2 x2 | (x2)' = -11.095 x0 +  40.443 x1 + -39.667 x3 +  10.201 x4 + -2.833 x0^2 +  3.909 x0 x1 +  2.978 x1^2 + -7.756 x1 x2 +  4.002 x2 x3 +  0.154 x1^3 + -0.227 x1^2 x3 | (x3)' = -10.840 x1 +  39.680 x2 + -39.296 x4 +  10.320 x5 + -2.756 x1^2 +  5.597 x1 x2 + -5.810 x2 x3 +  3.621 x3 x4 +  0.509 x2 x3^2 + -0.551 x3^2 x4 | (x4)' = -11.116 x2 +  40.442 x3 + -39.679 x5 +  10.235 x6 + -2.826 x2^2 +  3.902 x2 x3 +  2.969 x3^2 + -7.727 x3 x4 +  3.987 x4 x5 +  0.156 x3^3 + -0.231 x3^2 x5 | (x5)' = -11.112 x3 +  40.452 x4 + -39.705 x6 +  10.256 x7 + -2.815 x3^2 +  3.886 x3 x4 +  2.968 x4^2 + -7.730 x4 x5 +  3.991 x5 x6 +  0.156 x4^3 + -0.230 x4^2 x6 | (x6)' = -8.677 x4 +  41.320 x5 + -35.067 x7 + -2.729 x4^2 +  3.862 x4 x5 +  3.084 x5^2 + -8.000 x5 x6 +  4.055 x6 x7 | (x7)' = -4.827 x3 + -16.006 x5 +  48.127 x6 + -19.556 x7 + -3.381 x5^2 +  5.350 x5 x6 +  2.915 x6^2 + -5.262 x6 x7 + -0.667 x5 x6 x7 +  0.093 x6^3
35,35.0,-0.0007537510658310451,36.85636440218341,1000.0,3,8,5,20.0,140.0,5,20.0,smoothed_finite_difference_savgol_order_3,success,,75,1320,5.681818181818182,27.442841256037354,"[""1"", ""x0"", ""x1"", ""x2"", ""x3"", ""x4"", ""x5"", ""x6"", ""x7"", ""x0^2"", ""x0 x1"", ""x0 x2"", ""x0 x3"", ""x0 x4"", ""x0 x5"", ""x0 x6"", ""x0 x7"", ""x1^2"", ""x1 x2"", ""x1 x3"", ""x1 x4"", ""x1 x5"", ""x1 x6"", ""x1 x7"", ""x2^2"", ""x2 x3"", ""x2 x4"", ""x2 x5"", ""x2 x6"", ""x2 x7"", ""x3^2"", ""x3 x4"", ""x3 x5"", ""x3 x6"", ""x3 x7"", ""x4^2"", ""x4 x5"", ""x4 x6"", ""x4 x7"", ""x5^2"", ""x5 x6"", ""x5 x7"", ""x6^2"", ""x6 x7"", ""x7^2"", ""x0^3"", ""x0^2 x1"", ""x0^2 x2"", ""x0^2 x3"", ""x0^2 x4"", ""x0^2 x5"", ""x0^2 x6"", ""x0^2 x7"", ""x0 x1^2"", ""x0 x1 x2"", ""x0 x1 x3"", ""x0 x1 x4"", ""x0 x1 x5"", ""x0 x1 x6"", ""x0 x1 x7"", ""x0 x2^2"", ""x0 x2 x3"", ""x0 x2 x4"", ""x0 x2 x5"", ""x0 x2 x6"", ""x0 x2 x7"", ""x0 x3^2"", ""x0 x3 x4"", ""x0 x3 x5"", ""x0 x3 x6"", ""x0 x3 x7"", ""x0 x4^2"", ""x0 x4 x5"", ""x0 x4 x6"", ""x0 x4 x7"", ""x0 x5^2"", ""x0 x5 x6"", ""x0 x5 x7"", ""x0 x6^2"", ""x0 x6 x7"", ""x0 x7^2"", ""x1^3"", ""x1^2 x2"", ""x1^2 x3"", ""x1^2 x4"", ""x1^2 x5"", ""x1^2 x6"", ""x1^2 x7"", ""x1 x2^2"", ""x1 x2 x3"", ""x1 x2 x4"", ""x1 x2 x5"", ""x1 x2 x6"", ""x1 x2 x7"", ""x1 x3^2"", ""x1 x3 x4"", ""x1 x3 x5"", ""x1 x3 x6"", ""x1 x3 x7"", ""x1 x4^2"", ""x1 x4 x5"", ""x1 x4 x6"", ""x1 x4 x7"", ""x1 x5^2"", ""x1 x5 x6"", ""x1 x5 x7"", ""x1 x6^2"", ""x1 x6 x7"", ""x1 x7^2"", ""x2^3"", ""x2^2 x3"", ""x2^2 x4"", ""x2^2 x5"", ""x2^2 x6"", ""x2^2 x7"", ""x2 x3^2"", ""x2 x3 x4"", ""x2 x3 x5"", ""x2 x3 x6"", ""x2 x3 x7"", ""x2 x4^2"", ""x2 x4 x5"", ""x2 x4 x6"", ""x2 x4 x7"", ""x2 x5^2"", ""x2 x5 x6"", ""x2 x5 x7"", ""x2 x6^2"", ""x2 x6 x7"", ""x2 x7^2"", ""x3^3"", ""x3^2 x4"", ""x3^2 x5"", ""x3^2 x6"", ""x3^2 x7"", ""x3 x4^2"", ""x3 x4 x5"", ""x3 x4 x6"", ""x3 x4 x7"", ""x3 x5^2"", ""x3 x5 x6"", ""x3 x5 x7"", ""x3 x6^2"", ""x3 x6 x7"", ""x3 x7^2"", ""x4^3"", ""x4^2 x5"", ""x4^2 x6"", ""x4^2 x7"", ""x4 x5^2"", ""x4 x5 x6"", ""x4 x5 x7"", ""x4 x6^2"", ""x4 x6 x7"", ""x4 x7^2"", ""x5^3"", ""x5^2 x6"", ""x5^2 x7"", ""x5 x6^2"", ""x5 x6 x7"", ""x5 x7^2"", ""x6^3"", ""x6^2 x7"", ""x6 x7^2"", ""x7^3""]","[[0.0, 20.38061362839356, -47.982005158840856, 16.117210737476555, 0.0, 5.314870745479903, 0.0, 0.0, 0.0, 0.0, 3.311086492717085, 0.0, 0.0, 0.0, 0.0, 0.0, 0.0, 0.0, -2.785632980933718, 0.0, 0.0, 0.0, 0.0, 0.0, 0.0, 0.0, 0.0, 0.0, 0.0, 0.0, 0.0, 0.0, 0.0, 0.0, 0.0, 0.0, 0.0, 0.0, 0.0, 0.0, 0.0, 0.0, 0.0, 0.0, 0.0, 0.0, 0.0, 0.0, 0.0, 0.0, 0.0, 0.0, 0.0, 0.0, 0.0, 0.0, 0.0, 0.0, 0.0, 0.0, 0.0, 0.0, 0.0, 0.0, 0.0, 0.0, 0.0, 0.0, 0.0, 0.0, 0.0, 0.0, 0.0, 0.0, 0.0, 0.0, 0.0, 0.0, 0.0, 0.0, 0.0, 0.0, 0.0, 0.0, 0.0, 0.0, 0.0, 0.0, 0.0, 0.0, 0.0, 0.0, 0.0, 0.0, 0.0, 0.0, 0.0, 0.0, 0.0, 0.0, 0.0, 0.0, 0.0, 0.0, 0.0, 0.0, 0.0, 0.0, 0.0, 0.0, 0.0, 0.0, 0.0, 0.0, 0.0, 0.0, 0.0, 0.0, 0.0, 0.0, 0.0, 0.0, 0.0, 0.0, 0.0, 0.0, 0.0, 0.0, 0.0, 0.0, 0.0, 0.0, 0.0, 0.0, 0.0, 0.0, 0.0, 0.0, 0.0, 0.0, 0.0, 0.0, 0.0, 0.0, 0.0, 0.0, 0.0, 0.0, 0.0, 0.0, 0.0, 0.0, 0.0, 0.0, 0.0, 0.0, 0.0, 0.0, 0.0, 0.0, 0.0, 0.0, 0.0, 0.0, 0.0], [0.0, 35.29714027454064, 0.0, -40.313267878926865, 7.746216026881589, 0.0, 0.0, 0.0, 0.0, 2.6817082445529, -6.600623191274263, 0.0, 0.0, 0.0, 0.0, 0.0, 0.0, 0.0, 3.830308389278865, 0.0, 0.0, 0.0, 0.0, 0.0, 0.0, 0.0, 0.0, 0.0, 0.0, 0.0, 0.0, 0.0, 0.0, 0.0, 0.0, 0.0, 0.0, 0.0, 0.0, 0.0, 0.0, 0.0, 0.0, 0.0, 0.0, 0.0, 0.0, 0.0, 0.0, 0.0, 0.0, 0.0, 0.0, 0.36480835142002727, 0.0, 0.0, 0.0, 0.0, 0.0, 0.0, 0.0, 0.0, 0.0, 0.0, 0.0, 0.0, 0.0, 0.0, 0.0, 0.0, 0.0, 0.0, 0.0, 0.0, 0.0, 0.0, 0.0, 0.0, 0.0, 0.0, 0.0, 0.0, -0.44998679815623205, 0.0, 0.0, 0.0, 0.0, 0.0, 0.0, 0.0, 0.0, 0.0, 0.0, 0.0, 0.0, 0.0, 0.0, 0.0, 0.0, 0.0, 0.0, 0.0, 0.0, 0.0, 0.0, 0.0, 0.0, 0.0, 0.0, 0.0, 0.0, 0.0, 0.0, 0.0, 0.0, 0.0, 0.0, 0.0, 0.0, 0.0, 0.0, 0.0, 0.0, 0.0, 0.0, 0.0, 0.0, 0.0, 0.0, 0.0, 0.0, 0.0, 0.0, 0.0, 0.0, 0.0, 0.0, 0.0, 0.0, 0.0, 0.0, 0.0, 0.0, 0.0, 0.0, 0.0, 0.0, 0.0, 0.0, 0.0, 0.0, 0.0, 0.0, 0.0, 0.0, 0.0, 0.0, 0.0, 0.0, 0.0, 0.0, 0.0, 0.0, 0.0, 0.0], [0.0, -11.29279966065694, 40.622599762246196, 0.0, -39.87436869322546, 10.419320835996864, 0.0, 0.0, 0.0, -2.8181028412483444, 3.905404174082661, 0.0, 0.0, 0.0, 0.0, 0.0, 0.0, 2.9274376924188337, -7.671493283171386, 0.0, 0.0, 0.0, 0.0, 0.0, 0.0, 3.9612036354626645, 0.0, 0.0, 0.0, 0.0, 0.0, 0.0, 0.0, 0.0, 0.0, 0.0, 0.0, 0.0, 0.0, 0.0, 0.0, 0.0, 0.0, 0.0, 0.0, 0.0, 0.0, 0.0, 0.0, 0.0, 0.0, 0.0, 0.0, 0.0, 0.0, 0.0, 0.0, 0.0, 0.0, 0.0, 0.0, 0.0, 0.0, 0.0, 0.0, 0.0, 0.0, 0.0, 0.0, 0.0, 0.0, 0.0, 0.0, 0.0, 0.0, 0.0, 0.0, 0.0, 0.0, 0.0, 0.0, 0.15613873688342317, 0.0, -0.22737422977602115, 0.0, 0.0, 0.0, 0.0, 0.0, 0.0, 0.0, 0.0, 0.0, 0.0, 0.0, 0.0, 0.0, 0.0, 0.0, 0.0, 0.0, 0.0, 0.0, 0.0, 0.0, 0.0, 0.0, 0.0, 0.0, 0.0, 0.0, 0.0, 0.0, 0.0, 0.0, 0.0, 0.0, 0.0, 0.0, 0.0, 0.0, 0.0, 0.0, 0.0, 0.0, 0.0, 0.0, 0.0, 0.0, 0.0, 0.0, 0.0, 0.0, 0.0, 0.0, 0.0, 0.0, 0.0, 0.0, 0.0, 0.0, 0.0, 0.0, 0.0, 0.0, 0.0, 0.0, 0.0, 0.0, 0.0, 0.0, 0.0, 0.0, 0.0, 0.0, 0.0, 0.0, 0.0, 0.0, 0.0, 0.0, 0.0, 0.0, 0.0, 0.0], [0.0, 0.0, -11.047277832393126, 39.89634907435561, 0.0, -39.51312460186806, 10.536964931603027, 0.0, 0.0, 0.0, 0.0, 0.0, 0.0, 0.0, 0.0, 0.0, 0.0, -2.748914577953428, 5.572497476121853, 0.0, 0.0, 0.0, 0.0, 0.0, 0.0, -5.75297810087709, 0.0, 0.0, 0.0, 0.0, 0.0, 3.581115423013712, 0.0, 0.0, 0.0, 0.0, 0.0, 0.0, 0.0, 0.0, 0.0, 0.0, 0.0, 0.0, 0.0, 0.0, 0.0, 0.0, 0.0, 0.0, 0.0, 0.0, 0.0, 0.0, 0.0, 0.0, 0.0, 0.0, 0.0, 0.0, 0.0, 0.0, 0.0, 0.0, 0.0, 0.0, 0.0, 0.0, 0.0, 0.0, 0.0, 0.0, 0.0, 0.0, 0.0, 0.0, 0.0, 0.0, 0.0, 0.0, 0.0, 0.0, 0.0, 0.0, 0.0, 0.0, 0.0, 0.0, 0.0, 0.0, 0.0, 0.0, 0.0, 0.0, 0.0, 0.0, 0.0, 0.0, 0.0, 0.0, 0.0, 0.0, 0.0, 0.0, 0.0, 0.0, 0.0, 0.0, 0.0, 0.0, 0.0, 0.0, 0.0, 0.0, 0.0, 0.5001548783298138, 0.0, 0.0, 0.0, 0.0, 0.0, 0.0, 0.0, 0.0, 0.0, 0.0, 0.0, 0.0, 0.0, 0.0, 0.0, -0.5434544772787155, 0.0, 0.0, 0.0, 0.0, 0.0, 0.0, 0.0, 0.0, 0.0, 0.0, 0.0, 0.0, 0.0, 0.0, 0.0, 0.0, 0.0, 0.0, 0.0, 0.0, 0.0, 0.0, 0.0, 0.0, 0.0, 0.0, 0.0, 0.0, 0.0, 0.0, 0.0, 0.0, 0.0], [0.0, 0.0, 0.0, -11.312698093243661, 40.62129380405995, 0.0, -39.88610222791095, 10.452320359555406, 0.0, 0.0, 0.0, 0.0, 0.0, 0.0, 0.0, 0.0, 0.0, 0.0, 0.0, 0.0, 0.0, 0.0, 0.0, 0.0, -2.811250685930423, 3.898130728864245, 0.0, 0.0, 0.0, 0.0, 2.9184765624643187, -7.643198081982032, 0.0, 0.0, 0.0, 0.0, 3.9463335441475413, 0.0, 0.0, 0.0, 0.0, 0.0, 0.0, 0.0, 0.0, 0.0, 0.0, 0.0, 0.0, 0.0, 0.0, 0.0, 0.0, 0.0, 0.0, 0.0, 0.0, 0.0, 0.0, 0.0, 0.0, 0.0, 0.0, 0.0, 0.0, 0.0, 0.0, 0.0, 0.0, 0.0, 0.0, 0.0, 0.0, 0.0, 0.0, 0.0, 0.0, 0.0, 0.0, 0.0, 0.0, 0.0, 0.0, 0.0, 0.0, 0.0, 0.0, 0.0, 0.0, 0.0, 0.0, 0.0, 0.0, 0.0, 0.0, 0.0, 0.0, 0.0, 0.0, 0.0, 0.0, 0.0, 0.0, 0.0, 0.0, 0.0, 0.0, 0.0, 0.0, 0.0, 0.0, 0.0, 0.0, 0.0, 0.0, 0.0, 0.0, 0.0, 0.0, 0.0, 0.0, 0.0, 0.0, 0.0, 0.0, 0.0, 0.0, 0.0, 0.0, 0.0, 0.15876166811109219, 0.0, -0.23219428277759518, 0.0, 0.0, 0.0, 0.0, 0.0, 0.0, 0.0, 0.0, 0.0, 0.0, 0.0, 0.0, 0.0, 0.0, 0.0, 0.0, 0.0, 0.0, 0.0, 0.0, 0.0, 0.0, 0.0, 0.0, 0.0, 0.0, 0.0, 0.0, 0.0, 0.0, 0.0, 0.0], [0.0, 0.0, 0.0, 0.0, -11.309099497926299, 40.63104378686538, 0.0, -39.91049466664577, 10.472935073160844, 0.0, 0.0, 0.0, 0.0, 0.0, 0.0, 0.0, 0.0, 0.0, 0.0, 0.0, 0.0, 0.0, 0.0, 0.0, 0.0, 0.0, 0.0, 0.0, 0.0, 0.0, -2.8004763508605466, 3.8822811306838125, 0.0, 0.0, 0.0, 2.9168098432545255, -7.646021032983633, 0.0, 0.0, 0.0, 3.9504344733973507, 0.0, 0.0, 0.0, 0.0, 0.0, 0.0, 0.0, 0.0, 0.0, 0.0, 0.0, 0.0, 0.0, 0.0, 0.0, 0.0, 0.0, 0.0, 0.0, 0.0, 0.0, 0.0, 0.0, 0.0, 0.0, 0.0, 0.0, 0.0, 0.0, 0.0, 0.0, 0.0, 0.0, 0.0, 0.0, 0.0, 0.0, 0.0, 0.0, 0.0, 0.0, 0.0, 0.0, 0.0, 0.0, 0.0, 0.0, 0.0, 0.0, 0.0, 0.0, 0.0, 0.0, 0.0, 0.0, 0.0, 0.0, 0.0, 0.0, 0.0, 0.0, 0.0, 0.0, 0.0, 0.0, 0.0, 0.0, 0.0, 0.0, 0.0, 0.0, 0.0, 0.0, 0.0, 0.0, 0.0, 0.0, 0.0, 0.0, 0.0, 0.0, 0.0, 0.0, 0.0, 0.0, 0.0, 0.0, 0.0, 0.0, 0.0, 0.0, 0.0, 0.0, 0.0, 0.0, 0.0, 0.0, 0.0, 0.0, 0.0, 0.0, 0.0, 0.0, 0.0, 0.15833794833841072, 0.0, -0.23119193562746948, 0.0, 0.0, 0.0, 0.0, 0.0, 0.0, 0.0, 0.0, 0.0, 0.0, 0.0, 0.0, 0.0, 0.0, 0.0, 0.0, 0.0], [0.0, 0.0, 0.0, 0.0, 0.0, -8.821190962402138, 41.50780016760451, 0.0, -35.14365060284166, 0.0, 0.0, 0.0, 0.0, 0.0, 0.0, 0.0, 0.0, 0.0, 0.0, 0.0, 0.0, 0.0, 0.0, 0.0, 0.0, 0.0, 0.0, 0.0, 0.0, 0.0, 0.0, 0.0, 0.0, 0.0, 0.0, -2.7165463657819404, 3.861815431174421, 0.0, 0.0, 3.041500634286879, -7.934287245550952, 0.0, 0.0, 4.0233547912447465, 0.0, 0.0, 0.0, 0.0, 0.0, 0.0, 0.0, 0.0, 0.0, 0.0, 0.0, 0.0, 0.0, 0.0, 0.0, 0.0, 0.0, 0.0, 0.0, 0.0, 0.0, 0.0, 0.0, 0.0, 0.0, 0.0, 0.0, 0.0, 0.0, 0.0, 0.0, 0.0, 0.0, 0.0, 0.0, 0.0, 0.0, 0.0, 0.0, 0.0, 0.0, 0.0, 0.0, 0.0, 0.0, 0.0, 0.0, 0.0, 0.0, 0.0, 0.0, 0.0, 0.0, 0.0, 0.0, 0.0, 0.0, 0.0, 0.0, 0.0, 0.0, 0.0, 0.0, 0.0, 0.0, 0.0, 0.0, 0.0, 0.0, 0.0, 0.0, 0.0, 0.0, 0.0, 0.0, 0.0, 0.0, 0.0, 0.0, 0.0, 0.0, 0.0, 0.0, 0.0, 0.0, 0.0, 0.0, 0.0, 0.0, 0.0, 0.0, 0.0, 0.0, 0.0, 0.0, 0.0, 0.0, 0.0, 0.0, 0.0, 0.0, 0.0, 0.0, 0.0, 0.0, 0.0, 0.0, 0.0, 0.0, 0.0, 0.0, 0.0, 0.0, 0.0, 0.0, 0.0, 0.0, 0.0, 0.0, 0.0, 0.0], [0.0, 0.0, 0.0, 0.0, -4.774317015093556, 0.0, -16.286914501131456, 48.57229497749392, -19.86538881161444, 0.0, 0.0, 0.0, 0.0, 0.0, 0.0, 0.0, 0.0, 0.0, 0.0, 0.0, 0.0, 0.0, 0.0, 0.0, 0.0, 0.0, 0.0, 0.0, 0.0, 0.0, 0.0, 0.0, 0.0, 0.0, 0.0, 0.0, 0.0, 0.0, 0.0, -3.3871583331381214, 5.368022982273382, 0.0, 2.884014603234235, -5.23362282667944, 0.0, 0.0, 0.0, 0.0, 0.0, 0.0, 0.0, 0.0, 0.0, 0.0, 0.0, 0.0, 0.0, 0.0, 0.0, 0.0, 0.0, 0.0, 0.0, 0.0, 0.0, 0.0, 0.0, 0.0, 0.0, 0.0, 0.0, 0.0, 0.0, 0.0, 0.0, 0.0, 0.0, 0.0, 0.0, 0.0, 0.0, 0.0, 0.0, 0.0, 0.0, 0.0, 0.0, 0.0, 0.0, 0.0, 0.0, 0.0, 0.0, 0.0, 0.0, 0.0, 0.0, 0.0, 0.0, 0.0, 0.0, 0.0, 0.0, 0.0, 0.0, 0.0, 0.0, 0.0, 0.0, 0.0, 0.0, 0.0, 0.0, 0.0, 0.0, 0.0, 0.0, 0.0, 0.0, 0.0, 0.0, 0.0, 0.0, 0.0, 0.0, 0.0, 0.0, 0.0, 0.0, 0.0, 0.0, 0.0, 0.0, 0.0, 0.0, 0.0, 0.0, 0.0, 0.0, 0.0, 0.0, 0.0, 0.0, 0.0, 0.0, 0.0, 0.0, 0.0, 0.0, 0.0, 0.0, 0.0, 0.0, 0.0, 0.0, 0.0, 0.0, 0.0, 0.0, -0.6647156691606979, 0.0, 0.09642628122914665, 0.0, 0.0, 0.0]]",(x0)' =  20.381 x0 + -47.982 x1 +  16.117 x2 +  5.315 x4 +  3.311 x0 x1 + -2.786 x1 x2 | (x1)' =  35.297 x0 + -40.313 x2 +  7.746 x3 +  2.682 x0^2 + -6.601 x0 x1 +  3.830 x1 x2 +  0.365 x0 x1^2 + -0.450 x1^2 x2 | (x2)' = -11.293 x0 +  40.623 x1 + -39.874 x3 +  10.419 x4 + -2.818 x0^2 +  3.905 x0 x1 +  2.927 x1^2 + -7.671 x1 x2 +  3.961 x2 x3 +  0.156 x1^3 + -0.227 x1^2 x3 | (x3)' = -11.047 x1 +  39.896 x2 + -39.513 x4 +  10.537 x5 + -2.749 x1^2 +  5.572 x1 x2 + -5.753 x2 x3 +  3.581 x3 x4 +  0.500 x2 x3^2 + -0.543 x3^2 x4 | (x4)' = -11.313 x2 +  40.621 x3 + -39.886 x5 +  10.452 x6 + -2.811 x2^2 +  3.898 x2 x3 +  2.918 x3^2 + -7.643 x3 x4 +  3.946 x4 x5 +  0.159 x3^3 + -0.232 x3^2 x5 | (x5)' = -11.309 x3 +  40.631 x4 + -39.910 x6 +  10.473 x7 + -2.800 x3^2 +  3.882 x3 x4 +  2.917 x4^2 + -7.646 x4 x5 +  3.950 x5 x6 +  0.158 x4^3 + -0.231 x4^2 x6 | (x6)' = -8.821 x4 +  41.508 x5 + -35.144 x7 + -2.717 x4^2 +  3.862 x4 x5 +  3.042 x5^2 + -7.934 x5 x6 +  4.023 x6 x7 | (x7)' = -4.774 x3 + -16.287 x5 +  48.572 x6 + -19.865 x7 + -3.387 x5^2 +  5.368 x5 x6 +  2.884 x6^2 + -5.234 x6 x7 + -0.665 x5 x6 x7 +  0.096 x6^3
36,35.0,-0.0007537510658310451,36.85636440218341,1000.0,3,8,5,20.0,140.0,9,36.0,smoothed_finite_difference_savgol_order_3,success,,55,1320,4.166666666666667,31.521390380337834,"[""1"", ""x0"", ""x1"", ""x2"", ""x3"", ""x4"", ""x5"", ""x6"", ""x7"", ""x0^2"", ""x0 x1"", ""x0 x2"", ""x0 x3"", ""x0 x4"", ""x0 x5"", ""x0 x6"", ""x0 x7"", ""x1^2"", ""x1 x2"", ""x1 x3"", ""x1 x4"", ""x1 x5"", ""x1 x6"", ""x1 x7"", ""x2^2"", ""x2 x3"", ""x2 x4"", ""x2 x5"", ""x2 x6"", ""x2 x7"", ""x3^2"", ""x3 x4"", ""x3 x5"", ""x3 x6"", ""x3 x7"", ""x4^2"", ""x4 x5"", ""x4 x6"", ""x4 x7"", ""x5^2"", ""x5 x6"", ""x5 x7"", ""x6^2"", ""x6 x7"", ""x7^2"", ""x0^3"", ""x0^2 x1"", ""x0^2 x2"", ""x0^2 x3"", ""x0^2 x4"", ""x0^2 x5"", ""x0^2 x6"", ""x0^2 x7"", ""x0 x1^2"", ""x0 x1 x2"", ""x0 x1 x3"", ""x0 x1 x4"", ""x0 x1 x5"", ""x0 x1 x6"", ""x0 x1 x7"", ""x0 x2^2"", ""x0 x2 x3"", ""x0 x2 x4"", ""x0 x2 x5"", ""x0 x2 x6"", ""x0 x2 x7"", ""x0 x3^2"", ""x0 x3 x4"", ""x0 x3 x5"", ""x0 x3 x6"", ""x0 x3 x7"", ""x0 x4^2"", ""x0 x4 x5"", ""x0 x4 x6"", ""x0 x4 x7"", ""x0 x5^2"", ""x0 x5 x6"", ""x0 x5 x7"", ""x0 x6^2"", ""x0 x6 x7"", ""x0 x7^2"", ""x1^3"", ""x1^2 x2"", ""x1^2 x3"", ""x1^2 x4"", ""x1^2 x5"", ""x1^2 x6"", ""x1^2 x7"", ""x1 x2^2"", ""x1 x2 x3"", ""x1 x2 x4"", ""x1 x2 x5"", ""x1 x2 x6"", ""x1 x2 x7"", ""x1 x3^2"", ""x1 x3 x4"", ""x1 x3 x5"", ""x1 x3 x6"", ""x1 x3 x7"", ""x1 x4^2"", ""x1 x4 x5"", ""x1 x4 x6"", ""x1 x4 x7"", ""x1 x5^2"", ""x1 x5 x6"", ""x1 x5 x7"", ""x1 x6^2"", ""x1 x6 x7"", ""x1 x7^2"", ""x2^3"", ""x2^2 x3"", ""x2^2 x4"", ""x2^2 x5"", ""x2^2 x6"", ""x2^2 x7"", ""x2 x3^2"", ""x2 x3 x4"", ""x2 x3 x5"", ""x2 x3 x6"", ""x2 x3 x7"", ""x2 x4^2"", ""x2 x4 x5"", ""x2 x4 x6"", ""x2 x4 x7"", ""x2 x5^2"", ""x2 x5 x6"", ""x2 x5 x7"", ""x2 x6^2"", ""x2 x6 x7"", ""x2 x7^2"", ""x3^3"", ""x3^2 x4"", ""x3^2 x5"", ""x3^2 x6"", ""x3^2 x7"", ""x3 x4^2"", ""x3 x4 x5"", ""x3 x4 x6"", ""x3 x4 x7"", ""x3 x5^2"", ""x3 x5 x6"", ""x3 x5 x7"", ""x3 x6^2"", ""x3 x6 x7"", ""x3 x7^2"", ""x4^3"", ""x4^2 x5"", ""x4^2 x6"", ""x4^2 x7"", ""x4 x5^2"", ""x4 x5 x6"", ""x4 x5 x7"", ""x4 x6^2"", ""x4 x6 x7"", ""x4 x7^2"", ""x5^3"", ""x5^2 x6"", ""x5^2 x7"", ""x5 x6^2"", ""x5 x6 x7"", ""x5 x7^2"", ""x6^3"", ""x6^2 x7"", ""x6 x7^2"", ""x7^3""]","[[0.0, 22.70411249026368, -52.31178533132987, 18.839405762314662, 0.0, 4.108762140885842, 0.0, 0.0, 0.0, 0.0, 3.212537900626567, 0.0, 0.0, 0.0, 0.0, 0.0, 0.0, 0.0, -2.9811306985012607, 0.0, 0.0, 0.0, 0.0, 0.0, 0.0, 0.0, 0.0, 0.0, 0.0, 0.0, 0.0, 0.0, 0.0, 0.0, 0.0, 0.0, 0.0, 0.0, 0.0, 0.0, 0.0, 0.0, 0.0, 0.0, 0.0, 0.0, 0.0, 0.0, 0.0, 0.0, 0.0, 0.0, 0.0, 0.0, 0.0, 0.0, 0.0, 0.0, 0.0, 0.0, 0.0, 0.0, 0.0, 0.0, 0.0, 0.0, 0.0, 0.0, 0.0, 0.0, 0.0, 0.9296445642340063, 0.0, 0.0, 0.0, 0.0, 0.0, 0.0, 0.0, 0.0, 0.0, 0.0, 0.0, 0.0, 0.0, 0.0, 0.0, 0.0, 0.0, 0.0, 0.0, 0.0, 0.0, 0.0, 0.0, 0.0, 0.0, 0.0, 0.0, -0.5230488533494116, 0.0, 0.0, 0.0, 0.0, 0.0, 0.0, 0.0, 0.0, 0.0, 0.0, 0.0, 0.0, 0.0, 0.0, 0.0, 0.0, 0.0, 0.0, 0.0, 0.0, 0.0, 0.0, 0.0, 0.0, 0.0, 0.0, 0.0, 0.0, 0.0, 0.0, 0.0, 0.0, 0.0, 0.0, 0.0, 0.0, 0.0, 0.0, 0.0, 0.0, 0.0, 0.0, 0.0, 0.0, 0.0, 0.0, 0.0, 0.0, 0.0, 0.0, 0.0, 0.0, 0.0, 0.0, 0.0, 0.0, 0.0, 0.0, 0.0, 0.0, 0.0, 0.0, 0.0, 0.0, 0.0], [0.0, 37.20559501629509, 0.0, -43.05471024359092, 12.502467664888368, -5.555878682358336, 0.0, 0.0, 0.0, 0.0, -3.207827265372705, 0.0, 0.0, 0.0, 0.0, 0.0, 0.0, 0.0, 3.107609798015409, 0.0, 0.0, 0.0, 0.0, 0.0, 0.0, 0.0, 0.0, 0.0, 0.0, 0.0, 0.0, 0.0, 0.0, 0.0, 0.0, 0.0, 0.0, 0.0, 0.0, 0.0, 0.0, 0.0, 0.0, 0.0, 0.0, 0.0, 0.0, 0.0, 0.0, 0.0, 0.0, 0.0, 0.0, 0.0, 0.0, 0.0, 0.0, 0.0, 0.0, 0.0, 0.0, 0.0, 0.0, 0.0, 0.0, 0.0, 0.0, 0.0, 0.0, 0.0, 0.0, 0.0, 0.0, 0.0, 0.0, 0.0, 0.0, 0.0, 0.0, 0.0, 0.0, 0.0, 0.0, 0.0, 0.0, 0.0, 0.0, 0.0, 0.0, 0.0, 0.0, 0.0, 0.0, 0.0, 0.0, 0.0, 0.0, 0.0, 0.0, 0.0, 0.0, 0.0, 0.0, 0.0, 0.0, 0.0, 0.0, 0.0, 0.0, 0.0, 0.0, 0.0, 0.0, 0.0, 0.0, 0.0, 0.0, 0.0, 0.0, 0.0, 0.0, 0.0, 0.0, 0.0, 0.0, 0.0, 0.0, 0.0, 0.0, 0.0, 0.0, 0.0, 0.0, 0.0, 0.0, 0.0, 0.0, 0.0, 0.0, 0.0, 0.0, 0.0, 0.0, 0.0, 0.0, 0.0, 0.0, 0.0, 0.0, 0.0, 0.0, 0.0, 0.0, 0.0, 0.0, 0.0, 0.0, 0.0, 0.0, 0.0, 0.0, 0.0, 0.0, 0.0, 0.0], [0.0, -12.286147507721374, 41.91132349954491, 0.0, -41.95105982436355, 12.289505155623766, 0.0, 0.0, 0.0, 0.0, 0.0, 0.0, 0.0, 0.0, 0.0, 0.0, 0.0, 0.0, -3.0286196832950867, 0.0, 0.0, 0.0, 0.0, 0.0, 0.0, 3.0019865419600174, 0.0, 0.0, 0.0, 0.0, 0.0, 0.0, 0.0, 0.0, 0.0, 0.0, 0.0, 0.0, 0.0, 0.0, 0.0, 0.0, 0.0, 0.0, 0.0, 0.0, 0.0, 0.0, 0.0, 0.0, 0.0, 0.0, 0.0, 0.0, 0.0, 0.0, 0.0, 0.0, 0.0, 0.0, 0.0, 0.0, 0.0, 0.0, 0.0, 0.0, 0.0, 0.0, 0.0, 0.0, 0.0, 0.0, 0.0, 0.0, 0.0, 0.0, 0.0, 0.0, 0.0, 0.0, 0.0, 0.0, 0.0, 0.0, 0.0, 0.0, 0.0, 0.0, 0.0, 0.0, 0.0, 0.0, 0.0, 0.0, 0.0, 0.0, 0.0, 0.0, 0.0, 0.0, 0.0, 0.0, 0.0, 0.0, 0.0, 0.0, 0.0, 0.0, 0.0, 0.0, 0.0, 0.0, 0.0, 0.0, 0.0, 0.0, 0.0, 0.0, 0.0, 0.0, 0.0, 0.0, 0.0, 0.0, 0.0, 0.0, 0.0, 0.0, 0.0, 0.0, 0.0, 0.0, 0.0, 0.0, 0.0, 0.0, 0.0, 0.0, 0.0, 0.0, 0.0, 0.0, 0.0, 0.0, 0.0, 0.0, 0.0, 0.0, 0.0, 0.0, 0.0, 0.0, 0.0, 0.0, 0.0, 0.0, 0.0, 0.0, 0.0, 0.0, 0.0, 0.0, 0.0, 0.0, 0.0], [0.0, 0.0, -12.310659677882663, 41.92046602914756, 0.0, -41.94438451369457, 12.305130551804913, 0.0, 0.0, 0.0, 0.0, 0.0, 0.0, 0.0, 0.0, 0.0, 0.0, 0.0, 0.0, 0.0, 0.0, 0.0, 0.0, 0.0, 0.0, -3.014593882301928, 0.0, 0.0, 0.0, 0.0, 0.0, 2.9747533903902825, 0.0, 0.0, 0.0, 0.0, 0.0, 0.0, 0.0, 0.0, 0.0, 0.0, 0.0, 0.0, 0.0, 0.0, 0.0, 0.0, 0.0, 0.0, 0.0, 0.0, 0.0, 0.0, 0.0, 0.0, 0.0, 0.0, 0.0, 0.0, 0.0, 0.0, 0.0, 0.0, 0.0, 0.0, 0.0, 0.0, 0.0, 0.0, 0.0, 0.0, 0.0, 0.0, 0.0, 0.0, 0.0, 0.0, 0.0, 0.0, 0.0, 0.0, 0.0, 0.0, 0.0, 0.0, 0.0, 0.0, 0.0, 0.0, 0.0, 0.0, 0.0, 0.0, 0.0, 0.0, 0.0, 0.0, 0.0, 0.0, 0.0, 0.0, 0.0, 0.0, 0.0, 0.0, 0.0, 0.0, 0.0, 0.0, 0.0, 0.0, 0.0, 0.0, 0.0, 0.0, 0.0, 0.0, 0.0, 0.0, 0.0, 0.0, 0.0, 0.0, 0.0, 0.0, 0.0, 0.0, 0.0, 0.0, 0.0, 0.0, 0.0, 0.0, 0.0, 0.0, 0.0, 0.0, 0.0, 0.0, 0.0, 0.0, 0.0, 0.0, 0.0, 0.0, 0.0, 0.0, 0.0, 0.0, 0.0, 0.0, 0.0, 0.0, 0.0, 0.0, 0.0, 0.0, 0.0, 0.0, 0.0, 0.0, 0.0, 0.0, 0.0], [0.0, 0.0, 0.0, -12.299125174439862, 41.91148210375984, 0.0, -41.96197767544192, 12.313008095875476, 0.0, 0.0, 0.0, 0.0, 0.0, 0.0, 0.0, 0.0, 0.0, 0.0, 0.0, 0.0, 0.0, 0.0, 0.0, 0.0, 0.0, 0.0, 0.0, 0.0, 0.0, 0.0, 0.0, -3.0106695584464602, 0.0, 0.0, 0.0, 0.0, 2.9833517620708867, 0.0, 0.0, 0.0, 0.0, 0.0, 0.0, 0.0, 0.0, 0.0, 0.0, 0.0, 0.0, 0.0, 0.0, 0.0, 0.0, 0.0, 0.0, 0.0, 0.0, 0.0, 0.0, 0.0, 0.0, 0.0, 0.0, 0.0, 0.0, 0.0, 0.0, 0.0, 0.0, 0.0, 0.0, 0.0, 0.0, 0.0, 0.0, 0.0, 0.0, 0.0, 0.0, 0.0, 0.0, 0.0, 0.0, 0.0, 0.0, 0.0, 0.0, 0.0, 0.0, 0.0, 0.0, 0.0, 0.0, 0.0, 0.0, 0.0, 0.0, 0.0, 0.0, 0.0, 0.0, 0.0, 0.0, 0.0, 0.0, 0.0, 0.0, 0.0, 0.0, 0.0, 0.0, 0.0, 0.0, 0.0, 0.0, 0.0, 0.0, 0.0, 0.0, 0.0, 0.0, 0.0, 0.0, 0.0, 0.0, 0.0, 0.0, 0.0, 0.0, 0.0, 0.0, 0.0, 0.0, 0.0, 0.0, 0.0, 0.0, 0.0, 0.0, 0.0, 0.0, 0.0, 0.0, 0.0, 0.0, 0.0, 0.0, 0.0, 0.0, 0.0, 0.0, 0.0, 0.0, 0.0, 0.0, 0.0, 0.0, 0.0, 0.0, 0.0, 0.0, 0.0, 0.0, 0.0, 0.0], [0.0, 0.0, 0.0, 0.0, -12.29376957589732, 41.91821718971552, 0.0, -41.98561478749488, 12.34017856594848, 0.0, 0.0, 0.0, 0.0, 0.0, 0.0, 0.0, 0.0, 0.0, 0.0, 0.0, 0.0, 0.0, 0.0, 0.0, 0.0, 0.0, 0.0, 0.0, 0.0, 0.0, 0.0, 0.0, 0.0, 0.0, 0.0, 0.0, -3.0086784839452863, 0.0, 0.0, 0.0, 2.9808980492793795, 0.0, 0.0, 0.0, 0.0, 0.0, 0.0, 0.0, 0.0, 0.0, 0.0, 0.0, 0.0, 0.0, 0.0, 0.0, 0.0, 0.0, 0.0, 0.0, 0.0, 0.0, 0.0, 0.0, 0.0, 0.0, 0.0, 0.0, 0.0, 0.0, 0.0, 0.0, 0.0, 0.0, 0.0, 0.0, 0.0, 0.0, 0.0, 0.0, 0.0, 0.0, 0.0, 0.0, 0.0, 0.0, 0.0, 0.0, 0.0, 0.0, 0.0, 0.0, 0.0, 0.0, 0.0, 0.0, 0.0, 0.0, 0.0, 0.0, 0.0, 0.0, 0.0, 0.0, 0.0, 0.0, 0.0, 0.0, 0.0, 0.0, 0.0, 0.0, 0.0, 0.0, 0.0, 0.0, 0.0, 0.0, 0.0, 0.0, 0.0, 0.0, 0.0, 0.0, 0.0, 0.0, 0.0, 0.0, 0.0, 0.0, 0.0, 0.0, 0.0, 0.0, 0.0, 0.0, 0.0, 0.0, 0.0, 0.0, 0.0, 0.0, 0.0, 0.0, 0.0, 0.0, 0.0, 0.0, 0.0, 0.0, 0.0, 0.0, 0.0, 0.0, 0.0, 0.0, 0.0, 0.0, 0.0, 0.0, 0.0, 0.0, 0.0, 0.0, 0.0], [0.0, 0.0, 0.0, 0.0, 5.50576103140335, -12.569132348772039, 42.95530316411691, 0.0, -37.17066499164377, 0.0, 0.0, 0.0, 0.0, 0.0, 0.0, 0.0, 0.0, 0.0, 0.0, 0.0, 0.0, 0.0, 0.0, 0.0, 0.0, 0.0, 0.0, 0.0, 0.0, 0.0, 0.0, 0.0, 0.0, 0.0, 0.0, 0.0, 2.4989957074831786, 0.0, 0.0, 0.0, -4.859096904546292, 0.0, 0.0, 2.8750575923975954, 0.0, 0.0, 0.0, 0.0, 0.0, 0.0, 0.0, 0.0, 0.0, 0.0, 0.0, 0.0, 0.0, 0.0, 0.0, 0.0, 0.0, 0.0, 0.0, 0.0, 0.0, 0.0, 0.0, 0.0, 0.0, 0.0, 0.0, 0.0, 0.0, 0.0, 0.0, 0.0, 0.0, 0.0, 0.0, 0.0, 0.0, 0.0, 0.0, 0.0, 0.0, 0.0, 0.0, 0.0, 0.0, 0.0, 0.0, 0.0, 0.0, 0.0, 0.0, 0.0, 0.0, 0.0, 0.0, 0.0, 0.0, 0.0, 0.0, 0.0, 0.0, 0.0, 0.0, 0.0, 0.0, 0.0, 0.0, 0.0, 0.0, 0.0, 0.0, 0.0, 0.0, 0.0, 0.0, 0.0, 0.0, 0.0, 0.0, 0.0, 0.0, 0.0, 0.0, 0.0, 0.0, 0.0, 0.0, 0.0, 0.0, 0.0, 0.0, 0.0, 0.0, 0.0, 0.0, 0.0, 0.0, 0.0, 0.0, 0.0, 0.0, 0.0, 0.0, 0.0, 0.0, 0.0, 0.0, 0.0, 0.0, 0.0, 0.0, 0.0, 0.0, 0.0, 0.0, 0.0, 0.0, 0.0, 0.0, 0.0, 0.0], [0.0, 0.0, 0.0, 0.0, -4.178795745596084, 0.0, -18.974684206985625, 52.97184930034724, -23.192707740783327, 0.0, 0.0, 0.0, 0.0, 0.0, 0.0, 0.0, 0.0, 0.0, 0.0, 0.0, 0.0, 0.0, 0.0, 0.0, 0.0, 0.0, 0.0, 0.0, 0.0, 0.0, 0.0, 0.0, 0.0, 0.0, 0.0, 0.0, 0.0, 0.0, 0.0, -3.370919958032985, 5.36232145878286, 0.0, 2.590800181628208, -4.862483852858377, 0.0, 0.0, 0.0, 0.0, 0.0, 0.0, 0.0, 0.0, 0.0, 0.0, 0.0, 0.0, 0.0, 0.0, 0.0, 0.0, 0.0, 0.0, 0.0, 0.0, 0.0, 0.0, 0.0, 0.0, 0.0, 0.0, 0.0, 0.0, 0.0, 0.0, 0.0, 0.0, 0.0, 0.0, 0.0, 0.0, 0.0, 0.0, 0.0, 0.0, 0.0, 0.0, 0.0, 0.0, 0.0, 0.0, 0.0, 0.0, 0.0, 0.0, 0.0, 0.0, 0.0, 0.0, 0.0, 0.0, 0.0, 0.0, 0.0, 0.0, 0.0, 0.0, 0.0, 0.0, 0.0, 0.0, 0.0, 0.0, 0.0, 0.0, 0.0, 0.0, 0.0, 0.0, 0.0, 0.0, 0.0, 0.0, 0.0, 0.0, 0.0, 0.0, 0.0, 0.0, 0.0, 0.0, 0.0, 0.0, 0.0, 0.0, 0.0, 0.0, 0.0, 0.0, 0.0, 0.0, 0.0, 0.0, 0.0, 0.0, 0.0, 0.0, 0.0, 0.0, 0.0, 0.0, 0.0, 0.0, 0.0, 0.0, 0.0, 0.0, 0.0, 0.0, 0.0, -0.6277593437152423, 0.0, 0.1306929620382256, 0.0, 0.0, 0.0]]",(x0)' =  22.704 x0 + -52.312 x1 +  18.839 x2 +  4.109 x4 +  3.213 x0 x1 + -2.981 x1 x2 +  0.930 x0 x4^2 + -0.523 x1 x4^2 | (x1)' =  37.206 x0 + -43.055 x2 +  12.502 x3 + -5.556 x4 + -3.208 x0 x1 +  3.108 x1 x2 | (x2)' = -12.286 x0 +  41.911 x1 + -41.951 x3 +  12.290 x4 + -3.029 x1 x2 +  3.002 x2 x3 | (x3)' = -12.311 x1 +  41.920 x2 + -41.944 x4 +  12.305 x5 + -3.015 x2 x3 +  2.975 x3 x4 | (x4)' = -12.299 x2 +  41.911 x3 + -41.962 x5 +  12.313 x6 + -3.011 x3 x4 +  2.983 x4 x5 | (x5)' = -12.294 x3 +  41.918 x4 + -41.986 x6 +  12.340 x7 + -3.009 x4 x5 +  2.981 x5 x6 | (x6)' =  5.506 x3 + -12.569 x4 +  42.955 x5 + -37.171 x7 +  2.499 x4 x5 + -4.859 x5 x6 +  2.875 x6 x7 | (x7)' = -4.179 x3 + -18.975 x5 +  52.972 x6 + -23.193 x7 + -3.371 x5^2 +  5.362 x5 x6 +  2.591 x6^2 + -4.862 x6 x7 + -0.628 x5 x6 x7 +  0.131 x6^3
