configuration_index,lowpass_hz,global_zscore_mean,global_zscore_std,stlsq_threshold,degree,n_delays,delay_samples,delay_ms,embedding_span_ms,smooth_window_samples,smooth_window_ms,derivative_method,fit_status,fit_failure_reason,nonzero_terms,possible_terms,term_utilization_percent,fit_runtime_s,feature_names_json,coefficients_json,equations
1,80.0,0.00022397498597370244,37.49490932187706,1000.0,3,2,1,4.0,4.0,0,0.0,finite_difference,success,,16,20,80.0,1.2786597833037376,"[""1"", ""x0"", ""x1"", ""x0^2"", ""x0 x1"", ""x1^2"", ""x0^3"", ""x0^2 x1"", ""x0 x1^2"", ""x1^3""]","[[0.0, 196.61378107710567, -206.2538929261985, 1.167541079905856, 0.0, -0.3116394214995172, 1.971802233094745, -10.766936275484209, 15.17918072543224, -6.118749032733215], [0.0, 206.97755195942895, -197.46722300503316, -0.640842316895913, 0.0, -0.29231234948036583, -1.5415348979237415, 8.293118717586273, -11.960372361328469, 4.994646487153584]]",(x0)' =  196.614 x0 + -206.254 x1 +  1.168 x0^2 + -0.312 x1^2 +  1.972 x0^3 + -10.767 x0^2 x1 +  15.179 x0 x1^2 + -6.119 x1^3 | (x1)' =  206.978 x0 + -197.467 x1 + -0.641 x0^2 + -0.292 x1^2 + -1.542 x0^3 +  8.293 x0^2 x1 + -11.960 x0 x1^2 +  4.995 x1^3
2,80.0,0.00022397498597370244,37.49490932187706,1000.0,3,2,1,4.0,4.0,5,20.0,smoothed_finite_difference_savgol_order_3,success,,16,20,80.0,0.21128747053444386,"[""1"", ""x0"", ""x1"", ""x0^2"", ""x0 x1"", ""x1^2"", ""x0^3"", ""x0^2 x1"", ""x0 x1^2"", ""x1^3""]","[[0.0, 212.1033230697102, -220.7421612671499, 1.4439486740414107, 0.0, -0.6747706329803239, 1.476904743125731, -10.149302265790405, 15.284431840274154, -6.3672456345148225], [0.0, 221.3690300352179, -212.764363409649, -0.17953956192001067, 0.0, -0.6596310108700499, -2.5195248545423263, 11.047645795087112, -14.607464840774577, 5.876467765758398]]",(x0)' =  212.103 x0 + -220.742 x1 +  1.444 x0^2 + -0.675 x1^2 +  1.477 x0^3 + -10.149 x0^2 x1 +  15.284 x0 x1^2 + -6.367 x1^3 | (x1)' =  221.369 x0 + -212.764 x1 + -0.180 x0^2 + -0.660 x1^2 + -2.520 x0^3 +  11.048 x0^2 x1 + -14.607 x0 x1^2 +  5.876 x1^3
3,80.0,0.00022397498597370244,37.49490932187706,1000.0,3,2,1,4.0,4.0,9,36.0,smoothed_finite_difference_savgol_order_3,success,,16,20,80.0,0.19647793844342232,"[""1"", ""x0"", ""x1"", ""x0^2"", ""x0 x1"", ""x1^2"", ""x0^3"", ""x0^2 x1"", ""x0 x1^2"", ""x1^3""]","[[0.0, 231.71962705859914, -238.23817657181755, 0.6758667486269838, 0.0, -0.18150598485705427, -4.549859557304383, 8.386592815734971, -3.2063137658913066, -0.396327829016005], [0.0, 238.57085263782983, -232.07016003419344, 0.6418765008603231, 0.0, -1.1030043756884642, -3.1398585723139174, 14.89876363888908, -20.72284797639686, 8.724310935510958]]",(x0)' =  231.720 x0 + -238.238 x1 +  0.676 x0^2 + -0.182 x1^2 + -4.550 x0^3 +  8.387 x0^2 x1 + -3.206 x0 x1^2 + -0.396 x1^3 | (x1)' =  238.571 x0 + -232.070 x1 +  0.642 x0^2 + -1.103 x1^2 + -3.140 x0^3 +  14.899 x0^2 x1 + -20.723 x0 x1^2 +  8.724 x1^3
4,80.0,0.00022397498597370244,37.49490932187706,1000.0,3,2,2,8.0,8.0,0,0.0,finite_difference,success,,8,20,40.0,0.16316960006952286,"[""1"", ""x0"", ""x1"", ""x0^2"", ""x0 x1"", ""x1^2"", ""x0^3"", ""x0^2 x1"", ""x0 x1^2"", ""x1^3""]","[[0.0, 81.94047522700356, -97.39882407915084, 0.0, 0.0, 0.0, -0.05314724572948334, 0.0, 0.0, 0.5590658018748772], [0.0, 96.39315757567115, -81.0627064353975, 0.0, 0.0, 0.0, -0.26053409512446124, 0.0, 0.0, -0.21336018616282776]]",(x0)' =  81.940 x0 + -97.399 x1 + -0.053 x0^3 +  0.559 x1^3 | (x1)' =  96.393 x0 + -81.063 x1 + -0.261 x0^3 + -0.213 x1^3
5,80.0,0.00022397498597370244,37.49490932187706,1000.0,3,2,2,8.0,8.0,5,20.0,smoothed_finite_difference_savgol_order_3,success,,8,20,40.0,0.17999982088804245,"[""1"", ""x0"", ""x1"", ""x0^2"", ""x0 x1"", ""x1^2"", ""x0^3"", ""x0^2 x1"", ""x0 x1^2"", ""x1^3""]","[[0.0, 90.56667453490101, -105.76180657419707, 0.0, 0.0, 0.0, -0.07893303077966216, 0.0, 0.0, 0.5986733487601027], [0.0, 104.81771342797083, -89.72068483956936, 0.0, 0.0, 0.0, -0.31701852048031914, 0.0, 0.0, -0.17692235464727282]]",(x0)' =  90.567 x0 + -105.762 x1 + -0.079 x0^3 +  0.599 x1^3 | (x1)' =  104.818 x0 + -89.721 x1 + -0.317 x0^3 + -0.177 x1^3
6,80.0,0.00022397498597370244,37.49490932187706,1000.0,3,2,2,8.0,8.0,9,36.0,smoothed_finite_difference_savgol_order_3,success,,10,20,50.0,0.16610629111528397,"[""1"", ""x0"", ""x1"", ""x0^2"", ""x0 x1"", ""x1^2"", ""x0^3"", ""x0^2 x1"", ""x0 x1^2"", ""x1^3""]","[[0.0, 105.34238023034507, -117.59542759259533, 0.0, 0.0, 0.0, -2.2129542491631597, 3.56837862772288, 0.0, -0.7834999043247286], [0.0, 117.24509142324288, -105.12202983449326, 0.0, 0.0, 0.0, 1.0469464524646768, 0.0, -4.1130202443550905, 2.5031891911958923]]",(x0)' =  105.342 x0 + -117.595 x1 + -2.213 x0^3 +  3.568 x0^2 x1 + -0.783 x1^3 | (x1)' =  117.245 x0 + -105.122 x1 +  1.047 x0^3 + -4.113 x0 x1^2 +  2.503 x1^3
7,80.0,0.00022397498597370244,37.49490932187706,1000.0,3,2,5,20.0,20.0,0,0.0,finite_difference,success,,8,20,40.0,0.15295854024589062,"[""1"", ""x0"", ""x1"", ""x0^2"", ""x0 x1"", ""x1^2"", ""x0^3"", ""x0^2 x1"", ""x0 x1^2"", ""x1^3""]","[[0.0, 16.591999053053314, -34.1701583769168, 0.0, 0.0, 0.0, 0.0, 0.0, 1.081258584721153, 0.0], [0.0, 34.766210351787585, -16.987410150814934, 3.730811818272751, -4.688453603824455, 0.0, 0.0, -0.984297965425266, 0.0, 0.0]]",(x0)' =  16.592 x0 + -34.170 x1 +  1.081 x0 x1^2 | (x1)' =  34.766 x0 + -16.987 x1 +  3.731 x0^2 + -4.688 x0 x1 + -0.984 x0^2 x1
8,80.0,0.00022397498597370244,37.49490932187706,1000.0,3,2,5,20.0,20.0,5,20.0,smoothed_finite_difference_savgol_order_3,success,,8,20,40.0,0.16682291217148304,"[""1"", ""x0"", ""x1"", ""x0^2"", ""x0 x1"", ""x1^2"", ""x0^3"", ""x0^2 x1"", ""x0 x1^2"", ""x1^3""]","[[0.0, 16.926923511270978, -34.421501092245265, 0.0, 0.0, 0.0, 0.0, 0.0, 1.0839228211094234, 0.0], [0.0, 34.969914636030765, -17.309761910001107, 3.6721957708054775, -4.603115155850225, 0.0, 0.0, -0.9838449287115123, 0.0, 0.0]]",(x0)' =  16.927 x0 + -34.422 x1 +  1.084 x0 x1^2 | (x1)' =  34.970 x0 + -17.310 x1 +  3.672 x0^2 + -4.603 x0 x1 + -0.984 x0^2 x1
9,80.0,0.00022397498597370244,37.49490932187706,1000.0,3,2,5,20.0,20.0,9,36.0,smoothed_finite_difference_savgol_order_3,success,,10,20,50.0,0.17286375164985657,"[""1"", ""x0"", ""x1"", ""x0^2"", ""x0 x1"", ""x1^2"", ""x0^3"", ""x0^2 x1"", ""x0 x1^2"", ""x1^3""]","[[0.0, 20.57111694123973, -39.17153776951362, 0.0, 0.0, 0.0, 0.0, 0.0, 1.4263587279714272, -0.24722276709921753], [0.0, 39.11568618988547, -20.68305500576382, 2.9108883792591236, -3.7608886967624375, 0.0, 0.4013761334695216, -1.4602314779902525, 0.0, 0.0]]",(x0)' =  20.571 x0 + -39.172 x1 +  1.426 x0 x1^2 + -0.247 x1^3 | (x1)' =  39.116 x0 + -20.683 x1 +  2.911 x0^2 + -3.761 x0 x1 +  0.401 x0^3 + -1.460 x0^2 x1
10,80.0,0.00022397498597370244,37.49490932187706,1000.0,3,4,1,4.0,12.0,0,0.0,finite_difference,success,,58,140,41.42857142857143,1.195805000141263,"[""1"", ""x0"", ""x1"", ""x2"", ""x3"", ""x0^2"", ""x0 x1"", ""x0 x2"", ""x0 x3"", ""x1^2"", ""x1 x2"", ""x1 x3"", ""x2^2"", ""x2 x3"", ""x3^2"", ""x0^3"", ""x0^2 x1"", ""x0^2 x2"", ""x0^2 x3"", ""x0 x1^2"", ""x0 x1 x2"", ""x0 x1 x3"", ""x0 x2^2"", ""x0 x2 x3"", ""x0 x3^2"", ""x1^3"", ""x1^2 x2"", ""x1^2 x3"", ""x1 x2^2"", ""x1 x2 x3"", ""x1 x3^2"", ""x2^3"", ""x2^2 x3"", ""x2 x3^2"", ""x3^3""]","[[0.0, 259.04944180600637, -374.3044685467523, 169.40076093815537, -61.878129976567436, 0.0, 0.0, 0.0, 0.0, 0.0, 0.0, 0.0, 0.0, 0.0, 0.0, -0.5656756362897792, 0.0, 2.792854010562179, -4.386771919959984, 6.166953789798403, 0.0, 0.0, -20.81494097204199, 29.84639255837471, -9.86398252280936, -19.46814045898497, 40.27921071242187, -10.21597880689047, -16.370720028691213, 0.0, 3.077909554979602, 0.0, 0.0, 0.0, 0.0], [0.0, 125.0119627314008, 0.0, -124.9667055019734, -0.03433556783050184, 0.0, 0.0, 0.0, 0.0, 0.0, 0.0, 0.0, 0.0, 0.0, 0.0, -0.014612592664810435, 0.0014068756209925778, 0.0, 0.0, 0.0, 0.0, 0.0, 0.0, 0.15647711125716526, -0.1600176732127767, 0.11444803122407671, -0.2935118144052948, 0.0, 0.37825653638847306, 0.0, 0.0, -0.4003871097711169, 0.21865861981541115, 0.0, 0.0], [0.0, -0.07698123357106372, 125.11827187047811, 0.0, -125.03041398813598, 0.0, 0.0, 0.0, 0.0, 0.0, 0.0, 0.0, 0.0, 0.0, 0.0, 0.0, 0.0, 0.0, -0.10698351879122796, 0.14348341998850458, 0.0, 0.01842406711104363, 0.0, 0.0, 0.0, -0.4675352068655222, 0.9297035711621485, 0.0, -0.6350918585221909, 0.0, 0.0, 0.0, 0.0, 0.22010322172352975, -0.10246367026639304], [0.0, 60.960597735486466, -165.42158947904835, 370.40215028149703, -258.4058032427095, 1.0581024694505778, 0.0, 0.0, 0.0, 0.0, 0.0, 0.0, -1.594638864966682, 0.0, 0.3095495024819293, 0.0, 0.0, 0.30037988847964187, 4.805632762205304, 0.0, 0.0, -22.43574466785367, 6.490870106311316, 0.0, 4.5212914042641845, 0.0, 8.614162186385984, 23.200210071934514, -35.33746735920181, 0.0, -5.651628000185352, 23.536019310751144, -10.525920219803888, 0.0, 2.0444874642891766]]",(x0)' =  259.049 x0 + -374.304 x1 +  169.401 x2 + -61.878 x3 + -0.566 x0^3 +  2.793 x0^2 x2 + -4.387 x0^2 x3 +  6.167 x0 x1^2 + -20.815 x0 x2^2 +  29.846 x0 x2 x3 + -9.864 x0 x3^2 + -19.468 x1^3 +  40.279 x1^2 x2 + -10.216 x1^2 x3 + -16.371 x1 x2^2 +  3.078 x1 x3^2 | (x1)' =  125.012 x0 + -124.967 x2 + -0.034 x3 + -0.015 x0^3 +  0.001 x0^2 x1 +  0.156 x0 x2 x3 + -0.160 x0 x3^2 +  0.114 x1^3 + -0.294 x1^2 x2 +  0.378 x1 x2^2 + -0.400 x2^3 +  0.219 x2^2 x3 | (x2)' = -0.077 x0 +  125.118 x1 + -125.030 x3 + -0.107 x0^2 x3 +  0.143 x0 x1^2 +  0.018 x0 x1 x3 + -0.468 x1^3 +  0.930 x1^2 x2 + -0.635 x1 x2^2 +  0.220 x2 x3^2 + -0.102 x3^3 | (x3)' =  60.961 x0 + -165.422 x1 +  370.402 x2 + -258.406 x3 +  1.058 x0^2 + -1.595 x2^2 +  0.310 x3^2 +  0.300 x0^2 x2 +  4.806 x0^2 x3 + -22.436 x0 x1 x3 +  6.491 x0 x2^2 +  4.521 x0 x3^2 +  8.614 x1^2 x2 +  23.200 x1^2 x3 + -35.337 x1 x2^2 + -5.652 x1 x3^2 +  23.536 x2^3 + -10.526 x2^2 x3 +  2.044 x3^3
11,80.0,0.00022397498597370244,37.49490932187706,1000.0,3,4,1,4.0,12.0,5,20.0,smoothed_finite_difference_savgol_order_3,success,,65,140,46.42857142857143,1.1002075877040625,"[""1"", ""x0"", ""x1"", ""x2"", ""x3"", ""x0^2"", ""x0 x1"", ""x0 x2"", ""x0 x3"", ""x1^2"", ""x1 x2"", ""x1 x3"", ""x2^2"", ""x2 x3"", ""x3^2"", ""x0^3"", ""x0^2 x1"", ""x0^2 x2"", ""x0^2 x3"", ""x0 x1^2"", ""x0 x1 x2"", ""x0 x1 x3"", ""x0 x2^2"", ""x0 x2 x3"", ""x0 x3^2"", ""x1^3"", ""x1^2 x2"", ""x1^2 x3"", ""x1 x2^2"", ""x1 x2 x3"", ""x1 x3^2"", ""x2^3"", ""x2^2 x3"", ""x2 x3^2"", ""x3^3""]","[[0.0, 310.38788089873873, -472.86596562433414, 229.88084564928164, -73.01728810401052, 0.0, 0.0, 0.0, -0.7613193217147366, 0.8479469228341219, 0.0, 0.0, 0.0, 0.0, 0.0, -0.9672128828501988, 0.0, 2.9246265740173443, 0.1166541073070112, 2.7197831457293944, 0.0, -6.914974310915807, -5.856696673236785, 8.517832541650714, -1.2931574512811392, -6.828792323863926, 9.95021332138491, 2.311711418180776, -1.6423889802405849, 0.0, 0.0, -2.6980670144188217, 0.0, 0.0, 0.0], [0.0, 125.14562726866967, -0.33473057346852875, -124.62785142164485, -0.16974539016855938, 0.0, 0.0, 0.0, 0.0, 0.0, 0.0, 0.0, 0.0, 0.0, 0.0, -0.057148433024609105, 0.07015439816158979, 0.0, 0.0, 0.0, 0.0, 0.0, 0.0, 0.11721795062788377, -0.31326693279637285, 0.3255134724355103, -1.3548633533956613, 0.0, 2.194922833445585, 0.0, 0.0, -1.6435619568661757, 0.661248771889969, 0.0, 0.0], [0.0, -0.11858969460649256, 125.16152309215586, -0.011061322368382408, -125.00640104085714, 0.0, 0.0, 0.0, 0.0, 0.0, 0.0, 0.0, 0.0, 0.0, 0.0, 0.0, 0.0, 0.0, -0.09647891681145247, 0.5257494115682154, 0.0, -0.5402411468155486, 0.0, 0.0, 0.0, -1.9736110473435318, 3.7447899546886556, 0.0, -1.6359467828361423, 0.0, 0.0, -0.7011319936588332, 0.0, 1.2672747819790446, -0.5906433279366059], [0.0, 71.14276561874581, -223.8754964092543, 467.27212755467554, -309.20076797104457, 0.6311188153004212, 0.0, 0.0, 0.0, 0.0, 0.0, 0.0, -0.5859719965781159, 0.0, -0.18184304095671083, 0.0, 0.0, 0.0, 2.1567876966367896, 0.0, 0.0, -12.339095958426919, 13.946718457132429, -19.586722460112146, 12.821657762406284, 2.6252068687138586, -6.110387168631622, 24.814045876987365, -21.208291759990097, 0.0, -11.63570187529313, 15.764172774879345, -3.184987725849987, 0.0, 1.6084933393674672]]",(x0)' =  310.388 x0 + -472.866 x1 +  229.881 x2 + -73.017 x3 + -0.761 x0 x3 +  0.848 x1^2 + -0.967 x0^3 +  2.925 x0^2 x2 +  0.117 x0^2 x3 +  2.720 x0 x1^2 + -6.915 x0 x1 x3 + -5.857 x0 x2^2 +  8.518 x0 x2 x3 + -1.293 x0 x3^2 + -6.829 x1^3 +  9.950 x1^2 x2 +  2.312 x1^2 x3 + -1.642 x1 x2^2 + -2.698 x2^3 | (x1)' =  125.146 x0 + -0.335 x1 + -124.628 x2 + -0.170 x3 + -0.057 x0^3 +  0.070 x0^2 x1 +  0.117 x0 x2 x3 + -0.313 x0 x3^2 +  0.326 x1^3 + -1.355 x1^2 x2 +  2.195 x1 x2^2 + -1.644 x2^3 +  0.661 x2^2 x3 | (x2)' = -0.119 x0 +  125.162 x1 + -0.011 x2 + -125.006 x3 + -0.096 x0^2 x3 +  0.526 x0 x1^2 + -0.540 x0 x1 x3 + -1.974 x1^3 +  3.745 x1^2 x2 + -1.636 x1 x2^2 + -0.701 x2^3 +  1.267 x2 x3^2 + -0.591 x3^3 | (x3)' =  71.143 x0 + -223.875 x1 +  467.272 x2 + -309.201 x3 +  0.631 x0^2 + -0.586 x2^2 + -0.182 x3^2 +  2.157 x0^2 x3 + -12.339 x0 x1 x3 +  13.947 x0 x2^2 + -19.587 x0 x2 x3 +  12.822 x0 x3^2 +  2.625 x1^3 + -6.110 x1^2 x2 +  24.814 x1^2 x3 + -21.208 x1 x2^2 + -11.636 x1 x3^2 +  15.764 x2^3 + -3.185 x2^2 x3 +  1.608 x3^3
12,80.0,0.00022397498597370244,37.49490932187706,1000.0,3,4,1,4.0,12.0,9,36.0,smoothed_finite_difference_savgol_order_3,success,,51,140,36.42857142857143,1.0008933711797,"[""1"", ""x0"", ""x1"", ""x2"", ""x3"", ""x0^2"", ""x0 x1"", ""x0 x2"", ""x0 x3"", ""x1^2"", ""x1 x2"", ""x1 x3"", ""x2^2"", ""x2 x3"", ""x3^2"", ""x0^3"", ""x0^2 x1"", ""x0^2 x2"", ""x0^2 x3"", ""x0 x1^2"", ""x0 x1 x2"", ""x0 x1 x3"", ""x0 x2^2"", ""x0 x2 x3"", ""x0 x3^2"", ""x1^3"", ""x1^2 x2"", ""x1^2 x3"", ""x1 x2^2"", ""x1 x2 x3"", ""x1 x3^2"", ""x2^3"", ""x2^2 x3"", ""x2 x3^2"", ""x3^3""]","[[0.0, 356.8296431360773, -535.9114771259576, 231.04547120604258, -54.20918748556226, 0.0, 0.0, 0.0, 0.0, 0.0, 0.0, 0.0, 0.0, 0.0, 0.0, -3.9937802674987566, 8.644516018554775, 0.0, -3.363279992348406, 0.0, 0.0, 14.515926718979278, 0.0, -18.844249379211718, 6.435476714607016, -1.1593364699098831, -25.958224567561782, 0.0, 32.25858892486109, 0.0, 0.0, -4.234039926304965, -4.143744538211183, 0.0, 0.0], [0.0, 125.30753201382356, -0.7615823257092227, -124.49754746692177, -0.03750847534923428, 0.0, 0.0, 0.0, 0.0, 0.0, 0.0, 0.0, 0.0, 0.0, 0.0, 0.059352409184827724, -0.4667848580748449, 0.0, 0.0, 0.0, 0.0, 0.0, 0.0, 0.0, 1.4586110286283576, 0.0, 5.318855303989299, 0.0, -12.162098057581119, 0.0, 0.0, 9.365864286321242, -3.5775031574815053, 0.0, 0.0], [0.0, 1.5777180886110829, 120.9876331918033, 3.7993797461703895, -126.35711041521323, 0.0, 0.0, 0.0, 0.0, 0.0, 0.0, 0.0, 0.0, 0.0, 0.0, 0.0, 0.0, 0.0, 0.38332541901366707, -1.3079000345286325, 0.0, 0.0, 0.0, 0.0, 0.0, 2.2435168951497455, -1.254733352805705, 0.0, 0.0, 0.0, 0.0, 0.0, 0.0, -0.462736851267404, 0.3971400602003388], [0.0, 57.470035656731966, -236.95244015514314, 539.6928789970203, -357.80497856772996, 0.0, 0.0, 0.0, 0.0, 0.0, 0.0, 0.0, 0.0, 0.0, 0.0, 0.0, 0.0, 0.0, 4.185353999134425, -3.4586355389296695, 0.0, -12.12126922285633, 0.0, 13.40613640647711, -8.523782911330244, -0.042424677438882216, 12.863530359571593, 0.0, -3.529953426804322, 0.0, 0.0, -10.842187462554522, 0.0, 13.108590008284514, -5.222369462283421]]",(x0)' =  356.830 x0 + -535.911 x1 +  231.045 x2 + -54.209 x3 + -3.994 x0^3 +  8.645 x0^2 x1 + -3.363 x0^2 x3 +  14.516 x0 x1 x3 + -18.844 x0 x2 x3 +  6.435 x0 x3^2 + -1.159 x1^3 + -25.958 x1^2 x2 +  32.259 x1 x2^2 + -4.234 x2^3 + -4.144 x2^2 x3 | (x1)' =  125.308 x0 + -0.762 x1 + -124.498 x2 + -0.038 x3 +  0.059 x0^3 + -0.467 x0^2 x1 +  1.459 x0 x3^2 +  5.319 x1^2 x2 + -12.162 x1 x2^2 +  9.366 x2^3 + -3.578 x2^2 x3 | (x2)' =  1.578 x0 +  120.988 x1 +  3.799 x2 + -126.357 x3 +  0.383 x0^2 x3 + -1.308 x0 x1^2 +  2.244 x1^3 + -1.255 x1^2 x2 + -0.463 x2 x3^2 +  0.397 x3^3 | (x3)' =  57.470 x0 + -236.952 x1 +  539.693 x2 + -357.805 x3 +  4.185 x0^2 x3 + -3.459 x0 x1^2 + -12.121 x0 x1 x3 +  13.406 x0 x2 x3 + -8.524 x0 x3^2 + -0.042 x1^3 +  12.864 x1^2 x2 + -3.530 x1 x2^2 + -10.842 x2^3 +  13.109 x2 x3^2 + -5.222 x3^3
13,80.0,0.00022397498597370244,37.49490932187706,1000.0,3,4,2,8.0,24.0,0,0.0,finite_difference,success,,39,140,27.857142857142858,0.9230502489954233,"[""1"", ""x0"", ""x1"", ""x2"", ""x3"", ""x0^2"", ""x0 x1"", ""x0 x2"", ""x0 x3"", ""x1^2"", ""x1 x2"", ""x1 x3"", ""x2^2"", ""x2 x3"", ""x3^2"", ""x0^3"", ""x0^2 x1"", ""x0^2 x2"", ""x0^2 x3"", ""x0 x1^2"", ""x0 x1 x2"", ""x0 x1 x3"", ""x0 x2^2"", ""x0 x2 x3"", ""x0 x3^2"", ""x1^3"", ""x1^2 x2"", ""x1^2 x3"", ""x1 x2^2"", ""x1 x2 x3"", ""x1 x3^2"", ""x2^3"", ""x2^2 x3"", ""x2 x3^2"", ""x3^3""]","[[0.0, 87.12299847349625, -111.23913720955865, 12.97379225681365, 0.0, 0.0, 0.0, 0.0, 0.0, 0.0, 0.0, 0.0, 0.0, 0.0, 0.0, -0.36210835891753895, -0.4550844992995263, 0.45063533034106723, 0.0, -2.424617912832768, 6.62042586653086, 0.0, -4.728384323400089, 2.2106337743293545, 0.07850931835264723, -0.14827937308049474, 0.0, 0.0, 0.0, 0.0, -0.40134893321508625, 0.0, 0.0, 0.0, 0.0], [0.0, 71.56557465681176, 0.0, -71.71237825121523, 0.0, 0.0, 0.0, 0.0, 0.0, 0.0, 0.0, 0.0, 0.0, 0.0, 0.0, 0.5998352450599397, 0.0, -1.2418692726842457, 0.0, 0.0, 0.0, 0.0, 0.0, 0.0, 1.1384691395988293, 0.0, 0.0, 0.0, 0.0, 0.0, 0.0, -0.3328714155439859, 0.0, 0.0, 0.0], [0.0, 0.0, 71.25949315982108, 0.0, -71.98759905951276, 0.0, 0.0, 0.0, 0.0, 0.0, 0.0, 0.0, 0.0, 0.0, 0.0, 0.0, 0.0, 0.0, 0.27814459437308525, 0.0, 0.0, -2.170688515972015, 0.0, 0.0, 0.0, 0.827581463902521, 0.0, 0.0, 0.0, 0.0, 1.2541237855449363, 0.0, 0.0, 0.0, -0.3246613070670973], [0.0, 0.0, -12.8009773550255, 109.90837999575173, -85.721711135943, 0.0, 0.0, 4.281952353099708, 0.0, 0.0, 0.0, 0.0, -3.556421096840132, 0.0, 0.0, 0.0, 0.0, 0.8837757561460146, 0.40373334406118033, 0.0, 0.0, -0.4264037106122683, 0.0, -3.7531874478072407, 0.0, 0.0, 0.0, 0.4057861869596571, 0.0, 0.0, 0.0, -1.3082296862729672, 3.503444403265751, 0.0, -0.5938975973996873]]",(x0)' =  87.123 x0 + -111.239 x1 +  12.974 x2 + -0.362 x0^3 + -0.455 x0^2 x1 +  0.451 x0^2 x2 + -2.425 x0 x1^2 +  6.620 x0 x1 x2 + -4.728 x0 x2^2 +  2.211 x0 x2 x3 +  0.079 x0 x3^2 + -0.148 x1^3 + -0.401 x1 x3^2 | (x1)' =  71.566 x0 + -71.712 x2 +  0.600 x0^3 + -1.242 x0^2 x2 +  1.138 x0 x3^2 + -0.333 x2^3 | (x2)' =  71.259 x1 + -71.988 x3 +  0.278 x0^2 x3 + -2.171 x0 x1 x3 +  0.828 x1^3 +  1.254 x1 x3^2 + -0.325 x3^3 | (x3)' = -12.801 x1 +  109.908 x2 + -85.722 x3 +  4.282 x0 x2 + -3.556 x2^2 +  0.884 x0^2 x2 +  0.404 x0^2 x3 + -0.426 x0 x1 x3 + -3.753 x0 x2 x3 +  0.406 x1^2 x3 + -1.308 x2^3 +  3.503 x2^2 x3 + -0.594 x3^3
14,80.0,0.00022397498597370244,37.49490932187706,1000.0,3,4,2,8.0,24.0,5,20.0,smoothed_finite_difference_savgol_order_3,success,,41,140,29.285714285714285,0.9140437804162502,"[""1"", ""x0"", ""x1"", ""x2"", ""x3"", ""x0^2"", ""x0 x1"", ""x0 x2"", ""x0 x3"", ""x1^2"", ""x1 x2"", ""x1 x3"", ""x2^2"", ""x2 x3"", ""x3^2"", ""x0^3"", ""x0^2 x1"", ""x0^2 x2"", ""x0^2 x3"", ""x0 x1^2"", ""x0 x1 x2"", ""x0 x1 x3"", ""x0 x2^2"", ""x0 x2 x3"", ""x0 x3^2"", ""x1^3"", ""x1^2 x2"", ""x1^2 x3"", ""x1 x2^2"", ""x1 x2 x3"", ""x1 x3^2"", ""x2^3"", ""x2^2 x3"", ""x2 x3^2"", ""x3^3""]","[[0.0, 93.26524909087748, -107.41640230263305, 0.0, 0.0, 0.0, 0.0, 0.0, 0.0, 0.0, 0.0, 0.0, 0.0, 0.0, 0.0, 2.456881066206067, -10.400980459852326, 8.900453657699757, 0.0, 2.3228738266482787, 0.16610137782997272, 0.0, 2.2402491959936377, -4.904420941615939, -0.6203381676481823, -1.4333191218267956, 0.0, 0.0, 0.0, 0.0, 2.488690903507622, 0.0, 0.0, 0.0, 0.0], [0.0, 71.70920194786981, 0.0, -71.71446059439819, 0.0, 0.0, 0.0, 0.0, 0.0, 0.0, 0.0, 0.0, 0.0, 0.0, 0.0, 0.5438567342306668, 0.0, -1.2054844058316252, 0.0, 0.0, 0.0, 0.0, 0.0, 0.0, 1.2713629543302345, 0.0, 0.0, 0.0, 0.0, 0.0, 0.0, -0.4363114961220537, 0.0, 0.0, 0.0], [0.0, 0.0, 71.70503515634383, 0.0, -72.10075179766369, 0.0, 0.0, 0.0, 0.0, 0.0, 0.0, 0.0, 0.0, 0.0, 0.0, 0.0, 0.0, 0.0, -1.2459166010122025, 0.0, 0.0, 0.0, 0.0, 0.0, 0.0, 0.6346573713339658, 0.0, 0.0, 0.0, 0.0, 0.6327585966596199, 0.0, 0.0, 0.0, -0.19146117035779492], [0.0, 0.0, -25.498307967232023, 136.11879773612355, -101.87079185702801, 0.0, 0.0, 3.3444304054274734, 0.0, 0.0, 0.0, 0.0, -2.8105681210528024, 0.0, 0.0, 0.0, 0.0, -1.1872143982408412, 1.7076512656164342, 0.0, 7.5389683927282345, -10.498939496220595, 0.0, 2.314624132523641, 0.0, -0.523538921477395, 0.0, 7.582943083804919, -11.645085802846177, 0.0, -1.2692923884219842, 6.467628380362882, -1.4102565976055743, 0.0, 0.3007971843130051]]",(x0)' =  93.265 x0 + -107.416 x1 +  2.457 x0^3 + -10.401 x0^2 x1 +  8.900 x0^2 x2 +  2.323 x0 x1^2 +  0.166 x0 x1 x2 +  2.240 x0 x2^2 + -4.904 x0 x2 x3 + -0.620 x0 x3^2 + -1.433 x1^3 +  2.489 x1 x3^2 | (x1)' =  71.709 x0 + -71.714 x2 +  0.544 x0^3 + -1.205 x0^2 x2 +  1.271 x0 x3^2 + -0.436 x2^3 | (x2)' =  71.705 x1 + -72.101 x3 + -1.246 x0^2 x3 +  0.635 x1^3 +  0.633 x1 x3^2 + -0.191 x3^3 | (x3)' = -25.498 x1 +  136.119 x2 + -101.871 x3 +  3.344 x0 x2 + -2.811 x2^2 + -1.187 x0^2 x2 +  1.708 x0^2 x3 +  7.539 x0 x1 x2 + -10.499 x0 x1 x3 +  2.315 x0 x2 x3 + -0.524 x1^3 +  7.583 x1^2 x3 + -11.645 x1 x2^2 + -1.269 x1 x3^2 +  6.468 x2^3 + -1.410 x2^2 x3 +  0.301 x3^3
15,80.0,0.00022397498597370244,37.49490932187706,1000.0,3,4,2,8.0,24.0,9,36.0,smoothed_finite_difference_savgol_order_3,success,,43,140,30.714285714285715,0.8147209864109755,"[""1"", ""x0"", ""x1"", ""x2"", ""x3"", ""x0^2"", ""x0 x1"", ""x0 x2"", ""x0 x3"", ""x1^2"", ""x1 x2"", ""x1 x3"", ""x2^2"", ""x2 x3"", ""x3^2"", ""x0^3"", ""x0^2 x1"", ""x0^2 x2"", ""x0^2 x3"", ""x0 x1^2"", ""x0 x1 x2"", ""x0 x1 x3"", ""x0 x2^2"", ""x0 x2 x3"", ""x0 x3^2"", ""x1^3"", ""x1^2 x2"", ""x1^2 x3"", ""x1 x2^2"", ""x1 x2 x3"", ""x1 x3^2"", ""x2^3"", ""x2^2 x3"", ""x2 x3^2"", ""x3^3""]","[[0.0, 148.21067584058832, -217.95954263878178, 82.79843317416244, -17.89728822867968, 0.0, 0.0, 0.0, 0.0, 0.9344119725325195, 0.0, -1.1527130571486304, 0.0, 0.0, 0.0, -0.5018648117529285, 0.0, 0.0, 0.0, 2.288216503639878, 0.0, 0.0, -3.377132900496273, 0.8158002860793038, 2.126383583010705, -3.506400841259457, 4.453953588741543, 0.0, 0.0, 0.0, -1.9055362347577889, 0.0, 0.0, 0.0, 0.0], [0.0, 71.14859447657642, 0.0, -77.32977320287512, 7.688712837479572, 0.0, 0.0, 0.0, 0.0, 0.0, 0.0, 0.0, 0.0, 0.0, 0.0, 0.13581168123550658, 0.0, -0.1806711385869573, 0.0, 0.0, 0.0, 0.0, 0.0, 0.0, -0.09014734798517719, 0.0, 0.0, 0.0, 0.0, 0.0, 0.0, 0.028017087636315552, 0.0, 0.0, 0.0], [0.0, -7.668841304036312, 77.35041230416269, 0.0, -71.12350261724757, 0.0, 0.0, 0.0, 0.0, 0.0, 0.0, 0.0, 0.0, 0.0, 0.0, 0.0, 0.0, 0.0, 0.04929041422285192, 0.0, 0.0, 0.0, 0.0, 0.0, 0.0, -0.05555613883686301, 0.0, 0.0, 0.0, 0.0, 0.3087143169618164, 0.0, 0.0, 0.0, -0.2049956674204092], [0.0, 18.454754247761194, -82.43152510392628, 217.21537185089105, -148.27853733428344, 0.0, 0.0, 1.3424835178167605, 0.0, 0.0, 0.0, 0.0, -0.9716920626104527, 0.0, 0.0, 0.0, 0.0, 0.9266056340943462, -2.2120543331521243, 0.0, 0.0, 2.244490992244309, 0.0, -1.286449872938781, 0.0, 0.0, 0.0, 2.125886975879156, -4.2272212043467965, 0.0, 0.0, 4.439153765753673, -3.213068044789927, 0.0, 0.7919990381799145]]",(x0)' =  148.211 x0 + -217.960 x1 +  82.798 x2 + -17.897 x3 +  0.934 x1^2 + -1.153 x1 x3 + -0.502 x0^3 +  2.288 x0 x1^2 + -3.377 x0 x2^2 +  0.816 x0 x2 x3 +  2.126 x0 x3^2 + -3.506 x1^3 +  4.454 x1^2 x2 + -1.906 x1 x3^2 | (x1)' =  71.149 x0 + -77.330 x2 +  7.689 x3 +  0.136 x0^3 + -0.181 x0^2 x2 + -0.090 x0 x3^2 +  0.028 x2^3 | (x2)' = -7.669 x0 +  77.350 x1 + -71.124 x3 +  0.049 x0^2 x3 + -0.056 x1^3 +  0.309 x1 x3^2 + -0.205 x3^3 | (x3)' =  18.455 x0 + -82.432 x1 +  217.215 x2 + -148.279 x3 +  1.342 x0 x2 + -0.972 x2^2 +  0.927 x0^2 x2 + -2.212 x0^2 x3 +  2.244 x0 x1 x3 + -1.286 x0 x2 x3 +  2.126 x1^2 x3 + -4.227 x1 x2^2 +  4.439 x2^3 + -3.213 x2^2 x3 +  0.792 x3^3
16,80.0,0.00022397498597370244,37.49490932187706,1000.0,3,4,5,20.0,60.0,0,0.0,finite_difference,success,,26,140,18.571428571428573,0.8133124858140945,"[""1"", ""x0"", ""x1"", ""x2"", ""x3"", ""x0^2"", ""x0 x1"", ""x0 x2"", ""x0 x3"", ""x1^2"", ""x1 x2"", ""x1 x3"", ""x2^2"", ""x2 x3"", ""x3^2"", ""x0^3"", ""x0^2 x1"", ""x0^2 x2"", ""x0^2 x3"", ""x0 x1^2"", ""x0 x1 x2"", ""x0 x1 x3"", ""x0 x2^2"", ""x0 x2 x3"", ""x0 x3^2"", ""x1^3"", ""x1^2 x2"", ""x1^2 x3"", ""x1 x2^2"", ""x1 x2 x3"", ""x1 x3^2"", ""x2^3"", ""x2^2 x3"", ""x2 x3^2"", ""x3^3""]","[[0.0, 17.139092638719585, -39.00218864736913, 9.899667643673132, 5.132164699943621, 0.0, 0.0, 0.0, 0.0, 0.0, 0.0, 0.0, 0.0, 0.0, 0.0, 0.0, 0.0, 0.0, 0.0, 0.0, 0.0, 0.0, 0.0, 0.0, 0.0, 0.0, 0.0, 0.0, 0.0, 0.0, 0.0, 0.0, 0.0, 0.0, 0.0], [0.0, 31.693966516268997, 0.0, -34.683965825638985, 5.120778219848665, 3.9063038129464207, -7.480491690426542, 0.0, 0.0, 0.0, 3.2907193590518595, 0.0, 0.0, 0.0, 0.0, 0.0, 0.0, 0.0, 0.0, 0.4650922963913297, 0.0, 0.0, 0.0, 0.0, 0.0, 0.0, -0.5107775098773458, 0.0, 0.0, 0.0, 0.0, 0.0, 0.0, 0.0, 0.0], [0.0, -6.092882318015429, 36.220649133988424, 0.0, -31.606070428678123, 0.0, 0.0, 0.0, 0.0, 4.5780719027920025, -8.10426963604085, 0.0, 0.0, 3.300849705873571, 0.0, 0.0, 0.0, 0.0, 0.0, 0.0, 0.0, 0.0, 0.0, 0.0, 0.0, 0.0, 0.0, 0.0, 0.0, 0.0, 0.0, 0.0, 0.0, 0.0, 0.0], [0.0, -4.686077106115828, -11.895977538888733, 41.62458442381396, -18.162570893199234, 0.0, 0.0, 0.0, 0.0, -2.7221366521609363, 0.0, 5.5450623228237985, 6.189516267000941, -9.494245604667874, 0.0, 0.0, 0.0, 0.0, 0.0, 0.0, 0.0, 0.0, 0.0, 0.0, 0.0, 0.0, 0.0, 0.0, 0.0, 0.0, 0.0, 0.0, 0.0, 0.0, 0.0]]",(x0)' =  17.139 x0 + -39.002 x1 +  9.900 x2 +  5.132 x3 | (x1)' =  31.694 x0 + -34.684 x2 +  5.121 x3 +  3.906 x0^2 + -7.480 x0 x1 +  3.291 x1 x2 +  0.465 x0 x1^2 + -0.511 x1^2 x2 | (x2)' = -6.093 x0 +  36.221 x1 + -31.606 x3 +  4.578 x1^2 + -8.104 x1 x2 +  3.301 x2 x3 | (x3)' = -4.686 x0 + -11.896 x1 +  41.625 x2 + -18.163 x3 + -2.722 x1^2 +  5.545 x1 x3 +  6.190 x2^2 + -9.494 x2 x3
17,80.0,0.00022397498597370244,37.49490932187706,1000.0,3,4,5,20.0,60.0,5,20.0,smoothed_finite_difference_savgol_order_3,success,,26,140,18.571428571428573,0.7835312224924564,"[""1"", ""x0"", ""x1"", ""x2"", ""x3"", ""x0^2"", ""x0 x1"", ""x0 x2"", ""x0 x3"", ""x1^2"", ""x1 x2"", ""x1 x3"", ""x2^2"", ""x2 x3"", ""x3^2"", ""x0^3"", ""x0^2 x1"", ""x0^2 x2"", ""x0^2 x3"", ""x0 x1^2"", ""x0 x1 x2"", ""x0 x1 x3"", ""x0 x2^2"", ""x0 x2 x3"", ""x0 x3^2"", ""x1^3"", ""x1^2 x2"", ""x1^2 x3"", ""x1 x2^2"", ""x1 x2 x3"", ""x1 x3^2"", ""x2^3"", ""x2^2 x3"", ""x2 x3^2"", ""x3^3""]","[[0.0, 17.543307472372557, -39.49175142870554, 10.18604927585447, 5.044230205578007, 0.0, 0.0, 0.0, 0.0, 0.0, 0.0, 0.0, 0.0, 0.0, 0.0, 0.0, 0.0, 0.0, 0.0, 0.0, 0.0, 0.0, 0.0, 0.0, 0.0, 0.0, 0.0, 0.0, 0.0, 0.0, 0.0, 0.0, 0.0, 0.0, 0.0], [0.0, 31.723182337439916, 0.0, -34.849937583665685, 5.237156082990329, 3.8405847353610802, -7.43689656315827, 0.0, 0.0, 0.0, 3.336767598501156, 0.0, 0.0, 0.0, 0.0, 0.0, 0.0, 0.0, 0.0, 0.4484109379295341, 0.0, 0.0, 0.0, 0.0, 0.0, 0.0, -0.4943170738010118, 0.0, 0.0, 0.0, 0.0, 0.0, 0.0, 0.0, 0.0], [0.0, -6.186609272003973, 36.332389833777555, 0.0, -31.64322952080934, 0.0, 0.0, 0.0, 0.0, 4.5278088627472695, -8.080470220911586, 0.0, 0.0, 3.3466704172047863, 0.0, 0.0, 0.0, 0.0, 0.0, 0.0, 0.0, 0.0, 0.0, 0.0, 0.0, 0.0, 0.0, 0.0, 0.0, 0.0, 0.0, 0.0, 0.0, 0.0, 0.0], [0.0, -4.578166227079724, -12.178694098897726, 42.082622046613224, -18.566574858939397, 0.0, 0.0, 0.0, 0.0, -2.759380997782995, 0.0, 5.600220680543253, 6.202346550307485, -9.508040184651085, 0.0, 0.0, 0.0, 0.0, 0.0, 0.0, 0.0, 0.0, 0.0, 0.0, 0.0, 0.0, 0.0, 0.0, 0.0, 0.0, 0.0, 0.0, 0.0, 0.0, 0.0]]",(x0)' =  17.543 x0 + -39.492 x1 +  10.186 x2 +  5.044 x3 | (x1)' =  31.723 x0 + -34.850 x2 +  5.237 x3 +  3.841 x0^2 + -7.437 x0 x1 +  3.337 x1 x2 +  0.448 x0 x1^2 + -0.494 x1^2 x2 | (x2)' = -6.187 x0 +  36.332 x1 + -31.643 x3 +  4.528 x1^2 + -8.080 x1 x2 +  3.347 x2 x3 | (x3)' = -4.578 x0 + -12.179 x1 +  42.083 x2 + -18.567 x3 + -2.759 x1^2 +  5.600 x1 x3 +  6.202 x2^2 + -9.508 x2 x3
18,80.0,0.00022397498597370244,37.49490932187706,1000.0,3,4,5,20.0,60.0,9,36.0,smoothed_finite_difference_savgol_order_3,success,,31,140,22.142857142857142,0.8179338611662388,"[""1"", ""x0"", ""x1"", ""x2"", ""x3"", ""x0^2"", ""x0 x1"", ""x0 x2"", ""x0 x3"", ""x1^2"", ""x1 x2"", ""x1 x3"", ""x2^2"", ""x2 x3"", ""x3^2"", ""x0^3"", ""x0^2 x1"", ""x0^2 x2"", ""x0^2 x3"", ""x0 x1^2"", ""x0 x1 x2"", ""x0 x1 x3"", ""x0 x2^2"", ""x0 x2 x3"", ""x0 x3^2"", ""x1^3"", ""x1^2 x2"", ""x1^2 x3"", ""x1 x2^2"", ""x1 x2 x3"", ""x1 x3^2"", ""x2^3"", ""x2^2 x3"", ""x2 x3^2"", ""x3^3""]","[[0.0, 22.039060313468656, -48.55089779968309, 14.729515799949809, 2.8209362410732277, 0.0, 0.0, 0.0, 0.0, 0.0, 0.0, 0.0, 0.0, 0.0, 0.0, 0.0, 0.0, 0.0, 0.0, 0.0, 0.6005223359350988, 0.0, 0.0, 0.0, 0.0, 0.08325206405607495, 0.0, 0.0, 0.0, 0.0, 0.0, 0.0, 0.0, 0.0, 0.0], [0.0, 34.76031836014825, 0.0, -39.74443752828231, 7.468699714196292, 2.8625114121608446, -6.599747677973042, 0.0, 0.0, 0.0, 3.6313999317154813, 0.0, 0.0, 0.0, 0.0, 0.0, 0.0, 0.0, 0.0, 0.36345176580760413, 0.0, 0.0, 0.0, 0.0, 0.0, 0.0, -0.42848980563636446, 0.0, 0.0, 0.0, 0.0, 0.0, 0.0, 0.0, 0.0], [0.0, -8.105472944490328, 40.84939124055166, 0.0, -34.800758844061484, 0.0, 0.0, 0.0, 0.0, 3.7501077558601, -7.486142551140967, 0.0, 0.0, 3.6888343398994428, 0.0, 0.0, 0.0, 0.0, 0.0, 0.0, 0.0, 0.0, 0.0, 0.0, 0.0, 0.0, 0.0, 0.0, 0.0, 0.0, 0.0, 0.0, 0.0, 0.0, 0.0], [0.0, -2.302410369497036, -16.081007070349983, 49.36930197531572, -22.521396350256325, 0.0, 0.0, 0.0, 0.0, -3.1546597275608637, 1.63100470432076, 5.151048863626281, 5.043607605880288, -8.438453135199069, 0.0, 0.0, 0.0, 0.0, 0.0, 0.0, 0.0, 0.0, 0.0, 0.0, 0.0, 0.0, 0.0, 0.0, 0.0, -1.0056764704785395, 0.0, 0.2832723578374966, 0.0, 0.0, 0.0]]",(x0)' =  22.039 x0 + -48.551 x1 +  14.730 x2 +  2.821 x3 +  0.601 x0 x1 x2 +  0.083 x1^3 | (x1)' =  34.760 x0 + -39.744 x2 +  7.469 x3 +  2.863 x0^2 + -6.600 x0 x1 +  3.631 x1 x2 +  0.363 x0 x1^2 + -0.428 x1^2 x2 | (x2)' = -8.105 x0 +  40.849 x1 + -34.801 x3 +  3.750 x1^2 + -7.486 x1 x2 +  3.689 x2 x3 | (x3)' = -2.302 x0 + -16.081 x1 +  49.369 x2 + -22.521 x3 + -3.155 x1^2 +  1.631 x1 x2 +  5.151 x1 x3 +  5.044 x2^2 + -8.438 x2 x3 + -1.006 x1 x2 x3 +  0.283 x2^3
19,80.0,0.00022397498597370244,37.49490932187706,1000.0,3,6,1,4.0,20.0,0,0.0,finite_difference,success,,118,504,23.41269841269841,11.611078176647425,"[""1"", ""x0"", ""x1"", ""x2"", ""x3"", ""x4"", ""x5"", ""x0^2"", ""x0 x1"", ""x0 x2"", ""x0 x3"", ""x0 x4"", ""x0 x5"", ""x1^2"", ""x1 x2"", ""x1 x3"", ""x1 x4"", ""x1 x5"", ""x2^2"", ""x2 x3"", ""x2 x4"", ""x2 x5"", ""x3^2"", ""x3 x4"", ""x3 x5"", ""x4^2"", ""x4 x5"", ""x5^2"", ""x0^3"", ""x0^2 x1"", ""x0^2 x2"", ""x0^2 x3"", ""x0^2 x4"", ""x0^2 x5"", ""x0 x1^2"", ""x0 x1 x2"", ""x0 x1 x3"", ""x0 x1 x4"", ""x0 x1 x5"", ""x0 x2^2"", ""x0 x2 x3"", ""x0 x2 x4"", ""x0 x2 x5"", ""x0 x3^2"", ""x0 x3 x4"", ""x0 x3 x5"", ""x0 x4^2"", ""x0 x4 x5"", ""x0 x5^2"", ""x1^3"", ""x1^2 x2"", ""x1^2 x3"", ""x1^2 x4"", ""x1^2 x5"", ""x1 x2^2"", ""x1 x2 x3"", ""x1 x2 x4"", ""x1 x2 x5"", ""x1 x3^2"", ""x1 x3 x4"", ""x1 x3 x5"", ""x1 x4^2"", ""x1 x4 x5"", ""x1 x5^2"", ""x2^3"", ""x2^2 x3"", ""x2^2 x4"", ""x2^2 x5"", ""x2 x3^2"", ""x2 x3 x4"", ""x2 x3 x5"", ""x2 x4^2"", ""x2 x4 x5"", ""x2 x5^2"", ""x3^3"", ""x3^2 x4"", ""x3^2 x5"", ""x3 x4^2"", ""x3 x4 x5"", ""x3 x5^2"", ""x4^3"", ""x4^2 x5"", ""x4 x5^2"", ""x5^3""]","[[0.0, 243.59303063660474, -321.4689527442363, 86.86721135261989, 0.0, -16.51750684124021, 0.0, 0.08369377680577812, 0.0, 0.0, 0.0, 0.0, 0.0, 0.4022986669713982, 0.0, 0.0, 0.0, 0.0, 0.0, 0.0, 0.0, -0.6012527289755012, 0.0, 0.0, 0.0, 0.0, 0.0, 0.0, -3.9371573301645575, 0.0, 8.18096140674483, -8.880006908243969, 0.0, 0.0, 42.75811251316828, 0.0, 0.0, 0.0, 0.0, -77.87340874173472, 119.41347532027662, -34.08221809230368, -21.889700976758203, -40.247331326710174, 39.237184824278536, 20.993922984744675, -38.358266806303085, 32.980908238592235, -16.64181637271801, -92.42259936915927, 145.8021087795847, -128.57656744083852, 67.76678913167405, -3.582248115627102, 0.0, 0.0, 0.0, 0.0, 0.0, -23.370875615741824, 0.0, 37.225216754834996, -43.17603996316948, 19.316670218071433, 0.0, 0.0, 0.0, 0.0, 0.0, 0.0, 0.0, 0.0, 0.0, 0.0, 0.0, 0.0, 0.0, 0.0, 0.0, 0.0, 0.0, 0.0, 0.0, 0.0], [0.0, 125.03241313864221, 0.0, -125.04289694337005, -0.00022687435400043618, 0.011533165701188133, 0.0, 0.0, 0.0, 0.0, 0.0, 0.0, 0.0, 0.0, 0.0, 0.0, 0.0, 0.0, 0.0, 0.0, 0.0, 0.0, 0.0, 0.0, 0.0, 0.0, 0.0, 0.0, 0.0006573260265155972, 0.0, 0.0, 0.0, 0.0, 0.0, 0.0, 0.0, 0.0, 0.0, 0.0, 0.0, 0.0, 0.0, 0.0, -0.03213419999077187, 0.02579959283913958, 0.0, -0.0012483611106872525, 0.0, -0.011834818165401098, 0.0, -0.013632364462612906, 0.0, 0.0, 0.0, 0.05489270481870682, 0.0, 0.0, 0.0, 0.0, 0.0, 0.0, 0.0, 0.0, 0.0, -0.055968188020426204, 0.02614410661678362, 0.0, 0.0, 0.0, 0.0, 0.0, 0.0, 0.0, 0.006411966714267701, 0.0, 0.0, 0.0, 0.0, 0.0, 0.0, 0.0, 0.0, 0.0, 0.0], [0.0, -0.06530948480315414, 125.13249855139468, 0.0, -125.10024971268939, 0.030697191171261604, 0.0, 0.0, 0.0, 0.0, 0.0, 0.0, 0.0, 0.0, 0.0, 0.0, 0.0, 0.0, 0.0, 0.0, 0.0, 0.0, 0.0, 0.0, 0.0, 0.0, 0.0, 0.0, 0.0, 0.0, 0.0, -0.04206894663990712, 0.0049070330978442205, 0.0, 0.0712188607927935, 0.0, 0.0, 0.0, 0.0, 0.0, 0.0, 0.0, 0.0, 0.0, 0.0, 0.0, 0.0, 0.0, 0.0, -0.1560477935539408, 0.14828055176773042, 0.0, 0.0, 0.0, 0.0, 0.0, 0.0, 0.0, 0.0, 0.0, 0.0, 0.017141931103183555, 0.02966187460573258, -0.030817172314891686, 0.0, 0.0, 0.0, 0.0, -0.13247134000183627, 0.0, 0.0, 0.0, 0.0, 0.0, 0.09831287201287213, -0.008474406313870867, 0.0, 0.0, 0.0, 0.0, 0.0, 0.0, 0.0, 0.0], [0.0, 0.0, -0.03963663444107833, 125.079720259548, 0.0, -125.02056158722786, -0.009070912015948463, 0.0, 0.0, 0.0, 0.0, 0.0, 0.0, 0.0, 0.0, 0.0, 0.0, 0.0, 0.0, 0.0, 0.0, 0.0, 0.0, 0.0, 0.0, 0.0, 0.0, 0.0, 0.0, 0.0, 0.0, 0.0, -0.004455676957689237, 0.0, 0.0, 0.0, 0.0, -0.00019080770647936473, 0.0, 0.0, 0.0, 0.0, 0.0, 0.0, 0.0, 0.0, 0.0, 0.0, 0.0, 0.0, 0.0, 0.0, -0.00827879521168792, 0.0, 0.0037157208354215935, 0.0, 0.0, 0.0, 0.0, 0.0, 0.0, 0.0, 0.0, 0.0528274274239995, -0.041168760660679024, 0.06716454253923432, 0.0, 0.0, 0.0, 0.0, 0.0, 0.0, 0.0, -0.1172507025324959, 0.0, 0.0, 0.0, 0.10928828931380742, 0.0, 0.0, -0.2718578055548404, 0.2105459920400258, 0.0, 0.0], [0.0, 0.0, 0.003214581855084253, -0.06073871895532455, 125.09947223719237, 0.0, -125.04131625133918, 0.0, 0.0, 0.0, 0.0, 0.0, 0.0, 0.0, 0.0, 0.0, 0.0, 0.0, 0.0, 0.0, 0.0, 0.0, 0.0, 0.0, 0.0, 0.0, 0.0, 0.0, 0.0, 0.0, 0.0, -0.001220595922451544, 0.0, 0.001024764355438012, 0.0, 0.0, 0.0, 0.0, 0.0, 0.0, 0.0, 0.0, 0.0, 0.0, 0.0, 0.0, 0.0, 0.0, 0.0, 0.0, 0.0, 0.0, 0.0, 0.06259091453477074, 0.0, 0.0, 0.0, -0.09252038610215982, 0.0, 0.0, 0.0, 0.0, 0.0, 0.0, 0.0, 0.0, 0.0, 0.0, 0.0, 0.0, 0.0, 0.0, 0.0, 0.0, -0.1261586396404019, 0.4998964813661531, 0.0, -0.45144846981306624, 0.0, 0.0, 0.0, 0.0, 0.21277546851037227, -0.10390774509546859], [0.0, 0.0, -52.21148711338218, 169.75884488037673, -272.2083644695594, 443.77818174526107, -284.46902051394335, 0.0, 0.0, 0.0, 0.0, 0.0, 0.0, 0.0, 0.0, 0.0, 0.0, 0.0, 0.0, 0.0, 0.0, 0.0, 0.0, 0.0, 0.0, 0.007904713003201443, 0.0, -0.3310408167838026, 0.0, 0.0, 0.0, 0.0, 0.32678683488492716, -12.67352163886722, 0.0, 0.0, 0.0, 17.241783911216583, 30.535726477599177, 0.0, 0.0, 0.0, -50.87545687562717, 0.0, 0.0, 34.99887149094303, 0.0, 0.0, 0.0, 0.0, 0.0, 0.0, -26.354069580933697, -11.808611167949145, 0.0, 0.0, 15.224178100868684, 55.020731289004026, 0.0, 0.0, -37.87203668656239, -21.85642404679323, 0.0, 0.0, -0.5484019402615375, 0.0, 0.0, -23.638615344259932, 0.0, 0.0, 8.695055563576949, 37.45094897320109, 0.0, 3.7534345777739673, 0.0, 4.69174083891607, 13.26260572215244, -55.25866877339415, 0.0, -4.49828465703159, 36.95035173271187, -14.782432545107167, 0.0, 1.8132936822319967]]",(x0)' =  243.593 x0 + -321.469 x1 +  86.867 x2 + -16.518 x4 +  0.084 x0^2 +  0.402 x1^2 + -0.601 x2 x5 + -3.937 x0^3 +  8.181 x0^2 x2 + -8.880 x0^2 x3 +  42.758 x0 x1^2 + -77.873 x0 x2^2 +  119.413 x0 x2 x3 + -34.082 x0 x2 x4 + -21.890 x0 x2 x5 + -40.247 x0 x3^2 +  39.237 x0 x3 x4 +  20.994 x0 x3 x5 + -38.358 x0 x4^2 +  32.981 x0 x4 x5 + -16.642 x0 x5^2 + -92.423 x1^3 +  145.802 x1^2 x2 + -128.577 x1^2 x3 +  67.767 x1^2 x4 + -3.582 x1^2 x5 + -23.371 x1 x3 x4 +  37.225 x1 x4^2 + -43.176 x1 x4 x5 +  19.317 x1 x5^2 | (x1)' =  125.032 x0 + -125.043 x2 +  0.012 x4 +  0.001 x0^3 + -0.032 x0 x3^2 +  0.026 x0 x3 x4 + -0.001 x0 x4^2 + -0.012 x0 x5^2 + -0.014 x1^2 x2 +  0.055 x1 x2^2 + -0.056 x2^3 +  0.026 x2^2 x3 +  0.006 x2 x5^2 | (x2)' = -0.065 x0 +  125.132 x1 + -125.100 x3 +  0.031 x4 + -0.042 x0^2 x3 +  0.005 x0^2 x4 +  0.071 x0 x1^2 + -0.156 x1^3 +  0.148 x1^2 x2 +  0.017 x1 x4^2 +  0.030 x1 x4 x5 + -0.031 x1 x5^2 + -0.132 x2 x3^2 +  0.098 x3^3 + -0.008 x3^2 x4 | (x3)' = -0.040 x1 +  125.080 x2 + -125.021 x4 + -0.009 x5 + -0.004 x0^2 x4 + -0.008 x1^2 x4 +  0.004 x1 x2^2 +  0.053 x1 x5^2 + -0.041 x2^3 +  0.067 x2^2 x3 + -0.117 x2 x5^2 +  0.109 x3 x4^2 + -0.272 x4^3 +  0.211 x4^2 x5 | (x4)' =  0.003 x1 + -0.061 x2 +  125.099 x3 + -125.041 x5 + -0.001 x0^2 x3 +  0.001 x0^2 x5 +  0.063 x1^2 x5 + -0.093 x1 x2 x5 + -0.126 x3^3 +  0.500 x3^2 x4 + -0.451 x3 x4^2 +  0.213 x4 x5^2 + -0.104 x5^3 | (x5)' = -52.211 x1 +  169.759 x2 + -272.208 x3 +  443.778 x4 + -284.469 x5 +  0.008 x4^2 + -0.331 x5^2 +  0.327 x0^2 x4 + -12.674 x0^2 x5 +  17.242 x0 x1 x4 +  30.536 x0 x1 x5 + -50.875 x0 x2 x5 +  34.999 x0 x3 x5 + -26.354 x1^2 x4 + -11.809 x1^2 x5 +  15.224 x1 x2 x4 +  55.021 x1 x2 x5 + -37.872 x1 x3 x5 + -21.856 x1 x4^2 + -0.548 x2^3 + -23.639 x2^2 x5 +  8.695 x2 x3 x5 +  37.451 x2 x4^2 +  3.753 x2 x5^2 +  4.692 x3^2 x4 +  13.263 x3^2 x5 + -55.259 x3 x4^2 + -4.498 x3 x5^2 +  36.950 x4^3 + -14.782 x4^2 x5 +  1.813 x5^3
20,80.0,0.00022397498597370244,37.49490932187706,1000.0,3,6,1,4.0,20.0,5,20.0,smoothed_finite_difference_savgol_order_3,success,,115,504,22.817460317460316,6.614792983978987,"[""1"", ""x0"", ""x1"", ""x2"", ""x3"", ""x4"", ""x5"", ""x0^2"", ""x0 x1"", ""x0 x2"", ""x0 x3"", ""x0 x4"", ""x0 x5"", ""x1^2"", ""x1 x2"", ""x1 x3"", ""x1 x4"", ""x1 x5"", ""x2^2"", ""x2 x3"", ""x2 x4"", ""x2 x5"", ""x3^2"", ""x3 x4"", ""x3 x5"", ""x4^2"", ""x4 x5"", ""x5^2"", ""x0^3"", ""x0^2 x1"", ""x0^2 x2"", ""x0^2 x3"", ""x0^2 x4"", ""x0^2 x5"", ""x0 x1^2"", ""x0 x1 x2"", ""x0 x1 x3"", ""x0 x1 x4"", ""x0 x1 x5"", ""x0 x2^2"", ""x0 x2 x3"", ""x0 x2 x4"", ""x0 x2 x5"", ""x0 x3^2"", ""x0 x3 x4"", ""x0 x3 x5"", ""x0 x4^2"", ""x0 x4 x5"", ""x0 x5^2"", ""x1^3"", ""x1^2 x2"", ""x1^2 x3"", ""x1^2 x4"", ""x1^2 x5"", ""x1 x2^2"", ""x1 x2 x3"", ""x1 x2 x4"", ""x1 x2 x5"", ""x1 x3^2"", ""x1 x3 x4"", ""x1 x3 x5"", ""x1 x4^2"", ""x1 x4 x5"", ""x1 x5^2"", ""x2^3"", ""x2^2 x3"", ""x2^2 x4"", ""x2^2 x5"", ""x2 x3^2"", ""x2 x3 x4"", ""x2 x3 x5"", ""x2 x4^2"", ""x2 x4 x5"", ""x2 x5^2"", ""x3^3"", ""x3^2 x4"", ""x3^2 x5"", ""x3 x4^2"", ""x3 x4 x5"", ""x3 x5^2"", ""x4^3"", ""x4^2 x5"", ""x4 x5^2"", ""x5^3""]","[[0.0, 313.6903887750364, -477.25885903049567, 231.36240515061837, -73.38088445893362, 0.0, 0.0, 0.0, 0.0, 0.0, 0.0, 0.0, 0.0, 0.0, 0.0, 0.0, 0.0, 0.0, 0.0, 0.0, 0.0, 0.0, 0.0, 0.0, 0.0, 0.0, 0.0, 0.0, -6.194052789967049, 0.0, -21.99164459510418, 6.568726315982964, 0.0, 0.0, 107.84760452585427, 0.0, 0.0, 0.0, 0.0, -126.53179279359462, 138.487936695404, -78.58861387526629, 22.192134004295717, 34.69154172866897, -46.58256622785706, -0.08034133976367504, -5.53378307583669, 39.81898205462253, -20.840456847256373, -224.927452303486, 379.5542003997359, -273.5575887371039, 159.38734815466086, -40.9736175706563, -46.71423821233596, 0.0, -4.598652266210523, 0.0, 0.0, 14.930619149257005, 0.0, 2.6926364498665403, -23.390247182248878, 14.918290679014097, 0.0, 0.0, 0.0, 0.0, 0.0, 0.0, 0.0, 0.0, 0.0, 0.0, -0.09465809550840572, 0.0, 0.0, 0.0, 0.0, 0.0, 0.0, 0.0, 0.0, 0.0], [0.0, 124.94494346249502, 0.18729730390310556, -125.16050400310175, -0.01778320854537386, 0.041942199075673224, 0.0, 0.0, 0.0, 0.0, 0.0, 0.0, 0.0, 0.0, 0.0, 0.0, 0.0, 0.0, 0.0, 0.0, 0.0, 0.0, 0.0, 0.0, 0.0, 0.0, 0.0, 0.0, 0.05877665676030952, -0.11534891887393858, 0.0, 0.0, 0.0, 0.0, 0.0, 0.0, 0.0, 0.0, 0.0, 0.0, 0.0, 0.0, 0.0, 0.0, 0.09610825884148319, 0.0, 0.006648028119946869, -0.14078914976788584, 0.05804959364362917, 0.0, 0.2679178258236592, 0.0, 0.0, 0.0, -0.3210748464289193, 0.0, 0.0, 0.0, 0.0, 0.0, 0.0, 0.0, 0.0, 0.0, 0.0731454505158278, 0.0, 0.0, 0.0, 0.0, 0.0, 0.0, 0.0, 0.0, 0.015516966527471924, 0.0, 0.0, 0.0, 0.0, 0.0, 0.0, 0.0, 0.0, 0.0, 0.0], [0.0, -0.08790487757021251, 125.19093763100729, 0.0, -125.13014141015842, -0.021741275995155362, 0.046458050600922264, 0.0, 0.0, 0.0, 0.0, 0.0, 0.0, 0.0, 0.0, 0.0, 0.0, 0.0, 0.0, 0.0, 0.0, 0.0, 0.0, 0.0, 0.0, 0.0, 0.0, 0.0, 0.0, 0.0, 0.0, 0.03819414448361461, -0.037464075874207296, 0.0, -0.024259375638585663, 0.0, 0.0, 0.0, 0.0, 0.0, 0.0, 0.0, 0.0, 0.0, 0.0, 0.0, 0.0, 0.0, 0.0, 0.019375042388499866, 0.0, 0.0, 0.0, 0.0, 0.0, 0.0, 0.0, 0.0, 0.0, 0.0, 0.0, 0.0, 0.05861950490658337, -0.06523049400808939, 0.0, 0.0, 0.0, 0.0, 0.0, 0.0, 0.0, 0.0, 0.0, 0.0, -0.07765509832797006, 0.08667760052123746, 0.0, 0.0, 0.0, 0.0, 0.0, 0.0, 0.0, 0.0], [0.0, 0.022222548592283536, -0.10430325591736746, 125.1438497998927, 0.0, -125.03777496730483, -0.019410714354902627, 0.0, 0.0, 0.0, 0.0, 0.0, 0.0, 0.0, 0.0, 0.0, 0.0, 0.0, 0.0, 0.0, 0.0, 0.0, 0.0, 0.0, 0.0, 0.0, 0.0, 0.0, 0.0, 0.0, 0.0, 0.0, 0.06046963052519253, 0.0, 0.0, 0.0, 0.0, -0.08522521548990318, 0.0, 0.0, 0.0, 0.0, 0.0, 0.0, 0.0, 0.0, 0.0, 0.0, 0.0, 0.0, 0.0, 0.0, 0.0, 0.0, -0.04291757204938534, 0.0, 0.0, 0.0, 0.0, 0.0, 0.0, 0.0, 0.0, 0.10844030027187378, 0.05459699851231475, 0.0, 0.0, 0.0, 0.0, 0.0, 0.0, 0.0, 0.0, -0.2580422037676858, 0.0, 0.0, 0.0, 0.4123274762785497, 0.0, 0.0, -0.7110475608977512, 0.4631955324661868, 0.0, 0.0], [0.0, 0.0, 0.044472027576769185, -0.14418927086583508, 125.08661633306824, 0.15662298551481998, -125.13800124647427, 0.0, 0.0, 0.0, 0.0, 0.0, 0.0, 0.0, 0.0, 0.0, 0.0, 0.0, 0.0, 0.0, 0.0, 0.0, 0.0, 0.0, 0.0, 0.0, 0.0, 0.0, 0.0, 0.0, 0.0, 0.0029813388815854683, 0.0, 0.14179555815785996, 0.0, 0.0, 0.0, 0.0, -0.14874366397211256, 0.0, 0.0, 0.0, 0.0, 0.0, 0.0, 0.0, 0.0, 0.0, 0.0, 0.0, 0.0, 0.0, 0.0, -0.061136806515366016, 0.0, 0.0, 0.0, 0.0, 0.0, 0.0, 0.0, 0.0, 0.0, 0.0, 0.0, 0.0, 0.0, 0.0, 0.0, 0.0, 0.0, 0.0, 0.0, 0.0, -0.45054772365522383, 1.6706109098034008, 0.0, -1.4854593987194362, 0.0, 0.0, 0.0, 0.0, 0.6535431693879964, -0.3185320053575004], [0.0, 0.0, 0.0, 73.2922936843707, -231.03647493542155, 477.2867649065655, -314.00951780405757, 0.0, 0.0, 0.0, 0.0, 0.0, 0.0, 0.0, 0.0, 0.0, 0.0, 0.0, 0.0, 0.0, 0.0, 0.0, 0.0, 0.0, 0.0, 0.6953599090360391, 0.0, -0.6953053968826489, 0.0, 0.0, 0.0, 0.0, -4.3674162345355425, 3.068306480502764, 0.0, 0.0, 0.0, 5.467981732885689, 18.640419090970294, 0.0, 0.0, 0.0, -51.99280963812536, 0.0, 0.0, 35.02009994969047, 9.380581111757833, 0.0, 0.0, 0.0, 0.0, 0.0, -1.7320410819160532, -44.127872266071506, 0.0, 0.0, 0.0, 158.13202755159577, 0.0, 0.0, -83.7133272406613, -60.68443300317109, 0.0, 0.0, -0.21220700417635552, 0.0, 0.0, -117.5341514286379, 0.0, 0.0, 98.91401435765898, 121.01613596028514, 0.0, -1.0967362783456833, 0.0, 17.607866316288295, 0.0, -172.7794288838267, 0.0, 0.5266601084968061, 104.47235904147367, -36.66601389428361, 0.0, 2.1815607516867517]]",(x0)' =  313.690 x0 + -477.259 x1 +  231.362 x2 + -73.381 x3 + -6.194 x0^3 + -21.992 x0^2 x2 +  6.569 x0^2 x3 +  107.848 x0 x1^2 + -126.532 x0 x2^2 +  138.488 x0 x2 x3 + -78.589 x0 x2 x4 +  22.192 x0 x2 x5 +  34.692 x0 x3^2 + -46.583 x0 x3 x4 + -0.080 x0 x3 x5 + -5.534 x0 x4^2 +  39.819 x0 x4 x5 + -20.840 x0 x5^2 + -224.927 x1^3 +  379.554 x1^2 x2 + -273.558 x1^2 x3 +  159.387 x1^2 x4 + -40.974 x1^2 x5 + -46.714 x1 x2^2 + -4.599 x1 x2 x4 +  14.931 x1 x3 x4 +  2.693 x1 x4^2 + -23.390 x1 x4 x5 +  14.918 x1 x5^2 + -0.095 x3^3 | (x1)' =  124.945 x0 +  0.187 x1 + -125.161 x2 + -0.018 x3 +  0.042 x4 +  0.059 x0^3 + -0.115 x0^2 x1 +  0.096 x0 x3 x4 +  0.007 x0 x4^2 + -0.141 x0 x4 x5 +  0.058 x0 x5^2 +  0.268 x1^2 x2 + -0.321 x1 x2^2 +  0.073 x2^3 +  0.016 x2 x5^2 | (x2)' = -0.088 x0 +  125.191 x1 + -125.130 x3 + -0.022 x4 +  0.046 x5 +  0.038 x0^2 x3 + -0.037 x0^2 x4 + -0.024 x0 x1^2 +  0.019 x1^3 +  0.059 x1 x4 x5 + -0.065 x1 x5^2 + -0.078 x3^3 +  0.087 x3^2 x4 | (x3)' =  0.022 x0 + -0.104 x1 +  125.144 x2 + -125.038 x4 + -0.019 x5 +  0.060 x0^2 x4 + -0.085 x0 x1 x4 + -0.043 x1 x2^2 +  0.108 x1 x5^2 +  0.055 x2^3 + -0.258 x2 x5^2 +  0.412 x3 x4^2 + -0.711 x4^3 +  0.463 x4^2 x5 | (x4)' =  0.044 x1 + -0.144 x2 +  125.087 x3 +  0.157 x4 + -125.138 x5 +  0.003 x0^2 x3 +  0.142 x0^2 x5 + -0.149 x0 x1 x5 + -0.061 x1^2 x5 + -0.451 x3^3 +  1.671 x3^2 x4 + -1.485 x3 x4^2 +  0.654 x4 x5^2 + -0.319 x5^3 | (x5)' =  73.292 x2 + -231.036 x3 +  477.287 x4 + -314.010 x5 +  0.695 x4^2 + -0.695 x5^2 + -4.367 x0^2 x4 +  3.068 x0^2 x5 +  5.468 x0 x1 x4 +  18.640 x0 x1 x5 + -51.993 x0 x2 x5 +  35.020 x0 x3 x5 +  9.381 x0 x4^2 + -1.732 x1^2 x4 + -44.128 x1^2 x5 +  158.132 x1 x2 x5 + -83.713 x1 x3 x5 + -60.684 x1 x4^2 + -0.212 x2^3 + -117.534 x2^2 x5 +  98.914 x2 x3 x5 +  121.016 x2 x4^2 + -1.097 x2 x5^2 +  17.608 x3^2 x4 + -172.779 x3 x4^2 +  0.527 x3 x5^2 +  104.472 x4^3 + -36.666 x4^2 x5 +  2.182 x5^3
21,80.0,0.00022397498597370244,37.49490932187706,1000.0,3,6,1,4.0,20.0,9,36.0,smoothed_finite_difference_savgol_order_3,success,,70,504,13.88888888888889,4.429976055398583,"[""1"", ""x0"", ""x1"", ""x2"", ""x3"", ""x4"", ""x5"", ""x0^2"", ""x0 x1"", ""x0 x2"", ""x0 x3"", ""x0 x4"", ""x0 x5"", ""x1^2"", ""x1 x2"", ""x1 x3"", ""x1 x4"", ""x1 x5"", ""x2^2"", ""x2 x3"", ""x2 x4"", ""x2 x5"", ""x3^2"", ""x3 x4"", ""x3 x5"", ""x4^2"", ""x4 x5"", ""x5^2"", ""x0^3"", ""x0^2 x1"", ""x0^2 x2"", ""x0^2 x3"", ""x0^2 x4"", ""x0^2 x5"", ""x0 x1^2"", ""x0 x1 x2"", ""x0 x1 x3"", ""x0 x1 x4"", ""x0 x1 x5"", ""x0 x2^2"", ""x0 x2 x3"", ""x0 x2 x4"", ""x0 x2 x5"", ""x0 x3^2"", ""x0 x3 x4"", ""x0 x3 x5"", ""x0 x4^2"", ""x0 x4 x5"", ""x0 x5^2"", ""x1^3"", ""x1^2 x2"", ""x1^2 x3"", ""x1^2 x4"", ""x1^2 x5"", ""x1 x2^2"", ""x1 x2 x3"", ""x1 x2 x4"", ""x1 x2 x5"", ""x1 x3^2"", ""x1 x3 x4"", ""x1 x3 x5"", ""x1 x4^2"", ""x1 x4 x5"", ""x1 x5^2"", ""x2^3"", ""x2^2 x3"", ""x2^2 x4"", ""x2^2 x5"", ""x2 x3^2"", ""x2 x3 x4"", ""x2 x3 x5"", ""x2 x4^2"", ""x2 x4 x5"", ""x2 x5^2"", ""x3^3"", ""x3^2 x4"", ""x3^2 x5"", ""x3 x4^2"", ""x3 x4 x5"", ""x3 x5^2"", ""x4^3"", ""x4^2 x5"", ""x4 x5^2"", ""x5^3""]","[[0.0, 414.62406183584767, -766.520770377011, 656.0006357763599, -503.17906217775266, 263.8686504532802, -66.6168989583471, 0.0, 0.0, 0.0, 0.0, 0.0, 0.0, 0.0, 0.0, 0.0, 0.0, 0.0, 0.0, 0.0, 0.0, 0.0, 0.0, 0.0, 0.0, 0.0, 0.0, 0.0, 1.8294119471863417, -1.6492580691391288, 0.0, 0.0, 0.0, 0.0, 0.0, 0.0, 0.0, 0.0, 0.0, 0.0, 0.0, 0.0, 0.0, -4.853428364712285, 8.667838801647571, -2.0920163810523507, -4.532492429104557, 2.1309749581178363, 0.0, -31.086621795743007, 101.55288727738531, -25.365550421782697, 0.0, 0.0, -106.1500285237329, 44.70229962741506, 0.0, 0.0, 0.0, 0.0, 0.0, 0.0, 0.0, 0.0, 37.69630763242768, -20.70961774756387, 0.0, 0.0, 0.0, 0.0, 0.0, 0.0, 0.0, 0.0, 0.0, 0.0, 0.0, 0.0, 0.0, 0.0, 0.0, 0.0, 0.0, 0.0], [0.0, 126.73125570496917, -7.125097886590842, -113.45648785351275, -8.705529648309183, 2.5613436140077317, 0.0, 0.0, 0.0, 0.0, 0.0, 0.0, 0.0, 0.0, 0.0, 0.0, 0.0, 0.0, 0.0, 0.0, 0.0, 0.0, 0.0, 0.0, 0.0, 0.0, 0.0, 0.0, -0.010802348674624299, 0.0, 0.0, 0.0, 0.0, 0.0, 0.0, 0.0, 0.0, 0.0, 0.0, 0.0, 0.0, 0.0, 0.0, 0.0, 0.0, 0.0, 0.0, 0.0, -0.021317382183668163, 0.0, 0.0, 0.0, 0.0, 0.0, 0.0, 0.0, 0.0, 0.0, 0.0, 0.0, 0.0, 0.0, 0.0, 0.0, 0.028939900956543432, 0.0, 0.0, 0.0, 0.0, 0.0, 0.0, 0.0, 0.0, 0.0, 0.0, 0.0, 0.0, 0.0, 0.0, 0.0, 0.0, 0.0, 0.0, 0.0], [0.0, -0.053551297359827804, 124.73379637594712, 0.0, -123.10453281732559, -2.6269266409996095, 1.0650357779908999, 0.0, 0.0, 0.0, 0.0, 0.0, 0.0, 0.0, 0.0, 0.0, 0.0, 0.0, 0.0, 0.0, 0.0, 0.0, 0.0, 0.0, 0.0, 0.0, 0.0, 0.0, 0.0, 0.0, 0.0, 0.0, 0.0, 0.0, 0.0, 0.0, 0.0, 0.0, 0.0, 0.0, 0.0, 0.0, 0.0, 0.0, 0.0, 0.0, 0.0, 0.0, 0.0, 0.0, 0.0, 0.0, 0.0, 0.0, 0.0, 0.0, 0.0, 0.0, 0.0, 0.0, 0.0, 0.0, 0.0, 0.0, 0.0, 0.0, 0.0, 0.0, 0.0, 0.0, 0.0, 0.0, 0.0, 0.0, 0.0, 0.0, 0.0, 0.0, 0.0, 0.0, 0.0, 0.0, 0.0, 0.0], [0.0, -0.978108501004853, 3.3308981780606013, 121.46533739460028, 0.0, -122.57477034508726, -1.2604667993007348, 0.0, 0.0, 0.0, 0.0, 0.0, 0.0, 0.0, 0.0, 0.0, 0.0, 0.0, 0.0, 0.0, 0.0, 0.0, 0.0, 0.0, 0.0, 0.0, 0.0, 0.0, 0.0, 0.0, 0.0, 0.0, 0.0, 0.0, 0.0, 0.0, 0.0, 0.0, 0.0, 0.0, 0.0, 0.0, 0.0, 0.0, 0.0, 0.0, 0.0, 0.0, 0.0, 0.0, 0.0, 0.0, 0.0, 0.0, 0.0, 0.0, 0.0, 0.0, 0.0, 0.0, 0.0, 0.0, 0.0, 0.0, 0.0, 0.0, 0.0, 0.0, 0.0, 0.0, 0.0, 0.0, 0.0, 0.0, 0.0, 0.0, 0.0, 0.0, 0.0, 0.0, 0.0, 0.0, 0.0, 0.0], [0.0, 0.0, 0.033078297138238934, 1.5908235517701086, 120.18295872309136, 5.125502317028134, -126.9474256120394, 0.0, 0.0, 0.0, 0.0, 0.0, 0.0, 0.0, 0.0, 0.0, 0.0, 0.0, 0.0, 0.0, 0.0, 0.0, 0.0, 0.0, 0.0, 0.0, 0.0, 0.0, 0.0, 0.0, 0.0, 0.0, 0.0, 0.013461181333134816, 0.0, 0.0, 0.0, 0.0, 0.0, 0.0, 0.0, 0.0, 0.0, 0.0, 0.0, 0.0, 0.0, 0.0, 0.0, 0.0, 0.0, 0.0, 0.0, 0.0, 0.0, 0.0, 0.0, 0.0, 0.0, 0.0, 0.0, 0.0, 0.0, 0.0, 0.0, 0.0, 0.0, 0.0, 0.0, 0.0, 0.0, 0.0, 0.0, 0.0, -0.014825745281752203, 0.0, 0.0, 0.0, 0.0, 0.0, 0.0, 0.0, 0.0, 0.0025643962167340925], [0.0, 67.6108393396307, -266.16519818538063, 504.5958683581534, -654.7173499490019, 764.6779229436604, -414.18138478921566, 0.0, 0.0, 0.0, 0.0, 0.0, 0.0, 0.0, 0.0, 0.0, 0.0, 0.0, 0.0, 0.0, 0.0, 0.0, 0.0, 0.0, 0.0, 0.0, 0.0, 0.0, 0.0, 0.0, 0.0, -0.5034026002082282, 0.0, -4.112174812321415, 0.0, 0.0, 0.0, 0.0, 23.20912772730966, 0.0, 0.0, 0.0, -21.121539524841072, 0.0, 0.0, 7.484205458396998, 0.0, 0.0, 0.0, 0.0, 0.0, 0.0, 0.0, -37.840687936206315, 0.0, 0.0, 0.0, 83.38773984448791, 0.0, 0.0, -33.516586729712834, 0.0, 0.0, 0.0, 0.0, 0.0, 0.0, -31.582223836498187, 98.56070753073101, -207.8550322123184, 0.0, 115.38666773920933, 0.0, 0.0, -194.3705781039198, 497.9088480704591, 0.0, -381.55197421300306, 0.0, 0.0, 74.03829148636858, 0.0, 24.728262747840724, -12.385007098218786]]",(x0)' =  414.624 x0 + -766.521 x1 +  656.001 x2 + -503.179 x3 +  263.869 x4 + -66.617 x5 +  1.829 x0^3 + -1.649 x0^2 x1 + -4.853 x0 x3^2 +  8.668 x0 x3 x4 + -2.092 x0 x3 x5 + -4.532 x0 x4^2 +  2.131 x0 x4 x5 + -31.087 x1^3 +  101.553 x1^2 x2 + -25.366 x1^2 x3 + -106.150 x1 x2^2 +  44.702 x1 x2 x3 +  37.696 x2^3 + -20.710 x2^2 x3 | (x1)' =  126.731 x0 + -7.125 x1 + -113.456 x2 + -8.706 x3 +  2.561 x4 + -0.011 x0^3 + -0.021 x0 x5^2 +  0.029 x2^3 | (x2)' = -0.054 x0 +  124.734 x1 + -123.105 x3 + -2.627 x4 +  1.065 x5 | (x3)' = -0.978 x0 +  3.331 x1 +  121.465 x2 + -122.575 x4 + -1.260 x5 | (x4)' =  0.033 x1 +  1.591 x2 +  120.183 x3 +  5.126 x4 + -126.947 x5 +  0.013 x0^2 x5 + -0.015 x3^3 +  0.003 x5^3 | (x5)' =  67.611 x0 + -266.165 x1 +  504.596 x2 + -654.717 x3 +  764.678 x4 + -414.181 x5 + -0.503 x0^2 x3 + -4.112 x0^2 x5 +  23.209 x0 x1 x5 + -21.122 x0 x2 x5 +  7.484 x0 x3 x5 + -37.841 x1^2 x5 +  83.388 x1 x2 x5 + -33.517 x1 x3 x5 + -31.582 x2^2 x5 +  98.561 x2 x3^2 + -207.855 x2 x3 x4 +  115.387 x2 x4^2 + -194.371 x3^3 +  497.909 x3^2 x4 + -381.552 x3 x4^2 +  74.038 x4^3 +  24.728 x4 x5^2 + -12.385 x5^3
22,80.0,0.00022397498597370244,37.49490932187706,1000.0,3,6,2,8.0,40.0,0,0.0,finite_difference,success,,66,504,13.095238095238095,4.482482515275478,"[""1"", ""x0"", ""x1"", ""x2"", ""x3"", ""x4"", ""x5"", ""x0^2"", ""x0 x1"", ""x0 x2"", ""x0 x3"", ""x0 x4"", ""x0 x5"", ""x1^2"", ""x1 x2"", ""x1 x3"", ""x1 x4"", ""x1 x5"", ""x2^2"", ""x2 x3"", ""x2 x4"", ""x2 x5"", ""x3^2"", ""x3 x4"", ""x3 x5"", ""x4^2"", ""x4 x5"", ""x5^2"", ""x0^3"", ""x0^2 x1"", ""x0^2 x2"", ""x0^2 x3"", ""x0^2 x4"", ""x0^2 x5"", ""x0 x1^2"", ""x0 x1 x2"", ""x0 x1 x3"", ""x0 x1 x4"", ""x0 x1 x5"", ""x0 x2^2"", ""x0 x2 x3"", ""x0 x2 x4"", ""x0 x2 x5"", ""x0 x3^2"", ""x0 x3 x4"", ""x0 x3 x5"", ""x0 x4^2"", ""x0 x4 x5"", ""x0 x5^2"", ""x1^3"", ""x1^2 x2"", ""x1^2 x3"", ""x1^2 x4"", ""x1^2 x5"", ""x1 x2^2"", ""x1 x2 x3"", ""x1 x2 x4"", ""x1 x2 x5"", ""x1 x3^2"", ""x1 x3 x4"", ""x1 x3 x5"", ""x1 x4^2"", ""x1 x4 x5"", ""x1 x5^2"", ""x2^3"", ""x2^2 x3"", ""x2^2 x4"", ""x2^2 x5"", ""x2 x3^2"", ""x2 x3 x4"", ""x2 x3 x5"", ""x2 x4^2"", ""x2 x4 x5"", ""x2 x5^2"", ""x3^3"", ""x3^2 x4"", ""x3^2 x5"", ""x3 x4^2"", ""x3 x4 x5"", ""x3 x5^2"", ""x4^3"", ""x4^2 x5"", ""x4 x5^2"", ""x5^3""]","[[0.0, 85.80840618116584, -109.63890576866515, 10.912276071115382, 0.0, 0.0, 3.3005953986207253, 0.0, 0.0, 0.0, 0.0, 0.0, 0.0, 0.0, 0.0, 0.0, 0.0, 0.0, 0.0, 0.0, 0.0, 0.0, 0.0, 0.0, 0.0, 0.0, 0.0, 0.0, 0.0733666871785789, -2.522561453102476, 1.0670121728457787, 0.0, 0.0, 0.0, 0.0, 5.325242120535761, 0.0, 0.0, 0.0, -2.837321121930871, 0.0, 0.0, 0.0, 0.0, 0.0, 0.0, 1.4503938042872853, -0.857544639197378, 0.1607845958911007, -0.8010236066667182, 0.0, 0.0, 0.0, 0.0, 0.0, 0.0, 0.0, 0.0, 0.0, 0.0, 0.0, -1.0210608402712575, 0.0, 0.7301063647651684, 0.0, 0.0, 0.0, 0.0, 0.0, 0.0, 0.0, 0.0, 0.0, 0.0, 0.0, 0.0, 0.0, 0.0, 0.0, 0.0, 0.0, 0.0, 0.0, 0.0], [0.0, 72.52876570935814, 0.0, -72.9358321698631, 0.0, 0.0, 0.0, 0.0, 0.0, 0.0, 0.0, 0.0, 0.0, 0.0, 0.0, 0.0, 0.0, 0.0, 0.0, 0.0, 0.0, 0.0, 0.0, 0.0, 0.0, 0.0, 0.0, 0.0, 0.5069677146499799, 0.0, -0.5997470812870141, 0.0, 0.0, 0.0, 0.0, 0.0, 0.0, 0.0, 0.0, 0.0, 0.0, 0.0, 0.0, 0.0, 0.0, 0.0, 0.0, 0.0, -0.37878161915952957, 0.0, 0.0, 0.0, 0.0, 0.0, 0.0, 0.0, 0.0, 0.0, 0.0, 0.0, 0.0, 0.0, 0.0, 0.0, -0.09633054766586188, 0.0, 0.0, 0.0, 0.0, 0.0, 0.0, 0.0, 0.0, 0.6447684609237098, 0.0, 0.0, 0.0, 0.0, 0.0, 0.0, 0.0, 0.0, 0.0, 0.0], [0.0, 0.0, 71.13483888737699, 0.0, -71.27548334229326, 0.0, 0.0, 0.0, 0.0, 0.0, 0.0, 0.0, 0.0, 0.0, 0.0, 0.0, 0.0, 0.0, 0.0, 0.0, 0.0, 0.0, 0.0, 0.0, 0.0, 0.0, 0.0, 0.0, 0.0, 0.0, 0.0, 1.7751053075907368, 0.0, 0.0, 0.0, 0.0, -5.877678388618004, 0.0, 0.0, 0.0, 0.0, 0.0, 0.0, 0.0, 0.0, 0.0, 0.0, 0.0, 0.0, -0.6307024706535951, 3.335915345677104, 0.0, 0.0, 0.0, 0.0, 0.0, 0.0, 0.0, 0.0, 5.208528342881055, 0.0, -1.601261550959272, 0.0, 0.0, 0.0, -1.9510737790330794, 0.0, 0.0, 0.0, 0.0, 0.0, 0.0, 0.0, 0.0, -0.25593330268545106, 0.0, 0.0, 0.0, 0.0, 0.0, 0.0, 0.0, 0.0, 0.0], [0.0, 0.0, 0.0, 72.59354137827135, 0.0, -72.47532187847726, 0.0, 0.0, 0.0, 0.0, 0.0, 0.0, 0.0, 0.0, 0.0, 0.0, 0.0, 0.0, 0.0, 0.0, 0.0, 0.0, 0.0, 0.0, 0.0, 0.0, 0.0, 0.0, 0.0, 0.0, 1.137128285832129, 0.0, -0.7276976061304448, 0.0, 0.0, 0.0, 0.0, 0.0, 0.0, 0.0, 0.0, 0.0, 0.0, 0.0, 0.0, 0.0, 0.0, 0.0, 0.0, -2.0923204034250587, 0.0, 0.0, 4.240487520079935, 0.0, 0.0, 0.0, -6.03466486255537, 0.0, 0.0, 0.0, 0.0, 0.0, 0.0, 0.0, 1.6900888788666413, 0.0, 0.0, 0.0, 0.0, 0.0, 0.0, 0.0, 3.2860220902065462, -0.584523125958414, 0.0, 0.0, 0.0, 0.0, 0.0, 0.0, -0.8662410441987012, 0.0, 0.0, 0.0], [0.0, 0.0, 0.0, 0.0, 73.54585078875591, 0.0, -73.36837107875115, 0.0, 0.0, 0.0, 0.0, 0.0, 0.0, 0.0, 0.0, 0.0, 0.0, 0.0, 0.0, 0.0, 0.0, 0.0, 0.0, 0.0, 0.0, 0.0, 0.0, 0.0, 0.0, 0.0, 0.0, 0.5743277534570568, 0.0, 0.01913199215518521, 0.0, 0.0, 0.0, 0.0, 0.0, 0.0, 0.0, 0.0, 0.0, 0.0, 0.0, 0.0, 0.0, 0.0, 0.0, 0.0, 0.0, 0.0, 0.0, 0.0, 0.0, 0.0, 0.0, 0.0, 0.0, 0.0, 0.0, 0.0, 0.0, 0.0, -1.6126090137750155, 0.0, 0.0, 0.0, 0.0, 0.0, 0.0, 0.0, 0.0, 0.0, 1.0883632432658552, 0.0, 0.0, 0.0, 0.0, 0.0, 0.0, 0.0, 0.0, -0.13592033176196686], [0.0, -3.123448111523029, 0.0, 0.0, -10.741459382608763, 108.76898454086567, -84.68310592864341, 0.0, 0.0, 0.0, 0.0, 0.0, 0.0, 0.0, 0.0, 0.0, 2.040130740920028, 0.0, 0.0, 0.0, 0.0, 0.0, 2.0914691685607463, 0.0, 0.0, -3.4785673156178523, 0.0, 0.0, 0.0, 0.0, 0.0, 0.0, -0.8128471417597756, 0.25757482994884506, 0.0, 0.0, 0.0, 0.0, 0.0, 0.0, 0.0, 0.0, 0.0, 0.0, 0.0, 0.0, 0.0, 0.0, 0.0, 0.0, 0.0, 0.0, 1.5851093694612501, -0.9112468981398666, 0.0, 0.0, 0.0, 0.0, 0.0, 0.0, 0.0, 0.0, 0.0, 0.0, 0.0, 0.0, 0.0, 0.0, 0.0, 0.0, 0.0, 0.0, -2.1867547263431195, 0.0, 0.0, 0.0, 0.11573600542337734, 0.0, 0.0, 0.0, -1.1044808433440818, 2.6859186759874216, 0.0, -0.4624405991240169]]",(x0)' =  85.808 x0 + -109.639 x1 +  10.912 x2 +  3.301 x5 +  0.073 x0^3 + -2.523 x0^2 x1 +  1.067 x0^2 x2 +  5.325 x0 x1 x2 + -2.837 x0 x2^2 +  1.450 x0 x4^2 + -0.858 x0 x4 x5 +  0.161 x0 x5^2 + -0.801 x1^3 + -1.021 x1 x4^2 +  0.730 x1 x5^2 | (x1)' =  72.529 x0 + -72.936 x2 +  0.507 x0^3 + -0.600 x0^2 x2 + -0.379 x0 x5^2 + -0.096 x2^3 +  0.645 x2 x5^2 | (x2)' =  71.135 x1 + -71.275 x3 +  1.775 x0^2 x3 + -5.878 x0 x1 x3 + -0.631 x1^3 +  3.336 x1^2 x2 +  5.209 x1 x3 x4 + -1.601 x1 x4^2 + -1.951 x2^2 x3 + -0.256 x3^3 | (x3)' =  72.594 x2 + -72.475 x4 +  1.137 x0^2 x2 + -0.728 x0^2 x4 + -2.092 x1^3 +  4.240 x1^2 x4 + -6.035 x1 x2 x4 +  1.690 x2^3 +  3.286 x2 x4 x5 + -0.585 x2 x5^2 + -0.866 x4^3 | (x4)' =  73.546 x3 + -73.368 x5 +  0.574 x0^2 x3 +  0.019 x0^2 x5 + -1.613 x2^3 +  1.088 x3^3 + -0.136 x5^3 | (x5)' = -3.123 x0 + -10.741 x3 +  108.769 x4 + -84.683 x5 +  2.040 x1 x4 +  2.091 x3^2 + -3.479 x4^2 + -0.813 x0^2 x4 +  0.258 x0^2 x5 +  1.585 x1^2 x4 + -0.911 x1^2 x5 + -2.187 x2 x4 x5 +  0.116 x3^2 x5 + -1.104 x4^3 +  2.686 x4^2 x5 + -0.462 x5^3
23,80.0,0.00022397498597370244,37.49490932187706,1000.0,3,6,2,8.0,40.0,5,20.0,smoothed_finite_difference_savgol_order_3,success,,85,504,16.865079365079364,4.736192321404815,"[""1"", ""x0"", ""x1"", ""x2"", ""x3"", ""x4"", ""x5"", ""x0^2"", ""x0 x1"", ""x0 x2"", ""x0 x3"", ""x0 x4"", ""x0 x5"", ""x1^2"", ""x1 x2"", ""x1 x3"", ""x1 x4"", ""x1 x5"", ""x2^2"", ""x2 x3"", ""x2 x4"", ""x2 x5"", ""x3^2"", ""x3 x4"", ""x3 x5"", ""x4^2"", ""x4 x5"", ""x5^2"", ""x0^3"", ""x0^2 x1"", ""x0^2 x2"", ""x0^2 x3"", ""x0^2 x4"", ""x0^2 x5"", ""x0 x1^2"", ""x0 x1 x2"", ""x0 x1 x3"", ""x0 x1 x4"", ""x0 x1 x5"", ""x0 x2^2"", ""x0 x2 x3"", ""x0 x2 x4"", ""x0 x2 x5"", ""x0 x3^2"", ""x0 x3 x4"", ""x0 x3 x5"", ""x0 x4^2"", ""x0 x4 x5"", ""x0 x5^2"", ""x1^3"", ""x1^2 x2"", ""x1^2 x3"", ""x1^2 x4"", ""x1^2 x5"", ""x1 x2^2"", ""x1 x2 x3"", ""x1 x2 x4"", ""x1 x2 x5"", ""x1 x3^2"", ""x1 x3 x4"", ""x1 x3 x5"", ""x1 x4^2"", ""x1 x4 x5"", ""x1 x5^2"", ""x2^3"", ""x2^2 x3"", ""x2^2 x4"", ""x2^2 x5"", ""x2 x3^2"", ""x2 x3 x4"", ""x2 x3 x5"", ""x2 x4^2"", ""x2 x4 x5"", ""x2 x5^2"", ""x3^3"", ""x3^2 x4"", ""x3^2 x5"", ""x3 x4^2"", ""x3 x4 x5"", ""x3 x5^2"", ""x4^3"", ""x4^2 x5"", ""x4 x5^2"", ""x5^3""]","[[0.0, 101.9082565998408, -137.63531541853425, 26.392640053592395, 0.0, 0.0, 1.30109570596705, 0.0, 4.536693573006015, -4.659861451036967, 0.0, 0.0, 0.0, 0.0, 0.0, 0.0, 0.0, 0.0, 0.0, 0.0, 0.0, 0.0, 0.0, 0.0, 0.0, 0.0, 0.0, 0.0, -0.051208012838286625, -1.0113687690774937, 1.482613822492198, 0.0, 0.0, 0.0, -1.4785987246803147, 1.1964864355132725, 0.0, 0.0, 0.0, 0.3962524841674067, -0.2651292495544483, 0.0, 0.0, 0.0, 0.0, 0.0, 1.788552861762988, -2.373349608182208, 0.8964940555588077, 0.8340150440864359, 0.0, 0.0, 0.0, 0.0, 0.0, 0.0, 0.0, 0.0, -1.647870319020682, 0.0, 0.0, -1.1339095739769105, 3.0879665824598144, -1.1076836125210048, 0.0, 0.0, 0.0, 0.0, 0.0, 0.0, 0.0, 0.0, 0.0, 0.0, 0.0, 0.0, 0.0, 0.0, 0.0, 0.0, 0.0, 0.0, 0.0, 0.0], [0.0, 73.36216726619858, 0.0, -73.97043063185735, 0.0, 0.0, 0.0, 0.0, 0.0, 0.0, 0.0, 0.0, 0.0, 0.0, 0.0, 0.0, 0.0, 0.0, 0.0, 0.0, 0.0, 0.0, 0.0, 0.0, 0.0, 0.0, 0.0, 0.0, 0.3862114809872307, 0.0, -0.3857938593106851, 0.0, 0.0, 0.0, 0.0, 0.0, 0.0, 0.0, 0.0, 0.0, 0.0, 0.0, 0.0, 0.34879551119600805, 0.0, 0.0, 0.0, 0.0, -0.27238111464874726, 0.0, 0.0, 0.0, 0.0, 0.0, 0.0, 0.0, 0.0, 0.0, 0.0, 0.0, 0.0, 0.0, 0.0, 0.0, -1.0335683499912678, 0.0, 0.0, 0.0, 0.0, 0.0, 0.0, -1.9139995024088108, 0.0, 0.6485657167538915, 2.311834019614542, 0.0, 0.0, 0.0, 0.0, 0.0, 0.0, 0.0, 0.0, 0.0], [0.0, 0.0, 72.22132399839646, 0.0, -72.99473947183068, 0.0, 0.0, 0.0, 0.0, 0.0, 0.0, 0.0, 0.0, 0.0, 0.0, 0.0, 0.0, 0.0, 0.0, 0.0, 0.0, 0.0, 0.0, 0.0, 0.0, 0.0, 0.0, 0.0, 0.0, 0.0, 0.0, 2.1633729102920176, 0.0, 0.0, 0.0, 0.0, -6.435025239498104, 0.0, 0.0, 0.0, 0.0, 0.0, 0.0, 0.0, 0.0, 0.0, 0.0, 0.0, 0.0, -0.15240269833605355, 2.238333735490718, 0.0, 0.0, 0.0, 0.0, 0.0, 0.0, 0.0, 0.0, 6.816109809603569, 0.0, -4.3079719906441145, 0.0, 0.9144480758894381, 0.0, 0.0, 0.0, 0.0, 0.0, 0.0, 0.0, 0.0, 0.0, 0.0, -2.023466001052016, 0.0, 0.0, 0.0, 0.0, -1.8403307896102696, 2.582200601202247, 0.0, 0.0, 0.0], [0.0, 0.0, 0.0, 72.53223567684647, 0.0, -72.29429767630246, 0.0, 0.0, 0.0, 0.0, 0.0, 0.0, 0.0, 0.0, 0.0, 0.0, 0.0, 0.0, 0.0, 0.0, 0.0, 0.0, 0.0, 0.0, 0.0, 0.0, 0.0, 0.0, 0.0, 0.0, 1.8558070214851805, 0.0, -1.023588317683162, 0.0, 0.0, 0.0, 0.0, 0.0, 0.0, 0.0, 0.0, 0.0, 0.0, 0.0, 0.0, 0.0, 0.0, 0.0, 0.0, -2.6390887228170006, 0.0, 0.0, 4.747075863254278, 0.0, 0.0, 0.0, -6.9745281294857095, 0.0, 0.0, 0.0, 0.0, 0.0, 0.0, 0.0, 1.9841638718849897, 0.0, 0.0, 0.0, 0.0, 0.0, 0.0, 0.0, 3.955027514710127, -0.7972899676180346, 0.0, 0.0, 0.0, 0.0, 0.0, 0.0, -1.0374934788835382, 0.0, 0.0, 0.0], [0.0, 0.0, 0.0, 0.0, 74.17744701112353, 0.0, -73.97015538032747, 0.0, 0.0, 0.0, 0.0, 0.0, 0.0, 0.0, 0.0, 0.0, 0.0, 0.0, 0.0, 0.0, 0.0, 0.0, 0.0, 0.0, 0.0, 0.0, 0.0, 0.0, 0.0, 0.0, 0.0, 0.7129607973884533, 0.0, -0.09517603347518994, 0.0, 0.0, 0.0, 0.0, 0.0, 0.0, 0.0, 0.0, 0.0, 0.0, 0.0, 0.0, 0.0, 0.0, 0.0, 0.0, 0.0, 0.0, 0.0, 0.0, 0.0, 0.0, 0.0, 0.0, 0.0, 0.0, 0.0, 0.0, 0.0, 0.0, -1.9416033725160677, 0.0, 0.0, 0.4251688418683304, 0.0, 0.0, 0.0, 0.0, 0.0, 0.0, 1.2881557154645285, 0.0, 0.0, 0.0, 0.0, -0.5478226506384429, 0.0, 0.0, 0.0, 0.08412221003162858], [0.0, -1.7327885910617216, 0.0, 0.0, -24.557691122825712, 135.92675055227338, -101.6248715678295, 0.0, 0.0, 0.0, 0.0, 0.0, 0.0, 0.0, 0.0, 0.0, 2.554653274787441, 0.0, 0.0, 0.0, 0.0, 0.0, 0.3649504979280035, 0.0, 0.0, 4.816245174224462, -13.093289186973555, 5.43191833781847, 0.0, 0.0, 0.0, 0.0, -0.24303920205341598, 1.0661342661396538, 0.0, 0.0, 0.0, 0.0, -2.0041654105158155, 0.0, 0.0, 0.0, 0.0, 0.0, 0.0, 0.0, 0.0, 0.0, 0.0, 0.0, 0.0, 0.0, -0.7989397005957781, 0.9092316111104166, 0.0, 0.0, 0.0, 0.0, 0.0, 0.0, 0.0, 0.0, 0.0, 0.0, 0.0, 0.0, 2.093176308324553, 0.0, 0.0, 0.0, -0.26340248222970436, 0.0, 0.0, 0.0, -0.5476909056418723, 0.0, -0.6741460988771286, 0.0, 0.0, -1.8835435075043145, -0.23241787843797462, 1.5312753489873059, 0.0, 0.43548817173432663]]",(x0)' =  101.908 x0 + -137.635 x1 +  26.393 x2 +  1.301 x5 +  4.537 x0 x1 + -4.660 x0 x2 + -0.051 x0^3 + -1.011 x0^2 x1 +  1.483 x0^2 x2 + -1.479 x0 x1^2 +  1.196 x0 x1 x2 +  0.396 x0 x2^2 + -0.265 x0 x2 x3 +  1.789 x0 x4^2 + -2.373 x0 x4 x5 +  0.896 x0 x5^2 +  0.834 x1^3 + -1.648 x1 x3^2 + -1.134 x1 x4^2 +  3.088 x1 x4 x5 + -1.108 x1 x5^2 | (x1)' =  73.362 x0 + -73.970 x2 +  0.386 x0^3 + -0.386 x0^2 x2 +  0.349 x0 x3^2 + -0.272 x0 x5^2 + -1.034 x2^3 + -1.914 x2 x4^2 +  0.649 x2 x5^2 +  2.312 x3^3 | (x2)' =  72.221 x1 + -72.995 x3 +  2.163 x0^2 x3 + -6.435 x0 x1 x3 + -0.152 x1^3 +  2.238 x1^2 x2 +  6.816 x1 x3 x4 + -4.308 x1 x4^2 +  0.914 x1 x5^2 + -2.023 x3^3 + -1.840 x3 x5^2 +  2.582 x4^3 | (x3)' =  72.532 x2 + -72.294 x4 +  1.856 x0^2 x2 + -1.024 x0^2 x4 + -2.639 x1^3 +  4.747 x1^2 x4 + -6.975 x1 x2 x4 +  1.984 x2^3 +  3.955 x2 x4 x5 + -0.797 x2 x5^2 + -1.037 x4^3 | (x4)' =  74.177 x3 + -73.970 x5 +  0.713 x0^2 x3 + -0.095 x0^2 x5 + -1.942 x2^3 +  0.425 x2^2 x5 +  1.288 x3^3 + -0.548 x3 x5^2 +  0.084 x5^3 | (x5)' = -1.733 x0 + -24.558 x3 +  135.927 x4 + -101.625 x5 +  2.555 x1 x4 +  0.365 x3^2 +  4.816 x4^2 + -13.093 x4 x5 +  5.432 x5^2 + -0.243 x0^2 x4 +  1.066 x0^2 x5 + -2.004 x0 x1 x5 + -0.799 x1^2 x4 +  0.909 x1^2 x5 +  2.093 x2^2 x4 + -0.263 x2 x3 x5 + -0.548 x3^3 + -0.674 x3^2 x5 + -1.884 x3 x5^2 + -0.232 x4^3 +  1.531 x4^2 x5 +  0.435 x5^3
24,80.0,0.00022397498597370244,37.49490932187706,1000.0,3,6,2,8.0,40.0,9,36.0,smoothed_finite_difference_savgol_order_3,success,,74,504,14.682539682539682,4.676458939909935,"[""1"", ""x0"", ""x1"", ""x2"", ""x3"", ""x4"", ""x5"", ""x0^2"", ""x0 x1"", ""x0 x2"", ""x0 x3"", ""x0 x4"", ""x0 x5"", ""x1^2"", ""x1 x2"", ""x1 x3"", ""x1 x4"", ""x1 x5"", ""x2^2"", ""x2 x3"", ""x2 x4"", ""x2 x5"", ""x3^2"", ""x3 x4"", ""x3 x5"", ""x4^2"", ""x4 x5"", ""x5^2"", ""x0^3"", ""x0^2 x1"", ""x0^2 x2"", ""x0^2 x3"", ""x0^2 x4"", ""x0^2 x5"", ""x0 x1^2"", ""x0 x1 x2"", ""x0 x1 x3"", ""x0 x1 x4"", ""x0 x1 x5"", ""x0 x2^2"", ""x0 x2 x3"", ""x0 x2 x4"", ""x0 x2 x5"", ""x0 x3^2"", ""x0 x3 x4"", ""x0 x3 x5"", ""x0 x4^2"", ""x0 x4 x5"", ""x0 x5^2"", ""x1^3"", ""x1^2 x2"", ""x1^2 x3"", ""x1^2 x4"", ""x1^2 x5"", ""x1 x2^2"", ""x1 x2 x3"", ""x1 x2 x4"", ""x1 x2 x5"", ""x1 x3^2"", ""x1 x3 x4"", ""x1 x3 x5"", ""x1 x4^2"", ""x1 x4 x5"", ""x1 x5^2"", ""x2^3"", ""x2^2 x3"", ""x2^2 x4"", ""x2^2 x5"", ""x2 x3^2"", ""x2 x3 x4"", ""x2 x3 x5"", ""x2 x4^2"", ""x2 x4 x5"", ""x2 x5^2"", ""x3^3"", ""x3^2 x4"", ""x3^2 x5"", ""x3 x4^2"", ""x3 x4 x5"", ""x3 x5^2"", ""x4^3"", ""x4^2 x5"", ""x4 x5^2"", ""x5^3""]","[[0.0, 148.17705140283726, -217.94176186459447, 83.17829223082512, -17.90232449266933, 0.0, 0.0, 0.0, 0.0, 0.0, 0.0, 0.0, 0.0, 0.0, 0.0, 0.0, 0.0, 0.0, 0.0, 0.0, 0.0, 0.0, 0.0, 0.0, 0.0, 0.0, 0.0, 0.0, -0.46154146968147514, 0.0, 0.0, 0.0, 0.0, 0.0, 3.0218192537980926, 0.0, 2.157659804907819, 0.0, 0.0, -1.2969689438098022, -10.022380187696129, 0.0, 0.0, 9.573744442549408, 0.0, 0.0, 0.0, -7.80787017190029, 5.2619699984606525, -5.977481490380413, 6.699883490544395, 0.0, 0.0, 0.0, 0.0, 0.0, 0.0, 0.0, -1.5072355728663904, 0.8862259602471553, 0.0, -7.465084702004036, 14.0674842524095, -6.47678406823859, 0.0, 0.0, 0.0, 0.0, 0.0, 0.0, 0.0, 0.0, 0.0, 0.0, -0.20819000085438846, 0.0, 0.0, 0.0, 0.0, 0.0, 0.0, 0.0, 0.0, 0.0], [0.0, 70.91331339935736, 0.0, -76.16958735321292, 5.650611770613091, 1.2302784964949722, 0.0, 0.0, 0.0, 0.0, 0.0, 0.0, 0.0, 0.0, 0.0, 0.0, 0.0, 0.0, 0.0, 0.0, 0.0, 0.0, 0.0, 0.0, 0.0, 0.0, 0.0, 0.0, 0.14319193479650524, 0.0, -0.1896126311559111, 0.0, 0.0, 0.0, 0.0, 0.0, 0.0, 0.0, 0.0, 0.0, 0.0, 0.0, 0.0, -0.10831714374458801, 0.0, 0.0, 0.0, 0.0, 0.0, 0.0, 0.0, 0.0, 0.0, 0.0, 0.0, 0.0, 0.0, 0.0, 0.0, 0.0, 0.0, 0.0, 0.0, 0.0, 0.03699085091061625, 0.0, 0.0, 0.0, 0.0, 0.0, 0.0, 0.0, 0.0, 0.0, 0.0, 0.0, 0.0, 0.0, 0.0, 0.0, 0.0, 0.0, 0.0, 0.0], [0.0, -13.76213880858358, 88.06336562866854, 0.0, -89.47242309105106, 17.151514227247077, -2.2399603046827155, 0.0, 0.0, 0.0, 0.0, 0.0, 0.0, 0.0, 0.0, 0.0, 0.0, 0.0, 0.0, 0.0, 0.0, 0.0, 0.0, 0.0, 0.0, 0.0, 0.0, 0.0, 0.0, 0.0, 0.0, 0.03208461168524573, 0.0, 0.0, 0.0, 0.0, 0.0, 0.0, 0.0, 0.0, 0.0, 0.0, 0.0, 0.0, 0.0, 0.0, 0.0, 0.0, 0.0, -0.021615809969617907, 0.0, 0.0, 0.0, 0.0, 0.0, 0.0, 0.0, 0.0, 0.0, 0.0, 0.0, 0.04832694173553996, 0.0, 0.0, 0.0, 0.0, 0.0, 0.0, 0.0, 0.0, 0.0, 0.0, 0.0, 0.0, -0.034274131862215694, 0.0, 0.0, 0.0, 0.0, 0.0, 0.0, 0.0, 0.0, 0.0], [0.0, 2.209685232338806, -16.978466482335545, 89.23254689344894, 0.0, -87.7773091842634, 13.586182282401902, 0.0, 0.0, 0.0, 0.0, 0.0, 0.0, 0.0, 0.0, 0.0, 0.0, 0.0, 0.0, 0.0, 0.0, 0.0, 0.0, 0.0, 0.0, 0.0, 0.0, 0.0, 0.0, 0.0, 0.0, 0.0, 0.0, 0.0, 0.0, 0.0, 0.0, 0.0, 0.0, 0.0, 0.0, 0.0, 0.0, 0.0, 0.0, 0.0, 0.0, 0.0, 0.0, 0.0, 0.0, 0.0, 0.004555095583571742, 0.0, 0.0, 0.0, 0.0, 0.0, 0.0, 0.0, 0.0, 0.0, 0.0, 0.0, 0.007172021008236755, 0.0, 0.0, 0.0, 0.0, 0.0, 0.0, 0.0, 0.0, -0.042615847041101745, 0.0, 0.0, 0.0, 0.0, 0.0, 0.0, 0.009072887250570427, 0.0, 0.0, 0.0], [0.0, 0.0, -1.2663308636620485, -5.60985716817304, 76.17920238148093, 0.0, -70.86398969089112, 0.0, 0.0, 0.0, 0.0, 0.0, 0.0, 0.0, 0.0, 0.0, 0.0, 0.0, 0.0, 0.0, 0.0, 0.0, 0.0, 0.0, 0.0, 0.0, 0.0, 0.0, 0.0, 0.0, 0.0, 0.0, 0.0, 0.0, 0.0, 0.0, 0.0, 0.0, 0.0, 0.0, 0.0, 0.0, 0.0, 0.0, 0.0, 0.0, 0.0, 0.0, 0.0, 0.0, 0.0, 0.0, 0.0, 0.0, 0.0, 0.0, 0.0, 0.0, 0.0, 0.0, 0.0, 0.0, 0.0, 0.0, 0.0, 0.0, 0.0, 0.0702571754926812, 0.0, 0.0, 0.0, 0.0, 0.0, 0.0, -0.05382768621297007, 0.0, 0.0, 0.0, 0.0, 0.2976733308303605, 0.0, 0.0, 0.0, -0.2072970660063301], [0.0, 0.0, 0.0, 18.674046695176582, -84.08198629964367, 218.72353473552445, -148.98241625889546, 0.0, 0.0, 0.0, 0.0, 0.0, 0.0, 0.0, 0.0, 0.0, 0.0, 0.0, 0.0, 0.0, 0.0, 0.0, 0.0, 0.0, 0.0, 0.0, 0.0, 0.0, 0.0, 0.0, 0.0, 0.0, 4.247639888363169, -2.608664859298151, 0.0, 0.0, 0.0, -11.284355510298953, 4.19638527841725, 0.0, 0.0, 0.0, 0.0, 0.0, 0.0, 0.0, 0.0, 0.0, 0.0, 0.0, 0.0, 0.0, 7.704671050272685, 0.0, 0.0, 0.0, -0.36811070125964124, 0.0, 0.0, 0.0, 0.0, 0.0, 0.0, 0.0, 0.3709194146072256, 0.0, -1.2935578179628247, -7.698203068382133, 0.0, 0.0, 11.801353810156588, 0.0, -3.597070557915375, 0.0, 0.0, 0.0, -0.9840916527275979, -3.2001483143398564, 0.0, 0.0, 4.000664431291465, -2.4084750062121265, 0.0, 0.6953897399124077]]",(x0)' =  148.177 x0 + -217.942 x1 +  83.178 x2 + -17.902 x3 + -0.462 x0^3 +  3.022 x0 x1^2 +  2.158 x0 x1 x3 + -1.297 x0 x2^2 + -10.022 x0 x2 x3 +  9.574 x0 x3^2 + -7.808 x0 x4 x5 +  5.262 x0 x5^2 + -5.977 x1^3 +  6.700 x1^2 x2 + -1.507 x1 x3^2 +  0.886 x1 x3 x4 + -7.465 x1 x4^2 +  14.067 x1 x4 x5 + -6.477 x1 x5^2 + -0.208 x3^3 | (x1)' =  70.913 x0 + -76.170 x2 +  5.651 x3 +  1.230 x4 +  0.143 x0^3 + -0.190 x0^2 x2 + -0.108 x0 x3^2 +  0.037 x2^3 | (x2)' = -13.762 x0 +  88.063 x1 + -89.472 x3 +  17.152 x4 + -2.240 x5 +  0.032 x0^2 x3 + -0.022 x1^3 +  0.048 x1 x4^2 + -0.034 x3^3 | (x3)' =  2.210 x0 + -16.978 x1 +  89.233 x2 + -87.777 x4 +  13.586 x5 +  0.005 x1^2 x4 +  0.007 x2^3 + -0.043 x2 x5^2 +  0.009 x4^3 | (x4)' = -1.266 x1 + -5.610 x2 +  76.179 x3 + -70.864 x5 +  0.070 x2^2 x5 + -0.054 x3^3 +  0.298 x3 x5^2 + -0.207 x5^3 | (x5)' =  18.674 x2 + -84.082 x3 +  218.724 x4 + -148.982 x5 +  4.248 x0^2 x4 + -2.609 x0^2 x5 + -11.284 x0 x1 x4 +  4.196 x0 x1 x5 +  7.705 x1^2 x4 + -0.368 x1 x2 x4 +  0.371 x2^3 + -1.294 x2^2 x4 + -7.698 x2^2 x5 +  11.801 x2 x3 x5 + -3.597 x2 x4 x5 + -0.984 x3^2 x5 + -3.200 x3 x4^2 +  4.001 x4^3 + -2.408 x4^2 x5 +  0.695 x5^3
25,80.0,0.00022397498597370244,37.49490932187706,1000.0,3,6,5,20.0,100.0,0,0.0,finite_difference,success,,42,504,8.333333333333334,4.334371151402593,"[""1"", ""x0"", ""x1"", ""x2"", ""x3"", ""x4"", ""x5"", ""x0^2"", ""x0 x1"", ""x0 x2"", ""x0 x3"", ""x0 x4"", ""x0 x5"", ""x1^2"", ""x1 x2"", ""x1 x3"", ""x1 x4"", ""x1 x5"", ""x2^2"", ""x2 x3"", ""x2 x4"", ""x2 x5"", ""x3^2"", ""x3 x4"", ""x3 x5"", ""x4^2"", ""x4 x5"", ""x5^2"", ""x0^3"", ""x0^2 x1"", ""x0^2 x2"", ""x0^2 x3"", ""x0^2 x4"", ""x0^2 x5"", ""x0 x1^2"", ""x0 x1 x2"", ""x0 x1 x3"", ""x0 x1 x4"", ""x0 x1 x5"", ""x0 x2^2"", ""x0 x2 x3"", ""x0 x2 x4"", ""x0 x2 x5"", ""x0 x3^2"", ""x0 x3 x4"", ""x0 x3 x5"", ""x0 x4^2"", ""x0 x4 x5"", ""x0 x5^2"", ""x1^3"", ""x1^2 x2"", ""x1^2 x3"", ""x1^2 x4"", ""x1^2 x5"", ""x1 x2^2"", ""x1 x2 x3"", ""x1 x2 x4"", ""x1 x2 x5"", ""x1 x3^2"", ""x1 x3 x4"", ""x1 x3 x5"", ""x1 x4^2"", ""x1 x4 x5"", ""x1 x5^2"", ""x2^3"", ""x2^2 x3"", ""x2^2 x4"", ""x2^2 x5"", ""x2 x3^2"", ""x2 x3 x4"", ""x2 x3 x5"", ""x2 x4^2"", ""x2 x4 x5"", ""x2 x5^2"", ""x3^3"", ""x3^2 x4"", ""x3^2 x5"", ""x3 x4^2"", ""x3 x4 x5"", ""x3 x5^2"", ""x4^3"", ""x4^2 x5"", ""x4 x5^2"", ""x5^3""]","[[0.0, 16.153827040680216, -39.469429313039065, 10.322732459225968, 2.930129876809383, 4.348734618482395, 0.0, 0.0, 0.0, 0.0, 0.0, 0.0, 0.0, 0.0, 0.0, 0.0, 0.0, 0.0, 0.0, 0.0, 0.0, 0.0, 0.0, 0.0, 0.0, 0.0, 0.0, 0.0, 0.0, 0.0, 0.0, 0.0, 0.0, 0.0, 0.0, 0.0, 0.0, 0.0, 0.0, 0.0, 0.0, 0.0, 0.0, 0.0, 0.0, 0.0, 0.0, 0.0, 0.0, 0.0, 0.0, 0.0, 0.0, 0.0, 0.0, 0.0, 0.0, 0.0, 0.0, 0.0, 0.0, 0.0, 0.0, 0.0, 0.0, 0.0, 0.0, 0.0, 0.0, 0.0, 0.0, 0.0, 0.0, 0.0, 0.0, 0.0, 0.0, 0.0, 0.0, 0.0, 0.0, 0.0, 0.0, 0.0], [0.0, 31.688241326625064, 0.0, -34.64298144008192, 5.078902120963908, 0.0, 0.0, 3.9182009123772343, -7.508420485148189, 0.0, 0.0, 0.0, 0.0, 0.0, 3.288492799687923, 0.0, 0.0, 0.0, 0.0, 0.0, 0.0, 0.0, 0.0, 0.0, 0.0, 0.0, 0.0, 0.0, 0.0, 0.0, 0.0, 0.0, 0.0, 0.0, 0.47455185398349264, 0.0, 0.0, 0.0, 0.0, 0.0, 0.0, 0.0, 0.0, 0.0, 0.0, 0.0, 0.0, 0.0, 0.0, 0.0, -0.5158099122384546, 0.0, 0.0, 0.0, 0.0, 0.0, 0.0, 0.0, 0.0, 0.0, 0.0, 0.0, 0.0, 0.0, 0.0, 0.0, 0.0, 0.0, 0.0, 0.0, 0.0, 0.0, 0.0, 0.0, 0.0, 0.0, 0.0, 0.0, 0.0, 0.0, 0.0, 0.0, 0.0, 0.0], [0.0, -7.678163722238312, 35.77227399502806, 0.0, -34.77272600665688, 6.842656759295194, 0.0, 0.0, 0.0, 0.0, 0.0, 0.0, 0.0, 4.457985138720272, -7.957334335697722, 0.0, 0.0, 0.0, 0.0, 3.2553760955939475, 0.0, 0.0, 0.0, 0.0, 0.0, 0.0, 0.0, 0.0, 0.0, 0.0, 0.0, 0.0, 0.0, 0.0, 0.0, 0.0, 0.0, 0.0, 0.0, 0.0, 0.0, 0.0, 0.0, 0.0, 0.0, 0.0, 0.0, 0.0, 0.0, 0.0, 0.0, 0.0, 0.0, 0.0, 0.0, 0.0, 0.0, 0.0, 0.0, 0.0, 0.0, 0.0, 0.0, 0.0, 0.0, 0.0, 0.0, 0.0, 0.0, 0.0, 0.0, 0.0, 0.0, 0.0, 0.0, 0.0, 0.0, 0.0, 0.0, 0.0, 0.0, 0.0, 0.0, 0.0], [0.0, 0.0, -7.689837415912008, 35.79086069307534, 0.0, -34.784644111299826, 6.850300802891274, 0.0, 0.0, 0.0, 0.0, 0.0, 0.0, 0.0, 0.0, 0.0, 0.0, 0.0, 4.44343293866513, -7.939051166692627, 0.0, 0.0, 0.0, 3.254313221157489, 0.0, 0.0, 0.0, 0.0, 0.0, 0.0, 0.0, 0.0, 0.0, 0.0, 0.0, 0.0, 0.0, 0.0, 0.0, 0.0, 0.0, 0.0, 0.0, 0.0, 0.0, 0.0, 0.0, 0.0, 0.0, 0.0, 0.0, 0.0, 0.0, 0.0, 0.0, 0.0, 0.0, 0.0, 0.0, 0.0, 0.0, 0.0, 0.0, 0.0, 0.0, 0.0, 0.0, 0.0, 0.0, 0.0, 0.0, 0.0, 0.0, 0.0, 0.0, 0.0, 0.0, 0.0, 0.0, 0.0, 0.0, 0.0, 0.0, 0.0], [0.0, 0.0, 0.0, -6.10391512405399, 36.22712625914442, 0.0, -31.605498735092603, 0.0, 0.0, 0.0, 0.0, 0.0, 0.0, 0.0, 0.0, 0.0, 0.0, 0.0, 0.0, 0.0, 0.0, 0.0, 4.571879886927066, -8.088547588001052, 0.0, 0.0, 3.2949474047092067, 0.0, 0.0, 0.0, 0.0, 0.0, 0.0, 0.0, 0.0, 0.0, 0.0, 0.0, 0.0, 0.0, 0.0, 0.0, 0.0, 0.0, 0.0, 0.0, 0.0, 0.0, 0.0, 0.0, 0.0, 0.0, 0.0, 0.0, 0.0, 0.0, 0.0, 0.0, 0.0, 0.0, 0.0, 0.0, 0.0, 0.0, 0.0, 0.0, 0.0, 0.0, 0.0, 0.0, 0.0, 0.0, 0.0, 0.0, 0.0, 0.0, 0.0, 0.0, 0.0, 0.0, 0.0, 0.0, 0.0, 0.0], [0.0, 0.0, -4.09675650029587, -2.5537613035559783, -12.323807685013376, 42.03358589074905, -17.237838292718383, 0.0, 0.0, 0.0, 0.0, 0.0, 0.0, 0.0, 0.0, 0.0, 0.0, 0.0, 0.0, 0.0, 0.0, 0.0, -2.6309871891443364, 0.0, 5.448013633794474, 6.1381224269550545, -9.405478201423968, 0.0, 0.0, 0.0, 0.0, 0.0, 0.0, 0.0, 0.0, 0.0, 0.0, 0.0, 0.0, 0.0, 0.0, 0.0, 0.0, 0.0, 0.0, 0.0, 0.0, 0.0, 0.0, 0.0, 0.0, 0.0, 0.0, 0.0, 0.0, 0.0, 0.0, 0.0, 0.0, 0.0, 0.0, 0.0, 0.0, 0.0, 0.0, 0.0, 0.0, 0.0, 0.0, 0.0, 0.0, 0.0, 0.0, 0.0, 0.0, 0.0, 0.0, 0.0, 0.0, 0.0, 0.0, 0.0, 0.0, 0.0]]",(x0)' =  16.154 x0 + -39.469 x1 +  10.323 x2 +  2.930 x3 +  4.349 x4 | (x1)' =  31.688 x0 + -34.643 x2 +  5.079 x3 +  3.918 x0^2 + -7.508 x0 x1 +  3.288 x1 x2 +  0.475 x0 x1^2 + -0.516 x1^2 x2 | (x2)' = -7.678 x0 +  35.772 x1 + -34.773 x3 +  6.843 x4 +  4.458 x1^2 + -7.957 x1 x2 +  3.255 x2 x3 | (x3)' = -7.690 x1 +  35.791 x2 + -34.785 x4 +  6.850 x5 +  4.443 x2^2 + -7.939 x2 x3 +  3.254 x3 x4 | (x4)' = -6.104 x2 +  36.227 x3 + -31.605 x5 +  4.572 x3^2 + -8.089 x3 x4 +  3.295 x4 x5 | (x5)' = -4.097 x1 + -2.554 x2 + -12.324 x3 +  42.034 x4 + -17.238 x5 + -2.631 x3^2 +  5.448 x3 x5 +  6.138 x4^2 + -9.405 x4 x5
26,80.0,0.00022397498597370244,37.49490932187706,1000.0,3,6,5,20.0,100.0,5,20.0,smoothed_finite_difference_savgol_order_3,success,,41,504,8.134920634920634,4.3250511065125465,"[""1"", ""x0"", ""x1"", ""x2"", ""x3"", ""x4"", ""x5"", ""x0^2"", ""x0 x1"", ""x0 x2"", ""x0 x3"", ""x0 x4"", ""x0 x5"", ""x1^2"", ""x1 x2"", ""x1 x3"", ""x1 x4"", ""x1 x5"", ""x2^2"", ""x2 x3"", ""x2 x4"", ""x2 x5"", ""x3^2"", ""x3 x4"", ""x3 x5"", ""x4^2"", ""x4 x5"", ""x5^2"", ""x0^3"", ""x0^2 x1"", ""x0^2 x2"", ""x0^2 x3"", ""x0^2 x4"", ""x0^2 x5"", ""x0 x1^2"", ""x0 x1 x2"", ""x0 x1 x3"", ""x0 x1 x4"", ""x0 x1 x5"", ""x0 x2^2"", ""x0 x2 x3"", ""x0 x2 x4"", ""x0 x2 x5"", ""x0 x3^2"", ""x0 x3 x4"", ""x0 x3 x5"", ""x0 x4^2"", ""x0 x4 x5"", ""x0 x5^2"", ""x1^3"", ""x1^2 x2"", ""x1^2 x3"", ""x1^2 x4"", ""x1^2 x5"", ""x1 x2^2"", ""x1 x2 x3"", ""x1 x2 x4"", ""x1 x2 x5"", ""x1 x3^2"", ""x1 x3 x4"", ""x1 x3 x5"", ""x1 x4^2"", ""x1 x4 x5"", ""x1 x5^2"", ""x2^3"", ""x2^2 x3"", ""x2^2 x4"", ""x2^2 x5"", ""x2 x3^2"", ""x2 x3 x4"", ""x2 x3 x5"", ""x2 x4^2"", ""x2 x4 x5"", ""x2 x5^2"", ""x3^3"", ""x3^2 x4"", ""x3^2 x5"", ""x3 x4^2"", ""x3 x4 x5"", ""x3 x5^2"", ""x4^3"", ""x4^2 x5"", ""x4 x5^2"", ""x5^3""]","[[0.0, 16.549761122172402, -39.96782500642862, 10.64371759342059, 2.7962439559881584, 4.363663568142584, 0.0, 0.0, 0.0, 0.0, 0.0, 0.0, 0.0, 0.0, 0.0, 0.0, 0.0, 0.0, 0.0, 0.0, 0.0, 0.0, 0.0, 0.0, 0.0, 0.0, 0.0, 0.0, 0.0, 0.0, 0.0, 0.0, 0.0, 0.0, 0.0, 0.0, 0.0, 0.0, 0.0, 0.0, 0.0, 0.0, 0.0, 0.0, 0.0, 0.0, 0.0, 0.0, 0.0, 0.0, 0.0, 0.0, 0.0, 0.0, 0.0, 0.0, 0.0, 0.0, 0.0, 0.0, 0.0, 0.0, 0.0, 0.0, 0.0, 0.0, 0.0, 0.0, 0.0, 0.0, 0.0, 0.0, 0.0, 0.0, 0.0, 0.0, 0.0, 0.0, 0.0, 0.0, 0.0, 0.0, 0.0, 0.0], [0.0, 31.72029363546295, 0.0, -34.805875940982915, 5.196018462097175, 0.0, 0.0, 3.854072652173948, -7.464416830118284, 0.0, 0.0, 0.0, 0.0, 0.0, 3.3333426429348774, 0.0, 0.0, 0.0, 0.0, 0.0, 0.0, 0.0, 0.0, 0.0, 0.0, 0.0, 0.0, 0.0, 0.0, 0.0, 0.0, 0.0, 0.0, 0.0, 0.4567328266151556, 0.0, 0.0, 0.0, 0.0, 0.0, 0.0, 0.0, 0.0, 0.0, 0.0, 0.0, 0.0, 0.0, 0.0, 0.0, -0.49928862427649584, 0.0, 0.0, 0.0, 0.0, 0.0, 0.0, 0.0, 0.0, 0.0, 0.0, 0.0, 0.0, 0.0, 0.0, 0.0, 0.0, 0.0, 0.0, 0.0, 0.0, 0.0, 0.0, 0.0, 0.0, 0.0, 0.0, 0.0, 0.0, 0.0, 0.0, 0.0, 0.0, 0.0], [0.0, -7.823438313349744, 35.88893055498142, 0.0, -34.925940919286866, 7.0088001662769965, 0.0, 0.0, 0.0, 0.0, 0.0, 0.0, 0.0, 4.404012642059499, -7.926975840854834, 0.0, 0.0, 0.0, 0.0, 3.2996560595236106, 0.0, 0.0, 0.0, 0.0, 0.0, 0.0, 0.0, 0.0, 0.0, 0.0, 0.0, 0.0, 0.0, 0.0, 0.0, 0.0, 0.0, 0.0, 0.0, 0.0, 0.0, 0.0, 0.0, 0.0, 0.0, 0.0, 0.0, 0.0, 0.0, 0.0, 0.0, 0.0, 0.0, 0.0, 0.0, 0.0, 0.0, 0.0, 0.0, 0.0, 0.0, 0.0, 0.0, 0.0, 0.0, 0.0, 0.0, 0.0, 0.0, 0.0, 0.0, 0.0, 0.0, 0.0, 0.0, 0.0, 0.0, 0.0, 0.0, 0.0, 0.0, 0.0, 0.0, 0.0], [0.0, 0.0, -7.8407531269704265, 35.9075028276096, 0.0, -34.93742704205069, 7.018222391528662, 0.0, 0.0, 0.0, 0.0, 0.0, 0.0, 0.0, 0.0, 0.0, 0.0, 0.0, 4.388774625052215, -7.905624724334749, 0.0, 0.0, 0.0, 3.2983060892688254, 0.0, 0.0, 0.0, 0.0, 0.0, 0.0, 0.0, 0.0, 0.0, 0.0, 0.0, 0.0, 0.0, 0.0, 0.0, 0.0, 0.0, 0.0, 0.0, 0.0, 0.0, 0.0, 0.0, 0.0, 0.0, 0.0, 0.0, 0.0, 0.0, 0.0, 0.0, 0.0, 0.0, 0.0, 0.0, 0.0, 0.0, 0.0, 0.0, 0.0, 0.0, 0.0, 0.0, 0.0, 0.0, 0.0, 0.0, 0.0, 0.0, 0.0, 0.0, 0.0, 0.0, 0.0, 0.0, 0.0, 0.0, 0.0, 0.0, 0.0], [0.0, 0.0, 0.0, -6.199672793195275, 36.34025139364735, 0.0, -31.644933843233158, 0.0, 0.0, 0.0, 0.0, 0.0, 0.0, 0.0, 0.0, 0.0, 0.0, 0.0, 0.0, 0.0, 0.0, 0.0, 4.520899286152863, -8.06127027307315, 0.0, 0.0, 3.3391078961893457, 0.0, 0.0, 0.0, 0.0, 0.0, 0.0, 0.0, 0.0, 0.0, 0.0, 0.0, 0.0, 0.0, 0.0, 0.0, 0.0, 0.0, 0.0, 0.0, 0.0, 0.0, 0.0, 0.0, 0.0, 0.0, 0.0, 0.0, 0.0, 0.0, 0.0, 0.0, 0.0, 0.0, 0.0, 0.0, 0.0, 0.0, 0.0, 0.0, 0.0, 0.0, 0.0, 0.0, 0.0, 0.0, 0.0, 0.0, 0.0, 0.0, 0.0, 0.0, 0.0, 0.0, 0.0, 0.0, 0.0, 0.0], [0.0, 0.0, -4.280585754412863, -2.812216288926323, -11.687299241664045, 41.63107291751266, -17.204353471677372, 0.0, 0.0, 0.0, 0.0, 0.0, 0.0, 0.0, 0.0, 0.0, 0.0, 0.0, 0.0, 0.0, 0.0, 0.0, 0.0, 0.0, 4.044392561631549, 4.73540131051769, -8.84341593031639, 0.0, 0.0, 0.0, 0.0, 0.0, 0.0, 0.0, 0.0, 0.0, 0.0, 0.0, 0.0, 0.0, 0.0, 0.0, 0.0, 0.0, 0.0, 0.0, 0.0, 0.0, 0.0, 0.0, 0.0, 0.0, 0.0, 0.0, 0.0, 0.0, 0.0, 0.0, 0.0, 0.0, 0.0, 0.0, 0.0, 0.0, 0.0, 0.0, 0.0, 0.0, 0.0, 0.0, 0.0, 0.0, 0.0, 0.0, 0.0, 0.0, 0.0, 0.0, 0.0, 0.0, 0.0, 0.0, 0.0, 0.0]]",(x0)' =  16.550 x0 + -39.968 x1 +  10.644 x2 +  2.796 x3 +  4.364 x4 | (x1)' =  31.720 x0 + -34.806 x2 +  5.196 x3 +  3.854 x0^2 + -7.464 x0 x1 +  3.333 x1 x2 +  0.457 x0 x1^2 + -0.499 x1^2 x2 | (x2)' = -7.823 x0 +  35.889 x1 + -34.926 x3 +  7.009 x4 +  4.404 x1^2 + -7.927 x1 x2 +  3.300 x2 x3 | (x3)' = -7.841 x1 +  35.908 x2 + -34.937 x4 +  7.018 x5 +  4.389 x2^2 + -7.906 x2 x3 +  3.298 x3 x4 | (x4)' = -6.200 x2 +  36.340 x3 + -31.645 x5 +  4.521 x3^2 + -8.061 x3 x4 +  3.339 x4 x5 | (x5)' = -4.281 x1 + -2.812 x2 + -11.687 x3 +  41.631 x4 + -17.204 x5 +  4.044 x3 x5 +  4.735 x4^2 + -8.843 x4 x5
27,80.0,0.00022397498597370244,37.49490932187706,1000.0,3,6,5,20.0,100.0,9,36.0,smoothed_finite_difference_savgol_order_3,success,,48,504,9.523809523809524,4.47463027946651,"[""1"", ""x0"", ""x1"", ""x2"", ""x3"", ""x4"", ""x5"", ""x0^2"", ""x0 x1"", ""x0 x2"", ""x0 x3"", ""x0 x4"", ""x0 x5"", ""x1^2"", ""x1 x2"", ""x1 x3"", ""x1 x4"", ""x1 x5"", ""x2^2"", ""x2 x3"", ""x2 x4"", ""x2 x5"", ""x3^2"", ""x3 x4"", ""x3 x5"", ""x4^2"", ""x4 x5"", ""x5^2"", ""x0^3"", ""x0^2 x1"", ""x0^2 x2"", ""x0^2 x3"", ""x0^2 x4"", ""x0^2 x5"", ""x0 x1^2"", ""x0 x1 x2"", ""x0 x1 x3"", ""x0 x1 x4"", ""x0 x1 x5"", ""x0 x2^2"", ""x0 x2 x3"", ""x0 x2 x4"", ""x0 x2 x5"", ""x0 x3^2"", ""x0 x3 x4"", ""x0 x3 x5"", ""x0 x4^2"", ""x0 x4 x5"", ""x0 x5^2"", ""x1^3"", ""x1^2 x2"", ""x1^2 x3"", ""x1^2 x4"", ""x1^2 x5"", ""x1 x2^2"", ""x1 x2 x3"", ""x1 x2 x4"", ""x1 x2 x5"", ""x1 x3^2"", ""x1 x3 x4"", ""x1 x3 x5"", ""x1 x4^2"", ""x1 x4 x5"", ""x1 x5^2"", ""x2^3"", ""x2^2 x3"", ""x2^2 x4"", ""x2^2 x5"", ""x2 x3^2"", ""x2 x3 x4"", ""x2 x3 x5"", ""x2 x4^2"", ""x2 x4 x5"", ""x2 x5^2"", ""x3^3"", ""x3^2 x4"", ""x3^2 x5"", ""x3 x4^2"", ""x3 x4 x5"", ""x3 x5^2"", ""x4^3"", ""x4^2 x5"", ""x4 x5^2"", ""x5^3""]","[[0.0, 20.409620116584946, -48.20563831744111, 16.035269566057845, 0.0, 4.461384664409862, 0.0, 0.0, 0.0, 0.0, 0.0, 0.0, 0.0, 0.0, 0.0, 0.0, 0.0, 0.0, 0.0, 0.0, 0.0, 0.0, 0.0, 0.0, 0.0, 0.0, 0.0, 0.0, 0.0, 0.0, 0.0, 0.0, 0.0, 0.0, 0.0, 0.0, 0.0, 0.0, 0.0, 0.0, 0.0, 0.0, 0.0, 0.0, 0.0, 0.0, 1.1108847202547358, 0.0, 0.0, 0.0, 0.0, 0.0, 0.0, 0.0, 0.0, 0.0, 0.0, 0.0, 0.0, 0.0, 0.0, -0.6159995379788501, 0.0, 0.0, 0.0, 0.0, 0.0, 0.0, 0.0, 0.0, 0.0, 0.0, 0.0, 0.0, 0.0, 0.0, 0.0, 0.0, 0.0, 0.0, 0.0, 0.0, 0.0, 0.0], [0.0, 34.7520875082084, 0.0, -39.68372928584329, 7.416313130861539, 0.0, 0.0, 2.877787522235769, -6.635137534178341, 0.0, 0.0, 0.0, 0.0, 0.0, 3.628035515525568, 0.0, 0.0, 0.0, 0.0, 0.0, 0.0, 0.0, 0.0, 0.0, 0.0, 0.0, 0.0, 0.0, 0.0, 0.0, 0.0, 0.0, 0.0, 0.0, 0.37741945163865526, 0.0, 0.0, 0.0, 0.0, 0.0, 0.0, 0.0, 0.0, 0.0, 0.0, 0.0, 0.0, 0.0, 0.0, 0.0, -0.43738176550365987, 0.0, 0.0, 0.0, 0.0, 0.0, 0.0, 0.0, 0.0, 0.0, 0.0, 0.0, 0.0, 0.0, 0.0, 0.0, 0.0, 0.0, 0.0, 0.0, 0.0, 0.0, 0.0, 0.0, 0.0, 0.0, 0.0, 0.0, 0.0, 0.0, 0.0, 0.0, 0.0, 0.0], [0.0, -10.476618461482664, 40.36472277405514, 0.0, -39.75179239643802, 9.921576894441131, 0.0, 0.0, 0.0, 0.0, 0.0, 0.0, 0.0, 3.528343531403098, -7.145061236460694, 0.0, 0.0, 0.0, 0.0, 3.5537163351335783, 0.0, 0.0, 0.0, 0.0, 0.0, 0.0, 0.0, 0.0, 0.0, 0.0, 0.0, 0.0, 0.0, 0.0, 0.0, 0.0, 0.0, 0.0, 0.0, 0.0, 0.0, 0.0, 0.0, 0.0, 0.0, 0.0, 0.0, 0.0, 0.0, 0.0, 0.0, 0.0, 0.0, 0.0, 0.0, 0.0, 0.0, 0.0, 0.0, 0.0, 0.0, 0.0, 0.0, 0.0, 0.0, 0.0, 0.0, 0.0, 0.0, 0.0, 0.0, 0.0, 0.0, 0.0, 0.0, 0.0, 0.0, 0.0, 0.0, 0.0, 0.0, 0.0, 0.0, 0.0], [0.0, 0.0, -10.883730863674218, 40.416868792750066, 0.0, -39.59730684205784, 9.973928547347521, 0.0, 0.0, 0.0, 0.0, 0.0, 0.0, -2.7475642754053493, 3.5859931446106628, 0.0, 0.0, 0.0, 3.126070256177643, -7.572851078258517, 0.0, 0.0, 0.0, 3.770646476146734, 0.0, 0.0, 0.0, 0.0, 0.0, 0.0, 0.0, 0.0, 0.0, 0.0, 0.0, 0.0, 0.0, 0.0, 0.0, 0.0, 0.0, 0.0, 0.0, 0.0, 0.0, 0.0, 0.0, 0.0, 0.0, 0.0, 0.0, 0.0, 0.0, 0.0, 0.0, 0.0, 0.0, 0.0, 0.0, 0.0, 0.0, 0.0, 0.0, 0.0, 0.0, 0.0, 0.0, 0.0, 0.0, 0.0, 0.0, 0.0, 0.0, 0.0, 0.0, 0.0, 0.0, 0.0, 0.0, 0.0, 0.0, 0.0, 0.0, 0.0], [0.0, 0.0, 0.0, -8.478032128194055, 40.897015784925586, 0.0, -34.627420300885255, 0.0, 0.0, 0.0, 0.0, 0.0, 0.0, 0.0, 0.0, 0.0, 0.0, 0.0, -2.662173370027782, 3.5004791751161908, 0.0, 0.0, 3.3493975828031295, -7.919214983954083, 0.0, 0.0, 3.9100006117221615, 0.0, 0.0, 0.0, 0.0, 0.0, 0.0, 0.0, 0.0, 0.0, 0.0, 0.0, 0.0, 0.0, 0.0, 0.0, 0.0, 0.0, 0.0, 0.0, 0.0, 0.0, 0.0, 0.0, 0.0, 0.0, 0.0, 0.0, 0.0, 0.0, 0.0, 0.0, 0.0, 0.0, 0.0, 0.0, 0.0, 0.0, 0.0, 0.0, 0.0, 0.0, 0.0, 0.0, 0.0, 0.0, 0.0, 0.0, 0.0, 0.0, 0.0, 0.0, 0.0, 0.0, 0.0, 0.0, 0.0, 0.0], [0.0, 0.0, -4.584032640766057, 0.0, -16.560781279651724, 49.45156414263472, -21.142002400138075, 0.0, 0.0, 0.0, 0.0, 0.0, 0.0, 0.0, 0.0, 0.0, 0.0, 0.0, 0.0, 0.0, 0.0, 0.0, -3.374611662460175, 4.910571041831173, 0.0, 3.331974222924107, -5.342409524534475, 0.0, 0.0, 0.0, 0.0, 0.0, 0.0, 0.0, 0.0, 0.0, 0.0, 0.0, 0.0, 0.0, 0.0, 0.0, 0.0, 0.0, 0.0, 0.0, 0.0, 0.0, 0.0, 0.0, 0.0, 0.0, 0.0, 0.0, 0.0, 0.0, 0.0, 0.0, 0.0, 0.0, 0.0, 0.0, 0.0, 0.0, 0.0, 0.0, 0.0, 0.0, 0.0, 0.0, 0.0, 0.0, 0.0, 0.0, 0.0, 0.0, 0.0, 0.0, -0.667871870980487, 0.0, 0.12682053477364308, 0.0, 0.0, 0.0]]",(x0)' =  20.410 x0 + -48.206 x1 +  16.035 x2 +  4.461 x4 +  1.111 x0 x4^2 + -0.616 x1 x4^2 | (x1)' =  34.752 x0 + -39.684 x2 +  7.416 x3 +  2.878 x0^2 + -6.635 x0 x1 +  3.628 x1 x2 +  0.377 x0 x1^2 + -0.437 x1^2 x2 | (x2)' = -10.477 x0 +  40.365 x1 + -39.752 x3 +  9.922 x4 +  3.528 x1^2 + -7.145 x1 x2 +  3.554 x2 x3 | (x3)' = -10.884 x1 +  40.417 x2 + -39.597 x4 +  9.974 x5 + -2.748 x1^2 +  3.586 x1 x2 +  3.126 x2^2 + -7.573 x2 x3 +  3.771 x3 x4 | (x4)' = -8.478 x2 +  40.897 x3 + -34.627 x5 + -2.662 x2^2 +  3.500 x2 x3 +  3.349 x3^2 + -7.919 x3 x4 +  3.910 x4 x5 | (x5)' = -4.584 x1 + -16.561 x3 +  49.452 x4 + -21.142 x5 + -3.375 x3^2 +  4.911 x3 x4 +  3.332 x4^2 + -5.342 x4 x5 + -0.668 x3 x4 x5 +  0.127 x4^3
28,80.0,0.00022397498597370244,37.49490932187706,1000.0,3,8,1,4.0,28.0,0,0.0,finite_difference,success,,166,1320,12.575757575757576,11.997356599196792,"[""1"", ""x0"", ""x1"", ""x2"", ""x3"", ""x4"", ""x5"", ""x6"", ""x7"", ""x0^2"", ""x0 x1"", ""x0 x2"", ""x0 x3"", ""x0 x4"", ""x0 x5"", ""x0 x6"", ""x0 x7"", ""x1^2"", ""x1 x2"", ""x1 x3"", ""x1 x4"", ""x1 x5"", ""x1 x6"", ""x1 x7"", ""x2^2"", ""x2 x3"", ""x2 x4"", ""x2 x5"", ""x2 x6"", ""x2 x7"", ""x3^2"", ""x3 x4"", ""x3 x5"", ""x3 x6"", ""x3 x7"", ""x4^2"", ""x4 x5"", ""x4 x6"", ""x4 x7"", ""x5^2"", ""x5 x6"", ""x5 x7"", ""x6^2"", ""x6 x7"", ""x7^2"", ""x0^3"", ""x0^2 x1"", ""x0^2 x2"", ""x0^2 x3"", ""x0^2 x4"", ""x0^2 x5"", ""x0^2 x6"", ""x0^2 x7"", ""x0 x1^2"", ""x0 x1 x2"", ""x0 x1 x3"", ""x0 x1 x4"", ""x0 x1 x5"", ""x0 x1 x6"", ""x0 x1 x7"", ""x0 x2^2"", ""x0 x2 x3"", ""x0 x2 x4"", ""x0 x2 x5"", ""x0 x2 x6"", ""x0 x2 x7"", ""x0 x3^2"", ""x0 x3 x4"", ""x0 x3 x5"", ""x0 x3 x6"", ""x0 x3 x7"", ""x0 x4^2"", ""x0 x4 x5"", ""x0 x4 x6"", ""x0 x4 x7"", ""x0 x5^2"", ""x0 x5 x6"", ""x0 x5 x7"", ""x0 x6^2"", ""x0 x6 x7"", ""x0 x7^2"", ""x1^3"", ""x1^2 x2"", ""x1^2 x3"", ""x1^2 x4"", ""x1^2 x5"", ""x1^2 x6"", ""x1^2 x7"", ""x1 x2^2"", ""x1 x2 x3"", ""x1 x2 x4"", ""x1 x2 x5"", ""x1 x2 x6"", ""x1 x2 x7"", ""x1 x3^2"", ""x1 x3 x4"", ""x1 x3 x5"", ""x1 x3 x6"", ""x1 x3 x7"", ""x1 x4^2"", ""x1 x4 x5"", ""x1 x4 x6"", ""x1 x4 x7"", ""x1 x5^2"", ""x1 x5 x6"", ""x1 x5 x7"", ""x1 x6^2"", ""x1 x6 x7"", ""x1 x7^2"", ""x2^3"", ""x2^2 x3"", ""x2^2 x4"", ""x2^2 x5"", ""x2^2 x6"", ""x2^2 x7"", ""x2 x3^2"", ""x2 x3 x4"", ""x2 x3 x5"", ""x2 x3 x6"", ""x2 x3 x7"", ""x2 x4^2"", ""x2 x4 x5"", ""x2 x4 x6"", ""x2 x4 x7"", ""x2 x5^2"", ""x2 x5 x6"", ""x2 x5 x7"", ""x2 x6^2"", ""x2 x6 x7"", ""x2 x7^2"", ""x3^3"", ""x3^2 x4"", ""x3^2 x5"", ""x3^2 x6"", ""x3^2 x7"", ""x3 x4^2"", ""x3 x4 x5"", ""x3 x4 x6"", ""x3 x4 x7"", ""x3 x5^2"", ""x3 x5 x6"", ""x3 x5 x7"", ""x3 x6^2"", ""x3 x6 x7"", ""x3 x7^2"", ""x4^3"", ""x4^2 x5"", ""x4^2 x6"", ""x4^2 x7"", ""x4 x5^2"", ""x4 x5 x6"", ""x4 x5 x7"", ""x4 x6^2"", ""x4 x6 x7"", ""x4 x7^2"", ""x5^3"", ""x5^2 x6"", ""x5^2 x7"", ""x5 x6^2"", ""x5 x6 x7"", ""x5 x7^2"", ""x6^3"", ""x6^2 x7"", ""x6 x7^2"", ""x7^3""]","[[0.0, 249.7638495007352, -336.80747577223275, 104.74120151596563, 0.0, -52.12676808747498, 32.62720641844326, 0.0, -4.171548410375139, 0.45454062148491126, 0.0, 0.0, 0.0, 0.0, 0.0, 0.0, 0.0, -0.36596128657433086, 0.0, 0.0, 0.0, 0.0, 0.0, 0.0, 0.0, 0.0, 0.0, 0.0, 0.0, 0.0, 0.0, 0.0, 0.0, 0.0, 0.0, 0.0, 0.0, 0.0, 0.0, 0.0, 0.0, 0.0, 0.0, 0.0, 0.0, -2.8847792177921145, 0.0, 1.7102849073154012, -3.3162210541428787, 0.0, 0.0, 0.0, 0.0, 39.380688471657535, 0.0, 0.0, 0.0, 0.0, 0.0, 0.0, -67.68359878731498, 139.7168437265141, -35.40867099054213, -38.533939379988574, 18.184538439633066, 0.0, -76.38579876895707, 45.07186036098395, 14.219963326703182, 0.0, 0.0, 0.0, 0.6411421338031087, 0.0, 0.0, -25.642325700250534, 39.890505899536706, -24.910214477172484, -10.629619454078696, 17.944880639831805, -5.461361645661597, -89.35741809852297, 150.63632381117938, -161.90031090750418, 103.56909721646716, -26.317641709155627, 0.0, 0.0, 0.0, 0.0, 0.0, 0.0, 0.0, 0.0, 0.0, 0.0, 0.0, 0.0, 0.0, 17.143888926850693, -57.336354907288985, 26.238419610599802, -10.975601206155458, 47.98452602037823, -48.06659861795679, 26.097631694593105, 3.0289071460537347, -8.697711310052883, 2.579841418781285, 0.0, 0.0, 0.0, 0.0, 0.0, 0.0, 0.0, 0.0, 0.0, 0.0, 0.0, 0.0, 0.0, 0.0, 0.0, 0.0, 0.0, 0.0, 0.0, 0.0, 0.0, 0.0, 0.0, 0.0, 0.0, 0.0, 0.0, 0.0, 0.0, 0.0, 0.0, 0.0, 0.0, 0.0, 0.0, 0.0, 0.0, 0.0, 0.0, 0.0, 0.0, 0.0, 0.0, 0.0, 0.0, 0.0, 0.0, 0.0, 0.0, 0.0, 0.0, 0.0, 0.0, 0.0, 0.0, 0.0], [0.0, 125.03693037362356, 0.0, -125.07380565471807, 0.036984296427828724, 0.0, 0.0, 0.0, 0.0, 0.0, 0.0, 0.0, 0.0, 0.0, 0.0, 0.0, 0.0, 0.0, 0.0, 0.0, 0.0, 0.0, 0.0, 0.0, 0.0, 0.0, 0.0, 0.0, 0.0, 0.0, 0.0, 0.0, 0.0, 0.0, 0.0, 0.0, 0.0, 0.0, 0.0, 0.0, 0.0, 0.0, 0.0, 0.0, 0.0, -0.00046637292086831335, 0.0, 0.0, 0.0, 0.0, 0.0, 0.0, 0.0, 0.0, 0.0, 0.0, 0.0, 0.0, 0.0, 0.0, 0.0, 0.0, 0.0, 0.0, 0.0, 0.0, -0.046047752827378066, 0.07806085952568101, 0.0, 0.0, 0.0, -0.03491942900491766, 0.0, 0.0, 0.0, 0.0, 0.0, 0.0, 0.06286911579956464, -0.11034901070255529, 0.04823333063250507, 0.0, 0.011155102110947586, 0.0, 0.0, 0.0, 0.0, 0.0, -0.01721803142127108, 0.0, 0.0, 0.0, 0.0, 0.0, 0.0, 0.0, 0.0, 0.0, 0.0, 0.0, 0.0, 0.0, 0.0, 0.0, 0.0, 0.0, 0.0, 0.0, 0.0, 0.009578099784770032, 0.0, 0.0, 0.0, 0.0, 0.0, 0.0, 0.0, 0.0, 0.0, 0.0, 0.0, 0.0, 0.0, 0.0, 0.0, 0.0, 0.0, -0.04010388358094802, 0.07291408903631062, -0.03258468642878455, 0.0, 0.0, 0.0, 0.0, 0.0, 0.0, 0.0, 0.0, 0.0, 0.0, 0.0, 0.0, 0.0, 0.0, 0.0, 0.0, 0.0, 0.0, 0.0, 0.0, 0.0, 0.0, 0.0, 0.0, 0.0, 0.0, 0.0, 0.0, 0.0, 0.0, 0.0, 0.0, 0.0, 0.0, 0.0], [0.0, -0.03347577855706689, 125.06774892823317, 0.0, -125.0719030866048, 0.04105692552020305, 0.0, 0.0, 0.0, 0.0, 0.0, 0.0, 0.0, 0.0, 0.0, 0.0, 0.0, 0.0, 0.0, 0.0, 0.0, 0.0, 0.0, 0.0, 0.0, 0.0, 0.0, 0.0, 0.0, 0.0, 0.0, 0.0, 0.0, 0.0, 0.0, 0.0, 0.0, 0.0, 0.0, 0.0, 0.0, 0.0, 0.0, 0.0, 0.0, 0.0, 0.0, 0.0, -0.0003828589296016436, 0.0, 0.0, 0.0, 0.0, -0.007754662942055546, 0.0, 0.0, 0.0, 0.0, 0.0, 0.0, 0.0, 0.0, 0.0, 0.0, 0.0, 0.0, 0.0, 0.0, 0.0, 0.0, 0.0, 0.0, 0.0, 0.0, 0.0, 0.0, 0.0, 0.0, 0.0, 0.0, 0.0, 0.006822791672452311, 0.0, 0.0, 0.0, 0.0, 0.0, 0.0, 0.0, 0.0, 0.0, 0.0, 0.0, 0.0, 0.0, 0.0, 0.0, 0.0, 0.0, -0.0028377457611485453, 0.00546303626252429, 0.0, 0.0, 0.0, 0.0, 0.0, 0.0, 0.0, 0.005190942272460976, 0.0, 0.0, 0.0, 0.0, 0.0, 0.0, 0.0, 0.0, 0.0, 0.0, 0.0, 0.0, 0.0, 0.0, 0.0, 0.0, 0.0, 0.0, 0.0, 0.0, 0.0, -0.00048077702441373107, 0.000986498589083192, 0.0, 0.0, 0.0, 0.0, 0.0, 0.0, 0.0, 0.0, 0.0, 0.0, 0.0, 0.0, -0.007498515695491087, 0.0, 0.0, 0.0, 0.0, 0.0, 0.0, 0.0, 0.0, 0.0, 0.0, 0.0, 0.0, 0.0, 0.0, 0.0, 0.0, 0.0, 0.0, 0.0, 0.0], [0.0, 0.0, -0.0668483037251316, 125.12601397628994, 0.0, -125.09882449736423, 0.04110055787364444, 0.0, 0.0, 0.0, 0.0, 0.0, 0.0, 0.0, 0.0, 0.0, 0.0, 0.0, 0.0, 0.0, 0.0, 0.0, 0.0, 0.0, 0.0, 0.0, 0.0, 0.0, 0.0, 0.0, 0.0, 0.0, 0.0, 0.0, 0.0, 0.0, 0.0, 0.0, 0.0, 0.0, 0.0, 0.0, 0.0, 0.0, 0.0, 0.0, 0.0, 0.0, 0.0, -0.03766010579228699, 0.0, 0.0, 0.0, 0.0, 0.0, 0.0, 0.07179999286178816, 0.0, 0.0, 0.0, 0.0, 0.0, 0.0, 0.0, 0.0, 0.0, 0.0, 0.0, 0.0, 0.0, 0.0, 0.0, 0.0, 0.0, 0.0, 0.0, 0.0, 0.0, 0.0, 0.0, 0.0, 0.0, 0.0, 0.0, -0.029767312556559802, 0.0, 0.0, 0.0, -0.01460460338819499, 0.0, 0.0, 0.0, 0.0, 0.0, 0.0, 0.0, 0.0, 0.0, 0.0, 0.0, 0.0, 0.0, 0.0, 0.0, 0.0, 0.0, 0.0, 0.0, 0.0, 0.021112246859976768, 0.0, 0.0, 0.0, 0.0, 0.0, 0.0, 0.0, 0.0, 0.0, 0.0, 0.0, 0.0, 0.0, 0.0, -0.022752455280263827, -0.03920463290853059, 0.0, 0.0361612929607408, 0.0, -0.0017927969800716024, 0.0, 0.0, 0.0, 0.0, 0.0, 0.0, 0.0, 0.0, 0.0, 0.0, 0.0, 0.0, 0.0, 0.0, 0.0, -0.023971572505594313, 0.04150953098239916, 0.0, 0.0, 0.0, 0.0, 0.0, 0.0, 0.0, -0.0022370783376672856, 0.0, 0.0, 0.0, 0.0, 0.0, 0.0, 0.0, 0.0, 0.0, 0.0], [0.0, 0.0, 0.0, -0.056157826855080265, 125.12281665467478, 0.0, -125.09876350167367, 0.023102360286325552, 0.0, 0.0, 0.0, 0.0, 0.0, 0.0, 0.0, 0.0, 0.0, 0.0, 0.0, 0.0, 0.0, 0.0, 0.0, 0.0, 0.0, 0.0, 0.0, 0.0, 0.0, 0.0, 0.0, 0.0, 0.0, 0.0, 0.0, 0.0, 0.0, 0.0, 0.0, 0.0, 0.0, 0.0, 0.0, 0.0, 0.0, 0.0, 0.0, 0.0, 0.0, 0.0, 0.0, 0.0, 0.0, 0.0, 0.0, 0.0, 0.0, 0.0, 0.0, 0.0, 0.0, 0.0, 0.0, 0.0, 0.0, 0.0, 0.0, 0.0, 0.0, 0.0, 0.0, 0.0, 0.0, 0.0, 0.0, 0.0, 0.0, 0.0, 0.0, 0.0, 0.0, 0.0, 0.0, 0.0, 0.0, 5.1968990262534944e-05, 0.0, 0.0, 0.0, 0.0, 0.0, 0.0, 0.0, 0.0, 0.0, 0.0, 0.0, 0.0, 0.0, 0.0, 0.0, 0.0, 0.0, 0.0, 0.0, 0.0, 0.0, 0.0, 0.0, 0.0, 0.0, 0.0, 0.0, 0.0, 0.0, 0.0, 0.0, 0.0, 0.0, 0.0, 0.0, 0.0, 0.0, 0.0, 0.0, 0.0, 0.0, 0.0, 0.0, 0.0, 0.0018963047959086193, 0.0, 0.0, 0.0, 0.0, 0.0, 0.0, 0.0, 0.0, 0.0, 0.0, 0.0, 0.04098571064877226, -0.09305027587192703, 0.03674647311238823, 0.0, 0.0, 0.0, 0.0, 0.0, 0.0, 0.0, 0.0, 0.0, 0.0, -0.041963653362448484, 0.055645009078327694, 0.0, 0.0, 0.0, 0.0, 0.0, 0.0, 0.0, 0.0], [0.0, 0.0, 0.0, 0.0, -0.030647241360104435, 125.04298838117359, 0.0, -124.95622017195808, -0.059124896076777685, 0.0, 0.0, 0.0, 0.0, 0.0, 0.0, 0.0, 0.0, 0.0, 0.0, 0.0, 0.0, 0.0, 0.0, 0.0, 0.0, 0.0, 0.0, 0.0, 0.0, 0.0, 0.0, 0.0, 0.0, 0.0, 0.0, 0.0, 0.0, 0.0, 0.0, 0.0, 0.0, 0.0, 0.0, 0.0, 0.0, 0.0, 0.0, 0.0, 0.0, -0.0006179956258897712, 0.0, -0.0007383316662121725, 0.0, 0.0, 0.0, 0.0, 0.0, 0.0, 0.0, 0.0, 0.0, 0.0, 0.0, 0.0, 0.0, 0.0, 0.0, 0.0, 0.0, 0.0, 0.0, 0.0, 0.0, 0.0, 0.0, 0.0, 0.0, 0.0, 0.0, 0.0, 0.0, 0.0, 0.0, 0.0, 0.0, 0.0, 0.0, 0.0, 0.0, 0.0, 0.0, 0.0, 0.0, 0.0, 0.0, 0.0, 0.0, 0.0, 0.0, 0.0, 0.0, 0.0, 0.0, 0.0, 0.0, 0.0, 0.0, 0.0, 0.0, 0.0, 0.0, 0.0, 0.0, 0.0, 0.0, 0.0, 0.0, 0.0, 0.0, 0.0, 0.0, 0.0, 0.0, 0.0, 0.0, 0.0, 0.0, 0.0, 0.0, 0.0, 0.0, 0.0, 0.0, 0.0, 0.0, 0.0, 0.0, 0.0, 0.0, 0.0, 0.0, 0.0, 0.0, 0.0, 0.0, -0.005898817990613328, 0.0, 0.0, 0.0, 0.0, 0.0, 0.0, 0.0, 0.0, -0.028359346970871762, 0.0, 0.0, 0.0, 0.1611168039866132, 0.0, 0.0, -0.28012777988641463, 0.15638197606691323, 0.0, 0.0], [0.0, 0.0, 0.0, 0.0, 0.0, -0.08144687360335984, 125.13834468247806, 0.0, -125.05245459938402, 0.0, 0.0, 0.0, 0.0, 0.0, 0.0, 0.0, 0.0, 0.0, 0.0, 0.0, 0.0, 0.0, 0.0, 0.0, 0.0, 0.0, 0.0, 0.0, 0.0, 0.0, 0.0, 0.0, 0.0, 0.0, 0.0, 0.0, 0.0, 0.0, 0.0, 0.0, 0.0, 0.0, 0.0, 0.0, 0.0, 0.0, 0.0, 0.0, 0.0, 0.0, -0.08062899181252774, 0.0, -0.05981375583261045, 0.0, 0.0, 0.0, 0.0, 0.11425425488597807, 0.0, 0.13086222039130008, 0.0, 0.0, 0.0, 0.0, 0.0, 0.0, 0.0, 0.0, 0.0, 0.0, 0.0, 0.0, 0.0, 0.0, 0.0, 0.0, 0.0, 0.0, 0.0, 0.0, 0.0, 0.0, 0.0, 0.0, 0.0, -0.036567634221232694, 0.0, -0.06490829735109464, 0.0, 0.0, 0.0, 0.0, 0.0, 0.0, 0.0, 0.0, 0.0, 0.0, 0.0, 0.0, 0.0, 0.0, 0.0, 0.0, 0.0, 0.0, 0.0, 0.0, 0.0, 0.0, 0.0, 0.0, 0.0, 0.0, 0.0, 0.0, 0.0, 0.0, 0.0, 0.0, 0.0, 0.0, 0.0, 0.0, 0.0, 0.0, 0.0, 0.0, 0.0, 0.0, 0.0, 0.0, 0.0, 0.0, -0.023902568338749278, 0.0, 0.0, 0.0, 0.024080322925594616, 0.0, 0.0, 0.0, 0.0, 0.0, 0.0, 0.0, 0.0, 0.0, 0.0, 0.0, 0.0, 0.0, 0.0, 0.0, 0.0, -0.054291265066271875, 0.18032510444211494, 0.0, -0.15060054321952523, 0.0, 0.0, 0.0, 0.0, 0.0, 0.021428533311920198], [0.0, 3.5755039549512624, 0.0, -30.30808679845315, 49.908002762850046, 0.0, -103.19909316240962, 336.13897068530343, -250.11673574149202, 0.0, 0.0, 0.0, 0.0, 0.0, 0.0, 0.0, 0.0, 0.0, 0.0, 0.0, 0.0, 0.0, 0.0, 0.0, 0.0, 0.0, 0.0, 0.0, 0.0, 0.0, 0.0, 0.0, 0.0, 0.0, 0.0, 0.0, 0.0, 0.0, 0.0, 0.0, 0.0, 0.0, 0.3591241976737291, 0.0, -0.5181714235461697, 0.0, 0.0, 0.0, 0.0, 0.0, 0.0, 0.3510986159794711, -1.0318397980282592, 0.0, 0.0, 0.0, 0.0, 0.0, 16.88399299295692, -4.93423949460062, 0.0, 0.0, 0.0, 0.0, -47.090565125849466, 22.57676297257153, 0.0, 0.0, 0.0, 23.577184699480224, 0.0, 0.0, 0.0, 0.0, 0.0, -2.783123396232554, 0.0, 0.0, 0.0, 0.0, 0.0, 0.0, 0.0, 0.0, 0.0, 0.0, -43.71683924539662, 19.334636742424298, 0.0, 0.0, 0.0, 0.0, 169.4253890651815, -81.87571454917803, 0.0, 0.0, 0.0, -80.73624322443608, 0.0, 0.0, 0.0, 0.0, 0.0, 0.0, 0.0, 0.0, 0.0, 0.0, 0.0, 0.0, 0.0, 0.0, 0.0, -139.3810286787838, 62.497557714350116, 0.0, 0.0, 0.0, 149.26272613920915, -12.15349890328445, 0.0, 0.0, 0.0, 1.0210793954776856, 0.0, 0.0, -4.3019173311422865, 23.94498867978509, 0.0, 0.0, 0.0, 0.0, 0.0, -42.891337297279435, 0.0, 0.0, 0.0, 0.0, -87.12523157820702, 0.0, 0.0, 89.60708781043054, -98.98562721347565, 0.0, 0.0, 0.0, 0.0, 0.0, 125.55088494950877, 0.0, 0.0, -221.15688477830395, 160.49809185711155, 0.0, 11.031470069359694, 0.0, 0.0, 99.9078344449803, -141.34922913751382, 0.0, -16.43150817473573, 72.43745344659595, -25.669361473438027, 0.0, 3.203605314084524]]",(x0)' =  249.764 x0 + -336.807 x1 +  104.741 x2 + -52.127 x4 +  32.627 x5 + -4.172 x7 +  0.455 x0^2 + -0.366 x1^2 + -2.885 x0^3 +  1.710 x0^2 x2 + -3.316 x0^2 x3 +  39.381 x0 x1^2 + -67.684 x0 x2^2 +  139.717 x0 x2 x3 + -35.409 x0 x2 x4 + -38.534 x0 x2 x5 +  18.185 x0 x2 x6 + -76.386 x0 x3^2 +  45.072 x0 x3 x4 +  14.220 x0 x3 x5 +  0.641 x0 x4 x5 + -25.642 x0 x5^2 +  39.891 x0 x5 x6 + -24.910 x0 x5 x7 + -10.630 x0 x6^2 +  17.945 x0 x6 x7 + -5.461 x0 x7^2 + -89.357 x1^3 +  150.636 x1^2 x2 + -161.900 x1^2 x3 +  103.569 x1^2 x4 + -26.318 x1^2 x5 +  17.144 x1 x4^2 + -57.336 x1 x4 x5 +  26.238 x1 x4 x6 + -10.976 x1 x4 x7 +  47.985 x1 x5^2 + -48.067 x1 x5 x6 +  26.098 x1 x5 x7 +  3.029 x1 x6^2 + -8.698 x1 x6 x7 +  2.580 x1 x7^2 | (x1)' =  125.037 x0 + -125.074 x2 +  0.037 x3 + -0.046 x0 x3^2 +  0.078 x0 x3 x4 + -0.035 x0 x4^2 +  0.063 x0 x6^2 + -0.110 x0 x6 x7 +  0.048 x0 x7^2 +  0.011 x1^2 x2 + -0.017 x1 x2^2 +  0.010 x2^3 + -0.040 x2 x6^2 +  0.073 x2 x6 x7 + -0.033 x2 x7^2 | (x2)' = -0.033 x0 +  125.068 x1 + -125.072 x3 +  0.041 x4 + -0.008 x0 x1^2 +  0.007 x1^3 + -0.003 x1 x4^2 +  0.005 x1 x4 x5 +  0.005 x1 x7^2 +  0.001 x3^2 x4 + -0.007 x3 x7^2 | (x3)' = -0.067 x1 +  125.126 x2 + -125.099 x4 +  0.041 x5 + -0.038 x0^2 x4 +  0.072 x0 x1 x4 + -0.030 x1^2 x4 + -0.015 x1 x2^2 +  0.021 x2^3 + -0.023 x2 x5^2 + -0.039 x2 x5 x6 +  0.036 x2 x6^2 + -0.002 x2 x7^2 + -0.024 x4^3 +  0.042 x4^2 x5 + -0.002 x4 x7^2 | (x4)' = -0.056 x2 +  125.123 x3 + -125.099 x5 +  0.023 x6 +  0.002 x3^3 +  0.041 x3 x6^2 + -0.093 x3 x6 x7 +  0.037 x3 x7^2 + -0.042 x5^3 +  0.056 x5^2 x6 | (x5)' = -0.031 x3 +  125.043 x4 + -124.956 x6 + -0.059 x7 + -0.001 x0^2 x4 + -0.001 x0^2 x6 + -0.006 x4^3 + -0.028 x4 x7^2 +  0.161 x5 x6^2 + -0.280 x6^3 +  0.156 x6^2 x7 | (x6)' = -0.081 x4 +  125.138 x5 + -125.052 x7 + -0.081 x0^2 x5 + -0.060 x0^2 x7 +  0.114 x0 x1 x5 +  0.131 x0 x1 x7 + -0.037 x1^2 x5 + -0.065 x1^2 x7 + -0.024 x3^2 x7 +  0.024 x3 x4 x7 + -0.054 x5^3 +  0.180 x5^2 x6 + -0.151 x5 x6^2 +  0.021 x7^3 | (x7)' =  3.576 x0 + -30.308 x2 +  49.908 x3 + -103.199 x5 +  336.139 x6 + -250.117 x7 +  0.359 x6^2 + -0.518 x7^2 +  0.351 x0^2 x6 + -1.032 x0^2 x7 +  16.884 x0 x1 x6 + -4.934 x0 x1 x7 + -47.091 x0 x2 x6 +  22.577 x0 x2 x7 +  23.577 x0 x3 x6 + -2.783 x0 x5^2 + -43.717 x1^2 x6 +  19.335 x1^2 x7 +  169.425 x1 x2 x6 + -81.876 x1 x2 x7 + -80.736 x1 x3 x6 + -139.381 x2^2 x6 +  62.498 x2^2 x7 +  149.263 x2 x3 x6 + -12.153 x2 x3 x7 +  1.021 x2 x4 x7 + -4.302 x2 x5 x7 +  23.945 x2 x6^2 + -42.891 x3^2 x6 + -87.125 x3 x4 x7 +  89.607 x3 x5 x7 + -98.986 x3 x6^2 +  125.551 x4^2 x7 + -221.157 x4 x5 x7 +  160.498 x4 x6^2 +  11.031 x4 x7^2 +  99.908 x5^2 x7 + -141.349 x5 x6^2 + -16.432 x5 x7^2 +  72.437 x6^3 + -25.669 x6^2 x7 +  3.204 x7^3
29,80.0,0.00022397498597370244,37.49490932187706,1000.0,3,8,1,4.0,28.0,5,20.0,smoothed_finite_difference_savgol_order_3,success,,152,1320,11.515151515151516,11.16464963927865,"[""1"", ""x0"", ""x1"", ""x2"", ""x3"", ""x4"", ""x5"", ""x6"", ""x7"", ""x0^2"", ""x0 x1"", ""x0 x2"", ""x0 x3"", ""x0 x4"", ""x0 x5"", ""x0 x6"", ""x0 x7"", ""x1^2"", ""x1 x2"", ""x1 x3"", ""x1 x4"", ""x1 x5"", ""x1 x6"", ""x1 x7"", ""x2^2"", ""x2 x3"", ""x2 x4"", ""x2 x5"", ""x2 x6"", ""x2 x7"", ""x3^2"", ""x3 x4"", ""x3 x5"", ""x3 x6"", ""x3 x7"", ""x4^2"", ""x4 x5"", ""x4 x6"", ""x4 x7"", ""x5^2"", ""x5 x6"", ""x5 x7"", ""x6^2"", ""x6 x7"", ""x7^2"", ""x0^3"", ""x0^2 x1"", ""x0^2 x2"", ""x0^2 x3"", ""x0^2 x4"", ""x0^2 x5"", ""x0^2 x6"", ""x0^2 x7"", ""x0 x1^2"", ""x0 x1 x2"", ""x0 x1 x3"", ""x0 x1 x4"", ""x0 x1 x5"", ""x0 x1 x6"", ""x0 x1 x7"", ""x0 x2^2"", ""x0 x2 x3"", ""x0 x2 x4"", ""x0 x2 x5"", ""x0 x2 x6"", ""x0 x2 x7"", ""x0 x3^2"", ""x0 x3 x4"", ""x0 x3 x5"", ""x0 x3 x6"", ""x0 x3 x7"", ""x0 x4^2"", ""x0 x4 x5"", ""x0 x4 x6"", ""x0 x4 x7"", ""x0 x5^2"", ""x0 x5 x6"", ""x0 x5 x7"", ""x0 x6^2"", ""x0 x6 x7"", ""x0 x7^2"", ""x1^3"", ""x1^2 x2"", ""x1^2 x3"", ""x1^2 x4"", ""x1^2 x5"", ""x1^2 x6"", ""x1^2 x7"", ""x1 x2^2"", ""x1 x2 x3"", ""x1 x2 x4"", ""x1 x2 x5"", ""x1 x2 x6"", ""x1 x2 x7"", ""x1 x3^2"", ""x1 x3 x4"", ""x1 x3 x5"", ""x1 x3 x6"", ""x1 x3 x7"", ""x1 x4^2"", ""x1 x4 x5"", ""x1 x4 x6"", ""x1 x4 x7"", ""x1 x5^2"", ""x1 x5 x6"", ""x1 x5 x7"", ""x1 x6^2"", ""x1 x6 x7"", ""x1 x7^2"", ""x2^3"", ""x2^2 x3"", ""x2^2 x4"", ""x2^2 x5"", ""x2^2 x6"", ""x2^2 x7"", ""x2 x3^2"", ""x2 x3 x4"", ""x2 x3 x5"", ""x2 x3 x6"", ""x2 x3 x7"", ""x2 x4^2"", ""x2 x4 x5"", ""x2 x4 x6"", ""x2 x4 x7"", ""x2 x5^2"", ""x2 x5 x6"", ""x2 x5 x7"", ""x2 x6^2"", ""x2 x6 x7"", ""x2 x7^2"", ""x3^3"", ""x3^2 x4"", ""x3^2 x5"", ""x3^2 x6"", ""x3^2 x7"", ""x3 x4^2"", ""x3 x4 x5"", ""x3 x4 x6"", ""x3 x4 x7"", ""x3 x5^2"", ""x3 x5 x6"", ""x3 x5 x7"", ""x3 x6^2"", ""x3 x6 x7"", ""x3 x7^2"", ""x4^3"", ""x4^2 x5"", ""x4^2 x6"", ""x4^2 x7"", ""x4 x5^2"", ""x4 x5 x6"", ""x4 x5 x7"", ""x4 x6^2"", ""x4 x6 x7"", ""x4 x7^2"", ""x5^3"", ""x5^2 x6"", ""x5^2 x7"", ""x5 x6^2"", ""x5 x6 x7"", ""x5 x7^2"", ""x6^3"", ""x6^2 x7"", ""x6 x7^2"", ""x7^3""]","[[0.0, 316.9284326375221, -489.26863340569173, 250.3855653607166, -87.09830204787956, 0.0, 0.0, 0.0, 5.386159551599182, 0.2964365997695833, 0.0, 0.0, 0.0, 0.0, 0.0, 0.0, 0.0, -0.30813067016934137, 0.0, 0.0, 0.0, 0.0, 0.0, 0.0, 0.0, 0.0, 0.0, 0.0, 0.0, 0.0, 0.0, 0.0, 0.0, 0.0, 0.0, 0.0, 0.0, 0.0, 0.0, 0.0, 0.0, 0.0, 0.0, 0.0, 0.0, -4.880970758869642, 0.0, -12.022667940138449, 0.7545292511898519, 0.0, 0.0, 0.0, 0.0, 88.04287797372503, 0.0, 0.0, 0.0, 0.0, 0.0, 0.0, -99.63624426246393, 139.82425002065864, -34.58271293614024, 0.0, 0.0, 0.0, -25.277352804056168, -27.30374270005022, -43.42256429007172, 38.8109075647237, 0.0, 62.29579672894537, -19.03399058668091, 0.0, 0.0, -51.28123648724934, 110.88182400104803, -65.25843805735012, -74.88449781655743, 88.90807224266305, -22.730501463620023, -198.3248729647165, 333.4358641132136, -296.6285263048084, 180.2470938566421, -50.581616013339236, 0.0, 0.0, -17.594569440812673, 0.0, 0.0, 0.0, 0.0, 0.0, 0.0, 0.0, 0.0, 0.0, 0.0, -6.109204609326276, 33.77409408193285, -34.987397799973095, 0.0, -24.409183050949682, 30.472657869618175, 22.785190680990066, 7.8472373423971815, -43.65880981452669, 14.824731533162025, 0.0, 0.0, 0.0, 0.0, 0.0, 0.0, 0.0, 0.0, 0.0, 0.0, 0.0, 0.0, 0.0, 0.0, 0.0, 0.0, 0.0, 0.0, 0.0, 0.0, 0.0, 0.04756729278160016, 0.0, 0.0, 0.0, 0.0, 0.0, 0.0, 0.0, 0.0, 0.0, 0.0, 0.0, 0.0, 0.0, 0.0, 0.0, 0.0, 0.0, 0.0, 0.0, 0.0, 0.0, 0.0, 0.0, 0.0, 0.0, 0.0, 0.0, 0.0, 0.0, 0.0, 0.0, 0.0, 0.0, 0.0], [0.0, 124.96015897102126, 0.21135480776499369, -125.2606258204749, 0.07949257906348763, 0.006941232492494524, 0.0, 0.0, 0.0, 0.0, 0.0, 0.0, 0.0, 0.0, 0.0, 0.0, 0.0, 0.0, 0.0, 0.0, 0.0, 0.0, 0.0, 0.0, 0.0, 0.0, 0.0, 0.0, 0.0, 0.0, 0.0, 0.0, 0.0, 0.0, 0.0, 0.0, 0.0, 0.0, 0.0, 0.0, 0.0, 0.0, 0.0, 0.0, 0.0, -0.006762467852926193, 0.0, 0.0, 0.0, 0.0, 0.0, 0.0, 0.0, 0.0, 0.0, 0.0, 0.0, 0.0, 0.0, 0.0, 0.0, 0.0, 0.0, 0.0, 0.0, 0.0, 0.0, 0.042761132705851954, 0.0, 0.0, 0.0, -0.02634837904622913, 0.0, 0.0, 0.0, 0.0, 0.0, 0.0, 0.01760238423636756, -0.054301211583717174, 0.03361258672248798, 0.0, 0.0788098065948919, 0.0, 0.0, 0.0, 0.0, 0.0, -0.12802287858557979, 0.0, 0.0, 0.0, 0.0, 0.0, 0.0, 0.0, 0.0, 0.0, 0.0, 0.0, 0.0, 0.0, 0.0, 0.0, 0.0, 0.0, 0.0, 0.0, 0.0, 0.03966857513934646, 0.0, 0.0, 0.0, 0.0, 0.0, 0.0, 0.0, 0.0, 0.0, 0.0, 0.0, 0.0, 0.0, 0.0, 0.0, 0.0, 0.0, 0.01319202306293815, 0.0, -0.00883306697504021, 0.0, 0.0, 0.0, 0.0, 0.0, 0.0, 0.0, 0.0, 0.0, 0.0, 0.0, 0.0, 0.0, 0.0, 0.0, 0.0, 0.0, 0.0, 0.0, 0.0, 0.0, 0.0, 0.0, 0.0, 0.0, 0.0, 0.0, 0.0, 0.0, 0.0, 0.0, 0.0, 0.0, 0.0, 0.0], [0.0, -0.060857874129628786, 125.1222755011372, 0.0, -125.09700245459615, 0.011815247514569647, 0.0292702037506288, 0.0, 0.0, 0.0, 0.0, 0.0, 0.0, 0.0, 0.0, 0.0, 0.0, 0.0, 0.0, 0.0, 0.0, 0.0, 0.0, 0.0, 0.0, 0.0, 0.0, 0.0, 0.0, 0.0, 0.0, 0.0, 0.0, 0.0, 0.0, 0.0, 0.0, 0.0, 0.0, 0.0, 0.0, 0.0, 0.0, 0.0, 0.0, 0.0, 0.0, 0.0, 0.0031645801656493147, 0.0, 0.0, 0.0, 0.0, -0.018689015854046555, 0.0, 0.0, 0.0, 0.0, 0.0, 0.0, 0.0, 0.0, 0.0, 0.0, 0.0, 0.0, 0.0, 0.0, 0.0, 0.0, 0.0, 0.0, 0.0, 0.0, 0.0, 0.0, 0.0, 0.0, 0.0, 0.0, 0.0, 0.016018026831670567, 0.0, 0.0, 0.0, 0.0, 0.0, 0.0, 0.0, 0.0, 0.0, 0.0, 0.0, 0.0, 0.0, 0.0, 0.0, 0.0, 0.0, 0.0, 0.0, 0.0, 0.0, 0.0, 0.0, 0.0, 0.0, 0.0, 0.0, 0.0, 0.0, 0.0, 0.0, 0.0, 0.0, 0.0, 0.0, 0.0, 0.0, 0.0, 0.0, 0.0, 0.0, 0.0, 0.0, 0.0, 0.0, 0.0, 0.0, 0.0, -0.0008361940756360855, 0.0, 0.0, 0.0, 0.0, 0.0, 0.0, 0.0, 0.0, 0.0, 0.0, 0.0, 0.0, 0.0, 0.0, 0.0, 0.0, 0.0, 0.0, 0.0, 0.0, 0.0, 0.0, 0.0, 0.0, 0.0, 0.0, 0.0, 0.0, 0.0, 0.0, 0.0, 0.0, 0.0, 0.0], [0.0, 0.03401735880426559, -0.1944538011770408, 125.24022776714651, 0.0, -125.03232738363802, -0.18569022722603445, 0.15214168109294945, 0.0, 0.0, 0.0, 0.0, 0.0, 0.0, 0.0, 0.0, 0.0, 0.0, 0.0, 0.0, 0.0, 0.0, 0.0, 0.0, 0.0, 0.0, 0.0, 0.0, 0.0, 0.0, 0.0, 0.0, 0.0, 0.0, 0.0, 0.0, 0.0, 0.0, 0.0, 0.0, 0.0, 0.0, 0.0, 0.0, 0.0, 0.0, 0.0, 0.0, 0.0, 0.0, 0.0, 0.0, 0.0, 0.0, 0.0, 0.0, 0.0, 0.0, 0.0, 0.0, 0.0, 0.0, 0.0, 0.0, 0.0, 0.0, 0.0, 0.0, 0.0, 0.0, 0.0, 0.0, 0.0, 0.0, 0.0, 0.0, 0.0, 0.0, 0.0, 0.0, 0.0, 0.0, 0.0, 0.0, 0.0, 0.0, 0.0, 0.0, 0.0, 0.0, 0.0, 0.0, 0.0, 0.0, 0.0, 0.0, 0.0, 0.0, 0.0, 0.0, 0.0, 0.0, 0.0, 0.0, 0.0, 0.0, 0.0, 0.0, 0.0, 0.004541563739803195, 0.0, 0.0, 0.0, 0.0, 0.0, 0.0, 0.0, 0.0, 0.0, 0.0, 0.0, 0.0, 0.0, 0.0, 0.0, 0.0, 0.0, -0.005411254365281308, 0.0, 0.0, 0.0, 0.0, 0.0, 0.0, 0.0, 0.0, 0.0, 0.0, 0.0, 0.0, 0.0, 0.0, 0.0, 0.0, 0.0, -0.0012151746992724178, 0.0, 0.0, 0.0, 0.0, 0.0, 0.0, 0.0, 0.0, 0.0, 0.0, 0.0, 0.0, 0.0, 0.0, 0.0, 0.0, 0.0, 0.0, 0.0], [0.0, 0.0, 0.0399445513273865, -0.21618197898522912, 125.33459232879203, 0.0, -125.33055703959327, 0.2410541560495455, -0.0831189840613012, 0.0, 0.0, 0.0, 0.0, 0.0, 0.0, 0.0, 0.0, 0.0, 0.0, 0.0, 0.0, 0.0, 0.0, 0.0, 0.0, 0.0, 0.0, 0.0, 0.0, 0.0, 0.0, 0.0, 0.0, 0.0, 0.0, 0.0, 0.0, 0.0, 0.0, 0.0, 0.0, 0.0, 0.0, 0.0, 0.0, 0.0, 0.0, 0.0, 0.0, 0.0, 0.0, 0.0, 0.0, 0.0, 0.0, 0.0, 0.0, 0.0, 0.0, 0.0, 0.0, 0.0, 0.0, 0.0, 0.0, 0.0, 0.0, 0.0, 0.0, 0.0, 0.0, 0.0, 0.0, 0.0, 0.0, 0.0, 0.0, 0.0, 0.0, 0.0, 0.0, 0.0, 0.0, 0.0, 0.0, 0.0, 0.0, 0.0, 0.0, 0.0, 0.0, 0.0, 0.0, 0.0, 0.0, 0.0, 0.0, 0.0, 0.0, 0.0, 0.0, 0.0, 0.0, 0.0, 0.0, 0.0, 0.0, 0.0, 0.0, 0.0, 0.0, 0.0, 0.0, 0.0, 0.0, 0.0, 0.0, 0.0, 0.0, 0.0, 0.0, 0.0, 0.0, 0.0, 0.0, 0.0, 0.0, 0.0, 0.0, 0.0, 0.0041390120461268515, 0.0, 0.0, 0.0, 0.0, 0.0, 0.0, 0.0, 0.0, 0.0, 0.0, 0.0, 0.0, 0.0, -0.026570593739564625, 0.0, 0.0, 0.0, 0.0, 0.0, 0.0, 0.0, 0.0, 0.0, 0.0, -0.07477566658665136, 0.09746368933091558, 0.0, 0.0, 0.0, 0.0, 0.0, 0.0, 0.0, 0.0], [0.0, 0.0, 0.0, 0.15548865548858967, -0.458891722338956, 125.38613001777483, 0.0, -125.08218525264108, -0.00792251492608582, 0.0, 0.0, 0.0, 0.0, 0.0, 0.0, 0.0, 0.0, 0.0, 0.0, 0.0, 0.0, 0.0, 0.0, 0.0, 0.0, 0.0, 0.0, 0.0, 0.0, 0.0, 0.0, 0.0, 0.0, 0.0, 0.0, 0.0, 0.0, 0.0, 0.0, 0.0, 0.0, 0.0, 0.0, 0.0, 0.0, 0.0, 0.0, 0.0, 0.0, 0.0, 0.0, 0.0, 0.0, 0.0, 0.0, 0.0, 0.0, 0.0, 0.0, 0.0, 0.0, 0.0, 0.0, 0.0, 0.0, 0.0, 0.0, 0.0, 0.0, 0.0, 0.0, 0.0, 0.0, 0.0, 0.0, 0.0, 0.0, 0.0, 0.0, 0.0, 0.0, 0.0, 0.0, 0.0, 0.0, 0.0, 0.0, 0.0, 0.0, 0.0, 0.0, 0.0, 0.0, 0.0, 0.0, 0.0, 0.0, 0.0, 0.0, 0.0, 0.0, 0.0, 0.0, 0.0, 0.0, 0.0, 0.0, 0.0, 0.0, 0.0, 0.0, 0.0, 0.0, 0.0, 0.0, 0.0, 0.0, 0.0, 0.0, 0.0, 0.0, 0.0, 0.0, 0.0, 0.0, 0.0, 0.0, 0.0, 0.0, 0.0, 0.0, 0.0, 0.0, 0.0, 0.0, 0.0, 0.0, 0.0, 0.0, 0.0, 0.0, 0.0, 0.0, 0.0, 0.0, 0.005025556290104409, 0.0, 0.0, 0.0, 0.0, 0.0, 0.0, 0.0, 0.0, 0.028158253176710904, 0.0, 0.0, 0.0, 0.0, 0.0, 0.0, -0.06525239035140336, 0.035933989994809463, 0.0, 0.0], [0.0, 0.0, 0.0, 0.0, 0.06280843805607687, -0.40985854900799557, 125.6939480049415, -0.38729183630646397, -124.94769597253226, 0.0, 0.0, 0.0, 0.0, 0.0, 0.0, 0.0, 0.0, 0.0, 0.0, 0.0, 0.0, 0.0, 0.0, 0.0, 0.0, 0.0, 0.0, 0.0, 0.0, 0.0, 0.0, 0.0, 0.0, 0.0, 0.0, 0.0, 0.0, 0.0, 0.0, 0.0, 0.0, 0.0, 0.0, 0.0, 0.0, 0.0, 0.0, 0.0, 0.0, 0.0, -0.3188434849954706, 0.0, 0.08045421755220411, 0.0, 0.0, 0.0, 0.0, 0.5759010684653063, 0.0, -0.2179631339166012, 0.0, 0.0, 0.0, 0.0, 0.0, 0.0, 0.0, 0.0, 0.0, 0.0, 0.0, 0.0, 0.0, 0.0, 0.0, 0.0, 0.0, 0.0, 0.0, 0.0, 0.0, 0.0, 0.0, 0.0, 0.0, -0.2681477787176597, 0.0, 0.1773485169621933, 0.0, 0.0, 0.0, 0.0, 0.0, 0.0, 0.0, 0.0, 0.0, 0.0, 0.0, 0.0, 0.0, 0.0, 0.0, 0.0, 0.0, 0.0, 0.0, 0.0, 0.0, 0.0, 0.0, 0.0, 0.0, 0.0, 0.0, 0.0, 0.0, 0.0, 0.0, 0.0, 0.0, 0.0, 0.0, 0.0, 0.0, 0.0, 0.0, 0.0, 0.0, 0.0, 0.0, 0.0, 0.0, 0.0, -0.23594748720031136, 0.0, 0.0, 0.0, 0.25575839394527367, 0.0, 0.0, 0.0, 0.0, 0.0, 0.0, 0.0, 0.0, 0.0, 0.0, 0.0, 0.0, 0.0, 0.0, 0.0, 0.0, 0.13932706586884078, -0.21569232168309627, 0.0, 0.0, 0.0, 0.0, 0.0, 0.0, 0.0, 0.027983984756755835], [0.0, -5.100041581612006, 0.0, 0.0, 0.0, 86.19564414666878, -248.6223654047649, 487.9394068328897, -316.8044415202763, 0.0, 0.0, 0.0, 0.0, 0.0, 0.0, 0.0, 0.0, 0.0, 0.0, 0.0, 0.0, 0.0, 0.0, 0.0, 0.0, 0.0, 0.0, 0.0, 0.0, 0.0, 0.0, 0.0, 0.0, 0.0, 0.0, 0.0, 0.0, 0.0, 0.0, 0.0, 0.0, 0.0, 0.4875175955326529, 0.0, -0.505365384251105, 0.0, 0.0, 0.0, 0.0, 0.0, 0.0, -25.162201676730632, 30.081000352614083, 0.0, 0.0, 0.0, 0.0, 0.0, 102.26388237958895, -133.66986774362286, 0.0, 0.0, 0.0, 0.0, -62.94252588041357, 95.50754087702313, 0.0, 0.0, 0.0, 0.0, 0.0, 0.0, 0.0, 0.0, 0.0, 0.0, 0.0, 0.0, 0.0, 0.0, 0.0, 0.0, 0.0, 0.0, 0.0, 0.0, -93.99415552509721, 148.16487379374857, 0.0, 0.0, 0.0, 0.0, 88.61652850417704, -228.5087144454923, 0.0, 0.0, 0.0, 41.647926553895346, 16.34519790766953, 0.0, 0.0, 0.0, -42.74275842494547, 0.0, 0.0, 0.0, 0.0, 0.0, 0.0, 0.0, 0.0, 0.0, 0.0, 8.868413226031647, 96.57467756962224, 0.0, 0.0, 0.0, -109.69385164705686, 0.0, 0.0, 0.0, 0.0, 85.5044871612227, 0.0, 0.0, 0.0, 34.062543057605204, 0.0, 0.0, 0.0, 0.0, 0.0, 55.357425052248225, -44.99512837138384, 0.0, 0.0, 0.0, -25.65887393186203, 0.0, 0.0, -26.902061372607598, -101.81869943756159, 0.0, 0.0, -0.7284025453353099, 0.0, 0.0, 14.127852983927212, 0.0, 0.0, 14.652051924413932, 150.42063893136844, 0.0, 5.9219400289881525, 0.0, -8.790647191104746, 0.0, -137.32333986023926, 0.0, -7.522864093789614, 87.06302687433198, -27.04949413984921, 0.0, 1.9810635808866657]]",(x0)' =  316.928 x0 + -489.269 x1 +  250.386 x2 + -87.098 x3 +  5.386 x7 +  0.296 x0^2 + -0.308 x1^2 + -4.881 x0^3 + -12.023 x0^2 x2 +  0.755 x0^2 x3 +  88.043 x0 x1^2 + -99.636 x0 x2^2 +  139.824 x0 x2 x3 + -34.583 x0 x2 x4 + -25.277 x0 x3^2 + -27.304 x0 x3 x4 + -43.423 x0 x3 x5 +  38.811 x0 x3 x6 +  62.296 x0 x4^2 + -19.034 x0 x4 x5 + -51.281 x0 x5^2 +  110.882 x0 x5 x6 + -65.258 x0 x5 x7 + -74.884 x0 x6^2 +  88.908 x0 x6 x7 + -22.731 x0 x7^2 + -198.325 x1^3 +  333.436 x1^2 x2 + -296.629 x1^2 x3 +  180.247 x1^2 x4 + -50.582 x1^2 x5 + -17.595 x1 x2^2 + -6.109 x1 x4^2 +  33.774 x1 x4 x5 + -34.987 x1 x4 x6 + -24.409 x1 x5^2 +  30.473 x1 x5 x6 +  22.785 x1 x5 x7 +  7.847 x1 x6^2 + -43.659 x1 x6 x7 +  14.825 x1 x7^2 +  0.048 x3^3 | (x1)' =  124.960 x0 +  0.211 x1 + -125.261 x2 +  0.079 x3 +  0.007 x4 + -0.007 x0^3 +  0.043 x0 x3 x4 + -0.026 x0 x4^2 +  0.018 x0 x6^2 + -0.054 x0 x6 x7 +  0.034 x0 x7^2 +  0.079 x1^2 x2 + -0.128 x1 x2^2 +  0.040 x2^3 +  0.013 x2 x6^2 + -0.009 x2 x7^2 | (x2)' = -0.061 x0 +  125.122 x1 + -125.097 x3 +  0.012 x4 +  0.029 x5 +  0.003 x0^2 x3 + -0.019 x0 x1^2 +  0.016 x1^3 + -0.001 x3^3 | (x3)' =  0.034 x0 + -0.194 x1 +  125.240 x2 + -125.032 x4 + -0.186 x5 +  0.152 x6 +  0.005 x2^3 + -0.005 x2 x6^2 + -0.001 x4^3 | (x4)' =  0.040 x1 + -0.216 x2 +  125.335 x3 + -125.331 x5 +  0.241 x6 + -0.083 x7 +  0.004 x3^3 + -0.027 x3 x7^2 + -0.075 x5^3 +  0.097 x5^2 x6 | (x5)' =  0.155 x2 + -0.459 x3 +  125.386 x4 + -125.082 x6 + -0.008 x7 +  0.005 x4^3 +  0.028 x4 x7^2 + -0.065 x6^3 +  0.036 x6^2 x7 | (x6)' =  0.063 x3 + -0.410 x4 +  125.694 x5 + -0.387 x6 + -124.948 x7 + -0.319 x0^2 x5 +  0.080 x0^2 x7 +  0.576 x0 x1 x5 + -0.218 x0 x1 x7 + -0.268 x1^2 x5 +  0.177 x1^2 x7 + -0.236 x3^2 x7 +  0.256 x3 x4 x7 +  0.139 x5^3 + -0.216 x5^2 x6 +  0.028 x7^3 | (x7)' = -5.100 x0 +  86.196 x4 + -248.622 x5 +  487.939 x6 + -316.804 x7 +  0.488 x6^2 + -0.505 x7^2 + -25.162 x0^2 x6 +  30.081 x0^2 x7 +  102.264 x0 x1 x6 + -133.670 x0 x1 x7 + -62.943 x0 x2 x6 +  95.508 x0 x2 x7 + -93.994 x1^2 x6 +  148.165 x1^2 x7 +  88.617 x1 x2 x6 + -228.509 x1 x2 x7 +  41.648 x1 x3 x6 +  16.345 x1 x3 x7 + -42.743 x1 x4 x7 +  8.868 x2^2 x6 +  96.575 x2^2 x7 + -109.694 x2 x3 x6 +  85.504 x2 x4 x7 +  34.063 x2 x6^2 +  55.357 x3^2 x6 + -44.995 x3^2 x7 + -25.659 x3 x4 x7 + -26.902 x3 x5 x7 + -101.819 x3 x6^2 + -0.728 x4^3 +  14.128 x4^2 x7 +  14.652 x4 x5 x7 +  150.421 x4 x6^2 +  5.922 x4 x7^2 + -8.791 x5^2 x6 + -137.323 x5 x6^2 + -7.523 x5 x7^2 +  87.063 x6^3 + -27.049 x6^2 x7 +  1.981 x7^3
30,80.0,0.00022397498597370244,37.49490932187706,1000.0,3,8,1,4.0,28.0,9,36.0,smoothed_finite_difference_savgol_order_3,success,,96,1320,7.2727272727272725,10.314308494329453,"[""1"", ""x0"", ""x1"", ""x2"", ""x3"", ""x4"", ""x5"", ""x6"", ""x7"", ""x0^2"", ""x0 x1"", ""x0 x2"", ""x0 x3"", ""x0 x4"", ""x0 x5"", ""x0 x6"", ""x0 x7"", ""x1^2"", ""x1 x2"", ""x1 x3"", ""x1 x4"", ""x1 x5"", ""x1 x6"", ""x1 x7"", ""x2^2"", ""x2 x3"", ""x2 x4"", ""x2 x5"", ""x2 x6"", ""x2 x7"", ""x3^2"", ""x3 x4"", ""x3 x5"", ""x3 x6"", ""x3 x7"", ""x4^2"", ""x4 x5"", ""x4 x6"", ""x4 x7"", ""x5^2"", ""x5 x6"", ""x5 x7"", ""x6^2"", ""x6 x7"", ""x7^2"", ""x0^3"", ""x0^2 x1"", ""x0^2 x2"", ""x0^2 x3"", ""x0^2 x4"", ""x0^2 x5"", ""x0^2 x6"", ""x0^2 x7"", ""x0 x1^2"", ""x0 x1 x2"", ""x0 x1 x3"", ""x0 x1 x4"", ""x0 x1 x5"", ""x0 x1 x6"", ""x0 x1 x7"", ""x0 x2^2"", ""x0 x2 x3"", ""x0 x2 x4"", ""x0 x2 x5"", ""x0 x2 x6"", ""x0 x2 x7"", ""x0 x3^2"", ""x0 x3 x4"", ""x0 x3 x5"", ""x0 x3 x6"", ""x0 x3 x7"", ""x0 x4^2"", ""x0 x4 x5"", ""x0 x4 x6"", ""x0 x4 x7"", ""x0 x5^2"", ""x0 x5 x6"", ""x0 x5 x7"", ""x0 x6^2"", ""x0 x6 x7"", ""x0 x7^2"", ""x1^3"", ""x1^2 x2"", ""x1^2 x3"", ""x1^2 x4"", ""x1^2 x5"", ""x1^2 x6"", ""x1^2 x7"", ""x1 x2^2"", ""x1 x2 x3"", ""x1 x2 x4"", ""x1 x2 x5"", ""x1 x2 x6"", ""x1 x2 x7"", ""x1 x3^2"", ""x1 x3 x4"", ""x1 x3 x5"", ""x1 x3 x6"", ""x1 x3 x7"", ""x1 x4^2"", ""x1 x4 x5"", ""x1 x4 x6"", ""x1 x4 x7"", ""x1 x5^2"", ""x1 x5 x6"", ""x1 x5 x7"", ""x1 x6^2"", ""x1 x6 x7"", ""x1 x7^2"", ""x2^3"", ""x2^2 x3"", ""x2^2 x4"", ""x2^2 x5"", ""x2^2 x6"", ""x2^2 x7"", ""x2 x3^2"", ""x2 x3 x4"", ""x2 x3 x5"", ""x2 x3 x6"", ""x2 x3 x7"", ""x2 x4^2"", ""x2 x4 x5"", ""x2 x4 x6"", ""x2 x4 x7"", ""x2 x5^2"", ""x2 x5 x6"", ""x2 x5 x7"", ""x2 x6^2"", ""x2 x6 x7"", ""x2 x7^2"", ""x3^3"", ""x3^2 x4"", ""x3^2 x5"", ""x3^2 x6"", ""x3^2 x7"", ""x3 x4^2"", ""x3 x4 x5"", ""x3 x4 x6"", ""x3 x4 x7"", ""x3 x5^2"", ""x3 x5 x6"", ""x3 x5 x7"", ""x3 x6^2"", ""x3 x6 x7"", ""x3 x7^2"", ""x4^3"", ""x4^2 x5"", ""x4^2 x6"", ""x4^2 x7"", ""x4 x5^2"", ""x4 x5 x6"", ""x4 x5 x7"", ""x4 x6^2"", ""x4 x6 x7"", ""x4 x7^2"", ""x5^3"", ""x5^2 x6"", ""x5^2 x7"", ""x5 x6^2"", ""x5 x6 x7"", ""x5 x7^2"", ""x6^3"", ""x6^2 x7"", ""x6 x7^2"", ""x7^3""]","[[0.0, 418.9637207985472, -776.5722422313513, 658.02963377817, -486.4962235341593, 224.9309512966876, 0.0, -68.49376767265271, 28.56638464720132, 0.0, 0.0, 0.0, 0.0, 0.0, 0.0, 0.0, 0.0, 0.0, 0.0, 0.0, 0.0, 0.0, 0.0, 0.0, 0.0, 0.0, 0.0, 0.0, 0.0, 0.0, 0.0, 0.0, 0.0, 0.0, 0.0, 0.0, 0.0, 0.0, 0.0, 0.0, 0.0, 0.0, 0.0, 0.0, 0.0, -1.0995451860386471, 3.496530924726388, 0.0, 0.0, 0.0, 0.0, 0.0, 0.0, 0.0, 0.0, 0.0, 0.0, 0.0, 0.0, 0.0, 0.0, 0.0, 0.0, 0.0, 0.0, 0.0, -3.751228776498286, -5.097792533597674, 4.262529060451554, 0.0, 0.0, 10.699760796298687, -11.071579733582885, 0.0, 0.0, 2.857261889714601, 0.0, 0.0, 0.0, 0.0, 0.0, -10.174711574876165, 9.087421858482244, -2.4740238585743097, 0.0, 0.0, 0.0, 0.0, 8.543071704304507, 0.0, 0.0, 0.0, 0.0, 0.0, 0.0, 0.0, 0.0, 0.0, 0.0, 0.0, 0.0, 0.0, 0.0, 0.0, 0.0, 0.0, 0.0, 0.0, 0.0, -6.918377587842949, 1.8092015008668199, 0.0, 0.0, 0.0, 0.0, 0.0, 0.0, 0.0, 0.0, 0.0, 0.0, 0.0, 0.0, 0.0, 0.0, 0.0, 0.0, 0.0, -0.501629782167469, 0.41264106435725517, 0.0, 0.0, 0.0, 0.0, 0.0, 0.0, 0.0, 0.0, 0.0, 0.0, 0.0, 0.0, 0.0, 0.0, 0.0, 0.0, 0.0, 0.0, 0.0, 0.0, 0.0, 0.0, 0.0, 0.0, 0.0, 0.0, 0.0, 0.0, 0.0, 0.0, 0.0, 0.0, 0.0, 0.0, 0.0], [0.0, 126.06200190856973, -5.080698690437211, -116.09738875306357, -6.142198533766792, 0.2715437255403333, 1.0943339366129452, 0.0, -0.09912653793425882, 0.0, 0.0, 0.0, 0.0, 0.0, 0.0, 0.0, 0.0, 0.0, 0.0, 0.0, 0.0, 0.0, 0.0, 0.0, 0.0, 0.0, 0.0, 0.0, 0.0, 0.0, 0.0, 0.0, 0.0, 0.0, 0.0, 0.0, 0.0, 0.0, 0.0, 0.0, 0.0, 0.0, 0.0, 0.0, 0.0, -0.016962979176322404, 0.0, 0.0, 0.0, 0.0, 0.0, 0.0, 0.0, 0.0, 0.0, 0.0, 0.0, 0.0, 0.0, 0.0, 0.0, 0.0, 0.0, 0.0, 0.0, 0.0, 0.0, 0.0, 0.0, 0.0, 0.0, 0.0, 0.0, 0.0, 0.0, -0.01173970229806562, 0.0, 0.0, 0.0, 0.0, 0.0, 0.0, 0.0, 0.0, 0.0, 0.0, 0.0, 0.0, 0.0, 0.0, 0.0, 0.0, 0.0, 0.0, 0.0, 0.0, 0.0, 0.0, 0.0, 0.0, 0.0, 0.0, 0.0, 0.0, 0.0, 0.0, 0.0, 0.0, 0.0, 0.026771737638304264, 0.0, 0.0, 0.0, 0.0, 0.0, 0.0, 0.0, 0.0, 0.0, 0.0, 0.0, 0.0, 0.0, 0.0, 0.0, 0.0, 0.0, 0.0, 0.0, 0.0, 0.0, 0.0, 0.0, 0.0, 0.0, 0.0, 0.0, 0.0, 0.0, 0.0, 0.0, 0.0, 0.0, 0.0, 0.0, 0.0, 0.0, 0.0, 0.0, 0.0, 0.0, 0.0, 0.0, 0.0, 0.0, 0.0, 0.0, 0.0, 0.0, 0.0, 0.0, 0.0, 0.0, 0.0, 0.0], [0.0, 0.1618537933977757, 124.49582166865197, 0.0, -123.41500309030154, -1.952478781233979, 0.571792857694396, 0.24157552431824195, -0.09032041724457554, 0.0, 0.0, 0.0, 0.0, 0.0, 0.0, 0.0, 0.0, 0.0, 0.0, 0.0, 0.0, 0.0, 0.0, 0.0, 0.0, 0.0, 0.0, 0.0, 0.0, 0.0, 0.0, 0.0, 0.0, 0.0, 0.0, 0.0, 0.0, 0.0, 0.0, 0.0, 0.0, 0.0, 0.0, 0.0, 0.0, 0.0, 0.0, 0.0, 0.0, 0.0, 0.0, 0.0, 0.0, 0.0, 0.0, 0.0, 0.0, 0.0, 0.0, 0.0, 0.0, 0.0, 0.0, 0.0, 0.0, 0.0, 0.0, 0.0, 0.0, 0.0, 0.0, 0.0, 0.0, 0.0, 0.0, 0.0, 0.0, 0.0, 0.0, 0.0, 0.0, 0.0, 0.0, 0.0, 0.0, 0.0, 0.0, 0.0, 0.0, 0.0, 0.0, 0.0, 0.0, 0.0, 0.0, 0.0, 0.0, 0.0, 0.0, 0.0, 0.0, 0.0, 0.0, 0.0, 0.0, 0.0, 0.0, 0.0, 0.0, 0.0, 0.0, 0.0, 0.0, 0.0, 0.0, 0.0, 0.0, 0.0, 0.0, 0.0, 0.0, 0.0, 0.0, 0.0, 0.0, 0.0, 0.0, 0.0, 0.0, 0.0, 0.0, 0.0, 0.0, 0.0, 0.0, 0.0, 0.0, 0.0, 0.0, 0.0, 0.0, 0.0, 0.0, 0.0, 0.0, 0.0, 0.0, 0.0, 0.0, 0.0, 0.0, 0.0, 0.0, 0.0, 0.0, 0.0, 0.0, 0.0, 0.0, 0.0, 0.0, 0.0, 0.0, 0.0, 0.0], [0.0, -0.2050437915517234, 1.7365403643779587, 122.08735802723648, 0.0, -121.19632308845586, -3.158313172562682, 0.7336461399852433, 0.0, 0.0, 0.0, 0.0, 0.0, 0.0, 0.0, 0.0, 0.0, 0.0, 0.0, 0.0, 0.0, 0.0, 0.0, 0.0, 0.0, 0.0, 0.0, 0.0, 0.0, 0.0, 0.0, 0.0, 0.0, 0.0, 0.0, 0.0, 0.0, 0.0, 0.0, 0.0, 0.0, 0.0, 0.0, 0.0, 0.0, 0.0, 0.0, 0.0, 0.0, 0.0, 0.0, 0.0, 0.0, 0.0, 0.0, 0.0, 0.0, 0.0, 0.0, 0.0, 0.0, 0.0, 0.0, 0.0, 0.0, 0.0, 0.0, 0.0, 0.0, 0.0, 0.0, 0.0, 0.0, 0.0, 0.0, 0.0, 0.0, 0.0, 0.0, 0.0, 0.0, 0.0, 0.0, 0.0, 0.0, 0.0, 0.0, 0.0, 0.0, 0.0, 0.0, 0.0, 0.0, 0.0, 0.0, 0.0, 0.0, 0.0, 0.0, 0.0, 0.0, 0.0, 0.0, 0.0, 0.0, 0.0, 0.0, 0.0, 0.0, 0.0, 0.0, 0.0, 0.0, 0.0, 0.0, 0.0, 0.0, 0.0, 0.0, 0.0, 0.0, 0.0, 0.0, 0.0, 0.0, 0.0, 0.0, 0.0, 0.0, 0.0, 0.0, 0.0, 0.0, 0.0, 0.0, 0.0, 0.0, 0.0, 0.0, 0.0, 0.0, 0.0, 0.0, 0.0, 0.0, 0.0, 0.0, 0.0, 0.0, 0.0, 0.0, 0.0, 0.0, 0.0, 0.0, 0.0, 0.0, 0.0, 0.0, 0.0, 0.0, 0.0, 0.0, 0.0, 0.0], [0.0, 0.0, 0.8270882543506823, -1.7269275709952978, 125.4532551564252, 0.0, -121.98798021115643, -4.111852550244082, 1.5487315178086467, 0.0, 0.0, 0.0, 0.0, 0.0, 0.0, 0.0, 0.0, 0.0, 0.0, 0.0, 0.0, 0.0, 0.0, 0.0, 0.0, 0.0, 0.0, 0.0, 0.0, 0.0, 0.0, 0.0, 0.0, 0.0, 0.0, 0.0, 0.0, 0.0, 0.0, 0.0, 0.0, 0.0, 0.0, 0.0, 0.0, 0.0, 0.0, 0.0, 0.0, 0.0, 0.0, 0.0, 0.0, 0.0, 0.0, 0.0, 0.0, 0.0, 0.0, 0.0, 0.0, 0.0, 0.0, 0.0, 0.0, 0.0, 0.0, 0.0, 0.0, 0.0, 0.0, 0.0, 0.0, 0.0, 0.0, 0.0, 0.0, 0.0, 0.0, 0.0, 0.0, 0.0, 0.0, 0.0, 0.0, 0.0, 0.0, 0.0, 0.0, 0.0, 0.0, 0.0, 0.0, 0.0, 0.0, 0.0, 0.0, 0.0, 0.0, 0.0, 0.0, 0.0, 0.0, 0.0, 0.0, 0.0, 0.0, 0.0, 0.0, 0.0, 0.0, 0.0, 0.0, 0.0, 0.0, 0.0, 0.0, 0.0, 0.0, 0.0, 0.0, 0.0, 0.0, 0.0, 0.0, 0.0, 0.0, 0.0, 0.0, 0.0, 0.0, 0.0, 0.0, 0.0, 0.0, 0.0, 0.0, 0.0, 0.0, 0.0, 0.0, 0.0, 0.0, 0.0, 0.0, 0.0, 0.0, 0.0, 0.0, 0.0, 0.0, 0.0, 0.0, 0.0, 0.0, 0.0, 0.0, 0.0, 0.0, 0.0, 0.0, 0.0, 0.0, 0.0, 0.0], [0.0, -0.027550019611219504, -0.3333716998700837, 0.4341443396601339, 0.3650165038460406, 124.4585085555715, 0.0, -124.92383831948752, 0.015792729514521615, 0.0, 0.0, 0.0, 0.0, 0.0, 0.0, 0.0, 0.0, 0.0, 0.0, 0.0, 0.0, 0.0, 0.0, 0.0, 0.0, 0.0, 0.0, 0.0, 0.0, 0.0, 0.0, 0.0, 0.0, 0.0, 0.0, 0.0, 0.0, 0.0, 0.0, 0.0, 0.0, 0.0, 0.0, 0.0, 0.0, 0.0, 0.0, 0.0, 0.0, 0.0, 0.0, 0.0, 0.0, 0.0, 0.0, 0.0, 0.0, 0.0, 0.0, 0.0, 0.0, 0.0, 0.0, 0.0, 0.0, 0.0, 0.0, 0.0, 0.0, 0.0, 0.0, 0.0, 0.0, 0.0, 0.0, 0.0, 0.0, 0.0, 0.0, 0.0, 0.0, 0.0, 0.0, 0.0, 0.0, 0.0, 0.0, 0.0, 0.0, 0.0, 0.0, 0.0, 0.0, 0.0, 0.0, 0.0, 0.0, 0.0, 0.0, 0.0, 0.0, 0.0, 0.0, 0.0, 0.0, 0.0, 0.0, 0.0, 0.0, 0.0, 0.0, 0.0, 0.0, 0.0, 0.0, 0.0, 0.0, 0.0, 0.0, 0.0, 0.0, 0.0, 0.0, 0.0, 0.0, 0.0, 0.0, 0.0, 0.0, 0.0, 0.0, 0.0, 0.0, 0.0, 0.0, 0.0, 0.0, 0.0, 0.0, 0.0, 0.0, 0.0, 0.0, 0.0, 0.0, 0.0, 0.0, 0.0, 0.0, 0.0, 0.0, 0.0, 0.0, 0.0, 0.0, 0.0, 0.0, 0.0, 0.0, 0.0, 0.0, 0.0, 0.0, 0.0, 0.0], [0.0, -0.3718777453202383, 0.0, 1.6306076306519235, -3.379834463781889, 6.504971750291979, 115.9238548712208, 6.479012090781523, -126.78325284098905, 0.0, 0.0, 0.0, 0.0, 0.0, 0.0, 0.0, 0.0, 0.0, 0.0, 0.0, 0.0, 0.0, 0.0, 0.0, 0.0, 0.0, 0.0, 0.0, 0.0, 0.0, 0.0, 0.0, 0.0, 0.0, 0.0, 0.0, 0.0, 0.0, 0.0, 0.0, 0.0, 0.0, 0.0, 0.0, 0.0, 0.0, 0.0, 0.0, 0.0, 0.0, -0.036360283774717034, 0.0, 0.0, 0.0, 0.0, 0.0, 0.0, 0.0, 0.0, 0.0, 0.0, 0.0, 0.0, 0.0, 0.0, 0.0, 0.0, 0.0, 0.0, 0.0, 0.0, 0.0, 0.0, 0.0, 0.0, 0.0, 0.0, 0.0, 0.0, 0.0, 0.0, 0.0, 0.0, 0.0, 0.0, 0.0, 0.0, 0.0, 0.0, 0.0, 0.0, 0.0, 0.0, 0.0, 0.0, 0.0, 0.0, 0.0, 0.0, 0.0, 0.0, 0.0, 0.0, 0.0, 0.0, 0.0, 0.0, 0.0, 0.0, 0.0, 0.0, 0.0, 0.0, 0.0, 0.18323242449577376, 0.0, 0.0, 0.0, 0.0, -0.14898062547226892, 0.0, 0.0, 0.0, 0.0, 0.0, 0.0, 0.0, 0.0, 0.0, 0.0, 0.0, 0.0, 0.0, 0.0, 0.0, 0.0, 0.0, 0.0, 0.0, 0.0, 0.0, 0.0, 0.0, 0.0, 0.0, 0.0, 0.0, 0.0, 0.0, 0.0, 0.0, 0.0, 0.0, 0.0, 0.0, 0.009711764505257833, 0.0, 0.0, 0.0, 0.0, 0.0, 0.0, 0.0, 0.0, -0.00991600587046849], [0.0, -28.6568427182392, 67.92660641625069, 0.0, -221.6187144182994, 483.01593740174354, -659.2014535115362, 780.2767772505339, -420.82472955885623, 0.0, 0.0, 0.0, 0.0, 0.0, 0.0, 0.0, 0.0, 0.0, 0.0, 0.0, 0.0, 0.0, 0.0, 0.0, 0.0, 0.0, 0.0, 0.0, 0.0, 0.0, 0.0, 0.0, 0.0, 0.0, 0.0, 0.0, 0.0, 0.0, 0.0, 0.0, 0.0, 0.0, 0.0, 0.0, 0.0, 0.0, 0.0, 0.0, 0.0, 0.0, 0.850180959350852, -1.3897951270436744, 0.23212244150649775, 0.0, 0.0, 0.0, 0.0, 0.0, -0.036688939587474136, 0.0, 0.0, 0.0, 0.0, 0.0, 0.0, 0.0, 0.0, 0.0, 0.0, 0.0, 0.0, 0.0, 0.0, 0.0, 0.0, 0.0, 0.0, 0.0, 0.0, 0.0, 0.0, 0.0, 0.0, 0.0, 0.0, 0.0, 0.0, 0.0, 0.0, 0.0, 0.0, 0.0, 0.0, 0.0, 0.0, 0.0, 0.0, 0.0, 0.0, 0.0, 0.0, 0.0, 0.0, 0.0, 0.0, 0.0, 0.0, 0.0, 0.0, 0.0, 0.0, 0.0, 0.0, 0.0, 18.743753242897903, 0.0, 0.0, 0.0, 0.0, -73.33939604864251, 0.0, 0.0, 0.0, 42.14628756893856, 0.0, 0.0, 0.0, 0.0, 0.0, 0.0, 0.0, 0.0, 0.0, 0.0, 81.40391451311811, 0.0, 0.0, 0.0, -103.88262768681348, 0.0, 0.0, 0.0, 0.0, 0.0, 0.0, 0.0, 0.0, 0.0, 32.3541752771986, 2.8615015598353053, 0.0, 0.0, 9.584110409850297, 0.0, 0.0, -23.882606413642247, 61.93075617847431, 0.0, -69.20367301482938, 0.0, 0.0, 19.866619364586946, 0.0, 4.3602110100140745, -2.677951288371956]]",(x0)' =  418.964 x0 + -776.572 x1 +  658.030 x2 + -486.496 x3 +  224.931 x4 + -68.494 x6 +  28.566 x7 + -1.100 x0^3 +  3.497 x0^2 x1 + -3.751 x0 x3^2 + -5.098 x0 x3 x4 +  4.263 x0 x3 x5 +  10.700 x0 x4^2 + -11.072 x0 x4 x5 +  2.857 x0 x5^2 + -10.175 x1^3 +  9.087 x1^2 x2 + -2.474 x1^2 x3 +  8.543 x1 x2^2 + -6.918 x2^3 +  1.809 x2^2 x3 + -0.502 x2 x6 x7 +  0.413 x2 x7^2 | (x1)' =  126.062 x0 + -5.081 x1 + -116.097 x2 + -6.142 x3 +  0.272 x4 +  1.094 x5 + -0.099 x7 + -0.017 x0^3 + -0.012 x0 x5^2 +  0.027 x2^3 | (x2)' =  0.162 x0 +  124.496 x1 + -123.415 x3 + -1.952 x4 +  0.572 x5 +  0.242 x6 + -0.090 x7 | (x3)' = -0.205 x0 +  1.737 x1 +  122.087 x2 + -121.196 x4 + -3.158 x5 +  0.734 x6 | (x4)' =  0.827 x1 + -1.727 x2 +  125.453 x3 + -121.988 x5 + -4.112 x6 +  1.549 x7 | (x5)' = -0.028 x0 + -0.333 x1 +  0.434 x2 +  0.365 x3 +  124.459 x4 + -124.924 x6 +  0.016 x7 | (x6)' = -0.372 x0 +  1.631 x2 + -3.380 x3 +  6.505 x4 +  115.924 x5 +  6.479 x6 + -126.783 x7 + -0.036 x0^2 x5 +  0.183 x2^2 x7 + -0.149 x2 x3 x7 +  0.010 x5^3 + -0.010 x7^3 | (x7)' = -28.657 x0 +  67.927 x1 + -221.619 x3 +  483.016 x4 + -659.201 x5 +  780.277 x6 + -420.825 x7 +  0.850 x0^2 x5 + -1.390 x0^2 x6 +  0.232 x0^2 x7 + -0.037 x0 x1 x6 +  18.744 x2^2 x7 + -73.339 x2 x3 x7 +  42.146 x2 x4 x7 +  81.404 x3^2 x7 + -103.883 x3 x4 x7 +  32.354 x4^2 x7 +  2.862 x4 x5^2 +  9.584 x4 x6^2 + -23.883 x5^3 +  61.931 x5^2 x6 + -69.204 x5 x6^2 +  19.867 x6^3 +  4.360 x6 x7^2 + -2.678 x7^3
31,80.0,0.00022397498597370244,37.49490932187706,1000.0,3,8,2,8.0,56.0,0,0.0,finite_difference,success,,94,1320,7.121212121212121,10.279593508690596,"[""1"", ""x0"", ""x1"", ""x2"", ""x3"", ""x4"", ""x5"", ""x6"", ""x7"", ""x0^2"", ""x0 x1"", ""x0 x2"", ""x0 x3"", ""x0 x4"", ""x0 x5"", ""x0 x6"", ""x0 x7"", ""x1^2"", ""x1 x2"", ""x1 x3"", ""x1 x4"", ""x1 x5"", ""x1 x6"", ""x1 x7"", ""x2^2"", ""x2 x3"", ""x2 x4"", ""x2 x5"", ""x2 x6"", ""x2 x7"", ""x3^2"", ""x3 x4"", ""x3 x5"", ""x3 x6"", ""x3 x7"", ""x4^2"", ""x4 x5"", ""x4 x6"", ""x4 x7"", ""x5^2"", ""x5 x6"", ""x5 x7"", ""x6^2"", ""x6 x7"", ""x7^2"", ""x0^3"", ""x0^2 x1"", ""x0^2 x2"", ""x0^2 x3"", ""x0^2 x4"", ""x0^2 x5"", ""x0^2 x6"", ""x0^2 x7"", ""x0 x1^2"", ""x0 x1 x2"", ""x0 x1 x3"", ""x0 x1 x4"", ""x0 x1 x5"", ""x0 x1 x6"", ""x0 x1 x7"", ""x0 x2^2"", ""x0 x2 x3"", ""x0 x2 x4"", ""x0 x2 x5"", ""x0 x2 x6"", ""x0 x2 x7"", ""x0 x3^2"", ""x0 x3 x4"", ""x0 x3 x5"", ""x0 x3 x6"", ""x0 x3 x7"", ""x0 x4^2"", ""x0 x4 x5"", ""x0 x4 x6"", ""x0 x4 x7"", ""x0 x5^2"", ""x0 x5 x6"", ""x0 x5 x7"", ""x0 x6^2"", ""x0 x6 x7"", ""x0 x7^2"", ""x1^3"", ""x1^2 x2"", ""x1^2 x3"", ""x1^2 x4"", ""x1^2 x5"", ""x1^2 x6"", ""x1^2 x7"", ""x1 x2^2"", ""x1 x2 x3"", ""x1 x2 x4"", ""x1 x2 x5"", ""x1 x2 x6"", ""x1 x2 x7"", ""x1 x3^2"", ""x1 x3 x4"", ""x1 x3 x5"", ""x1 x3 x6"", ""x1 x3 x7"", ""x1 x4^2"", ""x1 x4 x5"", ""x1 x4 x6"", ""x1 x4 x7"", ""x1 x5^2"", ""x1 x5 x6"", ""x1 x5 x7"", ""x1 x6^2"", ""x1 x6 x7"", ""x1 x7^2"", ""x2^3"", ""x2^2 x3"", ""x2^2 x4"", ""x2^2 x5"", ""x2^2 x6"", ""x2^2 x7"", ""x2 x3^2"", ""x2 x3 x4"", ""x2 x3 x5"", ""x2 x3 x6"", ""x2 x3 x7"", ""x2 x4^2"", ""x2 x4 x5"", ""x2 x4 x6"", ""x2 x4 x7"", ""x2 x5^2"", ""x2 x5 x6"", ""x2 x5 x7"", ""x2 x6^2"", ""x2 x6 x7"", ""x2 x7^2"", ""x3^3"", ""x3^2 x4"", ""x3^2 x5"", ""x3^2 x6"", ""x3^2 x7"", ""x3 x4^2"", ""x3 x4 x5"", ""x3 x4 x6"", ""x3 x4 x7"", ""x3 x5^2"", ""x3 x5 x6"", ""x3 x5 x7"", ""x3 x6^2"", ""x3 x6 x7"", ""x3 x7^2"", ""x4^3"", ""x4^2 x5"", ""x4^2 x6"", ""x4^2 x7"", ""x4 x5^2"", ""x4 x5 x6"", ""x4 x5 x7"", ""x4 x6^2"", ""x4 x6 x7"", ""x4 x7^2"", ""x5^3"", ""x5^2 x6"", ""x5^2 x7"", ""x5 x6^2"", ""x5 x6 x7"", ""x5 x7^2"", ""x6^3"", ""x6^2 x7"", ""x6 x7^2"", ""x7^3""]","[[0.0, 84.5869305646837, -109.85520866394135, 12.085425090317537, 0.0, 0.0, 0.0, 0.0, 4.817794705137594, 0.0, 0.0, 0.0, 0.0, 0.0, 0.0, 0.0, 0.0, 2.1554910356705492, 0.0, -2.5032794032491017, 0.0, 0.0, 0.0, 0.0, 0.0, 0.0, 0.0, 0.0, 0.0, 0.0, 0.0, 0.0, 0.0, 0.0, 0.0, 0.0, 0.0, 0.0, 0.0, 0.0, 0.0, 0.0, 0.0, 0.0, 0.0, 0.14931933913335785, -2.1263996297257757, 0.0, 0.0, 0.0, 0.0, 0.0, 0.0, 0.0, 5.392026108725453, 0.0, 0.0, 0.0, 0.0, 0.0, -2.6210677197784005, 0.0, 0.0, 0.0, 0.0, 0.0, 0.0, 0.0, 0.0, 0.0, 0.0, 1.0826141555852051, 0.0, 0.0, 0.0, -0.5377821515854228, 0.0, 0.0, 0.3929871272407274, 0.0, 0.057387676617330054, -0.5612236312362043, 0.0, 0.0, 0.0, 0.0, 0.0, 0.0, 0.0, 0.0, 0.0, 0.0, 0.0, 0.0, 0.0, 0.0, 0.0, 0.0, 0.0, -0.9025726264381538, 0.0, 0.0, 0.0, 0.657896837470852, 0.0, 0.0, -0.6434802140650757, 0.0, 0.42826719644379474, 0.0, 0.0, 0.0, 0.0, 0.0, 0.0, 0.0, 0.0, 0.0, 0.0, 0.0, 0.0, 0.0, 0.0, 0.0, 0.0, 0.0, 0.0, 0.0, 0.0, 0.0, 0.0, 0.0, 0.0, 0.0, 0.0, 0.0, 0.0, 0.0, 0.0, 0.0, 0.0, 0.0, 0.0, 0.0, 0.0, 0.0, 0.0, 0.0, 0.0, 0.0, 0.0, 0.0, 0.0, 0.0, 0.0, 0.0, 0.0, 0.0, 0.0, 0.0, 0.0, 0.0, 0.0, 0.0, 0.0], [0.0, 72.38295480298945, 0.0, -72.74519512605596, 0.0, 0.0, 0.0, 0.0, 0.0, 0.0, 0.0, 0.0, 0.0, 0.0, 0.0, 0.0, 0.0, 0.0, 0.0, 0.0, 0.0, 0.0, 0.0, 0.0, 0.0, 0.0, 0.0, 0.0, 0.0, 0.0, 0.0, 0.0, 0.0, 0.0, 0.0, 0.0, 0.0, 0.0, 0.0, 0.0, 0.0, 0.0, 0.0, 0.0, 0.0, 0.47375153336056636, 0.0, -0.5475829966262786, 0.0, 0.0, 0.0, 0.0, 0.0, 0.0, 0.0, 0.0, 0.0, 0.0, 0.0, 0.0, 0.0, 0.0, 0.0, 0.0, 0.0, 0.0, 0.0, 0.0, 0.0, 0.0, 0.0, 0.0, 0.0, 0.0, 0.0, 0.0, 0.0, 0.0, 0.0, 0.0, -0.12733298638682755, 0.0, 0.0, 0.0, 0.0, 0.0, 0.0, 0.0, 0.0, 0.0, 0.0, 0.0, 0.0, 0.0, 0.0, 0.0, 0.0, 0.0, 0.0, 0.0, 0.0, 0.0, 0.0, 0.0, 0.0, 0.0, 0.0, 0.0, 0.0, 0.007204704949098151, 0.0, 0.0, 0.0, 0.0, 0.0, 0.0, 0.0, 0.0, 0.0, 0.0, 0.0, 0.0, 0.0, 0.0, 0.0, 0.0, 0.0, 0.0, 0.0, 0.22621215375629547, 0.0, 0.0, 0.0, 0.0, 0.0, 0.0, 0.0, 0.0, 0.0, 0.0, 0.0, 0.0, 0.0, 0.0, 0.0, 0.0, 0.0, 0.0, 0.0, 0.0, 0.0, 0.0, 0.0, 0.0, 0.0, 0.0, 0.0, 0.0, 0.0, 0.0, 0.0, 0.0, 0.0, 0.0, 0.0], [0.0, 0.0, 71.02780376163594, 0.0, -71.883952508462, 0.0, 0.0, 0.0, 0.0, 0.0, 0.0, 0.0, 0.0, 0.0, 0.0, 0.0, 0.0, 0.0, 0.0, 0.0, 0.0, 0.0, 0.0, 0.0, 0.0, 0.0, 0.0, 0.0, 0.0, 0.0, 0.0, 0.0, 0.0, 0.0, 0.0, 0.0, 0.0, 0.0, 0.0, 0.0, 0.0, 0.0, 0.0, 0.0, 0.0, 0.0, 0.0, 0.0, 2.872158346320434, 0.0, 0.0, 0.0, 0.0, 0.0, 0.0, -8.020368348801922, 0.0, 0.0, 0.0, 0.0, 0.0, 0.0, 0.0, 0.0, 0.0, 0.0, 0.0, 0.0, 0.0, 0.0, 0.0, 0.0, 0.0, 0.0, 0.0, 0.0, 0.0, 0.0, 0.0, 0.0, 0.0, 0.5058949284926917, 0.657802424153803, 2.264268007599781, 0.0, 0.0, 0.0, 0.0, 0.0, 0.0, 0.0, 0.0, 0.0, 0.0, 0.0, 3.155806289317329, 0.0, 0.0, 0.0, -0.41920950184491773, 0.0, 0.0, 0.0, 0.0, 0.0, 0.0, 0.0, 0.0, -0.1154715405235913, 0.0, 0.0, 0.0, 0.0, 0.0, 0.0, 0.0, 0.0, 0.0, 0.0, 0.0, 0.0, 0.0, 0.0, 0.0, 0.0, 0.0, 0.0, 0.0, 0.0, 0.0, -0.9862802791836472, 0.0, 0.0, 0.0, 0.0, 0.0, 0.0, 0.0, 0.0, 0.0, 0.0, 0.0, 0.0, 0.0, 0.11248068808014511, 0.0, 0.0, 0.0, 0.0, 0.0, 0.0, 0.0, 0.0, 0.0, 0.0, 0.0, 0.0, 0.0, 0.0, 0.0, 0.0, 0.0, 0.0, 0.0, 0.0], [0.0, 0.0, 0.0, 72.82737642404007, 0.0, -72.73088832786944, 0.0, 0.0, 0.0, 0.0, 0.0, 0.0, 0.0, 0.0, 0.0, 0.0, 0.0, 0.0, 0.0, 0.0, 0.0, 0.0, 0.0, 0.0, 0.0, 0.0, 0.0, 0.0, 0.0, 0.0, 0.0, 0.0, 0.0, 0.0, 0.0, 0.0, 0.0, 0.0, 0.0, 0.0, 0.0, 0.0, 0.0, 0.0, 0.0, 0.0, 0.0, 1.206443178582113, 0.0, -0.7848827733649292, 0.0, 0.0, 0.0, 0.0, 0.0, 0.0, 0.0, 0.0, 0.0, 0.0, 0.0, 0.0, 0.0, 0.0, 0.0, 0.0, 0.0, 0.0, 0.0, 0.0, 0.0, 0.0, 0.0, 0.0, 0.0, 0.0, 0.0, 0.0, 0.0, 0.0, 0.0, -2.1096667925209984, 0.0, 0.0, 4.2035710062380245, 0.0, 0.0, 0.0, 0.0, 0.0, -5.917821451460093, 0.0, 0.0, 0.0, 0.0, 0.0, 0.0, 0.0, 0.0, 0.0, 0.0, 0.0, 0.0, 0.0, 0.0, 0.0, 0.0, 0.0, 0.0, 1.7018907375277532, 0.0, 0.0, 0.0, 0.0, 0.0, 0.0, 0.0, 0.0, 0.0, 0.0, 0.0, 3.2039617322672442, 0.0, 0.0, -0.4946468476718431, 0.0, 0.0, 0.0, 0.0, -0.4505180190673927, 0.0, 0.0, 0.0, 0.0, 0.0, 0.0, 0.0, 0.0, 0.0, 0.0, 0.0, 0.0, 0.0, 0.0, 0.0, -0.910233151785913, 0.0, 0.0, 0.0, 0.0, 0.0, 0.0, 0.0, 0.0, 0.38301593500765424, 0.0, 0.0, 0.0, 0.0, 0.0, 0.0, 0.0, 0.0, 0.0, 0.0], [0.0, 0.0, 0.0, 0.0, 71.10342665308387, 0.0, -71.30115205575682, 0.0, 0.0, 0.0, 0.0, 0.0, 0.0, 0.0, 0.0, 0.0, 0.0, 0.0, 0.0, 0.0, 0.0, 0.0, 0.0, 0.0, 0.0, 0.0, 0.0, 0.0, 0.0, 0.0, 0.0, 0.0, 0.0, 0.0, 0.0, 0.0, 0.0, 0.0, 0.0, 0.0, 0.0, 0.0, 0.0, 0.0, 0.0, 0.0, 0.0, 0.0, -0.36523506847625514, 0.0, 0.4002328811085061, 0.0, 0.0, 0.0, 0.0, 0.0, 0.0, 0.0, 0.0, 0.0, 0.0, 0.0, 0.0, 0.0, 0.0, 0.0, 0.0, 0.0, 0.0, 0.0, 0.0, 0.0, 0.0, 0.0, 0.0, 0.0, 0.0, 0.0, 0.0, 0.0, 0.0, 0.0, 0.0, 0.0, 0.0, 0.0, 0.0, 0.0, 0.0, 0.0, 0.0, 0.0, 0.0, 0.0, 0.0, 0.0, 0.0, 0.0, 0.0, 0.0, 0.0, 0.0, 0.0, 0.0, 0.0, 0.0, 0.0, 0.0, 0.0, 0.0, 0.0, 0.0, 0.9378297345516249, 0.0, 0.0, 0.0, 0.0, -4.064437476305136, 0.0, 0.0, 0.0, 0.0, 0.0, 0.0, 0.0, 0.0, 0.0, 0.0, 0.0, 0.0, 1.1163487581745062, 0.0, 0.0, 0.0, 0.0, 0.0, 0.0, 0.0, 0.0, 0.0, 3.7758020975081856, 0.0, -0.8539848025209849, 0.0, 0.0, 0.0, 0.0, 0.0, 0.0, 0.0, 0.0, 0.0, 0.0, 0.0, 0.0, -0.9231156443226792, 0.0, 0.0, 0.0, 0.0, 0.0, 0.0, 0.0, 0.0, 0.0], [0.0, 0.0, 0.0, 0.0, 0.0, 70.85981472582034, 0.0, -71.10341236796232, 0.0, 0.0, 0.0, 0.0, 0.0, 0.0, 0.0, 0.0, 0.0, 0.0, 0.0, 0.0, 0.0, 0.0, 0.0, 0.0, 0.0, 0.0, 0.0, 0.0, 0.0, 0.0, 0.0, 0.0, 0.0, 0.0, 0.0, 0.0, 0.0, 0.0, 0.0, 0.0, 0.0, 0.0, 0.0, 0.0, 0.0, 0.0, 0.0, 0.0, 0.0, -0.09700262425986063, 0.0, 0.11675244775374935, 0.0, 0.0, 0.0, 0.0, 0.0, 0.0, 0.0, 0.0, 0.0, 0.0, 0.0, 0.0, 0.0, 0.0, 0.0, 0.0, 0.0, 0.0, 0.0, 0.0, 0.0, 0.0, 0.0, 0.0, 0.0, 0.0, 0.0, 0.0, 0.0, 0.0, 0.0, 0.0, 0.0, 0.0, 0.0, 0.0, 0.0, 0.0, 0.0, 0.0, 0.0, 0.0, 0.0, 0.0, 0.0, 0.0, 0.0, 0.0, 0.0, 0.0, 0.0, 0.0, 0.0, 0.0, 0.0, 0.0, 0.0, 0.0, 0.0, 0.0, 0.0, 0.0, 0.0, 0.0, 0.0, 0.0, 0.0, 0.0, 0.0, 0.0, 0.0, 0.0, 0.0, 0.0, 0.0, 0.0, 0.0, 0.0, 0.0, 0.0, 0.0, 1.0269258169859004, 0.0, 0.0, 0.0, -4.172094799101688, 0.0, 0.0, 0.0, 0.0, 0.0, 0.0, 0.0, 1.0922415032836876, 0.0, 0.0, 0.0, 0.0, 0.0, 0.0, 0.0, 3.856351084983278, -0.9086381859182362, 0.0, 0.0, 0.0, 0.0, 0.0, 0.0, -0.8981190720372236, 0.0, 0.0, 0.0], [0.0, 0.0, 0.0, 0.0, 0.0, 0.0, 72.63634271655471, 0.0, -72.8067842930221, 0.0, 0.0, 0.0, 0.0, 0.0, 0.0, 0.0, 0.0, 0.0, 0.0, 0.0, 0.0, 0.0, 0.0, 0.0, 0.0, 0.0, 0.0, 0.0, 0.0, 0.0, 0.0, 0.0, 0.0, 0.0, 0.0, 0.0, 0.0, 0.0, 0.0, 0.0, 0.0, 0.0, 0.0, 0.0, 0.0, 0.0, 0.0, 0.0, 0.0, 0.0, -0.23262070883756295, 0.0, 0.14719864572029545, 0.0, 0.0, 0.0, 0.0, 0.0, 0.0, 0.0, 0.0, 0.0, 0.0, 0.0, 0.0, 0.0, 0.0, 0.0, 0.0, 0.0, 0.0, 0.0, 0.0, 0.0, 0.0, 0.0, 0.0, 0.0, 0.0, 0.0, 0.0, 0.0, 0.0, 0.0, 0.0, 0.0, 0.0, 0.0, 0.0, 0.0, 0.0, 0.0, 0.0, 0.0, 0.0, 0.0, 0.0, 0.0, 0.0, 0.0, 0.0, 0.0, 0.0, 0.0, 0.0, 0.0, 0.0, 0.0, 0.0, 0.0, 0.0, 0.0, 0.0, 0.0, 0.0, 0.0, 0.0, 0.0, 0.0, 0.0, 0.0, 0.0, 0.0, 0.0, 0.0, 0.0, 0.0, 0.0, 0.0, 0.0, 0.0, 0.0, 0.0, 0.0, 0.0, 0.0, 0.0, 0.0, 0.0, 0.0, 0.0, 0.0, 0.0, 0.0, 0.0, 0.0, 0.0, 0.0, 0.0, 0.0, 0.0, 0.0, 0.0, 0.0, 0.0, 0.21365578664482426, 0.0, 0.0, 0.0, 0.0, 0.0, 0.0, 0.0, 0.0, -0.12351359145700896], [0.0, -4.985344284275121, 0.0, 0.0, 0.0, 0.0, -11.299568377751589, 109.08571832920116, -84.30279500613669, 0.0, 0.0, 0.0, 0.0, 0.0, 0.0, 0.0, 0.0, 0.0, 0.0, 0.0, 0.0, 0.0, 0.0, 0.0, 0.0, 0.0, 0.0, 0.0, 0.0, 0.0, 0.0, 0.0, 0.0, 0.0, 0.0, 0.0, 0.0, 0.0, 0.0, 3.03390700885334, 0.0, 0.0, -3.070237238911368, 0.0, 0.0, 0.0, 0.0, 0.0, 0.0, 0.0, 0.0, -0.41240782638505247, -0.10823669282450855, 0.0, 0.0, 0.0, 0.0, 0.0, 0.0, 0.0, 0.0, 0.0, 0.0, 0.0, 0.0, 0.0, 0.0, 0.0, 0.0, 0.0, 0.0, 0.0, 0.0, 0.0, 0.0, 0.0, 0.0, 0.0, 0.0, 0.0, 0.0, 0.0, 0.0, 0.0, 0.0, 0.0, -0.10689262821376504, 0.3429790830122976, 0.0, 0.0, 0.0, 0.0, 0.0, 0.0, 0.0, 0.0, 0.0, 0.0, 0.0, 0.0, 0.0, 0.0, 0.0, 0.0, 0.0, 0.0, 0.0, 0.0, 0.0, 0.0, 0.0, 0.0, 0.0, 0.8575683600780927, -0.5871893365308353, 0.0, 0.0, 0.0, 0.0, 0.0, 0.0, 0.0, 0.0, 0.0, 0.0, 0.0, 0.0, 0.0, 0.0, 0.0, 0.0, 0.0, 0.0, 0.0, 0.0, 0.0, 0.0, 0.0, 0.0, 0.0, 0.0, 0.0, 0.0, 0.0, 0.0, 0.0, 0.0, 0.0, 0.0, 0.0, 0.0, 0.0, 0.0, -2.121377379099691, 0.0, 0.0, 0.0, 0.3141782926628361, 0.0, 0.0, 0.0, -0.6928455250756284, 2.1553416272123505, 0.0, -0.3361475545252687]]",(x0)' =  84.587 x0 + -109.855 x1 +  12.085 x2 +  4.818 x7 +  2.155 x1^2 + -2.503 x1 x3 +  0.149 x0^3 + -2.126 x0^2 x1 +  5.392 x0 x1 x2 + -2.621 x0 x2^2 +  1.083 x0 x4^2 + -0.538 x0 x5^2 +  0.393 x0 x6^2 +  0.057 x0 x7^2 + -0.561 x1^3 + -0.903 x1 x4^2 +  0.658 x1 x5^2 + -0.643 x1 x6^2 +  0.428 x1 x7^2 | (x1)' =  72.383 x0 + -72.745 x2 +  0.474 x0^3 + -0.548 x0^2 x2 + -0.127 x0 x7^2 +  0.007 x2^3 +  0.226 x2 x7^2 | (x2)' =  71.028 x1 + -71.884 x3 +  2.872 x0^2 x3 + -8.020 x0 x1 x3 +  0.506 x1^3 +  0.658 x1^2 x2 +  2.264 x1^2 x3 +  3.156 x1 x3 x4 + -0.419 x1 x4^2 + -0.115 x1 x7^2 + -0.986 x3^3 +  0.112 x3 x7^2 | (x3)' =  72.827 x2 + -72.731 x4 +  1.206 x0^2 x2 + -0.785 x0^2 x4 + -2.110 x1^3 +  4.204 x1^2 x4 + -5.918 x1 x2 x4 +  1.702 x2^3 +  3.204 x2 x4 x5 + -0.495 x2 x5^2 + -0.451 x2 x7^2 + -0.910 x4^3 +  0.383 x4 x7^2 | (x4)' =  71.103 x3 + -71.301 x5 + -0.365 x0^2 x3 +  0.400 x0^2 x5 +  0.938 x2^2 x5 + -4.064 x2 x3 x5 +  1.116 x3^3 +  3.776 x3 x5 x6 + -0.854 x3 x6^2 + -0.923 x5^3 | (x5)' =  70.860 x4 + -71.103 x6 + -0.097 x0^2 x4 +  0.117 x0^2 x6 +  1.027 x3^2 x6 + -4.172 x3 x4 x6 +  1.092 x4^3 +  3.856 x4 x6 x7 + -0.909 x4 x7^2 + -0.898 x6^3 | (x6)' =  72.636 x5 + -72.807 x7 + -0.233 x0^2 x5 +  0.147 x0^2 x7 +  0.214 x5^3 + -0.124 x7^3 | (x7)' = -4.985 x0 + -11.300 x5 +  109.086 x6 + -84.303 x7 +  3.034 x5^2 + -3.070 x6^2 + -0.412 x0^2 x6 + -0.108 x0^2 x7 + -0.107 x1^2 x6 +  0.343 x1^2 x7 +  0.858 x2^2 x6 + -0.587 x2^2 x7 + -2.121 x4 x6 x7 +  0.314 x5^2 x7 + -0.693 x6^3 +  2.155 x6^2 x7 + -0.336 x7^3
32,80.0,0.00022397498597370244,37.49490932187706,1000.0,3,8,2,8.0,56.0,5,20.0,smoothed_finite_difference_savgol_order_3,success,,99,1320,7.5,8.107058938592672,"[""1"", ""x0"", ""x1"", ""x2"", ""x3"", ""x4"", ""x5"", ""x6"", ""x7"", ""x0^2"", ""x0 x1"", ""x0 x2"", ""x0 x3"", ""x0 x4"", ""x0 x5"", ""x0 x6"", ""x0 x7"", ""x1^2"", ""x1 x2"", ""x1 x3"", ""x1 x4"", ""x1 x5"", ""x1 x6"", ""x1 x7"", ""x2^2"", ""x2 x3"", ""x2 x4"", ""x2 x5"", ""x2 x6"", ""x2 x7"", ""x3^2"", ""x3 x4"", ""x3 x5"", ""x3 x6"", ""x3 x7"", ""x4^2"", ""x4 x5"", ""x4 x6"", ""x4 x7"", ""x5^2"", ""x5 x6"", ""x5 x7"", ""x6^2"", ""x6 x7"", ""x7^2"", ""x0^3"", ""x0^2 x1"", ""x0^2 x2"", ""x0^2 x3"", ""x0^2 x4"", ""x0^2 x5"", ""x0^2 x6"", ""x0^2 x7"", ""x0 x1^2"", ""x0 x1 x2"", ""x0 x1 x3"", ""x0 x1 x4"", ""x0 x1 x5"", ""x0 x1 x6"", ""x0 x1 x7"", ""x0 x2^2"", ""x0 x2 x3"", ""x0 x2 x4"", ""x0 x2 x5"", ""x0 x2 x6"", ""x0 x2 x7"", ""x0 x3^2"", ""x0 x3 x4"", ""x0 x3 x5"", ""x0 x3 x6"", ""x0 x3 x7"", ""x0 x4^2"", ""x0 x4 x5"", ""x0 x4 x6"", ""x0 x4 x7"", ""x0 x5^2"", ""x0 x5 x6"", ""x0 x5 x7"", ""x0 x6^2"", ""x0 x6 x7"", ""x0 x7^2"", ""x1^3"", ""x1^2 x2"", ""x1^2 x3"", ""x1^2 x4"", ""x1^2 x5"", ""x1^2 x6"", ""x1^2 x7"", ""x1 x2^2"", ""x1 x2 x3"", ""x1 x2 x4"", ""x1 x2 x5"", ""x1 x2 x6"", ""x1 x2 x7"", ""x1 x3^2"", ""x1 x3 x4"", ""x1 x3 x5"", ""x1 x3 x6"", ""x1 x3 x7"", ""x1 x4^2"", ""x1 x4 x5"", ""x1 x4 x6"", ""x1 x4 x7"", ""x1 x5^2"", ""x1 x5 x6"", ""x1 x5 x7"", ""x1 x6^2"", ""x1 x6 x7"", ""x1 x7^2"", ""x2^3"", ""x2^2 x3"", ""x2^2 x4"", ""x2^2 x5"", ""x2^2 x6"", ""x2^2 x7"", ""x2 x3^2"", ""x2 x3 x4"", ""x2 x3 x5"", ""x2 x3 x6"", ""x2 x3 x7"", ""x2 x4^2"", ""x2 x4 x5"", ""x2 x4 x6"", ""x2 x4 x7"", ""x2 x5^2"", ""x2 x5 x6"", ""x2 x5 x7"", ""x2 x6^2"", ""x2 x6 x7"", ""x2 x7^2"", ""x3^3"", ""x3^2 x4"", ""x3^2 x5"", ""x3^2 x6"", ""x3^2 x7"", ""x3 x4^2"", ""x3 x4 x5"", ""x3 x4 x6"", ""x3 x4 x7"", ""x3 x5^2"", ""x3 x5 x6"", ""x3 x5 x7"", ""x3 x6^2"", ""x3 x6 x7"", ""x3 x7^2"", ""x4^3"", ""x4^2 x5"", ""x4^2 x6"", ""x4^2 x7"", ""x4 x5^2"", ""x4 x5 x6"", ""x4 x5 x7"", ""x4 x6^2"", ""x4 x6 x7"", ""x4 x7^2"", ""x5^3"", ""x5^2 x6"", ""x5^2 x7"", ""x5 x6^2"", ""x5 x6 x7"", ""x5 x7^2"", ""x6^3"", ""x6^2 x7"", ""x6 x7^2"", ""x7^3""]","[[0.0, 101.77963743273013, -137.17959889075084, 25.402854030885024, 0.0, 0.0, 0.0, 0.0, 3.8505731394406206, 0.0, 0.0, 0.0, 0.0, 0.0, 0.0, 0.0, 0.0, 0.0, 0.0, 0.0, 0.0, 0.0, 0.0, 0.0, 0.0, 0.0, 0.0, 0.0, 0.0, 0.0, 0.0, 0.0, 0.0, 0.0, 0.0, 0.0, 0.0, 0.0, 0.0, 0.0, 0.0, 0.0, 0.0, 0.0, 0.0, -0.4251767332693514, 0.0, 0.9771383866907246, 0.0, 0.0, 0.0, 0.0, 0.0, -3.083440692981131, 4.723456231920613, 0.0, 0.0, 0.0, 0.0, 0.0, -2.4687745210942524, 0.0, 0.0, 0.0, 0.0, 0.0, 0.0, 0.0, 0.0, 0.0, 0.0, 0.0, 0.0, 0.0, 0.0, 0.8279583453916837, 0.0, 0.0, -0.3499990036645999, 0.0, 0.13174156641955911, 0.5847820264123397, 0.0, 0.0, 0.0, 0.0, 0.0, 0.0, 0.0, 0.0, 0.0, 0.0, 0.0, 0.0, 0.0, 0.0, 0.0, 0.0, 0.0, 0.0, 0.0, 0.0, 0.0, -0.8285573200560529, 0.0, 0.0, 0.20191724793883337, 0.0, 0.23150524433969077, 0.0, 0.0, 0.0, 0.0, 0.0, 0.0, 0.0, 0.0, 0.0, 0.0, 0.0, 0.0, 0.0, 0.0, 0.0, 0.0, 0.0, 0.0, 0.0, 0.0, 0.0, 0.0, 0.0, 0.0, 0.0, 0.0, 0.0, 0.0, 0.0, 0.0, 0.0, 0.0, 0.0, 0.0, 0.0, 0.0, 0.0, 0.0, 0.0, 0.0, 0.0, 0.0, 0.0, 0.0, 0.0, 0.0, 0.0, 0.0, 0.0, 0.0, 0.0, 0.0, 0.0, 0.0, 0.0, 0.0], [0.0, 71.79499393420684, 0.0, -71.71390968328122, 0.0, 0.0, 0.0, 0.0, 0.0, 0.0, 0.0, 0.0, 0.0, 0.0, 0.0, 0.0, 0.0, 0.0, 0.0, 0.0, 0.0, 0.0, 0.0, 0.0, 0.0, 0.0, 0.0, 0.0, 0.0, 0.0, 0.0, 0.0, 0.0, 0.0, 0.0, 0.0, 0.0, 0.0, 0.0, 0.0, 0.0, 0.0, 0.0, 0.0, 0.0, 0.5521091569531772, 0.0, -1.162694783514081, 0.0, 0.0, 0.0, 0.0, 0.0, 0.0, 0.0, 0.0, 0.0, 0.0, 0.0, 0.0, 0.0, 0.0, 0.0, 0.0, 0.0, 0.0, 1.4191402255388854, 0.0, 0.0, 0.0, 0.0, 0.0, 0.0, 0.0, 0.0, 0.0, 0.0, 0.0, 0.0, 0.0, -0.2269222197671997, 0.0, 0.0, 0.0, 0.0, 0.0, 0.0, 0.0, 0.0, 0.0, 0.0, 0.0, 0.0, 0.0, 0.0, 0.0, 0.0, 0.0, 0.0, 0.0, 0.0, 0.0, 0.0, 0.0, 0.0, 0.0, 0.0, 0.0, 0.0, -0.46836476988581516, 0.0, 0.0, 0.0, 0.0, 0.0, 0.0, 0.0, 0.0, 0.0, 0.0, 0.0, 0.0, 0.0, 0.0, 0.0, 0.0, 0.0, 0.0, 0.0, -0.021065197686034272, 0.0, 0.0, 0.0, 0.0, 0.0, 0.0, 0.0, 0.0, 0.0, 0.0, 0.0, 0.0, 0.0, 0.0, 0.0, 0.0, 0.0, 0.0, 0.0, 0.0, 0.0, 0.0, 0.0, 0.0, 0.0, 0.0, 0.0, 0.0, 0.0, 0.0, 0.0, 0.0, 0.0, 0.0, 0.0], [0.0, 0.0, 70.7391982026455, 0.0, -70.82345286553753, 0.0, 0.0, 0.0, 0.0, 0.0, 0.0, 0.0, 0.0, 0.0, 0.0, 0.0, 0.0, 0.0, 0.0, 0.0, 0.0, 0.0, 0.0, 0.0, 0.0, 0.0, 0.0, 0.0, 0.0, 0.0, 0.0, 0.0, 0.0, 0.0, 0.0, 0.0, 0.0, 0.0, 0.0, 0.0, 0.0, 0.0, 0.0, 0.0, 0.0, 0.0, 0.0, 0.0, 0.992115608911168, 0.0, 0.0, 0.0, 0.0, 0.0, 0.0, -4.421240036259372, 0.0, 0.0, 0.0, 0.0, 0.0, 0.0, 0.0, 0.0, 0.0, 0.0, 0.0, 0.0, 0.0, 0.0, 0.0, 0.0, 0.0, 0.0, 0.0, 0.0, 0.0, 0.0, 0.0, 0.0, 0.0, 1.1658328160285414, 0.0, 0.0, 0.0, 0.0, 0.0, 0.0, 0.0, 0.0, 0.0, 0.0, 0.0, 0.0, 0.0, 4.354601264907152, 0.0, 0.0, 0.0, -0.9745644837987553, 0.0, 0.0, 0.0, 0.0, 0.0, 0.0, 0.0, 0.0, -0.030815080412351703, 0.0, 0.0, 0.0, 0.0, 0.0, 0.0, 0.0, 0.0, 0.0, 0.0, 0.0, 0.0, 0.0, 0.0, 0.0, 0.0, 0.0, 0.0, 0.0, 0.0, 0.0, -1.0830943196183578, 0.0, 0.0, 0.0, 0.0, 0.0, 0.0, 0.0, 0.0, 0.0, 0.0, 0.0, 0.0, 0.0, -0.009996543033031696, 0.0, 0.0, 0.0, 0.0, 0.0, 0.0, 0.0, 0.0, 0.0, 0.0, 0.0, 0.0, 0.0, 0.0, 0.0, 0.0, 0.0, 0.0, 0.0, 0.0], [0.0, 0.0, 0.0, 73.02837668473794, 0.0, -72.78816155174131, 0.0, 0.0, 0.0, 0.0, 0.0, 0.0, 0.0, 0.0, 0.0, 0.0, 0.0, 0.0, 0.0, 0.0, 0.0, 0.0, 0.0, 0.0, 0.0, 0.0, 0.0, 0.0, 0.0, 0.0, 0.0, 0.0, 0.0, 0.0, 0.0, 0.0, 0.0, 0.0, 0.0, 0.0, 0.0, 0.0, 0.0, 0.0, 0.0, 0.0, 0.0, 1.3028508074561238, 0.0, 0.0, 0.0, 0.0, 0.0, 0.0, 0.0, 0.0, 0.0, 0.0, 0.0, 0.0, 0.0, 0.0, 0.0, 0.0, 0.0, 0.0, 0.0, 0.0, 0.0, 0.0, 0.0, 0.0, 0.0, 0.0, 0.0, 0.0, 0.0, 0.0, 0.0, 0.0, 0.0, -2.4093338275454266, 0.0, 0.0, 3.470267594252497, 0.0, 0.0, 0.0, 0.0, 0.0, -6.070506830555826, 0.0, 0.0, 0.0, 0.0, 0.0, 0.0, 0.0, 0.0, 0.0, 0.0, 0.0, 0.0, 0.0, 0.0, 0.0, 0.0, 0.0, 0.0, 2.0079383637010833, 0.0, 0.0, 0.0, 0.0, 0.0, 0.0, 0.0, 0.0, 0.0, 0.0, 0.0, 3.530516780542811, 0.0, 0.0, -0.4967549480999654, 0.0, 0.0, 0.0, 0.0, -0.5433902909592494, 0.0, 0.0, 0.0, 0.0, 0.0, 0.0, 0.0, 0.0, 0.0, 0.0, 0.0, 0.0, 0.0, 0.0, 0.0, -1.0954298687493984, 0.0, 0.0, 0.0, 0.0, 0.0, 0.0, 0.0, 0.0, 0.3878511628231249, 0.0, 0.0, 0.0, 0.0, 0.0, 0.0, 0.0, 0.0, 0.0, 0.0], [0.0, 0.0, 0.0, 0.0, 72.77812404920037, 0.0, -72.51074963130706, 0.0, 0.0, 0.0, 0.0, 0.0, 0.0, 0.0, 0.0, 0.0, 0.0, 0.0, 0.0, 0.0, 0.0, 0.0, 0.0, 0.0, 0.0, 0.0, 0.0, 0.0, 0.0, 0.0, 0.0, 0.0, 0.0, 0.0, 0.0, 0.0, 0.0, 0.0, 0.0, 0.0, 0.0, 0.0, 0.0, 0.0, 0.0, 0.0, 0.0, 0.0, 0.0, 0.0, 0.0, 0.0, 0.0, 0.0, 0.0, 0.0, 0.0, 0.0, 0.0, 0.0, 0.0, 0.0, 0.0, 0.0, 0.0, 0.0, 0.0, 0.0, 0.0, 0.0, 0.0, 0.0, 0.0, 0.0, 0.0, 0.0, 0.0, 0.0, 0.0, 0.0, 0.0, 0.0, 0.0, 1.2528116617643608, 0.0, 0.0, 0.0, 0.0, 0.0, 0.0, 0.0, 0.0, 0.0, 0.0, 0.0, 0.0, 0.0, 0.0, 0.0, 0.0, 0.0, 0.0, 0.0, 0.0, 0.0, 0.0, 0.0, 0.0, 0.0, -2.3883828860630287, 0.0, 0.0, 3.52816485115162, 0.0, 0.0, 0.0, 0.0, -6.206590279278269, 0.0, 0.0, 0.0, 0.0, 0.0, 0.0, 0.0, 0.0, 0.0, 0.0, 0.0, 0.0, 1.9839272158649055, 0.0, 0.0, 0.0, 0.0, 0.0, 0.0, 0.0, 0.0, 0.0, 3.7099201678957443, 0.0, -0.709253804452617, 0.0, 0.0, 0.0, 0.0, 0.0, 0.0, 0.0, 0.0, 0.0, 0.0, 0.0, 0.0, -1.055026534269513, 0.0, 0.0, 0.0, 0.0, 0.0, 0.0, 0.0, 0.0, 0.0], [0.0, 0.0, 0.0, 0.0, 0.0, 72.63960684943606, 0.0, -72.33198654449329, 0.0, 0.0, 0.0, 0.0, 0.0, 0.0, 0.0, 0.0, 0.0, 0.0, 0.0, 0.0, 0.0, 0.0, 0.0, 0.0, 0.0, 0.0, 0.0, 0.0, 0.0, 0.0, 0.0, 0.0, 0.0, 0.0, 0.0, 0.0, 0.0, 0.0, 0.0, 0.0, 0.0, 0.0, 0.0, 0.0, 0.0, 0.0, 0.0, 0.0, 0.0, 0.058697200844820434, 0.0, -0.31303498696202275, 0.0, 0.0, 0.0, 0.0, 0.0, 0.0, 0.0, 0.0, 0.0, 0.0, 0.0, 0.0, 0.0, 0.0, 0.0, 0.0, 0.0, 0.0, 0.0, 0.0, 0.0, 0.0, 0.0, 0.0, 0.0, 0.0, 0.0, 0.0, 0.0, 0.0, 0.0, 0.0, 0.0, 0.0, 0.0, 0.0, 0.0, 0.0, 0.0, 0.0, 0.0, 0.0, 0.0, 0.0, 0.0, 0.0, 0.0, 0.0, 0.0, 0.0, 0.0, 0.0, 0.0, 0.0, 0.0, 0.0, 0.0, 0.0, 0.0, 1.3759206335423941, 0.0, 0.0, 0.0, 0.0, 0.0, 0.0, 0.0, 0.0, 0.0, 0.0, 0.0, 0.0, 0.0, 0.0, 0.0, 0.0, 0.0, 0.0, -2.4462256068356707, 0.0, 0.0, 3.7230615911739746, 0.0, 0.0, 0.0, -6.339362659199711, 0.0, 0.0, 0.0, 0.0, 0.0, 0.0, 0.0, 1.9774475477048041, 0.0, 0.0, 0.0, 0.0, 0.0, 0.0, 0.0, 3.732622339804059, -0.6753993754759755, 0.0, 0.0, 0.0, 0.0, 0.0, 0.0, -1.0381524408174136, 0.0, 0.0, 0.0], [0.0, 0.0, 0.0, 0.0, 0.0, 0.0, 73.68853041647834, 0.0, -73.56207085882933, 0.0, 0.0, 0.0, 0.0, 0.0, 0.0, 0.0, 0.0, 0.0, 0.0, 0.0, 0.0, 0.0, 0.0, 0.0, 0.0, 0.0, 0.0, 0.0, 0.0, 0.0, 0.0, 0.0, 0.0, 0.0, 0.0, 0.0, 0.0, 0.0, 0.0, 0.0, 0.0, 0.0, 0.0, 0.0, 0.0, 0.0, 0.0, 0.0, 0.0, 0.0, 0.3894751883144625, 0.0, 0.0650066709440049, 0.0, 0.0, 0.0, 0.0, 0.0, 0.0, 0.0, 0.0, 0.0, 0.0, 0.0, 0.0, 0.0, 0.0, 0.0, 0.0, 0.0, 0.0, 0.0, 0.0, 0.0, 0.0, 0.0, 0.0, 0.0, 0.0, 0.0, 0.0, 0.0, 0.0, 0.0, 0.0, 0.0, 0.0, 0.0, 0.0, 0.0, 0.0, 0.0, 0.0, 0.0, 0.0, 0.0, 0.0, 0.0, 0.0, 0.0, 0.0, 0.0, 0.0, 0.0, 0.0, 0.0, 0.0, 0.0, 0.0, 0.0, 0.0, 0.0, 0.0, 0.0, 0.0, 0.0, 0.0, 0.0, 0.0, 0.0, 0.0, 0.0, 0.0, 0.0, 0.0, 0.0, 0.0, 0.0, 0.0, 0.0, 0.0, 0.0, 0.0, 0.0, 0.0, 0.0, 0.0, 0.0, 0.0, 0.0, 0.0, 0.0, 0.0, 0.0, 0.0, -1.631723254490575, 0.0, 0.0, 0.0, 0.0, 0.0, 0.0, 0.0, 0.0, 0.0, 1.2573215956119654, 0.0, 0.0, 0.0, 0.0, 0.0, 0.0, 0.0, 0.0, -0.15099838618094072], [0.0, -4.139745808518191, 0.0, 0.0, 0.0, 0.0, -24.19206538692024, 134.23334839633955, -100.25678322277007, 0.0, 0.0, 0.0, 0.0, 0.0, 0.0, 0.0, 0.0, 0.0, 0.0, 0.0, 0.0, 0.0, 0.0, 0.0, 0.0, 0.0, 0.0, 0.0, 0.0, 0.0, 0.0, 0.0, 0.0, 0.0, 0.0, 0.0, 0.0, 0.0, 0.0, 1.646014247417398, 0.0, 0.0, 4.2020158553845555, -10.867200124662439, 4.38294309191778, 0.0, 0.0, 0.0, 0.0, 0.0, 0.0, -0.2555502299850461, 0.7472700697442666, 0.0, 0.0, 0.0, 0.0, 0.0, 0.0, -1.6564711742665226, 0.0, 0.0, 0.0, 0.0, 0.0, 0.0, 0.0, 0.0, 0.0, 0.0, 0.0, 0.0, 0.0, 0.0, 0.0, 0.0, 0.0, 0.0, 0.0, 0.0, 0.0, 0.0, 0.0, 0.0, 0.0, 0.0, 0.24531838804062497, 0.5985378772894304, 0.0, 0.0, 0.0, 0.0, 0.0, 0.0, 0.0, 0.0, 0.0, 0.0, 0.0, 0.0, 0.0, 0.0, 0.0, 0.0, 0.0, 0.0, 0.0, 0.0, 0.0, 0.0, 0.0, 0.0, 0.0, -0.4748481359534611, 0.8750438672579367, 0.0, 0.0, 0.0, 0.0, 0.0, 0.0, 0.0, 0.0, 0.0, 0.0, 0.0, 0.0, 0.0, 0.0, 0.0, 0.0, 0.0, 0.0, 0.0, -1.0248722372839094, 0.0, 0.0, 0.0, 0.0, 0.0, 0.0, 0.0, 0.0, 0.0, 0.0, 0.0, 0.0, 1.7311550669566518, 0.0, 0.0, 0.0, 0.0, 0.0, 0.0, 0.0, -0.4620729271942563, 0.0, 2.876076142278322, 0.0, -9.178581094220283, 1.177544197567336, 0.5687904346752081, 4.1666093168134175, 0.0, -0.3454982868140982]]",(x0)' =  101.780 x0 + -137.180 x1 +  25.403 x2 +  3.851 x7 + -0.425 x0^3 +  0.977 x0^2 x2 + -3.083 x0 x1^2 +  4.723 x0 x1 x2 + -2.469 x0 x2^2 +  0.828 x0 x5^2 + -0.350 x0 x6^2 +  0.132 x0 x7^2 +  0.585 x1^3 + -0.829 x1 x5^2 +  0.202 x1 x6^2 +  0.232 x1 x7^2 | (x1)' =  71.795 x0 + -71.714 x2 +  0.552 x0^3 + -1.163 x0^2 x2 +  1.419 x0 x3^2 + -0.227 x0 x7^2 + -0.468 x2^3 + -0.021 x2 x7^2 | (x2)' =  70.739 x1 + -70.823 x3 +  0.992 x0^2 x3 + -4.421 x0 x1 x3 +  1.166 x1^3 +  4.355 x1 x3 x4 + -0.975 x1 x4^2 + -0.031 x1 x7^2 + -1.083 x3^3 + -0.010 x3 x7^2 | (x3)' =  73.028 x2 + -72.788 x4 +  1.303 x0^2 x2 + -2.409 x1^3 +  3.470 x1^2 x4 + -6.071 x1 x2 x4 +  2.008 x2^3 +  3.531 x2 x4 x5 + -0.497 x2 x5^2 + -0.543 x2 x7^2 + -1.095 x4^3 +  0.388 x4 x7^2 | (x4)' =  72.778 x3 + -72.511 x5 +  1.253 x1^2 x3 + -2.388 x2^3 +  3.528 x2^2 x5 + -6.207 x2 x3 x5 +  1.984 x3^3 +  3.710 x3 x5 x6 + -0.709 x3 x6^2 + -1.055 x5^3 | (x5)' =  72.640 x4 + -72.332 x6 +  0.059 x0^2 x4 + -0.313 x0^2 x6 +  1.376 x2^2 x4 + -2.446 x3^3 +  3.723 x3^2 x6 + -6.339 x3 x4 x6 +  1.977 x4^3 +  3.733 x4 x6 x7 + -0.675 x4 x7^2 + -1.038 x6^3 | (x6)' =  73.689 x5 + -73.562 x7 +  0.389 x0^2 x5 +  0.065 x0^2 x7 + -1.632 x4^3 +  1.257 x5^3 + -0.151 x7^3 | (x7)' = -4.140 x0 + -24.192 x5 +  134.233 x6 + -100.257 x7 +  1.646 x5^2 +  4.202 x6^2 + -10.867 x6 x7 +  4.383 x7^2 + -0.256 x0^2 x6 +  0.747 x0^2 x7 + -1.656 x0 x1 x7 +  0.245 x1^2 x6 +  0.599 x1^2 x7 + -0.475 x2^2 x6 +  0.875 x2^2 x7 + -1.025 x3^2 x7 +  1.731 x4^2 x6 + -0.462 x5^3 +  2.876 x5^2 x7 + -9.179 x5 x6 x7 +  1.178 x5 x7^2 +  0.569 x6^3 +  4.167 x6^2 x7 + -0.345 x7^3
33,80.0,0.00022397498597370244,37.49490932187706,1000.0,3,8,2,8.0,56.0,9,36.0,smoothed_finite_difference_savgol_order_3,success,,100,1320,7.575757575757576,9.722666596993804,"[""1"", ""x0"", ""x1"", ""x2"", ""x3"", ""x4"", ""x5"", ""x6"", ""x7"", ""x0^2"", ""x0 x1"", ""x0 x2"", ""x0 x3"", ""x0 x4"", ""x0 x5"", ""x0 x6"", ""x0 x7"", ""x1^2"", ""x1 x2"", ""x1 x3"", ""x1 x4"", ""x1 x5"", ""x1 x6"", ""x1 x7"", ""x2^2"", ""x2 x3"", ""x2 x4"", ""x2 x5"", ""x2 x6"", ""x2 x7"", ""x3^2"", ""x3 x4"", ""x3 x5"", ""x3 x6"", ""x3 x7"", ""x4^2"", ""x4 x5"", ""x4 x6"", ""x4 x7"", ""x5^2"", ""x5 x6"", ""x5 x7"", ""x6^2"", ""x6 x7"", ""x7^2"", ""x0^3"", ""x0^2 x1"", ""x0^2 x2"", ""x0^2 x3"", ""x0^2 x4"", ""x0^2 x5"", ""x0^2 x6"", ""x0^2 x7"", ""x0 x1^2"", ""x0 x1 x2"", ""x0 x1 x3"", ""x0 x1 x4"", ""x0 x1 x5"", ""x0 x1 x6"", ""x0 x1 x7"", ""x0 x2^2"", ""x0 x2 x3"", ""x0 x2 x4"", ""x0 x2 x5"", ""x0 x2 x6"", ""x0 x2 x7"", ""x0 x3^2"", ""x0 x3 x4"", ""x0 x3 x5"", ""x0 x3 x6"", ""x0 x3 x7"", ""x0 x4^2"", ""x0 x4 x5"", ""x0 x4 x6"", ""x0 x4 x7"", ""x0 x5^2"", ""x0 x5 x6"", ""x0 x5 x7"", ""x0 x6^2"", ""x0 x6 x7"", ""x0 x7^2"", ""x1^3"", ""x1^2 x2"", ""x1^2 x3"", ""x1^2 x4"", ""x1^2 x5"", ""x1^2 x6"", ""x1^2 x7"", ""x1 x2^2"", ""x1 x2 x3"", ""x1 x2 x4"", ""x1 x2 x5"", ""x1 x2 x6"", ""x1 x2 x7"", ""x1 x3^2"", ""x1 x3 x4"", ""x1 x3 x5"", ""x1 x3 x6"", ""x1 x3 x7"", ""x1 x4^2"", ""x1 x4 x5"", ""x1 x4 x6"", ""x1 x4 x7"", ""x1 x5^2"", ""x1 x5 x6"", ""x1 x5 x7"", ""x1 x6^2"", ""x1 x6 x7"", ""x1 x7^2"", ""x2^3"", ""x2^2 x3"", ""x2^2 x4"", ""x2^2 x5"", ""x2^2 x6"", ""x2^2 x7"", ""x2 x3^2"", ""x2 x3 x4"", ""x2 x3 x5"", ""x2 x3 x6"", ""x2 x3 x7"", ""x2 x4^2"", ""x2 x4 x5"", ""x2 x4 x6"", ""x2 x4 x7"", ""x2 x5^2"", ""x2 x5 x6"", ""x2 x5 x7"", ""x2 x6^2"", ""x2 x6 x7"", ""x2 x7^2"", ""x3^3"", ""x3^2 x4"", ""x3^2 x5"", ""x3^2 x6"", ""x3^2 x7"", ""x3 x4^2"", ""x3 x4 x5"", ""x3 x4 x6"", ""x3 x4 x7"", ""x3 x5^2"", ""x3 x5 x6"", ""x3 x5 x7"", ""x3 x6^2"", ""x3 x6 x7"", ""x3 x7^2"", ""x4^3"", ""x4^2 x5"", ""x4^2 x6"", ""x4^2 x7"", ""x4 x5^2"", ""x4 x5 x6"", ""x4 x5 x7"", ""x4 x6^2"", ""x4 x6 x7"", ""x4 x7^2"", ""x5^3"", ""x5^2 x6"", ""x5^2 x7"", ""x5 x6^2"", ""x5 x6 x7"", ""x5 x7^2"", ""x6^3"", ""x6^2 x7"", ""x6 x7^2"", ""x7^3""]","[[0.0, 147.1311216876087, -218.20537251547293, 85.24037662792483, -20.0961037192554, 0.0, 0.0, 0.0, 2.683692978700647, 0.0, 0.0, 0.0, 0.0, 0.0, 0.0, 0.0, 0.0, 0.0, 0.0, 0.0, 0.0, 0.0, 0.0, 0.0, 0.0, 0.0, 0.0, 0.0, 0.0, 0.0, 0.0, 0.0, 0.0, 0.0, 0.0, 0.0, 0.0, 0.0, 0.0, 0.0, 0.0, 0.0, 0.0, 0.0, 0.0, -0.19085877369114695, 0.0, 0.0, 0.0, 0.0, 0.0, 0.0, 0.0, 0.8254631206688579, 0.0, 2.139085571222569, 0.0, 0.0, 0.0, 0.0, 0.5781315640937886, -7.474421898418855, 0.0, 0.0, 0.0, 0.0, 5.5399725421509665, 0.0, 0.0, 0.0, 0.0, 0.0, 0.0, 0.0, 0.0, -0.3998781549556573, -4.382375313709388, 0.0, 6.411001577479995, -2.7711865380480996, 0.323899272027952, -2.5020461242786, 2.6853334017007042, 0.0, 0.0, 0.0, 0.0, 0.0, 0.0, 0.0, 0.0, 0.0, 0.0, 0.0, 0.0, 1.9166890578388347, 0.0, 0.0, 0.0, -7.065105685742619, 2.6231192509815497, 0.0, 0.0, 5.476807657421677, 0.0, 0.0, -8.007055411577728, 5.903085408262252, -1.2117056461783904, 0.0, 0.0, 0.0, 0.0, 0.0, 0.0, 0.0, 0.0, 0.0, 0.0, 0.0, 0.0, 0.0, 0.0, 0.0, 0.0, 0.0, 0.0, 0.0, 0.0, 0.0, -0.11749490038478609, 0.0, 0.0, 0.0, 0.0, 0.0, 0.0, 0.0, 0.0, 0.0, 0.0, 0.0, 0.0, 0.0, 0.0, 0.0, 0.0, 0.0, 0.0, 0.0, 0.0, 0.0, 0.0, 0.0, 0.0, 0.0, 0.0, 0.0, 0.0, 0.0, 0.0, 0.0, 0.0, 0.0, 0.0], [0.0, 70.96604268980033, 0.0, -76.07672741353394, 5.66717239692741, 1.15392664830901, 0.0, 0.0, 0.0, 0.0, 0.0, 0.0, 0.0, 0.0, 0.0, 0.0, 0.0, 0.0, 0.0, 0.0, 0.0, 0.0, 0.0, 0.0, 0.0, 0.0, 0.0, 0.0, 0.0, 0.0, 0.0, 0.0, 0.0, 0.0, 0.0, 0.0, 0.0, 0.0, 0.0, 0.0, 0.0, 0.0, 0.0, 0.0, 0.0, 0.004916270713462396, 0.0, 0.0, 0.0, 0.0, 0.0, 0.0, 0.0, 0.0, 0.0, 0.0, 0.0, 0.0, 0.0, 0.0, 0.0, 0.0, 0.0, 0.0, 0.0, 0.0, 0.0, 0.0, 0.0, 0.0, 0.0, 0.0, 0.0, 0.0, 0.0, 0.0, 0.0, 0.0, 0.0, 0.0, 0.0, 0.0, 0.0, 0.0, 0.0, 0.0, 0.0, 0.0, 0.0, 0.0, 0.0, 0.0, 0.0, 0.0, 0.0, 0.0, 0.0, 0.0, 0.0, 0.0, 0.0, 0.0, 0.0, 0.0, 0.0, 0.0, 0.0, 0.0, 0.0, -0.09401794278289519, 0.0, 0.0, 0.0, 0.0, 0.0, 0.0, 0.0, 0.0, 0.0, 0.0, 0.0, 0.0, 0.0, 0.0, 0.0, 0.0, 0.0, 0.0, 0.0, 0.0, 0.0, 0.0, 0.0, 0.0, 0.0, 0.0, 0.0, 0.0, 0.0, 0.0, 0.0, 0.0, 0.0, 0.0, 0.0, 0.0, 0.0, 0.0, 0.0, 0.0, 0.0, 0.0, 0.0, 0.0, 0.0, 0.0, 0.0, 0.0, 0.0, 0.0, 0.0, 0.0, 0.0, 0.0, 0.0], [0.0, -13.738454212541027, 88.03448174278726, 0.0, -89.37376776173194, 16.991002039940522, -2.159280122741378, 0.0, 0.0, 0.0, 0.0, 0.0, 0.0, 0.0, 0.0, 0.0, 0.0, 0.0, 0.0, 0.0, 0.0, 0.0, 0.0, 0.0, 0.0, 0.0, 0.0, 0.0, 0.0, 0.0, 0.0, 0.0, 0.0, 0.0, 0.0, 0.0, 0.0, 0.0, 0.0, 0.0, 0.0, 0.0, 0.0, 0.0, 0.0, 0.0, 0.0, 0.0, 0.05075390719076121, 0.0, 0.0, 0.0, 0.0, 0.0, 0.0, 0.0, 0.0, 0.0, 0.0, 0.0, 0.0, 0.0, 0.0, 0.0, 0.0, 0.0, 0.0, 0.0, 0.0, 0.0, 0.0, 0.0, 0.0, 0.0, 0.0, 0.0, 0.0, 0.0, 0.0, 0.0, 0.0, -0.029344051695860785, 0.0, 0.0, 0.0, 0.0, 0.0, 0.0, 0.0, 0.0, 0.0, 0.0, 0.0, 0.0, 0.0, 0.0, 0.0, 0.0, 0.0, 0.025739342435482402, 0.0, 0.0, 0.0, 0.0, 0.0, 0.0, 0.0, 0.0, 0.0, 0.0, 0.0, 0.0, 0.0, 0.0, 0.0, 0.0, 0.0, 0.0, 0.0, 0.0, 0.0, 0.0, 0.0, 0.0, 0.0, 0.0, 0.0, 0.0, 0.0, 0.0, -0.024210942200982792, 0.0, 0.0, 0.0, 0.0, 0.0, 0.0, 0.0, 0.0, 0.0, 0.0, 0.0, 0.0, 0.0, 0.0, 0.0, 0.0, 0.0, 0.0, 0.0, 0.0, 0.0, 0.0, 0.0, 0.0, 0.0, 0.0, 0.0, 0.0, 0.0, 0.0, 0.0, 0.0, 0.0, 0.0], [0.0, 3.450349516969214, -19.793390340779926, 92.0580329760156, 0.0, -92.05871777255643, 19.845582571929736, -3.4816524453824638, 0.0, 0.0, 0.0, 0.0, 0.0, 0.0, 0.0, 0.0, 0.0, 0.0, 0.0, 0.0, 0.0, 0.0, 0.0, 0.0, 0.0, 0.0, 0.0, 0.0, 0.0, 0.0, 0.0, 0.0, 0.0, 0.0, 0.0, 0.0, 0.0, 0.0, 0.0, 0.0, 0.0, 0.0, 0.0, 0.0, 0.0, 0.0, 0.0, 0.0, 0.0, 0.0, 0.0, 0.0, 0.0, 0.0, 0.0, 0.0, 0.0, 0.0, 0.0, 0.0, 0.0, 0.0, 0.0, 0.0, 0.0, 0.0, 0.0, 0.0, 0.0, 0.0, 0.0, 0.0, 0.0, 0.0, 0.0, 0.0, 0.0, 0.0, 0.0, 0.0, 0.0, 0.0, 0.0, 0.0, 0.003576953979122419, 0.0, 0.0, 0.0, 0.0, 0.0, 0.0, 0.0, 0.0, 0.0, 0.0, 0.0, 0.0, 0.0, 0.0, 0.0, 0.0, 0.0, 0.0, 0.0, 0.0, 0.0, 0.0, 0.0, 0.0, 0.00047252251750738494, 0.0, 0.0, 0.0, 0.0, 0.0, 0.0, 0.0, 0.0, 0.0, 0.0, 0.0, 0.0, 0.0, 0.0, 0.0, 0.0, 0.0, 0.0, 0.0, 0.0, 0.0, 0.0, 0.0, 0.0, 0.0, 0.0, 0.0, 0.0, 0.0, 0.0, 0.0, 0.0, 0.0, 0.0, 0.0, -0.007544762373725568, 0.0, 0.0, 0.0, 0.0, 0.0, 0.0, 0.0, 0.0, 0.0, 0.0, 0.0, 0.0, 0.0, 0.0, 0.0, 0.0, 0.0, 0.0, 0.0], [0.0, 0.0, 3.810649750167461, -20.669810089791397, 92.85722673807543, 0.0, -92.74018735735896, 20.477312747392553, -3.727647460187728, 0.0, 0.0, 0.0, 0.0, 0.0, 0.0, 0.0, 0.0, 0.0, 0.0, 0.0, 0.0, 0.0, 0.0, 0.0, 0.0, 0.0, 0.0, 0.0, 0.0, 0.0, 0.0, 0.0, 0.0, 0.0, 0.0, 0.0, 0.0, 0.0, 0.0, 0.0, 0.0, 0.0, 0.0, 0.0, 0.0, 0.0, 0.0, 0.0, 0.0, 0.0, 0.0, 0.0, 0.0, 0.0, 0.0, 0.0, 0.0, 0.0, 0.0, 0.0, 0.0, 0.0, 0.0, 0.0, 0.0, 0.0, 0.0, 0.0, 0.0, 0.0, 0.0, 0.0, 0.0, 0.0, 0.0, 0.0, 0.0, 0.0, 0.0, 0.0, 0.0, 0.0, 0.0, 0.0, 0.0, 0.0, 0.0, 0.0, 0.0, 0.0, 0.0, 0.0, 0.0, 0.0, 0.0, 0.0, 0.0, 0.0, 0.0, 0.0, 0.0, 0.0, 0.0, 0.0, 0.0, 0.0, 0.0, 0.0, 0.0, 0.0, 0.0, 0.0, 0.0, 0.0, 0.0, 0.0, 0.0, 0.0, 0.0, 0.0, 0.0, 0.0, 0.0, 0.0, 0.0, 0.0, 0.0, 0.0, 0.0, 0.0, -0.006230104151256272, 0.0, 0.0, 0.0, 0.0, 0.0, 0.0, 0.0, 0.0, 0.0, 0.0, 0.0, 0.020590664943254504, 0.0, 0.0, 0.0, 0.0, 0.0, 0.0, 0.0, 0.0, 0.0, 0.0, 0.0, 0.0, -0.012843115742787172, 0.0, 0.0, 0.0, 0.0, 0.0, 0.0, 0.0, 0.0, 0.0], [0.0, 0.0, 0.0, 2.3593171329008595, -17.313399930606312, 89.50363152831873, 0.0, -87.95214140323016, 13.682042488682937, 0.0, 0.0, 0.0, 0.0, 0.0, 0.0, 0.0, 0.0, 0.0, 0.0, 0.0, 0.0, 0.0, 0.0, 0.0, 0.0, 0.0, 0.0, 0.0, 0.0, 0.0, 0.0, 0.0, 0.0, 0.0, 0.0, 0.0, 0.0, 0.0, 0.0, 0.0, 0.0, 0.0, 0.0, 0.0, 0.0, 0.0, 0.0, 0.0, 0.0, 0.0, 0.0, 0.0, 0.0, 0.0, 0.0, 0.0, 0.0, 0.0, 0.0, 0.0, 0.0, 0.0, 0.0, 0.0, 0.0, 0.0, 0.0, 0.0, 0.0, 0.0, 0.0, 0.0, 0.0, 0.0, 0.0, 0.0, 0.0, 0.0, 0.0, 0.0, 0.0, 0.0, 0.0, 0.0, 0.0, 0.0, 0.0, 0.0, 0.0, 0.0, 0.0, 0.0, 0.0, 0.0, 0.0, 0.0, 0.0, 0.0, 0.0, 0.0, 0.0, 0.0, 0.0, 0.0, 0.0, 0.0, 0.0, 0.0, 0.0, 0.0, 0.0, 0.0, 0.0, 0.0, 0.0, 0.0, 0.0, 0.0, 0.0, 0.0, 0.0, 0.0, 0.0, 0.0, 0.0, 0.0, 0.0, 0.0, 0.0, 0.0, 0.0, 0.0, 0.0, 0.006708743759986067, 0.0, 0.0, 0.0, 0.0, 0.0, 0.0, 0.0, 0.0, 0.0, 0.0, 0.0, 0.005599865208869727, 0.0, 0.0, 0.0, 0.0, 0.0, 0.0, 0.0, 0.0, -0.04766786423056511, 0.0, 0.0, 0.0, 0.0, 0.0, 0.0, 0.013289356745025347, 0.0, 0.0, 0.0], [0.0, 0.0, 0.0, 0.0, -1.237660191426, -5.447580842061558, 75.94185582155346, 0.0, -70.9272376229314, 0.0, 0.0, 0.0, 0.0, 0.0, 0.0, 0.0, 0.0, 0.0, 0.0, 0.0, 0.0, 0.0, 0.0, 0.0, 0.0, 0.0, 0.0, 0.0, 0.0, 0.0, 0.0, 0.0, 0.0, 0.0, 0.0, 0.0, 0.0, 0.0, 0.0, 0.0, 0.0, 0.0, 0.0, 0.0, 0.0, 0.0, 0.0, 0.0, 0.0, 0.0, 0.0, 0.0, 0.0, 0.0, 0.0, 0.0, 0.0, 0.0, 0.0, 0.0, 0.0, 0.0, 0.0, 0.0, 0.0, 0.0, 0.0, 0.0, 0.0, 0.0, 0.0, 0.0, 0.0, 0.0, 0.0, 0.0, 0.0, 0.0, 0.0, 0.0, 0.0, 0.0, 0.0, 0.0, 0.0, 0.0, 0.0, 0.0, 0.0, 0.0, 0.0, 0.0, 0.0, 0.0, 0.0, 0.0, 0.0, 0.0, 0.0, 0.0, 0.0, 0.0, 0.0, 0.0, 0.0, 0.0, 0.0, 0.0, 0.0, 0.0, 0.0, 0.0, 0.0, 0.0, 0.0, 0.0, 0.0, 0.0, 0.0, 0.0, 0.0, 0.0, 0.0, 0.0, 0.0, 0.0, 0.0, 0.0, 0.0, 0.0, 0.0, 0.0, 0.0, 0.0, 0.0, 0.0, 0.0, 0.0, 0.0, 0.0, 0.0, 0.0, 0.0, 0.0, 0.0, 0.0, 0.0, 0.0, 0.0, 0.0, 0.0, 0.0, 0.0, 0.0, 0.0, 0.08718216853641063, 0.0, 0.0, 0.0, 0.0, 0.0, 0.0, 0.0, 0.0, -0.006566886416814096], [0.0, -2.782513948011388, 0.0, 0.0, 0.0, 20.944185641101097, -86.10437259850855, 218.96983552804983, -147.9924916674607, 0.0, 0.0, 0.0, 0.0, 0.0, 0.0, 0.0, 0.0, 0.0, 0.0, 0.0, 0.0, 0.0, 0.0, 0.0, 0.0, 0.0, 0.0, 0.0, 0.0, 0.0, 0.0, 0.0, 0.0, 0.0, 0.0, 0.0, 0.0, 0.0, 0.0, 0.0, 0.0, 0.0, 0.0, 0.0, 0.0, 0.0, 0.0, 0.0, 0.0, 0.0, 0.0, 0.5236689277330422, 0.8674118851692378, 0.0, 0.0, 0.0, 0.0, 0.0, -4.158813840216393, -0.3575584984666319, 0.0, 0.0, 0.0, 0.0, 0.0, 0.0, 0.0, 0.0, 0.0, 0.0, 0.0, 0.0, 0.0, 0.0, 0.0, 0.0, 0.0, 0.0, 0.0, 0.0, 0.0, 0.0, 0.0, 0.0, 0.0, 0.0, 6.723770411637922, -3.4955823586869, 0.0, 0.0, 0.0, 0.0, 0.0, 3.3161586258205094, 0.0, 0.0, 0.0, 0.0, 0.0, 0.0, 0.0, 0.0, 0.0, 0.0, 0.0, 0.0, 0.0, 0.0, 0.0, 0.0, 0.0, 0.0, 0.0, -6.020666653713048, 0.27685724761352504, 0.0, 0.0, 0.0, -0.9547897201865952, 0.0, 0.0, 0.0, 0.0, 0.0, 0.0, 0.0, 0.0, 0.0, 0.0, 0.0, 0.0, 0.0, 0.0, 7.24812007397083, 0.0, 0.0, 0.0, -3.285499971046288, 0.0, 0.0, 0.0, 0.0, 0.0, 0.0, 0.0, 0.09322677236733327, 0.0, 0.0, -6.19920864422702, 0.0, 0.0, 10.061074138080699, 0.0, -2.969281608413294, 0.0, 0.0, 0.0, -1.0521526881217123, -3.0599148935543345, 0.0, 0.0, 3.6567468587860965, -2.093313946919743, 0.0, 0.5967645666272663]]",(x0)' =  147.131 x0 + -218.205 x1 +  85.240 x2 + -20.096 x3 +  2.684 x7 + -0.191 x0^3 +  0.825 x0 x1^2 +  2.139 x0 x1 x3 +  0.578 x0 x2^2 + -7.474 x0 x2 x3 +  5.540 x0 x3^2 + -0.400 x0 x5^2 + -4.382 x0 x5 x6 +  6.411 x0 x6^2 + -2.771 x0 x6 x7 +  0.324 x0 x7^2 + -2.502 x1^3 +  2.685 x1^2 x2 +  1.917 x1 x3 x4 + -7.065 x1 x4^2 +  2.623 x1 x4 x5 +  5.477 x1 x5^2 + -8.007 x1 x6^2 +  5.903 x1 x6 x7 + -1.212 x1 x7^2 + -0.117 x3^3 | (x1)' =  70.966 x0 + -76.077 x2 +  5.667 x3 +  1.154 x4 +  0.005 x0^3 + -0.094 x2^3 | (x2)' = -13.738 x0 +  88.034 x1 + -89.374 x3 +  16.991 x4 + -2.159 x5 +  0.051 x0^2 x3 + -0.029 x1^3 +  0.026 x1 x4^2 + -0.024 x3^3 | (x3)' =  3.450 x0 + -19.793 x1 +  92.058 x2 + -92.059 x4 +  19.846 x5 + -3.482 x6 +  0.004 x1^2 x4 + -0.008 x4^3 | (x4)' =  3.811 x1 + -20.670 x2 +  92.857 x3 + -92.740 x5 +  20.477 x6 + -3.728 x7 + -0.006 x3^3 +  0.021 x3 x6^2 + -0.013 x5^3 | (x5)' =  2.359 x2 + -17.313 x3 +  89.504 x4 + -87.952 x6 +  13.682 x7 +  0.007 x3^2 x6 +  0.006 x4^3 + -0.048 x4 x7^2 +  0.013 x6^3 | (x6)' = -1.238 x3 + -5.448 x4 +  75.942 x5 + -70.927 x7 +  0.087 x5^3 + -0.007 x7^3 | (x7)' = -2.783 x0 +  20.944 x4 + -86.104 x5 +  218.970 x6 + -147.992 x7 +  0.524 x0^2 x6 +  0.867 x0^2 x7 + -4.159 x0 x1 x6 + -0.358 x0 x1 x7 +  6.724 x1^2 x6 + -3.496 x1^2 x7 +  3.316 x1 x2 x7 + -6.021 x2^2 x6 +  0.277 x2^2 x7 + -0.955 x2 x3 x6 +  7.248 x3^2 x6 + -3.285 x3 x4 x6 +  0.093 x4^3 + -6.199 x4^2 x7 +  10.061 x4 x5 x7 + -2.969 x4 x6 x7 + -1.052 x5^2 x7 + -3.060 x5 x6^2 +  3.657 x6^3 + -2.093 x6^2 x7 +  0.597 x7^3
34,80.0,0.00022397498597370244,37.49490932187706,1000.0,3,8,5,20.0,140.0,0,0.0,finite_difference,success,,57,1320,4.318181818181818,9.668700154870749,"[""1"", ""x0"", ""x1"", ""x2"", ""x3"", ""x4"", ""x5"", ""x6"", ""x7"", ""x0^2"", ""x0 x1"", ""x0 x2"", ""x0 x3"", ""x0 x4"", ""x0 x5"", ""x0 x6"", ""x0 x7"", ""x1^2"", ""x1 x2"", ""x1 x3"", ""x1 x4"", ""x1 x5"", ""x1 x6"", ""x1 x7"", ""x2^2"", ""x2 x3"", ""x2 x4"", ""x2 x5"", ""x2 x6"", ""x2 x7"", ""x3^2"", ""x3 x4"", ""x3 x5"", ""x3 x6"", ""x3 x7"", ""x4^2"", ""x4 x5"", ""x4 x6"", ""x4 x7"", ""x5^2"", ""x5 x6"", ""x5 x7"", ""x6^2"", ""x6 x7"", ""x7^2"", ""x0^3"", ""x0^2 x1"", ""x0^2 x2"", ""x0^2 x3"", ""x0^2 x4"", ""x0^2 x5"", ""x0^2 x6"", ""x0^2 x7"", ""x0 x1^2"", ""x0 x1 x2"", ""x0 x1 x3"", ""x0 x1 x4"", ""x0 x1 x5"", ""x0 x1 x6"", ""x0 x1 x7"", ""x0 x2^2"", ""x0 x2 x3"", ""x0 x2 x4"", ""x0 x2 x5"", ""x0 x2 x6"", ""x0 x2 x7"", ""x0 x3^2"", ""x0 x3 x4"", ""x0 x3 x5"", ""x0 x3 x6"", ""x0 x3 x7"", ""x0 x4^2"", ""x0 x4 x5"", ""x0 x4 x6"", ""x0 x4 x7"", ""x0 x5^2"", ""x0 x5 x6"", ""x0 x5 x7"", ""x0 x6^2"", ""x0 x6 x7"", ""x0 x7^2"", ""x1^3"", ""x1^2 x2"", ""x1^2 x3"", ""x1^2 x4"", ""x1^2 x5"", ""x1^2 x6"", ""x1^2 x7"", ""x1 x2^2"", ""x1 x2 x3"", ""x1 x2 x4"", ""x1 x2 x5"", ""x1 x2 x6"", ""x1 x2 x7"", ""x1 x3^2"", ""x1 x3 x4"", ""x1 x3 x5"", ""x1 x3 x6"", ""x1 x3 x7"", ""x1 x4^2"", ""x1 x4 x5"", ""x1 x4 x6"", ""x1 x4 x7"", ""x1 x5^2"", ""x1 x5 x6"", ""x1 x5 x7"", ""x1 x6^2"", ""x1 x6 x7"", ""x1 x7^2"", ""x2^3"", ""x2^2 x3"", ""x2^2 x4"", ""x2^2 x5"", ""x2^2 x6"", ""x2^2 x7"", ""x2 x3^2"", ""x2 x3 x4"", ""x2 x3 x5"", ""x2 x3 x6"", ""x2 x3 x7"", ""x2 x4^2"", ""x2 x4 x5"", ""x2 x4 x6"", ""x2 x4 x7"", ""x2 x5^2"", ""x2 x5 x6"", ""x2 x5 x7"", ""x2 x6^2"", ""x2 x6 x7"", ""x2 x7^2"", ""x3^3"", ""x3^2 x4"", ""x3^2 x5"", ""x3^2 x6"", ""x3^2 x7"", ""x3 x4^2"", ""x3 x4 x5"", ""x3 x4 x6"", ""x3 x4 x7"", ""x3 x5^2"", ""x3 x5 x6"", ""x3 x5 x7"", ""x3 x6^2"", ""x3 x6 x7"", ""x3 x7^2"", ""x4^3"", ""x4^2 x5"", ""x4^2 x6"", ""x4^2 x7"", ""x4 x5^2"", ""x4 x5 x6"", ""x4 x5 x7"", ""x4 x6^2"", ""x4 x6 x7"", ""x4 x7^2"", ""x5^3"", ""x5^2 x6"", ""x5^2 x7"", ""x5 x6^2"", ""x5 x6 x7"", ""x5 x7^2"", ""x6^3"", ""x6^2 x7"", ""x6 x7^2"", ""x7^3""]","[[0.0, 16.158558825148774, -39.439234820941, 10.322612722984266, 2.9544425995472703, 4.329111786268579, 0.0, 0.0, 0.0, 0.0, 0.0, 0.0, 0.0, 0.0, 0.0, 0.0, 0.0, 0.0, 0.0, 0.0, 0.0, 0.0, 0.0, 0.0, 0.0, 0.0, 0.0, 0.0, 0.0, 0.0, 0.0, 0.0, 0.0, 0.0, 0.0, 0.0, 0.0, 0.0, 0.0, 0.0, 0.0, 0.0, 0.0, 0.0, 0.0, 0.0, 0.0, 0.0, 0.0, 0.0, 0.0, 0.0, 0.0, 0.0, 0.0, 0.0, 0.0, 0.0, 0.0, 0.0, 0.0, 0.0, 0.0, 0.0, 0.0, 0.0, 0.0, 0.0, 0.0, 0.0, 0.0, 0.0, 0.0, 0.0, 0.0, 0.0, 0.0, 0.0, 0.0, 0.0, 0.0, 0.0, 0.0, 0.0, 0.0, 0.0, 0.0, 0.0, 0.0, 0.0, 0.0, 0.0, 0.0, 0.0, 0.0, 0.0, 0.0, 0.0, 0.0, 0.0, 0.0, 0.0, 0.0, 0.0, 0.0, 0.0, 0.0, 0.0, 0.0, 0.0, 0.0, 0.0, 0.0, 0.0, 0.0, 0.0, 0.0, 0.0, 0.0, 0.0, 0.0, 0.0, 0.0, 0.0, 0.0, 0.0, 0.0, 0.0, 0.0, 0.0, 0.0, 0.0, 0.0, 0.0, 0.0, 0.0, 0.0, 0.0, 0.0, 0.0, 0.0, 0.0, 0.0, 0.0, 0.0, 0.0, 0.0, 0.0, 0.0, 0.0, 0.0, 0.0, 0.0, 0.0, 0.0, 0.0, 0.0, 0.0, 0.0, 0.0, 0.0, 0.0, 0.0, 0.0, 0.0], [0.0, 31.663894918525877, 0.0, -34.6415879164271, 5.067559441572329, 0.0, 0.0, 0.0, 0.0, 3.9145610250061726, -7.5188257396439955, 0.0, 0.0, 0.0, 0.0, 0.0, 0.0, 0.0, 3.308688064305539, 0.0, 0.0, 0.0, 0.0, 0.0, 0.0, 0.0, 0.0, 0.0, 0.0, 0.0, 0.0, 0.0, 0.0, 0.0, 0.0, 0.0, 0.0, 0.0, 0.0, 0.0, 0.0, 0.0, 0.0, 0.0, 0.0, 0.0, 0.0, 0.0, 0.0, 0.0, 0.0, 0.0, 0.0, 0.48530323877169795, 0.0, 0.0, 0.0, 0.0, 0.0, 0.0, 0.0, 0.0, 0.0, 0.0, 0.0, 0.0, 0.0, 0.0, 0.0, 0.0, 0.0, 0.0, 0.0, 0.0, 0.0, 0.0, 0.0, 0.0, 0.0, 0.0, 0.0, 0.0, -0.5253143697898057, 0.0, 0.0, 0.0, 0.0, 0.0, 0.0, 0.0, 0.0, 0.0, 0.0, 0.0, 0.0, 0.0, 0.0, 0.0, 0.0, 0.0, 0.0, 0.0, 0.0, 0.0, 0.0, 0.0, 0.0, 0.0, 0.0, 0.0, 0.0, 0.0, 0.0, 0.0, 0.0, 0.0, 0.0, 0.0, 0.0, 0.0, 0.0, 0.0, 0.0, 0.0, 0.0, 0.0, 0.0, 0.0, 0.0, 0.0, 0.0, 0.0, 0.0, 0.0, 0.0, 0.0, 0.0, 0.0, 0.0, 0.0, 0.0, 0.0, 0.0, 0.0, 0.0, 0.0, 0.0, 0.0, 0.0, 0.0, 0.0, 0.0, 0.0, 0.0, 0.0, 0.0, 0.0, 0.0, 0.0, 0.0, 0.0, 0.0, 0.0, 0.0, 0.0], [0.0, -7.663716420301065, 35.77272679583604, 0.0, -34.75245546861223, 6.803857946283053, 0.0, 0.0, 0.0, 0.0, 0.0, 0.0, 0.0, 0.0, 0.0, 0.0, 0.0, 4.4617020541429415, -7.979215905443295, 0.0, 0.0, 0.0, 0.0, 0.0, 0.0, 3.2700774216263304, 0.0, 0.0, 0.0, 0.0, 0.0, 0.0, 0.0, 0.0, 0.0, 0.0, 0.0, 0.0, 0.0, 0.0, 0.0, 0.0, 0.0, 0.0, 0.0, 0.0, 0.0, 0.0, 0.0, 0.0, 0.0, 0.0, 0.0, 0.0, 0.0, 0.0, 0.0, 0.0, 0.0, 0.0, 0.0, 0.0, 0.0, 0.0, 0.0, 0.0, 0.0, 0.0, 0.0, 0.0, 0.0, 0.0, 0.0, 0.0, 0.0, 0.0, 0.0, 0.0, 0.0, 0.0, 0.0, 0.0, 0.0, 0.0, 0.0, 0.0, 0.0, 0.0, 0.0, 0.0, 0.0, 0.0, 0.0, 0.0, 0.0, 0.0, 0.0, 0.0, 0.0, 0.0, 0.0, 0.0, 0.0, 0.0, 0.0, 0.0, 0.0, 0.0, 0.0, 0.0, 0.0, 0.0, 0.0, 0.0, 0.0, 0.0, 0.0, 0.0, 0.0, 0.0, 0.0, 0.0, 0.0, 0.0, 0.0, 0.0, 0.0, 0.0, 0.0, 0.0, 0.0, 0.0, 0.0, 0.0, 0.0, 0.0, 0.0, 0.0, 0.0, 0.0, 0.0, 0.0, 0.0, 0.0, 0.0, 0.0, 0.0, 0.0, 0.0, 0.0, 0.0, 0.0, 0.0, 0.0, 0.0, 0.0, 0.0, 0.0, 0.0, 0.0, 0.0, 0.0, 0.0, 0.0, 0.0], [0.0, 0.0, -7.743099763890649, 35.17873409669148, 0.0, -34.24677883458194, 6.856774639618994, 0.0, 0.0, 0.0, 0.0, 0.0, 0.0, 0.0, 0.0, 0.0, 0.0, 0.0, 0.0, 0.0, 0.0, 0.0, 0.0, 0.0, 4.402863355589571, -7.972775027994413, 0.0, 0.0, 0.0, 0.0, 0.0, 3.2773272690378694, 0.0, 0.0, 0.0, 0.0, 0.0, 0.0, 0.0, 0.0, 0.0, 0.0, 0.0, 0.0, 0.0, 0.0, 0.0, 0.0, 0.0, 0.0, 0.0, 0.0, 0.0, 0.0, 0.0, 0.0, 0.0, 0.0, 0.0, 0.0, 0.0, 0.0, 0.0, 0.0, 0.0, 0.0, 0.0, 0.0, 0.0, 0.0, 0.0, 0.0, 0.0, 0.0, 0.0, 0.0, 0.0, 0.0, 0.0, 0.0, 0.0, 0.0, 0.0, 0.0, 0.0, 0.0, 0.0, 0.0, 0.0, 0.0, 0.0, 0.0, 0.0, 0.0, 0.0, 0.0, 0.0, 0.0, 0.0, 0.0, 0.0, 0.0, 0.0, 0.0, 0.0, 0.0, 0.0, 0.0, 0.0, 0.0, 0.0, 0.0, 0.0, 0.0, 0.0, 0.6047219439633119, 0.0, 0.0, 0.0, 0.0, 0.0, 0.0, 0.0, 0.0, 0.0, 0.0, 0.0, 0.0, 0.0, 0.0, 0.0, -0.5648920496272214, 0.0, 0.0, 0.0, 0.0, 0.0, 0.0, 0.0, 0.0, 0.0, 0.0, 0.0, 0.0, 0.0, 0.0, 0.0, 0.0, 0.0, 0.0, 0.0, 0.0, 0.0, 0.0, 0.0, 0.0, 0.0, 0.0, 0.0, 0.0, 0.0, 0.0, 0.0, 0.0, 0.0], [0.0, 0.0, 0.0, -7.682929580730808, 35.776101195266705, 0.0, -34.77081766555629, 6.838076620256911, 0.0, 0.0, 0.0, 0.0, 0.0, 0.0, 0.0, 0.0, 0.0, 0.0, 0.0, 0.0, 0.0, 0.0, 0.0, 0.0, 0.0, 0.0, 0.0, 0.0, 0.0, 0.0, 4.450787492873654, -7.940027879835461, 0.0, 0.0, 0.0, 0.0, 3.2483068526922634, 0.0, 0.0, 0.0, 0.0, 0.0, 0.0, 0.0, 0.0, 0.0, 0.0, 0.0, 0.0, 0.0, 0.0, 0.0, 0.0, 0.0, 0.0, 0.0, 0.0, 0.0, 0.0, 0.0, 0.0, 0.0, 0.0, 0.0, 0.0, 0.0, 0.0, 0.0, 0.0, 0.0, 0.0, 0.0, 0.0, 0.0, 0.0, 0.0, 0.0, 0.0, 0.0, 0.0, 0.0, 0.0, 0.0, 0.0, 0.0, 0.0, 0.0, 0.0, 0.0, 0.0, 0.0, 0.0, 0.0, 0.0, 0.0, 0.0, 0.0, 0.0, 0.0, 0.0, 0.0, 0.0, 0.0, 0.0, 0.0, 0.0, 0.0, 0.0, 0.0, 0.0, 0.0, 0.0, 0.0, 0.0, 0.0, 0.0, 0.0, 0.0, 0.0, 0.0, 0.0, 0.0, 0.0, 0.0, 0.0, 0.0, 0.0, 0.0, 0.0, 0.0, 0.0, 0.0, 0.0, 0.0, 0.0, 0.0, 0.0, 0.0, 0.0, 0.0, 0.0, 0.0, 0.0, 0.0, 0.0, 0.0, 0.0, 0.0, 0.0, 0.0, 0.0, 0.0, 0.0, 0.0, 0.0, 0.0, 0.0, 0.0, 0.0, 0.0, 0.0, 0.0, 0.0, 0.0, 0.0], [0.0, 0.0, 0.0, 0.0, -7.683116677018312, 35.78171839134503, 0.0, -34.81365026264701, 6.889845136654781, 0.0, 0.0, 0.0, 0.0, 0.0, 0.0, 0.0, 0.0, 0.0, 0.0, 0.0, 0.0, 0.0, 0.0, 0.0, 0.0, 0.0, 0.0, 0.0, 0.0, 0.0, 0.0, 0.0, 0.0, 0.0, 0.0, 4.442377305820686, -7.947740217945196, 0.0, 0.0, 0.0, 3.263411071535228, 0.0, 0.0, 0.0, 0.0, 0.0, 0.0, 0.0, 0.0, 0.0, 0.0, 0.0, 0.0, 0.0, 0.0, 0.0, 0.0, 0.0, 0.0, 0.0, 0.0, 0.0, 0.0, 0.0, 0.0, 0.0, 0.0, 0.0, 0.0, 0.0, 0.0, 0.0, 0.0, 0.0, 0.0, 0.0, 0.0, 0.0, 0.0, 0.0, 0.0, 0.0, 0.0, 0.0, 0.0, 0.0, 0.0, 0.0, 0.0, 0.0, 0.0, 0.0, 0.0, 0.0, 0.0, 0.0, 0.0, 0.0, 0.0, 0.0, 0.0, 0.0, 0.0, 0.0, 0.0, 0.0, 0.0, 0.0, 0.0, 0.0, 0.0, 0.0, 0.0, 0.0, 0.0, 0.0, 0.0, 0.0, 0.0, 0.0, 0.0, 0.0, 0.0, 0.0, 0.0, 0.0, 0.0, 0.0, 0.0, 0.0, 0.0, 0.0, 0.0, 0.0, 0.0, 0.0, 0.0, 0.0, 0.0, 0.0, 0.0, 0.0, 0.0, 0.0, 0.0, 0.0, 0.0, 0.0, 0.0, 0.0, 0.0, 0.0, 0.0, 0.0, 0.0, 0.0, 0.0, 0.0, 0.0, 0.0, 0.0, 0.0, 0.0, 0.0, 0.0], [0.0, 0.0, 0.0, 0.0, 0.0, -6.112686605859827, 36.24757976219424, 0.0, -31.621103272212537, 0.0, 0.0, 0.0, 0.0, 0.0, 0.0, 0.0, 0.0, 0.0, 0.0, 0.0, 0.0, 0.0, 0.0, 0.0, 0.0, 0.0, 0.0, 0.0, 0.0, 0.0, 0.0, 0.0, 0.0, 0.0, 0.0, 0.0, 0.0, 0.0, 0.0, 4.566066411332303, -8.10685117507999, 0.0, 0.0, 3.311952632886226, 0.0, 0.0, 0.0, 0.0, 0.0, 0.0, 0.0, 0.0, 0.0, 0.0, 0.0, 0.0, 0.0, 0.0, 0.0, 0.0, 0.0, 0.0, 0.0, 0.0, 0.0, 0.0, 0.0, 0.0, 0.0, 0.0, 0.0, 0.0, 0.0, 0.0, 0.0, 0.0, 0.0, 0.0, 0.0, 0.0, 0.0, 0.0, 0.0, 0.0, 0.0, 0.0, 0.0, 0.0, 0.0, 0.0, 0.0, 0.0, 0.0, 0.0, 0.0, 0.0, 0.0, 0.0, 0.0, 0.0, 0.0, 0.0, 0.0, 0.0, 0.0, 0.0, 0.0, 0.0, 0.0, 0.0, 0.0, 0.0, 0.0, 0.0, 0.0, 0.0, 0.0, 0.0, 0.0, 0.0, 0.0, 0.0, 0.0, 0.0, 0.0, 0.0, 0.0, 0.0, 0.0, 0.0, 0.0, 0.0, 0.0, 0.0, 0.0, 0.0, 0.0, 0.0, 0.0, 0.0, 0.0, 0.0, 0.0, 0.0, 0.0, 0.0, 0.0, 0.0, 0.0, 0.0, 0.0, 0.0, 0.0, 0.0, 0.0, 0.0, 0.0, 0.0, 0.0, 0.0, 0.0, 0.0, 0.0, 0.0, 0.0], [0.0, 0.0, 0.0, 0.0, -4.24929063874599, -2.9458362487643805, -11.417345141881812, 41.18162012847474, -16.816175388778632, 0.0, 0.0, 0.0, 0.0, 0.0, 0.0, 0.0, 0.0, 0.0, 0.0, 0.0, 0.0, 0.0, 0.0, 0.0, 0.0, 0.0, 0.0, 0.0, 0.0, 0.0, 0.0, 0.0, 0.0, 0.0, 0.0, 0.0, 0.0, 0.0, 0.0, 0.0, 0.0, 4.013081507837119, 4.773340899044184, -8.864441636000725, 0.0, 0.0, 0.0, 0.0, 0.0, 0.0, 0.0, 0.0, 0.0, 0.0, 0.0, 0.0, 0.0, 0.0, 0.0, 0.0, 0.0, 0.0, 0.0, 0.0, 0.0, 0.0, 0.0, 0.0, 0.0, 0.0, 0.0, 0.0, 0.0, 0.0, 0.0, 0.0, 0.0, 0.0, 0.0, 0.0, 0.0, 0.0, 0.0, 0.0, 0.0, 0.0, 0.0, 0.0, 0.0, 0.0, 0.0, 0.0, 0.0, 0.0, 0.0, 0.0, 0.0, 0.0, 0.0, 0.0, 0.0, 0.0, 0.0, 0.0, 0.0, 0.0, 0.0, 0.0, 0.0, 0.0, 0.0, 0.0, 0.0, 0.0, 0.0, 0.0, 0.0, 0.0, 0.0, 0.0, 0.0, 0.0, 0.0, 0.0, 0.0, 0.0, 0.0, 0.0, 0.0, 0.0, 0.0, 0.0, 0.0, 0.0, 0.0, 0.0, 0.0, 0.0, 0.0, 0.0, 0.0, 0.0, 0.0, 0.0, 0.0, 0.0, 0.0, 0.0, 0.0, 0.0, 0.0, 0.0, 0.0, 0.0, 0.0, 0.0, 0.0, 0.0, 0.0, 0.0, 0.0, 0.0, 0.0, 0.0, 0.0]]",(x0)' =  16.159 x0 + -39.439 x1 +  10.323 x2 +  2.954 x3 +  4.329 x4 | (x1)' =  31.664 x0 + -34.642 x2 +  5.068 x3 +  3.915 x0^2 + -7.519 x0 x1 +  3.309 x1 x2 +  0.485 x0 x1^2 + -0.525 x1^2 x2 | (x2)' = -7.664 x0 +  35.773 x1 + -34.752 x3 +  6.804 x4 +  4.462 x1^2 + -7.979 x1 x2 +  3.270 x2 x3 | (x3)' = -7.743 x1 +  35.179 x2 + -34.247 x4 +  6.857 x5 +  4.403 x2^2 + -7.973 x2 x3 +  3.277 x3 x4 +  0.605 x2 x3^2 + -0.565 x3^2 x4 | (x4)' = -7.683 x2 +  35.776 x3 + -34.771 x5 +  6.838 x6 +  4.451 x3^2 + -7.940 x3 x4 +  3.248 x4 x5 | (x5)' = -7.683 x3 +  35.782 x4 + -34.814 x6 +  6.890 x7 +  4.442 x4^2 + -7.948 x4 x5 +  3.263 x5 x6 | (x6)' = -6.113 x4 +  36.248 x5 + -31.621 x7 +  4.566 x5^2 + -8.107 x5 x6 +  3.312 x6 x7 | (x7)' = -4.249 x3 + -2.946 x4 + -11.417 x5 +  41.182 x6 + -16.816 x7 +  4.013 x5 x7 +  4.773 x6^2 + -8.864 x6 x7
35,80.0,0.00022397498597370244,37.49490932187706,1000.0,3,8,5,20.0,140.0,5,20.0,smoothed_finite_difference_savgol_order_3,success,,56,1320,4.242424242424242,9.670061463490129,"[""1"", ""x0"", ""x1"", ""x2"", ""x3"", ""x4"", ""x5"", ""x6"", ""x7"", ""x0^2"", ""x0 x1"", ""x0 x2"", ""x0 x3"", ""x0 x4"", ""x0 x5"", ""x0 x6"", ""x0 x7"", ""x1^2"", ""x1 x2"", ""x1 x3"", ""x1 x4"", ""x1 x5"", ""x1 x6"", ""x1 x7"", ""x2^2"", ""x2 x3"", ""x2 x4"", ""x2 x5"", ""x2 x6"", ""x2 x7"", ""x3^2"", ""x3 x4"", ""x3 x5"", ""x3 x6"", ""x3 x7"", ""x4^2"", ""x4 x5"", ""x4 x6"", ""x4 x7"", ""x5^2"", ""x5 x6"", ""x5 x7"", ""x6^2"", ""x6 x7"", ""x7^2"", ""x0^3"", ""x0^2 x1"", ""x0^2 x2"", ""x0^2 x3"", ""x0^2 x4"", ""x0^2 x5"", ""x0^2 x6"", ""x0^2 x7"", ""x0 x1^2"", ""x0 x1 x2"", ""x0 x1 x3"", ""x0 x1 x4"", ""x0 x1 x5"", ""x0 x1 x6"", ""x0 x1 x7"", ""x0 x2^2"", ""x0 x2 x3"", ""x0 x2 x4"", ""x0 x2 x5"", ""x0 x2 x6"", ""x0 x2 x7"", ""x0 x3^2"", ""x0 x3 x4"", ""x0 x3 x5"", ""x0 x3 x6"", ""x0 x3 x7"", ""x0 x4^2"", ""x0 x4 x5"", ""x0 x4 x6"", ""x0 x4 x7"", ""x0 x5^2"", ""x0 x5 x6"", ""x0 x5 x7"", ""x0 x6^2"", ""x0 x6 x7"", ""x0 x7^2"", ""x1^3"", ""x1^2 x2"", ""x1^2 x3"", ""x1^2 x4"", ""x1^2 x5"", ""x1^2 x6"", ""x1^2 x7"", ""x1 x2^2"", ""x1 x2 x3"", ""x1 x2 x4"", ""x1 x2 x5"", ""x1 x2 x6"", ""x1 x2 x7"", ""x1 x3^2"", ""x1 x3 x4"", ""x1 x3 x5"", ""x1 x3 x6"", ""x1 x3 x7"", ""x1 x4^2"", ""x1 x4 x5"", ""x1 x4 x6"", ""x1 x4 x7"", ""x1 x5^2"", ""x1 x5 x6"", ""x1 x5 x7"", ""x1 x6^2"", ""x1 x6 x7"", ""x1 x7^2"", ""x2^3"", ""x2^2 x3"", ""x2^2 x4"", ""x2^2 x5"", ""x2^2 x6"", ""x2^2 x7"", ""x2 x3^2"", ""x2 x3 x4"", ""x2 x3 x5"", ""x2 x3 x6"", ""x2 x3 x7"", ""x2 x4^2"", ""x2 x4 x5"", ""x2 x4 x6"", ""x2 x4 x7"", ""x2 x5^2"", ""x2 x5 x6"", ""x2 x5 x7"", ""x2 x6^2"", ""x2 x6 x7"", ""x2 x7^2"", ""x3^3"", ""x3^2 x4"", ""x3^2 x5"", ""x3^2 x6"", ""x3^2 x7"", ""x3 x4^2"", ""x3 x4 x5"", ""x3 x4 x6"", ""x3 x4 x7"", ""x3 x5^2"", ""x3 x5 x6"", ""x3 x5 x7"", ""x3 x6^2"", ""x3 x6 x7"", ""x3 x7^2"", ""x4^3"", ""x4^2 x5"", ""x4^2 x6"", ""x4^2 x7"", ""x4 x5^2"", ""x4 x5 x6"", ""x4 x5 x7"", ""x4 x6^2"", ""x4 x6 x7"", ""x4 x7^2"", ""x5^3"", ""x5^2 x6"", ""x5^2 x7"", ""x5 x6^2"", ""x5 x6 x7"", ""x5 x7^2"", ""x6^3"", ""x6^2 x7"", ""x6 x7^2"", ""x7^3""]","[[0.0, 16.556699026398444, -39.93619162215258, 10.643140745236284, 2.81991404149091, 4.3425999834420566, 0.0, 0.0, 0.0, 0.0, 0.0, 0.0, 0.0, 0.0, 0.0, 0.0, 0.0, 0.0, 0.0, 0.0, 0.0, 0.0, 0.0, 0.0, 0.0, 0.0, 0.0, 0.0, 0.0, 0.0, 0.0, 0.0, 0.0, 0.0, 0.0, 0.0, 0.0, 0.0, 0.0, 0.0, 0.0, 0.0, 0.0, 0.0, 0.0, 0.0, 0.0, 0.0, 0.0, 0.0, 0.0, 0.0, 0.0, 0.0, 0.0, 0.0, 0.0, 0.0, 0.0, 0.0, 0.0, 0.0, 0.0, 0.0, 0.0, 0.0, 0.0, 0.0, 0.0, 0.0, 0.0, 0.0, 0.0, 0.0, 0.0, 0.0, 0.0, 0.0, 0.0, 0.0, 0.0, 0.0, 0.0, 0.0, 0.0, 0.0, 0.0, 0.0, 0.0, 0.0, 0.0, 0.0, 0.0, 0.0, 0.0, 0.0, 0.0, 0.0, 0.0, 0.0, 0.0, 0.0, 0.0, 0.0, 0.0, 0.0, 0.0, 0.0, 0.0, 0.0, 0.0, 0.0, 0.0, 0.0, 0.0, 0.0, 0.0, 0.0, 0.0, 0.0, 0.0, 0.0, 0.0, 0.0, 0.0, 0.0, 0.0, 0.0, 0.0, 0.0, 0.0, 0.0, 0.0, 0.0, 0.0, 0.0, 0.0, 0.0, 0.0, 0.0, 0.0, 0.0, 0.0, 0.0, 0.0, 0.0, 0.0, 0.0, 0.0, 0.0, 0.0, 0.0, 0.0, 0.0, 0.0, 0.0, 0.0, 0.0, 0.0, 0.0, 0.0, 0.0, 0.0, 0.0, 0.0], [0.0, 31.697002175341428, 0.0, -34.80747064318586, 5.184254594098018, 0.0, 0.0, 0.0, 0.0, 3.84968077969871, -7.476934727025118, 0.0, 0.0, 0.0, 0.0, 0.0, 0.0, 0.0, 3.3553720708421886, 0.0, 0.0, 0.0, 0.0, 0.0, 0.0, 0.0, 0.0, 0.0, 0.0, 0.0, 0.0, 0.0, 0.0, 0.0, 0.0, 0.0, 0.0, 0.0, 0.0, 0.0, 0.0, 0.0, 0.0, 0.0, 0.0, 0.0, 0.0, 0.0, 0.0, 0.0, 0.0, 0.0, 0.0, 0.4676323675959357, 0.0, 0.0, 0.0, 0.0, 0.0, 0.0, 0.0, 0.0, 0.0, 0.0, 0.0, 0.0, 0.0, 0.0, 0.0, 0.0, 0.0, 0.0, 0.0, 0.0, 0.0, 0.0, 0.0, 0.0, 0.0, 0.0, 0.0, 0.0, -0.5084055482153871, 0.0, 0.0, 0.0, 0.0, 0.0, 0.0, 0.0, 0.0, 0.0, 0.0, 0.0, 0.0, 0.0, 0.0, 0.0, 0.0, 0.0, 0.0, 0.0, 0.0, 0.0, 0.0, 0.0, 0.0, 0.0, 0.0, 0.0, 0.0, 0.0, 0.0, 0.0, 0.0, 0.0, 0.0, 0.0, 0.0, 0.0, 0.0, 0.0, 0.0, 0.0, 0.0, 0.0, 0.0, 0.0, 0.0, 0.0, 0.0, 0.0, 0.0, 0.0, 0.0, 0.0, 0.0, 0.0, 0.0, 0.0, 0.0, 0.0, 0.0, 0.0, 0.0, 0.0, 0.0, 0.0, 0.0, 0.0, 0.0, 0.0, 0.0, 0.0, 0.0, 0.0, 0.0, 0.0, 0.0, 0.0, 0.0, 0.0, 0.0, 0.0, 0.0], [0.0, -7.810752874946883, 35.88747227660309, 0.0, -34.902823947128375, 6.96990677007749, 0.0, 0.0, 0.0, 0.0, 0.0, 0.0, 0.0, 0.0, 0.0, 0.0, 0.0, 4.406565645064091, -7.943992665555615, 0.0, 0.0, 0.0, 0.0, 0.0, 0.0, 3.3105642319953805, 0.0, 0.0, 0.0, 0.0, 0.0, 0.0, 0.0, 0.0, 0.0, 0.0, 0.0, 0.0, 0.0, 0.0, 0.0, 0.0, 0.0, 0.0, 0.0, 0.0, 0.0, 0.0, 0.0, 0.0, 0.0, 0.0, 0.0, 0.0, 0.0, 0.0, 0.0, 0.0, 0.0, 0.0, 0.0, 0.0, 0.0, 0.0, 0.0, 0.0, 0.0, 0.0, 0.0, 0.0, 0.0, 0.0, 0.0, 0.0, 0.0, 0.0, 0.0, 0.0, 0.0, 0.0, 0.0, 0.0, 0.0, 0.0, 0.0, 0.0, 0.0, 0.0, 0.0, 0.0, 0.0, 0.0, 0.0, 0.0, 0.0, 0.0, 0.0, 0.0, 0.0, 0.0, 0.0, 0.0, 0.0, 0.0, 0.0, 0.0, 0.0, 0.0, 0.0, 0.0, 0.0, 0.0, 0.0, 0.0, 0.0, 0.0, 0.0, 0.0, 0.0, 0.0, 0.0, 0.0, 0.0, 0.0, 0.0, 0.0, 0.0, 0.0, 0.0, 0.0, 0.0, 0.0, 0.0, 0.0, 0.0, 0.0, 0.0, 0.0, 0.0, 0.0, 0.0, 0.0, 0.0, 0.0, 0.0, 0.0, 0.0, 0.0, 0.0, 0.0, 0.0, 0.0, 0.0, 0.0, 0.0, 0.0, 0.0, 0.0, 0.0, 0.0, 0.0, 0.0, 0.0, 0.0, 0.0], [0.0, 0.0, -7.847925427608525, 35.91744437858573, 0.0, -34.89992498863381, 6.984566777371029, 0.0, 0.0, 0.0, 0.0, 0.0, 0.0, 0.0, 0.0, 0.0, 0.0, 0.0, 0.0, 0.0, 0.0, 0.0, 0.0, 0.0, 4.406064318698718, -7.927291591192359, 0.0, 0.0, 0.0, 0.0, 0.0, 3.2905989233570314, 0.0, 0.0, 0.0, 0.0, 0.0, 0.0, 0.0, 0.0, 0.0, 0.0, 0.0, 0.0, 0.0, 0.0, 0.0, 0.0, 0.0, 0.0, 0.0, 0.0, 0.0, 0.0, 0.0, 0.0, 0.0, 0.0, 0.0, 0.0, 0.0, 0.0, 0.0, 0.0, 0.0, 0.0, 0.0, 0.0, 0.0, 0.0, 0.0, 0.0, 0.0, 0.0, 0.0, 0.0, 0.0, 0.0, 0.0, 0.0, 0.0, 0.0, 0.0, 0.0, 0.0, 0.0, 0.0, 0.0, 0.0, 0.0, 0.0, 0.0, 0.0, 0.0, 0.0, 0.0, 0.0, 0.0, 0.0, 0.0, 0.0, 0.0, 0.0, 0.0, 0.0, 0.0, 0.0, 0.0, 0.0, 0.0, 0.0, 0.0, 0.0, 0.0, 0.0, 0.0, 0.0, 0.0, 0.0, 0.0, 0.0, 0.0, 0.0, 0.0, 0.0, 0.0, 0.0, 0.0, 0.0, 0.0, 0.0, 0.0, 0.0, 0.0, 0.0, 0.0, 0.0, 0.0, 0.0, 0.0, 0.0, 0.0, 0.0, 0.0, 0.0, 0.0, 0.0, 0.0, 0.0, 0.0, 0.0, 0.0, 0.0, 0.0, 0.0, 0.0, 0.0, 0.0, 0.0, 0.0, 0.0, 0.0, 0.0, 0.0, 0.0], [0.0, 0.0, 0.0, -7.829948248990951, 35.89406442024037, 0.0, -34.92608970343042, 7.003777510478594, 0.0, 0.0, 0.0, 0.0, 0.0, 0.0, 0.0, 0.0, 0.0, 0.0, 0.0, 0.0, 0.0, 0.0, 0.0, 0.0, 0.0, 0.0, 0.0, 0.0, 0.0, 0.0, 4.396065653876615, -7.906105865689965, 0.0, 0.0, 0.0, 0.0, 3.2908670240847635, 0.0, 0.0, 0.0, 0.0, 0.0, 0.0, 0.0, 0.0, 0.0, 0.0, 0.0, 0.0, 0.0, 0.0, 0.0, 0.0, 0.0, 0.0, 0.0, 0.0, 0.0, 0.0, 0.0, 0.0, 0.0, 0.0, 0.0, 0.0, 0.0, 0.0, 0.0, 0.0, 0.0, 0.0, 0.0, 0.0, 0.0, 0.0, 0.0, 0.0, 0.0, 0.0, 0.0, 0.0, 0.0, 0.0, 0.0, 0.0, 0.0, 0.0, 0.0, 0.0, 0.0, 0.0, 0.0, 0.0, 0.0, 0.0, 0.0, 0.0, 0.0, 0.0, 0.0, 0.0, 0.0, 0.0, 0.0, 0.0, 0.0, 0.0, 0.0, 0.0, 0.0, 0.0, 0.0, 0.0, 0.0, 0.0, 0.0, 0.0, 0.0, 0.0, 0.0, 0.0, 0.0, 0.0, 0.0, 0.0, 0.0, 0.0, 0.0, 0.0, 0.0, 0.0, 0.0, 0.0, 0.0, 0.0, 0.0, 0.0, 0.0, 0.0, 0.0, 0.0, 0.0, 0.0, 0.0, 0.0, 0.0, 0.0, 0.0, 0.0, 0.0, 0.0, 0.0, 0.0, 0.0, 0.0, 0.0, 0.0, 0.0, 0.0, 0.0, 0.0, 0.0, 0.0, 0.0, 0.0], [0.0, 0.0, 0.0, 0.0, -7.834988861272398, 35.8992356644847, 0.0, -34.96876667203977, 7.060302723044013, 0.0, 0.0, 0.0, 0.0, 0.0, 0.0, 0.0, 0.0, 0.0, 0.0, 0.0, 0.0, 0.0, 0.0, 0.0, 0.0, 0.0, 0.0, 0.0, 0.0, 0.0, 0.0, 0.0, 0.0, 0.0, 0.0, 4.388451715377249, -7.914921329220406, 0.0, 0.0, 0.0, 3.3066683447550957, 0.0, 0.0, 0.0, 0.0, 0.0, 0.0, 0.0, 0.0, 0.0, 0.0, 0.0, 0.0, 0.0, 0.0, 0.0, 0.0, 0.0, 0.0, 0.0, 0.0, 0.0, 0.0, 0.0, 0.0, 0.0, 0.0, 0.0, 0.0, 0.0, 0.0, 0.0, 0.0, 0.0, 0.0, 0.0, 0.0, 0.0, 0.0, 0.0, 0.0, 0.0, 0.0, 0.0, 0.0, 0.0, 0.0, 0.0, 0.0, 0.0, 0.0, 0.0, 0.0, 0.0, 0.0, 0.0, 0.0, 0.0, 0.0, 0.0, 0.0, 0.0, 0.0, 0.0, 0.0, 0.0, 0.0, 0.0, 0.0, 0.0, 0.0, 0.0, 0.0, 0.0, 0.0, 0.0, 0.0, 0.0, 0.0, 0.0, 0.0, 0.0, 0.0, 0.0, 0.0, 0.0, 0.0, 0.0, 0.0, 0.0, 0.0, 0.0, 0.0, 0.0, 0.0, 0.0, 0.0, 0.0, 0.0, 0.0, 0.0, 0.0, 0.0, 0.0, 0.0, 0.0, 0.0, 0.0, 0.0, 0.0, 0.0, 0.0, 0.0, 0.0, 0.0, 0.0, 0.0, 0.0, 0.0, 0.0, 0.0, 0.0, 0.0, 0.0, 0.0], [0.0, 0.0, 0.0, 0.0, 0.0, -6.207157142465258, 36.362650193185836, 0.0, -31.663439144112154, 0.0, 0.0, 0.0, 0.0, 0.0, 0.0, 0.0, 0.0, 0.0, 0.0, 0.0, 0.0, 0.0, 0.0, 0.0, 0.0, 0.0, 0.0, 0.0, 0.0, 0.0, 0.0, 0.0, 0.0, 0.0, 0.0, 0.0, 0.0, 0.0, 0.0, 4.514364007060641, -8.080185987628232, 0.0, 0.0, 3.35680774743758, 0.0, 0.0, 0.0, 0.0, 0.0, 0.0, 0.0, 0.0, 0.0, 0.0, 0.0, 0.0, 0.0, 0.0, 0.0, 0.0, 0.0, 0.0, 0.0, 0.0, 0.0, 0.0, 0.0, 0.0, 0.0, 0.0, 0.0, 0.0, 0.0, 0.0, 0.0, 0.0, 0.0, 0.0, 0.0, 0.0, 0.0, 0.0, 0.0, 0.0, 0.0, 0.0, 0.0, 0.0, 0.0, 0.0, 0.0, 0.0, 0.0, 0.0, 0.0, 0.0, 0.0, 0.0, 0.0, 0.0, 0.0, 0.0, 0.0, 0.0, 0.0, 0.0, 0.0, 0.0, 0.0, 0.0, 0.0, 0.0, 0.0, 0.0, 0.0, 0.0, 0.0, 0.0, 0.0, 0.0, 0.0, 0.0, 0.0, 0.0, 0.0, 0.0, 0.0, 0.0, 0.0, 0.0, 0.0, 0.0, 0.0, 0.0, 0.0, 0.0, 0.0, 0.0, 0.0, 0.0, 0.0, 0.0, 0.0, 0.0, 0.0, 0.0, 0.0, 0.0, 0.0, 0.0, 0.0, 0.0, 0.0, 0.0, 0.0, 0.0, 0.0, 0.0, 0.0, 0.0, 0.0, 0.0, 0.0, 0.0, 0.0], [0.0, 0.0, 0.0, 0.0, -4.105806073793808, -2.3836268111698535, -12.687525445795805, 42.51835382373014, -17.63485032720887, 0.0, 0.0, 0.0, 0.0, 0.0, 0.0, 0.0, 0.0, 0.0, 0.0, 0.0, 0.0, 0.0, 0.0, 0.0, 0.0, 0.0, 0.0, 0.0, 0.0, 0.0, 0.0, 0.0, 0.0, 0.0, 0.0, 0.0, 0.0, 0.0, 0.0, -2.660662726490273, 0.0, 5.499740452909391, 6.1486858124627295, -9.41560536651614, 0.0, 0.0, 0.0, 0.0, 0.0, 0.0, 0.0, 0.0, 0.0, 0.0, 0.0, 0.0, 0.0, 0.0, 0.0, 0.0, 0.0, 0.0, 0.0, 0.0, 0.0, 0.0, 0.0, 0.0, 0.0, 0.0, 0.0, 0.0, 0.0, 0.0, 0.0, 0.0, 0.0, 0.0, 0.0, 0.0, 0.0, 0.0, 0.0, 0.0, 0.0, 0.0, 0.0, 0.0, 0.0, 0.0, 0.0, 0.0, 0.0, 0.0, 0.0, 0.0, 0.0, 0.0, 0.0, 0.0, 0.0, 0.0, 0.0, 0.0, 0.0, 0.0, 0.0, 0.0, 0.0, 0.0, 0.0, 0.0, 0.0, 0.0, 0.0, 0.0, 0.0, 0.0, 0.0, 0.0, 0.0, 0.0, 0.0, 0.0, 0.0, 0.0, 0.0, 0.0, 0.0, 0.0, 0.0, 0.0, 0.0, 0.0, 0.0, 0.0, 0.0, 0.0, 0.0, 0.0, 0.0, 0.0, 0.0, 0.0, 0.0, 0.0, 0.0, 0.0, 0.0, 0.0, 0.0, 0.0, 0.0, 0.0, 0.0, 0.0, 0.0, 0.0, 0.0, 0.0, 0.0, 0.0, 0.0, 0.0, 0.0]]",(x0)' =  16.557 x0 + -39.936 x1 +  10.643 x2 +  2.820 x3 +  4.343 x4 | (x1)' =  31.697 x0 + -34.807 x2 +  5.184 x3 +  3.850 x0^2 + -7.477 x0 x1 +  3.355 x1 x2 +  0.468 x0 x1^2 + -0.508 x1^2 x2 | (x2)' = -7.811 x0 +  35.887 x1 + -34.903 x3 +  6.970 x4 +  4.407 x1^2 + -7.944 x1 x2 +  3.311 x2 x3 | (x3)' = -7.848 x1 +  35.917 x2 + -34.900 x4 +  6.985 x5 +  4.406 x2^2 + -7.927 x2 x3 +  3.291 x3 x4 | (x4)' = -7.830 x2 +  35.894 x3 + -34.926 x5 +  7.004 x6 +  4.396 x3^2 + -7.906 x3 x4 +  3.291 x4 x5 | (x5)' = -7.835 x3 +  35.899 x4 + -34.969 x6 +  7.060 x7 +  4.388 x4^2 + -7.915 x4 x5 +  3.307 x5 x6 | (x6)' = -6.207 x4 +  36.363 x5 + -31.663 x7 +  4.514 x5^2 + -8.080 x5 x6 +  3.357 x6 x7 | (x7)' = -4.106 x3 + -2.384 x4 + -12.688 x5 +  42.518 x6 + -17.635 x7 + -2.661 x5^2 +  5.500 x5 x7 +  6.149 x6^2 + -9.416 x6 x7
36,80.0,0.00022397498597370244,37.49490932187706,1000.0,3,8,5,20.0,140.0,9,36.0,smoothed_finite_difference_savgol_order_3,success,,66,1320,5.0,9.759922670200467,"[""1"", ""x0"", ""x1"", ""x2"", ""x3"", ""x4"", ""x5"", ""x6"", ""x7"", ""x0^2"", ""x0 x1"", ""x0 x2"", ""x0 x3"", ""x0 x4"", ""x0 x5"", ""x0 x6"", ""x0 x7"", ""x1^2"", ""x1 x2"", ""x1 x3"", ""x1 x4"", ""x1 x5"", ""x1 x6"", ""x1 x7"", ""x2^2"", ""x2 x3"", ""x2 x4"", ""x2 x5"", ""x2 x6"", ""x2 x7"", ""x3^2"", ""x3 x4"", ""x3 x5"", ""x3 x6"", ""x3 x7"", ""x4^2"", ""x4 x5"", ""x4 x6"", ""x4 x7"", ""x5^2"", ""x5 x6"", ""x5 x7"", ""x6^2"", ""x6 x7"", ""x7^2"", ""x0^3"", ""x0^2 x1"", ""x0^2 x2"", ""x0^2 x3"", ""x0^2 x4"", ""x0^2 x5"", ""x0^2 x6"", ""x0^2 x7"", ""x0 x1^2"", ""x0 x1 x2"", ""x0 x1 x3"", ""x0 x1 x4"", ""x0 x1 x5"", ""x0 x1 x6"", ""x0 x1 x7"", ""x0 x2^2"", ""x0 x2 x3"", ""x0 x2 x4"", ""x0 x2 x5"", ""x0 x2 x6"", ""x0 x2 x7"", ""x0 x3^2"", ""x0 x3 x4"", ""x0 x3 x5"", ""x0 x3 x6"", ""x0 x3 x7"", ""x0 x4^2"", ""x0 x4 x5"", ""x0 x4 x6"", ""x0 x4 x7"", ""x0 x5^2"", ""x0 x5 x6"", ""x0 x5 x7"", ""x0 x6^2"", ""x0 x6 x7"", ""x0 x7^2"", ""x1^3"", ""x1^2 x2"", ""x1^2 x3"", ""x1^2 x4"", ""x1^2 x5"", ""x1^2 x6"", ""x1^2 x7"", ""x1 x2^2"", ""x1 x2 x3"", ""x1 x2 x4"", ""x1 x2 x5"", ""x1 x2 x6"", ""x1 x2 x7"", ""x1 x3^2"", ""x1 x3 x4"", ""x1 x3 x5"", ""x1 x3 x6"", ""x1 x3 x7"", ""x1 x4^2"", ""x1 x4 x5"", ""x1 x4 x6"", ""x1 x4 x7"", ""x1 x5^2"", ""x1 x5 x6"", ""x1 x5 x7"", ""x1 x6^2"", ""x1 x6 x7"", ""x1 x7^2"", ""x2^3"", ""x2^2 x3"", ""x2^2 x4"", ""x2^2 x5"", ""x2^2 x6"", ""x2^2 x7"", ""x2 x3^2"", ""x2 x3 x4"", ""x2 x3 x5"", ""x2 x3 x6"", ""x2 x3 x7"", ""x2 x4^2"", ""x2 x4 x5"", ""x2 x4 x6"", ""x2 x4 x7"", ""x2 x5^2"", ""x2 x5 x6"", ""x2 x5 x7"", ""x2 x6^2"", ""x2 x6 x7"", ""x2 x7^2"", ""x3^3"", ""x3^2 x4"", ""x3^2 x5"", ""x3^2 x6"", ""x3^2 x7"", ""x3 x4^2"", ""x3 x4 x5"", ""x3 x4 x6"", ""x3 x4 x7"", ""x3 x5^2"", ""x3 x5 x6"", ""x3 x5 x7"", ""x3 x6^2"", ""x3 x6 x7"", ""x3 x7^2"", ""x4^3"", ""x4^2 x5"", ""x4^2 x6"", ""x4^2 x7"", ""x4 x5^2"", ""x4 x5 x6"", ""x4 x5 x7"", ""x4 x6^2"", ""x4 x6 x7"", ""x4 x7^2"", ""x5^3"", ""x5^2 x6"", ""x5^2 x7"", ""x5 x6^2"", ""x5 x6 x7"", ""x5 x7^2"", ""x6^3"", ""x6^2 x7"", ""x6 x7^2"", ""x7^3""]","[[0.0, 21.60665709623449, -48.6554222540918, 16.243923440591317, 0.0, 5.104928001816302, 0.0, 0.0, 0.0, 0.0, 0.0, 0.0, 0.0, 0.0, 0.0, 0.0, 0.0, 0.0, 0.0, 0.0, 0.0, 0.0, 0.0, 0.0, 0.0, 0.0, 0.0, 0.0, 0.0, 0.0, 0.0, 0.0, 0.0, 0.0, 0.0, 0.0, 0.0, 0.0, 0.0, 0.0, 0.0, 0.0, 0.0, 0.0, 0.0, 0.0, 0.0, 0.0, 0.0, 0.0, 0.0, 0.0, 0.0, 0.0, 0.0, 0.0, 0.0, 0.0, 0.0, 0.0, 0.0, 0.0, 0.0, 0.0, 0.0, 0.0, 0.0, 0.0, 0.0, 0.0, 0.0, 0.0, 0.0, 0.0, 0.0, 0.0, 0.0, 0.0, 0.0, 0.0, 0.0, 0.0, 0.0, 0.0, 0.0, 0.0, 0.0, 0.0, 0.0, 0.0, 0.0, 0.0, 0.0, 0.0, 0.0, 0.0, 0.0, 0.0, 0.0, 0.0, 0.0, 0.0, 0.0, 0.0, 0.0, 0.0, 0.0, 0.0, 0.0, 0.0, 0.0, 0.0, 0.0, 0.0, 0.0, 0.0, 0.0, 0.0, 0.0, 0.0, 0.0, 0.0, 0.0, 0.0, 0.0, 0.0, 0.0, 0.0, 0.0, 0.0, 0.0, 0.0, 0.0, 0.0, 0.0, 0.0, 0.0, 0.0, 0.0, 0.0, 0.0, 0.0, 0.0, 0.0, 0.0, 0.0, 0.0, 0.0, 0.0, 0.0, 0.0, 0.0, 0.0, 0.0, 0.0, 0.0, 0.0, 0.0, 0.0, 0.0, 0.0, 0.0, 0.0, 0.0, 0.0], [0.0, 34.73242292884976, 0.0, -39.68984910500497, 7.41173715031166, 0.0, 0.0, 0.0, 0.0, 2.866059377703995, -6.64647201648647, 0.0, 0.0, 0.0, 0.0, 0.0, 0.0, 0.0, 3.67096060143578, 0.0, 0.0, 0.0, 0.0, 0.0, 0.0, 0.0, 0.0, 0.0, 0.0, 0.0, 0.0, 0.0, 0.0, 0.0, 0.0, 0.0, 0.0, 0.0, 0.0, 0.0, 0.0, 0.0, 0.0, 0.0, 0.0, 0.0, 0.0, 0.0, 0.0, 0.0, 0.0, 0.0, 0.0, 0.39229813834208077, 0.0, 0.0, 0.0, 0.0, 0.0, 0.0, 0.0, 0.0, 0.0, 0.0, 0.0, 0.0, 0.0, 0.0, 0.0, 0.0, 0.0, 0.0, 0.0, 0.0, 0.0, 0.0, 0.0, 0.0, 0.0, 0.0, 0.0, 0.0, -0.4560749172821172, 0.0, 0.0, 0.0, 0.0, 0.0, 0.0, 0.0, 0.0, 0.0, 0.0, 0.0, 0.0, 0.0, 0.0, 0.0, 0.0, 0.0, 0.0, 0.0, 0.0, 0.0, 0.0, 0.0, 0.0, 0.0, 0.0, 0.0, 0.0, 0.0, 0.0, 0.0, 0.0, 0.0, 0.0, 0.0, 0.0, 0.0, 0.0, 0.0, 0.0, 0.0, 0.0, 0.0, 0.0, 0.0, 0.0, 0.0, 0.0, 0.0, 0.0, 0.0, 0.0, 0.0, 0.0, 0.0, 0.0, 0.0, 0.0, 0.0, 0.0, 0.0, 0.0, 0.0, 0.0, 0.0, 0.0, 0.0, 0.0, 0.0, 0.0, 0.0, 0.0, 0.0, 0.0, 0.0, 0.0, 0.0, 0.0, 0.0, 0.0, 0.0, 0.0], [0.0, -10.476523507532828, 40.36212040994958, 0.0, -39.744082177660324, 9.896941584646695, 0.0, 0.0, 0.0, 0.0, 0.0, 0.0, 0.0, 0.0, 0.0, 0.0, 0.0, 3.53272091911136, -7.158173387460808, 0.0, 0.0, 0.0, 0.0, 0.0, 0.0, 3.571133426870906, 0.0, 0.0, 0.0, 0.0, 0.0, 0.0, 0.0, 0.0, 0.0, 0.0, 0.0, 0.0, 0.0, 0.0, 0.0, 0.0, 0.0, 0.0, 0.0, 0.0, 0.0, 0.0, 0.0, 0.0, 0.0, 0.0, 0.0, 0.0, 0.0, 0.0, 0.0, 0.0, 0.0, 0.0, 0.0, 0.0, 0.0, 0.0, 0.0, 0.0, 0.0, 0.0, 0.0, 0.0, 0.0, 0.0, 0.0, 0.0, 0.0, 0.0, 0.0, 0.0, 0.0, 0.0, 0.0, 0.0, 0.0, 0.0, 0.0, 0.0, 0.0, 0.0, 0.0, 0.0, 0.0, 0.0, 0.0, 0.0, 0.0, 0.0, 0.0, 0.0, 0.0, 0.0, 0.0, 0.0, 0.0, 0.0, 0.0, 0.0, 0.0, 0.0, 0.0, 0.0, 0.0, 0.0, 0.0, 0.0, 0.0, 0.0, 0.0, 0.0, 0.0, 0.0, 0.0, 0.0, 0.0, 0.0, 0.0, 0.0, 0.0, 0.0, 0.0, 0.0, 0.0, 0.0, 0.0, 0.0, 0.0, 0.0, 0.0, 0.0, 0.0, 0.0, 0.0, 0.0, 0.0, 0.0, 0.0, 0.0, 0.0, 0.0, 0.0, 0.0, 0.0, 0.0, 0.0, 0.0, 0.0, 0.0, 0.0, 0.0, 0.0, 0.0, 0.0, 0.0, 0.0, 0.0, 0.0], [0.0, 0.0, -10.93381415168362, 39.98856968611783, 0.0, -39.04214841101034, 9.979761031841376, 0.0, 0.0, 0.0, 0.0, 0.0, 0.0, 0.0, 0.0, 0.0, 0.0, -2.756815280379551, 3.5782953015996064, 0.0, 0.0, 0.0, 0.0, 0.0, 3.1117300403290957, -7.587782983907524, 0.0, 0.0, 0.0, 0.0, 0.0, 3.8055128719794262, 0.0, 0.0, 0.0, 0.0, 0.0, 0.0, 0.0, 0.0, 0.0, 0.0, 0.0, 0.0, 0.0, 0.0, 0.0, 0.0, 0.0, 0.0, 0.0, 0.0, 0.0, 0.0, 0.0, 0.0, 0.0, 0.0, 0.0, 0.0, 0.0, 0.0, 0.0, 0.0, 0.0, 0.0, 0.0, 0.0, 0.0, 0.0, 0.0, 0.0, 0.0, 0.0, 0.0, 0.0, 0.0, 0.0, 0.0, 0.0, 0.0, 0.0, 0.0, 0.0, 0.0, 0.0, 0.0, 0.0, 0.0, 0.0, 0.0, 0.0, 0.0, 0.0, 0.0, 0.0, 0.0, 0.0, 0.0, 0.0, 0.0, 0.0, 0.0, 0.0, 0.0, 0.0, 0.0, 0.0, 0.0, 0.0, 0.0, 0.0, 0.0, 0.0, 0.0, 0.5027858525975901, 0.0, 0.0, 0.0, 0.0, 0.0, 0.0, 0.0, 0.0, 0.0, 0.0, 0.0, 0.0, 0.0, 0.0, 0.0, -0.5247770287012495, 0.0, 0.0, 0.0, 0.0, 0.0, 0.0, 0.0, 0.0, 0.0, 0.0, 0.0, 0.0, 0.0, 0.0, 0.0, 0.0, 0.0, 0.0, 0.0, 0.0, 0.0, 0.0, 0.0, 0.0, 0.0, 0.0, 0.0, 0.0, 0.0, 0.0, 0.0, 0.0, 0.0], [0.0, 0.0, 0.0, -10.862598700411851, 40.41086841869824, 0.0, -39.58799242298151, 9.948376075539418, 0.0, 0.0, 0.0, 0.0, 0.0, 0.0, 0.0, 0.0, 0.0, 0.0, 0.0, 0.0, 0.0, 0.0, 0.0, 0.0, -2.7572058201528478, 3.6005564253789264, 0.0, 0.0, 0.0, 0.0, 3.1261397766672956, -7.587491081439966, 0.0, 0.0, 0.0, 0.0, 3.7827306683082162, 0.0, 0.0, 0.0, 0.0, 0.0, 0.0, 0.0, 0.0, 0.0, 0.0, 0.0, 0.0, 0.0, 0.0, 0.0, 0.0, 0.0, 0.0, 0.0, 0.0, 0.0, 0.0, 0.0, 0.0, 0.0, 0.0, 0.0, 0.0, 0.0, 0.0, 0.0, 0.0, 0.0, 0.0, 0.0, 0.0, 0.0, 0.0, 0.0, 0.0, 0.0, 0.0, 0.0, 0.0, 0.0, 0.0, 0.0, 0.0, 0.0, 0.0, 0.0, 0.0, 0.0, 0.0, 0.0, 0.0, 0.0, 0.0, 0.0, 0.0, 0.0, 0.0, 0.0, 0.0, 0.0, 0.0, 0.0, 0.0, 0.0, 0.0, 0.0, 0.0, 0.0, 0.0, 0.0, 0.0, 0.0, 0.0, 0.0, 0.0, 0.0, 0.0, 0.0, 0.0, 0.0, 0.0, 0.0, 0.0, 0.0, 0.0, 0.0, 0.0, 0.0, 0.0, 0.0, 0.0, 0.0, 0.0, 0.0, 0.0, 0.0, 0.0, 0.0, 0.0, 0.0, 0.0, 0.0, 0.0, 0.0, 0.0, 0.0, 0.0, 0.0, 0.0, 0.0, 0.0, 0.0, 0.0, 0.0, 0.0, 0.0, 0.0, 0.0, 0.0, 0.0, 0.0, 0.0, 0.0], [0.0, 0.0, 0.0, 0.0, -10.843317884551391, 40.39792769494704, 0.0, -39.63338590756455, 10.008381774575321, 0.0, 0.0, 0.0, 0.0, 0.0, 0.0, 0.0, 0.0, 0.0, 0.0, 0.0, 0.0, 0.0, 0.0, 0.0, 0.0, 0.0, 0.0, 0.0, 0.0, 0.0, -2.722725619304817, 3.5637581843446506, 0.0, 0.0, 0.0, 3.1146059273579056, -7.560160949522015, 0.0, 0.0, 0.0, 3.768829293699675, 0.0, 0.0, 0.0, 0.0, 0.0, 0.0, 0.0, 0.0, 0.0, 0.0, 0.0, 0.0, 0.0, 0.0, 0.0, 0.0, 0.0, 0.0, 0.0, 0.0, 0.0, 0.0, 0.0, 0.0, 0.0, 0.0, 0.0, 0.0, 0.0, 0.0, 0.0, 0.0, 0.0, 0.0, 0.0, 0.0, 0.0, 0.0, 0.0, 0.0, 0.0, 0.0, 0.0, 0.0, 0.0, 0.0, 0.0, 0.0, 0.0, 0.0, 0.0, 0.0, 0.0, 0.0, 0.0, 0.0, 0.0, 0.0, 0.0, 0.0, 0.0, 0.0, 0.0, 0.0, 0.0, 0.0, 0.0, 0.0, 0.0, 0.0, 0.0, 0.0, 0.0, 0.0, 0.0, 0.0, 0.0, 0.0, 0.0, 0.0, 0.0, 0.0, 0.0, 0.0, 0.0, 0.0, 0.0, 0.0, 0.0, 0.0, 0.0, 0.0, 0.0, 0.0, 0.0, 0.0, 0.0, 0.0, 0.0, 0.0, 0.0, 0.0, 0.0, 0.0, 0.0, 0.0, 0.0, 0.0, 0.0, 0.0, 0.0, 0.0, 0.0, 0.0, 0.0, 0.0, 0.0, 0.0, 0.0, 0.0, 0.0, 0.0, 0.0, 0.0], [0.0, 0.0, 0.0, 0.0, 0.0, -8.487370725401698, 40.915542891261026, 0.0, -34.6432533814829, 0.0, 0.0, 0.0, 0.0, 0.0, 0.0, 0.0, 0.0, 0.0, 0.0, 0.0, 0.0, 0.0, 0.0, 0.0, 0.0, 0.0, 0.0, 0.0, 0.0, 0.0, 0.0, 0.0, 0.0, 0.0, 0.0, -2.6632832493591754, 3.525794873844791, 0.0, 0.0, 3.324114033279861, -7.9287188234202794, 0.0, 0.0, 3.918036561963678, 0.0, 0.0, 0.0, 0.0, 0.0, 0.0, 0.0, 0.0, 0.0, 0.0, 0.0, 0.0, 0.0, 0.0, 0.0, 0.0, 0.0, 0.0, 0.0, 0.0, 0.0, 0.0, 0.0, 0.0, 0.0, 0.0, 0.0, 0.0, 0.0, 0.0, 0.0, 0.0, 0.0, 0.0, 0.0, 0.0, 0.0, 0.0, 0.0, 0.0, 0.0, 0.0, 0.0, 0.0, 0.0, 0.0, 0.0, 0.0, 0.0, 0.0, 0.0, 0.0, 0.0, 0.0, 0.0, 0.0, 0.0, 0.0, 0.0, 0.0, 0.0, 0.0, 0.0, 0.0, 0.0, 0.0, 0.0, 0.0, 0.0, 0.0, 0.0, 0.0, 0.0, 0.0, 0.0, 0.0, 0.0, 0.0, 0.0, 0.0, 0.0, 0.0, 0.0, 0.0, 0.0, 0.0, 0.0, 0.0, 0.0, 0.0, 0.0, 0.0, 0.0, 0.0, 0.0, 0.0, 0.0, 0.0, 0.0, 0.0, 0.0, 0.0, 0.0, 0.0, 0.0, 0.0, 0.0, 0.0, 0.0, 0.0, 0.0, 0.0, 0.0, 0.0, 0.0, 0.0, 0.0, 0.0, 0.0, 0.0, 0.0], [0.0, 0.0, 0.0, 0.0, -4.55233775485613, 0.0, -16.62640931192242, 49.5001525971253, -21.15364124297908, 0.0, 0.0, 0.0, 0.0, 0.0, 0.0, 0.0, 0.0, 0.0, 0.0, 0.0, 0.0, 0.0, 0.0, 0.0, 0.0, 0.0, 0.0, 0.0, 0.0, 0.0, 0.0, 0.0, 0.0, 0.0, 0.0, 0.0, 0.0, 0.0, 0.0, -3.384302629395848, 4.955542519805283, 0.0, 3.317307141428835, -5.350104934887826, 0.0, 0.0, 0.0, 0.0, 0.0, 0.0, 0.0, 0.0, 0.0, 0.0, 0.0, 0.0, 0.0, 0.0, 0.0, 0.0, 0.0, 0.0, 0.0, 0.0, 0.0, 0.0, 0.0, 0.0, 0.0, 0.0, 0.0, 0.0, 0.0, 0.0, 0.0, 0.0, 0.0, 0.0, 0.0, 0.0, 0.0, 0.0, 0.0, 0.0, 0.0, 0.0, 0.0, 0.0, 0.0, 0.0, 0.0, 0.0, 0.0, 0.0, 0.0, 0.0, 0.0, 0.0, 0.0, 0.0, 0.0, 0.0, 0.0, 0.0, 0.0, 0.0, 0.0, 0.0, 0.0, 0.0, 0.0, 0.0, 0.0, 0.0, 0.0, 0.0, 0.0, 0.0, 0.0, 0.0, 0.0, 0.0, 0.0, 0.0, 0.0, 0.0, 0.0, 0.0, 0.0, 0.0, 0.0, 0.0, 0.0, 0.0, 0.0, 0.0, 0.0, 0.0, 0.0, 0.0, 0.0, 0.0, 0.0, 0.0, 0.0, 0.0, 0.0, 0.0, 0.0, 0.0, 0.0, 0.0, 0.0, 0.0, 0.0, 0.0, 0.0, 0.0, 0.0, -0.6624467656168839, 0.0, 0.11859489951892259, 0.0, 0.0, 0.0]]",(x0)' =  21.607 x0 + -48.655 x1 +  16.244 x2 +  5.105 x4 | (x1)' =  34.732 x0 + -39.690 x2 +  7.412 x3 +  2.866 x0^2 + -6.646 x0 x1 +  3.671 x1 x2 +  0.392 x0 x1^2 + -0.456 x1^2 x2 | (x2)' = -10.477 x0 +  40.362 x1 + -39.744 x3 +  9.897 x4 +  3.533 x1^2 + -7.158 x1 x2 +  3.571 x2 x3 | (x3)' = -10.934 x1 +  39.989 x2 + -39.042 x4 +  9.980 x5 + -2.757 x1^2 +  3.578 x1 x2 +  3.112 x2^2 + -7.588 x2 x3 +  3.806 x3 x4 +  0.503 x2 x3^2 + -0.525 x3^2 x4 | (x4)' = -10.863 x2 +  40.411 x3 + -39.588 x5 +  9.948 x6 + -2.757 x2^2 +  3.601 x2 x3 +  3.126 x3^2 + -7.587 x3 x4 +  3.783 x4 x5 | (x5)' = -10.843 x3 +  40.398 x4 + -39.633 x6 +  10.008 x7 + -2.723 x3^2 +  3.564 x3 x4 +  3.115 x4^2 + -7.560 x4 x5 +  3.769 x5 x6 | (x6)' = -8.487 x4 +  40.916 x5 + -34.643 x7 + -2.663 x4^2 +  3.526 x4 x5 +  3.324 x5^2 + -7.929 x5 x6 +  3.918 x6 x7 | (x7)' = -4.552 x3 + -16.626 x5 +  49.500 x6 + -21.154 x7 + -3.384 x5^2 +  4.956 x5 x6 +  3.317 x6^2 + -5.350 x6 x7 + -0.662 x5 x6 x7 +  0.119 x6^3
