configuration_index,lowpass_hz,global_zscore_mean,global_zscore_std,stlsq_threshold,degree,n_delays,delay_samples,delay_ms,embedding_span_ms,smooth_window_samples,smooth_window_ms,derivative_method,fit_status,fit_failure_reason,nonzero_terms,possible_terms,term_utilization_percent,fit_runtime_s,feature_names_json,coefficients_json,equations
1,35.0,-0.0007537510658310451,36.85636440218341,1.0,2,2,1,4.0,4.0,0,0.0,finite_difference,success,,10,12,83.33333333333333,1.1799269281327724,"[""1"", ""x0"", ""x1"", ""x0^2"", ""x0 x1"", ""x1^2""]","[[0.0, 233.22288176622288, -239.43293168050133, -6.8791269217904505, 15.540432415755742, -7.939501336117143], [0.0, 239.46580597927286, -233.23685750370524, 10.4511068260164, -19.691335374119593, 8.501713718474097]]",(x0)' =  233.223 x0 + -239.433 x1 + -6.879 x0^2 +  15.540 x0 x1 + -7.940 x1^2 | (x1)' =  239.466 x0 + -233.237 x1 +  10.451 x0^2 + -19.691 x0 x1 +  8.502 x1^2
2,35.0,-0.0007537510658310451,36.85636440218341,1.0,2,2,1,4.0,4.0,5,20.0,smoothed_finite_difference_savgol_order_3,success,,10,12,83.33333333333333,0.1390212494879961,"[""1"", ""x0"", ""x1"", ""x0^2"", ""x0 x1"", ""x1^2""]","[[0.0, 233.4997689808177, -239.6406851651228, -6.930671302509456, 15.567576353271559, -7.926985284836775], [0.0, 239.67114187431577, -233.51287737653706, 10.346533239430848, -19.459416980867786, 8.389164109239456]]",(x0)' =  233.500 x0 + -239.641 x1 + -6.931 x0^2 +  15.568 x0 x1 + -7.927 x1^2 | (x1)' =  239.671 x0 + -233.513 x1 +  10.347 x0^2 + -19.459 x0 x1 +  8.389 x1^2
3,35.0,-0.0007537510658310451,36.85636440218341,1.0,2,2,1,4.0,4.0,9,36.0,smoothed_finite_difference_savgol_order_3,success,,10,12,83.33333333333333,0.137256839312613,"[""1"", ""x0"", ""x1"", ""x0^2"", ""x0 x1"", ""x1^2""]","[[0.0, 235.88124542124316, -241.37435994304644, -7.057619959206324, 15.170844696015855, -7.517830629846106], [0.0, 241.36822752506143, -235.86511756468852, 9.507469359529095, -17.58056384205373, 7.478911905484891]]",(x0)' =  235.881 x0 + -241.374 x1 + -7.058 x0^2 +  15.171 x0 x1 + -7.518 x1^2 | (x1)' =  241.368 x0 + -235.865 x1 +  9.507 x0^2 + -17.581 x0 x1 +  7.479 x1^2
4,35.0,-0.0007537510658310451,36.85636440218341,1.0,2,2,2,8.0,8.0,0,0.0,finite_difference,success,,10,12,83.33333333333333,0.12133860401809216,"[""1"", ""x0"", ""x1"", ""x0^2"", ""x0 x1"", ""x1^2""]","[[0.0, 106.05389459275338, -117.57974365078697, -2.7743176515305104, 7.792897864828571, -3.676115691529993], [0.0, 117.64613389803414, -106.08560963568313, 5.244211647244219, -9.848888129484223, 3.235971823975759]]",(x0)' =  106.054 x0 + -117.580 x1 + -2.774 x0^2 +  7.793 x0 x1 + -3.676 x1^2 | (x1)' =  117.646 x0 + -106.086 x1 +  5.244 x0^2 + -9.849 x0 x1 +  3.236 x1^2
5,35.0,-0.0007537510658310451,36.85636440218341,1.0,2,2,2,8.0,8.0,5,20.0,smoothed_finite_difference_savgol_order_3,success,,10,12,83.33333333333333,0.13279869128018618,"[""1"", ""x0"", ""x1"", ""x0^2"", ""x0 x1"", ""x1^2""]","[[0.0, 106.32423973001966, -117.73893314457796, -2.8121241819742187, 7.7941947913623695, -3.6600392181979085], [0.0, 117.80119502866629, -106.35444240534763, 5.208386759782348, -9.747840946107551, 3.1957169105670657]]",(x0)' =  106.324 x0 + -117.739 x1 + -2.812 x0^2 +  7.794 x0 x1 + -3.660 x1^2 | (x1)' =  117.801 x0 + -106.354 x1 +  5.208 x0^2 + -9.748 x0 x1 +  3.196 x1^2
6,35.0,-0.0007537510658310451,36.85636440218341,1.0,2,2,2,8.0,8.0,9,36.0,smoothed_finite_difference_savgol_order_3,success,,10,12,83.33333333333333,0.1331400079652667,"[""1"", ""x0"", ""x1"", ""x0^2"", ""x0 x1"", ""x1^2""]","[[0.0, 108.70459614967652, -119.04363442004093, -3.0304375259452434, 7.557899419092424, -3.4041589215660237], [0.0, 119.06461618974284, -108.70854229862776, 4.863711932378037, -8.81182339419293, 2.8317270080819257]]",(x0)' =  108.705 x0 + -119.044 x1 + -3.030 x0^2 +  7.558 x0 x1 + -3.404 x1^2 | (x1)' =  119.065 x0 + -108.709 x1 +  4.864 x0^2 + -8.812 x0 x1 +  2.832 x1^2
7,35.0,-0.0007537510658310451,36.85636440218341,1.0,2,2,5,20.0,20.0,0,0.0,finite_difference,success,,8,12,66.66666666666667,0.11323414742946625,"[""1"", ""x0"", ""x1"", ""x0^2"", ""x0 x1"", ""x1^2""]","[[-1.0064872161007727, 21.568241848904297, -37.433806373044504, 0.0, 1.7325826279357852, 0.0], [0.0, 37.70852031130441, -21.693376538812657, 2.530000410361862, -4.089670445516572, 0.0]]",(x0)' = -1.006 1 +  21.568 x0 + -37.434 x1 +  1.733 x0 x1 | (x1)' =  37.709 x0 + -21.693 x1 +  2.530 x0^2 + -4.090 x0 x1
8,35.0,-0.0007537510658310451,36.85636440218341,1.0,2,2,5,20.0,20.0,5,20.0,smoothed_finite_difference_savgol_order_3,success,,8,12,66.66666666666667,0.12576173059642315,"[""1"", ""x0"", ""x1"", ""x0^2"", ""x0 x1"", ""x1^2""]","[[-1.0122935043449335, 21.796612941255113, -37.676955870826404, 0.0, 1.7386221470477772, 0.0], [0.0, 37.94009617020556, -21.916951518921913, 2.505577997079126, -4.060910283828298, 0.0]]",(x0)' = -1.012 1 +  21.797 x0 + -37.677 x1 +  1.739 x0 x1 | (x1)' =  37.940 x0 + -21.917 x1 +  2.506 x0^2 + -4.061 x0 x1
9,35.0,-0.0007537510658310451,36.85636440218341,1.0,2,2,5,20.0,20.0,9,36.0,smoothed_finite_difference_savgol_order_3,success,,7,12,58.333333333333336,0.12567411083728075,"[""1"", ""x0"", ""x1"", ""x0^2"", ""x0 x1"", ""x1^2""]","[[0.0, 24.071004445647194, -39.82857157477627, 0.0, 1.495023501166972, 0.0], [0.0, 40.020969152472226, -24.134954881954528, 2.272861960503323, -3.753667763289944, 0.0]]",(x0)' =  24.071 x0 + -39.829 x1 +  1.495 x0 x1 | (x1)' =  40.021 x0 + -24.135 x1 +  2.273 x0^2 + -3.754 x0 x1
10,35.0,-0.0007537510658310451,36.85636440218341,1.0,2,4,1,4.0,12.0,0,0.0,finite_difference,success,,31,60,51.666666666666664,0.36582799162715673,"[""1"", ""x0"", ""x1"", ""x2"", ""x3"", ""x0^2"", ""x0 x1"", ""x0 x2"", ""x0 x3"", ""x1^2"", ""x1 x2"", ""x1 x3"", ""x2^2"", ""x2 x3"", ""x3^2""]","[[0.0, 431.9717434181688, -725.4569188040304, 398.85335954853184, -106.44059731697962, -14.727125880991698, 61.013266241054076, -48.170618080318256, 17.71084399516855, -43.206751023583436, 42.305580119583276, -18.622536111827802, 0.0, 6.261536895232757, -2.5296780639701977], [0.0, 125.00696887548156, 0.0, -125.00752289752916, 0.0, 0.0, 0.0, 0.0, 0.0, 0.0, 0.0, 0.0, 0.0, 0.0, 0.0], [0.0, 0.0, 125.00689765238364, 0.0, -125.00500277039286, 0.0, 0.0, 0.0, 0.0, 0.0, 0.0, 0.0, 0.0, 0.0, 0.0], [0.0, 106.41898338911717, -398.589349839789, 725.0323919039988, -431.7812339683711, 106.80989363332054, -572.7192593372237, 567.065391203803, -206.77785602051807, 758.9991894484028, -1501.2454998226956, 551.2881647690259, 743.9004109202252, -547.3155892383561, 99.93525418087295]]",(x0)' =  431.972 x0 + -725.457 x1 +  398.853 x2 + -106.441 x3 + -14.727 x0^2 +  61.013 x0 x1 + -48.171 x0 x2 +  17.711 x0 x3 + -43.207 x1^2 +  42.306 x1 x2 + -18.623 x1 x3 +  6.262 x2 x3 + -2.530 x3^2 | (x1)' =  125.007 x0 + -125.008 x2 | (x2)' =  125.007 x1 + -125.005 x3 | (x3)' =  106.419 x0 + -398.589 x1 +  725.032 x2 + -431.781 x3 +  106.810 x0^2 + -572.719 x0 x1 +  567.065 x0 x2 + -206.778 x0 x3 +  758.999 x1^2 + -1501.245 x1 x2 +  551.288 x1 x3 +  743.900 x2^2 + -547.316 x2 x3 +  99.935 x3^2
11,35.0,-0.0007537510658310451,36.85636440218341,1.0,2,4,1,4.0,12.0,5,20.0,smoothed_finite_difference_savgol_order_3,success,,32,60,53.333333333333336,0.3820930039510131,"[""1"", ""x0"", ""x1"", ""x2"", ""x3"", ""x0^2"", ""x0 x1"", ""x0 x2"", ""x0 x3"", ""x1^2"", ""x1 x2"", ""x1 x3"", ""x2^2"", ""x2 x3"", ""x3^2""]","[[0.0, 433.31186660783436, -728.5807338049678, 401.34446943043986, -107.11679393406297, -112.87035810338773, 623.1895376773451, -625.7056280915847, 229.86182994340538, -843.9381620607982, 1679.8808610968063, -618.1623863088706, -832.9309393951739, 613.2035170326664, -112.471724707918], [0.0, 125.00951905169575, 0.0, -125.01013309694113, 0.0, 0.0, 0.0, 0.0, 0.0, 0.0, 0.0, 0.0, 0.0, 0.0, 0.0], [0.0, 0.0, 125.0091538260251, 0.0, -125.00711763372902, 0.0, 0.0, 0.0, 0.0, 0.0, 0.0, 0.0, 0.0, 0.0, 0.0], [0.0, 106.95007900362107, -400.98824053425835, 728.3818755482349, -433.3002848392843, 109.3960251733352, -588.5260341753576, 583.3288918686391, -212.45166007696773, 783.0466984871103, -1550.448682602357, 568.312206968564, 768.7916526588034, -564.2685892167003, 102.76227096687714]]",(x0)' =  433.312 x0 + -728.581 x1 +  401.344 x2 + -107.117 x3 + -112.870 x0^2 +  623.190 x0 x1 + -625.706 x0 x2 +  229.862 x0 x3 + -843.938 x1^2 +  1679.881 x1 x2 + -618.162 x1 x3 + -832.931 x2^2 +  613.204 x2 x3 + -112.472 x3^2 | (x1)' =  125.010 x0 + -125.010 x2 | (x2)' =  125.009 x1 + -125.007 x3 | (x3)' =  106.950 x0 + -400.988 x1 +  728.382 x2 + -433.300 x3 +  109.396 x0^2 + -588.526 x0 x1 +  583.329 x0 x2 + -212.452 x0 x3 +  783.047 x1^2 + -1550.449 x1 x2 +  568.312 x1 x3 +  768.792 x2^2 + -564.269 x2 x3 +  102.762 x3^2
12,35.0,-0.0007537510658310451,36.85636440218341,1.0,2,4,1,4.0,12.0,9,36.0,smoothed_finite_difference_savgol_order_3,success,,30,60,50.0,0.4199242405593395,"[""1"", ""x0"", ""x1"", ""x2"", ""x3"", ""x0^2"", ""x0 x1"", ""x0 x2"", ""x0 x3"", ""x1^2"", ""x1 x2"", ""x1 x3"", ""x2^2"", ""x2 x3"", ""x3^2""]","[[0.0, 445.10268853605334, -753.7225926572687, 418.07510865200436, -110.19677357398542, 0.08503514214950353, 1.991799403359566, -17.235518569883034, 16.695714686531495, 0.0, 43.47746834045896, -49.037525952477296, -47.08561610364377, 70.4478520807411, -19.31892074030798], [0.0, 125.01560899659088, 0.0, -125.01609684681392, 0.0, 0.0, 0.0, 0.0, 0.0, 0.0, 0.0, 0.0, 0.0, 0.0, 0.0], [0.0, 0.0, 125.014381462685, 0.0, -125.00751007325964, 0.0, 0.0, 0.0, 0.0, 0.0, 0.0, 0.0, 0.0, 0.0, 0.0], [0.0, 110.33878059309914, -418.66833333545253, 754.4573056848328, -445.38320215081876, 4.015210557994801, -11.679962062634669, 17.16959046370802, -12.78385079325184, 0.0, -22.207946277709837, 30.777678621697437, 26.356139975524858, -43.29549461213183, 11.629690063800854]]",(x0)' =  445.103 x0 + -753.723 x1 +  418.075 x2 + -110.197 x3 +  0.085 x0^2 +  1.992 x0 x1 + -17.236 x0 x2 +  16.696 x0 x3 +  43.477 x1 x2 + -49.038 x1 x3 + -47.086 x2^2 +  70.448 x2 x3 + -19.319 x3^2 | (x1)' =  125.016 x0 + -125.016 x2 | (x2)' =  125.014 x1 + -125.008 x3 | (x3)' =  110.339 x0 + -418.668 x1 +  754.457 x2 + -445.383 x3 +  4.015 x0^2 + -11.680 x0 x1 +  17.170 x0 x2 + -12.784 x0 x3 + -22.208 x1 x2 +  30.778 x1 x3 +  26.356 x2^2 + -43.295 x2 x3 +  11.630 x3^2
13,35.0,-0.0007537510658310451,36.85636440218341,1.0,2,4,2,8.0,24.0,0,0.0,finite_difference,success,,56,60,93.33333333333333,0.46048376709222794,"[""1"", ""x0"", ""x1"", ""x2"", ""x3"", ""x0^2"", ""x0 x1"", ""x0 x2"", ""x0 x3"", ""x1^2"", ""x1 x2"", ""x1 x3"", ""x2^2"", ""x2 x3"", ""x3^2""]","[[0.0, 169.56007008809848, -266.76613795623314, 130.19486273241634, -36.9416209193272, -8.676930697800456, 42.18835102705655, -42.64628123809738, 19.855065770271533, -40.10973198932221, 74.3345090116608, -38.85958419887349, -34.865211927173, 38.91836749931954, -9.926592838966137], [0.0, 56.57087047596269, 32.897125640553725, -107.77489170374672, 19.339019784479092, 3.0278096116057327, -13.222071460045688, 12.633336221641997, -5.802533872104915, 11.68231888692495, -21.047716994414106, 11.148390186800311, 10.039142094719805, -11.435044088863787, 2.9100467509121093], [0.0, -19.28346651768114, 107.61901999068672, -32.76579127685357, -56.60120189351046, -2.968320362694009, 12.308022383485293, -11.685981000203443, 5.434061420549996, -10.379330507899855, 19.22508819015048, -10.604265063221243, -9.782043679428446, 11.358669083965209, -2.8389995321606385], [0.0, 36.691811341847426, -129.71934757023033, 266.6140672629948, -169.63223560005815, 9.13296097469901, -36.59667092190373, 35.13268994186193, -16.42003492700833, 29.935482338458737, -58.58177366808686, 33.1612645086339, 32.05806440695065, -36.62625040743507, 8.588632360210456]]",(x0)' =  169.560 x0 + -266.766 x1 +  130.195 x2 + -36.942 x3 + -8.677 x0^2 +  42.188 x0 x1 + -42.646 x0 x2 +  19.855 x0 x3 + -40.110 x1^2 +  74.335 x1 x2 + -38.860 x1 x3 + -34.865 x2^2 +  38.918 x2 x3 + -9.927 x3^2 | (x1)' =  56.571 x0 +  32.897 x1 + -107.775 x2 +  19.339 x3 +  3.028 x0^2 + -13.222 x0 x1 +  12.633 x0 x2 + -5.803 x0 x3 +  11.682 x1^2 + -21.048 x1 x2 +  11.148 x1 x3 +  10.039 x2^2 + -11.435 x2 x3 +  2.910 x3^2 | (x2)' = -19.283 x0 +  107.619 x1 + -32.766 x2 + -56.601 x3 + -2.968 x0^2 +  12.308 x0 x1 + -11.686 x0 x2 +  5.434 x0 x3 + -10.379 x1^2 +  19.225 x1 x2 + -10.604 x1 x3 + -9.782 x2^2 +  11.359 x2 x3 + -2.839 x3^2 | (x3)' =  36.692 x0 + -129.719 x1 +  266.614 x2 + -169.632 x3 +  9.133 x0^2 + -36.597 x0 x1 +  35.133 x0 x2 + -16.420 x0 x3 +  29.935 x1^2 + -58.582 x1 x2 +  33.161 x1 x3 +  32.058 x2^2 + -36.626 x2 x3 +  8.589 x3^2
14,35.0,-0.0007537510658310451,36.85636440218341,1.0,2,4,2,8.0,24.0,5,20.0,smoothed_finite_difference_savgol_order_3,success,,56,60,93.33333333333333,0.4711422445252538,"[""1"", ""x0"", ""x1"", ""x2"", ""x3"", ""x0^2"", ""x0 x1"", ""x0 x2"", ""x0 x3"", ""x1^2"", ""x1 x2"", ""x1 x3"", ""x2^2"", ""x2 x3"", ""x3^2""]","[[0.0, 170.69804203590982, -268.7969376474161, 131.46243282656255, -37.21025592669629, -8.736196269213227, 42.53756394947776, -43.12147806883482, 20.064494856192532, -40.80590970314456, 76.26239589860194, -39.730755358234084, -36.16348288231772, 40.07816242898421, -10.179776985324008], [0.0, 56.36682876015035, 33.18506811834756, -107.83649433937792, 19.284796852303263, 3.0174672547022325, -13.246294642539567, 12.724811500452224, -5.844305851831837, 11.860758196819324, -21.620428291622687, 11.392590857974596, 10.42863682850871, -11.744983866259764, 2.9680439906638125], [0.0, -19.229666134740118, 107.68259709165201, -33.05346763981146, -56.39902375471593, -2.9727605128255292, 12.437656754381704, -11.884757384954955, 5.519383759752119, -10.698411395624456, 20.037821508668276, -10.926140017348237, -10.241700466588714, 11.683452457977575, -2.890083999992338], [0.0, 36.97117556996317, -131.00349851034588, 268.64829323859266, -170.76733318459384, 9.317493847095285, -37.62162980992501, 36.18590450985076, -16.833972092265064, 31.382916452907235, -61.551039127654455, 34.26551488264125, 33.47232318359616, -37.54947265951638, 8.723164802192862]]",(x0)' =  170.698 x0 + -268.797 x1 +  131.462 x2 + -37.210 x3 + -8.736 x0^2 +  42.538 x0 x1 + -43.121 x0 x2 +  20.064 x0 x3 + -40.806 x1^2 +  76.262 x1 x2 + -39.731 x1 x3 + -36.163 x2^2 +  40.078 x2 x3 + -10.180 x3^2 | (x1)' =  56.367 x0 +  33.185 x1 + -107.836 x2 +  19.285 x3 +  3.017 x0^2 + -13.246 x0 x1 +  12.725 x0 x2 + -5.844 x0 x3 +  11.861 x1^2 + -21.620 x1 x2 +  11.393 x1 x3 +  10.429 x2^2 + -11.745 x2 x3 +  2.968 x3^2 | (x2)' = -19.230 x0 +  107.683 x1 + -33.053 x2 + -56.399 x3 + -2.973 x0^2 +  12.438 x0 x1 + -11.885 x0 x2 +  5.519 x0 x3 + -10.698 x1^2 +  20.038 x1 x2 + -10.926 x1 x3 + -10.242 x2^2 +  11.683 x2 x3 + -2.890 x3^2 | (x3)' =  36.971 x0 + -131.003 x1 +  268.648 x2 + -170.767 x3 +  9.317 x0^2 + -37.622 x0 x1 +  36.186 x0 x2 + -16.834 x0 x3 +  31.383 x1^2 + -61.551 x1 x2 +  34.266 x1 x3 +  33.472 x2^2 + -37.549 x2 x3 +  8.723 x3^2
15,35.0,-0.0007537510658310451,36.85636440218341,1.0,2,4,2,8.0,24.0,9,36.0,smoothed_finite_difference_savgol_order_3,success,,56,60,93.33333333333333,0.4781629741191864,"[""1"", ""x0"", ""x1"", ""x2"", ""x3"", ""x0^2"", ""x0 x1"", ""x0 x2"", ""x0 x3"", ""x1^2"", ""x1 x2"", ""x1 x3"", ""x2^2"", ""x2 x3"", ""x3^2""]","[[0.0, 180.2266976183553, -285.7152041655184, 141.49724463651702, -38.94723511647533, -9.357697820179729, 46.22916976043325, -47.59420854131888, 21.746344632015656, -47.98512731531744, 94.6820154405925, -47.20641419475174, -47.881113362318764, 49.57101767358395, -12.057224513147736], [0.0, 54.62264106445114, 35.66252705078411, -108.33230248544201, 18.783129235616883, 2.9538872331553985, -13.259512068133995, 13.04308151829588, -5.893830887636393, 12.945319765011364, -25.307388638987813, 12.781281397935766, 13.137134640830558, -13.791808991997875, 3.3498899492234577], [0.0, -18.763084229704898, 108.22992291064293, -35.504536964262556, -54.70381161762929, -2.995907258004154, 13.725307936708353, -13.953282744774665, 6.395149752525004, -14.006095530853605, 28.552234320481503, -14.228595341497373, -15.090165576386019, 15.060504124555427, -3.412182822640233], [0.0, 38.81108201424429, -141.15052951944008, 285.5205031324606, -180.23396493444562, 10.930407287896921, -47.17191091206844, 46.06137101467836, -20.50663071448563, 45.474308431373785, -90.35398897561302, 44.540634905377715, 47.3040739600477, -46.53081082718261, 10.099717430721256]]",(x0)' =  180.227 x0 + -285.715 x1 +  141.497 x2 + -38.947 x3 + -9.358 x0^2 +  46.229 x0 x1 + -47.594 x0 x2 +  21.746 x0 x3 + -47.985 x1^2 +  94.682 x1 x2 + -47.206 x1 x3 + -47.881 x2^2 +  49.571 x2 x3 + -12.057 x3^2 | (x1)' =  54.623 x0 +  35.663 x1 + -108.332 x2 +  18.783 x3 +  2.954 x0^2 + -13.260 x0 x1 +  13.043 x0 x2 + -5.894 x0 x3 +  12.945 x1^2 + -25.307 x1 x2 +  12.781 x1 x3 +  13.137 x2^2 + -13.792 x2 x3 +  3.350 x3^2 | (x2)' = -18.763 x0 +  108.230 x1 + -35.505 x2 + -54.704 x3 + -2.996 x0^2 +  13.725 x0 x1 + -13.953 x0 x2 +  6.395 x0 x3 + -14.006 x1^2 +  28.552 x1 x2 + -14.229 x1 x3 + -15.090 x2^2 +  15.061 x2 x3 + -3.412 x3^2 | (x3)' =  38.811 x0 + -141.151 x1 +  285.521 x2 + -180.234 x3 +  10.930 x0^2 + -47.172 x0 x1 +  46.061 x0 x2 + -20.507 x0 x3 +  45.474 x1^2 + -90.354 x1 x2 +  44.541 x1 x3 +  47.304 x2^2 + -46.531 x2 x3 +  10.100 x3^2
16,35.0,-0.0007537510658310451,36.85636440218341,1.0,2,4,5,20.0,60.0,0,0.0,finite_difference,success,,41,60,68.33333333333333,0.47277474496513605,"[""1"", ""x0"", ""x1"", ""x2"", ""x3"", ""x0^2"", ""x0 x1"", ""x0 x2"", ""x0 x3"", ""x1^2"", ""x1 x2"", ""x1 x3"", ""x2^2"", ""x2 x3"", ""x3^2""]","[[-1.6842225859045015, 21.04280110555812, -47.124067682042785, 15.136755811153176, 3.6659851544892206, 0.0, 4.232717291508061, 0.0, -1.7132138122393548, 0.0, -4.479012834102487, 0.0, 2.4168475017007536, 0.0, 0.0], [0.0, 35.048206295125524, 1.8094152237223113, -42.30646502159519, 8.146584984875101, 3.511862564403679, -7.658553231548841, 0.0, 0.0, 0.0, 7.423164077379741, 0.0, -3.4370319224341217, 0.0, 0.0], [0.0, -8.797265152328023, 42.43776357639989, -1.6205288125800152, -34.687485237481596, -1.9364749604935036, 2.010466116267821, 2.9163746283135987, -1.6413239787351286, 4.164223757361391, -9.5616893492705, 0.0, 0.0, 6.390845005200039, -2.135499319074752], [0.0, -3.298107952635711, -16.106932773674234, 48.283720015381284, -21.703842624752482, 0.0, 1.5375868658490477, -3.348662573740852, 1.9584660308052497, -4.18962471643619, 4.717108782319375, 2.915961523200586, 3.723727502973442, -7.573138785277204, 0.0]]",(x0)' = -1.684 1 +  21.043 x0 + -47.124 x1 +  15.137 x2 +  3.666 x3 +  4.233 x0 x1 + -1.713 x0 x3 + -4.479 x1 x2 +  2.417 x2^2 | (x1)' =  35.048 x0 +  1.809 x1 + -42.306 x2 +  8.147 x3 +  3.512 x0^2 + -7.659 x0 x1 +  7.423 x1 x2 + -3.437 x2^2 | (x2)' = -8.797 x0 +  42.438 x1 + -1.621 x2 + -34.687 x3 + -1.936 x0^2 +  2.010 x0 x1 +  2.916 x0 x2 + -1.641 x0 x3 +  4.164 x1^2 + -9.562 x1 x2 +  6.391 x2 x3 + -2.135 x3^2 | (x3)' = -3.298 x0 + -16.107 x1 +  48.284 x2 + -21.704 x3 +  1.538 x0 x1 + -3.349 x0 x2 +  1.958 x0 x3 + -4.190 x1^2 +  4.717 x1 x2 +  2.916 x1 x3 +  3.724 x2^2 + -7.573 x2 x3
17,35.0,-0.0007537510658310451,36.85636440218341,1.0,2,4,5,20.0,60.0,5,20.0,smoothed_finite_difference_savgol_order_3,success,,41,60,68.33333333333333,0.48718473222106695,"[""1"", ""x0"", ""x1"", ""x2"", ""x3"", ""x0^2"", ""x0 x1"", ""x0 x2"", ""x0 x3"", ""x1^2"", ""x1 x2"", ""x1 x3"", ""x2^2"", ""x2 x3"", ""x3^2""]","[[-1.7012594027930286, 21.388660650816906, -47.64207233470018, 15.546978843758753, 3.450009427186703, 0.0, 4.258386105895428, 0.0, -1.7054801165861309, 0.0, -4.564512047219932, 0.0, 2.4710357661091336, 0.0, 0.0], [0.0, 35.06063290074268, 1.8994333438522233, -42.552059986036205, 8.327707517656224, 3.4650137599925634, -7.590050123400665, 0.0, 0.0, 0.0, 7.388548694549551, 0.0, -3.421623782005358, 0.0, 0.0], [0.0, -8.95851120354628, 42.662509142667744, -1.698290587341742, -34.71421445957212, -1.9218193892680964, 2.007822696239562, 2.8801021059530263, -1.6224111982880858, 4.122489685310632, -9.484367475141223, 0.0, 0.0, 6.342419851028126, -2.112284567831204], [0.0, -3.085205537627772, -16.484721783604297, 48.760176807385285, -22.037686670220967, 0.0, 1.5596907365483987, -3.3907699172626997, 1.9605908280544324, -4.217495260767614, 4.798876716206324, 2.8725331023864995, 3.6714474720570873, -7.511821332273127, 0.0]]",(x0)' = -1.701 1 +  21.389 x0 + -47.642 x1 +  15.547 x2 +  3.450 x3 +  4.258 x0 x1 + -1.705 x0 x3 + -4.565 x1 x2 +  2.471 x2^2 | (x1)' =  35.061 x0 +  1.899 x1 + -42.552 x2 +  8.328 x3 +  3.465 x0^2 + -7.590 x0 x1 +  7.389 x1 x2 + -3.422 x2^2 | (x2)' = -8.959 x0 +  42.663 x1 + -1.698 x2 + -34.714 x3 + -1.922 x0^2 +  2.008 x0 x1 +  2.880 x0 x2 + -1.622 x0 x3 +  4.122 x1^2 + -9.484 x1 x2 +  6.342 x2 x3 + -2.112 x3^2 | (x3)' = -3.085 x0 + -16.485 x1 +  48.760 x2 + -22.038 x3 +  1.560 x0 x1 + -3.391 x0 x2 +  1.961 x0 x3 + -4.217 x1^2 +  4.799 x1 x2 +  2.873 x1 x3 +  3.671 x2^2 + -7.512 x2 x3
18,35.0,-0.0007537510658310451,36.85636440218341,1.0,2,4,5,20.0,60.0,9,36.0,smoothed_finite_difference_savgol_order_3,success,,41,60,68.33333333333333,0.44806824438273907,"[""1"", ""x0"", ""x1"", ""x2"", ""x3"", ""x0^2"", ""x0 x1"", ""x0 x2"", ""x0 x3"", ""x1^2"", ""x1 x2"", ""x1 x3"", ""x2^2"", ""x2 x3"", ""x3^2""]","[[-1.820953566110709, 25.45583806250035, -53.18039553170414, 20.460726204005713, 0.0, 0.0, 4.33640110129513, 0.0, -1.5281699527040402, 0.0, -5.305345225848839, 0.0, 2.991454872174761, 0.0, 0.0], [0.0, 34.596977414558786, 2.933506911300821, -44.63656451712605, 10.156263317723374, 2.712797890060834, -6.470446840600099, 0.0, 0.0, 0.0, 6.903348351231044, 0.0, -2.5544267189340455, -2.107601092462683, 1.1319370181923354], [0.0, -10.35319989583916, 44.55943759566061, -2.6880671948004817, -34.49634639407388, -1.7097666375938738, 1.8310386316186666, 2.4979396969904015, -1.3890836702125637, 3.6983929556374324, -8.522828758670093, 0.0, 0.0, 5.636987439728632, -1.8069548505013917], [0.0, 0.0, -20.879937567036237, 53.83866140358211, -25.894061472724186, 0.0, 1.83367890243023, -3.7536943581695548, 1.868503780724698, -4.51443729003448, 5.509146232282115, 2.434227498409157, 3.113869292523863, -6.743710503557924, 0.0]]",(x0)' = -1.821 1 +  25.456 x0 + -53.180 x1 +  20.461 x2 +  4.336 x0 x1 + -1.528 x0 x3 + -5.305 x1 x2 +  2.991 x2^2 | (x1)' =  34.597 x0 +  2.934 x1 + -44.637 x2 +  10.156 x3 +  2.713 x0^2 + -6.470 x0 x1 +  6.903 x1 x2 + -2.554 x2^2 + -2.108 x2 x3 +  1.132 x3^2 | (x2)' = -10.353 x0 +  44.559 x1 + -2.688 x2 + -34.496 x3 + -1.710 x0^2 +  1.831 x0 x1 +  2.498 x0 x2 + -1.389 x0 x3 +  3.698 x1^2 + -8.523 x1 x2 +  5.637 x2 x3 + -1.807 x3^2 | (x3)' = -20.880 x1 +  53.839 x2 + -25.894 x3 +  1.834 x0 x1 + -3.754 x0 x2 +  1.869 x0 x3 + -4.514 x1^2 +  5.509 x1 x2 +  2.434 x1 x3 +  3.114 x2^2 + -6.744 x2 x3
19,35.0,-0.0007537510658310451,36.85636440218341,1.0,2,6,1,4.0,20.0,0,0.0,finite_difference,success,,68,168,40.476190476190474,1.0789426201954484,"[""1"", ""x0"", ""x1"", ""x2"", ""x3"", ""x4"", ""x5"", ""x0^2"", ""x0 x1"", ""x0 x2"", ""x0 x3"", ""x0 x4"", ""x0 x5"", ""x1^2"", ""x1 x2"", ""x1 x3"", ""x1 x4"", ""x1 x5"", ""x2^2"", ""x2 x3"", ""x2 x4"", ""x2 x5"", ""x3^2"", ""x3 x4"", ""x3 x5"", ""x4^2"", ""x4 x5"", ""x5^2""]","[[0.0, 601.452505892094, -1417.4982196664735, 1588.8272439657333, -1177.7010165770234, 498.6855002992215, -94.05091447267546, -84.01879360978417, 548.1781659547365, -700.4404893999321, 408.08520088027274, -85.83884226458953, 0.0, -808.8705493432991, 1760.770911524663, -688.2838106921574, -83.00060231258063, 73.1762521406608, -647.9407572154907, -305.53874599480696, 775.4246575257328, -224.0360580869495, 751.7083855747628, -1193.4702877631357, 267.7605694313978, 362.4155403642578, -134.71844277239848, 8.64541127298179], [0.0, 125.26176431979722, -1.1807440473500037, -122.60958601053295, -2.610743714636918, 1.4907131954826194, -0.35067839456105276, 0.0, 0.0, 0.0, 0.0, 0.0, 0.0, 0.0, 0.0, 0.0, 0.0, 0.0, 0.0, 0.0, 0.0, 0.0, 0.0, 0.0, 0.0, 0.0, 0.0, 0.0], [0.0, 0.0, 125.00743419752908, 0.0, -125.00732448595299, 0.0, 0.0, 0.0, 0.0, 0.0, 0.0, 0.0, 0.0, 0.0, 0.0, 0.0, 0.0, 0.0, 0.0, 0.0, 0.0, 0.0, 0.0, 0.0, 0.0, 0.0, 0.0, 0.0], [0.0, 0.0, 0.0, 125.00875547012866, 0.0, -125.00735745727539, 0.0, 0.0, 0.0, 0.0, 0.0, 0.0, 0.0, 0.0, 0.0, 0.0, 0.0, 0.0, 0.0, 0.0, 0.0, 0.0, 0.0, 0.0, 0.0, 0.0, 0.0, 0.0], [0.0, -0.09423522489444087, 0.4137979013157995, -0.9147952485792534, 126.12598296276877, -0.7004433303757993, -124.83084810000109, 0.0, 0.0, 0.0, 0.0, 0.0, 0.0, 0.0, 0.0, 0.0, 0.0, 0.0, 0.0, 0.0, 0.0, 0.0, 0.0, 0.0, 0.0, 0.0, 0.0, 0.0], [0.0, 93.14656644427077, -494.7417083795581, 1170.3880777751767, -1581.7048488757953, 1413.8688849430412, -600.6720895083964, 10.561670510176555, -18.995633687714562, -58.001621621175154, 117.21325715872156, -59.98495777638191, 0.0, -69.97202732577081, 445.1485571048405, -457.78351732422306, 92.22655941713002, 72.31111172931168, -367.2076865543889, 315.1848392645563, 360.71043624840013, -313.323476894108, 265.3000118651806, -1045.7821335507672, 522.9664405470487, 546.5556086483922, -429.4155757132959, 72.27859586164638]]",(x0)' =  601.453 x0 + -1417.498 x1 +  1588.827 x2 + -1177.701 x3 +  498.686 x4 + -94.051 x5 + -84.019 x0^2 +  548.178 x0 x1 + -700.440 x0 x2 +  408.085 x0 x3 + -85.839 x0 x4 + -808.871 x1^2 +  1760.771 x1 x2 + -688.284 x1 x3 + -83.001 x1 x4 +  73.176 x1 x5 + -647.941 x2^2 + -305.539 x2 x3 +  775.425 x2 x4 + -224.036 x2 x5 +  751.708 x3^2 + -1193.470 x3 x4 +  267.761 x3 x5 +  362.416 x4^2 + -134.718 x4 x5 +  8.645 x5^2 | (x1)' =  125.262 x0 + -1.181 x1 + -122.610 x2 + -2.611 x3 +  1.491 x4 + -0.351 x5 | (x2)' =  125.007 x1 + -125.007 x3 | (x3)' =  125.009 x2 + -125.007 x4 | (x4)' = -0.094 x0 +  0.414 x1 + -0.915 x2 +  126.126 x3 + -0.700 x4 + -124.831 x5 | (x5)' =  93.147 x0 + -494.742 x1 +  1170.388 x2 + -1581.705 x3 +  1413.869 x4 + -600.672 x5 +  10.562 x0^2 + -18.996 x0 x1 + -58.002 x0 x2 +  117.213 x0 x3 + -59.985 x0 x4 + -69.972 x1^2 +  445.149 x1 x2 + -457.784 x1 x3 +  92.227 x1 x4 +  72.311 x1 x5 + -367.208 x2^2 +  315.185 x2 x3 +  360.710 x2 x4 + -313.323 x2 x5 +  265.300 x3^2 + -1045.782 x3 x4 +  522.966 x3 x5 +  546.556 x4^2 + -429.416 x4 x5 +  72.279 x5^2
20,35.0,-0.0007537510658310451,36.85636440218341,1.0,2,6,1,4.0,20.0,5,20.0,smoothed_finite_difference_savgol_order_3,success,,67,168,39.88095238095238,1.083916949108243,"[""1"", ""x0"", ""x1"", ""x2"", ""x3"", ""x4"", ""x5"", ""x0^2"", ""x0 x1"", ""x0 x2"", ""x0 x3"", ""x0 x4"", ""x0 x5"", ""x1^2"", ""x1 x2"", ""x1 x3"", ""x1 x4"", ""x1 x5"", ""x2^2"", ""x2 x3"", ""x2 x4"", ""x2 x5"", ""x3^2"", ""x3 x4"", ""x3 x5"", ""x4^2"", ""x4 x5"", ""x5^2""]","[[0.0, 607.3473003215313, -1440.2706017903513, 1625.7979608272728, -1209.14285297361, 512.5911892471511, -96.58503468824284, -71.27298374023974, 471.3476585205575, -602.8868558736325, 344.24756589106505, -68.11907326261554, 0.0, -705.8945783165042, 1541.3895573228945, -587.2212366712566, -77.32979448500832, 56.22818426421984, -570.373413710446, -280.8928504180626, 667.2762609248829, -173.01323440890022, 664.1578242318986, -1016.5577281374975, 203.4145109227557, 295.46103313935606, -92.73494154919895, 2.7806392851534563], [0.0, 125.29110417686714, -1.377843073879994, -122.08819851200117, -3.2865949653722617, 1.9242688545200959, -0.4621227729638304, 0.0, 0.0, 0.0, 0.0, 0.0, 0.0, 0.0, 0.0, 0.0, 0.0, 0.0, 0.0, 0.0, 0.0, 0.0, 0.0, 0.0, 0.0, 0.0, 0.0, 0.0], [0.0, 0.0, 125.00900895966032, 0.0, -125.00892961250094, 0.0, 0.0, 0.0, 0.0, 0.0, 0.0, 0.0, 0.0, 0.0, 0.0, 0.0, 0.0, 0.0, 0.0, 0.0, 0.0, 0.0, 0.0, 0.0, 0.0, 0.0, 0.0, 0.0], [0.0, 0.0, 0.0, 125.01021269759441, 0.0, -125.00862501932906, 0.0, 0.0, 0.0, 0.0, 0.0, 0.0, 0.0, 0.0, 0.0, 0.0, 0.0, 0.0, 0.0, 0.0, 0.0, 0.0, 0.0, 0.0, 0.0, 0.0, 0.0, 0.0], [0.0, -0.1226747585441732, 0.6009609733467158, -1.412350660052337, 126.78313183091527, -1.131668066083467, -124.71773083577331, 0.0, 0.0, 0.0, 0.0, 0.0, 0.0, 0.0, 0.0, 0.0, 0.0, 0.0, 0.0, 0.0, 0.0, 0.0, 0.0, 0.0, 0.0, 0.0, 0.0, 0.0], [0.0, 95.57678772281058, -508.1396409224077, 1200.8304024435665, -1617.6613260325794, 1436.10693062324, -606.4509566954189, 39.60142642982355, -225.59876003871503, 232.84795148767472, -76.091927775285, -8.489662253353735, 0.0, 277.0263289093211, -435.4667534746683, 0.0, 72.4939050296097, 25.21567829393113, 69.23102473671146, 224.55302571506658, -9.899958780450689, -130.95948932740157, -77.13323909467046, -258.8252322331693, 242.8284148778387, 220.99689900837467, -224.20354206472243, 41.865756922377436]]",(x0)' =  607.347 x0 + -1440.271 x1 +  1625.798 x2 + -1209.143 x3 +  512.591 x4 + -96.585 x5 + -71.273 x0^2 +  471.348 x0 x1 + -602.887 x0 x2 +  344.248 x0 x3 + -68.119 x0 x4 + -705.895 x1^2 +  1541.390 x1 x2 + -587.221 x1 x3 + -77.330 x1 x4 +  56.228 x1 x5 + -570.373 x2^2 + -280.893 x2 x3 +  667.276 x2 x4 + -173.013 x2 x5 +  664.158 x3^2 + -1016.558 x3 x4 +  203.415 x3 x5 +  295.461 x4^2 + -92.735 x4 x5 +  2.781 x5^2 | (x1)' =  125.291 x0 + -1.378 x1 + -122.088 x2 + -3.287 x3 +  1.924 x4 + -0.462 x5 | (x2)' =  125.009 x1 + -125.009 x3 | (x3)' =  125.010 x2 + -125.009 x4 | (x4)' = -0.123 x0 +  0.601 x1 + -1.412 x2 +  126.783 x3 + -1.132 x4 + -124.718 x5 | (x5)' =  95.577 x0 + -508.140 x1 +  1200.830 x2 + -1617.661 x3 +  1436.107 x4 + -606.451 x5 +  39.601 x0^2 + -225.599 x0 x1 +  232.848 x0 x2 + -76.092 x0 x3 + -8.490 x0 x4 +  277.026 x1^2 + -435.467 x1 x2 +  72.494 x1 x4 +  25.216 x1 x5 +  69.231 x2^2 +  224.553 x2 x3 + -9.900 x2 x4 + -130.959 x2 x5 + -77.133 x3^2 + -258.825 x3 x4 +  242.828 x3 x5 +  220.997 x4^2 + -224.204 x4 x5 +  41.866 x5^2
21,35.0,-0.0007537510658310451,36.85636440218341,1.0,2,6,1,4.0,20.0,9,36.0,smoothed_finite_difference_savgol_order_3,success,,127,168,75.5952380952381,1.3016001647338271,"[""1"", ""x0"", ""x1"", ""x2"", ""x3"", ""x4"", ""x5"", ""x0^2"", ""x0 x1"", ""x0 x2"", ""x0 x3"", ""x0 x4"", ""x0 x5"", ""x1^2"", ""x1 x2"", ""x1 x3"", ""x1 x4"", ""x1 x5"", ""x2^2"", ""x2 x3"", ""x2 x4"", ""x2 x5"", ""x3^2"", ""x3 x4"", ""x3 x5"", ""x4^2"", ""x4 x5"", ""x5^2""]","[[0.0, 640.6179675068281, -1568.017714629811, 1829.0853319906096, -1375.5015970081818, 581.4737927865789, -107.7905129611272, 56.633313327602416, -266.76792118111734, 365.5932022788807, -348.28949725791966, 133.7360797009429, 5.76099071467316, 116.98408551627772, 17.147867031481656, 16.43758319215026, 182.54611978113812, -196.6525993514702, -325.2280263728097, 398.94971189067417, -506.7095366722297, 397.2524399254195, 0.0, 242.48370828588622, -327.488829292666, -118.6238906060941, 192.45300207179557, -36.21797777104229], [0.0, 134.18284887987716, -40.649787514145515, -48.67546078957563, -75.80907551118088, 39.71529528247038, -8.754878810980662, 0.0, -1.6408230710946023, -3.1524559835771755, 0.0, -3.925853362964175, 0.0, 6.958638074186922, 0.0, 20.65963941007138, 0.0, 5.426423062416048, -22.453088484662608, 0.0, -16.881772854471663, -6.349833906828227, 20.930507906117892, 0.0, 7.588732711907031, -8.62481331368232, 1.4629165055237452, 0.0], [0.0, 1.5648867918741196, 118.95183405247101, 9.205921182783147, -131.54649102613985, 1.8343350713830726, 0.0, 0.0, 0.0, -13.562401928797986, 16.48778216847015, -14.500070667516624, 5.5797874339440705, 17.943159317278216, -33.91434783916453, 40.50528247607972, -15.389674720416435, 0.0, -0.06611385621838106, -7.413402944910094, 4.331032515690524, 0.0, 0.0, 0.0, 0.0, 0.0, 0.0, 0.0], [0.0, 0.0, 0.0, 125.01936527676497, 0.0, -125.01656109475589, 0.0, 0.0, 8.171044708023222, -51.52246037318331, 65.81112231770257, -32.120425226780284, 8.161559600175904, 0.0, 84.68866311070158, -95.37681166020232, 9.949625336922354, 0.0, -128.91620283507817, 243.7674321454408, -33.36205803782322, 0.0, -111.02134761979062, 21.63936551418246, 0.0, 16.84427948303253, -6.710436542033345, 0.0], [0.0, -1.1181848082937444, 5.082421443961325, -10.004617167476997, 135.43938320973774, -5.61612004434087, -123.79068580712197, 0.0, -3.2426307822961875, -82.14491730035176, 165.54419538229408, -79.84909229875933, 0.0, 19.89866450100605, 326.48248155418537, -712.4081323295328, 348.4320024096502, 0.0, -709.9856020403665, 2184.8585152287174, -1111.4816539038666, 103.5970530078527, -1481.3700168752223, 1515.3873340473317, -191.67803167078375, -380.0798680656934, 88.04257628683995, 0.0], [0.0, 95.74987668103032, -527.477823588757, 1273.341419047876, -1726.9950429108865, 1514.1219042162522, -628.6057409154607, -18.11444462365855, 62.542486585244696, -138.6542449821586, 234.84964515189964, -120.11042522581367, 0.0, 74.52179248702866, -222.36409157261295, -141.76527931859994, 19.103786892401974, 121.04613436686279, 214.068079256061, 110.51111481048785, 121.10685227411368, -272.1096063583144, -244.4136958767688, 5.583163427142722, 249.69197976890283, 80.02835857059921, -167.92180998182454, 32.396804634348804]]",(x0)' =  640.618 x0 + -1568.018 x1 +  1829.085 x2 + -1375.502 x3 +  581.474 x4 + -107.791 x5 +  56.633 x0^2 + -266.768 x0 x1 +  365.593 x0 x2 + -348.289 x0 x3 +  133.736 x0 x4 +  5.761 x0 x5 +  116.984 x1^2 +  17.148 x1 x2 +  16.438 x1 x3 +  182.546 x1 x4 + -196.653 x1 x5 + -325.228 x2^2 +  398.950 x2 x3 + -506.710 x2 x4 +  397.252 x2 x5 +  242.484 x3 x4 + -327.489 x3 x5 + -118.624 x4^2 +  192.453 x4 x5 + -36.218 x5^2 | (x1)' =  134.183 x0 + -40.650 x1 + -48.675 x2 + -75.809 x3 +  39.715 x4 + -8.755 x5 + -1.641 x0 x1 + -3.152 x0 x2 + -3.926 x0 x4 +  6.959 x1^2 +  20.660 x1 x3 +  5.426 x1 x5 + -22.453 x2^2 + -16.882 x2 x4 + -6.350 x2 x5 +  20.931 x3^2 +  7.589 x3 x5 + -8.625 x4^2 +  1.463 x4 x5 | (x2)' =  1.565 x0 +  118.952 x1 +  9.206 x2 + -131.546 x3 +  1.834 x4 + -13.562 x0 x2 +  16.488 x0 x3 + -14.500 x0 x4 +  5.580 x0 x5 +  17.943 x1^2 + -33.914 x1 x2 +  40.505 x1 x3 + -15.390 x1 x4 + -0.066 x2^2 + -7.413 x2 x3 +  4.331 x2 x4 | (x3)' =  125.019 x2 + -125.017 x4 +  8.171 x0 x1 + -51.522 x0 x2 +  65.811 x0 x3 + -32.120 x0 x4 +  8.162 x0 x5 +  84.689 x1 x2 + -95.377 x1 x3 +  9.950 x1 x4 + -128.916 x2^2 +  243.767 x2 x3 + -33.362 x2 x4 + -111.021 x3^2 +  21.639 x3 x4 +  16.844 x4^2 + -6.710 x4 x5 | (x4)' = -1.118 x0 +  5.082 x1 + -10.005 x2 +  135.439 x3 + -5.616 x4 + -123.791 x5 + -3.243 x0 x1 + -82.145 x0 x2 +  165.544 x0 x3 + -79.849 x0 x4 +  19.899 x1^2 +  326.482 x1 x2 + -712.408 x1 x3 +  348.432 x1 x4 + -709.986 x2^2 +  2184.859 x2 x3 + -1111.482 x2 x4 +  103.597 x2 x5 + -1481.370 x3^2 +  1515.387 x3 x4 + -191.678 x3 x5 + -380.080 x4^2 +  88.043 x4 x5 | (x5)' =  95.750 x0 + -527.478 x1 +  1273.341 x2 + -1726.995 x3 +  1514.122 x4 + -628.606 x5 + -18.114 x0^2 +  62.542 x0 x1 + -138.654 x0 x2 +  234.850 x0 x3 + -120.110 x0 x4 +  74.522 x1^2 + -222.364 x1 x2 + -141.765 x1 x3 +  19.104 x1 x4 +  121.046 x1 x5 +  214.068 x2^2 +  110.511 x2 x3 +  121.107 x2 x4 + -272.110 x2 x5 + -244.414 x3^2 +  5.583 x3 x4 +  249.692 x3 x5 +  80.028 x4^2 + -167.922 x4 x5 +  32.397 x5^2
22,35.0,-0.0007537510658310451,36.85636440218341,1.0,2,6,2,8.0,40.0,0,0.0,finite_difference,success,,99,168,58.92857142857143,1.9253299608826637,"[""1"", ""x0"", ""x1"", ""x2"", ""x3"", ""x4"", ""x5"", ""x0^2"", ""x0 x1"", ""x0 x2"", ""x0 x3"", ""x0 x4"", ""x0 x5"", ""x1^2"", ""x1 x2"", ""x1 x3"", ""x1 x4"", ""x1 x5"", ""x2^2"", ""x2 x3"", ""x2 x4"", ""x2 x5"", ""x3^2"", ""x3 x4"", ""x3 x5"", ""x4^2"", ""x4 x5"", ""x5^2""]","[[0.0, 197.16233550923627, -357.18802755215273, 276.61480285111173, -184.25709083053755, 86.05364715949037, -20.416746963506426, -11.869380792206815, 71.06163278875327, -102.6073279356307, 93.82035642818637, -54.18249256191364, 17.42107478114317, -91.76785510475216, 249.53015464923794, -230.17985969853345, 137.62775910696791, -47.8624043416345, -167.79504238056126, 316.17093945465854, -195.48488232542178, 70.98362473025892, -149.70178439860376, 188.33572231059318, -70.24953328901987, -61.84279514343767, 47.557276967826056, -8.8822442487802], [0.0, 47.48051907547752, 62.63942273536861, -155.73783887902732, 67.41967749524534, -27.893315589308283, 6.471051952754578, 0.0, 0.0, 0.0, 0.0, 0.0, 0.0, 0.0, 0.0, 0.0, 0.0, 0.0, 0.0, 0.0, 0.0, 0.0, 0.0, 0.0, 0.0, 0.0, 0.0, 0.0], [0.0, -9.699228526200326, 76.20861751869766, 17.496671314919702, -106.16828806651108, 27.65976044638475, -5.705413894599934, 0.0, 0.0, 0.0, 0.0, 0.0, 0.0, 0.0, 0.0, 0.0, 0.0, 0.0, 0.0, 0.0, 0.0, 0.0, 0.0, 0.0, 0.0, 0.0, 0.0, 0.0], [0.0, 5.708607794294459, -27.661995595856403, 106.16390533370323, -17.494443378493635, -76.2047727834822, 9.695828360840881, 0.0, 0.0, 0.0, 0.0, 0.0, 0.0, 0.0, 0.0, 0.0, 0.0, 0.0, 0.0, 0.0, 0.0, 0.0, 0.0, 0.0, 0.0, 0.0, 0.0, 0.0], [0.0, -6.463661723605013, 27.853542288800817, -67.34625875177706, 155.71653898830186, -62.6761465258721, -47.45291798564723, -1.9444742758313998, 10.263987418268696, -14.418035131879495, 13.098793127771032, -8.171081978513842, 3.1342220288643436, -12.240257788300141, 34.58504649792224, -33.212144933570734, 22.552332439097693, -9.548512573830807, -25.82996603838026, 51.592572634888164, -36.36669634260789, 15.709078783519885, -25.570822346080373, 36.80275198878095, -16.340851919593625, -13.873006286943127, 12.202153759183679, -2.405373142757494], [0.0, 20.364933513655462, -85.78014713003584, 183.46614170243737, -276.0035916486902, 357.31249902935514, -197.33146205001322, 7.626212525660409, -41.143040162076204, 59.94121103416699, -56.065396661670185, 36.773683676780244, -14.624351296870245, 50.65515585905715, -150.3124951118836, 149.30960201946007, -106.70799768640413, 46.08793621248774, 117.43416593439444, -240.6271798312618, 176.82577391723962, -76.83095883468518, 122.3160743539287, -183.3451848979408, 80.93060538212914, 70.72414463064989, -60.3215283110482, 11.262541422989742]]",(x0)' =  197.162 x0 + -357.188 x1 +  276.615 x2 + -184.257 x3 +  86.054 x4 + -20.417 x5 + -11.869 x0^2 +  71.062 x0 x1 + -102.607 x0 x2 +  93.820 x0 x3 + -54.182 x0 x4 +  17.421 x0 x5 + -91.768 x1^2 +  249.530 x1 x2 + -230.180 x1 x3 +  137.628 x1 x4 + -47.862 x1 x5 + -167.795 x2^2 +  316.171 x2 x3 + -195.485 x2 x4 +  70.984 x2 x5 + -149.702 x3^2 +  188.336 x3 x4 + -70.250 x3 x5 + -61.843 x4^2 +  47.557 x4 x5 + -8.882 x5^2 | (x1)' =  47.481 x0 +  62.639 x1 + -155.738 x2 +  67.420 x3 + -27.893 x4 +  6.471 x5 | (x2)' = -9.699 x0 +  76.209 x1 +  17.497 x2 + -106.168 x3 +  27.660 x4 + -5.705 x5 | (x3)' =  5.709 x0 + -27.662 x1 +  106.164 x2 + -17.494 x3 + -76.205 x4 +  9.696 x5 | (x4)' = -6.464 x0 +  27.854 x1 + -67.346 x2 +  155.717 x3 + -62.676 x4 + -47.453 x5 + -1.944 x0^2 +  10.264 x0 x1 + -14.418 x0 x2 +  13.099 x0 x3 + -8.171 x0 x4 +  3.134 x0 x5 + -12.240 x1^2 +  34.585 x1 x2 + -33.212 x1 x3 +  22.552 x1 x4 + -9.549 x1 x5 + -25.830 x2^2 +  51.593 x2 x3 + -36.367 x2 x4 +  15.709 x2 x5 + -25.571 x3^2 +  36.803 x3 x4 + -16.341 x3 x5 + -13.873 x4^2 +  12.202 x4 x5 + -2.405 x5^2 | (x5)' =  20.365 x0 + -85.780 x1 +  183.466 x2 + -276.004 x3 +  357.312 x4 + -197.331 x5 +  7.626 x0^2 + -41.143 x0 x1 +  59.941 x0 x2 + -56.065 x0 x3 +  36.774 x0 x4 + -14.624 x0 x5 +  50.655 x1^2 + -150.312 x1 x2 +  149.310 x1 x3 + -106.708 x1 x4 +  46.088 x1 x5 +  117.434 x2^2 + -240.627 x2 x3 +  176.826 x2 x4 + -76.831 x2 x5 +  122.316 x3^2 + -183.345 x3 x4 +  80.931 x3 x5 +  70.724 x4^2 + -60.322 x4 x5 +  11.263 x5^2
23,35.0,-0.0007537510658310451,36.85636440218341,1.0,2,6,2,8.0,40.0,5,20.0,smoothed_finite_difference_savgol_order_3,success,,99,168,58.92857142857143,1.9073850708082318,"[""1"", ""x0"", ""x1"", ""x2"", ""x3"", ""x4"", ""x5"", ""x0^2"", ""x0 x1"", ""x0 x2"", ""x0 x3"", ""x0 x4"", ""x0 x5"", ""x1^2"", ""x1 x2"", ""x1 x3"", ""x1 x4"", ""x1 x5"", ""x2^2"", ""x2 x3"", ""x2 x4"", ""x2 x5"", ""x3^2"", ""x3 x4"", ""x3 x5"", ""x4^2"", ""x4 x5"", ""x5^2""]","[[0.0, 199.41394000545665, -363.1681058891726, 284.2503775195344, -190.235903049762, 88.87148880055244, -21.072061426471045, -12.013505827777589, 72.88757793375625, -106.59900392118979, 98.19028632417738, -57.06377432952589, 18.34971445443896, -95.99056410062488, 265.2228280046366, -246.17538850145112, 147.87862512562518, -51.201830601759674, -181.33098650092967, 342.9846668850639, -212.5220492351898, 76.65231940174947, -162.95724796831863, 205.42914354448087, -76.07896773367013, -67.48377259728893, 51.41782926679775, -9.516974750248224], [0.0, 47.09699073377291, 63.617174623846864, -156.89708669718448, 68.21270595852734, -28.173393976943522, 6.5024522915283605, 0.0, 0.0, 0.0, 0.0, 0.0, 0.0, 0.0, 0.0, 0.0, 0.0, 0.0, 0.0, 0.0, 0.0, 0.0, 0.0, 0.0, 0.0, 0.0, 0.0, 0.0], [0.0, -9.55542281435216, 75.87815949601132, 17.806516968156334, -106.26779175457362, 27.587293215874812, -5.644281971923192, 0.0, 0.0, 0.0, 0.0, 0.0, 0.0, 0.0, 0.0, 0.0, 0.0, 0.0, 0.0, 0.0, 0.0, 0.0, 0.0, 0.0, 0.0, 0.0, 0.0, 0.0], [0.0, 5.651031116726454, -27.59935605492008, 106.27591410898192, -17.813588276312622, -75.87016163975409, 9.55104968466746, 0.0, 0.0, 0.0, 0.0, 0.0, 0.0, 0.0, 0.0, 0.0, 0.0, 0.0, 0.0, 0.0, 0.0, 0.0, 0.0, 0.0, 0.0, 0.0, 0.0, 0.0], [0.0, -6.497767391784782, 28.14163128619429, -68.15233264654759, 156.88851041104434, -63.66101010109921, -47.06800203189681, -2.0707596753390183, 11.109285737034277, -15.743754306676172, 14.399771331616952, -8.972965606172377, 3.3704882534383898, -13.581391975040331, 38.59414327469374, -37.0544421685463, 24.9110077627688, -10.241470391009535, -28.729392978457305, 57.126072903010275, -39.79335178538102, 16.718547842507167, -28.296830313842356, 40.27034934676065, -17.34267465493164, -14.944173990648608, 12.743390864014552, -2.4532453128601865], [0.0, 21.0247742583558, -88.60670136199136, 189.46467338153064, -283.6589430177385, 363.2934701250464, -199.57903954523502, 8.376441859347073, -45.63593146587947, 66.64157873502621, -62.506514369719824, 40.68076996416249, -15.808396306246657, 57.15742502240124, -169.31265417700843, 167.60984879817238, -117.9758618525475, 49.53428259960824, 131.239685915297, -267.52071880931095, 193.62646417611836, -81.98358609281138, 135.7697533397692, -200.36831150450732, 85.96605722451966, 75.86215822700233, -62.946480386566535, 11.506942994937125]]",(x0)' =  199.414 x0 + -363.168 x1 +  284.250 x2 + -190.236 x3 +  88.871 x4 + -21.072 x5 + -12.014 x0^2 +  72.888 x0 x1 + -106.599 x0 x2 +  98.190 x0 x3 + -57.064 x0 x4 +  18.350 x0 x5 + -95.991 x1^2 +  265.223 x1 x2 + -246.175 x1 x3 +  147.879 x1 x4 + -51.202 x1 x5 + -181.331 x2^2 +  342.985 x2 x3 + -212.522 x2 x4 +  76.652 x2 x5 + -162.957 x3^2 +  205.429 x3 x4 + -76.079 x3 x5 + -67.484 x4^2 +  51.418 x4 x5 + -9.517 x5^2 | (x1)' =  47.097 x0 +  63.617 x1 + -156.897 x2 +  68.213 x3 + -28.173 x4 +  6.502 x5 | (x2)' = -9.555 x0 +  75.878 x1 +  17.807 x2 + -106.268 x3 +  27.587 x4 + -5.644 x5 | (x3)' =  5.651 x0 + -27.599 x1 +  106.276 x2 + -17.814 x3 + -75.870 x4 +  9.551 x5 | (x4)' = -6.498 x0 +  28.142 x1 + -68.152 x2 +  156.889 x3 + -63.661 x4 + -47.068 x5 + -2.071 x0^2 +  11.109 x0 x1 + -15.744 x0 x2 +  14.400 x0 x3 + -8.973 x0 x4 +  3.370 x0 x5 + -13.581 x1^2 +  38.594 x1 x2 + -37.054 x1 x3 +  24.911 x1 x4 + -10.241 x1 x5 + -28.729 x2^2 +  57.126 x2 x3 + -39.793 x2 x4 +  16.719 x2 x5 + -28.297 x3^2 +  40.270 x3 x4 + -17.343 x3 x5 + -14.944 x4^2 +  12.743 x4 x5 + -2.453 x5^2 | (x5)' =  21.025 x0 + -88.607 x1 +  189.465 x2 + -283.659 x3 +  363.293 x4 + -199.579 x5 +  8.376 x0^2 + -45.636 x0 x1 +  66.642 x0 x2 + -62.507 x0 x3 +  40.681 x0 x4 + -15.808 x0 x5 +  57.157 x1^2 + -169.313 x1 x2 +  167.610 x1 x3 + -117.976 x1 x4 +  49.534 x1 x5 +  131.240 x2^2 + -267.521 x2 x3 +  193.626 x2 x4 + -81.984 x2 x5 +  135.770 x3^2 + -200.368 x3 x4 +  85.966 x3 x5 +  75.862 x4^2 + -62.946 x4 x5 +  11.507 x5^2
24,35.0,-0.0007537510658310451,36.85636440218341,1.0,2,6,2,8.0,40.0,9,36.0,smoothed_finite_difference_savgol_order_3,success,,78,168,46.42857142857143,1.364309998229146,"[""1"", ""x0"", ""x1"", ""x2"", ""x3"", ""x4"", ""x5"", ""x0^2"", ""x0 x1"", ""x0 x2"", ""x0 x3"", ""x0 x4"", ""x0 x5"", ""x1^2"", ""x1 x2"", ""x1 x3"", ""x1 x4"", ""x1 x5"", ""x2^2"", ""x2 x3"", ""x2 x4"", ""x2 x5"", ""x3^2"", ""x3 x4"", ""x3 x5"", ""x4^2"", ""x4 x5"", ""x5^2""]","[[0.0, 216.74184579025294, -410.23637858057015, 344.1106179965002, -235.10961883633493, 107.9527770371554, -24.708608883628646, -15.236639083760592, 101.25071098450735, -160.871618319809, 155.30888632224995, -92.48032272368147, 28.65089977236192, -153.81663919656938, 471.3339945537843, -454.83711319184556, 275.7459401943045, -88.98401248177751, -357.3627873191521, 692.8443563894372, -426.5836696195109, 141.2088174919961, -336.8974431724046, 421.15338730786647, -142.38450007093417, -135.42034490729293, 93.1243045218663, -15.69482032636746], [0.0, 44.38141172463642, 70.53880361521618, -164.72613384213676, 72.88478722065571, -29.211787752860353, 6.343938967781992, 0.0, 0.0, 0.0, 0.0, 0.0, 0.0, 0.0, 0.0, 0.0, 0.0, 0.0, 0.0, 0.0, 0.0, 0.0, 0.0, 0.0, 0.0, 0.0, 0.0, 0.0], [0.0, -8.437201082571555, 73.12597376228094, 20.637338038336107, -107.41889708248192, 27.176390354453805, -5.196459877414202, 0.0, 0.0, 0.0, 0.0, 0.0, 0.0, 0.0, 0.0, 0.0, 0.0, 0.0, 0.0, 0.0, 0.0, 0.0, 0.0, 0.0, 0.0, 0.0, 0.0, 0.0], [0.0, 5.030144684268434, -26.50837795563418, 106.20458161289395, -19.41428815421394, -73.8302515152295, 8.630030941860456, 0.0, 0.0, 0.0, 0.0, 0.0, 0.0, 0.0, 0.0, 0.0, 0.0, 0.0, 0.0, 0.0, 0.0, 0.0, 0.0, 0.0, 0.0, 0.0, 0.0, 0.0], [0.0, -6.487198491017362, 29.739086245137305, -73.78863398607633, 165.58723534321967, -70.97682003308068, -44.2856991739809, 0.0, 0.0, 0.0, 0.0, 0.0, 0.0, 0.0, 0.0, 0.0, 0.0, 0.0, 0.0, 0.0, 0.0, 0.0, 0.0, 0.0, 0.0, 0.0, 0.0, 0.0], [0.0, 24.83577768590291, -108.34970109143254, 235.63117467959012, -344.88951087643875, 411.1313007223852, -217.10937879723502, 14.61248930906802, -88.01285304805023, 134.31481510217102, -128.56781181668504, 79.55825520223246, -26.44769156991576, 126.47164985403012, -385.45807482601117, 378.0402126341637, -243.43870343254048, 84.47697894150281, 298.6520706320363, -596.5892030712889, 392.4757097965434, -137.8344737309839, 300.57021088067376, -400.65112214071166, 140.72648289180012, 134.38820748533473, -91.66794654582206, 14.32674936830487]]",(x0)' =  216.742 x0 + -410.236 x1 +  344.111 x2 + -235.110 x3 +  107.953 x4 + -24.709 x5 + -15.237 x0^2 +  101.251 x0 x1 + -160.872 x0 x2 +  155.309 x0 x3 + -92.480 x0 x4 +  28.651 x0 x5 + -153.817 x1^2 +  471.334 x1 x2 + -454.837 x1 x3 +  275.746 x1 x4 + -88.984 x1 x5 + -357.363 x2^2 +  692.844 x2 x3 + -426.584 x2 x4 +  141.209 x2 x5 + -336.897 x3^2 +  421.153 x3 x4 + -142.385 x3 x5 + -135.420 x4^2 +  93.124 x4 x5 + -15.695 x5^2 | (x1)' =  44.381 x0 +  70.539 x1 + -164.726 x2 +  72.885 x3 + -29.212 x4 +  6.344 x5 | (x2)' = -8.437 x0 +  73.126 x1 +  20.637 x2 + -107.419 x3 +  27.176 x4 + -5.196 x5 | (x3)' =  5.030 x0 + -26.508 x1 +  106.205 x2 + -19.414 x3 + -73.830 x4 +  8.630 x5 | (x4)' = -6.487 x0 +  29.739 x1 + -73.789 x2 +  165.587 x3 + -70.977 x4 + -44.286 x5 | (x5)' =  24.836 x0 + -108.350 x1 +  235.631 x2 + -344.890 x3 +  411.131 x4 + -217.109 x5 +  14.612 x0^2 + -88.013 x0 x1 +  134.315 x0 x2 + -128.568 x0 x3 +  79.558 x0 x4 + -26.448 x0 x5 +  126.472 x1^2 + -385.458 x1 x2 +  378.040 x1 x3 + -243.439 x1 x4 +  84.477 x1 x5 +  298.652 x2^2 + -596.589 x2 x3 +  392.476 x2 x4 + -137.834 x2 x5 +  300.570 x3^2 + -400.651 x3 x4 +  140.726 x3 x5 +  134.388 x4^2 + -91.668 x4 x5 +  14.327 x5^2
25,35.0,-0.0007537510658310451,36.85636440218341,1.0,2,6,5,20.0,100.0,0,0.0,finite_difference,success,,86,168,51.19047619047619,0.9037608448415995,"[""1"", ""x0"", ""x1"", ""x2"", ""x3"", ""x4"", ""x5"", ""x0^2"", ""x0 x1"", ""x0 x2"", ""x0 x3"", ""x0 x4"", ""x0 x5"", ""x1^2"", ""x1 x2"", ""x1 x3"", ""x1 x4"", ""x1 x5"", ""x2^2"", ""x2 x3"", ""x2 x4"", ""x2 x5"", ""x3^2"", ""x3 x4"", ""x3 x5"", ""x4^2"", ""x4 x5"", ""x5^2""]","[[-1.3880919924091915, 20.376617817346183, -47.93242343200134, 16.592213794418946, 0.0, 6.151200163632281, -1.7579129073430682, 0.0, 5.385836891144265, -1.3534678393880566, -1.5106872262873206, 0.0, 0.0, -1.2487536127490138, -3.166886886596122, 0.0, 0.0, 0.0, 2.31517194770947, 0.0, 0.0, 0.0, 0.0, 0.0, 0.0, 0.0, 0.0, 0.0], [0.0, 35.7599905795282, 2.000475745438564, -43.15627843573237, 10.999097436640675, -5.137692621878506, 1.5919085635673211, 3.305217274131411, -7.4880970185871565, 0.0, 0.0, 0.0, 0.0, 0.0, 7.613638464087221, 0.0, 0.0, 0.0, -3.129437266340582, -1.917182800989476, 0.0, 0.0, 1.2717241956545058, 0.0, 0.0, 0.0, 0.0, 0.0], [0.0, -10.892156723657866, 41.757788303737385, 0.0, -41.06254080800705, 12.667506044332399, -3.313715642749158, -2.3463321809919666, 2.5184792390674176, 2.9301400760262126, -1.2120880106111473, 0.0, 0.0, 3.651082327030584, -9.191506306424698, 0.0, 0.0, 0.0, 0.0, 7.597342357851244, -1.27057120875964, 0.0, -2.654980210701323, -1.6128100491477242, 0.0, 1.5931802552490526, 0.0, 0.0], [0.0, 3.3199462072809154, -12.84555679002592, 41.2396189853412, 0.0, -41.55266566547581, 10.644227155679989, 0.0, 0.0, -1.3094073582898744, 0.0, 0.0, 0.0, -2.3913529789685737, 3.1416513814177214, 3.2329872248206755, -1.3576829167919644, 0.0, 3.2803944759072157, -8.960481587068195, 0.0, 1.013401378298728, 0.0, 7.638438906821321, -1.811700993154252, -2.627052710558054, -1.230615680280417, 1.2545763094883424], [0.0, -1.4974846731173035, 5.337865440123866, -11.65229322680019, 43.36633714793882, -1.9489477986422772, -35.52174264369105, 0.0, 0.0, 0.0, 0.0, 0.0, 0.0, 1.096503513913816, 0.0, -2.0639270374827547, 0.0, 0.0, -2.726796967593858, 3.817869967748186, 2.759138312410143, -1.4169210588648045, 3.4805910014958883, -8.986779989533414, 0.0, 0.0, 6.469845513276829, -2.3735614234041025], [0.0, 1.6571936204472468, -5.77374342864807, 0.0, -16.961872828831684, 48.490713365900945, -20.882399053704987, 0.0, 0.0, 0.0, 0.0, 0.0, 0.0, 0.0, 0.0, 0.0, 0.0, 0.0, 0.0, 0.0, -2.5031277866923944, 1.8858638844290554, -3.2482831775908076, 4.03397262897532, 3.2824415812707923, 3.7845909430689066, -7.6036700772176475, 0.0]]",(x0)' = -1.388 1 +  20.377 x0 + -47.932 x1 +  16.592 x2 +  6.151 x4 + -1.758 x5 +  5.386 x0 x1 + -1.353 x0 x2 + -1.511 x0 x3 + -1.249 x1^2 + -3.167 x1 x2 +  2.315 x2^2 | (x1)' =  35.760 x0 +  2.000 x1 + -43.156 x2 +  10.999 x3 + -5.138 x4 +  1.592 x5 +  3.305 x0^2 + -7.488 x0 x1 +  7.614 x1 x2 + -3.129 x2^2 + -1.917 x2 x3 +  1.272 x3^2 | (x2)' = -10.892 x0 +  41.758 x1 + -41.063 x3 +  12.668 x4 + -3.314 x5 + -2.346 x0^2 +  2.518 x0 x1 +  2.930 x0 x2 + -1.212 x0 x3 +  3.651 x1^2 + -9.192 x1 x2 +  7.597 x2 x3 + -1.271 x2 x4 + -2.655 x3^2 + -1.613 x3 x4 +  1.593 x4^2 | (x3)' =  3.320 x0 + -12.846 x1 +  41.240 x2 + -41.553 x4 +  10.644 x5 + -1.309 x0 x2 + -2.391 x1^2 +  3.142 x1 x2 +  3.233 x1 x3 + -1.358 x1 x4 +  3.280 x2^2 + -8.960 x2 x3 +  1.013 x2 x5 +  7.638 x3 x4 + -1.812 x3 x5 + -2.627 x4^2 + -1.231 x4 x5 +  1.255 x5^2 | (x4)' = -1.497 x0 +  5.338 x1 + -11.652 x2 +  43.366 x3 + -1.949 x4 + -35.522 x5 +  1.097 x1^2 + -2.064 x1 x3 + -2.727 x2^2 +  3.818 x2 x3 +  2.759 x2 x4 + -1.417 x2 x5 +  3.481 x3^2 + -8.987 x3 x4 +  6.470 x4 x5 + -2.374 x5^2 | (x5)' =  1.657 x0 + -5.774 x1 + -16.962 x3 +  48.491 x4 + -20.882 x5 + -2.503 x2 x4 +  1.886 x2 x5 + -3.248 x3^2 +  4.034 x3 x4 +  3.282 x3 x5 +  3.785 x4^2 + -7.604 x4 x5
26,35.0,-0.0007537510658310451,36.85636440218341,1.0,2,6,5,20.0,100.0,5,20.0,smoothed_finite_difference_savgol_order_3,success,,85,168,50.595238095238095,1.0201986972242594,"[""1"", ""x0"", ""x1"", ""x2"", ""x3"", ""x4"", ""x5"", ""x0^2"", ""x0 x1"", ""x0 x2"", ""x0 x3"", ""x0 x4"", ""x0 x5"", ""x1^2"", ""x1 x2"", ""x1 x3"", ""x1 x4"", ""x1 x5"", ""x2^2"", ""x2 x3"", ""x2 x4"", ""x2 x5"", ""x3^2"", ""x3 x4"", ""x3 x5"", ""x4^2"", ""x4 x5"", ""x5^2""]","[[-1.4081320487744138, 20.684358021787656, -48.4125130263113, 16.8875266974541, 0.0, 6.090278404008378, -1.7448698374280782, 0.0, 5.3972552471275055, -1.3441133778138301, -1.511495007979767, 0.0, 0.0, -1.229234329237188, -3.2430484481226043, 0.0, 0.0, 0.0, 2.3497061966895973, 0.0, 0.0, 0.0, 0.0, 0.0, 0.0, 0.0, 0.0, 0.0], [0.0, 35.79768720874263, 2.1143115098359786, -43.46642656600163, 11.32465956412461, -5.362071486282869, 1.6627349261979012, 3.250501178471049, -7.406887412401989, 0.0, 0.0, 0.0, 0.0, 0.0, 7.5758889433352, 0.0, 0.0, 0.0, -3.1019047191068725, -1.963117241533167, 0.0, 0.0, 1.3009475873690426, 0.0, 0.0, 0.0, 0.0, 0.0], [0.0, -11.075895000852812, 41.97053127285876, 0.0, -41.27815952226948, 12.97446811525642, -3.4730489740344725, -2.3357374398294497, 2.524733307835337, 2.8825791375937646, -1.1779507567768168, 0.0, 0.0, 3.5915073090487453, -9.08950900627349, 0.0, 0.0, 0.0, 0.0, 7.5428381764151196, -1.2638217348195677, 0.0, -2.619337888893124, -1.66365174290102, 0.0, 1.6132042528786532, 0.0, 0.0], [0.0, 3.5074635860894166, -13.234379623251707, 41.529785973066126, 0.0, -41.829898981522746, 10.865300318945973, 0.0, 0.0, -1.3035465702269853, 0.0, 0.0, 0.0, -2.6356421909001786, 3.643746815871276, 2.283940042466465, 0.0, 0.0, 3.2589402764580657, -8.777395359439256, 0.0, 0.0, 0.0, 7.43688231874367, -1.0021967261067157, -2.5862022140172454, -1.8929281530113562, 1.488496912471781], [0.0, -1.5751762121275852, 5.56583603240283, -11.9540052818679, 43.654913785848045, -2.0505481635448772, -35.57431192014666, 0.0, 0.0, 0.0, 0.0, 0.0, 0.0, 1.1071921003340208, 0.0, -2.0858616030590085, 0.0, 0.0, -2.7322379657922466, 3.850781835687399, 2.7205059127013915, -1.3923404965613815, 3.4194086138560933, -8.892385367999154, 0.0, 0.0, 6.415025821668021, -2.3502244782815302], [0.0, 1.5523401142197035, -5.677743910586624, 0.0, -17.32012786836733, 48.973284429027025, -21.160144720687462, 0.0, 0.0, 0.0, 0.0, 0.0, 0.0, 0.0, 0.0, 0.0, 0.0, 0.0, 1.0024006161623582, 0.0, -2.8002243272388423, 1.4120193018847713, -3.7897587853439325, 4.556787006184954, 3.302475822920828, 3.496432545760843, -7.486778783149221, 0.0]]",(x0)' = -1.408 1 +  20.684 x0 + -48.413 x1 +  16.888 x2 +  6.090 x4 + -1.745 x5 +  5.397 x0 x1 + -1.344 x0 x2 + -1.511 x0 x3 + -1.229 x1^2 + -3.243 x1 x2 +  2.350 x2^2 | (x1)' =  35.798 x0 +  2.114 x1 + -43.466 x2 +  11.325 x3 + -5.362 x4 +  1.663 x5 +  3.251 x0^2 + -7.407 x0 x1 +  7.576 x1 x2 + -3.102 x2^2 + -1.963 x2 x3 +  1.301 x3^2 | (x2)' = -11.076 x0 +  41.971 x1 + -41.278 x3 +  12.974 x4 + -3.473 x5 + -2.336 x0^2 +  2.525 x0 x1 +  2.883 x0 x2 + -1.178 x0 x3 +  3.592 x1^2 + -9.090 x1 x2 +  7.543 x2 x3 + -1.264 x2 x4 + -2.619 x3^2 + -1.664 x3 x4 +  1.613 x4^2 | (x3)' =  3.507 x0 + -13.234 x1 +  41.530 x2 + -41.830 x4 +  10.865 x5 + -1.304 x0 x2 + -2.636 x1^2 +  3.644 x1 x2 +  2.284 x1 x3 +  3.259 x2^2 + -8.777 x2 x3 +  7.437 x3 x4 + -1.002 x3 x5 + -2.586 x4^2 + -1.893 x4 x5 +  1.488 x5^2 | (x4)' = -1.575 x0 +  5.566 x1 + -11.954 x2 +  43.655 x3 + -2.051 x4 + -35.574 x5 +  1.107 x1^2 + -2.086 x1 x3 + -2.732 x2^2 +  3.851 x2 x3 +  2.721 x2 x4 + -1.392 x2 x5 +  3.419 x3^2 + -8.892 x3 x4 +  6.415 x4 x5 + -2.350 x5^2 | (x5)' =  1.552 x0 + -5.678 x1 + -17.320 x3 +  48.973 x4 + -21.160 x5 +  1.002 x2^2 + -2.800 x2 x4 +  1.412 x2 x5 + -3.790 x3^2 +  4.557 x3 x4 +  3.302 x3 x5 +  3.496 x4^2 + -7.487 x4 x5
27,35.0,-0.0007537510658310451,36.85636440218341,1.0,2,6,5,20.0,100.0,9,36.0,smoothed_finite_difference_savgol_order_3,success,,83,168,49.404761904761905,1.1133547872304916,"[""1"", ""x0"", ""x1"", ""x2"", ""x3"", ""x4"", ""x5"", ""x0^2"", ""x0 x1"", ""x0 x2"", ""x0 x3"", ""x0 x4"", ""x0 x5"", ""x1^2"", ""x1 x2"", ""x1 x3"", ""x1 x4"", ""x1 x5"", ""x2^2"", ""x2 x3"", ""x2 x4"", ""x2 x5"", ""x3^2"", ""x3 x4"", ""x3 x5"", ""x4^2"", ""x4 x5"", ""x5^2""]","[[-1.5720140251990389, 24.29649508308205, -53.73096259025488, 21.427393850794456, -2.9166707779465377, 6.945230586947713, -2.0878425882266085, 0.0, 5.740415780016699, -1.9787082347334106, 0.0, -1.1770999803497033, 0.0, -1.0493343049162263, -3.938903126769601, 0.0, 0.0, 0.0, 2.7496044839991653, 0.0, 0.0, 0.0, 0.0, 0.0, 0.0, 0.0, 0.0, 0.0], [0.0, 35.61795507744944, 3.5088926277342845, -46.37034149285529, 14.502775650888283, -7.642741284169412, 2.5354071672094762, 2.6861184771930984, -6.431506309218239, 0.0, 0.0, 0.0, 0.0, 0.0, 6.914973462225403, 0.0, 0.0, 0.0, -2.7488964081092724, -2.237389787962093, 0.0, 0.0, 1.4788757991291892, 0.0, 0.0, 0.0, 0.0, 0.0], [0.0, -12.540972682601051, 43.63810793356807, 0.0, -42.92349419106877, 15.53839618804145, -4.951275843157753, -2.25374702495798, 2.553911704755135, 1.5944351553009244, 0.0, 0.0, 0.0, 2.978122415333843, -7.75727169464542, 0.0, 0.0, 0.0, 0.0, 6.047691985945863, 0.0, 0.0, -1.795867057370459, -3.0144328604081276, 0.0, 1.823935743370039, 0.0, 0.0], [0.0, 4.989314367498568, -15.689253738204728, 43.04763651802091, 0.0, -43.534715360639574, 12.378274327162467, 0.0, 0.0, -1.2932329656479264, 0.0, 0.0, 0.0, -2.4138162477406495, 3.6378926653620094, 1.764029525869725, 0.0, 0.0, 2.489743255756034, -7.419635601021224, 0.0, 0.0, 0.0, 6.116824771046029, 0.0, -1.810263321015511, -2.7424914342951445, 1.5968273057884736], [0.0, -2.500543346722467, 7.855110843408784, -14.924149892384271, 46.40312637192219, -3.372084023707948, -35.508247710586446, 0.0, 0.0, 0.0, 0.0, 0.0, 0.0, 1.1388106774614328, 0.0, -2.159981418680298, 0.0, 0.0, -2.6721150756956606, 3.909111270302415, 2.328488640882052, -1.1188179943154763, 2.8243052993508915, -7.7613169910124515, 0.0, 0.0, 5.607723040518974, -2.0127807708061574], [0.0, 2.025423595468417, -6.690055262067363, 2.9186865723100084, -21.49656637917766, 54.01962589760604, -24.73994916070372, 0.0, 0.0, 0.0, 0.0, 0.0, 0.0, 0.0, 0.0, 0.0, 0.0, 0.0, 0.0, 0.0, -2.5826272561724286, 1.7543845149459378, -3.169851722229709, 4.214074389703388, 2.9503599470058464, 3.364639737272278, -6.878914089027023, 0.0]]",(x0)' = -1.572 1 +  24.296 x0 + -53.731 x1 +  21.427 x2 + -2.917 x3 +  6.945 x4 + -2.088 x5 +  5.740 x0 x1 + -1.979 x0 x2 + -1.177 x0 x4 + -1.049 x1^2 + -3.939 x1 x2 +  2.750 x2^2 | (x1)' =  35.618 x0 +  3.509 x1 + -46.370 x2 +  14.503 x3 + -7.643 x4 +  2.535 x5 +  2.686 x0^2 + -6.432 x0 x1 +  6.915 x1 x2 + -2.749 x2^2 + -2.237 x2 x3 +  1.479 x3^2 | (x2)' = -12.541 x0 +  43.638 x1 + -42.923 x3 +  15.538 x4 + -4.951 x5 + -2.254 x0^2 +  2.554 x0 x1 +  1.594 x0 x2 +  2.978 x1^2 + -7.757 x1 x2 +  6.048 x2 x3 + -1.796 x3^2 + -3.014 x3 x4 +  1.824 x4^2 | (x3)' =  4.989 x0 + -15.689 x1 +  43.048 x2 + -43.535 x4 +  12.378 x5 + -1.293 x0 x2 + -2.414 x1^2 +  3.638 x1 x2 +  1.764 x1 x3 +  2.490 x2^2 + -7.420 x2 x3 +  6.117 x3 x4 + -1.810 x4^2 + -2.742 x4 x5 +  1.597 x5^2 | (x4)' = -2.501 x0 +  7.855 x1 + -14.924 x2 +  46.403 x3 + -3.372 x4 + -35.508 x5 +  1.139 x1^2 + -2.160 x1 x3 + -2.672 x2^2 +  3.909 x2 x3 +  2.328 x2 x4 + -1.119 x2 x5 +  2.824 x3^2 + -7.761 x3 x4 +  5.608 x4 x5 + -2.013 x5^2 | (x5)' =  2.025 x0 + -6.690 x1 +  2.919 x2 + -21.497 x3 +  54.020 x4 + -24.740 x5 + -2.583 x2 x4 +  1.754 x2 x5 + -3.170 x3^2 +  4.214 x3 x4 +  2.950 x3 x5 +  3.365 x4^2 + -6.879 x4 x5
28,35.0,-0.0007537510658310451,36.85636440218341,1.0,2,8,1,4.0,28.0,0,0.0,finite_difference,success,,109,360,30.27777777777778,2.1840526033192873,"[""1"", ""x0"", ""x1"", ""x2"", ""x3"", ""x4"", ""x5"", ""x6"", ""x7"", ""x0^2"", ""x0 x1"", ""x0 x2"", ""x0 x3"", ""x0 x4"", ""x0 x5"", ""x0 x6"", ""x0 x7"", ""x1^2"", ""x1 x2"", ""x1 x3"", ""x1 x4"", ""x1 x5"", ""x1 x6"", ""x1 x7"", ""x2^2"", ""x2 x3"", ""x2 x4"", ""x2 x5"", ""x2 x6"", ""x2 x7"", ""x3^2"", ""x3 x4"", ""x3 x5"", ""x3 x6"", ""x3 x7"", ""x4^2"", ""x4 x5"", ""x4 x6"", ""x4 x7"", ""x5^2"", ""x5 x6"", ""x5 x7"", ""x6^2"", ""x6 x7"", ""x7^2""]","[[0.0, 725.4652784217884, -2103.4160893494263, 3315.376861032697, -3736.152183873028, 2900.2629096490436, -1514.4730694001405, 486.0231729225252, -73.20331681560444, 5.756110349131954, -20.077605694355917, 12.621724623040347, 0.0, -0.2463980910043818, 0.0, 0.0, 0.0, 10.076094681329714, 0.0, -17.139186046050106, 0.0, 0.9856762465650566, 0.0, 0.0, -2.6955564629279416, 13.121409216668827, 9.31090789548597, 0.0, -1.4986203645843559, 0.0, -6.472487318146062, -8.231531985589607, 1.67320006211265, 0.0, 0.0, 0.0, 7.610103278401309, -6.985860223162928, 2.796714085129882, 0.0, 0.0, -1.0435873487967084, 0.0, 0.4436517755807765, 0.0], [0.0, 124.92253385862512, 0.3955120682994817, -125.75112295390028, 0.731235820141804, -0.3989490433822608, 0.10188762650413002, 0.0, 0.0, 0.0, 0.0, 0.0, 0.0, 0.0, 0.0, 0.0, 0.0, 0.0, 0.0, 0.0, 0.0, 0.0, 0.0, 0.0, 0.0, 0.0, 0.0, 0.0, 0.0, 0.0, 0.0, 0.0, 0.0, 0.0, 0.0, 0.0, 0.0, 0.0, 0.0, 0.0, 0.0, 0.0, 0.0, 0.0, 0.0], [0.0, 0.0, 125.15130821731086, -0.6952082762507388, -123.64567251950565, -1.341398890306028, 0.6437130256558365, -0.1018004085271014, -0.009853759310118932, 0.0, 0.0, 0.0, 0.0, 0.0, 0.0, 0.0, 0.0, 0.0, 0.0, 0.0, 0.0, 0.0, 0.0, 0.0, 0.0, 0.0, 0.0, 0.0, 0.0, 0.0, 0.0, 0.0, 0.0, 0.0, 0.0, 0.0, 0.0, 0.0, 0.0, 0.0, 0.0, 0.0, 0.0, 0.0, 0.0], [0.0, 0.30609206835622416, -1.5090248481562512, 128.43733942880112, -4.966259341860713, -119.81205974356224, -3.8774853556272952, 1.8047319864923246, -0.3830775808425005, 0.0, 0.0, 0.0, 0.0, 0.0, 0.0, 0.0, 0.0, 0.0, 0.0, 0.0, 0.0, 0.0, 0.0, 0.0, 0.0, 0.0, 0.0, 0.0, 0.0, 0.0, 0.0, 0.0, 0.0, 0.0, 0.0, 0.0, 0.0, 0.0, 0.0, 0.0, 0.0, 0.0, 0.0, 0.0, 0.0], [0.0, 0.29383262972622676, -1.6467941155906463, 4.29224736369544, 117.98705680950334, 7.86695337929004, -130.91648864063225, 2.66703116068202, -0.5448801335996626, 0.0, 0.0, 0.0, 0.0, 0.0, 0.0, 0.0, 0.0, 0.0, 0.0, 0.0, 0.0, 0.0, 0.0, 0.0, 0.0, 0.0, 0.0, 0.0, 0.0, 0.0, 0.0, 0.0, 0.0, 0.0, 0.0, 0.0, 0.0, 0.0, 0.0, 0.0, 0.0, 0.0, 0.0, 0.0, 0.0], [0.0, -0.10189344318494657, 0.44789870274483157, -0.9410398563195042, 1.1170111137021261, 124.27638310516356, 0.22717114662662782, -125.02689622232653, 0.0, 0.0, 0.0, 0.0, 0.0, 0.0, 0.0, 0.0, 0.0, 0.0, 0.0, 0.0, 0.0, 0.0, 0.0, 0.0, 0.0, 0.0, 0.0, 0.0, 0.0, 0.0, 0.0, 0.0, 0.0, 0.0, 0.0, 0.0, 0.0, 0.0, 0.0, 0.0, 0.0, 0.0, 0.0, 0.0, 0.0], [0.0, 0.0, 0.0, -0.18717061230284707, 0.8317850526290496, -1.668849274923834, 126.83345871028222, -1.0644866856569797, -124.74534035776422, 0.0, 0.0, 0.0, 0.0, 0.0, 0.0, 0.0, 0.0, 0.0, 0.0, 0.0, 0.0, 0.0, 0.0, 0.0, 0.0, 0.0, 0.0, 0.0, 0.0, 0.0, 0.0, 0.0, 0.0, 0.0, 0.0, 0.0, 0.0, 0.0, 0.0, 0.0, 0.0, 0.0, 0.0, 0.0, 0.0], [0.0, 72.32542379714745, -480.8095632230535, 1499.8708686319455, -2875.70560809302, 3709.532092310277, -3296.8266021083946, 2095.7288477457532, -723.9986816793162, 0.0, 18.48989738154124, -47.68801913564919, 39.10462445585502, 1.2480820375701516, 0.0, -13.623928099561416, 3.4647279665253516, -77.11240701034848, 291.8545558169357, -138.76542322246664, -170.45894971124864, 141.72225549995633, 0.0, 2.8572561971812025, -239.31475468997033, 156.84919473995106, 340.61108695101876, -111.22381545082305, -121.72909860456863, 0.0, 8.911255516510865, -196.77934377311715, -271.0381618962481, 306.3069088524856, 27.408087446912248, 36.571076910051104, 227.8871038685106, -34.32034274808559, -169.42474047421535, 35.67155122352818, -390.67608269339365, 276.9935902315785, 249.1006129149118, -219.4047003252454, 36.50313727106975]]",(x0)' =  725.465 x0 + -2103.416 x1 +  3315.377 x2 + -3736.152 x3 +  2900.263 x4 + -1514.473 x5 +  486.023 x6 + -73.203 x7 +  5.756 x0^2 + -20.078 x0 x1 +  12.622 x0 x2 + -0.246 x0 x4 +  10.076 x1^2 + -17.139 x1 x3 +  0.986 x1 x5 + -2.696 x2^2 +  13.121 x2 x3 +  9.311 x2 x4 + -1.499 x2 x6 + -6.472 x3^2 + -8.232 x3 x4 +  1.673 x3 x5 +  7.610 x4 x5 + -6.986 x4 x6 +  2.797 x4 x7 + -1.044 x5 x7 +  0.444 x6 x7 | (x1)' =  124.923 x0 +  0.396 x1 + -125.751 x2 +  0.731 x3 + -0.399 x4 +  0.102 x5 | (x2)' =  125.151 x1 + -0.695 x2 + -123.646 x3 + -1.341 x4 +  0.644 x5 + -0.102 x6 + -0.010 x7 | (x3)' =  0.306 x0 + -1.509 x1 +  128.437 x2 + -4.966 x3 + -119.812 x4 + -3.877 x5 +  1.805 x6 + -0.383 x7 | (x4)' =  0.294 x0 + -1.647 x1 +  4.292 x2 +  117.987 x3 +  7.867 x4 + -130.916 x5 +  2.667 x6 + -0.545 x7 | (x5)' = -0.102 x0 +  0.448 x1 + -0.941 x2 +  1.117 x3 +  124.276 x4 +  0.227 x5 + -125.027 x6 | (x6)' = -0.187 x2 +  0.832 x3 + -1.669 x4 +  126.833 x5 + -1.064 x6 + -124.745 x7 | (x7)' =  72.325 x0 + -480.810 x1 +  1499.871 x2 + -2875.706 x3 +  3709.532 x4 + -3296.827 x5 +  2095.729 x6 + -723.999 x7 +  18.490 x0 x1 + -47.688 x0 x2 +  39.105 x0 x3 +  1.248 x0 x4 + -13.624 x0 x6 +  3.465 x0 x7 + -77.112 x1^2 +  291.855 x1 x2 + -138.765 x1 x3 + -170.459 x1 x4 +  141.722 x1 x5 +  2.857 x1 x7 + -239.315 x2^2 +  156.849 x2 x3 +  340.611 x2 x4 + -111.224 x2 x5 + -121.729 x2 x6 +  8.911 x3^2 + -196.779 x3 x4 + -271.038 x3 x5 +  306.307 x3 x6 +  27.408 x3 x7 +  36.571 x4^2 +  227.887 x4 x5 + -34.320 x4 x6 + -169.425 x4 x7 +  35.672 x5^2 + -390.676 x5 x6 +  276.994 x5 x7 +  249.101 x6^2 + -219.405 x6 x7 +  36.503 x7^2
29,35.0,-0.0007537510658310451,36.85636440218341,1.0,2,8,1,4.0,28.0,5,20.0,smoothed_finite_difference_savgol_order_3,success,,113,360,31.38888888888889,2.109813366085291,"[""1"", ""x0"", ""x1"", ""x2"", ""x3"", ""x4"", ""x5"", ""x6"", ""x7"", ""x0^2"", ""x0 x1"", ""x0 x2"", ""x0 x3"", ""x0 x4"", ""x0 x5"", ""x0 x6"", ""x0 x7"", ""x1^2"", ""x1 x2"", ""x1 x3"", ""x1 x4"", ""x1 x5"", ""x1 x6"", ""x1 x7"", ""x2^2"", ""x2 x3"", ""x2 x4"", ""x2 x5"", ""x2 x6"", ""x2 x7"", ""x3^2"", ""x3 x4"", ""x3 x5"", ""x3 x6"", ""x3 x7"", ""x4^2"", ""x4 x5"", ""x4 x6"", ""x4 x7"", ""x5^2"", ""x5 x6"", ""x5 x7"", ""x6^2"", ""x6 x7"", ""x7^2""]","[[0.0, 746.7280298771941, -2215.154905582071, 3582.257924954416, -4111.2772437090325, 3234.803114359193, -1703.4346047284594, 548.5182442750124, -82.53643764442604, 8.380774250137442, -33.01647286237024, 17.903463860405516, 0.0, 1.9067276212274764, 0.0, 0.0, 0.602290915814295, 24.29569657228517, 0.0, -6.59471386200093, -33.13823463228355, 9.156827354443015, 0.0, -3.9662354671975515, -37.211251666715974, 43.338405102458175, 39.991084517343666, 0.0, 8.497668588860728, 2.051292115615048, 0.0, -45.56185394146796, -7.363476493389764, -33.64585932766362, 9.96568640331629, 0.0, 48.87408517246565, 23.20935635147034, -12.770548273260461, -30.107671194422085, 0.0, 5.701461604553549, 0.0, -0.49576386609530376, 0.0], [0.0, 124.84449102472259, 0.7180421450564367, -126.30010061887349, 1.2248691957323699, -0.6423664688862164, 0.15634567510993835, 0.0, 0.0, 0.0, 0.0, 0.0, 0.0, 0.0, 0.0, 0.0, 0.0, 0.0, 0.0, 0.0, 0.0, 0.0, 0.0, 0.0, 0.0, 0.0, 0.0, 0.0, 0.0, 0.0, 0.0, 0.0, 0.0, 0.0, 0.0, 0.0, 0.0, 0.0, 0.0, 0.0, 0.0, 0.0, 0.0, 0.0, 0.0], [0.0, 0.0, 125.30941541961579, -1.431131588662268, -122.17336906005448, -2.9241069608434653, 1.572982523502004, -0.36354916558374517, 0.01112180310452923, 0.0, 0.0, 0.0, 0.0, 0.0, 0.0, 0.0, 0.0, 0.0, 0.0, 0.0, 0.0, 0.0, 0.0, 0.0, 0.0, 0.0, 0.0, 0.0, 0.0, 0.0, 0.0, 0.0, 0.0, 0.0, 0.0, 0.0, 0.0, 0.0, 0.0, 0.0, 0.0, 0.0, 0.0, 0.0, 0.0], [0.0, 0.16576821055145322, -0.5031869218730716, 125.38401513047985, 0.17296743859616726, -125.00594840407086, -0.7295187637716742, 0.7513664067433579, -0.23512165681092645, 0.0, 0.0, 0.0, 0.0, 0.0, 0.0, 0.0, 0.0, 0.0, 0.0, 0.0, 0.0, 0.0, 0.0, 0.0, 0.0, 0.0, 0.0, 0.0, 0.0, 0.0, 0.0, 0.0, 0.0, 0.0, 0.0, 0.0, 0.0, 0.0, 0.0, 0.0, 0.0, 0.0, 0.0, 0.0, 0.0], [0.0, 0.32912532382023313, -1.717958674220565, 4.22454414501243, 118.28332349690902, 7.616656841455755, -130.92865963825923, 2.7815313730029256, -0.5897132633103657, 0.0, 0.0, 0.0, 0.0, 0.0, 0.0, 0.0, 0.0, 0.0, 0.0, 0.0, 0.0, 0.0, 0.0, 0.0, 0.0, 0.0, 0.0, 0.0, 0.0, 0.0, 0.0, 0.0, 0.0, 0.0, 0.0, 0.0, 0.0, 0.0, 0.0, 0.0, 0.0, 0.0, 0.0, 0.0, 0.0], [0.0, -0.03325034795922097, 0.09616236849207382, -0.13576424852122643, 0.03933054220805602, 125.16949554687776, -0.20026471889578687, -124.93713584173283, 0.0, 0.0, 0.0, 0.0, 0.0, 0.0, 0.0, 0.0, 0.0, 0.0, 0.0, 0.0, 0.0, 0.0, 0.0, 0.0, 0.0, 0.0, 0.0, 0.0, 0.0, 0.0, 0.0, 0.0, 0.0, 0.0, 0.0, 0.0, 0.0, 0.0, 0.0, 0.0, 0.0, 0.0, 0.0, 0.0, 0.0], [0.0, 0.0, 0.0, -0.2977817278025821, 1.367381839947944, -2.799965662339692, 128.11423295455563, -1.8304137202938233, -124.55386858864709, 0.0, 0.0, 0.0, 0.0, 0.0, 0.0, 0.0, 0.0, 0.0, 0.0, 0.0, 0.0, 0.0, 0.0, 0.0, 0.0, 0.0, 0.0, 0.0, 0.0, 0.0, 0.0, 0.0, 0.0, 0.0, 0.0, 0.0, 0.0, 0.0, 0.0, 0.0, 0.0, 0.0, 0.0, 0.0, 0.0], [0.0, 81.16344569499566, -540.3405545798387, 1680.839514278357, -3197.6546507336993, 4072.11872176792, -3555.7846268992716, 2204.503643750963, -744.7489028717541, 0.0, 11.594473603744943, -34.253850578367434, 24.03857262240064, 18.849396902032506, -19.1727340681587, 0.0, 0.0, -51.96345335021768, 217.8627679393498, -86.68346088277876, -188.570746328126, 140.4894006316863, 0.0, 0.0, -211.3453290165041, 174.27012040287934, 252.57282613637668, 24.951516925265903, -219.83971858219024, 39.79411968801383, 0.0, -210.55081324368226, -356.1750317383041, 436.8318839008375, -45.7666145014784, 138.79023261220553, 118.28013544572191, -94.02612171687231, -96.83778174807424, 85.55643629932632, -360.8350188063473, 222.93349709623877, 224.98352367350086, -186.21035324647985, 30.427929888522268]]",(x0)' =  746.728 x0 + -2215.155 x1 +  3582.258 x2 + -4111.277 x3 +  3234.803 x4 + -1703.435 x5 +  548.518 x6 + -82.536 x7 +  8.381 x0^2 + -33.016 x0 x1 +  17.903 x0 x2 +  1.907 x0 x4 +  0.602 x0 x7 +  24.296 x1^2 + -6.595 x1 x3 + -33.138 x1 x4 +  9.157 x1 x5 + -3.966 x1 x7 + -37.211 x2^2 +  43.338 x2 x3 +  39.991 x2 x4 +  8.498 x2 x6 +  2.051 x2 x7 + -45.562 x3 x4 + -7.363 x3 x5 + -33.646 x3 x6 +  9.966 x3 x7 +  48.874 x4 x5 +  23.209 x4 x6 + -12.771 x4 x7 + -30.108 x5^2 +  5.701 x5 x7 + -0.496 x6 x7 | (x1)' =  124.844 x0 +  0.718 x1 + -126.300 x2 +  1.225 x3 + -0.642 x4 +  0.156 x5 | (x2)' =  125.309 x1 + -1.431 x2 + -122.173 x3 + -2.924 x4 +  1.573 x5 + -0.364 x6 +  0.011 x7 | (x3)' =  0.166 x0 + -0.503 x1 +  125.384 x2 +  0.173 x3 + -125.006 x4 + -0.730 x5 +  0.751 x6 + -0.235 x7 | (x4)' =  0.329 x0 + -1.718 x1 +  4.225 x2 +  118.283 x3 +  7.617 x4 + -130.929 x5 +  2.782 x6 + -0.590 x7 | (x5)' = -0.033 x0 +  0.096 x1 + -0.136 x2 +  0.039 x3 +  125.169 x4 + -0.200 x5 + -124.937 x6 | (x6)' = -0.298 x2 +  1.367 x3 + -2.800 x4 +  128.114 x5 + -1.830 x6 + -124.554 x7 | (x7)' =  81.163 x0 + -540.341 x1 +  1680.840 x2 + -3197.655 x3 +  4072.119 x4 + -3555.785 x5 +  2204.504 x6 + -744.749 x7 +  11.594 x0 x1 + -34.254 x0 x2 +  24.039 x0 x3 +  18.849 x0 x4 + -19.173 x0 x5 + -51.963 x1^2 +  217.863 x1 x2 + -86.683 x1 x3 + -188.571 x1 x4 +  140.489 x1 x5 + -211.345 x2^2 +  174.270 x2 x3 +  252.573 x2 x4 +  24.952 x2 x5 + -219.840 x2 x6 +  39.794 x2 x7 + -210.551 x3 x4 + -356.175 x3 x5 +  436.832 x3 x6 + -45.767 x3 x7 +  138.790 x4^2 +  118.280 x4 x5 + -94.026 x4 x6 + -96.838 x4 x7 +  85.556 x5^2 + -360.835 x5 x6 +  222.933 x5 x7 +  224.984 x6^2 + -186.210 x6 x7 +  30.428 x7^2
30,35.0,-0.0007537510658310451,36.85636440218341,1.0,2,8,1,4.0,28.0,9,36.0,smoothed_finite_difference_savgol_order_3,success,,299,360,83.05555555555556,3.662459386512637,"[""1"", ""x0"", ""x1"", ""x2"", ""x3"", ""x4"", ""x5"", ""x6"", ""x7"", ""x0^2"", ""x0 x1"", ""x0 x2"", ""x0 x3"", ""x0 x4"", ""x0 x5"", ""x0 x6"", ""x0 x7"", ""x1^2"", ""x1 x2"", ""x1 x3"", ""x1 x4"", ""x1 x5"", ""x1 x6"", ""x1 x7"", ""x2^2"", ""x2 x3"", ""x2 x4"", ""x2 x5"", ""x2 x6"", ""x2 x7"", ""x3^2"", ""x3 x4"", ""x3 x5"", ""x3 x6"", ""x3 x7"", ""x4^2"", ""x4 x5"", ""x4 x6"", ""x4 x7"", ""x5^2"", ""x5 x6"", ""x5 x7"", ""x6^2"", ""x6 x7"", ""x7^2""]","[[0.0, 799.409714092214, -2476.9191383681346, 4153.918662325365, -4811.584003237123, 3738.9930465891657, -1902.0962649143587, 578.9009858026437, -80.65218450756808, 151.94776003797074, -832.6037070694352, 897.331704272708, -426.41438568792745, 0.0, 0.0, 93.3420663610824, -20.582159207390283, 824.5614202357269, -868.4943920933899, -251.67395445275042, 566.2339614186076, -43.865730653144524, -292.6244365986079, -4.638769294134611, -309.96021258861543, 447.10719266055486, 0.0, 0.0, 13.86679973249525, 311.79591415354395, 906.6976434518352, -1411.5682784438648, -577.9351716932015, 869.0703071912301, -700.9407044090494, 0.0, 1095.1349380400006, -433.8998622459591, 374.7951266955977, 285.7725256184768, -1591.8267248273492, 456.631707012946, 993.3107187306649, -622.0879355806414, 101.51877765915778], [0.0, 130.87520039462717, -26.46383182282205, -75.01119200574415, -47.464857416172194, 18.25405248192327, 5.096503500594741, -7.199201981067312, 1.9258469849712803, 0.0, 0.0, 114.91597714245684, -316.53446750206774, 431.15289703873884, -366.6927883397023, 197.59168630107143, -57.909222215698684, -128.70120740956136, 385.4758347661547, -321.0409869036912, 157.0178403913333, 46.232435404423896, -144.19974284521658, 110.31323815145437, -229.99427930510603, 246.0635902474049, -102.30146226855952, 22.96751762704297, 0.7810147225437643, -124.67618767517342, 0.0, 42.07460813842543, -225.24815987765618, 421.60616679340694, -3.7727140951865064, 0.0, 0.0, -428.2544968928157, 76.37262681438828, 205.6168985534752, 0.0, -8.055766500759399, -0.8046092024083974, 0.0, 0.0], [0.0, 4.241522825026337, 107.17623036169901, 31.842918210374712, -155.62722368806365, 16.503033945705972, -4.675037903605879, 0.5497724198822582, 0.0, 24.80941410167412, -142.8138058213131, 399.7856070109283, -693.7644067819618, 739.7301254436677, -438.12279685067995, 113.31053642613536, -27.104025621153607, -19.086219065223087, 49.617327676954176, 0.0, 0.0, -227.44678299938596, 378.21637905320296, -32.10290375506462, 73.97820361471275, -350.97172698051793, 428.28232647473703, -71.65780653048672, -569.906963373574, 24.479371060016817, 101.17151882037379, 0.0, 0.0, 783.4075483567071, -66.020519207915, -226.90443008535098, 0.0, -653.8158899034057, 94.08316598677638, 312.21149887046306, 0.0, 0.0, -1.8839170091299926, -1.4856987946252314, 0.0], [0.0, 11.182777933172128, -68.32393231573596, 319.1318568380736, -330.3656776061049, 235.914171360826, -251.1859564987599, 102.39276925985975, -18.747420481631536, 13.891318050664541, -80.59121096790817, 195.33536234969557, -309.9057031996609, 354.3756852448613, -146.3774177181838, -46.81258045382754, -3.8815474365844205, 16.17301938311373, 0.0, -198.26715608573153, 131.81941620541875, -434.8417375239363, 612.0817210703889, -5.820046553386937, 83.510103020807, 0.0, 556.0197239120988, -264.698096942297, -521.7746350317385, -274.8201044908041, -289.434948820749, 0.0, 407.2333183132273, 276.91577169423266, 612.3374403468235, -179.15362559745685, 0.0, -240.82889517316718, -636.8098943451845, 56.081318973278094, 0.0, 440.37734450400296, 36.508808295829624, -192.28021465315595, 33.63457256346962], [0.0, 1.1267556597626427, -16.325436111185276, 75.48283047124562, -52.21155391324128, 242.45070196814885, -323.3669717983366, 91.04965962904677, -18.218748909815254, -37.050202835470486, 233.9365080828506, 0.0, -528.3178168348131, 891.1180083697358, -786.5486099988542, 356.87990709285714, -99.52003014532696, -526.563383279696, 876.7252770323535, -539.9669371359097, 370.63629438715583, 2.931641598292303, 0.0, 148.0141288150209, 193.2467363479258, -703.9490207287793, -134.82777014356043, -149.42570699128723, -78.58576897732586, -301.1456211709926, 292.06628262072627, 502.8598006328758, 472.231075708831, -24.184281191893234, 398.905599063083, -609.8689103729154, 0.0, -410.24423129395916, -154.89313235547328, 0.0, 683.1052089729043, -130.10933167704945, -382.90803174202415, 207.44632964407643, -31.995857130020784], [0.0, -14.796648762489964, 77.84550508020618, -178.42347101413978, 226.81346168537542, -41.4761863801822, 64.24840183769938, -132.76088030022012, -1.4682079857392991, -145.5703247715589, 861.8415910924945, -927.9892009521651, 431.313643015369, 0.0, 0.0, -157.7457719013976, 79.08159299409375, -1095.338238635386, 1654.728123658538, -657.8761680806322, 624.595274323724, -958.3835747359535, 1071.2162629543952, -376.396562874232, 485.4916049072243, -2073.3275496413703, 579.369122916901, 223.92824475650266, -802.3005420763013, 291.5688142688389, 986.016951849078, 0.0, 826.5972892057978, -672.7445499561004, 311.99137237521893, -797.393217733508, 0.0, 765.6305657999491, -517.569672707816, -108.63535729458904, 0.0, 217.14657460546974, -119.24416663245661, 0.0, 0.0], [0.0, -23.782771639923638, 141.20602900785033, -377.6563766002408, 589.0375278099478, -577.9414070514341, 481.3129799418675, -127.63960151250286, -104.54639575873897, 0.0, 0.0, -18.002141270710997, 47.509148892143635, 0.0, -4.162248578805183, -58.8806606938141, 37.909330994375566, 51.153584557899954, -211.76893265928345, 67.31790166673852, -58.71823441545135, -54.787945894831914, 305.7569368288948, -171.69577187055074, 243.21552137379726, -150.1236380828637, 102.5590667715482, -21.777201030565774, -363.25793464134136, 223.70157728575137, -116.44330772711764, 0.0, 318.00386011952094, -111.85859232604011, 0.0, 0.0, -3.3591245492224986, 167.06794897122128, -155.41718389937083, -309.1419279464115, 304.95016091550207, 50.366309716468564, -123.51363221429345, 13.398902158546482, 0.0], [0.0, 64.01175598826694, -466.92055489292744, 1561.0842684065517, -3133.8881888524547, 4138.2690260955615, -3684.7198222667753, 2287.340400876152, -765.1370686970495, 0.0, 0.0, -70.36308597029199, 30.763777983521255, 0.0, 36.26311151134316, 12.837635176578342, 0.0, 0.0, 392.3767724943346, 0.0, -305.7361980113364, 24.260415365597805, -232.4387457172756, 60.53905218629227, -1087.158155900896, 1755.6178721558022, -1124.571656578792, 1499.6709375709786, 0.0, -101.19582249524898, 53.76421932989951, -1130.6072107486568, -815.6951170324865, -576.426126261416, 328.17529107888333, 1082.3268531748195, 412.2754938895279, 709.8160984882808, -404.4145828797133, -880.8018234100169, 262.5706147999828, 125.48350761225954, -33.47468155644441, -23.859253011282643, 0.0]]",(x0)' =  799.410 x0 + -2476.919 x1 +  4153.919 x2 + -4811.584 x3 +  3738.993 x4 + -1902.096 x5 +  578.901 x6 + -80.652 x7 +  151.948 x0^2 + -832.604 x0 x1 +  897.332 x0 x2 + -426.414 x0 x3 +  93.342 x0 x6 + -20.582 x0 x7 +  824.561 x1^2 + -868.494 x1 x2 + -251.674 x1 x3 +  566.234 x1 x4 + -43.866 x1 x5 + -292.624 x1 x6 + -4.639 x1 x7 + -309.960 x2^2 +  447.107 x2 x3 +  13.867 x2 x6 +  311.796 x2 x7 +  906.698 x3^2 + -1411.568 x3 x4 + -577.935 x3 x5 +  869.070 x3 x6 + -700.941 x3 x7 +  1095.135 x4 x5 + -433.900 x4 x6 +  374.795 x4 x7 +  285.773 x5^2 + -1591.827 x5 x6 +  456.632 x5 x7 +  993.311 x6^2 + -622.088 x6 x7 +  101.519 x7^2 | (x1)' =  130.875 x0 + -26.464 x1 + -75.011 x2 + -47.465 x3 +  18.254 x4 +  5.097 x5 + -7.199 x6 +  1.926 x7 +  114.916 x0 x2 + -316.534 x0 x3 +  431.153 x0 x4 + -366.693 x0 x5 +  197.592 x0 x6 + -57.909 x0 x7 + -128.701 x1^2 +  385.476 x1 x2 + -321.041 x1 x3 +  157.018 x1 x4 +  46.232 x1 x5 + -144.200 x1 x6 +  110.313 x1 x7 + -229.994 x2^2 +  246.064 x2 x3 + -102.301 x2 x4 +  22.968 x2 x5 +  0.781 x2 x6 + -124.676 x2 x7 +  42.075 x3 x4 + -225.248 x3 x5 +  421.606 x3 x6 + -3.773 x3 x7 + -428.254 x4 x6 +  76.373 x4 x7 +  205.617 x5^2 + -8.056 x5 x7 + -0.805 x6^2 | (x2)' =  4.242 x0 +  107.176 x1 +  31.843 x2 + -155.627 x3 +  16.503 x4 + -4.675 x5 +  0.550 x6 +  24.809 x0^2 + -142.814 x0 x1 +  399.786 x0 x2 + -693.764 x0 x3 +  739.730 x0 x4 + -438.123 x0 x5 +  113.311 x0 x6 + -27.104 x0 x7 + -19.086 x1^2 +  49.617 x1 x2 + -227.447 x1 x5 +  378.216 x1 x6 + -32.103 x1 x7 +  73.978 x2^2 + -350.972 x2 x3 +  428.282 x2 x4 + -71.658 x2 x5 + -569.907 x2 x6 +  24.479 x2 x7 +  101.172 x3^2 +  783.408 x3 x6 + -66.021 x3 x7 + -226.904 x4^2 + -653.816 x4 x6 +  94.083 x4 x7 +  312.211 x5^2 + -1.884 x6^2 + -1.486 x6 x7 | (x3)' =  11.183 x0 + -68.324 x1 +  319.132 x2 + -330.366 x3 +  235.914 x4 + -251.186 x5 +  102.393 x6 + -18.747 x7 +  13.891 x0^2 + -80.591 x0 x1 +  195.335 x0 x2 + -309.906 x0 x3 +  354.376 x0 x4 + -146.377 x0 x5 + -46.813 x0 x6 + -3.882 x0 x7 +  16.173 x1^2 + -198.267 x1 x3 +  131.819 x1 x4 + -434.842 x1 x5 +  612.082 x1 x6 + -5.820 x1 x7 +  83.510 x2^2 +  556.020 x2 x4 + -264.698 x2 x5 + -521.775 x2 x6 + -274.820 x2 x7 + -289.435 x3^2 +  407.233 x3 x5 +  276.916 x3 x6 +  612.337 x3 x7 + -179.154 x4^2 + -240.829 x4 x6 + -636.810 x4 x7 +  56.081 x5^2 +  440.377 x5 x7 +  36.509 x6^2 + -192.280 x6 x7 +  33.635 x7^2 | (x4)' =  1.127 x0 + -16.325 x1 +  75.483 x2 + -52.212 x3 +  242.451 x4 + -323.367 x5 +  91.050 x6 + -18.219 x7 + -37.050 x0^2 +  233.937 x0 x1 + -528.318 x0 x3 +  891.118 x0 x4 + -786.549 x0 x5 +  356.880 x0 x6 + -99.520 x0 x7 + -526.563 x1^2 +  876.725 x1 x2 + -539.967 x1 x3 +  370.636 x1 x4 +  2.932 x1 x5 +  148.014 x1 x7 +  193.247 x2^2 + -703.949 x2 x3 + -134.828 x2 x4 + -149.426 x2 x5 + -78.586 x2 x6 + -301.146 x2 x7 +  292.066 x3^2 +  502.860 x3 x4 +  472.231 x3 x5 + -24.184 x3 x6 +  398.906 x3 x7 + -609.869 x4^2 + -410.244 x4 x6 + -154.893 x4 x7 +  683.105 x5 x6 + -130.109 x5 x7 + -382.908 x6^2 +  207.446 x6 x7 + -31.996 x7^2 | (x5)' = -14.797 x0 +  77.846 x1 + -178.423 x2 +  226.813 x3 + -41.476 x4 +  64.248 x5 + -132.761 x6 + -1.468 x7 + -145.570 x0^2 +  861.842 x0 x1 + -927.989 x0 x2 +  431.314 x0 x3 + -157.746 x0 x6 +  79.082 x0 x7 + -1095.338 x1^2 +  1654.728 x1 x2 + -657.876 x1 x3 +  624.595 x1 x4 + -958.384 x1 x5 +  1071.216 x1 x6 + -376.397 x1 x7 +  485.492 x2^2 + -2073.328 x2 x3 +  579.369 x2 x4 +  223.928 x2 x5 + -802.301 x2 x6 +  291.569 x2 x7 +  986.017 x3^2 +  826.597 x3 x5 + -672.745 x3 x6 +  311.991 x3 x7 + -797.393 x4^2 +  765.631 x4 x6 + -517.570 x4 x7 + -108.635 x5^2 +  217.147 x5 x7 + -119.244 x6^2 | (x6)' = -23.783 x0 +  141.206 x1 + -377.656 x2 +  589.038 x3 + -577.941 x4 +  481.313 x5 + -127.640 x6 + -104.546 x7 + -18.002 x0 x2 +  47.509 x0 x3 + -4.162 x0 x5 + -58.881 x0 x6 +  37.909 x0 x7 +  51.154 x1^2 + -211.769 x1 x2 +  67.318 x1 x3 + -58.718 x1 x4 + -54.788 x1 x5 +  305.757 x1 x6 + -171.696 x1 x7 +  243.216 x2^2 + -150.124 x2 x3 +  102.559 x2 x4 + -21.777 x2 x5 + -363.258 x2 x6 +  223.702 x2 x7 + -116.443 x3^2 +  318.004 x3 x5 + -111.859 x3 x6 + -3.359 x4 x5 +  167.068 x4 x6 + -155.417 x4 x7 + -309.142 x5^2 +  304.950 x5 x6 +  50.366 x5 x7 + -123.514 x6^2 +  13.399 x6 x7 | (x7)' =  64.012 x0 + -466.921 x1 +  1561.084 x2 + -3133.888 x3 +  4138.269 x4 + -3684.720 x5 +  2287.340 x6 + -765.137 x7 + -70.363 x0 x2 +  30.764 x0 x3 +  36.263 x0 x5 +  12.838 x0 x6 +  392.377 x1 x2 + -305.736 x1 x4 +  24.260 x1 x5 + -232.439 x1 x6 +  60.539 x1 x7 + -1087.158 x2^2 +  1755.618 x2 x3 + -1124.572 x2 x4 +  1499.671 x2 x5 + -101.196 x2 x7 +  53.764 x3^2 + -1130.607 x3 x4 + -815.695 x3 x5 + -576.426 x3 x6 +  328.175 x3 x7 +  1082.327 x4^2 +  412.275 x4 x5 +  709.816 x4 x6 + -404.415 x4 x7 + -880.802 x5^2 +  262.571 x5 x6 +  125.484 x5 x7 + -33.475 x6^2 + -23.859 x6 x7
31,35.0,-0.0007537510658310451,36.85636440218341,1.0,2,8,2,8.0,56.0,0,0.0,finite_difference,success,,130,360,36.111111111111114,2.884950934909284,"[""1"", ""x0"", ""x1"", ""x2"", ""x3"", ""x4"", ""x5"", ""x6"", ""x7"", ""x0^2"", ""x0 x1"", ""x0 x2"", ""x0 x3"", ""x0 x4"", ""x0 x5"", ""x0 x6"", ""x0 x7"", ""x1^2"", ""x1 x2"", ""x1 x3"", ""x1 x4"", ""x1 x5"", ""x1 x6"", ""x1 x7"", ""x2^2"", ""x2 x3"", ""x2 x4"", ""x2 x5"", ""x2 x6"", ""x2 x7"", ""x3^2"", ""x3 x4"", ""x3 x5"", ""x3 x6"", ""x3 x7"", ""x4^2"", ""x4 x5"", ""x4 x6"", ""x4 x7"", ""x5^2"", ""x5 x6"", ""x5 x7"", ""x6^2"", ""x6 x7"", ""x7^2""]","[[0.0, 209.57402726866613, -406.6325932724553, 379.39263434190974, -331.2931400289771, 240.75569794667337, -138.4085267689563, 57.20709932557877, -11.88156911681385, -9.98509746385381, 62.135370818496696, -94.75185488061986, 96.04374110611096, -65.37772841803157, 30.273977907032535, -6.826819363606583, 0.0, -79.69279320749212, 213.94760342592193, -200.70126388226475, 120.48068103464433, -43.71886400726739, 0.0, 3.698648826837973, -130.9550208501652, 232.697137129394, -124.86716519388708, 33.97372412043332, 10.587167128069591, -4.925506644513947, -97.84236224062036, 92.32932320401359, -17.563367349140382, -11.94572604169416, 0.0, -15.526992383909803, 0.0, 5.561858444508412, 6.915856366145235, 0.06204816132477145, 5.70550260941446, -11.499460768726012, -6.752823400934516, 11.676081669176742, -3.117498045210421], [0.0, 44.30245866165688, 75.23251781407367, -181.85149290110974, 104.69644950568538, -67.12997838190766, 36.54952796724449, -14.794373178072753, 3.1979713588372367, 0.0, 0.0, 0.0, 0.0, 0.0, 0.0, 0.0, 0.0, 0.0, 0.0, 0.0, 0.0, 0.0, 0.0, 0.0, 0.0, 0.0, 0.0, 0.0, 0.0, 0.0, 0.0, 0.0, 0.0, 0.0, 0.0, 0.0, 0.0, 0.0, 0.0, 0.0, 0.0, 0.0, 0.0, 0.0, 0.0], [0.0, -7.532998589089554, 67.6363182000598, 35.25445160374054, -131.50215529392588, 54.31749331467723, -26.13901351560195, 10.054641186103307, -2.1763064046062968, 0.0, 0.0, 0.0, 0.0, 0.0, 0.0, 0.0, 0.0, 0.0, 0.0, 0.0, 0.0, 0.0, 0.0, 0.0, 0.0, 0.0, 0.0, 0.0, 0.0, 0.0, 0.0, 0.0, 0.0, 0.0, 0.0, 0.0, 0.0, 0.0, 0.0, 0.0, 0.0, 0.0, 0.0, 0.0, 0.0], [0.0, 3.309075116954483, -18.11364246947404, 86.37248611791469, 10.700345578086099, -105.76958405154615, 32.218212332411866, -10.92446588967981, 2.2672525081099857, 0.0, 0.0, 0.0, 0.0, 0.0, 0.0, 0.0, 0.0, 0.0, 0.0, 0.0, 0.0, 0.0, 0.0, 0.0, 0.0, 0.0, 0.0, 0.0, 0.0, 0.0, 0.0, 0.0, 0.0, 0.0, 0.0, 0.0, 0.0, 0.0, 0.0, 0.0, 0.0, 0.0, 0.0, 0.0, 0.0], [0.0, -2.265352842970601, 10.913546645729772, -32.193249716643145, 105.72908259023, -10.652253424426325, -86.41045117702097, 18.130386398868545, -3.313079233378861, 0.0, 0.0, 0.0, 0.0, 0.0, 0.0, 0.0, 0.0, 0.0, 0.0, 0.0, 0.0, 0.0, 0.0, 0.0, 0.0, 0.0, 0.0, 0.0, 0.0, 0.0, 0.0, 0.0, 0.0, 0.0, 0.0, 0.0, 0.0, 0.0, 0.0, 0.0, 0.0, 0.0, 0.0, 0.0, 0.0], [0.0, 2.182067309875645, -10.076774267202671, 26.1817244511122, -54.36881281696916, 131.5469571906417, -35.287868327842375, -67.61429014031303, 7.5243884159061025, 0.0, 0.0, 0.0, 0.0, 0.0, 0.0, 0.0, 0.0, 0.0, 0.0, 0.0, 0.0, 0.0, 0.0, 0.0, 0.0, 0.0, 0.0, 0.0, 0.0, 0.0, 0.0, 0.0, 0.0, 0.0, 0.0, 0.0, 0.0, 0.0, 0.0, 0.0, 0.0, 0.0, 0.0, 0.0, 0.0], [0.0, -3.193881288520553, 14.775841750813509, -36.50457539902523, 67.06836042636078, -104.6347743920155, 181.80313678665183, -75.2073460348349, -44.308216747543106, 0.0, 0.0, 0.0, 0.0, 0.0, 0.0, 0.0, 0.0, 0.0, 0.0, 0.0, 0.0, 0.0, 0.0, 0.0, 0.0, 0.0, 0.0, 0.0, 0.0, 0.0, 0.0, 0.0, 0.0, 0.0, 0.0, 0.0, 0.0, 0.0, 0.0, 0.0, 0.0, 0.0, 0.0, 0.0, 0.0], [0.0, 11.83259897337386, -56.92385216320782, 137.7090678559433, -239.96800724716965, 330.6408454732012, -379.1336141259989, 406.8660671415318, -209.73808484795563, 4.0468233963696445, -19.35165736835705, 21.172357439804177, -12.399335139150198, 2.592057280888688, 3.7021244196428817, -3.4270236734833985, 0.0, 18.817492889972936, -32.011152491735245, 9.907395387347195, 4.354137482097826, -10.383674735255155, 2.757787325143922, 5.3921863720417, 6.443701921562819, 18.490087334222814, -21.880031702170157, 15.033685190279424, 8.792892843028815, -18.668362788236035, -25.01610639199947, 27.923810221201297, 0.0, -38.236603221389856, 38.62086869302359, 13.409173806705567, -60.85070291831332, 85.44153673944722, -57.59938763234345, 42.91013852182182, -96.76120910192475, 57.234351542530376, 44.473356906278035, -43.08932304897104, 8.108671460915627]]",(x0)' =  209.574 x0 + -406.633 x1 +  379.393 x2 + -331.293 x3 +  240.756 x4 + -138.409 x5 +  57.207 x6 + -11.882 x7 + -9.985 x0^2 +  62.135 x0 x1 + -94.752 x0 x2 +  96.044 x0 x3 + -65.378 x0 x4 +  30.274 x0 x5 + -6.827 x0 x6 + -79.693 x1^2 +  213.948 x1 x2 + -200.701 x1 x3 +  120.481 x1 x4 + -43.719 x1 x5 +  3.699 x1 x7 + -130.955 x2^2 +  232.697 x2 x3 + -124.867 x2 x4 +  33.974 x2 x5 +  10.587 x2 x6 + -4.926 x2 x7 + -97.842 x3^2 +  92.329 x3 x4 + -17.563 x3 x5 + -11.946 x3 x6 + -15.527 x4^2 +  5.562 x4 x6 +  6.916 x4 x7 +  0.062 x5^2 +  5.706 x5 x6 + -11.499 x5 x7 + -6.753 x6^2 +  11.676 x6 x7 + -3.117 x7^2 | (x1)' =  44.302 x0 +  75.233 x1 + -181.851 x2 +  104.696 x3 + -67.130 x4 +  36.550 x5 + -14.794 x6 +  3.198 x7 | (x2)' = -7.533 x0 +  67.636 x1 +  35.254 x2 + -131.502 x3 +  54.317 x4 + -26.139 x5 +  10.055 x6 + -2.176 x7 | (x3)' =  3.309 x0 + -18.114 x1 +  86.372 x2 +  10.700 x3 + -105.770 x4 +  32.218 x5 + -10.924 x6 +  2.267 x7 | (x4)' = -2.265 x0 +  10.914 x1 + -32.193 x2 +  105.729 x3 + -10.652 x4 + -86.410 x5 +  18.130 x6 + -3.313 x7 | (x5)' =  2.182 x0 + -10.077 x1 +  26.182 x2 + -54.369 x3 +  131.547 x4 + -35.288 x5 + -67.614 x6 +  7.524 x7 | (x6)' = -3.194 x0 +  14.776 x1 + -36.505 x2 +  67.068 x3 + -104.635 x4 +  181.803 x5 + -75.207 x6 + -44.308 x7 | (x7)' =  11.833 x0 + -56.924 x1 +  137.709 x2 + -239.968 x3 +  330.641 x4 + -379.134 x5 +  406.866 x6 + -209.738 x7 +  4.047 x0^2 + -19.352 x0 x1 +  21.172 x0 x2 + -12.399 x0 x3 +  2.592 x0 x4 +  3.702 x0 x5 + -3.427 x0 x6 +  18.817 x1^2 + -32.011 x1 x2 +  9.907 x1 x3 +  4.354 x1 x4 + -10.384 x1 x5 +  2.758 x1 x6 +  5.392 x1 x7 +  6.444 x2^2 +  18.490 x2 x3 + -21.880 x2 x4 +  15.034 x2 x5 +  8.793 x2 x6 + -18.668 x2 x7 + -25.016 x3^2 +  27.924 x3 x4 + -38.237 x3 x6 +  38.621 x3 x7 +  13.409 x4^2 + -60.851 x4 x5 +  85.442 x4 x6 + -57.599 x4 x7 +  42.910 x5^2 + -96.761 x5 x6 +  57.234 x5 x7 +  44.473 x6^2 + -43.089 x6 x7 +  8.109 x7^2
32,35.0,-0.0007537510658310451,36.85636440218341,1.0,2,8,2,8.0,56.0,5,20.0,smoothed_finite_difference_savgol_order_3,success,,131,360,36.388888888888886,2.685504670254886,"[""1"", ""x0"", ""x1"", ""x2"", ""x3"", ""x4"", ""x5"", ""x6"", ""x7"", ""x0^2"", ""x0 x1"", ""x0 x2"", ""x0 x3"", ""x0 x4"", ""x0 x5"", ""x0 x6"", ""x0 x7"", ""x1^2"", ""x1 x2"", ""x1 x3"", ""x1 x4"", ""x1 x5"", ""x1 x6"", ""x1 x7"", ""x2^2"", ""x2 x3"", ""x2 x4"", ""x2 x5"", ""x2 x6"", ""x2 x7"", ""x3^2"", ""x3 x4"", ""x3 x5"", ""x3 x6"", ""x3 x7"", ""x4^2"", ""x4 x5"", ""x4 x6"", ""x4 x7"", ""x5^2"", ""x5 x6"", ""x5 x7"", ""x6^2"", ""x6 x7"", ""x7^2""]","[[0.0, 213.20731493261067, -418.1701247301846, 398.62758434449955, -353.34645422908505, 259.3733754634267, -149.93569832535988, 62.04841179012705, -13.012193204516533, -9.637988500049628, 61.54269203240726, -95.81570436996347, 98.3527166454875, -67.52375946322796, 31.026625135717072, -6.817740811831872, 0.0, -81.37133896458569, 224.15305448105883, -213.42042337665566, 130.16358218460786, -47.06719375808137, 0.0, 3.8155813498271365, -141.67372204075826, 256.53139462665325, -141.8568706295158, 39.481641317831645, 10.884851240156015, -5.171559009917993, -110.72148326350134, 110.64114021371778, -23.416654598033283, -12.197202905445426, 0.0, -22.245964334808683, 4.193394806736437, 5.569198043498427, 7.3292679212694845, 0.0, 5.017085433138136, -11.870792263199805, -6.632787168609237, 11.972221131293718, -3.197344405594814], [0.0, 43.69190158312895, 77.14526597241402, -184.97396024190886, 108.16851582839628, -69.9391289670863, 38.18596959259595, -15.417864798684095, 3.326802913480129, 0.0, 0.0, 0.0, 0.0, 0.0, 0.0, 0.0, 0.0, 0.0, 0.0, 0.0, 0.0, 0.0, 0.0, 0.0, 0.0, 0.0, 0.0, 0.0, 0.0, 0.0, 0.0, 0.0, 0.0, 0.0, 0.0, 0.0, 0.0, 0.0, 0.0, 0.0, 0.0, 0.0, 0.0, 0.0, 0.0], [0.0, -7.296993628418266, 66.90990083712825, 36.39963043013704, -132.70157394746116, 55.19095125521129, -26.557713805666907, 10.155684588223636, -2.1798107666405535, 0.0, 0.0, 0.0, 0.0, 0.0, 0.0, 0.0, 0.0, 0.0, 0.0, 0.0, 0.0, 0.0, 0.0, 0.0, 0.0, 0.0, 0.0, 0.0, 0.0, 0.0, 0.0, 0.0, 0.0, 0.0, 0.0, 0.0, 0.0, 0.0, 0.0, 0.0, 0.0, 0.0, 0.0, 0.0, 0.0], [0.0, 3.1876156076021265, -17.763761690574785, 85.87919529081836, 11.13033286610816, -105.97084026970741, 32.194533457917096, -10.81991431316472, 2.2166543632632214, 0.0, 0.0, 0.0, 0.0, 0.0, 0.0, 0.0, 0.0, 0.0, 0.0, 0.0, 0.0, 0.0, 0.0, 0.0, 0.0, 0.0, 0.0, 0.0, 0.0, 0.0, 0.0, 0.0, 0.0, 0.0, 0.0, 0.0, 0.0, 0.0, 0.0, 0.0, 0.0, 0.0, 0.0, 0.0, 0.0], [0.0, -2.2112338512593204, 10.795728244009027, -32.14212682007237, 105.89186985099494, -11.04504016312313, -85.942014462799, 17.79160850425661, -3.194376112586988, 0.0, 0.0, 0.0, 0.0, 0.0, 0.0, 0.0, 0.0, 0.0, 0.0, 0.0, 0.0, 0.0, 0.0, 0.0, 0.0, 0.0, 0.0, 0.0, 0.0, 0.0, 0.0, 0.0, 0.0, 0.0, 0.0, 0.0, 0.0, 0.0, 0.0, 0.0, 0.0, 0.0, 0.0, 0.0, 0.0], [0.0, 2.191133364269853, -10.198637515372468, 26.641863265066043, -55.2983396639263, 132.8008807259761, -36.4714639424499, -66.86864653001795, 7.282968368353423, 0.0, 0.0, 0.0, 0.0, 0.0, 0.0, 0.0, 0.0, 0.0, 0.0, 0.0, 0.0, 0.0, 0.0, 0.0, 0.0, 0.0, 0.0, 0.0, 0.0, 0.0, 0.0, 0.0, 0.0, 0.0, 0.0, 0.0, 0.0, 0.0, 0.0, 0.0, 0.0, 0.0, 0.0, 0.0, 0.0], [0.0, -3.323465679140509, 15.401517783001651, -38.14346800370754, 69.87794152748657, -108.1024558140954, 184.91757191529018, -77.11314885734724, -43.70038478485375, 0.0, 0.0, 0.0, 0.0, 0.0, 0.0, 0.0, 0.0, 0.0, 0.0, 0.0, 0.0, 0.0, 0.0, 0.0, 0.0, 0.0, 0.0, 0.0, 0.0, 0.0, 0.0, 0.0, 0.0, 0.0, 0.0, 0.0, 0.0, 0.0, 0.0, 0.0, 0.0, 0.0, 0.0, 0.0, 0.0], [0.0, 12.952113459903652, -61.72093747254308, 149.16904070461183, -258.50365320173023, 352.6281112230747, -398.32779163317764, 418.3669957905988, -213.35245460405463, 5.064378141142609, -28.172756950166416, 39.22303560302074, -36.14876908940578, 24.028062895962094, -9.124240066059158, 0.5361279509539456, 0.0, 36.8490113310248, -106.0808779201819, 110.61522316428558, -92.5346375393583, 54.86711760068383, -24.27766715487553, 9.945944893480242, 84.26278511068818, -199.37368760519786, 196.33855477864603, -141.13270588092095, 81.10065412996266, -34.51618437204975, 130.94470561615452, -291.97356862090305, 236.21566211873812, -153.14259041034816, 66.02825781740746, 180.18163731471492, -311.55701163786716, 210.33793677879743, -88.26719178927215, 138.62569675121966, -193.33256376708079, 80.85914066029571, 68.51362093148471, -54.120741994995996, 9.168253289534563]]",(x0)' =  213.207 x0 + -418.170 x1 +  398.628 x2 + -353.346 x3 +  259.373 x4 + -149.936 x5 +  62.048 x6 + -13.012 x7 + -9.638 x0^2 +  61.543 x0 x1 + -95.816 x0 x2 +  98.353 x0 x3 + -67.524 x0 x4 +  31.027 x0 x5 + -6.818 x0 x6 + -81.371 x1^2 +  224.153 x1 x2 + -213.420 x1 x3 +  130.164 x1 x4 + -47.067 x1 x5 +  3.816 x1 x7 + -141.674 x2^2 +  256.531 x2 x3 + -141.857 x2 x4 +  39.482 x2 x5 +  10.885 x2 x6 + -5.172 x2 x7 + -110.721 x3^2 +  110.641 x3 x4 + -23.417 x3 x5 + -12.197 x3 x6 + -22.246 x4^2 +  4.193 x4 x5 +  5.569 x4 x6 +  7.329 x4 x7 +  5.017 x5 x6 + -11.871 x5 x7 + -6.633 x6^2 +  11.972 x6 x7 + -3.197 x7^2 | (x1)' =  43.692 x0 +  77.145 x1 + -184.974 x2 +  108.169 x3 + -69.939 x4 +  38.186 x5 + -15.418 x6 +  3.327 x7 | (x2)' = -7.297 x0 +  66.910 x1 +  36.400 x2 + -132.702 x3 +  55.191 x4 + -26.558 x5 +  10.156 x6 + -2.180 x7 | (x3)' =  3.188 x0 + -17.764 x1 +  85.879 x2 +  11.130 x3 + -105.971 x4 +  32.195 x5 + -10.820 x6 +  2.217 x7 | (x4)' = -2.211 x0 +  10.796 x1 + -32.142 x2 +  105.892 x3 + -11.045 x4 + -85.942 x5 +  17.792 x6 + -3.194 x7 | (x5)' =  2.191 x0 + -10.199 x1 +  26.642 x2 + -55.298 x3 +  132.801 x4 + -36.471 x5 + -66.869 x6 +  7.283 x7 | (x6)' = -3.323 x0 +  15.402 x1 + -38.143 x2 +  69.878 x3 + -108.102 x4 +  184.918 x5 + -77.113 x6 + -43.700 x7 | (x7)' =  12.952 x0 + -61.721 x1 +  149.169 x2 + -258.504 x3 +  352.628 x4 + -398.328 x5 +  418.367 x6 + -213.352 x7 +  5.064 x0^2 + -28.173 x0 x1 +  39.223 x0 x2 + -36.149 x0 x3 +  24.028 x0 x4 + -9.124 x0 x5 +  0.536 x0 x6 +  36.849 x1^2 + -106.081 x1 x2 +  110.615 x1 x3 + -92.535 x1 x4 +  54.867 x1 x5 + -24.278 x1 x6 +  9.946 x1 x7 +  84.263 x2^2 + -199.374 x2 x3 +  196.339 x2 x4 + -141.133 x2 x5 +  81.101 x2 x6 + -34.516 x2 x7 +  130.945 x3^2 + -291.974 x3 x4 +  236.216 x3 x5 + -153.143 x3 x6 +  66.028 x3 x7 +  180.182 x4^2 + -311.557 x4 x5 +  210.338 x4 x6 + -88.267 x4 x7 +  138.626 x5^2 + -193.333 x5 x6 +  80.859 x5 x7 +  68.514 x6^2 + -54.121 x6 x7 +  9.168 x7^2
33,35.0,-0.0007537510658310451,36.85636440218341,1.0,2,8,2,8.0,56.0,9,36.0,smoothed_finite_difference_savgol_order_3,success,,127,360,35.27777777777778,2.5983064025640488,"[""1"", ""x0"", ""x1"", ""x2"", ""x3"", ""x4"", ""x5"", ""x6"", ""x7"", ""x0^2"", ""x0 x1"", ""x0 x2"", ""x0 x3"", ""x0 x4"", ""x0 x5"", ""x0 x6"", ""x0 x7"", ""x1^2"", ""x1 x2"", ""x1 x3"", ""x1 x4"", ""x1 x5"", ""x1 x6"", ""x1 x7"", ""x2^2"", ""x2 x3"", ""x2 x4"", ""x2 x5"", ""x2 x6"", ""x2 x7"", ""x3^2"", ""x3 x4"", ""x3 x5"", ""x3 x6"", ""x3 x7"", ""x4^2"", ""x4 x5"", ""x4 x6"", ""x4 x7"", ""x5^2"", ""x5 x6"", ""x5 x7"", ""x6^2"", ""x6 x7"", ""x7^2""]","[[0.0, 240.51465945649554, -509.7335672332688, 556.5204316946251, -535.5484890400228, 409.44704233504456, -237.17008698030796, 94.69955127771615, -19.394907018987276, 0.0, 10.892546074227724, -25.967522851267006, 29.73136784765324, -18.429725428247064, 5.260601724853273, 0.0, 0.0, -23.791152231995973, 77.88808009882993, -72.66634563039756, 32.85212351371741, 0.4011624405158923, -6.2623781516226025, 0.0, -49.44014233695019, 71.22731363854368, -12.765816492632535, -19.588347398659288, 9.761098225174194, 5.379433574270184, -15.461084280948281, -12.741936991372626, 19.158019826177284, 8.65466191291346, -19.82499173016712, 4.551569962149145, 17.436954061586682, -46.32617943918236, 36.21233734647239, -27.228655453025375, 70.14591148452408, -40.98087434787644, -33.43538216214825, 31.59270448055173, -6.219273378715634], [0.0, 39.836910893487065, 89.65236457405075, -205.57006450228553, 130.5613543811065, -86.9450371454621, 46.88067959214466, -17.931559096491238, 3.6079662228771845, 0.0, 0.0, 0.0, 0.0, 0.0, 0.0, 0.0, 0.0, 0.0, 0.0, 0.0, 0.0, 0.0, 0.0, 0.0, 0.0, 0.0, 0.0, 0.0, 0.0, 0.0, 0.0, 0.0, 0.0, 0.0, 0.0, 0.0, 0.0, 0.0, 0.0, 0.0, 0.0, 0.0, 0.0, 0.0, 0.0], [0.0, -5.88242829253551, 62.414765254401345, 43.38065685842289, -139.35082061782325, 58.93921677114823, -27.295513945992546, 9.606484047023088, -1.8470882708640037, 0.0, 0.0, 0.0, 0.0, 0.0, 0.0, 0.0, 0.0, 0.0, 0.0, 0.0, 0.0, 0.0, 0.0, 0.0, 0.0, 0.0, 0.0, 0.0, 0.0, 0.0, 0.0, 0.0, 0.0, 0.0, 0.0, 0.0, 0.0, 0.0, 0.0, 0.0, 0.0, 0.0, 0.0, 0.0, 0.0], [0.0, 2.4373373918440144, -15.557268461965457, 82.87195656142362, 13.345093639396836, -106.27573354206775, 30.998417788016933, -9.515594020080984, 1.7143588893942607, 0.0, 0.0, 0.0, 0.0, 0.0, 0.0, 0.0, 0.0, 0.0, 0.0, 0.0, 0.0, 0.0, 0.0, 0.0, 0.0, 0.0, 0.0, 0.0, 0.0, 0.0, 0.0, 0.0, 0.0, 0.0, 0.0, 0.0, 0.0, 0.0, 0.0, 0.0, 0.0, 0.0, 0.0, 0.0, 0.0], [0.0, -1.9001353429228125, 10.145097813840149, -32.01216072508247, 107.1909381226543, -13.740878831576316, -82.90266994191582, 15.665060932164424, -2.4716256532285636, 0.0, 0.0, 0.0, 0.0, 0.0, 0.0, 0.0, 0.0, 0.0, 0.0, 0.0, 0.0, 0.0, 0.0, 0.0, 0.0, 0.0, 0.0, 0.0, 0.0, 0.0, 0.0, 0.0, 0.0, 0.0, 0.0, 0.0, 0.0, 0.0, 0.0, 0.0, 0.0, 0.0, 0.0, 0.0, 0.0], [0.0, 1.8877962302543267, -9.761245515913059, 27.45841809107619, -58.75625661199189, 138.66254780978272, -42.54088026582183, -62.95043001893594, 6.037794784339443, 0.0, 0.0, 0.0, 0.0, 0.0, 0.0, 0.0, 0.0, 0.0, 0.0, 0.0, 0.0, 0.0, 0.0, 0.0, 0.0, 0.0, 0.0, 0.0, 0.0, 0.0, 0.0, 0.0, 0.0, 0.0, 0.0, 0.0, 0.0, 0.0, 0.0, 0.0, 0.0, 0.0, 0.0, 0.0, 0.0], [0.0, -3.453435187533657, 17.355456834651438, -45.84998737952019, 85.85474235899093, -129.84024854217722, 205.27221045311748, -89.57129066600238, -39.85488465931431, 0.0, 0.0, 0.0, 0.0, 0.0, 0.0, 0.0, 0.0, 0.0, 0.0, 0.0, 0.0, 0.0, 0.0, 0.0, 0.0, 0.0, 0.0, 0.0, 0.0, 0.0, 0.0, 0.0, 0.0, 0.0, 0.0, 0.0, 0.0, 0.0, 0.0, 0.0, 0.0, 0.0, 0.0, 0.0, 0.0], [0.0, 19.396036810982572, -94.6567525917195, 237.09689018389432, -409.6671615101179, 536.2310434049701, -557.4796424528355, 510.55927332837985, -240.80858516499217, 6.851544462437275, -38.019500919000954, 50.28171448139064, -40.24546021418121, 17.3501873354259, 0.0, -2.7584253330071227, 0.0, 45.7814951117391, -103.74055353225536, 66.92722580688721, -10.644753374769225, -22.819982016784202, 14.704916791127514, 0.0, 48.7759640254636, -45.12920690661993, -16.376259665735763, 46.22136024756726, -18.60945164538766, -4.48993445691844, 4.025604310670251, 19.793616817192383, -31.107013450205134, -3.419781411445082, 15.132778873247995, 0.0, -7.358979605550352, 31.819926346831583, -22.13128304654086, 11.053664263009837, -35.61941406294936, 17.455166387739162, 14.547272711730164, -8.279296009150352, 0.0]]",(x0)' =  240.515 x0 + -509.734 x1 +  556.520 x2 + -535.548 x3 +  409.447 x4 + -237.170 x5 +  94.700 x6 + -19.395 x7 +  10.893 x0 x1 + -25.968 x0 x2 +  29.731 x0 x3 + -18.430 x0 x4 +  5.261 x0 x5 + -23.791 x1^2 +  77.888 x1 x2 + -72.666 x1 x3 +  32.852 x1 x4 +  0.401 x1 x5 + -6.262 x1 x6 + -49.440 x2^2 +  71.227 x2 x3 + -12.766 x2 x4 + -19.588 x2 x5 +  9.761 x2 x6 +  5.379 x2 x7 + -15.461 x3^2 + -12.742 x3 x4 +  19.158 x3 x5 +  8.655 x3 x6 + -19.825 x3 x7 +  4.552 x4^2 +  17.437 x4 x5 + -46.326 x4 x6 +  36.212 x4 x7 + -27.229 x5^2 +  70.146 x5 x6 + -40.981 x5 x7 + -33.435 x6^2 +  31.593 x6 x7 + -6.219 x7^2 | (x1)' =  39.837 x0 +  89.652 x1 + -205.570 x2 +  130.561 x3 + -86.945 x4 +  46.881 x5 + -17.932 x6 +  3.608 x7 | (x2)' = -5.882 x0 +  62.415 x1 +  43.381 x2 + -139.351 x3 +  58.939 x4 + -27.296 x5 +  9.606 x6 + -1.847 x7 | (x3)' =  2.437 x0 + -15.557 x1 +  82.872 x2 +  13.345 x3 + -106.276 x4 +  30.998 x5 + -9.516 x6 +  1.714 x7 | (x4)' = -1.900 x0 +  10.145 x1 + -32.012 x2 +  107.191 x3 + -13.741 x4 + -82.903 x5 +  15.665 x6 + -2.472 x7 | (x5)' =  1.888 x0 + -9.761 x1 +  27.458 x2 + -58.756 x3 +  138.663 x4 + -42.541 x5 + -62.950 x6 +  6.038 x7 | (x6)' = -3.453 x0 +  17.355 x1 + -45.850 x2 +  85.855 x3 + -129.840 x4 +  205.272 x5 + -89.571 x6 + -39.855 x7 | (x7)' =  19.396 x0 + -94.657 x1 +  237.097 x2 + -409.667 x3 +  536.231 x4 + -557.480 x5 +  510.559 x6 + -240.809 x7 +  6.852 x0^2 + -38.020 x0 x1 +  50.282 x0 x2 + -40.245 x0 x3 +  17.350 x0 x4 + -2.758 x0 x6 +  45.781 x1^2 + -103.741 x1 x2 +  66.927 x1 x3 + -10.645 x1 x4 + -22.820 x1 x5 +  14.705 x1 x6 +  48.776 x2^2 + -45.129 x2 x3 + -16.376 x2 x4 +  46.221 x2 x5 + -18.609 x2 x6 + -4.490 x2 x7 +  4.026 x3^2 +  19.794 x3 x4 + -31.107 x3 x5 + -3.420 x3 x6 +  15.133 x3 x7 + -7.359 x4 x5 +  31.820 x4 x6 + -22.131 x4 x7 +  11.054 x5^2 + -35.619 x5 x6 +  17.455 x5 x7 +  14.547 x6^2 + -8.279 x6 x7
34,35.0,-0.0007537510658310451,36.85636440218341,1.0,2,8,5,20.0,140.0,0,0.0,finite_difference,success,,126,360,35.0,1.9779880251735449,"[""1"", ""x0"", ""x1"", ""x2"", ""x3"", ""x4"", ""x5"", ""x6"", ""x7"", ""x0^2"", ""x0 x1"", ""x0 x2"", ""x0 x3"", ""x0 x4"", ""x0 x5"", ""x0 x6"", ""x0 x7"", ""x1^2"", ""x1 x2"", ""x1 x3"", ""x1 x4"", ""x1 x5"", ""x1 x6"", ""x1 x7"", ""x2^2"", ""x2 x3"", ""x2 x4"", ""x2 x5"", ""x2 x6"", ""x2 x7"", ""x3^2"", ""x3 x4"", ""x3 x5"", ""x3 x6"", ""x3 x7"", ""x4^2"", ""x4 x5"", ""x4 x6"", ""x4 x7"", ""x5^2"", ""x5 x6"", ""x5 x7"", ""x6^2"", ""x6 x7"", ""x7^2""]","[[-1.4637450994944965, 20.32542657662879, -47.856218012433864, 16.64781706228784, 0.0, 6.076532294131488, -1.7710324233013606, 0.0, 0.0, 0.0, 5.215566890880767, -2.33277067735769, 0.0, 0.0, 0.0, 0.0, 0.0, -1.1509508427217414, -3.2292205373204483, 0.0, 0.0, 0.0, 0.0, 0.0, 2.2136653948718394, 0.0, 0.0, 0.0, 0.0, 0.0, 0.0, 0.0, 0.0, 0.0, 0.0, 0.0, 0.0, 0.0, 0.0, 0.0, 0.0, 0.0, 0.0, 0.0, 0.0], [0.0, 35.73540188193902, 2.1183061511653154, -42.97879309393863, 11.133538960197198, -5.270543936904823, 2.156079959112963, -1.1051000954138623, 0.0, 3.2935564984971126, -7.495553724381229, 0.0, 0.0, 0.0, 0.0, 0.0, 0.0, 0.0, 7.635907784668371, 0.0, 0.0, 0.0, 0.0, 0.0, -3.1332415020691577, -1.9396012871707191, 0.0, 0.0, 0.0, 0.0, 1.3082105782617544, 0.0, 0.0, 0.0, 0.0, 0.0, 0.0, 0.0, 0.0, 0.0, 0.0, 0.0, 0.0, 0.0, 0.0], [0.0, -10.829590482788399, 41.47835120618293, 0.0, -41.39376463947009, 12.900099973947915, -4.095248269819341, 1.4722274448633763, 0.0, -2.3504741518586023, 2.5505796025161662, 2.89600375128043, -1.1679977407406115, 0.0, 0.0, 0.0, 0.0, 3.64435883825229, -9.21423003513034, 0.0, 0.0, 0.0, 0.0, 0.0, 0.0, 7.666287213381095, -1.3340775939531775, 0.0, 0.0, 0.0, -2.7320729083182362, -1.5530593695864519, 0.0, 0.0, 0.0, 1.5950835060923536, 0.0, 0.0, 0.0, 0.0, 0.0, 0.0, 0.0, 0.0, 0.0], [0.0, 3.276476879256359, -12.59410568871769, 41.87563804765074, 0.0, -42.17255658437893, 12.650849826216811, -4.075287401594126, 1.3283483154533264, 0.0, 0.0, -1.314798539346385, 0.0, 0.0, 0.0, 0.0, 0.0, -2.715238527397162, 3.6961523442593247, 2.3284621173711932, 0.0, 0.0, 0.0, 0.0, 3.317813071066908, -8.870515953769832, 0.0, 0.0, 0.0, 0.0, 0.0, 7.581059559932356, -1.1601044319105847, 0.0, 0.0, -2.724037273173488, -1.9155308178360282, 0.0, 0.0, 1.698043995013558, 0.0, 0.0, 0.0, 0.0, 0.0], [0.0, -1.2022263782859317, 4.209572365438081, -13.049480641596316, 42.38059028928304, 0.0, -41.67959488015775, 12.35336125815109, -3.2877072365320292, 0.0, 0.0, 0.0, 0.0, 0.0, 0.0, 0.0, 0.0, 1.090310266175895, 0.0, -1.8504897591310818, 0.0, 0.0, 0.0, 0.0, -3.046756974737802, 4.147077079580703, 2.677094572823205, -1.0150567424373862, 0.0, 0.0, 3.0301953900803276, -8.670530475157936, 0.0, 0.0, 0.0, 0.0, 7.604552336359659, -1.1018937243210356, 0.0, -2.8626163676758427, -1.599241243581762, 0.0, 1.4876854414873526, 0.0, 0.0], [0.0, 0.0, -1.197741509354359, 3.960777224113278, -13.066149668538719, 41.5400552695352, 0.0, -41.36384969986796, 10.641647833985743, 0.0, 0.0, 0.0, 0.0, 0.0, 0.0, 0.0, 0.0, 0.0, 0.0, 0.0, 0.0, 0.0, 0.0, 0.0, 0.0, 0.0, -1.2083789924158541, 0.0, 0.0, 0.0, -2.44447204366089, 3.428572588504687, 2.9014345020445242, -1.0288074128451974, 0.0, 3.313881108843094, -8.894595770607124, 0.0, 0.0, 0.0, 7.606502973891082, -1.1312541796920288, -2.6598961393225786, -1.4939724924224715, 1.4304849880240291], [0.0, 0.0, 0.0, -1.5002031189063494, 5.333389519384156, -11.660570807081648, 43.38762212126139, -1.9401100620879568, -35.53862101466079, 0.0, 0.0, 0.0, 0.0, 0.0, 0.0, 0.0, 0.0, 0.0, 0.0, 0.0, 0.0, 0.0, 0.0, 0.0, 0.0, 0.0, 0.0, 0.0, 0.0, 0.0, 1.091152168997145, 0.0, -2.0660478409717857, 0.0, 0.0, -2.7213894827914755, 3.824687658325462, 2.7460219058159665, -1.3998272474869347, 3.4767545857214097, -9.000155335211689, 0.0, 0.0, 6.496588078679562, -2.3933011900726724], [0.0, -1.3635836057877286, 0.0, 1.7923214257278284, -5.534017883068171, 0.0, -16.549787797765173, 48.47049747533475, -20.81324246685571, 0.0, 0.0, 0.0, 0.0, 0.0, 0.0, 0.0, 0.0, 0.0, 0.0, 0.0, 0.0, 0.0, 0.0, 0.0, 0.0, 0.0, 0.0, 0.0, 0.0, 0.0, 0.0, 0.0, 0.0, 0.0, 0.0, 0.0, 0.0, -2.469219201920604, 1.861249522648084, -3.2225805125011835, 4.025812757379651, 3.2678579106900054, 3.788907382186782, -7.610702947924746, 0.0]]",(x0)' = -1.464 1 +  20.325 x0 + -47.856 x1 +  16.648 x2 +  6.077 x4 + -1.771 x5 +  5.216 x0 x1 + -2.333 x0 x2 + -1.151 x1^2 + -3.229 x1 x2 +  2.214 x2^2 | (x1)' =  35.735 x0 +  2.118 x1 + -42.979 x2 +  11.134 x3 + -5.271 x4 +  2.156 x5 + -1.105 x6 +  3.294 x0^2 + -7.496 x0 x1 +  7.636 x1 x2 + -3.133 x2^2 + -1.940 x2 x3 +  1.308 x3^2 | (x2)' = -10.830 x0 +  41.478 x1 + -41.394 x3 +  12.900 x4 + -4.095 x5 +  1.472 x6 + -2.350 x0^2 +  2.551 x0 x1 +  2.896 x0 x2 + -1.168 x0 x3 +  3.644 x1^2 + -9.214 x1 x2 +  7.666 x2 x3 + -1.334 x2 x4 + -2.732 x3^2 + -1.553 x3 x4 +  1.595 x4^2 | (x3)' =  3.276 x0 + -12.594 x1 +  41.876 x2 + -42.173 x4 +  12.651 x5 + -4.075 x6 +  1.328 x7 + -1.315 x0 x2 + -2.715 x1^2 +  3.696 x1 x2 +  2.328 x1 x3 +  3.318 x2^2 + -8.871 x2 x3 +  7.581 x3 x4 + -1.160 x3 x5 + -2.724 x4^2 + -1.916 x4 x5 +  1.698 x5^2 | (x4)' = -1.202 x0 +  4.210 x1 + -13.049 x2 +  42.381 x3 + -41.680 x5 +  12.353 x6 + -3.288 x7 +  1.090 x1^2 + -1.850 x1 x3 + -3.047 x2^2 +  4.147 x2 x3 +  2.677 x2 x4 + -1.015 x2 x5 +  3.030 x3^2 + -8.671 x3 x4 +  7.605 x4 x5 + -1.102 x4 x6 + -2.863 x5^2 + -1.599 x5 x6 +  1.488 x6^2 | (x5)' = -1.198 x1 +  3.961 x2 + -13.066 x3 +  41.540 x4 + -41.364 x6 +  10.642 x7 + -1.208 x2 x4 + -2.444 x3^2 +  3.429 x3 x4 +  2.901 x3 x5 + -1.029 x3 x6 +  3.314 x4^2 + -8.895 x4 x5 +  7.607 x5 x6 + -1.131 x5 x7 + -2.660 x6^2 + -1.494 x6 x7 +  1.430 x7^2 | (x6)' = -1.500 x2 +  5.333 x3 + -11.661 x4 +  43.388 x5 + -1.940 x6 + -35.539 x7 +  1.091 x3^2 + -2.066 x3 x5 + -2.721 x4^2 +  3.825 x4 x5 +  2.746 x4 x6 + -1.400 x4 x7 +  3.477 x5^2 + -9.000 x5 x6 +  6.497 x6 x7 + -2.393 x7^2 | (x7)' = -1.364 x0 +  1.792 x2 + -5.534 x3 + -16.550 x5 +  48.470 x6 + -20.813 x7 + -2.469 x4 x6 +  1.861 x4 x7 + -3.223 x5^2 +  4.026 x5 x6 +  3.268 x5 x7 +  3.789 x6^2 + -7.611 x6 x7
35,35.0,-0.0007537510658310451,36.85636440218341,1.0,2,8,5,20.0,140.0,5,20.0,smoothed_finite_difference_savgol_order_3,success,,123,360,34.166666666666664,2.1330972919240594,"[""1"", ""x0"", ""x1"", ""x2"", ""x3"", ""x4"", ""x5"", ""x6"", ""x7"", ""x0^2"", ""x0 x1"", ""x0 x2"", ""x0 x3"", ""x0 x4"", ""x0 x5"", ""x0 x6"", ""x0 x7"", ""x1^2"", ""x1 x2"", ""x1 x3"", ""x1 x4"", ""x1 x5"", ""x1 x6"", ""x1 x7"", ""x2^2"", ""x2 x3"", ""x2 x4"", ""x2 x5"", ""x2 x6"", ""x2 x7"", ""x3^2"", ""x3 x4"", ""x3 x5"", ""x3 x6"", ""x3 x7"", ""x4^2"", ""x4 x5"", ""x4 x6"", ""x4 x7"", ""x5^2"", ""x5 x6"", ""x5 x7"", ""x6^2"", ""x6 x7"", ""x7^2""]","[[-1.4858090038497034, 20.632683975546257, -48.33522708712109, 16.943063911152606, 0.0, 6.015688084403989, -1.7583377570074432, 0.0, 0.0, 0.0, 5.228644018116404, -2.329101215673671, 0.0, 0.0, 0.0, 0.0, 0.0, -1.1272366234244473, -3.307620971255227, 0.0, 0.0, 0.0, 0.0, 0.0, 2.2481822870029653, 0.0, 0.0, 0.0, 0.0, 0.0, 0.0, 0.0, 0.0, 0.0, 0.0, 0.0, 0.0, 0.0, 0.0, 0.0, 0.0, 0.0, 0.0, 0.0, 0.0], [0.0, 35.77310119711744, 2.2332050898642883, -43.28923349667473, 11.464550653324372, -5.503242176769266, 2.2391371933238178, -1.1166181991012418, 0.0, 3.238638034448436, -7.414418059968827, 0.0, 0.0, 0.0, 0.0, 0.0, 0.0, 0.0, 7.59818836219119, 0.0, 0.0, 0.0, 0.0, 0.0, -3.106403183438568, -1.9854067618339752, 0.0, 0.0, 0.0, 0.0, 1.3380964442263088, 0.0, 0.0, 0.0, 0.0, 0.0, 0.0, 0.0, 0.0, 0.0, 0.0, 0.0, 0.0, 0.0, 0.0], [0.0, -11.011091511062526, 41.67957606864033, 0.0, -41.630321580393044, 13.22921086376173, -4.301304957608518, 1.5420420243123638, 0.0, -2.3405614588079096, 2.5574196701386107, 2.8475209002389295, -1.1312923642236283, 0.0, 0.0, 0.0, 0.0, 3.585114371676986, -9.112357260724673, 0.0, 0.0, 0.0, 0.0, 0.0, 0.0, 7.6153612421210966, -1.3320578175893079, 0.0, 0.0, 0.0, -2.701421838294406, -1.5988740051975998, 0.0, 0.0, 0.0, 1.6148956331398032, 0.0, 0.0, 0.0, 0.0, 0.0, 0.0, 0.0, 0.0, 0.0], [0.0, 3.436331048304948, -12.869865801489535, 42.09909778451121, 0.0, -42.445332544989654, 12.96903801486018, -4.2743490385741625, 1.3869962628558068, 0.0, 0.0, -1.3212874941649724, 0.0, 0.0, 0.0, 0.0, 0.0, -2.711482506997406, 3.722000475207582, 2.300024394003918, 0.0, 0.0, 0.0, 0.0, 3.243273884117313, -8.759066881445381, 0.0, 0.0, 0.0, 0.0, 0.0, 7.529067703568376, -1.1621472598895353, 0.0, 0.0, -2.689698306456791, -1.9526706173205537, 0.0, 0.0, 1.720210714672637, 0.0, 0.0, 0.0, 0.0, 0.0], [0.0, -1.2704606901415245, 4.444358790390364, -13.3779881689694, 42.67694146213966, 0.0, -41.86958949447343, 12.551611749558784, -3.4522302201339077, 0.0, 0.0, 0.0, 0.0, 0.0, 0.0, 0.0, 0.0, 1.105375996140374, 0.0, -2.0491709087163597, 0.0, 0.0, 0.0, 0.0, -3.1786554999594068, 4.382186401738702, 1.8543059086884837, 0.0, 0.0, 0.0, 2.9484807487612383, -8.499707422131603, 0.0, 0.0, 0.0, 0.0, 7.015042013140851, 0.0, 0.0, -2.567182679137513, -2.5880431578721588, 0.0, 1.620647527779755, 0.0, 0.0], [0.0, 0.0, -1.267171579417985, 4.203328904285322, -13.448393013498526, 41.811768706678656, 0.0, -41.609345765752565, 10.835253138483736, 0.0, 0.0, 0.0, 0.0, 0.0, 0.0, 0.0, 0.0, 0.0, 0.0, 0.0, 0.0, 0.0, 0.0, 0.0, 0.0, 0.0, -1.3401296595027545, 0.0, 0.0, 0.0, -2.5952114278368237, 3.6212480295549105, 2.2833646142502313, 0.0, 0.0, 3.261502639412488, -8.758367937644875, 0.0, 0.0, 0.0, 7.4570297660683185, -1.0018851384873324, -2.5974525962219803, -1.9072935998788285, 1.4949104249240375], [0.0, 0.0, 0.0, -1.577767006926444, 5.5609576469515805, -11.961850084750333, 43.67549220452977, -2.041333405690545, -35.59116412822175, 0.0, 0.0, 0.0, 0.0, 0.0, 0.0, 0.0, 0.0, 0.0, 0.0, 0.0, 0.0, 0.0, 0.0, 0.0, 0.0, 0.0, 0.0, 0.0, 0.0, 0.0, 1.1017548423238839, 0.0, -2.0875517936918264, 0.0, 0.0, -2.7269269097809263, 3.857341014040067, 2.7074142349569548, -1.374855804838271, 3.4155587126386586, -8.905667245583226, 0.0, 0.0, 6.441581155761413, -2.3700940916102566], [0.0, -1.3139290388065425, 0.0, 1.7746966995192188, -5.488366180020169, 0.0, -16.833198515971695, 48.9201110002206, -21.11243261254299, 0.0, 0.0, 0.0, 0.0, 0.0, 0.0, 0.0, 0.0, 0.0, 0.0, 0.0, 0.0, 0.0, 0.0, 0.0, 0.0, 0.0, 0.0, 0.0, 0.0, 0.0, 0.0, 0.0, 0.0, 0.0, 0.0, 0.0, 0.0, -2.4846649544363135, 1.868140242632941, -3.21715391456424, 4.061277289045874, 3.2263518120441104, 3.7508209096628176, -7.558766717124178, 0.0]]",(x0)' = -1.486 1 +  20.633 x0 + -48.335 x1 +  16.943 x2 +  6.016 x4 + -1.758 x5 +  5.229 x0 x1 + -2.329 x0 x2 + -1.127 x1^2 + -3.308 x1 x2 +  2.248 x2^2 | (x1)' =  35.773 x0 +  2.233 x1 + -43.289 x2 +  11.465 x3 + -5.503 x4 +  2.239 x5 + -1.117 x6 +  3.239 x0^2 + -7.414 x0 x1 +  7.598 x1 x2 + -3.106 x2^2 + -1.985 x2 x3 +  1.338 x3^2 | (x2)' = -11.011 x0 +  41.680 x1 + -41.630 x3 +  13.229 x4 + -4.301 x5 +  1.542 x6 + -2.341 x0^2 +  2.557 x0 x1 +  2.848 x0 x2 + -1.131 x0 x3 +  3.585 x1^2 + -9.112 x1 x2 +  7.615 x2 x3 + -1.332 x2 x4 + -2.701 x3^2 + -1.599 x3 x4 +  1.615 x4^2 | (x3)' =  3.436 x0 + -12.870 x1 +  42.099 x2 + -42.445 x4 +  12.969 x5 + -4.274 x6 +  1.387 x7 + -1.321 x0 x2 + -2.711 x1^2 +  3.722 x1 x2 +  2.300 x1 x3 +  3.243 x2^2 + -8.759 x2 x3 +  7.529 x3 x4 + -1.162 x3 x5 + -2.690 x4^2 + -1.953 x4 x5 +  1.720 x5^2 | (x4)' = -1.270 x0 +  4.444 x1 + -13.378 x2 +  42.677 x3 + -41.870 x5 +  12.552 x6 + -3.452 x7 +  1.105 x1^2 + -2.049 x1 x3 + -3.179 x2^2 +  4.382 x2 x3 +  1.854 x2 x4 +  2.948 x3^2 + -8.500 x3 x4 +  7.015 x4 x5 + -2.567 x5^2 + -2.588 x5 x6 +  1.621 x6^2 | (x5)' = -1.267 x1 +  4.203 x2 + -13.448 x3 +  41.812 x4 + -41.609 x6 +  10.835 x7 + -1.340 x2 x4 + -2.595 x3^2 +  3.621 x3 x4 +  2.283 x3 x5 +  3.262 x4^2 + -8.758 x4 x5 +  7.457 x5 x6 + -1.002 x5 x7 + -2.597 x6^2 + -1.907 x6 x7 +  1.495 x7^2 | (x6)' = -1.578 x2 +  5.561 x3 + -11.962 x4 +  43.675 x5 + -2.041 x6 + -35.591 x7 +  1.102 x3^2 + -2.088 x3 x5 + -2.727 x4^2 +  3.857 x4 x5 +  2.707 x4 x6 + -1.375 x4 x7 +  3.416 x5^2 + -8.906 x5 x6 +  6.442 x6 x7 + -2.370 x7^2 | (x7)' = -1.314 x0 +  1.775 x2 + -5.488 x3 + -16.833 x5 +  48.920 x6 + -21.112 x7 + -2.485 x4 x6 +  1.868 x4 x7 + -3.217 x5^2 +  4.061 x5 x6 +  3.226 x5 x7 +  3.751 x6^2 + -7.559 x6 x7
36,35.0,-0.0007537510658310451,36.85636440218341,1.0,2,8,5,20.0,140.0,9,36.0,smoothed_finite_difference_savgol_order_3,success,,128,360,35.55555555555556,1.992094622924924,"[""1"", ""x0"", ""x1"", ""x2"", ""x3"", ""x4"", ""x5"", ""x6"", ""x7"", ""x0^2"", ""x0 x1"", ""x0 x2"", ""x0 x3"", ""x0 x4"", ""x0 x5"", ""x0 x6"", ""x0 x7"", ""x1^2"", ""x1 x2"", ""x1 x3"", ""x1 x4"", ""x1 x5"", ""x1 x6"", ""x1 x7"", ""x2^2"", ""x2 x3"", ""x2 x4"", ""x2 x5"", ""x2 x6"", ""x2 x7"", ""x3^2"", ""x3 x4"", ""x3 x5"", ""x3 x6"", ""x3 x7"", ""x4^2"", ""x4 x5"", ""x4 x6"", ""x4 x7"", ""x5^2"", ""x5 x6"", ""x5 x7"", ""x6^2"", ""x6 x7"", ""x7^2""]","[[-1.5596504577472425, 24.316805658092374, -53.88001428407196, 21.209825439449613, -3.1646766814920597, 7.257794617817116, -3.005700886582625, 1.5725242120988874, 0.0, 0.0, 5.720365846340346, -1.9348716379566042, 0.0, -1.16413147887099, 0.0, 0.0, 0.0, -1.0440059502667594, -3.987790801594062, 0.0, 0.0, 0.0, 0.0, 0.0, 2.7422519439057815, 0.0, 0.0, 0.0, 0.0, 0.0, 0.0, 0.0, 0.0, 0.0, 0.0, 0.0, 0.0, 0.0, 0.0, 0.0, 0.0, 0.0, 0.0, 0.0, 0.0], [0.0, 35.58523170501521, 3.663717775555841, -46.18222313854007, 14.750093927110434, -7.936063339341273, 3.3817592971840207, -1.4469311525485136, 0.0, 2.670616044866463, -6.4421241215042935, 0.0, 0.0, 0.0, 0.0, 0.0, 0.0, 0.0, 6.94711025488807, 0.0, 0.0, 0.0, 0.0, 0.0, -2.7628663569178316, -2.26519546891071, 0.0, 0.0, 0.0, 0.0, 1.5316599108932123, 0.0, 0.0, 0.0, 0.0, 0.0, 0.0, 0.0, 0.0, 0.0, 0.0, 0.0, 0.0, 0.0, 0.0], [0.0, -12.474188549091046, 43.23096703768698, 0.0, -43.63425321541061, 16.216063958076973, -6.430641232493829, 2.414094840639712, 0.0, -2.278978482224702, 2.5906567920031236, 1.7991780190264925, 0.0, 0.0, 0.0, 0.0, 0.0, 3.002766979970983, -7.8419943220064985, 0.0, 0.0, 0.0, 0.0, 0.0, 0.0, 6.663925701135037, -1.094456676128137, 0.0, 0.0, 0.0, -2.243718355696347, -2.198459977438687, 0.0, 0.0, 0.0, 1.7145639331208324, 0.0, 0.0, 0.0, 0.0, 0.0, 0.0, 0.0, 0.0, 0.0], [0.0, 4.905998000556526, -15.27069513756755, 43.89886224043773, 0.0, -44.76257497786454, 15.863330856556047, -6.29485101373706, 2.1141237458502644, 0.0, 0.0, -1.2873494785147093, 0.0, 0.0, 0.0, 0.0, 0.0, -2.540772899585426, 3.7182271588091775, 1.94691037279531, 0.0, 0.0, 0.0, 0.0, 2.489971030893835, -7.395800366637782, 0.0, 0.0, 0.0, 0.0, 0.0, 6.616307526536277, -1.0431474930664242, 0.0, 0.0, -2.225349248888751, -2.184518717392773, 0.0, 0.0, 1.799566021857003, 0.0, 0.0, 0.0, 0.0, 0.0], [0.0, -2.0565632184954405, 6.50658320221315, -16.120962236412613, 44.83934835940138, 0.0, -43.83801331633229, 15.123314003138182, -4.900072731971782, 0.0, 0.0, 0.0, 0.0, 0.0, 0.0, 0.0, 0.0, 1.1586361936169878, 0.0, -2.070094641920489, 0.0, 0.0, 0.0, 0.0, -3.1019199385215286, 4.549931477053637, 1.4707419897569292, 0.0, 0.0, 0.0, 2.1029632040880037, -7.027009480030096, 0.0, 0.0, 0.0, 0.0, 6.088580016384627, 0.0, 0.0, -2.051099358318362, -2.8351569976681072, 0.0, 1.7235391769394086, 0.0, 0.0], [0.0, 0.0, -2.3426679186400587, 6.642537697980428, -16.47805870685183, 43.71642258981757, 0.0, -43.18105240248746, 12.315777645410202, 0.0, 0.0, 0.0, 0.0, 0.0, 0.0, 0.0, 0.0, 0.0, 0.0, 0.0, 0.0, 0.0, 0.0, 0.0, 1.141564640837546, 0.0, -1.9854589824458748, 0.0, 0.0, 0.0, -2.9790424351158076, 4.410842991144751, 1.485942562507334, 0.0, 0.0, 2.16833362020742, -7.14830110039148, 0.0, 0.0, 0.0, 6.1542945141441185, 0.0, -2.0472738738379284, -2.6372547465668723, 1.4265585747436316], [0.0, 0.0, 1.2992487855757417, -3.269725152057682, 8.119042763270109, -15.150275616131882, 46.23550966519163, -3.4917797341152106, -35.508197598941095, 0.0, 0.0, 0.0, 0.0, 0.0, 0.0, 0.0, 0.0, 0.0, 0.0, 0.0, 0.0, 0.0, 0.0, 0.0, 0.0, 0.0, 0.0, 0.0, 0.0, 0.0, 1.1112731903552702, 0.0, -2.1400062787001732, 0.0, 0.0, -2.6659390128172746, 3.8699919549900015, 2.2996576897281673, -1.0501368156984616, 2.848775354441192, -7.7954096384156335, 0.0, 0.0, 5.65047893343286, -2.0474173502506225], [0.0, 0.0, -1.575047207567728, 2.904453857775402, -7.167641670453768, 3.617119322171721, -21.652085935038745, 54.312041756546506, -24.80324618910819, 0.0, 0.0, 0.0, 0.0, 0.0, 0.0, 0.0, 0.0, 0.0, 0.0, 0.0, 0.0, 0.0, 0.0, 0.0, 0.0, 0.0, 0.0, 0.0, 0.0, 0.0, 0.0, 0.0, 0.0, 0.0, 0.0, 1.273704236381051, 0.0, -2.9058056819510485, 1.0467234004877406, -3.9605128165944663, 5.026417277742203, 3.0223250876483423, 2.9803126473362145, -6.75875544645913, 0.0]]",(x0)' = -1.560 1 +  24.317 x0 + -53.880 x1 +  21.210 x2 + -3.165 x3 +  7.258 x4 + -3.006 x5 +  1.573 x6 +  5.720 x0 x1 + -1.935 x0 x2 + -1.164 x0 x4 + -1.044 x1^2 + -3.988 x1 x2 +  2.742 x2^2 | (x1)' =  35.585 x0 +  3.664 x1 + -46.182 x2 +  14.750 x3 + -7.936 x4 +  3.382 x5 + -1.447 x6 +  2.671 x0^2 + -6.442 x0 x1 +  6.947 x1 x2 + -2.763 x2^2 + -2.265 x2 x3 +  1.532 x3^2 | (x2)' = -12.474 x0 +  43.231 x1 + -43.634 x3 +  16.216 x4 + -6.431 x5 +  2.414 x6 + -2.279 x0^2 +  2.591 x0 x1 +  1.799 x0 x2 +  3.003 x1^2 + -7.842 x1 x2 +  6.664 x2 x3 + -1.094 x2 x4 + -2.244 x3^2 + -2.198 x3 x4 +  1.715 x4^2 | (x3)' =  4.906 x0 + -15.271 x1 +  43.899 x2 + -44.763 x4 +  15.863 x5 + -6.295 x6 +  2.114 x7 + -1.287 x0 x2 + -2.541 x1^2 +  3.718 x1 x2 +  1.947 x1 x3 +  2.490 x2^2 + -7.396 x2 x3 +  6.616 x3 x4 + -1.043 x3 x5 + -2.225 x4^2 + -2.185 x4 x5 +  1.800 x5^2 | (x4)' = -2.057 x0 +  6.507 x1 + -16.121 x2 +  44.839 x3 + -43.838 x5 +  15.123 x6 + -4.900 x7 +  1.159 x1^2 + -2.070 x1 x3 + -3.102 x2^2 +  4.550 x2 x3 +  1.471 x2 x4 +  2.103 x3^2 + -7.027 x3 x4 +  6.089 x4 x5 + -2.051 x5^2 + -2.835 x5 x6 +  1.724 x6^2 | (x5)' = -2.343 x1 +  6.643 x2 + -16.478 x3 +  43.716 x4 + -43.181 x6 +  12.316 x7 +  1.142 x2^2 + -1.985 x2 x4 + -2.979 x3^2 +  4.411 x3 x4 +  1.486 x3 x5 +  2.168 x4^2 + -7.148 x4 x5 +  6.154 x5 x6 + -2.047 x6^2 + -2.637 x6 x7 +  1.427 x7^2 | (x6)' =  1.299 x1 + -3.270 x2 +  8.119 x3 + -15.150 x4 +  46.236 x5 + -3.492 x6 + -35.508 x7 +  1.111 x3^2 + -2.140 x3 x5 + -2.666 x4^2 +  3.870 x4 x5 +  2.300 x4 x6 + -1.050 x4 x7 +  2.849 x5^2 + -7.795 x5 x6 +  5.650 x6 x7 + -2.047 x7^2 | (x7)' = -1.575 x1 +  2.904 x2 + -7.168 x3 +  3.617 x4 + -21.652 x5 +  54.312 x6 + -24.803 x7 +  1.274 x4^2 + -2.906 x4 x6 +  1.047 x4 x7 + -3.961 x5^2 +  5.026 x5 x6 +  3.022 x5 x7 +  2.980 x6^2 + -6.759 x6 x7
