configuration_index,lowpass_hz,global_zscore_mean,global_zscore_std,optimizer,stlsq_threshold,alpha,nu,degree,n_delays,delay_samples,delay_ms,embedding_span_ms,smooth_window_samples,smooth_window_ms,derivative_method,fit_status,fit_failure_reason,nonzero_terms,possible_terms,term_utilization_percent,fit_runtime_s,feature_names_json,coefficients_json,equations
1,35.0,,,sr3,0.1,0.05,0.01,2,2,1,4.0,4.0,0,0.0,finite_difference,success,,12,12,100.0,1.1883982941508293,"[""1"", ""x0"", ""x1"", ""x0^2"", ""x0 x1"", ""x1^2""]","[[-20.289178541288756, 233.21263319950882, -239.4064314014597, -0.1259034006868632, 0.3027524728263171, -0.15423767055821205], [14.685434004287073, 239.47327443765772, -233.25609684521405, 0.23960052643546695, -0.4482222641832823, 0.18639321243551152]]",(x0)' = -20.289 1 +  233.213 x0 + -239.406 x1 + -0.126 x0^2 +  0.303 x0 x1 + -0.154 x1^2 | (x1)' =  14.685 1 +  239.473 x0 + -233.256 x1 +  0.240 x0^2 + -0.448 x0 x1 +  0.186 x1^2
2,35.0,,,sr3,0.1,0.05,0.1,2,2,1,4.0,4.0,0,0.0,finite_difference,success,,11,12,91.66666666666667,0.08596950583159924,"[""1"", ""x0"", ""x1"", ""x0^2"", ""x0 x1"", ""x1^2""]","[[-20.28917860524906, 233.21263319981662, -239.4064314014488, -0.0, 0.30275247095771746, -0.15423766965355268], [14.685434004282168, 239.4732744376566, -233.25609684521297, 0.23960052643553825, -0.44822226418342936, 0.1863932124355872]]",(x0)' = -20.289 1 +  233.213 x0 + -239.406 x1 +  0.303 x0 x1 + -0.154 x1^2 | (x1)' =  14.685 1 +  239.473 x0 + -233.256 x1 +  0.240 x0^2 + -0.448 x0 x1 +  0.186 x1^2
3,35.0,,,sr3,0.1,0.05,1.0,2,2,1,4.0,4.0,0,0.0,finite_difference,success,,7,12,58.333333333333336,0.08469360414892435,"[""1"", ""x0"", ""x1"", ""x0^2"", ""x0 x1"", ""x1^2""]","[[-20.28917858569191, 233.21263319941295, -239.40643140113772, -0.0, 0.0, -0.0], [14.685434026000586, 239.47327443768054, -233.25609684534516, 0.0, -0.44822226354891415, 0.0]]",(x0)' = -20.289 1 +  233.213 x0 + -239.406 x1 | (x1)' =  14.685 1 +  239.473 x0 + -233.256 x1 + -0.448 x0 x1
4,35.0,,,sr3,0.1,0.05,10.0,2,2,1,4.0,4.0,0,0.0,finite_difference,success,,6,12,50.0,0.0837787976488471,"[""1"", ""x0"", ""x1"", ""x0^2"", ""x0 x1"", ""x1^2""]","[[-20.289178545728006, 233.2126331994966, -239.40643140142492, -0.0, 0.0, -0.0], [14.685434010911212, 239.47327443766594, -233.25609684525605, 0.0, -0.0, 0.0]]",(x0)' = -20.289 1 +  233.213 x0 + -239.406 x1 | (x1)' =  14.685 1 +  239.473 x0 + -233.256 x1
5,35.0,,,sr3,0.1,0.05,0.01,2,2,1,4.0,4.0,5,20.0,smoothed_finite_difference_savgol_order_3,success,,12,12,100.0,0.09410299081355333,"[""1"", ""x0"", ""x1"", ""x0^2"", ""x0 x1"", ""x1^2""]","[[-19.79126865397632, 233.48789991795576, -239.6133213797649, -0.12777141994491006, 0.30436711376404546, -0.15437788578032674], [14.49738222537608, 239.67988616676254, -233.5329791243374, 0.23657806767317974, -0.4415375154977476, 0.18315809557724788]]",(x0)' = -19.791 1 +  233.488 x0 + -239.613 x1 + -0.128 x0^2 +  0.304 x0 x1 + -0.154 x1^2 | (x1)' =  14.497 1 +  239.680 x0 + -233.533 x1 +  0.237 x0^2 + -0.442 x0 x1 +  0.183 x1^2
6,35.0,,,sr3,0.1,0.05,0.1,2,2,1,4.0,4.0,5,20.0,smoothed_finite_difference_savgol_order_3,success,,11,12,91.66666666666667,0.09775359369814396,"[""1"", ""x0"", ""x1"", ""x0^2"", ""x0 x1"", ""x1^2""]","[[-19.791268720063723, 233.48789991824063, -239.61332137972462, -0.0, 0.30436711180727694, -0.15437788483255172], [14.497382225374661, 239.6798861667636, -233.5329791243384, 0.23657806767320655, -0.44153751549779724, 0.18315809557727053]]",(x0)' = -19.791 1 +  233.488 x0 + -239.613 x1 +  0.304 x0 x1 + -0.154 x1^2 | (x1)' =  14.497 1 +  239.680 x0 + -233.533 x1 +  0.237 x0^2 + -0.442 x0 x1 +  0.183 x1^2
7,35.0,,,sr3,0.1,0.05,1.0,2,2,1,4.0,4.0,5,20.0,smoothed_finite_difference_savgol_order_3,success,,6,12,50.0,0.09868049435317516,"[""1"", ""x0"", ""x1"", ""x0^2"", ""x0 x1"", ""x1^2""]","[[-19.791268699455483, 233.48789991784065, -239.6133213794211, -0.0, 0.0, -0.0], [14.497382291878521, 239.67988616690394, -233.53297912481295, 0.0, -0.0, 0.0]]",(x0)' = -19.791 1 +  233.488 x0 + -239.613 x1 | (x1)' =  14.497 1 +  239.680 x0 + -233.533 x1
8,35.0,,,sr3,0.1,0.05,10.0,2,2,1,4.0,4.0,5,20.0,smoothed_finite_difference_savgol_order_3,success,,6,12,50.0,0.09301014803349972,"[""1"", ""x0"", ""x1"", ""x0^2"", ""x0 x1"", ""x1^2""]","[[-19.79126865851906, 233.48789991794555, -239.61332137973181, -0.0, 0.0, -0.0], [14.497382232020273, 239.679886166778, -233.53297912438623, 0.0, -0.0, 0.0]]",(x0)' = -19.791 1 +  233.488 x0 + -239.613 x1 | (x1)' =  14.497 1 +  239.680 x0 + -233.533 x1
9,35.0,,,sr3,0.1,0.05,0.01,2,2,1,4.0,4.0,9,36.0,smoothed_finite_difference_savgol_order_3,success,,12,12,100.0,0.09701687004417181,"[""1"", ""x0"", ""x1"", ""x0^2"", ""x0 x1"", ""x1^2""]","[[-15.856852293833063, 235.85780427275762, -241.34146680925107, -0.13438118038472366, 0.2994417712708987, -0.14651236457265748], [12.476126485583695, 241.3867159566714, -235.89104740466618, 0.21303030530704456, -0.38874630683156924, 0.15771114228772626]]",(x0)' = -15.857 1 +  235.858 x0 + -241.341 x1 + -0.134 x0^2 +  0.299 x0 x1 + -0.147 x1^2 | (x1)' =  12.476 1 +  241.387 x0 + -235.891 x1 +  0.213 x0^2 + -0.389 x0 x1 +  0.158 x1^2
10,35.0,,,sr3,0.1,0.05,0.1,2,2,1,4.0,4.0,9,36.0,smoothed_finite_difference_savgol_order_3,success,,11,12,91.66666666666667,0.09779963828623295,"[""1"", ""x0"", ""x1"", ""x0^2"", ""x0 x1"", ""x1^2""]","[[-15.856852376676578, 235.8578042727157, -241.34146680885385, -0.0, 0.2994417684678373, -0.14651236320914776], [12.476126485585114, 241.38671595667108, -235.89104740466593, 0.21303030530702347, -0.3887463068315253, 0.15771114228770336]]",(x0)' = -15.857 1 +  235.858 x0 + -241.341 x1 +  0.299 x0 x1 + -0.147 x1^2 | (x1)' =  12.476 1 +  241.387 x0 + -235.891 x1 +  0.213 x0^2 + -0.389 x0 x1 +  0.158 x1^2
11,35.0,,,sr3,0.1,0.05,1.0,2,2,1,4.0,4.0,9,36.0,smoothed_finite_difference_savgol_order_3,success,,6,12,50.0,0.0998401390388608,"[""1"", ""x0"", ""x1"", ""x0^2"", ""x0 x1"", ""x1^2""]","[[-15.856852347473177, 235.85780427241713, -241.34146680867573, -0.0, 0.0, -0.0], [12.476126555585761, 241.38671595709152, -235.89104740539278, 0.0, -0.0, 0.0]]",(x0)' = -15.857 1 +  235.858 x0 + -241.341 x1 | (x1)' =  12.476 1 +  241.387 x0 + -235.891 x1
12,35.0,,,sr3,0.1,0.05,10.0,2,2,1,4.0,4.0,9,36.0,smoothed_finite_difference_savgol_order_3,success,,6,12,50.0,0.09497195202857256,"[""1"", ""x0"", ""x1"", ""x0^2"", ""x0 x1"", ""x1^2""]","[[-15.856852299196802, 235.857804272725, -241.341466809195, -0.0, 0.0, -0.0], [12.476126492583825, 241.38671595671462, -235.89104740474008, 0.0, -0.0, 0.0]]",(x0)' = -15.857 1 +  235.858 x0 + -241.341 x1 | (x1)' =  12.476 1 +  241.387 x0 + -235.891 x1
13,35.0,,,sr3,0.1,0.05,0.01,2,2,2,8.0,8.0,0,0.0,finite_difference,success,,11,12,91.66666666666667,0.08457492757588625,"[""1"", ""x0"", ""x1"", ""x0^2"", ""x0 x1"", ""x1^2""]","[[-36.85601530770543, 106.04627555536459, -117.54662023210854, -0.0, 0.15554798604434658, -0.06878555061691843], [26.07465060023669, 117.65156918097911, -106.10910395238766, 0.12067218553962468, -0.22768554734365648, 0.06590105867206408]]",(x0)' = -36.856 1 +  106.046 x0 + -117.547 x1 +  0.156 x0 x1 + -0.069 x1^2 | (x1)' =  26.075 1 +  117.652 x0 + -106.109 x1 +  0.121 x0^2 + -0.228 x0 x1 +  0.066 x1^2
14,35.0,,,sr3,0.1,0.05,0.1,2,2,2,8.0,8.0,0,0.0,finite_difference,success,,8,12,66.66666666666667,0.08357012365013361,"[""1"", ""x0"", ""x1"", ""x0^2"", ""x0 x1"", ""x1^2""]","[[-36.85601526098801, 106.0462755549434, -117.54662023190886, -0.0, 0.1555479863919589, -0.0], [26.074650626604175, 117.65156918093447, -106.10910395246796, 0.0, -0.227685547147596, 0.0]]",(x0)' = -36.856 1 +  106.046 x0 + -117.547 x1 +  0.156 x0 x1 | (x1)' =  26.075 1 +  117.652 x0 + -106.109 x1 + -0.228 x0 x1
15,35.0,,,sr3,0.1,0.05,1.0,2,2,2,8.0,8.0,0,0.0,finite_difference,success,,6,12,50.0,0.0874249842017889,"[""1"", ""x0"", ""x1"", ""x0^2"", ""x0 x1"", ""x1^2""]","[[-36.856015250506225, 106.04627555496607, -117.54662023197854, -0.0, 0.0, -0.0], [26.074650608733567, 117.65156918097563, -106.10910395242833, 0.0, -0.0, 0.0]]",(x0)' = -36.856 1 +  106.046 x0 + -117.547 x1 | (x1)' =  26.075 1 +  117.652 x0 + -106.109 x1
16,35.0,,,sr3,0.1,0.05,10.0,2,2,2,8.0,8.0,0,0.0,finite_difference,success,,6,12,50.0,0.08572039846330881,"[""1"", ""x0"", ""x1"", ""x0^2"", ""x0 x1"", ""x1^2""]","[[-36.85601524545482, 106.04627555496907, -117.54662023200783, -0.0, 0.0, -0.0], [26.0746506010863, 117.65156918097892, -106.10910395239188, 0.0, -0.0, 0.0]]",(x0)' = -36.856 1 +  106.046 x0 + -117.547 x1 | (x1)' =  26.075 1 +  117.652 x0 + -106.109 x1
17,35.0,,,sr3,0.1,0.05,0.01,2,2,2,8.0,8.0,5,20.0,smoothed_finite_difference_savgol_order_3,success,,12,12,100.0,0.09094165172427893,"[""1"", ""x0"", ""x1"", ""x0^2"", ""x0 x1"", ""x1^2""]","[[-36.070766157038165, 106.31501418605484, -117.705336683856, -0.045930611357691865, 0.1558500983347116, -0.06854492823253076], [25.76008917676127, 117.80782822410646, -106.3784948633105, 0.1196297869532163, -0.22476105877734032, 0.06474166502134701]]",(x0)' = -36.071 1 +  106.315 x0 + -117.705 x1 + -0.046 x0^2 +  0.156 x0 x1 + -0.069 x1^2 | (x1)' =  25.760 1 +  117.808 x0 + -106.378 x1 +  0.120 x0^2 + -0.225 x0 x1 +  0.065 x1^2
18,35.0,,,sr3,0.1,0.05,0.1,2,2,2,8.0,8.0,5,20.0,smoothed_finite_difference_savgol_order_3,success,,8,12,66.66666666666667,0.09592861216515303,"[""1"", ""x0"", ""x1"", ""x0^2"", ""x0 x1"", ""x1^2""]","[[-36.070766173531986, 106.31501418602677, -117.70533668375077, -0.0, 0.15585009821041154, -0.0], [25.760089203240994, 117.80782822406735, -106.37849486339525, 0.0, -0.22476105857786796, 0.0]]",(x0)' = -36.071 1 +  106.315 x0 + -117.705 x1 +  0.156 x0 x1 | (x1)' =  25.760 1 +  117.808 x0 + -106.378 x1 + -0.225 x0 x1
19,35.0,,,sr3,0.1,0.05,1.0,2,2,2,8.0,8.0,5,20.0,smoothed_finite_difference_savgol_order_3,success,,6,12,50.0,0.09647980239242315,"[""1"", ""x0"", ""x1"", ""x0^2"", ""x0 x1"", ""x1^2""]","[[-36.07076616276969, 106.31501418605042, -117.70533668382211, -0.0, 0.0, -0.0], [25.76008918529679, 117.80782822410488, -106.37849486335266, 0.0, -0.0, 0.0]]",(x0)' = -36.071 1 +  106.315 x0 + -117.705 x1 | (x1)' =  25.760 1 +  117.808 x0 + -106.378 x1
20,35.0,,,sr3,0.1,0.05,10.0,2,2,2,8.0,8.0,5,20.0,smoothed_finite_difference_savgol_order_3,success,,6,12,50.0,0.09478292427957058,"[""1"", ""x0"", ""x1"", ""x0^2"", ""x0 x1"", ""x1^2""]","[[-36.0707661576118, 106.31501418605455, -117.70533668385276, -0.0, 0.0, -0.0], [25.76008917761506, 117.80782822410644, -106.37849486331486, 0.0, -0.0, 0.0]]",(x0)' = -36.071 1 +  106.315 x0 + -117.705 x1 | (x1)' =  25.760 1 +  117.808 x0 + -106.378 x1
21,35.0,,,sr3,0.1,0.05,0.01,2,2,2,8.0,8.0,9,36.0,smoothed_finite_difference_savgol_order_3,success,,12,12,100.0,0.09715008456259966,"[""1"", ""x0"", ""x1"", ""x0^2"", ""x0 x1"", ""x1^2""]","[[-29.548434626370454, 108.68326476557631, -119.00737908294276, -0.05323159252738044, 0.1512917550157166, -0.06304037281292617], [22.523186773766685, 119.080916672212, -108.7362282110431, 0.10986726852475964, -0.19810151873431156, 0.054482324301671034]]",(x0)' = -29.548 1 +  108.683 x0 + -119.007 x1 + -0.053 x0^2 +  0.151 x0 x1 + -0.063 x1^2 | (x1)' =  22.523 1 +  119.081 x0 + -108.736 x1 +  0.110 x0^2 + -0.198 x0 x1 +  0.054 x1^2
22,35.0,,,sr3,0.1,0.05,0.1,2,2,2,8.0,8.0,9,36.0,smoothed_finite_difference_savgol_order_3,success,,8,12,66.66666666666667,0.09784430358558893,"[""1"", ""x0"", ""x1"", ""x0^2"", ""x0 x1"", ""x1^2""]","[[-29.54843464601022, 108.68326476552035, -119.00737908280658, -0.0, 0.15129175484709376, -0.0], [22.523186801460458, 119.08091667222665, -108.73622821117085, 0.0, -0.1981015184966049, 0.0]]",(x0)' = -29.548 1 +  108.683 x0 + -119.007 x1 +  0.151 x0 x1 | (x1)' =  22.523 1 +  119.081 x0 + -108.736 x1 + -0.198 x0 x1
23,35.0,,,sr3,0.1,0.05,1.0,2,2,2,8.0,8.0,9,36.0,smoothed_finite_difference_savgol_order_3,success,,6,12,50.0,0.09993087220937014,"[""1"", ""x0"", ""x1"", ""x0^2"", ""x0 x1"", ""x1^2""]","[[-29.548434633047272, 108.68326476555869, -119.00737908289538, -0.0, 0.0, -0.0], [22.523186782706414, 119.0809166722287, -108.73622821109959, 0.0, -0.0, 0.0]]",(x0)' = -29.548 1 +  108.683 x0 + -119.007 x1 | (x1)' =  22.523 1 +  119.081 x0 + -108.736 x1
24,35.0,,,sr3,0.1,0.05,10.0,2,2,2,8.0,8.0,9,36.0,smoothed_finite_difference_savgol_order_3,success,,6,12,50.0,0.09840089734643698,"[""1"", ""x0"", ""x1"", ""x0^2"", ""x0 x1"", ""x1^2""]","[[-29.548434627038596, 108.68326476557452, -119.00737908293799, -0.0, 0.0, -0.0], [22.52318677466068, 119.08091667221363, -108.7362282110487, 0.0, -0.0, 0.0]]",(x0)' = -29.548 1 +  108.683 x0 + -119.007 x1 | (x1)' =  22.523 1 +  119.081 x0 + -108.736 x1
25,35.0,,,sr3,0.1,0.05,0.01,2,2,5,20.0,20.0,0,0.0,finite_difference,success,,8,12,66.66666666666667,0.08535015303641558,"[""1"", ""x0"", ""x1"", ""x0^2"", ""x0 x1"", ""x1^2""]","[[-41.93661449093249, 21.733224604159155, -37.57893399917579, 0.0, 0.0, -0.0], [10.50733510385557, 37.81709685710988, -21.85761600512554, 0.0658430087334852, -0.08572814359710647, -0.0]]",(x0)' = -41.937 1 +  21.733 x0 + -37.579 x1 | (x1)' =  10.507 1 +  37.817 x0 + -21.858 x1 +  0.066 x0^2 + -0.086 x0 x1
26,35.0,,,sr3,0.1,0.05,0.1,2,2,5,20.0,20.0,0,0.0,finite_difference,success,,6,12,50.0,0.0806958768516779,"[""1"", ""x0"", ""x1"", ""x0^2"", ""x0 x1"", ""x1^2""]","[[-41.93661447409323, 21.73322460420989, -37.578933999357986, 0.0, 0.0, -0.0], [10.507335119861285, 37.81709685714363, -21.857616005225655, 0.0, -0.0, -0.0]]",(x0)' = -41.937 1 +  21.733 x0 + -37.579 x1 | (x1)' =  10.507 1 +  37.817 x0 + -21.858 x1
27,35.0,,,sr3,0.1,0.05,1.0,2,2,5,20.0,20.0,0,0.0,finite_difference,success,,6,12,50.0,0.08442364912480116,"[""1"", ""x0"", ""x1"", ""x0^2"", ""x0 x1"", ""x1^2""]","[[-41.936614472406475, 21.73322460421499, -37.578933999376225, 0.0, 0.0, -0.0], [10.50733511425714, 37.817096857162454, -21.857616005209625, 0.0, -0.0, -0.0]]",(x0)' = -41.937 1 +  21.733 x0 + -37.579 x1 | (x1)' =  10.507 1 +  37.817 x0 + -21.858 x1
28,35.0,,,sr3,0.1,0.05,10.0,2,2,5,20.0,20.0,0,0.0,finite_difference,success,,6,12,50.0,0.08322933316230774,"[""1"", ""x0"", ""x1"", ""x0^2"", ""x0 x1"", ""x1^2""]","[[-41.93661447223777, 21.733224604215486, -37.578933999378044, 0.0, 0.0, -0.0], [10.507335113696694, 37.81709685716432, -21.857616005208012, 0.0, -0.0, -0.0]]",(x0)' = -41.937 1 +  21.733 x0 + -37.579 x1 | (x1)' =  10.507 1 +  37.817 x0 + -21.858 x1
29,35.0,,,sr3,0.1,0.05,0.01,2,2,5,20.0,20.0,5,20.0,smoothed_finite_difference_savgol_order_3,success,,8,12,66.66666666666667,0.09850366972386837,"[""1"", ""x0"", ""x1"", ""x0^2"", ""x0 x1"", ""x1^2""]","[[-41.46088848763953, 21.95577034998748, -37.818548056389545, 0.0, 0.0, -0.0], [11.304311367095242, 38.047317648743395, -22.078539547962823, 0.06489377934941226, -0.08477271462668985, -0.0]]",(x0)' = -41.461 1 +  21.956 x0 + -37.819 x1 | (x1)' =  11.304 1 +  38.047 x0 + -22.079 x1 +  0.065 x0^2 + -0.085 x0 x1
30,35.0,,,sr3,0.1,0.05,0.1,2,2,5,20.0,20.0,5,20.0,smoothed_finite_difference_savgol_order_3,success,,6,12,50.0,0.09878280572593212,"[""1"", ""x0"", ""x1"", ""x0^2"", ""x0 x1"", ""x1^2""]","[[-41.460888469707655, 21.955770350037966, -37.818548056575985, 0.0, 0.0, -0.0], [11.304311383160636, 38.04731764877831, -22.078539548063386, 0.0, -0.0, -0.0]]",(x0)' = -41.461 1 +  21.956 x0 + -37.819 x1 | (x1)' =  11.304 1 +  38.047 x0 + -22.079 x1
31,35.0,,,sr3,0.1,0.05,1.0,2,2,5,20.0,20.0,5,20.0,smoothed_finite_difference_savgol_order_3,success,,6,12,50.0,0.10128514468669891,"[""1"", ""x0"", ""x1"", ""x0^2"", ""x0 x1"", ""x1^2""]","[[-41.46088846791146, 21.95577035004303, -37.81854805659464, 0.0, 0.0, -0.0], [11.30431137757627, 38.047317648796444, -22.078539548047182, 0.0, -0.0, -0.0]]",(x0)' = -41.461 1 +  21.956 x0 + -37.819 x1 | (x1)' =  11.304 1 +  38.047 x0 + -22.079 x1
32,35.0,,,sr3,0.1,0.05,10.0,2,2,5,20.0,20.0,5,20.0,smoothed_finite_difference_savgol_order_3,success,,6,12,50.0,0.0978626823052764,"[""1"", ""x0"", ""x1"", ""x0^2"", ""x0 x1"", ""x1^2""]","[[-41.460888467731806, 21.955770350043537, -37.818548056596505, 0.0, 0.0, -0.0], [11.304311377017783, 38.047317648798284, -22.07853954804558, 0.0, -0.0, -0.0]]",(x0)' = -41.461 1 +  21.956 x0 + -37.819 x1 | (x1)' =  11.304 1 +  38.047 x0 + -22.079 x1
33,35.0,,,sr3,0.1,0.05,0.01,2,2,5,20.0,20.0,9,36.0,smoothed_finite_difference_savgol_order_3,success,,9,12,75.0,0.10270515829324722,"[""1"", ""x0"", ""x1"", ""x0^2"", ""x0 x1"", ""x1^2""]","[[-36.77777812929144, 24.160718487994014, -39.96089423991493, 0.0, 0.04950991260219458, -0.0], [17.592420055155, 40.116496867164535, -24.272158350472807, 0.0559530903351522, -0.07473287619673595, -0.0]]",(x0)' = -36.778 1 +  24.161 x0 + -39.961 x1 +  0.050 x0 x1 | (x1)' =  17.592 1 +  40.116 x0 + -24.272 x1 +  0.056 x0^2 + -0.075 x0 x1
34,35.0,,,sr3,0.1,0.05,0.1,2,2,5,20.0,20.0,9,36.0,smoothed_finite_difference_savgol_order_3,success,,6,12,50.0,0.10044942703098059,"[""1"", ""x0"", ""x1"", ""x0^2"", ""x0 x1"", ""x1^2""]","[[-36.77777813126645, 24.160718488037528, -39.960894239940835, 0.0, 0.0, -0.0], [17.592420071845506, 40.11649686721093, -24.27215835057752, 0.0, -0.0, -0.0]]",(x0)' = -36.778 1 +  24.161 x0 + -39.961 x1 | (x1)' =  17.592 1 +  40.116 x0 + -24.272 x1
35,35.0,,,sr3,0.1,0.05,1.0,2,2,5,20.0,20.0,9,36.0,smoothed_finite_difference_savgol_order_3,success,,6,12,50.0,0.09909433964639902,"[""1"", ""x0"", ""x1"", ""x0^2"", ""x0 x1"", ""x1^2""]","[[-36.77777812844382, 24.160718488043102, -39.960894239963274, 0.0, 0.0, -0.0], [17.592420066486692, 40.11649686722266, -24.272158350560115, 0.0, -0.0, -0.0]]",(x0)' = -36.778 1 +  24.161 x0 + -39.961 x1 | (x1)' =  17.592 1 +  40.116 x0 + -24.272 x1
36,35.0,,,sr3,0.1,0.05,10.0,2,2,5,20.0,20.0,9,36.0,smoothed_finite_difference_savgol_order_3,success,,6,12,50.0,0.10002768132835627,"[""1"", ""x0"", ""x1"", ""x0^2"", ""x0 x1"", ""x1^2""]","[[-36.77777812816156, 24.160718488043642, -39.960894239965505, 0.0, 0.0, -0.0], [17.592420065950687, 40.11649686722381, -24.27215835055836, 0.0, -0.0, -0.0]]",(x0)' = -36.778 1 +  24.161 x0 + -39.961 x1 | (x1)' =  17.592 1 +  40.116 x0 + -24.272 x1
37,35.0,,,sr3,0.1,0.05,0.01,2,4,1,4.0,12.0,0,0.0,finite_difference,success,,43,60,71.66666666666667,0.20766131673008204,"[""1"", ""x0"", ""x1"", ""x2"", ""x3"", ""x0^2"", ""x0 x1"", ""x0 x2"", ""x0 x3"", ""x1^2"", ""x1 x2"", ""x1 x3"", ""x2^2"", ""x2 x3"", ""x3^2""]","[[-8.56208636476196, 431.74362489575526, -725.1163430775168, 398.8553454784019, -106.55393210621757, -2.4675176644783705, 13.645636330619288, -13.742050582339466, 5.079362506058981, -18.318656630936797, 36.32379396845669, -13.41441353865847, -17.835897217642817, 13.125154039932658, -2.392679561928053], [0.0, 125.01477669282073, 0.0, -125.04011715193343, 0.0, -0.0, 0.0, -0.0, 0.0, -0.0, 0.06564497428593698, -0.0, -0.0, 0.0, -0.0], [0.05253258358373359, -0.0, 125.0684088564859, -0.0, -125.00701783010243, -0.0, 0.04651422816421168, -0.05156708460486352, 0.0, -0.07046076967229474, 0.14860073102681542, -0.0572000418031233, -0.07705952827525024, 0.05959929437670814, -0.0], [7.524878817010244, 106.46250678658456, -398.7012261251298, 725.1311060345771, -431.81812131368827, 2.405308861794867, -12.887682292794665, 12.797933437436868, -4.692293848584145, 16.94993197183017, -33.487015810908716, 12.349995691505391, 16.510328033851795, -12.156295906681946, 2.2071776996994874]]",(x0)' = -8.562 1 +  431.744 x0 + -725.116 x1 +  398.855 x2 + -106.554 x3 + -2.468 x0^2 +  13.646 x0 x1 + -13.742 x0 x2 +  5.079 x0 x3 + -18.319 x1^2 +  36.324 x1 x2 + -13.414 x1 x3 + -17.836 x2^2 +  13.125 x2 x3 + -2.393 x3^2 | (x1)' =  125.015 x0 + -125.040 x2 +  0.066 x1 x2 | (x2)' =  0.053 1 +  125.068 x1 + -125.007 x3 +  0.047 x0 x1 + -0.052 x0 x2 + -0.070 x1^2 +  0.149 x1 x2 + -0.057 x1 x3 + -0.077 x2^2 +  0.060 x2 x3 | (x3)' =  7.525 1 +  106.463 x0 + -398.701 x1 +  725.131 x2 + -431.818 x3 +  2.405 x0^2 + -12.888 x0 x1 +  12.798 x0 x2 + -4.692 x0 x3 +  16.950 x1^2 + -33.487 x1 x2 +  12.350 x1 x3 +  16.510 x2^2 + -12.156 x2 x3 +  2.207 x3^2
38,35.0,,,sr3,0.1,0.05,0.1,2,4,1,4.0,12.0,0,0.0,finite_difference,success,,35,60,58.333333333333336,0.1976175159215927,"[""1"", ""x0"", ""x1"", ""x2"", ""x3"", ""x0^2"", ""x0 x1"", ""x0 x2"", ""x0 x3"", ""x1^2"", ""x1 x2"", ""x1 x3"", ""x2^2"", ""x2 x3"", ""x3^2""]","[[-8.562086339361366, 431.74362488955205, -725.1163430632911, 398.8553454666067, -106.55393210251374, -2.467517683497306, 13.645636428779676, -13.74205067325001, 5.079362536373892, -18.318656756438696, 36.323794198540206, -13.414413614555427, -17.835897321784586, 13.125154107681198, -2.3926795727653145], [0.0, 125.01475766026991, 0.0, -125.04015604200694, 0.0, -0.0, 0.0, -0.0, 0.0, -0.0, 0.0, -0.0, -0.0, 0.0, -0.0], [0.0, -0.0, 125.06853628831985, -0.0, -125.00697136077439, -0.0, 0.0, -0.0, 0.0, -0.0, 0.14837286947579367, -0.0, -0.0, 0.0, -0.0], [7.52487879117566, 106.46250679247316, -398.70122613859115, 725.1311060456627, -431.818121317134, 2.405308880733239, -12.887682391114316, 12.797933529102666, -4.692293879369952, 16.94993209840114, -33.48701604479633, 12.349995769329453, 16.510328140733098, -12.156295976963676, 2.2071777110938076]]",(x0)' = -8.562 1 +  431.744 x0 + -725.116 x1 +  398.855 x2 + -106.554 x3 + -2.468 x0^2 +  13.646 x0 x1 + -13.742 x0 x2 +  5.079 x0 x3 + -18.319 x1^2 +  36.324 x1 x2 + -13.414 x1 x3 + -17.836 x2^2 +  13.125 x2 x3 + -2.393 x3^2 | (x1)' =  125.015 x0 + -125.040 x2 | (x2)' =  125.069 x1 + -125.007 x3 +  0.148 x1 x2 | (x3)' =  7.525 1 +  106.463 x0 + -398.701 x1 +  725.131 x2 + -431.818 x3 +  2.405 x0^2 + -12.888 x0 x1 +  12.798 x0 x2 + -4.692 x0 x3 +  16.950 x1^2 + -33.487 x1 x2 +  12.350 x1 x3 +  16.510 x2^2 + -12.156 x2 x3 +  2.207 x3^2
39,35.0,,,sr3,0.1,0.05,1.0,2,4,1,4.0,12.0,0,0.0,finite_difference,success,,34,60,56.666666666666664,0.18938155844807625,"[""1"", ""x0"", ""x1"", ""x2"", ""x3"", ""x0^2"", ""x0 x1"", ""x0 x2"", ""x0 x3"", ""x1^2"", ""x1 x2"", ""x1 x3"", ""x2^2"", ""x2 x3"", ""x3^2""]","[[-8.562086355640751, 431.7436248922971, -725.1163430695092, 398.8553454716349, -106.55393210402784, -2.4675176735152444, 13.645636376661965, -13.742050624284834, 5.079362519795505, -18.31865668867293, 36.323794071683984, -13.414413571745387, -17.835897262673043, 13.125154067959732, -2.39267956612564], [0.0, 125.01475504988912, 0.0, -125.04016018072154, 0.0, -0.0, 0.0, -0.0, 0.0, -0.0, 0.0, -0.0, -0.0, 0.0, -0.0], [0.0, -0.0, 125.06855105366931, -0.0, -125.00696725722759, -0.0, 0.0, -0.0, 0.0, -0.0, 0.0, -0.0, -0.0, 0.0, -0.0], [7.524878808811729, 106.4625067896055, -398.70122613208576, 725.1311060404238, -431.81812131557604, 2.4053088699613268, -12.887682334356434, 12.79793347526131, -4.69229386096191, 16.949932023872606, -33.48701590382257, 12.349995721250329, 16.510328074302407, -12.156295931810455, 2.2071777034520745]]",(x0)' = -8.562 1 +  431.744 x0 + -725.116 x1 +  398.855 x2 + -106.554 x3 + -2.468 x0^2 +  13.646 x0 x1 + -13.742 x0 x2 +  5.079 x0 x3 + -18.319 x1^2 +  36.324 x1 x2 + -13.414 x1 x3 + -17.836 x2^2 +  13.125 x2 x3 + -2.393 x3^2 | (x1)' =  125.015 x0 + -125.040 x2 | (x2)' =  125.069 x1 + -125.007 x3 | (x3)' =  7.525 1 +  106.463 x0 + -398.701 x1 +  725.131 x2 + -431.818 x3 +  2.405 x0^2 + -12.888 x0 x1 +  12.798 x0 x2 + -4.692 x0 x3 +  16.950 x1^2 + -33.487 x1 x2 +  12.350 x1 x3 +  16.510 x2^2 + -12.156 x2 x3 +  2.207 x3^2
40,35.0,,,sr3,0.1,0.05,10.0,2,4,1,4.0,12.0,0,0.0,finite_difference,success,,34,60,56.666666666666664,0.24497005436569452,"[""1"", ""x0"", ""x1"", ""x2"", ""x3"", ""x0^2"", ""x0 x1"", ""x0 x2"", ""x0 x3"", ""x1^2"", ""x1 x2"", ""x1 x3"", ""x2^2"", ""x2 x3"", ""x3^2""]","[[-8.562086221207855, 431.7436248861498, -725.1163430600574, 398.8553454703803, -106.55393210636366, -2.4675177498215506, 13.645636804168976, -13.742051055017447, 5.0793626756278965, -18.318657286156856, 36.32379527337502, -13.414414005981206, -17.835897865528572, 13.125154502745513, -2.392679644328826], [0.0, 125.01475478820538, 0.0, -125.04016059504242, 0.0, -0.0, 0.0, -0.0, 0.0, -0.0, 0.0, -0.0, -0.0, 0.0, -0.0], [0.0, -0.0, 125.0685527747776, -0.0, -125.00696689351446, -0.0, 0.0, -0.0, 0.0, -0.0, 0.0, -0.0, -0.0, 0.0, -0.0], [7.524878684074098, 106.46250679587773, -398.70122614242376, 725.1311060431428, -431.81812131396407, 2.4053089408242894, -12.887682731297426, 12.797933875136314, -4.692294005612984, 16.94993257854159, -33.48701701923114, 12.34999612425687, 16.51032863378372, -12.156296335259508, 2.207177776008035]]",(x0)' = -8.562 1 +  431.744 x0 + -725.116 x1 +  398.855 x2 + -106.554 x3 + -2.468 x0^2 +  13.646 x0 x1 + -13.742 x0 x2 +  5.079 x0 x3 + -18.319 x1^2 +  36.324 x1 x2 + -13.414 x1 x3 + -17.836 x2^2 +  13.125 x2 x3 + -2.393 x3^2 | (x1)' =  125.015 x0 + -125.040 x2 | (x2)' =  125.069 x1 + -125.007 x3 | (x3)' =  7.525 1 +  106.463 x0 + -398.701 x1 +  725.131 x2 + -431.818 x3 +  2.405 x0^2 + -12.888 x0 x1 +  12.798 x0 x2 + -4.692 x0 x3 +  16.950 x1^2 + -33.487 x1 x2 +  12.350 x1 x3 +  16.510 x2^2 + -12.156 x2 x3 +  2.207 x3^2
41,35.0,,,sr3,0.1,0.05,0.01,2,4,1,4.0,12.0,5,20.0,smoothed_finite_difference_savgol_order_3,success,,51,60,85.0,0.2149810642004013,"[""1"", ""x0"", ""x1"", ""x2"", ""x3"", ""x0^2"", ""x0 x1"", ""x0 x2"", ""x0 x3"", ""x1^2"", ""x1 x2"", ""x1 x3"", ""x2^2"", ""x2 x3"", ""x3^2""]","[[-8.23835236048384, 433.26388218924086, -728.4582706511546, 401.2366245599109, -107.07647490068092, -2.4917116041743173, 13.83038733816008, -13.970803085705947, 5.171431287796256, -18.66112715982053, 37.152370026826325, -13.743290530371022, -18.32819698159574, 13.511182109826976, -2.4676258068974684], [0.06437109821085758, 124.99840669854349, 0.05965201798846151, -125.10332719474772, 0.0460962945951389, -0.0, 0.0, -0.0, 0.0, -0.05050256061521587, 0.09790914966397497, -0.0, -0.05386984929067608, 0.04503162808095843, -0.0], [0.06770843211230787, -0.0611222852219182, 125.13890496846032, -0.08940840600567065, -124.9883827301709, -0.0, 0.07762763241743144, -0.08182605980151393, 0.0, -0.11261359274521776, 0.23012376775607943, -0.08536240890271558, -0.11678421295223598, 0.08757353969385244, -0.0], [7.31371083407534, 106.99272982142234, -401.0971048704104, 728.4777693681704, -433.3361378834781, 2.4615071683009404, -13.235404948608286, 13.158444078436482, -4.8186247659430865, 17.484577916370736, -34.586447932132494, 12.73072387023676, 17.06737427990739, -12.534399503933479, 2.269737364035768]]",(x0)' = -8.238 1 +  433.264 x0 + -728.458 x1 +  401.237 x2 + -107.076 x3 + -2.492 x0^2 +  13.830 x0 x1 + -13.971 x0 x2 +  5.171 x0 x3 + -18.661 x1^2 +  37.152 x1 x2 + -13.743 x1 x3 + -18.328 x2^2 +  13.511 x2 x3 + -2.468 x3^2 | (x1)' =  0.064 1 +  124.998 x0 +  0.060 x1 + -125.103 x2 +  0.046 x3 + -0.051 x1^2 +  0.098 x1 x2 + -0.054 x2^2 +  0.045 x2 x3 | (x2)' =  0.068 1 + -0.061 x0 +  125.139 x1 + -0.089 x2 + -124.988 x3 +  0.078 x0 x1 + -0.082 x0 x2 + -0.113 x1^2 +  0.230 x1 x2 + -0.085 x1 x3 + -0.117 x2^2 +  0.088 x2 x3 | (x3)' =  7.314 1 +  106.993 x0 + -401.097 x1 +  728.478 x2 + -433.336 x3 +  2.462 x0^2 + -13.235 x0 x1 +  13.158 x0 x2 + -4.819 x0 x3 +  17.485 x1^2 + -34.586 x1 x2 +  12.731 x1 x3 +  17.067 x2^2 + -12.534 x2 x3 +  2.270 x3^2
42,35.0,,,sr3,0.1,0.05,0.1,2,4,1,4.0,12.0,5,20.0,smoothed_finite_difference_savgol_order_3,success,,35,60,58.333333333333336,0.2117832899093628,"[""1"", ""x0"", ""x1"", ""x2"", ""x3"", ""x0^2"", ""x0 x1"", ""x0 x2"", ""x0 x3"", ""x1^2"", ""x1 x2"", ""x1 x3"", ""x2^2"", ""x2 x3"", ""x3^2""]","[[-8.23835210284114, 433.2638821776407, -728.4582706339053, 401.2366245591115, -107.07647490605703, -2.49171176149428, 13.830388224545446, -13.970803982361899, 5.17143161298535, -18.661128404944172, 37.15237253961906, -13.743291440039613, -18.328198245745064, 13.511183022687822, -2.4676259712089754], [0.0, 124.99841296330486, 0.0, -125.10330235173485, 0.0, -0.0, 0.0, -0.0, 0.0, -0.0, 0.0, -0.0, -0.0, 0.0, -0.0], [0.0, -0.0, 125.13885830890584, -0.0, -124.98839776919024, -0.0, 0.0, -0.0, 0.0, -0.0, 0.22971940779738348, -0.0, -0.0, 0.0, -0.0], [7.313710594025482, 106.99272983229478, -401.09710488662506, 728.4777693690268, -433.33613787850135, 2.4615073149359734, -13.235405774710294, 13.158444914043868, -4.818625068974005, 17.484579076697347, -34.58645027360329, 12.730724717831716, 17.067375457766396, -12.53440035442666, 2.269737517110546]]",(x0)' = -8.238 1 +  433.264 x0 + -728.458 x1 +  401.237 x2 + -107.076 x3 + -2.492 x0^2 +  13.830 x0 x1 + -13.971 x0 x2 +  5.171 x0 x3 + -18.661 x1^2 +  37.152 x1 x2 + -13.743 x1 x3 + -18.328 x2^2 +  13.511 x2 x3 + -2.468 x3^2 | (x1)' =  124.998 x0 + -125.103 x2 | (x2)' =  125.139 x1 + -124.988 x3 +  0.230 x1 x2 | (x3)' =  7.314 1 +  106.993 x0 + -401.097 x1 +  728.478 x2 + -433.336 x3 +  2.462 x0^2 + -13.235 x0 x1 +  13.158 x0 x2 + -4.819 x0 x3 +  17.485 x1^2 + -34.586 x1 x2 +  12.731 x1 x3 +  17.067 x2^2 + -12.534 x2 x3 +  2.270 x3^2
43,35.0,,,sr3,0.1,0.05,1.0,2,4,1,4.0,12.0,5,20.0,smoothed_finite_difference_savgol_order_3,success,,34,60,56.666666666666664,0.19872264191508293,"[""1"", ""x0"", ""x1"", ""x2"", ""x3"", ""x0^2"", ""x0 x1"", ""x0 x2"", ""x0 x3"", ""x1^2"", ""x1 x2"", ""x1 x3"", ""x2^2"", ""x2 x3"", ""x3^2""]","[[-8.238352397349033, 433.26388219004997, -728.4582706515846, 401.2366245581655, -107.07647489924405, -2.4917115841398685, 13.830387224414848, -13.970802969500236, 5.171431245159881, -18.661126998571117, 37.15236969765447, -13.743290409623697, -18.32819681380792, 13.511181986855453, -2.4676257843965193], [0.0, 124.99840117210734, 0.0, -125.1033298315287, 0.0, -0.0, 0.0, -0.0, 0.0, -0.0, 0.0, -0.0, -0.0, 0.0, -0.0], [0.0, -0.0, 125.13890085378645, -0.0, -124.9883844129336, -0.0, 0.0, -0.0, 0.0, -0.0, 0.0, -0.0, -0.0, 0.0, -0.0], [7.313710865404656, 106.99272982109217, -401.09710487101125, 728.477769370604, -433.33613788504096, 2.4615071515190796, -13.235404853210749, 13.158443980840598, -4.818624730083281, 17.484577780941976, -34.586447655242516, 12.730723768504559, 17.06737413852593, -12.534399400130722, 2.269737345005221]]",(x0)' = -8.238 1 +  433.264 x0 + -728.458 x1 +  401.237 x2 + -107.076 x3 + -2.492 x0^2 +  13.830 x0 x1 + -13.971 x0 x2 +  5.171 x0 x3 + -18.661 x1^2 +  37.152 x1 x2 + -13.743 x1 x3 + -18.328 x2^2 +  13.511 x2 x3 + -2.468 x3^2 | (x1)' =  124.998 x0 + -125.103 x2 | (x2)' =  125.139 x1 + -124.988 x3 | (x3)' =  7.314 1 +  106.993 x0 + -401.097 x1 +  728.478 x2 + -433.336 x3 +  2.462 x0^2 + -13.235 x0 x1 +  13.158 x0 x2 + -4.819 x0 x3 +  17.485 x1^2 + -34.586 x1 x2 +  12.731 x1 x3 +  17.067 x2^2 + -12.534 x2 x3 +  2.270 x3^2
44,35.0,,,sr3,0.1,0.05,10.0,2,4,1,4.0,12.0,5,20.0,smoothed_finite_difference_savgol_order_3,success,,34,60,56.666666666666664,0.1982009531930089,"[""1"", ""x0"", ""x1"", ""x2"", ""x3"", ""x0^2"", ""x0 x1"", ""x0 x2"", ""x0 x3"", ""x1^2"", ""x1 x2"", ""x1 x3"", ""x2^2"", ""x2 x3"", ""x3^2""]","[[-8.23835226969909, 433.26388218441684, -728.4582706432597, 401.23662455782704, -107.0764749018592, -2.4917116611989827, 13.830387658046769, -13.97080340760139, 5.17143140387099, -18.661127607121685, 37.152370924608704, -13.743290853454734, -18.328197430694047, 13.51118243212543, -2.467625864536579], [0.0, 124.9983999916139, 0.0, -125.10333258095275, 0.0, -0.0, 0.0, -0.0, 0.0, -0.0, 0.0, -0.0, -0.0, 0.0, -0.0], [0.0, -0.0, 125.13890555373504, -0.0, -124.98838314375914, -0.0, 0.0, -0.0, 0.0, -0.0, 0.0, -0.0, -0.0, 0.0, -0.0], [7.313710751046134, 106.99272982613135, -401.09710487844325, 728.4777693708769, -433.3361378826854, 2.4615072205096733, -13.2354052414663, 13.158444373113774, -4.818624872194093, 17.484578325855068, -34.586448753947295, 12.73072416595295, 17.06737469096535, -12.534399798897416, 2.269737416779131]]",(x0)' = -8.238 1 +  433.264 x0 + -728.458 x1 +  401.237 x2 + -107.076 x3 + -2.492 x0^2 +  13.830 x0 x1 + -13.971 x0 x2 +  5.171 x0 x3 + -18.661 x1^2 +  37.152 x1 x2 + -13.743 x1 x3 + -18.328 x2^2 +  13.511 x2 x3 + -2.468 x3^2 | (x1)' =  124.998 x0 + -125.103 x2 | (x2)' =  125.139 x1 + -124.988 x3 | (x3)' =  7.314 1 +  106.993 x0 + -401.097 x1 +  728.478 x2 + -433.336 x3 +  2.462 x0^2 + -13.235 x0 x1 +  13.158 x0 x2 + -4.819 x0 x3 +  17.485 x1^2 + -34.586 x1 x2 +  12.731 x1 x3 +  17.067 x2^2 + -12.534 x2 x3 +  2.270 x3^2
45,35.0,,,sr3,0.1,0.05,0.01,2,4,1,4.0,12.0,9,36.0,smoothed_finite_difference_savgol_order_3,success,,60,60,100.0,0.20461296010762453,"[""1"", ""x0"", ""x1"", ""x2"", ""x3"", ""x0^2"", ""x0 x1"", ""x0 x2"", ""x0 x3"", ""x1^2"", ""x1 x2"", ""x1 x3"", ""x2^2"", ""x2 x3"", ""x3^2""]","[[-5.556525280761805, 444.64581956827055, -752.7398984812884, 417.389527153133, -110.03772353278399, -2.8625292224737686, 16.268769400110923, -16.714527583433448, 6.212769651270628, -22.74587540910076, 46.40927297502823, -17.26487446702444, -23.570608001731795, 17.486522695553024, -3.2171730958126923], [0.10366129008838473, 125.47856477147727, -1.1857380302315967, -123.96040102055267, -0.3277721755857815, -0.0718387308780545, 0.3790544657276639, -0.3797544035000945, 0.14870910483009958, -0.5061435496844606, 1.0411830394792447, -0.417804535208985, -0.5506402789696315, 0.4476348787516505, -0.09034087518170818], [-0.08033857313240383, 0.6188661047900212, 123.05392356370432, 2.1689834045307914, -125.84489100515744, 0.07375986099940286, -0.41662287568165424, 0.4372112615797701, -0.16049194970864678, 0.6318458710826094, -1.372865467706663, 0.5114492504343878, 0.7496938746864347, -0.5546134271584954, 0.10074960800030278], [5.263912825238569, 110.80177072289713, -419.66368086973876, 755.150877617422, -445.5434542309431, 3.075067530170213, -17.09712008075622, 17.27398790710884, -6.304722984783945, 23.537442267613333, -47.407323986515024, 17.32651896467066, 23.79369178825106, -17.30677569087776, 3.107553555205652]]",(x0)' = -5.557 1 +  444.646 x0 + -752.740 x1 +  417.390 x2 + -110.038 x3 + -2.863 x0^2 +  16.269 x0 x1 + -16.715 x0 x2 +  6.213 x0 x3 + -22.746 x1^2 +  46.409 x1 x2 + -17.265 x1 x3 + -23.571 x2^2 +  17.487 x2 x3 + -3.217 x3^2 | (x1)' =  0.104 1 +  125.479 x0 + -1.186 x1 + -123.960 x2 + -0.328 x3 + -0.072 x0^2 +  0.379 x0 x1 + -0.380 x0 x2 +  0.149 x0 x3 + -0.506 x1^2 +  1.041 x1 x2 + -0.418 x1 x3 + -0.551 x2^2 +  0.448 x2 x3 + -0.090 x3^2 | (x2)' = -0.080 1 +  0.619 x0 +  123.054 x1 +  2.169 x2 + -125.845 x3 +  0.074 x0^2 + -0.417 x0 x1 +  0.437 x0 x2 + -0.160 x0 x3 +  0.632 x1^2 + -1.373 x1 x2 +  0.511 x1 x3 +  0.750 x2^2 + -0.555 x2 x3 +  0.101 x3^2 | (x3)' =  5.264 1 +  110.802 x0 + -419.664 x1 +  755.151 x2 + -445.543 x3 +  3.075 x0^2 + -17.097 x0 x1 +  17.274 x0 x2 + -6.305 x0 x3 +  23.537 x1^2 + -47.407 x1 x2 +  17.327 x1 x3 +  23.794 x2^2 + -17.307 x2 x3 +  3.108 x3^2
46,35.0,,,sr3,0.1,0.05,0.1,2,4,1,4.0,12.0,9,36.0,smoothed_finite_difference_savgol_order_3,success,,54,60,90.0,0.2036737548187375,"[""1"", ""x0"", ""x1"", ""x2"", ""x3"", ""x0^2"", ""x0 x1"", ""x0 x2"", ""x0 x3"", ""x1^2"", ""x1 x2"", ""x1 x3"", ""x2^2"", ""x2 x3"", ""x3^2""]","[[-5.556525287913671, 444.6458195663715, -752.739898475481, 417.3895271461655, -110.03772352973414, -2.8625292174299277, 16.268769365439333, -16.714527541316656, 6.2127696334206135, -22.74587535180157, 46.40927284015653, -17.264874411207025, -23.57060792452124, 17.486522633041776, -3.2171730833962755], [0.0, 125.47856493201266, -1.1857382551349989, -123.96040106019554, -0.32777205144190297, -0.0, 0.37901643923000355, -0.37971647332883746, 0.14869561692808184, -0.5060900404600406, 1.041075753548367, -0.41776622697287963, -0.5505862274167589, 0.44759609112522675, -0.0], [-0.0, 0.6188659006245307, 123.05392387601655, 2.1689833933942246, -125.84489111962394, 0.0, -0.41658641247144734, 0.43717479098943185, -0.16047895138369525, 0.6317944743916615, -1.372762256344464, 0.5114123482844303, 0.7496418596377272, -0.5545760960406673, 0.0], [5.263912828431362, 110.80177072588125, -419.66368087830034, 755.1508776268428, -445.54345423476974, 3.075067529385566, -17.097120070005325, 17.27398788882147, -6.304722975352343, 23.537442243840513, -47.40732391832229, 17.326518932374768, 23.79369174412298, -17.30677565165599, 3.107553546877825]]",(x0)' = -5.557 1 +  444.646 x0 + -752.740 x1 +  417.390 x2 + -110.038 x3 + -2.863 x0^2 +  16.269 x0 x1 + -16.715 x0 x2 +  6.213 x0 x3 + -22.746 x1^2 +  46.409 x1 x2 + -17.265 x1 x3 + -23.571 x2^2 +  17.487 x2 x3 + -3.217 x3^2 | (x1)' =  125.479 x0 + -1.186 x1 + -123.960 x2 + -0.328 x3 +  0.379 x0 x1 + -0.380 x0 x2 +  0.149 x0 x3 + -0.506 x1^2 +  1.041 x1 x2 + -0.418 x1 x3 + -0.551 x2^2 +  0.448 x2 x3 | (x2)' =  0.619 x0 +  123.054 x1 +  2.169 x2 + -125.845 x3 + -0.417 x0 x1 +  0.437 x0 x2 + -0.160 x0 x3 +  0.632 x1^2 + -1.373 x1 x2 +  0.511 x1 x3 +  0.750 x2^2 + -0.555 x2 x3 | (x3)' =  5.264 1 +  110.802 x0 + -419.664 x1 +  755.151 x2 + -445.543 x3 +  3.075 x0^2 + -17.097 x0 x1 +  17.274 x0 x2 + -6.305 x0 x3 +  23.537 x1^2 + -47.407 x1 x2 +  17.327 x1 x3 +  23.794 x2^2 + -17.307 x2 x3 +  3.108 x3^2
47,35.0,,,sr3,0.1,0.05,1.0,2,4,1,4.0,12.0,9,36.0,smoothed_finite_difference_savgol_order_3,success,,46,60,76.66666666666667,0.20975994318723679,"[""1"", ""x0"", ""x1"", ""x2"", ""x3"", ""x0^2"", ""x0 x1"", ""x0 x2"", ""x0 x3"", ""x1^2"", ""x1 x2"", ""x1 x3"", ""x2^2"", ""x2 x3"", ""x3^2""]","[[-5.556525595927653, 444.64581959836477, -752.7398985427319, 417.3895271905187, -110.0377235383113, -2.862528891096938, 16.268767531586477, -16.7145257119755, 6.212768985779273, -22.745872780299518, 46.40926771922126, -17.264872600942343, -23.570605380499586, 17.48652083817635, -3.2171727675619914], [0.0, 125.4785637935348, -1.1857337544457722, -123.96040688277363, -0.0, -0.0, 0.0, -0.0, 0.0, -0.5059956986745759, 1.0408874190182367, -0.0, -0.5504927915202376, 0.4475302387441662, -0.0], [-0.0, 0.6188645841977372, 123.05392681053063, 2.1689811908911114, -125.84489054079329, 0.0, -0.0, 0.0, -0.0, 0.6317344764459106, -1.3726444789419392, 0.5113713253291265, 0.7495844847245788, -0.5545364266167693, 0.0], [5.263913146810104, 110.80177069278002, -419.6636808087104, 755.1508775809359, -445.54345422588807, 3.0750671919953643, -17.097118174000144, 17.273985997473627, -6.304722305760776, 23.53743958517173, -47.407318623796186, 17.326517060755847, 23.79368911386831, -17.306773795966947, 3.1075532203443714]]",(x0)' = -5.557 1 +  444.646 x0 + -752.740 x1 +  417.390 x2 + -110.038 x3 + -2.863 x0^2 +  16.269 x0 x1 + -16.715 x0 x2 +  6.213 x0 x3 + -22.746 x1^2 +  46.409 x1 x2 + -17.265 x1 x3 + -23.571 x2^2 +  17.487 x2 x3 + -3.217 x3^2 | (x1)' =  125.479 x0 + -1.186 x1 + -123.960 x2 + -0.506 x1^2 +  1.041 x1 x2 + -0.550 x2^2 +  0.448 x2 x3 | (x2)' =  0.619 x0 +  123.054 x1 +  2.169 x2 + -125.845 x3 +  0.632 x1^2 + -1.373 x1 x2 +  0.511 x1 x3 +  0.750 x2^2 + -0.555 x2 x3 | (x3)' =  5.264 1 +  110.802 x0 + -419.664 x1 +  755.151 x2 + -445.543 x3 +  3.075 x0^2 + -17.097 x0 x1 +  17.274 x0 x2 + -6.305 x0 x3 +  23.537 x1^2 + -47.407 x1 x2 +  17.327 x1 x3 +  23.794 x2^2 + -17.307 x2 x3 +  3.108 x3^2
48,35.0,,,sr3,0.1,0.05,10.0,2,4,1,4.0,12.0,9,36.0,smoothed_finite_difference_savgol_order_3,success,,35,60,58.333333333333336,0.19752183929085732,"[""1"", ""x0"", ""x1"", ""x2"", ""x3"", ""x0^2"", ""x0 x1"", ""x0 x2"", ""x0 x3"", ""x1^2"", ""x1 x2"", ""x1 x3"", ""x2^2"", ""x2 x3"", ""x3^2""]","[[-5.556525395371866, 444.64581958375817, -752.7398985160048, 417.38952717931505, -110.03772353953359, -2.8625290970940918, 16.268768700228218, -16.714526890374454, 6.212769407821736, -22.74587443446261, 46.409271048816116, -17.264873791624407, -23.570607052362476, 17.486522031425903, -3.217172979987484], [0.0, 125.47856230187192, -0.0, -123.96040910243211, -0.0, -0.0, 0.0, -0.0, 0.0, -0.0, 0.0, -0.0, -0.0, 0.0, -0.0], [-0.0, 0.0, 123.05392678263813, 2.1689810376396927, -125.84489044597298, 0.0, -0.0, 0.0, -0.0, 0.0, -0.0, 0.0, 0.0, -0.0, 0.0], [5.263912943154512, 110.80177070934373, -419.6636808407204, 755.1508775971812, -445.54345422637624, 3.0750674012938477, -17.097119361224973, 17.273987194456698, -6.304722734403973, 23.537441265448525, -47.40732200554301, 17.326518269936564, 23.793690811716925, -17.306775007610895, 3.107553436016537]]",(x0)' = -5.557 1 +  444.646 x0 + -752.740 x1 +  417.390 x2 + -110.038 x3 + -2.863 x0^2 +  16.269 x0 x1 + -16.715 x0 x2 +  6.213 x0 x3 + -22.746 x1^2 +  46.409 x1 x2 + -17.265 x1 x3 + -23.571 x2^2 +  17.487 x2 x3 + -3.217 x3^2 | (x1)' =  125.479 x0 + -123.960 x2 | (x2)' =  123.054 x1 +  2.169 x2 + -125.845 x3 | (x3)' =  5.264 1 +  110.802 x0 + -419.664 x1 +  755.151 x2 + -445.543 x3 +  3.075 x0^2 + -17.097 x0 x1 +  17.274 x0 x2 + -6.305 x0 x3 +  23.537 x1^2 + -47.407 x1 x2 +  17.327 x1 x3 +  23.794 x2^2 + -17.307 x2 x3 +  3.108 x3^2
49,35.0,,,sr3,0.1,0.05,0.01,2,4,2,8.0,24.0,0,0.0,finite_difference,success,,60,60,100.0,0.18539298605173826,"[""1"", ""x0"", ""x1"", ""x2"", ""x3"", ""x0^2"", ""x0 x1"", ""x0 x2"", ""x0 x3"", ""x1^2"", ""x1 x2"", ""x1 x3"", ""x2^2"", ""x2 x3"", ""x3^2""]","[[-35.68601322711561, 169.50660808851705, -266.68561901687553, 130.18110484635648, -36.932660926543456, -0.1689997592416064, 0.8837998900101189, -0.9266214385581358, 0.44211103401968815, -0.7989921111323822, 1.4645684304726099, -0.8208783924779025, -0.6518601276234758, 0.787514416205024, -0.20013180239573616], [7.710194792042752, 56.58242325069808, 32.87972298393483, -107.77191072313038, 19.337078718365213, 0.06780013001679933, -0.3023843892102508, 0.2929779316995431, -0.13656492627458447, 0.2544692276241447, -0.45174781103802036, 0.25203946566398433, 0.20884118254091905, -0.25226409440359265, 0.06400556512536949], [-7.32977701544522, -19.294453309152175, 107.6355721315232, -32.76863433977914, -56.59935140045762, -0.06689421294875302, 0.28036521686995347, -0.26973102427638723, 0.1275972935469839, -0.22220009446019534, 0.40818369511993774, -0.23976513486749532, -0.20500106271796362, 0.25305362367084844, -0.06281562925787797], [29.576479037488983, 36.73616219108423, -129.7861675318431, 266.62556705675075, -169.6397158396512, 0.19274615109921528, -0.7767496736831031, 0.7622207964414415, -0.36545072825622205, 0.5724702470619092, -1.1317229831929343, 0.7062441732841563, 0.6260530712226757, -0.7712840509310008, 0.17567799406620546]]",(x0)' = -35.686 1 +  169.507 x0 + -266.686 x1 +  130.181 x2 + -36.933 x3 + -0.169 x0^2 +  0.884 x0 x1 + -0.927 x0 x2 +  0.442 x0 x3 + -0.799 x1^2 +  1.465 x1 x2 + -0.821 x1 x3 + -0.652 x2^2 +  0.788 x2 x3 + -0.200 x3^2 | (x1)' =  7.710 1 +  56.582 x0 +  32.880 x1 + -107.772 x2 +  19.337 x3 +  0.068 x0^2 + -0.302 x0 x1 +  0.293 x0 x2 + -0.137 x0 x3 +  0.254 x1^2 + -0.452 x1 x2 +  0.252 x1 x3 +  0.209 x2^2 + -0.252 x2 x3 +  0.064 x3^2 | (x2)' = -7.330 1 + -19.294 x0 +  107.636 x1 + -32.769 x2 + -56.599 x3 + -0.067 x0^2 +  0.280 x0 x1 + -0.270 x0 x2 +  0.128 x0 x3 + -0.222 x1^2 +  0.408 x1 x2 + -0.240 x1 x3 + -0.205 x2^2 +  0.253 x2 x3 + -0.063 x3^2 | (x3)' =  29.576 1 +  36.736 x0 + -129.786 x1 +  266.626 x2 + -169.640 x3 +  0.193 x0^2 + -0.777 x0 x1 +  0.762 x0 x2 + -0.365 x0 x3 +  0.572 x1^2 + -1.132 x1 x2 +  0.706 x1 x3 +  0.626 x2^2 + -0.771 x2 x3 +  0.176 x3^2
50,35.0,,,sr3,0.1,0.05,0.1,2,4,2,8.0,24.0,0,0.0,finite_difference,success,,54,60,90.0,0.18186254054307938,"[""1"", ""x0"", ""x1"", ""x2"", ""x3"", ""x0^2"", ""x0 x1"", ""x0 x2"", ""x0 x3"", ""x1^2"", ""x1 x2"", ""x1 x3"", ""x2^2"", ""x2 x3"", ""x3^2""]","[[-35.68601322713379, 169.50660808851566, -266.6856190168722, 130.181104846353, -36.932660926541935, -0.1689997592412633, 0.8837998900086321, -0.9266214385566806, 0.44211103401906093, -0.7989921111308349, 1.4645684304696804, -0.8208783924766538, -0.651860127622136, 0.7875144162039011, -0.20013180239550368], [7.710194926720208, 56.58242324829105, 32.879722986887536, -107.77191072263614, 19.33707871701197, 0.0, -0.3023843799169446, 0.29297792205678963, -0.0, 0.25446921731341104, -0.4517477899864361, 0.2520394559004605, 0.20884117206290828, -0.25226408487500857, 0.0], [-7.329777143967423, -19.294453306864078, 107.6355721287131, -32.768634340234584, -56.5993513991814, -0.0, 0.28036520803640463, -0.2697310151182978, 0.0, -0.22220008466314223, 0.4081836751251105, -0.2397651255972216, -0.20500105276513456, 0.25305361461908643, -0.0], [29.576479037460444, 36.73616219108432, -129.78616753184357, 266.62556705675127, -169.63971583965125, 0.19274615109948282, -0.7767496736846479, 0.7622207964432997, -0.36545072825712516, 0.5724702470640181, -1.1317229831978426, 0.7062441732865209, 0.6260530712254434, -0.7712840509336154, 0.1756779940668091]]",(x0)' = -35.686 1 +  169.507 x0 + -266.686 x1 +  130.181 x2 + -36.933 x3 + -0.169 x0^2 +  0.884 x0 x1 + -0.927 x0 x2 +  0.442 x0 x3 + -0.799 x1^2 +  1.465 x1 x2 + -0.821 x1 x3 + -0.652 x2^2 +  0.788 x2 x3 + -0.200 x3^2 | (x1)' =  7.710 1 +  56.582 x0 +  32.880 x1 + -107.772 x2 +  19.337 x3 + -0.302 x0 x1 +  0.293 x0 x2 +  0.254 x1^2 + -0.452 x1 x2 +  0.252 x1 x3 +  0.209 x2^2 + -0.252 x2 x3 | (x2)' = -7.330 1 + -19.294 x0 +  107.636 x1 + -32.769 x2 + -56.599 x3 +  0.280 x0 x1 + -0.270 x0 x2 + -0.222 x1^2 +  0.408 x1 x2 + -0.240 x1 x3 + -0.205 x2^2 +  0.253 x2 x3 | (x3)' =  29.576 1 +  36.736 x0 + -129.786 x1 +  266.626 x2 + -169.640 x3 +  0.193 x0^2 + -0.777 x0 x1 +  0.762 x0 x2 + -0.365 x0 x3 +  0.572 x1^2 + -1.132 x1 x2 +  0.706 x1 x3 +  0.626 x2^2 + -0.771 x2 x3 +  0.176 x3^2
51,35.0,,,sr3,0.1,0.05,1.0,2,4,2,8.0,24.0,0,0.0,finite_difference,success,,35,60,58.333333333333336,0.1906440993770957,"[""1"", ""x0"", ""x1"", ""x2"", ""x3"", ""x0^2"", ""x0 x1"", ""x0 x2"", ""x0 x3"", ""x1^2"", ""x1 x2"", ""x1 x3"", ""x2^2"", ""x2 x3"", ""x3^2""]","[[-35.68601326851029, 169.50660808923178, -266.6856190177376, 130.18110484614365, -36.93266092608771, -0.0, 0.8837998871483818, -0.9266214355682706, 0.0, -0.7989921079407307, 1.4645684239200116, -0.8208783894253046, -0.6518601243481892, 0.7875144132160047, -0.0], [7.710195053945457, 56.58242324732151, 32.87972298779572, -107.77191072300208, 19.33707871709431, 0.0, -0.0, 0.0, -0.0, 0.0, -0.45174776938268446, 0.0, 0.0, -0.0, 0.0], [-7.329777399224715, -19.29445330464078, 107.63557212659966, -32.76863434024976, -56.59935139858297, -0.0, 0.0, -0.0, 0.0, -0.0, 0.0, -0.0, -0.0, 0.0, -0.0], [29.57647907424955, 36.73616219042799, -129.78616753103879, 266.6255670568813, -169.63971584001547, 0.0, -0.7767496711519408, 0.7622207938188706, -0.0, 0.5724702442560027, -1.1317229774700255, 0.7062441706325078, 0.6260530683759858, -0.7712840483438965, 0.0]]",(x0)' = -35.686 1 +  169.507 x0 + -266.686 x1 +  130.181 x2 + -36.933 x3 +  0.884 x0 x1 + -0.927 x0 x2 + -0.799 x1^2 +  1.465 x1 x2 + -0.821 x1 x3 + -0.652 x2^2 +  0.788 x2 x3 | (x1)' =  7.710 1 +  56.582 x0 +  32.880 x1 + -107.772 x2 +  19.337 x3 + -0.452 x1 x2 | (x2)' = -7.330 1 + -19.294 x0 +  107.636 x1 + -32.769 x2 + -56.599 x3 | (x3)' =  29.576 1 +  36.736 x0 + -129.786 x1 +  266.626 x2 + -169.640 x3 + -0.777 x0 x1 +  0.762 x0 x2 +  0.572 x1^2 + -1.132 x1 x2 +  0.706 x1 x3 +  0.626 x2^2 + -0.771 x2 x3
52,35.0,,,sr3,0.1,0.05,10.0,2,4,2,8.0,24.0,0,0.0,finite_difference,success,,21,60,35.0,0.1846747798845172,"[""1"", ""x0"", ""x1"", ""x2"", ""x3"", ""x0^2"", ""x0 x1"", ""x0 x2"", ""x0 x3"", ""x1^2"", ""x1 x2"", ""x1 x3"", ""x2^2"", ""x2 x3"", ""x3^2""]","[[-35.68601330872503, 169.50660808955647, -266.68561901805907, 130.18110484629446, -36.932660926132684, -0.0, 0.0, -0.0, 0.0, -0.0, 1.4645684174643743, -0.0, -0.0, 0.0, -0.0], [7.710194833473199, 56.58242325020328, 32.87972298447764, -107.77191072309184, 19.337078718171202, 0.0, -0.0, 0.0, -0.0, 0.0, -0.0, 0.0, 0.0, -0.0, 0.0], [-7.329777053850278, -19.294453308701176, 107.63557213103181, -32.76863433982771, -56.59935140026936, -0.0, 0.0, -0.0, 0.0, -0.0, 0.0, -0.0, -0.0, 0.0, -0.0], [29.57647914627805, 36.73616218983142, -129.7861675304845, 266.62556705692424, -169.6397158402104, 0.0, -0.0, 0.0, -0.0, 0.0, -0.0, 0.0, 0.0, -0.0, 0.0]]",(x0)' = -35.686 1 +  169.507 x0 + -266.686 x1 +  130.181 x2 + -36.933 x3 +  1.465 x1 x2 | (x1)' =  7.710 1 +  56.582 x0 +  32.880 x1 + -107.772 x2 +  19.337 x3 | (x2)' = -7.330 1 + -19.294 x0 +  107.636 x1 + -32.769 x2 + -56.599 x3 | (x3)' =  29.576 1 +  36.736 x0 + -129.786 x1 +  266.626 x2 + -169.640 x3
53,35.0,,,sr3,0.1,0.05,0.01,2,4,2,8.0,24.0,5,20.0,smoothed_finite_difference_savgol_order_3,success,,60,60,100.0,0.19969093799591064,"[""1"", ""x0"", ""x1"", ""x2"", ""x3"", ""x0^2"", ""x0 x1"", ""x0 x2"", ""x0 x3"", ""x1^2"", ""x1 x2"", ""x1 x3"", ""x2^2"", ""x2 x3"", ""x3^2""]","[[-34.515323391357676, 170.6457542849759, -268.7191804816002, 131.44922587502944, -37.20165962939081, -0.16991673819569197, 0.888530992659777, -0.9345910674560334, 0.44609285550720224, -0.8113615036373896, 1.5036027531300562, -0.8395178912944392, -0.6805446088202832, 0.8141820702868195, -0.20631069761183696], [7.455322889494223, 56.37812484532731, 33.16826665630536, -107.83363330971228, 19.282934982098126, 0.06737397920325741, -0.30203158322860046, 0.29440931219922295, -0.13733641434611868, 0.2579187193604729, -0.4644506790665179, 0.25759886347836874, 0.21801281447846402, -0.2596516840801515, 0.0654338809340431], [-7.119852688522699, -19.240457744100546, 107.69865040678081, -33.05620891540815, -56.39724060759025, -0.06681337316206695, 0.28267316274021537, -0.2739047773024654, 0.12947605444135166, -0.2292567548756649, 0.4270083712425139, -0.24726095427594325, -0.21586324378214636, 0.2606380867239532, -0.06399799783280573], [28.791886089369928, 37.01483380352045, -131.06844782475827, 268.6594076256988, -170.77455764124667, 0.19681917162579787, -0.799198650919751, 0.7854500336109432, -0.37474363452006854, 0.6047479254789748, -1.1982423960932327, 0.7307803872339573, 0.6573869920553609, -0.7908848988463116, 0.17837983448413638]]",(x0)' = -34.515 1 +  170.646 x0 + -268.719 x1 +  131.449 x2 + -37.202 x3 + -0.170 x0^2 +  0.889 x0 x1 + -0.935 x0 x2 +  0.446 x0 x3 + -0.811 x1^2 +  1.504 x1 x2 + -0.840 x1 x3 + -0.681 x2^2 +  0.814 x2 x3 + -0.206 x3^2 | (x1)' =  7.455 1 +  56.378 x0 +  33.168 x1 + -107.834 x2 +  19.283 x3 +  0.067 x0^2 + -0.302 x0 x1 +  0.294 x0 x2 + -0.137 x0 x3 +  0.258 x1^2 + -0.464 x1 x2 +  0.258 x1 x3 +  0.218 x2^2 + -0.260 x2 x3 +  0.065 x3^2 | (x2)' = -7.120 1 + -19.240 x0 +  107.699 x1 + -33.056 x2 + -56.397 x3 + -0.067 x0^2 +  0.283 x0 x1 + -0.274 x0 x2 +  0.129 x0 x3 + -0.229 x1^2 +  0.427 x1 x2 + -0.247 x1 x3 + -0.216 x2^2 +  0.261 x2 x3 + -0.064 x3^2 | (x3)' =  28.792 1 +  37.015 x0 + -131.068 x1 +  268.659 x2 + -170.775 x3 +  0.197 x0^2 + -0.799 x0 x1 +  0.785 x0 x2 + -0.375 x0 x3 +  0.605 x1^2 + -1.198 x1 x2 +  0.731 x1 x3 +  0.657 x2^2 + -0.791 x2 x3 +  0.178 x3^2
54,35.0,,,sr3,0.1,0.05,0.1,2,4,2,8.0,24.0,5,20.0,smoothed_finite_difference_savgol_order_3,success,,54,60,90.0,0.20335898827761412,"[""1"", ""x0"", ""x1"", ""x2"", ""x3"", ""x0^2"", ""x0 x1"", ""x0 x2"", ""x0 x3"", ""x1^2"", ""x1 x2"", ""x1 x3"", ""x2^2"", ""x2 x3"", ""x3^2""]","[[-34.51532339138822, 170.6457542849757, -268.71918048159984, 131.44922587502927, -37.2016596293907, -0.16991673819536804, 0.8885309926581355, -0.9345910674542476, 0.4460928555064268, -0.811361503635326, 1.5036027531255634, -0.8395178912924566, -0.6805446088178504, 0.8141820702846694, -0.20631069761136464], [7.455323031925908, 56.37812484274383, 33.1682666595165, -107.83363330926304, 19.282934980697892, 0.0, -0.3020315729177985, 0.2944093015086251, -0.0, 0.25791870785428084, -0.4644506555770286, 0.25759885264276616, 0.21801280277572274, -0.2596516734870021, 0.0], [-7.119852825212602, -19.24045774162404, 107.69865040369737, -33.05620891581689, -56.39724060626433, -0.0, 0.28267315287350525, -0.27390476708128336, 0.0, -0.22925674387030412, 0.4270083487871447, -0.2472609439219691, -0.2158632325961437, 0.2606380765996781, -0.0], [28.791886089402098, 37.01483380352063, -131.06844782475906, 268.6594076257, -170.77455764124736, 0.19681917162536058, -0.7991986509177169, 0.7854500336088973, -0.3747436345192135, 0.6047479254766253, -1.1982423960885098, 0.730780387231966, 0.657386992053001, -0.7908848988443261, 0.1783798344837221]]",(x0)' = -34.515 1 +  170.646 x0 + -268.719 x1 +  131.449 x2 + -37.202 x3 + -0.170 x0^2 +  0.889 x0 x1 + -0.935 x0 x2 +  0.446 x0 x3 + -0.811 x1^2 +  1.504 x1 x2 + -0.840 x1 x3 + -0.681 x2^2 +  0.814 x2 x3 + -0.206 x3^2 | (x1)' =  7.455 1 +  56.378 x0 +  33.168 x1 + -107.834 x2 +  19.283 x3 + -0.302 x0 x1 +  0.294 x0 x2 +  0.258 x1^2 + -0.464 x1 x2 +  0.258 x1 x3 +  0.218 x2^2 + -0.260 x2 x3 | (x2)' = -7.120 1 + -19.240 x0 +  107.699 x1 + -33.056 x2 + -56.397 x3 +  0.283 x0 x1 + -0.274 x0 x2 + -0.229 x1^2 +  0.427 x1 x2 + -0.247 x1 x3 + -0.216 x2^2 +  0.261 x2 x3 | (x3)' =  28.792 1 +  37.015 x0 + -131.068 x1 +  268.659 x2 + -170.775 x3 +  0.197 x0^2 + -0.799 x0 x1 +  0.785 x0 x2 + -0.375 x0 x3 +  0.605 x1^2 + -1.198 x1 x2 +  0.731 x1 x3 +  0.657 x2^2 + -0.791 x2 x3 +  0.178 x3^2
55,35.0,,,sr3,0.1,0.05,1.0,2,4,2,8.0,24.0,5,20.0,smoothed_finite_difference_savgol_order_3,success,,35,60,58.333333333333336,0.2030053548514843,"[""1"", ""x0"", ""x1"", ""x2"", ""x3"", ""x0^2"", ""x0 x1"", ""x0 x2"", ""x0 x3"", ""x1^2"", ""x1 x2"", ""x1 x3"", ""x2^2"", ""x2 x3"", ""x3^2""]","[[-34.51532343516867, 170.64575428574472, -268.7191804825389, 131.44922587482392, -37.20165962891671, -0.0, 0.8885309894832669, -0.9345910641412204, 0.0, -0.8113615000760295, 1.5036027458218395, -0.8395178879081372, -0.6805446051647109, 0.8141820669659839, -0.0], [7.455323170828043, 56.37812484161722, 33.16826666065518, -107.83363330971535, 19.28293498077036, 0.0, -0.0, 0.0, -0.0, 0.0, -0.4644506319241514, 0.0, 0.0, -0.0, 0.0], [-7.11985310811381, -19.24045773901642, 107.69865040105229, -33.05620891567477, -56.39724060561844, -0.0, 0.0, -0.0, 0.0, -0.0, 0.0, -0.0, -0.0, 0.0, -0.0], [28.79188612867391, 37.01483380279745, -131.06844782385426, 268.6594076258023, -170.77455764162067, 0.0, -0.7991986480736334, 0.7854500306664298, -0.0, 0.6047479223086756, -1.1982423896332055, 0.7307803842582512, 0.6573869888419424, -0.790884895941196, 0.0]]",(x0)' = -34.515 1 +  170.646 x0 + -268.719 x1 +  131.449 x2 + -37.202 x3 +  0.889 x0 x1 + -0.935 x0 x2 + -0.811 x1^2 +  1.504 x1 x2 + -0.840 x1 x3 + -0.681 x2^2 +  0.814 x2 x3 | (x1)' =  7.455 1 +  56.378 x0 +  33.168 x1 + -107.834 x2 +  19.283 x3 + -0.464 x1 x2 | (x2)' = -7.120 1 + -19.240 x0 +  107.699 x1 + -33.056 x2 + -56.397 x3 | (x3)' =  28.792 1 +  37.015 x0 + -131.068 x1 +  268.659 x2 + -170.775 x3 + -0.799 x0 x1 +  0.785 x0 x2 +  0.605 x1^2 + -1.198 x1 x2 +  0.731 x1 x3 +  0.657 x2^2 + -0.791 x2 x3
56,35.0,,,sr3,0.1,0.05,10.0,2,4,2,8.0,24.0,5,20.0,smoothed_finite_difference_savgol_order_3,success,,21,60,35.0,0.19164654426276684,"[""1"", ""x0"", ""x1"", ""x2"", ""x3"", ""x0^2"", ""x0 x1"", ""x0 x2"", ""x0 x3"", ""x1^2"", ""x1 x2"", ""x1 x3"", ""x2^2"", ""x2 x3"", ""x3^2""]","[[-34.51532347889592, 170.64575428611346, -268.7191804829237, 131.44922587499656, -37.2016596289574, -0.0, 0.0, -0.0, 0.0, -0.0, 1.5036027384345292, -0.0, -0.0, 0.0, -0.0], [7.455322934110307, 56.378124844780686, 33.16826665692185, -107.83363330969195, 19.282934981894762, 0.0, -0.0, 0.0, -0.0, 0.0, -0.0, 0.0, 0.0, -0.0, 0.0], [-7.119852730415842, -19.240457743591932, 107.69865040620661, -33.05620891543267, -56.39724060739423, -0.0, 0.0, -0.0, 0.0, -0.0, 0.0, -0.0, -0.0, 0.0, -0.0], [28.79188620917902, 37.014833802084894, -131.06844782314084, 268.65940762579737, -170.7745576418289, 0.0, -0.0, 0.0, -0.0, 0.0, -0.0, 0.0, 0.0, -0.0, 0.0]]",(x0)' = -34.515 1 +  170.646 x0 + -268.719 x1 +  131.449 x2 + -37.202 x3 +  1.504 x1 x2 | (x1)' =  7.455 1 +  56.378 x0 +  33.168 x1 + -107.834 x2 +  19.283 x3 | (x2)' = -7.120 1 + -19.240 x0 +  107.699 x1 + -33.056 x2 + -56.397 x3 | (x3)' =  28.792 1 +  37.015 x0 + -131.068 x1 +  268.659 x2 + -170.775 x3
57,35.0,,,sr3,0.1,0.05,0.01,2,4,2,8.0,24.0,9,36.0,smoothed_finite_difference_savgol_order_3,success,,60,60,100.0,0.19774158392101526,"[""1"", ""x0"", ""x1"", ""x2"", ""x3"", ""x0^2"", ""x0 x1"", ""x0 x2"", ""x0 x3"", ""x1^2"", ""x1 x2"", ""x1 x3"", ""x2^2"", ""x2 x3"", ""x3^2""]","[[-24.988042095233286, 180.18431974369472, -285.65958617215995, 141.4896821640925, -38.942805920707826, -0.17939053903877322, 0.9391018972820881, -1.0048126542762834, 0.4741951272246249, -0.9368131808016326, 1.8626173940623523, -0.990423437205069, -0.9287038752993534, 1.0212670609892698, -0.2497223000772923], [5.107159934466267, 54.6313050796244, 35.6511525198086, -108.33074865773764, 18.782219797787167, 0.0649184090513466, -0.2953403048321946, 0.29532843624198, -0.13623926719373042, 0.27661042530106766, -0.5422895555873549, 0.2874347539332191, 0.28073422426559824, -0.3080441042847048, 0.07506758598205435], [-5.570740664036094, -18.772535693097414, 108.24233311366531, -35.50623763411466, -54.70281594937973, -0.0646761609963577, 0.3021302738442464, -0.314708175741685, 0.1476920854752315, -0.2986171836203966, 0.6172249358847254, -0.3213158719741441, -0.32685187171005253, 0.3364607858407468, -0.07532134597563026], [21.784071489891335, 38.848060382190006, -141.19909756043992, 285.52718924209074, -180.23787321261918, 0.23161586987596097, -1.0050999061889117, 0.9999654581446193, -0.45541242385320935, 0.9155108362367642, -1.8357616324210537, 0.9553327909096587, 0.960547506248216, -0.9802891802077989, 0.206538046876141]]",(x0)' = -24.988 1 +  180.184 x0 + -285.660 x1 +  141.490 x2 + -38.943 x3 + -0.179 x0^2 +  0.939 x0 x1 + -1.005 x0 x2 +  0.474 x0 x3 + -0.937 x1^2 +  1.863 x1 x2 + -0.990 x1 x3 + -0.929 x2^2 +  1.021 x2 x3 + -0.250 x3^2 | (x1)' =  5.107 1 +  54.631 x0 +  35.651 x1 + -108.331 x2 +  18.782 x3 +  0.065 x0^2 + -0.295 x0 x1 +  0.295 x0 x2 + -0.136 x0 x3 +  0.277 x1^2 + -0.542 x1 x2 +  0.287 x1 x3 +  0.281 x2^2 + -0.308 x2 x3 +  0.075 x3^2 | (x2)' = -5.571 1 + -18.773 x0 +  108.242 x1 + -35.506 x2 + -54.703 x3 + -0.065 x0^2 +  0.302 x0 x1 + -0.315 x0 x2 +  0.148 x0 x3 + -0.299 x1^2 +  0.617 x1 x2 + -0.321 x1 x3 + -0.327 x2^2 +  0.336 x2 x3 + -0.075 x3^2 | (x3)' =  21.784 1 +  38.848 x0 + -141.199 x1 +  285.527 x2 + -180.238 x3 +  0.232 x0^2 + -1.005 x0 x1 +  1.000 x0 x2 + -0.455 x0 x3 +  0.916 x1^2 + -1.836 x1 x2 +  0.955 x1 x3 +  0.961 x2^2 + -0.980 x2 x3 +  0.207 x3^2
58,35.0,,,sr3,0.1,0.05,0.1,2,4,2,8.0,24.0,9,36.0,smoothed_finite_difference_savgol_order_3,success,,55,60,91.66666666666667,0.1995243513956666,"[""1"", ""x0"", ""x1"", ""x2"", ""x3"", ""x0^2"", ""x0 x1"", ""x0 x2"", ""x0 x3"", ""x1^2"", ""x1 x2"", ""x1 x3"", ""x2^2"", ""x2 x3"", ""x3^2""]","[[-24.98804209545427, 180.18431974369975, -285.65958617216785, 141.48968216409753, -38.94280592070951, -0.17939053903309357, 0.9391018972550611, -1.0048126542496, 0.4741951272137298, -0.9368131807698284, 1.8626173940000934, -0.9904234371797115, -0.928703875269305, 1.0212670609650991, -0.24972230007251164], [5.107160168150209, 54.631305074765706, 35.65115252657464, -108.33074865838775, 18.78221979612891, 0.0, -0.2953402781305365, 0.2953284087601819, -0.0, 0.2766103940419376, -0.5422894919299938, 0.28743472593506153, 0.2807341923666477, -0.3080440765895616, 0.0], [-5.570740758235441, -18.77253569171114, 108.24233311172227, -35.506237633914175, -54.70281594887361, -0.0, 0.3021302649727562, -0.31470816676332125, 0.14769208157323552, -0.2986171732461712, 0.6172249147884686, -0.3213158627124574, -0.3268518609774517, 0.33646077639642097, -0.0], [21.784071490100207, 38.84806038218837, -141.19909756044032, 285.5271892420949, -180.23787321262182, 0.2316158698707259, -1.0050999061636783, 0.9999654581193119, -0.45541242384270253, 0.9155108362067298, -1.8357616323614088, 0.9553327908849746, 0.9605475062190305, -0.9802891801839314, 0.20653804687133406]]",(x0)' = -24.988 1 +  180.184 x0 + -285.660 x1 +  141.490 x2 + -38.943 x3 + -0.179 x0^2 +  0.939 x0 x1 + -1.005 x0 x2 +  0.474 x0 x3 + -0.937 x1^2 +  1.863 x1 x2 + -0.990 x1 x3 + -0.929 x2^2 +  1.021 x2 x3 + -0.250 x3^2 | (x1)' =  5.107 1 +  54.631 x0 +  35.651 x1 + -108.331 x2 +  18.782 x3 + -0.295 x0 x1 +  0.295 x0 x2 +  0.277 x1^2 + -0.542 x1 x2 +  0.287 x1 x3 +  0.281 x2^2 + -0.308 x2 x3 | (x2)' = -5.571 1 + -18.773 x0 +  108.242 x1 + -35.506 x2 + -54.703 x3 +  0.302 x0 x1 + -0.315 x0 x2 +  0.148 x0 x3 + -0.299 x1^2 +  0.617 x1 x2 + -0.321 x1 x3 + -0.327 x2^2 +  0.336 x2 x3 | (x3)' =  21.784 1 +  38.848 x0 + -141.199 x1 +  285.527 x2 + -180.238 x3 +  0.232 x0^2 + -1.005 x0 x1 +  1.000 x0 x2 + -0.455 x0 x3 +  0.916 x1^2 + -1.836 x1 x2 +  0.955 x1 x3 +  0.961 x2^2 + -0.980 x2 x3 +  0.207 x3^2
59,35.0,,,sr3,0.1,0.05,1.0,2,4,2,8.0,24.0,9,36.0,smoothed_finite_difference_savgol_order_3,success,,38,60,63.333333333333336,0.20449993386864662,"[""1"", ""x0"", ""x1"", ""x2"", ""x3"", ""x0^2"", ""x0 x1"", ""x0 x2"", ""x0 x3"", ""x1^2"", ""x1 x2"", ""x1 x3"", ""x2^2"", ""x2 x3"", ""x3^2""]","[[-24.988042124193555, 180.18431974406695, -285.6595861726582, 141.48968216405598, -38.94280592050064, -0.0, 0.9391018946078177, -1.0048126515413298, 0.4741951260252169, -0.9368131776437542, 1.8626173875752594, -0.9904234343320331, -0.9287038719666642, 1.0212670580316936, -0.0], [5.107160458145387, 54.63130507121784, 35.65115253153536, -108.33074866045902, 18.782219796201403, 0.0, -0.0, 0.0, -0.0, 0.0, -0.5422894118856236, 0.0, 0.0, -0.0, 0.0], [-5.570741234734684, -18.772535684089462, 108.24233310113695, -35.506237631373544, -54.702815947527554, -0.0, 0.0, -0.0, 0.0, -0.0, 0.6172247791661277, -0.0, -0.0, 0.0, -0.0], [21.784071519318218, 38.84806038167704, -141.19909755968783, 285.52718924188525, -180.2378732127017, 0.0, -1.005099903336659, 0.9999654553007891, -0.4554124226334235, 0.9155108329474889, -1.8357616258310725, 0.9553327880542037, 0.960547502944824, -0.9802891773386053, 0.0]]",(x0)' = -24.988 1 +  180.184 x0 + -285.660 x1 +  141.490 x2 + -38.943 x3 +  0.939 x0 x1 + -1.005 x0 x2 +  0.474 x0 x3 + -0.937 x1^2 +  1.863 x1 x2 + -0.990 x1 x3 + -0.929 x2^2 +  1.021 x2 x3 | (x1)' =  5.107 1 +  54.631 x0 +  35.651 x1 + -108.331 x2 +  18.782 x3 + -0.542 x1 x2 | (x2)' = -5.571 1 + -18.773 x0 +  108.242 x1 + -35.506 x2 + -54.703 x3 +  0.617 x1 x2 | (x3)' =  21.784 1 +  38.848 x0 + -141.199 x1 +  285.527 x2 + -180.238 x3 + -1.005 x0 x1 +  1.000 x0 x2 + -0.455 x0 x3 +  0.916 x1^2 + -1.836 x1 x2 +  0.955 x1 x3 +  0.961 x2^2 + -0.980 x2 x3
60,35.0,,,sr3,0.1,0.05,10.0,2,4,2,8.0,24.0,9,36.0,smoothed_finite_difference_savgol_order_3,success,,22,60,36.666666666666664,0.20296289306133986,"[""1"", ""x0"", ""x1"", ""x2"", ""x3"", ""x0^2"", ""x0 x1"", ""x0 x2"", ""x0 x3"", ""x1^2"", ""x1 x2"", ""x1 x3"", ""x2^2"", ""x2 x3"", ""x3^2""]","[[-24.988042269576546, 180.18431974648482, -285.65958617604593, 141.4896821649723, -38.94280592016353, -0.0, 0.0, -0.0, 0.0, -0.0, 1.862617346158718, -0.0, -0.0, 0.0, -0.0], [5.107160020591072, 54.63130507828835, 35.651152521659185, -108.33074865819412, 18.78221979756107, 0.0, -0.0, 0.0, -0.0, 0.0, -0.0, 0.0, 0.0, -0.0, 0.0], [-5.570740759531509, -18.772535691634154, 108.24233311164447, -35.50623763363454, -54.70281594911604, -0.0, 0.0, -0.0, 0.0, -0.0, 0.0, -0.0, -0.0, 0.0, -0.0], [21.78407166407692, 38.84806037936749, -141.1990975564944, 285.5271892411409, -180.23787321312156, 0.0, -0.0, 0.0, -0.0, 0.0, -1.8357615845977564, 0.0, 0.0, -0.0, 0.0]]",(x0)' = -24.988 1 +  180.184 x0 + -285.660 x1 +  141.490 x2 + -38.943 x3 +  1.863 x1 x2 | (x1)' =  5.107 1 +  54.631 x0 +  35.651 x1 + -108.331 x2 +  18.782 x3 | (x2)' = -5.571 1 + -18.773 x0 +  108.242 x1 + -35.506 x2 + -54.703 x3 | (x3)' =  21.784 1 +  38.848 x0 + -141.199 x1 +  285.527 x2 + -180.238 x3 + -1.836 x1 x2
61,35.0,,,sr3,0.1,0.05,0.01,2,4,5,20.0,60.0,0,0.0,finite_difference,success,,42,60,70.0,0.18850941769778728,"[""1"", ""x0"", ""x1"", ""x2"", ""x3"", ""x0^2"", ""x0 x1"", ""x0 x2"", ""x0 x3"", ""x1^2"", ""x1 x2"", ""x1 x3"", ""x2^2"", ""x2 x3"", ""x3^2""]","[[-57.78711062148076, 21.293652539539973, -47.437031369719065, 15.207013203024667, 3.6349547538768685, 0.0, 0.13258778554618209, -0.0, -0.05307556579119489, -0.0, -0.09124341425770582, 0.0, 0.049802001681591414, 0.0, 0.0], [-9.935421323037138, 34.93170149770798, 1.6447086961688564, -42.23947162009086, 8.377159029906473, 0.08541751342153862, -0.18688556125219852, -0.0, 0.0, -0.0, 0.2226854396303347, -0.0, -0.07988819957462981, -0.047004838150108016, 0.0], [3.9124325737114116, -8.854557372699762, 42.370925577751656, -1.4426642703197392, -34.73050943677309, -0.057131159665635096, 0.05954094925910434, 0.08282059977848417, -0.0, 0.11171490727164642, -0.2741466647186839, -0.0, 0.0, 0.1612708996614253, -0.05853330974047834], [36.20698097561255, -3.1980563184257247, -16.174371994630114, 48.209982541328486, -21.61691833808116, 0.0, 0.0, -0.08211222575282297, 0.0, -0.12336113051231966, 0.13479989068923315, 0.0893876401784458, 0.09308052465452919, -0.2165473147182828, 0.0]]",(x0)' = -57.787 1 +  21.294 x0 + -47.437 x1 +  15.207 x2 +  3.635 x3 +  0.133 x0 x1 + -0.053 x0 x3 + -0.091 x1 x2 +  0.050 x2^2 | (x1)' = -9.935 1 +  34.932 x0 +  1.645 x1 + -42.239 x2 +  8.377 x3 +  0.085 x0^2 + -0.187 x0 x1 +  0.223 x1 x2 + -0.080 x2^2 + -0.047 x2 x3 | (x2)' =  3.912 1 + -8.855 x0 +  42.371 x1 + -1.443 x2 + -34.731 x3 + -0.057 x0^2 +  0.060 x0 x1 +  0.083 x0 x2 +  0.112 x1^2 + -0.274 x1 x2 +  0.161 x2 x3 + -0.059 x3^2 | (x3)' =  36.207 1 + -3.198 x0 + -16.174 x1 +  48.210 x2 + -21.617 x3 + -0.082 x0 x2 + -0.123 x1^2 +  0.135 x1 x2 +  0.089 x1 x3 +  0.093 x2^2 + -0.217 x2 x3
62,35.0,,,sr3,0.1,0.05,0.1,2,4,5,20.0,60.0,0,0.0,finite_difference,success,,25,60,41.666666666666664,0.18746558763086796,"[""1"", ""x0"", ""x1"", ""x2"", ""x3"", ""x0^2"", ""x0 x1"", ""x0 x2"", ""x0 x3"", ""x1^2"", ""x1 x2"", ""x1 x3"", ""x2^2"", ""x2 x3"", ""x3^2""]","[[-57.78711060467872, 21.29365253974333, -47.43703136988778, 15.207013203039853, 3.63495475382182, 0.0, 0.0, -0.0, -0.0, -0.0, -0.0, 0.0, 0.0, 0.0, 0.0], [-9.935421315741225, 34.93170149759096, 1.6447086960829616, -42.23947162000181, 8.377159029998623, 0.0, -0.18688556120133915, -0.0, 0.0, -0.0, 0.2226854396875645, -0.0, -0.0, -0.0, 0.0], [3.912432555752631, -8.854557372536352, 42.37092557751474, -1.4426642702192176, -34.730509436771264, -0.0, 0.0, 0.0, -0.0, 0.0, -0.27414666473750904, -0.0, 0.0, 0.16127089963127741, -0.0], [36.20698098770483, -3.1980563186864464, -16.174371994555226, 48.2099825414213, -21.616918338039103, 0.0, 0.0, -0.0, 0.0, -0.0, 0.0, 0.0, 0.0, -0.21654731469559044, 0.0]]",(x0)' = -57.787 1 +  21.294 x0 + -47.437 x1 +  15.207 x2 +  3.635 x3 | (x1)' = -9.935 1 +  34.932 x0 +  1.645 x1 + -42.239 x2 +  8.377 x3 + -0.187 x0 x1 +  0.223 x1 x2 | (x2)' =  3.912 1 + -8.855 x0 +  42.371 x1 + -1.443 x2 + -34.731 x3 + -0.274 x1 x2 +  0.161 x2 x3 | (x3)' =  36.207 1 + -3.198 x0 + -16.174 x1 +  48.210 x2 + -21.617 x3 + -0.217 x2 x3
63,35.0,,,sr3,0.1,0.05,1.0,2,4,5,20.0,60.0,0,0.0,finite_difference,success,,20,60,33.333333333333336,0.18780949618667364,"[""1"", ""x0"", ""x1"", ""x2"", ""x3"", ""x0^2"", ""x0 x1"", ""x0 x2"", ""x0 x3"", ""x1^2"", ""x1 x2"", ""x1 x3"", ""x2^2"", ""x2 x3"", ""x3^2""]","[[-57.78711060453686, 21.29365253973415, -47.4370313699996, 15.207013203177937, 3.6349547537953852, 0.0, 0.0, -0.0, -0.0, -0.0, -0.0, 0.0, 0.0, 0.0, 0.0], [-9.93542131683395, 34.93170149760696, 1.6447086960665531, -42.2394716200182, 8.377159030020014, 0.0, -0.0, -0.0, 0.0, -0.0, 0.0, -0.0, -0.0, -0.0, 0.0], [3.912432555901997, -8.854557372584518, 42.37092557756731, -1.4426642702461416, -34.73050943675385, -0.0, 0.0, 0.0, -0.0, 0.0, -0.0, -0.0, 0.0, 0.0, -0.0], [36.206980997808316, -3.198056318589908, -16.174371994774454, 48.20998254153612, -21.616918338052223, 0.0, 0.0, -0.0, 0.0, -0.0, 0.0, 0.0, 0.0, -0.0, 0.0]]",(x0)' = -57.787 1 +  21.294 x0 + -47.437 x1 +  15.207 x2 +  3.635 x3 | (x1)' = -9.935 1 +  34.932 x0 +  1.645 x1 + -42.239 x2 +  8.377 x3 | (x2)' =  3.912 1 + -8.855 x0 +  42.371 x1 + -1.443 x2 + -34.731 x3 | (x3)' =  36.207 1 + -3.198 x0 + -16.174 x1 +  48.210 x2 + -21.617 x3
64,35.0,,,sr3,0.1,0.05,10.0,2,4,5,20.0,60.0,0,0.0,finite_difference,success,,20,60,33.333333333333336,0.18264602590352297,"[""1"", ""x0"", ""x1"", ""x2"", ""x3"", ""x0^2"", ""x0 x1"", ""x0 x2"", ""x0 x3"", ""x1^2"", ""x1 x2"", ""x1 x3"", ""x2^2"", ""x2 x3"", ""x3^2""]","[[-57.78711060452258, 21.293652539733245, -47.4370313700108, 15.207013203191769, 3.6349547537927283, 0.0, 0.0, -0.0, -0.0, -0.0, -0.0, 0.0, 0.0, 0.0, 0.0], [-9.935421316788211, 34.93170149761761, 1.6447086960710016, -42.23947162003965, 8.377159030027917, 0.0, -0.0, -0.0, 0.0, -0.0, 0.0, -0.0, -0.0, -0.0, 0.0], [3.9124325553773356, -8.854557372598117, 42.370925577589226, -1.4426642702419026, -34.730509436766496, -0.0, 0.0, 0.0, -0.0, 0.0, -0.0, -0.0, 0.0, 0.0, -0.0], [36.20698099778747, -3.198056318582282, -16.17437199480625, 48.20998254155612, -21.61691833804842, 0.0, 0.0, -0.0, 0.0, -0.0, 0.0, 0.0, 0.0, -0.0, 0.0]]",(x0)' = -57.787 1 +  21.294 x0 + -47.437 x1 +  15.207 x2 +  3.635 x3 | (x1)' = -9.935 1 +  34.932 x0 +  1.645 x1 + -42.239 x2 +  8.377 x3 | (x2)' =  3.912 1 + -8.855 x0 +  42.371 x1 + -1.443 x2 + -34.731 x3 | (x3)' =  36.207 1 + -3.198 x0 + -16.174 x1 +  48.210 x2 + -21.617 x3
65,35.0,,,sr3,0.1,0.05,0.01,2,4,5,20.0,60.0,5,20.0,smoothed_finite_difference_savgol_order_3,success,,42,60,70.0,0.201463820412755,"[""1"", ""x0"", ""x1"", ""x2"", ""x3"", ""x0^2"", ""x0 x1"", ""x0 x2"", ""x0 x3"", ""x1^2"", ""x1 x2"", ""x1 x3"", ""x2^2"", ""x2 x3"", ""x3^2""]","[[-57.411129065320786, 21.63239634889672, -47.94379136159547, 15.62178030696107, 3.4095445036580196, 0.0, 0.133787480837553, -0.0, -0.05256106722442609, -0.0, -0.09425274240308305, 0.0, 0.051101727998137524, 0.0, 0.0], [-9.0239231904449, 34.94546588020254, 1.7297908072250643, -42.48472741305503, 8.562035083311072, 0.08373920779696901, -0.18387728551818652, -0.0, 0.0, -0.0, 0.22248898736036532, -0.0, -0.079147584099625, -0.04819034286728433, 0.0], [3.9717294646079715, -9.015671013576767, 42.59962278275628, -1.528788872660102, -34.75289337944721, -0.05678688235103582, 0.05971489478609168, 0.08143648852317996, -0.0, 0.11047260882469973, -0.2712244459169125, -0.0, 0.0, 0.16076963917437379, -0.05804169147539981], [36.340298303015885, -2.980775473831013, -16.553438323719156, 48.68447074755012, -21.950812281445764, 0.0, 0.0, -0.08264907125261044, 0.0, -0.1241581832194976, 0.13696768721498692, 0.08887801310295704, 0.09158513637550265, -0.21547667252146616, 0.0]]",(x0)' = -57.411 1 +  21.632 x0 + -47.944 x1 +  15.622 x2 +  3.410 x3 +  0.134 x0 x1 + -0.053 x0 x3 + -0.094 x1 x2 +  0.051 x2^2 | (x1)' = -9.024 1 +  34.945 x0 +  1.730 x1 + -42.485 x2 +  8.562 x3 +  0.084 x0^2 + -0.184 x0 x1 +  0.222 x1 x2 + -0.079 x2^2 + -0.048 x2 x3 | (x2)' =  3.972 1 + -9.016 x0 +  42.600 x1 + -1.529 x2 + -34.753 x3 + -0.057 x0^2 +  0.060 x0 x1 +  0.081 x0 x2 +  0.110 x1^2 + -0.271 x1 x2 +  0.161 x2 x3 + -0.058 x3^2 | (x3)' =  36.340 1 + -2.981 x0 + -16.553 x1 +  48.684 x2 + -21.951 x3 + -0.083 x0 x2 + -0.124 x1^2 +  0.137 x1 x2 +  0.089 x1 x3 +  0.092 x2^2 + -0.215 x2 x3
66,35.0,,,sr3,0.1,0.05,0.1,2,4,5,20.0,60.0,5,20.0,smoothed_finite_difference_savgol_order_3,success,,25,60,41.666666666666664,0.20130307227373123,"[""1"", ""x0"", ""x1"", ""x2"", ""x3"", ""x0^2"", ""x0 x1"", ""x0 x2"", ""x0 x3"", ""x1^2"", ""x1 x2"", ""x1 x3"", ""x2^2"", ""x2 x3"", ""x3^2""]","[[-57.41112904725891, 21.632396349100155, -47.94379136175764, 15.621780306975717, 3.4095445035957024, 0.0, 0.0, -0.0, -0.0, -0.0, -0.0, 0.0, 0.0, 0.0, 0.0], [-9.023923182494109, 34.945465880089124, 1.729790807131037, -42.48472741296429, 8.562035083405402, 0.0, -0.18387728546488707, -0.0, 0.0, -0.0, 0.22248898742051756, -0.0, -0.0, -0.0, 0.0], [3.971729446943485, -9.015671013418281, 42.59962278252727, -1.5287888725673355, -34.75289337944103, -0.0, 0.0, 0.0, -0.0, 0.0, -0.2712244459346947, -0.0, 0.0, 0.16076963914514109, -0.0], [36.34029831445771, -2.9807754740894685, -16.553438323644414, 48.68447074764254, -21.950812281404037, 0.0, 0.0, -0.0, 0.0, -0.0, 0.0, 0.0, 0.0, -0.215476672499012, 0.0]]",(x0)' = -57.411 1 +  21.632 x0 + -47.944 x1 +  15.622 x2 +  3.410 x3 | (x1)' = -9.024 1 +  34.945 x0 +  1.730 x1 + -42.485 x2 +  8.562 x3 + -0.184 x0 x1 +  0.222 x1 x2 | (x2)' =  3.972 1 + -9.016 x0 +  42.600 x1 + -1.529 x2 + -34.753 x3 + -0.271 x1 x2 +  0.161 x2 x3 | (x3)' =  36.340 1 + -2.981 x0 + -16.553 x1 +  48.684 x2 + -21.951 x3 + -0.215 x2 x3
67,35.0,,,sr3,0.1,0.05,1.0,2,4,5,20.0,60.0,5,20.0,smoothed_finite_difference_savgol_order_3,success,,20,60,33.333333333333336,0.19473705627024174,"[""1"", ""x0"", ""x1"", ""x2"", ""x3"", ""x0^2"", ""x0 x1"", ""x0 x2"", ""x0 x3"", ""x1^2"", ""x1 x2"", ""x1 x3"", ""x2^2"", ""x2 x3"", ""x3^2""]","[[-57.411129047174555, 21.63239634909023, -47.94379136187042, 15.621780307117229, 3.409544503567665, 0.0, 0.0, -0.0, -0.0, -0.0, -0.0, 0.0, 0.0, 0.0, 0.0], [-9.02392318358904, 34.945465880104635, 1.7297908071135992, -42.48472741297975, 8.562035083427293, 0.0, -0.0, -0.0, 0.0, -0.0, 0.0, -0.0, -0.0, -0.0, 0.0], [3.971729447140973, -9.015671013466198, 42.59962278257895, -1.5287888725941179, -34.75289337942303, -0.0, 0.0, 0.0, -0.0, 0.0, -0.0, -0.0, 0.0, 0.0, -0.0], [36.34029832491416, -2.9807754739908465, -16.55343832386546, 48.68447074775559, -21.950812281415853, 0.0, 0.0, -0.0, 0.0, -0.0, 0.0, 0.0, 0.0, -0.0, 0.0]]",(x0)' = -57.411 1 +  21.632 x0 + -47.944 x1 +  15.622 x2 +  3.410 x3 | (x1)' = -9.024 1 +  34.945 x0 +  1.730 x1 + -42.485 x2 +  8.562 x3 | (x2)' =  3.972 1 + -9.016 x0 +  42.600 x1 + -1.529 x2 + -34.753 x3 | (x3)' =  36.340 1 + -2.981 x0 + -16.553 x1 +  48.684 x2 + -21.951 x3
68,35.0,,,sr3,0.1,0.05,10.0,2,4,5,20.0,60.0,5,20.0,smoothed_finite_difference_savgol_order_3,success,,20,60,33.333333333333336,0.1932031223550439,"[""1"", ""x0"", ""x1"", ""x2"", ""x3"", ""x0^2"", ""x0 x1"", ""x0 x2"", ""x0 x3"", ""x1^2"", ""x1 x2"", ""x1 x3"", ""x2^2"", ""x2 x3"", ""x3^2""]","[[-57.411129047166035, 21.63239634908925, -47.94379136188172, 15.6217803071314, 3.4095445035648493, 0.0, 0.0, -0.0, -0.0, -0.0, -0.0, 0.0, 0.0, 0.0, 0.0], [-9.023923183520301, 34.94546588011511, 1.7297908071179398, -42.48472741300107, 8.562035083435243, 0.0, -0.0, -0.0, 0.0, -0.0, 0.0, -0.0, -0.0, -0.0, 0.0], [3.971729446615734, -9.01567101347963, 42.59962278260058, -1.5287888725898726, -34.75289337943553, -0.0, 0.0, 0.0, -0.0, 0.0, -0.0, -0.0, 0.0, 0.0, -0.0], [36.34029832491362, -2.9807754739830274, -16.55343832389742, 48.684470747775386, -21.950812281411917, 0.0, 0.0, -0.0, 0.0, -0.0, 0.0, 0.0, 0.0, -0.0, 0.0]]",(x0)' = -57.411 1 +  21.632 x0 + -47.944 x1 +  15.622 x2 +  3.410 x3 | (x1)' = -9.024 1 +  34.945 x0 +  1.730 x1 + -42.485 x2 +  8.562 x3 | (x2)' =  3.972 1 + -9.016 x0 +  42.600 x1 + -1.529 x2 + -34.753 x3 | (x3)' =  36.340 1 + -2.981 x0 + -16.553 x1 +  48.684 x2 + -21.951 x3
69,35.0,,,sr3,0.1,0.05,0.01,2,4,5,20.0,60.0,9,36.0,smoothed_finite_difference_savgol_order_3,success,,42,60,70.0,0.19662741292268038,"[""1"", ""x0"", ""x1"", ""x2"", ""x3"", ""x0^2"", ""x0 x1"", ""x0 x2"", ""x0 x3"", ""x1^2"", ""x1 x2"", ""x1 x3"", ""x2^2"", ""x2 x3"", ""x3^2""]","[[-52.614590096260635, 25.325304071578902, -53.076262382323385, 19.823912355941413, 0.957402975429739, -0.0, 0.13785739261154656, -0.0, -0.045650369860927645, -0.0, -0.1210378738079887, 0.0, 0.06079243842781572, 0.0, -0.0], [-1.5511069683546534, 34.62642193224865, 2.757430564527876, -44.527315910740306, 10.1479231079889, 0.06734810488457314, -0.15168836433530714, -0.0, 0.0, -0.0, 0.21031560520944959, -0.0, -0.06826657192657505, -0.05885730912092544, 0.0], [2.189754614972137, -10.409070293096887, 44.53265829864782, -2.592515662871533, -34.50044941290036, -0.05110740352710705, 0.05713755067809327, 0.0665866489059748, -0.0, 0.09784732033892515, -0.23652374143883567, -0.0, 0.0, 0.14989211370900074, -0.05105396711865203], [35.795057578341215, -0.6261501585232965, -20.428109402668195, 53.5506751550003, -25.598686474057445, 0.0, 0.0, -0.0842297503544984, 0.0, -0.12873847377382847, 0.15198533463934613, 0.08272903046976265, 0.07725803967227336, -0.20040089451602566, 0.0]]",(x0)' = -52.615 1 +  25.325 x0 + -53.076 x1 +  19.824 x2 +  0.957 x3 +  0.138 x0 x1 + -0.046 x0 x3 + -0.121 x1 x2 +  0.061 x2^2 | (x1)' = -1.551 1 +  34.626 x0 +  2.757 x1 + -44.527 x2 +  10.148 x3 +  0.067 x0^2 + -0.152 x0 x1 +  0.210 x1 x2 + -0.068 x2^2 + -0.059 x2 x3 | (x2)' =  2.190 1 + -10.409 x0 +  44.533 x1 + -2.593 x2 + -34.500 x3 + -0.051 x0^2 +  0.057 x0 x1 +  0.067 x0 x2 +  0.098 x1^2 + -0.237 x1 x2 +  0.150 x2 x3 + -0.051 x3^2 | (x3)' =  35.795 1 + -0.626 x0 + -20.428 x1 +  53.551 x2 + -25.599 x3 + -0.084 x0 x2 + -0.129 x1^2 +  0.152 x1 x2 +  0.083 x1 x3 +  0.077 x2^2 + -0.200 x2 x3
70,35.0,,,sr3,0.1,0.05,0.1,2,4,5,20.0,60.0,9,36.0,smoothed_finite_difference_savgol_order_3,success,,26,60,43.333333333333336,0.19438624661415815,"[""1"", ""x0"", ""x1"", ""x2"", ""x3"", ""x0^2"", ""x0 x1"", ""x0 x2"", ""x0 x3"", ""x1^2"", ""x1 x2"", ""x1 x3"", ""x2^2"", ""x2 x3"", ""x3^2""]","[[-52.6145900639443, 25.325304071771324, -53.076262382380044, 19.82391235592742, 0.9574029752906001, -0.0, 0.0, -0.0, -0.0, -0.0, -0.0, 0.0, 0.0, 0.0, -0.0], [-1.551106953599703, 34.62642193218885, 2.75743056434761, -44.52731591063214, 10.147923108091979, 0.0, -0.15168836425649376, -0.0, 0.0, -0.0, 0.2103156052991269, -0.0, -0.0, -0.0, 0.0], [2.189754602025445, -10.409070292994667, 44.532658298502184, -2.592515662851741, -34.500449412854685, -0.0, 0.0, 0.0, -0.0, 0.0, -0.23652374144034377, -0.0, 0.0, 0.14989211369438935, -0.0], [35.795057592394684, -0.6261501586972981, -20.42810940264246, 53.55067515500533, -25.598686473961003, 0.0, 0.0, -0.0, 0.0, -0.0, 0.15198533468374933, 0.0, 0.0, -0.20040089448054862, 0.0]]",(x0)' = -52.615 1 +  25.325 x0 + -53.076 x1 +  19.824 x2 +  0.957 x3 | (x1)' = -1.551 1 +  34.626 x0 +  2.757 x1 + -44.527 x2 +  10.148 x3 + -0.152 x0 x1 +  0.210 x1 x2 | (x2)' =  2.190 1 + -10.409 x0 +  44.533 x1 + -2.593 x2 + -34.500 x3 + -0.237 x1 x2 +  0.150 x2 x3 | (x3)' =  35.795 1 + -0.626 x0 + -20.428 x1 +  53.551 x2 + -25.599 x3 +  0.152 x1 x2 + -0.200 x2 x3
71,35.0,,,sr3,0.1,0.05,1.0,2,4,5,20.0,60.0,9,36.0,smoothed_finite_difference_savgol_order_3,success,,20,60,33.333333333333336,0.19848970137536526,"[""1"", ""x0"", ""x1"", ""x2"", ""x3"", ""x0^2"", ""x0 x1"", ""x0 x2"", ""x0 x3"", ""x1^2"", ""x1 x2"", ""x1 x3"", ""x2^2"", ""x2 x3"", ""x3^2""]","[[-52.61459006488678, 25.325304071754644, -53.07626238249509, 19.82391235609551, 0.9574029752478648, -0.0, 0.0, -0.0, -0.0, -0.0, -0.0, 0.0, 0.0, 0.0, -0.0], [-1.5511069550241707, 34.6264219322015, 2.757430564317965, -44.527315910637164, 10.147923108117512, 0.0, -0.0, -0.0, 0.0, -0.0, 0.0, -0.0, -0.0, -0.0, 0.0], [2.1897546025541836, -10.40907029304047, 44.53265829854843, -2.592515662878484, -34.50044941283208, -0.0, 0.0, 0.0, -0.0, 0.0, -0.0, -0.0, 0.0, 0.0, -0.0], [35.79505759706515, -0.6261501586375062, -20.42810940282895, 53.550675155179164, -25.598686474019278, 0.0, 0.0, -0.0, 0.0, -0.0, 0.0, 0.0, 0.0, -0.0, 0.0]]",(x0)' = -52.615 1 +  25.325 x0 + -53.076 x1 +  19.824 x2 +  0.957 x3 | (x1)' = -1.551 1 +  34.626 x0 +  2.757 x1 + -44.527 x2 +  10.148 x3 | (x2)' =  2.190 1 + -10.409 x0 +  44.533 x1 + -2.593 x2 + -34.500 x3 | (x3)' =  35.795 1 + -0.626 x0 + -20.428 x1 +  53.551 x2 + -25.599 x3
72,35.0,,,sr3,0.1,0.05,10.0,2,4,5,20.0,60.0,9,36.0,smoothed_finite_difference_savgol_order_3,success,,18,60,30.0,0.1983352294191718,"[""1"", ""x0"", ""x1"", ""x2"", ""x3"", ""x0^2"", ""x0 x1"", ""x0 x2"", ""x0 x3"", ""x1^2"", ""x1 x2"", ""x1 x3"", ""x2^2"", ""x2 x3"", ""x3^2""]","[[-52.614590065136674, 25.325304072139577, -53.07626238285005, 19.823912357020347, 0.0, -0.0, 0.0, -0.0, -0.0, -0.0, -0.0, 0.0, 0.0, 0.0, -0.0], [-1.5511069547466276, 34.62642193221031, 2.757430564320826, -44.527315910656064, 10.147923108125287, 0.0, -0.0, -0.0, 0.0, -0.0, 0.0, -0.0, -0.0, -0.0, 0.0], [2.1897546019999807, -10.409070293052107, 44.532658298567405, -2.592515662874477, -34.50044941284291, -0.0, 0.0, 0.0, -0.0, 0.0, -0.0, -0.0, 0.0, 0.0, -0.0], [35.79505759863966, -0.0, -20.42810940345256, 53.550675155422525, -25.598686474266717, 0.0, 0.0, -0.0, 0.0, -0.0, 0.0, 0.0, 0.0, -0.0, 0.0]]",(x0)' = -52.615 1 +  25.325 x0 + -53.076 x1 +  19.824 x2 | (x1)' = -1.551 1 +  34.626 x0 +  2.757 x1 + -44.527 x2 +  10.148 x3 | (x2)' =  2.190 1 + -10.409 x0 +  44.533 x1 + -2.593 x2 + -34.500 x3 | (x3)' =  35.795 1 + -20.428 x1 +  53.551 x2 + -25.599 x3
73,35.0,,,sr3,0.1,0.05,0.01,2,6,1,4.0,20.0,0,0.0,finite_difference,success,,165,168,98.21428571428571,0.6378215765580535,"[""1"", ""x0"", ""x1"", ""x2"", ""x3"", ""x4"", ""x5"", ""x0^2"", ""x0 x1"", ""x0 x2"", ""x0 x3"", ""x0 x4"", ""x0 x5"", ""x1^2"", ""x1 x2"", ""x1 x3"", ""x1 x4"", ""x1 x5"", ""x2^2"", ""x2 x3"", ""x2 x4"", ""x2 x5"", ""x3^2"", ""x3 x4"", ""x3 x5"", ""x4^2"", ""x4 x5"", ""x5^2""]","[[-2.6290768680417314, 601.1298252926947, -1416.4239370048963, 1587.4057954911384, -1176.814124450005, 498.47671522766365, -94.05843457771718, -9.249183729718052, 76.13163898360798, -134.85328100624554, 128.94301363724446, -66.84166884691426, 15.178849416374671, -155.4476261149086, 549.0776966480705, -525.5501292915159, 273.6860583017837, -62.65407714781451, -484.9191520767795, 930.6334098979457, -487.03477766478886, 112.30292834793262, -448.11385432815723, 471.381031362633, -109.38372860140885, -124.6511811714942, 58.17969711810731, -6.815001855055039], [-0.08132636807757826, 125.32076975380832, -1.4117274729650173, -122.23151087910504, -2.947903155335063, 1.6592021641876245, -0.38813544673556516, 0.6323601956012196, -5.180296705577886, 9.346977703638434, -9.226006109085793, 4.912769672058477, -1.1196080095447005, 10.472742502762117, -37.34460051135195, 36.49196358190822, -19.262221487332912, 4.352667968277967, 32.89799977420873, -63.60888335570805, 33.256896224175776, -7.447329202755221, 30.438839696926212, -31.54093369859681, 7.003965480563439, 8.104464355733247, -3.573329756094523, 0.39155882619105703], [-0.07567668329329484, 0.5307682014998036, 122.6515233684421, 4.4739569247697135, -129.5516559710709, 2.4631427101073315, -0.5673056694993872, 0.48631930194639866, -3.86427321692137, 6.796713219343819, -6.61656013712596, 3.5229309650567906, -0.8154486612719828, 7.553660483573401, -26.021231667165043, 24.787421519678976, -12.936853310403556, 2.9439793361474607, 21.80412629685765, -40.313759299327636, 20.425891324374152, -4.521771308028929, 17.985519978692086, -17.54341392050472, 3.7353311136486624, 4.089743816483533, -1.6556888090368245, 0.15737603427168623], [-0.0, 0.36823850326175556, -1.6164760957386428, 127.97832514996487, -2.8875464938969233, -123.50440214142098, -0.3381066917758851, 0.07926009221534433, -0.4853450017092601, 0.6492381050764154, -0.5283132262146629, 0.28473513248103244, -0.08231764396401173, 0.6312120837413082, -1.0946166538064448, 0.29702244168724645, 0.0, 0.0, -0.43343369179334296, 3.074559308569991, -2.3743788076258636, 0.583091753050401, -3.0626924631001105, 4.491353978722077, -1.184970483846849, -1.6641815938932676, 0.9121755151499344, -0.1294623385654707], [0.06908365854775232, -0.11163272133560405, 0.4933998113106495, -1.0531303917519168, 126.2492668480974, -0.7581989238136853, -124.82017212817178, -0.5646958517419127, 4.815892332147169, -8.961360326592999, 9.03082491507286, -4.8701289038206195, 1.1157882393079839, -10.166678386293905, 37.609150819356806, -37.78417257831933, 20.348058995629568, -4.659052896403271, -34.66661438396428, 69.58137936803644, -37.492557614956034, 8.600413068719837, -34.94001938343776, 37.73720169876076, -8.689165809380825, -10.22611902582359, 4.732920771556023, -0.5510527340867638], [2.4128337627800143, 93.39703109805774, -495.57708223716645, 1171.4976650253889, -1582.4026798769632, 1414.0374787176447, -600.6682785531463, 5.429799963485988, -45.87463420050879, 84.39976134666799, -84.39515156008743, 46.309257564911356, -11.26783194926906, 97.20340948472995, -360.6509928820639, 364.7106828187842, -202.757184216584, 49.9871803643297, 337.8769300462289, -690.4422340048623, 387.7895424634649, -96.44037262515437, 355.89995687322937, -402.90017115532885, 100.73777597209455, 114.64661401082246, -57.42397814043526, 7.160986946092115]]",(x0)' = -2.629 1 +  601.130 x0 + -1416.424 x1 +  1587.406 x2 + -1176.814 x3 +  498.477 x4 + -94.058 x5 + -9.249 x0^2 +  76.132 x0 x1 + -134.853 x0 x2 +  128.943 x0 x3 + -66.842 x0 x4 +  15.179 x0 x5 + -155.448 x1^2 +  549.078 x1 x2 + -525.550 x1 x3 +  273.686 x1 x4 + -62.654 x1 x5 + -484.919 x2^2 +  930.633 x2 x3 + -487.035 x2 x4 +  112.303 x2 x5 + -448.114 x3^2 +  471.381 x3 x4 + -109.384 x3 x5 + -124.651 x4^2 +  58.180 x4 x5 + -6.815 x5^2 | (x1)' = -0.081 1 +  125.321 x0 + -1.412 x1 + -122.232 x2 + -2.948 x3 +  1.659 x4 + -0.388 x5 +  0.632 x0^2 + -5.180 x0 x1 +  9.347 x0 x2 + -9.226 x0 x3 +  4.913 x0 x4 + -1.120 x0 x5 +  10.473 x1^2 + -37.345 x1 x2 +  36.492 x1 x3 + -19.262 x1 x4 +  4.353 x1 x5 +  32.898 x2^2 + -63.609 x2 x3 +  33.257 x2 x4 + -7.447 x2 x5 +  30.439 x3^2 + -31.541 x3 x4 +  7.004 x3 x5 +  8.104 x4^2 + -3.573 x4 x5 +  0.392 x5^2 | (x2)' = -0.076 1 +  0.531 x0 +  122.652 x1 +  4.474 x2 + -129.552 x3 +  2.463 x4 + -0.567 x5 +  0.486 x0^2 + -3.864 x0 x1 +  6.797 x0 x2 + -6.617 x0 x3 +  3.523 x0 x4 + -0.815 x0 x5 +  7.554 x1^2 + -26.021 x1 x2 +  24.787 x1 x3 + -12.937 x1 x4 +  2.944 x1 x5 +  21.804 x2^2 + -40.314 x2 x3 +  20.426 x2 x4 + -4.522 x2 x5 +  17.986 x3^2 + -17.543 x3 x4 +  3.735 x3 x5 +  4.090 x4^2 + -1.656 x4 x5 +  0.157 x5^2 | (x3)' =  0.368 x0 + -1.616 x1 +  127.978 x2 + -2.888 x3 + -123.504 x4 + -0.338 x5 +  0.079 x0^2 + -0.485 x0 x1 +  0.649 x0 x2 + -0.528 x0 x3 +  0.285 x0 x4 + -0.082 x0 x5 +  0.631 x1^2 + -1.095 x1 x2 +  0.297 x1 x3 + -0.433 x2^2 +  3.075 x2 x3 + -2.374 x2 x4 +  0.583 x2 x5 + -3.063 x3^2 +  4.491 x3 x4 + -1.185 x3 x5 + -1.664 x4^2 +  0.912 x4 x5 + -0.129 x5^2 | (x4)' =  0.069 1 + -0.112 x0 +  0.493 x1 + -1.053 x2 +  126.249 x3 + -0.758 x4 + -124.820 x5 + -0.565 x0^2 +  4.816 x0 x1 + -8.961 x0 x2 +  9.031 x0 x3 + -4.870 x0 x4 +  1.116 x0 x5 + -10.167 x1^2 +  37.609 x1 x2 + -37.784 x1 x3 +  20.348 x1 x4 + -4.659 x1 x5 + -34.667 x2^2 +  69.581 x2 x3 + -37.493 x2 x4 +  8.600 x2 x5 + -34.940 x3^2 +  37.737 x3 x4 + -8.689 x3 x5 + -10.226 x4^2 +  4.733 x4 x5 + -0.551 x5^2 | (x5)' =  2.413 1 +  93.397 x0 + -495.577 x1 +  1171.498 x2 + -1582.403 x3 +  1414.037 x4 + -600.668 x5 +  5.430 x0^2 + -45.875 x0 x1 +  84.400 x0 x2 + -84.395 x0 x3 +  46.309 x0 x4 + -11.268 x0 x5 +  97.203 x1^2 + -360.651 x1 x2 +  364.711 x1 x3 + -202.757 x1 x4 +  49.987 x1 x5 +  337.877 x2^2 + -690.442 x2 x3 +  387.790 x2 x4 + -96.440 x2 x5 +  355.900 x3^2 + -402.900 x3 x4 +  100.738 x3 x5 +  114.647 x4^2 + -57.424 x4 x5 +  7.161 x5^2
74,35.0,,,sr3,0.1,0.05,0.1,2,6,1,4.0,20.0,0,0.0,finite_difference,success,,158,168,94.04761904761905,0.6352407597005367,"[""1"", ""x0"", ""x1"", ""x2"", ""x3"", ""x4"", ""x5"", ""x0^2"", ""x0 x1"", ""x0 x2"", ""x0 x3"", ""x0 x4"", ""x0 x5"", ""x1^2"", ""x1 x2"", ""x1 x3"", ""x1 x4"", ""x1 x5"", ""x2^2"", ""x2 x3"", ""x2 x4"", ""x2 x5"", ""x3^2"", ""x3 x4"", ""x3 x5"", ""x4^2"", ""x4 x5"", ""x5^2""]","[[-2.630208650862064, 601.1300379860858, -1416.4246265342608, 1587.4066698771385, -1176.8146265630555, 498.4767988971058, -94.05841205200316, -9.240820213468732, 76.05888274118058, -134.71721148018045, 128.80622843173995, -66.76776357543308, 15.161688189368242, -155.28961857282948, 548.4874668037014, -524.9575021182349, 273.36618982792567, -62.579861597009064, -484.36870585511735, 929.5294824720767, -486.43964616523374, 112.16498645476577, -447.5610957834494, 470.7857977926566, -109.24592092101604, -124.49114500581481, 58.105686762082286, -6.806456299028109], [-0.0, 125.32075579212042, -1.4116823596901527, -122.23156774783291, -2.9478709232497464, 1.6591971617728494, -0.38813708176649153, 0.6317842405367844, -5.17529066147222, 9.337622367188837, -9.21660764585966, 4.907694411914657, -1.1184299775274047, 10.46187579557249, -37.30402524816065, 36.45123826346651, -19.240246727837217, 4.347570456741553, 32.86016316317308, -63.533006865507836, 33.21599220778978, -7.437847980025412, 30.4008384008498, -31.500001692901172, 6.994485936548981, 8.093452942436107, -3.568234085342883, 0.3909698412850753], [-0.0, 0.5307596795905781, 122.65155078264266, 4.473922671012915, -129.55163697366638, 2.4631401406030315, -0.5673068163460199, 0.4859558628610772, -3.861114734303197, 6.790811138926061, -6.610631126089792, 3.51972925897572, -0.8147054679507225, 7.546803923634697, -25.995627919808403, 24.761720648897377, -12.922983909334274, 2.940761555652576, 21.78024508980147, -40.265857097575484, 20.40006142810173, -4.515782530282042, 17.96151982783498, -17.51755264953233, 3.72933937742938, 4.0827828633873215, -1.6524656855094195, 0.1570032024587804], [-0.0, 0.36821508112108897, -1.616378985476091, 127.97814603329726, -2.887363314539752, -123.50450593598026, -0.3380806980622076, 0.0, -0.48440392348546435, 0.6479021754709335, -0.5274618729110297, 0.2845826572415457, -0.0, 0.6295831491549313, -1.0903238451468031, 0.2947852111573627, 0.0, 0.0, -0.43581446655967565, 3.0755792200990877, -2.372581251412692, 0.5820492064902613, -3.06137761481951, 4.487650977336144, -1.1835021644358261, -1.6625867098075047, 0.9111165445410347, -0.0], [0.0, -0.0, 0.4930517236729106, -1.0525325169283295, 126.24871399566094, -0.7579239578725904, -124.82023083324624, -0.5640576235388839, 4.810357860280821, -8.951037525779428, 9.020471107879487, -4.864545106484656, 1.1144935570606656, -10.154690137331023, 37.564468733182736, -37.739393243710985, 20.323927721562466, -4.653461262047288, -34.625020733661344, 69.49809378678528, -37.44771826081167, 8.590031860347038, -34.89837129780887, 37.6924036690572, -8.67880433952906, -10.214085629588263, 4.72736027368128, -0.550411093103055], [2.4136730331606002, 93.3968717358534, -495.5765643771018, 1171.497005095002, -1582.402296271436, 1414.0374105478604, -600.6682937677582, 5.423585369347359, -45.820586460749574, 84.29870787040292, -84.29359366380845, 46.25440011499112, -11.255097007312145, 97.08606429193654, -360.2127767771991, 364.27080773206455, -202.51982765974435, 49.932123759984876, 337.4683679645229, -689.6230895418936, 387.34806250223363, -96.33807278214876, 355.4899149057516, -402.4587488083268, 100.63560748917337, 114.5279674926626, -57.36912495985486, 7.154655281323948]]",(x0)' = -2.630 1 +  601.130 x0 + -1416.425 x1 +  1587.407 x2 + -1176.815 x3 +  498.477 x4 + -94.058 x5 + -9.241 x0^2 +  76.059 x0 x1 + -134.717 x0 x2 +  128.806 x0 x3 + -66.768 x0 x4 +  15.162 x0 x5 + -155.290 x1^2 +  548.487 x1 x2 + -524.958 x1 x3 +  273.366 x1 x4 + -62.580 x1 x5 + -484.369 x2^2 +  929.529 x2 x3 + -486.440 x2 x4 +  112.165 x2 x5 + -447.561 x3^2 +  470.786 x3 x4 + -109.246 x3 x5 + -124.491 x4^2 +  58.106 x4 x5 + -6.806 x5^2 | (x1)' =  125.321 x0 + -1.412 x1 + -122.232 x2 + -2.948 x3 +  1.659 x4 + -0.388 x5 +  0.632 x0^2 + -5.175 x0 x1 +  9.338 x0 x2 + -9.217 x0 x3 +  4.908 x0 x4 + -1.118 x0 x5 +  10.462 x1^2 + -37.304 x1 x2 +  36.451 x1 x3 + -19.240 x1 x4 +  4.348 x1 x5 +  32.860 x2^2 + -63.533 x2 x3 +  33.216 x2 x4 + -7.438 x2 x5 +  30.401 x3^2 + -31.500 x3 x4 +  6.994 x3 x5 +  8.093 x4^2 + -3.568 x4 x5 +  0.391 x5^2 | (x2)' =  0.531 x0 +  122.652 x1 +  4.474 x2 + -129.552 x3 +  2.463 x4 + -0.567 x5 +  0.486 x0^2 + -3.861 x0 x1 +  6.791 x0 x2 + -6.611 x0 x3 +  3.520 x0 x4 + -0.815 x0 x5 +  7.547 x1^2 + -25.996 x1 x2 +  24.762 x1 x3 + -12.923 x1 x4 +  2.941 x1 x5 +  21.780 x2^2 + -40.266 x2 x3 +  20.400 x2 x4 + -4.516 x2 x5 +  17.962 x3^2 + -17.518 x3 x4 +  3.729 x3 x5 +  4.083 x4^2 + -1.652 x4 x5 +  0.157 x5^2 | (x3)' =  0.368 x0 + -1.616 x1 +  127.978 x2 + -2.887 x3 + -123.505 x4 + -0.338 x5 + -0.484 x0 x1 +  0.648 x0 x2 + -0.527 x0 x3 +  0.285 x0 x4 +  0.630 x1^2 + -1.090 x1 x2 +  0.295 x1 x3 + -0.436 x2^2 +  3.076 x2 x3 + -2.373 x2 x4 +  0.582 x2 x5 + -3.061 x3^2 +  4.488 x3 x4 + -1.184 x3 x5 + -1.663 x4^2 +  0.911 x4 x5 | (x4)' =  0.493 x1 + -1.053 x2 +  126.249 x3 + -0.758 x4 + -124.820 x5 + -0.564 x0^2 +  4.810 x0 x1 + -8.951 x0 x2 +  9.020 x0 x3 + -4.865 x0 x4 +  1.114 x0 x5 + -10.155 x1^2 +  37.564 x1 x2 + -37.739 x1 x3 +  20.324 x1 x4 + -4.653 x1 x5 + -34.625 x2^2 +  69.498 x2 x3 + -37.448 x2 x4 +  8.590 x2 x5 + -34.898 x3^2 +  37.692 x3 x4 + -8.679 x3 x5 + -10.214 x4^2 +  4.727 x4 x5 + -0.550 x5^2 | (x5)' =  2.414 1 +  93.397 x0 + -495.577 x1 +  1171.497 x2 + -1582.402 x3 +  1414.037 x4 + -600.668 x5 +  5.424 x0^2 + -45.821 x0 x1 +  84.299 x0 x2 + -84.294 x0 x3 +  46.254 x0 x4 + -11.255 x0 x5 +  97.086 x1^2 + -360.213 x1 x2 +  364.271 x1 x3 + -202.520 x1 x4 +  49.932 x1 x5 +  337.468 x2^2 + -689.623 x2 x3 +  387.348 x2 x4 + -96.338 x2 x5 +  355.490 x3^2 + -402.459 x3 x4 +  100.636 x3 x5 +  114.528 x4^2 + -57.369 x4 x5 +  7.155 x5^2
75,35.0,,,sr3,0.1,0.05,1.0,2,6,1,4.0,20.0,0,0.0,finite_difference,success,,150,168,89.28571428571429,0.6044260086491704,"[""1"", ""x0"", ""x1"", ""x2"", ""x3"", ""x4"", ""x5"", ""x0^2"", ""x0 x1"", ""x0 x2"", ""x0 x3"", ""x0 x4"", ""x0 x5"", ""x1^2"", ""x1 x2"", ""x1 x3"", ""x1 x4"", ""x1 x5"", ""x2^2"", ""x2 x3"", ""x2 x4"", ""x2 x5"", ""x3^2"", ""x3 x4"", ""x3 x5"", ""x4^2"", ""x4 x5"", ""x5^2""]","[[-2.6326377761787, 601.130512936481, -1416.4261797719025, 1587.4086751819987, -1176.8158291435607, 498.47704567496373, -94.05837974212952, -9.222890561813106, 75.9031350254065, -134.42632587845293, 128.5141852735415, -66.61016324569027, 15.125134554797873, -154.95183309114847, 547.2272701039572, -523.6936681979469, 272.68479463877947, -62.42193021875045, -483.19480646907056, 927.1777216089426, -485.1730716249441, 111.8716907026799, -446.38465356818716, 469.52008838154416, -108.95312992060018, -124.15111079841299, 57.9485490403295, -6.788323843161189], [-0.0, 125.32070196321544, -1.4114826791122432, -122.23188123634297, -2.947609271448077, 1.6590819417867502, -0.0, 0.630522783129874, -5.16432122660623, 9.31711194865381, -9.195990861064493, 4.896554381896612, -1.1158427270636058, 10.438062618465004, -37.215091772566666, 36.36194743070508, -19.192046899407664, 4.336384500982866, 32.77724096770625, -63.36670849426606, 33.12632730899374, -7.417059376812279, 30.317569325469545, -31.410319538583472, 6.97371680394275, 8.069336692986557, -3.5570781419560107, 0.0], [-0.0, 0.5307389632776729, 122.65161805805965, 4.473837093491339, -129.55158750169508, 2.463131622081987, -0.5673088965113595, 0.4851743996957907, -3.854317514167149, 6.778099548043595, -6.597852326245855, 3.5128242304588686, -0.8131018745968932, 7.532046085285816, -25.9405086179287, 24.706379159734805, -12.89311166326617, 2.933829715913852, 21.728852327615865, -40.162797320896445, 20.34450025302009, -4.5029029142631405, 17.909923126148527, -17.461992721828608, 3.716475356028229, 4.067846217424786, -1.6455581244626498, 0.0], [-0.0, 0.0, -1.616252350546112, 127.97789629775401, -2.887101277562727, -123.50465271561235, -0.0, 0.0, -0.48766450004252465, 0.6538894601025611, -0.5333423195059808, 0.0, -0.0, 0.6365817983675338, -1.1160281762391127, 0.0, -0.0, 0.0, -0.0, 3.0292163173247277, -2.3482082219390823, 0.5765594980765067, -3.038612710117505, 4.463723311748378, -1.1781146800014077, -1.656302444915258, 0.9082884933536703, -0.0], [0.0, -0.0, 0.49320155766848484, -1.0528601810431883, 126.24908620489266, -0.758146425726442, -124.82017429460166, -0.5627283715323358, 4.79879779833207, -8.92942662275847, 8.998757680778729, -4.852820491306793, 1.1117729629242563, -10.129595935098772, 37.47077821270852, -37.645375499297295, 20.27321368440204, -4.641702605029072, -34.53769499322516, 69.32306472907015, -37.35341806294006, 8.568188577498962, -34.810783225516815, 37.598142493295285, -8.656994295844742, -10.188757156759998, 4.715653561332055, -0.5490601246134107], [2.4154714510774338, 93.39651779972087, -495.57540523195473, 1171.495504234303, -1582.401390104279, 1414.0372192805755, -600.6683156276215, 5.410302600441116, -45.705226914198754, 84.08329535427582, -84.07736411739008, 46.13773339519415, -11.228042105576767, 96.83592051948885, -359.2797252149206, 363.33523333106376, -202.01550211414641, 49.81525255629859, 336.59937061815776, -687.8824717911722, 386.41078922246436, -96.12106763433101, 354.6193419750124, -401.52227545276526, 100.41901196521216, 114.27642434658613, -57.252899251880216, 7.141245808367284]]",(x0)' = -2.633 1 +  601.131 x0 + -1416.426 x1 +  1587.409 x2 + -1176.816 x3 +  498.477 x4 + -94.058 x5 + -9.223 x0^2 +  75.903 x0 x1 + -134.426 x0 x2 +  128.514 x0 x3 + -66.610 x0 x4 +  15.125 x0 x5 + -154.952 x1^2 +  547.227 x1 x2 + -523.694 x1 x3 +  272.685 x1 x4 + -62.422 x1 x5 + -483.195 x2^2 +  927.178 x2 x3 + -485.173 x2 x4 +  111.872 x2 x5 + -446.385 x3^2 +  469.520 x3 x4 + -108.953 x3 x5 + -124.151 x4^2 +  57.949 x4 x5 + -6.788 x5^2 | (x1)' =  125.321 x0 + -1.411 x1 + -122.232 x2 + -2.948 x3 +  1.659 x4 +  0.631 x0^2 + -5.164 x0 x1 +  9.317 x0 x2 + -9.196 x0 x3 +  4.897 x0 x4 + -1.116 x0 x5 +  10.438 x1^2 + -37.215 x1 x2 +  36.362 x1 x3 + -19.192 x1 x4 +  4.336 x1 x5 +  32.777 x2^2 + -63.367 x2 x3 +  33.126 x2 x4 + -7.417 x2 x5 +  30.318 x3^2 + -31.410 x3 x4 +  6.974 x3 x5 +  8.069 x4^2 + -3.557 x4 x5 | (x2)' =  0.531 x0 +  122.652 x1 +  4.474 x2 + -129.552 x3 +  2.463 x4 + -0.567 x5 +  0.485 x0^2 + -3.854 x0 x1 +  6.778 x0 x2 + -6.598 x0 x3 +  3.513 x0 x4 + -0.813 x0 x5 +  7.532 x1^2 + -25.941 x1 x2 +  24.706 x1 x3 + -12.893 x1 x4 +  2.934 x1 x5 +  21.729 x2^2 + -40.163 x2 x3 +  20.345 x2 x4 + -4.503 x2 x5 +  17.910 x3^2 + -17.462 x3 x4 +  3.716 x3 x5 +  4.068 x4^2 + -1.646 x4 x5 | (x3)' = -1.616 x1 +  127.978 x2 + -2.887 x3 + -123.505 x4 + -0.488 x0 x1 +  0.654 x0 x2 + -0.533 x0 x3 +  0.637 x1^2 + -1.116 x1 x2 +  3.029 x2 x3 + -2.348 x2 x4 +  0.577 x2 x5 + -3.039 x3^2 +  4.464 x3 x4 + -1.178 x3 x5 + -1.656 x4^2 +  0.908 x4 x5 | (x4)' =  0.493 x1 + -1.053 x2 +  126.249 x3 + -0.758 x4 + -124.820 x5 + -0.563 x0^2 +  4.799 x0 x1 + -8.929 x0 x2 +  8.999 x0 x3 + -4.853 x0 x4 +  1.112 x0 x5 + -10.130 x1^2 +  37.471 x1 x2 + -37.645 x1 x3 +  20.273 x1 x4 + -4.642 x1 x5 + -34.538 x2^2 +  69.323 x2 x3 + -37.353 x2 x4 +  8.568 x2 x5 + -34.811 x3^2 +  37.598 x3 x4 + -8.657 x3 x5 + -10.189 x4^2 +  4.716 x4 x5 + -0.549 x5^2 | (x5)' =  2.415 1 +  93.397 x0 + -495.575 x1 +  1171.496 x2 + -1582.401 x3 +  1414.037 x4 + -600.668 x5 +  5.410 x0^2 + -45.705 x0 x1 +  84.083 x0 x2 + -84.077 x0 x3 +  46.138 x0 x4 + -11.228 x0 x5 +  96.836 x1^2 + -359.280 x1 x2 +  363.335 x1 x3 + -202.016 x1 x4 +  49.815 x1 x5 +  336.599 x2^2 + -687.882 x2 x3 +  386.411 x2 x4 + -96.121 x2 x5 +  354.619 x3^2 + -401.522 x3 x4 +  100.419 x3 x5 +  114.276 x4^2 + -57.253 x4 x5 +  7.141 x5^2
76,35.0,,,sr3,0.1,0.05,10.0,2,6,1,4.0,20.0,0,0.0,finite_difference,success,,129,168,76.78571428571429,0.4759901501238346,"[""1"", ""x0"", ""x1"", ""x2"", ""x3"", ""x4"", ""x5"", ""x0^2"", ""x0 x1"", ""x0 x2"", ""x0 x3"", ""x0 x4"", ""x0 x5"", ""x1^2"", ""x1 x2"", ""x1 x3"", ""x1 x4"", ""x1 x5"", ""x2^2"", ""x2 x3"", ""x2 x4"", ""x2 x5"", ""x3^2"", ""x3 x4"", ""x3 x5"", ""x4^2"", ""x4 x5"", ""x5^2""]","[[-2.632667936594462, 601.1305533407499, -1416.4263364546046, 1587.4089415907172, -1176.816078933561, 498.477175493094, -94.05840983370388, -9.222485108758576, 75.89993324647864, -134.42093246997052, 128.50934083925094, -66.60784585912977, 15.12466250162891, -154.9455845318409, 547.2065050371585, -523.675318897418, 272.6761893691821, -62.42021952628892, -483.17784435290713, 927.1483660418285, -485.1596659459101, 111.86911609234676, -446.37229318022213, 469.50920382929945, -108.95114360971428, -124.14883808052194, 57.947785515970764, -6.78826899841864], [-0.0, 125.32067894606115, -0.0, -122.23203976768815, -2.947463132981895, 1.6590096480932013, -0.0, 0.0, -5.164088139435259, 9.3167452172629, -9.19568896560369, 4.896426021616057, -0.0, 10.437639867746938, -37.213814354061654, 36.36095683624239, -19.191664691061813, 4.336329806127286, 32.776334032521575, -63.365441556205184, 33.12593315796914, -7.417032612707232, 30.31721624013998, -31.41023436247983, 6.973763238135438, 8.069394980718291, -3.5571415907898034, 0.0], [-0.0, 0.0, 122.65165843698989, 4.4737647732265255, -129.55151712957655, 2.4630943966561345, -0.0, 0.0, -3.8539374460867, 6.777429019981128, -6.597216865164803, 3.5125007822942687, -0.0, 7.531269698880346, -25.937784969455784, 24.703813784680367, -12.891814435579438, 2.9335479857436684, 21.726479116205674, -40.15835850312365, 20.342273119863187, -4.50242332272871, 17.90786413997737, -17.459945065852615, 3.7160388321975586, 4.067342371373589, -1.6453458619657098, 0.0], [-0.0, 0.0, -1.616233471820941, 127.97790989523442, -2.88715462486411, -123.50460680403431, -0.0, 0.0, -0.0, 0.0, -0.0, 0.0, -0.0, 0.0, -0.0, 0.0, 0.0, 0.0, -0.0, 3.1519349598105824, -2.4121211766743893, 0.0, -3.0981864790050992, 4.5257069500919735, -0.0, -1.6724049062147328, 0.0, -0.0], [0.0, -0.0, 0.0, -0.0, 126.2484603961844, -0.0, -124.82025163981423, -0.0, 4.79829066497545, -8.928539890957365, 8.99792219040767, -4.852396196497046, 0.0, -10.128570559031582, 37.46720946349448, -37.642030659488526, 20.271524995362654, -4.641335227950465, -34.53460782412951, 69.31731635229465, -37.350537875554146, 8.567567458469526, -34.808128254796536, 37.59550609657562, -8.656431829273966, -10.188109736094965, 4.715380932998597, -0.0], [2.4154576170823807, 93.39649615762788, -495.5753169916957, 1171.4953446722227, -1582.4012303230627, 1414.037130553951, -600.6682937156975, 5.410273380489578, -45.70519806147415, 84.08365578367061, -84.07813135913617, 46.13835975763979, -11.228234502118292, 96.83634678886258, -359.28311577352036, 363.34039402676615, -202.01920595099858, 49.81631549829897, 336.60421301091907, -687.8954641849044, 386.41950786974337, -96.12346846390892, 354.62749611404826, -401.5327777216782, 100.42182491536715, 114.27971286549086, -57.2546259909994, 7.141469093808982]]",(x0)' = -2.633 1 +  601.131 x0 + -1416.426 x1 +  1587.409 x2 + -1176.816 x3 +  498.477 x4 + -94.058 x5 + -9.222 x0^2 +  75.900 x0 x1 + -134.421 x0 x2 +  128.509 x0 x3 + -66.608 x0 x4 +  15.125 x0 x5 + -154.946 x1^2 +  547.207 x1 x2 + -523.675 x1 x3 +  272.676 x1 x4 + -62.420 x1 x5 + -483.178 x2^2 +  927.148 x2 x3 + -485.160 x2 x4 +  111.869 x2 x5 + -446.372 x3^2 +  469.509 x3 x4 + -108.951 x3 x5 + -124.149 x4^2 +  57.948 x4 x5 + -6.788 x5^2 | (x1)' =  125.321 x0 + -122.232 x2 + -2.947 x3 +  1.659 x4 + -5.164 x0 x1 +  9.317 x0 x2 + -9.196 x0 x3 +  4.896 x0 x4 +  10.438 x1^2 + -37.214 x1 x2 +  36.361 x1 x3 + -19.192 x1 x4 +  4.336 x1 x5 +  32.776 x2^2 + -63.365 x2 x3 +  33.126 x2 x4 + -7.417 x2 x5 +  30.317 x3^2 + -31.410 x3 x4 +  6.974 x3 x5 +  8.069 x4^2 + -3.557 x4 x5 | (x2)' =  122.652 x1 +  4.474 x2 + -129.552 x3 +  2.463 x4 + -3.854 x0 x1 +  6.777 x0 x2 + -6.597 x0 x3 +  3.513 x0 x4 +  7.531 x1^2 + -25.938 x1 x2 +  24.704 x1 x3 + -12.892 x1 x4 +  2.934 x1 x5 +  21.726 x2^2 + -40.158 x2 x3 +  20.342 x2 x4 + -4.502 x2 x5 +  17.908 x3^2 + -17.460 x3 x4 +  3.716 x3 x5 +  4.067 x4^2 + -1.645 x4 x5 | (x3)' = -1.616 x1 +  127.978 x2 + -2.887 x3 + -123.505 x4 +  3.152 x2 x3 + -2.412 x2 x4 + -3.098 x3^2 +  4.526 x3 x4 + -1.672 x4^2 | (x4)' =  126.248 x3 + -124.820 x5 +  4.798 x0 x1 + -8.929 x0 x2 +  8.998 x0 x3 + -4.852 x0 x4 + -10.129 x1^2 +  37.467 x1 x2 + -37.642 x1 x3 +  20.272 x1 x4 + -4.641 x1 x5 + -34.535 x2^2 +  69.317 x2 x3 + -37.351 x2 x4 +  8.568 x2 x5 + -34.808 x3^2 +  37.596 x3 x4 + -8.656 x3 x5 + -10.188 x4^2 +  4.715 x4 x5 | (x5)' =  2.415 1 +  93.396 x0 + -495.575 x1 +  1171.495 x2 + -1582.401 x3 +  1414.037 x4 + -600.668 x5 +  5.410 x0^2 + -45.705 x0 x1 +  84.084 x0 x2 + -84.078 x0 x3 +  46.138 x0 x4 + -11.228 x0 x5 +  96.836 x1^2 + -359.283 x1 x2 +  363.340 x1 x3 + -202.019 x1 x4 +  49.816 x1 x5 +  336.604 x2^2 + -687.895 x2 x3 +  386.420 x2 x4 + -96.123 x2 x5 +  354.627 x3^2 + -401.533 x3 x4 +  100.422 x3 x5 +  114.280 x4^2 + -57.255 x4 x5 +  7.141 x5^2
77,35.0,,,sr3,0.1,0.05,0.01,2,6,1,4.0,20.0,5,20.0,smoothed_finite_difference_savgol_order_3,success,,165,168,98.21428571428571,0.646801364608109,"[""1"", ""x0"", ""x1"", ""x2"", ""x3"", ""x4"", ""x5"", ""x0^2"", ""x0 x1"", ""x0 x2"", ""x0 x3"", ""x0 x4"", ""x0 x5"", ""x1^2"", ""x1 x2"", ""x1 x3"", ""x1 x4"", ""x1 x5"", ""x2^2"", ""x2 x3"", ""x2 x4"", ""x2 x5"", ""x3^2"", ""x3 x4"", ""x3 x5"", ""x4^2"", ""x4 x5"", ""x5^2""]","[[-2.449551038391218, 607.0082290894575, -1439.1230141976373, 1624.2412575020278, -1208.1265276079632, 512.3178342829212, -96.57916498165379, -9.555904062862036, 79.95990847619879, -143.4737933932065, 138.4977318345273, -72.29875810126909, 16.489146946674392, -166.03336196503227, 594.0842019040554, -573.8637861427463, 300.7372097152803, -69.0669685158312, -531.3075520355906, 1028.4495675209455, -541.1699844179899, 125.03505556219037, -499.1254130255487, 527.435118809505, -122.49095494380154, -139.96287534282683, 65.29759139762963, -7.635580218550119], [-0.07702852267954989, 125.39296796531151, -1.7970074924454627, -121.36014279717853, -3.9732156327006187, 2.2810251898913307, -0.5431054729453808, 0.868326164901499, -7.073776519838017, 12.66251672517362, -12.377216176042124, 6.510761067852068, -1.4584780526356471, 14.199539126383941, -50.157828354498875, 48.463494989155755, -25.227477781876296, 5.590569642409284, 43.70104292352583, -83.41572138558668, 42.93063067653494, -9.405107441564477, 39.34228272892195, -40.05652330399798, 8.681181489148205, 10.093090715603108, -4.331702464633626, 0.46039120990155336], [-0.06118336563355714, 0.7214795042820541, 121.7816331045127, 6.169580753830789, -131.30749936904988, 3.425721012628909, -0.7905072272169302, 0.6284697451258494, -4.977050667060604, 8.676291638710685, -8.344471130277492, 4.378946559354169, -0.9957780393140823, 9.647678179938515, -32.746475100457474, 30.61702823102048, -15.637646741833079, 3.4689107661485643, 26.827776466653212, -48.22164014941566, 23.638503986599154, -5.032468116672517, 20.63822516773532, -19.129596856141678, 3.823688326017292, 4.1200998476277, -1.4972420167304983, 0.11676111868287296], [-0.0, 0.5086641968048605, -2.211969394963683, 129.0412884502991, -3.88630355363422, -123.00738045444714, -0.4441287562048999, 0.0, 0.0, -0.36709249244432407, 0.5467968116108826, -0.30750300048447743, 0.052091050632765555, -0.5525019283313926, 3.7565432567471215, -4.9618609546877375, 2.976862662856457, -0.6619956529534676, -5.515203136035974, 14.333176604991984, -8.876744679349446, 2.1394791646877147, -9.419365023738063, 11.966553230100653, -3.008418161310472, -3.8961475645764234, 2.0178073667060525, -0.26828802984814876], [0.09820558686736502, -0.16984478119273747, 0.8061344101394131, -1.7712405870582821, 127.11216823203141, -1.292658216065035, -124.68481836366718, -0.9340458598548638, 7.950998277186803, -14.755769514648533, 14.820425502251117, -7.963796055463462, 1.8173064655740814, -16.772796582090734, 61.89880670173001, -61.96192503583174, 33.23085145458813, -7.573643082418372, -56.90361501182146, 113.72842217780992, -60.973185926487595, 13.90682773655215, -56.81540322223822, 60.9896048157951, -13.943918754105486, -16.40515048264089, 7.52727744836748, -0.8672588741573718], [2.2825713078520127, 95.70399159462771, -508.4750415247502, 1201.039081454634, -1617.457723595541, 1435.774611951916, -606.3235367676996, 6.047052135411812, -51.42087548745221, 94.7460805757599, -94.5462273076184, 51.59088086982985, -12.433291163946773, 109.58546872387443, -406.7373469279892, 409.9386870812045, -226.3101018498424, 55.18182610964683, 380.7432319675437, -774.6289115375909, 431.60875146359524, -106.06792048871489, 397.23759450445687, -445.80652000653043, 110.08204121155889, 125.68551134607944, -62.146545923262686, 7.650019339507005]]",(x0)' = -2.450 1 +  607.008 x0 + -1439.123 x1 +  1624.241 x2 + -1208.127 x3 +  512.318 x4 + -96.579 x5 + -9.556 x0^2 +  79.960 x0 x1 + -143.474 x0 x2 +  138.498 x0 x3 + -72.299 x0 x4 +  16.489 x0 x5 + -166.033 x1^2 +  594.084 x1 x2 + -573.864 x1 x3 +  300.737 x1 x4 + -69.067 x1 x5 + -531.308 x2^2 +  1028.450 x2 x3 + -541.170 x2 x4 +  125.035 x2 x5 + -499.125 x3^2 +  527.435 x3 x4 + -122.491 x3 x5 + -139.963 x4^2 +  65.298 x4 x5 + -7.636 x5^2 | (x1)' = -0.077 1 +  125.393 x0 + -1.797 x1 + -121.360 x2 + -3.973 x3 +  2.281 x4 + -0.543 x5 +  0.868 x0^2 + -7.074 x0 x1 +  12.663 x0 x2 + -12.377 x0 x3 +  6.511 x0 x4 + -1.458 x0 x5 +  14.200 x1^2 + -50.158 x1 x2 +  48.463 x1 x3 + -25.227 x1 x4 +  5.591 x1 x5 +  43.701 x2^2 + -83.416 x2 x3 +  42.931 x2 x4 + -9.405 x2 x5 +  39.342 x3^2 + -40.057 x3 x4 +  8.681 x3 x5 +  10.093 x4^2 + -4.332 x4 x5 +  0.460 x5^2 | (x2)' = -0.061 1 +  0.721 x0 +  121.782 x1 +  6.170 x2 + -131.307 x3 +  3.426 x4 + -0.791 x5 +  0.628 x0^2 + -4.977 x0 x1 +  8.676 x0 x2 + -8.344 x0 x3 +  4.379 x0 x4 + -0.996 x0 x5 +  9.648 x1^2 + -32.746 x1 x2 +  30.617 x1 x3 + -15.638 x1 x4 +  3.469 x1 x5 +  26.828 x2^2 + -48.222 x2 x3 +  23.639 x2 x4 + -5.032 x2 x5 +  20.638 x3^2 + -19.130 x3 x4 +  3.824 x3 x5 +  4.120 x4^2 + -1.497 x4 x5 +  0.117 x5^2 | (x3)' =  0.509 x0 + -2.212 x1 +  129.041 x2 + -3.886 x3 + -123.007 x4 + -0.444 x5 + -0.367 x0 x2 +  0.547 x0 x3 + -0.308 x0 x4 +  0.052 x0 x5 + -0.553 x1^2 +  3.757 x1 x2 + -4.962 x1 x3 +  2.977 x1 x4 + -0.662 x1 x5 + -5.515 x2^2 +  14.333 x2 x3 + -8.877 x2 x4 +  2.139 x2 x5 + -9.419 x3^2 +  11.967 x3 x4 + -3.008 x3 x5 + -3.896 x4^2 +  2.018 x4 x5 + -0.268 x5^2 | (x4)' =  0.098 1 + -0.170 x0 +  0.806 x1 + -1.771 x2 +  127.112 x3 + -1.293 x4 + -124.685 x5 + -0.934 x0^2 +  7.951 x0 x1 + -14.756 x0 x2 +  14.820 x0 x3 + -7.964 x0 x4 +  1.817 x0 x5 + -16.773 x1^2 +  61.899 x1 x2 + -61.962 x1 x3 +  33.231 x1 x4 + -7.574 x1 x5 + -56.904 x2^2 +  113.728 x2 x3 + -60.973 x2 x4 +  13.907 x2 x5 + -56.815 x3^2 +  60.990 x3 x4 + -13.944 x3 x5 + -16.405 x4^2 +  7.527 x4 x5 + -0.867 x5^2 | (x5)' =  2.283 1 +  95.704 x0 + -508.475 x1 +  1201.039 x2 + -1617.458 x3 +  1435.775 x4 + -606.324 x5 +  6.047 x0^2 + -51.421 x0 x1 +  94.746 x0 x2 + -94.546 x0 x3 +  51.591 x0 x4 + -12.433 x0 x5 +  109.585 x1^2 + -406.737 x1 x2 +  409.939 x1 x3 + -226.310 x1 x4 +  55.182 x1 x5 +  380.743 x2^2 + -774.629 x2 x3 +  431.609 x2 x4 + -106.068 x2 x5 +  397.238 x3^2 + -445.807 x3 x4 +  110.082 x3 x5 +  125.686 x4^2 + -62.147 x4 x5 +  7.650 x5^2
78,35.0,,,sr3,0.1,0.05,0.1,2,6,1,4.0,20.0,5,20.0,smoothed_finite_difference_savgol_order_3,success,,160,168,95.23809523809524,0.6333598913624883,"[""1"", ""x0"", ""x1"", ""x2"", ""x3"", ""x4"", ""x5"", ""x0^2"", ""x0 x1"", ""x0 x2"", ""x0 x3"", ""x0 x4"", ""x0 x5"", ""x1^2"", ""x1 x2"", ""x1 x3"", ""x1 x4"", ""x1 x5"", ""x2^2"", ""x2 x3"", ""x2 x4"", ""x2 x5"", ""x3^2"", ""x3 x4"", ""x3 x5"", ""x4^2"", ""x4 x5"", ""x5^2""]","[[-2.450665868543959, 607.0084730703378, -1439.1238170830723, 1624.242298379147, -1208.127150379423, 512.3179567821537, -96.57914517621263, -9.546414307666096, 79.87708078887931, -143.31859251504764, 138.341647199861, -72.21451246690931, 16.469631664451693, -165.8528637257934, 593.4085966148168, -573.1850742365776, 300.3712228625649, -68.98225041459374, -530.6761378302389, 1027.1824376822071, -540.4874431562906, 124.8772076755969, -498.49045196870804, 526.7518644364036, -122.3331071610336, -139.77928703937383, 65.21286170737713, -7.625815797498633], [-0.0, 125.39294904042542, -1.7969453694663413, -121.36022298192746, -3.9731681005720225, 2.281016222000199, -0.5431071807968074, 0.8675629222180985, -7.067119176921642, 12.650049361547689, -12.364683899442108, 6.50399958229701, -1.4569122341312057, 14.185036493698648, -50.103561611687304, 48.40899323893018, -25.198094797889446, 5.583769092689233, 43.650329032598094, -83.31395250184251, 42.87581338047109, -9.392429604951651, 39.29127695077403, -40.00162661929365, 8.668495799744232, 10.078333504529946, -4.3248882237642325, 0.45960528607673456], [-0.0, 0.721472717526604, 121.78165040170285, 6.169571289311639, -131.30751190695008, 3.4257395932422687, -0.7905143959701679, 0.6280079226969498, -4.97298299446538, 8.668593250512991, -8.336644574272771, 4.374672227811176, -0.9947752502140731, 9.638728506217678, -32.71262534803551, 30.58263869757163, -15.618876310999466, 3.464508842924142, 26.795795128145294, -48.156706934172306, 23.603086227944715, -5.024166547991545, 20.605291027076014, -19.09369466342139, 3.8152782199583344, 4.110322312698681, -1.492664135423681, 0.0], [-0.0, 0.508604044115464, -2.2117266762381305, 129.04085813441137, -3.885883642664299, -123.00760660544248, -0.44407479330056854, 0.0, 0.0, -0.3669757906045966, 0.5456948604398065, -0.30640545262625785, 0.0, -0.5523351738835066, 3.7515278254224445, -4.952662232784382, 2.969780347459199, -0.6598956911862115, -5.506521686066272, 14.308194712351067, -8.859436696028363, 2.1346411023045295, -9.403155291641593, 11.945353767062977, -3.0027062323498863, -3.8894667054476932, 2.01429731712545, -0.26783543469380566], [0.0, -0.16981831427481411, 0.8060474000624097, -1.7711279511237923, 127.11210100720908, -1.2926451272173731, -124.6848161408422, -0.9329871406550485, 7.941764552792868, -14.7384789161637, 14.803046416157663, -7.954420388340202, 1.8151354395516222, -16.752683861986604, 61.8235563214981, -61.88635671109678, 33.19011509062601, -7.564215746373806, -56.8333005191988, 113.58733748933312, -60.897200096384466, 13.889256087383625, -56.74470252588221, 60.91352086934384, -13.926339277181729, -16.384700844853743, 7.517836078670033, -0.866170134984814], [2.2834295947119423, 95.70380294809513, -508.4744201905698, 1201.0382745641746, -1617.4572388922268, 1435.7745149080679, -606.3235513835344, 6.039743198835334, -51.35708945245122, 94.62657131906722, -94.4260475156156, 51.52601910898108, -12.418266944225111, 109.446481613386, -406.2171684863849, 409.4161597198488, -226.02835483341363, 55.11661134140502, 380.2571251367161, -773.6534661386114, 431.0833622492824, -105.9464230995329, 396.748836900382, -445.28062470138457, 109.9605538092738, 125.54421455815628, -62.08133825447606, 7.642505098060411]]",(x0)' = -2.451 1 +  607.008 x0 + -1439.124 x1 +  1624.242 x2 + -1208.127 x3 +  512.318 x4 + -96.579 x5 + -9.546 x0^2 +  79.877 x0 x1 + -143.319 x0 x2 +  138.342 x0 x3 + -72.215 x0 x4 +  16.470 x0 x5 + -165.853 x1^2 +  593.409 x1 x2 + -573.185 x1 x3 +  300.371 x1 x4 + -68.982 x1 x5 + -530.676 x2^2 +  1027.182 x2 x3 + -540.487 x2 x4 +  124.877 x2 x5 + -498.490 x3^2 +  526.752 x3 x4 + -122.333 x3 x5 + -139.779 x4^2 +  65.213 x4 x5 + -7.626 x5^2 | (x1)' =  125.393 x0 + -1.797 x1 + -121.360 x2 + -3.973 x3 +  2.281 x4 + -0.543 x5 +  0.868 x0^2 + -7.067 x0 x1 +  12.650 x0 x2 + -12.365 x0 x3 +  6.504 x0 x4 + -1.457 x0 x5 +  14.185 x1^2 + -50.104 x1 x2 +  48.409 x1 x3 + -25.198 x1 x4 +  5.584 x1 x5 +  43.650 x2^2 + -83.314 x2 x3 +  42.876 x2 x4 + -9.392 x2 x5 +  39.291 x3^2 + -40.002 x3 x4 +  8.668 x3 x5 +  10.078 x4^2 + -4.325 x4 x5 +  0.460 x5^2 | (x2)' =  0.721 x0 +  121.782 x1 +  6.170 x2 + -131.308 x3 +  3.426 x4 + -0.791 x5 +  0.628 x0^2 + -4.973 x0 x1 +  8.669 x0 x2 + -8.337 x0 x3 +  4.375 x0 x4 + -0.995 x0 x5 +  9.639 x1^2 + -32.713 x1 x2 +  30.583 x1 x3 + -15.619 x1 x4 +  3.465 x1 x5 +  26.796 x2^2 + -48.157 x2 x3 +  23.603 x2 x4 + -5.024 x2 x5 +  20.605 x3^2 + -19.094 x3 x4 +  3.815 x3 x5 +  4.110 x4^2 + -1.493 x4 x5 | (x3)' =  0.509 x0 + -2.212 x1 +  129.041 x2 + -3.886 x3 + -123.008 x4 + -0.444 x5 + -0.367 x0 x2 +  0.546 x0 x3 + -0.306 x0 x4 + -0.552 x1^2 +  3.752 x1 x2 + -4.953 x1 x3 +  2.970 x1 x4 + -0.660 x1 x5 + -5.507 x2^2 +  14.308 x2 x3 + -8.859 x2 x4 +  2.135 x2 x5 + -9.403 x3^2 +  11.945 x3 x4 + -3.003 x3 x5 + -3.889 x4^2 +  2.014 x4 x5 + -0.268 x5^2 | (x4)' = -0.170 x0 +  0.806 x1 + -1.771 x2 +  127.112 x3 + -1.293 x4 + -124.685 x5 + -0.933 x0^2 +  7.942 x0 x1 + -14.738 x0 x2 +  14.803 x0 x3 + -7.954 x0 x4 +  1.815 x0 x5 + -16.753 x1^2 +  61.824 x1 x2 + -61.886 x1 x3 +  33.190 x1 x4 + -7.564 x1 x5 + -56.833 x2^2 +  113.587 x2 x3 + -60.897 x2 x4 +  13.889 x2 x5 + -56.745 x3^2 +  60.914 x3 x4 + -13.926 x3 x5 + -16.385 x4^2 +  7.518 x4 x5 + -0.866 x5^2 | (x5)' =  2.283 1 +  95.704 x0 + -508.474 x1 +  1201.038 x2 + -1617.457 x3 +  1435.775 x4 + -606.324 x5 +  6.040 x0^2 + -51.357 x0 x1 +  94.627 x0 x2 + -94.426 x0 x3 +  51.526 x0 x4 + -12.418 x0 x5 +  109.446 x1^2 + -406.217 x1 x2 +  409.416 x1 x3 + -226.028 x1 x4 +  55.117 x1 x5 +  380.257 x2^2 + -773.653 x2 x3 +  431.083 x2 x4 + -105.946 x2 x5 +  396.749 x3^2 + -445.281 x3 x4 +  109.961 x3 x5 +  125.544 x4^2 + -62.081 x4 x5 +  7.643 x5^2
79,35.0,,,sr3,0.1,0.05,1.0,2,6,1,4.0,20.0,5,20.0,smoothed_finite_difference_savgol_order_3,success,,155,168,92.26190476190476,0.6156588550657034,"[""1"", ""x0"", ""x1"", ""x2"", ""x3"", ""x4"", ""x5"", ""x0^2"", ""x0 x1"", ""x0 x2"", ""x0 x3"", ""x0 x4"", ""x0 x5"", ""x1^2"", ""x1 x2"", ""x1 x3"", ""x1 x4"", ""x1 x5"", ""x2^2"", ""x2 x3"", ""x2 x4"", ""x2 x5"", ""x3^2"", ""x3 x4"", ""x3 x5"", ""x4^2"", ""x4 x5"", ""x5^2""]","[[-2.452972072468268, 607.009029988155, -1439.1256930536447, 1624.2448422597954, -1208.1288297885533, 512.3184263494196, -96.57915698340375, -9.526495680276899, 79.70369103061513, -142.99459953761573, 138.01674843687604, -72.0396779748028, 16.429257931626275, -165.4760164352207, 592.0019640392488, -571.7760376444592, 299.61369658541486, -68.80744428204184, -529.3651487594309, 1024.559079018837, -539.0785943592338, 124.5524000671152, -497.1796450922704, 525.3455680197512, -122.00922373174669, -139.40254281254232, 65.03952243849665, -7.605901223852722], [-0.0, 125.39290381693499, -1.7967928590427784, -121.36043019422053, -3.9730308094832334, 2.2809774483548986, -0.5431060184927445, 0.8659720959134061, -7.0532685633356715, 12.624164328070329, -12.338723232018848, 6.490028298512768, -1.4536857335690712, 14.154931591048674, -49.99118599933546, 48.296421999024645, -25.137573331596272, 5.569803366358697, 43.54560057113784, -83.10439894972374, 42.76328311475184, -9.366488346685577, 39.18658689530745, -39.88932945246819, 8.642637563747597, 10.048257667656193, -4.3110545658470185, 0.458016659034832], [-0.0, 0.7214430497530097, 121.78175477848887, 6.169418585283178, -131.30739610686632, 3.4256951868505627, -0.7905079297444539, 0.6271227724078738, -4.965314654331524, 8.654340109527743, -8.322434557641024, 4.367074402887804, -0.9930330069634759, 9.622147016982318, -32.651079648518035, 30.521364966439496, -15.586155208742957, 3.4570134406587085, 26.738774863996735, -48.04334388702204, 23.54263591497865, -5.010337152008655, 20.549034504379062, -19.033790725503962, 3.801593986737596, 4.09440119076684, -1.4854020773521428, 0.0], [-0.0, 0.5086307549036274, -2.211792363703541, 129.04089222533872, -3.885837390185322, -123.00767131851246, -0.0, 0.0, 0.0, -0.0, 0.5195391248203359, -0.0, 0.0, -0.5218597357574227, 3.6384646689564923, -4.840021043004137, 2.9095175856334103, -0.6460497431558548, -5.401797353937011, 14.099794063510263, -8.74807181233381, 2.10907876855374, -9.299608094166292, 11.834820570186645, -2.977362032328163, -3.860004764117341, 2.000802138292972, -0.0], [0.0, -0.0, 0.8057867703739557, -1.7707515209800953, 127.11182386032274, -1.2925459676785385, -124.68482795546245, -0.9307919022269341, 7.922649342632252, -14.70275028534403, 14.767208274861925, -7.935130457790329, 1.810679985180599, -16.711130293691205, 61.6684217360812, -61.73092771960773, 33.10653880542949, -7.544926936420339, -56.68869895884307, 113.29795241817546, -60.74177433777508, 13.853420463061312, -56.60010422099223, 60.75838863493444, -13.890611644514374, -16.343145316246215, 7.498718983516482, -0.8639743884318412], [2.285193961789191, 95.70338011527866, -508.4729979149388, 1201.0363510532893, -1617.4559759528552, 1435.7741673306168, -606.3235451080893, 6.024518368460136, -51.22452808936231, 94.37881497232611, -94.17754715499231, 51.392270358651125, -12.387375508371997, 109.15830491689299, -405.1412747652786, 408.33820539675946, -225.44871386850843, 54.982830390527525, 379.254167274837, -771.6460824903563, 430.00511068039714, -105.69779059354731, 395.7456074898434, -444.2041070473459, 109.71257830121587, 125.25576268178573, -61.94859903525672, 7.62725233177303]]",(x0)' = -2.453 1 +  607.009 x0 + -1439.126 x1 +  1624.245 x2 + -1208.129 x3 +  512.318 x4 + -96.579 x5 + -9.526 x0^2 +  79.704 x0 x1 + -142.995 x0 x2 +  138.017 x0 x3 + -72.040 x0 x4 +  16.429 x0 x5 + -165.476 x1^2 +  592.002 x1 x2 + -571.776 x1 x3 +  299.614 x1 x4 + -68.807 x1 x5 + -529.365 x2^2 +  1024.559 x2 x3 + -539.079 x2 x4 +  124.552 x2 x5 + -497.180 x3^2 +  525.346 x3 x4 + -122.009 x3 x5 + -139.403 x4^2 +  65.040 x4 x5 + -7.606 x5^2 | (x1)' =  125.393 x0 + -1.797 x1 + -121.360 x2 + -3.973 x3 +  2.281 x4 + -0.543 x5 +  0.866 x0^2 + -7.053 x0 x1 +  12.624 x0 x2 + -12.339 x0 x3 +  6.490 x0 x4 + -1.454 x0 x5 +  14.155 x1^2 + -49.991 x1 x2 +  48.296 x1 x3 + -25.138 x1 x4 +  5.570 x1 x5 +  43.546 x2^2 + -83.104 x2 x3 +  42.763 x2 x4 + -9.366 x2 x5 +  39.187 x3^2 + -39.889 x3 x4 +  8.643 x3 x5 +  10.048 x4^2 + -4.311 x4 x5 +  0.458 x5^2 | (x2)' =  0.721 x0 +  121.782 x1 +  6.169 x2 + -131.307 x3 +  3.426 x4 + -0.791 x5 +  0.627 x0^2 + -4.965 x0 x1 +  8.654 x0 x2 + -8.322 x0 x3 +  4.367 x0 x4 + -0.993 x0 x5 +  9.622 x1^2 + -32.651 x1 x2 +  30.521 x1 x3 + -15.586 x1 x4 +  3.457 x1 x5 +  26.739 x2^2 + -48.043 x2 x3 +  23.543 x2 x4 + -5.010 x2 x5 +  20.549 x3^2 + -19.034 x3 x4 +  3.802 x3 x5 +  4.094 x4^2 + -1.485 x4 x5 | (x3)' =  0.509 x0 + -2.212 x1 +  129.041 x2 + -3.886 x3 + -123.008 x4 +  0.520 x0 x3 + -0.522 x1^2 +  3.638 x1 x2 + -4.840 x1 x3 +  2.910 x1 x4 + -0.646 x1 x5 + -5.402 x2^2 +  14.100 x2 x3 + -8.748 x2 x4 +  2.109 x2 x5 + -9.300 x3^2 +  11.835 x3 x4 + -2.977 x3 x5 + -3.860 x4^2 +  2.001 x4 x5 | (x4)' =  0.806 x1 + -1.771 x2 +  127.112 x3 + -1.293 x4 + -124.685 x5 + -0.931 x0^2 +  7.923 x0 x1 + -14.703 x0 x2 +  14.767 x0 x3 + -7.935 x0 x4 +  1.811 x0 x5 + -16.711 x1^2 +  61.668 x1 x2 + -61.731 x1 x3 +  33.107 x1 x4 + -7.545 x1 x5 + -56.689 x2^2 +  113.298 x2 x3 + -60.742 x2 x4 +  13.853 x2 x5 + -56.600 x3^2 +  60.758 x3 x4 + -13.891 x3 x5 + -16.343 x4^2 +  7.499 x4 x5 + -0.864 x5^2 | (x5)' =  2.285 1 +  95.703 x0 + -508.473 x1 +  1201.036 x2 + -1617.456 x3 +  1435.774 x4 + -606.324 x5 +  6.025 x0^2 + -51.225 x0 x1 +  94.379 x0 x2 + -94.178 x0 x3 +  51.392 x0 x4 + -12.387 x0 x5 +  109.158 x1^2 + -405.141 x1 x2 +  408.338 x1 x3 + -225.449 x1 x4 +  54.983 x1 x5 +  379.254 x2^2 + -771.646 x2 x3 +  430.005 x2 x4 + -105.698 x2 x5 +  395.746 x3^2 + -444.204 x3 x4 +  109.713 x3 x5 +  125.256 x4^2 + -61.949 x4 x5 +  7.627 x5^2
80,35.0,,,sr3,0.1,0.05,10.0,2,6,1,4.0,20.0,5,20.0,smoothed_finite_difference_savgol_order_3,success,,140,168,83.33333333333333,0.5094485403969884,"[""1"", ""x0"", ""x1"", ""x2"", ""x3"", ""x4"", ""x5"", ""x0^2"", ""x0 x1"", ""x0 x2"", ""x0 x3"", ""x0 x4"", ""x0 x5"", ""x1^2"", ""x1 x2"", ""x1 x3"", ""x1 x4"", ""x1 x5"", ""x2^2"", ""x2 x3"", ""x2 x4"", ""x2 x5"", ""x3^2"", ""x3 x4"", ""x3 x5"", ""x4^2"", ""x4 x5"", ""x5^2""]","[[-2.4531547600470587, 607.0090216812047, -1439.1256285432373, 1624.2446620968838, -1208.1285860352823, 512.318258168165, -96.57910839453892, -9.52514648489774, 79.69145485779201, -142.9708135056218, 137.99197456888766, -72.02585139589681, 16.425951646077653, -165.44836493538912, 591.8947903197519, -571.6647269126387, 299.5517308920795, -68.79265947372312, -529.2616074692173, 1024.3446002795079, -538.959503622566, 124.52405077233769, -497.0688731479689, 525.2228674169188, -121.9800831262123, -139.3686487409983, 65.02346094374077, -7.604002846491999], [-0.0, 125.39290079104929, -1.7967818892976388, -121.36044616076946, -3.9730194800692864, 2.2809740541847954, -0.0, 0.0, -7.052246461775378, 12.622181640288064, -12.336661410661538, 6.48887884134955, -1.4534110699129876, 14.152627532472538, -49.98227245102967, 48.28717686724491, -25.13243142001921, 5.568577236841108, 43.537003605937024, -83.08661226812997, 42.75341490633172, -9.364140387292629, 39.17741060007266, -39.87917239567217, 8.640226387345365, 10.045453870391373, -4.309726495453594, 0.0], [-0.0, 0.0, 121.78179744850844, 6.169341868151954, -131.30732204014376, 3.42565683161883, -0.0, 0.0, -4.964804047756259, 8.653350538892894, -8.321405338965802, 4.366500090623216, -0.0, 9.620999040291846, -32.64664495344569, 30.516767432669887, -15.583597582675413, 3.456403152323523, 26.73450658086867, -48.0345234775165, 23.537744969211175, -5.0091736501315145, 20.544492943959757, -19.028770751332534, 3.8004035714826956, 4.093018612110935, -1.4847485052002092, 0.0], [-0.0, 0.0, -2.21176325050598, 129.04089030094244, -3.8858826800830775, -123.00762394516686, -0.0, 0.0, 0.0, -0.0, 0.0, -0.0, 0.0, -0.0, 3.696047562541221, -4.896951781689371, 2.9397662679293313, -0.0, -5.454671113857412, 14.204187793978422, -8.803463350881808, 2.121713564202632, -9.351060798860264, 11.889346315961049, -2.9897839227134027, -3.8744304633050715, 2.007366480189079, -0.0], [0.0, -0.0, 0.0, -1.770348797205093, 127.11142610087259, -0.0, -124.68487575566162, -0.0, 7.920789711968451, -14.699193094939893, 14.763556117834733, -7.93311818223608, 1.8102043173518176, -16.70699584517395, 61.65263116696223, -61.71474196221325, 33.0976345756244, -7.542825131382767, -56.67364894492736, 113.26715519680988, -60.72486228128135, 13.849435232446657, -56.58437885683638, 60.74115089683723, -13.886557288792389, -16.338430911266528, 7.4965058140907725, -0.0], [2.285372512518041, 95.70337349041121, -508.4730011976726, 1201.0364204297787, -1617.456109170177, 1435.7742746211359, -606.3235788600992, 6.023133949856921, -51.21213482996798, 94.35501436518271, -94.15303580734881, 51.37873293614939, -12.384169562917128, 109.13063401579168, -405.03522905552757, 408.2292158153597, -225.3886310423458, 54.968624114034974, 379.1527868767425, -771.4381273767655, 429.89069437953407, -105.6707844281204, 395.6391852729017, -444.0872322054028, 109.68504200050633, 125.22373726477429, -61.93353671758366, 7.625484644446496]]",(x0)' = -2.453 1 +  607.009 x0 + -1439.126 x1 +  1624.245 x2 + -1208.129 x3 +  512.318 x4 + -96.579 x5 + -9.525 x0^2 +  79.691 x0 x1 + -142.971 x0 x2 +  137.992 x0 x3 + -72.026 x0 x4 +  16.426 x0 x5 + -165.448 x1^2 +  591.895 x1 x2 + -571.665 x1 x3 +  299.552 x1 x4 + -68.793 x1 x5 + -529.262 x2^2 +  1024.345 x2 x3 + -538.960 x2 x4 +  124.524 x2 x5 + -497.069 x3^2 +  525.223 x3 x4 + -121.980 x3 x5 + -139.369 x4^2 +  65.023 x4 x5 + -7.604 x5^2 | (x1)' =  125.393 x0 + -1.797 x1 + -121.360 x2 + -3.973 x3 +  2.281 x4 + -7.052 x0 x1 +  12.622 x0 x2 + -12.337 x0 x3 +  6.489 x0 x4 + -1.453 x0 x5 +  14.153 x1^2 + -49.982 x1 x2 +  48.287 x1 x3 + -25.132 x1 x4 +  5.569 x1 x5 +  43.537 x2^2 + -83.087 x2 x3 +  42.753 x2 x4 + -9.364 x2 x5 +  39.177 x3^2 + -39.879 x3 x4 +  8.640 x3 x5 +  10.045 x4^2 + -4.310 x4 x5 | (x2)' =  121.782 x1 +  6.169 x2 + -131.307 x3 +  3.426 x4 + -4.965 x0 x1 +  8.653 x0 x2 + -8.321 x0 x3 +  4.367 x0 x4 +  9.621 x1^2 + -32.647 x1 x2 +  30.517 x1 x3 + -15.584 x1 x4 +  3.456 x1 x5 +  26.735 x2^2 + -48.035 x2 x3 +  23.538 x2 x4 + -5.009 x2 x5 +  20.544 x3^2 + -19.029 x3 x4 +  3.800 x3 x5 +  4.093 x4^2 + -1.485 x4 x5 | (x3)' = -2.212 x1 +  129.041 x2 + -3.886 x3 + -123.008 x4 +  3.696 x1 x2 + -4.897 x1 x3 +  2.940 x1 x4 + -5.455 x2^2 +  14.204 x2 x3 + -8.803 x2 x4 +  2.122 x2 x5 + -9.351 x3^2 +  11.889 x3 x4 + -2.990 x3 x5 + -3.874 x4^2 +  2.007 x4 x5 | (x4)' = -1.770 x2 +  127.111 x3 + -124.685 x5 +  7.921 x0 x1 + -14.699 x0 x2 +  14.764 x0 x3 + -7.933 x0 x4 +  1.810 x0 x5 + -16.707 x1^2 +  61.653 x1 x2 + -61.715 x1 x3 +  33.098 x1 x4 + -7.543 x1 x5 + -56.674 x2^2 +  113.267 x2 x3 + -60.725 x2 x4 +  13.849 x2 x5 + -56.584 x3^2 +  60.741 x3 x4 + -13.887 x3 x5 + -16.338 x4^2 +  7.497 x4 x5 | (x5)' =  2.285 1 +  95.703 x0 + -508.473 x1 +  1201.036 x2 + -1617.456 x3 +  1435.774 x4 + -606.324 x5 +  6.023 x0^2 + -51.212 x0 x1 +  94.355 x0 x2 + -94.153 x0 x3 +  51.379 x0 x4 + -12.384 x0 x5 +  109.131 x1^2 + -405.035 x1 x2 +  408.229 x1 x3 + -225.389 x1 x4 +  54.969 x1 x5 +  379.153 x2^2 + -771.438 x2 x3 +  429.891 x2 x4 + -105.671 x2 x5 +  395.639 x3^2 + -444.087 x3 x4 +  109.685 x3 x5 +  125.224 x4^2 + -61.934 x4 x5 +  7.625 x5^2
81,35.0,,,sr3,0.1,0.05,0.01,2,6,1,4.0,20.0,9,36.0,smoothed_finite_difference_savgol_order_3,success,,168,168,100.0,0.6274842135608196,"[""1"", ""x0"", ""x1"", ""x2"", ""x3"", ""x4"", ""x5"", ""x0^2"", ""x0 x1"", ""x0 x2"", ""x0 x3"", ""x0 x4"", ""x0 x5"", ""x1^2"", ""x1 x2"", ""x1 x3"", ""x1 x4"", ""x1 x5"", ""x2^2"", ""x2 x3"", ""x2 x4"", ""x2 x5"", ""x3^2"", ""x3 x4"", ""x3 x5"", ""x4^2"", ""x4 x5"", ""x5^2""]","[[-2.129297239119008, 639.7577627903128, -1564.3242199368403, 1822.275050673956, -1368.7518920374823, 577.8655710294041, -106.95457817894155, 2.6883047940993863, -25.12763542075391, 58.256821949332725, -72.47803938139121, 44.892525678296906, -10.893619321114796, 60.835967153795124, -284.84085599829245, 353.5404252066175, -218.2608370275184, 52.9454251837416, 326.70111014472064, -792.6876250514543, 482.39685135941556, -116.4989594641094, 470.2119572709126, -564.4388740352156, 135.731293129648, 167.97895381563026, -80.66423667429493, 9.711287622747149], [-0.19786659062470058, 134.50889419118485, -42.049114107856894, -46.288273864094705, -77.88318263425458, 40.64331883722722, -8.923979157301325, 8.386598299861582, -74.59288330572178, 147.05177201235247, -157.91261274223774, 90.26182193827931, -21.734104918245045, 164.69522520877112, -644.8681059635364, 688.3522248974047, -391.4819309120559, 93.8535378602082, 625.7487159891645, -1323.800781329355, 746.5886975389564, -177.6388083851107, 692.8572624243096, -773.5934313446421, 182.340932899975, 213.7319148041406, -99.78600207800845, 11.539893103371023], [0.3782313002089447, 11.540255093698462, 73.66239885623325, 96.46282661885424, -220.74147275603406, 50.23624765076214, -11.158505593379335, 0.5301274722079773, 2.1908684485786485, -12.877319829580847, 16.66839579130466, -8.84673506999453, 1.6735987892845203, -22.75740174979187, 135.86409085310106, -164.5476591970425, 93.63588800336898, -21.089977013308296, -186.85348761850972, 451.8282775749581, -264.4915291365599, 62.48220039463727, -277.39053143933944, 332.4315946057253, -80.82862594954396, -101.87631760924008, 50.685127012975556, -6.43059548713321], [0.6305775861082386, 7.59356929192407, -34.031677873861796, 189.37545465084526, -64.40217588606903, -90.7834187690226, -7.757541839182615, -3.2593983318144595, 40.7519370460701, -97.95874914029181, 115.83522689926521, -68.83952253027846, 16.7169016613659, -119.5927400732114, 557.3880721865547, -650.0118438931852, 384.6811738001036, -93.60995357531519, -638.714616892332, 1478.431114590393, -873.3046363201896, 212.95852180005096, -852.9671048934297, 1007.8680060322209, -246.39738698542243, -298.24238105809434, 146.25653926585534, -17.98911824341115], [0.4947967531332587, -0.24755006430738224, 0.9648578110392441, -1.6647736598747105, 126.40850517452506, -0.3705564788632506, -125.09882145839134, -5.2029224449577445, 54.493599211039445, -122.32747778251321, 143.10937853997626, -86.22680902283777, 21.444469771224018, -140.85682943480785, 624.7614439578107, -724.1403171362903, 433.7897439698016, -107.59945294584534, -684.0803635814163, 1569.3901766755891, -933.4165231123304, 230.5757922054265, -892.0469873881378, 1054.204714667702, -259.34989598130977, -309.92648959375236, 151.9989726373521, -18.594166257635294], [1.585794519674032, 96.2450961079376, -529.5880598773246, 1277.2374491357434, -1730.8733782354557, 1516.1913904839091, -629.0768759966086, 4.291991645913542, -40.47470784948705, 71.60050706805892, -61.30373127532099, 26.638921916797432, -4.943924534093051, 95.22066367066293, -340.55219006133535, 298.5545254812835, -134.57640142626346, 26.121582349595446, 306.82115278140185, -542.146528056682, 246.97134952479536, -48.534047269477156, 239.3233570498576, -217.28520813746886, 42.48614955014601, 48.78016798908309, -18.712783218331396, 1.7188629939733344]]",(x0)' = -2.129 1 +  639.758 x0 + -1564.324 x1 +  1822.275 x2 + -1368.752 x3 +  577.866 x4 + -106.955 x5 +  2.688 x0^2 + -25.128 x0 x1 +  58.257 x0 x2 + -72.478 x0 x3 +  44.893 x0 x4 + -10.894 x0 x5 +  60.836 x1^2 + -284.841 x1 x2 +  353.540 x1 x3 + -218.261 x1 x4 +  52.945 x1 x5 +  326.701 x2^2 + -792.688 x2 x3 +  482.397 x2 x4 + -116.499 x2 x5 +  470.212 x3^2 + -564.439 x3 x4 +  135.731 x3 x5 +  167.979 x4^2 + -80.664 x4 x5 +  9.711 x5^2 | (x1)' = -0.198 1 +  134.509 x0 + -42.049 x1 + -46.288 x2 + -77.883 x3 +  40.643 x4 + -8.924 x5 +  8.387 x0^2 + -74.593 x0 x1 +  147.052 x0 x2 + -157.913 x0 x3 +  90.262 x0 x4 + -21.734 x0 x5 +  164.695 x1^2 + -644.868 x1 x2 +  688.352 x1 x3 + -391.482 x1 x4 +  93.854 x1 x5 +  625.749 x2^2 + -1323.801 x2 x3 +  746.589 x2 x4 + -177.639 x2 x5 +  692.857 x3^2 + -773.593 x3 x4 +  182.341 x3 x5 +  213.732 x4^2 + -99.786 x4 x5 +  11.540 x5^2 | (x2)' =  0.378 1 +  11.540 x0 +  73.662 x1 +  96.463 x2 + -220.741 x3 +  50.236 x4 + -11.159 x5 +  0.530 x0^2 +  2.191 x0 x1 + -12.877 x0 x2 +  16.668 x0 x3 + -8.847 x0 x4 +  1.674 x0 x5 + -22.757 x1^2 +  135.864 x1 x2 + -164.548 x1 x3 +  93.636 x1 x4 + -21.090 x1 x5 + -186.853 x2^2 +  451.828 x2 x3 + -264.492 x2 x4 +  62.482 x2 x5 + -277.391 x3^2 +  332.432 x3 x4 + -80.829 x3 x5 + -101.876 x4^2 +  50.685 x4 x5 + -6.431 x5^2 | (x3)' =  0.631 1 +  7.594 x0 + -34.032 x1 +  189.375 x2 + -64.402 x3 + -90.783 x4 + -7.758 x5 + -3.259 x0^2 +  40.752 x0 x1 + -97.959 x0 x2 +  115.835 x0 x3 + -68.840 x0 x4 +  16.717 x0 x5 + -119.593 x1^2 +  557.388 x1 x2 + -650.012 x1 x3 +  384.681 x1 x4 + -93.610 x1 x5 + -638.715 x2^2 +  1478.431 x2 x3 + -873.305 x2 x4 +  212.959 x2 x5 + -852.967 x3^2 +  1007.868 x3 x4 + -246.397 x3 x5 + -298.242 x4^2 +  146.257 x4 x5 + -17.989 x5^2 | (x4)' =  0.495 1 + -0.248 x0 +  0.965 x1 + -1.665 x2 +  126.409 x3 + -0.371 x4 + -125.099 x5 + -5.203 x0^2 +  54.494 x0 x1 + -122.327 x0 x2 +  143.109 x0 x3 + -86.227 x0 x4 +  21.444 x0 x5 + -140.857 x1^2 +  624.761 x1 x2 + -724.140 x1 x3 +  433.790 x1 x4 + -107.599 x1 x5 + -684.080 x2^2 +  1569.390 x2 x3 + -933.417 x2 x4 +  230.576 x2 x5 + -892.047 x3^2 +  1054.205 x3 x4 + -259.350 x3 x5 + -309.926 x4^2 +  151.999 x4 x5 + -18.594 x5^2 | (x5)' =  1.586 1 +  96.245 x0 + -529.588 x1 +  1277.237 x2 + -1730.873 x3 +  1516.191 x4 + -629.077 x5 +  4.292 x0^2 + -40.475 x0 x1 +  71.601 x0 x2 + -61.304 x0 x3 +  26.639 x0 x4 + -4.944 x0 x5 +  95.221 x1^2 + -340.552 x1 x2 +  298.555 x1 x3 + -134.576 x1 x4 +  26.122 x1 x5 +  306.821 x2^2 + -542.147 x2 x3 +  246.971 x2 x4 + -48.534 x2 x5 +  239.323 x3^2 + -217.285 x3 x4 +  42.486 x3 x5 +  48.780 x4^2 + -18.713 x4 x5 +  1.719 x5^2
82,35.0,,,sr3,0.1,0.05,0.1,2,6,1,4.0,20.0,9,36.0,smoothed_finite_difference_savgol_order_3,success,,168,168,100.0,0.642033695243299,"[""1"", ""x0"", ""x1"", ""x2"", ""x3"", ""x4"", ""x5"", ""x0^2"", ""x0 x1"", ""x0 x2"", ""x0 x3"", ""x0 x4"", ""x0 x5"", ""x1^2"", ""x1 x2"", ""x1 x3"", ""x1 x4"", ""x1 x5"", ""x2^2"", ""x2 x3"", ""x2 x4"", ""x2 x5"", ""x3^2"", ""x3 x4"", ""x3 x5"", ""x4^2"", ""x4 x5"", ""x5^2""]","[[-2.1296034174420155, 639.7574856848356, -1564.3229120033507, 1822.2724016774603, -1368.7490236455792, 577.8639069082476, -106.95416420935985, 2.69367909182534, -25.179233843461766, 58.36163523111862, -72.59063803698325, 44.956515341268236, -10.909005878662548, 60.9590655615258, -285.33821551550153, 354.0720757707284, -218.56162229723918, 53.017464609431855, 327.2009392267671, -793.751230656362, 482.99603039740043, -116.64191687033393, 470.775322959761, -565.0710566546916, 135.881571029933, 168.1556314332849, -80.7479377891761, 9.721167828105255], [-0.19833000912719784, 134.50844250235005, -42.046994900348, -46.29254270135139, -77.87858195148347, 40.640660718537205, -8.923320315133685, 8.394532210148986, -74.66945502495341, 147.2080550639332, -158.081233113684, 90.35803007924832, -21.757322780998898, 164.87872758884055, -645.612604786794, 689.1511071783727, -391.935510113276, 93.96252850515471, 626.4996450102129, -1325.4041475883032, 747.494820711788, -177.85563949224883, 693.7090960620728, -774.5520466749546, 182.56941877225756, 214.00050923055704, -99.9135581321649, 11.55498329872299], [0.3784092956724376, 11.54041231576813, 73.66165515536711, 96.46433586925544, -220.74310985585882, 50.237198876742895, -11.158742534319307, 0.5269731684713377, 2.221103431465083, -12.938647241431207, 16.73419213135768, -8.884082774666782, 1.6825696043937959, -22.829429645680783, 136.15472923814858, -164.85796990518287, 93.81126036468913, -21.131938598984924, -187.14522784726316, 452.44842109621936, -264.840543881101, 62.56539707226227, -277.7186873932995, 332.79950626135695, -80.91601129019864, -101.97905399712552, 50.733761332200196, -6.436332281757169], [0.6311391942062268, 7.594082150862424, -34.0340968449061, 189.38035081692968, -64.40747476249454, -90.7803459987532, -7.758305914550099, -3.2692343013205902, 40.84642616154496, -98.15079099267078, 116.0416374241921, -68.95688086437916, 16.74513338920561, -119.81827365930714, 558.2997306169266, -650.9867891410429, 385.23298802272296, -93.74216795425691, -639.6311727969304, 1480.3822464470752, -874.4042100444544, 213.2209609654812, -854.0009229853641, 1009.0284913364787, -246.67333696250458, -298.5667995445136, 146.41027645866552, -18.00727023781209], [0.4953894919179879, -0.2470065595756451, 0.9622951571191405, -1.6595882685392174, 126.40289479272857, -0.3673038380342922, -125.09963009305194, -5.213282889639563, 54.59315558534861, -122.5298728912685, 143.32697118035838, -86.35055384811413, 21.47424424439046, -141.09451901469237, 625.7224713570729, -725.1682904486274, 434.37169515230374, -107.73891579115015, -685.0467636209664, 1571.4478373862107, -934.5763574508152, 230.85266477726017, -893.1374550998137, 1055.4290099158427, -259.6410688000121, -310.26880317376583, 152.1612157792026, -18.613325402650513], [1.5856366766889678, 96.24491604516862, -529.5872248269256, 1277.2357848891356, -1730.871601312297, 1516.1903723131245, -629.0766254773815, 4.294543324998603, -40.49966768929837, 71.65206217356746, -61.359951922317045, 26.671307795898223, -4.951807718632589, 95.28116311707247, -340.80017521391323, 298.8231007407591, -134.73017878292796, 26.158817026732372, 307.0735016440452, -542.6897103303836, 247.28061051556443, -48.60855752534776, 239.61398962050498, -217.61442975273272, 42.56509812595873, 48.87295238219111, -18.757087312103884, 1.7241299755501194]]",(x0)' = -2.130 1 +  639.757 x0 + -1564.323 x1 +  1822.272 x2 + -1368.749 x3 +  577.864 x4 + -106.954 x5 +  2.694 x0^2 + -25.179 x0 x1 +  58.362 x0 x2 + -72.591 x0 x3 +  44.957 x0 x4 + -10.909 x0 x5 +  60.959 x1^2 + -285.338 x1 x2 +  354.072 x1 x3 + -218.562 x1 x4 +  53.017 x1 x5 +  327.201 x2^2 + -793.751 x2 x3 +  482.996 x2 x4 + -116.642 x2 x5 +  470.775 x3^2 + -565.071 x3 x4 +  135.882 x3 x5 +  168.156 x4^2 + -80.748 x4 x5 +  9.721 x5^2 | (x1)' = -0.198 1 +  134.508 x0 + -42.047 x1 + -46.293 x2 + -77.879 x3 +  40.641 x4 + -8.923 x5 +  8.395 x0^2 + -74.669 x0 x1 +  147.208 x0 x2 + -158.081 x0 x3 +  90.358 x0 x4 + -21.757 x0 x5 +  164.879 x1^2 + -645.613 x1 x2 +  689.151 x1 x3 + -391.936 x1 x4 +  93.963 x1 x5 +  626.500 x2^2 + -1325.404 x2 x3 +  747.495 x2 x4 + -177.856 x2 x5 +  693.709 x3^2 + -774.552 x3 x4 +  182.569 x3 x5 +  214.001 x4^2 + -99.914 x4 x5 +  11.555 x5^2 | (x2)' =  0.378 1 +  11.540 x0 +  73.662 x1 +  96.464 x2 + -220.743 x3 +  50.237 x4 + -11.159 x5 +  0.527 x0^2 +  2.221 x0 x1 + -12.939 x0 x2 +  16.734 x0 x3 + -8.884 x0 x4 +  1.683 x0 x5 + -22.829 x1^2 +  136.155 x1 x2 + -164.858 x1 x3 +  93.811 x1 x4 + -21.132 x1 x5 + -187.145 x2^2 +  452.448 x2 x3 + -264.841 x2 x4 +  62.565 x2 x5 + -277.719 x3^2 +  332.800 x3 x4 + -80.916 x3 x5 + -101.979 x4^2 +  50.734 x4 x5 + -6.436 x5^2 | (x3)' =  0.631 1 +  7.594 x0 + -34.034 x1 +  189.380 x2 + -64.407 x3 + -90.780 x4 + -7.758 x5 + -3.269 x0^2 +  40.846 x0 x1 + -98.151 x0 x2 +  116.042 x0 x3 + -68.957 x0 x4 +  16.745 x0 x5 + -119.818 x1^2 +  558.300 x1 x2 + -650.987 x1 x3 +  385.233 x1 x4 + -93.742 x1 x5 + -639.631 x2^2 +  1480.382 x2 x3 + -874.404 x2 x4 +  213.221 x2 x5 + -854.001 x3^2 +  1009.028 x3 x4 + -246.673 x3 x5 + -298.567 x4^2 +  146.410 x4 x5 + -18.007 x5^2 | (x4)' =  0.495 1 + -0.247 x0 +  0.962 x1 + -1.660 x2 +  126.403 x3 + -0.367 x4 + -125.100 x5 + -5.213 x0^2 +  54.593 x0 x1 + -122.530 x0 x2 +  143.327 x0 x3 + -86.351 x0 x4 +  21.474 x0 x5 + -141.095 x1^2 +  625.722 x1 x2 + -725.168 x1 x3 +  434.372 x1 x4 + -107.739 x1 x5 + -685.047 x2^2 +  1571.448 x2 x3 + -934.576 x2 x4 +  230.853 x2 x5 + -893.137 x3^2 +  1055.429 x3 x4 + -259.641 x3 x5 + -310.269 x4^2 +  152.161 x4 x5 + -18.613 x5^2 | (x5)' =  1.586 1 +  96.245 x0 + -529.587 x1 +  1277.236 x2 + -1730.872 x3 +  1516.190 x4 + -629.077 x5 +  4.295 x0^2 + -40.500 x0 x1 +  71.652 x0 x2 + -61.360 x0 x3 +  26.671 x0 x4 + -4.952 x0 x5 +  95.281 x1^2 + -340.800 x1 x2 +  298.823 x1 x3 + -134.730 x1 x4 +  26.159 x1 x5 +  307.074 x2^2 + -542.690 x2 x3 +  247.281 x2 x4 + -48.609 x2 x5 +  239.614 x3^2 + -217.614 x3 x4 +  42.565 x3 x5 +  48.873 x4^2 + -18.757 x4 x5 +  1.724 x5^2
83,35.0,,,sr3,0.1,0.05,1.0,2,6,1,4.0,20.0,9,36.0,smoothed_finite_difference_savgol_order_3,success,,164,168,97.61904761904762,0.6129588810727,"[""1"", ""x0"", ""x1"", ""x2"", ""x3"", ""x4"", ""x5"", ""x0^2"", ""x0 x1"", ""x0 x2"", ""x0 x3"", ""x0 x4"", ""x0 x5"", ""x1^2"", ""x1 x2"", ""x1 x3"", ""x1 x4"", ""x1 x5"", ""x2^2"", ""x2 x3"", ""x2 x4"", ""x2 x5"", ""x3^2"", ""x3 x4"", ""x3 x5"", ""x4^2"", ""x4 x5"", ""x5^2""]","[[-2.1306808657242526, 639.7583114492356, -1564.3260574885599, 1822.2773825965787, -1368.7531082427845, 577.8656121220806, -106.95444494625178, 2.722784879747512, -25.436578731104692, 58.844614337559804, -73.07156949108153, 45.21057950520346, -10.965970879527154, 61.52724624556161, -287.4684666587614, 356.19098081037407, -219.67986097475415, 53.26797065377346, 329.1952530419909, -797.7138628322024, 485.0848705881567, -117.10935860289835, 472.74128461419, -567.1411443516619, 136.34426779802686, 168.69986782073357, -80.99091948268435, 9.748252657134994], [-0.0, 134.50970305393074, -42.05182803539194, -46.28481603977588, -77.88500737770188, 40.64340324249214, -8.923789886340751, 8.437018472938874, -75.04453498812835, 147.91085385454588, -158.77985112763898, 90.72642611181115, -21.839767645190175, 165.70558167649352, -648.7076179167728, 692.224315828662, -393.55442772649025, 94.32451026715044, 629.3923823409903, -1331.1419073638656, 750.5138500197647, -178.52995163105734, 696.5507448480408, -777.5386712412272, 183.235691180088, 214.78424225371575, -100.26278578577484, 11.593834588762473], [0.0, 11.539907971219062, 73.66357187074786, 96.46131107486102, -220.74064198929779, 50.23617708273541, -11.158576842967364, 0.5089521884735829, 2.380520378534005, -13.238001612005148, 17.032452337152076, -9.04174426558897, 1.7179425799377435, -23.181574066214385, 137.47571921372398, -166.17268503093933, 94.5055199355542, -21.28756548902226, -188.38257878975895, 454.90839907992535, -266.1380721470607, 62.85594355143283, -278.93983245725815, 334.0861014856823, -81.20376656573353, -102.31750704861533, 50.8849623564028, -6.4531967951322935], [0.6331505311110042, 7.592532524086337, -34.02819016746926, 189.37098852675112, -64.39978630989042, -90.78356308795841, -7.757774055190657, -3.323602963769098, 41.327061347467286, -99.05268881492182, 116.93956208269825, -69.43115191038619, 16.851453905198156, -120.87927721902976, 562.2770437725633, -654.9422566751429, 387.3201057558401, -94.20964039038346, -643.3540668401297, 1487.778262930812, -878.3022383949004, 214.09311288300478, -857.6696519707324, 1012.8908670535733, -247.53648756205035, -299.5820612503528, 146.8634741886176, -18.057778607165677], [0.49748200953255034, -0.0, 0.966846914542163, -1.666298015194793, 126.40783720404734, -0.0, -125.09944735934005, -5.269816295807049, 55.092938981347686, -123.46770203123546, 144.26064959926316, -86.84369269203147, 21.58479006828905, -142.19780586121846, 629.8582555858618, -729.2812483761197, 436.54183204531193, -108.22496371986135, -688.9179378130774, 1579.138200183081, -938.6293663006994, 231.75945986706031, -896.9520745832497, 1059.444834682807, -260.53848524421375, -311.3243689562279, 152.63239524048637, -18.665837450825183], [1.5851174728466146, 96.24537653484495, -529.5890098931761, 1277.2386836715793, -1730.8740661290333, 1516.1914603661703, -629.076822358888, 4.308861009068527, -40.62569144020276, 71.88744950078468, -61.59315865068508, 26.793851607724186, -4.979132346347502, 95.5581428687027, -341.83362788840134, 299.8458142233776, -135.2670193744898, 26.278409372142843, 308.03628831253315, -544.5928912449813, 248.27841420437002, -48.83058887686403, 240.55329323442567, -218.5980688717449, 42.78370295693685, 49.13012241195919, -18.871240640370928, 1.73677983197658]]",(x0)' = -2.131 1 +  639.758 x0 + -1564.326 x1 +  1822.277 x2 + -1368.753 x3 +  577.866 x4 + -106.954 x5 +  2.723 x0^2 + -25.437 x0 x1 +  58.845 x0 x2 + -73.072 x0 x3 +  45.211 x0 x4 + -10.966 x0 x5 +  61.527 x1^2 + -287.468 x1 x2 +  356.191 x1 x3 + -219.680 x1 x4 +  53.268 x1 x5 +  329.195 x2^2 + -797.714 x2 x3 +  485.085 x2 x4 + -117.109 x2 x5 +  472.741 x3^2 + -567.141 x3 x4 +  136.344 x3 x5 +  168.700 x4^2 + -80.991 x4 x5 +  9.748 x5^2 | (x1)' =  134.510 x0 + -42.052 x1 + -46.285 x2 + -77.885 x3 +  40.643 x4 + -8.924 x5 +  8.437 x0^2 + -75.045 x0 x1 +  147.911 x0 x2 + -158.780 x0 x3 +  90.726 x0 x4 + -21.840 x0 x5 +  165.706 x1^2 + -648.708 x1 x2 +  692.224 x1 x3 + -393.554 x1 x4 +  94.325 x1 x5 +  629.392 x2^2 + -1331.142 x2 x3 +  750.514 x2 x4 + -178.530 x2 x5 +  696.551 x3^2 + -777.539 x3 x4 +  183.236 x3 x5 +  214.784 x4^2 + -100.263 x4 x5 +  11.594 x5^2 | (x2)' =  11.540 x0 +  73.664 x1 +  96.461 x2 + -220.741 x3 +  50.236 x4 + -11.159 x5 +  0.509 x0^2 +  2.381 x0 x1 + -13.238 x0 x2 +  17.032 x0 x3 + -9.042 x0 x4 +  1.718 x0 x5 + -23.182 x1^2 +  137.476 x1 x2 + -166.173 x1 x3 +  94.506 x1 x4 + -21.288 x1 x5 + -188.383 x2^2 +  454.908 x2 x3 + -266.138 x2 x4 +  62.856 x2 x5 + -278.940 x3^2 +  334.086 x3 x4 + -81.204 x3 x5 + -102.318 x4^2 +  50.885 x4 x5 + -6.453 x5^2 | (x3)' =  0.633 1 +  7.593 x0 + -34.028 x1 +  189.371 x2 + -64.400 x3 + -90.784 x4 + -7.758 x5 + -3.324 x0^2 +  41.327 x0 x1 + -99.053 x0 x2 +  116.940 x0 x3 + -69.431 x0 x4 +  16.851 x0 x5 + -120.879 x1^2 +  562.277 x1 x2 + -654.942 x1 x3 +  387.320 x1 x4 + -94.210 x1 x5 + -643.354 x2^2 +  1487.778 x2 x3 + -878.302 x2 x4 +  214.093 x2 x5 + -857.670 x3^2 +  1012.891 x3 x4 + -247.536 x3 x5 + -299.582 x4^2 +  146.863 x4 x5 + -18.058 x5^2 | (x4)' =  0.497 1 +  0.967 x1 + -1.666 x2 +  126.408 x3 + -125.099 x5 + -5.270 x0^2 +  55.093 x0 x1 + -123.468 x0 x2 +  144.261 x0 x3 + -86.844 x0 x4 +  21.585 x0 x5 + -142.198 x1^2 +  629.858 x1 x2 + -729.281 x1 x3 +  436.542 x1 x4 + -108.225 x1 x5 + -688.918 x2^2 +  1579.138 x2 x3 + -938.629 x2 x4 +  231.759 x2 x5 + -896.952 x3^2 +  1059.445 x3 x4 + -260.538 x3 x5 + -311.324 x4^2 +  152.632 x4 x5 + -18.666 x5^2 | (x5)' =  1.585 1 +  96.245 x0 + -529.589 x1 +  1277.239 x2 + -1730.874 x3 +  1516.191 x4 + -629.077 x5 +  4.309 x0^2 + -40.626 x0 x1 +  71.887 x0 x2 + -61.593 x0 x3 +  26.794 x0 x4 + -4.979 x0 x5 +  95.558 x1^2 + -341.834 x1 x2 +  299.846 x1 x3 + -135.267 x1 x4 +  26.278 x1 x5 +  308.036 x2^2 + -544.593 x2 x3 +  248.278 x2 x4 + -48.831 x2 x5 +  240.553 x3^2 + -218.598 x3 x4 +  42.784 x3 x5 +  49.130 x4^2 + -18.871 x4 x5 +  1.737 x5^2
84,35.0,,,sr3,0.1,0.05,10.0,2,6,1,4.0,20.0,9,36.0,smoothed_finite_difference_savgol_order_3,success,,160,168,95.23809523809524,0.6330769909545779,"[""1"", ""x0"", ""x1"", ""x2"", ""x3"", ""x4"", ""x5"", ""x0^2"", ""x0 x1"", ""x0 x2"", ""x0 x3"", ""x0 x4"", ""x0 x5"", ""x1^2"", ""x1 x2"", ""x1 x3"", ""x1 x4"", ""x1 x5"", ""x2^2"", ""x2 x3"", ""x2 x4"", ""x2 x5"", ""x3^2"", ""x3 x4"", ""x3 x5"", ""x4^2"", ""x4 x5"", ""x5^2""]","[[-2.1363016381531548, 639.7613718521347, -1564.3371146102445, 1822.2934996502431, -1368.7646345360722, 577.8692838503333, -106.95470576749067, 2.868130053586613, -26.73292421486471, 61.29957084442874, -75.53880693729397, 46.526339770725535, -11.263819852923682, 64.41449178579585, -298.39158020572467, 367.1569568664047, -225.52216352828924, 54.58936467623127, 339.5142422013321, -818.4085078999316, 496.0978447498988, -119.59767390864222, 483.10443791484903, -578.1576714531379, 138.83053636289182, 171.62401289404642, -82.30917734176397, 9.896638214647306], [-0.0, 134.51451387426144, -42.06923790399839, -46.25936968727957, -77.9032970759819, 40.64930026712361, -8.924236794349467, 8.663647461551214, -77.06542645834178, 151.73712326264064, -162.62448321549732, 92.77633827113587, -22.303718909020198, 170.20559294819287, -665.728656225702, 709.3086936224495, -402.6546230587653, 96.38237526366152, 645.4687013847188, -1363.3763242532805, 767.6645293622247, -182.4043119760851, 712.6893574138921, -794.6914260292823, 187.10608428573994, 219.33624989338773, -102.31452544095605, 11.82473848395242], [0.0, 11.538149328716578, 73.66992103940467, 96.45206789876883, -220.73404672924042, 50.234087851305596, -11.158433078272495, 0.0, 3.1284134226162807, -14.654447488594148, 18.456102916004706, -9.801028780774185, 1.889835592562578, -24.847447936328518, 143.77866087317616, -172.50090095905506, 97.87726032052714, -22.050236840236703, -194.33746415253913, 466.8519181411919, -272.49454064821947, 64.29226787200669, -284.92126561210756, 340.44520548209897, -82.6390445361973, -104.00557149928449, 51.646038836459915, -6.538872678438498], [0.0, 7.586894746067871, -34.00781683732174, 189.34128161390353, -64.37852736780785, -90.790345777918, -7.757288055107626, -3.5910843292315726, 43.71269166002637, -103.57036769817132, 121.47972557610086, -71.85232697214315, 17.399521915279205, -126.19246973229902, 582.3775703900116, -675.1211461249757, 398.07046280411384, -96.64106103983578, -662.3424191425946, 1525.8582743822237, -898.5665833012933, 218.67160275329238, -876.7383021926562, 1033.1612321699254, -252.11109433049705, -304.9623375516274, 149.2889382975641, -18.33078629406948], [0.0, -0.0, 0.0, -1.6998442975989532, 126.432481496347, -0.0, -125.09866723673511, -5.5527714211019, 57.616418781961215, -128.2461369195932, 149.0625867782984, -89.4043205114358, 22.16439276262222, -147.81766722279045, 651.1176902316588, -750.6223421991592, 447.9107175967534, -110.79613412649587, -708.9999037357345, 1619.4091105578905, -960.0584034286458, 236.6008267095181, -917.1166877903448, 1080.8790298765618, -265.3754703289547, -317.0132339499223, 155.19682504267936, -18.95446986139909], [1.5819528086933552, 96.2471332996269, -529.5953787110915, 1277.2480197505406, -1730.8808124795196, 1516.1936632940976, -629.0770001659257, 4.390882689770003, -41.35692231397706, 73.27161245396714, -62.98365282474499, 27.535085255656263, -5.146858703699159, 97.18602536621563, -347.9895799931456, 306.02328443833875, -138.55680281258753, 27.022185379666357, 313.84921782635155, -556.2456854873544, 254.47705099939083, -50.23057277069897, 246.3861019969865, -224.79603867187947, 44.18193163590855, 50.77457734158194, -19.612291674989294, 1.8201600941472247]]",(x0)' = -2.136 1 +  639.761 x0 + -1564.337 x1 +  1822.293 x2 + -1368.765 x3 +  577.869 x4 + -106.955 x5 +  2.868 x0^2 + -26.733 x0 x1 +  61.300 x0 x2 + -75.539 x0 x3 +  46.526 x0 x4 + -11.264 x0 x5 +  64.414 x1^2 + -298.392 x1 x2 +  367.157 x1 x3 + -225.522 x1 x4 +  54.589 x1 x5 +  339.514 x2^2 + -818.409 x2 x3 +  496.098 x2 x4 + -119.598 x2 x5 +  483.104 x3^2 + -578.158 x3 x4 +  138.831 x3 x5 +  171.624 x4^2 + -82.309 x4 x5 +  9.897 x5^2 | (x1)' =  134.515 x0 + -42.069 x1 + -46.259 x2 + -77.903 x3 +  40.649 x4 + -8.924 x5 +  8.664 x0^2 + -77.065 x0 x1 +  151.737 x0 x2 + -162.624 x0 x3 +  92.776 x0 x4 + -22.304 x0 x5 +  170.206 x1^2 + -665.729 x1 x2 +  709.309 x1 x3 + -402.655 x1 x4 +  96.382 x1 x5 +  645.469 x2^2 + -1363.376 x2 x3 +  767.665 x2 x4 + -182.404 x2 x5 +  712.689 x3^2 + -794.691 x3 x4 +  187.106 x3 x5 +  219.336 x4^2 + -102.315 x4 x5 +  11.825 x5^2 | (x2)' =  11.538 x0 +  73.670 x1 +  96.452 x2 + -220.734 x3 +  50.234 x4 + -11.158 x5 +  3.128 x0 x1 + -14.654 x0 x2 +  18.456 x0 x3 + -9.801 x0 x4 +  1.890 x0 x5 + -24.847 x1^2 +  143.779 x1 x2 + -172.501 x1 x3 +  97.877 x1 x4 + -22.050 x1 x5 + -194.337 x2^2 +  466.852 x2 x3 + -272.495 x2 x4 +  64.292 x2 x5 + -284.921 x3^2 +  340.445 x3 x4 + -82.639 x3 x5 + -104.006 x4^2 +  51.646 x4 x5 + -6.539 x5^2 | (x3)' =  7.587 x0 + -34.008 x1 +  189.341 x2 + -64.379 x3 + -90.790 x4 + -7.757 x5 + -3.591 x0^2 +  43.713 x0 x1 + -103.570 x0 x2 +  121.480 x0 x3 + -71.852 x0 x4 +  17.400 x0 x5 + -126.192 x1^2 +  582.378 x1 x2 + -675.121 x1 x3 +  398.070 x1 x4 + -96.641 x1 x5 + -662.342 x2^2 +  1525.858 x2 x3 + -898.567 x2 x4 +  218.672 x2 x5 + -876.738 x3^2 +  1033.161 x3 x4 + -252.111 x3 x5 + -304.962 x4^2 +  149.289 x4 x5 + -18.331 x5^2 | (x4)' = -1.700 x2 +  126.432 x3 + -125.099 x5 + -5.553 x0^2 +  57.616 x0 x1 + -128.246 x0 x2 +  149.063 x0 x3 + -89.404 x0 x4 +  22.164 x0 x5 + -147.818 x1^2 +  651.118 x1 x2 + -750.622 x1 x3 +  447.911 x1 x4 + -110.796 x1 x5 + -709.000 x2^2 +  1619.409 x2 x3 + -960.058 x2 x4 +  236.601 x2 x5 + -917.117 x3^2 +  1080.879 x3 x4 + -265.375 x3 x5 + -317.013 x4^2 +  155.197 x4 x5 + -18.954 x5^2 | (x5)' =  1.582 1 +  96.247 x0 + -529.595 x1 +  1277.248 x2 + -1730.881 x3 +  1516.194 x4 + -629.077 x5 +  4.391 x0^2 + -41.357 x0 x1 +  73.272 x0 x2 + -62.984 x0 x3 +  27.535 x0 x4 + -5.147 x0 x5 +  97.186 x1^2 + -347.990 x1 x2 +  306.023 x1 x3 + -138.557 x1 x4 +  27.022 x1 x5 +  313.849 x2^2 + -556.246 x2 x3 +  254.477 x2 x4 + -50.231 x2 x5 +  246.386 x3^2 + -224.796 x3 x4 +  44.182 x3 x5 +  50.775 x4^2 + -19.612 x4 x5 +  1.820 x5^2
85,35.0,,,sr3,0.1,0.05,0.01,2,6,2,8.0,40.0,0,0.0,finite_difference,success,,162,168,96.42857142857143,0.37873998563736677,"[""1"", ""x0"", ""x1"", ""x2"", ""x3"", ""x4"", ""x5"", ""x0^2"", ""x0 x1"", ""x0 x2"", ""x0 x3"", ""x0 x4"", ""x0 x5"", ""x1^2"", ""x1 x2"", ""x1 x3"", ""x1 x4"", ""x1 x5"", ""x2^2"", ""x2 x3"", ""x2 x4"", ""x2 x5"", ""x3^2"", ""x3 x4"", ""x3 x5"", ""x4^2"", ""x4 x5"", ""x5^2""]","[[-23.91721010995207, 197.13471726773665, -357.1305143353522, 276.5542754606756, -184.23033151637418, 86.06989888966635, -20.422083961355277, -0.250746212918444, 1.5608451191380812, -2.2852061692123855, 2.092803371911733, -1.198130547936858, 0.38306479094415974, -1.9738972332355618, 5.288853120921417, -4.861379435604018, 2.8889057945380294, -1.0238694616234363, -3.4246562231859325, 6.376438929063707, -3.9144854584107343, 1.466911253188168, -2.933250223019409, 3.621281015422889, -1.4000190558203258, -1.1565168135907662, 0.9154955787868523, -0.16735934634416183], [3.687378021449069, 47.46362325126581, 62.712200652211905, -155.89584468436163, 67.5423609241056, -27.928941494237648, 6.474876565343996, 0.06465626015289003, -0.3640357887548756, 0.5055236747118114, -0.451004991502995, 0.2579822660377579, -0.0853199572822549, 0.4362938522010675, -1.1358526537152043, 1.028784195254968, -0.6179964985797863, 0.22838456004585203, 0.7354482852483838, -1.3695842717050666, 0.8573834124239162, -0.33550527554980825, 0.6330213831709095, -0.7994250640961705, 0.32410610076269214, 0.26268785496817787, -0.21808294161926897, 0.0], [-1.8902859309205893, -9.690797802624502, 76.16934462124628, 17.582745055450488, -106.23865871194207, 27.683796923483815, -5.707702548821498, -0.0, 0.18515378470367339, -0.25587430843878806, 0.22828368323523493, -0.1325495642387165, 0.04663716426194147, -0.21469485340545455, 0.5649783023848418, -0.521199551969337, 0.3251081368341682, -0.12971617791942025, -0.38072548185290805, 0.7332887244314413, -0.4811898370746869, 0.2013160391408937, -0.35012846224834493, 0.46432002890491514, -0.20066326447705043, -0.160843127954192, 0.14069503462654281, -0.0], [1.5433402077563332, 5.702948456430723, -27.631636230143425, 106.10171979878658, -17.457291381482314, -76.20325746784265, 9.688173800784197, 0.0, -0.1664555151585069, 0.22854898759643794, -0.2034520158842936, 0.12187836014403869, -0.04528806712134148, 0.18961100246142984, -0.506941014434795, 0.47390216068851404, -0.31044579169360215, 0.13109769935847523, 0.35506888319224644, -0.6948181869896152, 0.47735307675901895, -0.20942423509015376, 0.33461604768684383, -0.4658847382058238, 0.21213990160667484, 0.17050907346079888, -0.1554056475881215, 0.0], [-3.1785328717308947, -6.467336444610973, 27.861197825893022, -67.35432201839039, 155.72011555495357, -62.674002062249684, -47.45362041730889, -0.0, 0.2296841142603121, -0.3249112319044696, 0.2952313500856107, -0.1855576785039624, 0.07313016459086377, -0.2635360968617502, 0.7414924630319322, -0.717205646202302, 0.49956772017160395, -0.22256088569129034, -0.5509205813084533, 1.1071916713275158, -0.8020601970857666, 0.3652202958688455, -0.543823877325486, 0.8007042248224511, -0.3761191489250782, -0.30711310151253696, 0.2812583844639213, -0.05547752567532991], [19.44813024668187, 20.38742304653184, -85.82699857980337, 183.51548741938296, -276.0254811814993, 357.2993825882093, -197.32716661579522, 0.14894239349699664, -0.8177057440744899, 1.2207785507684517, -1.1530295066314669, 0.7766107195565514, -0.3239283478311504, 0.9548332155312306, -2.873687105984739, 2.9257935339098613, -2.207931881652951, 1.027066037537115, 2.2690377048979893, -4.738246741375437, 3.667869388458676, -1.7113434656438775, 2.4010942778693147, -3.764068568603812, 1.7843800168869595, 1.4949262548766244, -1.331866441866158, 0.24570279911297033]]",(x0)' = -23.917 1 +  197.135 x0 + -357.131 x1 +  276.554 x2 + -184.230 x3 +  86.070 x4 + -20.422 x5 + -0.251 x0^2 +  1.561 x0 x1 + -2.285 x0 x2 +  2.093 x0 x3 + -1.198 x0 x4 +  0.383 x0 x5 + -1.974 x1^2 +  5.289 x1 x2 + -4.861 x1 x3 +  2.889 x1 x4 + -1.024 x1 x5 + -3.425 x2^2 +  6.376 x2 x3 + -3.914 x2 x4 +  1.467 x2 x5 + -2.933 x3^2 +  3.621 x3 x4 + -1.400 x3 x5 + -1.157 x4^2 +  0.915 x4 x5 + -0.167 x5^2 | (x1)' =  3.687 1 +  47.464 x0 +  62.712 x1 + -155.896 x2 +  67.542 x3 + -27.929 x4 +  6.475 x5 +  0.065 x0^2 + -0.364 x0 x1 +  0.506 x0 x2 + -0.451 x0 x3 +  0.258 x0 x4 + -0.085 x0 x5 +  0.436 x1^2 + -1.136 x1 x2 +  1.029 x1 x3 + -0.618 x1 x4 +  0.228 x1 x5 +  0.735 x2^2 + -1.370 x2 x3 +  0.857 x2 x4 + -0.336 x2 x5 +  0.633 x3^2 + -0.799 x3 x4 +  0.324 x3 x5 +  0.263 x4^2 + -0.218 x4 x5 | (x2)' = -1.890 1 + -9.691 x0 +  76.169 x1 +  17.583 x2 + -106.239 x3 +  27.684 x4 + -5.708 x5 +  0.185 x0 x1 + -0.256 x0 x2 +  0.228 x0 x3 + -0.133 x0 x4 +  0.047 x0 x5 + -0.215 x1^2 +  0.565 x1 x2 + -0.521 x1 x3 +  0.325 x1 x4 + -0.130 x1 x5 + -0.381 x2^2 +  0.733 x2 x3 + -0.481 x2 x4 +  0.201 x2 x5 + -0.350 x3^2 +  0.464 x3 x4 + -0.201 x3 x5 + -0.161 x4^2 +  0.141 x4 x5 | (x3)' =  1.543 1 +  5.703 x0 + -27.632 x1 +  106.102 x2 + -17.457 x3 + -76.203 x4 +  9.688 x5 + -0.166 x0 x1 +  0.229 x0 x2 + -0.203 x0 x3 +  0.122 x0 x4 + -0.045 x0 x5 +  0.190 x1^2 + -0.507 x1 x2 +  0.474 x1 x3 + -0.310 x1 x4 +  0.131 x1 x5 +  0.355 x2^2 + -0.695 x2 x3 +  0.477 x2 x4 + -0.209 x2 x5 +  0.335 x3^2 + -0.466 x3 x4 +  0.212 x3 x5 +  0.171 x4^2 + -0.155 x4 x5 | (x4)' = -3.179 1 + -6.467 x0 +  27.861 x1 + -67.354 x2 +  155.720 x3 + -62.674 x4 + -47.454 x5 +  0.230 x0 x1 + -0.325 x0 x2 +  0.295 x0 x3 + -0.186 x0 x4 +  0.073 x0 x5 + -0.264 x1^2 +  0.741 x1 x2 + -0.717 x1 x3 +  0.500 x1 x4 + -0.223 x1 x5 + -0.551 x2^2 +  1.107 x2 x3 + -0.802 x2 x4 +  0.365 x2 x5 + -0.544 x3^2 +  0.801 x3 x4 + -0.376 x3 x5 + -0.307 x4^2 +  0.281 x4 x5 + -0.055 x5^2 | (x5)' =  19.448 1 +  20.387 x0 + -85.827 x1 +  183.515 x2 + -276.025 x3 +  357.299 x4 + -197.327 x5 +  0.149 x0^2 + -0.818 x0 x1 +  1.221 x0 x2 + -1.153 x0 x3 +  0.777 x0 x4 + -0.324 x0 x5 +  0.955 x1^2 + -2.874 x1 x2 +  2.926 x1 x3 + -2.208 x1 x4 +  1.027 x1 x5 +  2.269 x2^2 + -4.738 x2 x3 +  3.668 x2 x4 + -1.711 x2 x5 +  2.401 x3^2 + -3.764 x3 x4 +  1.784 x3 x5 +  1.495 x4^2 + -1.332 x4 x5 +  0.246 x5^2
86,35.0,,,sr3,0.1,0.05,0.1,2,6,2,8.0,40.0,0,0.0,finite_difference,success,,151,168,89.88095238095238,0.3581972746178508,"[""1"", ""x0"", ""x1"", ""x2"", ""x3"", ""x4"", ""x5"", ""x0^2"", ""x0 x1"", ""x0 x2"", ""x0 x3"", ""x0 x4"", ""x0 x5"", ""x1^2"", ""x1 x2"", ""x1 x3"", ""x1 x4"", ""x1 x5"", ""x2^2"", ""x2 x3"", ""x2 x4"", ""x2 x5"", ""x3^2"", ""x3 x4"", ""x3 x5"", ""x4^2"", ""x4 x5"", ""x5^2""]","[[-23.91721010213211, 197.13471726762816, -357.1305143351705, 276.55427546057876, -184.23033151637918, 86.06989888973223, -20.422083961409427, -0.25074621312136786, 1.56084512040711, -2.2852061712493748, 2.092803373998357, -1.1981305492991308, 0.3830647913945924, -1.97389723519823, 5.288853127173041, -4.86137944197941, 2.888905798689423, -1.023869462996858, -3.424656228116444, 6.376438939038085, -3.9144854648677474, 1.4669112553189732, -2.9332502280180885, 3.6212810218443963, -1.4000190579307437, -1.1565168156346388, 0.915495580120553, -0.16735934655954124], [3.6873778507898867, 47.46362324461393, 62.71220066973483, -155.8958447117484, 67.54236095287196, -27.92894151683177, 6.474876575850496, 0.0, -0.36403578547421034, 0.5055236750065267, -0.4510049969471915, 0.25798227312109856, -0.0, 0.4362938525804369, -1.135852671938812, 1.0287842303501629, -0.6179965333991194, 0.228384575901628, 0.7354483139023354, -1.3695843586972407, 0.8573834905790052, -0.3355053095101613, 0.6330214435159958, -0.7994251673380057, 0.32410614456172204, 0.26268789772543255, -0.21808297725399756, 0.0], [-1.890286906201029, -9.690797792567555, 76.16934460640144, 17.582745047944787, -106.23865868291541, 27.683796888901718, -5.707702529650276, -0.0, 0.18515362899228893, -0.25587404870199665, 0.22828340012399984, -0.0, 0.0, -0.2146946118877693, 0.5649775122175892, -0.5211987032637965, 0.3251075387804559, -0.0, -0.380724848626561, 0.733287388097728, -0.4811889093729003, 0.20131570600526608, -0.3501277693663651, 0.4643190819393919, -0.20066292785176507, -0.16084280963988096, 0.0, -0.0], [1.5433405624470202, 5.70294844608706, -27.631636208996824, 106.10171978301976, -17.45729137741728, -76.2032574645965, 9.688173798006444, 0.0, -0.16645541883757808, 0.22854882982929184, -0.20345184681879944, 0.0, -0.0, 0.18961085611286577, -0.5069405482307383, 0.47390167240247366, -0.31044545530514545, 0.0, 0.35506852319625776, -0.6948174544174976, 0.4773525853415261, -0.2094240638286436, 0.3346156858808429, -0.4658842667104541, 0.21213974101038788, 0.17050892453636285, -0.15540554892949482, 0.0], [-3.178532681422008, -6.467336458581597, 27.86119785659058, -67.35432205533165, 155.72011558741866, -62.6740020825692, -47.453620409725204, -0.0, 0.22968415268952183, -0.3249112805574596, 0.2952313895992746, -0.18555769836930658, 0.0, -0.2635361437855206, 0.7414925802273168, -0.717205739913021, 0.4995677661084368, -0.22256089678759033, -0.5509206527495787, 1.1071917819188641, -0.8020602485730164, 0.36522030720259435, -0.5438239180021367, 0.800704259294575, -0.37611915500145254, -0.3071131072681014, 0.28125838494836447, -0.0], [19.448130241140767, 20.387423046616455, -85.82699857994993, 183.51548741947326, -276.02548118151316, 357.299382588172, -197.32716661576015, 0.14894239364355805, -0.8177057449885321, 1.2207785522310877, -1.1530295081246031, 0.7766107205277949, -0.32392834815124827, 0.9548332169410662, -2.873687110461577, 2.9257935384596485, -2.2079318846047347, 1.0270660385105013, 2.2690377084175424, -4.738246748470126, 3.6678693930341866, -1.7113434671487888, 2.4010942814116363, -3.764068573136645, 1.7843800183715468, 1.4949262563135424, -1.331866442800463, 0.2457027992633003]]",(x0)' = -23.917 1 +  197.135 x0 + -357.131 x1 +  276.554 x2 + -184.230 x3 +  86.070 x4 + -20.422 x5 + -0.251 x0^2 +  1.561 x0 x1 + -2.285 x0 x2 +  2.093 x0 x3 + -1.198 x0 x4 +  0.383 x0 x5 + -1.974 x1^2 +  5.289 x1 x2 + -4.861 x1 x3 +  2.889 x1 x4 + -1.024 x1 x5 + -3.425 x2^2 +  6.376 x2 x3 + -3.914 x2 x4 +  1.467 x2 x5 + -2.933 x3^2 +  3.621 x3 x4 + -1.400 x3 x5 + -1.157 x4^2 +  0.915 x4 x5 + -0.167 x5^2 | (x1)' =  3.687 1 +  47.464 x0 +  62.712 x1 + -155.896 x2 +  67.542 x3 + -27.929 x4 +  6.475 x5 + -0.364 x0 x1 +  0.506 x0 x2 + -0.451 x0 x3 +  0.258 x0 x4 +  0.436 x1^2 + -1.136 x1 x2 +  1.029 x1 x3 + -0.618 x1 x4 +  0.228 x1 x5 +  0.735 x2^2 + -1.370 x2 x3 +  0.857 x2 x4 + -0.336 x2 x5 +  0.633 x3^2 + -0.799 x3 x4 +  0.324 x3 x5 +  0.263 x4^2 + -0.218 x4 x5 | (x2)' = -1.890 1 + -9.691 x0 +  76.169 x1 +  17.583 x2 + -106.239 x3 +  27.684 x4 + -5.708 x5 +  0.185 x0 x1 + -0.256 x0 x2 +  0.228 x0 x3 + -0.215 x1^2 +  0.565 x1 x2 + -0.521 x1 x3 +  0.325 x1 x4 + -0.381 x2^2 +  0.733 x2 x3 + -0.481 x2 x4 +  0.201 x2 x5 + -0.350 x3^2 +  0.464 x3 x4 + -0.201 x3 x5 + -0.161 x4^2 | (x3)' =  1.543 1 +  5.703 x0 + -27.632 x1 +  106.102 x2 + -17.457 x3 + -76.203 x4 +  9.688 x5 + -0.166 x0 x1 +  0.229 x0 x2 + -0.203 x0 x3 +  0.190 x1^2 + -0.507 x1 x2 +  0.474 x1 x3 + -0.310 x1 x4 +  0.355 x2^2 + -0.695 x2 x3 +  0.477 x2 x4 + -0.209 x2 x5 +  0.335 x3^2 + -0.466 x3 x4 +  0.212 x3 x5 +  0.171 x4^2 + -0.155 x4 x5 | (x4)' = -3.179 1 + -6.467 x0 +  27.861 x1 + -67.354 x2 +  155.720 x3 + -62.674 x4 + -47.454 x5 +  0.230 x0 x1 + -0.325 x0 x2 +  0.295 x0 x3 + -0.186 x0 x4 + -0.264 x1^2 +  0.741 x1 x2 + -0.717 x1 x3 +  0.500 x1 x4 + -0.223 x1 x5 + -0.551 x2^2 +  1.107 x2 x3 + -0.802 x2 x4 +  0.365 x2 x5 + -0.544 x3^2 +  0.801 x3 x4 + -0.376 x3 x5 + -0.307 x4^2 +  0.281 x4 x5 | (x5)' =  19.448 1 +  20.387 x0 + -85.827 x1 +  183.515 x2 + -276.025 x3 +  357.299 x4 + -197.327 x5 +  0.149 x0^2 + -0.818 x0 x1 +  1.221 x0 x2 + -1.153 x0 x3 +  0.777 x0 x4 + -0.324 x0 x5 +  0.955 x1^2 + -2.874 x1 x2 +  2.926 x1 x3 + -2.208 x1 x4 +  1.027 x1 x5 +  2.269 x2^2 + -4.738 x2 x3 +  3.668 x2 x4 + -1.711 x2 x5 +  2.401 x3^2 + -3.764 x3 x4 +  1.784 x3 x5 +  1.495 x4^2 + -1.332 x4 x5 +  0.246 x5^2
87,35.0,,,sr3,0.1,0.05,1.0,2,6,2,8.0,40.0,0,0.0,finite_difference,success,,106,168,63.095238095238095,0.3707562303170562,"[""1"", ""x0"", ""x1"", ""x2"", ""x3"", ""x4"", ""x5"", ""x0^2"", ""x0 x1"", ""x0 x2"", ""x0 x3"", ""x0 x4"", ""x0 x5"", ""x1^2"", ""x1 x2"", ""x1 x3"", ""x1 x4"", ""x1 x5"", ""x2^2"", ""x2 x3"", ""x2 x4"", ""x2 x5"", ""x3^2"", ""x3 x4"", ""x3 x5"", ""x4^2"", ""x4 x5"", ""x5^2""]","[[-23.91721016949747, 197.13471726973745, -357.1305143393669, 276.554275463956, -184.2303315177272, 86.06989888937586, -20.422083960902107, -0.0, 1.5608451088843676, -2.2852061536814205, 2.0928033560218586, -1.1981305369648103, 0.0, -1.9738972190203476, 5.2888530783517975, -4.861379392429885, 2.888905764915023, -1.02386945077374, -3.4246561917859286, 6.3764388662374145, -3.9144854158051934, 1.4669112376876026, -2.933250192033231, 3.621280973942381, -1.4000190408539142, -1.1565167999018813, 0.915495569019351, -0.0], [3.6873788327797032, 47.46362322855816, 62.712200697686626, -155.89584472907376, 67.54236095541708, -27.92894150750452, 6.474876567573548, 0.0, -0.0, 0.5055234420990853, -0.45100475996271827, 0.0, -0.0, 0.0, -1.1358519743358757, 1.0287835203530207, -0.6179960619412506, 0.0, 0.7354477709180621, -1.3695832564411836, 0.8573827593688379, -0.0, 0.6330208863455553, -0.7994244307402734, 0.0, 0.0, -0.0, 0.0], [-1.8902875562211348, -9.690797776650424, 76.16934457431483, 17.582745088406565, -106.23865872258709, 27.683796917295123, -5.70770254052234, -0.0, 0.0, -0.0, 0.0, -0.0, 0.0, -0.0, 0.5649769358506509, -0.5211981662141165, 0.0, -0.0, -0.0, 0.7332865752418023, -0.481188449329731, 0.0, -0.0, 0.4643186580742289, -0.0, -0.0, 0.0, -0.0], [1.5433417275865466, 5.7029484320828105, -27.631636185945716, 106.10171976727574, -17.457291370695334, -76.20325746278795, 9.688173793349524, 0.0, -0.0, 0.0, -0.0, 0.0, -0.0, 0.0, -0.5069397286003151, 0.4739008556094989, -0.0, 0.0, 0.0, -0.694816161068311, 0.4773517680832045, -0.0, 0.0, -0.4658834450791994, 0.0, 0.0, -0.0, 0.0], [-3.178533925106741, -6.467336435650308, 27.86119781449502, -67.35432202669695, 155.72011558031207, -62.674002092200205, -47.45362040019896, -0.0, 0.0, -0.0, 0.0, -0.0, 0.0, -0.0, 0.7414916696242415, -0.7172048154166094, 0.49956715480223113, -0.0, -0.5509199480363428, 1.1071903570070718, -0.8020593081166028, 0.0, -0.5438232012828926, 0.8007033169892774, -0.0, -0.0, 0.0, -0.0], [19.448130301779123, 20.38742304512317, -85.8269985771298, 183.51548741770293, -276.0254811814925, 357.29938258932214, -197.3271666165666, 0.0, -0.817705735473306, 1.2207785374656916, -1.1530294927609668, 0.7766107098138063, -0.0, 0.9548332033659215, -2.8736870687647613, 2.9257934954216682, -2.2079318547803712, 1.0270660275682875, 2.269037676819939, -4.738246684030502, 3.66786934884619, -1.7113434510362293, 2.4010942489653027, -3.764068529144821, 1.7843800024402139, 1.4949262415810523, -1.33186643222669, 0.0]]",(x0)' = -23.917 1 +  197.135 x0 + -357.131 x1 +  276.554 x2 + -184.230 x3 +  86.070 x4 + -20.422 x5 +  1.561 x0 x1 + -2.285 x0 x2 +  2.093 x0 x3 + -1.198 x0 x4 + -1.974 x1^2 +  5.289 x1 x2 + -4.861 x1 x3 +  2.889 x1 x4 + -1.024 x1 x5 + -3.425 x2^2 +  6.376 x2 x3 + -3.914 x2 x4 +  1.467 x2 x5 + -2.933 x3^2 +  3.621 x3 x4 + -1.400 x3 x5 + -1.157 x4^2 +  0.915 x4 x5 | (x1)' =  3.687 1 +  47.464 x0 +  62.712 x1 + -155.896 x2 +  67.542 x3 + -27.929 x4 +  6.475 x5 +  0.506 x0 x2 + -0.451 x0 x3 + -1.136 x1 x2 +  1.029 x1 x3 + -0.618 x1 x4 +  0.735 x2^2 + -1.370 x2 x3 +  0.857 x2 x4 +  0.633 x3^2 + -0.799 x3 x4 | (x2)' = -1.890 1 + -9.691 x0 +  76.169 x1 +  17.583 x2 + -106.239 x3 +  27.684 x4 + -5.708 x5 +  0.565 x1 x2 + -0.521 x1 x3 +  0.733 x2 x3 + -0.481 x2 x4 +  0.464 x3 x4 | (x3)' =  1.543 1 +  5.703 x0 + -27.632 x1 +  106.102 x2 + -17.457 x3 + -76.203 x4 +  9.688 x5 + -0.507 x1 x2 +  0.474 x1 x3 + -0.695 x2 x3 +  0.477 x2 x4 + -0.466 x3 x4 | (x4)' = -3.179 1 + -6.467 x0 +  27.861 x1 + -67.354 x2 +  155.720 x3 + -62.674 x4 + -47.454 x5 +  0.741 x1 x2 + -0.717 x1 x3 +  0.500 x1 x4 + -0.551 x2^2 +  1.107 x2 x3 + -0.802 x2 x4 + -0.544 x3^2 +  0.801 x3 x4 | (x5)' =  19.448 1 +  20.387 x0 + -85.827 x1 +  183.515 x2 + -276.025 x3 +  357.299 x4 + -197.327 x5 + -0.818 x0 x1 +  1.221 x0 x2 + -1.153 x0 x3 +  0.777 x0 x4 +  0.955 x1^2 + -2.874 x1 x2 +  2.926 x1 x3 + -2.208 x1 x4 +  1.027 x1 x5 +  2.269 x2^2 + -4.738 x2 x3 +  3.668 x2 x4 + -1.711 x2 x5 +  2.401 x3^2 + -3.764 x3 x4 +  1.784 x3 x5 +  1.495 x4^2 + -1.332 x4 x5
88,35.0,,,sr3,0.1,0.05,10.0,2,6,2,8.0,40.0,0,0.0,finite_difference,success,,66,168,39.285714285714285,0.3485179888084531,"[""1"", ""x0"", ""x1"", ""x2"", ""x3"", ""x4"", ""x5"", ""x0^2"", ""x0 x1"", ""x0 x2"", ""x0 x3"", ""x0 x4"", ""x0 x5"", ""x1^2"", ""x1 x2"", ""x1 x3"", ""x1 x4"", ""x1 x5"", ""x2^2"", ""x2 x3"", ""x2 x4"", ""x2 x5"", ""x3^2"", ""x3 x4"", ""x3 x5"", ""x4^2"", ""x4 x5"", ""x5^2""]","[[-23.917210355628832, 197.13471727013277, -357.13051433890024, 276.5542754595213, -184.23033151069995, 86.06989888240084, -20.422083957075575, -0.0, 1.5608450868825403, -2.285206116107089, 2.092803314727411, -0.0, 0.0, -1.9738971834957615, 5.2888529584221455, -4.861379261518508, 2.888905672642343, -0.0, -3.4246560917266287, 6.376438649736347, -3.9144852641296275, 1.4669111834823154, -2.933250076007892, 3.6212808126777984, -0.0, -0.0, 0.0, -0.0], [3.6873790131263298, 47.463623226917356, 62.71220070090889, -155.89584473378477, 67.54236096121696, -27.928941513861698, 6.474876570494674, 0.0, -0.0, 0.0, -0.0, 0.0, -0.0, 0.0, -0.0, 0.0, -0.0, 0.0, 0.0, -0.0, 0.0, -0.0, 0.0, -0.0, 0.0, 0.0, -0.0, 0.0], [-1.8902861494801317, -9.690797803694355, 76.1693446247713, 17.5827450505742, -106.23865870812145, 27.683796922192002, -5.707702548227026, -0.0, 0.0, -0.0, 0.0, -0.0, 0.0, -0.0, 0.0, -0.0, 0.0, -0.0, -0.0, 0.0, -0.0, 0.0, -0.0, 0.0, -0.0, -0.0, 0.0, -0.0], [1.5433403798288936, 5.7029484571736555, -27.63163623241323, 106.1017198009859, -17.45729138206327, -76.2032574693154, 9.688173801540485, 0.0, -0.0, 0.0, -0.0, 0.0, -0.0, 0.0, -0.0, 0.0, -0.0, 0.0, 0.0, -0.0, 0.0, -0.0, 0.0, -0.0, 0.0, 0.0, -0.0, 0.0], [-3.178533606079515, -6.467336445189148, 27.861197833120663, -67.35432203934579, 155.72011558218156, -62.67400208587717, -47.45362040502206, -0.0, 0.0, -0.0, 0.0, -0.0, 0.0, -0.0, 0.0, -0.0, 0.0, -0.0, -0.0, 0.0, -0.0, 0.0, -0.0, 0.0, -0.0, -0.0, 0.0, -0.0], [19.448130566381685, 20.38742303777513, -85.82699856261857, 183.51548740433952, -276.0254811728905, 357.2993825861266, -197.32716661628956, 0.0, -0.0, 0.0, -0.0, 0.0, -0.0, 0.0, -2.873686858511008, 2.925793290377063, -2.2079317249942236, 0.0, 2.269037520790178, -4.7382463816477705, 3.667869158037, -1.7113433883449436, 2.4010941033789237, -3.764068346170771, 1.784379942360032, 1.4949261843635235, -0.0, 0.0]]",(x0)' = -23.917 1 +  197.135 x0 + -357.131 x1 +  276.554 x2 + -184.230 x3 +  86.070 x4 + -20.422 x5 +  1.561 x0 x1 + -2.285 x0 x2 +  2.093 x0 x3 + -1.974 x1^2 +  5.289 x1 x2 + -4.861 x1 x3 +  2.889 x1 x4 + -3.425 x2^2 +  6.376 x2 x3 + -3.914 x2 x4 +  1.467 x2 x5 + -2.933 x3^2 +  3.621 x3 x4 | (x1)' =  3.687 1 +  47.464 x0 +  62.712 x1 + -155.896 x2 +  67.542 x3 + -27.929 x4 +  6.475 x5 | (x2)' = -1.890 1 + -9.691 x0 +  76.169 x1 +  17.583 x2 + -106.239 x3 +  27.684 x4 + -5.708 x5 | (x3)' =  1.543 1 +  5.703 x0 + -27.632 x1 +  106.102 x2 + -17.457 x3 + -76.203 x4 +  9.688 x5 | (x4)' = -3.179 1 + -6.467 x0 +  27.861 x1 + -67.354 x2 +  155.720 x3 + -62.674 x4 + -47.454 x5 | (x5)' =  19.448 1 +  20.387 x0 + -85.827 x1 +  183.515 x2 + -276.025 x3 +  357.299 x4 + -197.327 x5 + -2.874 x1 x2 +  2.926 x1 x3 + -2.208 x1 x4 +  2.269 x2^2 + -4.738 x2 x3 +  3.668 x2 x4 + -1.711 x2 x5 +  2.401 x3^2 + -3.764 x3 x4 +  1.784 x3 x5 +  1.495 x4^2
89,35.0,,,sr3,0.1,0.05,0.01,2,6,2,8.0,40.0,5,20.0,smoothed_finite_difference_savgol_order_3,success,,163,168,97.02380952380952,0.3827993283048272,"[""1"", ""x0"", ""x1"", ""x2"", ""x3"", ""x4"", ""x5"", ""x0^2"", ""x0 x1"", ""x0 x2"", ""x0 x3"", ""x0 x4"", ""x0 x5"", ""x1^2"", ""x1 x2"", ""x1 x3"", ""x1 x4"", ""x1 x5"", ""x2^2"", ""x2 x3"", ""x2 x4"", ""x2 x5"", ""x3^2"", ""x3 x4"", ""x3 x5"", ""x4^2"", ""x4 x5"", ""x5^2""]","[[-22.75742512704596, 199.38802325339051, -363.11332811855186, 284.19157569345566, -190.20955460587808, 88.8855851325998, -21.07626867468252, -0.25323717734594764, 1.5984670150265923, -2.373031020972155, 2.1915006935436843, -1.2649498123195815, 0.40525378178027727, -2.066926834264657, 5.642630729268076, -5.224848450465852, 3.1259587457188003, -1.1030274470770378, -3.7318947300901946, 6.984599750129085, -4.3058668428575535, 1.6005824290839434, -3.2326667732210823, 4.012450555953823, -1.5373334092914424, -1.2877672786699987, 1.0080806307271437, -0.18313692820768532], [3.500780063029661, 47.07477289957654, 63.7036505924334, -157.06950432726325, 68.34504089526197, -28.212656894098625, 6.506857279723152, 0.06428576343451785, -0.36892246937898526, 0.5207595963754694, -0.46885663345334416, 0.27037263559746194, -0.08929637768072665, 0.45439383408502304, -1.2077204059145383, 1.1016233453782913, -0.6651801036919764, 0.24340898332149336, 0.7976942955379188, -1.489180315471766, 0.9334016972868686, -0.3602587443106914, 0.6905333011951567, -0.8745903013755469, 0.3492838722841557, 0.28786552187660325, -0.23461851967065117, 0.0], [-1.8149681184448112, -9.543302676243885, 75.83014792236995, 17.900622498618457, -106.34202629721952, 27.611675465531775, -5.646361351945183, -0.0, 0.18686828853088314, -0.263059736919872, 0.2370568849155239, -0.13866409788014722, 0.0484851733850428, -0.2238845700392178, 0.6015992852133352, -0.5584049869490753, 0.3492481940891204, -0.13706697309857563, -0.4119706172695829, 0.7939002871547615, -0.5204534676791264, 0.21364769984086202, -0.3804236079503049, 0.5053577142524003, -0.21376466257147894, -0.1747834190985001, 0.14895992222939825, -0.0], [1.438702907728449, 5.644271576955758, -27.56709986013608, 106.21498872419905, -17.78197709722442, -75.86257765825928, 9.541175122313794, 0.0, -0.1752297379323494, 0.24367504604338971, -0.2187268746482655, 0.13161090016833982, -0.04813741259894262, 0.20592028447896832, -0.5579612603392539, 0.5227153726031244, -0.3409727534838982, 0.14002516191670927, 0.392647670222674, -0.7652097598804363, 0.5215584828271277, -0.22248801938203006, 0.368643105353795, -0.5103269106152928, 0.22528742811553007, 0.18495227089405894, -0.16319016458927255, 0.0], [-3.008223683855699, -6.501197418292222, 28.148884291625155, -68.16012498333448, 156.89201393956975, -63.65916219302948, -47.068551454468064, -0.04657253660032355, 0.25130445775954485, -0.3585287668313846, 0.3282254672240296, -0.20600685617132772, 0.07920682969268088, -0.29744349788129126, 0.8418045054707598, -0.8131175389260307, 0.5587353187016116, -0.24004448168623296, -0.622456659055447, 1.2431167210622314, -0.8866524161388867, 0.39027452994859424, -0.6106270067790197, 0.8862480516039248, -0.4009043854697517, -0.33366512420851996, 0.29460241730062553, -0.056637860357436516], [18.612107472973335, 21.04600152177593, -88.65158692120836, 189.5128954770913, -283.68062588013896, 363.2820414731892, -199.5756424357229, 0.1678015774866057, -0.928132138726616, 1.383480770145605, -1.3094126059981503, 0.8720518766297958, -0.3531733491352414, 1.111209654342263, -3.323351532337111, 3.3581322341760007, -2.476084936278855, 1.1099180553249555, 2.5892181866259625, -5.359957233112952, 4.059209519495299, -1.832520775562541, 2.7115528985889688, -4.159555597264037, 1.9015698414567066, 1.6140489015542994, -1.3913786804523836, 0.25080651037750695]]",(x0)' = -22.757 1 +  199.388 x0 + -363.113 x1 +  284.192 x2 + -190.210 x3 +  88.886 x4 + -21.076 x5 + -0.253 x0^2 +  1.598 x0 x1 + -2.373 x0 x2 +  2.192 x0 x3 + -1.265 x0 x4 +  0.405 x0 x5 + -2.067 x1^2 +  5.643 x1 x2 + -5.225 x1 x3 +  3.126 x1 x4 + -1.103 x1 x5 + -3.732 x2^2 +  6.985 x2 x3 + -4.306 x2 x4 +  1.601 x2 x5 + -3.233 x3^2 +  4.012 x3 x4 + -1.537 x3 x5 + -1.288 x4^2 +  1.008 x4 x5 + -0.183 x5^2 | (x1)' =  3.501 1 +  47.075 x0 +  63.704 x1 + -157.070 x2 +  68.345 x3 + -28.213 x4 +  6.507 x5 +  0.064 x0^2 + -0.369 x0 x1 +  0.521 x0 x2 + -0.469 x0 x3 +  0.270 x0 x4 + -0.089 x0 x5 +  0.454 x1^2 + -1.208 x1 x2 +  1.102 x1 x3 + -0.665 x1 x4 +  0.243 x1 x5 +  0.798 x2^2 + -1.489 x2 x3 +  0.933 x2 x4 + -0.360 x2 x5 +  0.691 x3^2 + -0.875 x3 x4 +  0.349 x3 x5 +  0.288 x4^2 + -0.235 x4 x5 | (x2)' = -1.815 1 + -9.543 x0 +  75.830 x1 +  17.901 x2 + -106.342 x3 +  27.612 x4 + -5.646 x5 +  0.187 x0 x1 + -0.263 x0 x2 +  0.237 x0 x3 + -0.139 x0 x4 +  0.048 x0 x5 + -0.224 x1^2 +  0.602 x1 x2 + -0.558 x1 x3 +  0.349 x1 x4 + -0.137 x1 x5 + -0.412 x2^2 +  0.794 x2 x3 + -0.520 x2 x4 +  0.214 x2 x5 + -0.380 x3^2 +  0.505 x3 x4 + -0.214 x3 x5 + -0.175 x4^2 +  0.149 x4 x5 | (x3)' =  1.439 1 +  5.644 x0 + -27.567 x1 +  106.215 x2 + -17.782 x3 + -75.863 x4 +  9.541 x5 + -0.175 x0 x1 +  0.244 x0 x2 + -0.219 x0 x3 +  0.132 x0 x4 + -0.048 x0 x5 +  0.206 x1^2 + -0.558 x1 x2 +  0.523 x1 x3 + -0.341 x1 x4 +  0.140 x1 x5 +  0.393 x2^2 + -0.765 x2 x3 +  0.522 x2 x4 + -0.222 x2 x5 +  0.369 x3^2 + -0.510 x3 x4 +  0.225 x3 x5 +  0.185 x4^2 + -0.163 x4 x5 | (x4)' = -3.008 1 + -6.501 x0 +  28.149 x1 + -68.160 x2 +  156.892 x3 + -63.659 x4 + -47.069 x5 + -0.047 x0^2 +  0.251 x0 x1 + -0.359 x0 x2 +  0.328 x0 x3 + -0.206 x0 x4 +  0.079 x0 x5 + -0.297 x1^2 +  0.842 x1 x2 + -0.813 x1 x3 +  0.559 x1 x4 + -0.240 x1 x5 + -0.622 x2^2 +  1.243 x2 x3 + -0.887 x2 x4 +  0.390 x2 x5 + -0.611 x3^2 +  0.886 x3 x4 + -0.401 x3 x5 + -0.334 x4^2 +  0.295 x4 x5 + -0.057 x5^2 | (x5)' =  18.612 1 +  21.046 x0 + -88.652 x1 +  189.513 x2 + -283.681 x3 +  363.282 x4 + -199.576 x5 +  0.168 x0^2 + -0.928 x0 x1 +  1.383 x0 x2 + -1.309 x0 x3 +  0.872 x0 x4 + -0.353 x0 x5 +  1.111 x1^2 + -3.323 x1 x2 +  3.358 x1 x3 + -2.476 x1 x4 +  1.110 x1 x5 +  2.589 x2^2 + -5.360 x2 x3 +  4.059 x2 x4 + -1.833 x2 x5 +  2.712 x3^2 + -4.160 x3 x4 +  1.902 x3 x5 +  1.614 x4^2 + -1.391 x4 x5 +  0.251 x5^2
90,35.0,,,sr3,0.1,0.05,0.1,2,6,2,8.0,40.0,5,20.0,smoothed_finite_difference_savgol_order_3,success,,152,168,90.47619047619048,0.36059781815856695,"[""1"", ""x0"", ""x1"", ""x2"", ""x3"", ""x4"", ""x5"", ""x0^2"", ""x0 x1"", ""x0 x2"", ""x0 x3"", ""x0 x4"", ""x0 x5"", ""x1^2"", ""x1 x2"", ""x1 x3"", ""x1 x4"", ""x1 x5"", ""x2^2"", ""x2 x3"", ""x2 x4"", ""x2 x5"", ""x3^2"", ""x3 x4"", ""x3 x5"", ""x4^2"", ""x4 x5"", ""x5^2""]","[[-22.757425133095097, 199.38802325347234, -363.1133281186867, 284.19157569350995, -190.20955460583468, 88.88558513250578, -21.076268674620312, -0.2532371771842395, 1.5984670140063733, -2.3730310193210045, 2.191500691846153, -1.264949811209178, 0.4052537814113052, -2.0669268326708647, 5.642630724142167, -5.224848445211644, 3.1259587422861377, -1.1030274459348384, -3.7318947260002804, 6.98459974179501, -4.305866837434825, 1.600582427282289, -3.2326667690041324, 4.01245055049823, -1.5373334074842786, -1.287767276918376, 1.0080806295739433, -0.1831369280196605], [3.5007798686729847, 47.074772891773435, 63.7036506134984, -157.06950436054908, 68.34504093036625, -28.212656921472874, 6.506857292199951, 0.0, -0.36892246626922404, 0.5207595980394338, -0.4688566414315746, 0.27037264511648446, -0.0, 0.45439383574509623, -1.2077204318898282, 1.1016233921759817, -0.6651801487781721, 0.24340900346572852, 0.7976943335504907, -1.4891804281464938, 0.9334017967822583, -0.36025878690767693, 0.6905333782615959, -0.8745904314648635, 0.3492839267242506, 0.287865575130583, -0.2346185634739118, 0.0], [-1.814968603606203, -9.543302662533824, 75.83014789443627, 17.90062251889025, -106.34202630141364, 27.611675459456883, -5.646361347119165, -0.0, 0.18686815621250583, -0.2630595202879649, 0.23705665386788669, -0.0, 0.0, -0.22388436797401873, 0.6015986399138797, -0.5584043126757691, 0.3492477331667561, -0.0, -0.4119701160721248, 0.793899266342047, -0.5204527860592966, 0.21364746414711802, -0.380423101556467, 0.505357054895697, -0.21376443897939423, -0.17478321010722803, 0.14895978377298488, -0.0], [1.4387033585217004, 5.644271563300139, -27.567099831965304, 106.21498870252569, -17.781977090820785, -75.86257765431358, 9.541175118558334, 0.0, -0.1752296099864492, 0.24367483677858032, -0.21872665171989414, 0.0, -0.0, 0.2059200891709979, -0.5579606373833379, 0.5227147226396132, -0.34097230978989895, 0.0, 0.3926471871835373, -0.7652087780926844, 0.5215578286760975, -0.22248779363357474, 0.3686426197167079, -0.5103262803082703, 0.22528721506453353, 0.18495207202301603, -0.16319003348421615, 0.0], [-3.008223858933562, -6.501197413531724, 28.148884282324847, -68.1601249766161, 156.89201393803205, -63.659162195411476, -47.06855145248888, -0.0, 0.2513044271910053, -0.3585287194647118, 0.328225418410855, -0.2060068227428071, 0.0, -0.29744345392978744, 0.8418043704494811, -0.8131174007122512, 0.558735224553166, -0.24004444789820992, -0.6224565565234658, 1.2431165133219488, -0.8866522759048903, 0.39027447989331987, -0.6106269026777238, 0.8862479124389904, -0.40090433609393067, -0.3336650781841792, 0.2946023849042554, -0.0], [18.612107478343276, 21.046001521677635, -88.65158692100685, 189.5128954769098, -283.68062588003727, 363.2820414731802, -199.5756424357481, 0.16780157734310078, -0.9281321378231546, 1.3834807686845516, -1.3094126044933465, 0.8720518756413462, -0.3531733488052978, 1.1112096529336426, -3.323351527809987, 3.3581322295277767, -2.4760849332301023, 1.10991805430611, 2.5892181830166083, -5.3599572257472765, 4.059209514685089, -1.8325207739578577, 2.71155289485732, -4.159555592419542, 1.9015698398456553, 1.6140488999937064, -1.3913786794209997, 0.25080651020869427]]",(x0)' = -22.757 1 +  199.388 x0 + -363.113 x1 +  284.192 x2 + -190.210 x3 +  88.886 x4 + -21.076 x5 + -0.253 x0^2 +  1.598 x0 x1 + -2.373 x0 x2 +  2.192 x0 x3 + -1.265 x0 x4 +  0.405 x0 x5 + -2.067 x1^2 +  5.643 x1 x2 + -5.225 x1 x3 +  3.126 x1 x4 + -1.103 x1 x5 + -3.732 x2^2 +  6.985 x2 x3 + -4.306 x2 x4 +  1.601 x2 x5 + -3.233 x3^2 +  4.012 x3 x4 + -1.537 x3 x5 + -1.288 x4^2 +  1.008 x4 x5 + -0.183 x5^2 | (x1)' =  3.501 1 +  47.075 x0 +  63.704 x1 + -157.070 x2 +  68.345 x3 + -28.213 x4 +  6.507 x5 + -0.369 x0 x1 +  0.521 x0 x2 + -0.469 x0 x3 +  0.270 x0 x4 +  0.454 x1^2 + -1.208 x1 x2 +  1.102 x1 x3 + -0.665 x1 x4 +  0.243 x1 x5 +  0.798 x2^2 + -1.489 x2 x3 +  0.933 x2 x4 + -0.360 x2 x5 +  0.691 x3^2 + -0.875 x3 x4 +  0.349 x3 x5 +  0.288 x4^2 + -0.235 x4 x5 | (x2)' = -1.815 1 + -9.543 x0 +  75.830 x1 +  17.901 x2 + -106.342 x3 +  27.612 x4 + -5.646 x5 +  0.187 x0 x1 + -0.263 x0 x2 +  0.237 x0 x3 + -0.224 x1^2 +  0.602 x1 x2 + -0.558 x1 x3 +  0.349 x1 x4 + -0.412 x2^2 +  0.794 x2 x3 + -0.520 x2 x4 +  0.214 x2 x5 + -0.380 x3^2 +  0.505 x3 x4 + -0.214 x3 x5 + -0.175 x4^2 +  0.149 x4 x5 | (x3)' =  1.439 1 +  5.644 x0 + -27.567 x1 +  106.215 x2 + -17.782 x3 + -75.863 x4 +  9.541 x5 + -0.175 x0 x1 +  0.244 x0 x2 + -0.219 x0 x3 +  0.206 x1^2 + -0.558 x1 x2 +  0.523 x1 x3 + -0.341 x1 x4 +  0.393 x2^2 + -0.765 x2 x3 +  0.522 x2 x4 + -0.222 x2 x5 +  0.369 x3^2 + -0.510 x3 x4 +  0.225 x3 x5 +  0.185 x4^2 + -0.163 x4 x5 | (x4)' = -3.008 1 + -6.501 x0 +  28.149 x1 + -68.160 x2 +  156.892 x3 + -63.659 x4 + -47.069 x5 +  0.251 x0 x1 + -0.359 x0 x2 +  0.328 x0 x3 + -0.206 x0 x4 + -0.297 x1^2 +  0.842 x1 x2 + -0.813 x1 x3 +  0.559 x1 x4 + -0.240 x1 x5 + -0.622 x2^2 +  1.243 x2 x3 + -0.887 x2 x4 +  0.390 x2 x5 + -0.611 x3^2 +  0.886 x3 x4 + -0.401 x3 x5 + -0.334 x4^2 +  0.295 x4 x5 | (x5)' =  18.612 1 +  21.046 x0 + -88.652 x1 +  189.513 x2 + -283.681 x3 +  363.282 x4 + -199.576 x5 +  0.168 x0^2 + -0.928 x0 x1 +  1.383 x0 x2 + -1.309 x0 x3 +  0.872 x0 x4 + -0.353 x0 x5 +  1.111 x1^2 + -3.323 x1 x2 +  3.358 x1 x3 + -2.476 x1 x4 +  1.110 x1 x5 +  2.589 x2^2 + -5.360 x2 x3 +  4.059 x2 x4 + -1.833 x2 x5 +  2.712 x3^2 + -4.160 x3 x4 +  1.902 x3 x5 +  1.614 x4^2 + -1.391 x4 x5 +  0.251 x5^2
91,35.0,,,sr3,0.1,0.05,1.0,2,6,2,8.0,40.0,5,20.0,smoothed_finite_difference_savgol_order_3,success,,107,168,63.69047619047619,0.3660494042560458,"[""1"", ""x0"", ""x1"", ""x2"", ""x3"", ""x4"", ""x5"", ""x0^2"", ""x0 x1"", ""x0 x2"", ""x0 x3"", ""x0 x4"", ""x0 x5"", ""x1^2"", ""x1 x2"", ""x1 x3"", ""x1 x4"", ""x1 x5"", ""x2^2"", ""x2 x3"", ""x2 x4"", ""x2 x5"", ""x3^2"", ""x3 x4"", ""x3 x5"", ""x4^2"", ""x4 x5"", ""x5^2""]","[[-22.757425213770894, 199.3880232560061, -363.11332812379766, 284.19157569768373, -190.2095546075221, 88.88558513206529, -21.076268673977196, -0.0, 1.5984669990665805, -2.3730309963467167, 2.191500668328189, -1.2649497952039075, 0.0, -2.0669268113639254, 5.64263065923366, -5.2248483792660405, 3.125958697685394, -1.103027430025558, -3.7318946771782304, 6.984599643739933, -4.305866771802208, 1.600582404025823, -3.2326667203604638, 4.01245048610838, -1.537333384835563, -1.2877672558622284, 1.008080614900916, -0.0], [3.5007807317390554, 47.07477288126233, 63.70365063038093, -157.0695043634861, 68.34504091799462, -28.212656901203598, 6.506857279410429, 0.0, -0.0, 0.5207593845988183, -0.4688564172357624, 0.0, -0.0, 0.454393632275047, -1.2077197736596454, 1.10162270176953, -0.6651796790472126, 0.0, 0.7976938041835675, -1.489179322806195, 0.9334010471715553, -0.0, 0.6905328047361001, -0.8745896581201851, 0.0, 0.0, -0.0, 0.0], [-1.814970078061466, -9.543302641815153, 75.8301478584277, 17.90062254612853, -106.34202631503366, 27.611675459090517, -5.646361341559348, -0.0, 0.0, -0.0, 0.0, -0.0, 0.0, -0.0, 0.6015974709614205, -0.5584031486561339, 0.0, -0.0, -0.0, 0.793897423380431, -0.5204516263003917, 0.0, -0.0, 0.5053558933072478, -0.0, -0.0, 0.0, -0.0], [1.4387047785441451, 5.644271544200656, -27.56709979920132, 106.21498867871837, -17.781977079910586, -75.8625776524864, 9.541175112575045, 0.0, -0.0, 0.0, -0.0, 0.0, -0.0, 0.0, -0.5579595189164702, 0.522713606610241, -0.0, 0.0, 0.0, -0.7652070064171448, 0.5215567116137416, -0.0, 0.0, -0.5103251584660827, 0.0, 0.0, -0.0, 0.0], [-3.0082253472133753, -6.5011973838614106, 28.14888422658291, -68.16012493652619, 156.8920139258264, -63.65916220607546, -47.06855144095741, -0.0, 0.0, -0.0, 0.0, -0.0, 0.0, -0.0, 0.8418031552600896, -0.8131161687762202, 0.5587344151845258, -0.0, -0.6224556125931886, 1.2431146073102404, -0.8866510260933175, 0.0, -0.6106259450793665, 0.8862466614544071, -0.0, -0.0, 0.0, -0.0], [18.61210755212847, 21.046001519776993, -88.65158691734713, 189.5128954744671, -283.68062587979585, 363.2820414744771, -199.5756424367005, 0.0, -0.9281321250398329, 1.3834807487580618, -1.3094125838308626, 0.8720518614023142, -0.0, 1.1112096344764555, -3.323351470813696, 3.35813217086438, -2.476084893045738, 1.109918039816664, 2.589218139543974, -5.359957137249663, 4.059209454653354, -1.8325207524407778, 2.7115528503299524, -4.159555532643009, 1.9015698185590015, 1.6140488801531503, -1.3913786654102818, 0.0]]",(x0)' = -22.757 1 +  199.388 x0 + -363.113 x1 +  284.192 x2 + -190.210 x3 +  88.886 x4 + -21.076 x5 +  1.598 x0 x1 + -2.373 x0 x2 +  2.192 x0 x3 + -1.265 x0 x4 + -2.067 x1^2 +  5.643 x1 x2 + -5.225 x1 x3 +  3.126 x1 x4 + -1.103 x1 x5 + -3.732 x2^2 +  6.985 x2 x3 + -4.306 x2 x4 +  1.601 x2 x5 + -3.233 x3^2 +  4.012 x3 x4 + -1.537 x3 x5 + -1.288 x4^2 +  1.008 x4 x5 | (x1)' =  3.501 1 +  47.075 x0 +  63.704 x1 + -157.070 x2 +  68.345 x3 + -28.213 x4 +  6.507 x5 +  0.521 x0 x2 + -0.469 x0 x3 +  0.454 x1^2 + -1.208 x1 x2 +  1.102 x1 x3 + -0.665 x1 x4 +  0.798 x2^2 + -1.489 x2 x3 +  0.933 x2 x4 +  0.691 x3^2 + -0.875 x3 x4 | (x2)' = -1.815 1 + -9.543 x0 +  75.830 x1 +  17.901 x2 + -106.342 x3 +  27.612 x4 + -5.646 x5 +  0.602 x1 x2 + -0.558 x1 x3 +  0.794 x2 x3 + -0.520 x2 x4 +  0.505 x3 x4 | (x3)' =  1.439 1 +  5.644 x0 + -27.567 x1 +  106.215 x2 + -17.782 x3 + -75.863 x4 +  9.541 x5 + -0.558 x1 x2 +  0.523 x1 x3 + -0.765 x2 x3 +  0.522 x2 x4 + -0.510 x3 x4 | (x4)' = -3.008 1 + -6.501 x0 +  28.149 x1 + -68.160 x2 +  156.892 x3 + -63.659 x4 + -47.069 x5 +  0.842 x1 x2 + -0.813 x1 x3 +  0.559 x1 x4 + -0.622 x2^2 +  1.243 x2 x3 + -0.887 x2 x4 + -0.611 x3^2 +  0.886 x3 x4 | (x5)' =  18.612 1 +  21.046 x0 + -88.652 x1 +  189.513 x2 + -283.681 x3 +  363.282 x4 + -199.576 x5 + -0.928 x0 x1 +  1.383 x0 x2 + -1.309 x0 x3 +  0.872 x0 x4 +  1.111 x1^2 + -3.323 x1 x2 +  3.358 x1 x3 + -2.476 x1 x4 +  1.110 x1 x5 +  2.589 x2^2 + -5.360 x2 x3 +  4.059 x2 x4 + -1.833 x2 x5 +  2.712 x3^2 + -4.160 x3 x4 +  1.902 x3 x5 +  1.614 x4^2 + -1.391 x4 x5
92,35.0,,,sr3,0.1,0.05,10.0,2,6,2,8.0,40.0,5,20.0,smoothed_finite_difference_savgol_order_3,success,,68,168,40.476190476190474,0.35108286421746016,"[""1"", ""x0"", ""x1"", ""x2"", ""x3"", ""x4"", ""x5"", ""x0^2"", ""x0 x1"", ""x0 x2"", ""x0 x3"", ""x0 x4"", ""x0 x5"", ""x1^2"", ""x1 x2"", ""x1 x3"", ""x1 x4"", ""x1 x5"", ""x2^2"", ""x2 x3"", ""x2 x4"", ""x2 x5"", ""x3^2"", ""x3 x4"", ""x3 x5"", ""x4^2"", ""x4 x5"", ""x5^2""]","[[-22.757425341213438, 199.38802325616734, -363.1133281232209, 284.19157569426767, -190.2095546024846, 88.88558512725653, -21.07626867131302, -0.0, 1.5984669823013686, -2.3730309675178476, 2.1915006366349634, -0.0, 0.0, -2.0669267839346475, 5.642630566187191, -5.22484827781477, 3.1259586268222384, -0.0, -3.7318945992703774, 6.984599475483648, -4.305866654997912, 1.6005823631114822, -3.232666630369836, 4.012450362098363, -1.5373333415109662, -0.0, 0.0, -0.0], [3.500780863823985, 47.074772874809256, 63.70365064430115, -157.06950438392155, 68.34504094103451, -28.21265692034287, 6.506857287745081, 0.0, -0.0, 0.0, -0.0, 0.0, -0.0, 0.0, -0.0, 0.0, -0.0, 0.0, 0.0, -1.489179054098926, 0.0, -0.0, 0.0, -0.0, 0.0, 0.0, -0.0, 0.0], [-1.8149684318942385, -9.543302675299339, 75.8301479220889, 17.90062249696235, -106.34202629528741, 27.61167546469355, -5.646361351121499, -0.0, 0.0, -0.0, 0.0, -0.0, 0.0, -0.0, 0.0, -0.0, 0.0, -0.0, -0.0, 0.0, -0.0, 0.0, -0.0, 0.0, -0.0, -0.0, 0.0, -0.0], [1.438703171121025, 5.644271576149573, -27.56709985960527, 106.21498872429454, -17.78197709678343, -75.86257765972822, 9.541175122678833, 0.0, -0.0, 0.0, -0.0, 0.0, -0.0, 0.0, -0.0, 0.0, -0.0, 0.0, 0.0, -0.0, 0.0, -0.0, 0.0, -0.0, 0.0, 0.0, -0.0, 0.0], [-3.0082250127525816, -6.501197395166915, 28.14888424920926, -68.16012495280971, 156.89201392922018, -63.65916219928546, -47.0685514463136, -0.0, 0.0, -0.0, 0.0, -0.0, 0.0, -0.0, 0.0, -0.0, 0.0, -0.0, -0.0, 0.0, -0.0, 0.0, -0.0, 0.0, -0.0, -0.0, 0.0, -0.0], [18.612107874023014, 21.046001510023384, -88.65158689758955, 189.51289545557964, -283.6806258672254, 363.2820414695873, -199.57564243612052, 0.0, -0.0, 0.0, -0.0, 0.0, -0.0, 0.0, -3.3233511855462075, 3.3581318930771955, -2.4760847182700423, 0.0, 2.589217927086918, -5.359956726115368, 4.059209196841134, -1.8325206685378137, 2.711552652668122, -4.1595552858092875, 1.9015697383049979, 1.6140488034667135, -0.0, 0.0]]",(x0)' = -22.757 1 +  199.388 x0 + -363.113 x1 +  284.192 x2 + -190.210 x3 +  88.886 x4 + -21.076 x5 +  1.598 x0 x1 + -2.373 x0 x2 +  2.192 x0 x3 + -2.067 x1^2 +  5.643 x1 x2 + -5.225 x1 x3 +  3.126 x1 x4 + -3.732 x2^2 +  6.985 x2 x3 + -4.306 x2 x4 +  1.601 x2 x5 + -3.233 x3^2 +  4.012 x3 x4 + -1.537 x3 x5 | (x1)' =  3.501 1 +  47.075 x0 +  63.704 x1 + -157.070 x2 +  68.345 x3 + -28.213 x4 +  6.507 x5 + -1.489 x2 x3 | (x2)' = -1.815 1 + -9.543 x0 +  75.830 x1 +  17.901 x2 + -106.342 x3 +  27.612 x4 + -5.646 x5 | (x3)' =  1.439 1 +  5.644 x0 + -27.567 x1 +  106.215 x2 + -17.782 x3 + -75.863 x4 +  9.541 x5 | (x4)' = -3.008 1 + -6.501 x0 +  28.149 x1 + -68.160 x2 +  156.892 x3 + -63.659 x4 + -47.069 x5 | (x5)' =  18.612 1 +  21.046 x0 + -88.652 x1 +  189.513 x2 + -283.681 x3 +  363.282 x4 + -199.576 x5 + -3.323 x1 x2 +  3.358 x1 x3 + -2.476 x1 x4 +  2.589 x2^2 + -5.360 x2 x3 +  4.059 x2 x4 + -1.833 x2 x5 +  2.712 x3^2 + -4.160 x3 x4 +  1.902 x3 x5 +  1.614 x4^2
93,35.0,,,sr3,0.1,0.05,0.01,2,6,2,8.0,40.0,9,36.0,smoothed_finite_difference_savgol_order_3,success,,158,168,94.04761904761905,0.386146186850965,"[""1"", ""x0"", ""x1"", ""x2"", ""x3"", ""x4"", ""x5"", ""x0^2"", ""x0 x1"", ""x0 x2"", ""x0 x3"", ""x0 x4"", ""x0 x5"", ""x1^2"", ""x1 x2"", ""x1 x3"", ""x1 x4"", ""x1 x5"", ""x2^2"", ""x2 x3"", ""x2 x4"", ""x2 x5"", ""x3^2"", ""x3 x4"", ""x3 x5"", ""x4^2"", ""x4 x5"", ""x5^2""]","[[-13.507959530867094, 216.72535577936281, -410.19579178413863, 344.05861801637207, -235.07869892899072, 107.94743573309869, -24.704945702970203, -0.33116421863585305, 2.2724025048154943, -3.671063361164387, 3.57113357759495, -2.1330727787871613, 0.6630597351216818, -3.444627404565845, 10.566951990083174, -10.22987176704238, 6.226790604185836, -2.034392464098422, -7.92929264103501, 15.324059349373735, -9.452302865029106, 3.1788316027419867, -7.369576876081977, 9.18787488296689, -3.1570798267148925, -2.935538467042694, 2.040683102517027, -0.3408080055788712], [1.581638063186682, 44.39085332617016, 70.52191581355517, -164.70828098039996, 72.81408617093747, -29.119835822936356, 6.306996425964215, 0.10570879312894198, -0.6648730699271053, 1.0272000027753025, -0.9772025400453431, 0.57778620829366, -0.17437681207821795, 0.9850382748254496, -2.974736687345938, 2.831985086773374, -1.6959506615353488, 0.5297863136011411, 2.225972492503012, -4.228809740393028, 2.5456615698385927, -0.8100456012634101, 1.9945095788765486, -2.408936344937052, 0.7768548062871414, 0.737496123322793, -0.47826273443236295, 0.07479881836580515], [-2.1812466251148552, -8.380213100742031, 72.95429075713052, 20.90614515956495, -107.679572963573, 27.33593978048218, -5.243977916544909, 0.0, -0.05800232582332913, 0.06685370189864735, -0.0, -0.0, 0.0, 0.10477391811961331, -0.303839816653393, 0.21834737748415486, -0.0, -0.06382158796907267, 0.23391051502068355, -0.3391750288017925, 0.0, 0.11255780584679424, 0.11401849761099392, 0.05486174444634811, -0.13281714800734862, -0.07664300773844762, 0.11467191269924781, -0.0], [0.7442594607205224, 5.001975139713718, -26.416448392774967, 106.08266952339862, -19.35484074567612, -73.82494773912977, 8.620036457246789, 0.0, -0.15930342601505873, 0.2080267810446968, -0.16897526097231502, 0.09848889968089244, -0.0, 0.1906802865807807, -0.44507191493561093, 0.3484715596700228, -0.22652505429933462, 0.10304071346578683, 0.2390053726253046, -0.3682806967687172, 0.28094433860919005, -0.15170491333488195, 0.14629589169297577, -0.2680032246456442, 0.15902865794645235, 0.12516796935671615, -0.13017746194797103, 0.0], [-1.291721316770523, -6.515951479091082, 29.833836800931266, -73.97369181694324, 165.8720578038842, -71.24144739901338, -44.18314966286558, -0.0967523342097595, 0.6140818615894856, -0.9569525764294989, 0.9020676800798972, -0.5191643480464112, 0.15462379002372373, -0.930207127594097, 2.878811833887783, -2.754975879628439, 1.6280805820894684, -0.5040855752084776, -2.2458374982482625, 4.358067399145198, -2.628234927514141, 0.8290944671265892, -2.1365494380236654, 2.627383323094361, -0.8396485156185736, -0.8272396778199737, 0.5268885921791835, -0.07892969681169391], [12.621915772780152, 24.851213868872357, -108.38771477201922, 235.67991095228484, -344.9185558313684, 411.13639724741927, -217.1128401686693, 0.3196245196702377, -1.9443724199498191, 2.996024703285273, -2.88774965121185, 1.807140719840517, -0.6107798835559233, 2.750500522297977, -8.382660348117186, 8.284665389743, -5.432535540815773, 1.9370305050874523, 6.452232604553523, -12.940349295237244, 8.666068719153344, -3.1300806639858614, 6.500124945517418, -8.778476356650883, 3.158416300069194, 2.9559942282699736, -2.0330495979013707, 0.3092668450294183]]",(x0)' = -13.508 1 +  216.725 x0 + -410.196 x1 +  344.059 x2 + -235.079 x3 +  107.947 x4 + -24.705 x5 + -0.331 x0^2 +  2.272 x0 x1 + -3.671 x0 x2 +  3.571 x0 x3 + -2.133 x0 x4 +  0.663 x0 x5 + -3.445 x1^2 +  10.567 x1 x2 + -10.230 x1 x3 +  6.227 x1 x4 + -2.034 x1 x5 + -7.929 x2^2 +  15.324 x2 x3 + -9.452 x2 x4 +  3.179 x2 x5 + -7.370 x3^2 +  9.188 x3 x4 + -3.157 x3 x5 + -2.936 x4^2 +  2.041 x4 x5 + -0.341 x5^2 | (x1)' =  1.582 1 +  44.391 x0 +  70.522 x1 + -164.708 x2 +  72.814 x3 + -29.120 x4 +  6.307 x5 +  0.106 x0^2 + -0.665 x0 x1 +  1.027 x0 x2 + -0.977 x0 x3 +  0.578 x0 x4 + -0.174 x0 x5 +  0.985 x1^2 + -2.975 x1 x2 +  2.832 x1 x3 + -1.696 x1 x4 +  0.530 x1 x5 +  2.226 x2^2 + -4.229 x2 x3 +  2.546 x2 x4 + -0.810 x2 x5 +  1.995 x3^2 + -2.409 x3 x4 +  0.777 x3 x5 +  0.737 x4^2 + -0.478 x4 x5 +  0.075 x5^2 | (x2)' = -2.181 1 + -8.380 x0 +  72.954 x1 +  20.906 x2 + -107.680 x3 +  27.336 x4 + -5.244 x5 + -0.058 x0 x1 +  0.067 x0 x2 +  0.105 x1^2 + -0.304 x1 x2 +  0.218 x1 x3 + -0.064 x1 x5 +  0.234 x2^2 + -0.339 x2 x3 +  0.113 x2 x5 +  0.114 x3^2 +  0.055 x3 x4 + -0.133 x3 x5 + -0.077 x4^2 +  0.115 x4 x5 | (x3)' =  0.744 1 +  5.002 x0 + -26.416 x1 +  106.083 x2 + -19.355 x3 + -73.825 x4 +  8.620 x5 + -0.159 x0 x1 +  0.208 x0 x2 + -0.169 x0 x3 +  0.098 x0 x4 +  0.191 x1^2 + -0.445 x1 x2 +  0.348 x1 x3 + -0.227 x1 x4 +  0.103 x1 x5 +  0.239 x2^2 + -0.368 x2 x3 +  0.281 x2 x4 + -0.152 x2 x5 +  0.146 x3^2 + -0.268 x3 x4 +  0.159 x3 x5 +  0.125 x4^2 + -0.130 x4 x5 | (x4)' = -1.292 1 + -6.516 x0 +  29.834 x1 + -73.974 x2 +  165.872 x3 + -71.241 x4 + -44.183 x5 + -0.097 x0^2 +  0.614 x0 x1 + -0.957 x0 x2 +  0.902 x0 x3 + -0.519 x0 x4 +  0.155 x0 x5 + -0.930 x1^2 +  2.879 x1 x2 + -2.755 x1 x3 +  1.628 x1 x4 + -0.504 x1 x5 + -2.246 x2^2 +  4.358 x2 x3 + -2.628 x2 x4 +  0.829 x2 x5 + -2.137 x3^2 +  2.627 x3 x4 + -0.840 x3 x5 + -0.827 x4^2 +  0.527 x4 x5 + -0.079 x5^2 | (x5)' =  12.622 1 +  24.851 x0 + -108.388 x1 +  235.680 x2 + -344.919 x3 +  411.136 x4 + -217.113 x5 +  0.320 x0^2 + -1.944 x0 x1 +  2.996 x0 x2 + -2.888 x0 x3 +  1.807 x0 x4 + -0.611 x0 x5 +  2.751 x1^2 + -8.383 x1 x2 +  8.285 x1 x3 + -5.433 x1 x4 +  1.937 x1 x5 +  6.452 x2^2 + -12.940 x2 x3 +  8.666 x2 x4 + -3.130 x2 x5 +  6.500 x3^2 + -8.778 x3 x4 +  3.158 x3 x5 +  2.956 x4^2 + -2.033 x4 x5 +  0.309 x5^2
94,35.0,,,sr3,0.1,0.05,0.1,2,6,2,8.0,40.0,9,36.0,smoothed_finite_difference_savgol_order_3,success,,140,168,83.33333333333333,0.37765433359891176,"[""1"", ""x0"", ""x1"", ""x2"", ""x3"", ""x4"", ""x5"", ""x0^2"", ""x0 x1"", ""x0 x2"", ""x0 x3"", ""x0 x4"", ""x0 x5"", ""x1^2"", ""x1 x2"", ""x1 x3"", ""x1 x4"", ""x1 x5"", ""x2^2"", ""x2 x3"", ""x2 x4"", ""x2 x5"", ""x3^2"", ""x3 x4"", ""x3 x5"", ""x4^2"", ""x4 x5"", ""x5^2""]","[[-13.507959502450616, 216.7253557783132, -410.1957917818209, 344.05861801402995, -235.0786989275373, 107.94743573276908, -24.704945703068255, -0.3311642205286513, 2.272402517033791, -3.6710633807656827, 3.571133597038157, -2.1330727907416915, 0.6630597387905351, -3.4446274241619883, 10.566952052685659, -10.229871828999126, 6.226790642254036, -2.0343924758006398, -7.929292690797742, 15.324059447512298, -9.452302925192928, 3.178831621231109, -7.369576924289482, 9.187874941898684, -3.1570798448017428, -2.9355384849895745, 2.0406831134991807, -0.34080800725038835], [1.5816383531813747, 44.39085331386979, 70.52191584167277, -164.7082810091225, 72.81408618800853, -29.1198358259848, 6.306996424453145, 0.0, -0.6648729681965162, 1.0271998446216224, -0.9772023846884507, 0.5777861121032527, -0.174376781842004, 0.9850381195315085, -2.9747362034614904, 2.831984609675497, -1.6959503646105205, 0.5297862196233756, 2.2259721148086156, -4.228808993497586, 2.545661103072192, -0.8100454527362293, 1.994509208620381, -2.40893588057149, 0.7768546578691269, 0.7374959773011902, -0.47826264082316916, 0.0], [-2.1812591855482646, -8.380212836963866, 72.95429026015202, 20.906145375189148, -107.67957273983608, 27.335939316618955, -5.243977640840756, 0.0, -0.0, 0.0, -0.0, -0.0, 0.0, 0.0, -0.3038671228284695, 0.2183757738273845, -0.0, -0.0, 0.23393317428525243, -0.33922184737648203, 0.0, 0.0, 0.0, 0.0, -0.0, -0.0, 0.0, -0.0], [0.7442624655695207, 5.0019751336239064, -26.41644842588256, 106.08266967681915, -19.354840977593554, -73.82494752345133, 8.620036354899963, 0.0, -0.15930247333350783, 0.20802511264413137, -0.1689734614004786, 0.0, -0.0, 0.19067863682204708, -0.4450661870671316, 0.3484654166768456, -0.22652099076048507, 0.0, 0.23900044173270046, -0.36827018839081854, 0.2809374192849313, -0.15170266811249553, 0.14629032715287255, -0.2679959344379976, 0.1590262989311276, 0.0, -0.0, 0.0], [-1.291721599160739, -6.515951468018576, 29.833836776067255, -73.9736917926679, 165.87205779084638, -71.24144739839238, -44.18314966055681, -0.0, 0.6140817648221121, -0.9569524251719369, 0.9020675306533981, -0.5191642549725952, 0.15462376060154007, -0.9302069791376867, 2.8788113686464296, -2.7549754181967003, 1.6280802931375906, -0.5040854832261473, -2.245837132905874, 4.358066672228955, -2.6282344703547658, 0.8290943208072843, -2.136549075398262, 2.6273828653899645, -0.8396483684754783, -0.8272395329767643, 0.5268884987902076, -0.0], [12.621915748023017, 24.851213869782327, -108.3877147740132, 235.6799109542629, -344.9185558325507, 411.1363972476424, -217.11284016856158, 0.319624521323334, -1.944372430620389, 2.9960247204045665, -2.887749668195014, 1.8071407302837652, -0.6107798867612608, 2.750500539409938, -8.382660402781394, 8.2846654438438, -5.432535574057661, 1.9370305153062417, 6.452232647999436, -12.940349380909204, 8.666068771670075, -3.1300806801240864, 6.500124987592186, -8.77847640807661, 3.158416315850658, 2.955994243927177, -2.033049607481134, 0.3092668464873028]]",(x0)' = -13.508 1 +  216.725 x0 + -410.196 x1 +  344.059 x2 + -235.079 x3 +  107.947 x4 + -24.705 x5 + -0.331 x0^2 +  2.272 x0 x1 + -3.671 x0 x2 +  3.571 x0 x3 + -2.133 x0 x4 +  0.663 x0 x5 + -3.445 x1^2 +  10.567 x1 x2 + -10.230 x1 x3 +  6.227 x1 x4 + -2.034 x1 x5 + -7.929 x2^2 +  15.324 x2 x3 + -9.452 x2 x4 +  3.179 x2 x5 + -7.370 x3^2 +  9.188 x3 x4 + -3.157 x3 x5 + -2.936 x4^2 +  2.041 x4 x5 + -0.341 x5^2 | (x1)' =  1.582 1 +  44.391 x0 +  70.522 x1 + -164.708 x2 +  72.814 x3 + -29.120 x4 +  6.307 x5 + -0.665 x0 x1 +  1.027 x0 x2 + -0.977 x0 x3 +  0.578 x0 x4 + -0.174 x0 x5 +  0.985 x1^2 + -2.975 x1 x2 +  2.832 x1 x3 + -1.696 x1 x4 +  0.530 x1 x5 +  2.226 x2^2 + -4.229 x2 x3 +  2.546 x2 x4 + -0.810 x2 x5 +  1.995 x3^2 + -2.409 x3 x4 +  0.777 x3 x5 +  0.737 x4^2 + -0.478 x4 x5 | (x2)' = -2.181 1 + -8.380 x0 +  72.954 x1 +  20.906 x2 + -107.680 x3 +  27.336 x4 + -5.244 x5 + -0.304 x1 x2 +  0.218 x1 x3 +  0.234 x2^2 + -0.339 x2 x3 | (x3)' =  0.744 1 +  5.002 x0 + -26.416 x1 +  106.083 x2 + -19.355 x3 + -73.825 x4 +  8.620 x5 + -0.159 x0 x1 +  0.208 x0 x2 + -0.169 x0 x3 +  0.191 x1^2 + -0.445 x1 x2 +  0.348 x1 x3 + -0.227 x1 x4 +  0.239 x2^2 + -0.368 x2 x3 +  0.281 x2 x4 + -0.152 x2 x5 +  0.146 x3^2 + -0.268 x3 x4 +  0.159 x3 x5 | (x4)' = -1.292 1 + -6.516 x0 +  29.834 x1 + -73.974 x2 +  165.872 x3 + -71.241 x4 + -44.183 x5 +  0.614 x0 x1 + -0.957 x0 x2 +  0.902 x0 x3 + -0.519 x0 x4 +  0.155 x0 x5 + -0.930 x1^2 +  2.879 x1 x2 + -2.755 x1 x3 +  1.628 x1 x4 + -0.504 x1 x5 + -2.246 x2^2 +  4.358 x2 x3 + -2.628 x2 x4 +  0.829 x2 x5 + -2.137 x3^2 +  2.627 x3 x4 + -0.840 x3 x5 + -0.827 x4^2 +  0.527 x4 x5 | (x5)' =  12.622 1 +  24.851 x0 + -108.388 x1 +  235.680 x2 + -344.919 x3 +  411.136 x4 + -217.113 x5 +  0.320 x0^2 + -1.944 x0 x1 +  2.996 x0 x2 + -2.888 x0 x3 +  1.807 x0 x4 + -0.611 x0 x5 +  2.751 x1^2 + -8.383 x1 x2 +  8.285 x1 x3 + -5.433 x1 x4 +  1.937 x1 x5 +  6.452 x2^2 + -12.940 x2 x3 +  8.666 x2 x4 + -3.130 x2 x5 +  6.500 x3^2 + -8.778 x3 x4 +  3.158 x3 x5 +  2.956 x4^2 + -2.033 x4 x5 +  0.309 x5^2
95,35.0,,,sr3,0.1,0.05,1.0,2,6,2,8.0,40.0,9,36.0,smoothed_finite_difference_savgol_order_3,success,,116,168,69.04761904761905,0.3929534815251827,"[""1"", ""x0"", ""x1"", ""x2"", ""x3"", ""x4"", ""x5"", ""x0^2"", ""x0 x1"", ""x0 x2"", ""x0 x3"", ""x0 x4"", ""x0 x5"", ""x1^2"", ""x1 x2"", ""x1 x3"", ""x1 x4"", ""x1 x5"", ""x2^2"", ""x2 x3"", ""x2 x4"", ""x2 x5"", ""x3^2"", ""x3 x4"", ""x3 x5"", ""x4^2"", ""x4 x5"", ""x5^2""]","[[-13.5079595808586, 216.7253557810479, -410.1957917876863, 344.0586180189162, -235.07869892900342, 107.94743573125425, -24.704945701762124, -0.0, 2.2724024940089693, -3.6710633452172603, 3.571133561682117, -2.133072768163492, 0.663059731373262, -3.4446273897919397, 10.566951946030178, -10.229871722079542, 6.226790573261506, -2.0343924528562605, -7.929292607519863, 15.324059279215028, -9.452302815585973, 3.1788315844315704, -7.369576838620091, 9.18787482950375, -3.1570798068158425, -2.9355384479428293, 2.0406830883827993, -0.0], [1.5816381154104053, 44.39085332373197, 70.52191581915262, -164.70828098569586, 72.81408617336956, -29.119835822641857, 6.306996425325696, 0.0, -0.6648730475765314, 1.0271999670325034, -0.9772025035511234, 0.5777861845610792, -0.0, 0.9850382404480293, -2.9747365782336197, 2.8319849760508538, -1.695950589876357, 0.5297862899297314, 2.2259724067093765, -4.228809567764502, 2.5456614589844526, -0.8100455648372709, 1.9945094928068634, -2.4089362353523645, 0.776854770512173, 0.7374960887676989, -0.47826271205693327, 0.0], [-2.1812535815991225, -8.380212833968928, 72.95429014482542, 20.906145757642737, -107.67957329069019, 27.335939811940445, -5.243977863092112, 0.0, -0.0, 0.0, -0.0, -0.0, 0.0, 0.0, -0.0, 0.0, -0.0, -0.0, 0.0, -0.0, 0.0, 0.0, 0.0, 0.0, -0.0, -0.0, 0.0, -0.0], [0.7442697350748181, 5.0019748307526495, -26.41644772203667, 106.0826688767331, -19.354840375855606, -73.82494778722702, 8.62003640089258, 0.0, -0.0, 0.0, -0.0, 0.0, -0.0, 0.0, -0.0, 0.0, -0.0, 0.0, 0.0, -0.0, 0.0, -0.0, 0.0, -0.0, 0.0, 0.0, -0.0, 0.0], [-1.2917213636767972, -6.515951476986497, 29.83383679614193, -73.97369181254153, 165.87205780205073, -71.2414473995147, -44.18314966220567, -0.0, 0.6140818419600936, -0.9569525449979246, 0.9020676479072636, -0.5191643270525846, 0.0, -0.9302070974021012, 2.87881173790935, -2.754975781958747, 1.6280805186382121, -0.504085554161368, -2.2458374226391062, 4.35806724653029, -2.628234829106903, 0.8290944346458392, -2.1365493616704327, 2.627383225452529, -0.8396484835920215, -0.8272396468880726, 0.5268885720514497, -0.0], [12.621915824351547, 24.85121386699563, -108.38771476794862, 235.67991094894597, -344.91855583053564, 411.13639724869535, -217.1128401696731, 0.0, -1.944372407488561, 2.996024684695997, -2.887749632798981, 1.8071407078214456, -0.610779879440504, 2.750500504790944, -8.38266029542563, 8.28466533666613, -5.432535505394007, 1.9370304926714927, 6.4522325642979865, -12.940349212596338, 8.66606866291908, -3.1300806439499196, 6.500124902396817, -8.778476297225954, 3.158416278734188, 2.9559942076882737, -2.0330495831302158, 0.0]]",(x0)' = -13.508 1 +  216.725 x0 + -410.196 x1 +  344.059 x2 + -235.079 x3 +  107.947 x4 + -24.705 x5 +  2.272 x0 x1 + -3.671 x0 x2 +  3.571 x0 x3 + -2.133 x0 x4 +  0.663 x0 x5 + -3.445 x1^2 +  10.567 x1 x2 + -10.230 x1 x3 +  6.227 x1 x4 + -2.034 x1 x5 + -7.929 x2^2 +  15.324 x2 x3 + -9.452 x2 x4 +  3.179 x2 x5 + -7.370 x3^2 +  9.188 x3 x4 + -3.157 x3 x5 + -2.936 x4^2 +  2.041 x4 x5 | (x1)' =  1.582 1 +  44.391 x0 +  70.522 x1 + -164.708 x2 +  72.814 x3 + -29.120 x4 +  6.307 x5 + -0.665 x0 x1 +  1.027 x0 x2 + -0.977 x0 x3 +  0.578 x0 x4 +  0.985 x1^2 + -2.975 x1 x2 +  2.832 x1 x3 + -1.696 x1 x4 +  0.530 x1 x5 +  2.226 x2^2 + -4.229 x2 x3 +  2.546 x2 x4 + -0.810 x2 x5 +  1.995 x3^2 + -2.409 x3 x4 +  0.777 x3 x5 +  0.737 x4^2 + -0.478 x4 x5 | (x2)' = -2.181 1 + -8.380 x0 +  72.954 x1 +  20.906 x2 + -107.680 x3 +  27.336 x4 + -5.244 x5 | (x3)' =  0.744 1 +  5.002 x0 + -26.416 x1 +  106.083 x2 + -19.355 x3 + -73.825 x4 +  8.620 x5 | (x4)' = -1.292 1 + -6.516 x0 +  29.834 x1 + -73.974 x2 +  165.872 x3 + -71.241 x4 + -44.183 x5 +  0.614 x0 x1 + -0.957 x0 x2 +  0.902 x0 x3 + -0.519 x0 x4 + -0.930 x1^2 +  2.879 x1 x2 + -2.755 x1 x3 +  1.628 x1 x4 + -0.504 x1 x5 + -2.246 x2^2 +  4.358 x2 x3 + -2.628 x2 x4 +  0.829 x2 x5 + -2.137 x3^2 +  2.627 x3 x4 + -0.840 x3 x5 + -0.827 x4^2 +  0.527 x4 x5 | (x5)' =  12.622 1 +  24.851 x0 + -108.388 x1 +  235.680 x2 + -344.919 x3 +  411.136 x4 + -217.113 x5 + -1.944 x0 x1 +  2.996 x0 x2 + -2.888 x0 x3 +  1.807 x0 x4 + -0.611 x0 x5 +  2.751 x1^2 + -8.383 x1 x2 +  8.285 x1 x3 + -5.433 x1 x4 +  1.937 x1 x5 +  6.452 x2^2 + -12.940 x2 x3 +  8.666 x2 x4 + -3.130 x2 x5 +  6.500 x3^2 + -8.778 x3 x4 +  3.158 x3 x5 +  2.956 x4^2 + -2.033 x4 x5
96,35.0,,,sr3,0.1,0.05,10.0,2,6,2,8.0,40.0,9,36.0,smoothed_finite_difference_savgol_order_3,success,,92,168,54.76190476190476,0.36636278685182333,"[""1"", ""x0"", ""x1"", ""x2"", ""x3"", ""x4"", ""x5"", ""x0^2"", ""x0 x1"", ""x0 x2"", ""x0 x3"", ""x0 x4"", ""x0 x5"", ""x1^2"", ""x1 x2"", ""x1 x3"", ""x1 x4"", ""x1 x5"", ""x2^2"", ""x2 x3"", ""x2 x4"", ""x2 x5"", ""x3^2"", ""x3 x4"", ""x3 x5"", ""x4^2"", ""x4 x5"", ""x5^2""]","[[-13.507959508606735, 216.72535577868098, -410.19579178263103, 344.0586180145496, -235.07869892737963, 107.94743573220732, -24.704945702753232, -0.0, 2.272402515114683, -3.671063377967574, 3.571133593923816, -2.133072788246609, 0.0, -3.4446274219613673, 10.56695204663904, -10.229871822084052, 6.226790636280432, -2.0343924731364473, -7.9292926868498075, 15.324059438412554, -9.452302917012657, 3.178831617449844, -7.369576919214056, 9.187874933181774, -3.157079840894145, -2.9355384815649925, 2.0406831106452845, -0.0], [1.5816389756678806, 44.39085329301058, 70.52191588784741, -164.70828105298094, 72.81408621098845, -29.119835826723904, 6.306996419742741, 0.0, -0.0, 0.0, -0.0, 0.0, -0.0, 0.0, -2.9747347293199558, 2.831983123159067, -1.6959494353363265, 0.0, 2.2259709245322687, -4.22880660652592, 2.545659617506048, -0.0, 1.9945080187209923, -2.4089344073474335, 0.0, 0.0, -0.0, 0.0], [-2.181258414672772, -8.380212647119297, 72.95428971780855, 20.90614622215085, -107.67957361780142, 27.335939934999903, -5.243977873860144, 0.0, -0.0, 0.0, -0.0, -0.0, 0.0, 0.0, -0.0, 0.0, -0.0, -0.0, 0.0, -0.0, 0.0, 0.0, 0.0, 0.0, -0.0, -0.0, 0.0, -0.0], [0.0, 5.00197516946409, -26.416448460721494, 106.0826695797013, -19.35484075876756, -73.82494775886873, 8.620036472045667, 0.0, -0.0, 0.0, -0.0, 0.0, -0.0, 0.0, -0.0, 0.0, -0.0, 0.0, 0.0, -0.0, 0.0, -0.0, 0.0, -0.0, 0.0, 0.0, -0.0, 0.0], [-0.0, -6.515951443669754, 29.83383672143526, -73.97369173813688, 165.87205776235612, -71.24144739778674, -44.183149656253306, -0.0, 0.0, -0.0, 0.0, -0.0, 0.0, -0.0, 2.878810480757678, -2.7549744866619785, 1.628079692252604, -0.0, -2.245836406349348, 4.358065192011634, -2.628233535322841, 0.0, -2.1365483445202633, 2.627381968601988, -0.0, -0.0, 0.0, -0.0], [12.621915756263467, 24.851213869283296, -108.38771477286755, 235.67991095329333, -344.9185558323043, 411.1363972479683, -217.11284016880623, 0.0, -1.9443724276173433, 2.9960247158589484, -2.887749663403591, 1.8071407268350241, -0.0, 2.7505005354052514, -8.382660390939057, 8.284665431366186, -5.432535564909444, 1.9370305117740187, 6.452232639418551, -12.940349362952562, 8.666068758448924, -3.1300806749658365, 6.500124978312107, -8.77847639461467, 3.1584163106600305, 2.9559942391840366, -2.033049603929882, 0.0]]",(x0)' = -13.508 1 +  216.725 x0 + -410.196 x1 +  344.059 x2 + -235.079 x3 +  107.947 x4 + -24.705 x5 +  2.272 x0 x1 + -3.671 x0 x2 +  3.571 x0 x3 + -2.133 x0 x4 + -3.445 x1^2 +  10.567 x1 x2 + -10.230 x1 x3 +  6.227 x1 x4 + -2.034 x1 x5 + -7.929 x2^2 +  15.324 x2 x3 + -9.452 x2 x4 +  3.179 x2 x5 + -7.370 x3^2 +  9.188 x3 x4 + -3.157 x3 x5 + -2.936 x4^2 +  2.041 x4 x5 | (x1)' =  1.582 1 +  44.391 x0 +  70.522 x1 + -164.708 x2 +  72.814 x3 + -29.120 x4 +  6.307 x5 + -2.975 x1 x2 +  2.832 x1 x3 + -1.696 x1 x4 +  2.226 x2^2 + -4.229 x2 x3 +  2.546 x2 x4 +  1.995 x3^2 + -2.409 x3 x4 | (x2)' = -2.181 1 + -8.380 x0 +  72.954 x1 +  20.906 x2 + -107.680 x3 +  27.336 x4 + -5.244 x5 | (x3)' =  5.002 x0 + -26.416 x1 +  106.083 x2 + -19.355 x3 + -73.825 x4 +  8.620 x5 | (x4)' = -6.516 x0 +  29.834 x1 + -73.974 x2 +  165.872 x3 + -71.241 x4 + -44.183 x5 +  2.879 x1 x2 + -2.755 x1 x3 +  1.628 x1 x4 + -2.246 x2^2 +  4.358 x2 x3 + -2.628 x2 x4 + -2.137 x3^2 +  2.627 x3 x4 | (x5)' =  12.622 1 +  24.851 x0 + -108.388 x1 +  235.680 x2 + -344.919 x3 +  411.136 x4 + -217.113 x5 + -1.944 x0 x1 +  2.996 x0 x2 + -2.888 x0 x3 +  1.807 x0 x4 +  2.751 x1^2 + -8.383 x1 x2 +  8.285 x1 x3 + -5.433 x1 x4 +  1.937 x1 x5 +  6.452 x2^2 + -12.940 x2 x3 +  8.666 x2 x4 + -3.130 x2 x5 +  6.500 x3^2 + -8.778 x3 x4 +  3.158 x3 x5 +  2.956 x4^2 + -2.033 x4 x5
97,35.0,,,sr3,0.1,0.05,0.01,2,6,5,20.0,100.0,0,0.0,finite_difference,success,,83,168,49.404761904761905,0.37770410999655724,"[""1"", ""x0"", ""x1"", ""x2"", ""x3"", ""x4"", ""x5"", ""x0^2"", ""x0 x1"", ""x0 x2"", ""x0 x3"", ""x0 x4"", ""x0 x5"", ""x1^2"", ""x1 x2"", ""x1 x3"", ""x1 x4"", ""x1 x5"", ""x2^2"", ""x2 x3"", ""x2 x4"", ""x2 x5"", ""x3^2"", ""x3 x4"", ""x3 x5"", ""x4^2"", ""x4 x5"", ""x5^2""]","[[-39.73386240311704, 20.40225862992678, -47.829534168014504, 16.2673709820887, 0.6409656805597986, 5.672056756560995, -1.6007113964225947, 0.0, 0.13595317318717823, -0.0, -0.0, -0.047380321930618585, 0.0, -0.0, -0.08150292119587897, -0.0, 0.0, 0.0, 0.05735995353832393, 0.0, 0.0, -0.0, -0.0, 0.0, 0.0, 0.0, -0.0, -0.0], [-12.401832701421744, 35.72874825694686, 1.9687013883191329, -43.157232012985844, 11.147273531615172, -5.263374886825138, 1.59052646480064, 0.0825534184321128, -0.188796346127166, -0.0, 0.0, 0.0, 0.0, -0.0, 0.217851109629446, -0.0, 0.0, -0.0, -0.08403919645271511, -0.056470381696566554, 0.0, 0.0, 0.0, -0.0, -0.0, -0.0, 0.0, 0.0], [1.5863781922375078, -10.87265649098731, 41.47066875111953, 0.5914176612411793, -41.30474631206877, 12.770534844531152, -3.44478587508572, -0.06138882413275143, 0.061393621615378494, 0.09138394360870127, -0.0, -0.0, -0.0, 0.09414148855981874, -0.2631580620749445, -0.0, 0.0, 0.0, 0.0, 0.18957594035663033, -0.0, -0.0, -0.0696523572739835, -0.04840751619624063, 0.0, 0.0, -0.0, -0.0], [-2.8215401361524846, 3.571087089670749, -13.187631793215216, 41.58537994182852, -0.46884406107346843, -41.33733490744483, 10.570635696646915, 0.0, 0.0, -0.07203855075544878, 0.0, -0.0, -0.0, -0.0825826136554969, 0.10808858386202379, 0.07493436448493361, -0.0, -0.0, 0.08201069230160601, -0.24634824471754918, 0.0, 0.0, 0.0, 0.18917499228997278, -0.04842017749277505, -0.07178721087950546, -0.0, 0.0], [0.8552184464504182, -1.5434280259248943, 5.459515667796182, -11.800925448942456, 43.36479643914788, -1.814433046987728, -35.570482805687554, -0.0, -0.0, 0.0, -0.0, 0.0, 0.0, 0.0, -0.0, -0.06146549774478487, 0.0, 0.0, -0.0755069930201702, 0.10307720327126889, 0.0631279810737116, -0.05088640217723979, 0.09782909760447404, -0.25487981915860924, 0.0, 0.0, 0.15230572850577587, -0.06014021054406699], [22.9223824043574, 1.5128858752145116, -5.649352391550828, -0.12358180655926869, -17.131998840979314, 48.514397199361746, -20.731399153269535, -0.0, 0.0, -0.0, 0.0, -0.0, -0.0, -0.0, -0.0, 0.0, -0.0, 0.0, 0.0, 0.0, -0.06091343757160721, 0.0, -0.11607155598971113, 0.11765413834554937, 0.07751144628045818, 0.1010841690355553, -0.20673474106287879, 0.0]]",(x0)' = -39.734 1 +  20.402 x0 + -47.830 x1 +  16.267 x2 +  0.641 x3 +  5.672 x4 + -1.601 x5 +  0.136 x0 x1 + -0.047 x0 x4 + -0.082 x1 x2 +  0.057 x2^2 | (x1)' = -12.402 1 +  35.729 x0 +  1.969 x1 + -43.157 x2 +  11.147 x3 + -5.263 x4 +  1.591 x5 +  0.083 x0^2 + -0.189 x0 x1 +  0.218 x1 x2 + -0.084 x2^2 + -0.056 x2 x3 | (x2)' =  1.586 1 + -10.873 x0 +  41.471 x1 +  0.591 x2 + -41.305 x3 +  12.771 x4 + -3.445 x5 + -0.061 x0^2 +  0.061 x0 x1 +  0.091 x0 x2 +  0.094 x1^2 + -0.263 x1 x2 +  0.190 x2 x3 + -0.070 x3^2 + -0.048 x3 x4 | (x3)' = -2.822 1 +  3.571 x0 + -13.188 x1 +  41.585 x2 + -0.469 x3 + -41.337 x4 +  10.571 x5 + -0.072 x0 x2 + -0.083 x1^2 +  0.108 x1 x2 +  0.075 x1 x3 +  0.082 x2^2 + -0.246 x2 x3 +  0.189 x3 x4 + -0.048 x3 x5 + -0.072 x4^2 | (x4)' =  0.855 1 + -1.543 x0 +  5.460 x1 + -11.801 x2 +  43.365 x3 + -1.814 x4 + -35.570 x5 + -0.061 x1 x3 + -0.076 x2^2 +  0.103 x2 x3 +  0.063 x2 x4 + -0.051 x2 x5 +  0.098 x3^2 + -0.255 x3 x4 +  0.152 x4 x5 + -0.060 x5^2 | (x5)' =  22.922 1 +  1.513 x0 + -5.649 x1 + -0.124 x2 + -17.132 x3 +  48.514 x4 + -20.731 x5 + -0.061 x2 x4 + -0.116 x3^2 +  0.118 x3 x4 +  0.078 x3 x5 +  0.101 x4^2 + -0.207 x4 x5
98,35.0,,,sr3,0.1,0.05,0.1,2,6,5,20.0,100.0,0,0.0,finite_difference,success,,50,168,29.761904761904763,0.34455739334225655,"[""1"", ""x0"", ""x1"", ""x2"", ""x3"", ""x4"", ""x5"", ""x0^2"", ""x0 x1"", ""x0 x2"", ""x0 x3"", ""x0 x4"", ""x0 x5"", ""x1^2"", ""x1 x2"", ""x1 x3"", ""x1 x4"", ""x1 x5"", ""x2^2"", ""x2 x3"", ""x2 x4"", ""x2 x5"", ""x3^2"", ""x3 x4"", ""x3 x5"", ""x4^2"", ""x4 x5"", ""x5^2""]","[[-39.73386238599463, 20.402258630256064, -47.829534168347536, 16.267370982311686, 0.6409656803178796, 5.6720567566070805, -1.6007113963967212, 0.0, 0.0, -0.0, -0.0, -0.0, 0.0, -0.0, -0.0, -0.0, 0.0, 0.0, 0.0, 0.0, 0.0, -0.0, -0.0, 0.0, 0.0, 0.0, -0.0, -0.0], [-12.401832698470331, 35.72874825689542, 1.9687013882689532, -43.15723201310354, 11.147273532046608, -5.263374887022375, 1.5905264647671296, 0.0, -0.18879634608478996, -0.0, 0.0, 0.0, 0.0, -0.0, 0.2178511096671628, -0.0, 0.0, -0.0, -0.0, -0.0, 0.0, 0.0, 0.0, -0.0, -0.0, -0.0, 0.0, 0.0], [1.5863781587062153, -10.87265649088758, 41.47066875083202, 0.5914176614861, -41.304746312385745, 12.770534845015684, -3.4447858753064424, -0.0, 0.0, 0.0, -0.0, -0.0, -0.0, 0.0, -0.26315806208074666, -0.0, 0.0, 0.0, 0.0, 0.18957594034016217, -0.0, -0.0, -0.0, -0.0, 0.0, 0.0, -0.0, -0.0], [-2.8215401716113817, 3.571087089582493, -13.187631793001934, 41.5853799415849, -0.4688440611690492, -41.33733490731687, 10.570635696750843, 0.0, 0.0, -0.0, 0.0, -0.0, -0.0, -0.0, 0.0, 0.0, -0.0, -0.0, 0.0, -0.24634824473740977, 0.0, 0.0, 0.0, 0.18917499223549025, -0.0, -0.0, -0.0, 0.0], [0.8552184008233319, -1.5434280260301636, 5.459515668266984, -11.8009254491746, 43.36479643902376, -1.8144330468924104, -35.57048280575103, -0.0, -0.0, 0.0, -0.0, 0.0, 0.0, 0.0, -0.0, -0.0, 0.0, 0.0, -0.0, 0.0, 0.0, -0.0, 0.0, -0.2548798191570038, 0.0, 0.0, 0.15230572847092128, -0.0], [22.92238241489851, 1.5128858775461953, -5.649352402584464, -0.0, -17.131998852566422, 48.514397202908995, -20.731399155617122, -0.0, 0.0, -0.0, 0.0, -0.0, -0.0, -0.0, -0.0, 0.0, -0.0, 0.0, 0.0, 0.0, -0.0, 0.0, -0.0, 0.0, 0.0, 0.0, -0.20673474101451414, 0.0]]",(x0)' = -39.734 1 +  20.402 x0 + -47.830 x1 +  16.267 x2 +  0.641 x3 +  5.672 x4 + -1.601 x5 | (x1)' = -12.402 1 +  35.729 x0 +  1.969 x1 + -43.157 x2 +  11.147 x3 + -5.263 x4 +  1.591 x5 + -0.189 x0 x1 +  0.218 x1 x2 | (x2)' =  1.586 1 + -10.873 x0 +  41.471 x1 +  0.591 x2 + -41.305 x3 +  12.771 x4 + -3.445 x5 + -0.263 x1 x2 +  0.190 x2 x3 | (x3)' = -2.822 1 +  3.571 x0 + -13.188 x1 +  41.585 x2 + -0.469 x3 + -41.337 x4 +  10.571 x5 + -0.246 x2 x3 +  0.189 x3 x4 | (x4)' =  0.855 1 + -1.543 x0 +  5.460 x1 + -11.801 x2 +  43.365 x3 + -1.814 x4 + -35.570 x5 + -0.255 x3 x4 +  0.152 x4 x5 | (x5)' =  22.922 1 +  1.513 x0 + -5.649 x1 + -17.132 x3 +  48.514 x4 + -20.731 x5 + -0.207 x4 x5
99,35.0,,,sr3,0.1,0.05,1.0,2,6,5,20.0,100.0,0,0.0,finite_difference,success,,41,168,24.404761904761905,0.36831178423017263,"[""1"", ""x0"", ""x1"", ""x2"", ""x3"", ""x4"", ""x5"", ""x0^2"", ""x0 x1"", ""x0 x2"", ""x0 x3"", ""x0 x4"", ""x0 x5"", ""x1^2"", ""x1 x2"", ""x1 x3"", ""x1 x4"", ""x1 x5"", ""x2^2"", ""x2 x3"", ""x2 x4"", ""x2 x5"", ""x3^2"", ""x3 x4"", ""x3 x5"", ""x4^2"", ""x4 x5"", ""x5^2""]","[[-39.73386238531274, 20.402258630247058, -47.82953416846481, 16.26737098247698, 0.6409656802624027, 5.672056756625666, -1.6007113964080946, 0.0, 0.0, -0.0, -0.0, -0.0, 0.0, -0.0, -0.0, -0.0, 0.0, 0.0, 0.0, 0.0, 0.0, -0.0, -0.0, 0.0, 0.0, 0.0, -0.0, -0.0], [-12.401832700388313, 35.728748256920674, 1.9687013882570152, -43.157232013150065, 11.147273532124242, -5.263374887065179, 1.590526464770438, 0.0, -0.0, -0.0, 0.0, 0.0, 0.0, -0.0, 0.0, -0.0, 0.0, -0.0, -0.0, -0.0, 0.0, 0.0, 0.0, -0.0, -0.0, -0.0, 0.0, 0.0], [1.5863781564513673, -10.872656490944687, 41.47066875087453, 0.5914176614731776, -41.30474631241583, 12.77053484510258, -3.4447858753438485, -0.0, 0.0, 0.0, -0.0, -0.0, -0.0, 0.0, -0.0, -0.0, 0.0, 0.0, 0.0, 0.0, -0.0, -0.0, -0.0, -0.0, 0.0, 0.0, -0.0, -0.0], [-2.82154016576793, 3.5710870896587252, -13.18763179315502, 41.58537994165001, -0.4688440611784348, -41.33733490733306, 10.570635696787098, 0.0, 0.0, -0.0, 0.0, -0.0, -0.0, -0.0, 0.0, 0.0, -0.0, -0.0, 0.0, -0.0, 0.0, 0.0, 0.0, 0.0, -0.0, -0.0, -0.0, 0.0], [0.8552184028526443, -1.5434280260386806, 5.459515668375327, -11.800925449322984, 43.36479643908954, -1.814433046914875, -35.57048280574401, -0.0, -0.0, 0.0, -0.0, 0.0, 0.0, 0.0, -0.0, -0.0, 0.0, 0.0, -0.0, 0.0, 0.0, -0.0, 0.0, -0.0, 0.0, 0.0, 0.0, -0.0], [22.92238240960336, 1.5128858752918386, -5.649352392872095, -0.0, -17.131998842409562, 48.51439719986653, -20.731399153590672, -0.0, 0.0, -0.0, 0.0, -0.0, -0.0, -0.0, -0.0, 0.0, -0.0, 0.0, 0.0, 0.0, -0.0, 0.0, -0.0, 0.0, 0.0, 0.0, -0.0, 0.0]]",(x0)' = -39.734 1 +  20.402 x0 + -47.830 x1 +  16.267 x2 +  0.641 x3 +  5.672 x4 + -1.601 x5 | (x1)' = -12.402 1 +  35.729 x0 +  1.969 x1 + -43.157 x2 +  11.147 x3 + -5.263 x4 +  1.591 x5 | (x2)' =  1.586 1 + -10.873 x0 +  41.471 x1 +  0.591 x2 + -41.305 x3 +  12.771 x4 + -3.445 x5 | (x3)' = -2.822 1 +  3.571 x0 + -13.188 x1 +  41.585 x2 + -0.469 x3 + -41.337 x4 +  10.571 x5 | (x4)' =  0.855 1 + -1.543 x0 +  5.460 x1 + -11.801 x2 +  43.365 x3 + -1.814 x4 + -35.570 x5 | (x5)' =  22.922 1 +  1.513 x0 + -5.649 x1 + -17.132 x3 +  48.514 x4 + -20.731 x5
100,35.0,,,sr3,0.1,0.05,10.0,2,6,5,20.0,100.0,0,0.0,finite_difference,success,,37,168,22.023809523809526,0.3448273930698633,"[""1"", ""x0"", ""x1"", ""x2"", ""x3"", ""x4"", ""x5"", ""x0^2"", ""x0 x1"", ""x0 x2"", ""x0 x3"", ""x0 x4"", ""x0 x5"", ""x1^2"", ""x1 x2"", ""x1 x3"", ""x1 x4"", ""x1 x5"", ""x2^2"", ""x2 x3"", ""x2 x4"", ""x2 x5"", ""x3^2"", ""x3 x4"", ""x3 x5"", ""x4^2"", ""x4 x5"", ""x5^2""]","[[-39.73386238597395, 20.402258630359658, -47.829534168654185, 16.267370983089428, 0.0, 5.672056757185847, -1.600711396539414, 0.0, 0.0, -0.0, -0.0, -0.0, 0.0, -0.0, -0.0, -0.0, 0.0, 0.0, 0.0, 0.0, 0.0, -0.0, -0.0, 0.0, 0.0, 0.0, -0.0, -0.0], [-12.401832700366251, 35.72874825693274, 1.9687013882594673, -43.15723201317235, 11.147273532138064, -5.263374887071598, 1.590526464772775, 0.0, -0.0, -0.0, 0.0, 0.0, 0.0, -0.0, 0.0, -0.0, 0.0, -0.0, -0.0, -0.0, 0.0, 0.0, 0.0, -0.0, -0.0, -0.0, 0.0, 0.0], [1.5863781552322764, -10.872656491078144, 41.47066875141299, 0.0, -41.30474631188729, 12.770534844949788, -3.444785875238387, -0.0, 0.0, 0.0, -0.0, -0.0, -0.0, 0.0, -0.0, -0.0, 0.0, 0.0, 0.0, 0.0, -0.0, -0.0, -0.0, -0.0, 0.0, 0.0, -0.0, -0.0], [-2.8215401650199614, 3.5710870895813525, -13.18763179304781, 41.58537994123472, -0.0, -41.33733490776099, 10.570635696891925, 0.0, 0.0, -0.0, 0.0, -0.0, -0.0, -0.0, 0.0, 0.0, -0.0, -0.0, 0.0, -0.0, 0.0, 0.0, 0.0, 0.0, -0.0, -0.0, -0.0, 0.0], [0.0, -1.543428027084842, 5.459515668448253, -11.800925450291752, 43.36479643813572, -1.8144330466670737, -35.57048280509861, -0.0, -0.0, 0.0, -0.0, 0.0, 0.0, 0.0, -0.0, -0.0, 0.0, 0.0, -0.0, 0.0, 0.0, -0.0, 0.0, -0.0, 0.0, 0.0, 0.0, -0.0], [22.922382408169447, 1.5128858750677654, -5.649352391900965, -0.0, -17.131998841402883, 48.514397199569935, -20.73139915338368, -0.0, 0.0, -0.0, 0.0, -0.0, -0.0, -0.0, -0.0, 0.0, -0.0, 0.0, 0.0, 0.0, -0.0, 0.0, -0.0, 0.0, 0.0, 0.0, -0.0, 0.0]]",(x0)' = -39.734 1 +  20.402 x0 + -47.830 x1 +  16.267 x2 +  5.672 x4 + -1.601 x5 | (x1)' = -12.402 1 +  35.729 x0 +  1.969 x1 + -43.157 x2 +  11.147 x3 + -5.263 x4 +  1.591 x5 | (x2)' =  1.586 1 + -10.873 x0 +  41.471 x1 + -41.305 x3 +  12.771 x4 + -3.445 x5 | (x3)' = -2.822 1 +  3.571 x0 + -13.188 x1 +  41.585 x2 + -41.337 x4 +  10.571 x5 | (x4)' = -1.543 x0 +  5.460 x1 + -11.801 x2 +  43.365 x3 + -1.814 x4 + -35.570 x5 | (x5)' =  22.922 1 +  1.513 x0 + -5.649 x1 + -17.132 x3 +  48.514 x4 + -20.731 x5
101,35.0,,,sr3,0.1,0.05,0.01,2,6,5,20.0,100.0,5,20.0,smoothed_finite_difference_savgol_order_3,success,,84,168,50.0,0.3824668228626251,"[""1"", ""x0"", ""x1"", ""x2"", ""x3"", ""x4"", ""x5"", ""x0^2"", ""x0 x1"", ""x0 x2"", ""x0 x3"", ""x0 x4"", ""x0 x5"", ""x1^2"", ""x1 x2"", ""x1 x3"", ""x1 x4"", ""x1 x5"", ""x2^2"", ""x2 x3"", ""x2 x4"", ""x2 x5"", ""x3^2"", ""x3 x4"", ""x3 x5"", ""x4^2"", ""x4 x5"", ""x5^2""]","[[-39.69748005528209, 20.73273864732239, -48.35497015873608, 16.725829839007968, 0.33950894861811143, 5.759402251715429, -1.6220412456310387, 0.0, 0.13727399653026204, -0.0, -0.0, -0.04699629743690354, 0.0, -0.0, -0.08423395035573769, -0.0, 0.0, 0.0, 0.05887765305654302, 0.0, 0.0, -0.04479121082328133, -0.0, 0.0, 0.0, 0.0, -0.0, -0.0], [-11.53265969181255, 35.76991361194342, 2.077881013534885, -43.46750651921503, 11.476969211646255, -5.496809673211778, 1.668200938169195, 0.08101795900399561, -0.18601078089508372, -0.0, 0.0, 0.0, 0.0, -0.0, 0.21735144960217245, -0.0, 0.0, -0.0, -0.08334877252479901, -0.05793766655336247, 0.0, 0.0, 0.0, -0.0, -0.0, -0.0, 0.0, 0.0], [1.8761199485328108, -11.049716191554257, 41.66543554305408, 0.6271729195934816, -41.54038079756855, 13.089412179243256, -3.6152520698065134, -0.06105713166586977, 0.0619281561143832, 0.08958361441395417, -0.0, -0.0, -0.0, 0.09250433623483023, -0.25970083807113015, -0.0, 0.0, 0.0, 0.0, 0.18854050408176673, -0.0, -0.0, -0.06862597597182112, -0.050293405175999915, 0.0, 0.0, -0.0, -0.0], [-2.5321011730922547, 3.738289267992208, -13.482228368553, 41.799417324877325, -0.5029818815318392, -41.54967270239749, 10.766196076549344, 0.0, 0.0, -0.0719666970497529, 0.0, -0.0, -0.0, -0.08255964895513573, 0.1092339271976074, 0.07339975584774418, -0.0, -0.0, 0.0797877969462082, -0.24236346839159642, 0.0, 0.0, 0.0, 0.18850543558489, -0.04810172931335258, -0.0707959151050729, -0.0, 0.0], [1.099566010376804, -1.6254396479320379, 5.689897406662434, -12.100022065134503, 43.656781420076186, -1.9253312334891068, -35.61823139764237, -0.0, -0.0, 0.0, -0.0, 0.0, 0.0, 0.0, -0.0, -0.06141197566336812, 0.0, 0.0, -0.07529447361223573, 0.10380425064612972, 0.06184897733553194, -0.04956387688123721, 0.0961111958813036, -0.25143912777226035, 0.0, 0.0, 0.15185314670120503, -0.05958749869917946], [23.206474607394927, 1.537551577826828, -5.739985230817279, 0.16724327069122336, -17.554959569010897, 49.00981227588218, -21.05783471983354, -0.0, 0.0, -0.0, 0.0, -0.0, -0.0, -0.0, -0.0, 0.0, -0.0, 0.0, 0.0, 0.0, -0.06125522216998874, 0.0, -0.11657673096401723, 0.11932144031039128, 0.07693855274031661, 0.09967662369548203, -0.20568662479300753, 0.0]]",(x0)' = -39.697 1 +  20.733 x0 + -48.355 x1 +  16.726 x2 +  0.340 x3 +  5.759 x4 + -1.622 x5 +  0.137 x0 x1 + -0.047 x0 x4 + -0.084 x1 x2 +  0.059 x2^2 + -0.045 x2 x5 | (x1)' = -11.533 1 +  35.770 x0 +  2.078 x1 + -43.468 x2 +  11.477 x3 + -5.497 x4 +  1.668 x5 +  0.081 x0^2 + -0.186 x0 x1 +  0.217 x1 x2 + -0.083 x2^2 + -0.058 x2 x3 | (x2)' =  1.876 1 + -11.050 x0 +  41.665 x1 +  0.627 x2 + -41.540 x3 +  13.089 x4 + -3.615 x5 + -0.061 x0^2 +  0.062 x0 x1 +  0.090 x0 x2 +  0.093 x1^2 + -0.260 x1 x2 +  0.189 x2 x3 + -0.069 x3^2 + -0.050 x3 x4 | (x3)' = -2.532 1 +  3.738 x0 + -13.482 x1 +  41.799 x2 + -0.503 x3 + -41.550 x4 +  10.766 x5 + -0.072 x0 x2 + -0.083 x1^2 +  0.109 x1 x2 +  0.073 x1 x3 +  0.080 x2^2 + -0.242 x2 x3 +  0.189 x3 x4 + -0.048 x3 x5 + -0.071 x4^2 | (x4)' =  1.100 1 + -1.625 x0 +  5.690 x1 + -12.100 x2 +  43.657 x3 + -1.925 x4 + -35.618 x5 + -0.061 x1 x3 + -0.075 x2^2 +  0.104 x2 x3 +  0.062 x2 x4 + -0.050 x2 x5 +  0.096 x3^2 + -0.251 x3 x4 +  0.152 x4 x5 + -0.060 x5^2 | (x5)' =  23.206 1 +  1.538 x0 + -5.740 x1 +  0.167 x2 + -17.555 x3 +  49.010 x4 + -21.058 x5 + -0.061 x2 x4 + -0.117 x3^2 +  0.119 x3 x4 +  0.077 x3 x5 +  0.100 x4^2 + -0.206 x4 x5
102,35.0,,,sr3,0.1,0.05,0.1,2,6,5,20.0,100.0,5,20.0,smoothed_finite_difference_savgol_order_3,success,,51,168,30.357142857142858,0.3593518156558275,"[""1"", ""x0"", ""x1"", ""x2"", ""x3"", ""x4"", ""x5"", ""x0^2"", ""x0 x1"", ""x0 x2"", ""x0 x3"", ""x0 x4"", ""x0 x5"", ""x1^2"", ""x1 x2"", ""x1 x3"", ""x1 x4"", ""x1 x5"", ""x2^2"", ""x2 x3"", ""x2 x4"", ""x2 x5"", ""x3^2"", ""x3 x4"", ""x3 x5"", ""x4^2"", ""x4 x5"", ""x5^2""]","[[-39.69748003167092, 20.73273864768876, -48.35497015904476, 16.725829839121506, 0.33950894842203927, 5.759402251834731, -1.6220412456756543, 0.0, 0.0, -0.0, -0.0, -0.0, 0.0, -0.0, -0.0, -0.0, 0.0, 0.0, 0.0, 0.0, 0.0, -0.0, -0.0, 0.0, 0.0, 0.0, -0.0, -0.0], [-11.532659687721855, 35.76991361189558, 2.077881013476963, -43.467506519333604, 11.476969212088909, -5.49680967342173, 1.6682009381415162, 0.0, -0.1860107808509475, -0.0, 0.0, 0.0, 0.0, -0.0, 0.21735144964244427, -0.0, 0.0, -0.0, -0.0, -0.0, 0.0, 0.0, 0.0, -0.0, -0.0, -0.0, 0.0, 0.0], [1.8761199150408594, -11.049716191458355, 41.66543554277221, 0.6271729198362391, -41.540380797884346, 13.089412179730644, -3.615252070032234, -0.0, 0.0, 0.0, -0.0, -0.0, -0.0, 0.0, -0.25970083807610955, -0.0, 0.0, 0.0, 0.0, 0.18854050406522135, -0.0, -0.0, -0.0, -0.0, 0.0, 0.0, -0.0, -0.0], [-2.532101209758775, 3.738289267910669, -13.482228368340111, 41.799417324634454, -0.5029818816420594, -41.549672702263955, 10.766196076658032, 0.0, 0.0, -0.0, 0.0, -0.0, -0.0, -0.0, 0.0, 0.0, -0.0, -0.0, 0.0, -0.24236346841031797, 0.0, 0.0, 0.0, 0.1885054355304112, -0.0, -0.0, -0.0, 0.0], [1.0995659630711176, -1.6254396480481292, 5.689897407149631, -12.100022065369853, 43.65678141995695, -1.9253312334072488, -35.61823139769905, -0.0, -0.0, 0.0, -0.0, 0.0, 0.0, 0.0, -0.0, -0.0, 0.0, 0.0, -0.0, 0.0, 0.0, -0.0, 0.0, -0.2514391277698877, 0.0, 0.0, 0.15185314666743374, -0.0], [23.206474603066656, 1.537551577677852, -5.739985231067393, 0.16724327115321122, -17.55495956911132, 49.009812275943005, -21.05783471989815, -0.0, 0.0, -0.0, 0.0, -0.0, -0.0, -0.0, -0.0, 0.0, -0.0, 0.0, 0.0, 0.0, -0.0, 0.0, -0.0, 0.0, 0.0, 0.0, -0.20568662475666946, 0.0]]",(x0)' = -39.697 1 +  20.733 x0 + -48.355 x1 +  16.726 x2 +  0.340 x3 +  5.759 x4 + -1.622 x5 | (x1)' = -11.533 1 +  35.770 x0 +  2.078 x1 + -43.468 x2 +  11.477 x3 + -5.497 x4 +  1.668 x5 + -0.186 x0 x1 +  0.217 x1 x2 | (x2)' =  1.876 1 + -11.050 x0 +  41.665 x1 +  0.627 x2 + -41.540 x3 +  13.089 x4 + -3.615 x5 + -0.260 x1 x2 +  0.189 x2 x3 | (x3)' = -2.532 1 +  3.738 x0 + -13.482 x1 +  41.799 x2 + -0.503 x3 + -41.550 x4 +  10.766 x5 + -0.242 x2 x3 +  0.189 x3 x4 | (x4)' =  1.100 1 + -1.625 x0 +  5.690 x1 + -12.100 x2 +  43.657 x3 + -1.925 x4 + -35.618 x5 + -0.251 x3 x4 +  0.152 x4 x5 | (x5)' =  23.206 1 +  1.538 x0 + -5.740 x1 +  0.167 x2 + -17.555 x3 +  49.010 x4 + -21.058 x5 + -0.206 x4 x5
103,35.0,,,sr3,0.1,0.05,1.0,2,6,5,20.0,100.0,5,20.0,smoothed_finite_difference_savgol_order_3,success,,40,168,23.80952380952381,0.3896160973235965,"[""1"", ""x0"", ""x1"", ""x2"", ""x3"", ""x4"", ""x5"", ""x0^2"", ""x0 x1"", ""x0 x2"", ""x0 x3"", ""x0 x4"", ""x0 x5"", ""x1^2"", ""x1 x2"", ""x1 x3"", ""x1 x4"", ""x1 x5"", ""x2^2"", ""x2 x3"", ""x2 x4"", ""x2 x5"", ""x3^2"", ""x3 x4"", ""x3 x5"", ""x4^2"", ""x4 x5"", ""x5^2""]","[[-39.69748003495417, 20.732738648297804, -48.35497016014437, 16.725829842513203, 0.0, 5.759402254868659, -1.6220412464060323, 0.0, 0.0, -0.0, -0.0, -0.0, 0.0, -0.0, -0.0, -0.0, 0.0, 0.0, 0.0, 0.0, 0.0, -0.0, -0.0, 0.0, 0.0, 0.0, -0.0, -0.0], [-11.53265968963322, 35.76991361192034, 2.0778810134642414, -43.46750651937968, 11.476969212168477, -5.496809673466107, 1.6682009381452279, 0.0, -0.0, -0.0, 0.0, 0.0, 0.0, -0.0, 0.0, -0.0, 0.0, -0.0, -0.0, -0.0, 0.0, 0.0, 0.0, -0.0, -0.0, -0.0, 0.0, 0.0], [1.8761199127074952, -11.049716191514644, 41.665435542812624, 0.627172919823686, -41.540380797913336, 13.0894121798186, -3.6152520700708237, -0.0, 0.0, 0.0, -0.0, -0.0, -0.0, 0.0, -0.0, -0.0, 0.0, 0.0, 0.0, 0.0, -0.0, -0.0, -0.0, -0.0, 0.0, 0.0, -0.0, -0.0], [-2.532101203719566, 3.7382892679883577, -13.482228368493512, 41.79941732469732, -0.5029818816520527, -41.54967270227791, 10.766196076693939, 0.0, 0.0, -0.0, 0.0, -0.0, -0.0, -0.0, 0.0, 0.0, -0.0, -0.0, 0.0, -0.0, 0.0, 0.0, 0.0, 0.0, -0.0, -0.0, -0.0, 0.0], [1.0995659651831362, -1.6254396480577555, 5.689897407260075, -12.100022065518296, 43.65678142002107, -1.925331233430103, -35.61823139769091, -0.0, -0.0, 0.0, -0.0, 0.0, 0.0, 0.0, -0.0, -0.0, 0.0, 0.0, -0.0, 0.0, 0.0, -0.0, 0.0, -0.0, 0.0, 0.0, 0.0, -0.0], [23.206474608475677, 1.5375515773077608, -5.7399852295831595, 0.0, -17.554959567708558, 49.00981227554552, -21.05783471960895, -0.0, 0.0, -0.0, 0.0, -0.0, -0.0, -0.0, -0.0, 0.0, -0.0, 0.0, 0.0, 0.0, -0.0, 0.0, -0.0, 0.0, 0.0, 0.0, -0.0, 0.0]]",(x0)' = -39.697 1 +  20.733 x0 + -48.355 x1 +  16.726 x2 +  5.759 x4 + -1.622 x5 | (x1)' = -11.533 1 +  35.770 x0 +  2.078 x1 + -43.468 x2 +  11.477 x3 + -5.497 x4 +  1.668 x5 | (x2)' =  1.876 1 + -11.050 x0 +  41.665 x1 +  0.627 x2 + -41.540 x3 +  13.089 x4 + -3.615 x5 | (x3)' = -2.532 1 +  3.738 x0 + -13.482 x1 +  41.799 x2 + -0.503 x3 + -41.550 x4 +  10.766 x5 | (x4)' =  1.100 1 + -1.625 x0 +  5.690 x1 + -12.100 x2 +  43.657 x3 + -1.925 x4 + -35.618 x5 | (x5)' =  23.206 1 +  1.538 x0 + -5.740 x1 + -17.555 x3 +  49.010 x4 + -21.058 x5
104,35.0,,,sr3,0.1,0.05,10.0,2,6,5,20.0,100.0,5,20.0,smoothed_finite_difference_savgol_order_3,success,,37,168,22.023809523809526,0.35982896108180285,"[""1"", ""x0"", ""x1"", ""x2"", ""x3"", ""x4"", ""x5"", ""x0^2"", ""x0 x1"", ""x0 x2"", ""x0 x3"", ""x0 x4"", ""x0 x5"", ""x1^2"", ""x1 x2"", ""x1 x3"", ""x1 x4"", ""x1 x5"", ""x2^2"", ""x2 x3"", ""x2 x4"", ""x2 x5"", ""x3^2"", ""x3 x4"", ""x3 x5"", ""x4^2"", ""x4 x5"", ""x5^2""]","[[-39.697480031432576, 20.732738647739623, -48.354970159272696, 16.7258298396302, 0.0, 5.759402252157518, -1.6220412457603568, 0.0, 0.0, -0.0, -0.0, -0.0, 0.0, -0.0, -0.0, -0.0, 0.0, 0.0, 0.0, 0.0, 0.0, -0.0, -0.0, 0.0, 0.0, 0.0, -0.0, -0.0], [-11.532659689590153, 35.7699136119322, 2.0778810134665355, -43.46750651940174, 11.476969212182366, -5.496809673472548, 1.6682009381475875, 0.0, -0.0, -0.0, 0.0, 0.0, 0.0, -0.0, 0.0, -0.0, 0.0, -0.0, -0.0, -0.0, 0.0, 0.0, 0.0, -0.0, -0.0, -0.0, 0.0, 0.0], [1.8761199114462133, -11.049716191660469, 41.66543554339257, 0.0, -41.54038079733904, 13.089412179648114, -3.615252069955434, -0.0, 0.0, 0.0, -0.0, -0.0, -0.0, 0.0, -0.0, -0.0, 0.0, 0.0, 0.0, 0.0, -0.0, -0.0, -0.0, -0.0, 0.0, 0.0, -0.0, -0.0], [-2.532101202908187, 3.738289267902359, -13.482228368370583, 41.79941732424008, -0.0, -41.54967270274372, 10.766196076809862, 0.0, 0.0, -0.0, 0.0, -0.0, -0.0, -0.0, 0.0, 0.0, -0.0, -0.0, 0.0, -0.0, 0.0, 0.0, 0.0, 0.0, -0.0, -0.0, -0.0, 0.0], [0.0, -1.6254396494274537, 5.689897407366082, -12.100022066758058, 43.656781418793415, -1.925331233111186, -35.61823139686644, -0.0, -0.0, 0.0, -0.0, 0.0, 0.0, 0.0, -0.0, -0.0, 0.0, 0.0, -0.0, 0.0, 0.0, -0.0, 0.0, -0.0, 0.0, 0.0, 0.0, -0.0], [23.20647460995272, 1.537551577622677, -5.73998523092427, 0.0, -17.554959569164524, 49.00981227600537, -21.057834719893762, -0.0, 0.0, -0.0, 0.0, -0.0, -0.0, -0.0, -0.0, 0.0, -0.0, 0.0, 0.0, 0.0, -0.0, 0.0, -0.0, 0.0, 0.0, 0.0, -0.0, 0.0]]",(x0)' = -39.697 1 +  20.733 x0 + -48.355 x1 +  16.726 x2 +  5.759 x4 + -1.622 x5 | (x1)' = -11.533 1 +  35.770 x0 +  2.078 x1 + -43.468 x2 +  11.477 x3 + -5.497 x4 +  1.668 x5 | (x2)' =  1.876 1 + -11.050 x0 +  41.665 x1 + -41.540 x3 +  13.089 x4 + -3.615 x5 | (x3)' = -2.532 1 +  3.738 x0 + -13.482 x1 +  41.799 x2 + -41.550 x4 +  10.766 x5 | (x4)' = -1.625 x0 +  5.690 x1 + -12.100 x2 +  43.657 x3 + -1.925 x4 + -35.618 x5 | (x5)' =  23.206 1 +  1.538 x0 + -5.740 x1 + -17.555 x3 +  49.010 x4 + -21.058 x5
105,35.0,,,sr3,0.1,0.05,0.01,2,6,5,20.0,100.0,9,36.0,smoothed_finite_difference_savgol_order_3,success,,84,168,50.0,0.3819532794877887,"[""1"", ""x0"", ""x1"", ""x2"", ""x3"", ""x4"", ""x5"", ""x0^2"", ""x0 x1"", ""x0 x2"", ""x0 x3"", ""x0 x4"", ""x0 x5"", ""x1^2"", ""x1 x2"", ""x1 x3"", ""x1 x4"", ""x1 x5"", ""x2^2"", ""x2 x3"", ""x2 x4"", ""x2 x5"", ""x3^2"", ""x3 x4"", ""x3 x5"", ""x4^2"", ""x4 x5"", ""x5^2""]","[[-38.461897225701634, 24.385815759926793, -53.75887545563958, 21.563905530756376, -3.1380819837559955, 6.955297963598089, -2.0696567347867667, 0.0, 0.1434062723334576, -0.0, -0.0, -0.0, 0.0, -0.0, -0.1076261986641045, 0.0, 0.0, 0.0, 0.07111403563293776, 0.0, 0.0, -0.053059512593824014, -0.0, 0.0, 0.0, 0.0, -0.0, -0.0], [-4.080661505708907, 35.6157761578594, 3.4504608965164083, -46.37891610338546, 14.673782431709222, -7.840845787247325, 2.5966555129531486, 0.06587432449213096, -0.15640379652115383, -0.0, 0.0, 0.0, 0.0, -0.0, 0.20104557429745518, -0.0, 0.0, -0.0, -0.07335046025327566, -0.06786849033797576, 0.0, 0.0, 0.04496516871446588, 0.0, -0.0, -0.0, 0.0, 0.0], [2.748641407931463, -12.411754869334448, 43.068188559003495, 1.0595692023263004, -43.51611065487684, 15.882593122381442, -5.200749084207089, -0.055214606510518925, 0.06348373605984958, 0.06862990823138373, -0.0, 0.0, -0.0, 0.07541023620144559, -0.2190372791104096, -0.0, 0.0, 0.0, 0.0, 0.16605607760939958, -0.0, -0.0, -0.05394299216192499, -0.06646353287274073, 0.0, 0.04669648195686623, 0.0, -0.0], [-0.8453219544086251, 5.282589445386075, -16.077141335104336, 43.62012241175833, -0.9479899595953091, -43.065704505378285, 12.27066593601934, 0.0, 0.0, -0.06709832110548174, 0.0, -0.0, 0.0, -0.07825341275220588, 0.11424347242465638, 0.05449595287955401, -0.0, -0.0, 0.05743939051959824, -0.19522812105474735, -0.0, 0.0, 0.0, 0.17182955468335617, -0.0, -0.05690343284411518, -0.04633401299781949, 0.0], [1.0884465790644777, -2.584027755430052, 7.987345037598456, -15.04212439521841, 46.43971602542663, -3.3321340944215114, -35.51106140687163, -0.0, -0.0, 0.0, -0.0, 0.0, 0.0, 0.0, -0.0, -0.05557465357669591, 0.0, -0.0, -0.06872720590863979, 0.10267821711444686, 0.048726705783290886, -0.0, 0.07941647654129806, -0.21064622503540165, 0.0, 0.0, 0.1415590614608376, -0.05162603563846871], [24.43155022126323, 2.0181371925697498, -6.967536834329026, 3.5192538850252038, -22.061693426633926, 54.162562988459015, -24.66665702287637, -0.0, 0.0, -0.0, 0.0, -0.0, -0.0, -0.0, -0.0, 0.0, -0.0, 0.0, 0.0, -0.0, -0.06019975426861371, 0.0, -0.1176217872473691, 0.12734892956834615, 0.07114562765544657, 0.08705793998186502, -0.1912052925656076, 0.0]]",(x0)' = -38.462 1 +  24.386 x0 + -53.759 x1 +  21.564 x2 + -3.138 x3 +  6.955 x4 + -2.070 x5 +  0.143 x0 x1 + -0.108 x1 x2 +  0.071 x2^2 + -0.053 x2 x5 | (x1)' = -4.081 1 +  35.616 x0 +  3.450 x1 + -46.379 x2 +  14.674 x3 + -7.841 x4 +  2.597 x5 +  0.066 x0^2 + -0.156 x0 x1 +  0.201 x1 x2 + -0.073 x2^2 + -0.068 x2 x3 +  0.045 x3^2 | (x2)' =  2.749 1 + -12.412 x0 +  43.068 x1 +  1.060 x2 + -43.516 x3 +  15.883 x4 + -5.201 x5 + -0.055 x0^2 +  0.063 x0 x1 +  0.069 x0 x2 +  0.075 x1^2 + -0.219 x1 x2 +  0.166 x2 x3 + -0.054 x3^2 + -0.066 x3 x4 +  0.047 x4^2 | (x3)' = -0.845 1 +  5.283 x0 + -16.077 x1 +  43.620 x2 + -0.948 x3 + -43.066 x4 +  12.271 x5 + -0.067 x0 x2 + -0.078 x1^2 +  0.114 x1 x2 +  0.054 x1 x3 +  0.057 x2^2 + -0.195 x2 x3 +  0.172 x3 x4 + -0.057 x4^2 + -0.046 x4 x5 | (x4)' =  1.088 1 + -2.584 x0 +  7.987 x1 + -15.042 x2 +  46.440 x3 + -3.332 x4 + -35.511 x5 + -0.056 x1 x3 + -0.069 x2^2 +  0.103 x2 x3 +  0.049 x2 x4 +  0.079 x3^2 + -0.211 x3 x4 +  0.142 x4 x5 + -0.052 x5^2 | (x5)' =  24.432 1 +  2.018 x0 + -6.968 x1 +  3.519 x2 + -22.062 x3 +  54.163 x4 + -24.667 x5 + -0.060 x2 x4 + -0.118 x3^2 +  0.127 x3 x4 +  0.071 x3 x5 +  0.087 x4^2 + -0.191 x4 x5
106,35.0,,,sr3,0.1,0.05,0.1,2,6,5,20.0,100.0,9,36.0,smoothed_finite_difference_savgol_order_3,success,,52,168,30.952380952380953,0.3680343460291624,"[""1"", ""x0"", ""x1"", ""x2"", ""x3"", ""x4"", ""x5"", ""x0^2"", ""x0 x1"", ""x0 x2"", ""x0 x3"", ""x0 x4"", ""x0 x5"", ""x1^2"", ""x1 x2"", ""x1 x3"", ""x1 x4"", ""x1 x5"", ""x2^2"", ""x2 x3"", ""x2 x4"", ""x2 x5"", ""x3^2"", ""x3 x4"", ""x3 x5"", ""x4^2"", ""x4 x5"", ""x5^2""]","[[-38.461897189844834, 24.38581576034616, -53.758875456094906, 21.563905531006824, -3.138081984144929, 6.955297963845157, -2.0696567348225643, 0.0, 0.1434062724136953, -0.0, -0.0, -0.0, 0.0, -0.0, -0.0, 0.0, 0.0, 0.0, 0.0, 0.0, 0.0, -0.0, -0.0, 0.0, 0.0, 0.0, -0.0, -0.0], [-4.080661458804583, 35.615776157852146, 3.450460896478951, -46.3789161033548, 14.673782431877191, -7.840845787484703, 2.596655513007203, 0.0, -0.15640379645886066, -0.0, 0.0, 0.0, 0.0, -0.0, 0.20104557437900908, -0.0, 0.0, -0.0, -0.0, -0.0, 0.0, 0.0, 0.0, 0.0, -0.0, -0.0, 0.0, 0.0], [2.7486414028331487, -12.41175486931215, 43.068188558819074, 1.0595692026406471, -43.516110654997625, 15.882593122475955, -5.200749084346517, -0.0, 0.0, 0.0, -0.0, 0.0, -0.0, 0.0, -0.21903727911420404, -0.0, 0.0, 0.0, 0.0, 0.16605607758814037, -0.0, -0.0, -0.0, -0.0, 0.0, 0.0, 0.0, -0.0], [-0.8453219702551998, 5.28258944534181, -16.07714133492433, 43.620122411497974, -0.947989959525818, -43.065704505523655, 12.27066593622015, 0.0, 0.0, -0.0, 0.0, -0.0, 0.0, -0.0, 0.0, 0.0, -0.0, -0.0, 0.0, -0.19522812100989148, -0.0, 0.0, 0.0, 0.17182955474754016, -0.0, -0.0, -0.0, 0.0], [1.088446505934483, -2.5840277556968902, 7.9873450382564055, -15.0421243953886, 46.439716025301585, -3.33213409455307, -35.511061406786126, -0.0, -0.0, 0.0, -0.0, 0.0, 0.0, 0.0, -0.0, -0.0, 0.0, -0.0, -0.0, 0.0, 0.0, -0.0, 0.0, -0.21064622505715583, 0.0, 0.0, 0.1415590614165951, -0.0], [24.43155020585153, 2.018137192445362, -6.96753683471055, 3.5192538856288462, -22.06169342675676, 54.16256298854078, -24.66665702296457, -0.0, 0.0, -0.0, 0.0, -0.0, -0.0, -0.0, -0.0, 0.0, -0.0, 0.0, 0.0, -0.0, -0.0, 0.0, -0.0, 0.0, 0.0, 0.0, -0.1912052925359568, 0.0]]",(x0)' = -38.462 1 +  24.386 x0 + -53.759 x1 +  21.564 x2 + -3.138 x3 +  6.955 x4 + -2.070 x5 +  0.143 x0 x1 | (x1)' = -4.081 1 +  35.616 x0 +  3.450 x1 + -46.379 x2 +  14.674 x3 + -7.841 x4 +  2.597 x5 + -0.156 x0 x1 +  0.201 x1 x2 | (x2)' =  2.749 1 + -12.412 x0 +  43.068 x1 +  1.060 x2 + -43.516 x3 +  15.883 x4 + -5.201 x5 + -0.219 x1 x2 +  0.166 x2 x3 | (x3)' = -0.845 1 +  5.283 x0 + -16.077 x1 +  43.620 x2 + -0.948 x3 + -43.066 x4 +  12.271 x5 + -0.195 x2 x3 +  0.172 x3 x4 | (x4)' =  1.088 1 + -2.584 x0 +  7.987 x1 + -15.042 x2 +  46.440 x3 + -3.332 x4 + -35.511 x5 + -0.211 x3 x4 +  0.142 x4 x5 | (x5)' =  24.432 1 +  2.018 x0 + -6.968 x1 +  3.519 x2 + -22.062 x3 +  54.163 x4 + -24.667 x5 + -0.191 x4 x5
107,35.0,,,sr3,0.1,0.05,1.0,2,6,5,20.0,100.0,9,36.0,smoothed_finite_difference_savgol_order_3,success,,42,168,25.0,0.3851397428661585,"[""1"", ""x0"", ""x1"", ""x2"", ""x3"", ""x4"", ""x5"", ""x0^2"", ""x0 x1"", ""x0 x2"", ""x0 x3"", ""x0 x4"", ""x0 x5"", ""x1^2"", ""x1 x2"", ""x1 x3"", ""x1 x4"", ""x1 x5"", ""x2^2"", ""x2 x3"", ""x2 x4"", ""x2 x5"", ""x3^2"", ""x3 x4"", ""x3 x5"", ""x4^2"", ""x4 x5"", ""x5^2""]","[[-38.461897199471906, 24.385815760328743, -53.75887545610302, 21.563905531143927, -3.1380819842472705, 6.955297963847187, -2.0696567348247936, 0.0, 0.0, -0.0, -0.0, -0.0, 0.0, -0.0, -0.0, 0.0, 0.0, 0.0, 0.0, 0.0, 0.0, -0.0, -0.0, 0.0, 0.0, 0.0, -0.0, -0.0], [-4.0806614604315286, 35.61577615787155, 3.4504608964608607, -46.37891610339643, 14.673782431970501, -7.840845787540696, 2.59665551301415, 0.0, -0.0, -0.0, 0.0, 0.0, 0.0, -0.0, 0.0, -0.0, 0.0, -0.0, -0.0, -0.0, 0.0, 0.0, 0.0, 0.0, -0.0, -0.0, 0.0, 0.0], [2.748641399194556, -12.411754869359061, 43.068188558839346, 1.0595692026334016, -43.51611065501647, 15.882593122567968, -5.200749084392279, -0.0, 0.0, 0.0, -0.0, 0.0, -0.0, 0.0, -0.0, -0.0, 0.0, 0.0, 0.0, 0.0, -0.0, -0.0, -0.0, -0.0, 0.0, 0.0, 0.0, -0.0], [-0.8453219621799785, 5.2825894454292746, -16.077141335077545, 43.62012241154203, -0.9479899595444333, -43.06570450551208, 12.270665936248648, 0.0, 0.0, -0.0, 0.0, -0.0, 0.0, -0.0, 0.0, 0.0, -0.0, -0.0, 0.0, -0.0, -0.0, 0.0, 0.0, 0.0, -0.0, -0.0, -0.0, 0.0], [1.0884465083063777, -2.58402775571666, 7.987345038382404, -15.0421243955325, 46.43971602535202, -3.3321340945845717, -35.511061406765265, -0.0, -0.0, 0.0, -0.0, 0.0, 0.0, 0.0, -0.0, -0.0, 0.0, -0.0, -0.0, 0.0, 0.0, -0.0, 0.0, -0.0, 0.0, 0.0, 0.0, -0.0], [24.431550215703073, 2.018137192430997, -6.967536834730928, 3.519253885778948, -22.061693426939176, 54.162562988612166, -24.666657022986595, -0.0, 0.0, -0.0, 0.0, -0.0, -0.0, -0.0, -0.0, 0.0, -0.0, 0.0, 0.0, -0.0, -0.0, 0.0, -0.0, 0.0, 0.0, 0.0, -0.0, 0.0]]",(x0)' = -38.462 1 +  24.386 x0 + -53.759 x1 +  21.564 x2 + -3.138 x3 +  6.955 x4 + -2.070 x5 | (x1)' = -4.081 1 +  35.616 x0 +  3.450 x1 + -46.379 x2 +  14.674 x3 + -7.841 x4 +  2.597 x5 | (x2)' =  2.749 1 + -12.412 x0 +  43.068 x1 +  1.060 x2 + -43.516 x3 +  15.883 x4 + -5.201 x5 | (x3)' = -0.845 1 +  5.283 x0 + -16.077 x1 +  43.620 x2 + -0.948 x3 + -43.066 x4 +  12.271 x5 | (x4)' =  1.088 1 + -2.584 x0 +  7.987 x1 + -15.042 x2 +  46.440 x3 + -3.332 x4 + -35.511 x5 | (x5)' =  24.432 1 +  2.018 x0 + -6.968 x1 +  3.519 x2 + -22.062 x3 +  54.163 x4 + -24.667 x5
108,35.0,,,sr3,0.1,0.05,10.0,2,6,5,20.0,100.0,9,36.0,smoothed_finite_difference_savgol_order_3,success,,38,168,22.61904761904762,0.3734554424881935,"[""1"", ""x0"", ""x1"", ""x2"", ""x3"", ""x4"", ""x5"", ""x0^2"", ""x0 x1"", ""x0 x2"", ""x0 x3"", ""x0 x4"", ""x0 x5"", ""x1^2"", ""x1 x2"", ""x1 x3"", ""x1 x4"", ""x1 x5"", ""x2^2"", ""x2 x3"", ""x2 x4"", ""x2 x5"", ""x3^2"", ""x3 x4"", ""x3 x5"", ""x4^2"", ""x4 x5"", ""x5^2""]","[[-38.46189719961175, 24.385815760326768, -53.75887545611481, 21.56390553116443, -3.1380819842560577, 6.955297963849785, -2.0696567348261685, 0.0, 0.0, -0.0, -0.0, -0.0, 0.0, -0.0, -0.0, 0.0, 0.0, 0.0, 0.0, 0.0, 0.0, -0.0, -0.0, 0.0, 0.0, 0.0, -0.0, -0.0], [-4.080661460154795, 35.61577615788123, 3.4504608964618124, -46.37891610341588, 14.67378243198434, -7.840845787546744, 2.596655513016415, 0.0, -0.0, -0.0, 0.0, 0.0, 0.0, -0.0, 0.0, -0.0, 0.0, -0.0, -0.0, -0.0, 0.0, 0.0, 0.0, 0.0, -0.0, -0.0, 0.0, 0.0], [2.748641397333625, -12.411754869714033, 43.06818856003759, 0.0, -43.516110653753955, 15.882593122095814, -5.2007490841157695, -0.0, 0.0, 0.0, -0.0, 0.0, -0.0, 0.0, -0.0, -0.0, 0.0, 0.0, 0.0, 0.0, -0.0, -0.0, -0.0, -0.0, 0.0, 0.0, 0.0, -0.0], [-0.0, 5.28258944643784, -16.077141334878654, 43.62012241136721, -0.0, -43.065704506821675, 12.270665935984999, 0.0, 0.0, -0.0, 0.0, -0.0, 0.0, -0.0, 0.0, 0.0, -0.0, -0.0, 0.0, -0.0, -0.0, 0.0, 0.0, 0.0, -0.0, -0.0, -0.0, 0.0], [0.0, -2.5840277573223234, 7.9873450386636575, -15.04212439678071, 46.43971602419463, -3.332134094267683, -35.51106140602861, -0.0, -0.0, 0.0, -0.0, 0.0, 0.0, 0.0, -0.0, -0.0, 0.0, -0.0, -0.0, 0.0, 0.0, -0.0, 0.0, -0.0, 0.0, 0.0, 0.0, -0.0], [24.43155021563092, 2.0181371924310367, -6.967536834732951, 3.519253885791726, -22.061693426965782, 54.16256298862587, -24.66665702298422, -0.0, 0.0, -0.0, 0.0, -0.0, -0.0, -0.0, -0.0, 0.0, -0.0, 0.0, 0.0, -0.0, -0.0, 0.0, -0.0, 0.0, 0.0, 0.0, -0.0, 0.0]]",(x0)' = -38.462 1 +  24.386 x0 + -53.759 x1 +  21.564 x2 + -3.138 x3 +  6.955 x4 + -2.070 x5 | (x1)' = -4.081 1 +  35.616 x0 +  3.450 x1 + -46.379 x2 +  14.674 x3 + -7.841 x4 +  2.597 x5 | (x2)' =  2.749 1 + -12.412 x0 +  43.068 x1 + -43.516 x3 +  15.883 x4 + -5.201 x5 | (x3)' =  5.283 x0 + -16.077 x1 +  43.620 x2 + -43.066 x4 +  12.271 x5 | (x4)' = -2.584 x0 +  7.987 x1 + -15.042 x2 +  46.440 x3 + -3.332 x4 + -35.511 x5 | (x5)' =  24.432 1 +  2.018 x0 + -6.968 x1 +  3.519 x2 + -22.062 x3 +  54.163 x4 + -24.667 x5
109,35.0,,,sr3,0.1,0.05,0.01,2,8,1,4.0,28.0,0,0.0,finite_difference,success,,359,360,99.72222222222223,1.0214900597929955,"[""1"", ""x0"", ""x1"", ""x2"", ""x3"", ""x4"", ""x5"", ""x6"", ""x7"", ""x0^2"", ""x0 x1"", ""x0 x2"", ""x0 x3"", ""x0 x4"", ""x0 x5"", ""x0 x6"", ""x0 x7"", ""x1^2"", ""x1 x2"", ""x1 x3"", ""x1 x4"", ""x1 x5"", ""x1 x6"", ""x1 x7"", ""x2^2"", ""x2 x3"", ""x2 x4"", ""x2 x5"", ""x2 x6"", ""x2 x7"", ""x3^2"", ""x3 x4"", ""x3 x5"", ""x3 x6"", ""x3 x7"", ""x4^2"", ""x4 x5"", ""x4 x6"", ""x4 x7"", ""x5^2"", ""x5 x6"", ""x5 x7"", ""x6^2"", ""x6 x7"", ""x7^2""]","[[-1.1743894738205771, 724.4128734535254, -2098.7172491026486, 3306.007133039927, -3725.3657222620277, 2892.6016276642185, -1511.1852496602169, 485.26794509407057, -73.13773232039021, -23.49920029359742, 233.09302851301015, -533.4555911834866, 731.0671898072582, -648.6820357298776, 373.7244376191604, -129.92337274224718, 21.224478532082593, -573.1612529752747, 2609.176615057019, -3566.3043779136706, 3165.4305566359208, -1830.3526841565722, 641.1511583329464, -106.07707933667707, -2960.1557507716643, 8085.683023716003, -7190.136036870525, 4178.150585260061, -1476.2835300596312, 247.5288539229828, -5527.815302312342, 9865.77786005311, -5769.592086086169, 2058.834819803893, -350.1263214036505, -4426.9249729029225, 5220.24982137889, -1883.8806128810686, 325.1475419672037, -1554.571354650474, 1136.0625019610575, -198.99701766173908, -210.40942057484764, 74.76700204616611, -6.721212907865529], [-0.08466142864997536, 124.99757221634555, 0.0, -124.90322189597164, -0.24638577646595508, 0.13638095509819087, 0.10945415953457012, -0.16245160528163277, 0.06094959275183477, 0.07322650656754164, -1.067186551223181, 3.9058094493272, -8.636020042118787, 12.266347611704706, -11.129106906674922, 5.900438031542504, -1.3916232598965435, 3.6764343458325293, -25.70967133625991, 55.11417052432818, -76.68965174164289, 68.58047542473939, -35.98351033216498, 8.433217604344373, 42.97816697076462, -178.1016685569273, 241.62834986905176, -211.78311792569215, 109.34892117633109, -25.340686256949994, 179.30185942903427, -475.1365595413542, 407.99727416789693, -206.99075615038188, 47.329495738264505, 308.0855764843183, -518.7251447768629, 258.5436218282481, -58.27291141566508, 214.26214211140032, -209.9368509019171, 46.63514898155721, 50.61165608880489, -22.177860221349604, 2.3999810270722257], [-0.16246927368170236, 0.1728819767512509, 124.27879122775592, 1.3645186859639942, -126.56332422745916, 1.3049359771855775, -0.8828425618804118, 0.41594223095162586, -0.08944701701245651, 0.8813464447179632, -9.048417336620867, 22.84943287384132, -35.954321136757784, 37.574250071113035, -25.880270820337874, 10.78848686511943, -2.08685962508368, 23.15983606999212, -117.85373512918319, 188.35505948884233, -201.08455445255518, 141.94286327268398, -60.668625033411594, 12.011888404764713, 152.665348243502, -499.9190215750933, 548.0552145457358, -397.0270419264237, 173.69705310280557, -35.07195550278735, 420.29154666649043, -944.8444739772618, 699.2027524324261, -311.15431791104993, 63.65080856744917, 541.9196241140731, -814.1887199702412, 366.1370455675268, -75.42700503417979, 308.6875201863649, -279.0921723854564, 57.64511627129457, 63.19776426891763, -26.10271745057142, 2.6912607792136387], [-0.21841944699575905, 0.26554844160843993, -1.2402304464100604, 127.74228115459894, -3.9894076515231873, -120.64017727995159, -3.461146686913951, 1.699660845396506, -0.37612498681747825, 1.4648417536515286, -15.278351218021973, 38.64836319154625, -60.12854778338854, 61.23230002816167, -40.38374358022273, 15.828199400885028, -2.839829218776741, 39.893730207098656, -203.495130331691, 320.7982303109378, -332.2171553983433, 223.39355050407903, -89.428767341388, 16.396738746739043, 263.5004440890324, -846.7797087240324, 895.3405638314026, -615.2162044573696, 251.78542508361159, -47.17285427935325, 694.4231967659639, -1497.8517885424155, 1048.5448651679526, -436.78588884013436, 83.1862487936886, 821.4567899088834, -1166.5044248724694, 491.95795363372014, -94.70746694435303, 418.50172536359463, -355.8996309584031, 68.9648885202698, 76.09074301169058, -29.606396728580638, 2.887118392830439], [-0.21724056993060015, 0.2603774447835878, -1.4326031585477783, 3.770104349357417, 118.6434775977007, 7.430841316930905, -130.82017817035108, 2.722212222967202, -0.5752089298945873, 1.4505108874127628, -15.490455411624056, 39.7742899148231, -62.353328066052036, 63.48509571193991, -41.419774837758794, 15.848422189162944, -2.740055825196547, 41.65108279584747, -216.31147238149958, 343.78487838232695, -355.37508687950424, 235.72117361947068, -91.84925827411507, 16.19221149887656, 285.1698260170292, -921.6230944467857, 968.8069378090563, -653.7877606775176, 259.52341971476187, -46.65905467054791, 756.8560769599395, -1615.0271238131897, 1105.3458198118255, -445.16017401611236, 81.22677486279723, 872.0344446851284, -1205.9711922726576, 490.4465295907071, -90.34285281386607, 420.1255488243716, -343.90347897607484, 63.707738718227155, 70.69921982061935, -26.28370239390654, 2.447896274648904], [-0.11747335756337927, 0.142149085341426, -0.9708206798538874, 2.93077131363151, -5.2739756430295675, 131.1442781009547, -4.573334465580069, -123.00567464710176, -0.3949692770829852, 0.7471888873954459, -8.114702648910779, 20.80216702184194, -32.08495556988199, 31.62789968516656, -19.48236997247267, 6.765530774832514, -1.0060692551228494, 22.353750189977816, -116.44474895997428, 182.51888635125744, -182.8203539247396, 114.60955695425633, -40.709359565666745, 6.246630554197958, 154.24436175312633, -491.43022822312764, 499.7148136531727, -318.2898098203765, 115.36303492656702, -18.19261623542855, 396.98492161183384, -816.8654907054677, 526.1450974742299, -193.2732721958999, 31.006261740504033, 423.62909044019756, -549.040402903302, 202.8989717168179, -32.75882343196761, 178.290456090324, -131.73272038047844, 21.196950363875608, 24.187347484697412, -7.6798377337722155, 0.5928647741459147], [0.07710577471264951, -0.09737710012084044, 0.370246593085562, -0.7502327417932726, 1.1514694923448296, -1.463452816029308, 126.3711999860535, -0.7626752512475686, -124.82022618306195, -0.3680416879877518, 4.07161680097575, -11.508387705341848, 20.57259714261391, -24.477128830679725, 19.164179562773022, -9.02037885885905, 1.9347933083673923, -11.245180451795624, 63.98107249437064, -115.64955390256053, 139.4088337058461, -110.50216060964644, 52.527505755124515, -11.353847868565135, -91.64956062222876, 333.55159777389787, -404.3882504999561, 321.66269183805923, -153.07330924659837, 33.09611991285629, -304.328743816534, 737.7263509764484, -584.9966902947972, 277.0135042134065, -59.60721671629487, -445.098464909531, 700.6705618205364, -328.87556932385985, 70.1958270313328, -272.9558212857335, 253.39796742473953, -53.53968774186252, -58.11869491633436, 24.295257748693196, -2.513790059336548], [1.2771388492065543, 72.75633172987025, -482.7763274472141, 1503.9056119118834, -2880.4404519184195, 3712.8221500358213, -3298.0319943965214, 2095.832824205661, -723.9515375023708, 5.628437447506673, -55.61705285322117, 128.137876480334, -180.63003768623435, 171.24804498630473, -110.72270439425418, 45.73248287461467, -9.393564015590266, 139.6843030073899, -660.2419273537768, 963.1941388391652, -950.9514762322528, 640.257999283469, -273.6009735939438, 57.473190649823586, 803.2699832197288, -2421.6607706029317, 2473.1209350359322, -1716.109293406924, 750.5939891857663, -159.940155287869, 1883.7743881802348, -3959.7170539239864, 2811.0621581499704, -1249.0110955519904, 268.3110519852205, 2128.919436913262, -3070.322131071257, 1376.0835691062437, -296.1620751804784, 1116.4286396211753, -1002.989308456412, 215.06181720962354, 224.5091270028102, -95.40208463869384, 9.979837822301317]]",(x0)' = -1.174 1 +  724.413 x0 + -2098.717 x1 +  3306.007 x2 + -3725.366 x3 +  2892.602 x4 + -1511.185 x5 +  485.268 x6 + -73.138 x7 + -23.499 x0^2 +  233.093 x0 x1 + -533.456 x0 x2 +  731.067 x0 x3 + -648.682 x0 x4 +  373.724 x0 x5 + -129.923 x0 x6 +  21.224 x0 x7 + -573.161 x1^2 +  2609.177 x1 x2 + -3566.304 x1 x3 +  3165.431 x1 x4 + -1830.353 x1 x5 +  641.151 x1 x6 + -106.077 x1 x7 + -2960.156 x2^2 +  8085.683 x2 x3 + -7190.136 x2 x4 +  4178.151 x2 x5 + -1476.284 x2 x6 +  247.529 x2 x7 + -5527.815 x3^2 +  9865.778 x3 x4 + -5769.592 x3 x5 +  2058.835 x3 x6 + -350.126 x3 x7 + -4426.925 x4^2 +  5220.250 x4 x5 + -1883.881 x4 x6 +  325.148 x4 x7 + -1554.571 x5^2 +  1136.063 x5 x6 + -198.997 x5 x7 + -210.409 x6^2 +  74.767 x6 x7 + -6.721 x7^2 | (x1)' = -0.085 1 +  124.998 x0 + -124.903 x2 + -0.246 x3 +  0.136 x4 +  0.109 x5 + -0.162 x6 +  0.061 x7 +  0.073 x0^2 + -1.067 x0 x1 +  3.906 x0 x2 + -8.636 x0 x3 +  12.266 x0 x4 + -11.129 x0 x5 +  5.900 x0 x6 + -1.392 x0 x7 +  3.676 x1^2 + -25.710 x1 x2 +  55.114 x1 x3 + -76.690 x1 x4 +  68.580 x1 x5 + -35.984 x1 x6 +  8.433 x1 x7 +  42.978 x2^2 + -178.102 x2 x3 +  241.628 x2 x4 + -211.783 x2 x5 +  109.349 x2 x6 + -25.341 x2 x7 +  179.302 x3^2 + -475.137 x3 x4 +  407.997 x3 x5 + -206.991 x3 x6 +  47.329 x3 x7 +  308.086 x4^2 + -518.725 x4 x5 +  258.544 x4 x6 + -58.273 x4 x7 +  214.262 x5^2 + -209.937 x5 x6 +  46.635 x5 x7 +  50.612 x6^2 + -22.178 x6 x7 +  2.400 x7^2 | (x2)' = -0.162 1 +  0.173 x0 +  124.279 x1 +  1.365 x2 + -126.563 x3 +  1.305 x4 + -0.883 x5 +  0.416 x6 + -0.089 x7 +  0.881 x0^2 + -9.048 x0 x1 +  22.849 x0 x2 + -35.954 x0 x3 +  37.574 x0 x4 + -25.880 x0 x5 +  10.788 x0 x6 + -2.087 x0 x7 +  23.160 x1^2 + -117.854 x1 x2 +  188.355 x1 x3 + -201.085 x1 x4 +  141.943 x1 x5 + -60.669 x1 x6 +  12.012 x1 x7 +  152.665 x2^2 + -499.919 x2 x3 +  548.055 x2 x4 + -397.027 x2 x5 +  173.697 x2 x6 + -35.072 x2 x7 +  420.292 x3^2 + -944.844 x3 x4 +  699.203 x3 x5 + -311.154 x3 x6 +  63.651 x3 x7 +  541.920 x4^2 + -814.189 x4 x5 +  366.137 x4 x6 + -75.427 x4 x7 +  308.688 x5^2 + -279.092 x5 x6 +  57.645 x5 x7 +  63.198 x6^2 + -26.103 x6 x7 +  2.691 x7^2 | (x3)' = -0.218 1 +  0.266 x0 + -1.240 x1 +  127.742 x2 + -3.989 x3 + -120.640 x4 + -3.461 x5 +  1.700 x6 + -0.376 x7 +  1.465 x0^2 + -15.278 x0 x1 +  38.648 x0 x2 + -60.129 x0 x3 +  61.232 x0 x4 + -40.384 x0 x5 +  15.828 x0 x6 + -2.840 x0 x7 +  39.894 x1^2 + -203.495 x1 x2 +  320.798 x1 x3 + -332.217 x1 x4 +  223.394 x1 x5 + -89.429 x1 x6 +  16.397 x1 x7 +  263.500 x2^2 + -846.780 x2 x3 +  895.341 x2 x4 + -615.216 x2 x5 +  251.785 x2 x6 + -47.173 x2 x7 +  694.423 x3^2 + -1497.852 x3 x4 +  1048.545 x3 x5 + -436.786 x3 x6 +  83.186 x3 x7 +  821.457 x4^2 + -1166.504 x4 x5 +  491.958 x4 x6 + -94.707 x4 x7 +  418.502 x5^2 + -355.900 x5 x6 +  68.965 x5 x7 +  76.091 x6^2 + -29.606 x6 x7 +  2.887 x7^2 | (x4)' = -0.217 1 +  0.260 x0 + -1.433 x1 +  3.770 x2 +  118.643 x3 +  7.431 x4 + -130.820 x5 +  2.722 x6 + -0.575 x7 +  1.451 x0^2 + -15.490 x0 x1 +  39.774 x0 x2 + -62.353 x0 x3 +  63.485 x0 x4 + -41.420 x0 x5 +  15.848 x0 x6 + -2.740 x0 x7 +  41.651 x1^2 + -216.311 x1 x2 +  343.785 x1 x3 + -355.375 x1 x4 +  235.721 x1 x5 + -91.849 x1 x6 +  16.192 x1 x7 +  285.170 x2^2 + -921.623 x2 x3 +  968.807 x2 x4 + -653.788 x2 x5 +  259.523 x2 x6 + -46.659 x2 x7 +  756.856 x3^2 + -1615.027 x3 x4 +  1105.346 x3 x5 + -445.160 x3 x6 +  81.227 x3 x7 +  872.034 x4^2 + -1205.971 x4 x5 +  490.447 x4 x6 + -90.343 x4 x7 +  420.126 x5^2 + -343.903 x5 x6 +  63.708 x5 x7 +  70.699 x6^2 + -26.284 x6 x7 +  2.448 x7^2 | (x5)' = -0.117 1 +  0.142 x0 + -0.971 x1 +  2.931 x2 + -5.274 x3 +  131.144 x4 + -4.573 x5 + -123.006 x6 + -0.395 x7 +  0.747 x0^2 + -8.115 x0 x1 +  20.802 x0 x2 + -32.085 x0 x3 +  31.628 x0 x4 + -19.482 x0 x5 +  6.766 x0 x6 + -1.006 x0 x7 +  22.354 x1^2 + -116.445 x1 x2 +  182.519 x1 x3 + -182.820 x1 x4 +  114.610 x1 x5 + -40.709 x1 x6 +  6.247 x1 x7 +  154.244 x2^2 + -491.430 x2 x3 +  499.715 x2 x4 + -318.290 x2 x5 +  115.363 x2 x6 + -18.193 x2 x7 +  396.985 x3^2 + -816.865 x3 x4 +  526.145 x3 x5 + -193.273 x3 x6 +  31.006 x3 x7 +  423.629 x4^2 + -549.040 x4 x5 +  202.899 x4 x6 + -32.759 x4 x7 +  178.290 x5^2 + -131.733 x5 x6 +  21.197 x5 x7 +  24.187 x6^2 + -7.680 x6 x7 +  0.593 x7^2 | (x6)' =  0.077 1 + -0.097 x0 +  0.370 x1 + -0.750 x2 +  1.151 x3 + -1.463 x4 +  126.371 x5 + -0.763 x6 + -124.820 x7 + -0.368 x0^2 +  4.072 x0 x1 + -11.508 x0 x2 +  20.573 x0 x3 + -24.477 x0 x4 +  19.164 x0 x5 + -9.020 x0 x6 +  1.935 x0 x7 + -11.245 x1^2 +  63.981 x1 x2 + -115.650 x1 x3 +  139.409 x1 x4 + -110.502 x1 x5 +  52.528 x1 x6 + -11.354 x1 x7 + -91.650 x2^2 +  333.552 x2 x3 + -404.388 x2 x4 +  321.663 x2 x5 + -153.073 x2 x6 +  33.096 x2 x7 + -304.329 x3^2 +  737.726 x3 x4 + -584.997 x3 x5 +  277.014 x3 x6 + -59.607 x3 x7 + -445.098 x4^2 +  700.671 x4 x5 + -328.876 x4 x6 +  70.196 x4 x7 + -272.956 x5^2 +  253.398 x5 x6 + -53.540 x5 x7 + -58.119 x6^2 +  24.295 x6 x7 + -2.514 x7^2 | (x7)' =  1.277 1 +  72.756 x0 + -482.776 x1 +  1503.906 x2 + -2880.440 x3 +  3712.822 x4 + -3298.032 x5 +  2095.833 x6 + -723.952 x7 +  5.628 x0^2 + -55.617 x0 x1 +  128.138 x0 x2 + -180.630 x0 x3 +  171.248 x0 x4 + -110.723 x0 x5 +  45.732 x0 x6 + -9.394 x0 x7 +  139.684 x1^2 + -660.242 x1 x2 +  963.194 x1 x3 + -950.951 x1 x4 +  640.258 x1 x5 + -273.601 x1 x6 +  57.473 x1 x7 +  803.270 x2^2 + -2421.661 x2 x3 +  2473.121 x2 x4 + -1716.109 x2 x5 +  750.594 x2 x6 + -159.940 x2 x7 +  1883.774 x3^2 + -3959.717 x3 x4 +  2811.062 x3 x5 + -1249.011 x3 x6 +  268.311 x3 x7 +  2128.919 x4^2 + -3070.322 x4 x5 +  1376.084 x4 x6 + -296.162 x4 x7 +  1116.429 x5^2 + -1002.989 x5 x6 +  215.062 x5 x7 +  224.509 x6^2 + -95.402 x6 x7 +  9.980 x7^2
110,35.0,,,sr3,0.1,0.05,0.1,2,8,1,4.0,28.0,0,0.0,finite_difference,success,,349,360,96.94444444444444,1.005136325955391,"[""1"", ""x0"", ""x1"", ""x2"", ""x3"", ""x4"", ""x5"", ""x6"", ""x7"", ""x0^2"", ""x0 x1"", ""x0 x2"", ""x0 x3"", ""x0 x4"", ""x0 x5"", ""x0 x6"", ""x0 x7"", ""x1^2"", ""x1 x2"", ""x1 x3"", ""x1 x4"", ""x1 x5"", ""x1 x6"", ""x1 x7"", ""x2^2"", ""x2 x3"", ""x2 x4"", ""x2 x5"", ""x2 x6"", ""x2 x7"", ""x3^2"", ""x3 x4"", ""x3 x5"", ""x3 x6"", ""x3 x7"", ""x4^2"", ""x4 x5"", ""x4 x6"", ""x4 x7"", ""x5^2"", ""x5 x6"", ""x5 x7"", ""x6^2"", ""x6 x7"", ""x7^2""]","[[-1.1837624773194473, 724.4213266793154, -2098.7552250814892, 3306.0860289107327, -3725.4651000862377, 2892.6844102683617, -1511.2312490536053, 485.283843535763, -73.1403967795959, -23.247639142186518, 230.7561955704884, -528.6401234351939, 725.4617150304498, -644.8466910554521, 372.32350386940783, -129.7650615142308, 21.256883843142997, -567.887073479312, 2588.303874512987, -3543.5256986415334, 3151.6738617514607, -1826.8903990206059, 641.719990552597, -106.4762532975017, -2940.75318965402, 8047.873747732203, -7173.102018947453, 4179.457524775089, -1481.0490083297889, 249.0318642032086, -5513.763987335959, 9865.575029568196, -5785.685375794222, 2070.551972178569, -353.0373479770014, -4438.546755454484, 5248.55368446545, -1899.1878231138994, 328.5049504367513, -1567.0453557296034, 1147.7926104426592, -201.36908826742538, -212.9403740143951, 75.73070358795324, -6.808586461851827], [-0.0, 124.9952550140682, 0.0, -124.93115935016333, -0.2071909113148841, 0.0, 0.0, -0.16943399796824146, 0.0, 0.0, -0.9513515584039575, 3.6768134265614587, -8.377932628975346, 12.089726069577944, -11.056898149229086, 5.884177467811072, -1.389915828208093, 3.4317217823622492, -24.814545692757303, 54.225533113210496, -76.21099612090624, 68.47456371072448, -35.99551124946873, 8.43989076249161, 42.263789392079985, -177.05222103451743, 241.50833557957353, -212.14398818750738, 109.59137020927464, -25.389792236487587, 179.28627923955622, -476.3286750254916, 409.3040341488074, -207.60075060672082, 47.438066838885824, 309.1818788924453, -520.53309817902, 259.2922523352448, -58.39689440355783, 214.92581191508577, -210.4469437569544, 46.71407805838095, 50.703134721747126, -22.203666137655794, 2.401495167145606], [-0.16158859693187405, 0.17168392990738482, 124.28441554215546, 1.3522493760574066, -126.54710873196, 1.2908808955282032, -0.8748469437605837, 0.4131823050150016, -0.0, 0.8566323012554784, -8.824539943608658, 22.39934264287638, -35.44067533372537, 37.223650979141524, -25.74416989465497, 10.76427974016947, -2.0862817659758366, 22.673770267223244, -116.01586694332352, 186.45502994205026, -200.01005458363844, 141.69526133952797, -60.708369134533655, 12.035777421076427, 151.09527934567043, -497.2681563265615, 547.2889039589235, -397.5185587350443, 174.17159620710146, -35.18862300664795, 419.753237624003, -946.2694647867406, 701.3748465528491, -312.3279390518716, 63.89140902686494, 543.6665679971294, -817.4135733206599, 367.6091112789146, -75.70234637539328, 309.9496468830942, -280.14382825187806, 57.82915757047118, 63.40260441661356, -26.170035518565587, 2.6963863832217245], [-0.21698727817353394, 0.2640598945426813, -1.2335987561477029, 127.72874228548655, -3.9729088962155448, -120.65315488837132, -3.4545624789382625, 1.6976749264790565, -0.3758502212320408, 1.4261842203015556, -14.92663742870268, 37.93882991525191, -59.31821271190087, 60.68288474804605, -40.176809619935284, 15.796259496471093, -2.840806357593846, 39.12431213430945, -200.56142876405363, 317.7393816348811, -330.47782713742185, 223.0024212560595, -89.50864389604405, 16.441696315687935, 260.94900311385516, -842.3355556753103, 893.9039246548218, -615.910738718503, 252.54538288190375, -47.369407358408075, 693.3386869619036, -1499.6663717062565, 1051.783465389468, -438.6265386775768, 83.5793946917592, 824.0061183939524, -1171.4056701601405, 494.26570863159054, -95.15396649761955, 420.454948055162, -357.56345762614274, 69.2650306894351, 76.42076737557697, -29.71827877831871, 2.8959779366107776], [-0.21567360613466888, 0.25880600343822174, -1.425603558753557, 3.755808561624603, 118.66092468460636, 7.417073370427501, -130.81315224985116, 2.7200722393491095, -0.5749081017641507, 1.4091343631377358, -15.1135567784707, 39.01351964281133, -61.48527272416752, 62.899302726642226, -41.20274853834432, 15.817517214807836, -2.7420291865482733, 40.82464057695714, -213.1532328021941, 340.4867976891288, -353.502700913003, 235.31027185734052, -91.94567558083423, 16.24406552527079, 282.40836696911106, -916.7729825264162, 967.20111264855, -654.5191189508874, 260.35048217823976, -46.87611580240996, 755.616561785309, -1616.8359815387798, 1108.7659781993636, -447.1371288679143, 81.65475619798728, 874.7008419602467, -1211.166839533236, 492.91812577024706, -90.82635447914868, 422.2064159698387, -345.6879121819663, 64.03265052500366, 71.05482493711773, -26.405303610863225, 2.4576194975152235], [-0.0, 0.0, -0.9674705072094084, 2.923906708792957, -5.265537400215061, 131.13752937743558, -4.569812260371851, -123.00678657090037, -0.3948041960443476, 0.7266226700216885, -7.926566785389738, 20.421114485843024, -31.649715334402316, 31.335840736477508, -19.377200887215675, 6.753022564657155, -1.007971769453923, 21.93821994455086, -114.8442568442789, 180.83413050404246, -181.85845838878595, 114.40235894344819, -40.76586228357011, 6.276182934729333, 152.82234986678475, -488.86627068552895, 498.7948441402666, -318.61584447060807, 115.78356668865229, -18.307804884465448, 396.2457637180166, -817.5583994187857, 527.7700761529192, -194.2618545685978, 31.228379669579347, 424.8668053909892, -551.5619585543106, 204.13654790201284, -33.008692488019506, 179.31994444416495, -132.63543343706553, 21.366093317645305, 24.37058446957284, -7.744341748176836, 0.5982048650825064], [0.0, -0.0, 0.3649728985248381, -0.738812229898466, 1.1366289169547499, -1.4509599435396892, 126.36439888705807, -0.7604675570441761, -124.82055503671306, -0.34837177271756087, 3.8948195157538916, -11.155924416840037, 20.173652603259033, -24.206279566683207, 19.058293100227544, -9.0002511583847, 1.933736569287565, -10.865852818263116, 62.56817631282731, -114.21769422672695, 138.6224893566886, -110.3321890785772, 52.55899207347046, -11.370265662306743, -90.47675053597176, 331.6821334227178, -403.98319479247897, 322.1376694480058, -153.4545993184676, 33.18275799720391, -304.08387088725783, 739.1639101117502, -586.8409179765719, 277.94575381433344, -59.78746376767443, -446.6044879133684, 703.301032937058, -330.02366022365885, 70.39959358593346, -273.95185523909737, 254.19632548582672, -53.67191008466225, -58.26790690927204, 24.341021123610428, -2.5169128931999136], [1.2809355318042681, 72.75237273507999, -482.75867920863476, 1503.869550176135, -2880.3964385159393, 3712.7874349454078, -3298.0142979553675, 2095.827443242319, -723.950782865223, 5.5250485475568265, -54.67510214259957, 126.23394213875228, -178.44964676831148, 169.7637165736347, -110.15984942958299, 45.644137270796826, -9.39590664711292, 137.6198975972981, -652.3486583304227, 954.9267372831105, -946.2086402070307, 639.1577446333336, -273.7988643256385, 57.59221635808985, 796.3731772002307, -2409.5281167917215, 2469.0342571086876, -1717.8294239232187, 752.5898741201228, -160.46390226445553, 1880.6777324886, -3964.2026717179056, 2819.530818344109, -1253.88928481797, 269.36236068796904, 2135.5762746896435, -3083.2783844883124, 1382.2309002517638, -297.3602357936369, 1121.6250704074687, -1007.44230522611, 215.87087504222754, 225.3974542707487, -95.70567706710989, 10.00413740350388]]",(x0)' = -1.184 1 +  724.421 x0 + -2098.755 x1 +  3306.086 x2 + -3725.465 x3 +  2892.684 x4 + -1511.231 x5 +  485.284 x6 + -73.140 x7 + -23.248 x0^2 +  230.756 x0 x1 + -528.640 x0 x2 +  725.462 x0 x3 + -644.847 x0 x4 +  372.324 x0 x5 + -129.765 x0 x6 +  21.257 x0 x7 + -567.887 x1^2 +  2588.304 x1 x2 + -3543.526 x1 x3 +  3151.674 x1 x4 + -1826.890 x1 x5 +  641.720 x1 x6 + -106.476 x1 x7 + -2940.753 x2^2 +  8047.874 x2 x3 + -7173.102 x2 x4 +  4179.458 x2 x5 + -1481.049 x2 x6 +  249.032 x2 x7 + -5513.764 x3^2 +  9865.575 x3 x4 + -5785.685 x3 x5 +  2070.552 x3 x6 + -353.037 x3 x7 + -4438.547 x4^2 +  5248.554 x4 x5 + -1899.188 x4 x6 +  328.505 x4 x7 + -1567.045 x5^2 +  1147.793 x5 x6 + -201.369 x5 x7 + -212.940 x6^2 +  75.731 x6 x7 + -6.809 x7^2 | (x1)' =  124.995 x0 + -124.931 x2 + -0.207 x3 + -0.169 x6 + -0.951 x0 x1 +  3.677 x0 x2 + -8.378 x0 x3 +  12.090 x0 x4 + -11.057 x0 x5 +  5.884 x0 x6 + -1.390 x0 x7 +  3.432 x1^2 + -24.815 x1 x2 +  54.226 x1 x3 + -76.211 x1 x4 +  68.475 x1 x5 + -35.996 x1 x6 +  8.440 x1 x7 +  42.264 x2^2 + -177.052 x2 x3 +  241.508 x2 x4 + -212.144 x2 x5 +  109.591 x2 x6 + -25.390 x2 x7 +  179.286 x3^2 + -476.329 x3 x4 +  409.304 x3 x5 + -207.601 x3 x6 +  47.438 x3 x7 +  309.182 x4^2 + -520.533 x4 x5 +  259.292 x4 x6 + -58.397 x4 x7 +  214.926 x5^2 + -210.447 x5 x6 +  46.714 x5 x7 +  50.703 x6^2 + -22.204 x6 x7 +  2.401 x7^2 | (x2)' = -0.162 1 +  0.172 x0 +  124.284 x1 +  1.352 x2 + -126.547 x3 +  1.291 x4 + -0.875 x5 +  0.413 x6 +  0.857 x0^2 + -8.825 x0 x1 +  22.399 x0 x2 + -35.441 x0 x3 +  37.224 x0 x4 + -25.744 x0 x5 +  10.764 x0 x6 + -2.086 x0 x7 +  22.674 x1^2 + -116.016 x1 x2 +  186.455 x1 x3 + -200.010 x1 x4 +  141.695 x1 x5 + -60.708 x1 x6 +  12.036 x1 x7 +  151.095 x2^2 + -497.268 x2 x3 +  547.289 x2 x4 + -397.519 x2 x5 +  174.172 x2 x6 + -35.189 x2 x7 +  419.753 x3^2 + -946.269 x3 x4 +  701.375 x3 x5 + -312.328 x3 x6 +  63.891 x3 x7 +  543.667 x4^2 + -817.414 x4 x5 +  367.609 x4 x6 + -75.702 x4 x7 +  309.950 x5^2 + -280.144 x5 x6 +  57.829 x5 x7 +  63.403 x6^2 + -26.170 x6 x7 +  2.696 x7^2 | (x3)' = -0.217 1 +  0.264 x0 + -1.234 x1 +  127.729 x2 + -3.973 x3 + -120.653 x4 + -3.455 x5 +  1.698 x6 + -0.376 x7 +  1.426 x0^2 + -14.927 x0 x1 +  37.939 x0 x2 + -59.318 x0 x3 +  60.683 x0 x4 + -40.177 x0 x5 +  15.796 x0 x6 + -2.841 x0 x7 +  39.124 x1^2 + -200.561 x1 x2 +  317.739 x1 x3 + -330.478 x1 x4 +  223.002 x1 x5 + -89.509 x1 x6 +  16.442 x1 x7 +  260.949 x2^2 + -842.336 x2 x3 +  893.904 x2 x4 + -615.911 x2 x5 +  252.545 x2 x6 + -47.369 x2 x7 +  693.339 x3^2 + -1499.666 x3 x4 +  1051.783 x3 x5 + -438.627 x3 x6 +  83.579 x3 x7 +  824.006 x4^2 + -1171.406 x4 x5 +  494.266 x4 x6 + -95.154 x4 x7 +  420.455 x5^2 + -357.563 x5 x6 +  69.265 x5 x7 +  76.421 x6^2 + -29.718 x6 x7 +  2.896 x7^2 | (x4)' = -0.216 1 +  0.259 x0 + -1.426 x1 +  3.756 x2 +  118.661 x3 +  7.417 x4 + -130.813 x5 +  2.720 x6 + -0.575 x7 +  1.409 x0^2 + -15.114 x0 x1 +  39.014 x0 x2 + -61.485 x0 x3 +  62.899 x0 x4 + -41.203 x0 x5 +  15.818 x0 x6 + -2.742 x0 x7 +  40.825 x1^2 + -213.153 x1 x2 +  340.487 x1 x3 + -353.503 x1 x4 +  235.310 x1 x5 + -91.946 x1 x6 +  16.244 x1 x7 +  282.408 x2^2 + -916.773 x2 x3 +  967.201 x2 x4 + -654.519 x2 x5 +  260.350 x2 x6 + -46.876 x2 x7 +  755.617 x3^2 + -1616.836 x3 x4 +  1108.766 x3 x5 + -447.137 x3 x6 +  81.655 x3 x7 +  874.701 x4^2 + -1211.167 x4 x5 +  492.918 x4 x6 + -90.826 x4 x7 +  422.206 x5^2 + -345.688 x5 x6 +  64.033 x5 x7 +  71.055 x6^2 + -26.405 x6 x7 +  2.458 x7^2 | (x5)' = -0.967 x1 +  2.924 x2 + -5.266 x3 +  131.138 x4 + -4.570 x5 + -123.007 x6 + -0.395 x7 +  0.727 x0^2 + -7.927 x0 x1 +  20.421 x0 x2 + -31.650 x0 x3 +  31.336 x0 x4 + -19.377 x0 x5 +  6.753 x0 x6 + -1.008 x0 x7 +  21.938 x1^2 + -114.844 x1 x2 +  180.834 x1 x3 + -181.858 x1 x4 +  114.402 x1 x5 + -40.766 x1 x6 +  6.276 x1 x7 +  152.822 x2^2 + -488.866 x2 x3 +  498.795 x2 x4 + -318.616 x2 x5 +  115.784 x2 x6 + -18.308 x2 x7 +  396.246 x3^2 + -817.558 x3 x4 +  527.770 x3 x5 + -194.262 x3 x6 +  31.228 x3 x7 +  424.867 x4^2 + -551.562 x4 x5 +  204.137 x4 x6 + -33.009 x4 x7 +  179.320 x5^2 + -132.635 x5 x6 +  21.366 x5 x7 +  24.371 x6^2 + -7.744 x6 x7 +  0.598 x7^2 | (x6)' =  0.365 x1 + -0.739 x2 +  1.137 x3 + -1.451 x4 +  126.364 x5 + -0.760 x6 + -124.821 x7 + -0.348 x0^2 +  3.895 x0 x1 + -11.156 x0 x2 +  20.174 x0 x3 + -24.206 x0 x4 +  19.058 x0 x5 + -9.000 x0 x6 +  1.934 x0 x7 + -10.866 x1^2 +  62.568 x1 x2 + -114.218 x1 x3 +  138.622 x1 x4 + -110.332 x1 x5 +  52.559 x1 x6 + -11.370 x1 x7 + -90.477 x2^2 +  331.682 x2 x3 + -403.983 x2 x4 +  322.138 x2 x5 + -153.455 x2 x6 +  33.183 x2 x7 + -304.084 x3^2 +  739.164 x3 x4 + -586.841 x3 x5 +  277.946 x3 x6 + -59.787 x3 x7 + -446.604 x4^2 +  703.301 x4 x5 + -330.024 x4 x6 +  70.400 x4 x7 + -273.952 x5^2 +  254.196 x5 x6 + -53.672 x5 x7 + -58.268 x6^2 +  24.341 x6 x7 + -2.517 x7^2 | (x7)' =  1.281 1 +  72.752 x0 + -482.759 x1 +  1503.870 x2 + -2880.396 x3 +  3712.787 x4 + -3298.014 x5 +  2095.827 x6 + -723.951 x7 +  5.525 x0^2 + -54.675 x0 x1 +  126.234 x0 x2 + -178.450 x0 x3 +  169.764 x0 x4 + -110.160 x0 x5 +  45.644 x0 x6 + -9.396 x0 x7 +  137.620 x1^2 + -652.349 x1 x2 +  954.927 x1 x3 + -946.209 x1 x4 +  639.158 x1 x5 + -273.799 x1 x6 +  57.592 x1 x7 +  796.373 x2^2 + -2409.528 x2 x3 +  2469.034 x2 x4 + -1717.829 x2 x5 +  752.590 x2 x6 + -160.464 x2 x7 +  1880.678 x3^2 + -3964.203 x3 x4 +  2819.531 x3 x5 + -1253.889 x3 x6 +  269.362 x3 x7 +  2135.576 x4^2 + -3083.278 x4 x5 +  1382.231 x4 x6 + -297.360 x4 x7 +  1121.625 x5^2 + -1007.442 x5 x6 +  215.871 x5 x7 +  225.397 x6^2 + -95.706 x6 x7 +  10.004 x7^2
111,35.0,,,sr3,0.1,0.05,1.0,2,8,1,4.0,28.0,0,0.0,finite_difference,success,,336,360,93.33333333333333,0.9999438347294927,"[""1"", ""x0"", ""x1"", ""x2"", ""x3"", ""x4"", ""x5"", ""x6"", ""x7"", ""x0^2"", ""x0 x1"", ""x0 x2"", ""x0 x3"", ""x0 x4"", ""x0 x5"", ""x0 x6"", ""x0 x7"", ""x1^2"", ""x1 x2"", ""x1 x3"", ""x1 x4"", ""x1 x5"", ""x1 x6"", ""x1 x7"", ""x2^2"", ""x2 x3"", ""x2 x4"", ""x2 x5"", ""x2 x6"", ""x2 x7"", ""x3^2"", ""x3 x4"", ""x3 x5"", ""x3 x6"", ""x3 x7"", ""x4^2"", ""x4 x5"", ""x4 x6"", ""x4 x7"", ""x5^2"", ""x5 x6"", ""x5 x7"", ""x6^2"", ""x6 x7"", ""x7^2""]","[[-1.1866072803259446, 724.4661326420451, -2098.9708077842306, 3306.576624777245, -3726.1579373226523, 2893.3460774944288, -1511.659941234592, 485.45816612706426, -73.17466329408713, -21.922257645922553, 217.95481899063395, -501.07665504102926, 691.5732536743608, -619.7315104195382, 361.6409286347576, -127.68032156619189, 21.221455652485055, -537.8499682332973, 2464.3249333350454, -3401.1019512323737, 3058.531611348927, -1797.7498009447618, 641.8703169666666, -108.37801639093502, -2821.3417754291618, 7806.692122241463, -7059.440243193332, 4186.064561515996, -1512.956440485126, 259.5363391856623, -5426.603702517827, 9888.096992122966, -5923.38467510018, 2168.8114112240073, -377.93483598975445, -4547.6471828643, 5511.550013971848, -2045.336623651202, 361.8418131644733, -1690.940866387892, 1271.8795339160808, -228.11686479341623, -242.2955046784037, 87.95011214743306, -8.050759429529009], [-0.0, 124.99331011118005, 0.0, -124.95237750641016, -0.0, 0.0, 0.0, -0.0, 0.0, 0.0, -0.48227752741485214, 2.7118255935869904, -7.26560783251292, 11.347752096840718, -10.804699617901113, 5.867849480185569, -1.399884660680265, 2.386296629759859, -20.811344221918247, 50.17771513109125, -74.24138134561002, 68.47181829034102, -36.44646753260045, 8.591880419843985, 38.9157687428288, -172.26103624075594, 242.08693551991394, -215.7859571426035, 112.15836710726374, -26.030675515199007, 179.8882486268699, -485.8068605263512, 420.44422961858965, -213.6798595453471, 48.801537340774715, 318.02534161889486, -536.918080998542, 267.3714571207797, -60.11205088294519, 221.79654456324587, -216.86536062725685, 48.03213982149581, 52.152957550034195, -22.78615719175024, 2.4591119728041546], [-0.0, 0.0, 124.30629474436508, 1.3019296813927308, -126.47558006470413, 1.2225631032289086, -0.8308992565158186, 0.0, -0.0, 0.7470918477375135, -7.7870318077392175, 20.220339369420525, -32.85208376820601, 35.40578792164603, -25.048391078022785, 10.668690969038659, -2.097182745393875, 20.306400837298025, -106.62282397390881, 176.33283924505548, -194.21218816653777, 140.62547962690326, -61.26091378213878, 12.289750785910563, 142.66202181324942, -482.6169221870114, 543.8116463565594, -402.161879591091, 178.4456402964718, -36.348939142288145, 417.2733986797001, -958.5311207383086, 719.8776122880171, -323.27493576788305, 66.45179559226119, 558.3426448469714, -846.8403842517744, 382.72391460503076, -78.99593868122436, 322.78750961835414, -292.4421552542902, 60.401029234268655, 66.22891303758487, -27.321060577517734, 2.8114534249820275], [-0.0, 0.0, -1.2017109463627216, 127.65627467863155, -3.870914577577268, -120.74999221816884, -3.3923184377314146, 1.6725988678499257, -0.0, 1.249344494229183, -13.244911981146233, 34.38873984203911, -55.07108767935733, 57.6669390743794, -38.99593821607933, 15.618954132709224, -2.854397448336917, 35.263959172672145, -185.11334612381017, 300.85458346096704, -320.4988660951548, 220.84569919368107, -90.23031461504047, 16.821816820919985, 246.85490191806096, -816.9232828386494, 886.3312874237802, -622.0619096810924, 258.9138460002132, -49.14900749377436, 687.7569061979474, -1515.9898770869963, 1079.2855521027661, -455.36487474225834, 87.54793592648885, 845.8033911645123, -1216.3344937491195, 517.6510276737341, -100.29153906132774, 440.3056318636543, -376.7285510268659, 73.2950820462691, 80.84773458640414, -31.52838811834601, 3.077480207699076], [-0.0, 0.0, -1.3919710920560469, 3.679582000659888, 118.76795697418657, 7.315611709843577, -130.74796680609109, 2.693792738554069, -0.5697831578967048, 1.2182302999546748, -13.296043101143141, 35.17160323827455, -56.88093483327257, 59.621101097342816, -39.9127323730932, 15.62036213562664, -2.755773184755774, 36.64554908284738, -196.3908109852183, 322.097581749159, -342.5499371695381, 232.86018295923233, -92.67801529915414, 16.64656515929203, 267.0480690361914, -888.8096306208555, 958.4427704696202, -660.7653511533829, 267.0729476141444, -48.77112332864146, 749.1143202748341, -1633.4139718762258, 1137.7495889555667, -464.9319707139457, 85.89130244210304, 897.6606563503867, -1258.8949905092802, 517.8605584362444, -96.31962584731997, 443.3727496469607, -366.17044569137653, 68.3468664449041, 75.79305720528832, -28.344950987220344, 2.652277254372823], [-0.0, 0.0, -0.9499563368242422, 2.883921334132005, -5.208983855121968, 131.08358383818893, -4.535004332834133, -123.02084601706272, -0.0, 0.6287884190296668, -6.9918193646116675, 18.43648374534026, -29.257026210711388, 29.61653646930532, -18.688321204566073, 6.6409614027312776, -1.0131087726739345, 19.777813260359647, -106.11622653402375, 171.1473955751147, -175.9473618831926, 112.94069305568004, -41.05992320355222, 6.468306688812242, 144.71898821905555, -473.6891957753821, 493.3676985035387, -321.1754948499028, 118.97671644932038, -19.23493249666236, 392.1574720345303, -824.3992282688005, 541.5005505516901, -202.9412819084465, 33.322518812885775, 435.7344960210799, -574.8073793277284, 216.444111120383, -35.74074260479439, 189.7582467463401, -142.81285780266566, 23.52113922316062, 26.736534450434835, -8.716592899748687, 0.6960632011405522], [0.0, -0.0, 0.0, -0.7002184318037716, 1.0822447305225849, -1.3995177948259954, 126.33162001694353, -0.7474290166534404, -124.82305495106701, -0.0, 3.121627095565261, -9.54673065500689, 18.286613787461555, -22.909287390711718, 18.584676178898608, -8.948287507529926, 1.9454526293712966, -9.119467462057079, 55.741998458728894, -107.04975165183728, 134.7622942913626, -109.87299233100936, 53.111277750733095, -11.585300655276964, -84.52051664525905, 322.04890359189244, -402.8891171142258, 326.66405849791386, -157.07479199116224, 34.12643131336138, -303.43192949631606, 751.0074525434327, -602.5204328553182, 286.86609006379297, -61.8329217316751, -459.04327551641575, 727.3029893166669, -342.11591126142014, 73.00249753200703, -284.2273941591444, 263.9239057648395, -55.68886038057854, -60.48522787645648, 25.23824439309349, -2.606152121762415], [1.2812714504902292, 72.7350420080604, -482.6756219108815, 1503.6815285430246, -2880.1326518787546, 3712.5374386840745, -3297.853611035833, 2095.762590709302, -723.9381153428554, 5.048126550054438, -50.13373573097422, 116.6303510522153, -166.9308153936273, 161.54875721209135, -106.91408488467921, 45.139931774111176, -9.427657149670328, 127.17650309130762, -610.4446128311757, 908.914570478987, -918.7366624047849, 632.9373113850629, -275.57768087268965, 58.586437725274884, 757.959738764186, -2339.5074733554943, 2446.931761832922, -1733.2400868745037, 769.2867012311007, -165.17639556737694, 1864.3083677490897, -4005.3349751360183, 2891.716934942573, -1298.2393414370472, 279.92330274359995, 2192.808213419697, -3202.3519820095344, 1444.475486545063, -311.070179930285, 1174.4646136514189, -1058.589256951815, 226.6453608422099, 237.23337238352138, -100.55181177564437, 10.49061131338582]]",(x0)' = -1.187 1 +  724.466 x0 + -2098.971 x1 +  3306.577 x2 + -3726.158 x3 +  2893.346 x4 + -1511.660 x5 +  485.458 x6 + -73.175 x7 + -21.922 x0^2 +  217.955 x0 x1 + -501.077 x0 x2 +  691.573 x0 x3 + -619.732 x0 x4 +  361.641 x0 x5 + -127.680 x0 x6 +  21.221 x0 x7 + -537.850 x1^2 +  2464.325 x1 x2 + -3401.102 x1 x3 +  3058.532 x1 x4 + -1797.750 x1 x5 +  641.870 x1 x6 + -108.378 x1 x7 + -2821.342 x2^2 +  7806.692 x2 x3 + -7059.440 x2 x4 +  4186.065 x2 x5 + -1512.956 x2 x6 +  259.536 x2 x7 + -5426.604 x3^2 +  9888.097 x3 x4 + -5923.385 x3 x5 +  2168.811 x3 x6 + -377.935 x3 x7 + -4547.647 x4^2 +  5511.550 x4 x5 + -2045.337 x4 x6 +  361.842 x4 x7 + -1690.941 x5^2 +  1271.880 x5 x6 + -228.117 x5 x7 + -242.296 x6^2 +  87.950 x6 x7 + -8.051 x7^2 | (x1)' =  124.993 x0 + -124.952 x2 + -0.482 x0 x1 +  2.712 x0 x2 + -7.266 x0 x3 +  11.348 x0 x4 + -10.805 x0 x5 +  5.868 x0 x6 + -1.400 x0 x7 +  2.386 x1^2 + -20.811 x1 x2 +  50.178 x1 x3 + -74.241 x1 x4 +  68.472 x1 x5 + -36.446 x1 x6 +  8.592 x1 x7 +  38.916 x2^2 + -172.261 x2 x3 +  242.087 x2 x4 + -215.786 x2 x5 +  112.158 x2 x6 + -26.031 x2 x7 +  179.888 x3^2 + -485.807 x3 x4 +  420.444 x3 x5 + -213.680 x3 x6 +  48.802 x3 x7 +  318.025 x4^2 + -536.918 x4 x5 +  267.371 x4 x6 + -60.112 x4 x7 +  221.797 x5^2 + -216.865 x5 x6 +  48.032 x5 x7 +  52.153 x6^2 + -22.786 x6 x7 +  2.459 x7^2 | (x2)' =  124.306 x1 +  1.302 x2 + -126.476 x3 +  1.223 x4 + -0.831 x5 +  0.747 x0^2 + -7.787 x0 x1 +  20.220 x0 x2 + -32.852 x0 x3 +  35.406 x0 x4 + -25.048 x0 x5 +  10.669 x0 x6 + -2.097 x0 x7 +  20.306 x1^2 + -106.623 x1 x2 +  176.333 x1 x3 + -194.212 x1 x4 +  140.625 x1 x5 + -61.261 x1 x6 +  12.290 x1 x7 +  142.662 x2^2 + -482.617 x2 x3 +  543.812 x2 x4 + -402.162 x2 x5 +  178.446 x2 x6 + -36.349 x2 x7 +  417.273 x3^2 + -958.531 x3 x4 +  719.878 x3 x5 + -323.275 x3 x6 +  66.452 x3 x7 +  558.343 x4^2 + -846.840 x4 x5 +  382.724 x4 x6 + -78.996 x4 x7 +  322.788 x5^2 + -292.442 x5 x6 +  60.401 x5 x7 +  66.229 x6^2 + -27.321 x6 x7 +  2.811 x7^2 | (x3)' = -1.202 x1 +  127.656 x2 + -3.871 x3 + -120.750 x4 + -3.392 x5 +  1.673 x6 +  1.249 x0^2 + -13.245 x0 x1 +  34.389 x0 x2 + -55.071 x0 x3 +  57.667 x0 x4 + -38.996 x0 x5 +  15.619 x0 x6 + -2.854 x0 x7 +  35.264 x1^2 + -185.113 x1 x2 +  300.855 x1 x3 + -320.499 x1 x4 +  220.846 x1 x5 + -90.230 x1 x6 +  16.822 x1 x7 +  246.855 x2^2 + -816.923 x2 x3 +  886.331 x2 x4 + -622.062 x2 x5 +  258.914 x2 x6 + -49.149 x2 x7 +  687.757 x3^2 + -1515.990 x3 x4 +  1079.286 x3 x5 + -455.365 x3 x6 +  87.548 x3 x7 +  845.803 x4^2 + -1216.334 x4 x5 +  517.651 x4 x6 + -100.292 x4 x7 +  440.306 x5^2 + -376.729 x5 x6 +  73.295 x5 x7 +  80.848 x6^2 + -31.528 x6 x7 +  3.077 x7^2 | (x4)' = -1.392 x1 +  3.680 x2 +  118.768 x3 +  7.316 x4 + -130.748 x5 +  2.694 x6 + -0.570 x7 +  1.218 x0^2 + -13.296 x0 x1 +  35.172 x0 x2 + -56.881 x0 x3 +  59.621 x0 x4 + -39.913 x0 x5 +  15.620 x0 x6 + -2.756 x0 x7 +  36.646 x1^2 + -196.391 x1 x2 +  322.098 x1 x3 + -342.550 x1 x4 +  232.860 x1 x5 + -92.678 x1 x6 +  16.647 x1 x7 +  267.048 x2^2 + -888.810 x2 x3 +  958.443 x2 x4 + -660.765 x2 x5 +  267.073 x2 x6 + -48.771 x2 x7 +  749.114 x3^2 + -1633.414 x3 x4 +  1137.750 x3 x5 + -464.932 x3 x6 +  85.891 x3 x7 +  897.661 x4^2 + -1258.895 x4 x5 +  517.861 x4 x6 + -96.320 x4 x7 +  443.373 x5^2 + -366.170 x5 x6 +  68.347 x5 x7 +  75.793 x6^2 + -28.345 x6 x7 +  2.652 x7^2 | (x5)' = -0.950 x1 +  2.884 x2 + -5.209 x3 +  131.084 x4 + -4.535 x5 + -123.021 x6 +  0.629 x0^2 + -6.992 x0 x1 +  18.436 x0 x2 + -29.257 x0 x3 +  29.617 x0 x4 + -18.688 x0 x5 +  6.641 x0 x6 + -1.013 x0 x7 +  19.778 x1^2 + -106.116 x1 x2 +  171.147 x1 x3 + -175.947 x1 x4 +  112.941 x1 x5 + -41.060 x1 x6 +  6.468 x1 x7 +  144.719 x2^2 + -473.689 x2 x3 +  493.368 x2 x4 + -321.175 x2 x5 +  118.977 x2 x6 + -19.235 x2 x7 +  392.157 x3^2 + -824.399 x3 x4 +  541.501 x3 x5 + -202.941 x3 x6 +  33.323 x3 x7 +  435.734 x4^2 + -574.807 x4 x5 +  216.444 x4 x6 + -35.741 x4 x7 +  189.758 x5^2 + -142.813 x5 x6 +  23.521 x5 x7 +  26.737 x6^2 + -8.717 x6 x7 +  0.696 x7^2 | (x6)' = -0.700 x2 +  1.082 x3 + -1.400 x4 +  126.332 x5 + -0.747 x6 + -124.823 x7 +  3.122 x0 x1 + -9.547 x0 x2 +  18.287 x0 x3 + -22.909 x0 x4 +  18.585 x0 x5 + -8.948 x0 x6 +  1.945 x0 x7 + -9.119 x1^2 +  55.742 x1 x2 + -107.050 x1 x3 +  134.762 x1 x4 + -109.873 x1 x5 +  53.111 x1 x6 + -11.585 x1 x7 + -84.521 x2^2 +  322.049 x2 x3 + -402.889 x2 x4 +  326.664 x2 x5 + -157.075 x2 x6 +  34.126 x2 x7 + -303.432 x3^2 +  751.007 x3 x4 + -602.520 x3 x5 +  286.866 x3 x6 + -61.833 x3 x7 + -459.043 x4^2 +  727.303 x4 x5 + -342.116 x4 x6 +  73.002 x4 x7 + -284.227 x5^2 +  263.924 x5 x6 + -55.689 x5 x7 + -60.485 x6^2 +  25.238 x6 x7 + -2.606 x7^2 | (x7)' =  1.281 1 +  72.735 x0 + -482.676 x1 +  1503.682 x2 + -2880.133 x3 +  3712.537 x4 + -3297.854 x5 +  2095.763 x6 + -723.938 x7 +  5.048 x0^2 + -50.134 x0 x1 +  116.630 x0 x2 + -166.931 x0 x3 +  161.549 x0 x4 + -106.914 x0 x5 +  45.140 x0 x6 + -9.428 x0 x7 +  127.177 x1^2 + -610.445 x1 x2 +  908.915 x1 x3 + -918.737 x1 x4 +  632.937 x1 x5 + -275.578 x1 x6 +  58.586 x1 x7 +  757.960 x2^2 + -2339.507 x2 x3 +  2446.932 x2 x4 + -1733.240 x2 x5 +  769.287 x2 x6 + -165.176 x2 x7 +  1864.308 x3^2 + -4005.335 x3 x4 +  2891.717 x3 x5 + -1298.239 x3 x6 +  279.923 x3 x7 +  2192.808 x4^2 + -3202.352 x4 x5 +  1444.475 x4 x6 + -311.070 x4 x7 +  1174.465 x5^2 + -1058.589 x5 x6 +  226.645 x5 x7 +  237.233 x6^2 + -100.552 x6 x7 +  10.491 x7^2
112,35.0,,,sr3,0.1,0.05,10.0,2,8,1,4.0,28.0,0,0.0,finite_difference,success,,313,360,86.94444444444444,0.9976797429844737,"[""1"", ""x0"", ""x1"", ""x2"", ""x3"", ""x4"", ""x5"", ""x6"", ""x7"", ""x0^2"", ""x0 x1"", ""x0 x2"", ""x0 x3"", ""x0 x4"", ""x0 x5"", ""x0 x6"", ""x0 x7"", ""x1^2"", ""x1 x2"", ""x1 x3"", ""x1 x4"", ""x1 x5"", ""x1 x6"", ""x1 x7"", ""x2^2"", ""x2 x3"", ""x2 x4"", ""x2 x5"", ""x2 x6"", ""x2 x7"", ""x3^2"", ""x3 x4"", ""x3 x5"", ""x3 x6"", ""x3 x7"", ""x4^2"", ""x4 x5"", ""x4 x6"", ""x4 x7"", ""x5^2"", ""x5 x6"", ""x5 x7"", ""x6^2"", ""x6 x7"", ""x7^2""]","[[-0.0, 724.6491955334968, -2099.8594095004482, 3308.625187955743, -3729.100453167247, 2896.2128198119335, -1513.5564069936215, 486.24466400282995, -73.3318909088459, -16.142956649684642, 161.72912635168242, -379.38579936011706, 541.6748243682488, -509.1260430882711, 315.52670238435957, -119.39738584252893, 21.34961922309803, -404.7924359791113, 1911.4540021941589, -2763.8022615327513, 2643.53479606216, -1672.5161143402354, 647.0992735060601, -118.31848755683022, -2284.2436060904256, 6715.560300361409, -6547.69049374028, 4226.509114137869, -1667.4637264580406, 310.3719999206416, -5028.041619431873, 9991.656033026033, -6565.12122893497, 2631.3385671653386, -496.3097637898848, -5050.146518134106, 6734.159610395051, -2731.1529754993885, 519.7612846279928, -2269.9520724906606, 1855.9651653978715, -355.02399130635604, -381.22256010260963, 146.15967001207076, -13.999786459394214], [-0.0, 124.98584470214611, 0.0, -125.03528014389471, -0.0, -0.0, 0.0, -0.0, 0.0, -0.0, 0.0, -0.0, -3.8896872424206754, 9.839886783895778, -11.029630407098864, 6.404325316700737, -1.5710143249408581, -0.0, -8.14219558585978, 40.99705364901652, -75.62319843443005, 76.12212918902422, -41.92991201848042, 9.993168453214045, 31.05780345812381, -175.19734486798677, 272.5322839921164, -252.99492777493768, 133.07879852236522, -30.85536781203547, 203.41054296547293, -575.5819918154201, 505.59469016635893, -256.6827459642969, 58.155429595470636, 384.2779563696106, -649.5784817916638, 320.93942819955424, -71.33527049145914, 266.8659866211371, -258.11224018219156, 56.452932243917026, 61.34502402672803, -26.469372833831354, 2.8229114625114207], [-0.0, 0.0, 124.39242565481938, 0.0, -126.18437546546363, 0.0, -0.0, 0.0, -0.0, 0.0, -3.591866612399783, 11.634220102820695, -23.215894366885877, 29.487945326076265, -23.614559424134807, 11.011094471440519, -2.3087705333635946, 10.892490515026166, -70.8308694906354, 141.66716850637323, -180.56800080291478, 145.27379453852177, -68.09551007232393, 14.352992007024296, 113.30838567669437, -445.94567291357396, 561.8852448557922, -448.77982910906616, 209.50133523768207, -44.06853350986008, 431.1374928945128, -1071.2951078387343, 846.8180315551247, -392.4600743980765, 82.1501905761436, 657.2438958055457, -1028.5342695984941, 472.9398854670376, -98.41611257209331, 398.7705866575175, -363.9600402738041, 75.28044938947917, 82.48663085590866, -33.92772396524657, 3.471244220724758], [-0.0, 0.0, -0.0, 127.35570488361414, -3.436447011758483, -121.17609550505378, -3.10872918836259, 1.5544318880808203, -0.0, 0.0, -6.341774222952414, 20.08376338691425, -38.66163440074206, 47.09588599292107, -35.92112253854433, 15.84038911885301, -3.130714760203008, 19.589407854032494, -124.26519627544785, 239.20839060407795, -291.8650873775269, 223.50511118122074, -99.18115250074618, 19.746679453918595, 194.72145938069028, -740.6003204662128, 895.9946389348902, -683.2257468088304, 303.06001042472184, -60.4543108519825, 695.0053652728405, -1664.072428810985, 1259.9844152863857, -556.8590925031738, 110.93638458998826, 986.6504639125855, -1483.0749412145253, 652.1988039126026, -129.53020046262827, 553.6611193825041, -484.4676692087656, 95.85476689587502, 105.50378322699804, -41.59490065975378, 4.08643602992697], [-0.0, 0.0, -0.0, 3.3556375679674386, 119.23632854764716, 6.85627190130928, -130.44235167349441, 2.566515198642674, -0.0, 0.0, -5.810507113504432, 19.60937143648592, -38.929280192453945, 47.920662053129696, -36.37471309713495, 15.763159218817433, -3.0349792602006405, 19.595977242022652, -129.85115382985833, 253.93583146202906, -309.7363542184511, 234.3215051945767, -101.73022197408461, 19.684422544652453, 209.4214198054322, -801.4838247651145, 963.1915134535392, -722.6560955563391, 312.96179338701035, -60.63256055431685, 752.530585603901, -1783.2976674749189, 1325.657568509949, -571.4704558314621, 110.5575977852555, 1044.1455548872045, -1538.950417712569, 659.7999458649981, -127.25188703326621, 562.9656527409572, -480.1683984088053, 92.26249717142986, 101.93295649392314, -39.03199743997083, 3.7245636536308613], [-0.0, 0.0, -0.0, 2.7222722130080514, -4.97578703846734, 130.85536206923453, -4.383409378979675, -123.08391593387775, -0.0, 0.0, -3.0901854235273007, 10.243095556397611, -19.642950468141063, 23.129936089426163, -16.510598003214156, 6.555711060284043, -0.0, 10.805981618962896, -70.52871531610351, 133.48201693816077, -155.96966092499636, 111.37965887418184, -44.70822677794335, 7.832282452708542, 112.90493218485663, -420.75389177747957, 486.513432199213, -346.2032043214207, 139.6561557313998, -24.766080120977733, 386.70968990165017, -885.110436139454, 626.3377406916292, -252.72402934455116, 45.041077065699746, 501.9088303043243, -705.7874876537971, 283.9570295809053, -50.598068182515945, 246.66223439671032, -197.60388525841375, 35.09048933710186, 39.38559044533687, -13.91218163253592, 0.0], [0.0, -0.0, 0.0, -0.0, 0.0, -0.0, 126.17444532693177, -0.0, -124.83604118756007, 0.0, 0.0, -3.492957489619331, 11.771280737009285, -19.296461123318903, 18.113984949917487, -9.464991124411306, 2.154828362473943, -2.474068522235649, 31.456968732230397, -85.65685668349995, 129.7744504916343, -117.14770163799898, 59.84797308131008, -13.444218155051823, -66.350491024261, 308.1233545539849, -431.6746659507278, 372.4980669714231, -184.9449800382095, 40.79489943172122, -325.6335497488727, 861.7360481220728, -716.2084714296806, 346.47633358269536, -75.07902345808225, -547.5621128615177, 883.6734806087751, -418.116098224961, 89.1483559377121, -348.206379296059, 323.3278203619002, -67.9358363106186, -73.86082912761299, 30.637200191824135, -3.1425048505674877], [0.0, 72.66364503081898, -482.32815543855384, 1502.876801497811, -2878.9698981997144, 3711.3974773734603, -3297.09512825337, 2095.446600473402, -723.8747507843133, 3.0634239159518466, -31.31924758270101, 77.46619344664128, -121.65390125841284, 131.90170854407455, -97.81371542179369, 45.39802177342993, -10.10789133499238, 84.27218022872137, -442.651661352169, 736.2835474147621, -834.4800325712272, 635.1530578935917, -297.6496281975794, 66.08036071847715, 612.0298216201567, -2115.4296086125514, 2453.033134712641, -1884.2231114448937, 882.5496469849573, -194.56611101240753, 1868.3788909074192, -4371.064804492042, 3355.6429240886528, -1562.3010610965048, 341.17479220805524, 2554.496976047974, -3896.5848778994227, 1797.0089341447035, -387.98003380250566, 1471.513944759308, -1342.0650019461086, 286.1577448950639, 302.28402736266816, -127.16030500335395, 13.161363755086171]]",(x0)' =  724.649 x0 + -2099.859 x1 +  3308.625 x2 + -3729.100 x3 +  2896.213 x4 + -1513.556 x5 +  486.245 x6 + -73.332 x7 + -16.143 x0^2 +  161.729 x0 x1 + -379.386 x0 x2 +  541.675 x0 x3 + -509.126 x0 x4 +  315.527 x0 x5 + -119.397 x0 x6 +  21.350 x0 x7 + -404.792 x1^2 +  1911.454 x1 x2 + -2763.802 x1 x3 +  2643.535 x1 x4 + -1672.516 x1 x5 +  647.099 x1 x6 + -118.318 x1 x7 + -2284.244 x2^2 +  6715.560 x2 x3 + -6547.690 x2 x4 +  4226.509 x2 x5 + -1667.464 x2 x6 +  310.372 x2 x7 + -5028.042 x3^2 +  9991.656 x3 x4 + -6565.121 x3 x5 +  2631.339 x3 x6 + -496.310 x3 x7 + -5050.147 x4^2 +  6734.160 x4 x5 + -2731.153 x4 x6 +  519.761 x4 x7 + -2269.952 x5^2 +  1855.965 x5 x6 + -355.024 x5 x7 + -381.223 x6^2 +  146.160 x6 x7 + -14.000 x7^2 | (x1)' =  124.986 x0 + -125.035 x2 + -3.890 x0 x3 +  9.840 x0 x4 + -11.030 x0 x5 +  6.404 x0 x6 + -1.571 x0 x7 + -8.142 x1 x2 +  40.997 x1 x3 + -75.623 x1 x4 +  76.122 x1 x5 + -41.930 x1 x6 +  9.993 x1 x7 +  31.058 x2^2 + -175.197 x2 x3 +  272.532 x2 x4 + -252.995 x2 x5 +  133.079 x2 x6 + -30.855 x2 x7 +  203.411 x3^2 + -575.582 x3 x4 +  505.595 x3 x5 + -256.683 x3 x6 +  58.155 x3 x7 +  384.278 x4^2 + -649.578 x4 x5 +  320.939 x4 x6 + -71.335 x4 x7 +  266.866 x5^2 + -258.112 x5 x6 +  56.453 x5 x7 +  61.345 x6^2 + -26.469 x6 x7 +  2.823 x7^2 | (x2)' =  124.392 x1 + -126.184 x3 + -3.592 x0 x1 +  11.634 x0 x2 + -23.216 x0 x3 +  29.488 x0 x4 + -23.615 x0 x5 +  11.011 x0 x6 + -2.309 x0 x7 +  10.892 x1^2 + -70.831 x1 x2 +  141.667 x1 x3 + -180.568 x1 x4 +  145.274 x1 x5 + -68.096 x1 x6 +  14.353 x1 x7 +  113.308 x2^2 + -445.946 x2 x3 +  561.885 x2 x4 + -448.780 x2 x5 +  209.501 x2 x6 + -44.069 x2 x7 +  431.137 x3^2 + -1071.295 x3 x4 +  846.818 x3 x5 + -392.460 x3 x6 +  82.150 x3 x7 +  657.244 x4^2 + -1028.534 x4 x5 +  472.940 x4 x6 + -98.416 x4 x7 +  398.771 x5^2 + -363.960 x5 x6 +  75.280 x5 x7 +  82.487 x6^2 + -33.928 x6 x7 +  3.471 x7^2 | (x3)' =  127.356 x2 + -3.436 x3 + -121.176 x4 + -3.109 x5 +  1.554 x6 + -6.342 x0 x1 +  20.084 x0 x2 + -38.662 x0 x3 +  47.096 x0 x4 + -35.921 x0 x5 +  15.840 x0 x6 + -3.131 x0 x7 +  19.589 x1^2 + -124.265 x1 x2 +  239.208 x1 x3 + -291.865 x1 x4 +  223.505 x1 x5 + -99.181 x1 x6 +  19.747 x1 x7 +  194.721 x2^2 + -740.600 x2 x3 +  895.995 x2 x4 + -683.226 x2 x5 +  303.060 x2 x6 + -60.454 x2 x7 +  695.005 x3^2 + -1664.072 x3 x4 +  1259.984 x3 x5 + -556.859 x3 x6 +  110.936 x3 x7 +  986.650 x4^2 + -1483.075 x4 x5 +  652.199 x4 x6 + -129.530 x4 x7 +  553.661 x5^2 + -484.468 x5 x6 +  95.855 x5 x7 +  105.504 x6^2 + -41.595 x6 x7 +  4.086 x7^2 | (x4)' =  3.356 x2 +  119.236 x3 +  6.856 x4 + -130.442 x5 +  2.567 x6 + -5.811 x0 x1 +  19.609 x0 x2 + -38.929 x0 x3 +  47.921 x0 x4 + -36.375 x0 x5 +  15.763 x0 x6 + -3.035 x0 x7 +  19.596 x1^2 + -129.851 x1 x2 +  253.936 x1 x3 + -309.736 x1 x4 +  234.322 x1 x5 + -101.730 x1 x6 +  19.684 x1 x7 +  209.421 x2^2 + -801.484 x2 x3 +  963.192 x2 x4 + -722.656 x2 x5 +  312.962 x2 x6 + -60.633 x2 x7 +  752.531 x3^2 + -1783.298 x3 x4 +  1325.658 x3 x5 + -571.470 x3 x6 +  110.558 x3 x7 +  1044.146 x4^2 + -1538.950 x4 x5 +  659.800 x4 x6 + -127.252 x4 x7 +  562.966 x5^2 + -480.168 x5 x6 +  92.262 x5 x7 +  101.933 x6^2 + -39.032 x6 x7 +  3.725 x7^2 | (x5)' =  2.722 x2 + -4.976 x3 +  130.855 x4 + -4.383 x5 + -123.084 x6 + -3.090 x0 x1 +  10.243 x0 x2 + -19.643 x0 x3 +  23.130 x0 x4 + -16.511 x0 x5 +  6.556 x0 x6 +  10.806 x1^2 + -70.529 x1 x2 +  133.482 x1 x3 + -155.970 x1 x4 +  111.380 x1 x5 + -44.708 x1 x6 +  7.832 x1 x7 +  112.905 x2^2 + -420.754 x2 x3 +  486.513 x2 x4 + -346.203 x2 x5 +  139.656 x2 x6 + -24.766 x2 x7 +  386.710 x3^2 + -885.110 x3 x4 +  626.338 x3 x5 + -252.724 x3 x6 +  45.041 x3 x7 +  501.909 x4^2 + -705.787 x4 x5 +  283.957 x4 x6 + -50.598 x4 x7 +  246.662 x5^2 + -197.604 x5 x6 +  35.090 x5 x7 +  39.386 x6^2 + -13.912 x6 x7 | (x6)' =  126.174 x5 + -124.836 x7 + -3.493 x0 x2 +  11.771 x0 x3 + -19.296 x0 x4 +  18.114 x0 x5 + -9.465 x0 x6 +  2.155 x0 x7 + -2.474 x1^2 +  31.457 x1 x2 + -85.657 x1 x3 +  129.774 x1 x4 + -117.148 x1 x5 +  59.848 x1 x6 + -13.444 x1 x7 + -66.350 x2^2 +  308.123 x2 x3 + -431.675 x2 x4 +  372.498 x2 x5 + -184.945 x2 x6 +  40.795 x2 x7 + -325.634 x3^2 +  861.736 x3 x4 + -716.208 x3 x5 +  346.476 x3 x6 + -75.079 x3 x7 + -547.562 x4^2 +  883.673 x4 x5 + -418.116 x4 x6 +  89.148 x4 x7 + -348.206 x5^2 +  323.328 x5 x6 + -67.936 x5 x7 + -73.861 x6^2 +  30.637 x6 x7 + -3.143 x7^2 | (x7)' =  72.664 x0 + -482.328 x1 +  1502.877 x2 + -2878.970 x3 +  3711.397 x4 + -3297.095 x5 +  2095.447 x6 + -723.875 x7 +  3.063 x0^2 + -31.319 x0 x1 +  77.466 x0 x2 + -121.654 x0 x3 +  131.902 x0 x4 + -97.814 x0 x5 +  45.398 x0 x6 + -10.108 x0 x7 +  84.272 x1^2 + -442.652 x1 x2 +  736.284 x1 x3 + -834.480 x1 x4 +  635.153 x1 x5 + -297.650 x1 x6 +  66.080 x1 x7 +  612.030 x2^2 + -2115.430 x2 x3 +  2453.033 x2 x4 + -1884.223 x2 x5 +  882.550 x2 x6 + -194.566 x2 x7 +  1868.379 x3^2 + -4371.065 x3 x4 +  3355.643 x3 x5 + -1562.301 x3 x6 +  341.175 x3 x7 +  2554.497 x4^2 + -3896.585 x4 x5 +  1797.009 x4 x6 + -387.980 x4 x7 +  1471.514 x5^2 + -1342.065 x5 x6 +  286.158 x5 x7 +  302.284 x6^2 + -127.160 x6 x7 +  13.161 x7^2
113,35.0,,,sr3,0.1,0.05,0.01,2,8,1,4.0,28.0,5,20.0,smoothed_finite_difference_savgol_order_3,success,,356,360,98.88888888888889,0.9759475756436586,"[""1"", ""x0"", ""x1"", ""x2"", ""x3"", ""x4"", ""x5"", ""x6"", ""x7"", ""x0^2"", ""x0 x1"", ""x0 x2"", ""x0 x3"", ""x0 x4"", ""x0 x5"", ""x0 x6"", ""x0 x7"", ""x1^2"", ""x1 x2"", ""x1 x3"", ""x1 x4"", ""x1 x5"", ""x1 x6"", ""x1 x7"", ""x2^2"", ""x2 x3"", ""x2 x4"", ""x2 x5"", ""x2 x6"", ""x2 x7"", ""x3^2"", ""x3 x4"", ""x3 x5"", ""x3 x6"", ""x3 x7"", ""x4^2"", ""x4 x5"", ""x4 x6"", ""x4 x7"", ""x5^2"", ""x5 x6"", ""x5 x7"", ""x6^2"", ""x6 x7"", ""x7^2""]","[[-0.9648428989485287, 745.6499502538198, -2210.090207554956, 3571.504838064869, -4097.943567119381, 3224.471385734651, -1698.522456645185, 547.2392389429681, -82.40503756778557, -27.697188026781348, 285.53304656436234, -677.7363090083118, 960.3486972638582, -877.655221874926, 517.8777337385371, -183.00961099358818, 30.072698534305893, -731.6756558644198, 3463.4591631412545, -4906.285178456226, 4493.380804922114, -2663.405960996447, 947.9027262174818, -157.3672298405193, -4096.4234964419, 11623.385492732594, -10682.195260430806, 6366.07788005336, -2282.8204948181983, 382.8381629475867, -8270.46032594498, 15270.97271445805, -9155.79953062024, 3308.6731870013714, -560.3514774919206, -7088.612745676275, 8555.597227338007, -3115.733173620304, 532.579960484404, -2599.372265268044, 1907.5470390348542, -328.81646286893107, -352.62207201723004, 122.49993243048263, -10.706598477751324], [-0.10363629291572193, 124.97223374585418, 0.0, -124.62083062604816, -1.084645066447306, 1.2683226660273486, -0.7542894207501128, 0.2060710990801088, -0.0, -0.31083904193501705, 3.453349120567491, -8.164560420165806, 10.149868655223425, -5.798105404449087, -0.7697763150150693, 2.8284417806917475, -1.0865570807597629, -9.443048136816525, 43.38768413187711, -50.849597421647495, 23.40784698386127, 12.608451833742556, -20.139704890887685, 7.076932681783671, -46.46700173950885, 90.35402125467557, -4.412313266232149, -80.78454611103399, 75.99477782868553, -23.62436779171021, -15.93763879849575, -134.26163572980917, 242.23978468189534, -174.32607502521472, 48.90704874664128, 171.65817283205945, -410.55520080340824, 253.71965698271978, -65.8112921537941, 206.2916365937143, -231.65725699352413, 56.62660408056229, 60.97783817795913, -28.501627671172155, 3.219014974752914], [-0.18280110372916156, 0.0, 125.13182572764303, -1.073922385695627, -122.58830541612986, -2.6702242001817074, 1.536365750927155, -0.4064238292110168, 0.0, 1.533502159555841, -15.413213945946177, 37.73274490065328, -57.516548376169936, 58.677778236180686, -39.997235780166086, 16.75717825155453, -3.2964028726524637, 38.400430454541905, -188.91344371071702, 292.7996778865167, -306.6698158149384, 215.8328115230816, -93.41648524162187, 18.918481219318686, 236.9811159381654, -756.9818880711557, 820.7853603299926, -597.3471525684564, 265.91039578152305, -54.99922727415891, 626.1444380934993, -1403.7167705818263, 1049.1667947968863, -475.78928609444654, 99.54021819926857, 807.45916982865, -1227.676660077692, 561.7940942063377, -117.93453072327068, 470.4184448829035, -431.2261739484536, 90.3221899382065, 98.51669398282995, -41.041355779039904, 4.244679058600361], [-0.24289542640333572, 0.13933700319316597, -0.31637054603068065, 124.93538751529604, 0.6949622394954965, -125.29920638730181, -0.7128827777941958, 0.8225104725829373, -0.2633328831339556, 2.9404727557698354, -31.245958584919087, 79.78289464775227, -124.82621211702497, 127.89116605837033, -85.08420286552986, 33.76351484513929, -6.146539200972106, 83.14760846158661, -427.95175872456207, 677.8199367044024, -705.1960524395879, 477.3476416342216, -192.92556308254572, 35.76906490491443, 558.0896670623998, -1796.8538542366935, 1902.0038282341075, -1310.0160046121648, 538.5396055587057, -101.45595299195821, 1470.9490107269357, -3163.4475347516345, 2209.8773991862126, -920.1223228585734, 175.30314513688566, 1722.800554613123, -2431.4142209499178, 1020.6314966965318, -195.72847452626354, 863.681469412985, -728.3808771712778, 140.09989686645227, 153.90793181380675, -59.2493657950451, 5.698618795476619], [-0.24885010890756293, 0.2981290099532562, -1.511896021097785, 3.7443508534052063, 118.80665137353151, 7.404589472662679, -131.04945385800275, 2.9540051282693573, -0.6475436826588599, 3.088908627790674, -34.12390973325214, 89.83870151768959, -143.80334681060776, 149.3375301373629, -99.48052985468264, 38.97001087232326, -6.90923531199571, 94.92660326779156, -504.71723734071827, 816.8183061610099, -858.1205722813978, 578.5932073323365, -229.60313902383302, 41.26433680462016, 678.608425635705, -2221.9321455250697, 2360.0691043162637, -1608.5651492679917, 645.5737144476467, -117.39572539961065, 1837.7373050255915, -3938.5252846125077, 2705.7265446659685, -1094.5490802499035, 200.65849477526743, 2123.9192943500807, -2932.9001268148013, 1191.918619378644, -219.49038458865556, 1015.6439445783376, -827.3891052803166, 152.6486781366724, 168.68630265647235, -62.26542735067171, 5.742402677970014], [-0.14121152792496117, 0.3576667220209615, -2.175863389166102, 6.03403623070592, -10.055206757303939, 135.88476941532593, -7.575337924639803, -121.88816228446396, -0.5836004363318943, 1.8288598934801639, -20.818914482919016, 55.44899587707943, -88.55080400147529, 90.45732990055983, -58.18023187238069, 21.467847276426777, -3.4819362383476062, 59.914929277603804, -322.59636252703694, 520.3025601579839, -536.424887868034, 348.39783844759853, -130.12910131206488, 21.445024696841262, 438.57167499020153, -1426.9013976578315, 1482.0796714834582, -969.9061428142744, 365.73919621951876, -61.03219523571316, 1168.4024731724312, -2439.4812209239863, 1603.9399296982565, -608.3738464582195, 102.30484501685078, 1277.107319260654, -1682.6666600642668, 639.646743330597, -107.86974283592426, 554.3404043697934, -421.1743990592144, 70.93261090080655, 79.77823351541083, -26.738932934936283, 2.2203128231611036], [0.09402095472301601, 0.10473930804318805, -0.8051652113333586, 2.2698162758583798, -3.274714652007923, 2.4666663716153865, 124.32823897274346, -0.22727553542705858, -124.86318422622921, -0.3381069263654969, 3.6846269510468743, -11.396229603906075, 23.14031808361946, -31.26941037679301, 27.41817649492879, -14.168522413615296, 3.2697334368365807, -10.016428499452333, 63.25351594822038, -131.7833501527825, 181.99452677954085, -161.98368215365088, 84.42908023570673, -19.576220208690092, -99.78047443353826, 411.2882584963596, -560.5869091518103, 492.1695055570806, -253.2049263402558, 58.08283858266564, -412.9778876422316, 1094.7124417449375, -936.2822875230346, 470.892926975866, -106.10258009403472, -703.3837879107656, 1168.2946364138566, -572.6433361099479, 126.38245325491073, -471.3755292130705, 450.3216059572329, -97.2831607526731, -105.02039748049668, 44.46041662322127, -4.621837067642432], [1.1649439610694505, 81.7301783875206, -543.072948087368, 1686.8389851490622, -3205.4040253597313, 4078.4314205593346, -3558.9877504375754, 2205.420818670161, -744.8603312115818, 9.863576069843166, -102.11999780165868, 242.9544005584059, -346.21842981826603, 321.54539270003136, -196.28494209503995, 73.94284567774277, -13.526981145580574, 266.2608707269767, -1279.8496939904371, 1847.8056001501482, -1743.4676197008337, 1083.387472332059, -415.9875575443184, 77.54046746091582, 1553.605252660027, -4535.0181348855995, 4330.434116928092, -2725.592445893923, 1061.043873791094, -200.58163420801105, 3343.4988702726205, -6452.892485136048, 4105.986993511589, -1617.2976274095151, 309.44977823133905, 3145.88073223495, -4045.231517549968, 1610.7018932103572, -311.4015817766564, 1313.4960442264687, -1056.1744483499087, 205.80217368323622, 213.97656542724525, -83.6765534894307, 8.144476160500075]]",(x0)' = -0.965 1 +  745.650 x0 + -2210.090 x1 +  3571.505 x2 + -4097.944 x3 +  3224.471 x4 + -1698.522 x5 +  547.239 x6 + -82.405 x7 + -27.697 x0^2 +  285.533 x0 x1 + -677.736 x0 x2 +  960.349 x0 x3 + -877.655 x0 x4 +  517.878 x0 x5 + -183.010 x0 x6 +  30.073 x0 x7 + -731.676 x1^2 +  3463.459 x1 x2 + -4906.285 x1 x3 +  4493.381 x1 x4 + -2663.406 x1 x5 +  947.903 x1 x6 + -157.367 x1 x7 + -4096.423 x2^2 +  11623.385 x2 x3 + -10682.195 x2 x4 +  6366.078 x2 x5 + -2282.820 x2 x6 +  382.838 x2 x7 + -8270.460 x3^2 +  15270.973 x3 x4 + -9155.800 x3 x5 +  3308.673 x3 x6 + -560.351 x3 x7 + -7088.613 x4^2 +  8555.597 x4 x5 + -3115.733 x4 x6 +  532.580 x4 x7 + -2599.372 x5^2 +  1907.547 x5 x6 + -328.816 x5 x7 + -352.622 x6^2 +  122.500 x6 x7 + -10.707 x7^2 | (x1)' = -0.104 1 +  124.972 x0 + -124.621 x2 + -1.085 x3 +  1.268 x4 + -0.754 x5 +  0.206 x6 + -0.311 x0^2 +  3.453 x0 x1 + -8.165 x0 x2 +  10.150 x0 x3 + -5.798 x0 x4 + -0.770 x0 x5 +  2.828 x0 x6 + -1.087 x0 x7 + -9.443 x1^2 +  43.388 x1 x2 + -50.850 x1 x3 +  23.408 x1 x4 +  12.608 x1 x5 + -20.140 x1 x6 +  7.077 x1 x7 + -46.467 x2^2 +  90.354 x2 x3 + -4.412 x2 x4 + -80.785 x2 x5 +  75.995 x2 x6 + -23.624 x2 x7 + -15.938 x3^2 + -134.262 x3 x4 +  242.240 x3 x5 + -174.326 x3 x6 +  48.907 x3 x7 +  171.658 x4^2 + -410.555 x4 x5 +  253.720 x4 x6 + -65.811 x4 x7 +  206.292 x5^2 + -231.657 x5 x6 +  56.627 x5 x7 +  60.978 x6^2 + -28.502 x6 x7 +  3.219 x7^2 | (x2)' = -0.183 1 +  125.132 x1 + -1.074 x2 + -122.588 x3 + -2.670 x4 +  1.536 x5 + -0.406 x6 +  1.534 x0^2 + -15.413 x0 x1 +  37.733 x0 x2 + -57.517 x0 x3 +  58.678 x0 x4 + -39.997 x0 x5 +  16.757 x0 x6 + -3.296 x0 x7 +  38.400 x1^2 + -188.913 x1 x2 +  292.800 x1 x3 + -306.670 x1 x4 +  215.833 x1 x5 + -93.416 x1 x6 +  18.918 x1 x7 +  236.981 x2^2 + -756.982 x2 x3 +  820.785 x2 x4 + -597.347 x2 x5 +  265.910 x2 x6 + -54.999 x2 x7 +  626.144 x3^2 + -1403.717 x3 x4 +  1049.167 x3 x5 + -475.789 x3 x6 +  99.540 x3 x7 +  807.459 x4^2 + -1227.677 x4 x5 +  561.794 x4 x6 + -117.935 x4 x7 +  470.418 x5^2 + -431.226 x5 x6 +  90.322 x5 x7 +  98.517 x6^2 + -41.041 x6 x7 +  4.245 x7^2 | (x3)' = -0.243 1 +  0.139 x0 + -0.316 x1 +  124.935 x2 +  0.695 x3 + -125.299 x4 + -0.713 x5 +  0.823 x6 + -0.263 x7 +  2.940 x0^2 + -31.246 x0 x1 +  79.783 x0 x2 + -124.826 x0 x3 +  127.891 x0 x4 + -85.084 x0 x5 +  33.764 x0 x6 + -6.147 x0 x7 +  83.148 x1^2 + -427.952 x1 x2 +  677.820 x1 x3 + -705.196 x1 x4 +  477.348 x1 x5 + -192.926 x1 x6 +  35.769 x1 x7 +  558.090 x2^2 + -1796.854 x2 x3 +  1902.004 x2 x4 + -1310.016 x2 x5 +  538.540 x2 x6 + -101.456 x2 x7 +  1470.949 x3^2 + -3163.448 x3 x4 +  2209.877 x3 x5 + -920.122 x3 x6 +  175.303 x3 x7 +  1722.801 x4^2 + -2431.414 x4 x5 +  1020.631 x4 x6 + -195.728 x4 x7 +  863.681 x5^2 + -728.381 x5 x6 +  140.100 x5 x7 +  153.908 x6^2 + -59.249 x6 x7 +  5.699 x7^2 | (x4)' = -0.249 1 +  0.298 x0 + -1.512 x1 +  3.744 x2 +  118.807 x3 +  7.405 x4 + -131.049 x5 +  2.954 x6 + -0.648 x7 +  3.089 x0^2 + -34.124 x0 x1 +  89.839 x0 x2 + -143.803 x0 x3 +  149.338 x0 x4 + -99.481 x0 x5 +  38.970 x0 x6 + -6.909 x0 x7 +  94.927 x1^2 + -504.717 x1 x2 +  816.818 x1 x3 + -858.121 x1 x4 +  578.593 x1 x5 + -229.603 x1 x6 +  41.264 x1 x7 +  678.608 x2^2 + -2221.932 x2 x3 +  2360.069 x2 x4 + -1608.565 x2 x5 +  645.574 x2 x6 + -117.396 x2 x7 +  1837.737 x3^2 + -3938.525 x3 x4 +  2705.727 x3 x5 + -1094.549 x3 x6 +  200.658 x3 x7 +  2123.919 x4^2 + -2932.900 x4 x5 +  1191.919 x4 x6 + -219.490 x4 x7 +  1015.644 x5^2 + -827.389 x5 x6 +  152.649 x5 x7 +  168.686 x6^2 + -62.265 x6 x7 +  5.742 x7^2 | (x5)' = -0.141 1 +  0.358 x0 + -2.176 x1 +  6.034 x2 + -10.055 x3 +  135.885 x4 + -7.575 x5 + -121.888 x6 + -0.584 x7 +  1.829 x0^2 + -20.819 x0 x1 +  55.449 x0 x2 + -88.551 x0 x3 +  90.457 x0 x4 + -58.180 x0 x5 +  21.468 x0 x6 + -3.482 x0 x7 +  59.915 x1^2 + -322.596 x1 x2 +  520.303 x1 x3 + -536.425 x1 x4 +  348.398 x1 x5 + -130.129 x1 x6 +  21.445 x1 x7 +  438.572 x2^2 + -1426.901 x2 x3 +  1482.080 x2 x4 + -969.906 x2 x5 +  365.739 x2 x6 + -61.032 x2 x7 +  1168.402 x3^2 + -2439.481 x3 x4 +  1603.940 x3 x5 + -608.374 x3 x6 +  102.305 x3 x7 +  1277.107 x4^2 + -1682.667 x4 x5 +  639.647 x4 x6 + -107.870 x4 x7 +  554.340 x5^2 + -421.174 x5 x6 +  70.933 x5 x7 +  79.778 x6^2 + -26.739 x6 x7 +  2.220 x7^2 | (x6)' =  0.094 1 +  0.105 x0 + -0.805 x1 +  2.270 x2 + -3.275 x3 +  2.467 x4 +  124.328 x5 + -0.227 x6 + -124.863 x7 + -0.338 x0^2 +  3.685 x0 x1 + -11.396 x0 x2 +  23.140 x0 x3 + -31.269 x0 x4 +  27.418 x0 x5 + -14.169 x0 x6 +  3.270 x0 x7 + -10.016 x1^2 +  63.254 x1 x2 + -131.783 x1 x3 +  181.995 x1 x4 + -161.984 x1 x5 +  84.429 x1 x6 + -19.576 x1 x7 + -99.780 x2^2 +  411.288 x2 x3 + -560.587 x2 x4 +  492.170 x2 x5 + -253.205 x2 x6 +  58.083 x2 x7 + -412.978 x3^2 +  1094.712 x3 x4 + -936.282 x3 x5 +  470.893 x3 x6 + -106.103 x3 x7 + -703.384 x4^2 +  1168.295 x4 x5 + -572.643 x4 x6 +  126.382 x4 x7 + -471.376 x5^2 +  450.322 x5 x6 + -97.283 x5 x7 + -105.020 x6^2 +  44.460 x6 x7 + -4.622 x7^2 | (x7)' =  1.165 1 +  81.730 x0 + -543.073 x1 +  1686.839 x2 + -3205.404 x3 +  4078.431 x4 + -3558.988 x5 +  2205.421 x6 + -744.860 x7 +  9.864 x0^2 + -102.120 x0 x1 +  242.954 x0 x2 + -346.218 x0 x3 +  321.545 x0 x4 + -196.285 x0 x5 +  73.943 x0 x6 + -13.527 x0 x7 +  266.261 x1^2 + -1279.850 x1 x2 +  1847.806 x1 x3 + -1743.468 x1 x4 +  1083.387 x1 x5 + -415.988 x1 x6 +  77.540 x1 x7 +  1553.605 x2^2 + -4535.018 x2 x3 +  4330.434 x2 x4 + -2725.592 x2 x5 +  1061.044 x2 x6 + -200.582 x2 x7 +  3343.499 x3^2 + -6452.892 x3 x4 +  4105.987 x3 x5 + -1617.298 x3 x6 +  309.450 x3 x7 +  3145.881 x4^2 + -4045.232 x4 x5 +  1610.702 x4 x6 + -311.402 x4 x7 +  1313.496 x5^2 + -1056.174 x5 x6 +  205.802 x5 x7 +  213.977 x6^2 + -83.677 x6 x7 +  8.144 x7^2
114,35.0,,,sr3,0.1,0.05,0.1,2,8,1,4.0,28.0,5,20.0,smoothed_finite_difference_savgol_order_3,success,,352,360,97.77777777777777,1.0022967774420977,"[""1"", ""x0"", ""x1"", ""x2"", ""x3"", ""x4"", ""x5"", ""x6"", ""x7"", ""x0^2"", ""x0 x1"", ""x0 x2"", ""x0 x3"", ""x0 x4"", ""x0 x5"", ""x0 x6"", ""x0 x7"", ""x1^2"", ""x1 x2"", ""x1 x3"", ""x1 x4"", ""x1 x5"", ""x1 x6"", ""x1 x7"", ""x2^2"", ""x2 x3"", ""x2 x4"", ""x2 x5"", ""x2 x6"", ""x2 x7"", ""x3^2"", ""x3 x4"", ""x3 x5"", ""x3 x6"", ""x3 x7"", ""x4^2"", ""x4 x5"", ""x4 x6"", ""x4 x7"", ""x5^2"", ""x5 x6"", ""x5 x7"", ""x6^2"", ""x6 x7"", ""x7^2""]","[[-0.9514908261305842, 745.6553361324897, -2210.1159266291097, 3571.5589225489757, -4098.008345579103, 3224.5185685997835, -1698.5429249912195, 547.2438539674193, -82.40536975975054, -27.724697128474027, 285.93429192350567, -678.5961010925965, 960.8027637626433, -876.7135909110671, 516.1018496345819, -181.80074231837392, 29.757429229886544, -733.2795537372267, 3471.9201539373103, -4916.252994175056, 4497.254419631346, -2660.417450998248, 944.1920286528423, -156.20554574504033, -4109.134645110491, 11659.493486574658, -10707.304385822916, 6371.045694840889, -2279.192982657647, 381.068826711881, -8299.726630690613, 15320.10964562501, -9174.915033701996, 3309.2264841208607, -558.9985237677483, -7112.330002007115, 8578.502774751407, -3119.5617940851917, 532.1100028596325, -2605.842723835583, 1910.4786610171445, -328.79067278077787, -353.01064303950153, 122.50120985070251, -10.70080229977391], [-0.0, 124.97008084818013, 0.0, -124.64747392170416, -1.0470014621502455, 1.2342347364049269, -0.7345045103813701, 0.19925251608729747, -0.0, -0.31495129498921054, 3.488417919430947, -8.231191276245065, 10.222026892582685, -5.84456070306332, -0.753767611160858, 2.826984184081533, -1.08706232317785, -9.511779899387559, 43.617511907770336, -51.04913994109701, 23.48336952822251, 12.623933705463712, -20.166412674629548, 7.084946351593324, -46.61637459716793, 90.46598309316936, -4.263379681718371, -81.0054517682172, 76.11713961509295, -23.651654532106903, -15.800205048428243, -134.8373802840892, 242.73462975290374, -174.5469481603839, 48.95006062179479, 172.0413225143844, -411.0991586620792, 253.93071179139758, -65.84755658799008, 206.45863742514422, -231.76799802972423, 56.64221635950022, 60.992089429671566, -28.5038804675605, 3.2188589832524395], [-0.18356112511904757, 0.0, 125.13346127153345, -1.0778476599861773, -122.58248704156709, -2.676024252229699, 1.5402520471860903, -0.40802367147700846, 0.0, 1.5299310466559508, -15.395374279286788, 37.70622120943301, -57.451373206190944, 58.541328965925715, -39.83878312620401, 16.662192043136034, -3.272805749241677, 38.42806224790245, -189.24448513790924, 293.29131466087534, -306.8673915658991, 215.62735329990383, -93.16829917026931, 18.83990767143905, 237.75284807209584, -759.6167928482769, 822.9418817531896, -598.0462467843955, 265.80177397850525, -54.899932653813764, 628.6023297943655, -1408.3322413226522, 1051.3419186223496, -476.1384381575778, 99.4937156562602, 809.8334922964677, -1230.2074034519926, 562.3784066760255, -117.94573351791578, 471.1480401159158, -431.5990549252861, 90.33903181402259, 98.56375678367351, -41.04294900287257, 4.2438070469046], [-0.244808817247334, 0.0, -0.30558452514805695, 124.91117785002768, 0.7269972347343552, -125.32623304706856, -0.6983169707673449, 0.8178697687563881, -0.26266109794601766, 2.935697859834117, -31.23425898746977, 79.77823450524856, -124.73935092770364, 127.6211352273971, -84.73792787452304, 33.548663646935545, -6.092335027013512, 83.26774399925837, -428.900330297603, 679.1150411485185, -705.7205206517305, 476.87405954061967, -192.33980129949788, 35.583310968650686, 559.9787560701033, -1802.978972384549, 1906.828421057339, -1311.4486823922289, 538.1977111916186, -101.2074499003745, 1476.4633786176387, -3173.554054162611, 2214.470594894057, -920.7516246375573, 175.16344002236124, 1727.9344080390313, -2436.790548074999, 1021.8114518940346, -195.72731445563042, 865.2286312252061, -729.1575566312878, 140.12831930578952, 154.0073388889132, -59.25245485223371, 5.696873788359932], [-0.25123054648147614, 0.29625435290459773, -1.502981613002835, 3.7254336753242154, 118.8298761205755, 7.386882210554731, -131.04115752042318, 2.9518560558175455, -0.6473250653467868, 3.083629799436615, -34.11462476907239, 89.84289574240236, -143.70770115482884, 149.01299408152445, -99.05734916033799, 38.70593546770947, -6.842428502778616, 95.0846800608287, -505.9210570922949, 818.4488928424165, -858.7869499189818, 578.0147889716047, -228.8803426328951, 41.03465945109719, 680.9619861003891, -2229.517933002073, 2366.023770108657, -1610.3226211454103, 645.1439995442399, -117.08684546167895, 1844.5369646976374, -3950.9592424576704, 2711.3619083293343, -1095.3106020563898, 200.482712578223, 2130.2290200800735, -2939.5023641944927, 1193.3633302403198, -219.48681574661225, 1017.5459657811574, -828.3449204510018, 152.68359212112193, 168.80945670309222, -62.26967158367168, 5.74032270598564], [-0.1427736708201316, 0.3565989910169963, -2.170788094711745, 6.023296930954606, -10.042101988562392, 135.87488427564367, -7.570788989272592, -121.88930301516658, -0.583492737580254, 1.8271612050648323, -20.826937703452728, 55.47826256299532, -88.52029763152635, 90.27355822051882, -57.92230652973724, 21.303319571802124, -3.439935669997044, 60.041396525164615, -323.44417658232976, 521.4090079548977, -536.879423355429, 348.034386068962, -129.6676547513606, 21.29827460536804, 440.11006699264, -1431.7163301360345, 1485.771842381406, -970.9338354986461, 365.4269641329705, -60.82876938429822, 1172.624024552085, -2447.078021104263, 1607.2981221477075, -608.7725690136598, 102.17920725144941, 1280.9273342876543, -1686.6126586383853, 640.4779938748595, -107.85480187521767, 555.4743169641832, -421.73593191888347, 70.94943818796598, 79.85103718534107, -26.741152385438244, 2.2191116317607684], [0.0, 0.0, -0.8062148225882455, 2.2711352472943775, -3.274828142139586, 2.465111384774515, 124.3301535121255, -0.2283127591534674, -124.86295294935535, -0.33195764524852645, 3.6402988527031037, -11.316598809835902, 23.029918158006453, -31.13599268696301, 27.298582794658508, -14.104309080554204, 3.2545506622294162, -9.970413040407065, 63.25621695339084, -131.92063217228318, 182.05498922124676, -161.86305176507358, 84.28977175685904, -19.531476357794553, -100.14927394537382, 412.9254620269414, -562.1582623145493, 492.8443330143782, -253.24873962909962, 58.04223885756895, -414.73716565692155, 1098.3260595435363, -938.202151998323, 471.3358786415492, -106.11192614358956, -705.3304102522244, 1170.5042659544895, -573.2357358341978, 126.42411504432098, -472.0241159597163, 450.6779230596347, -97.30915452073775, -105.06568212113012, 44.46351678596901, -4.621073929526725], [1.1598281377437623, 81.72760410461491, -543.0606382657757, 1686.8128905300987, -3205.3722431115416, 4078.407563827018, -3558.9768363729904, 2205.4180862580774, -744.8600675797876, 9.868594912755114, -102.2294109682669, 243.20104088163788, -346.2940667342004, 321.0993829607941, -195.54948913675167, 73.45618025091622, -13.401380009868223, 266.80333654716856, -1282.9090140841797, 1851.5216393108508, -1744.9285915693943, 1082.228125301419, -414.54673057910156, 77.08811838179679, 1558.496887540842, -4549.404505494579, 4340.821426749544, -2727.990467637616, 1059.8063634267646, -199.91984714367345, 3355.523039943551, -6473.673936395795, 4114.563025432598, -1617.9263724253078, 308.98687027853106, 3156.105768485992, -4055.4520815996502, 1612.6517805779924, -311.28699336007435, 1316.4271190558907, -1057.5925910366602, 205.830364163051, 214.17071097559526, -83.6871259680712, 8.142574528778663]]",(x0)' = -0.951 1 +  745.655 x0 + -2210.116 x1 +  3571.559 x2 + -4098.008 x3 +  3224.519 x4 + -1698.543 x5 +  547.244 x6 + -82.405 x7 + -27.725 x0^2 +  285.934 x0 x1 + -678.596 x0 x2 +  960.803 x0 x3 + -876.714 x0 x4 +  516.102 x0 x5 + -181.801 x0 x6 +  29.757 x0 x7 + -733.280 x1^2 +  3471.920 x1 x2 + -4916.253 x1 x3 +  4497.254 x1 x4 + -2660.417 x1 x5 +  944.192 x1 x6 + -156.206 x1 x7 + -4109.135 x2^2 +  11659.493 x2 x3 + -10707.304 x2 x4 +  6371.046 x2 x5 + -2279.193 x2 x6 +  381.069 x2 x7 + -8299.727 x3^2 +  15320.110 x3 x4 + -9174.915 x3 x5 +  3309.226 x3 x6 + -558.999 x3 x7 + -7112.330 x4^2 +  8578.503 x4 x5 + -3119.562 x4 x6 +  532.110 x4 x7 + -2605.843 x5^2 +  1910.479 x5 x6 + -328.791 x5 x7 + -353.011 x6^2 +  122.501 x6 x7 + -10.701 x7^2 | (x1)' =  124.970 x0 + -124.647 x2 + -1.047 x3 +  1.234 x4 + -0.735 x5 +  0.199 x6 + -0.315 x0^2 +  3.488 x0 x1 + -8.231 x0 x2 +  10.222 x0 x3 + -5.845 x0 x4 + -0.754 x0 x5 +  2.827 x0 x6 + -1.087 x0 x7 + -9.512 x1^2 +  43.618 x1 x2 + -51.049 x1 x3 +  23.483 x1 x4 +  12.624 x1 x5 + -20.166 x1 x6 +  7.085 x1 x7 + -46.616 x2^2 +  90.466 x2 x3 + -4.263 x2 x4 + -81.005 x2 x5 +  76.117 x2 x6 + -23.652 x2 x7 + -15.800 x3^2 + -134.837 x3 x4 +  242.735 x3 x5 + -174.547 x3 x6 +  48.950 x3 x7 +  172.041 x4^2 + -411.099 x4 x5 +  253.931 x4 x6 + -65.848 x4 x7 +  206.459 x5^2 + -231.768 x5 x6 +  56.642 x5 x7 +  60.992 x6^2 + -28.504 x6 x7 +  3.219 x7^2 | (x2)' = -0.184 1 +  125.133 x1 + -1.078 x2 + -122.582 x3 + -2.676 x4 +  1.540 x5 + -0.408 x6 +  1.530 x0^2 + -15.395 x0 x1 +  37.706 x0 x2 + -57.451 x0 x3 +  58.541 x0 x4 + -39.839 x0 x5 +  16.662 x0 x6 + -3.273 x0 x7 +  38.428 x1^2 + -189.244 x1 x2 +  293.291 x1 x3 + -306.867 x1 x4 +  215.627 x1 x5 + -93.168 x1 x6 +  18.840 x1 x7 +  237.753 x2^2 + -759.617 x2 x3 +  822.942 x2 x4 + -598.046 x2 x5 +  265.802 x2 x6 + -54.900 x2 x7 +  628.602 x3^2 + -1408.332 x3 x4 +  1051.342 x3 x5 + -476.138 x3 x6 +  99.494 x3 x7 +  809.833 x4^2 + -1230.207 x4 x5 +  562.378 x4 x6 + -117.946 x4 x7 +  471.148 x5^2 + -431.599 x5 x6 +  90.339 x5 x7 +  98.564 x6^2 + -41.043 x6 x7 +  4.244 x7^2 | (x3)' = -0.245 1 + -0.306 x1 +  124.911 x2 +  0.727 x3 + -125.326 x4 + -0.698 x5 +  0.818 x6 + -0.263 x7 +  2.936 x0^2 + -31.234 x0 x1 +  79.778 x0 x2 + -124.739 x0 x3 +  127.621 x0 x4 + -84.738 x0 x5 +  33.549 x0 x6 + -6.092 x0 x7 +  83.268 x1^2 + -428.900 x1 x2 +  679.115 x1 x3 + -705.721 x1 x4 +  476.874 x1 x5 + -192.340 x1 x6 +  35.583 x1 x7 +  559.979 x2^2 + -1802.979 x2 x3 +  1906.828 x2 x4 + -1311.449 x2 x5 +  538.198 x2 x6 + -101.207 x2 x7 +  1476.463 x3^2 + -3173.554 x3 x4 +  2214.471 x3 x5 + -920.752 x3 x6 +  175.163 x3 x7 +  1727.934 x4^2 + -2436.791 x4 x5 +  1021.811 x4 x6 + -195.727 x4 x7 +  865.229 x5^2 + -729.158 x5 x6 +  140.128 x5 x7 +  154.007 x6^2 + -59.252 x6 x7 +  5.697 x7^2 | (x4)' = -0.251 1 +  0.296 x0 + -1.503 x1 +  3.725 x2 +  118.830 x3 +  7.387 x4 + -131.041 x5 +  2.952 x6 + -0.647 x7 +  3.084 x0^2 + -34.115 x0 x1 +  89.843 x0 x2 + -143.708 x0 x3 +  149.013 x0 x4 + -99.057 x0 x5 +  38.706 x0 x6 + -6.842 x0 x7 +  95.085 x1^2 + -505.921 x1 x2 +  818.449 x1 x3 + -858.787 x1 x4 +  578.015 x1 x5 + -228.880 x1 x6 +  41.035 x1 x7 +  680.962 x2^2 + -2229.518 x2 x3 +  2366.024 x2 x4 + -1610.323 x2 x5 +  645.144 x2 x6 + -117.087 x2 x7 +  1844.537 x3^2 + -3950.959 x3 x4 +  2711.362 x3 x5 + -1095.311 x3 x6 +  200.483 x3 x7 +  2130.229 x4^2 + -2939.502 x4 x5 +  1193.363 x4 x6 + -219.487 x4 x7 +  1017.546 x5^2 + -828.345 x5 x6 +  152.684 x5 x7 +  168.809 x6^2 + -62.270 x6 x7 +  5.740 x7^2 | (x5)' = -0.143 1 +  0.357 x0 + -2.171 x1 +  6.023 x2 + -10.042 x3 +  135.875 x4 + -7.571 x5 + -121.889 x6 + -0.583 x7 +  1.827 x0^2 + -20.827 x0 x1 +  55.478 x0 x2 + -88.520 x0 x3 +  90.274 x0 x4 + -57.922 x0 x5 +  21.303 x0 x6 + -3.440 x0 x7 +  60.041 x1^2 + -323.444 x1 x2 +  521.409 x1 x3 + -536.879 x1 x4 +  348.034 x1 x5 + -129.668 x1 x6 +  21.298 x1 x7 +  440.110 x2^2 + -1431.716 x2 x3 +  1485.772 x2 x4 + -970.934 x2 x5 +  365.427 x2 x6 + -60.829 x2 x7 +  1172.624 x3^2 + -2447.078 x3 x4 +  1607.298 x3 x5 + -608.773 x3 x6 +  102.179 x3 x7 +  1280.927 x4^2 + -1686.613 x4 x5 +  640.478 x4 x6 + -107.855 x4 x7 +  555.474 x5^2 + -421.736 x5 x6 +  70.949 x5 x7 +  79.851 x6^2 + -26.741 x6 x7 +  2.219 x7^2 | (x6)' = -0.806 x1 +  2.271 x2 + -3.275 x3 +  2.465 x4 +  124.330 x5 + -0.228 x6 + -124.863 x7 + -0.332 x0^2 +  3.640 x0 x1 + -11.317 x0 x2 +  23.030 x0 x3 + -31.136 x0 x4 +  27.299 x0 x5 + -14.104 x0 x6 +  3.255 x0 x7 + -9.970 x1^2 +  63.256 x1 x2 + -131.921 x1 x3 +  182.055 x1 x4 + -161.863 x1 x5 +  84.290 x1 x6 + -19.531 x1 x7 + -100.149 x2^2 +  412.925 x2 x3 + -562.158 x2 x4 +  492.844 x2 x5 + -253.249 x2 x6 +  58.042 x2 x7 + -414.737 x3^2 +  1098.326 x3 x4 + -938.202 x3 x5 +  471.336 x3 x6 + -106.112 x3 x7 + -705.330 x4^2 +  1170.504 x4 x5 + -573.236 x4 x6 +  126.424 x4 x7 + -472.024 x5^2 +  450.678 x5 x6 + -97.309 x5 x7 + -105.066 x6^2 +  44.464 x6 x7 + -4.621 x7^2 | (x7)' =  1.160 1 +  81.728 x0 + -543.061 x1 +  1686.813 x2 + -3205.372 x3 +  4078.408 x4 + -3558.977 x5 +  2205.418 x6 + -744.860 x7 +  9.869 x0^2 + -102.229 x0 x1 +  243.201 x0 x2 + -346.294 x0 x3 +  321.099 x0 x4 + -195.549 x0 x5 +  73.456 x0 x6 + -13.401 x0 x7 +  266.803 x1^2 + -1282.909 x1 x2 +  1851.522 x1 x3 + -1744.929 x1 x4 +  1082.228 x1 x5 + -414.547 x1 x6 +  77.088 x1 x7 +  1558.497 x2^2 + -4549.405 x2 x3 +  4340.821 x2 x4 + -2727.990 x2 x5 +  1059.806 x2 x6 + -199.920 x2 x7 +  3355.523 x3^2 + -6473.674 x3 x4 +  4114.563 x3 x5 + -1617.926 x3 x6 +  308.987 x3 x7 +  3156.106 x4^2 + -4055.452 x4 x5 +  1612.652 x4 x6 + -311.287 x4 x7 +  1316.427 x5^2 + -1057.593 x5 x6 +  205.830 x5 x7 +  214.171 x6^2 + -83.687 x6 x7 +  8.143 x7^2
115,35.0,,,sr3,0.1,0.05,1.0,2,8,1,4.0,28.0,5,20.0,smoothed_finite_difference_savgol_order_3,success,,339,360,94.16666666666667,1.0067802090197802,"[""1"", ""x0"", ""x1"", ""x2"", ""x3"", ""x4"", ""x5"", ""x6"", ""x7"", ""x0^2"", ""x0 x1"", ""x0 x2"", ""x0 x3"", ""x0 x4"", ""x0 x5"", ""x0 x6"", ""x0 x7"", ""x1^2"", ""x1 x2"", ""x1 x3"", ""x1 x4"", ""x1 x5"", ""x1 x6"", ""x1 x7"", ""x2^2"", ""x2 x3"", ""x2 x4"", ""x2 x5"", ""x2 x6"", ""x2 x7"", ""x3^2"", ""x3 x4"", ""x3 x5"", ""x3 x6"", ""x3 x7"", ""x4^2"", ""x4 x5"", ""x4 x6"", ""x4 x7"", ""x5^2"", ""x5 x6"", ""x5 x7"", ""x6^2"", ""x6 x7"", ""x7^2""]","[[-0.9218685880023095, 745.6617623437947, -2210.139675659295, 3571.5859320698096, -4097.994055616157, 3224.4459255210477, -1698.4573825743407, 547.195412327808, -82.39388132162459, -28.04931417926435, 289.8566624204091, -688.4775971907092, 974.0938329225561, -886.4263429433864, 519.100365323529, -181.35620805432532, 29.341951287241155, -745.462343178518, 3535.5611467349963, -5006.739621687189, 4570.777785034942, -2691.422815701263, 947.8432003870412, -155.07390021959105, -4195.063689615785, 11913.591889067004, -10926.23036886956, 6475.222544032565, -2299.8570332869035, 380.4565866669654, -8494.220428971126, 15668.889217365087, -9351.625106177064, 3350.5459526241593, -560.2719076137132, -7273.945674458521, 8748.236317778234, -3161.800065505761, 534.1601252471286, -2651.204060422614, 1932.894350260419, -329.6689855869316, -355.37975230128933, 122.30993769473936, -10.606443462098568], [-0.0, 124.96809947202141, 0.0, -124.67365135355035, -1.0079520050501778, 1.1963333467336938, -0.7105627693016174, 0.0, -0.0, -0.0, 3.6478302195890504, -8.559310832337836, 10.60709580383809, -6.117576048335839, -0.6410193157087919, 2.804007229565956, -1.085822463627352, -9.859368946173362, 44.91991727305962, -52.34525971674865, 24.125909434648634, 12.577915969593922, -20.26735821355, 7.119305354006497, -47.631275600271785, 91.67031024671171, -3.715466279901261, -82.34441073457144, 76.94985004132006, -23.843347730362655, -15.182271062791925, -138.86784687165166, 246.90356457388052, -176.6570000094314, 49.39443524649096, 175.48739090167084, -417.1496972025739, 256.776827147788, -66.42421750630034, 208.93723717854772, -234.01613674982175, 57.08828364662308, 61.49129983262101, -28.699519687094977, 3.2378805518799743], [-0.0, 0.0, 125.13630339915683, -1.080584737285926, -122.58498825039712, -2.6672312642466873, 1.5308263831918305, -0.0, 0.0, 1.5314262751393986, -15.480613098120653, 38.02233474393986, -57.95388826758477, 58.919407815355676, -39.91526058542225, 16.59504855969855, -3.238527217263473, 38.896670996060685, -192.4008890214372, 298.54440760739163, -311.69857305385824, 217.9703594357655, -93.58710505277932, 18.79790373428256, 243.0408150170207, -777.7277696474846, 840.7221093790006, -607.9809762693717, 268.5447904764171, -55.1127606016373, 644.5838039881158, -1441.0003860806146, 1070.8017999593044, -482.2370652214904, 100.19826151490763, 827.1342825762621, -1251.699421334462, 569.5543414248425, -118.89117588566583, 478.0675079237352, -436.4123202056935, 91.01480504203822, 99.42844852777729, -41.29404814408243, 4.262263694613479], [-0.0, 0.0, -0.0, 124.87830015890937, 0.7648484170452664, -125.35154072458829, -0.6896818842491385, 0.8173844027703819, -0.0, 2.95399065088167, -31.567073314885228, 80.78601090536132, -126.22554909510725, 128.72876127588373, -85.01703909984178, 33.41859145787618, -6.015865339600596, 84.64050890635488, -437.25336693061575, 692.275588002, -717.3686634290974, 482.31451632689016, -193.23301903904328, 35.46289325124606, 572.9682744390967, -1845.5354461593874, 1947.1647154455661, -1333.147331207614, 543.8220261329333, -101.54492172088436, 1512.586737074614, -3245.088142706692, 2255.641003065227, -933.0117803489564, 176.42159724300473, 1764.7274462328958, -2481.058948110607, 1035.9330559111263, -197.4289085412699, 879.052590164503, -738.3582125421055, 141.31784860795403, 155.58537008047912, -59.67131854163128, 5.724090624034243], [-0.0, 0.0, -1.4848566623294932, 3.6892869945840574, 118.86970965346254, 7.362567431231927, -131.03500041881423, 2.953009280199059, -0.648132045656478, 3.1088773170252835, -34.5504037479546, 91.13932433940478, -145.60614598169565, 150.42875547763146, -99.42474462819325, 38.55157056955943, -6.748794916788308, 96.83480275569195, -516.4496245031598, 834.9320437414311, -873.3158162010641, 584.7799884136956, -229.98743199874764, 40.88494899661066, 697.1850881770699, -2282.373979586616, 2415.911376930889, -1637.0467154204948, 652.0259277971361, -117.48792618914766, 1889.1755096295688, -4039.003562110054, 2761.8274825507115, -1110.2507937657006, 201.99429887653895, 2175.3420995890538, -2993.5679235661023, 1210.5161172374121, -221.5308973960912, 1034.364131990148, -839.4775009051191, 154.1077975210231, 170.70751825620502, -62.76743539388418, 5.772072637497778], [-0.0, 0.0, -2.1607553713603616, 6.0036396364020455, -10.021269890418706, 135.86343351375862, -7.5692527766963655, -121.88769399970364, -0.5841616825639813, 1.8499999636071218, -21.16548402696329, 56.42675131591263, -89.87178545654766, 91.27768061517706, -58.20233040966961, 21.217386685580255, -3.381992636896353, 61.282834070041794, -330.59616106232505, 532.3122923695606, -546.2986404097811, 352.32935391529054, -130.33481335908704, 21.19298588832784, 450.7323688270219, -1465.4929739354768, 1516.9995739688636, -987.2684529033965, 369.4543545860995, -61.01177079596631, 1200.502312157872, -2500.9744557809627, 1637.4853763395174, -617.3829319107078, 102.96526812700226, 1308.0078006532653, -1718.3378255148439, 650.1966737457304, -108.9250110488918, 565.1169598871251, -427.89194078621176, 71.67830685919239, 80.8574824988991, -26.981180436602262, 2.2320123858396084], [0.0, 0.0, -0.8207470289096112, 2.304811848280449, -3.321482342114026, 2.5068808753018157, 124.30594132438227, -0.0, -124.86431816678363, -0.0, 3.5469098569145006, -11.2177768666197, 23.0013055682154, -31.130280925976844, 27.243494237397268, -14.03827608745768, 3.2306750648696285, -9.954229426713004, 64.1235408998864, -134.18234109866123, 184.65021813562586, -163.37008539169676, 84.66095676408631, -19.535671228883064, -102.69769952494762, 423.78350072209975, -574.4379926182912, 500.6712602036118, -255.8421885555432, 58.36207535178145, -425.89251317325204, 1123.7178743544025, -954.9802236518442, 477.3446945326697, -106.99347229944688, -720.0042319712226, 1190.387089722435, -580.6463161979578, 127.58899509560965, -478.9217245846466, 455.9661265166024, -98.1736538475634, -106.10498637746959, 44.812795883764835, -4.65110204458386], [1.147597065128891, 81.72359672503255, -543.0439355780297, 1686.7852363027393, -3205.3539669952565, 4078.4140633003362, -3558.9969988719936, 2205.4320738566375, -744.863677685719, 9.972127147214875, -103.55660336384295, 246.66185315805185, -351.0440800302269, 324.5957909262158, -196.5986592262286, 73.2529332153209, -13.235176245518899, 271.157408780638, -1306.4739665608017, 1885.942483021443, -1773.6129723570161, 1094.7548163424112, -416.2463004815532, 76.7044658793915, 1591.5041621434796, -4649.958144114683, 4430.150356569171, -2772.4001460118734, 1069.6451857943289, -200.02639319141764, 3435.0153819707534, -6621.161637912177, 4192.978423008368, -1638.268379100267, 310.2901012305544, 3227.112708887351, -4134.227858357973, 1634.6052275470472, -313.12632838320343, 1338.9703223583633, -1070.5237232901752, 206.96649568328786, 215.99590460534918, -83.95428997660296, 8.138256635975742]]",(x0)' = -0.922 1 +  745.662 x0 + -2210.140 x1 +  3571.586 x2 + -4097.994 x3 +  3224.446 x4 + -1698.457 x5 +  547.195 x6 + -82.394 x7 + -28.049 x0^2 +  289.857 x0 x1 + -688.478 x0 x2 +  974.094 x0 x3 + -886.426 x0 x4 +  519.100 x0 x5 + -181.356 x0 x6 +  29.342 x0 x7 + -745.462 x1^2 +  3535.561 x1 x2 + -5006.740 x1 x3 +  4570.778 x1 x4 + -2691.423 x1 x5 +  947.843 x1 x6 + -155.074 x1 x7 + -4195.064 x2^2 +  11913.592 x2 x3 + -10926.230 x2 x4 +  6475.223 x2 x5 + -2299.857 x2 x6 +  380.457 x2 x7 + -8494.220 x3^2 +  15668.889 x3 x4 + -9351.625 x3 x5 +  3350.546 x3 x6 + -560.272 x3 x7 + -7273.946 x4^2 +  8748.236 x4 x5 + -3161.800 x4 x6 +  534.160 x4 x7 + -2651.204 x5^2 +  1932.894 x5 x6 + -329.669 x5 x7 + -355.380 x6^2 +  122.310 x6 x7 + -10.606 x7^2 | (x1)' =  124.968 x0 + -124.674 x2 + -1.008 x3 +  1.196 x4 + -0.711 x5 +  3.648 x0 x1 + -8.559 x0 x2 +  10.607 x0 x3 + -6.118 x0 x4 + -0.641 x0 x5 +  2.804 x0 x6 + -1.086 x0 x7 + -9.859 x1^2 +  44.920 x1 x2 + -52.345 x1 x3 +  24.126 x1 x4 +  12.578 x1 x5 + -20.267 x1 x6 +  7.119 x1 x7 + -47.631 x2^2 +  91.670 x2 x3 + -3.715 x2 x4 + -82.344 x2 x5 +  76.950 x2 x6 + -23.843 x2 x7 + -15.182 x3^2 + -138.868 x3 x4 +  246.904 x3 x5 + -176.657 x3 x6 +  49.394 x3 x7 +  175.487 x4^2 + -417.150 x4 x5 +  256.777 x4 x6 + -66.424 x4 x7 +  208.937 x5^2 + -234.016 x5 x6 +  57.088 x5 x7 +  61.491 x6^2 + -28.700 x6 x7 +  3.238 x7^2 | (x2)' =  125.136 x1 + -1.081 x2 + -122.585 x3 + -2.667 x4 +  1.531 x5 +  1.531 x0^2 + -15.481 x0 x1 +  38.022 x0 x2 + -57.954 x0 x3 +  58.919 x0 x4 + -39.915 x0 x5 +  16.595 x0 x6 + -3.239 x0 x7 +  38.897 x1^2 + -192.401 x1 x2 +  298.544 x1 x3 + -311.699 x1 x4 +  217.970 x1 x5 + -93.587 x1 x6 +  18.798 x1 x7 +  243.041 x2^2 + -777.728 x2 x3 +  840.722 x2 x4 + -607.981 x2 x5 +  268.545 x2 x6 + -55.113 x2 x7 +  644.584 x3^2 + -1441.000 x3 x4 +  1070.802 x3 x5 + -482.237 x3 x6 +  100.198 x3 x7 +  827.134 x4^2 + -1251.699 x4 x5 +  569.554 x4 x6 + -118.891 x4 x7 +  478.068 x5^2 + -436.412 x5 x6 +  91.015 x5 x7 +  99.428 x6^2 + -41.294 x6 x7 +  4.262 x7^2 | (x3)' =  124.878 x2 +  0.765 x3 + -125.352 x4 + -0.690 x5 +  0.817 x6 +  2.954 x0^2 + -31.567 x0 x1 +  80.786 x0 x2 + -126.226 x0 x3 +  128.729 x0 x4 + -85.017 x0 x5 +  33.419 x0 x6 + -6.016 x0 x7 +  84.641 x1^2 + -437.253 x1 x2 +  692.276 x1 x3 + -717.369 x1 x4 +  482.315 x1 x5 + -193.233 x1 x6 +  35.463 x1 x7 +  572.968 x2^2 + -1845.535 x2 x3 +  1947.165 x2 x4 + -1333.147 x2 x5 +  543.822 x2 x6 + -101.545 x2 x7 +  1512.587 x3^2 + -3245.088 x3 x4 +  2255.641 x3 x5 + -933.012 x3 x6 +  176.422 x3 x7 +  1764.727 x4^2 + -2481.059 x4 x5 +  1035.933 x4 x6 + -197.429 x4 x7 +  879.053 x5^2 + -738.358 x5 x6 +  141.318 x5 x7 +  155.585 x6^2 + -59.671 x6 x7 +  5.724 x7^2 | (x4)' = -1.485 x1 +  3.689 x2 +  118.870 x3 +  7.363 x4 + -131.035 x5 +  2.953 x6 + -0.648 x7 +  3.109 x0^2 + -34.550 x0 x1 +  91.139 x0 x2 + -145.606 x0 x3 +  150.429 x0 x4 + -99.425 x0 x5 +  38.552 x0 x6 + -6.749 x0 x7 +  96.835 x1^2 + -516.450 x1 x2 +  834.932 x1 x3 + -873.316 x1 x4 +  584.780 x1 x5 + -229.987 x1 x6 +  40.885 x1 x7 +  697.185 x2^2 + -2282.374 x2 x3 +  2415.911 x2 x4 + -1637.047 x2 x5 +  652.026 x2 x6 + -117.488 x2 x7 +  1889.176 x3^2 + -4039.004 x3 x4 +  2761.827 x3 x5 + -1110.251 x3 x6 +  201.994 x3 x7 +  2175.342 x4^2 + -2993.568 x4 x5 +  1210.516 x4 x6 + -221.531 x4 x7 +  1034.364 x5^2 + -839.478 x5 x6 +  154.108 x5 x7 +  170.708 x6^2 + -62.767 x6 x7 +  5.772 x7^2 | (x5)' = -2.161 x1 +  6.004 x2 + -10.021 x3 +  135.863 x4 + -7.569 x5 + -121.888 x6 + -0.584 x7 +  1.850 x0^2 + -21.165 x0 x1 +  56.427 x0 x2 + -89.872 x0 x3 +  91.278 x0 x4 + -58.202 x0 x5 +  21.217 x0 x6 + -3.382 x0 x7 +  61.283 x1^2 + -330.596 x1 x2 +  532.312 x1 x3 + -546.299 x1 x4 +  352.329 x1 x5 + -130.335 x1 x6 +  21.193 x1 x7 +  450.732 x2^2 + -1465.493 x2 x3 +  1517.000 x2 x4 + -987.268 x2 x5 +  369.454 x2 x6 + -61.012 x2 x7 +  1200.502 x3^2 + -2500.974 x3 x4 +  1637.485 x3 x5 + -617.383 x3 x6 +  102.965 x3 x7 +  1308.008 x4^2 + -1718.338 x4 x5 +  650.197 x4 x6 + -108.925 x4 x7 +  565.117 x5^2 + -427.892 x5 x6 +  71.678 x5 x7 +  80.857 x6^2 + -26.981 x6 x7 +  2.232 x7^2 | (x6)' = -0.821 x1 +  2.305 x2 + -3.321 x3 +  2.507 x4 +  124.306 x5 + -124.864 x7 +  3.547 x0 x1 + -11.218 x0 x2 +  23.001 x0 x3 + -31.130 x0 x4 +  27.243 x0 x5 + -14.038 x0 x6 +  3.231 x0 x7 + -9.954 x1^2 +  64.124 x1 x2 + -134.182 x1 x3 +  184.650 x1 x4 + -163.370 x1 x5 +  84.661 x1 x6 + -19.536 x1 x7 + -102.698 x2^2 +  423.784 x2 x3 + -574.438 x2 x4 +  500.671 x2 x5 + -255.842 x2 x6 +  58.362 x2 x7 + -425.893 x3^2 +  1123.718 x3 x4 + -954.980 x3 x5 +  477.345 x3 x6 + -106.993 x3 x7 + -720.004 x4^2 +  1190.387 x4 x5 + -580.646 x4 x6 +  127.589 x4 x7 + -478.922 x5^2 +  455.966 x5 x6 + -98.174 x5 x7 + -106.105 x6^2 +  44.813 x6 x7 + -4.651 x7^2 | (x7)' =  1.148 1 +  81.724 x0 + -543.044 x1 +  1686.785 x2 + -3205.354 x3 +  4078.414 x4 + -3558.997 x5 +  2205.432 x6 + -744.864 x7 +  9.972 x0^2 + -103.557 x0 x1 +  246.662 x0 x2 + -351.044 x0 x3 +  324.596 x0 x4 + -196.599 x0 x5 +  73.253 x0 x6 + -13.235 x0 x7 +  271.157 x1^2 + -1306.474 x1 x2 +  1885.942 x1 x3 + -1773.613 x1 x4 +  1094.755 x1 x5 + -416.246 x1 x6 +  76.704 x1 x7 +  1591.504 x2^2 + -4649.958 x2 x3 +  4430.150 x2 x4 + -2772.400 x2 x5 +  1069.645 x2 x6 + -200.026 x2 x7 +  3435.015 x3^2 + -6621.162 x3 x4 +  4192.978 x3 x5 + -1638.268 x3 x6 +  310.290 x3 x7 +  3227.113 x4^2 + -4134.228 x4 x5 +  1634.605 x4 x6 + -313.126 x4 x7 +  1338.970 x5^2 + -1070.524 x5 x6 +  206.966 x5 x7 +  215.996 x6^2 + -83.954 x6 x7 +  8.138 x7^2
116,35.0,,,sr3,0.1,0.05,10.0,2,8,1,4.0,28.0,5,20.0,smoothed_finite_difference_savgol_order_3,success,,325,360,90.27777777777777,0.9715756634250283,"[""1"", ""x0"", ""x1"", ""x2"", ""x3"", ""x4"", ""x5"", ""x6"", ""x7"", ""x0^2"", ""x0 x1"", ""x0 x2"", ""x0 x3"", ""x0 x4"", ""x0 x5"", ""x0 x6"", ""x0 x7"", ""x1^2"", ""x1 x2"", ""x1 x3"", ""x1 x4"", ""x1 x5"", ""x1 x6"", ""x1 x7"", ""x2^2"", ""x2 x3"", ""x2 x4"", ""x2 x5"", ""x2 x6"", ""x2 x7"", ""x3^2"", ""x3 x4"", ""x3 x5"", ""x3 x6"", ""x3 x7"", ""x4^2"", ""x4 x5"", ""x4 x6"", ""x4 x7"", ""x5^2"", ""x5 x6"", ""x5 x7"", ""x6^2"", ""x6 x7"", ""x7^2""]","[[-0.0, 745.5628193693115, -2209.645471767067, 3570.4367836869915, -4096.368908206128, 3222.9272118746894, -1697.5160942137568, 546.8359341264943, -82.32836967826775, -33.35067414287318, 346.8254033456661, -828.0192814467572, 1175.870269194187, -1072.2676986609165, 628.0653119591774, -219.01889707542324, 35.26983249978246, -897.9944210817893, 4279.91944880878, -6078.320775654158, 5552.669387485914, -3263.66222934675, 1144.20825356602, -185.71435024529575, -5099.056265321892, 14502.474157504963, -13283.41216420292, 7838.533540682563, -2763.3554490402794, 451.96179323003946, -10335.851867405689, 18996.430648885176, -11257.798024253669, 3990.9056607630714, -657.5855804088544, -8762.552987503495, 10433.06625155409, -3719.019846799092, 617.1303481306675, -3120.463594257713, 2236.8419323883395, -373.6500582332945, -403.18212798917, 135.57053169770475, -11.46627490954988], [-0.0, 124.96151539512638, 0.0, -124.75902191005176, -0.0, 0.0, -0.0, 0.0, 0.0, -0.0, 4.54352570654974, -10.348761087964986, 12.524079991022587, -7.168053738697423, -0.0, 2.9610802117490818, -0.0, -11.820029981233102, 52.026272743296964, -58.46975360974632, 25.33052629186336, 14.921865772982892, -22.32527161028473, 7.675687671516446, -52.80884794223298, 94.90314512492407, 5.8769731733316215, -96.62638597383962, 85.43358484865462, -25.84066794037135, -7.7020297866677, -173.70428979190166, 281.85391645249854, -194.69653290125905, 53.347463628994625, 202.7888155235219, -464.71577295379427, 279.60473970061895, -71.21218570674972, 228.19636433260655, -251.69861818732147, 60.68946191369079, 65.43092487017412, -30.270757335847968, 3.392116316462362], [-0.0, 0.0, 125.1319864806878, -0.0, -122.58879388445246, -2.669971677465793, 1.5366882503979096, -0.0, 0.0, 1.8080597991837246, -18.653689777317588, 46.35679117588281, -70.94007002101037, 71.87918557208734, -48.20111496080829, 19.740022178597968, -3.7858781863770483, 47.9986673047812, -240.23954117467503, 373.13307113075285, -386.19732552784404, 265.6480545805923, -111.70397673110863, 21.95490697270728, 305.93659913782074, -973.9979026724117, 1036.9170609717842, -733.6587815351153, 316.3499566901692, -63.452490203465416, 797.81943204178, -1747.6075014532596, 1267.3812243109423, -557.0822697293933, 113.26810498689035, 980.6338548956761, -1448.6965956868855, 644.622744819903, -132.01124441195134, 541.3236236396448, -484.6584204080567, 99.4531046220488, 108.6341083328718, -44.51607710735048, 4.544315541918996], [-0.0, 0.0, -0.0, 124.95296630439253, 0.0, -125.26873976609734, -0.0, 0.0, -0.0, 3.658219252999945, -39.48328591655507, 101.1544639930604, -157.30462335795121, 159.09245636678276, -104.01638563869709, 40.4748461827451, -7.2176335839317005, 106.89111553638227, -551.7923198315111, 867.1266290161828, -888.3011116811508, 589.3536454371067, -233.0231051159418, 42.246754259367094, 720.4290123683639, -2295.9718528765784, 2387.7666447330594, -1609.2478499937724, 646.5402979074456, -119.07317923075234, 1856.7463016274041, -3918.7700856907754, 2678.069933015316, -1090.2789522310131, 203.2784546376094, 2094.5975620347685, -2894.99060541944, 1190.1296636366303, -223.77739188226113, 1008.9775445639228, -835.2058352063821, 157.87438724946247, 173.64060588661977, -65.84644392050545, 6.252153816401891], [-0.0, 0.0, -1.523287595606057, 3.773188949307791, 118.76118455977827, 7.4528157959155745, -131.08338816168038, 2.9685743949049583, -0.0, 3.9861097977987296, -44.39689906984539, 116.4355058333196, -184.1424338421154, 188.01535917102404, -122.90299342074769, 47.25567809744581, -8.228511682401436, 124.46929142354065, -658.4784249147976, 1051.391394205634, -1084.5618929309744, 716.8286957275997, -278.9842747420733, 49.222855328248656, 879.739751666972, -2839.064316934707, 2959.48783571392, -1977.0526077201428, 778.2801228023895, -138.99103105363145, 2313.776977456946, -4868.639625198029, 3281.067056946496, -1303.1840869979446, 234.87679024340315, 2580.816036838313, -3501.382944596652, 1399.3072945063532, -253.72510518649386, 1193.4388291121504, -957.8093048321808, 174.29475590731315, 192.72120446967244, -70.28014425279049, 6.4130889616503755], [-0.0, 0.0, -2.194153853714648, 6.0786107290011975, -10.122253597447303, 135.95219741683974, -7.620451074725321, -121.8696260006639, -0.0, 2.437689167873036, -27.69179356450947, 73.00466331849871, -114.82792371075837, 115.31582846492861, -73.02097264564192, 26.63565341774922, -4.29001292227637, 79.39568362333809, -422.593136757663, 670.7828346545249, -679.6693076180886, 434.5517679847275, -160.40303121252444, 26.233238396303594, 567.5207414081477, -1816.99585826715, 1855.5072415767522, -1195.9376619360476, 445.7604639111624, -73.80295092002275, 1464.928937235852, -3010.1640403266897, 1951.3011040893402, -732.1143397671591, 122.19358925804327, 1553.0675113289492, -2020.2990014265501, 760.550989692251, -127.41154321523055, 658.0936534890449, -495.8115917439611, 83.04838423954766, 93.25199676910317, -31.127063644810406, 2.5782822575745574], [0.0, 0.0, -0.0, 2.3462150748996136, -3.3851931358958045, 2.5725213867658807, 124.26087716198795, -0.0, -124.86810965241519, -0.0, 4.766895953334977, -14.965464073294052, 29.68316371193253, -38.63458372674058, 32.572066582554854, -16.25987339627664, 3.651093703597394, -14.040042454498105, 88.68732943120105, -177.27942657770828, 232.4618702490717, -196.99683642955202, 98.57553906795285, -22.153369089956453, -139.021261925541, 549.6610784388815, -712.7238319840802, 597.172792991415, -295.52381794525735, 65.78979223721527, -533.8780373198367, 1359.1044990873427, -1118.1855171638438, 544.1008649306325, -119.43538567938792, -847.4456264455381, 1366.1568362456492, -652.2176762827486, 140.87850488504054, -539.250923502794, 504.90524954490735, -107.23077737119844, -115.9961142295316, 48.46307892227945, -4.986992691584147], [0.0, 81.75523811241793, -543.201048538047, 1687.1472224216795, -3205.8597372070562, 4078.879954786413, -3559.2812087755674, 2205.5388642974267, -744.8828412093609, 11.939636186404808, -124.95103561800357, 299.7720973313207, -429.0147730860161, 397.6636597076953, -240.3037734101803, 88.71220781625078, -15.734136400035611, 329.20233669320646, -1594.0355201077346, 2307.111804932507, -2167.271746903883, 1329.5366158897973, -499.02194870234337, 90.03601797429958, 1946.778070361786, -5687.744051785807, 5397.0942384750615, -3347.0275692028936, 1271.4059860608688, -232.36858013112982, 4190.433469342691, -8023.601239428034, 5022.787389965664, -1928.1487931492552, 356.4829718040329, 3875.143506254921, -4897.071724837821, 1899.4284035710396, -355.0131905694711, 1562.0461363794016, -1224.2137857536175, 231.048466879687, 242.21474987163043, -92.07347161935365, 8.757322179423278]]",(x0)' =  745.563 x0 + -2209.645 x1 +  3570.437 x2 + -4096.369 x3 +  3222.927 x4 + -1697.516 x5 +  546.836 x6 + -82.328 x7 + -33.351 x0^2 +  346.825 x0 x1 + -828.019 x0 x2 +  1175.870 x0 x3 + -1072.268 x0 x4 +  628.065 x0 x5 + -219.019 x0 x6 +  35.270 x0 x7 + -897.994 x1^2 +  4279.919 x1 x2 + -6078.321 x1 x3 +  5552.669 x1 x4 + -3263.662 x1 x5 +  1144.208 x1 x6 + -185.714 x1 x7 + -5099.056 x2^2 +  14502.474 x2 x3 + -13283.412 x2 x4 +  7838.534 x2 x5 + -2763.355 x2 x6 +  451.962 x2 x7 + -10335.852 x3^2 +  18996.431 x3 x4 + -11257.798 x3 x5 +  3990.906 x3 x6 + -657.586 x3 x7 + -8762.553 x4^2 +  10433.066 x4 x5 + -3719.020 x4 x6 +  617.130 x4 x7 + -3120.464 x5^2 +  2236.842 x5 x6 + -373.650 x5 x7 + -403.182 x6^2 +  135.571 x6 x7 + -11.466 x7^2 | (x1)' =  124.962 x0 + -124.759 x2 +  4.544 x0 x1 + -10.349 x0 x2 +  12.524 x0 x3 + -7.168 x0 x4 +  2.961 x0 x6 + -11.820 x1^2 +  52.026 x1 x2 + -58.470 x1 x3 +  25.331 x1 x4 +  14.922 x1 x5 + -22.325 x1 x6 +  7.676 x1 x7 + -52.809 x2^2 +  94.903 x2 x3 +  5.877 x2 x4 + -96.626 x2 x5 +  85.434 x2 x6 + -25.841 x2 x7 + -7.702 x3^2 + -173.704 x3 x4 +  281.854 x3 x5 + -194.697 x3 x6 +  53.347 x3 x7 +  202.789 x4^2 + -464.716 x4 x5 +  279.605 x4 x6 + -71.212 x4 x7 +  228.196 x5^2 + -251.699 x5 x6 +  60.689 x5 x7 +  65.431 x6^2 + -30.271 x6 x7 +  3.392 x7^2 | (x2)' =  125.132 x1 + -122.589 x3 + -2.670 x4 +  1.537 x5 +  1.808 x0^2 + -18.654 x0 x1 +  46.357 x0 x2 + -70.940 x0 x3 +  71.879 x0 x4 + -48.201 x0 x5 +  19.740 x0 x6 + -3.786 x0 x7 +  47.999 x1^2 + -240.240 x1 x2 +  373.133 x1 x3 + -386.197 x1 x4 +  265.648 x1 x5 + -111.704 x1 x6 +  21.955 x1 x7 +  305.937 x2^2 + -973.998 x2 x3 +  1036.917 x2 x4 + -733.659 x2 x5 +  316.350 x2 x6 + -63.452 x2 x7 +  797.819 x3^2 + -1747.608 x3 x4 +  1267.381 x3 x5 + -557.082 x3 x6 +  113.268 x3 x7 +  980.634 x4^2 + -1448.697 x4 x5 +  644.623 x4 x6 + -132.011 x4 x7 +  541.324 x5^2 + -484.658 x5 x6 +  99.453 x5 x7 +  108.634 x6^2 + -44.516 x6 x7 +  4.544 x7^2 | (x3)' =  124.953 x2 + -125.269 x4 +  3.658 x0^2 + -39.483 x0 x1 +  101.154 x0 x2 + -157.305 x0 x3 +  159.092 x0 x4 + -104.016 x0 x5 +  40.475 x0 x6 + -7.218 x0 x7 +  106.891 x1^2 + -551.792 x1 x2 +  867.127 x1 x3 + -888.301 x1 x4 +  589.354 x1 x5 + -233.023 x1 x6 +  42.247 x1 x7 +  720.429 x2^2 + -2295.972 x2 x3 +  2387.767 x2 x4 + -1609.248 x2 x5 +  646.540 x2 x6 + -119.073 x2 x7 +  1856.746 x3^2 + -3918.770 x3 x4 +  2678.070 x3 x5 + -1090.279 x3 x6 +  203.278 x3 x7 +  2094.598 x4^2 + -2894.991 x4 x5 +  1190.130 x4 x6 + -223.777 x4 x7 +  1008.978 x5^2 + -835.206 x5 x6 +  157.874 x5 x7 +  173.641 x6^2 + -65.846 x6 x7 +  6.252 x7^2 | (x4)' = -1.523 x1 +  3.773 x2 +  118.761 x3 +  7.453 x4 + -131.083 x5 +  2.969 x6 +  3.986 x0^2 + -44.397 x0 x1 +  116.436 x0 x2 + -184.142 x0 x3 +  188.015 x0 x4 + -122.903 x0 x5 +  47.256 x0 x6 + -8.229 x0 x7 +  124.469 x1^2 + -658.478 x1 x2 +  1051.391 x1 x3 + -1084.562 x1 x4 +  716.829 x1 x5 + -278.984 x1 x6 +  49.223 x1 x7 +  879.740 x2^2 + -2839.064 x2 x3 +  2959.488 x2 x4 + -1977.053 x2 x5 +  778.280 x2 x6 + -138.991 x2 x7 +  2313.777 x3^2 + -4868.640 x3 x4 +  3281.067 x3 x5 + -1303.184 x3 x6 +  234.877 x3 x7 +  2580.816 x4^2 + -3501.383 x4 x5 +  1399.307 x4 x6 + -253.725 x4 x7 +  1193.439 x5^2 + -957.809 x5 x6 +  174.295 x5 x7 +  192.721 x6^2 + -70.280 x6 x7 +  6.413 x7^2 | (x5)' = -2.194 x1 +  6.079 x2 + -10.122 x3 +  135.952 x4 + -7.620 x5 + -121.870 x6 +  2.438 x0^2 + -27.692 x0 x1 +  73.005 x0 x2 + -114.828 x0 x3 +  115.316 x0 x4 + -73.021 x0 x5 +  26.636 x0 x6 + -4.290 x0 x7 +  79.396 x1^2 + -422.593 x1 x2 +  670.783 x1 x3 + -679.669 x1 x4 +  434.552 x1 x5 + -160.403 x1 x6 +  26.233 x1 x7 +  567.521 x2^2 + -1816.996 x2 x3 +  1855.507 x2 x4 + -1195.938 x2 x5 +  445.760 x2 x6 + -73.803 x2 x7 +  1464.929 x3^2 + -3010.164 x3 x4 +  1951.301 x3 x5 + -732.114 x3 x6 +  122.194 x3 x7 +  1553.068 x4^2 + -2020.299 x4 x5 +  760.551 x4 x6 + -127.412 x4 x7 +  658.094 x5^2 + -495.812 x5 x6 +  83.048 x5 x7 +  93.252 x6^2 + -31.127 x6 x7 +  2.578 x7^2 | (x6)' =  2.346 x2 + -3.385 x3 +  2.573 x4 +  124.261 x5 + -124.868 x7 +  4.767 x0 x1 + -14.965 x0 x2 +  29.683 x0 x3 + -38.635 x0 x4 +  32.572 x0 x5 + -16.260 x0 x6 +  3.651 x0 x7 + -14.040 x1^2 +  88.687 x1 x2 + -177.279 x1 x3 +  232.462 x1 x4 + -196.997 x1 x5 +  98.576 x1 x6 + -22.153 x1 x7 + -139.021 x2^2 +  549.661 x2 x3 + -712.724 x2 x4 +  597.173 x2 x5 + -295.524 x2 x6 +  65.790 x2 x7 + -533.878 x3^2 +  1359.104 x3 x4 + -1118.186 x3 x5 +  544.101 x3 x6 + -119.435 x3 x7 + -847.446 x4^2 +  1366.157 x4 x5 + -652.218 x4 x6 +  140.879 x4 x7 + -539.251 x5^2 +  504.905 x5 x6 + -107.231 x5 x7 + -115.996 x6^2 +  48.463 x6 x7 + -4.987 x7^2 | (x7)' =  81.755 x0 + -543.201 x1 +  1687.147 x2 + -3205.860 x3 +  4078.880 x4 + -3559.281 x5 +  2205.539 x6 + -744.883 x7 +  11.940 x0^2 + -124.951 x0 x1 +  299.772 x0 x2 + -429.015 x0 x3 +  397.664 x0 x4 + -240.304 x0 x5 +  88.712 x0 x6 + -15.734 x0 x7 +  329.202 x1^2 + -1594.036 x1 x2 +  2307.112 x1 x3 + -2167.272 x1 x4 +  1329.537 x1 x5 + -499.022 x1 x6 +  90.036 x1 x7 +  1946.778 x2^2 + -5687.744 x2 x3 +  5397.094 x2 x4 + -3347.028 x2 x5 +  1271.406 x2 x6 + -232.369 x2 x7 +  4190.433 x3^2 + -8023.601 x3 x4 +  5022.787 x3 x5 + -1928.149 x3 x6 +  356.483 x3 x7 +  3875.144 x4^2 + -4897.072 x4 x5 +  1899.428 x4 x6 + -355.013 x4 x7 +  1562.046 x5^2 + -1224.214 x5 x6 +  231.048 x5 x7 +  242.215 x6^2 + -92.073 x6 x7 +  8.757 x7^2
117,35.0,,,sr3,0.1,0.05,0.01,2,8,1,4.0,28.0,9,36.0,smoothed_finite_difference_savgol_order_3,success,,359,360,99.72222222222223,0.9959188075736165,"[""1"", ""x0"", ""x1"", ""x2"", ""x3"", ""x4"", ""x5"", ""x6"", ""x7"", ""x0^2"", ""x0 x1"", ""x0 x2"", ""x0 x3"", ""x0 x4"", ""x0 x5"", ""x0 x6"", ""x0 x7"", ""x1^2"", ""x1 x2"", ""x1 x3"", ""x1 x4"", ""x1 x5"", ""x1 x6"", ""x1 x7"", ""x2^2"", ""x2 x3"", ""x2 x4"", ""x2 x5"", ""x2 x6"", ""x2 x7"", ""x3^2"", ""x3 x4"", ""x3 x5"", ""x3 x6"", ""x3 x7"", ""x4^2"", ""x4 x5"", ""x4 x6"", ""x4 x7"", ""x5^2"", ""x5 x6"", ""x5 x7"", ""x6^2"", ""x6 x7"", ""x7^2""]","[[-1.1877582656649377, 795.1053070081838, -2452.539422087852, 4090.8303139247864, -4714.812026835555, 3643.877498328438, -1842.1326923158304, 556.431750919807, -76.79064967309478, 138.81892008082355, -1606.2009649785114, 4107.92362915901, -5999.462776521883, 5394.262669512201, -2990.943254028398, 953.2880551590271, -136.30551980765813, 4614.007940849698, -23418.20073341078, 33903.211079627836, -30182.408286768932, 16549.64224746471, -5213.045144750973, 738.0190132329797, 29449.987018258253, -84399.07738341868, 74258.2046756266, -40188.1177984066, 12493.989269291971, -1752.8313049309093, 59745.36364028777, -103686.40011343978, 55269.90265201156, -16942.84408055173, 2362.341513596698, 44280.0316099615, -46435.227927660664, 14056.791667550346, -1965.1785996422016, 11995.878358709993, -7231.633551486147, 1035.5868830058876, 1110.8799355190047, -339.0779945432614, 28.82480671624046], [-2.274145115278829, 129.0687387784041, -12.49409410679804, -121.45094255340864, 40.025149293521565, -83.88054835357359, 79.66224915078145, -38.983445264775796, 8.067824012304254, 287.885862226638, -3266.933781671244, 8345.45863535393, -12419.07163897548, 11617.105224811192, -6829.158325578406, 2336.3319573808403, -359.02376541510057, 9235.337227765047, -47071.903197210966, 69974.9292495632, -65496.564913091584, 38608.57369661747, -13280.881290595318, 2059.20100737539, 59938.71919810138, -178413.591367637, 167582.9811753483, -99424.19756065577, 34545.31647353725, -5433.75462133616, 133251.13808117367, -251994.1758423281, 151046.42586926214, -53245.70484451336, 8537.123174124317, 120371.7068250796, -146402.43287182954, 52591.77859676536, -8631.1056353041, 45360.32047320675, -33344.80272676809, 5618.7069900214665, 6289.841230970268, -2179.7497764849313, 194.17126115479138], [-2.702871244119489, 9.489220870278633, 77.61714375024587, 106.31695319883877, -264.118063615753, 114.65118899231138, -59.2573052279902, 17.44245943530239, -2.128893422470657, 202.5223437815097, -2297.6112021663375, 5964.157298757525, -9170.668588756838, 8999.998020689893, -5612.217992186183, 2046.12751721946, -334.4393619188892, 6515.743389319895, -33934.29312235918, 52511.00071953284, -52022.79824018031, 32841.721867884604, -12153.369961444361, 2021.443132690663, 44491.0699578248, -139121.16849979598, 139667.28013917847, -89570.22890599052, 33744.575012158355, -5725.828318541125, 110225.8958802599, -224834.43218478974, 146725.48308913593, -56321.222664704525, 9748.824389939531, 116640.38400575641, -154976.226213012, 60575.01907547616, -10679.601451757793, 52383.1182112203, -41643.05111066524, 7462.391839026866, 8404.748158922612, -3055.627361366602, 281.2811881129984], [-1.8700065617612665, 9.508606438887776, -57.184961235889354, 284.7220354864571, -267.3691885752359, 162.64951289367434, -197.16227273246443, 78.93316262385883, -14.09639515185673, -36.96784228046734, 414.1713092850425, -858.5625380055435, 674.7612412989895, 240.25160421698183, -830.3809214441006, 572.1512709077348, -138.5277662816076, -1110.5778111391132, 4157.348505351834, -1976.6312518778243, -4066.587096931513, 7028.008101658246, -4346.772851321852, 1012.0640477942094, -2665.0253253606134, -5622.239977783133, 23725.894699521683, -28257.604867499394, 15657.354796510155, -3473.400817410376, 16975.08964187033, -65620.24752356486, 64496.26170906383, -32889.99648978238, 6990.041287505232, 50244.24464442822, -88652.61714083893, 42641.10964128699, -8758.616777034902, 36650.55816056607, -33861.59114544922, 6778.448188970673, 7608.153369308999, -2989.2522461839103, 289.6882493611589], [-0.2579736825150541, 0.0, -8.840303284719175, 51.63407166974075, -6.9332969597674206, 187.9473093121716, -282.0533303123759, 72.80506318218983, -14.594245763877627, -295.2297164541544, 3347.1581613230096, -8313.43259991334, 11632.141056267239, -9776.319743878248, 4833.63660432357, -1247.7656822346519, 114.46812877591736, -9395.877542135051, 46072.68607332119, -63296.54796905635, 51727.578479838, -24369.112848086468, 5686.719307597493, -373.16397188460763, -55444.89690900778, 148188.0275461275, -115717.28917727424, 49953.11874055382, -9258.629652034931, -44.562238192190804, -94712.94522013776, 136388.27491375012, -48633.52186043722, 3136.872509699934, 2026.4814179689724, -41000.67319322602, 13620.474582804247, 9970.024490726973, -4227.261674447806, 7887.319981024117, -15344.341562257132, 4175.034435028211, 4587.061417589079, -2120.5971491244086, 225.09093298726688], [1.2362259720225237, -14.550786351164287, 77.32791710871086, -179.86588632147345, 233.84285095643204, -53.30293721114777, 74.64350844861275, -137.57311147221563, -0.5407843753671728, -401.8421612082276, 4559.89059030991, -11460.531943793765, 16453.73617950848, -14464.294637273742, 7702.274767665448, -2258.540566972236, 270.4021059154619, -12841.161837343554, 63983.8945950306, -90862.21862513646, 78728.00592659408, -41059.355104430375, 11644.149433288734, -1307.4535396396254, -78840.09861087156, 220796.46709307947, -187651.04029159236, 95061.13788679414, -25643.869202540343, 2581.5683176002904, -151709.09237050088, 250982.88688986195, -121743.66000127347, 30232.934748769298, -2422.0760514794656, -99591.18203017306, 89813.16060176108, -18868.646616075013, 622.7020656449329, -17383.137282112624, 4190.77195485776, 813.9499158572721, 732.2184266492093, -765.4697656688064, 103.51914235769304], [1.9712715050050555, -22.801686730924107, 132.67655182467962, -348.419484835519, 534.3648966868008, -515.8064136991436, 437.5952399667616, -109.74406436845473, -107.87787952185498, -276.23928390489255, 3134.7441196198392, -7958.897957243148, 11686.462374959247, -10670.752540845504, 6020.016225279476, -1922.9250143341976, 263.3945490801198, -8849.090414443615, 44719.049732088664, -65365.26412776291, 59427.78707650827, -33384.23222929742, 10613.325915031046, -1444.6650173247529, -56249.95274494948, 163818.007474307, -148481.13075338487, 83214.19776043542, -26406.2591931457, 3588.2378277234534, -118947.41121616137, 215325.0365535536, -120700.32141680142, 38379.01181483637, -5238.057598810703, -97527.43280197462, 109724.14321201787, -35131.91790384547, 4852.399894080454, -31098.701143159433, 20172.853627070897, -2843.9865258250975, -3337.749930570612, 969.7360707196407, -73.41650949206984], [2.277228583897383, 67.08652223842113, -487.4873184143315, 1623.0777871937119, -3242.9592872098315, 4259.367420156084, -3769.7626765671175, 2322.4636791669486, -771.748303182931, 45.29502570765348, -514.1830764523079, 1172.926270462078, -1298.8991938510198, 551.2945848903075, 213.79216889278342, -302.6876558175698, 87.41474966781244, 1412.8327611904633, -6077.662400769793, 5810.430834144356, -797.290591215665, -3246.7681011872587, 2698.6291050390014, -700.6187806076691, 5688.629739087136, -6207.576588008116, -9046.003647216905, 17059.025339937634, -10848.585150470588, 2576.344265995892, -5769.0390765172015, 38683.51846722793, -44491.21696732755, 24480.55311801553, -5449.188934272341, -34568.579305642335, 66008.97367784988, -33339.67252574754, 7088.212805704308, -28678.948639436214, 27457.63198776833, -5651.958637178627, -6348.991574170557, 2555.5744035356374, -253.20871597236712]]",(x0)' = -1.188 1 +  795.105 x0 + -2452.539 x1 +  4090.830 x2 + -4714.812 x3 +  3643.877 x4 + -1842.133 x5 +  556.432 x6 + -76.791 x7 +  138.819 x0^2 + -1606.201 x0 x1 +  4107.924 x0 x2 + -5999.463 x0 x3 +  5394.263 x0 x4 + -2990.943 x0 x5 +  953.288 x0 x6 + -136.306 x0 x7 +  4614.008 x1^2 + -23418.201 x1 x2 +  33903.211 x1 x3 + -30182.408 x1 x4 +  16549.642 x1 x5 + -5213.045 x1 x6 +  738.019 x1 x7 +  29449.987 x2^2 + -84399.077 x2 x3 +  74258.205 x2 x4 + -40188.118 x2 x5 +  12493.989 x2 x6 + -1752.831 x2 x7 +  59745.364 x3^2 + -103686.400 x3 x4 +  55269.903 x3 x5 + -16942.844 x3 x6 +  2362.342 x3 x7 +  44280.032 x4^2 + -46435.228 x4 x5 +  14056.792 x4 x6 + -1965.179 x4 x7 +  11995.878 x5^2 + -7231.634 x5 x6 +  1035.587 x5 x7 +  1110.880 x6^2 + -339.078 x6 x7 +  28.825 x7^2 | (x1)' = -2.274 1 +  129.069 x0 + -12.494 x1 + -121.451 x2 +  40.025 x3 + -83.881 x4 +  79.662 x5 + -38.983 x6 +  8.068 x7 +  287.886 x0^2 + -3266.934 x0 x1 +  8345.459 x0 x2 + -12419.072 x0 x3 +  11617.105 x0 x4 + -6829.158 x0 x5 +  2336.332 x0 x6 + -359.024 x0 x7 +  9235.337 x1^2 + -47071.903 x1 x2 +  69974.929 x1 x3 + -65496.565 x1 x4 +  38608.574 x1 x5 + -13280.881 x1 x6 +  2059.201 x1 x7 +  59938.719 x2^2 + -178413.591 x2 x3 +  167582.981 x2 x4 + -99424.198 x2 x5 +  34545.316 x2 x6 + -5433.755 x2 x7 +  133251.138 x3^2 + -251994.176 x3 x4 +  151046.426 x3 x5 + -53245.705 x3 x6 +  8537.123 x3 x7 +  120371.707 x4^2 + -146402.433 x4 x5 +  52591.779 x4 x6 + -8631.106 x4 x7 +  45360.320 x5^2 + -33344.803 x5 x6 +  5618.707 x5 x7 +  6289.841 x6^2 + -2179.750 x6 x7 +  194.171 x7^2 | (x2)' = -2.703 1 +  9.489 x0 +  77.617 x1 +  106.317 x2 + -264.118 x3 +  114.651 x4 + -59.257 x5 +  17.442 x6 + -2.129 x7 +  202.522 x0^2 + -2297.611 x0 x1 +  5964.157 x0 x2 + -9170.669 x0 x3 +  8999.998 x0 x4 + -5612.218 x0 x5 +  2046.128 x0 x6 + -334.439 x0 x7 +  6515.743 x1^2 + -33934.293 x1 x2 +  52511.001 x1 x3 + -52022.798 x1 x4 +  32841.722 x1 x5 + -12153.370 x1 x6 +  2021.443 x1 x7 +  44491.070 x2^2 + -139121.168 x2 x3 +  139667.280 x2 x4 + -89570.229 x2 x5 +  33744.575 x2 x6 + -5725.828 x2 x7 +  110225.896 x3^2 + -224834.432 x3 x4 +  146725.483 x3 x5 + -56321.223 x3 x6 +  9748.824 x3 x7 +  116640.384 x4^2 + -154976.226 x4 x5 +  60575.019 x4 x6 + -10679.601 x4 x7 +  52383.118 x5^2 + -41643.051 x5 x6 +  7462.392 x5 x7 +  8404.748 x6^2 + -3055.627 x6 x7 +  281.281 x7^2 | (x3)' = -1.870 1 +  9.509 x0 + -57.185 x1 +  284.722 x2 + -267.369 x3 +  162.650 x4 + -197.162 x5 +  78.933 x6 + -14.096 x7 + -36.968 x0^2 +  414.171 x0 x1 + -858.563 x0 x2 +  674.761 x0 x3 +  240.252 x0 x4 + -830.381 x0 x5 +  572.151 x0 x6 + -138.528 x0 x7 + -1110.578 x1^2 +  4157.349 x1 x2 + -1976.631 x1 x3 + -4066.587 x1 x4 +  7028.008 x1 x5 + -4346.773 x1 x6 +  1012.064 x1 x7 + -2665.025 x2^2 + -5622.240 x2 x3 +  23725.895 x2 x4 + -28257.605 x2 x5 +  15657.355 x2 x6 + -3473.401 x2 x7 +  16975.090 x3^2 + -65620.248 x3 x4 +  64496.262 x3 x5 + -32889.996 x3 x6 +  6990.041 x3 x7 +  50244.245 x4^2 + -88652.617 x4 x5 +  42641.110 x4 x6 + -8758.617 x4 x7 +  36650.558 x5^2 + -33861.591 x5 x6 +  6778.448 x5 x7 +  7608.153 x6^2 + -2989.252 x6 x7 +  289.688 x7^2 | (x4)' = -0.258 1 + -8.840 x1 +  51.634 x2 + -6.933 x3 +  187.947 x4 + -282.053 x5 +  72.805 x6 + -14.594 x7 + -295.230 x0^2 +  3347.158 x0 x1 + -8313.433 x0 x2 +  11632.141 x0 x3 + -9776.320 x0 x4 +  4833.637 x0 x5 + -1247.766 x0 x6 +  114.468 x0 x7 + -9395.878 x1^2 +  46072.686 x1 x2 + -63296.548 x1 x3 +  51727.578 x1 x4 + -24369.113 x1 x5 +  5686.719 x1 x6 + -373.164 x1 x7 + -55444.897 x2^2 +  148188.028 x2 x3 + -115717.289 x2 x4 +  49953.119 x2 x5 + -9258.630 x2 x6 + -44.562 x2 x7 + -94712.945 x3^2 +  136388.275 x3 x4 + -48633.522 x3 x5 +  3136.873 x3 x6 +  2026.481 x3 x7 + -41000.673 x4^2 +  13620.475 x4 x5 +  9970.024 x4 x6 + -4227.262 x4 x7 +  7887.320 x5^2 + -15344.342 x5 x6 +  4175.034 x5 x7 +  4587.061 x6^2 + -2120.597 x6 x7 +  225.091 x7^2 | (x5)' =  1.236 1 + -14.551 x0 +  77.328 x1 + -179.866 x2 +  233.843 x3 + -53.303 x4 +  74.644 x5 + -137.573 x6 + -0.541 x7 + -401.842 x0^2 +  4559.891 x0 x1 + -11460.532 x0 x2 +  16453.736 x0 x3 + -14464.295 x0 x4 +  7702.275 x0 x5 + -2258.541 x0 x6 +  270.402 x0 x7 + -12841.162 x1^2 +  63983.895 x1 x2 + -90862.219 x1 x3 +  78728.006 x1 x4 + -41059.355 x1 x5 +  11644.149 x1 x6 + -1307.454 x1 x7 + -78840.099 x2^2 +  220796.467 x2 x3 + -187651.040 x2 x4 +  95061.138 x2 x5 + -25643.869 x2 x6 +  2581.568 x2 x7 + -151709.092 x3^2 +  250982.887 x3 x4 + -121743.660 x3 x5 +  30232.935 x3 x6 + -2422.076 x3 x7 + -99591.182 x4^2 +  89813.161 x4 x5 + -18868.647 x4 x6 +  622.702 x4 x7 + -17383.137 x5^2 +  4190.772 x5 x6 +  813.950 x5 x7 +  732.218 x6^2 + -765.470 x6 x7 +  103.519 x7^2 | (x6)' =  1.971 1 + -22.802 x0 +  132.677 x1 + -348.419 x2 +  534.365 x3 + -515.806 x4 +  437.595 x5 + -109.744 x6 + -107.878 x7 + -276.239 x0^2 +  3134.744 x0 x1 + -7958.898 x0 x2 +  11686.462 x0 x3 + -10670.753 x0 x4 +  6020.016 x0 x5 + -1922.925 x0 x6 +  263.395 x0 x7 + -8849.090 x1^2 +  44719.050 x1 x2 + -65365.264 x1 x3 +  59427.787 x1 x4 + -33384.232 x1 x5 +  10613.326 x1 x6 + -1444.665 x1 x7 + -56249.953 x2^2 +  163818.007 x2 x3 + -148481.131 x2 x4 +  83214.198 x2 x5 + -26406.259 x2 x6 +  3588.238 x2 x7 + -118947.411 x3^2 +  215325.037 x3 x4 + -120700.321 x3 x5 +  38379.012 x3 x6 + -5238.058 x3 x7 + -97527.433 x4^2 +  109724.143 x4 x5 + -35131.918 x4 x6 +  4852.400 x4 x7 + -31098.701 x5^2 +  20172.854 x5 x6 + -2843.987 x5 x7 + -3337.750 x6^2 +  969.736 x6 x7 + -73.417 x7^2 | (x7)' =  2.277 1 +  67.087 x0 + -487.487 x1 +  1623.078 x2 + -3242.959 x3 +  4259.367 x4 + -3769.763 x5 +  2322.464 x6 + -771.748 x7 +  45.295 x0^2 + -514.183 x0 x1 +  1172.926 x0 x2 + -1298.899 x0 x3 +  551.295 x0 x4 +  213.792 x0 x5 + -302.688 x0 x6 +  87.415 x0 x7 +  1412.833 x1^2 + -6077.662 x1 x2 +  5810.431 x1 x3 + -797.291 x1 x4 + -3246.768 x1 x5 +  2698.629 x1 x6 + -700.619 x1 x7 +  5688.630 x2^2 + -6207.577 x2 x3 + -9046.004 x2 x4 +  17059.025 x2 x5 + -10848.585 x2 x6 +  2576.344 x2 x7 + -5769.039 x3^2 +  38683.518 x3 x4 + -44491.217 x3 x5 +  24480.553 x3 x6 + -5449.189 x3 x7 + -34568.579 x4^2 +  66008.974 x4 x5 + -33339.673 x4 x6 +  7088.213 x4 x7 + -28678.949 x5^2 +  27457.632 x5 x6 + -5651.959 x5 x7 + -6348.992 x6^2 +  2555.574 x6 x7 + -253.209 x7^2
118,35.0,,,sr3,0.1,0.05,0.1,2,8,1,4.0,28.0,9,36.0,smoothed_finite_difference_savgol_order_3,success,,359,360,99.72222222222223,0.9962202766910195,"[""1"", ""x0"", ""x1"", ""x2"", ""x3"", ""x4"", ""x5"", ""x6"", ""x7"", ""x0^2"", ""x0 x1"", ""x0 x2"", ""x0 x3"", ""x0 x4"", ""x0 x5"", ""x0 x6"", ""x0 x7"", ""x1^2"", ""x1 x2"", ""x1 x3"", ""x1 x4"", ""x1 x5"", ""x1 x6"", ""x1 x7"", ""x2^2"", ""x2 x3"", ""x2 x4"", ""x2 x5"", ""x2 x6"", ""x2 x7"", ""x3^2"", ""x3 x4"", ""x3 x5"", ""x3 x6"", ""x3 x7"", ""x4^2"", ""x4 x5"", ""x4 x6"", ""x4 x7"", ""x5^2"", ""x5 x6"", ""x5 x7"", ""x6^2"", ""x6 x7"", ""x7^2""]","[[-1.2390502835705992, 795.1298802352529, -2452.5406878408508, 4090.509601797482, -4713.855085107548, 3642.4943702906253, -1840.9866717556215, 555.9036642763149, -76.68490630370982, 139.4108728288749, -1612.9287722190359, 4117.082568676992, -5992.795554093291, 5365.345336000187, -2961.4789558580655, 940.64895819321, -134.5327851999204, 4637.422786647428, -23514.09890938717, 33964.58159950623, -30145.903825657315, 16481.06401085044, -5184.785948968446, 736.4908719509139, 29568.688892196344, -84623.84659354498, 74308.10960704222, -40150.613639567695, 12491.044933960256, -1763.84283164389, 59874.221794537596, -103801.13625583456, 55312.84401017825, -17003.45084520044, 2394.829646658614, 44328.79650048854, -46541.64365861105, 14166.298369487458, -2009.6668846616813, 12065.49291578031, -7342.337869028586, 1072.873802134233, 1144.8375296988534, -358.14285007515787, 31.12132766640227], [-2.3889023508606764, 129.0456646500194, -12.071042485785293, -123.23330415095056, 43.75566035061937, -88.51207575000888, 83.19273780114696, -40.53185254242085, 8.369318520966102, 288.7073445675943, -3278.3117259424257, 8359.979381982992, -12398.531854139186, 11549.360706552301, -6762.824613731054, 2308.6474256117804, -355.34746924725783, 9282.118313609553, -47272.6757025554, 70104.20391504379, -65415.22394759956, 38461.18873846018, -13223.626888942628, 2057.8816190781718, 60200.393238605786, -178923.27645926477, 167711.4305756564, -99362.0399617927, 34556.392359700105, -5464.461885013444, 133550.3060178431, -252277.7284190774, 151175.58638190088, -53410.16807512045, 8620.151950841491, 120495.75065437293, -146679.49618428678, 52871.27812848526, -8742.850063777127, 45537.681413338825, -33624.61348793061, 5712.373106413724, 6375.622212957201, -2227.863453578047, 199.98676535477597], [-2.7975591252305394, 9.404684692613676, 78.32360223304444, 103.9525334359328, -259.7052983460131, 109.53843067129785, -55.53187788509033, 15.856262243365542, -1.8255034003370483, 202.78173196994982, -2303.949394860672, 5971.20523132642, -9149.115606226234, 8941.657577438618, -5557.216492696196, 2023.8162358035293, -331.6564970882781, 6549.70650170438, -34088.64852982459, 52611.25403175064, -51956.25512572135, 32725.38873802256, -12111.238111630482, 2022.1416347686238, 44703.89210975524, -139547.68625323754, 139787.45340513688, -89537.2525779384, 33768.610621133186, -5756.294077642131, 110481.7520049881, -225090.32438164367, 146859.3787857588, -56481.05120950585, 9826.02842396411, 116754.73585060987, -155236.75884030713, 60834.3537978971, -10782.04270051997, 52547.30515610362, -41900.706523127, 7548.263222574713, 8483.729610509496, -3099.907100782933, 286.64881512992406], [-1.8844661684277095, 9.370192013905035, -56.392229902664326, 282.6484325740762, -264.1384306469441, 159.39572303696994, -195.0379543112399, 78.10032637706387, -13.945568337707309, -37.73797659369418, 419.1203688957298, -867.1045047578875, 687.1299393922118, 226.38352721064564, -821.2644673395055, 569.6770137043253, -138.56731269998537, -1114.414868143705, 4155.944640319226, -1974.2804772125949, -4056.777241443728, 7019.754519475174, -4349.854111884418, 1015.5435557511075, -2638.7304241385905, -5698.429529442239, 23770.990507356444, -28287.09973770711, 15689.235169728354, -3487.8110663251746, 17031.64300493234, -65701.84744525181, 64569.00932721804, -32960.42049594187, 7018.434672334654, 50285.034689746215, -88753.63790186626, 42735.55697125969, -8793.823656982462, 36709.72400082499, -33952.03444383172, 6807.956123860931, 7635.859959474697, -3004.7568418730784, 291.5945912392515], [-0.17664342673410702, -0.0, -8.197029592706478, 50.537443207934736, -6.051123270880369, 187.81617571909712, -282.4062282086123, 73.08549734546071, -14.66324650176446, -296.94945392832096, 3363.549997451125, -8337.32261483264, 11630.557011680316, -9735.59431745119, 4787.90406987068, -1226.960760211974, 111.23471265009829, -9441.750650083266, 46246.36923531399, -63406.94852224622, 51670.34894754725, -24252.165960386727, 5633.218799340157, -367.5835031094136, -55639.17266350521, 148533.88431166045, -115771.34277025278, 49861.52195022823, -9227.504055630034, -36.34551978384964, -94900.0391367071, 136528.95840509245, -48652.06466815616, 3189.455506544644, 1990.751508160941, -41055.56067129474, 13731.373723567087, 9848.189974941844, -4175.289493425385, 7808.979239221072, -15216.94708350976, 4131.432677342449, 4547.97046411051, -2098.63713830199, 222.47851183581014], [1.3662427772841306, -14.672969995936358, 77.65809942765168, -179.8705469810976, 232.63737313479095, -50.976221198012716, 72.47944735172054, -136.51541237499427, -0.7592309415301081, -403.7473591763621, 4579.93155514435, -11488.707604663265, 16441.748452024152, -14394.019321458078, 7628.4184441544285, -2226.25882822481, 265.7200328840368, -12905.114403409943, 64238.57084327218, -91025.35055503152, 78636.99069134379, -40882.393423049994, 11568.599394398869, -1302.0693662505832, -79144.37809970882, 221361.3044373034, -187765.63785430504, 94950.93212045707, -25623.683544018193, 2604.9336574136164, -152026.64350220794, 251252.4283175567, -121828.08335807979, 30365.192454780037, -2496.5891886656273, -99703.33196048767, 90054.46352158563, -19120.788532531315, 726.2617791624713, -17543.99834959363, 4447.842776089256, 727.100675869807, 653.3729269231065, -721.2237007141657, 98.20686521029072], [2.0730487822788985, -22.821661703006892, 132.52194743593864, -347.38997351886906, 531.8785417757599, -512.4929453718812, 434.9628173285239, -108.55984245538544, -108.11188873862424, -277.2398453412048, 3146.8471693821834, -7975.115808713631, 11671.529514199072, -10612.653217351331, 5961.701718900139, -1898.1989523186892, 260.0099304902398, -8893.70800893292, 44905.10852702831, -65485.21103263161, 59356.714881600965, -33251.39811577261, 10559.946728043793, -1442.5084612247567, -56484.63954735748, 164267.55812264312, -148587.4793621987, 83149.03165966948, -26407.674223744612, 3612.498686156623, -119207.12958888433, 215562.55681795563, -120798.40937105812, 38510.59950408524, -5306.52521756728, -97629.55712455297, 109950.14282936855, -35362.53157469443, 4945.356488795597, -31245.158673626178, 20404.91224727214, -2921.894287419768, -3408.9041214955314, 1009.6530782107567, -78.23147204549075], [2.2815599235909643, 67.20339866687033, -488.1368245267687, 1624.730218305187, -3245.4677251779653, 4261.832752975627, -3771.336686489397, 2323.069124156036, -771.8564144607992, 46.015829651033194, -519.2334814511729, 1181.2917472245613, -1308.1583171942616, 558.5939239646257, 210.51800206693918, -302.49133665775463, 87.71521358163251, 1419.332596505178, -6090.047094588369, 5816.925924229252, -799.7461641582863, -3250.160683723139, 2705.478412108382, -703.7928901197647, 5683.522135906048, -6175.492159693655, -9077.445456200407, 17089.722071291493, -10875.881439040206, 2586.8362686261703, -5798.301337325039, 38735.94355583302, -44545.752982914135, 24530.30637969425, -5468.099216923697, -34595.34110427782, 66076.25642678014, -33401.39703647567, 7110.824454275092, -28716.987741236826, 27515.44760469286, -5670.775738040611, -6366.6992135895725, 2565.5106382139365, -254.4380476957152]]",(x0)' = -1.239 1 +  795.130 x0 + -2452.541 x1 +  4090.510 x2 + -4713.855 x3 +  3642.494 x4 + -1840.987 x5 +  555.904 x6 + -76.685 x7 +  139.411 x0^2 + -1612.929 x0 x1 +  4117.083 x0 x2 + -5992.796 x0 x3 +  5365.345 x0 x4 + -2961.479 x0 x5 +  940.649 x0 x6 + -134.533 x0 x7 +  4637.423 x1^2 + -23514.099 x1 x2 +  33964.582 x1 x3 + -30145.904 x1 x4 +  16481.064 x1 x5 + -5184.786 x1 x6 +  736.491 x1 x7 +  29568.689 x2^2 + -84623.847 x2 x3 +  74308.110 x2 x4 + -40150.614 x2 x5 +  12491.045 x2 x6 + -1763.843 x2 x7 +  59874.222 x3^2 + -103801.136 x3 x4 +  55312.844 x3 x5 + -17003.451 x3 x6 +  2394.830 x3 x7 +  44328.797 x4^2 + -46541.644 x4 x5 +  14166.298 x4 x6 + -2009.667 x4 x7 +  12065.493 x5^2 + -7342.338 x5 x6 +  1072.874 x5 x7 +  1144.838 x6^2 + -358.143 x6 x7 +  31.121 x7^2 | (x1)' = -2.389 1 +  129.046 x0 + -12.071 x1 + -123.233 x2 +  43.756 x3 + -88.512 x4 +  83.193 x5 + -40.532 x6 +  8.369 x7 +  288.707 x0^2 + -3278.312 x0 x1 +  8359.979 x0 x2 + -12398.532 x0 x3 +  11549.361 x0 x4 + -6762.825 x0 x5 +  2308.647 x0 x6 + -355.347 x0 x7 +  9282.118 x1^2 + -47272.676 x1 x2 +  70104.204 x1 x3 + -65415.224 x1 x4 +  38461.189 x1 x5 + -13223.627 x1 x6 +  2057.882 x1 x7 +  60200.393 x2^2 + -178923.276 x2 x3 +  167711.431 x2 x4 + -99362.040 x2 x5 +  34556.392 x2 x6 + -5464.462 x2 x7 +  133550.306 x3^2 + -252277.728 x3 x4 +  151175.586 x3 x5 + -53410.168 x3 x6 +  8620.152 x3 x7 +  120495.751 x4^2 + -146679.496 x4 x5 +  52871.278 x4 x6 + -8742.850 x4 x7 +  45537.681 x5^2 + -33624.613 x5 x6 +  5712.373 x5 x7 +  6375.622 x6^2 + -2227.863 x6 x7 +  199.987 x7^2 | (x2)' = -2.798 1 +  9.405 x0 +  78.324 x1 +  103.953 x2 + -259.705 x3 +  109.538 x4 + -55.532 x5 +  15.856 x6 + -1.826 x7 +  202.782 x0^2 + -2303.949 x0 x1 +  5971.205 x0 x2 + -9149.116 x0 x3 +  8941.658 x0 x4 + -5557.216 x0 x5 +  2023.816 x0 x6 + -331.656 x0 x7 +  6549.707 x1^2 + -34088.649 x1 x2 +  52611.254 x1 x3 + -51956.255 x1 x4 +  32725.389 x1 x5 + -12111.238 x1 x6 +  2022.142 x1 x7 +  44703.892 x2^2 + -139547.686 x2 x3 +  139787.453 x2 x4 + -89537.253 x2 x5 +  33768.611 x2 x6 + -5756.294 x2 x7 +  110481.752 x3^2 + -225090.324 x3 x4 +  146859.379 x3 x5 + -56481.051 x3 x6 +  9826.028 x3 x7 +  116754.736 x4^2 + -155236.759 x4 x5 +  60834.354 x4 x6 + -10782.043 x4 x7 +  52547.305 x5^2 + -41900.707 x5 x6 +  7548.263 x5 x7 +  8483.730 x6^2 + -3099.907 x6 x7 +  286.649 x7^2 | (x3)' = -1.884 1 +  9.370 x0 + -56.392 x1 +  282.648 x2 + -264.138 x3 +  159.396 x4 + -195.038 x5 +  78.100 x6 + -13.946 x7 + -37.738 x0^2 +  419.120 x0 x1 + -867.105 x0 x2 +  687.130 x0 x3 +  226.384 x0 x4 + -821.264 x0 x5 +  569.677 x0 x6 + -138.567 x0 x7 + -1114.415 x1^2 +  4155.945 x1 x2 + -1974.280 x1 x3 + -4056.777 x1 x4 +  7019.755 x1 x5 + -4349.854 x1 x6 +  1015.544 x1 x7 + -2638.730 x2^2 + -5698.430 x2 x3 +  23770.991 x2 x4 + -28287.100 x2 x5 +  15689.235 x2 x6 + -3487.811 x2 x7 +  17031.643 x3^2 + -65701.847 x3 x4 +  64569.009 x3 x5 + -32960.420 x3 x6 +  7018.435 x3 x7 +  50285.035 x4^2 + -88753.638 x4 x5 +  42735.557 x4 x6 + -8793.824 x4 x7 +  36709.724 x5^2 + -33952.034 x5 x6 +  6807.956 x5 x7 +  7635.860 x6^2 + -3004.757 x6 x7 +  291.595 x7^2 | (x4)' = -0.177 1 + -8.197 x1 +  50.537 x2 + -6.051 x3 +  187.816 x4 + -282.406 x5 +  73.085 x6 + -14.663 x7 + -296.949 x0^2 +  3363.550 x0 x1 + -8337.323 x0 x2 +  11630.557 x0 x3 + -9735.594 x0 x4 +  4787.904 x0 x5 + -1226.961 x0 x6 +  111.235 x0 x7 + -9441.751 x1^2 +  46246.369 x1 x2 + -63406.949 x1 x3 +  51670.349 x1 x4 + -24252.166 x1 x5 +  5633.219 x1 x6 + -367.584 x1 x7 + -55639.173 x2^2 +  148533.884 x2 x3 + -115771.343 x2 x4 +  49861.522 x2 x5 + -9227.504 x2 x6 + -36.346 x2 x7 + -94900.039 x3^2 +  136528.958 x3 x4 + -48652.065 x3 x5 +  3189.456 x3 x6 +  1990.752 x3 x7 + -41055.561 x4^2 +  13731.374 x4 x5 +  9848.190 x4 x6 + -4175.289 x4 x7 +  7808.979 x5^2 + -15216.947 x5 x6 +  4131.433 x5 x7 +  4547.970 x6^2 + -2098.637 x6 x7 +  222.479 x7^2 | (x5)' =  1.366 1 + -14.673 x0 +  77.658 x1 + -179.871 x2 +  232.637 x3 + -50.976 x4 +  72.479 x5 + -136.515 x6 + -0.759 x7 + -403.747 x0^2 +  4579.932 x0 x1 + -11488.708 x0 x2 +  16441.748 x0 x3 + -14394.019 x0 x4 +  7628.418 x0 x5 + -2226.259 x0 x6 +  265.720 x0 x7 + -12905.114 x1^2 +  64238.571 x1 x2 + -91025.351 x1 x3 +  78636.991 x1 x4 + -40882.393 x1 x5 +  11568.599 x1 x6 + -1302.069 x1 x7 + -79144.378 x2^2 +  221361.304 x2 x3 + -187765.638 x2 x4 +  94950.932 x2 x5 + -25623.684 x2 x6 +  2604.934 x2 x7 + -152026.644 x3^2 +  251252.428 x3 x4 + -121828.083 x3 x5 +  30365.192 x3 x6 + -2496.589 x3 x7 + -99703.332 x4^2 +  90054.464 x4 x5 + -19120.789 x4 x6 +  726.262 x4 x7 + -17543.998 x5^2 +  4447.843 x5 x6 +  727.101 x5 x7 +  653.373 x6^2 + -721.224 x6 x7 +  98.207 x7^2 | (x6)' =  2.073 1 + -22.822 x0 +  132.522 x1 + -347.390 x2 +  531.879 x3 + -512.493 x4 +  434.963 x5 + -108.560 x6 + -108.112 x7 + -277.240 x0^2 +  3146.847 x0 x1 + -7975.116 x0 x2 +  11671.530 x0 x3 + -10612.653 x0 x4 +  5961.702 x0 x5 + -1898.199 x0 x6 +  260.010 x0 x7 + -8893.708 x1^2 +  44905.109 x1 x2 + -65485.211 x1 x3 +  59356.715 x1 x4 + -33251.398 x1 x5 +  10559.947 x1 x6 + -1442.508 x1 x7 + -56484.640 x2^2 +  164267.558 x2 x3 + -148587.479 x2 x4 +  83149.032 x2 x5 + -26407.674 x2 x6 +  3612.499 x2 x7 + -119207.130 x3^2 +  215562.557 x3 x4 + -120798.409 x3 x5 +  38510.600 x3 x6 + -5306.525 x3 x7 + -97629.557 x4^2 +  109950.143 x4 x5 + -35362.532 x4 x6 +  4945.356 x4 x7 + -31245.159 x5^2 +  20404.912 x5 x6 + -2921.894 x5 x7 + -3408.904 x6^2 +  1009.653 x6 x7 + -78.231 x7^2 | (x7)' =  2.282 1 +  67.203 x0 + -488.137 x1 +  1624.730 x2 + -3245.468 x3 +  4261.833 x4 + -3771.337 x5 +  2323.069 x6 + -771.856 x7 +  46.016 x0^2 + -519.233 x0 x1 +  1181.292 x0 x2 + -1308.158 x0 x3 +  558.594 x0 x4 +  210.518 x0 x5 + -302.491 x0 x6 +  87.715 x0 x7 +  1419.333 x1^2 + -6090.047 x1 x2 +  5816.926 x1 x3 + -799.746 x1 x4 + -3250.161 x1 x5 +  2705.478 x1 x6 + -703.793 x1 x7 +  5683.522 x2^2 + -6175.492 x2 x3 + -9077.445 x2 x4 +  17089.722 x2 x5 + -10875.881 x2 x6 +  2586.836 x2 x7 + -5798.301 x3^2 +  38735.944 x3 x4 + -44545.753 x3 x5 +  24530.306 x3 x6 + -5468.099 x3 x7 + -34595.341 x4^2 +  66076.256 x4 x5 + -33401.397 x4 x6 +  7110.824 x4 x7 + -28716.988 x5^2 +  27515.448 x5 x6 + -5670.776 x5 x7 + -6366.699 x6^2 +  2565.511 x6 x7 + -254.438 x7^2
119,35.0,,,sr3,0.1,0.05,1.0,2,8,1,4.0,28.0,9,36.0,smoothed_finite_difference_savgol_order_3,success,,358,360,99.44444444444444,1.0014253808185458,"[""1"", ""x0"", ""x1"", ""x2"", ""x3"", ""x4"", ""x5"", ""x6"", ""x7"", ""x0^2"", ""x0 x1"", ""x0 x2"", ""x0 x3"", ""x0 x4"", ""x0 x5"", ""x0 x6"", ""x0 x7"", ""x1^2"", ""x1 x2"", ""x1 x3"", ""x1 x4"", ""x1 x5"", ""x1 x6"", ""x1 x7"", ""x2^2"", ""x2 x3"", ""x2 x4"", ""x2 x5"", ""x2 x6"", ""x2 x7"", ""x3^2"", ""x3 x4"", ""x3 x5"", ""x3 x6"", ""x3 x7"", ""x4^2"", ""x4 x5"", ""x4 x6"", ""x4 x7"", ""x5^2"", ""x5 x6"", ""x5 x7"", ""x6^2"", ""x6 x7"", ""x7^2""]","[[-1.5142741303268146, 795.2372689185947, -2452.4854268439167, 4088.5843864811022, -4708.106651333354, 3634.0662532967212, -1833.928324974491, 552.6186548241394, -76.01562059067606, 149.49052756723165, -1706.164321189373, 4293.869709996264, -6157.0756572293585, 5423.475101646364, -2940.846386202652, 916.9863854789518, -129.0765101348974, 4852.580997319905, -24327.46576448243, 34722.89616778333, -30434.56910492698, 16426.972590354613, -5109.121342053141, 721.6871175298423, 30332.69991730634, -86053.90475818096, 74916.9025377265, -40183.98945882637, 12461.243595681013, -1771.3513049083306, 60576.2978535477, -104617.65567202402, 55728.38983836052, -17261.218928794755, 2486.4885644596634, 44801.44502769661, -47495.249875668866, 14793.761007684032, -2191.8487270390287, 12624.444359527066, -8037.607424402641, 1256.1080230283012, 1345.6513123289542, -456.8148792439809, 42.56965937087424], [-2.996028049545392, 129.14232211318105, -11.09708474678202, -129.8429749385357, 60.30521669428639, -111.13893081635472, 101.44123858772119, -48.825286993644696, 10.031391382885845, 310.60743417467484, -3480.2105653931726, 8742.192817207513, -12755.996042777591, 11684.5179462782, -6732.792799729205, 2267.970887134206, -346.55304420943065, 9745.59638744489, -49018.09140383002, 71738.76824320502, -66079.41669824728, 38422.085777394735, -13119.647674167998, 2043.3637496048227, 61831.075272836846, -181997.0543966471, 169137.36423098727, -99649.1274731544, 34656.009192361766, -5528.639333376003, 135097.66480007675, -254314.5911766358, 152482.61668921623, -54254.799999788345, 8899.207755503332, 121765.29320006727, -149298.66471072068, 54573.08999948157, -9227.779514401405, 47002.09412142231, -35407.083823259054, 6176.658842048954, 6878.513492993084, -2472.271447646094, 228.02937553637105], [-3.291182663183088, 9.365542421976427, 79.83188891670729, 96.58890892341262, -242.98716195735466, 87.73470689515344, -38.430969032977494, 8.227440974642258, -0.0, 220.35082704552286, -2465.3503078834624, 6276.347877067555, -9436.869987753353, 9058.60520706505, -5546.683319542863, 2000.823970734691, -327.3164255532748, 6918.057951435081, -35470.173142159554, 53912.33128802344, -52523.25781969768, 32763.93543470419, -12081.061608197617, 2025.9348990155845, 45986.48016479982, -141983.800972521, 141020.28278656566, -89953.29670784312, 33990.70448968168, -5849.110141976412, 111739.35479662368, -226943.279837852, 148250.28200388988, -57401.09058178233, 10118.118388956298, 117975.42512787491, -157797.20364191316, 62485.212483874784, -11246.495886546214, 53931.65486075164, -43559.01238009799, 7976.447980531228, 8943.04271296068, -3321.195734815137, 311.80535032085015], [-1.9460494439038059, 9.135359809216768, -54.806413561367926, 277.8534583316296, -255.70551918436672, 150.05662100705175, -188.51199888036186, 75.43201367992991, -13.453021310835716, -36.069976788780735, 404.9006719830783, -841.154720479267, 658.5149261647042, 252.95660463282027, -845.6387530819803, 585.7828952105655, -143.35082274720907, -1086.025689630782, 4060.440829437475, -1870.6790056431385, -4175.3936165476125, 7157.354250471797, -4449.547333644257, 1045.7722683685267, -2564.935336794935, -5877.656636711118, 24065.753531768572, -28690.382486653518, 15987.986382352907, -3577.351037778945, 17190.002763703844, -66321.91889960607, 65381.171577348476, -33526.18314495472, 7180.460850589232, 50807.9426831066, -89913.33037534532, 43459.303922252, -8987.220297095933, 37259.08850732051, -34563.89778209597, 6959.262233118047, 7790.684026397985, -3075.9173309022876, 299.2744057252533], [0.0, -0.5257864316355787, -6.980260102344766, 50.063309874066825, -9.526540462990193, 195.4277530755425, -289.85885660530494, 76.86118898725331, -15.475048094714756, -313.9495925391243, 3521.7241302089737, -8638.140957951333, 11906.937313804268, -9821.085762572357, 4731.875592620529, -1171.514198319458, 97.57328055863184, -9810.01109757962, 47647.27951265324, -64701.33766123302, 52100.51133769649, -24044.999733197186, 5416.651069638551, -316.6154082461005, -56965.78323829267, 150979.1426256866, -116632.43838538128, 49594.327396533794, -8932.417076411746, -94.75976631898409, -96037.96928677183, 137491.20405195616, -48739.86178316286, 3197.764200394579, 1955.393299767024, -41479.79296473031, 14511.76450032351, 9298.066035301483, -4001.2934826522796, 7242.672449408744, -14452.170879797324, 3921.449056807343, 4309.057414889489, -1977.1649975143873, 207.9130277558476], [2.070037514328418, -15.057588792177159, 78.18251780911525, -176.78341481592318, 220.92495708376796, -32.51883681572439, 56.47037735142914, -128.90737349260345, -2.331083039690696, -429.8744024109576, 4822.006647346266, -11948.293864061226, 16867.964398222288, -14540.214878102968, 7566.302732633951, -2158.255397284358, 249.6005501161352, -13464.9724530958, 66358.59758633113, -92996.83725548534, 79359.71432662374, -40689.986777716986, 11331.916194013003, -1251.6944566925727, -81138.68961301749, 225071.51194608476, -189255.7471780016, 94880.40683756508, -25429.51677089502, 2590.5162233438077, -153811.6696589212, 253144.11865619075, -122595.85278944478, 30823.369068120777, -2675.9947773660983, -100732.95844749115, 92104.68583912376, -20493.009392967953, 1132.4571473789936, -18802.082450205893, 6044.918942699582, 301.64127587815915, 183.00728507310114, -487.99679729154855, 70.91163550078413], [2.615177638705389, -22.983485933801774, 132.10875464288583, -342.7459064480054, 519.1465721947791, -494.4071604444492, 420.0644868636739, -101.69652514913292, -109.50045948523287, -297.0716300471749, 3330.0152526290562, -8322.446769806973, 11996.1201736348, -10732.688497029776, 5929.0557684192645, -1856.951690366012, 250.7107160587764, -9315.186701656263, 46495.71018355262, -66972.86180127044, 59944.027974967714, -33181.98776379856, 10438.39266973633, -1421.1306901355297, -57973.548571224586, 167060.82114712015, -149823.86890546567, 83302.68438816092, -26417.084929394456, 3647.0109309234995, -120588.15353069552, 217254.08511685723, -121765.4351732485, 39127.322334854834, -5518.0871780897605, -98641.13405159001, 112020.67799623792, -36721.54800755864, 5337.236196645528, -32433.73757556889, 21870.889267636157, -3306.6296646079227, -3827.962782135756, 1214.6563080978, -101.90066224592904], [2.290154119379536, 67.41341028061612, -489.43631759876627, 1628.3917975115967, -3251.5475196851685, 4268.25185379863, -3775.644232799756, 2324.7696127804243, -772.160709499888, 46.111235175256, -520.987645633641, 1185.0512547571086, -1307.0740017082562, 543.2457972222593, 235.15764111000385, -319.9267000170787, 92.59998735541357, 1426.7208430464946, -6125.789931236441, 5834.194305614452, -734.7619896338703, -3378.3805005013883, 2801.728207740355, -731.4820533930265, 5728.3530529708705, -6218.178576262648, -9249.661280844384, 17428.954562388593, -11131.163777019148, 2660.4518308027664, -5837.69711040522, 39144.17381561211, -45161.32578904799, 24960.621059706704, -5588.4854646947615, -34959.269233501196, 66887.9210772654, -33902.12042670194, 7242.627540415483, -29083.030411896227, 27912.020006546303, -5767.347437773388, -6463.21858693124, 2608.9798671353547, -259.0114240440964]]",(x0)' = -1.514 1 +  795.237 x0 + -2452.485 x1 +  4088.584 x2 + -4708.107 x3 +  3634.066 x4 + -1833.928 x5 +  552.619 x6 + -76.016 x7 +  149.491 x0^2 + -1706.164 x0 x1 +  4293.870 x0 x2 + -6157.076 x0 x3 +  5423.475 x0 x4 + -2940.846 x0 x5 +  916.986 x0 x6 + -129.077 x0 x7 +  4852.581 x1^2 + -24327.466 x1 x2 +  34722.896 x1 x3 + -30434.569 x1 x4 +  16426.973 x1 x5 + -5109.121 x1 x6 +  721.687 x1 x7 +  30332.700 x2^2 + -86053.905 x2 x3 +  74916.903 x2 x4 + -40183.989 x2 x5 +  12461.244 x2 x6 + -1771.351 x2 x7 +  60576.298 x3^2 + -104617.656 x3 x4 +  55728.390 x3 x5 + -17261.219 x3 x6 +  2486.489 x3 x7 +  44801.445 x4^2 + -47495.250 x4 x5 +  14793.761 x4 x6 + -2191.849 x4 x7 +  12624.444 x5^2 + -8037.607 x5 x6 +  1256.108 x5 x7 +  1345.651 x6^2 + -456.815 x6 x7 +  42.570 x7^2 | (x1)' = -2.996 1 +  129.142 x0 + -11.097 x1 + -129.843 x2 +  60.305 x3 + -111.139 x4 +  101.441 x5 + -48.825 x6 +  10.031 x7 +  310.607 x0^2 + -3480.211 x0 x1 +  8742.193 x0 x2 + -12755.996 x0 x3 +  11684.518 x0 x4 + -6732.793 x0 x5 +  2267.971 x0 x6 + -346.553 x0 x7 +  9745.596 x1^2 + -49018.091 x1 x2 +  71738.768 x1 x3 + -66079.417 x1 x4 +  38422.086 x1 x5 + -13119.648 x1 x6 +  2043.364 x1 x7 +  61831.075 x2^2 + -181997.054 x2 x3 +  169137.364 x2 x4 + -99649.127 x2 x5 +  34656.009 x2 x6 + -5528.639 x2 x7 +  135097.665 x3^2 + -254314.591 x3 x4 +  152482.617 x3 x5 + -54254.800 x3 x6 +  8899.208 x3 x7 +  121765.293 x4^2 + -149298.665 x4 x5 +  54573.090 x4 x6 + -9227.780 x4 x7 +  47002.094 x5^2 + -35407.084 x5 x6 +  6176.659 x5 x7 +  6878.513 x6^2 + -2472.271 x6 x7 +  228.029 x7^2 | (x2)' = -3.291 1 +  9.366 x0 +  79.832 x1 +  96.589 x2 + -242.987 x3 +  87.735 x4 + -38.431 x5 +  8.227 x6 +  220.351 x0^2 + -2465.350 x0 x1 +  6276.348 x0 x2 + -9436.870 x0 x3 +  9058.605 x0 x4 + -5546.683 x0 x5 +  2000.824 x0 x6 + -327.316 x0 x7 +  6918.058 x1^2 + -35470.173 x1 x2 +  53912.331 x1 x3 + -52523.258 x1 x4 +  32763.935 x1 x5 + -12081.062 x1 x6 +  2025.935 x1 x7 +  45986.480 x2^2 + -141983.801 x2 x3 +  141020.283 x2 x4 + -89953.297 x2 x5 +  33990.704 x2 x6 + -5849.110 x2 x7 +  111739.355 x3^2 + -226943.280 x3 x4 +  148250.282 x3 x5 + -57401.091 x3 x6 +  10118.118 x3 x7 +  117975.425 x4^2 + -157797.204 x4 x5 +  62485.212 x4 x6 + -11246.496 x4 x7 +  53931.655 x5^2 + -43559.012 x5 x6 +  7976.448 x5 x7 +  8943.043 x6^2 + -3321.196 x6 x7 +  311.805 x7^2 | (x3)' = -1.946 1 +  9.135 x0 + -54.806 x1 +  277.853 x2 + -255.706 x3 +  150.057 x4 + -188.512 x5 +  75.432 x6 + -13.453 x7 + -36.070 x0^2 +  404.901 x0 x1 + -841.155 x0 x2 +  658.515 x0 x3 +  252.957 x0 x4 + -845.639 x0 x5 +  585.783 x0 x6 + -143.351 x0 x7 + -1086.026 x1^2 +  4060.441 x1 x2 + -1870.679 x1 x3 + -4175.394 x1 x4 +  7157.354 x1 x5 + -4449.547 x1 x6 +  1045.772 x1 x7 + -2564.935 x2^2 + -5877.657 x2 x3 +  24065.754 x2 x4 + -28690.382 x2 x5 +  15987.986 x2 x6 + -3577.351 x2 x7 +  17190.003 x3^2 + -66321.919 x3 x4 +  65381.172 x3 x5 + -33526.183 x3 x6 +  7180.461 x3 x7 +  50807.943 x4^2 + -89913.330 x4 x5 +  43459.304 x4 x6 + -8987.220 x4 x7 +  37259.089 x5^2 + -34563.898 x5 x6 +  6959.262 x5 x7 +  7790.684 x6^2 + -3075.917 x6 x7 +  299.274 x7^2 | (x4)' = -0.526 x0 + -6.980 x1 +  50.063 x2 + -9.527 x3 +  195.428 x4 + -289.859 x5 +  76.861 x6 + -15.475 x7 + -313.950 x0^2 +  3521.724 x0 x1 + -8638.141 x0 x2 +  11906.937 x0 x3 + -9821.086 x0 x4 +  4731.876 x0 x5 + -1171.514 x0 x6 +  97.573 x0 x7 + -9810.011 x1^2 +  47647.280 x1 x2 + -64701.338 x1 x3 +  52100.511 x1 x4 + -24045.000 x1 x5 +  5416.651 x1 x6 + -316.615 x1 x7 + -56965.783 x2^2 +  150979.143 x2 x3 + -116632.438 x2 x4 +  49594.327 x2 x5 + -8932.417 x2 x6 + -94.760 x2 x7 + -96037.969 x3^2 +  137491.204 x3 x4 + -48739.862 x3 x5 +  3197.764 x3 x6 +  1955.393 x3 x7 + -41479.793 x4^2 +  14511.765 x4 x5 +  9298.066 x4 x6 + -4001.293 x4 x7 +  7242.672 x5^2 + -14452.171 x5 x6 +  3921.449 x5 x7 +  4309.057 x6^2 + -1977.165 x6 x7 +  207.913 x7^2 | (x5)' =  2.070 1 + -15.058 x0 +  78.183 x1 + -176.783 x2 +  220.925 x3 + -32.519 x4 +  56.470 x5 + -128.907 x6 + -2.331 x7 + -429.874 x0^2 +  4822.007 x0 x1 + -11948.294 x0 x2 +  16867.964 x0 x3 + -14540.215 x0 x4 +  7566.303 x0 x5 + -2158.255 x0 x6 +  249.601 x0 x7 + -13464.972 x1^2 +  66358.598 x1 x2 + -92996.837 x1 x3 +  79359.714 x1 x4 + -40689.987 x1 x5 +  11331.916 x1 x6 + -1251.694 x1 x7 + -81138.690 x2^2 +  225071.512 x2 x3 + -189255.747 x2 x4 +  94880.407 x2 x5 + -25429.517 x2 x6 +  2590.516 x2 x7 + -153811.670 x3^2 +  253144.119 x3 x4 + -122595.853 x3 x5 +  30823.369 x3 x6 + -2675.995 x3 x7 + -100732.958 x4^2 +  92104.686 x4 x5 + -20493.009 x4 x6 +  1132.457 x4 x7 + -18802.082 x5^2 +  6044.919 x5 x6 +  301.641 x5 x7 +  183.007 x6^2 + -487.997 x6 x7 +  70.912 x7^2 | (x6)' =  2.615 1 + -22.983 x0 +  132.109 x1 + -342.746 x2 +  519.147 x3 + -494.407 x4 +  420.064 x5 + -101.697 x6 + -109.500 x7 + -297.072 x0^2 +  3330.015 x0 x1 + -8322.447 x0 x2 +  11996.120 x0 x3 + -10732.688 x0 x4 +  5929.056 x0 x5 + -1856.952 x0 x6 +  250.711 x0 x7 + -9315.187 x1^2 +  46495.710 x1 x2 + -66972.862 x1 x3 +  59944.028 x1 x4 + -33181.988 x1 x5 +  10438.393 x1 x6 + -1421.131 x1 x7 + -57973.549 x2^2 +  167060.821 x2 x3 + -149823.869 x2 x4 +  83302.684 x2 x5 + -26417.085 x2 x6 +  3647.011 x2 x7 + -120588.154 x3^2 +  217254.085 x3 x4 + -121765.435 x3 x5 +  39127.322 x3 x6 + -5518.087 x3 x7 + -98641.134 x4^2 +  112020.678 x4 x5 + -36721.548 x4 x6 +  5337.236 x4 x7 + -32433.738 x5^2 +  21870.889 x5 x6 + -3306.630 x5 x7 + -3827.963 x6^2 +  1214.656 x6 x7 + -101.901 x7^2 | (x7)' =  2.290 1 +  67.413 x0 + -489.436 x1 +  1628.392 x2 + -3251.548 x3 +  4268.252 x4 + -3775.644 x5 +  2324.770 x6 + -772.161 x7 +  46.111 x0^2 + -520.988 x0 x1 +  1185.051 x0 x2 + -1307.074 x0 x3 +  543.246 x0 x4 +  235.158 x0 x5 + -319.927 x0 x6 +  92.600 x0 x7 +  1426.721 x1^2 + -6125.790 x1 x2 +  5834.194 x1 x3 + -734.762 x1 x4 + -3378.381 x1 x5 +  2801.728 x1 x6 + -731.482 x1 x7 +  5728.353 x2^2 + -6218.179 x2 x3 + -9249.661 x2 x4 +  17428.955 x2 x5 + -11131.164 x2 x6 +  2660.452 x2 x7 + -5837.697 x3^2 +  39144.174 x3 x4 + -45161.326 x3 x5 +  24960.621 x3 x6 + -5588.485 x3 x7 + -34959.269 x4^2 +  66887.921 x4 x5 + -33902.120 x4 x6 +  7242.628 x4 x7 + -29083.030 x5^2 +  27912.020 x5 x6 + -5767.347 x5 x7 + -6463.219 x6^2 +  2608.980 x6 x7 + -259.011 x7^2
120,35.0,,,sr3,0.1,0.05,10.0,2,8,1,4.0,28.0,9,36.0,smoothed_finite_difference_savgol_order_3,success,,357,360,99.16666666666667,0.9910334227606654,"[""1"", ""x0"", ""x1"", ""x2"", ""x3"", ""x4"", ""x5"", ""x6"", ""x7"", ""x0^2"", ""x0 x1"", ""x0 x2"", ""x0 x3"", ""x0 x4"", ""x0 x5"", ""x0 x6"", ""x0 x7"", ""x1^2"", ""x1 x2"", ""x1 x3"", ""x1 x4"", ""x1 x5"", ""x1 x6"", ""x1 x7"", ""x2^2"", ""x2 x3"", ""x2 x4"", ""x2 x5"", ""x2 x6"", ""x2 x7"", ""x3^2"", ""x3 x4"", ""x3 x5"", ""x3 x6"", ""x3 x7"", ""x4^2"", ""x4 x5"", ""x4 x6"", ""x4 x7"", ""x5^2"", ""x5 x6"", ""x5 x7"", ""x6^2"", ""x6 x7"", ""x7^2""]","[[-2.014654314706734, 796.3307872428109, -2457.590891553449, 4098.768776834984, -4718.842135697108, 3639.6396306085007, -1834.2445024437018, 551.5403640037658, -75.63088523341166, 188.78718102405873, -2102.0771562847513, 5182.684513736944, -7309.685996108675, 6358.904954375784, -3420.8510402548363, 1064.608095638742, -150.969844681439, 5847.6903237655815, -28799.587626737084, 40560.36663306808, -35251.005558194236, 18980.903203106278, -5939.104243967155, 854.3831390587524, 35387.824986091735, -99448.33798944492, 86292.01882557853, -46513.60976766109, 14663.230073689161, -2151.2185062060257, 69697.09263334691, -120819.76299323679, 65332.517204913565, -20858.733130218632, 3150.159239248076, 52453.88191223682, -57246.5987800918, 18707.04710052864, -2951.2427496830974, 15953.587189121166, -10856.878850878116, 1820.6194790044672, 1962.6954754088429, -707.343415248933, 68.00570374883306], [-4.10010670420845, 131.25426672904553, -20.532466915611245, -112.52645084840684, 45.291726606517315, -108.20993063300871, 107.21604154292083, -53.8475905169237, 11.371535890644587, 390.7168834105914, -4287.415535179785, 10569.332172810766, -15176.810842977415, 13734.109323292845, -7863.229826367759, 2654.641639400656, -411.67415240573473, 11778.81617625485, -58269.75392165575, 84165.01674751285, -76881.95592598303, 44637.83169526713, -15368.135010096437, 2444.768876129607, 72494.23437552768, -211362.99981158302, 195704.07215699423, -115783.74309010178, 40852.750741176336, -6693.712058656985, 156119.07640754755, -294409.159730529, 178338.93797636777, -64749.84388096254, 10951.648421897402, 142064.49043221143, -177006.61546979478, 66314.1102976225, -11580.734685218958, 56884.166474320715, -44010.701089363334, 7919.046568275801, 8772.846872093192, -3239.1470472090377, 305.01803440328223], [-4.190015636129598, 10.84451477292363, 73.61783282055451, 106.5326691981762, -248.18551703893755, 82.49580558463148, -28.4394128627543, 1.9699463417787888, 0.0, 280.31128355784574, -3069.456944236097, 7657.117257668505, -11312.449607845923, 10721.6013693883, -6530.699659603969, 2368.249380472924, -394.72635363112823, 8442.808971256747, -42507.96720128864, 63673.93757338047, -61484.68855273675, 38322.28787391568, -14265.850310853315, 2444.756917022084, 54274.448368996505, -165764.81340049204, 163894.19211477894, -104911.56326889795, 40159.7642271092, -7072.579688583627, 129608.15920191343, -263205.5095122426, 173188.62653417597, -68081.04941994944, 12281.385146010314, 137337.29965533197, -185502.07819721682, 74631.66514878967, -13727.781862004847, 64085.742718904985, -52547.64142402385, 9809.495796608704, 10929.29204737063, -4124.198811651129, 391.9128005976211], [-2.0590217565516, 8.839714222719659, -52.657150393262114, 270.8400572416967, -242.44174912101113, 134.35290316453964, -176.85303461055457, 70.39414927597338, -12.474423949578338, -39.03317777800963, 434.53112773699945, -880.0772479841502, 614.5748620490173, 444.42639106857683, -1088.1769954092, 731.8311490982478, -179.2405973306032, -1152.6416147972136, 4151.081689105244, -1348.5557270488218, -5611.973945166733, 8811.006842556373, -5404.670151726759, 1275.0833856966049, -2293.3419563091543, -8626.09910010197, 29371.47650811217, -34110.551641684484, 18939.276016946285, -4261.8369704833485, 20927.907646135438, -77977.77847358999, 76099.8777147332, -39017.90818626787, 8405.711676784225, 58791.845065391084, -103439.3439101843, 50019.72117409401, -10396.16073578158, 42644.660329497, -39551.91091856801, 7993.780690395591, 8902.652355852568, -3523.237766511154, 343.0945800178725], [0.0, -2.7665052394983602, 4.114664872761156, 25.693188274078054, 20.973119600221914, 172.374675770799, -279.73841070049855, 74.71260907241295, -15.378695920534245, -387.98626434161946, 4266.860429537881, -10287.606374245195, 13968.990098064676, -11369.162429706377, 5410.825106983939, -1323.3870274897317, 108.79759455633656, -11674.16304293483, 55846.53091319919, -74876.17770826342, 59679.16964282937, -27345.59092780782, 6155.03070296196, -373.71223271509643, -65914.99468387896, 173013.41402324656, -132922.59201218066, 56666.22760461004, -10538.811322237976, 43.070948026539995, -109498.41289445823, 157310.08603238504, -57411.57987667115, 5265.221700611972, 1741.38235988208, -48820.13417571605, 21164.245099724907, 7528.477923280525, -3763.3633391681174, 5587.422595882709, -13385.27082447511, 3733.964035623073, 4090.1140088286, -1883.9865459715193, 197.10081931703394], [3.3515653708429345, -18.097965817905575, 92.69900723010986, -206.8682545727582, 255.05101475324855, -53.84934838255558, 62.088527857759345, -128.08530228091402, -2.959720755184553, -535.6824637330267, 5886.998796671237, -14326.802162687527, 19914.587237809006, -16952.814400479678, 8749.893134547432, -2495.6689718093953, 294.4037048986568, -16134.948970629908, 78260.67671590357, -108266.32664683195, 91559.48134306265, -46814.737315914084, 13164.334639131532, -1516.2250639361537, -94419.15519666286, 259403.95766325598, -217215.43521565656, 109474.86259423014, -30101.32159505438, 3331.6708233399468, -176401.1826465983, 291242.9092687289, -143689.68550693378, 38166.02030181457, -3953.907930298667, -117726.33942990472, 112455.62769709564, -28239.616759177876, 2589.368815581978, -25455.15782957435, 11527.761301316643, -786.5597510924943, -1011.8227251467152, 0.0, 20.621125482330903], [3.603710181988235, -25.04949563045038, 141.60760178513615, -361.16423502687195, 537.4097385392586, -502.15080866593576, 418.3780204467594, -98.6031031079534, -110.44258733068393, -372.6637409490122, 4091.12997703055, -10036.249338114307, 14238.593635077104, -12587.010801667484, 6913.032625319235, -2175.826811127827, 301.2701561822465, -11227.618251211508, 55125.84431083324, -78365.7320372253, 69556.7716328173, -38473.46052050258, 12250.932877274017, -1728.280047947043, -67791.52431872537, 193468.226754723, -172862.08378772612, 96649.51475366934, -31294.7029574271, 4528.23481353809, -138928.04340870844, 250853.75574281285, -142490.49410560261, 47215.95198148844, -7059.332684064463, -115013.1261658476, 133595.58927102218, -45633.22086299128, 7099.6377749244575, -39963.66359802251, 28347.107230493773, -4613.625774768531, -5251.133904374011, 1792.4844844064683, -160.28513053419104], [2.3102473077479964, 67.80206723241075, -491.86640224721225, 1635.4225720130255, -3263.6621055219666, 4281.606672595533, -3785.0306693719854, 2328.657582086962, -772.8917062585772, 53.74838790870403, -597.2966178567018, 1332.7083005242164, -1419.8743647853564, 506.2287661793481, 372.57801473510625, -420.6238691929217, 119.13291357743695, 1610.9313711836355, -6777.815592371002, 6155.617996032325, -174.37796759102477, -4404.423913668564, 3475.419006638313, -901.3867254705782, 6154.995872524948, -5683.455072855172, -12129.750957860553, 21039.132547679328, -13251.413012968997, 3167.946623840882, -7723.298595637935, 46566.76680628559, -52645.31088935188, 28955.888467225064, -6496.034971264074, -40466.516323765354, 76604.30862556152, -38709.44674462988, 8283.709678341418, -33012.61305960385, 31577.949254024577, -6529.022862946687, -7280.283490696658, 2936.84594578223, -290.9638004196891]]",(x0)' = -2.015 1 +  796.331 x0 + -2457.591 x1 +  4098.769 x2 + -4718.842 x3 +  3639.640 x4 + -1834.245 x5 +  551.540 x6 + -75.631 x7 +  188.787 x0^2 + -2102.077 x0 x1 +  5182.685 x0 x2 + -7309.686 x0 x3 +  6358.905 x0 x4 + -3420.851 x0 x5 +  1064.608 x0 x6 + -150.970 x0 x7 +  5847.690 x1^2 + -28799.588 x1 x2 +  40560.367 x1 x3 + -35251.006 x1 x4 +  18980.903 x1 x5 + -5939.104 x1 x6 +  854.383 x1 x7 +  35387.825 x2^2 + -99448.338 x2 x3 +  86292.019 x2 x4 + -46513.610 x2 x5 +  14663.230 x2 x6 + -2151.219 x2 x7 +  69697.093 x3^2 + -120819.763 x3 x4 +  65332.517 x3 x5 + -20858.733 x3 x6 +  3150.159 x3 x7 +  52453.882 x4^2 + -57246.599 x4 x5 +  18707.047 x4 x6 + -2951.243 x4 x7 +  15953.587 x5^2 + -10856.879 x5 x6 +  1820.619 x5 x7 +  1962.695 x6^2 + -707.343 x6 x7 +  68.006 x7^2 | (x1)' = -4.100 1 +  131.254 x0 + -20.532 x1 + -112.526 x2 +  45.292 x3 + -108.210 x4 +  107.216 x5 + -53.848 x6 +  11.372 x7 +  390.717 x0^2 + -4287.416 x0 x1 +  10569.332 x0 x2 + -15176.811 x0 x3 +  13734.109 x0 x4 + -7863.230 x0 x5 +  2654.642 x0 x6 + -411.674 x0 x7 +  11778.816 x1^2 + -58269.754 x1 x2 +  84165.017 x1 x3 + -76881.956 x1 x4 +  44637.832 x1 x5 + -15368.135 x1 x6 +  2444.769 x1 x7 +  72494.234 x2^2 + -211363.000 x2 x3 +  195704.072 x2 x4 + -115783.743 x2 x5 +  40852.751 x2 x6 + -6693.712 x2 x7 +  156119.076 x3^2 + -294409.160 x3 x4 +  178338.938 x3 x5 + -64749.844 x3 x6 +  10951.648 x3 x7 +  142064.490 x4^2 + -177006.615 x4 x5 +  66314.110 x4 x6 + -11580.735 x4 x7 +  56884.166 x5^2 + -44010.701 x5 x6 +  7919.047 x5 x7 +  8772.847 x6^2 + -3239.147 x6 x7 +  305.018 x7^2 | (x2)' = -4.190 1 +  10.845 x0 +  73.618 x1 +  106.533 x2 + -248.186 x3 +  82.496 x4 + -28.439 x5 +  1.970 x6 +  280.311 x0^2 + -3069.457 x0 x1 +  7657.117 x0 x2 + -11312.450 x0 x3 +  10721.601 x0 x4 + -6530.700 x0 x5 +  2368.249 x0 x6 + -394.726 x0 x7 +  8442.809 x1^2 + -42507.967 x1 x2 +  63673.938 x1 x3 + -61484.689 x1 x4 +  38322.288 x1 x5 + -14265.850 x1 x6 +  2444.757 x1 x7 +  54274.448 x2^2 + -165764.813 x2 x3 +  163894.192 x2 x4 + -104911.563 x2 x5 +  40159.764 x2 x6 + -7072.580 x2 x7 +  129608.159 x3^2 + -263205.510 x3 x4 +  173188.627 x3 x5 + -68081.049 x3 x6 +  12281.385 x3 x7 +  137337.300 x4^2 + -185502.078 x4 x5 +  74631.665 x4 x6 + -13727.782 x4 x7 +  64085.743 x5^2 + -52547.641 x5 x6 +  9809.496 x5 x7 +  10929.292 x6^2 + -4124.199 x6 x7 +  391.913 x7^2 | (x3)' = -2.059 1 +  8.840 x0 + -52.657 x1 +  270.840 x2 + -242.442 x3 +  134.353 x4 + -176.853 x5 +  70.394 x6 + -12.474 x7 + -39.033 x0^2 +  434.531 x0 x1 + -880.077 x0 x2 +  614.575 x0 x3 +  444.426 x0 x4 + -1088.177 x0 x5 +  731.831 x0 x6 + -179.241 x0 x7 + -1152.642 x1^2 +  4151.082 x1 x2 + -1348.556 x1 x3 + -5611.974 x1 x4 +  8811.007 x1 x5 + -5404.670 x1 x6 +  1275.083 x1 x7 + -2293.342 x2^2 + -8626.099 x2 x3 +  29371.477 x2 x4 + -34110.552 x2 x5 +  18939.276 x2 x6 + -4261.837 x2 x7 +  20927.908 x3^2 + -77977.778 x3 x4 +  76099.878 x3 x5 + -39017.908 x3 x6 +  8405.712 x3 x7 +  58791.845 x4^2 + -103439.344 x4 x5 +  50019.721 x4 x6 + -10396.161 x4 x7 +  42644.660 x5^2 + -39551.911 x5 x6 +  7993.781 x5 x7 +  8902.652 x6^2 + -3523.238 x6 x7 +  343.095 x7^2 | (x4)' = -2.767 x0 +  4.115 x1 +  25.693 x2 +  20.973 x3 +  172.375 x4 + -279.738 x5 +  74.713 x6 + -15.379 x7 + -387.986 x0^2 +  4266.860 x0 x1 + -10287.606 x0 x2 +  13968.990 x0 x3 + -11369.162 x0 x4 +  5410.825 x0 x5 + -1323.387 x0 x6 +  108.798 x0 x7 + -11674.163 x1^2 +  55846.531 x1 x2 + -74876.178 x1 x3 +  59679.170 x1 x4 + -27345.591 x1 x5 +  6155.031 x1 x6 + -373.712 x1 x7 + -65914.995 x2^2 +  173013.414 x2 x3 + -132922.592 x2 x4 +  56666.228 x2 x5 + -10538.811 x2 x6 +  43.071 x2 x7 + -109498.413 x3^2 +  157310.086 x3 x4 + -57411.580 x3 x5 +  5265.222 x3 x6 +  1741.382 x3 x7 + -48820.134 x4^2 +  21164.245 x4 x5 +  7528.478 x4 x6 + -3763.363 x4 x7 +  5587.423 x5^2 + -13385.271 x5 x6 +  3733.964 x5 x7 +  4090.114 x6^2 + -1883.987 x6 x7 +  197.101 x7^2 | (x5)' =  3.352 1 + -18.098 x0 +  92.699 x1 + -206.868 x2 +  255.051 x3 + -53.849 x4 +  62.089 x5 + -128.085 x6 + -2.960 x7 + -535.682 x0^2 +  5886.999 x0 x1 + -14326.802 x0 x2 +  19914.587 x0 x3 + -16952.814 x0 x4 +  8749.893 x0 x5 + -2495.669 x0 x6 +  294.404 x0 x7 + -16134.949 x1^2 +  78260.677 x1 x2 + -108266.327 x1 x3 +  91559.481 x1 x4 + -46814.737 x1 x5 +  13164.335 x1 x6 + -1516.225 x1 x7 + -94419.155 x2^2 +  259403.958 x2 x3 + -217215.435 x2 x4 +  109474.863 x2 x5 + -30101.322 x2 x6 +  3331.671 x2 x7 + -176401.183 x3^2 +  291242.909 x3 x4 + -143689.686 x3 x5 +  38166.020 x3 x6 + -3953.908 x3 x7 + -117726.339 x4^2 +  112455.628 x4 x5 + -28239.617 x4 x6 +  2589.369 x4 x7 + -25455.158 x5^2 +  11527.761 x5 x6 + -786.560 x5 x7 + -1011.823 x6^2 +  20.621 x7^2 | (x6)' =  3.604 1 + -25.049 x0 +  141.608 x1 + -361.164 x2 +  537.410 x3 + -502.151 x4 +  418.378 x5 + -98.603 x6 + -110.443 x7 + -372.664 x0^2 +  4091.130 x0 x1 + -10036.249 x0 x2 +  14238.594 x0 x3 + -12587.011 x0 x4 +  6913.033 x0 x5 + -2175.827 x0 x6 +  301.270 x0 x7 + -11227.618 x1^2 +  55125.844 x1 x2 + -78365.732 x1 x3 +  69556.772 x1 x4 + -38473.461 x1 x5 +  12250.933 x1 x6 + -1728.280 x1 x7 + -67791.524 x2^2 +  193468.227 x2 x3 + -172862.084 x2 x4 +  96649.515 x2 x5 + -31294.703 x2 x6 +  4528.235 x2 x7 + -138928.043 x3^2 +  250853.756 x3 x4 + -142490.494 x3 x5 +  47215.952 x3 x6 + -7059.333 x3 x7 + -115013.126 x4^2 +  133595.589 x4 x5 + -45633.221 x4 x6 +  7099.638 x4 x7 + -39963.664 x5^2 +  28347.107 x5 x6 + -4613.626 x5 x7 + -5251.134 x6^2 +  1792.484 x6 x7 + -160.285 x7^2 | (x7)' =  2.310 1 +  67.802 x0 + -491.866 x1 +  1635.423 x2 + -3263.662 x3 +  4281.607 x4 + -3785.031 x5 +  2328.658 x6 + -772.892 x7 +  53.748 x0^2 + -597.297 x0 x1 +  1332.708 x0 x2 + -1419.874 x0 x3 +  506.229 x0 x4 +  372.578 x0 x5 + -420.624 x0 x6 +  119.133 x0 x7 +  1610.931 x1^2 + -6777.816 x1 x2 +  6155.618 x1 x3 + -174.378 x1 x4 + -4404.424 x1 x5 +  3475.419 x1 x6 + -901.387 x1 x7 +  6154.996 x2^2 + -5683.455 x2 x3 + -12129.751 x2 x4 +  21039.133 x2 x5 + -13251.413 x2 x6 +  3167.947 x2 x7 + -7723.299 x3^2 +  46566.767 x3 x4 + -52645.311 x3 x5 +  28955.888 x3 x6 + -6496.035 x3 x7 + -40466.516 x4^2 +  76604.309 x4 x5 + -38709.447 x4 x6 +  8283.710 x4 x7 + -33012.613 x5^2 +  31577.949 x5 x6 + -6529.023 x5 x7 + -7280.283 x6^2 +  2936.846 x6 x7 + -290.964 x7^2
121,35.0,,,sr3,0.1,0.05,0.01,2,8,2,8.0,56.0,0,0.0,finite_difference,success,,338,360,93.88888888888889,0.6632699184119701,"[""1"", ""x0"", ""x1"", ""x2"", ""x3"", ""x4"", ""x5"", ""x6"", ""x7"", ""x0^2"", ""x0 x1"", ""x0 x2"", ""x0 x3"", ""x0 x4"", ""x0 x5"", ""x0 x6"", ""x0 x7"", ""x1^2"", ""x1 x2"", ""x1 x3"", ""x1 x4"", ""x1 x5"", ""x1 x6"", ""x1 x7"", ""x2^2"", ""x2 x3"", ""x2 x4"", ""x2 x5"", ""x2 x6"", ""x2 x7"", ""x3^2"", ""x3 x4"", ""x3 x5"", ""x3 x6"", ""x3 x7"", ""x4^2"", ""x4 x5"", ""x4 x6"", ""x4 x7"", ""x5^2"", ""x5 x6"", ""x5 x7"", ""x6^2"", ""x6 x7"", ""x7^2""]","[[-17.080763951615143, 209.50154827485903, -406.44652624546706, 379.15871579784925, -331.10261390831124, 240.6465974769211, -138.37661648522845, 57.21556452050069, -11.885584916632016, -0.3089638527840384, 2.016869988618029, -3.3220179032045642, 3.7594431732035694, -3.0869919534067694, 1.9257792619312837, -0.8201688186871529, 0.1886792480187522, -2.7671272083132403, 8.316314950231178, -9.137573941030928, 7.364751164347211, -4.573438284569727, 1.9176829898351833, -0.4654050970989503, -5.9410856992272025, 12.911716083296078, -10.399324636565403, 6.541887006587875, -2.807187089838229, 0.7581586003573347, -6.941281076238812, 11.157057112686731, -7.133613258635213, 3.209721951050013, -0.9882130565644862, -4.552299885409367, 6.0350837648768305, -2.89678484258314, 1.003293727448072, -2.0691016646590747, 2.099218250124557, -0.7952646376791864, -0.5865515271340571, 0.48208383481325695, -0.09218197851685378], [2.254318918366406, 44.316797661427174, 75.1938581723634, -181.8483852777673, 104.73117717601993, -67.19999408850117, 36.64502211792467, -14.861124853653749, 3.2227199669602973, 0.06667547562412186, -0.3983473133472669, 0.6202899265904616, -0.6757779247620105, 0.5395534627290111, -0.328805536959221, 0.13517874641205432, -0.0, 0.5160588181185283, -1.4894204847058836, 1.5890664672705817, -1.2559568074210778, 0.7704704961595276, -0.3162546518250447, 0.07872677592034102, 1.0420447548514948, -2.230202884470138, 1.785223119778614, -1.1270729940768693, 0.48439540151050897, -0.13861105205452287, 1.1901108914519767, -1.9195859963725506, 1.2496623073266926, -0.5754238266408653, 0.1905591421897872, 0.8009956087503219, -1.1052753851399133, 0.5553351921446189, -0.20613727054187359, 0.3995500260641975, -0.4277149311810849, 0.17131361130413478, 0.12624097008210874, -0.10755511322479425, 0.0], [-0.8592223966970091, -7.538712747095317, 67.65055206864594, 35.26206270992847, -131.53969193001168, 54.378632245063486, -26.20548281011338, 10.096602758705055, -2.1901473661196933, -0.0, 0.1643485388965284, -0.2534696751496318, 0.2734523870039692, -0.21584297176564612, 0.13064720049467665, -0.05201105571787303, 0.0, -0.20623295220142993, 0.5936209432611499, -0.6339939155166411, 0.5027981805347602, -0.3127198970036984, 0.12824903466618046, -0.0, -0.42378225863345675, 0.9259535883893313, -0.7603495366087374, 0.4962298593705224, -0.220455533749167, 0.06937706587490161, -0.509915755562908, 0.85758714639526, -0.5858838349903732, 0.2855812789260475, -0.10399047491850617, -0.38320579003919436, 0.564263313678278, -0.3038733630303728, 0.12111481912633537, -0.2172645720998117, 0.247771715469638, -0.1041160870993929, -0.07685538304722053, 0.06677140055750772, -0.0], [0.4924207467219009, 3.314759766934703, -18.127163445514604, 86.37657903123964, 10.713185477019044, -105.79993338094619, 32.25648906268435, -10.94883365122358, 2.2734560639552104, 0.0, -0.1047251117675588, 0.15636606441311948, -0.16215524899228634, 0.12425840327941975, -0.07432163081114448, 0.0, -0.0, 0.1276712669730259, -0.3603503604911517, 0.3738968430990381, -0.2942592168896375, 0.18774000517401923, -0.08308947007275656, 0.0, 0.25803853447948116, -0.5550270260430522, 0.4610260531128358, -0.3157875287002609, 0.15519651822070546, -0.05948776403676662, 0.3003921856834659, -0.5153978069917472, 0.37422059278404407, -0.20241078628120154, 0.08691136332527595, 0.24079982806208988, -0.3804987722730905, 0.2243713500760357, -0.10072936443833182, 0.15528683575262478, -0.19052336732005498, 0.0874932728599806, 0.062520773267546, -0.05731675974898522, 0.0], [-0.5196461119995166, -2.2725060388463905, 10.927133916883038, -32.1928437503258, 105.70673528340052, -10.610044786780794, -86.45883419090066, 18.160241282432413, -3.3199921332054076, -0.0, 0.08123077219416441, -0.1176260517662653, 0.11703894248316477, -0.0874757156190508, 0.052621900873237495, -0.0, 0.0, -0.094960568011654, 0.2603728327645297, -0.2614484904806655, 0.20781711023031385, -0.14121235334516688, 0.0705577419158319, -0.0, -0.18281668929037795, 0.3846544359782358, -0.3342792370356412, 0.2528811133595631, -0.14442370768225976, 0.06238721138692769, -0.2049070578144497, 0.38454750184579595, -0.32091862177624275, 0.2058962273589187, -0.09664944684121601, -0.20808823058515866, 0.37773759562155895, -0.2552369291483353, 0.1188801247675544, -0.17060281326408785, 0.23051368739059802, -0.10649602803568742, -0.07968774481572839, 0.07144509155086874, -0.0], [0.608269404705689, 2.1901715952197316, -10.084445828385034, 26.155119241246176, -54.29815207326983, 131.4497806224072, -35.200066131484235, -67.66209877571853, 7.535445462445759, 0.0, -0.09186603196494227, 0.13697357483183106, -0.14297225683911258, 0.11619796119990766, -0.07438335032390027, 0.0, -0.0, 0.1117425966383571, -0.3277353403276925, 0.36040830696799947, -0.32484239560746336, 0.23494828975813123, -0.1231000820693363, 0.047824781017658115, 0.25324244467028684, -0.593830951781418, 0.5833414331319263, -0.45425593951999077, 0.262105578676886, -0.10953122186167383, 0.35959432059801744, -0.7553748042030118, 0.6261702613573171, -0.3932580968831099, 0.173403591929799, 0.4308129448054001, -0.7459933583680931, 0.4860670155152781, -0.21322816946906656, 0.32103934905477916, -0.42303323708009, 0.18704569617274677, 0.14375175623077255, -0.12434097269889895, 0.0], [-1.6376701087251884, -3.2109302538810067, 14.789611289162526, -36.47011039396761, 66.98619682664078, -104.53774247539225, 181.7315004293763, -75.18535577073376, -44.3014244599232, -0.0, 0.16178243640655915, -0.24596452768040042, 0.26459336587412385, -0.22731959882258637, 0.1505375748287989, -0.07203644704747378, 0.0, -0.20938075406409748, 0.640858152362325, -0.7427498595246032, 0.7149457850713982, -0.5315702746407526, 0.2931108640317107, -0.1141778849601901, -0.5199095274605695, 1.2839759228572267, -1.3312402695917254, 1.050736455997193, -0.6278452948069377, 0.25911492660703994, -0.8194772773740255, 1.7951609766899357, -1.4860823331938617, 0.9486096266284577, -0.4076161045436482, -1.0391667392245667, 1.7689278983710544, -1.1575216873216105, 0.4941878013842582, -0.7493520430859132, 0.9963107895047832, -0.4297662904193301, -0.3398131131295698, 0.2838233343757511, -0.051807866764689244], [11.71938351240903, 11.866352484255382, -57.009707676780955, 137.81014591764392, -240.02206632612013, 330.6294798426315, -379.07723784372206, 406.8056288226372, -209.7134647888681, 0.13618780687228862, -0.7960535196703812, 1.2327325067042831, -1.3588277100691832, 1.20905023991293, -0.8202986391717993, 0.4121768945476024, -0.14375258530552856, 1.0733049151997132, -3.3799321807242726, 4.037257537647397, -4.011097079269391, 3.03748849365765, -1.746788678942636, 0.6727132483579401, 2.8062589814041266, -7.108249387315834, 7.561210822423093, -6.062544450817659, 3.7642295819516436, -1.5263406615514505, 4.653921401699468, -10.402814314714691, 8.708874271257162, -5.728812358099619, 2.399184322311006, 6.062977022652775, -10.355842237687414, 6.923999447529593, -2.8736549673323912, 4.404052794767125, -5.9622089942496235, 2.4810781031410825, 2.031231578750773, -1.6052407583796693, 0.2716342115004786]]",(x0)' = -17.081 1 +  209.502 x0 + -406.447 x1 +  379.159 x2 + -331.103 x3 +  240.647 x4 + -138.377 x5 +  57.216 x6 + -11.886 x7 + -0.309 x0^2 +  2.017 x0 x1 + -3.322 x0 x2 +  3.759 x0 x3 + -3.087 x0 x4 +  1.926 x0 x5 + -0.820 x0 x6 +  0.189 x0 x7 + -2.767 x1^2 +  8.316 x1 x2 + -9.138 x1 x3 +  7.365 x1 x4 + -4.573 x1 x5 +  1.918 x1 x6 + -0.465 x1 x7 + -5.941 x2^2 +  12.912 x2 x3 + -10.399 x2 x4 +  6.542 x2 x5 + -2.807 x2 x6 +  0.758 x2 x7 + -6.941 x3^2 +  11.157 x3 x4 + -7.134 x3 x5 +  3.210 x3 x6 + -0.988 x3 x7 + -4.552 x4^2 +  6.035 x4 x5 + -2.897 x4 x6 +  1.003 x4 x7 + -2.069 x5^2 +  2.099 x5 x6 + -0.795 x5 x7 + -0.587 x6^2 +  0.482 x6 x7 + -0.092 x7^2 | (x1)' =  2.254 1 +  44.317 x0 +  75.194 x1 + -181.848 x2 +  104.731 x3 + -67.200 x4 +  36.645 x5 + -14.861 x6 +  3.223 x7 +  0.067 x0^2 + -0.398 x0 x1 +  0.620 x0 x2 + -0.676 x0 x3 +  0.540 x0 x4 + -0.329 x0 x5 +  0.135 x0 x6 +  0.516 x1^2 + -1.489 x1 x2 +  1.589 x1 x3 + -1.256 x1 x4 +  0.770 x1 x5 + -0.316 x1 x6 +  0.079 x1 x7 +  1.042 x2^2 + -2.230 x2 x3 +  1.785 x2 x4 + -1.127 x2 x5 +  0.484 x2 x6 + -0.139 x2 x7 +  1.190 x3^2 + -1.920 x3 x4 +  1.250 x3 x5 + -0.575 x3 x6 +  0.191 x3 x7 +  0.801 x4^2 + -1.105 x4 x5 +  0.555 x4 x6 + -0.206 x4 x7 +  0.400 x5^2 + -0.428 x5 x6 +  0.171 x5 x7 +  0.126 x6^2 + -0.108 x6 x7 | (x2)' = -0.859 1 + -7.539 x0 +  67.651 x1 +  35.262 x2 + -131.540 x3 +  54.379 x4 + -26.205 x5 +  10.097 x6 + -2.190 x7 +  0.164 x0 x1 + -0.253 x0 x2 +  0.273 x0 x3 + -0.216 x0 x4 +  0.131 x0 x5 + -0.052 x0 x6 + -0.206 x1^2 +  0.594 x1 x2 + -0.634 x1 x3 +  0.503 x1 x4 + -0.313 x1 x5 +  0.128 x1 x6 + -0.424 x2^2 +  0.926 x2 x3 + -0.760 x2 x4 +  0.496 x2 x5 + -0.220 x2 x6 +  0.069 x2 x7 + -0.510 x3^2 +  0.858 x3 x4 + -0.586 x3 x5 +  0.286 x3 x6 + -0.104 x3 x7 + -0.383 x4^2 +  0.564 x4 x5 + -0.304 x4 x6 +  0.121 x4 x7 + -0.217 x5^2 +  0.248 x5 x6 + -0.104 x5 x7 + -0.077 x6^2 +  0.067 x6 x7 | (x3)' =  0.492 1 +  3.315 x0 + -18.127 x1 +  86.377 x2 +  10.713 x3 + -105.800 x4 +  32.256 x5 + -10.949 x6 +  2.273 x7 + -0.105 x0 x1 +  0.156 x0 x2 + -0.162 x0 x3 +  0.124 x0 x4 + -0.074 x0 x5 +  0.128 x1^2 + -0.360 x1 x2 +  0.374 x1 x3 + -0.294 x1 x4 +  0.188 x1 x5 + -0.083 x1 x6 +  0.258 x2^2 + -0.555 x2 x3 +  0.461 x2 x4 + -0.316 x2 x5 +  0.155 x2 x6 + -0.059 x2 x7 +  0.300 x3^2 + -0.515 x3 x4 +  0.374 x3 x5 + -0.202 x3 x6 +  0.087 x3 x7 +  0.241 x4^2 + -0.380 x4 x5 +  0.224 x4 x6 + -0.101 x4 x7 +  0.155 x5^2 + -0.191 x5 x6 +  0.087 x5 x7 +  0.063 x6^2 + -0.057 x6 x7 | (x4)' = -0.520 1 + -2.273 x0 +  10.927 x1 + -32.193 x2 +  105.707 x3 + -10.610 x4 + -86.459 x5 +  18.160 x6 + -3.320 x7 +  0.081 x0 x1 + -0.118 x0 x2 +  0.117 x0 x3 + -0.087 x0 x4 +  0.053 x0 x5 + -0.095 x1^2 +  0.260 x1 x2 + -0.261 x1 x3 +  0.208 x1 x4 + -0.141 x1 x5 +  0.071 x1 x6 + -0.183 x2^2 +  0.385 x2 x3 + -0.334 x2 x4 +  0.253 x2 x5 + -0.144 x2 x6 +  0.062 x2 x7 + -0.205 x3^2 +  0.385 x3 x4 + -0.321 x3 x5 +  0.206 x3 x6 + -0.097 x3 x7 + -0.208 x4^2 +  0.378 x4 x5 + -0.255 x4 x6 +  0.119 x4 x7 + -0.171 x5^2 +  0.231 x5 x6 + -0.106 x5 x7 + -0.080 x6^2 +  0.071 x6 x7 | (x5)' =  0.608 1 +  2.190 x0 + -10.084 x1 +  26.155 x2 + -54.298 x3 +  131.450 x4 + -35.200 x5 + -67.662 x6 +  7.535 x7 + -0.092 x0 x1 +  0.137 x0 x2 + -0.143 x0 x3 +  0.116 x0 x4 + -0.074 x0 x5 +  0.112 x1^2 + -0.328 x1 x2 +  0.360 x1 x3 + -0.325 x1 x4 +  0.235 x1 x5 + -0.123 x1 x6 +  0.048 x1 x7 +  0.253 x2^2 + -0.594 x2 x3 +  0.583 x2 x4 + -0.454 x2 x5 +  0.262 x2 x6 + -0.110 x2 x7 +  0.360 x3^2 + -0.755 x3 x4 +  0.626 x3 x5 + -0.393 x3 x6 +  0.173 x3 x7 +  0.431 x4^2 + -0.746 x4 x5 +  0.486 x4 x6 + -0.213 x4 x7 +  0.321 x5^2 + -0.423 x5 x6 +  0.187 x5 x7 +  0.144 x6^2 + -0.124 x6 x7 | (x6)' = -1.638 1 + -3.211 x0 +  14.790 x1 + -36.470 x2 +  66.986 x3 + -104.538 x4 +  181.732 x5 + -75.185 x6 + -44.301 x7 +  0.162 x0 x1 + -0.246 x0 x2 +  0.265 x0 x3 + -0.227 x0 x4 +  0.151 x0 x5 + -0.072 x0 x6 + -0.209 x1^2 +  0.641 x1 x2 + -0.743 x1 x3 +  0.715 x1 x4 + -0.532 x1 x5 +  0.293 x1 x6 + -0.114 x1 x7 + -0.520 x2^2 +  1.284 x2 x3 + -1.331 x2 x4 +  1.051 x2 x5 + -0.628 x2 x6 +  0.259 x2 x7 + -0.819 x3^2 +  1.795 x3 x4 + -1.486 x3 x5 +  0.949 x3 x6 + -0.408 x3 x7 + -1.039 x4^2 +  1.769 x4 x5 + -1.158 x4 x6 +  0.494 x4 x7 + -0.749 x5^2 +  0.996 x5 x6 + -0.430 x5 x7 + -0.340 x6^2 +  0.284 x6 x7 + -0.052 x7^2 | (x7)' =  11.719 1 +  11.866 x0 + -57.010 x1 +  137.810 x2 + -240.022 x3 +  330.629 x4 + -379.077 x5 +  406.806 x6 + -209.713 x7 +  0.136 x0^2 + -0.796 x0 x1 +  1.233 x0 x2 + -1.359 x0 x3 +  1.209 x0 x4 + -0.820 x0 x5 +  0.412 x0 x6 + -0.144 x0 x7 +  1.073 x1^2 + -3.380 x1 x2 +  4.037 x1 x3 + -4.011 x1 x4 +  3.037 x1 x5 + -1.747 x1 x6 +  0.673 x1 x7 +  2.806 x2^2 + -7.108 x2 x3 +  7.561 x2 x4 + -6.063 x2 x5 +  3.764 x2 x6 + -1.526 x2 x7 +  4.654 x3^2 + -10.403 x3 x4 +  8.709 x3 x5 + -5.729 x3 x6 +  2.399 x3 x7 +  6.063 x4^2 + -10.356 x4 x5 +  6.924 x4 x6 + -2.874 x4 x7 +  4.404 x5^2 + -5.962 x5 x6 +  2.481 x5 x7 +  2.031 x6^2 + -1.605 x6 x7 +  0.272 x7^2
122,35.0,,,sr3,0.1,0.05,0.1,2,8,2,8.0,56.0,0,0.0,finite_difference,success,,284,360,78.88888888888889,0.6483487794175744,"[""1"", ""x0"", ""x1"", ""x2"", ""x3"", ""x4"", ""x5"", ""x6"", ""x7"", ""x0^2"", ""x0 x1"", ""x0 x2"", ""x0 x3"", ""x0 x4"", ""x0 x5"", ""x0 x6"", ""x0 x7"", ""x1^2"", ""x1 x2"", ""x1 x3"", ""x1 x4"", ""x1 x5"", ""x1 x6"", ""x1 x7"", ""x2^2"", ""x2 x3"", ""x2 x4"", ""x2 x5"", ""x2 x6"", ""x2 x7"", ""x3^2"", ""x3 x4"", ""x3 x5"", ""x3 x6"", ""x3 x7"", ""x4^2"", ""x4 x5"", ""x4 x6"", ""x4 x7"", ""x5^2"", ""x5 x6"", ""x5 x7"", ""x6^2"", ""x6 x7"", ""x7^2""]","[[-17.080764081630353, 209.50154827486, -406.4465262446828, 379.15871579440267, -331.1026139008581, 240.64659746567082, -138.3766164735975, 57.215564511658584, -11.885584912804182, -0.30896385077089894, 2.01686997448931, -3.3220178753846863, 3.7594431346582864, -3.0869919128555585, 1.9257792293846852, -0.8201687999924705, 0.1886792420337763, -2.767127183718317, 8.316314853729551, -9.137573807416878, 7.364751023656289, -4.573438171402535, 1.9176829245984361, -0.46540507609837045, -5.941085604653872, 12.911715820957884, -10.399324359284362, 6.541886782328579, -2.807186959678169, 0.7581585581605559, -6.941280893738149, 11.157056725089278, -7.133612943261269, 3.2097217666934506, -0.9882129963549054, -4.5522996785099235, 6.035083426135058, -2.8967846432066042, 1.0032936618735935, -2.0691015252178664, 2.099218085042967, -0.7952645830447859, -0.5865514780650017, 0.48208380220500585, -0.0], [2.2543223242058392, 44.31679764243072, 75.19385821136359, -181.84838529130693, 104.73117711866546, -67.19999395175094, 36.645021958141136, -14.861124726964773, 3.2227199097518717, 0.0, -0.39834675117087975, 0.6202888087065863, -0.6757763510240391, 0.5395517742690764, -0.3288041562610179, 0.0, -0.0, 0.5160578357425136, -1.4894165998073639, 1.5890610166998325, -1.2559509718856456, 0.7704657288446989, -0.3162518880419914, 0.0, 1.0420409422759558, -2.2301922547405675, 1.7852118010664333, -1.1270637874849354, 0.48439008154432606, -0.0, 1.1901035320965891, -1.9195704241611213, 1.2496497135820315, -0.5754165858338443, 0.19055685849197396, 0.8009874282422003, -1.1052622445218843, 0.5553276860057755, -0.20613491484658367, 0.39954478969740714, -0.42770899659558603, 0.17131176044263868, 0.0, -0.0, 0.0], [-0.859229142883459, -7.538712723604666, 67.65055202816447, 35.2620626826762, -131.53969175554056, 54.37863192506365, -26.20548245883724, 10.096602489329886, -2.190147249442332, -0.0, 0.16434738461293708, -0.25346735477688515, 0.2734491021154658, -0.21583945358768467, 0.0, -0.0, 0.0, -0.2062309117934091, 0.593612823062742, -0.6339824967593065, 0.5027860030549498, -0.31271006280802754, 0.0, -0.0, -0.42377426182962924, 0.9259312794188885, -0.7603258906899697, 0.4962108392682718, -0.22044473949277105, 0.0, -0.5099003121430978, 0.8575546171294489, -0.5858577970410598, 0.2855665450242916, -0.0, -0.3831887705562256, 0.5642362277416263, -0.30385810731395063, 0.0, -0.2172538665945713, 0.24775973348945737, -0.0, -0.0, 0.0, -0.0], [0.4924281174495277, 3.3147596711002834, -18.127163234713656, 86.37657881652956, 10.713185583653491, -105.79993333316625, 32.25648891925365, -10.948833501344316, 2.273455991763953, 0.0, -0.0, 0.15636329431346446, -0.16215157679340897, 0.0, -0.0, 0.0, -0.0, 0.0, -0.36034100845903577, 0.3738844335432774, -0.2942467346051035, 0.18773049493474422, -0.0, 0.0, 0.2580297600895691, -0.5550037232482105, 0.4610025487565634, -0.31576953224190657, 0.15518677375372966, -0.0, 0.30037669871755573, -0.5153665032976267, 0.374196544638995, -0.20239770211331673, 0.0, 0.24078398456016187, -0.380474386341218, 0.2243580495598211, -0.0, 0.15527744677131855, -0.19051312456423697, 0.0, 0.0, -0.0, 0.0], [-0.5196598742554381, -2.2725058127083204, 10.927133398622026, -32.19284317968946, 105.70673490186417, -10.610044696415438, -86.45883407036266, 18.160241100989587, -3.3199920388919737, -0.0, 0.0, -0.0, 0.0, -0.0, 0.0, -0.0, 0.0, -0.0, 0.2603529150625999, -0.26142221844772423, 0.20779084153210226, -0.0, 0.0, -0.0, -0.18279820612117437, 0.3846058739220137, -0.3342307775761668, 0.25284442577759325, -0.14440411980332216, 0.0, -0.20487527601161543, 0.3844842239786741, -0.32087075150324756, 0.2058706402640663, -0.0, -0.2080568063150242, 0.3776901264444347, -0.25521156500649683, 0.0, -0.17058492411622814, 0.23049460484385767, -0.0, -0.0, 0.0, -0.0], [0.6082762433779656, 2.190171431335102, -10.08444544301951, 26.15511877269786, -54.298151672663174, 131.44978037902314, -35.20006604106951, -67.66209877319858, 7.53544544883795, 0.0, -0.0, 0.0, -0.14296796746290505, 0.0, -0.0, 0.0, -0.0, 0.0, -0.3277244387285621, 0.36039430594176275, -0.32482874010822194, 0.2349381686748758, -0.0, 0.0, 0.25323260193136454, -0.5938057931812015, 0.5833169681629681, -0.4542378238316046, 0.2620960634545906, -0.0, 0.3595783210014449, -0.7553438037253057, 0.6261473596382585, -0.3932460786724752, 0.17340006219454543, 0.4307979859243688, -0.7459713295841177, 0.48605548333247717, -0.21322478612071227, 0.3210312697369754, -0.42302480934961195, 0.18704323026755493, 0.1437495693639373, -0.0, 0.0], [-1.6376703313628638, -3.2109302626304026, 14.789611310588931, -36.47011042719596, 66.98619686966305, -104.53774252160721, 181.73150046846573, -75.18535579557883, -44.30142445033483, -0.0, 0.16178238778779486, -0.2459644100819622, 0.2645931773181658, -0.2273193755149894, 0.15053737767876013, -0.0, 0.0, -0.2093806526825268, 0.6408576993435132, -0.7427491674482222, 0.7149449920008557, -0.5315695899696549, 0.2931104488879707, -0.0, -0.5199090510862786, 1.2839745293247324, -1.3312387255193328, 1.0507351565466858, -0.6278445211032478, 0.2591146772028712, -0.8194762934489505, 1.7951588597062582, -1.4860805941290145, 0.948608610493862, -0.4076157802167927, -1.0391656303644232, 1.76892611850667, -1.157520667447854, 0.49418747958502485, -0.749351344426442, 0.9963100045909681, -0.429766045897842, -0.33981289696167366, 0.2838232016311849, -0.0], [11.719383666522162, 11.866352475592558, -57.00970765582524, 137.81014589015956, -240.0220662990787, 330.62947982153173, -379.07723783063034, 406.80562881675417, -209.71346478708872, 0.0, -0.7960534757101518, 1.2327324346816804, -1.3588276259324614, 1.2090501651111072, -0.8202985884997531, 0.4121768701346116, -0.14375257846209488, 1.073304850621365, -3.379931969977816, 4.037257291993524, -4.011096861158872, 3.0374883460035966, -1.7467886078257322, 0.6727132283704063, 2.806258810467411, -7.108248990734996, 7.561210471436198, -6.062544213658635, 3.7642294678480765, -1.5263406294659836, 4.6539211727465, -10.402813910840957, 8.708873998996141, -5.72881222733391, 2.399184285570687, 6.062976845125931, -10.35584199901323, 6.923999333188636, -2.8736549352704372, 4.404052714781194, -5.962208917852541, 2.481078081785024, 2.0312315605911007, -1.6052407482846918, 0.2716342101116367]]",(x0)' = -17.081 1 +  209.502 x0 + -406.447 x1 +  379.159 x2 + -331.103 x3 +  240.647 x4 + -138.377 x5 +  57.216 x6 + -11.886 x7 + -0.309 x0^2 +  2.017 x0 x1 + -3.322 x0 x2 +  3.759 x0 x3 + -3.087 x0 x4 +  1.926 x0 x5 + -0.820 x0 x6 +  0.189 x0 x7 + -2.767 x1^2 +  8.316 x1 x2 + -9.138 x1 x3 +  7.365 x1 x4 + -4.573 x1 x5 +  1.918 x1 x6 + -0.465 x1 x7 + -5.941 x2^2 +  12.912 x2 x3 + -10.399 x2 x4 +  6.542 x2 x5 + -2.807 x2 x6 +  0.758 x2 x7 + -6.941 x3^2 +  11.157 x3 x4 + -7.134 x3 x5 +  3.210 x3 x6 + -0.988 x3 x7 + -4.552 x4^2 +  6.035 x4 x5 + -2.897 x4 x6 +  1.003 x4 x7 + -2.069 x5^2 +  2.099 x5 x6 + -0.795 x5 x7 + -0.587 x6^2 +  0.482 x6 x7 | (x1)' =  2.254 1 +  44.317 x0 +  75.194 x1 + -181.848 x2 +  104.731 x3 + -67.200 x4 +  36.645 x5 + -14.861 x6 +  3.223 x7 + -0.398 x0 x1 +  0.620 x0 x2 + -0.676 x0 x3 +  0.540 x0 x4 + -0.329 x0 x5 +  0.516 x1^2 + -1.489 x1 x2 +  1.589 x1 x3 + -1.256 x1 x4 +  0.770 x1 x5 + -0.316 x1 x6 +  1.042 x2^2 + -2.230 x2 x3 +  1.785 x2 x4 + -1.127 x2 x5 +  0.484 x2 x6 +  1.190 x3^2 + -1.920 x3 x4 +  1.250 x3 x5 + -0.575 x3 x6 +  0.191 x3 x7 +  0.801 x4^2 + -1.105 x4 x5 +  0.555 x4 x6 + -0.206 x4 x7 +  0.400 x5^2 + -0.428 x5 x6 +  0.171 x5 x7 | (x2)' = -0.859 1 + -7.539 x0 +  67.651 x1 +  35.262 x2 + -131.540 x3 +  54.379 x4 + -26.205 x5 +  10.097 x6 + -2.190 x7 +  0.164 x0 x1 + -0.253 x0 x2 +  0.273 x0 x3 + -0.216 x0 x4 + -0.206 x1^2 +  0.594 x1 x2 + -0.634 x1 x3 +  0.503 x1 x4 + -0.313 x1 x5 + -0.424 x2^2 +  0.926 x2 x3 + -0.760 x2 x4 +  0.496 x2 x5 + -0.220 x2 x6 + -0.510 x3^2 +  0.858 x3 x4 + -0.586 x3 x5 +  0.286 x3 x6 + -0.383 x4^2 +  0.564 x4 x5 + -0.304 x4 x6 + -0.217 x5^2 +  0.248 x5 x6 | (x3)' =  0.492 1 +  3.315 x0 + -18.127 x1 +  86.377 x2 +  10.713 x3 + -105.800 x4 +  32.256 x5 + -10.949 x6 +  2.273 x7 +  0.156 x0 x2 + -0.162 x0 x3 + -0.360 x1 x2 +  0.374 x1 x3 + -0.294 x1 x4 +  0.188 x1 x5 +  0.258 x2^2 + -0.555 x2 x3 +  0.461 x2 x4 + -0.316 x2 x5 +  0.155 x2 x6 +  0.300 x3^2 + -0.515 x3 x4 +  0.374 x3 x5 + -0.202 x3 x6 +  0.241 x4^2 + -0.380 x4 x5 +  0.224 x4 x6 +  0.155 x5^2 + -0.191 x5 x6 | (x4)' = -0.520 1 + -2.273 x0 +  10.927 x1 + -32.193 x2 +  105.707 x3 + -10.610 x4 + -86.459 x5 +  18.160 x6 + -3.320 x7 +  0.260 x1 x2 + -0.261 x1 x3 +  0.208 x1 x4 + -0.183 x2^2 +  0.385 x2 x3 + -0.334 x2 x4 +  0.253 x2 x5 + -0.144 x2 x6 + -0.205 x3^2 +  0.384 x3 x4 + -0.321 x3 x5 +  0.206 x3 x6 + -0.208 x4^2 +  0.378 x4 x5 + -0.255 x4 x6 + -0.171 x5^2 +  0.230 x5 x6 | (x5)' =  0.608 1 +  2.190 x0 + -10.084 x1 +  26.155 x2 + -54.298 x3 +  131.450 x4 + -35.200 x5 + -67.662 x6 +  7.535 x7 + -0.143 x0 x3 + -0.328 x1 x2 +  0.360 x1 x3 + -0.325 x1 x4 +  0.235 x1 x5 +  0.253 x2^2 + -0.594 x2 x3 +  0.583 x2 x4 + -0.454 x2 x5 +  0.262 x2 x6 +  0.360 x3^2 + -0.755 x3 x4 +  0.626 x3 x5 + -0.393 x3 x6 +  0.173 x3 x7 +  0.431 x4^2 + -0.746 x4 x5 +  0.486 x4 x6 + -0.213 x4 x7 +  0.321 x5^2 + -0.423 x5 x6 +  0.187 x5 x7 +  0.144 x6^2 | (x6)' = -1.638 1 + -3.211 x0 +  14.790 x1 + -36.470 x2 +  66.986 x3 + -104.538 x4 +  181.732 x5 + -75.185 x6 + -44.301 x7 +  0.162 x0 x1 + -0.246 x0 x2 +  0.265 x0 x3 + -0.227 x0 x4 +  0.151 x0 x5 + -0.209 x1^2 +  0.641 x1 x2 + -0.743 x1 x3 +  0.715 x1 x4 + -0.532 x1 x5 +  0.293 x1 x6 + -0.520 x2^2 +  1.284 x2 x3 + -1.331 x2 x4 +  1.051 x2 x5 + -0.628 x2 x6 +  0.259 x2 x7 + -0.819 x3^2 +  1.795 x3 x4 + -1.486 x3 x5 +  0.949 x3 x6 + -0.408 x3 x7 + -1.039 x4^2 +  1.769 x4 x5 + -1.158 x4 x6 +  0.494 x4 x7 + -0.749 x5^2 +  0.996 x5 x6 + -0.430 x5 x7 + -0.340 x6^2 +  0.284 x6 x7 | (x7)' =  11.719 1 +  11.866 x0 + -57.010 x1 +  137.810 x2 + -240.022 x3 +  330.629 x4 + -379.077 x5 +  406.806 x6 + -209.713 x7 + -0.796 x0 x1 +  1.233 x0 x2 + -1.359 x0 x3 +  1.209 x0 x4 + -0.820 x0 x5 +  0.412 x0 x6 + -0.144 x0 x7 +  1.073 x1^2 + -3.380 x1 x2 +  4.037 x1 x3 + -4.011 x1 x4 +  3.037 x1 x5 + -1.747 x1 x6 +  0.673 x1 x7 +  2.806 x2^2 + -7.108 x2 x3 +  7.561 x2 x4 + -6.063 x2 x5 +  3.764 x2 x6 + -1.526 x2 x7 +  4.654 x3^2 + -10.403 x3 x4 +  8.709 x3 x5 + -5.729 x3 x6 +  2.399 x3 x7 +  6.063 x4^2 + -10.356 x4 x5 +  6.924 x4 x6 + -2.874 x4 x7 +  4.404 x5^2 + -5.962 x5 x6 +  2.481 x5 x7 +  2.031 x6^2 + -1.605 x6 x7 +  0.272 x7^2
123,35.0,,,sr3,0.1,0.05,1.0,2,8,2,8.0,56.0,0,0.0,finite_difference,success,,196,360,54.44444444444444,0.6485478524118662,"[""1"", ""x0"", ""x1"", ""x2"", ""x3"", ""x4"", ""x5"", ""x6"", ""x7"", ""x0^2"", ""x0 x1"", ""x0 x2"", ""x0 x3"", ""x0 x4"", ""x0 x5"", ""x0 x6"", ""x0 x7"", ""x1^2"", ""x1 x2"", ""x1 x3"", ""x1 x4"", ""x1 x5"", ""x1 x6"", ""x1 x7"", ""x2^2"", ""x2 x3"", ""x2 x4"", ""x2 x5"", ""x2 x6"", ""x2 x7"", ""x3^2"", ""x3 x4"", ""x3 x5"", ""x3 x6"", ""x3 x7"", ""x4^2"", ""x4 x5"", ""x4 x6"", ""x4 x7"", ""x5^2"", ""x5 x6"", ""x5 x7"", ""x6^2"", ""x6 x7"", ""x7^2""]","[[-17.080764029944998, 209.5015482776871, -406.4465262523064, 379.1587158064677, -331.10261391605053, 240.64659748205327, -138.37661648763338, 57.21556452102464, -11.885584916633915, -0.0, 2.0168699676290935, -3.32201786614069, 3.7594431264463166, -3.086991908254282, 1.9257792284563298, -0.8201688008260812, 0.0, -2.767127175424062, 8.316314834525889, -9.137573795510185, 7.364751024298112, -4.573438181143422, 1.9176829348808206, -0.4654050803892784, -5.941085598083175, 12.911715830345633, -10.399324394431146, 6.541886828681902, -2.807186995769988, 0.7581585718433005, -6.941280919027135, 11.157056813381272, -7.133613039833178, 3.2097218358791086, -0.988213021743303, -4.552299743754479, 6.035083558857048, -2.8967847346274502, 1.0032936948773188, -2.0691015901315724, 2.0992181723567627, -0.7952646142532573, -0.5865515069305226, 0.4820838226650316, -0.0], [2.254323154742327, 44.31679763944069, 75.1938582162313, -181.84838529768285, 104.7311771322053, -67.19999397578546, 36.64502198149916, -14.861124743901575, 3.222719915971658, 0.0, -0.0, 0.6202886116325362, -0.675776082828729, 0.5395515161416701, -0.0, 0.0, -0.0, 0.5160576438227014, -1.489415815245598, 1.5890599289998966, -1.2559498915920373, 0.7704649892304758, -0.0, 0.0, 1.0420401269328463, -2.2301899506890606, 1.7852094522735265, -1.1270621094394622, 0.4843893527015665, -0.0, 1.1901018761825193, -1.9195669805955744, 1.2496471820429933, -0.5754154235983162, 0.0, 0.8009856068270669, -1.105259513863934, 0.5553263914289186, -0.0, 0.0, -0.0, 0.0, 0.0, -0.0, 0.0], [-0.8592315146939202, -7.538712678590215, 67.65055192597148, 35.262062834179396, -131.53969195533162, 54.378632157484276, -26.205482662262355, 10.096602624119429, -2.190147300410724, -0.0, 0.0, -0.0, 0.0, -0.0, 0.0, -0.0, 0.0, -0.0, 0.5936092332365918, -0.6339780156724121, 0.5027820161322663, -0.0, 0.0, -0.0, -0.0, 0.9259227835224983, -0.7603182132719908, 0.49620600566232625, -0.0, 0.0, -0.5098949046377397, 0.8575447566898206, -0.5858515216150098, 0.0, -0.0, -0.0, 0.5642304897598174, -0.0, 0.0, -0.0, 0.0, -0.0, -0.0, 0.0, -0.0], [0.49243900115280276, 3.3147596029952626, -18.127163100167802, 86.37657869251056, 10.713185646294365, -105.79993334026406, 32.256488880080994, -10.948833456220926, 2.273455965542586, 0.0, -0.0, 0.0, -0.0, 0.0, -0.0, 0.0, -0.0, 0.0, -0.0, 0.0, -0.0, 0.0, -0.0, 0.0, 0.0, -0.554963509339311, 0.46096219774436054, -0.0, 0.0, -0.0, 0.0, -0.5153121752982884, 0.0, -0.0, 0.0, 0.0, -0.0, 0.0, -0.0, 0.0, -0.0, 0.0, 0.0, -0.0, 0.0], [-0.5196716021050063, -2.2725058073641216, 10.927133423359441, -32.19284325787742, 105.70673502834862, -10.61004482298321, -86.45883395473494, 18.160241025416017, -3.319992004671753, -0.0, 0.0, -0.0, 0.0, -0.0, 0.0, -0.0, 0.0, -0.0, 0.0, -0.0, 0.0, -0.0, 0.0, -0.0, -0.0, 0.0, -0.0, 0.0, -0.0, 0.0, -0.0, 0.0, -0.0, 0.0, -0.0, -0.0, 0.0, -0.0, 0.0, -0.0, 0.0, -0.0, -0.0, 0.0, -0.0], [0.6082839828399123, 2.190171449442612, -10.084445517798384, 26.155118927177575, -54.29815189918196, 131.44978063151723, -35.200066269265086, -67.66209861678911, 7.535445381339401, 0.0, -0.0, 0.0, -0.0, 0.0, -0.0, 0.0, -0.0, 0.0, -0.0, 0.0, -0.0, 0.0, -0.0, 0.0, 0.0, -0.593780074883296, 0.5832904410676933, -0.4542175978585251, 0.0, -0.0, 0.0, -0.7553067998142072, 0.6261191001511553, -0.0, 0.0, 0.0, -0.7459421864213512, 0.4860401185293506, -0.0, 0.0, -0.0, 0.0, 0.0, -0.0, 0.0], [-1.6376729141793123, -3.210930227670562, 14.789611232156489, -36.47011034664196, 66.98619682854122, -104.53774253585884, 181.7315005163171, -75.1853558461044, -44.301424425506, -0.0, 0.0, -0.0, 0.0, -0.0, 0.0, -0.0, 0.0, -0.0, 0.6408544279583235, -0.7427448339716654, 0.7149406416459897, -0.5315662797106953, 0.0, -0.0, -0.5199059895798688, 1.2839664144557073, -1.331230556060761, 1.0507289085158678, -0.6278411412791847, 0.0, -0.8194709108202448, 1.7951479981251255, -1.4860722566734843, 0.9486040771032506, -0.0, -1.0391601400054213, 1.7689176700450584, -1.1575160597095449, 0.49418608815988746, -0.7493480901579963, 0.9963064516098916, -0.0, -0.0, 0.0, -0.0], [11.719383717759476, 11.866352479590752, -57.009707665461974, 137.8101459053074, -240.02206631884516, 330.62947984247677, -379.0772378477809, 406.8056288271044, -209.71346479094586, 0.0, -0.7960534605763255, 1.2327323954519744, -1.3588275592649437, 1.209050082638439, -0.820298513446765, 0.0, -0.0, 1.0733048192904713, -3.3799318254582156, 4.037257062610089, -4.0110965896126585, 3.037488105927417, -1.7467884605272257, 0.6727131806682201, 2.80625865860553, -7.1082485387890815, 7.561209960958467, -6.062543777231491, 3.7642292061084937, -1.526340545440232, 4.653920853136997, -10.402813217385312, 8.708873424209775, -5.728811890221546, 2.3991841783084484, 6.062976481711248, -10.355841413361947, 6.9239989970418945, -2.873654829284219, 4.404052484636578, -5.962208658955911, 2.481078000883431, 2.0312314890711685, -1.605240703995526, 0.0]]",(x0)' = -17.081 1 +  209.502 x0 + -406.447 x1 +  379.159 x2 + -331.103 x3 +  240.647 x4 + -138.377 x5 +  57.216 x6 + -11.886 x7 +  2.017 x0 x1 + -3.322 x0 x2 +  3.759 x0 x3 + -3.087 x0 x4 +  1.926 x0 x5 + -0.820 x0 x6 + -2.767 x1^2 +  8.316 x1 x2 + -9.138 x1 x3 +  7.365 x1 x4 + -4.573 x1 x5 +  1.918 x1 x6 + -0.465 x1 x7 + -5.941 x2^2 +  12.912 x2 x3 + -10.399 x2 x4 +  6.542 x2 x5 + -2.807 x2 x6 +  0.758 x2 x7 + -6.941 x3^2 +  11.157 x3 x4 + -7.134 x3 x5 +  3.210 x3 x6 + -0.988 x3 x7 + -4.552 x4^2 +  6.035 x4 x5 + -2.897 x4 x6 +  1.003 x4 x7 + -2.069 x5^2 +  2.099 x5 x6 + -0.795 x5 x7 + -0.587 x6^2 +  0.482 x6 x7 | (x1)' =  2.254 1 +  44.317 x0 +  75.194 x1 + -181.848 x2 +  104.731 x3 + -67.200 x4 +  36.645 x5 + -14.861 x6 +  3.223 x7 +  0.620 x0 x2 + -0.676 x0 x3 +  0.540 x0 x4 +  0.516 x1^2 + -1.489 x1 x2 +  1.589 x1 x3 + -1.256 x1 x4 +  0.770 x1 x5 +  1.042 x2^2 + -2.230 x2 x3 +  1.785 x2 x4 + -1.127 x2 x5 +  0.484 x2 x6 +  1.190 x3^2 + -1.920 x3 x4 +  1.250 x3 x5 + -0.575 x3 x6 +  0.801 x4^2 + -1.105 x4 x5 +  0.555 x4 x6 | (x2)' = -0.859 1 + -7.539 x0 +  67.651 x1 +  35.262 x2 + -131.540 x3 +  54.379 x4 + -26.205 x5 +  10.097 x6 + -2.190 x7 +  0.594 x1 x2 + -0.634 x1 x3 +  0.503 x1 x4 +  0.926 x2 x3 + -0.760 x2 x4 +  0.496 x2 x5 + -0.510 x3^2 +  0.858 x3 x4 + -0.586 x3 x5 +  0.564 x4 x5 | (x3)' =  0.492 1 +  3.315 x0 + -18.127 x1 +  86.377 x2 +  10.713 x3 + -105.800 x4 +  32.256 x5 + -10.949 x6 +  2.273 x7 + -0.555 x2 x3 +  0.461 x2 x4 + -0.515 x3 x4 | (x4)' = -0.520 1 + -2.273 x0 +  10.927 x1 + -32.193 x2 +  105.707 x3 + -10.610 x4 + -86.459 x5 +  18.160 x6 + -3.320 x7 | (x5)' =  0.608 1 +  2.190 x0 + -10.084 x1 +  26.155 x2 + -54.298 x3 +  131.450 x4 + -35.200 x5 + -67.662 x6 +  7.535 x7 + -0.594 x2 x3 +  0.583 x2 x4 + -0.454 x2 x5 + -0.755 x3 x4 +  0.626 x3 x5 + -0.746 x4 x5 +  0.486 x4 x6 | (x6)' = -1.638 1 + -3.211 x0 +  14.790 x1 + -36.470 x2 +  66.986 x3 + -104.538 x4 +  181.732 x5 + -75.185 x6 + -44.301 x7 +  0.641 x1 x2 + -0.743 x1 x3 +  0.715 x1 x4 + -0.532 x1 x5 + -0.520 x2^2 +  1.284 x2 x3 + -1.331 x2 x4 +  1.051 x2 x5 + -0.628 x2 x6 + -0.819 x3^2 +  1.795 x3 x4 + -1.486 x3 x5 +  0.949 x3 x6 + -1.039 x4^2 +  1.769 x4 x5 + -1.158 x4 x6 +  0.494 x4 x7 + -0.749 x5^2 +  0.996 x5 x6 | (x7)' =  11.719 1 +  11.866 x0 + -57.010 x1 +  137.810 x2 + -240.022 x3 +  330.629 x4 + -379.077 x5 +  406.806 x6 + -209.713 x7 + -0.796 x0 x1 +  1.233 x0 x2 + -1.359 x0 x3 +  1.209 x0 x4 + -0.820 x0 x5 +  1.073 x1^2 + -3.380 x1 x2 +  4.037 x1 x3 + -4.011 x1 x4 +  3.037 x1 x5 + -1.747 x1 x6 +  0.673 x1 x7 +  2.806 x2^2 + -7.108 x2 x3 +  7.561 x2 x4 + -6.063 x2 x5 +  3.764 x2 x6 + -1.526 x2 x7 +  4.654 x3^2 + -10.403 x3 x4 +  8.709 x3 x5 + -5.729 x3 x6 +  2.399 x3 x7 +  6.063 x4^2 + -10.356 x4 x5 +  6.924 x4 x6 + -2.874 x4 x7 +  4.404 x5^2 + -5.962 x5 x6 +  2.481 x5 x7 +  2.031 x6^2 + -1.605 x6 x7
124,35.0,,,sr3,0.1,0.05,10.0,2,8,2,8.0,56.0,0,0.0,finite_difference,success,,126,360,35.0,0.625463517382741,"[""1"", ""x0"", ""x1"", ""x2"", ""x3"", ""x4"", ""x5"", ""x6"", ""x7"", ""x0^2"", ""x0 x1"", ""x0 x2"", ""x0 x3"", ""x0 x4"", ""x0 x5"", ""x0 x6"", ""x0 x7"", ""x1^2"", ""x1 x2"", ""x1 x3"", ""x1 x4"", ""x1 x5"", ""x1 x6"", ""x1 x7"", ""x2^2"", ""x2 x3"", ""x2 x4"", ""x2 x5"", ""x2 x6"", ""x2 x7"", ""x3^2"", ""x3 x4"", ""x3 x5"", ""x3 x6"", ""x3 x7"", ""x4^2"", ""x4 x5"", ""x4 x6"", ""x4 x7"", ""x5^2"", ""x5 x6"", ""x5 x7"", ""x6^2"", ""x6 x7"", ""x7^2""]","[[-17.08076444857358, 209.50154827664747, -406.4465262488277, 379.1587157963326, -331.1026138950913, 240.64659745126096, -138.37661645624013, 57.21556449775341, -11.885584906751394, -0.0, 2.0168699111257498, -3.3220177469779757, 3.759442950437148, -3.0869917118010264, 1.9257790625152351, -0.0, 0.0, -2.7671270718782695, 8.316314403287835, -9.137573163784715, 7.364750323109872, -4.573437590848592, 1.9176825827968926, -0.0, -5.941085155169588, 12.911714546985415, -10.39932298310829, 6.541885649510711, -2.8071862966641667, 0.0, -6.9412799990479, 11.157054809575795, -7.133611380200638, 3.209720859500941, -0.0, -4.55229866362097, 6.035081787466304, -2.896783702481348, 0.0, -2.0691008718658486, 2.099217344959481, -0.0, -0.0, 0.0, -0.0], [2.2543242982093785, 44.31679761078392, 75.19385828355117, -181.84838539305878, 104.73117724271063, -67.19999409317698, 36.6450220783101, -14.86112480653541, 3.222719942434536, 0.0, -0.0, 0.0, -0.0, 0.0, -0.0, 0.0, -0.0, 0.0, -1.4894129774089182, 1.5890563156734032, -0.0, 0.0, -0.0, 0.0, 0.0, -2.2301833074821173, 1.785203358553316, -0.0, 0.0, -0.0, 0.0, -1.9195595080758188, 0.0, -0.0, 0.0, 0.0, -0.0, 0.0, -0.0, 0.0, -0.0, 0.0, 0.0, -0.0, 0.0], [-0.0, -7.53871272380661, 67.65055202393205, 35.26206275330257, -131.5396919548172, 54.378632254007904, -26.205482803512087, 10.096602747597453, -2.1901473601171215, -0.0, 0.0, -0.0, 0.0, -0.0, 0.0, -0.0, 0.0, -0.0, 0.0, -0.0, 0.0, -0.0, 0.0, -0.0, -0.0, 0.0, -0.0, 0.0, -0.0, 0.0, -0.0, 0.0, -0.0, 0.0, -0.0, -0.0, 0.0, -0.0, 0.0, -0.0, 0.0, -0.0, -0.0, 0.0, -0.0], [0.0, 3.314759784310994, -18.12716349682804, 86.37657909432106, 10.7131854327343, -105.79993337208798, 32.25648907355983, -10.948833665537634, 2.273456070391328, 0.0, -0.0, 0.0, -0.0, 0.0, -0.0, 0.0, -0.0, 0.0, -0.0, 0.0, -0.0, 0.0, -0.0, 0.0, 0.0, -0.0, 0.0, -0.0, 0.0, -0.0, 0.0, -0.0, 0.0, -0.0, 0.0, 0.0, -0.0, 0.0, -0.0, 0.0, -0.0, 0.0, 0.0, -0.0, 0.0], [-0.0, -2.272506055882252, 10.92713396484615, -32.19284380816072, 105.70673532356936, -10.610044794360272, -86.45883420217272, 18.160241297166365, -3.319992139927658, -0.0, 0.0, -0.0, 0.0, -0.0, 0.0, -0.0, 0.0, -0.0, 0.0, -0.0, 0.0, -0.0, 0.0, -0.0, -0.0, 0.0, -0.0, 0.0, -0.0, 0.0, -0.0, 0.0, -0.0, 0.0, -0.0, -0.0, 0.0, -0.0, 0.0, -0.0, 0.0, -0.0, -0.0, 0.0, -0.0], [0.0, 2.1901715884234694, -10.08444582242761, 26.15511924428206, -54.298152088632996, 131.44978064419087, -35.20006615986052, -67.66209875056236, 7.535445450517996, 0.0, -0.0, 0.0, -0.0, 0.0, -0.0, 0.0, -0.0, 0.0, -0.0, 0.0, -0.0, 0.0, -0.0, 0.0, 0.0, -0.0, 0.0, -0.0, 0.0, -0.0, 0.0, -0.0, 0.0, -0.0, 0.0, 0.0, -0.0, 0.0, -0.0, 0.0, -0.0, 0.0, 0.0, -0.0, 0.0], [-1.6376763726158132, -3.2109302038619463, 14.789611186350026, -36.47011030043594, 66.98619679621035, -104.53774251730356, 181.73150051413316, -75.18535585065263, -44.301424421958764, -0.0, 0.0, -0.0, 0.0, -0.0, 0.0, -0.0, 0.0, -0.0, 0.0, -0.0, 0.0, -0.0, 0.0, -0.0, -0.0, 0.0, -0.0, 0.0, -0.0, 0.0, -0.0, 1.7951304299037394, -1.4860593898352634, 0.0, -0.0, -0.0, 1.7689050289230297, -0.0, 0.0, -0.0, 0.0, -0.0, -0.0, 0.0, -0.0], [11.719384189257008, 11.866352462153129, -57.00970762341429, 137.81014585098626, -240.02206626605664, 330.62947980045914, -379.0772378211758, 406.80562881460025, -209.7134647869254, 0.0, -0.0, 0.0, -0.0, 0.0, -0.0, 0.0, -0.0, 0.0, -3.3799309813365204, 4.037256029761841, -4.011095642181694, 3.0374874565787393, -1.7467881517270187, 0.0, 2.8062579299268253, -7.1082467689149835, 7.561208345545611, -6.062542672783251, 3.764228681017351, -1.5263404051759257, 4.653919785831891, -10.402811279569933, 8.708872104233253, -5.728811264153795, 2.3991840111364304, 6.06297560688339, -10.355840227565244, 6.923998437321536, -2.8736546804102123, 4.404052085299623, -5.962208284804437, 2.4810779021781535, 2.0312314024337805, -1.6052406589668358, 0.0]]",(x0)' = -17.081 1 +  209.502 x0 + -406.447 x1 +  379.159 x2 + -331.103 x3 +  240.647 x4 + -138.377 x5 +  57.216 x6 + -11.886 x7 +  2.017 x0 x1 + -3.322 x0 x2 +  3.759 x0 x3 + -3.087 x0 x4 +  1.926 x0 x5 + -2.767 x1^2 +  8.316 x1 x2 + -9.138 x1 x3 +  7.365 x1 x4 + -4.573 x1 x5 +  1.918 x1 x6 + -5.941 x2^2 +  12.912 x2 x3 + -10.399 x2 x4 +  6.542 x2 x5 + -2.807 x2 x6 + -6.941 x3^2 +  11.157 x3 x4 + -7.134 x3 x5 +  3.210 x3 x6 + -4.552 x4^2 +  6.035 x4 x5 + -2.897 x4 x6 + -2.069 x5^2 +  2.099 x5 x6 | (x1)' =  2.254 1 +  44.317 x0 +  75.194 x1 + -181.848 x2 +  104.731 x3 + -67.200 x4 +  36.645 x5 + -14.861 x6 +  3.223 x7 + -1.489 x1 x2 +  1.589 x1 x3 + -2.230 x2 x3 +  1.785 x2 x4 + -1.920 x3 x4 | (x2)' = -7.539 x0 +  67.651 x1 +  35.262 x2 + -131.540 x3 +  54.379 x4 + -26.205 x5 +  10.097 x6 + -2.190 x7 | (x3)' =  3.315 x0 + -18.127 x1 +  86.377 x2 +  10.713 x3 + -105.800 x4 +  32.256 x5 + -10.949 x6 +  2.273 x7 | (x4)' = -2.273 x0 +  10.927 x1 + -32.193 x2 +  105.707 x3 + -10.610 x4 + -86.459 x5 +  18.160 x6 + -3.320 x7 | (x5)' =  2.190 x0 + -10.084 x1 +  26.155 x2 + -54.298 x3 +  131.450 x4 + -35.200 x5 + -67.662 x6 +  7.535 x7 | (x6)' = -1.638 1 + -3.211 x0 +  14.790 x1 + -36.470 x2 +  66.986 x3 + -104.538 x4 +  181.732 x5 + -75.185 x6 + -44.301 x7 +  1.795 x3 x4 + -1.486 x3 x5 +  1.769 x4 x5 | (x7)' =  11.719 1 +  11.866 x0 + -57.010 x1 +  137.810 x2 + -240.022 x3 +  330.629 x4 + -379.077 x5 +  406.806 x6 + -209.713 x7 + -3.380 x1 x2 +  4.037 x1 x3 + -4.011 x1 x4 +  3.037 x1 x5 + -1.747 x1 x6 +  2.806 x2^2 + -7.108 x2 x3 +  7.561 x2 x4 + -6.063 x2 x5 +  3.764 x2 x6 + -1.526 x2 x7 +  4.654 x3^2 + -10.403 x3 x4 +  8.709 x3 x5 + -5.729 x3 x6 +  2.399 x3 x7 +  6.063 x4^2 + -10.356 x4 x5 +  6.924 x4 x6 + -2.874 x4 x7 +  4.404 x5^2 + -5.962 x5 x6 +  2.481 x5 x7 +  2.031 x6^2 + -1.605 x6 x7
125,35.0,,,sr3,0.1,0.05,0.01,2,8,2,8.0,56.0,5,20.0,smoothed_finite_difference_savgol_order_3,success,,338,360,93.88888888888889,0.693998702801764,"[""1"", ""x0"", ""x1"", ""x2"", ""x3"", ""x4"", ""x5"", ""x6"", ""x7"", ""x0^2"", ""x0 x1"", ""x0 x2"", ""x0 x3"", ""x0 x4"", ""x0 x5"", ""x0 x6"", ""x0 x7"", ""x1^2"", ""x1 x2"", ""x1 x3"", ""x1 x4"", ""x1 x5"", ""x1 x6"", ""x1 x7"", ""x2^2"", ""x2 x3"", ""x2 x4"", ""x2 x5"", ""x2 x6"", ""x2 x7"", ""x3^2"", ""x3 x4"", ""x3 x5"", ""x3 x6"", ""x3 x7"", ""x4^2"", ""x4 x5"", ""x4 x6"", ""x4 x7"", ""x5^2"", ""x5 x6"", ""x5 x7"", ""x6^2"", ""x6 x7"", ""x7^2""]","[[-15.898775460084845, 213.13210351646035, -417.97514183875387, 398.37772201731616, -353.13766609261734, 259.2531985437241, -149.8991171707944, 62.056202121611086, -13.017523645690092, -0.3108479474817363, 2.08193435486847, -3.5100466781627566, 4.042668285346326, -3.3779284269098264, 2.1316138408764638, -0.9205131653029386, 0.21647731323411132, -2.9576543232836383, 9.154255046620095, -10.250535527864399, 8.43382000600587, -5.309621126462518, 2.2733083416498494, -0.5632989416971348, -6.764165458816071, 14.985968926233092, -12.337856175698363, 7.867986663132254, -3.4510931017697706, 0.9399544455728825, -8.226681986515258, 13.554021539630634, -8.787458026033352, 4.028903368090727, -1.2287688471535976, -5.680640357495746, 7.61555143974117, -3.7006341188349174, 1.2492174054814515, -2.631631090778439, 2.6899889318302788, -0.9831770558016882, -0.7480403107756167, 0.5864934864549721, -0.10861734161904742], [2.071179851945163, 43.69974903275406, 77.12840257276709, -185.00328736684014, 108.23665449841778, -70.0320956998963, 38.29080605678402, -15.487440570576936, 3.351989229687244, 0.06586741271469078, -0.4061964431067794, 0.6504303218393765, -0.7247074304129583, 0.5926337241519491, -0.36742234783764954, 0.15456837616634678, -0.0, 0.5496384721703723, -1.6445629727522169, 1.7995426421975356, -1.4639679039116742, 0.9157486833952286, -0.38747183538879326, 0.0976828108033777, 1.1970107245579569, -2.625586933726189, 2.164124378921188, -1.3891915253659384, 0.6130919188641578, -0.173462112940387, 1.4391874790408645, -2.3978840960545442, 1.5840694210710382, -0.7430116220296068, 0.2376258012118573, 1.0325463603589087, -1.4326039116433327, 0.7228747446339138, -0.2547952117636576, 0.5166020452483554, -0.5506441567620395, 0.2080029347814574, 0.15937905220700024, -0.1273324939060952, 0.0], [-0.7922983316288197, -7.297585367590747, 66.90827490304082, 36.43002752714238, -132.76154967623907, 55.267268859431745, -26.630322827084708, 10.199121135328902, -2.1939234319994543, -0.0, 0.16675636291274828, -0.2663962200151988, 0.29566421205471677, -0.2404356966572459, 0.1485717242748752, -0.06084625160635048, 0.0, -0.22105506812670106, 0.6642471366718202, -0.7311320598937843, 0.5990737507776139, -0.37913168896931454, 0.16001067368900196, -0.0, -0.4951088032921333, 1.1106263415820614, -0.9380338638673532, 0.6173469708975519, -0.278649604317536, 0.08402508657031557, -0.6289693208394221, 1.08764270064996, -0.7441760987320329, 0.3634975879311775, -0.12468302135332404, -0.4944616935969297, 0.7175522828787503, -0.3806855966558914, 0.1422732556978873, -0.2703082600257197, 0.30243666748081427, -0.11957507366594874, -0.09135646194434084, 0.07486908342066778, -0.0], [0.43651247962409095, 3.191050129503787, -17.771298097950986, 85.87764785592276, 11.14412389040453, -105.99556213473329, 32.22336204797711, -10.836760602990358, 2.2201969872867418, 0.0, -0.10945131898404896, 0.16843384450965085, -0.17943504849815642, 0.14171101611562428, -0.0866808381271989, 0.0, -0.0, 0.14033963908588834, -0.41025429186153717, 0.4363598881025484, -0.35228177434486985, 0.22680652940541535, -0.10293212169949677, 0.0, 0.30231929168707794, -0.6612429785062922, 0.5577261555897562, -0.3806122739869797, 0.18851146127915486, -0.06963135016130903, 0.36471901654051325, -0.6339462294945013, 0.4545084416185106, -0.24399230581174192, 0.09962557442894708, 0.2950392667012408, -0.45284012861391265, 0.26152663185433417, -0.11197413270027716, 0.17953806104950157, -0.21639350808472269, 0.0952935585134547, 0.06955046533464736, -0.061134189511448674, 0.0], [-0.47869008982518074, -2.21744390703916, 10.806844195927402, -32.1403864154641, 105.87280384625036, -11.012082227602823, -85.97866697297935, 17.813182781100057, -3.198668102180339, -0.0, 0.08831287702642585, -0.13171874936599853, 0.1355741729280173, -0.10533741729851016, 0.06535861660387188, -0.0, 0.0, -0.10847052131983637, 0.306752802732504, -0.31662738774041915, 0.25783848247178337, -0.17600041760717183, 0.08956509751482444, -0.0, -0.2188458455722026, 0.4669120697465576, -0.4083446512220881, 0.30582149312838797, -0.1749265526890987, 0.07149366662382543, -0.25302203456245, 0.47432605937566225, -0.387834337294523, 0.24556833846982193, -0.10846411890616708, -0.25058877698359, 0.4420050131631827, -0.29358389167751775, 0.12992963302152122, -0.19584276526447536, 0.2611342404087761, -0.11477452319675047, -0.0883985650605009, 0.07524414055962175, -0.0], [0.5449673181394213, 2.198881342264773, -10.205395446194556, 26.615198143434164, -55.23009875894146, 132.71016305588037, -36.3934446713197, -66.90866381868297, 7.291639195288191, 0.0, -0.10474672250736074, 0.16078235145786912, -0.17357617240124987, 0.14492408578183158, -0.09419937953159402, 0.0, -0.0, 0.13319204653674868, -0.40200162957668584, 0.4523891156306893, -0.4096823215006436, 0.293302852235271, -0.15167096740746205, 0.054907620805614385, 0.31588623576470304, -0.7502301368186568, 0.7300587935360852, -0.5580025254383595, 0.3148473574917085, -0.12314968111314595, 0.4601669731932754, -0.9479967834463617, 0.7655088011721907, -0.4660486957552915, 0.19252099129379693, 0.5228351058890502, -0.8792890501180014, 0.556298992850846, -0.23122119705192262, 0.37033356857329996, -0.47590311243150063, 0.19973545842570903, 0.15730451838896065, -0.12947059598895938, 0.0], [-1.4850085392415557, -3.341976776543785, 15.422410139006967, -38.127340244226836, 69.82730311002311, -108.04592859846302, 184.884199974698, -77.11475705706408, -43.68696334605129, -0.0, 0.19627345422544135, -0.30738324249010707, 0.3414221261685339, -0.2978230300261651, 0.19834235940988537, -0.09485874077434436, 0.0, -0.26454387951209696, 0.832074703849792, -0.9799255952118474, 0.932810439721151, -0.6805755481324715, 0.36548043465426855, -0.1333904199481321, -0.6858874495023839, 1.7028587675106928, -1.7237724641415546, 1.3263758470075089, -0.7660370293672174, 0.29689699162736366, -1.0899729999262784, 2.3106572948922945, -1.854685857607533, 1.136576656883691, -0.4589173190843804, -1.2852106165550765, 2.1222538754740223, -1.338182567633625, 0.541992970728947, -0.8788982116365173, 1.1303855400047784, -0.4630066864369021, -0.3728009532891429, 0.29682782396744656, -0.05227273109095284], [10.861984700908074, 13.004279931086879, -61.86179100154944, 149.34677274272775, -258.632382832483, 352.6695987476141, -398.3029342377253, 418.32287856551267, -213.3351765493752, 0.1668502418711214, -0.9915764584285356, 1.57042285900445, -1.7690025146540824, 1.5802795379323786, -1.0742540474772808, 0.5362820104617418, -0.17799677910220754, 1.3763972105015199, -4.417780991179816, 5.308416420382314, -5.1850111742167435, 3.863796199223269, -2.1643587092395213, 0.7915208830700833, 3.7084201227911695, -9.373777651524449, 9.715703623814507, -7.630462001589641, 4.584100382288385, -1.7654952931791497, 6.1134510341018276, -13.244561469058842, 10.825253640566494, -6.856312062784953, 2.7275426631271364, 7.465708566613081, -12.47060307849364, 8.05520675555318, -3.194625443709359, 5.214565154473496, -6.828207329973901, 2.7119858716906373, 2.2493779763354755, -1.702832281156796, 0.2788679213200541]]",(x0)' = -15.899 1 +  213.132 x0 + -417.975 x1 +  398.378 x2 + -353.138 x3 +  259.253 x4 + -149.899 x5 +  62.056 x6 + -13.018 x7 + -0.311 x0^2 +  2.082 x0 x1 + -3.510 x0 x2 +  4.043 x0 x3 + -3.378 x0 x4 +  2.132 x0 x5 + -0.921 x0 x6 +  0.216 x0 x7 + -2.958 x1^2 +  9.154 x1 x2 + -10.251 x1 x3 +  8.434 x1 x4 + -5.310 x1 x5 +  2.273 x1 x6 + -0.563 x1 x7 + -6.764 x2^2 +  14.986 x2 x3 + -12.338 x2 x4 +  7.868 x2 x5 + -3.451 x2 x6 +  0.940 x2 x7 + -8.227 x3^2 +  13.554 x3 x4 + -8.787 x3 x5 +  4.029 x3 x6 + -1.229 x3 x7 + -5.681 x4^2 +  7.616 x4 x5 + -3.701 x4 x6 +  1.249 x4 x7 + -2.632 x5^2 +  2.690 x5 x6 + -0.983 x5 x7 + -0.748 x6^2 +  0.586 x6 x7 + -0.109 x7^2 | (x1)' =  2.071 1 +  43.700 x0 +  77.128 x1 + -185.003 x2 +  108.237 x3 + -70.032 x4 +  38.291 x5 + -15.487 x6 +  3.352 x7 +  0.066 x0^2 + -0.406 x0 x1 +  0.650 x0 x2 + -0.725 x0 x3 +  0.593 x0 x4 + -0.367 x0 x5 +  0.155 x0 x6 +  0.550 x1^2 + -1.645 x1 x2 +  1.800 x1 x3 + -1.464 x1 x4 +  0.916 x1 x5 + -0.387 x1 x6 +  0.098 x1 x7 +  1.197 x2^2 + -2.626 x2 x3 +  2.164 x2 x4 + -1.389 x2 x5 +  0.613 x2 x6 + -0.173 x2 x7 +  1.439 x3^2 + -2.398 x3 x4 +  1.584 x3 x5 + -0.743 x3 x6 +  0.238 x3 x7 +  1.033 x4^2 + -1.433 x4 x5 +  0.723 x4 x6 + -0.255 x4 x7 +  0.517 x5^2 + -0.551 x5 x6 +  0.208 x5 x7 +  0.159 x6^2 + -0.127 x6 x7 | (x2)' = -0.792 1 + -7.298 x0 +  66.908 x1 +  36.430 x2 + -132.762 x3 +  55.267 x4 + -26.630 x5 +  10.199 x6 + -2.194 x7 +  0.167 x0 x1 + -0.266 x0 x2 +  0.296 x0 x3 + -0.240 x0 x4 +  0.149 x0 x5 + -0.061 x0 x6 + -0.221 x1^2 +  0.664 x1 x2 + -0.731 x1 x3 +  0.599 x1 x4 + -0.379 x1 x5 +  0.160 x1 x6 + -0.495 x2^2 +  1.111 x2 x3 + -0.938 x2 x4 +  0.617 x2 x5 + -0.279 x2 x6 +  0.084 x2 x7 + -0.629 x3^2 +  1.088 x3 x4 + -0.744 x3 x5 +  0.363 x3 x6 + -0.125 x3 x7 + -0.494 x4^2 +  0.718 x4 x5 + -0.381 x4 x6 +  0.142 x4 x7 + -0.270 x5^2 +  0.302 x5 x6 + -0.120 x5 x7 + -0.091 x6^2 +  0.075 x6 x7 | (x3)' =  0.437 1 +  3.191 x0 + -17.771 x1 +  85.878 x2 +  11.144 x3 + -105.996 x4 +  32.223 x5 + -10.837 x6 +  2.220 x7 + -0.109 x0 x1 +  0.168 x0 x2 + -0.179 x0 x3 +  0.142 x0 x4 + -0.087 x0 x5 +  0.140 x1^2 + -0.410 x1 x2 +  0.436 x1 x3 + -0.352 x1 x4 +  0.227 x1 x5 + -0.103 x1 x6 +  0.302 x2^2 + -0.661 x2 x3 +  0.558 x2 x4 + -0.381 x2 x5 +  0.189 x2 x6 + -0.070 x2 x7 +  0.365 x3^2 + -0.634 x3 x4 +  0.455 x3 x5 + -0.244 x3 x6 +  0.100 x3 x7 +  0.295 x4^2 + -0.453 x4 x5 +  0.262 x4 x6 + -0.112 x4 x7 +  0.180 x5^2 + -0.216 x5 x6 +  0.095 x5 x7 +  0.070 x6^2 + -0.061 x6 x7 | (x4)' = -0.479 1 + -2.217 x0 +  10.807 x1 + -32.140 x2 +  105.873 x3 + -11.012 x4 + -85.979 x5 +  17.813 x6 + -3.199 x7 +  0.088 x0 x1 + -0.132 x0 x2 +  0.136 x0 x3 + -0.105 x0 x4 +  0.065 x0 x5 + -0.108 x1^2 +  0.307 x1 x2 + -0.317 x1 x3 +  0.258 x1 x4 + -0.176 x1 x5 +  0.090 x1 x6 + -0.219 x2^2 +  0.467 x2 x3 + -0.408 x2 x4 +  0.306 x2 x5 + -0.175 x2 x6 +  0.071 x2 x7 + -0.253 x3^2 +  0.474 x3 x4 + -0.388 x3 x5 +  0.246 x3 x6 + -0.108 x3 x7 + -0.251 x4^2 +  0.442 x4 x5 + -0.294 x4 x6 +  0.130 x4 x7 + -0.196 x5^2 +  0.261 x5 x6 + -0.115 x5 x7 + -0.088 x6^2 +  0.075 x6 x7 | (x5)' =  0.545 1 +  2.199 x0 + -10.205 x1 +  26.615 x2 + -55.230 x3 +  132.710 x4 + -36.393 x5 + -66.909 x6 +  7.292 x7 + -0.105 x0 x1 +  0.161 x0 x2 + -0.174 x0 x3 +  0.145 x0 x4 + -0.094 x0 x5 +  0.133 x1^2 + -0.402 x1 x2 +  0.452 x1 x3 + -0.410 x1 x4 +  0.293 x1 x5 + -0.152 x1 x6 +  0.055 x1 x7 +  0.316 x2^2 + -0.750 x2 x3 +  0.730 x2 x4 + -0.558 x2 x5 +  0.315 x2 x6 + -0.123 x2 x7 +  0.460 x3^2 + -0.948 x3 x4 +  0.766 x3 x5 + -0.466 x3 x6 +  0.193 x3 x7 +  0.523 x4^2 + -0.879 x4 x5 +  0.556 x4 x6 + -0.231 x4 x7 +  0.370 x5^2 + -0.476 x5 x6 +  0.200 x5 x7 +  0.157 x6^2 + -0.129 x6 x7 | (x6)' = -1.485 1 + -3.342 x0 +  15.422 x1 + -38.127 x2 +  69.827 x3 + -108.046 x4 +  184.884 x5 + -77.115 x6 + -43.687 x7 +  0.196 x0 x1 + -0.307 x0 x2 +  0.341 x0 x3 + -0.298 x0 x4 +  0.198 x0 x5 + -0.095 x0 x6 + -0.265 x1^2 +  0.832 x1 x2 + -0.980 x1 x3 +  0.933 x1 x4 + -0.681 x1 x5 +  0.365 x1 x6 + -0.133 x1 x7 + -0.686 x2^2 +  1.703 x2 x3 + -1.724 x2 x4 +  1.326 x2 x5 + -0.766 x2 x6 +  0.297 x2 x7 + -1.090 x3^2 +  2.311 x3 x4 + -1.855 x3 x5 +  1.137 x3 x6 + -0.459 x3 x7 + -1.285 x4^2 +  2.122 x4 x5 + -1.338 x4 x6 +  0.542 x4 x7 + -0.879 x5^2 +  1.130 x5 x6 + -0.463 x5 x7 + -0.373 x6^2 +  0.297 x6 x7 + -0.052 x7^2 | (x7)' =  10.862 1 +  13.004 x0 + -61.862 x1 +  149.347 x2 + -258.632 x3 +  352.670 x4 + -398.303 x5 +  418.323 x6 + -213.335 x7 +  0.167 x0^2 + -0.992 x0 x1 +  1.570 x0 x2 + -1.769 x0 x3 +  1.580 x0 x4 + -1.074 x0 x5 +  0.536 x0 x6 + -0.178 x0 x7 +  1.376 x1^2 + -4.418 x1 x2 +  5.308 x1 x3 + -5.185 x1 x4 +  3.864 x1 x5 + -2.164 x1 x6 +  0.792 x1 x7 +  3.708 x2^2 + -9.374 x2 x3 +  9.716 x2 x4 + -7.630 x2 x5 +  4.584 x2 x6 + -1.765 x2 x7 +  6.113 x3^2 + -13.245 x3 x4 +  10.825 x3 x5 + -6.856 x3 x6 +  2.728 x3 x7 +  7.466 x4^2 + -12.471 x4 x5 +  8.055 x4 x6 + -3.195 x4 x7 +  5.215 x5^2 + -6.828 x5 x6 +  2.712 x5 x7 +  2.249 x6^2 + -1.703 x6 x7 +  0.279 x7^2
126,35.0,,,sr3,0.1,0.05,0.1,2,8,2,8.0,56.0,5,20.0,smoothed_finite_difference_savgol_order_3,success,,296,360,82.22222222222223,0.6879435889422894,"[""1"", ""x0"", ""x1"", ""x2"", ""x3"", ""x4"", ""x5"", ""x6"", ""x7"", ""x0^2"", ""x0 x1"", ""x0 x2"", ""x0 x3"", ""x0 x4"", ""x0 x5"", ""x0 x6"", ""x0 x7"", ""x1^2"", ""x1 x2"", ""x1 x3"", ""x1 x4"", ""x1 x5"", ""x1 x6"", ""x1 x7"", ""x2^2"", ""x2 x3"", ""x2 x4"", ""x2 x5"", ""x2 x6"", ""x2 x7"", ""x3^2"", ""x3 x4"", ""x3 x5"", ""x3 x6"", ""x3 x7"", ""x4^2"", ""x4 x5"", ""x4 x6"", ""x4 x7"", ""x5^2"", ""x5 x6"", ""x5 x7"", ""x6^2"", ""x6 x7"", ""x7^2""]","[[-15.898775447238533, 213.13210351317926, -417.9751418297818, 398.3777220023015, -353.1376660725476, 259.25319852098215, -149.89911715093893, 62.0562021083441, -13.017523640421999, -0.3108479514733899, 2.0819343828391035, -3.5100467296449414, 4.042668349550425, -3.377928484831731, 2.13161387815949, -0.9205131806295542, 0.2164773162126018, -2.9576543719495056, 9.154255224827223, -10.250535749341418, 8.433820205136147, -5.3096212540275785, 2.2733083935671474, -0.5632989515458252, -6.764165620233464, 14.985969322337356, -12.337856525888325, 7.867986881682206, -3.451093186203261, 0.9399544596196454, -8.226682225025113, 13.554021949931906, -8.787458270536062, 4.028903453295877, -1.228768857060222, -5.6806405260345265, 7.6155516236450245, -3.7006341686501587, 1.2492174039806347, -2.63163113129946, 2.6899889359778406, -0.9831770439432167, -0.7480403006961256, 0.5864934730351143, -0.0], [2.071180621580065, 43.699749033983785, 77.12840256412765, -185.00328734163324, 108.23665445167225, -70.03209563507872, 38.29080599337365, -15.487440524502686, 3.3519892100975834, 0.0, -0.4061963577150605, 0.6504301452808928, -0.7247071770201156, 0.5926334504463181, -0.3674221249111415, 0.15456824873268488, -0.0, 0.5496383108688078, -1.6445623011481536, 1.7995416699784896, -1.4639668435679922, 0.9157478105193572, -0.3874713301600093, 0.0, 1.1970100214777475, -2.6255848879234307, 2.164122136536268, -1.3891896698906976, 0.6130908388400105, -0.17346177240237662, 1.4391859868276509, -2.3978808188480825, 1.5840667049879755, -0.7430100383888381, 0.23762530109709545, 1.0325445606157704, -1.4326009300599187, 0.7228730074944397, -0.25479466357407804, 0.5166008130089639, -0.550642725192458, 0.20800248424331305, 0.159378638563806, -0.0, 0.0], [-0.7923018816539199, -7.297585405667158, 66.90827501994323, 36.430027304861184, -132.76154934216774, 55.26726845310247, -26.630322456436417, 10.19912088132147, -2.1939233281881094, -0.0, 0.16675603559776478, -0.26639546383122564, 0.2956630374286605, -0.24043435956699138, 0.14857059997679664, -0.0, 0.0, -0.22105439950322447, 0.664244123708876, -0.7311274423343979, 0.5990685298975988, -0.3791273072365671, 0.16000812306420378, -0.0, -0.495105469072993, 1.1106162309798695, -0.9380225033105533, 0.6173374629629137, -0.27864406743236364, 0.0, -0.6289617143688977, 1.087625698495307, -0.7441619165849054, 0.36348933967922137, -0.0, -0.49445223911875646, 0.7175365759576943, -0.3806764898045125, 0.14227040651924, -0.2703017683401877, 0.30242917672866043, -0.0, -0.0, 0.0, -0.0], [0.43652020799026087, 3.191050051476673, -17.771297943287692, 85.87764773173517, 11.144123881021821, -105.99556195262838, 32.22336178248286, -10.836760368139764, 2.220196881135167, 0.0, -0.0, 0.16843086681206926, -0.17943104607048813, 0.1417069672334243, -0.0, 0.0, -0.0, 0.0, -0.41024384654557566, 0.4363457848052739, -0.3522674186629182, 0.22679550366677137, -0.0, 0.0, 0.3023091932473609, -0.6612156005634213, 0.5576981444815918, -0.38059062488818046, 0.18849967987103658, -0.0, 0.3647003965870517, -0.6339079911440885, 0.45447876773512624, -0.24397608054203612, 0.0, 0.29501958459069777, -0.4528095170115745, 0.2615098580814668, -0.0, 0.1795261526104046, -0.21638046256128995, 0.0, 0.0, -0.0, 0.0], [-0.4787030716381462, -2.217443673354433, 10.806843651390533, -32.1403858042687, 105.87280343859965, -11.012082150633272, -85.97866681463958, 17.8131825581065, -3.1986679880159676, -0.0, 0.0, -0.0, 0.0, -0.0, 0.0, -0.0, 0.0, -0.0, 0.30673212390976906, -0.3166001170326258, 0.25781135880075723, -0.17598006915515932, 0.0, -0.0, -0.2188265038392359, 0.4668610725557882, -0.40829383922864493, 0.3057832277151611, -0.17490625833281714, 0.0, -0.25298841167629066, 0.474258964366001, -0.387783671056147, 0.2455413571068176, -0.0, -0.2505552600360748, 0.44195430890358534, -0.29355682744045236, 0.0, -0.19582357351185584, 0.2611137428601412, -0.0, -0.0, 0.0, -0.0], [0.544970523044983, 2.198881272149283, -10.205395288761846, 26.615197948849797, -55.23009858639207, 132.71016295631674, -36.393444646728746, -66.90866379949559, 7.291639180420136, 0.0, -0.0, 0.1607809322537676, -0.17357439036325814, 0.1449224098780153, -0.0, 0.0, -0.0, 0.0, -0.4019968132576401, 0.4523830074522549, -0.4096765000917697, 0.2932986652075091, -0.15166883414281526, 0.0, 0.315881814600022, -0.7502188299315027, 0.7300479028768637, -0.5579945895147943, 0.31484325389849804, -0.0, 0.46015969026173287, -0.9479826392097254, 0.7654983980276023, -0.46604326231193527, 0.1925193937353942, 0.522828188816521, -0.8792788027706945, 0.5562936038328936, -0.23121960691734716, 0.3703297519479261, -0.4758990805588893, 0.19973426750620832, 0.15730345176541366, -0.0, 0.0], [-1.4850088591244335, -3.3419767879715248, 15.42241016879106, -38.12734029323438, 69.8273031756717, -108.04592866995266, 184.8842000349821, -77.11475709492842, -43.68696333185668, -0.0, 0.19627336724613334, -0.30738303962057484, 0.34142180803211314, -0.2978226605060847, 0.19834203959460409, -0.0, 0.0, -0.26454370298510477, 0.8320739292706849, -0.9799244277743226, 0.9328091212197678, -0.6805744291419827, 0.3654797701170919, -0.0, -0.6858866408255223, 1.7028564184906347, -1.7237698878133643, 1.32637370956648, -0.7660357807836391, 0.2968965976158908, -1.089971345623361, 2.310653759872416, -1.854682987826747, 1.1365750090670896, -0.4589168038737173, -1.2852087724793786, 2.122250943821283, -1.338180914079741, 0.5419924592454183, -0.8788970696000548, 1.1303842749635524, -0.46300629976707297, -0.37280060923280217, 0.29682761647212996, -0.0], [10.86198459833631, 13.004279932837491, -61.861791005476405, 149.3467727473858, -258.63238283638515, 352.669598750031, -398.30293423865874, 418.3228785655434, -213.3351765492752, 0.16685024594193237, -0.9915764872130312, 1.5704229137786707, -1.7690025863599594, 1.58027960748944, -1.0742540976022243, 0.5362820354713927, -0.1779967859002315, 1.3763972610151165, -4.417781182575927, 5.308416670462696, -5.185011416633005, 3.8637963739506795, -2.164358796497074, 0.7915209068453674, 3.708420303204409, -9.373778121289485, 9.71570407816264, -7.630462328728352, 4.584100545644538, -1.7654953377304068, 6.113451338794053, -13.24456205672874, 10.825254062868824, -6.856312273439357, 2.7275427205738874, 7.465708849075059, -12.470603483264306, 8.055206957002616, -3.19462549857804, 5.21456529897534, -6.828207473309717, 2.7119859106366886, 2.2493780117212485, -1.7028323003029944, 0.27886792389298826]]",(x0)' = -15.899 1 +  213.132 x0 + -417.975 x1 +  398.378 x2 + -353.138 x3 +  259.253 x4 + -149.899 x5 +  62.056 x6 + -13.018 x7 + -0.311 x0^2 +  2.082 x0 x1 + -3.510 x0 x2 +  4.043 x0 x3 + -3.378 x0 x4 +  2.132 x0 x5 + -0.921 x0 x6 +  0.216 x0 x7 + -2.958 x1^2 +  9.154 x1 x2 + -10.251 x1 x3 +  8.434 x1 x4 + -5.310 x1 x5 +  2.273 x1 x6 + -0.563 x1 x7 + -6.764 x2^2 +  14.986 x2 x3 + -12.338 x2 x4 +  7.868 x2 x5 + -3.451 x2 x6 +  0.940 x2 x7 + -8.227 x3^2 +  13.554 x3 x4 + -8.787 x3 x5 +  4.029 x3 x6 + -1.229 x3 x7 + -5.681 x4^2 +  7.616 x4 x5 + -3.701 x4 x6 +  1.249 x4 x7 + -2.632 x5^2 +  2.690 x5 x6 + -0.983 x5 x7 + -0.748 x6^2 +  0.586 x6 x7 | (x1)' =  2.071 1 +  43.700 x0 +  77.128 x1 + -185.003 x2 +  108.237 x3 + -70.032 x4 +  38.291 x5 + -15.487 x6 +  3.352 x7 + -0.406 x0 x1 +  0.650 x0 x2 + -0.725 x0 x3 +  0.593 x0 x4 + -0.367 x0 x5 +  0.155 x0 x6 +  0.550 x1^2 + -1.645 x1 x2 +  1.800 x1 x3 + -1.464 x1 x4 +  0.916 x1 x5 + -0.387 x1 x6 +  1.197 x2^2 + -2.626 x2 x3 +  2.164 x2 x4 + -1.389 x2 x5 +  0.613 x2 x6 + -0.173 x2 x7 +  1.439 x3^2 + -2.398 x3 x4 +  1.584 x3 x5 + -0.743 x3 x6 +  0.238 x3 x7 +  1.033 x4^2 + -1.433 x4 x5 +  0.723 x4 x6 + -0.255 x4 x7 +  0.517 x5^2 + -0.551 x5 x6 +  0.208 x5 x7 +  0.159 x6^2 | (x2)' = -0.792 1 + -7.298 x0 +  66.908 x1 +  36.430 x2 + -132.762 x3 +  55.267 x4 + -26.630 x5 +  10.199 x6 + -2.194 x7 +  0.167 x0 x1 + -0.266 x0 x2 +  0.296 x0 x3 + -0.240 x0 x4 +  0.149 x0 x5 + -0.221 x1^2 +  0.664 x1 x2 + -0.731 x1 x3 +  0.599 x1 x4 + -0.379 x1 x5 +  0.160 x1 x6 + -0.495 x2^2 +  1.111 x2 x3 + -0.938 x2 x4 +  0.617 x2 x5 + -0.279 x2 x6 + -0.629 x3^2 +  1.088 x3 x4 + -0.744 x3 x5 +  0.363 x3 x6 + -0.494 x4^2 +  0.718 x4 x5 + -0.381 x4 x6 +  0.142 x4 x7 + -0.270 x5^2 +  0.302 x5 x6 | (x3)' =  0.437 1 +  3.191 x0 + -17.771 x1 +  85.878 x2 +  11.144 x3 + -105.996 x4 +  32.223 x5 + -10.837 x6 +  2.220 x7 +  0.168 x0 x2 + -0.179 x0 x3 +  0.142 x0 x4 + -0.410 x1 x2 +  0.436 x1 x3 + -0.352 x1 x4 +  0.227 x1 x5 +  0.302 x2^2 + -0.661 x2 x3 +  0.558 x2 x4 + -0.381 x2 x5 +  0.188 x2 x6 +  0.365 x3^2 + -0.634 x3 x4 +  0.454 x3 x5 + -0.244 x3 x6 +  0.295 x4^2 + -0.453 x4 x5 +  0.262 x4 x6 +  0.180 x5^2 + -0.216 x5 x6 | (x4)' = -0.479 1 + -2.217 x0 +  10.807 x1 + -32.140 x2 +  105.873 x3 + -11.012 x4 + -85.979 x5 +  17.813 x6 + -3.199 x7 +  0.307 x1 x2 + -0.317 x1 x3 +  0.258 x1 x4 + -0.176 x1 x5 + -0.219 x2^2 +  0.467 x2 x3 + -0.408 x2 x4 +  0.306 x2 x5 + -0.175 x2 x6 + -0.253 x3^2 +  0.474 x3 x4 + -0.388 x3 x5 +  0.246 x3 x6 + -0.251 x4^2 +  0.442 x4 x5 + -0.294 x4 x6 + -0.196 x5^2 +  0.261 x5 x6 | (x5)' =  0.545 1 +  2.199 x0 + -10.205 x1 +  26.615 x2 + -55.230 x3 +  132.710 x4 + -36.393 x5 + -66.909 x6 +  7.292 x7 +  0.161 x0 x2 + -0.174 x0 x3 +  0.145 x0 x4 + -0.402 x1 x2 +  0.452 x1 x3 + -0.410 x1 x4 +  0.293 x1 x5 + -0.152 x1 x6 +  0.316 x2^2 + -0.750 x2 x3 +  0.730 x2 x4 + -0.558 x2 x5 +  0.315 x2 x6 +  0.460 x3^2 + -0.948 x3 x4 +  0.765 x3 x5 + -0.466 x3 x6 +  0.193 x3 x7 +  0.523 x4^2 + -0.879 x4 x5 +  0.556 x4 x6 + -0.231 x4 x7 +  0.370 x5^2 + -0.476 x5 x6 +  0.200 x5 x7 +  0.157 x6^2 | (x6)' = -1.485 1 + -3.342 x0 +  15.422 x1 + -38.127 x2 +  69.827 x3 + -108.046 x4 +  184.884 x5 + -77.115 x6 + -43.687 x7 +  0.196 x0 x1 + -0.307 x0 x2 +  0.341 x0 x3 + -0.298 x0 x4 +  0.198 x0 x5 + -0.265 x1^2 +  0.832 x1 x2 + -0.980 x1 x3 +  0.933 x1 x4 + -0.681 x1 x5 +  0.365 x1 x6 + -0.686 x2^2 +  1.703 x2 x3 + -1.724 x2 x4 +  1.326 x2 x5 + -0.766 x2 x6 +  0.297 x2 x7 + -1.090 x3^2 +  2.311 x3 x4 + -1.855 x3 x5 +  1.137 x3 x6 + -0.459 x3 x7 + -1.285 x4^2 +  2.122 x4 x5 + -1.338 x4 x6 +  0.542 x4 x7 + -0.879 x5^2 +  1.130 x5 x6 + -0.463 x5 x7 + -0.373 x6^2 +  0.297 x6 x7 | (x7)' =  10.862 1 +  13.004 x0 + -61.862 x1 +  149.347 x2 + -258.632 x3 +  352.670 x4 + -398.303 x5 +  418.323 x6 + -213.335 x7 +  0.167 x0^2 + -0.992 x0 x1 +  1.570 x0 x2 + -1.769 x0 x3 +  1.580 x0 x4 + -1.074 x0 x5 +  0.536 x0 x6 + -0.178 x0 x7 +  1.376 x1^2 + -4.418 x1 x2 +  5.308 x1 x3 + -5.185 x1 x4 +  3.864 x1 x5 + -2.164 x1 x6 +  0.792 x1 x7 +  3.708 x2^2 + -9.374 x2 x3 +  9.716 x2 x4 + -7.630 x2 x5 +  4.584 x2 x6 + -1.765 x2 x7 +  6.113 x3^2 + -13.245 x3 x4 +  10.825 x3 x5 + -6.856 x3 x6 +  2.728 x3 x7 +  7.466 x4^2 + -12.471 x4 x5 +  8.055 x4 x6 + -3.195 x4 x7 +  5.215 x5^2 + -6.828 x5 x6 +  2.712 x5 x7 +  2.249 x6^2 + -1.703 x6 x7 +  0.279 x7^2
127,35.0,,,sr3,0.1,0.05,1.0,2,8,2,8.0,56.0,5,20.0,smoothed_finite_difference_savgol_order_3,success,,211,360,58.611111111111114,0.6752137457951903,"[""1"", ""x0"", ""x1"", ""x2"", ""x3"", ""x4"", ""x5"", ""x6"", ""x7"", ""x0^2"", ""x0 x1"", ""x0 x2"", ""x0 x3"", ""x0 x4"", ""x0 x5"", ""x0 x6"", ""x0 x7"", ""x1^2"", ""x1 x2"", ""x1 x3"", ""x1 x4"", ""x1 x5"", ""x1 x6"", ""x1 x7"", ""x2^2"", ""x2 x3"", ""x2 x4"", ""x2 x5"", ""x2 x6"", ""x2 x7"", ""x3^2"", ""x3 x4"", ""x3 x5"", ""x3 x6"", ""x3 x7"", ""x4^2"", ""x4 x5"", ""x4 x6"", ""x4 x7"", ""x5^2"", ""x5 x6"", ""x5 x7"", ""x6^2"", ""x6 x7"", ""x7^2""]","[[-15.89877546621069, 213.13210351812876, -417.9751418429462, 398.3777220225241, -353.1376660969524, 259.25319854597274, -149.8991171713197, 62.0562021212609, -13.017523645443614, -0.0, 2.081934350896828, -3.510046673382228, 4.042668280599944, -3.3779284220878196, 2.1316138359768773, -0.920513161317289, 0.0, -2.957654320338932, 9.154255044364893, -10.250535530174577, 8.43382000827092, -5.30962112427004, 2.273308336097019, -0.5632989380115704, -6.764165464921247, 14.985968952598459, -12.33785620267033, 7.867986677035465, -3.451093101579436, 0.9399544418892833, -8.226682010968771, 13.55402159018146, -8.787458056637414, 4.028903375082148, -1.2287688446706162, -5.680640384044775, 7.615551473128077, -3.7006341279462327, 1.2492174038438975, -2.6316311011583813, 2.6899889367433123, -0.9831770541189262, -0.7480403105587988, 0.5864934847236999, -0.0], [2.0711818412521437, 43.699749004268575, 77.12840263830041, -185.00328743747565, 108.2366545381434, -70.03209569348155, 38.290806021350335, -15.487440531936253, 3.3519892110732545, 0.0, -0.0, 0.6504293669181458, -0.7247061335671968, 0.5926323959159249, -0.0, 0.0, -0.0, 0.5496376129934669, -1.6445596589012856, 1.7995381466178286, -1.463963296601049, 0.9157451206088404, -0.0, 0.0, 1.1970075424388549, -2.625578328459886, 2.16411557822509, -1.3891847241827793, 0.6130882303142864, -0.0, 1.439181683225414, -2.397872281531421, 1.5840603143260108, -0.7430066892440658, 0.0, 1.032540364124407, -1.4325947061111324, 0.7228697759881136, -0.0, 0.5165985308690585, -0.5506403846827402, 0.0, 0.0, -0.0, 0.0], [-0.7923065934124996, -7.297585314254534, 66.90827480005741, 36.43002758470812, -132.76154960864008, 55.26726866030624, -26.63032258413442, 10.19912093866259, -2.1939233408297873, -0.0, 0.0, -0.0, 0.0, -0.0, 0.0, -0.0, 0.0, -0.0, 0.6642351973646478, -0.731115547166653, 0.5990566855683853, -0.0, 0.0, -0.0, -0.4950969934858376, 1.1105937425337264, -0.9380001842299439, 0.6173209822371426, -0.0, 0.0, -0.6289468654010942, 1.0875963431813285, -0.7441403123858238, 0.0, -0.0, -0.4944377956263931, 0.7175154130500402, -0.0, 0.0, -0.0, 0.0, -0.0, -0.0, 0.0, -0.0], [0.0, 3.191049898048867, -17.77129758206517, 85.87764727319112, 11.144124309126203, -105.99556228684186, 32.22336197986964, -10.83676045269923, 2.2201969066203264, 0.0, -0.0, 0.0, -0.0, 0.0, -0.0, 0.0, -0.0, 0.0, -0.0, 0.0, -0.0, 0.0, -0.0, 0.0, 0.0, -0.6611744651921805, 0.5576580852525799, -0.0, 0.0, -0.0, 0.0, -0.6338558998411945, 0.4544416526014991, -0.0, 0.0, 0.0, -0.4527741820080379, 0.0, -0.0, 0.0, -0.0, 0.0, 0.0, -0.0, 0.0], [-0.478716032744685, -2.2174436548131524, 10.806843663554496, -32.1403859045056, 105.8728036302481, -11.012082382372663, -85.97866659364672, 17.813182407594116, -3.1986679214732807, -0.0, 0.0, -0.0, 0.0, -0.0, 0.0, -0.0, 0.0, -0.0, 0.0, -0.0, 0.0, -0.0, 0.0, -0.0, -0.0, 0.46680278545505527, -0.0, 0.0, -0.0, 0.0, -0.0, 0.47417737014400463, -0.0, 0.0, -0.0, -0.0, 0.0, -0.0, 0.0, -0.0, 0.0, -0.0, -0.0, 0.0, -0.0], [0.5449754492632876, 2.1988812226724246, -10.205395186462695, 26.61519784882838, -55.230098529272574, 132.7101629490467, -36.39344467571973, -66.90866376360714, 7.2916391616623315, 0.0, -0.0, 0.0, -0.0, 0.0, -0.0, 0.0, -0.0, 0.0, -0.0, 0.45237092697566905, -0.0, 0.0, -0.0, 0.0, 0.0, -0.7501955750845674, 0.7300247807413951, -0.5579775045942466, 0.0, -0.0, 0.4601442226269162, -0.947951983553031, 0.7654757867700911, -0.46603176513039296, 0.0, 0.5228130465773335, -0.8792565192589793, 0.5562822889055595, -0.0, 0.0, -0.47589080263469, 0.0, 0.0, -0.0, 0.0], [-1.4850112498590826, -3.3419767314024815, 15.422410033979341, -38.12734012813631, 69.82730303440667, -108.04592858528792, 184.88420000405398, -77.11475709729838, -43.68696332491752, -0.0, 0.0, -0.0, 0.0, -0.0, 0.0, -0.0, 0.0, -0.0, 0.8320698672209594, -0.9799191974060828, 0.932804062166323, -0.6805707590149455, 0.0, -0.0, -0.6858829260158232, 1.702846865565347, -1.7237606360641247, 1.3263669701340854, -0.7660323560395894, 0.0, -1.0899652068503998, 2.310641852743554, -1.8546742826318292, 1.1365705585070573, -0.45891555368636366, -1.2852029865190848, 2.1222424553709955, -1.338176551933078, 0.541991226207817, -0.8788939454508747, 1.130381050116309, -0.46300538375446576, -0.0, 0.0, -0.0], [10.861984725958058, 13.00427993032853, -61.86179099971179, 149.3467727410783, -258.63238283247256, 352.66959874991784, -398.30293424108106, 418.3228785684523, -213.33517655069303, 0.0, -0.9915764554530693, 1.5704228542838554, -1.7690025079364535, 1.5802795293209748, -1.0742540385317383, 0.536282003811951, -0.0, 1.376397207618359, -4.417780983293772, 5.308416408503255, -5.185011156191812, 3.8637961776165697, -2.16435869151239, 0.7915208755094575, 3.7084201181992333, -9.373777636913024, 9.715703598094148, -7.6304619675896035, 4.584100352776441, -1.765495280168487, 6.113451022929569, -13.24456143232883, 10.82525359385636, -6.856312023028128, 2.7275426457498493, 7.465708541147167, -12.47060302115623, 8.055206710203441, -3.1946254246826142, 5.214565125674663, -6.828207288069224, 2.7119858550219686, 2.2493779621680967, -1.7028322704770902, 0.0]]",(x0)' = -15.899 1 +  213.132 x0 + -417.975 x1 +  398.378 x2 + -353.138 x3 +  259.253 x4 + -149.899 x5 +  62.056 x6 + -13.018 x7 +  2.082 x0 x1 + -3.510 x0 x2 +  4.043 x0 x3 + -3.378 x0 x4 +  2.132 x0 x5 + -0.921 x0 x6 + -2.958 x1^2 +  9.154 x1 x2 + -10.251 x1 x3 +  8.434 x1 x4 + -5.310 x1 x5 +  2.273 x1 x6 + -0.563 x1 x7 + -6.764 x2^2 +  14.986 x2 x3 + -12.338 x2 x4 +  7.868 x2 x5 + -3.451 x2 x6 +  0.940 x2 x7 + -8.227 x3^2 +  13.554 x3 x4 + -8.787 x3 x5 +  4.029 x3 x6 + -1.229 x3 x7 + -5.681 x4^2 +  7.616 x4 x5 + -3.701 x4 x6 +  1.249 x4 x7 + -2.632 x5^2 +  2.690 x5 x6 + -0.983 x5 x7 + -0.748 x6^2 +  0.586 x6 x7 | (x1)' =  2.071 1 +  43.700 x0 +  77.128 x1 + -185.003 x2 +  108.237 x3 + -70.032 x4 +  38.291 x5 + -15.487 x6 +  3.352 x7 +  0.650 x0 x2 + -0.725 x0 x3 +  0.593 x0 x4 +  0.550 x1^2 + -1.645 x1 x2 +  1.800 x1 x3 + -1.464 x1 x4 +  0.916 x1 x5 +  1.197 x2^2 + -2.626 x2 x3 +  2.164 x2 x4 + -1.389 x2 x5 +  0.613 x2 x6 +  1.439 x3^2 + -2.398 x3 x4 +  1.584 x3 x5 + -0.743 x3 x6 +  1.033 x4^2 + -1.433 x4 x5 +  0.723 x4 x6 +  0.517 x5^2 + -0.551 x5 x6 | (x2)' = -0.792 1 + -7.298 x0 +  66.908 x1 +  36.430 x2 + -132.762 x3 +  55.267 x4 + -26.630 x5 +  10.199 x6 + -2.194 x7 +  0.664 x1 x2 + -0.731 x1 x3 +  0.599 x1 x4 + -0.495 x2^2 +  1.111 x2 x3 + -0.938 x2 x4 +  0.617 x2 x5 + -0.629 x3^2 +  1.088 x3 x4 + -0.744 x3 x5 + -0.494 x4^2 +  0.718 x4 x5 | (x3)' =  3.191 x0 + -17.771 x1 +  85.878 x2 +  11.144 x3 + -105.996 x4 +  32.223 x5 + -10.837 x6 +  2.220 x7 + -0.661 x2 x3 +  0.558 x2 x4 + -0.634 x3 x4 +  0.454 x3 x5 + -0.453 x4 x5 | (x4)' = -0.479 1 + -2.217 x0 +  10.807 x1 + -32.140 x2 +  105.873 x3 + -11.012 x4 + -85.979 x5 +  17.813 x6 + -3.199 x7 +  0.467 x2 x3 +  0.474 x3 x4 | (x5)' =  0.545 1 +  2.199 x0 + -10.205 x1 +  26.615 x2 + -55.230 x3 +  132.710 x4 + -36.393 x5 + -66.909 x6 +  7.292 x7 +  0.452 x1 x3 + -0.750 x2 x3 +  0.730 x2 x4 + -0.558 x2 x5 +  0.460 x3^2 + -0.948 x3 x4 +  0.765 x3 x5 + -0.466 x3 x6 +  0.523 x4^2 + -0.879 x4 x5 +  0.556 x4 x6 + -0.476 x5 x6 | (x6)' = -1.485 1 + -3.342 x0 +  15.422 x1 + -38.127 x2 +  69.827 x3 + -108.046 x4 +  184.884 x5 + -77.115 x6 + -43.687 x7 +  0.832 x1 x2 + -0.980 x1 x3 +  0.933 x1 x4 + -0.681 x1 x5 + -0.686 x2^2 +  1.703 x2 x3 + -1.724 x2 x4 +  1.326 x2 x5 + -0.766 x2 x6 + -1.090 x3^2 +  2.311 x3 x4 + -1.855 x3 x5 +  1.137 x3 x6 + -0.459 x3 x7 + -1.285 x4^2 +  2.122 x4 x5 + -1.338 x4 x6 +  0.542 x4 x7 + -0.879 x5^2 +  1.130 x5 x6 + -0.463 x5 x7 | (x7)' =  10.862 1 +  13.004 x0 + -61.862 x1 +  149.347 x2 + -258.632 x3 +  352.670 x4 + -398.303 x5 +  418.323 x6 + -213.335 x7 + -0.992 x0 x1 +  1.570 x0 x2 + -1.769 x0 x3 +  1.580 x0 x4 + -1.074 x0 x5 +  0.536 x0 x6 +  1.376 x1^2 + -4.418 x1 x2 +  5.308 x1 x3 + -5.185 x1 x4 +  3.864 x1 x5 + -2.164 x1 x6 +  0.792 x1 x7 +  3.708 x2^2 + -9.374 x2 x3 +  9.716 x2 x4 + -7.630 x2 x5 +  4.584 x2 x6 + -1.765 x2 x7 +  6.113 x3^2 + -13.245 x3 x4 +  10.825 x3 x5 + -6.856 x3 x6 +  2.728 x3 x7 +  7.466 x4^2 + -12.471 x4 x5 +  8.055 x4 x6 + -3.195 x4 x7 +  5.215 x5^2 + -6.828 x5 x6 +  2.712 x5 x7 +  2.249 x6^2 + -1.703 x6 x7
128,35.0,,,sr3,0.1,0.05,10.0,2,8,2,8.0,56.0,5,20.0,smoothed_finite_difference_savgol_order_3,success,,135,360,37.5,0.6746219769120216,"[""1"", ""x0"", ""x1"", ""x2"", ""x3"", ""x4"", ""x5"", ""x6"", ""x7"", ""x0^2"", ""x0 x1"", ""x0 x2"", ""x0 x3"", ""x0 x4"", ""x0 x5"", ""x0 x6"", ""x0 x7"", ""x1^2"", ""x1 x2"", ""x1 x3"", ""x1 x4"", ""x1 x5"", ""x1 x6"", ""x1 x7"", ""x2^2"", ""x2 x3"", ""x2 x4"", ""x2 x5"", ""x2 x6"", ""x2 x7"", ""x3^2"", ""x3 x4"", ""x3 x5"", ""x3 x6"", ""x3 x7"", ""x4^2"", ""x4 x5"", ""x4 x6"", ""x4 x7"", ""x5^2"", ""x5 x6"", ""x5 x7"", ""x6^2"", ""x6 x7"", ""x7^2""]","[[-15.898776214855422, 213.13210351877171, -417.97514184143307, 398.3777220092121, -353.13766606337606, 259.25319849409385, -149.89911711777023, 62.056202081723896, -13.017523629063136, -0.0, 2.0819342163987193, -3.510046396843891, 4.042667884214402, -3.377927994968669, 2.131613489229564, -0.0, 0.0, -2.9576540749142457, 9.15425404310016, -10.250534101837362, 8.433818473793789, -5.309619880484499, 2.273307625409743, -0.0, -6.764164452182556, 14.98596608222172, -12.337853135343341, 7.8679842011502545, -3.45109169145902, 0.0, -8.226679989929318, 13.554017295855429, -8.787454608201763, 4.02890141999854, -0.0, -5.680638117052831, 7.615547855035441, -3.700632089196789, 0.0, -2.631629667998195, 2.6899873342032423, -0.0, -0.0, 0.0, -0.0], [2.0711834000671154, 43.69974899219913, 77.12840266252223, -185.00328746529357, 108.23665456504756, -70.03209571800895, 38.29080603803345, -15.487440540799962, 3.351989213006739, 0.0, -0.0, 0.0, -0.0, 0.0, -0.0, 0.0, -0.0, 0.0, -1.6445570293725034, 1.799534602760237, -1.46395980003825, 0.0, -0.0, 0.0, 0.0, -2.625571326985393, 2.164108658082082, -0.0, 0.0, -0.0, 1.4391769719159737, -2.397862966454526, 1.5840535692294195, -0.0, 0.0, 0.0, -1.4325880429554225, 0.0, -0.0, 0.0, -0.0, 0.0, 0.0, -0.0, 0.0], [-0.0, -7.297585320381189, 66.90827480679887, 36.43002762713338, -132.76154974196072, 55.26726888422855, -26.630322816116337, 10.199121111497458, -2.1939234176968974, -0.0, 0.0, -0.0, 0.0, -0.0, 0.0, -0.0, 0.0, -0.0, 0.0, -0.0, 0.0, -0.0, 0.0, -0.0, -0.0, 0.0, -0.0, 0.0, -0.0, 0.0, -0.0, 0.0, -0.0, 0.0, -0.0, -0.0, 0.0, -0.0, 0.0, -0.0, 0.0, -0.0, -0.0, 0.0, -0.0], [0.0, 3.191050149765383, -17.77129816260807, 85.87764793876545, 11.14412383171688, -105.99556212323523, 32.223362063036085, -10.836760622061169, 2.22019699507594, 0.0, -0.0, 0.0, -0.0, 0.0, -0.0, 0.0, -0.0, 0.0, -0.0, 0.0, -0.0, 0.0, -0.0, 0.0, 0.0, -0.0, 0.0, -0.0, 0.0, -0.0, 0.0, -0.0, 0.0, -0.0, 0.0, 0.0, -0.0, 0.0, -0.0, 0.0, -0.0, 0.0, 0.0, -0.0, 0.0], [-0.0, -2.2174439301751208, 10.806844263956732, -32.14038650020903, 105.87280390595147, -11.012082239954289, -85.97866698876868, 17.813182801933763, -3.1986681110609005, -0.0, 0.0, -0.0, 0.0, -0.0, 0.0, -0.0, 0.0, -0.0, 0.0, -0.0, 0.0, -0.0, 0.0, -0.0, -0.0, 0.0, -0.0, 0.0, -0.0, 0.0, -0.0, 0.0, -0.0, 0.0, -0.0, -0.0, 0.0, -0.0, 0.0, -0.0, 0.0, -0.0, -0.0, 0.0, -0.0], [0.0, 2.198881327161886, -10.205395430477463, 26.615198148087003, -55.230098792248775, 132.71016310940323, -36.39344473551599, -66.90866376494714, 7.291639170579658, 0.0, -0.0, 0.0, -0.0, 0.0, -0.0, 0.0, -0.0, 0.0, -0.0, 0.0, -0.0, 0.0, -0.0, 0.0, 0.0, -0.0, 0.0, -0.0, 0.0, -0.0, 0.0, -0.0, 0.0, -0.0, 0.0, 0.0, -0.0, 0.0, -0.0, 0.0, -0.0, 0.0, 0.0, -0.0, 0.0], [-1.4850147423138844, -3.341976731711594, 15.422410052249353, -38.1273401835111, 69.82730313187633, -108.04592870851586, 184.88420012248838, -77.11475718093975, -43.686963289828086, -0.0, 0.0, -0.0, 0.0, -0.0, 0.0, -0.0, 0.0, -0.0, 0.0, -0.0, 0.0, -0.0, 0.0, -0.0, -0.0, 1.7028321398274595, -1.7237454360596431, 0.0, -0.0, 0.0, -0.0, 2.3106207457203656, -1.854658196547075, 0.0, -0.0, -0.0, 2.1222259846925335, -0.0, 0.0, -0.0, 0.0, -0.0, -0.0, 0.0, -0.0], [10.861985099596325, 13.004279917715516, -61.86179096905829, 149.3467727007355, -258.6323827931826, 352.6695987200328, -398.3029342235448, 418.3228785611489, -213.33517654865665, 0.0, -0.0, 1.5704226147688454, -1.7690022019747695, 1.5802792348538264, -0.0, 0.0, -0.0, 0.0, -4.417780196779495, 5.308415409051585, -5.185010198391696, 3.863795485833365, -2.164358341823242, 0.0, 3.7084194127054646, -9.373775857047415, 9.715701903087743, -7.630460749765655, 4.584099739844687, -1.7654951093207194, 6.113449908520688, -13.244559324102289, 10.825252088308659, -6.856311269411981, 2.727542436443081, 7.465707551118046, -12.47060161713707, 8.055206012278026, -3.194625231863634, 5.214564631821057, -6.828206801267371, 2.7119857215036345, 2.2493778434627147, -1.7028322060504262, 0.0]]",(x0)' = -15.899 1 +  213.132 x0 + -417.975 x1 +  398.378 x2 + -353.138 x3 +  259.253 x4 + -149.899 x5 +  62.056 x6 + -13.018 x7 +  2.082 x0 x1 + -3.510 x0 x2 +  4.043 x0 x3 + -3.378 x0 x4 +  2.132 x0 x5 + -2.958 x1^2 +  9.154 x1 x2 + -10.251 x1 x3 +  8.434 x1 x4 + -5.310 x1 x5 +  2.273 x1 x6 + -6.764 x2^2 +  14.986 x2 x3 + -12.338 x2 x4 +  7.868 x2 x5 + -3.451 x2 x6 + -8.227 x3^2 +  13.554 x3 x4 + -8.787 x3 x5 +  4.029 x3 x6 + -5.681 x4^2 +  7.616 x4 x5 + -3.701 x4 x6 + -2.632 x5^2 +  2.690 x5 x6 | (x1)' =  2.071 1 +  43.700 x0 +  77.128 x1 + -185.003 x2 +  108.237 x3 + -70.032 x4 +  38.291 x5 + -15.487 x6 +  3.352 x7 + -1.645 x1 x2 +  1.800 x1 x3 + -1.464 x1 x4 + -2.626 x2 x3 +  2.164 x2 x4 +  1.439 x3^2 + -2.398 x3 x4 +  1.584 x3 x5 + -1.433 x4 x5 | (x2)' = -7.298 x0 +  66.908 x1 +  36.430 x2 + -132.762 x3 +  55.267 x4 + -26.630 x5 +  10.199 x6 + -2.194 x7 | (x3)' =  3.191 x0 + -17.771 x1 +  85.878 x2 +  11.144 x3 + -105.996 x4 +  32.223 x5 + -10.837 x6 +  2.220 x7 | (x4)' = -2.217 x0 +  10.807 x1 + -32.140 x2 +  105.873 x3 + -11.012 x4 + -85.979 x5 +  17.813 x6 + -3.199 x7 | (x5)' =  2.199 x0 + -10.205 x1 +  26.615 x2 + -55.230 x3 +  132.710 x4 + -36.393 x5 + -66.909 x6 +  7.292 x7 | (x6)' = -1.485 1 + -3.342 x0 +  15.422 x1 + -38.127 x2 +  69.827 x3 + -108.046 x4 +  184.884 x5 + -77.115 x6 + -43.687 x7 +  1.703 x2 x3 + -1.724 x2 x4 +  2.311 x3 x4 + -1.855 x3 x5 +  2.122 x4 x5 | (x7)' =  10.862 1 +  13.004 x0 + -61.862 x1 +  149.347 x2 + -258.632 x3 +  352.670 x4 + -398.303 x5 +  418.323 x6 + -213.335 x7 +  1.570 x0 x2 + -1.769 x0 x3 +  1.580 x0 x4 + -4.418 x1 x2 +  5.308 x1 x3 + -5.185 x1 x4 +  3.864 x1 x5 + -2.164 x1 x6 +  3.708 x2^2 + -9.374 x2 x3 +  9.716 x2 x4 + -7.630 x2 x5 +  4.584 x2 x6 + -1.765 x2 x7 +  6.113 x3^2 + -13.245 x3 x4 +  10.825 x3 x5 + -6.856 x3 x6 +  2.728 x3 x7 +  7.466 x4^2 + -12.471 x4 x5 +  8.055 x4 x6 + -3.195 x4 x7 +  5.215 x5^2 + -6.828 x5 x6 +  2.712 x5 x7 +  2.249 x6^2 + -1.703 x6 x7
129,35.0,,,sr3,0.1,0.05,0.01,2,8,2,8.0,56.0,9,36.0,smoothed_finite_difference_savgol_order_3,success,,328,360,91.11111111111111,0.8202416282147169,"[""1"", ""x0"", ""x1"", ""x2"", ""x3"", ""x4"", ""x5"", ""x6"", ""x7"", ""x0^2"", ""x0 x1"", ""x0 x2"", ""x0 x3"", ""x0 x4"", ""x0 x5"", ""x0 x6"", ""x0 x7"", ""x1^2"", ""x1 x2"", ""x1 x3"", ""x1 x4"", ""x1 x5"", ""x1 x6"", ""x1 x7"", ""x2^2"", ""x2 x3"", ""x2 x4"", ""x2 x5"", ""x2 x6"", ""x2 x7"", ""x3^2"", ""x3 x4"", ""x3 x5"", ""x3 x6"", ""x3 x7"", ""x4^2"", ""x4 x5"", ""x4 x6"", ""x4 x7"", ""x5^2"", ""x5 x6"", ""x5 x7"", ""x6^2"", ""x6 x7"", ""x7^2""]","[[-8.061561533022884, 240.16868089379273, -508.6532130392795, 554.7551145368666, -533.567861038808, 407.81863991954816, -236.1963653544409, 94.31009308698373, -19.305312011958055, -0.3579260773280321, 2.8167315852421164, -5.448572900541683, 6.893439397498484, -6.211717088456741, 4.068349484862833, -1.8476629007130123, 0.47517064502128814, -4.999926373868203, 18.287598501449306, -22.55251602360261, 20.102420065480537, -13.16061345279241, 6.031093304333602, -1.6056248825002826, -16.150201774351007, 39.157401174533014, -34.7365403582816, 22.857268059639768, -10.683379217497002, 2.979437606334038, -23.494987209251438, 41.708401643979535, -27.718229432132198, 13.306740718596775, -3.902012855932763, -18.71726034312794, 25.31017426121894, -12.53836787807025, 3.84600652842796, -8.725464860488223, 8.944238315815744, -2.850831567638755, -2.3888199921805384, 1.5490435761285073, -0.2412914749481512], [0.7373422518732932, 39.876941264804316, 89.57753274636266, -205.51134666581532, 130.50654946354553, -86.90333699098143, 46.879972831854126, -17.952649011741777, 3.6193135875099665, 0.0627749835586649, -0.4313653424759162, 0.6932518612045266, -0.7010202042282123, 0.468887179805496, -0.2006403931765641, 0.05216888226953756, -0.0, 0.7205691361958745, -2.2598540352372014, 2.251902367792553, -1.4860444559683184, 0.6315001645346687, -0.16553095014496064, 0.0, 1.6793605606042488, -3.117512325820806, 1.8556083548020064, -0.6716618667961294, 0.1466136334449987, -0.0, 1.285818017379172, -1.2607333081807324, 0.31329836685465523, -0.06011232346392438, 0.0, 0.20985540017285806, -0.0, 0.07492818050654995, -0.08024400017833946, 0.0, -0.17020862189398467, 0.1167533882650342, 0.10673810223865918, -0.10556340973191909, 0.0], [-0.29545868046120444, -5.807010148137122, 62.139930680799104, 43.92798016365656, -140.1043464514791, 59.68568494780805, -27.806981354464586, 9.846126052856153, -1.9161016227549088, -0.0, 0.3502675834775743, -0.8992505023903601, 1.4793969318021274, -1.6822992677360546, 1.3148279740066362, -0.6461442775536362, 0.15475823908990574, -0.8078006669211325, 3.859606549717568, -6.1274754039993, 6.851802493661313, -5.328828319787245, 2.634839488982238, -0.6455246675356536, -4.428249689201785, 13.725517246570666, -15.128424641878913, 11.688857363570252, -5.802833028583541, 1.4483182003793929, -10.443770785107908, 22.72130240572046, -17.4338994039314, 8.685135718387277, -2.203432956264963, -12.22219041808021, 18.62517160308915, -9.294868533250765, 2.3858640863756455, -7.054335925789476, 7.041042635983265, -1.817972615325935, -1.7610146205993618, 0.9112882770056867, -0.11706724688771517], [0.4198884348768378, 2.421548919088908, -15.53605699358122, 82.89333868471239, 13.236394581793416, -106.08129700627697, 30.792397851225985, -9.380624107629028, 1.6713788644488425, 0.0, -0.0, 0.0, -0.0, 0.06572335311507359, -0.07572827552141922, 0.0, -0.0, -0.0, 0.2043969506899358, -0.21132912762469014, 0.0, 0.09289938697322428, -0.07553223675014323, 0.0, -0.2955724464002308, 0.6347208629793056, -0.2905226361096254, -0.0, 0.048533049470186135, -0.0, -0.32408439893942154, 0.2697090671696525, 0.0, -0.0, 0.0, -0.0, -0.0, -0.04723495636960497, 0.0, -0.0, 0.10694897876736416, -0.0, -0.05274143214872629, 0.0, -0.0], [-0.8047584036077989, -1.9194176786305093, 10.23217181272227, -32.239249112228656, 107.58814655638922, -14.208691110119263, -82.55081230505267, 15.501472851586016, -2.428534383210596, 0.0, -0.3263469566791979, 0.8323132695483234, -1.4214984223940719, 1.6572491112221386, -1.283436641182555, 0.6150540364994932, -0.14984612927941834, 0.7371369290536739, -3.617885492229538, 5.965941080241297, -6.80082620647686, 5.210167498263839, -2.4860105307105322, 0.6038628524768568, 4.258975682197852, -13.561250274829348, 15.08210942633013, -11.400441806010395, 5.405841361704376, -1.3069012586849422, 10.468197370587658, -22.748829241187238, 16.97199547557792, -8.006542047725294, 1.9310771692611226, 12.128879839077054, -17.89351170512079, 8.401060325722547, -2.0224050186669427, 6.546420411021867, -6.114350083127568, 1.4644662655049838, 1.4181121366885203, -0.6732286367579337, 0.07906851372057941], [0.0, 1.8855065073864015, -9.70057155675936, 27.24767000668205, -58.38325574455651, 138.2286117178707, -42.20611571198225, -63.116498338484945, 6.081943769471452, 0.05616114743419347, -0.4097470545825549, 0.8000160096791409, -1.0387079380257358, 0.9642764767154125, -0.6444545509726615, 0.29720341487890733, -0.07847312550055034, 0.7323628147215702, -2.825900172537308, 3.6436249148151174, -3.38121294291335, 2.277103577480677, -1.0727504653835027, 0.29468080439948746, 2.7018987934663214, -6.924381391722163, 6.428541230780551, -4.371807867713355, 2.1119180455019557, -0.6027343515595446, 4.409363411075246, -8.18893007778204, 5.633727014300846, -2.805134493520187, 0.8339767311510301, 3.824541216464409, -5.348002484081172, 2.751420463599175, -0.8480165027332162, 1.9122807836484745, -2.0340199576187215, 0.6434841570470642, 0.5573168137827014, -0.35421935549121214, 0.05453329103146456], [0.0, -3.4602679002176715, 17.338072245489396, -45.773964137325954, 85.76331829479578, -129.80743981500882, 205.31686690954785, -89.64150206573179, -39.8241661373758, -0.14448661839943575, 1.1216143715451785, -2.2943311393576944, 3.2244318504818126, -3.2496558066879153, 2.2851614356857337, -1.0451993833433013, 0.2515225300007451, -2.1372887866133907, 8.710511700798266, -12.276898878347845, 12.434372091194815, -8.80402510860424, 4.07033444055462, -0.9952819580226522, -8.896223860632205, 25.15970460256138, -25.567974307880835, 18.189826902296193, -8.476266254139741, 2.0949212016765175, -17.807171464420968, 36.23423095853384, -25.872991395379785, 12.14609205417333, -3.029764990027981, -18.45720817271366, 26.453928738042016, -12.509082968605627, 3.144597496021899, -9.523570630862167, 9.073549411638346, -2.292466604308822, -2.1761108819598385, 1.0946408652929593, -0.1331895624925999], [5.923343724549282, 19.47943737890696, -94.83776822377567, 237.1797208501139, -409.4126053827859, 535.6098049155293, -556.760841938263, 510.0361756145811, -240.6204173887149, 0.43039289586133767, -2.9490438472238547, 5.305389464929062, -6.56746407500078, 6.029192117431458, -4.112615358291919, 1.97032896419295, -0.5296529543344497, 4.875680173658909, -17.460484153308425, 21.972603533520328, -20.748734183955357, 14.668840596025108, -7.364751289138999, 2.0830491260722614, 15.848854967726067, -40.79869848722194, 39.60491030639088, -28.836685745073922, 15.006384280981592, -4.389827921507747, 26.83210262304502, -53.32164278011014, 39.707517448838246, -21.198477913987986, 6.320686929672504, 27.052753722612785, -40.94530280055686, 22.181336025809607, -6.634888387928552, 15.639019997654751, -17.039582174970736, 5.04239828237264, 4.599126789040165, -2.607191112929606, 0.3329771672812945]]",(x0)' = -8.062 1 +  240.169 x0 + -508.653 x1 +  554.755 x2 + -533.568 x3 +  407.819 x4 + -236.196 x5 +  94.310 x6 + -19.305 x7 + -0.358 x0^2 +  2.817 x0 x1 + -5.449 x0 x2 +  6.893 x0 x3 + -6.212 x0 x4 +  4.068 x0 x5 + -1.848 x0 x6 +  0.475 x0 x7 + -5.000 x1^2 +  18.288 x1 x2 + -22.553 x1 x3 +  20.102 x1 x4 + -13.161 x1 x5 +  6.031 x1 x6 + -1.606 x1 x7 + -16.150 x2^2 +  39.157 x2 x3 + -34.737 x2 x4 +  22.857 x2 x5 + -10.683 x2 x6 +  2.979 x2 x7 + -23.495 x3^2 +  41.708 x3 x4 + -27.718 x3 x5 +  13.307 x3 x6 + -3.902 x3 x7 + -18.717 x4^2 +  25.310 x4 x5 + -12.538 x4 x6 +  3.846 x4 x7 + -8.725 x5^2 +  8.944 x5 x6 + -2.851 x5 x7 + -2.389 x6^2 +  1.549 x6 x7 + -0.241 x7^2 | (x1)' =  0.737 1 +  39.877 x0 +  89.578 x1 + -205.511 x2 +  130.507 x3 + -86.903 x4 +  46.880 x5 + -17.953 x6 +  3.619 x7 +  0.063 x0^2 + -0.431 x0 x1 +  0.693 x0 x2 + -0.701 x0 x3 +  0.469 x0 x4 + -0.201 x0 x5 +  0.052 x0 x6 +  0.721 x1^2 + -2.260 x1 x2 +  2.252 x1 x3 + -1.486 x1 x4 +  0.632 x1 x5 + -0.166 x1 x6 +  1.679 x2^2 + -3.118 x2 x3 +  1.856 x2 x4 + -0.672 x2 x5 +  0.147 x2 x6 +  1.286 x3^2 + -1.261 x3 x4 +  0.313 x3 x5 + -0.060 x3 x6 +  0.210 x4^2 +  0.075 x4 x6 + -0.080 x4 x7 + -0.170 x5 x6 +  0.117 x5 x7 +  0.107 x6^2 + -0.106 x6 x7 | (x2)' = -0.295 1 + -5.807 x0 +  62.140 x1 +  43.928 x2 + -140.104 x3 +  59.686 x4 + -27.807 x5 +  9.846 x6 + -1.916 x7 +  0.350 x0 x1 + -0.899 x0 x2 +  1.479 x0 x3 + -1.682 x0 x4 +  1.315 x0 x5 + -0.646 x0 x6 +  0.155 x0 x7 + -0.808 x1^2 +  3.860 x1 x2 + -6.127 x1 x3 +  6.852 x1 x4 + -5.329 x1 x5 +  2.635 x1 x6 + -0.646 x1 x7 + -4.428 x2^2 +  13.726 x2 x3 + -15.128 x2 x4 +  11.689 x2 x5 + -5.803 x2 x6 +  1.448 x2 x7 + -10.444 x3^2 +  22.721 x3 x4 + -17.434 x3 x5 +  8.685 x3 x6 + -2.203 x3 x7 + -12.222 x4^2 +  18.625 x4 x5 + -9.295 x4 x6 +  2.386 x4 x7 + -7.054 x5^2 +  7.041 x5 x6 + -1.818 x5 x7 + -1.761 x6^2 +  0.911 x6 x7 + -0.117 x7^2 | (x3)' =  0.420 1 +  2.422 x0 + -15.536 x1 +  82.893 x2 +  13.236 x3 + -106.081 x4 +  30.792 x5 + -9.381 x6 +  1.671 x7 +  0.066 x0 x4 + -0.076 x0 x5 +  0.204 x1 x2 + -0.211 x1 x3 +  0.093 x1 x5 + -0.076 x1 x6 + -0.296 x2^2 +  0.635 x2 x3 + -0.291 x2 x4 +  0.049 x2 x6 + -0.324 x3^2 +  0.270 x3 x4 + -0.047 x4 x6 +  0.107 x5 x6 + -0.053 x6^2 | (x4)' = -0.805 1 + -1.919 x0 +  10.232 x1 + -32.239 x2 +  107.588 x3 + -14.209 x4 + -82.551 x5 +  15.501 x6 + -2.429 x7 + -0.326 x0 x1 +  0.832 x0 x2 + -1.421 x0 x3 +  1.657 x0 x4 + -1.283 x0 x5 +  0.615 x0 x6 + -0.150 x0 x7 +  0.737 x1^2 + -3.618 x1 x2 +  5.966 x1 x3 + -6.801 x1 x4 +  5.210 x1 x5 + -2.486 x1 x6 +  0.604 x1 x7 +  4.259 x2^2 + -13.561 x2 x3 +  15.082 x2 x4 + -11.400 x2 x5 +  5.406 x2 x6 + -1.307 x2 x7 +  10.468 x3^2 + -22.749 x3 x4 +  16.972 x3 x5 + -8.007 x3 x6 +  1.931 x3 x7 +  12.129 x4^2 + -17.894 x4 x5 +  8.401 x4 x6 + -2.022 x4 x7 +  6.546 x5^2 + -6.114 x5 x6 +  1.464 x5 x7 +  1.418 x6^2 + -0.673 x6 x7 +  0.079 x7^2 | (x5)' =  1.886 x0 + -9.701 x1 +  27.248 x2 + -58.383 x3 +  138.229 x4 + -42.206 x5 + -63.116 x6 +  6.082 x7 +  0.056 x0^2 + -0.410 x0 x1 +  0.800 x0 x2 + -1.039 x0 x3 +  0.964 x0 x4 + -0.644 x0 x5 +  0.297 x0 x6 + -0.078 x0 x7 +  0.732 x1^2 + -2.826 x1 x2 +  3.644 x1 x3 + -3.381 x1 x4 +  2.277 x1 x5 + -1.073 x1 x6 +  0.295 x1 x7 +  2.702 x2^2 + -6.924 x2 x3 +  6.429 x2 x4 + -4.372 x2 x5 +  2.112 x2 x6 + -0.603 x2 x7 +  4.409 x3^2 + -8.189 x3 x4 +  5.634 x3 x5 + -2.805 x3 x6 +  0.834 x3 x7 +  3.825 x4^2 + -5.348 x4 x5 +  2.751 x4 x6 + -0.848 x4 x7 +  1.912 x5^2 + -2.034 x5 x6 +  0.643 x5 x7 +  0.557 x6^2 + -0.354 x6 x7 +  0.055 x7^2 | (x6)' = -3.460 x0 +  17.338 x1 + -45.774 x2 +  85.763 x3 + -129.807 x4 +  205.317 x5 + -89.642 x6 + -39.824 x7 + -0.144 x0^2 +  1.122 x0 x1 + -2.294 x0 x2 +  3.224 x0 x3 + -3.250 x0 x4 +  2.285 x0 x5 + -1.045 x0 x6 +  0.252 x0 x7 + -2.137 x1^2 +  8.711 x1 x2 + -12.277 x1 x3 +  12.434 x1 x4 + -8.804 x1 x5 +  4.070 x1 x6 + -0.995 x1 x7 + -8.896 x2^2 +  25.160 x2 x3 + -25.568 x2 x4 +  18.190 x2 x5 + -8.476 x2 x6 +  2.095 x2 x7 + -17.807 x3^2 +  36.234 x3 x4 + -25.873 x3 x5 +  12.146 x3 x6 + -3.030 x3 x7 + -18.457 x4^2 +  26.454 x4 x5 + -12.509 x4 x6 +  3.145 x4 x7 + -9.524 x5^2 +  9.074 x5 x6 + -2.292 x5 x7 + -2.176 x6^2 +  1.095 x6 x7 + -0.133 x7^2 | (x7)' =  5.923 1 +  19.479 x0 + -94.838 x1 +  237.180 x2 + -409.413 x3 +  535.610 x4 + -556.761 x5 +  510.036 x6 + -240.620 x7 +  0.430 x0^2 + -2.949 x0 x1 +  5.305 x0 x2 + -6.567 x0 x3 +  6.029 x0 x4 + -4.113 x0 x5 +  1.970 x0 x6 + -0.530 x0 x7 +  4.876 x1^2 + -17.460 x1 x2 +  21.973 x1 x3 + -20.749 x1 x4 +  14.669 x1 x5 + -7.365 x1 x6 +  2.083 x1 x7 +  15.849 x2^2 + -40.799 x2 x3 +  39.605 x2 x4 + -28.837 x2 x5 +  15.006 x2 x6 + -4.390 x2 x7 +  26.832 x3^2 + -53.322 x3 x4 +  39.708 x3 x5 + -21.198 x3 x6 +  6.321 x3 x7 +  27.053 x4^2 + -40.945 x4 x5 +  22.181 x4 x6 + -6.635 x4 x7 +  15.639 x5^2 + -17.040 x5 x6 +  5.042 x5 x7 +  4.599 x6^2 + -2.607 x6 x7 +  0.333 x7^2
130,35.0,,,sr3,0.1,0.05,0.1,2,8,2,8.0,56.0,9,36.0,smoothed_finite_difference_savgol_order_3,success,,306,360,85.0,0.7161500854417682,"[""1"", ""x0"", ""x1"", ""x2"", ""x3"", ""x4"", ""x5"", ""x6"", ""x7"", ""x0^2"", ""x0 x1"", ""x0 x2"", ""x0 x3"", ""x0 x4"", ""x0 x5"", ""x0 x6"", ""x0 x7"", ""x1^2"", ""x1 x2"", ""x1 x3"", ""x1 x4"", ""x1 x5"", ""x1 x6"", ""x1 x7"", ""x2^2"", ""x2 x3"", ""x2 x4"", ""x2 x5"", ""x2 x6"", ""x2 x7"", ""x3^2"", ""x3 x4"", ""x3 x5"", ""x3 x6"", ""x3 x7"", ""x4^2"", ""x4 x5"", ""x4 x6"", ""x4 x7"", ""x5^2"", ""x5 x6"", ""x5 x7"", ""x6^2"", ""x6 x7"", ""x7^2""]","[[-8.061561129352246, 240.16868088761146, -508.65321302674266, 554.7551145293907, -533.5678610478141, 407.8186399465439, -236.19636538695428, 94.31009311130173, -19.30531202144816, -0.35792611460815144, 2.816731890755364, -5.44857355441068, 6.893440327605784, -6.2117180344309695, 4.068350172595012, -1.8476632327811224, 0.4751707281737097, -4.999926996128118, 18.287601155586476, -22.552519792797305, 20.10242389754029, -13.160616240465018, 6.031094652449334, -1.6056252210843296, -16.150204596140338, 39.157409173792566, -34.73654848334452, 22.857273969763533, -10.68338207771975, 2.9794383259555586, -23.494992869435166, 41.70841313021016, -27.718237782875914, 13.306744760338685, -3.902013873743492, -18.71726616460498, 25.310182718872067, -12.538371969416653, 3.8460075588271714, -8.725467928934789, 8.944241280793575, -2.8508323137152516, -2.388820706932171, 1.549043934938495, -0.24129151977409002], [0.737213499096412, 39.876942569253664, 89.57753133663034, -205.51135007718193, 130.50656143156021, -86.90335611939585, 46.879991958332205, -17.952661827365116, 3.61931815741571, 0.0, -0.4314623013612313, 0.6934594402821765, -0.701318372290063, 0.4691961244835333, -0.20087106843510225, 0.0, -0.0, 0.7207645251192034, -2.260687483396108, 2.253096614448582, -1.4872799096423075, 0.6324217550118583, -0.16599168287404448, 0.0, 1.6802459620467947, -3.1200416962250985, 1.8582183299130426, -0.6736048754147697, 0.14758353764902304, -0.0, 1.2876189258785404, -1.2644395033001878, 0.31605064529709903, -0.0, 0.0, 0.21175673994173966, -0.0, 0.0, -0.0, 0.0, -0.17123805938469577, 0.0, 0.0, -0.0, 0.0], [-0.2954579344805969, -5.807010260734405, 62.1399310398961, 43.927979553083, -140.10434572226552, 59.68568429630382, -27.806980919746575, 9.846125850698574, -1.9161015704053048, -0.0, 0.3502685576927294, -0.8992523178809164, 1.479399223533505, -1.682301362598709, 1.3148293564907851, -0.6461448875070662, 0.15475838220783353, -0.8078023747091645, 3.8596128917597317, -6.127483382430464, 6.85180975863297, -5.328833091030157, 2.634841579751881, -0.6455251539704585, -4.428255545805649, 13.725531893125401, -15.128437884447832, 11.688865984432821, -5.8028367616458825, 1.4483190557889731, -10.443779874062418, 22.721318689786635, -17.433909879725682, 8.685140180825947, -2.2034339567340644, -12.222197624011596, 18.625180724921552, -9.29487232913677, 2.3858649101929736, -7.0543387473110934, 7.0410449040683085, -1.8179730827026268, -1.7610150510470701, 0.9112884381227911, -0.0], [0.4199567893341538, 2.4215465803694425, -15.536050898039887, 82.89333103543726, 13.23640017835655, -106.0812981945711, 30.79239565629568, -9.38062122350855, 1.6713775465157061, 0.0, -0.0, 0.0, -0.0, 0.0, -0.0, 0.0, -0.0, -0.0, 0.2048918286083451, -0.2120092363648116, 0.0, 0.0, -0.0, 0.0, -0.2960760830787187, 0.6361009944407674, -0.2918901807908619, -0.0, 0.0, -0.0, -0.3250274524763651, 0.27157443746376303, 0.0, -0.0, 0.0, -0.0, -0.0, -0.0, 0.0, -0.0, 0.0, -0.0, -0.0, 0.0, -0.0], [-0.8047593550609807, -1.9194175598703087, 10.23217143902486, -32.239248488634516, 107.58814582872462, -14.208690478885016, -82.55081271177359, 15.501473031782043, -2.428534427237137, 0.0, -0.32634806599831434, 0.8323153552533368, -1.4215010839974864, 1.6572515778389596, -1.283438298000567, 0.6150547848898531, -0.14984630989697417, 0.7371388875343208, -3.6178928395530074, 5.965950439521477, -6.800834865278579, 5.2101733031874, -2.486013146053204, 0.6038634818943319, 4.258982549632303, -13.561267707782005, 15.082125492622449, -11.400452530384342, 5.405846167645156, -1.306902408031629, 10.468208386055078, -22.74884944337194, 16.9720088809001, -8.00654801036812, 1.931078582416204, 12.128889043587192, -17.893523824892434, 8.401065661744237, -2.0224062674955348, 6.546424359783563, -6.114353512218957, 1.464467054021155, 1.4181128666000542, -0.6732289637348232, 0.0], [0.0, 1.8855065002696212, -9.700571579119451, 27.24767012237239, -58.383255953776576, 138.22861198129146, -42.20611593674061, -63.11649819698747, 6.081943712721908, 0.0, -0.40974514373240495, 0.8000123826450255, -1.0387032129424478, 0.9642719481225265, -0.6444513572634138, 0.29720187513933777, -0.0, 0.7323593090210564, -2.825886542990185, 3.6436068845822462, -3.381195482870725, 2.2770911896219155, -1.0727444766055114, 0.29467925005474416, 2.7018852553885133, -6.924344959804546, 6.4285054809609425, -4.3717822489629015, 2.1119055663555377, -0.6027311039067229, 4.40933850241491, -8.188880487059112, 5.6336910497140975, -2.8051168000788134, 0.833972099044099, 3.8245161615130137, -5.3479656222019445, 2.7514020898322378, -0.8480116431917407, 1.9122670085325615, -2.0340059942410083, 0.6434804076457903, 0.557313199037132, -0.3542173681133196, 0.0], [0.0, -3.4602678681827412, 17.33807204953149, -45.773963682880066, 85.76331771022444, -129.80743925265602, 205.31686653071847, -89.64150186439345, -39.82416622625522, -0.14448724136458493, 1.121618727995474, -2.2943392480679137, 3.224442164411621, -3.2496654049437126, 2.285167966493244, -1.0452023933955714, 0.25152327868799856, -2.1372967875686655, 8.710542509759561, -12.276938983146813, 12.434410057879658, -8.804051250818308, 4.070346585780313, -0.9952849615056032, -8.896254440322885, 25.159786190916467, -25.56805311372323, 18.189882065584456, -8.476292248935481, 2.09492768034431, -17.80722715797779, 36.2343408299212, -25.873069732966336, 12.146129589102246, -3.0297744567951734, -18.457263554957066, 26.45400940413517, -12.50912242180764, 3.144607623153456, -9.523600703570331, 9.073579581841447, -2.2924745377939404, -2.1761186946618447, 1.0946451236593828, -0.0], [5.92334321055559, 19.479437390163444, -94.83776825042804, 237.17972087802897, -409.4126053940105, 535.6098049023719, -556.7608419118038, 510.03617559117106, -240.62041737886443, 0.4303929473913489, -2.9490442634499026, 5.305390343212557, -6.567465308697033, 6.029193358351032, -4.112616251824119, 1.97032939205906, -0.5296530608498536, 4.875681009887892, -17.46048767205508, 21.97260847022233, -20.74873914924441, 14.668844174250726, -7.364753005396717, 2.0830495545808163, 15.848858660163746, -40.798708831918454, 39.60492070390141, -28.83669323858802, 15.006387878087354, -4.38982882116099, 26.832109859020537, -53.321657313511444, 39.7075279191771, -21.198482940858653, 6.3206881879965175, 27.05276101407486, -40.9453132989985, 22.181341063805625, -6.634889649093203, 15.639023772697856, -17.039585793707943, 5.042399187415394, 4.599127654457121, -2.6071915447025953, 0.33297722088527804]]",(x0)' = -8.062 1 +  240.169 x0 + -508.653 x1 +  554.755 x2 + -533.568 x3 +  407.819 x4 + -236.196 x5 +  94.310 x6 + -19.305 x7 + -0.358 x0^2 +  2.817 x0 x1 + -5.449 x0 x2 +  6.893 x0 x3 + -6.212 x0 x4 +  4.068 x0 x5 + -1.848 x0 x6 +  0.475 x0 x7 + -5.000 x1^2 +  18.288 x1 x2 + -22.553 x1 x3 +  20.102 x1 x4 + -13.161 x1 x5 +  6.031 x1 x6 + -1.606 x1 x7 + -16.150 x2^2 +  39.157 x2 x3 + -34.737 x2 x4 +  22.857 x2 x5 + -10.683 x2 x6 +  2.979 x2 x7 + -23.495 x3^2 +  41.708 x3 x4 + -27.718 x3 x5 +  13.307 x3 x6 + -3.902 x3 x7 + -18.717 x4^2 +  25.310 x4 x5 + -12.538 x4 x6 +  3.846 x4 x7 + -8.725 x5^2 +  8.944 x5 x6 + -2.851 x5 x7 + -2.389 x6^2 +  1.549 x6 x7 + -0.241 x7^2 | (x1)' =  0.737 1 +  39.877 x0 +  89.578 x1 + -205.511 x2 +  130.507 x3 + -86.903 x4 +  46.880 x5 + -17.953 x6 +  3.619 x7 + -0.431 x0 x1 +  0.693 x0 x2 + -0.701 x0 x3 +  0.469 x0 x4 + -0.201 x0 x5 +  0.721 x1^2 + -2.261 x1 x2 +  2.253 x1 x3 + -1.487 x1 x4 +  0.632 x1 x5 + -0.166 x1 x6 +  1.680 x2^2 + -3.120 x2 x3 +  1.858 x2 x4 + -0.674 x2 x5 +  0.148 x2 x6 +  1.288 x3^2 + -1.264 x3 x4 +  0.316 x3 x5 +  0.212 x4^2 + -0.171 x5 x6 | (x2)' = -0.295 1 + -5.807 x0 +  62.140 x1 +  43.928 x2 + -140.104 x3 +  59.686 x4 + -27.807 x5 +  9.846 x6 + -1.916 x7 +  0.350 x0 x1 + -0.899 x0 x2 +  1.479 x0 x3 + -1.682 x0 x4 +  1.315 x0 x5 + -0.646 x0 x6 +  0.155 x0 x7 + -0.808 x1^2 +  3.860 x1 x2 + -6.127 x1 x3 +  6.852 x1 x4 + -5.329 x1 x5 +  2.635 x1 x6 + -0.646 x1 x7 + -4.428 x2^2 +  13.726 x2 x3 + -15.128 x2 x4 +  11.689 x2 x5 + -5.803 x2 x6 +  1.448 x2 x7 + -10.444 x3^2 +  22.721 x3 x4 + -17.434 x3 x5 +  8.685 x3 x6 + -2.203 x3 x7 + -12.222 x4^2 +  18.625 x4 x5 + -9.295 x4 x6 +  2.386 x4 x7 + -7.054 x5^2 +  7.041 x5 x6 + -1.818 x5 x7 + -1.761 x6^2 +  0.911 x6 x7 | (x3)' =  0.420 1 +  2.422 x0 + -15.536 x1 +  82.893 x2 +  13.236 x3 + -106.081 x4 +  30.792 x5 + -9.381 x6 +  1.671 x7 +  0.205 x1 x2 + -0.212 x1 x3 + -0.296 x2^2 +  0.636 x2 x3 + -0.292 x2 x4 + -0.325 x3^2 +  0.272 x3 x4 | (x4)' = -0.805 1 + -1.919 x0 +  10.232 x1 + -32.239 x2 +  107.588 x3 + -14.209 x4 + -82.551 x5 +  15.501 x6 + -2.429 x7 + -0.326 x0 x1 +  0.832 x0 x2 + -1.422 x0 x3 +  1.657 x0 x4 + -1.283 x0 x5 +  0.615 x0 x6 + -0.150 x0 x7 +  0.737 x1^2 + -3.618 x1 x2 +  5.966 x1 x3 + -6.801 x1 x4 +  5.210 x1 x5 + -2.486 x1 x6 +  0.604 x1 x7 +  4.259 x2^2 + -13.561 x2 x3 +  15.082 x2 x4 + -11.400 x2 x5 +  5.406 x2 x6 + -1.307 x2 x7 +  10.468 x3^2 + -22.749 x3 x4 +  16.972 x3 x5 + -8.007 x3 x6 +  1.931 x3 x7 +  12.129 x4^2 + -17.894 x4 x5 +  8.401 x4 x6 + -2.022 x4 x7 +  6.546 x5^2 + -6.114 x5 x6 +  1.464 x5 x7 +  1.418 x6^2 + -0.673 x6 x7 | (x5)' =  1.886 x0 + -9.701 x1 +  27.248 x2 + -58.383 x3 +  138.229 x4 + -42.206 x5 + -63.116 x6 +  6.082 x7 + -0.410 x0 x1 +  0.800 x0 x2 + -1.039 x0 x3 +  0.964 x0 x4 + -0.644 x0 x5 +  0.297 x0 x6 +  0.732 x1^2 + -2.826 x1 x2 +  3.644 x1 x3 + -3.381 x1 x4 +  2.277 x1 x5 + -1.073 x1 x6 +  0.295 x1 x7 +  2.702 x2^2 + -6.924 x2 x3 +  6.429 x2 x4 + -4.372 x2 x5 +  2.112 x2 x6 + -0.603 x2 x7 +  4.409 x3^2 + -8.189 x3 x4 +  5.634 x3 x5 + -2.805 x3 x6 +  0.834 x3 x7 +  3.825 x4^2 + -5.348 x4 x5 +  2.751 x4 x6 + -0.848 x4 x7 +  1.912 x5^2 + -2.034 x5 x6 +  0.643 x5 x7 +  0.557 x6^2 + -0.354 x6 x7 | (x6)' = -3.460 x0 +  17.338 x1 + -45.774 x2 +  85.763 x3 + -129.807 x4 +  205.317 x5 + -89.642 x6 + -39.824 x7 + -0.144 x0^2 +  1.122 x0 x1 + -2.294 x0 x2 +  3.224 x0 x3 + -3.250 x0 x4 +  2.285 x0 x5 + -1.045 x0 x6 +  0.252 x0 x7 + -2.137 x1^2 +  8.711 x1 x2 + -12.277 x1 x3 +  12.434 x1 x4 + -8.804 x1 x5 +  4.070 x1 x6 + -0.995 x1 x7 + -8.896 x2^2 +  25.160 x2 x3 + -25.568 x2 x4 +  18.190 x2 x5 + -8.476 x2 x6 +  2.095 x2 x7 + -17.807 x3^2 +  36.234 x3 x4 + -25.873 x3 x5 +  12.146 x3 x6 + -3.030 x3 x7 + -18.457 x4^2 +  26.454 x4 x5 + -12.509 x4 x6 +  3.145 x4 x7 + -9.524 x5^2 +  9.074 x5 x6 + -2.292 x5 x7 + -2.176 x6^2 +  1.095 x6 x7 | (x7)' =  5.923 1 +  19.479 x0 + -94.838 x1 +  237.180 x2 + -409.413 x3 +  535.610 x4 + -556.761 x5 +  510.036 x6 + -240.620 x7 +  0.430 x0^2 + -2.949 x0 x1 +  5.305 x0 x2 + -6.567 x0 x3 +  6.029 x0 x4 + -4.113 x0 x5 +  1.970 x0 x6 + -0.530 x0 x7 +  4.876 x1^2 + -17.460 x1 x2 +  21.973 x1 x3 + -20.749 x1 x4 +  14.669 x1 x5 + -7.365 x1 x6 +  2.083 x1 x7 +  15.849 x2^2 + -40.799 x2 x3 +  39.605 x2 x4 + -28.837 x2 x5 +  15.006 x2 x6 + -4.390 x2 x7 +  26.832 x3^2 + -53.322 x3 x4 +  39.708 x3 x5 + -21.198 x3 x6 +  6.321 x3 x7 +  27.053 x4^2 + -40.945 x4 x5 +  22.181 x4 x6 + -6.635 x4 x7 +  15.639 x5^2 + -17.040 x5 x6 +  5.042 x5 x7 +  4.599 x6^2 + -2.607 x6 x7 +  0.333 x7^2
131,35.0,,,sr3,0.1,0.05,1.0,2,8,2,8.0,56.0,9,36.0,smoothed_finite_difference_savgol_order_3,success,,277,360,76.94444444444444,0.6866084234789014,"[""1"", ""x0"", ""x1"", ""x2"", ""x3"", ""x4"", ""x5"", ""x6"", ""x7"", ""x0^2"", ""x0 x1"", ""x0 x2"", ""x0 x3"", ""x0 x4"", ""x0 x5"", ""x0 x6"", ""x0 x7"", ""x1^2"", ""x1 x2"", ""x1 x3"", ""x1 x4"", ""x1 x5"", ""x1 x6"", ""x1 x7"", ""x2^2"", ""x2 x3"", ""x2 x4"", ""x2 x5"", ""x2 x6"", ""x2 x7"", ""x3^2"", ""x3 x4"", ""x3 x5"", ""x3 x6"", ""x3 x7"", ""x4^2"", ""x4 x5"", ""x4 x6"", ""x4 x7"", ""x5^2"", ""x5 x6"", ""x5 x7"", ""x6^2"", ""x6 x7"", ""x7^2""]","[[-8.06156052642823, 240.16868087883591, -508.6532130111659, 554.7551145267455, -533.5678610754659, 407.81864000368415, -236.19636544974435, 94.31009315619983, -19.3053120382621, -0.0, 2.8167324041301307, -5.448574645091417, 6.893441873383737, -6.211719608887125, 4.068351326187497, -1.8476637984090343, 0.47517087293713484, -4.999928030509154, 18.287605524771422, -22.552525961848104, 20.102430166236243, -13.160620827530575, 6.031096900752754, -1.6056257972599748, -16.15020918662147, 39.15742208727636, -34.73656156862602, 22.857283526189477, -10.683386756276299, 2.9794395250354215, -23.49500192114844, 41.70843142434502, -27.71825111437139, 13.306751276606768, -3.9020155428220398, -18.717275384242704, 25.310196124251416, -12.538378508157775, 3.846009231510249, -8.725472789248927, 8.944246009571847, -2.8508335208415216, -2.3888218532494747, 1.5490445181151609, -0.0], [0.7371811826572818, 39.87694228230407, 89.57753314104379, -205.51135508057394, 130.50657010188078, -86.90336676360943, 46.88000123732107, -17.952667493429892, 3.619320044338604, 0.0, -0.0, 0.6935018967051735, -0.7013811126149676, 0.4692632340766137, -0.0, 0.0, -0.0, 0.7208041076823197, -2.2608605476002523, 2.2533514975835587, -1.4875518890016028, 0.6326319461038182, -0.0, 0.0, 1.6804342075041614, -3.1205938946252, 1.8588055244717434, -0.6740573573333657, 0.0, -0.0, 1.2880222805349986, -1.2652941834975588, 0.0, -0.0, 0.0, 0.0, -0.0, 0.0, -0.0, 0.0, -0.0, 0.0, 0.0, -0.0, 0.0], [-0.0, -5.807010192061664, 62.139930794272644, 43.92798001708438, -140.10434632185846, 59.685684879123365, -27.806981339623043, 9.846126068314126, -1.9161016379250817, -0.0, 0.0, -0.8992529553230482, 1.4794001379938135, -1.6823023253537643, 1.3148300978642187, -0.646145274123888, 0.0, -0.8078030260355729, 3.859615766083765, -6.127487613041014, 6.851814255986908, -5.328836552003819, 2.634843373819593, -0.6455256414649577, -4.42825884636038, 13.725541840802936, -15.12844860272465, 11.688874289544412, -5.80284108121832, 1.4483202286940287, -10.443787507901622, 22.721335361615147, -17.43392291677998, 8.685147006305053, -2.2034358176872137, -12.22220684439365, 18.625195307628623, -9.294880038491852, 2.385867029885899, -7.054344585148821, 7.041051156532305, -1.817974823653748, -1.7610167535219574, 0.9112894048638782, -0.0], [0.0, 2.4215490165130964, -15.536058188370104, 82.89334252816046, 13.23638761091873, -106.0812882067045, 30.792389960303815, -9.38061918093877, 1.67137720465849, 0.0, -0.0, 0.0, -0.0, 0.0, -0.0, 0.0, -0.0, -0.0, 0.0, -0.0, 0.0, 0.0, -0.0, 0.0, -0.0, 0.6351439396142048, -0.0, -0.0, 0.0, -0.0, -0.0, 0.0, 0.0, -0.0, 0.0, -0.0, -0.0, -0.0, 0.0, -0.0, 0.0, -0.0, -0.0, 0.0, -0.0], [-0.8047592943027813, -1.9194176134500622, 10.232171617841518, -32.23924880977936, 107.58814623514318, -14.208690865175196, -82.55081243728253, 15.501472893957741, -2.428534388313064, 0.0, -0.0, 0.832314812296898, -1.4215004722295024, 1.657251090464742, -1.2834380270254617, 0.615054689797251, -0.0, 0.7371383768791732, -3.6178911747734697, 5.965948659616749, -6.800833553482051, 5.21017266278759, -2.4860129748627777, 0.603863466223724, 4.258981273120877, -13.561265224091718, 15.082123951353001, -11.400452040899728, 5.405846217464572, -1.3069024802854838, 10.468207379730385, -22.748848718468704, 16.97200921803186, -8.006548576092458, 1.931078812944402, 12.128889322681564, -17.893525094684303, 8.401066688537654, -2.0224066204234625, 6.546425136505182, -6.114354571506766, 1.4644673941099011, 1.4181132007005586, -0.6732291703935936, 0.0], [0.0, 1.885506430390104, -9.700571395656576, 27.247669897348285, -58.383255805460095, 138.22861198108913, -42.20611603633513, -63.116498088122135, 6.081943664705124, 0.0, -0.0, 0.8000088663374002, -1.0386984084146578, 0.964267148637391, -0.6444478529409816, 0.0, -0.0, 0.7323560135635832, -2.8258733046415423, 3.6435887879443825, -3.3811773921142168, 2.277077967011462, -1.0727379063542493, 0.0, 2.7018719578208152, -6.924308599683301, 6.428469122950984, -4.371755661289743, 2.1118923428565926, -0.6027276002032145, 4.409313644637476, -8.18883076679149, 5.633654681925208, -2.805098703590203, 0.8339672999366772, 3.8244912946137677, -5.347929238271255, 2.7513839803688334, -0.8480068377664998, 1.9122536977825326, -2.0339927411939343, 0.6434768891297987, 0.557309899199757, -0.0, 0.0], [0.0, -3.4602678601049446, 17.33807199013992, -45.77396351825918, 85.76331743824689, -129.8074389280574, 205.31686625416017, -89.64150169575511, -39.824166285228934, -0.0, 1.12161965152558, -2.294341113464257, 3.2244447217067256, -3.2496679583364045, 2.2851698227288257, -1.0452033064437498, 0.0, -2.1372985811348633, 8.710549867788869, -12.276949170172982, 12.434420301216052, -8.80405873517038, 4.070350282008366, -0.99528592766655, -8.896262088688431, 25.1598075864913, -25.568074803503443, 18.189898019963067, -8.47630017607433, 2.094929761845954, -17.807242259925964, 36.23437170040344, -25.873092602372253, 12.146141026840581, -3.0297774764759637, -18.457279461396865, 26.454033157896298, -12.509134392700656, 3.1446108055920234, -9.52360964733201, 9.073588678012475, -2.292476977609285, -2.1761210332720644, 1.094646393986224, -0.0], [5.923342428677389, 19.479437402308992, -94.83776827343247, 237.17972088713316, -409.4126053661642, 535.6098048366821, -556.7608418368554, 510.0361755364321, -240.620417358084, 0.0, -2.949044931703455, 5.305391762668653, -6.567467319748228, 6.029195405570833, -4.11261775059722, 1.9703301261259105, -0.5296532484676933, 4.8756823565330345, -17.460493360235553, 21.97261650004879, -20.748747305126006, 14.668850137899252, -7.364755925333755, 2.0830503018595365, 15.848864637222926, -40.79872564413188, 39.60493773302557, -28.836705666407358, 15.006393955860428, -4.389830376627127, 26.832121642764736, -53.321681120012705, 39.70754525486571, -21.198491404692675, 6.320690352595276, 27.052773006737098, -40.945330722292745, 22.181349551810932, -6.634891816757223, 15.639030083993802, -17.039591925659387, 5.042400749783855, 4.599129138559071, -2.6071922981102698, 0.0]]",(x0)' = -8.062 1 +  240.169 x0 + -508.653 x1 +  554.755 x2 + -533.568 x3 +  407.819 x4 + -236.196 x5 +  94.310 x6 + -19.305 x7 +  2.817 x0 x1 + -5.449 x0 x2 +  6.893 x0 x3 + -6.212 x0 x4 +  4.068 x0 x5 + -1.848 x0 x6 +  0.475 x0 x7 + -5.000 x1^2 +  18.288 x1 x2 + -22.553 x1 x3 +  20.102 x1 x4 + -13.161 x1 x5 +  6.031 x1 x6 + -1.606 x1 x7 + -16.150 x2^2 +  39.157 x2 x3 + -34.737 x2 x4 +  22.857 x2 x5 + -10.683 x2 x6 +  2.979 x2 x7 + -23.495 x3^2 +  41.708 x3 x4 + -27.718 x3 x5 +  13.307 x3 x6 + -3.902 x3 x7 + -18.717 x4^2 +  25.310 x4 x5 + -12.538 x4 x6 +  3.846 x4 x7 + -8.725 x5^2 +  8.944 x5 x6 + -2.851 x5 x7 + -2.389 x6^2 +  1.549 x6 x7 | (x1)' =  0.737 1 +  39.877 x0 +  89.578 x1 + -205.511 x2 +  130.507 x3 + -86.903 x4 +  46.880 x5 + -17.953 x6 +  3.619 x7 +  0.694 x0 x2 + -0.701 x0 x3 +  0.469 x0 x4 +  0.721 x1^2 + -2.261 x1 x2 +  2.253 x1 x3 + -1.488 x1 x4 +  0.633 x1 x5 +  1.680 x2^2 + -3.121 x2 x3 +  1.859 x2 x4 + -0.674 x2 x5 +  1.288 x3^2 + -1.265 x3 x4 | (x2)' = -5.807 x0 +  62.140 x1 +  43.928 x2 + -140.104 x3 +  59.686 x4 + -27.807 x5 +  9.846 x6 + -1.916 x7 + -0.899 x0 x2 +  1.479 x0 x3 + -1.682 x0 x4 +  1.315 x0 x5 + -0.646 x0 x6 + -0.808 x1^2 +  3.860 x1 x2 + -6.127 x1 x3 +  6.852 x1 x4 + -5.329 x1 x5 +  2.635 x1 x6 + -0.646 x1 x7 + -4.428 x2^2 +  13.726 x2 x3 + -15.128 x2 x4 +  11.689 x2 x5 + -5.803 x2 x6 +  1.448 x2 x7 + -10.444 x3^2 +  22.721 x3 x4 + -17.434 x3 x5 +  8.685 x3 x6 + -2.203 x3 x7 + -12.222 x4^2 +  18.625 x4 x5 + -9.295 x4 x6 +  2.386 x4 x7 + -7.054 x5^2 +  7.041 x5 x6 + -1.818 x5 x7 + -1.761 x6^2 +  0.911 x6 x7 | (x3)' =  2.422 x0 + -15.536 x1 +  82.893 x2 +  13.236 x3 + -106.081 x4 +  30.792 x5 + -9.381 x6 +  1.671 x7 +  0.635 x2 x3 | (x4)' = -0.805 1 + -1.919 x0 +  10.232 x1 + -32.239 x2 +  107.588 x3 + -14.209 x4 + -82.551 x5 +  15.501 x6 + -2.429 x7 +  0.832 x0 x2 + -1.422 x0 x3 +  1.657 x0 x4 + -1.283 x0 x5 +  0.615 x0 x6 +  0.737 x1^2 + -3.618 x1 x2 +  5.966 x1 x3 + -6.801 x1 x4 +  5.210 x1 x5 + -2.486 x1 x6 +  0.604 x1 x7 +  4.259 x2^2 + -13.561 x2 x3 +  15.082 x2 x4 + -11.400 x2 x5 +  5.406 x2 x6 + -1.307 x2 x7 +  10.468 x3^2 + -22.749 x3 x4 +  16.972 x3 x5 + -8.007 x3 x6 +  1.931 x3 x7 +  12.129 x4^2 + -17.894 x4 x5 +  8.401 x4 x6 + -2.022 x4 x7 +  6.546 x5^2 + -6.114 x5 x6 +  1.464 x5 x7 +  1.418 x6^2 + -0.673 x6 x7 | (x5)' =  1.886 x0 + -9.701 x1 +  27.248 x2 + -58.383 x3 +  138.229 x4 + -42.206 x5 + -63.116 x6 +  6.082 x7 +  0.800 x0 x2 + -1.039 x0 x3 +  0.964 x0 x4 + -0.644 x0 x5 +  0.732 x1^2 + -2.826 x1 x2 +  3.644 x1 x3 + -3.381 x1 x4 +  2.277 x1 x5 + -1.073 x1 x6 +  2.702 x2^2 + -6.924 x2 x3 +  6.428 x2 x4 + -4.372 x2 x5 +  2.112 x2 x6 + -0.603 x2 x7 +  4.409 x3^2 + -8.189 x3 x4 +  5.634 x3 x5 + -2.805 x3 x6 +  0.834 x3 x7 +  3.824 x4^2 + -5.348 x4 x5 +  2.751 x4 x6 + -0.848 x4 x7 +  1.912 x5^2 + -2.034 x5 x6 +  0.643 x5 x7 +  0.557 x6^2 | (x6)' = -3.460 x0 +  17.338 x1 + -45.774 x2 +  85.763 x3 + -129.807 x4 +  205.317 x5 + -89.642 x6 + -39.824 x7 +  1.122 x0 x1 + -2.294 x0 x2 +  3.224 x0 x3 + -3.250 x0 x4 +  2.285 x0 x5 + -1.045 x0 x6 + -2.137 x1^2 +  8.711 x1 x2 + -12.277 x1 x3 +  12.434 x1 x4 + -8.804 x1 x5 +  4.070 x1 x6 + -0.995 x1 x7 + -8.896 x2^2 +  25.160 x2 x3 + -25.568 x2 x4 +  18.190 x2 x5 + -8.476 x2 x6 +  2.095 x2 x7 + -17.807 x3^2 +  36.234 x3 x4 + -25.873 x3 x5 +  12.146 x3 x6 + -3.030 x3 x7 + -18.457 x4^2 +  26.454 x4 x5 + -12.509 x4 x6 +  3.145 x4 x7 + -9.524 x5^2 +  9.074 x5 x6 + -2.292 x5 x7 + -2.176 x6^2 +  1.095 x6 x7 | (x7)' =  5.923 1 +  19.479 x0 + -94.838 x1 +  237.180 x2 + -409.413 x3 +  535.610 x4 + -556.761 x5 +  510.036 x6 + -240.620 x7 + -2.949 x0 x1 +  5.305 x0 x2 + -6.567 x0 x3 +  6.029 x0 x4 + -4.113 x0 x5 +  1.970 x0 x6 + -0.530 x0 x7 +  4.876 x1^2 + -17.460 x1 x2 +  21.973 x1 x3 + -20.749 x1 x4 +  14.669 x1 x5 + -7.365 x1 x6 +  2.083 x1 x7 +  15.849 x2^2 + -40.799 x2 x3 +  39.605 x2 x4 + -28.837 x2 x5 +  15.006 x2 x6 + -4.390 x2 x7 +  26.832 x3^2 + -53.322 x3 x4 +  39.708 x3 x5 + -21.198 x3 x6 +  6.321 x3 x7 +  27.053 x4^2 + -40.945 x4 x5 +  22.181 x4 x6 + -6.635 x4 x7 +  15.639 x5^2 + -17.040 x5 x6 +  5.042 x5 x7 +  4.599 x6^2 + -2.607 x6 x7
132,35.0,,,sr3,0.1,0.05,10.0,2,8,2,8.0,56.0,9,36.0,smoothed_finite_difference_savgol_order_3,success,,236,360,65.55555555555556,0.6860755989328027,"[""1"", ""x0"", ""x1"", ""x2"", ""x3"", ""x4"", ""x5"", ""x6"", ""x7"", ""x0^2"", ""x0 x1"", ""x0 x2"", ""x0 x3"", ""x0 x4"", ""x0 x5"", ""x0 x6"", ""x0 x7"", ""x1^2"", ""x1 x2"", ""x1 x3"", ""x1 x4"", ""x1 x5"", ""x1 x6"", ""x1 x7"", ""x2^2"", ""x2 x3"", ""x2 x4"", ""x2 x5"", ""x2 x6"", ""x2 x7"", ""x3^2"", ""x3 x4"", ""x3 x5"", ""x3 x6"", ""x3 x7"", ""x4^2"", ""x4 x5"", ""x4 x6"", ""x4 x7"", ""x5^2"", ""x5 x6"", ""x5 x7"", ""x6^2"", ""x6 x7"", ""x7^2""]","[[-8.061560826436608, 240.16868087086718, -508.6532129784358, 554.7551144562814, -533.5678609717046, 407.818639890378, -236.1963653587072, 94.31009310413812, -19.305312021468307, -0.0, 2.8167322211501324, -5.448574219490455, 6.893441224205765, -6.211718905269633, 4.068350782542095, -1.8476635192900266, 0.0, -4.999927627968631, 18.287603687173256, -22.55252319408249, 20.102427192971014, -13.160618544957352, 6.031095734253517, -1.6056254888404318, -16.150207119691856, 39.157415926316034, -34.73655500258451, 22.85727851596971, -10.683384207890755, 2.9794388530559583, -23.494997367895245, 41.708421782948164, -27.718243796570835, 13.306747570668543, -3.9020145682730676, -18.71727030903284, 25.310188457595302, -12.538374642146628, 3.846008217908301, -8.725469907359178, 8.944243116194661, -2.850832764928869, -2.3888211306848524, 1.5490441424143246, -0.0], [0.0, 39.87694229745106, 89.5775334410522, -205.51135634423085, 130.50657265143647, -86.90337016017666, 46.88000433871845, -17.95266945584444, 3.6193207205454474, 0.0, -0.0, 0.0, -0.0, 0.0, -0.0, 0.0, -0.0, 0.0, -2.2609474332229977, 2.253477798302689, -1.4876848778878073, 0.0, -0.0, 0.0, 1.6805275039579404, -3.1208641525448804, 1.8590891747547476, -0.0, 0.0, -0.0, 0.0, -0.0, 0.0, -0.0, 0.0, 0.0, -0.0, 0.0, -0.0, 0.0, -0.0, 0.0, 0.0, -0.0, 0.0], [-0.0, -5.807010181588796, 62.13993079448335, 43.9279799502877, -140.10434616447483, 59.68568465544024, -27.80698113162262, 9.846125932284977, -1.916101586498343, -0.0, 0.0, -0.0, 1.4793960184884372, -1.682298218487171, 0.0, -0.0, 0.0, -0.0, 3.8596041274383053, -6.12747162875827, 6.8517982845640155, -5.328824948214749, 2.6348376801757762, -0.0, -4.428246955532695, 13.72550902137538, -15.128415700797385, 11.688850330333114, -5.802829302512166, 1.4483171693891732, -10.44376475953642, 22.72128957235502, -17.43388946644855, 8.685130514276377, -2.203431524065281, -12.22218370235033, 18.62516135051594, -9.294863225036575, 2.3858626347000302, -7.054332063404751, 7.041038682054614, -1.8179715420401694, -1.7610136204141986, 0.0, -0.0], [0.0, 2.4215477376049663, -15.536054869999832, 82.89333833149882, 13.236390761774404, -106.08128903347374, 30.79238898211925, -9.380617753607945, 1.6713765182177787, 0.0, -0.0, 0.0, -0.0, 0.0, -0.0, 0.0, -0.0, -0.0, 0.0, -0.0, 0.0, 0.0, -0.0, 0.0, -0.0, 0.0, -0.0, -0.0, 0.0, -0.0, -0.0, 0.0, 0.0, -0.0, 0.0, -0.0, -0.0, -0.0, 0.0, -0.0, 0.0, -0.0, -0.0, 0.0, -0.0], [-0.0, -1.9194176323693626, 10.232171644723344, -32.23924878201001, 107.58814610247076, -14.2086906396593, -82.55081266696457, 15.501473049874265, -2.4285344445963437, 0.0, -0.0, 0.0, -1.4214963676221914, 1.657246897963193, -0.0, 0.0, -0.0, 0.0, -3.617879799338734, 5.965932714580457, -6.800817300785285, 5.210160615570485, -2.486006933713976, 0.0, 4.258969510593672, -13.561232331588373, 15.082090507750488, -11.400427308062433, 5.405833838385698, -0.0, 10.468184440645453, -22.748802182535936, 16.97197488162497, -8.006531425048342, 1.9310742746361067, 12.128865773648302, -17.893490418145895, 8.40104940197948, -2.0224020520895785, 6.546412396407544, -6.114341892163007, 1.4644640468870829, 1.4181100503583903, -0.0, 0.0], [0.0, 1.8855063818789788, -9.700571271137827, 27.247669753445496, -58.383255728025986, 138.22861201250754, -42.206116133721544, -63.11649799535026, 6.081943625888109, 0.0, -0.0, 0.0, -0.0, 0.0, -0.0, 0.0, -0.0, 0.0, -2.8258597915089765, 3.6435699401475077, -3.3811583788705235, 2.2770640998397766, -0.0, 0.0, 2.7018580274441204, -6.924269890779108, 6.4284301878191155, -4.371727319331377, 2.1118784562544133, -0.0, 4.409286850060068, -8.188777031320912, 5.63361566575549, -2.8050796226785653, 0.0, 3.8244644371623044, -5.347890354196947, 2.7513650162754315, -0.0, 1.9122396713827383, -2.03397910895253, 0.0, 0.0, -0.0, 0.0], [0.0, -3.4602678337542696, 17.338071927702025, -45.773963460174116, 85.7633174373253, -129.80743900155838, 205.31686635982595, -89.64150177990187, -39.824166252857495, -0.0, 0.0, -2.294339408970339, 3.22444232285246, -3.2496655063111195, 2.285168002813767, -0.0, 0.0, -2.137296988337158, 8.710543258656896, -12.276939888961715, 12.434410823920588, -8.804051702046854, 4.070346754459847, -0.0, -8.896255259525965, 25.159788463399728, -25.56805531848119, 18.18988358073166, -8.476292939472419, 2.094927844705948, -17.807228911560905, 36.234344567485294, -25.873072537674783, 12.146130986812114, -3.029774818311127, -18.457265710052734, 26.45401287260419, -12.5091242662758, 3.1446081286975986, -9.523602188788727, 9.0735812550814, -2.2924750203918633, -2.176119194020372, 0.0, -0.0], [5.923342981306205, 19.479437406226705, -94.83776829856305, 237.17972095499417, -409.41260548011866, 535.6098049730164, -556.76084195375, 510.03617560708784, -240.62041738183615, 0.0, -2.9490445390590008, 5.305390893126405, -6.567466042059589, 6.029194061516237, -4.112616737198204, 1.9703296164057145, -0.0, 4.875681533520893, -17.460489749580734, 21.97261122837111, -20.748741784020847, 14.668845987625225, -7.364753841887579, 2.0830497580248517, 15.848860708244533, -40.798714239201466, 39.60492584224476, -28.836696758551756, 15.00638949560323, -4.389829213776451, 26.832113407118833, -53.32166401711439, 39.70753248545904, -21.19848502850961, 6.320688692947859, 27.052764160239548, -40.945317556846625, 22.18134299795607, -6.634890114550472, 15.639025202757388, -17.03958708306869, 5.042399495675582, 4.599127942612053, -2.6071916813666958, 0.0]]",(x0)' = -8.062 1 +  240.169 x0 + -508.653 x1 +  554.755 x2 + -533.568 x3 +  407.819 x4 + -236.196 x5 +  94.310 x6 + -19.305 x7 +  2.817 x0 x1 + -5.449 x0 x2 +  6.893 x0 x3 + -6.212 x0 x4 +  4.068 x0 x5 + -1.848 x0 x6 + -5.000 x1^2 +  18.288 x1 x2 + -22.553 x1 x3 +  20.102 x1 x4 + -13.161 x1 x5 +  6.031 x1 x6 + -1.606 x1 x7 + -16.150 x2^2 +  39.157 x2 x3 + -34.737 x2 x4 +  22.857 x2 x5 + -10.683 x2 x6 +  2.979 x2 x7 + -23.495 x3^2 +  41.708 x3 x4 + -27.718 x3 x5 +  13.307 x3 x6 + -3.902 x3 x7 + -18.717 x4^2 +  25.310 x4 x5 + -12.538 x4 x6 +  3.846 x4 x7 + -8.725 x5^2 +  8.944 x5 x6 + -2.851 x5 x7 + -2.389 x6^2 +  1.549 x6 x7 | (x1)' =  39.877 x0 +  89.578 x1 + -205.511 x2 +  130.507 x3 + -86.903 x4 +  46.880 x5 + -17.953 x6 +  3.619 x7 + -2.261 x1 x2 +  2.253 x1 x3 + -1.488 x1 x4 +  1.681 x2^2 + -3.121 x2 x3 +  1.859 x2 x4 | (x2)' = -5.807 x0 +  62.140 x1 +  43.928 x2 + -140.104 x3 +  59.686 x4 + -27.807 x5 +  9.846 x6 + -1.916 x7 +  1.479 x0 x3 + -1.682 x0 x4 +  3.860 x1 x2 + -6.127 x1 x3 +  6.852 x1 x4 + -5.329 x1 x5 +  2.635 x1 x6 + -4.428 x2^2 +  13.726 x2 x3 + -15.128 x2 x4 +  11.689 x2 x5 + -5.803 x2 x6 +  1.448 x2 x7 + -10.444 x3^2 +  22.721 x3 x4 + -17.434 x3 x5 +  8.685 x3 x6 + -2.203 x3 x7 + -12.222 x4^2 +  18.625 x4 x5 + -9.295 x4 x6 +  2.386 x4 x7 + -7.054 x5^2 +  7.041 x5 x6 + -1.818 x5 x7 + -1.761 x6^2 | (x3)' =  2.422 x0 + -15.536 x1 +  82.893 x2 +  13.236 x3 + -106.081 x4 +  30.792 x5 + -9.381 x6 +  1.671 x7 | (x4)' = -1.919 x0 +  10.232 x1 + -32.239 x2 +  107.588 x3 + -14.209 x4 + -82.551 x5 +  15.501 x6 + -2.429 x7 + -1.421 x0 x3 +  1.657 x0 x4 + -3.618 x1 x2 +  5.966 x1 x3 + -6.801 x1 x4 +  5.210 x1 x5 + -2.486 x1 x6 +  4.259 x2^2 + -13.561 x2 x3 +  15.082 x2 x4 + -11.400 x2 x5 +  5.406 x2 x6 +  10.468 x3^2 + -22.749 x3 x4 +  16.972 x3 x5 + -8.007 x3 x6 +  1.931 x3 x7 +  12.129 x4^2 + -17.893 x4 x5 +  8.401 x4 x6 + -2.022 x4 x7 +  6.546 x5^2 + -6.114 x5 x6 +  1.464 x5 x7 +  1.418 x6^2 | (x5)' =  1.886 x0 + -9.701 x1 +  27.248 x2 + -58.383 x3 +  138.229 x4 + -42.206 x5 + -63.116 x6 +  6.082 x7 + -2.826 x1 x2 +  3.644 x1 x3 + -3.381 x1 x4 +  2.277 x1 x5 +  2.702 x2^2 + -6.924 x2 x3 +  6.428 x2 x4 + -4.372 x2 x5 +  2.112 x2 x6 +  4.409 x3^2 + -8.189 x3 x4 +  5.634 x3 x5 + -2.805 x3 x6 +  3.824 x4^2 + -5.348 x4 x5 +  2.751 x4 x6 +  1.912 x5^2 + -2.034 x5 x6 | (x6)' = -3.460 x0 +  17.338 x1 + -45.774 x2 +  85.763 x3 + -129.807 x4 +  205.317 x5 + -89.642 x6 + -39.824 x7 + -2.294 x0 x2 +  3.224 x0 x3 + -3.250 x0 x4 +  2.285 x0 x5 + -2.137 x1^2 +  8.711 x1 x2 + -12.277 x1 x3 +  12.434 x1 x4 + -8.804 x1 x5 +  4.070 x1 x6 + -8.896 x2^2 +  25.160 x2 x3 + -25.568 x2 x4 +  18.190 x2 x5 + -8.476 x2 x6 +  2.095 x2 x7 + -17.807 x3^2 +  36.234 x3 x4 + -25.873 x3 x5 +  12.146 x3 x6 + -3.030 x3 x7 + -18.457 x4^2 +  26.454 x4 x5 + -12.509 x4 x6 +  3.145 x4 x7 + -9.524 x5^2 +  9.074 x5 x6 + -2.292 x5 x7 + -2.176 x6^2 | (x7)' =  5.923 1 +  19.479 x0 + -94.838 x1 +  237.180 x2 + -409.413 x3 +  535.610 x4 + -556.761 x5 +  510.036 x6 + -240.620 x7 + -2.949 x0 x1 +  5.305 x0 x2 + -6.567 x0 x3 +  6.029 x0 x4 + -4.113 x0 x5 +  1.970 x0 x6 +  4.876 x1^2 + -17.460 x1 x2 +  21.973 x1 x3 + -20.749 x1 x4 +  14.669 x1 x5 + -7.365 x1 x6 +  2.083 x1 x7 +  15.849 x2^2 + -40.799 x2 x3 +  39.605 x2 x4 + -28.837 x2 x5 +  15.006 x2 x6 + -4.390 x2 x7 +  26.832 x3^2 + -53.322 x3 x4 +  39.708 x3 x5 + -21.198 x3 x6 +  6.321 x3 x7 +  27.053 x4^2 + -40.945 x4 x5 +  22.181 x4 x6 + -6.635 x4 x7 +  15.639 x5^2 + -17.040 x5 x6 +  5.042 x5 x7 +  4.599 x6^2 + -2.607 x6 x7
133,35.0,,,sr3,0.1,0.05,0.01,2,8,5,20.0,140.0,0,0.0,finite_difference,success,,132,360,36.666666666666664,0.6686825128272176,"[""1"", ""x0"", ""x1"", ""x2"", ""x3"", ""x4"", ""x5"", ""x6"", ""x7"", ""x0^2"", ""x0 x1"", ""x0 x2"", ""x0 x3"", ""x0 x4"", ""x0 x5"", ""x0 x6"", ""x0 x7"", ""x1^2"", ""x1 x2"", ""x1 x3"", ""x1 x4"", ""x1 x5"", ""x1 x6"", ""x1 x7"", ""x2^2"", ""x2 x3"", ""x2 x4"", ""x2 x5"", ""x2 x6"", ""x2 x7"", ""x3^2"", ""x3 x4"", ""x3 x5"", ""x3 x6"", ""x3 x7"", ""x4^2"", ""x4 x5"", ""x4 x6"", ""x4 x7"", ""x5^2"", ""x5 x6"", ""x5 x7"", ""x6^2"", ""x6 x7"", ""x7^2""]","[[-42.619521052000366, 20.360987940098408, -47.9080105344026, 16.00172769607356, 0.28509303417669174, 5.6805302454551345, -2.175274664295058, 0.8793557219175924, 0.9801895000974705, 0.0, 0.13538700900483389, -0.0, -0.0, -0.0, 0.0, 0.0, 0.0, -0.0, -0.07347024390519515, 0.0, 0.0, 0.0, -0.0, -0.0, 0.057342693032592346, 0.0, 0.0, -0.0, -0.0, 0.0, -0.0, 0.0, 0.0, -0.0, 0.0, -0.0, -0.0, -0.0, -0.0, -0.0, -0.0, 0.0, 0.0, -0.0, -0.0], [-13.283902320517955, 35.71261155175274, 2.0788515111496233, -43.00918794406546, 11.31389934892848, -5.411401690361725, 2.1824119620799673, -1.2194641316076034, 0.10059320285734563, 0.08298031889942094, -0.18950079089864055, -0.0, 0.0, 0.0, 0.0, -0.0, -0.0, -0.0, 0.21028834724604042, -0.0, 0.0, -0.0, 0.0, 0.0, -0.08415806193448014, -0.05354424882083759, 0.0, 0.0, 0.0, -0.0, 0.04555891600152897, -0.0, -0.0, -0.0, -0.0, -0.0, 0.0, 0.0, 0.0, 0.0, 0.0, -0.0, -0.0, -0.0, 0.0], [4.583553835411981, -10.80957411018438, 41.30669470314587, 0.4357658879268736, -41.42741292762264, 13.092938242418379, -4.336513230134864, 1.8711855516515952, -0.7387536777911676, -0.0614926126097993, 0.062464668213334754, 0.08899708175148724, -0.0, -0.0, -0.0, 0.0, 0.0, 0.09358078209558619, -0.25875975283185704, -0.0, 0.0, 0.0, 0.0, -0.0, 0.0, 0.18792277006004054, -0.0, -0.0, -0.0, 0.0, -0.07575661568204442, -0.04551239168023653, 0.0, 0.0, 0.0, 0.04528731827898014, -0.0, -0.0, -0.0, -0.0, -0.0, 0.0, 0.0, 0.0, -0.0], [-1.8972479089481866, 3.4559576695117724, -12.820077017902609, 42.00795877034807, -0.15832392075017496, -42.06236233153523, 12.65893591948852, -4.15078974753031, 1.3388326321990855, 0.0, 0.0, -0.07309216316648903, 0.0, 0.0, -0.0, 0.0, 0.0, -0.08265659943194453, 0.10901159857193231, 0.0779777251314455, -0.0, -0.0, -0.0, -0.0, 0.07725088698991224, -0.24600133065826796, 0.0, 0.0, 0.0, 0.0, 0.0, 0.18522743963985863, -0.0, -0.0, -0.0, -0.07396680355539498, -0.045682409571418295, 0.0, 0.0, 0.0, 0.0, -0.0, -0.0, 0.0, 0.0], [-6.043789708455091, -1.267344790631616, 4.347760623931813, -13.17210010259628, 42.29977591404842, 0.2227517632774325, -41.75201733794497, 12.421016862135284, -3.37482660481391, -0.0, -0.0, 0.0, -0.0, 0.0, 0.0, -0.0, -0.0, 0.0, -0.0, -0.06580905098920542, 0.0, 0.0, -0.0, 0.0, -0.07540179625574595, 0.10288131099012221, 0.07295093064582993, -0.048494985520762195, -0.0, -0.0, 0.079518908101901, -0.24572258320260326, 0.0, 0.0, 0.0, 0.0, 0.18232763411894146, -0.0, -0.0, -0.07057746833732105, -0.04876947079438983, 0.0, 0.0, -0.0, -0.0], [1.45143205678215, 0.682109425106948, -1.900146056069418, 4.653132177552881, -13.558702607518661, 41.692936161038745, -0.3319365802542252, -41.21123515274056, 10.5551245488598, -0.0, 0.0, -0.0, 0.0, -0.0, -0.0, 0.0, 0.0, -0.0, -0.0, 0.0, -0.0, 0.0, 0.0, -0.0, 0.0, -0.0, -0.062444671645629536, 0.0, -0.0, 0.0, -0.07594941360864459, 0.10107688139020522, 0.06907303111773602, -0.0, -0.0, 0.08459484283458017, -0.2421687869076314, 0.0, 0.0, 0.0, 0.1866484218912686, -0.04653140407516734, -0.07280523902474936, -0.0, 0.0], [-0.9568390621844265, -0.0, 1.1756716661024904, -2.299773554395708, 5.66230397811184, -11.949323394089241, 43.22796736334942, -1.891915170315858, -35.58637642284071, 0.0, -0.0, 0.0, 0.0, 0.0, 0.0, -0.0, -0.0, 0.0, 0.0, -0.0, 0.0, -0.0, -0.0, 0.0, -0.0, -0.0, 0.0, -0.0, 0.0, -0.0, 0.0, 0.0, -0.06044819150521716, 0.0, 0.0, -0.07626617873838334, 0.10028621545924883, 0.06562299159904604, -0.04940212986447139, 0.0971408150295911, -0.2511791932679056, 0.0, 0.0, 0.1512156564810052, -0.06082826388217086], [24.17264052778067, -1.1385163837916366, -0.7318627778927127, 2.142682069402999, -5.709163480001121, 0.2454543500358862, -16.85258160323011, 48.58579055633133, -20.680895288033557, -0.0, 0.0, 0.0, -0.0, -0.0, -0.0, -0.0, 0.0, -0.0, -0.0, 0.0, 0.0, 0.0, 0.0, -0.0, 0.0, 0.0, -0.0, 0.0, -0.0, 0.0, 0.0, -0.0, 0.0, -0.0, 0.0, 0.0, 0.0, -0.06294918259159095, 0.0, -0.11619403076827267, 0.11442051891572393, 0.07842872312544166, 0.09919364707769925, -0.20464249593043132, 0.0]]",(x0)' = -42.620 1 +  20.361 x0 + -47.908 x1 +  16.002 x2 +  0.285 x3 +  5.681 x4 + -2.175 x5 +  0.879 x6 +  0.980 x7 +  0.135 x0 x1 + -0.073 x1 x2 +  0.057 x2^2 | (x1)' = -13.284 1 +  35.713 x0 +  2.079 x1 + -43.009 x2 +  11.314 x3 + -5.411 x4 +  2.182 x5 + -1.219 x6 +  0.101 x7 +  0.083 x0^2 + -0.190 x0 x1 +  0.210 x1 x2 + -0.084 x2^2 + -0.054 x2 x3 +  0.046 x3^2 | (x2)' =  4.584 1 + -10.810 x0 +  41.307 x1 +  0.436 x2 + -41.427 x3 +  13.093 x4 + -4.337 x5 +  1.871 x6 + -0.739 x7 + -0.061 x0^2 +  0.062 x0 x1 +  0.089 x0 x2 +  0.094 x1^2 + -0.259 x1 x2 +  0.188 x2 x3 + -0.076 x3^2 + -0.046 x3 x4 +  0.045 x4^2 | (x3)' = -1.897 1 +  3.456 x0 + -12.820 x1 +  42.008 x2 + -0.158 x3 + -42.062 x4 +  12.659 x5 + -4.151 x6 +  1.339 x7 + -0.073 x0 x2 + -0.083 x1^2 +  0.109 x1 x2 +  0.078 x1 x3 +  0.077 x2^2 + -0.246 x2 x3 +  0.185 x3 x4 + -0.074 x4^2 + -0.046 x4 x5 | (x4)' = -6.044 1 + -1.267 x0 +  4.348 x1 + -13.172 x2 +  42.300 x3 +  0.223 x4 + -41.752 x5 +  12.421 x6 + -3.375 x7 + -0.066 x1 x3 + -0.075 x2^2 +  0.103 x2 x3 +  0.073 x2 x4 + -0.048 x2 x5 +  0.080 x3^2 + -0.246 x3 x4 +  0.182 x4 x5 + -0.071 x5^2 + -0.049 x5 x6 | (x5)' =  1.451 1 +  0.682 x0 + -1.900 x1 +  4.653 x2 + -13.559 x3 +  41.693 x4 + -0.332 x5 + -41.211 x6 +  10.555 x7 + -0.062 x2 x4 + -0.076 x3^2 +  0.101 x3 x4 +  0.069 x3 x5 +  0.085 x4^2 + -0.242 x4 x5 +  0.187 x5 x6 + -0.047 x5 x7 + -0.073 x6^2 | (x6)' = -0.957 1 +  1.176 x1 + -2.300 x2 +  5.662 x3 + -11.949 x4 +  43.228 x5 + -1.892 x6 + -35.586 x7 + -0.060 x3 x5 + -0.076 x4^2 +  0.100 x4 x5 +  0.066 x4 x6 + -0.049 x4 x7 +  0.097 x5^2 + -0.251 x5 x6 +  0.151 x6 x7 + -0.061 x7^2 | (x7)' =  24.173 1 + -1.139 x0 + -0.732 x1 +  2.143 x2 + -5.709 x3 +  0.245 x4 + -16.853 x5 +  48.586 x6 + -20.681 x7 + -0.063 x4 x6 + -0.116 x5^2 +  0.114 x5 x6 +  0.078 x5 x7 +  0.099 x6^2 + -0.205 x6 x7
134,35.0,,,sr3,0.1,0.05,0.1,2,8,5,20.0,140.0,0,0.0,finite_difference,success,,83,360,23.055555555555557,0.6727155232802033,"[""1"", ""x0"", ""x1"", ""x2"", ""x3"", ""x4"", ""x5"", ""x6"", ""x7"", ""x0^2"", ""x0 x1"", ""x0 x2"", ""x0 x3"", ""x0 x4"", ""x0 x5"", ""x0 x6"", ""x0 x7"", ""x1^2"", ""x1 x2"", ""x1 x3"", ""x1 x4"", ""x1 x5"", ""x1 x6"", ""x1 x7"", ""x2^2"", ""x2 x3"", ""x2 x4"", ""x2 x5"", ""x2 x6"", ""x2 x7"", ""x3^2"", ""x3 x4"", ""x3 x5"", ""x3 x6"", ""x3 x7"", ""x4^2"", ""x4 x5"", ""x4 x6"", ""x4 x7"", ""x5^2"", ""x5 x6"", ""x5 x7"", ""x6^2"", ""x6 x7"", ""x7^2""]","[[-42.61952106140497, 20.360987940451565, -47.90801053490437, 16.00172769648934, 0.28509303397471103, 5.680530245378878, -2.1752746643805874, 0.879355722300844, 0.9801894998535483, 0.0, 0.0, -0.0, -0.0, -0.0, 0.0, 0.0, 0.0, -0.0, -0.0, 0.0, 0.0, 0.0, -0.0, -0.0, 0.0, 0.0, 0.0, -0.0, -0.0, 0.0, -0.0, 0.0, 0.0, -0.0, 0.0, -0.0, -0.0, -0.0, -0.0, -0.0, -0.0, 0.0, 0.0, -0.0, -0.0], [-13.283902282924508, 35.7126115522239, 2.078851510814339, -43.0091879428252, 11.313899351258897, -5.411401688616866, 2.1824119599490297, -1.2194641242990245, 0.0, 0.0, -0.18950079085818408, -0.0, 0.0, 0.0, 0.0, -0.0, -0.0, -0.0, 0.21028834728320456, -0.0, 0.0, -0.0, 0.0, 0.0, -0.0, -0.0, 0.0, 0.0, 0.0, -0.0, 0.0, -0.0, -0.0, -0.0, -0.0, -0.0, 0.0, 0.0, 0.0, 0.0, 0.0, -0.0, -0.0, -0.0, 0.0], [4.583553832201695, -10.809574110099092, 41.30669470290081, 0.43576588828617746, -41.42741292781337, 13.092938242587495, -4.336513230221806, 1.8711855515899674, -0.7387536778186224, -0.0, 0.0, 0.0, -0.0, -0.0, -0.0, 0.0, 0.0, 0.0, -0.258759752831833, -0.0, 0.0, 0.0, 0.0, -0.0, 0.0, 0.18792277005412766, -0.0, -0.0, -0.0, 0.0, -0.0, -0.0, 0.0, 0.0, 0.0, 0.0, -0.0, -0.0, -0.0, -0.0, -0.0, 0.0, 0.0, 0.0, -0.0], [-1.8972479348587188, 3.455957669387025, -12.820077017732915, 42.007958770133534, -0.15832392053497865, -42.062362331842266, 12.658935919982033, -4.150789747758739, 1.3388326321675945, 0.0, 0.0, -0.0, 0.0, 0.0, -0.0, 0.0, 0.0, -0.0, 0.0, 0.0, -0.0, -0.0, -0.0, -0.0, 0.0, -0.24600133067203067, 0.0, 0.0, 0.0, 0.0, 0.0, 0.18522743962900784, -0.0, -0.0, -0.0, -0.0, -0.0, 0.0, 0.0, 0.0, 0.0, -0.0, -0.0, 0.0, 0.0], [-6.043789776011807, -1.2673447907325848, 4.347760624412027, -13.172100102874614, 42.29977591382622, 0.22275176346252393, -41.752017338294465, 12.421016862629129, -3.374826604982793, -0.0, -0.0, 0.0, -0.0, 0.0, 0.0, -0.0, -0.0, 0.0, -0.0, -0.0, 0.0, 0.0, -0.0, 0.0, -0.0, 0.0, 0.0, -0.0, -0.0, -0.0, 0.0, -0.24572258318666976, 0.0, 0.0, 0.0, 0.0, 0.18232763411030894, -0.0, -0.0, -0.0, -0.0, 0.0, 0.0, -0.0, -0.0], [1.4514320141809376, 0.6821094250366767, -1.900146056515627, 4.653132178139587, -13.55870260749309, 41.69293616084087, -0.33193658039433344, -41.211235152641905, 10.555124548996211, -0.0, 0.0, -0.0, 0.0, -0.0, -0.0, 0.0, 0.0, -0.0, -0.0, 0.0, -0.0, 0.0, 0.0, -0.0, 0.0, -0.0, -0.0, 0.0, -0.0, 0.0, -0.0, 0.0, 0.0, -0.0, -0.0, 0.0, -0.24216878691775226, 0.0, 0.0, 0.0, 0.18664842183025562, -0.0, -0.0, -0.0, 0.0], [-0.956839121481425, -0.0, 1.1756716813154373, -2.299773559059791, 5.662303982184642, -11.949323389808416, 43.227967366064355, -1.8919151709760738, -35.586376421938986, 0.0, -0.0, 0.0, 0.0, 0.0, 0.0, -0.0, -0.0, 0.0, 0.0, -0.0, 0.0, -0.0, -0.0, 0.0, -0.0, -0.0, 0.0, -0.0, 0.0, -0.0, 0.0, 0.0, -0.0, 0.0, 0.0, -0.0, 0.0, 0.0, -0.0, 0.0, -0.2511791932769241, 0.0, 0.0, 0.15121565643768747, -0.0], [24.17264049926733, -1.1385163838643397, -0.7318627777950293, 2.142682069441752, -5.709163480252391, 0.24545435038091645, -16.85258160336734, 48.58579055629023, -20.680895287998535, -0.0, 0.0, 0.0, -0.0, -0.0, -0.0, -0.0, 0.0, -0.0, -0.0, 0.0, 0.0, 0.0, 0.0, -0.0, 0.0, 0.0, -0.0, 0.0, -0.0, 0.0, 0.0, -0.0, 0.0, -0.0, 0.0, 0.0, 0.0, -0.0, 0.0, -0.0, 0.0, 0.0, 0.0, -0.20464249588298336, 0.0]]",(x0)' = -42.620 1 +  20.361 x0 + -47.908 x1 +  16.002 x2 +  0.285 x3 +  5.681 x4 + -2.175 x5 +  0.879 x6 +  0.980 x7 | (x1)' = -13.284 1 +  35.713 x0 +  2.079 x1 + -43.009 x2 +  11.314 x3 + -5.411 x4 +  2.182 x5 + -1.219 x6 + -0.190 x0 x1 +  0.210 x1 x2 | (x2)' =  4.584 1 + -10.810 x0 +  41.307 x1 +  0.436 x2 + -41.427 x3 +  13.093 x4 + -4.337 x5 +  1.871 x6 + -0.739 x7 + -0.259 x1 x2 +  0.188 x2 x3 | (x3)' = -1.897 1 +  3.456 x0 + -12.820 x1 +  42.008 x2 + -0.158 x3 + -42.062 x4 +  12.659 x5 + -4.151 x6 +  1.339 x7 + -0.246 x2 x3 +  0.185 x3 x4 | (x4)' = -6.044 1 + -1.267 x0 +  4.348 x1 + -13.172 x2 +  42.300 x3 +  0.223 x4 + -41.752 x5 +  12.421 x6 + -3.375 x7 + -0.246 x3 x4 +  0.182 x4 x5 | (x5)' =  1.451 1 +  0.682 x0 + -1.900 x1 +  4.653 x2 + -13.559 x3 +  41.693 x4 + -0.332 x5 + -41.211 x6 +  10.555 x7 + -0.242 x4 x5 +  0.187 x5 x6 | (x6)' = -0.957 1 +  1.176 x1 + -2.300 x2 +  5.662 x3 + -11.949 x4 +  43.228 x5 + -1.892 x6 + -35.586 x7 + -0.251 x5 x6 +  0.151 x6 x7 | (x7)' =  24.173 1 + -1.139 x0 + -0.732 x1 +  2.143 x2 + -5.709 x3 +  0.245 x4 + -16.853 x5 +  48.586 x6 + -20.681 x7 + -0.205 x6 x7
135,35.0,,,sr3,0.1,0.05,1.0,2,8,5,20.0,140.0,0,0.0,finite_difference,success,,64,360,17.77777777777778,0.6530985841527581,"[""1"", ""x0"", ""x1"", ""x2"", ""x3"", ""x4"", ""x5"", ""x6"", ""x7"", ""x0^2"", ""x0 x1"", ""x0 x2"", ""x0 x3"", ""x0 x4"", ""x0 x5"", ""x0 x6"", ""x0 x7"", ""x1^2"", ""x1 x2"", ""x1 x3"", ""x1 x4"", ""x1 x5"", ""x1 x6"", ""x1 x7"", ""x2^2"", ""x2 x3"", ""x2 x4"", ""x2 x5"", ""x2 x6"", ""x2 x7"", ""x3^2"", ""x3 x4"", ""x3 x5"", ""x3 x6"", ""x3 x7"", ""x4^2"", ""x4 x5"", ""x4 x6"", ""x4 x7"", ""x5^2"", ""x5 x6"", ""x5 x7"", ""x6^2"", ""x6 x7"", ""x7^2""]","[[-42.619521065645486, 20.36098794093821, -47.90801053585863, 16.00172769917954, 0.0, 5.680530247885126, -2.1752746651719215, 0.8793557225439532, 0.9801895004532084, 0.0, 0.0, -0.0, -0.0, -0.0, 0.0, 0.0, 0.0, -0.0, -0.0, 0.0, 0.0, 0.0, -0.0, -0.0, 0.0, 0.0, 0.0, -0.0, -0.0, 0.0, -0.0, 0.0, 0.0, -0.0, 0.0, -0.0, -0.0, -0.0, -0.0, -0.0, -0.0, 0.0, 0.0, -0.0, -0.0], [-13.283902286409138, 35.71261155180153, 2.0788515111796175, -43.00918794409982, 11.313899349377445, -5.411401690299582, 2.182411961807181, -1.2194641310065553, 0.0, 0.0, -0.0, -0.0, 0.0, 0.0, 0.0, -0.0, -0.0, -0.0, 0.0, -0.0, 0.0, -0.0, 0.0, 0.0, -0.0, -0.0, 0.0, 0.0, 0.0, -0.0, 0.0, -0.0, -0.0, -0.0, -0.0, -0.0, 0.0, 0.0, 0.0, 0.0, 0.0, -0.0, -0.0, -0.0, 0.0], [4.583553829047088, -10.809574111043945, 41.30669470669531, 0.0, -41.427412924010916, 13.092938241515352, -4.336513229885474, 1.8711855522461738, -0.7387536772318997, -0.0, 0.0, 0.0, -0.0, -0.0, -0.0, 0.0, 0.0, 0.0, -0.0, -0.0, 0.0, 0.0, 0.0, -0.0, 0.0, 0.0, -0.0, -0.0, -0.0, 0.0, -0.0, -0.0, 0.0, 0.0, 0.0, 0.0, -0.0, -0.0, -0.0, -0.0, -0.0, 0.0, 0.0, 0.0, -0.0], [-1.8972479287593758, 3.4559576691795835, -12.820077017425339, 42.00795876881477, -0.0, -42.06236233326439, 12.658935920494013, -4.150789747920847, 1.3388326318231953, 0.0, 0.0, -0.0, 0.0, 0.0, -0.0, 0.0, 0.0, -0.0, 0.0, 0.0, -0.0, -0.0, -0.0, -0.0, 0.0, -0.0, 0.0, 0.0, 0.0, 0.0, 0.0, 0.0, -0.0, -0.0, -0.0, -0.0, -0.0, 0.0, 0.0, 0.0, 0.0, -0.0, -0.0, 0.0, 0.0], [-6.043789779514749, -1.267344790264284, 4.34776062468089, -13.172100103622391, 42.29977591583348, 0.0, -41.75201733636961, 12.42101686206752, -3.37482660462838, -0.0, -0.0, 0.0, -0.0, 0.0, 0.0, -0.0, -0.0, 0.0, -0.0, -0.0, 0.0, 0.0, -0.0, 0.0, -0.0, 0.0, 0.0, -0.0, -0.0, -0.0, 0.0, -0.0, 0.0, 0.0, 0.0, 0.0, 0.0, -0.0, -0.0, -0.0, -0.0, 0.0, 0.0, -0.0, -0.0], [1.4514320202338258, 0.6821094245738571, -1.900146057035817, 4.653132177967606, -13.55870260673934, 41.69293615797427, -0.0, -41.211235155516114, 10.555124549718533, -0.0, 0.0, -0.0, 0.0, -0.0, -0.0, 0.0, 0.0, -0.0, -0.0, 0.0, -0.0, 0.0, 0.0, -0.0, 0.0, -0.0, -0.0, 0.0, -0.0, 0.0, -0.0, 0.0, 0.0, -0.0, -0.0, 0.0, -0.0, 0.0, 0.0, 0.0, 0.0, -0.0, -0.0, -0.0, 0.0], [-0.9568391211714793, -0.0, 1.175671682831106, -2.299773559519415, 5.662303982647065, -11.94932338949742, 43.22796736641647, -1.8919151710713542, -35.586376421836846, 0.0, -0.0, 0.0, 0.0, 0.0, 0.0, -0.0, -0.0, 0.0, 0.0, -0.0, 0.0, -0.0, -0.0, 0.0, -0.0, -0.0, 0.0, -0.0, 0.0, -0.0, 0.0, 0.0, -0.0, 0.0, 0.0, -0.0, 0.0, 0.0, -0.0, 0.0, -0.0, 0.0, 0.0, 0.0, -0.0], [24.17264050088339, -1.1385163833276861, -0.7318627776227273, 2.1426820687937904, -5.70916347811566, 0.0, -16.852581601393673, 48.58579055565585, -20.68089528757428, -0.0, 0.0, 0.0, -0.0, -0.0, -0.0, -0.0, 0.0, -0.0, -0.0, 0.0, 0.0, 0.0, 0.0, -0.0, 0.0, 0.0, -0.0, 0.0, -0.0, 0.0, 0.0, -0.0, 0.0, -0.0, 0.0, 0.0, 0.0, -0.0, 0.0, -0.0, 0.0, 0.0, 0.0, -0.0, 0.0]]",(x0)' = -42.620 1 +  20.361 x0 + -47.908 x1 +  16.002 x2 +  5.681 x4 + -2.175 x5 +  0.879 x6 +  0.980 x7 | (x1)' = -13.284 1 +  35.713 x0 +  2.079 x1 + -43.009 x2 +  11.314 x3 + -5.411 x4 +  2.182 x5 + -1.219 x6 | (x2)' =  4.584 1 + -10.810 x0 +  41.307 x1 + -41.427 x3 +  13.093 x4 + -4.337 x5 +  1.871 x6 + -0.739 x7 | (x3)' = -1.897 1 +  3.456 x0 + -12.820 x1 +  42.008 x2 + -42.062 x4 +  12.659 x5 + -4.151 x6 +  1.339 x7 | (x4)' = -6.044 1 + -1.267 x0 +  4.348 x1 + -13.172 x2 +  42.300 x3 + -41.752 x5 +  12.421 x6 + -3.375 x7 | (x5)' =  1.451 1 +  0.682 x0 + -1.900 x1 +  4.653 x2 + -13.559 x3 +  41.693 x4 + -41.211 x6 +  10.555 x7 | (x6)' = -0.957 1 +  1.176 x1 + -2.300 x2 +  5.662 x3 + -11.949 x4 +  43.228 x5 + -1.892 x6 + -35.586 x7 | (x7)' =  24.173 1 + -1.139 x0 + -0.732 x1 +  2.143 x2 + -5.709 x3 + -16.853 x5 +  48.586 x6 + -20.681 x7
136,35.0,,,sr3,0.1,0.05,10.0,2,8,5,20.0,140.0,0,0.0,finite_difference,success,,53,360,14.722222222222221,0.6318472428247333,"[""1"", ""x0"", ""x1"", ""x2"", ""x3"", ""x4"", ""x5"", ""x6"", ""x7"", ""x0^2"", ""x0 x1"", ""x0 x2"", ""x0 x3"", ""x0 x4"", ""x0 x5"", ""x0 x6"", ""x0 x7"", ""x1^2"", ""x1 x2"", ""x1 x3"", ""x1 x4"", ""x1 x5"", ""x1 x6"", ""x1 x7"", ""x2^2"", ""x2 x3"", ""x2 x4"", ""x2 x5"", ""x2 x6"", ""x2 x7"", ""x3^2"", ""x3 x4"", ""x3 x5"", ""x3 x6"", ""x3 x7"", ""x4^2"", ""x4 x5"", ""x4 x6"", ""x4 x7"", ""x5^2"", ""x5 x6"", ""x5 x7"", ""x6^2"", ""x6 x7"", ""x7^2""]","[[-42.619521062050445, 20.360987940500472, -47.90801053503437, 16.001727697196127, 0.0, 5.680530245559399, -2.1752746639366993, 0.0, 0.0, 0.0, 0.0, -0.0, -0.0, -0.0, 0.0, 0.0, 0.0, -0.0, -0.0, 0.0, 0.0, 0.0, -0.0, -0.0, 0.0, 0.0, 0.0, -0.0, -0.0, 0.0, -0.0, 0.0, 0.0, -0.0, 0.0, -0.0, -0.0, -0.0, -0.0, -0.0, -0.0, 0.0, 0.0, -0.0, -0.0], [-13.283902287535945, 35.712611551818085, 2.078851511037383, -43.009187944426, 11.313899349110931, -5.411401690110837, 2.182411960950372, -0.0, 0.0, 0.0, -0.0, -0.0, 0.0, 0.0, 0.0, -0.0, -0.0, -0.0, 0.0, -0.0, 0.0, -0.0, 0.0, 0.0, -0.0, -0.0, 0.0, 0.0, 0.0, -0.0, 0.0, -0.0, -0.0, -0.0, -0.0, -0.0, 0.0, 0.0, 0.0, 0.0, 0.0, -0.0, -0.0, -0.0, 0.0], [4.5835538302669665, -10.809574110294447, 41.30669470337165, 0.0, -41.42741292765317, 13.092938242444113, -4.336513230078922, 1.8711855511189, -0.0, -0.0, 0.0, 0.0, -0.0, -0.0, -0.0, 0.0, 0.0, 0.0, -0.0, -0.0, 0.0, 0.0, 0.0, -0.0, 0.0, 0.0, -0.0, -0.0, -0.0, 0.0, -0.0, -0.0, 0.0, 0.0, 0.0, 0.0, -0.0, -0.0, -0.0, -0.0, -0.0, 0.0, 0.0, 0.0, -0.0], [-1.8972479297741411, 3.4559576695022134, -12.820077017917875, 42.007958770274705, -0.0, -42.06236233179476, 12.658935919854354, -4.150789746841589, 0.0, 0.0, 0.0, -0.0, 0.0, 0.0, -0.0, 0.0, 0.0, -0.0, 0.0, 0.0, -0.0, -0.0, -0.0, -0.0, 0.0, -0.0, 0.0, 0.0, 0.0, 0.0, 0.0, 0.0, -0.0, -0.0, -0.0, -0.0, -0.0, 0.0, 0.0, 0.0, 0.0, -0.0, -0.0, 0.0, 0.0], [-6.043789775490005, -0.0, 4.347760623617827, -13.172100102850322, 42.29977591387701, 0.0, -41.75201733832766, 12.42101686272577, -3.374826605060968, -0.0, -0.0, 0.0, -0.0, 0.0, 0.0, -0.0, -0.0, 0.0, -0.0, -0.0, 0.0, 0.0, -0.0, 0.0, -0.0, 0.0, 0.0, -0.0, -0.0, -0.0, 0.0, -0.0, 0.0, 0.0, 0.0, 0.0, 0.0, -0.0, -0.0, -0.0, -0.0, 0.0, 0.0, -0.0, -0.0], [1.451432017977168, 0.0, -1.9001460560986292, 4.653132178095866, -13.558702607438109, 41.69293616077213, -0.0, -41.2112351530016, 10.555124549150394, -0.0, 0.0, -0.0, 0.0, -0.0, -0.0, 0.0, 0.0, -0.0, -0.0, 0.0, -0.0, 0.0, 0.0, -0.0, 0.0, -0.0, -0.0, 0.0, -0.0, 0.0, -0.0, 0.0, 0.0, -0.0, -0.0, 0.0, -0.0, 0.0, 0.0, 0.0, 0.0, -0.0, -0.0, -0.0, 0.0], [-0.0, -0.0, 0.0, -2.2997735580919056, 5.662303983369989, -11.94932338822728, 43.22796736706389, -1.8919151716529008, -35.586376422169494, 0.0, -0.0, 0.0, 0.0, 0.0, 0.0, -0.0, -0.0, 0.0, 0.0, -0.0, 0.0, -0.0, -0.0, 0.0, -0.0, -0.0, 0.0, -0.0, 0.0, -0.0, 0.0, 0.0, -0.0, 0.0, 0.0, -0.0, 0.0, 0.0, -0.0, 0.0, -0.0, 0.0, 0.0, 0.0, -0.0], [24.172640504659082, -0.0, -0.0, 2.142682068989344, -5.709163480036884, 0.0, -16.852581603628906, 48.58579055626025, -20.68089528799948, -0.0, 0.0, 0.0, -0.0, -0.0, -0.0, -0.0, 0.0, -0.0, -0.0, 0.0, 0.0, 0.0, 0.0, -0.0, 0.0, 0.0, -0.0, 0.0, -0.0, 0.0, 0.0, -0.0, 0.0, -0.0, 0.0, 0.0, 0.0, -0.0, 0.0, -0.0, 0.0, 0.0, 0.0, -0.0, 0.0]]",(x0)' = -42.620 1 +  20.361 x0 + -47.908 x1 +  16.002 x2 +  5.681 x4 + -2.175 x5 | (x1)' = -13.284 1 +  35.713 x0 +  2.079 x1 + -43.009 x2 +  11.314 x3 + -5.411 x4 +  2.182 x5 | (x2)' =  4.584 1 + -10.810 x0 +  41.307 x1 + -41.427 x3 +  13.093 x4 + -4.337 x5 +  1.871 x6 | (x3)' = -1.897 1 +  3.456 x0 + -12.820 x1 +  42.008 x2 + -42.062 x4 +  12.659 x5 + -4.151 x6 | (x4)' = -6.044 1 +  4.348 x1 + -13.172 x2 +  42.300 x3 + -41.752 x5 +  12.421 x6 + -3.375 x7 | (x5)' =  1.451 1 + -1.900 x1 +  4.653 x2 + -13.559 x3 +  41.693 x4 + -41.211 x6 +  10.555 x7 | (x6)' = -2.300 x2 +  5.662 x3 + -11.949 x4 +  43.228 x5 + -1.892 x6 + -35.586 x7 | (x7)' =  24.173 1 +  2.143 x2 + -5.709 x3 + -16.853 x5 +  48.586 x6 + -20.681 x7
137,35.0,,,sr3,0.1,0.05,0.01,2,8,5,20.0,140.0,5,20.0,smoothed_finite_difference_savgol_order_3,success,,132,360,36.666666666666664,0.6779032675549388,"[""1"", ""x0"", ""x1"", ""x2"", ""x3"", ""x4"", ""x5"", ""x6"", ""x7"", ""x0^2"", ""x0 x1"", ""x0 x2"", ""x0 x3"", ""x0 x4"", ""x0 x5"", ""x0 x6"", ""x0 x7"", ""x1^2"", ""x1 x2"", ""x1 x3"", ""x1 x4"", ""x1 x5"", ""x1 x6"", ""x1 x7"", ""x2^2"", ""x2 x3"", ""x2 x4"", ""x2 x5"", ""x2 x6"", ""x2 x7"", ""x3^2"", ""x3 x4"", ""x3 x5"", ""x3 x6"", ""x3 x7"", ""x4^2"", ""x4 x5"", ""x4 x6"", ""x4 x7"", ""x5^2"", ""x5 x6"", ""x5 x7"", ""x6^2"", ""x6 x7"", ""x7^2""]","[[-42.575772149041185, 20.692730986011007, -48.4355513527726, 16.461335350390012, -0.0, 5.779668554115404, -2.21429910612235, 0.9061838297960467, 0.9599186160094437, 0.0, 0.13676288400509107, -0.04481083530408903, -0.0, -0.0, 0.0, 0.0, 0.0, -0.0, -0.07621927811532636, 0.0, 0.0, 0.0, -0.0, -0.0, 0.05876077688827757, 0.0, 0.0, -0.0, -0.0, 0.0, -0.0, 0.0, 0.0, -0.0, 0.0, -0.0, -0.0, -0.0, -0.0, -0.0, -0.0, 0.0, 0.0, -0.0, -0.0], [-12.325700206073988, 35.753453547815326, 2.189230599817428, -43.31930167630609, 11.649580494233609, -5.65667635582895, 2.277753945150597, -1.2372320322335848, 0.10462096939836517, 0.08144657275376163, -0.18675067626261704, -0.0, 0.0, 0.0, 0.0, -0.0, -0.0, -0.0, 0.209870196179516, -0.0, 0.0, -0.0, 0.0, 0.0, -0.08353064026223013, -0.055108123068515806, 0.0, 0.0, 0.0, -0.0, 0.046355464691362716, -0.0, -0.0, -0.0, -0.0, -0.0, 0.0, 0.0, 0.0, 0.0, 0.0, -0.0, -0.0, -0.0, 0.0], [4.677585143998122, -10.986474513413878, 41.494909333256246, 0.46146562039914973, -41.678146875530494, 13.43507143862502, -4.561141456593428, 1.9519835093272628, -0.743093762310743, -0.061197199269442525, 0.06303941857767824, 0.08718557692688958, -0.0, -0.0, -0.0, 0.0, 0.0, 0.09196473718964578, -0.2553909645525731, -0.0, 0.0, 0.0, 0.0, -0.0, 0.0, 0.1870310139764458, -0.0, -0.0, -0.0, 0.0, -0.07491096755753121, -0.04721116180084832, 0.0, 0.0, 0.0, 0.04590786718969168, -0.0, -0.0, -0.0, -0.0, -0.0, 0.0, 0.0, 0.0, -0.0], [-1.554867002797675, 3.6190797011631757, -13.097883364431393, 42.23702805501979, -0.16643318565449483, -42.33135041636526, 12.980437982652889, -4.362094846925595, 1.4050645933054038, 0.0, 0.0, -0.07292854126161345, 0.0, -0.0, -0.0, 0.0, 0.0, -0.08267639846981205, 0.11029130755420997, 0.07637070011952617, -0.0, -0.0, -0.0, -0.0, 0.07510742395748056, -0.24221321439941987, 0.0, 0.0, 0.0, 0.0, 0.0, 0.18435037211531227, -0.0, -0.0, -0.0, -0.07295859860280356, -0.047419344528041536, 0.0, 0.0, 0.0, 0.0, -0.0, -0.0, 0.0, 0.0], [-5.604558410527501, -1.3387671332798827, 4.5562025065032214, -13.46828492744563, 42.54957794509487, 0.23147942677189853, -42.000366130690935, 12.721378910430904, -3.5388100039874617, -0.0, -0.0, 0.0, -0.0, 0.0, 0.0, -0.0, -0.0, 0.0, -0.0, -0.06577226688675909, 0.0, -0.0, -0.0, 0.0, -0.07510301696693616, 0.1039617117400406, 0.07142920803255656, -0.04693282452994062, -0.0, -0.0, 0.07738751013709114, -0.24188182032916972, 0.0, 0.0, 0.0, 0.0, 0.1814465293300425, -0.0, -0.0, -0.0694013189053604, -0.050753439080400406, 0.0, 0.0, -0.0, -0.0], [1.6416478779211563, 0.6876560660110271, -1.983036606310985, 4.870953890248579, -13.874468696934352, 41.92305359376419, -0.3564478268673099, -41.4157743332738, 10.749069927983308, -0.0, 0.0, -0.0, 0.0, -0.0, -0.0, 0.0, 0.0, -0.0, -0.0, 0.0, -0.0, 0.0, 0.0, -0.0, 0.0, -0.0, -0.06255004741107906, 0.0, -0.0, 0.0, -0.07557375948576459, 0.10205926802857133, 0.06756308283649949, -0.0, -0.0, 0.0823706030066052, -0.23828442513080547, 0.0, 0.0, 0.0, 0.18608564081936035, -0.04618316659409151, -0.07177600475661916, -0.0, 0.0], [-0.7010587179344633, -0.0, 1.1950708390855316, -2.3939350770851737, 5.899774334351677, -12.252637198851229, 43.51881544360435, -2.004063420135106, -35.6338870916976, 0.0, -0.0, 0.0, 0.0, 0.0, 0.0, -0.0, -0.0, 0.0, 0.0, -0.0, 0.0, -0.0, -0.0, 0.0, -0.0, -0.0, 0.0, -0.0, 0.0, -0.0, 0.0, 0.0, -0.06042076363026723, 0.0, 0.0, -0.07602653360149965, 0.10109501935711321, 0.0643455083694526, -0.048065332963360394, 0.09540758534823235, -0.24785839789262698, 0.0, 0.0, 0.150794205909869, -0.06028351080676333], [24.42559359744935, -1.1121464243409536, -0.7647950367721054, 2.18366528493645, -5.808911023927276, 0.5368113290053912, -17.27625475189763, 49.083649550172325, -21.008219677825487, -0.0, 0.0, 0.0, -0.0, -0.0, -0.0, -0.0, 0.0, -0.0, -0.0, 0.0, 0.0, 0.0, 0.0, -0.0, 0.0, 0.0, -0.0, 0.0, -0.0, 0.0, -0.0, -0.0, 0.0, -0.0, 0.0, 0.0, 0.0, -0.0632844355253176, 0.0, -0.11667729541723128, 0.11618360919410882, 0.07784366805228053, 0.0978105147857005, -0.20365026274699463, 0.0]]",(x0)' = -42.576 1 +  20.693 x0 + -48.436 x1 +  16.461 x2 +  5.780 x4 + -2.214 x5 +  0.906 x6 +  0.960 x7 +  0.137 x0 x1 + -0.045 x0 x2 + -0.076 x1 x2 +  0.059 x2^2 | (x1)' = -12.326 1 +  35.753 x0 +  2.189 x1 + -43.319 x2 +  11.650 x3 + -5.657 x4 +  2.278 x5 + -1.237 x6 +  0.105 x7 +  0.081 x0^2 + -0.187 x0 x1 +  0.210 x1 x2 + -0.084 x2^2 + -0.055 x2 x3 +  0.046 x3^2 | (x2)' =  4.678 1 + -10.986 x0 +  41.495 x1 +  0.461 x2 + -41.678 x3 +  13.435 x4 + -4.561 x5 +  1.952 x6 + -0.743 x7 + -0.061 x0^2 +  0.063 x0 x1 +  0.087 x0 x2 +  0.092 x1^2 + -0.255 x1 x2 +  0.187 x2 x3 + -0.075 x3^2 + -0.047 x3 x4 +  0.046 x4^2 | (x3)' = -1.555 1 +  3.619 x0 + -13.098 x1 +  42.237 x2 + -0.166 x3 + -42.331 x4 +  12.980 x5 + -4.362 x6 +  1.405 x7 + -0.073 x0 x2 + -0.083 x1^2 +  0.110 x1 x2 +  0.076 x1 x3 +  0.075 x2^2 + -0.242 x2 x3 +  0.184 x3 x4 + -0.073 x4^2 + -0.047 x4 x5 | (x4)' = -5.605 1 + -1.339 x0 +  4.556 x1 + -13.468 x2 +  42.550 x3 +  0.231 x4 + -42.000 x5 +  12.721 x6 + -3.539 x7 + -0.066 x1 x3 + -0.075 x2^2 +  0.104 x2 x3 +  0.071 x2 x4 + -0.047 x2 x5 +  0.077 x3^2 + -0.242 x3 x4 +  0.181 x4 x5 + -0.069 x5^2 + -0.051 x5 x6 | (x5)' =  1.642 1 +  0.688 x0 + -1.983 x1 +  4.871 x2 + -13.874 x3 +  41.923 x4 + -0.356 x5 + -41.416 x6 +  10.749 x7 + -0.063 x2 x4 + -0.076 x3^2 +  0.102 x3 x4 +  0.068 x3 x5 +  0.082 x4^2 + -0.238 x4 x5 +  0.186 x5 x6 + -0.046 x5 x7 + -0.072 x6^2 | (x6)' = -0.701 1 +  1.195 x1 + -2.394 x2 +  5.900 x3 + -12.253 x4 +  43.519 x5 + -2.004 x6 + -35.634 x7 + -0.060 x3 x5 + -0.076 x4^2 +  0.101 x4 x5 +  0.064 x4 x6 + -0.048 x4 x7 +  0.095 x5^2 + -0.248 x5 x6 +  0.151 x6 x7 + -0.060 x7^2 | (x7)' =  24.426 1 + -1.112 x0 + -0.765 x1 +  2.184 x2 + -5.809 x3 +  0.537 x4 + -17.276 x5 +  49.084 x6 + -21.008 x7 + -0.063 x4 x6 + -0.117 x5^2 +  0.116 x5 x6 +  0.078 x5 x7 +  0.098 x6^2 + -0.204 x6 x7
138,35.0,,,sr3,0.1,0.05,0.1,2,8,5,20.0,140.0,5,20.0,smoothed_finite_difference_savgol_order_3,success,,82,360,22.77777777777778,0.6627159081399441,"[""1"", ""x0"", ""x1"", ""x2"", ""x3"", ""x4"", ""x5"", ""x6"", ""x7"", ""x0^2"", ""x0 x1"", ""x0 x2"", ""x0 x3"", ""x0 x4"", ""x0 x5"", ""x0 x6"", ""x0 x7"", ""x1^2"", ""x1 x2"", ""x1 x3"", ""x1 x4"", ""x1 x5"", ""x1 x6"", ""x1 x7"", ""x2^2"", ""x2 x3"", ""x2 x4"", ""x2 x5"", ""x2 x6"", ""x2 x7"", ""x3^2"", ""x3 x4"", ""x3 x5"", ""x3 x6"", ""x3 x7"", ""x4^2"", ""x4 x5"", ""x4 x6"", ""x4 x7"", ""x5^2"", ""x5 x6"", ""x5 x7"", ""x6^2"", ""x6 x7"", ""x7^2""]","[[-42.57577218198321, 20.692730989303826, -48.43555135816966, 16.46133536566586, -0.0, 5.779668568986179, -2.2142991108333887, 0.9061838314228239, 0.9599186194059358, 0.0, 0.0, -0.0, -0.0, -0.0, 0.0, 0.0, 0.0, -0.0, -0.0, 0.0, 0.0, 0.0, -0.0, -0.0, 0.0, 0.0, 0.0, -0.0, -0.0, 0.0, -0.0, 0.0, 0.0, -0.0, 0.0, -0.0, -0.0, -0.0, -0.0, -0.0, -0.0, 0.0, 0.0, -0.0, -0.0], [-12.325700166329305, 35.75345354832047, 2.1892305994475225, -43.31930167499768, 11.649580496642676, -5.656676353969379, 2.2777539428579456, -1.2372320245082533, 0.0, 0.0, -0.1867506762203187, -0.0, 0.0, 0.0, 0.0, -0.0, -0.0, -0.0, 0.20987019621981592, -0.0, 0.0, -0.0, 0.0, 0.0, -0.0, -0.0, 0.0, 0.0, 0.0, -0.0, 0.0, -0.0, -0.0, -0.0, -0.0, -0.0, 0.0, 0.0, 0.0, 0.0, 0.0, -0.0, -0.0, -0.0, 0.0], [4.677585141092043, -10.986474513333345, 41.49490933301684, 0.4614656207525892, -41.67814687571354, 13.435071438794639, -4.561141456695918, 1.951983509278029, -0.7430937623388231, -0.0, 0.0, 0.0, -0.0, -0.0, -0.0, 0.0, 0.0, 0.0, -0.2553909645517119, -0.0, 0.0, 0.0, 0.0, -0.0, 0.0, 0.18703101397187447, -0.0, -0.0, -0.0, 0.0, -0.0, -0.0, 0.0, 0.0, 0.0, 0.0, -0.0, -0.0, -0.0, -0.0, -0.0, 0.0, 0.0, 0.0, -0.0], [-1.554867028393938, 3.6190797010450937, -13.09788336425994, 42.23702805480518, -0.16643318544786262, -42.33135041667059, 12.980437983151692, -4.362094847168094, 1.4050645932831178, 0.0, 0.0, -0.0, 0.0, -0.0, -0.0, 0.0, 0.0, -0.0, 0.0, 0.0, -0.0, -0.0, -0.0, -0.0, 0.0, -0.2422132144120128, 0.0, 0.0, 0.0, 0.0, 0.0, 0.1843503721070384, -0.0, -0.0, -0.0, -0.0, -0.0, 0.0, 0.0, 0.0, 0.0, -0.0, -0.0, 0.0, 0.0], [-5.604558479705707, -1.3387671333922317, 4.556202507000297, -13.468284927725463, 42.54957794487406, 0.23147942694964493, -42.000366131038106, 12.721378910928314, -3.538810004160676, -0.0, -0.0, 0.0, -0.0, 0.0, 0.0, -0.0, -0.0, 0.0, -0.0, -0.0, 0.0, -0.0, -0.0, 0.0, -0.0, 0.0, 0.0, -0.0, -0.0, -0.0, 0.0, -0.2418818203125404, 0.0, 0.0, 0.0, 0.0, 0.18144652932238023, -0.0, -0.0, -0.0, -0.0, 0.0, 0.0, -0.0, -0.0], [1.6416478334951219, 0.6876560659473732, -1.983036606771455, 4.870953890849956, -13.874468696909563, 41.92305359356821, -0.35644782702412836, -41.41577433317023, 10.749069928126623, -0.0, 0.0, -0.0, 0.0, -0.0, -0.0, 0.0, 0.0, -0.0, -0.0, 0.0, -0.0, 0.0, 0.0, -0.0, 0.0, -0.0, -0.0, 0.0, -0.0, 0.0, -0.0, 0.0, 0.0, -0.0, -0.0, 0.0, -0.23828442514006692, 0.0, 0.0, 0.0, 0.18608564075830386, -0.0, -0.0, -0.0, 0.0], [-0.7010587877190557, -0.0, 1.195070858721256, -2.3939350831321016, 5.899774339554799, -12.252637193393113, 43.51881544710547, -2.004063421062933, -35.63388709048845, 0.0, -0.0, 0.0, 0.0, 0.0, 0.0, -0.0, -0.0, 0.0, 0.0, -0.0, 0.0, -0.0, -0.0, 0.0, -0.0, -0.0, 0.0, -0.0, 0.0, -0.0, 0.0, 0.0, -0.0, 0.0, 0.0, -0.0, 0.0, 0.0, -0.0, 0.0, -0.24785839790502776, 0.0, 0.0, 0.1507942058666844, -0.0], [24.425593567117012, -1.112146424410014, -0.7647950366824634, 2.183665284976284, -5.808911024181294, 0.5368113293602871, -17.276254752038284, 49.083649550132094, -21.008219677791278, -0.0, 0.0, 0.0, -0.0, -0.0, -0.0, -0.0, 0.0, -0.0, -0.0, 0.0, 0.0, 0.0, 0.0, -0.0, 0.0, 0.0, -0.0, 0.0, -0.0, 0.0, -0.0, -0.0, 0.0, -0.0, 0.0, 0.0, 0.0, -0.0, 0.0, -0.0, 0.0, 0.0, 0.0, -0.20365026269947217, 0.0]]",(x0)' = -42.576 1 +  20.693 x0 + -48.436 x1 +  16.461 x2 +  5.780 x4 + -2.214 x5 +  0.906 x6 +  0.960 x7 | (x1)' = -12.326 1 +  35.753 x0 +  2.189 x1 + -43.319 x2 +  11.650 x3 + -5.657 x4 +  2.278 x5 + -1.237 x6 + -0.187 x0 x1 +  0.210 x1 x2 | (x2)' =  4.678 1 + -10.986 x0 +  41.495 x1 +  0.461 x2 + -41.678 x3 +  13.435 x4 + -4.561 x5 +  1.952 x6 + -0.743 x7 + -0.255 x1 x2 +  0.187 x2 x3 | (x3)' = -1.555 1 +  3.619 x0 + -13.098 x1 +  42.237 x2 + -0.166 x3 + -42.331 x4 +  12.980 x5 + -4.362 x6 +  1.405 x7 + -0.242 x2 x3 +  0.184 x3 x4 | (x4)' = -5.605 1 + -1.339 x0 +  4.556 x1 + -13.468 x2 +  42.550 x3 +  0.231 x4 + -42.000 x5 +  12.721 x6 + -3.539 x7 + -0.242 x3 x4 +  0.181 x4 x5 | (x5)' =  1.642 1 +  0.688 x0 + -1.983 x1 +  4.871 x2 + -13.874 x3 +  41.923 x4 + -0.356 x5 + -41.416 x6 +  10.749 x7 + -0.238 x4 x5 +  0.186 x5 x6 | (x6)' = -0.701 1 +  1.195 x1 + -2.394 x2 +  5.900 x3 + -12.253 x4 +  43.519 x5 + -2.004 x6 + -35.634 x7 + -0.248 x5 x6 +  0.151 x6 x7 | (x7)' =  24.426 1 + -1.112 x0 + -0.765 x1 +  2.184 x2 + -5.809 x3 +  0.537 x4 + -17.276 x5 +  49.084 x6 + -21.008 x7 + -0.204 x6 x7
139,35.0,,,sr3,0.1,0.05,1.0,2,8,5,20.0,140.0,5,20.0,smoothed_finite_difference_savgol_order_3,success,,66,360,18.333333333333332,0.6761834565550089,"[""1"", ""x0"", ""x1"", ""x2"", ""x3"", ""x4"", ""x5"", ""x6"", ""x7"", ""x0^2"", ""x0 x1"", ""x0 x2"", ""x0 x3"", ""x0 x4"", ""x0 x5"", ""x0 x6"", ""x0 x7"", ""x1^2"", ""x1 x2"", ""x1 x3"", ""x1 x4"", ""x1 x5"", ""x1 x6"", ""x1 x7"", ""x2^2"", ""x2 x3"", ""x2 x4"", ""x2 x5"", ""x2 x6"", ""x2 x7"", ""x3^2"", ""x3 x4"", ""x3 x5"", ""x3 x6"", ""x3 x7"", ""x4^2"", ""x4 x5"", ""x4 x6"", ""x4 x7"", ""x5^2"", ""x5 x6"", ""x5 x7"", ""x6^2"", ""x6 x7"", ""x7^2""]","[[-42.57577218514955, 20.692730989591603, -48.43555135880286, 16.461335367351673, -0.0, 5.7796685704923485, -2.214299111330257, 0.9061838315936143, 0.9599186197478671, 0.0, 0.0, -0.0, -0.0, -0.0, 0.0, 0.0, 0.0, -0.0, -0.0, 0.0, 0.0, 0.0, -0.0, -0.0, 0.0, 0.0, 0.0, -0.0, -0.0, 0.0, -0.0, 0.0, 0.0, -0.0, 0.0, -0.0, -0.0, -0.0, -0.0, -0.0, -0.0, 0.0, 0.0, -0.0, -0.0], [-12.325700169811242, 35.75345354787122, 2.1892305998367054, -43.31930167632914, 11.649580494695991, -5.656676355770679, 2.2777539448733783, -1.2372320315937457, 0.0, 0.0, -0.0, -0.0, 0.0, 0.0, 0.0, -0.0, -0.0, -0.0, 0.0, -0.0, 0.0, -0.0, 0.0, 0.0, -0.0, -0.0, 0.0, 0.0, 0.0, -0.0, 0.0, -0.0, -0.0, -0.0, -0.0, -0.0, 0.0, 0.0, 0.0, 0.0, 0.0, -0.0, -0.0, -0.0, 0.0], [4.6775851399469, -10.986474513387485, 41.494909333057926, 0.46146562074324093, -41.678146875754784, 13.435071438888267, -4.561141456737992, 1.9519835092841276, -0.7430937623385049, -0.0, 0.0, 0.0, -0.0, -0.0, -0.0, 0.0, 0.0, 0.0, -0.0, -0.0, 0.0, 0.0, 0.0, -0.0, 0.0, 0.0, -0.0, -0.0, -0.0, 0.0, -0.0, -0.0, 0.0, 0.0, 0.0, 0.0, -0.0, -0.0, -0.0, -0.0, -0.0, 0.0, 0.0, 0.0, -0.0], [-1.5548670220191745, 3.619079700815949, -13.097883363908347, 42.237028053380754, -0.0, -42.33135041819228, 12.980437983705487, -4.362094847346019, 1.4050645929237555, 0.0, 0.0, -0.0, 0.0, -0.0, -0.0, 0.0, 0.0, -0.0, 0.0, 0.0, -0.0, -0.0, -0.0, -0.0, 0.0, -0.0, 0.0, 0.0, 0.0, 0.0, 0.0, 0.0, -0.0, -0.0, -0.0, -0.0, -0.0, 0.0, 0.0, 0.0, 0.0, -0.0, -0.0, 0.0, 0.0], [-5.604558483338266, -1.3387671329092934, 4.556202507289554, -13.468284928522847, 42.54957794699743, 0.0, -42.00036612899079, 12.721378910313513, -3.538810003779084, -0.0, -0.0, 0.0, -0.0, 0.0, 0.0, -0.0, -0.0, 0.0, -0.0, -0.0, 0.0, -0.0, -0.0, 0.0, -0.0, 0.0, 0.0, -0.0, -0.0, -0.0, 0.0, -0.0, 0.0, 0.0, 0.0, 0.0, 0.0, -0.0, -0.0, -0.0, -0.0, 0.0, 0.0, -0.0, -0.0], [1.6416478397693923, 0.6876560654493801, -1.9830366073221144, 4.870953890638995, -13.874468696048657, 41.92305359041526, -0.0, -41.415774336314115, 10.749069928930266, -0.0, 0.0, -0.0, 0.0, -0.0, -0.0, 0.0, 0.0, -0.0, -0.0, 0.0, -0.0, 0.0, 0.0, -0.0, 0.0, -0.0, -0.0, 0.0, -0.0, 0.0, -0.0, 0.0, 0.0, -0.0, -0.0, 0.0, -0.0, 0.0, 0.0, 0.0, 0.0, -0.0, -0.0, -0.0, 0.0], [-0.7010587882060494, -0.0, 1.195070860679583, -2.393935083730255, 5.899774340130766, -12.252637192964194, 43.518815447533754, -2.0040634211839774, -35.63388709035503, 0.0, -0.0, 0.0, 0.0, 0.0, 0.0, -0.0, -0.0, 0.0, 0.0, -0.0, 0.0, -0.0, -0.0, 0.0, -0.0, -0.0, 0.0, -0.0, 0.0, -0.0, 0.0, 0.0, -0.0, 0.0, 0.0, -0.0, 0.0, 0.0, -0.0, 0.0, -0.0, 0.0, 0.0, 0.0, -0.0], [24.425593571895952, -1.1121464244013435, -0.7647950366872889, 2.1836652849846936, -5.808911024193204, 0.536811329473948, -17.27625475222746, 49.08364955021876, -21.008219677810924, -0.0, 0.0, 0.0, -0.0, -0.0, -0.0, -0.0, 0.0, -0.0, -0.0, 0.0, 0.0, 0.0, 0.0, -0.0, 0.0, 0.0, -0.0, 0.0, -0.0, 0.0, -0.0, -0.0, 0.0, -0.0, 0.0, 0.0, 0.0, -0.0, 0.0, -0.0, 0.0, 0.0, 0.0, -0.0, 0.0]]",(x0)' = -42.576 1 +  20.693 x0 + -48.436 x1 +  16.461 x2 +  5.780 x4 + -2.214 x5 +  0.906 x6 +  0.960 x7 | (x1)' = -12.326 1 +  35.753 x0 +  2.189 x1 + -43.319 x2 +  11.650 x3 + -5.657 x4 +  2.278 x5 + -1.237 x6 | (x2)' =  4.678 1 + -10.986 x0 +  41.495 x1 +  0.461 x2 + -41.678 x3 +  13.435 x4 + -4.561 x5 +  1.952 x6 + -0.743 x7 | (x3)' = -1.555 1 +  3.619 x0 + -13.098 x1 +  42.237 x2 + -42.331 x4 +  12.980 x5 + -4.362 x6 +  1.405 x7 | (x4)' = -5.605 1 + -1.339 x0 +  4.556 x1 + -13.468 x2 +  42.550 x3 + -42.000 x5 +  12.721 x6 + -3.539 x7 | (x5)' =  1.642 1 +  0.688 x0 + -1.983 x1 +  4.871 x2 + -13.874 x3 +  41.923 x4 + -41.416 x6 +  10.749 x7 | (x6)' = -0.701 1 +  1.195 x1 + -2.394 x2 +  5.900 x3 + -12.253 x4 +  43.519 x5 + -2.004 x6 + -35.634 x7 | (x7)' =  24.426 1 + -1.112 x0 + -0.765 x1 +  2.184 x2 + -5.809 x3 +  0.537 x4 + -17.276 x5 +  49.084 x6 + -21.008 x7
140,35.0,,,sr3,0.1,0.05,10.0,2,8,5,20.0,140.0,5,20.0,smoothed_finite_difference_savgol_order_3,success,,53,360,14.722222222222221,0.658904867246747,"[""1"", ""x0"", ""x1"", ""x2"", ""x3"", ""x4"", ""x5"", ""x6"", ""x7"", ""x0^2"", ""x0 x1"", ""x0 x2"", ""x0 x3"", ""x0 x4"", ""x0 x5"", ""x0 x6"", ""x0 x7"", ""x1^2"", ""x1 x2"", ""x1 x3"", ""x1 x4"", ""x1 x5"", ""x1 x6"", ""x1 x7"", ""x2^2"", ""x2 x3"", ""x2 x4"", ""x2 x5"", ""x2 x6"", ""x2 x7"", ""x3^2"", ""x3 x4"", ""x3 x5"", ""x3 x6"", ""x3 x7"", ""x4^2"", ""x4 x5"", ""x4 x6"", ""x4 x7"", ""x5^2"", ""x5 x6"", ""x5 x7"", ""x6^2"", ""x6 x7"", ""x7^2""]","[[-42.57577218447835, 20.692730989631382, -48.43555135876987, 16.461335367783715, -0.0, 5.779668570543911, -2.2142991107922416, 0.0, 0.0, 0.0, 0.0, -0.0, -0.0, -0.0, 0.0, 0.0, 0.0, -0.0, -0.0, 0.0, 0.0, 0.0, -0.0, -0.0, 0.0, 0.0, 0.0, -0.0, -0.0, 0.0, -0.0, 0.0, 0.0, -0.0, 0.0, -0.0, -0.0, -0.0, -0.0, -0.0, -0.0, 0.0, 0.0, -0.0, -0.0], [-12.325700170928688, 35.75345354788695, 2.1892305996925874, -43.31930167666095, 11.649580494415467, -5.656676355573125, 2.27775394399583, -0.0, 0.0, 0.0, -0.0, -0.0, 0.0, 0.0, 0.0, -0.0, -0.0, -0.0, 0.0, -0.0, 0.0, -0.0, 0.0, 0.0, -0.0, -0.0, 0.0, 0.0, 0.0, -0.0, 0.0, -0.0, -0.0, -0.0, -0.0, -0.0, 0.0, 0.0, 0.0, 0.0, 0.0, -0.0, -0.0, -0.0, 0.0], [4.677585139052161, -10.986474513537917, 41.49490933351609, 0.0, -41.67814687552016, 13.435071438635621, -4.561141456543257, 1.9519835087993471, -0.0, -0.0, 0.0, 0.0, -0.0, -0.0, -0.0, 0.0, 0.0, 0.0, -0.0, -0.0, 0.0, 0.0, 0.0, -0.0, 0.0, 0.0, -0.0, -0.0, -0.0, 0.0, -0.0, -0.0, 0.0, 0.0, 0.0, 0.0, -0.0, -0.0, -0.0, -0.0, -0.0, 0.0, 0.0, 0.0, -0.0], [-1.5548670230724673, 3.6190797011641553, -13.09788336444471, 42.237028054943316, -0.0, -42.33135041661127, 12.980437983003206, -4.362094846189069, 0.0, 0.0, 0.0, -0.0, 0.0, -0.0, -0.0, 0.0, 0.0, -0.0, 0.0, 0.0, -0.0, -0.0, -0.0, -0.0, 0.0, -0.0, 0.0, 0.0, 0.0, 0.0, 0.0, 0.0, -0.0, -0.0, -0.0, -0.0, -0.0, 0.0, 0.0, 0.0, 0.0, -0.0, -0.0, 0.0, 0.0], [-5.604558479075638, -0.0, 4.556202506142446, -13.468284927679132, 42.54957794491356, 0.0, -42.00036613106802, 12.721378911025013, -3.538810004241942, -0.0, -0.0, 0.0, -0.0, 0.0, 0.0, -0.0, -0.0, 0.0, -0.0, -0.0, 0.0, -0.0, -0.0, 0.0, -0.0, 0.0, 0.0, -0.0, -0.0, -0.0, 0.0, -0.0, 0.0, 0.0, 0.0, 0.0, 0.0, -0.0, -0.0, -0.0, -0.0, 0.0, 0.0, -0.0, -0.0], [1.6416478374159904, 0.0, -1.983036606347075, 4.870953890797204, -13.874468696838342, 41.923053593468126, -0.0, -41.41577433355595, 10.74906992828981, -0.0, 0.0, -0.0, 0.0, -0.0, -0.0, 0.0, 0.0, -0.0, -0.0, 0.0, -0.0, 0.0, 0.0, -0.0, 0.0, -0.0, -0.0, 0.0, -0.0, 0.0, -0.0, 0.0, 0.0, -0.0, -0.0, 0.0, -0.0, 0.0, 0.0, 0.0, 0.0, -0.0, -0.0, -0.0, 0.0], [-0.0, -0.0, 0.0, -2.3939350824043504, 5.899774340569704, -12.252637191987052, 43.518815448073724, -2.0040634215605464, -35.63388709060501, 0.0, -0.0, 0.0, 0.0, 0.0, 0.0, -0.0, -0.0, 0.0, 0.0, -0.0, 0.0, -0.0, -0.0, 0.0, -0.0, -0.0, 0.0, -0.0, 0.0, -0.0, 0.0, 0.0, -0.0, 0.0, 0.0, -0.0, 0.0, 0.0, -0.0, 0.0, -0.0, 0.0, 0.0, 0.0, -0.0], [24.425593572308724, -0.0, -0.0, 2.183665284403267, -5.808911023683925, 0.0, -17.276254752034507, 49.083649550001226, -21.00821967773277, -0.0, 0.0, 0.0, -0.0, -0.0, -0.0, -0.0, 0.0, -0.0, -0.0, 0.0, 0.0, 0.0, 0.0, -0.0, 0.0, 0.0, -0.0, 0.0, -0.0, 0.0, -0.0, -0.0, 0.0, -0.0, 0.0, 0.0, 0.0, -0.0, 0.0, -0.0, 0.0, 0.0, 0.0, -0.0, 0.0]]",(x0)' = -42.576 1 +  20.693 x0 + -48.436 x1 +  16.461 x2 +  5.780 x4 + -2.214 x5 | (x1)' = -12.326 1 +  35.753 x0 +  2.189 x1 + -43.319 x2 +  11.650 x3 + -5.657 x4 +  2.278 x5 | (x2)' =  4.678 1 + -10.986 x0 +  41.495 x1 + -41.678 x3 +  13.435 x4 + -4.561 x5 +  1.952 x6 | (x3)' = -1.555 1 +  3.619 x0 + -13.098 x1 +  42.237 x2 + -42.331 x4 +  12.980 x5 + -4.362 x6 | (x4)' = -5.605 1 +  4.556 x1 + -13.468 x2 +  42.550 x3 + -42.000 x5 +  12.721 x6 + -3.539 x7 | (x5)' =  1.642 1 + -1.983 x1 +  4.871 x2 + -13.874 x3 +  41.923 x4 + -41.416 x6 +  10.749 x7 | (x6)' = -2.394 x2 +  5.900 x3 + -12.253 x4 +  43.519 x5 + -2.004 x6 + -35.634 x7 | (x7)' =  24.426 1 +  2.184 x2 + -5.809 x3 + -17.276 x5 +  49.084 x6 + -21.008 x7
141,35.0,,,sr3,0.1,0.05,0.01,2,8,5,20.0,140.0,9,36.0,smoothed_finite_difference_savgol_order_3,success,,134,360,37.22222222222222,0.6754100993275642,"[""1"", ""x0"", ""x1"", ""x2"", ""x3"", ""x4"", ""x5"", ""x6"", ""x7"", ""x0^2"", ""x0 x1"", ""x0 x2"", ""x0 x3"", ""x0 x4"", ""x0 x5"", ""x0 x6"", ""x0 x7"", ""x1^2"", ""x1 x2"", ""x1 x3"", ""x1 x4"", ""x1 x5"", ""x1 x6"", ""x1 x7"", ""x2^2"", ""x2 x3"", ""x2 x4"", ""x2 x5"", ""x2 x6"", ""x2 x7"", ""x3^2"", ""x3 x4"", ""x3 x5"", ""x3 x6"", ""x3 x7"", ""x4^2"", ""x4 x5"", ""x4 x6"", ""x4 x7"", ""x5^2"", ""x5 x6"", ""x5 x7"", ""x6^2"", ""x6 x7"", ""x7^2""]","[[-41.302644173206716, 24.36039430181522, -53.87723659785417, 21.312205279660322, -3.5467825899645717, 7.161469860573878, -2.957056080540943, 1.3487927248547775, 0.6856640613033357, 0.0, 0.14342861530984907, -0.046419531211553844, -0.0, -0.0, -0.0, 0.0, 0.0, -0.0, -0.10042716214379087, 0.0, 0.0, 0.0, -0.0, -0.0, 0.07011332207982933, 0.0, 0.0, -0.0, -0.0, 0.0, -0.0, 0.0, 0.0, -0.0, 0.0, 0.0, -0.0, -0.0, -0.0, -0.0, -0.0, 0.0, 0.0, -0.0, -0.0], [-4.286875162372961, 35.5846858013703, 3.6013304796109455, -46.23012325488648, 14.950356054775838, -8.212505123206181, 3.5613963828019557, -1.7003248712274002, 0.25655224321415987, 0.06635773650020675, -0.15742736780509628, -0.0, 0.0, 0.0, 0.0, -0.0, -0.0, -0.0, 0.19502341960338782, -0.0, 0.0, -0.0, 0.0, 0.0, -0.07364179855028061, -0.06700933099373971, 0.0, 0.0, 0.0, -0.0, 0.05070245331004519, 0.0, -0.0, -0.0, -0.0, -0.0, 0.0, 0.0, 0.0, 0.0, 0.0, -0.0, -0.0, 0.0, 0.0], [3.786484617074685, -12.326599614977145, 42.799726434278554, 0.8418908631620964, -43.868596360095026, 16.61088689676697, -6.893570323955251, 3.0342638403059534, -0.9934594911000656, -0.055563591965892646, 0.06506589701074059, 0.0660407667909283, -0.0, -0.0, -0.0, 0.0, 0.0, 0.0752531860044794, -0.21594484461346736, -0.0, 0.0, 0.0, 0.0, -0.0, 0.0, 0.16682014262019185, -0.0, -0.0, -0.0, 0.0, -0.06256105821133869, -0.06084499872994048, 0.0, 0.0, 0.0, 0.04827759481546667, 0.0, -0.0, -0.0, -0.0, -0.0, 0.0, 0.0, 0.0, -0.0], [0.9020537743114448, 5.104013647033254, -15.5137767782808, 44.09355220225178, -0.2415818026082893, -44.61112414629459, 15.888932143827928, -6.473766338238319, 2.1965173416620507, 0.0, 0.0, -0.06646516966005674, 0.0, -0.0, 0.0, 0.0, 0.0, -0.07882922579782542, 0.11619037562976851, 0.05668593410909608, -0.0, -0.0, -0.0, -0.0, 0.053640079977590606, -0.1974786316917047, -0.0, 0.0, 0.0, 0.0, 0.0, 0.16463728294532745, -0.0, -0.0, -0.0, -0.05917935183506056, -0.06003811800043741, 0.0, 0.0, 0.0, 0.0, -0.0, -0.0, 0.0, 0.0], [-3.0736089070246844, -2.17802151863067, 6.638097978203258, -16.17543223723486, 44.69885723438043, 0.2931622939134981, -43.988655427948615, 15.317420588904326, -5.0461172998667445, -0.0, -0.0, 0.0, -0.0, 0.0, 0.0, -0.0, -0.0, 0.04761810453394398, -0.0, -0.05954069242787824, 0.0, -0.0, -0.0, 0.0, -0.06777539453944618, 0.10687701189801652, 0.05459839539959088, -0.0, -0.0, -0.0, 0.056219526458982406, -0.19692241903359067, 0.0, 0.0, 0.0, 0.0, 0.16093282753141358, -0.0, -0.0, -0.05297867717803018, -0.06758365208383486, 0.0, 0.045901421733229676, 0.0, -0.0], [2.1088420327158626, 0.9498949570103871, -3.076415903552865, 7.113783996691047, -16.818584271525072, 43.95363440004177, -0.7406677233308083, -42.834825512011925, 12.231525195524652, -0.0, 0.0, -0.0, 0.0, -0.0, -0.0, 0.0, 0.0, -0.0, -0.0, 0.0, -0.0, 0.0, 0.0, -0.0, 0.0, -0.0, -0.05944698540566517, 0.0, -0.0, 0.0, -0.06759311766485561, 0.10454362339180784, 0.04971061865543124, -0.0, -0.0, 0.06056040051466539, -0.1922623132077357, -0.0, 0.0, 0.0, 0.17048727240837006, -0.0, -0.05749855214709256, -0.04678427278652737, 0.0], [-0.12042757916280715, -0.19133297597238633, 1.6617101251704613, -3.6471858534222386, 8.36005860372167, -15.282617204190332, 46.29153593821276, -3.4528877777470006, -35.517359023628856, 0.0, -0.0, 0.0, 0.0, 0.0, 0.0, -0.0, -0.0, 0.0, 0.0, -0.0, -0.0, -0.0, -0.0, 0.0, -0.0, -0.0, 0.0, -0.0, 0.0, -0.0, 0.0, -0.0, -0.05566783692964312, 0.0, 0.0, -0.0695556934993084, 0.1010963947857958, 0.050563638931887075, -0.0, 0.07869578955396057, -0.2082147489255447, 0.0, 0.0, 0.1413204062571291, -0.05266786856313257], [25.22566188870556, -0.7852675346493126, -1.258122643045162, 2.9472296667458466, -7.200359235955982, 3.9352387832510103, -21.804848184543825, 54.28484965795149, -24.637650138571058, -0.0, 0.0, 0.0, -0.0, -0.0, -0.0, -0.0, 0.0, -0.0, -0.0, 0.0, 0.0, 0.0, 0.0, -0.0, 0.0, 0.0, -0.0, 0.0, -0.0, 0.0, -0.0, -0.0, 0.0, -0.0, 0.0, 0.0, -0.0, -0.06153651872092386, 0.0, -0.11746931955837847, 0.12523683740352878, 0.0720516220205124, 0.08550811903290687, -0.18989601967949332, 0.0]]",(x0)' = -41.303 1 +  24.360 x0 + -53.877 x1 +  21.312 x2 + -3.547 x3 +  7.161 x4 + -2.957 x5 +  1.349 x6 +  0.686 x7 +  0.143 x0 x1 + -0.046 x0 x2 + -0.100 x1 x2 +  0.070 x2^2 | (x1)' = -4.287 1 +  35.585 x0 +  3.601 x1 + -46.230 x2 +  14.950 x3 + -8.213 x4 +  3.561 x5 + -1.700 x6 +  0.257 x7 +  0.066 x0^2 + -0.157 x0 x1 +  0.195 x1 x2 + -0.074 x2^2 + -0.067 x2 x3 +  0.051 x3^2 | (x2)' =  3.786 1 + -12.327 x0 +  42.800 x1 +  0.842 x2 + -43.869 x3 +  16.611 x4 + -6.894 x5 +  3.034 x6 + -0.993 x7 + -0.056 x0^2 +  0.065 x0 x1 +  0.066 x0 x2 +  0.075 x1^2 + -0.216 x1 x2 +  0.167 x2 x3 + -0.063 x3^2 + -0.061 x3 x4 +  0.048 x4^2 | (x3)' =  0.902 1 +  5.104 x0 + -15.514 x1 +  44.094 x2 + -0.242 x3 + -44.611 x4 +  15.889 x5 + -6.474 x6 +  2.197 x7 + -0.066 x0 x2 + -0.079 x1^2 +  0.116 x1 x2 +  0.057 x1 x3 +  0.054 x2^2 + -0.197 x2 x3 +  0.165 x3 x4 + -0.059 x4^2 + -0.060 x4 x5 | (x4)' = -3.074 1 + -2.178 x0 +  6.638 x1 + -16.175 x2 +  44.699 x3 +  0.293 x4 + -43.989 x5 +  15.317 x6 + -5.046 x7 +  0.048 x1^2 + -0.060 x1 x3 + -0.068 x2^2 +  0.107 x2 x3 +  0.055 x2 x4 +  0.056 x3^2 + -0.197 x3 x4 +  0.161 x4 x5 + -0.053 x5^2 + -0.068 x5 x6 +  0.046 x6^2 | (x5)' =  2.109 1 +  0.950 x0 + -3.076 x1 +  7.114 x2 + -16.819 x3 +  43.954 x4 + -0.741 x5 + -42.835 x6 +  12.232 x7 + -0.059 x2 x4 + -0.068 x3^2 +  0.105 x3 x4 +  0.050 x3 x5 +  0.061 x4^2 + -0.192 x4 x5 +  0.170 x5 x6 + -0.057 x6^2 + -0.047 x6 x7 | (x6)' = -0.120 1 + -0.191 x0 +  1.662 x1 + -3.647 x2 +  8.360 x3 + -15.283 x4 +  46.292 x5 + -3.453 x6 + -35.517 x7 + -0.056 x3 x5 + -0.070 x4^2 +  0.101 x4 x5 +  0.051 x4 x6 +  0.079 x5^2 + -0.208 x5 x6 +  0.141 x6 x7 + -0.053 x7^2 | (x7)' =  25.226 1 + -0.785 x0 + -1.258 x1 +  2.947 x2 + -7.200 x3 +  3.935 x4 + -21.805 x5 +  54.285 x6 + -24.638 x7 + -0.062 x4 x6 + -0.117 x5^2 +  0.125 x5 x6 +  0.072 x5 x7 +  0.086 x6^2 + -0.190 x6 x7
142,35.0,,,sr3,0.1,0.05,0.1,2,8,5,20.0,140.0,9,36.0,smoothed_finite_difference_savgol_order_3,success,,84,360,23.333333333333332,0.6687596533447504,"[""1"", ""x0"", ""x1"", ""x2"", ""x3"", ""x4"", ""x5"", ""x6"", ""x7"", ""x0^2"", ""x0 x1"", ""x0 x2"", ""x0 x3"", ""x0 x4"", ""x0 x5"", ""x0 x6"", ""x0 x7"", ""x1^2"", ""x1 x2"", ""x1 x3"", ""x1 x4"", ""x1 x5"", ""x1 x6"", ""x1 x7"", ""x2^2"", ""x2 x3"", ""x2 x4"", ""x2 x5"", ""x2 x6"", ""x2 x7"", ""x3^2"", ""x3 x4"", ""x3 x5"", ""x3 x6"", ""x3 x7"", ""x4^2"", ""x4 x5"", ""x4 x6"", ""x4 x7"", ""x5^2"", ""x5 x6"", ""x5 x7"", ""x6^2"", ""x6 x7"", ""x7^2""]","[[-41.30264419066481, 24.360394301999484, -53.8772365982219, 21.312205280017327, -3.5467825903375356, 7.161469860641032, -2.9570560806250508, 1.3487927253027863, 0.6856640610923475, 0.0, 0.14342861531449527, -0.0, -0.0, -0.0, -0.0, 0.0, 0.0, -0.0, -0.0, 0.0, 0.0, 0.0, -0.0, -0.0, 0.0, 0.0, 0.0, -0.0, -0.0, 0.0, -0.0, 0.0, 0.0, -0.0, 0.0, 0.0, -0.0, -0.0, -0.0, -0.0, -0.0, 0.0, 0.0, -0.0, -0.0], [-4.286875098978783, 35.584685801398315, 3.6013304796204, -46.230123254956894, 14.950356054945702, -8.212505123445375, 3.561396382881339, -1.7003248713991737, 0.25655224340171245, 0.0, -0.15742736774523475, -0.0, 0.0, 0.0, 0.0, -0.0, -0.0, -0.0, 0.1950234196747003, -0.0, 0.0, -0.0, 0.0, 0.0, -0.0, -0.0, 0.0, 0.0, 0.0, -0.0, 0.0, 0.0, -0.0, -0.0, -0.0, -0.0, 0.0, 0.0, 0.0, 0.0, 0.0, -0.0, -0.0, 0.0, 0.0], [3.7864846133910492, -12.326599614955688, 42.79972643410274, 0.841890863471172, -43.86859636021054, 16.61088689691855, -6.89357032420597, 3.034263840406917, -0.9934594911457015, -0.0, 0.0, 0.0, -0.0, -0.0, -0.0, 0.0, 0.0, 0.0, -0.21594484460939417, -0.0, 0.0, 0.0, 0.0, -0.0, 0.0, 0.16682014261903969, -0.0, -0.0, -0.0, 0.0, -0.0, -0.0, 0.0, 0.0, 0.0, 0.0, 0.0, -0.0, -0.0, -0.0, -0.0, 0.0, 0.0, 0.0, -0.0], [0.902053757914726, 5.104013646989765, -15.513776778101935, 44.09355220204625, -0.2415818024732391, -44.6111241465792, 15.88893214433369, -6.47376633861111, 2.1965173417407184, 0.0, 0.0, -0.0, 0.0, -0.0, 0.0, 0.0, 0.0, -0.0, 0.0, 0.0, -0.0, -0.0, -0.0, -0.0, 0.0, -0.19747863168365032, -0.0, 0.0, 0.0, 0.0, 0.0, 0.16463728297608676, -0.0, -0.0, -0.0, -0.0, -0.0, 0.0, 0.0, 0.0, 0.0, -0.0, -0.0, 0.0, 0.0], [-3.073608944395137, -2.1780215186886025, 6.638097978393535, -16.17543223730246, 44.69885723419179, 0.29316229410703903, -43.98865542801386, 15.317420589011713, -5.046117299963496, -0.0, -0.0, 0.0, -0.0, 0.0, 0.0, -0.0, -0.0, 0.0, -0.0, -0.0, 0.0, -0.0, -0.0, 0.0, -0.0, 0.0, 0.0, -0.0, -0.0, -0.0, 0.0, -0.19692241905430102, 0.0, 0.0, 0.0, 0.0, 0.160932827506466, -0.0, -0.0, -0.0, -0.0, 0.0, 0.0, 0.0, -0.0], [2.108842002619805, 0.9498949570249844, -3.0764159040685612, 7.113783997345571, -16.818584271513764, 43.953634399835664, -0.7406677233586642, -42.83482551218782, 12.231525195776408, -0.0, 0.0, -0.0, 0.0, -0.0, -0.0, 0.0, 0.0, -0.0, -0.0, 0.0, -0.0, 0.0, 0.0, -0.0, 0.0, -0.0, -0.0, 0.0, -0.0, 0.0, -0.0, 0.0, 0.0, -0.0, -0.0, 0.0, -0.1922623131622772, -0.0, 0.0, 0.0, 0.17048727246318543, -0.0, -0.0, -0.0, 0.0], [-0.0, -0.19133295382592622, 1.6617101192648338, -3.6471858482206683, 8.360058616265343, -15.28261718990101, 46.29153594318138, -3.452887786852391, -35.517359026008165, 0.0, -0.0, 0.0, 0.0, 0.0, 0.0, -0.0, -0.0, 0.0, 0.0, -0.0, -0.0, -0.0, -0.0, 0.0, -0.0, -0.0, 0.0, -0.0, 0.0, -0.0, 0.0, -0.0, -0.0, 0.0, 0.0, -0.0, 0.0, 0.0, -0.0, 0.0, -0.2082147412475983, 0.0, 0.0, 0.0, -0.0], [25.225661836486406, -0.7852675346755627, -1.2581226430640355, 2.9472296668059705, -7.200359236226281, 3.935238783708738, -21.80484818471728, 54.28484965792212, -24.637650138551443, -0.0, 0.0, 0.0, -0.0, -0.0, -0.0, -0.0, 0.0, -0.0, -0.0, 0.0, 0.0, 0.0, 0.0, -0.0, 0.0, 0.0, -0.0, 0.0, -0.0, 0.0, -0.0, -0.0, 0.0, -0.0, 0.0, 0.0, -0.0, -0.0, 0.0, -0.0, 0.0, 0.0, 0.0, -0.1898960196351867, 0.0]]",(x0)' = -41.303 1 +  24.360 x0 + -53.877 x1 +  21.312 x2 + -3.547 x3 +  7.161 x4 + -2.957 x5 +  1.349 x6 +  0.686 x7 +  0.143 x0 x1 | (x1)' = -4.287 1 +  35.585 x0 +  3.601 x1 + -46.230 x2 +  14.950 x3 + -8.213 x4 +  3.561 x5 + -1.700 x6 +  0.257 x7 + -0.157 x0 x1 +  0.195 x1 x2 | (x2)' =  3.786 1 + -12.327 x0 +  42.800 x1 +  0.842 x2 + -43.869 x3 +  16.611 x4 + -6.894 x5 +  3.034 x6 + -0.993 x7 + -0.216 x1 x2 +  0.167 x2 x3 | (x3)' =  0.902 1 +  5.104 x0 + -15.514 x1 +  44.094 x2 + -0.242 x3 + -44.611 x4 +  15.889 x5 + -6.474 x6 +  2.197 x7 + -0.197 x2 x3 +  0.165 x3 x4 | (x4)' = -3.074 1 + -2.178 x0 +  6.638 x1 + -16.175 x2 +  44.699 x3 +  0.293 x4 + -43.989 x5 +  15.317 x6 + -5.046 x7 + -0.197 x3 x4 +  0.161 x4 x5 | (x5)' =  2.109 1 +  0.950 x0 + -3.076 x1 +  7.114 x2 + -16.819 x3 +  43.954 x4 + -0.741 x5 + -42.835 x6 +  12.232 x7 + -0.192 x4 x5 +  0.170 x5 x6 | (x6)' = -0.191 x0 +  1.662 x1 + -3.647 x2 +  8.360 x3 + -15.283 x4 +  46.292 x5 + -3.453 x6 + -35.517 x7 + -0.208 x5 x6 | (x7)' =  25.226 1 + -0.785 x0 + -1.258 x1 +  2.947 x2 + -7.200 x3 +  3.935 x4 + -21.805 x5 +  54.285 x6 + -24.638 x7 + -0.190 x6 x7
143,35.0,,,sr3,0.1,0.05,1.0,2,8,5,20.0,140.0,9,36.0,smoothed_finite_difference_savgol_order_3,success,,67,360,18.61111111111111,0.6787660727277398,"[""1"", ""x0"", ""x1"", ""x2"", ""x3"", ""x4"", ""x5"", ""x6"", ""x7"", ""x0^2"", ""x0 x1"", ""x0 x2"", ""x0 x3"", ""x0 x4"", ""x0 x5"", ""x0 x6"", ""x0 x7"", ""x1^2"", ""x1 x2"", ""x1 x3"", ""x1 x4"", ""x1 x5"", ""x1 x6"", ""x1 x7"", ""x2^2"", ""x2 x3"", ""x2 x4"", ""x2 x5"", ""x2 x6"", ""x2 x7"", ""x3^2"", ""x3 x4"", ""x3 x5"", ""x3 x6"", ""x3 x7"", ""x4^2"", ""x4 x5"", ""x4 x6"", ""x4 x7"", ""x5^2"", ""x5 x6"", ""x5 x7"", ""x6^2"", ""x6 x7"", ""x7^2""]","[[-41.30264420327732, 24.360394301975013, -53.877236598238355, 21.31220528016317, -3.5467825904342676, 7.161469860638429, -2.9570560806532415, 1.3487927253545915, 0.6856640610729512, 0.0, 0.0, -0.0, -0.0, -0.0, -0.0, 0.0, 0.0, -0.0, -0.0, 0.0, 0.0, 0.0, -0.0, -0.0, 0.0, 0.0, 0.0, -0.0, -0.0, 0.0, -0.0, 0.0, 0.0, -0.0, 0.0, 0.0, -0.0, -0.0, -0.0, -0.0, -0.0, 0.0, 0.0, -0.0, -0.0], [-4.286875098769297, 35.58468580158286, 3.601330479458104, -46.23012325461749, 14.95035605553849, -8.212505122831812, 3.561396382054252, -1.7003248691292214, 0.0, 0.0, -0.0, -0.0, 0.0, 0.0, 0.0, -0.0, -0.0, -0.0, 0.0, -0.0, 0.0, -0.0, 0.0, 0.0, -0.0, -0.0, 0.0, 0.0, 0.0, -0.0, 0.0, 0.0, -0.0, -0.0, -0.0, -0.0, 0.0, 0.0, 0.0, 0.0, 0.0, -0.0, -0.0, 0.0, 0.0], [3.7864846104998278, -12.326599615002346, 42.79972643412156, 0.8418908634659212, -43.868596360236516, 16.610886897019952, -6.893570324266977, 3.0342638404268354, -0.9934594911523829, -0.0, 0.0, 0.0, -0.0, -0.0, -0.0, 0.0, 0.0, 0.0, -0.0, -0.0, 0.0, 0.0, 0.0, -0.0, 0.0, 0.0, -0.0, -0.0, -0.0, 0.0, -0.0, -0.0, 0.0, 0.0, 0.0, 0.0, 0.0, -0.0, -0.0, -0.0, -0.0, 0.0, 0.0, 0.0, -0.0], [0.9020537673320987, 5.104013646450923, -15.513776777108388, 44.093552199300994, -0.0, -44.61112414935378, 15.888932145490203, -6.473766339046905, 2.196517341283529, 0.0, 0.0, -0.0, 0.0, -0.0, 0.0, 0.0, 0.0, -0.0, 0.0, 0.0, -0.0, -0.0, -0.0, -0.0, 0.0, -0.0, -0.0, 0.0, 0.0, 0.0, 0.0, 0.0, -0.0, -0.0, -0.0, -0.0, -0.0, 0.0, 0.0, 0.0, 0.0, -0.0, -0.0, 0.0, 0.0], [-3.073608949734969, -2.178021518156991, 6.6380979789773, -16.175432238735475, 44.698857237570664, 0.0, -43.98865542464281, 15.317420587713702, -5.04611729925068, -0.0, -0.0, 0.0, -0.0, 0.0, 0.0, -0.0, -0.0, 0.0, -0.0, -0.0, 0.0, -0.0, -0.0, 0.0, -0.0, 0.0, 0.0, -0.0, -0.0, -0.0, 0.0, -0.0, 0.0, 0.0, 0.0, 0.0, 0.0, -0.0, -0.0, -0.0, -0.0, 0.0, 0.0, 0.0, -0.0], [2.108842008465991, 0.9498949570249421, -3.0764159041190076, 7.1137839974767365, -16.818584271633476, 43.95363439986345, -0.7406677233836876, -42.83482551219189, 12.231525195816603, -0.0, 0.0, -0.0, 0.0, -0.0, -0.0, 0.0, 0.0, -0.0, -0.0, 0.0, -0.0, 0.0, 0.0, -0.0, 0.0, -0.0, -0.0, 0.0, -0.0, 0.0, -0.0, 0.0, 0.0, -0.0, -0.0, 0.0, -0.0, -0.0, 0.0, 0.0, 0.0, -0.0, -0.0, -0.0, 0.0], [-0.0, -0.0, 1.6617101229883338, -3.647185852798959, 8.360058605040063, -15.282617203249439, 46.291535938441626, -3.4528877785853775, -35.51735902400498, 0.0, -0.0, 0.0, 0.0, 0.0, 0.0, -0.0, -0.0, 0.0, 0.0, -0.0, -0.0, -0.0, -0.0, 0.0, -0.0, -0.0, 0.0, -0.0, 0.0, -0.0, 0.0, -0.0, -0.0, 0.0, 0.0, -0.0, 0.0, 0.0, -0.0, 0.0, -0.0, 0.0, 0.0, 0.0, -0.0], [25.22566184282519, -0.7852675346591232, -1.2581226430828705, 2.9472296668215314, -7.200359236243979, 3.9352387838408065, -21.804848184905914, 54.28484965798462, -24.637650138562424, -0.0, 0.0, 0.0, -0.0, -0.0, -0.0, -0.0, 0.0, -0.0, -0.0, 0.0, 0.0, 0.0, 0.0, -0.0, 0.0, 0.0, -0.0, 0.0, -0.0, 0.0, -0.0, -0.0, 0.0, -0.0, 0.0, 0.0, -0.0, -0.0, 0.0, -0.0, 0.0, 0.0, 0.0, -0.0, 0.0]]",(x0)' = -41.303 1 +  24.360 x0 + -53.877 x1 +  21.312 x2 + -3.547 x3 +  7.161 x4 + -2.957 x5 +  1.349 x6 +  0.686 x7 | (x1)' = -4.287 1 +  35.585 x0 +  3.601 x1 + -46.230 x2 +  14.950 x3 + -8.213 x4 +  3.561 x5 + -1.700 x6 | (x2)' =  3.786 1 + -12.327 x0 +  42.800 x1 +  0.842 x2 + -43.869 x3 +  16.611 x4 + -6.894 x5 +  3.034 x6 + -0.993 x7 | (x3)' =  0.902 1 +  5.104 x0 + -15.514 x1 +  44.094 x2 + -44.611 x4 +  15.889 x5 + -6.474 x6 +  2.197 x7 | (x4)' = -3.074 1 + -2.178 x0 +  6.638 x1 + -16.175 x2 +  44.699 x3 + -43.989 x5 +  15.317 x6 + -5.046 x7 | (x5)' =  2.109 1 +  0.950 x0 + -3.076 x1 +  7.114 x2 + -16.819 x3 +  43.954 x4 + -0.741 x5 + -42.835 x6 +  12.232 x7 | (x6)' =  1.662 x1 + -3.647 x2 +  8.360 x3 + -15.283 x4 +  46.292 x5 + -3.453 x6 + -35.517 x7 | (x7)' =  25.226 1 + -0.785 x0 + -1.258 x1 +  2.947 x2 + -7.200 x3 +  3.935 x4 + -21.805 x5 +  54.285 x6 + -24.638 x7
144,35.0,,,sr3,0.1,0.05,10.0,2,8,5,20.0,140.0,9,36.0,smoothed_finite_difference_savgol_order_3,success,,58,360,16.11111111111111,0.6756204031407833,"[""1"", ""x0"", ""x1"", ""x2"", ""x3"", ""x4"", ""x5"", ""x6"", ""x7"", ""x0^2"", ""x0 x1"", ""x0 x2"", ""x0 x3"", ""x0 x4"", ""x0 x5"", ""x0 x6"", ""x0 x7"", ""x1^2"", ""x1 x2"", ""x1 x3"", ""x1 x4"", ""x1 x5"", ""x1 x6"", ""x1 x7"", ""x2^2"", ""x2 x3"", ""x2 x4"", ""x2 x5"", ""x2 x6"", ""x2 x7"", ""x3^2"", ""x3 x4"", ""x3 x5"", ""x3 x6"", ""x3 x7"", ""x4^2"", ""x4 x5"", ""x4 x6"", ""x4 x7"", ""x5^2"", ""x5 x6"", ""x5 x7"", ""x6^2"", ""x6 x7"", ""x7^2""]","[[-41.30264420255388, 24.36039430193849, -53.877236598056896, 21.31220528043598, -3.5467825901061216, 7.161469860177204, -2.9570560793969403, 0.0, 0.0, 0.0, 0.0, -0.0, -0.0, -0.0, -0.0, 0.0, 0.0, -0.0, -0.0, 0.0, 0.0, 0.0, -0.0, -0.0, 0.0, 0.0, 0.0, -0.0, -0.0, 0.0, -0.0, 0.0, 0.0, -0.0, 0.0, 0.0, -0.0, -0.0, -0.0, -0.0, -0.0, 0.0, 0.0, -0.0, -0.0], [-4.2868750988444, 35.58468580144886, 3.601330479591549, -46.23012325498742, 14.950356055110488, -8.212505123445748, 3.561396382817633, -1.7003248712059262, 0.0, 0.0, -0.0, -0.0, 0.0, 0.0, 0.0, -0.0, -0.0, -0.0, 0.0, -0.0, 0.0, -0.0, 0.0, 0.0, -0.0, -0.0, 0.0, 0.0, 0.0, -0.0, 0.0, 0.0, -0.0, -0.0, -0.0, -0.0, 0.0, 0.0, 0.0, 0.0, 0.0, -0.0, -0.0, 0.0, 0.0], [3.7864846093188884, -12.326599615353055, 42.79972643512687, 0.0, -43.86859635946931, 16.610886896401006, -6.8935703237982136, 3.0342638396336534, -0.0, -0.0, 0.0, 0.0, -0.0, -0.0, -0.0, 0.0, 0.0, 0.0, -0.0, -0.0, 0.0, 0.0, 0.0, -0.0, 0.0, 0.0, -0.0, -0.0, -0.0, 0.0, -0.0, -0.0, 0.0, 0.0, 0.0, 0.0, 0.0, -0.0, -0.0, -0.0, -0.0, 0.0, 0.0, 0.0, -0.0], [0.0, 5.104013645357437, -15.513776777708166, 44.09355220140662, -0.0, -44.61112414795436, 15.888932144164986, -6.473766338039925, 2.1965173418825703, 0.0, 0.0, -0.0, 0.0, -0.0, 0.0, 0.0, 0.0, -0.0, 0.0, 0.0, -0.0, -0.0, -0.0, -0.0, 0.0, -0.0, -0.0, 0.0, 0.0, 0.0, 0.0, 0.0, -0.0, -0.0, -0.0, -0.0, -0.0, 0.0, 0.0, 0.0, 0.0, -0.0, -0.0, 0.0, 0.0], [-3.0736089470323598, -2.1780215186624523, 6.6380979785822785, -16.175432237591806, 44.698857234567186, 0.0, -43.98865542770748, 15.31742058898693, -5.046117299949707, -0.0, -0.0, 0.0, -0.0, 0.0, 0.0, -0.0, -0.0, 0.0, -0.0, -0.0, 0.0, -0.0, -0.0, 0.0, -0.0, 0.0, 0.0, -0.0, -0.0, -0.0, 0.0, -0.0, 0.0, 0.0, 0.0, 0.0, 0.0, -0.0, -0.0, -0.0, -0.0, 0.0, 0.0, 0.0, -0.0], [2.108842007402096, 0.0, -3.0764159033553575, 7.113783997043044, -16.818584271079434, 43.953634399201974, -0.0, -42.83482551307771, 12.231525196127638, -0.0, 0.0, -0.0, 0.0, -0.0, -0.0, 0.0, 0.0, -0.0, -0.0, 0.0, -0.0, 0.0, 0.0, -0.0, 0.0, -0.0, -0.0, 0.0, -0.0, 0.0, -0.0, 0.0, 0.0, -0.0, -0.0, 0.0, -0.0, -0.0, 0.0, 0.0, 0.0, -0.0, -0.0, -0.0, 0.0], [-0.0, -0.0, 1.6617101250735244, -3.64718585388675, 8.360058604407799, -15.282617204226044, 46.29153593826186, -3.4528877778550795, -35.517359023692755, 0.0, -0.0, 0.0, 0.0, 0.0, 0.0, -0.0, -0.0, 0.0, 0.0, -0.0, -0.0, -0.0, -0.0, 0.0, -0.0, -0.0, 0.0, -0.0, 0.0, -0.0, 0.0, -0.0, -0.0, 0.0, 0.0, -0.0, 0.0, 0.0, -0.0, 0.0, -0.0, 0.0, 0.0, 0.0, -0.0], [25.225661843227154, -0.0, -0.0, 2.9472296656919115, -7.20035923585179, 3.9352387835088627, -21.804848185187847, 54.28484965782458, -24.637650138536337, -0.0, 0.0, 0.0, -0.0, -0.0, -0.0, -0.0, 0.0, -0.0, -0.0, 0.0, 0.0, 0.0, 0.0, -0.0, 0.0, 0.0, -0.0, 0.0, -0.0, 0.0, -0.0, -0.0, 0.0, -0.0, 0.0, 0.0, -0.0, -0.0, 0.0, -0.0, 0.0, 0.0, 0.0, -0.0, 0.0]]",(x0)' = -41.303 1 +  24.360 x0 + -53.877 x1 +  21.312 x2 + -3.547 x3 +  7.161 x4 + -2.957 x5 | (x1)' = -4.287 1 +  35.585 x0 +  3.601 x1 + -46.230 x2 +  14.950 x3 + -8.213 x4 +  3.561 x5 + -1.700 x6 | (x2)' =  3.786 1 + -12.327 x0 +  42.800 x1 + -43.869 x3 +  16.611 x4 + -6.894 x5 +  3.034 x6 | (x3)' =  5.104 x0 + -15.514 x1 +  44.094 x2 + -44.611 x4 +  15.889 x5 + -6.474 x6 +  2.197 x7 | (x4)' = -3.074 1 + -2.178 x0 +  6.638 x1 + -16.175 x2 +  44.699 x3 + -43.989 x5 +  15.317 x6 + -5.046 x7 | (x5)' =  2.109 1 + -3.076 x1 +  7.114 x2 + -16.819 x3 +  43.954 x4 + -42.835 x6 +  12.232 x7 | (x6)' =  1.662 x1 + -3.647 x2 +  8.360 x3 + -15.283 x4 +  46.292 x5 + -3.453 x6 + -35.517 x7 | (x7)' =  25.226 1 +  2.947 x2 + -7.200 x3 +  3.935 x4 + -21.805 x5 +  54.285 x6 + -24.638 x7
