configuration_index,test_trial_id,simulation_status,failure_reason,requested_duration_s,reached_duration_s,simulation_runtime_s,rhs_evaluations,simulated_samples,simulated_x0_rms_uv,compared_samples,x0_rmse_uv,trajectory_rmse_uv
1,2,success,,14.192,14.192,8.603652153164148,22920,3549,56.04692760672524,3549,68.7328046231091,68.71520336248379
1,3,success,,14.192,14.192,8.605259085074067,22946,3549,38.86231501317098,3549,49.58443455424576,49.578286463590885
1,4,success,,14.084,14.084,7.491819765418768,20232,3522,8.673986683797482,3522,28.51436606587216,28.512449636785274
1,312,success,,14.192,14.192,8.36741092428565,22092,3549,24.022071492879032,3549,42.1845603783227,42.17823131474349
1,620,success,,14.192,14.192,8.685386968776584,22786,3549,9.742619266267141,3549,41.374465409738136,41.37369891755155
1,622,success,,14.192,14.192,8.807723915204406,23091,3549,47.53625046769087,3549,60.18954658217272,60.18476605524981
1,778,success,,14.192,14.192,8.208059450611472,21778,3549,32.610827602853036,3549,46.48713934319889,46.48030670205892
1,1088,success,,14.196,14.196,8.15963413566351,21438,3550,54.622309513222454,3550,69.43580562271433,69.41686670647282
1,1244,success,,14.084,14.084,8.524849254637957,22675,3522,38.66461279790084,3522,52.709289560686116,52.69835109087378
2,2,success,,14.192,14.192,8.449169836938381,22687,3549,56.359632092558456,3549,69.0377352948994,69.03898504406386
2,3,success,,14.192,14.192,8.35425515472889,22419,3549,39.2687755561196,3549,48.774209581389385,48.76133806022894
2,4,success,,14.084,14.084,7.696824869140983,20334,3522,8.764737610650203,3522,28.180454138237295,28.172937783542135
2,312,success,,14.192,14.192,7.737054148688912,20847,3549,24.195670842122563,3549,42.16497513640941,42.16392190660014
2,620,success,,14.192,14.192,7.602958954870701,20048,3549,9.827386710580559,3549,40.936419124059455,40.93611320182013
2,622,success,,14.192,14.192,8.334327708929777,22154,3549,48.0299164702616,3549,60.40403416185316,60.38845612493659
2,778,success,,14.192,14.192,8.099788874387741,21460,3549,32.79617696211121,3549,48.92496390215745,48.92340478982473
2,1088,success,,14.196,14.196,7.755578914657235,20452,3550,55.09220650233777,3550,72.07466559200141,72.07502177413632
2,1244,success,,14.084,14.084,7.711944490671158,20700,3522,39.080776888137926,3522,53.049235204462576,53.051778869640664
3,2,success,,14.192,14.192,7.951364642009139,20490,3549,64.26955643650247,3549,76.53985755760532,76.53847512446487
3,3,success,,14.192,14.192,7.793383836746216,20182,3549,47.0509307387353,3549,56.05908704705471,56.03982733485181
3,4,success,,14.084,14.084,7.629132840782404,19066,3522,10.47146329955434,3522,29.201134673830396,29.193728064896746
3,312,success,,14.192,14.192,7.681456619873643,19891,3549,27.92640477984667,3549,44.7722630164406,44.77101041131058
3,620,success,,14.192,14.192,8.126889621838927,19784,3549,11.520975404460398,3549,41.58736332786717,41.58824509634161
3,622,success,,14.192,14.192,8.257775692269206,20297,3549,57.53058996855251,3549,69.1216585501249,69.10640562904348
3,778,success,,14.192,14.192,7.8783038798719645,20376,3549,37.450107043536676,3549,50.44016393456681,50.43633506123795
3,1088,success,,14.196,14.196,8.383071022108197,20536,3550,64.99563930087963,3550,78.23386514541389,78.22788341323773
3,1244,success,,14.084,14.084,7.898492159321904,20524,3522,46.77869759020315,3522,58.075803660696174,58.0762916683516
4,2,success,,14.188,14.188,6.918363839387894,18204,3548,52.613574784699914,3548,65.14665925709382,65.12450790240831
4,3,success,,14.188,14.188,6.847333379089832,18174,3548,37.80131225258545,3548,47.918284631759505,47.9075337049777
4,4,success,,14.08,14.08,6.730120984837413,17901,3521,10.346673937052493,3521,29.152226846234882,29.14246918162912
4,312,success,,14.188,14.188,6.778322106227279,18057,3548,25.19800514345177,3548,42.95212535878244,42.96203703227904
4,620,success,,14.188,14.188,6.762365696951747,17547,3548,7.522889749195894,3548,40.69829513022787,40.698264391073984
4,622,success,,14.188,14.188,6.8909503929317,18096,3548,44.917259971035776,3548,58.42748068011314,58.397194670787094
4,778,success,,14.188,14.188,6.850166933611035,18243,3548,29.742393189308903,3548,45.254900656110735,45.25254938958024
4,1088,success,,14.192,14.192,6.985251154750586,18421,3549,48.487363747817724,3549,66.68915263792073,66.66326005545558
4,1244,success,,14.08,14.08,6.89752502553165,18225,3521,35.474387739214706,3521,50.32087559513257,50.32253595264047
5,2,success,,14.188,14.188,6.7388558853417635,17786,3548,52.887643034912536,3548,66.09808060802703,66.090986410077
5,3,success,,14.188,14.188,7.4302409160882235,18294,3548,38.1770785371166,3548,48.82697943421154,48.8255667391966
5,4,success,,14.08,14.08,6.737148087471724,17380,3521,10.453573686141759,3521,28.941929791575117,28.94191244118689
5,312,success,,14.188,14.188,7.580627836287022,17730,3548,25.362141380371188,3548,43.04173700070493,43.01133659769094
5,620,success,,14.188,14.188,6.903346378356218,17809,3548,7.5727515743189295,3548,40.59691359779657,40.58693572425932
5,622,success,,14.188,14.188,7.010655315592885,17934,3548,45.36450536893385,3548,57.90758468083703,57.895835393042795
5,778,success,,14.188,14.188,7.526982970535755,17566,3548,29.885996733375737,3548,45.55512371583325,45.569894095985234
5,1088,success,,14.192,14.192,6.956095119938254,17817,3549,48.896739150161295,3549,66.64667098382252,66.64035220788736
5,1244,success,,14.08,14.08,7.6428296230733395,18289,3521,35.8408462589279,3521,51.89674758799543,51.8678871610233
6,2,success,,14.188,14.188,6.601846402511001,17357,3548,57.97330392307107,3548,69.28519124299967,69.26435212674778
6,3,success,,14.188,14.188,6.843233291059732,17440,3548,43.76129304902524,3548,53.72805959418233,53.70487151404062
6,4,success,,14.08,14.08,6.253824381157756,16320,3521,11.984436834424626,3521,29.32891718799989,29.3038298022848
6,312,success,,14.188,14.188,7.4524543564766645,17492,3548,28.036142187962337,3548,46.04880511798154,46.05015032696547
6,620,success,,14.188,14.188,6.499734530225396,16695,3548,8.380682482973599,3548,40.47029707476674,40.47035996805574
6,622,success,,14.188,14.188,6.641733571887016,16977,3548,52.02581001145739,3548,63.07013539093824,63.048646270404284
6,778,success,,14.188,14.188,7.125788662582636,16644,3548,32.611425022266594,3548,48.05671707171687,48.04691209443377
6,1088,success,,14.192,14.192,6.6929901875555515,17229,3549,55.37761198242107,3549,70.868708594045,70.87865422639888
6,1244,success,,14.08,14.08,7.221149109303951,17169,3521,41.08753712524119,3521,55.525052766813204,55.516906219716006
7,2,success,,14.176,14.176,4.854825375601649,11277,3545,45.892834906543065,3545,59.62455546139536,59.629713887856056
7,3,success,,14.176,14.176,4.7232604790478945,10904,3545,37.68294619640325,3545,47.84942724014347,47.80814909863761
7,4,success,,14.068,14.068,4.734927162528038,10796,3518,8.84432731058637,3518,28.221433215856845,28.224219385810585
7,312,success,,14.176,14.176,4.844443144276738,11299,3545,25.613625057517776,3545,42.84568289867251,42.68436307892691
7,620,success,,14.176,14.176,4.885119458660483,10914,3545,4.434927698977134,3545,40.01801678660791,40.00155701316423
7,622,success,,14.176,14.176,5.063283795490861,11366,3545,40.54281752700243,3545,55.513321262893506,55.75031225314611
7,778,success,,14.176,14.176,4.868761256337166,11286,3545,32.65498774986959,3545,46.42742665515245,46.62065809327852
7,1088,success,,14.18,14.18,4.773116379976273,10758,3546,38.00046078654776,3546,58.089524932760085,58.24678293573706
7,1244,success,,14.068,14.068,4.96515578776598,11511,3518,45.320182819994,3518,58.610974595795106,58.452978724990956
8,2,success,,14.176,14.176,4.81695624999702,11255,3545,45.919462760218046,3545,58.722597565389364,58.715012327958306
8,3,success,,14.176,14.176,4.712394688278437,10975,3545,37.767641021240415,3545,48.71439425492958,48.63639361852987
8,4,success,,14.068,14.068,4.724214501678944,10886,3518,8.863441626122304,3518,28.36313429605779,28.34335612019364
8,312,success,,14.176,14.176,4.908251652494073,11475,3545,25.641771376471965,3545,43.58387169961669,43.425527615073186
8,620,success,,14.176,14.176,4.731126330792904,10623,3545,4.436383461351116,3545,40.07848723209256,40.03661927598752
8,622,success,,14.176,14.176,4.754240814596415,10826,3545,40.63594521536585,3545,54.40460412290956,54.650959957869276
8,778,success,,14.176,14.176,4.696296311914921,10929,3545,32.67341559187791,3545,46.692858355341656,46.696326759135154
8,1088,success,,14.18,14.18,4.8140076994895935,11034,3546,38.06384870138585,3546,57.08466764027434,57.0864317824772
8,1244,success,,14.068,14.068,4.863374043256044,11338,3518,45.41290134157692,3518,58.392129024328256,58.01266700907532
9,2,success,,14.176,14.176,4.169432060793042,10779,3545,45.979456460676566,3545,58.21065990882868,58.09477639149552
9,3,success,,14.176,14.176,4.391333332285285,11450,3545,38.6451172328633,3545,48.94154496924336,49.01073150646673
9,4,success,,14.068,14.068,4.364784913137555,11233,3518,9.10246466894815,3518,28.149578382830278,28.197691004594297
9,312,success,,14.176,14.176,4.031567968428135,10605,3545,25.576093786559678,3545,42.18831838780441,42.12868395682057
9,620,success,,14.176,14.176,4.287236761301756,10956,3545,4.407334689768228,3545,40.14065219860456,40.12879161029687
9,622,success,,14.176,14.176,4.567346815019846,11621,3545,41.658041816983435,3545,57.742042769814326,57.58764848668151
9,778,success,,14.176,14.176,4.285425717011094,11286,3545,32.36332354480609,3545,46.51471030335725,46.516367776883804
9,1088,success,,14.18,14.18,4.449391894042492,11297,3546,38.95914814357921,3546,60.19046715687412,60.219069181559654
9,1244,success,,14.068,14.068,4.026758141815662,10527,3518,46.5062187930874,3518,59.91055710396027,59.973608682781716
10,2,success,,14.184000000000001,14.184000000000001,18.92538357526064,34777,3547,47.34064979162297,3547,60.379490836511266,60.36901255101074
10,3,success,,14.184000000000001,14.184000000000001,17.030527228489518,31297,3547,40.97596313302402,3547,50.57189569498629,50.5675980553813
10,4,success,,14.076,14.076,21.531647766008973,38537,3520,8.581997780632515,3520,28.320758453828287,28.307405193670526
10,312,success,,14.184000000000001,14.184000000000001,18.64293682575226,34194,3547,24.333513691356067,3547,41.719173781267,41.693732040468404
10,620,success,,14.184000000000001,14.184000000000001,34.66958674788475,63221,3547,4.79859344338954,3547,40.11368760678345,40.10723740614765
10,622,success,,14.184000000000001,14.184000000000001,17.762670386582613,31702,3547,47.87024472083926,3547,60.407327524844504,60.400682537088855
10,778,success,,14.184000000000001,14.184000000000001,19.71278498135507,36288,3547,30.037668102651388,3547,46.95387612292005,46.95358228690397
10,1088,success,,14.188,14.188,19.469308691099286,34688,3548,46.37482150694602,3548,63.90452359691462,63.890468597752374
10,1244,success,,14.076,14.076,17.94312398508191,32997,3520,49.751475449247685,3520,60.665903226393226,60.65355961104713
11,2,success,,14.184000000000001,14.184000000000001,19.144619340077043,34290,3547,46.65203681487898,3547,60.06553679110597,60.054424798277324
11,3,success,,14.184000000000001,14.184000000000001,17.03151921927929,30541,3547,40.49430790307558,3547,51.07646976397771,51.0575057627061
11,4,success,,14.076,14.076,20.473230588249862,36414,3520,8.40783524819128,3520,28.29947976868643,28.290048562492192
11,312,success,,14.184000000000001,14.184000000000001,18.631905931979418,33733,3547,23.942658770787606,3547,41.83310124123137,41.831786414417785
11,620,success,,14.184000000000001,14.184000000000001,34.95229677576572,62777,3547,4.797404060638872,3547,40.18677636065274,40.18220380358561
11,622,success,,14.184000000000001,14.184000000000001,18.309866175055504,32350,3547,47.325746306190055,3547,60.518560587151995,60.49907856664243
11,778,success,,14.184000000000001,14.184000000000001,21.611447994597256,38715,3547,29.764178666089673,3547,46.854428740834514,46.844592722197305
11,1088,success,,14.188,14.188,20.190859219059348,35639,3548,45.823419497890676,3548,64.55755277423572,64.56052481265614
11,1244,success,,14.076,14.076,18.942917221225798,33897,3520,49.513472986297835,3520,61.96151677686893,61.94697200254434
12,2,success,,14.184000000000001,14.184000000000001,17.186270168051124,30762,3547,54.196514926973904,3547,66.5622733304533,66.55019373402814
12,3,success,,14.184000000000001,14.184000000000001,17.579457318410277,31573,3547,48.34170421602833,3547,55.8504031660219,55.84508816149722
12,4,success,,14.076,14.076,25.431520484387875,45414,3520,10.248348339756568,3520,28.991373419397867,28.960956915602296
12,312,success,,14.184000000000001,14.184000000000001,18.079597560688853,33069,3547,27.60517610531263,3547,44.25609932323946,44.23463280220579
12,620,success,,14.184000000000001,14.184000000000001,36.254607206210494,64700,3547,8.718395329833557,3547,40.74639309216879,40.735087840187134
12,622,success,,14.184000000000001,14.184000000000001,17.772136099636555,31232,3547,56.783820435839466,3547,68.72626648274695,68.71669977914281
12,778,success,,14.184000000000001,14.184000000000001,21.071002315729856,38610,3547,39.19879804934488,3547,52.31329456452645,52.31552402092128
12,1088,success,,14.188,14.188,18.39293697848916,32139,3548,55.384726536368326,3548,70.38028733333837,70.3418392988432
12,1244,success,,14.076,14.076,16.864145003259182,30460,3520,63.11888476356888,3520,71.66728506582743,71.66085329635462
13,2,success,,14.172,14.172,20.45685676112771,34477,3544,44.72195149410643,3544,59.58329593543959,59.47553437419557
13,3,success,,14.172,14.172,18.867033500224352,33472,3544,43.29514855949134,3544,52.443140025709035,52.36917831539414
13,4,success,,14.064,14.064,28.642521128058434,52361,3517,14.966418139296879,3517,30.41297861472628,30.408058327913498
13,312,success,,14.172,14.172,18.841757103800774,33936,3544,24.44438627428514,3544,42.92230915286659,42.891537798356936
13,620,success,,14.172,14.172,21.643596567213535,38634,3544,13.52070120475239,3544,41.862958079258284,41.85316843773445
13,622,success,,14.172,14.172,18.725221380591393,33518,3544,42.04608081607586,3544,55.9855302792858,55.91321306870341
13,778,success,,14.172,14.172,19.081784676760435,34553,3544,40.41325070138315,3544,52.53640059578565,52.52461110345856
13,1088,success,,14.176,14.176,17.794735699892044,32016,3545,59.353619098294764,3545,75.61349711385601,75.54204172123848
13,1244,success,,14.064,14.064,18.726375371217728,33693,3517,105.66799665570089,3517,112.29385918137818,112.15281322402372
14,2,success,,14.172,14.172,20.24908489175141,32412,3544,45.284288195265596,3544,58.96571547628737,58.92812067458808
14,3,success,,14.172,14.172,19.729963947087526,31383,3544,44.00411262039733,3544,52.747495009094685,52.690599839792306
14,4,success,,14.064,14.064,31.800822604447603,50714,3517,15.645582013032348,3517,30.904681551852917,30.94315596023886
14,312,success,,14.172,14.172,20.857723692432046,34422,3544,24.834332022739645,3544,43.07248514246116,43.05548700995968
14,620,success,,14.172,14.172,23.918866304680705,38201,3544,14.061644011148067,3544,42.22722034471443,42.19811771760647
14,622,success,,14.172,14.172,20.734579250216484,33527,3544,42.66097815673799,3544,56.27598101844061,56.22787130403727
14,778,success,,14.172,14.172,21.64698920585215,34442,3544,41.11169045660609,3544,52.81123488857129,52.781956187254906
14,1088,success,,14.176,14.176,20.47526748292148,33229,3545,60.76313331226653,3545,77.19158895965542,77.07265192151222
14,1244,success,,14.064,14.064,20.06460326910019,31884,3517,108.45354675769197,3517,115.16487478531681,115.04299408082076
15,2,success,,14.172,14.172,19.747534956783056,32584,3544,58.68904708318151,3544,69.80832747270289,69.67584181534022
15,3,success,,14.172,14.172,19.065680868923664,31020,3544,58.078005243919456,3544,64.76289117183106,64.71996907248285
15,4,success,,14.064,14.064,26.755725666880608,43963,3517,28.288470668753863,3517,39.254525843748446,39.3270949039395
15,312,success,,14.172,14.172,21.409918500110507,34928,3544,33.82614939545971,3544,47.05554140316451,47.064776298633575
15,620,success,,14.172,14.172,22.747303493320942,37057,3544,23.901416446268524,3544,46.11525418964523,46.1050743261083
15,622,success,,14.172,14.172,19.219435565173626,31906,3544,55.632239605446706,3544,67.52606528471144,67.49379946871713
15,778,success,,14.172,14.172,20.56445710733533,33501,3544,55.3000316161892,3544,64.81945355620456,64.75701170801202
15,1088,success,,14.176,14.176,18.684034356847405,30516,3545,87.30796505005497,3545,97.85783411306772,97.71668530716993
15,1244,success,,14.064,14.064,19.41762993298471,31238,3517,159.95097314967524,3517,164.38477966578142,164.22073128616378
16,2,success,,14.136000000000001,14.136000000000001,8.799487689509988,15821,3535,46.13024912810445,3535,59.71096636770047,57.72894217087817
16,3,success,,14.136000000000001,14.136000000000001,10.541352255269885,19065,3535,41.762433211090226,3535,50.56506586711561,49.48334527709519
16,4,success,,14.028,14.028,10.337970035150647,18378,3508,20.52198566787428,3508,33.992458217685034,33.49059231430951
16,312,success,,14.136000000000001,14.136000000000001,9.130484787747264,16118,3535,56.17892879179201,3535,63.530332945834964,61.328368236282344
16,620,success,,14.136000000000001,14.136000000000001,10.87071212567389,19344,3535,25.077915038401425,3535,48.48900272520153,47.671056452305635
16,622,success,,14.136000000000001,14.136000000000001,15.69257296808064,28601,3535,22.70914599600337,3535,44.905721312436704,47.06782663829683
16,778,success,,14.136000000000001,14.136000000000001,10.574231157079339,18966,3535,42.71545850670639,3535,55.90705689089592,54.69702409357645
16,1088,success,,14.14,14.14,12.07163505256176,21831,3536,29.372213851042012,3536,55.346835190317165,55.075313888133216
16,1244,success,,14.028,14.028,13.966429326683283,25343,3508,66.81467104407132,3508,75.92583688110479,80.27183426416096
17,2,success,,14.136000000000001,14.136000000000001,8.828151369467378,15743,3535,46.16019486857873,3535,61.87284813206969,59.93888807839428
17,3,success,,14.136000000000001,14.136000000000001,10.757744191214442,19355,3535,41.784426443945286,3535,50.32957905884934,49.47631142362209
17,4,success,,14.028,14.028,10.76554873213172,19259,3508,20.602047623802857,3508,34.2839117196661,33.90181011028576
17,312,success,,14.136000000000001,14.136000000000001,9.198929252102971,16582,3535,56.297136881185544,3535,63.49940307551047,61.39361061015699
17,620,success,,14.136000000000001,14.136000000000001,10.790554223582149,19129,3535,25.166143285424223,3535,48.36145969867373,47.83954580258709
17,622,success,,14.136000000000001,14.136000000000001,16.736128091812134,30095,3535,22.726219455322195,3535,44.04377686213492,46.17006733688625
17,778,success,,14.136000000000001,14.136000000000001,10.522673014551401,18912,3535,42.83957319089865,3535,55.255615454757645,54.239706429965175
17,1088,success,,14.14,14.14,12.532111870124936,22108,3536,29.52863387264413,3536,55.634955521959455,55.4978240335319
17,1244,success,,14.028,14.028,14.050368608906865,25499,3508,66.89164707509967,3508,76.16571168039604,80.11571957047663
18,2,success,,14.136000000000001,14.136000000000001,9.588009629398584,17118,3535,46.59466626169361,3535,60.61942738002709,59.38347802119766
18,3,success,,14.136000000000001,14.136000000000001,10.71462152339518,19267,3535,42.75705462751892,3535,50.77695658235353,49.66846811657173
18,4,success,,14.028,14.028,11.601790240034461,19893,3508,21.930964581621666,3508,35.37985196138959,34.910653643993975
18,312,success,,14.136000000000001,14.136000000000001,9.535522745922208,17092,3535,58.24826962418614,3535,66.62329083821946,64.55597026693071
18,620,success,,14.136000000000001,14.136000000000001,11.823954476043582,19930,3535,26.149409693697102,3535,48.767722330083636,48.25584902057841
18,622,success,,14.136000000000001,14.136000000000001,18.44712753035128,31520,3535,22.37302982520246,3535,43.871382606642584,45.700546685739795
18,778,success,,14.136000000000001,14.136000000000001,10.794350396841764,19425,3535,44.03955592581007,3535,56.91301940882416,55.79820141950429
18,1088,success,,14.14,14.14,12.619212815538049,21264,3536,30.55664925725945,3536,55.71025044372972,55.416358553319
18,1244,success,,14.028,14.028,15.230369076132774,27706,3508,68.65713154660187,3508,76.81650770665499,80.1345324103367
19,2,success,,14.176,14.176,47.06946066208184,64710,3545,40.345731652711265,3545,55.1196852398212,55.095952251442945
19,3,success,,14.176,14.176,46.27541630901396,63554,3545,31.919134922223584,3545,42.894350785854876,42.89202299447512
19,4,success,,14.068,14.068,55.399455059319735,76677,3518,14.278028090257099,3518,30.2457417939601,30.227956101549065
19,312,success,,14.176,14.176,50.75925378501415,69685,3545,17.863795141776333,3545,38.861421790715646,38.85646191153879
19,620,success,,14.176,14.176,49.711383333429694,67899,3545,15.650901724694679,3545,43.1148520752738,43.08843427314082
19,622,success,,14.176,14.176,67.78704175166786,93499,3545,27.163753234154367,3545,46.07728389672611,46.06948828401372
19,778,success,,14.176,14.176,42.84546485170722,58843,3545,39.65952856043771,3545,52.55545077559863,52.5528207089775
19,1088,success,,14.18,14.18,45.41776129975915,62528,3546,44.98220295817298,3546,63.5635108874598,63.54316123930917
19,1244,success,,14.068,14.068,46.444426549598575,63729,3518,86.60290673039782,3518,93.04307867757753,93.02818705170964
20,2,success,,14.176,14.176,48.304133743047714,64826,3545,39.659610629139394,3545,55.223058403677406,55.21431233684771
20,3,success,,14.176,14.176,47.40572068840265,59732,3545,30.846936740859018,3545,42.407437091898814,42.36490228068526
20,4,success,,14.068,14.068,57.356634920462966,75373,3518,15.582646166283434,3518,31.37042007908217,31.35243114859635
20,312,success,,14.176,14.176,52.9184642508626,69373,3545,17.47766890418547,3545,38.135713411498436,38.13853702267001
20,620,success,,14.176,14.176,58.42716566286981,75596,3545,17.332516035844815,3545,42.84735279852459,42.836947358330356
20,622,success,,14.176,14.176,78.14528451673687,101891,3545,26.4406358695484,3545,45.18078892781617,45.16986031397514
20,778,success,,14.176,14.176,44.19610854238272,57391,3545,39.554215041233434,3545,52.75296504374318,52.754963154893964
20,1088,success,,14.18,14.18,46.692598616704345,57534,3546,43.63297633793595,3546,64.30481129355384,64.2979423571457
20,1244,success,,14.068,14.068,48.42149207368493,64632,3518,85.40639866206334,3518,90.87441529217024,90.76709184525973
21,2,success,,14.176,14.176,76.50222393684089,102232,3545,110.3630457291626,3545,116.11962711667468,116.08954952269612
21,3,success,,14.176,14.176,75.93707389757037,99654,3545,64.96253213900532,3545,71.93493768232732,71.97107538660924
21,4,success,,14.068,14.068,81.25129630789161,107127,3518,162.2907607907034,3518,164.364124812022,164.21995016939343
21,312,success,,14.176,14.176,85.104785785079,113948,3545,86.4950145079423,3545,92.89266881433224,92.77343300909465
21,620,success,,14.176,14.176,80.75336020998657,105197,3545,166.9303572421722,3545,171.6596113152975,171.54427535937737
21,622,success,,14.176,14.176,89.75709226354957,118609,3545,133.23560223298963,3545,138.73827379451973,138.8221546761874
21,778,success,,14.176,14.176,71.3454561792314,94875,3545,83.14793281233428,3545,89.23769970755231,89.21363461870837
21,1088,success,,14.18,14.18,77.46674616262317,100692,3546,113.03551727170593,3546,121.49237285034503,121.38728153702276
21,1244,success,,14.068,14.068,68.69402736052871,91259,3518,219.4916833263738,3518,221.98144746050394,221.72807257232208
22,2,success,,14.156,14.156,35.288953153416514,46633,3540,53.35816052210511,3540,65.67687447966716,65.582122817296
22,3,success,,14.156,14.156,30.477351861074567,40354,3540,75.12925776034527,3540,81.14815317422327,80.920428427989
22,4,success,,14.048,14.048,47.85400130413473,63031,3513,11.102397191597216,3513,29.40889619359637,29.409108529247277
22,312,success,,14.156,14.156,36.8595870397985,49102,3540,35.52727518712116,3540,48.61187854361027,48.60465338142127
22,620,success,,14.156,14.156,46.757976872846484,60908,3540,12.248486326890585,3540,41.54931896397815,41.53542749870456
22,622,success,,14.156,14.156,34.97838892042637,45773,3540,48.72410685238724,3540,61.97694413922456,61.93573533382416
22,778,success,,14.156,14.156,37.13134329020977,49437,3540,44.82066119585392,3540,54.689759330061676,54.614670450403956
22,1088,success,,14.16,14.16,38.35162563249469,49872,3541,38.746563486372764,3541,59.68610767386332,59.68731895367231
22,1244,success,,14.048,14.048,43.04890304990113,57326,3513,67.87762014236786,3513,77.33529675905842,77.21854006817784
23,2,success,,14.156,14.156,30.615428453311324,42732,3540,54.45004951983267,3540,66.73549421859506,66.55700637212841
23,3,success,,14.156,14.156,28.923019494861364,40893,3540,77.15774022680081,3540,82.60461955140313,82.47568414955583
23,4,success,,14.048,14.048,47.29541484080255,64561,3513,11.507293538386655,3513,29.215599501765496,29.216624626022814
23,312,success,,14.156,14.156,33.222181087359786,47497,3540,36.65219870368175,3540,50.46457250020211,50.39117645809051
23,620,success,,14.156,14.156,42.868843492120504,59332,3540,13.100732407856519,3540,42.446413460013254,42.43094670715782
23,622,success,,14.156,14.156,32.598775397986174,45386,3540,50.32328971117803,3540,64.38138582103419,64.28060195343822
23,778,success,,14.156,14.156,35.66757844761014,50856,3540,45.32185904999369,3540,55.19708292471953,55.15965076900988
23,1088,success,,14.16,14.16,36.553787276148796,48845,3541,39.15595247107601,3541,60.66866482322439,60.5752421560204
23,1244,success,,14.048,14.048,42.031904032453895,59811,3513,67.6112117536558,3513,76.43267496709923,76.40396457064506
24,2,success,,14.156,14.156,39.43951493501663,53771,3540,112.7775964081301,3540,119.72743518959022,119.48233758676581
24,3,success,,14.156,14.156,30.918567651882768,42162,3540,154.8964988851879,3540,157.91309866942373,157.52415575142592
24,4,success,,14.048,14.048,54.372702134773135,74397,3513,51.12087550508552,3513,57.140422129047714,57.13315181908793
24,312,success,,14.156,14.156,44.24626824632287,60392,3540,92.22900916518829,3540,97.54373253849371,97.54943040431033
24,620,success,,14.156,14.156,46.841010792180896,63140,3540,49.80256147619721,3540,64.59890364930943,64.59012839194259
24,622,success,,14.156,14.156,35.60200613178313,48327,3540,109.32560658851146,3540,116.45534902847452,116.29735805297051
24,778,success,,14.156,14.156,35.43965470418334,48351,3540,78.55294470022822,3540,85.46411426972486,85.39457197575418
24,1088,success,,14.16,14.16,46.63840150274336,63366,3541,78.87159592675894,3541,91.55925745222028,91.47695595579869
24,1244,success,,14.048,14.048,52.778332041576505,72308,3513,161.5258537729906,3513,164.9439569676096,164.8074905597686
25,2,success,,14.096,14.096,15.340974418446422,19849,3525,40.23762122899085,3525,57.54090226492809,56.120856325702604
25,3,success,,14.096,14.096,20.571702705696225,26838,3525,39.60999083707739,3525,49.47590669729286,48.6676954084777
25,4,success,,13.988,13.988,20.098213935270905,26601,3498,18.450592373096125,3498,31.672000745103258,31.659881450948355
25,312,success,,14.096,14.096,21.2655699364841,28254,3525,36.59011485810946,3525,49.41654669570378,50.56378764025319
25,620,success,,14.096,14.096,15.626097932457924,19972,3525,30.71419772462752,3525,49.35275317403969,48.54392948896442
25,622,success,,14.096,14.096,23.18186560459435,30156,3525,19.360177812814428,3525,42.74472387731395,44.41540456523119
25,778,success,,14.096,14.096,16.988200763240457,22455,3525,43.19376498567861,3525,55.055148173962394,53.99505378481425
25,1088,success,,14.1,14.1,22.31895271129906,29260,3526,30.983200803782985,3526,55.74903602568924,55.27832476226291
25,1244,success,,13.988,13.988,23.694097016006708,31123,3498,48.527959796207284,3498,62.625036475733296,69.19775592465457
26,2,success,,14.096,14.096,15.185310505330563,19790,3525,40.324311068839044,3525,57.39313539372068,55.954217013515354
26,3,success,,14.096,14.096,21.606734223663807,27323,3525,39.75104413862977,3525,49.48900257334161,48.3109220339831
26,4,success,,13.988,13.988,21.594395322725177,27485,3498,18.542859220790163,3498,32.30291158691036,32.15040183414236
26,312,success,,14.096,14.096,22.852591764181852,29156,3525,36.582520144794096,3525,48.37508178423784,49.91894455094752
26,620,success,,14.096,14.096,15.983279200270772,20451,3525,30.746614373087947,3525,49.83074762590461,49.13537193777841
26,622,success,,14.096,14.096,24.383775793015957,30977,3525,19.433757424901895,3525,42.05566503302549,43.92172205584553
26,778,success,,14.096,14.096,17.584331763908267,22345,3525,43.3037218702563,3525,54.919339661155554,53.88505647466179
26,1088,success,,14.1,14.1,22.62754901126027,28747,3526,30.95089292413774,3526,56.63270997111204,56.707425821323255
26,1244,success,,13.988,13.988,25.369954532012343,32045,3498,48.574999387070434,3498,64.13832775090866,69.88857197517127
27,2,success,,14.096,14.096,15.624893860891461,20719,3525,40.949720196529555,3525,57.44746696025047,56.283643536941454
27,3,success,,14.096,14.096,21.647823963314295,29087,3525,40.79062024452035,3525,49.8139862070641,48.96369444367723
27,4,success,,13.988,13.988,20.99473886936903,28423,3498,19.656167447054955,3498,32.537418760419335,32.40020811047425
27,312,success,,14.096,14.096,23.183419255539775,30811,3525,36.49701158240871,3525,49.20767301994999,50.39345016966716
27,620,success,,14.096,14.096,15.942705919966102,21250,3525,32.1991743872874,3525,51.66215653542384,51.12077607114321
27,622,success,,14.096,14.096,23.69021806307137,31268,3525,20.518108670954607,3525,43.14876100273141,44.01915882576662
27,778,success,,14.096,14.096,17.92645668424666,22718,3525,44.871567608589494,3525,56.07916098077297,54.89204610805269
27,1088,success,,14.1,14.1,23.835972478613257,31632,3526,30.138122111705545,3526,53.84861159809525,54.55281913969021
27,1244,success,,13.988,13.988,24.097173862159252,33115,3498,49.47853469695419,3498,62.351423363595046,67.54593562226512
28,2,success,,14.168000000000001,14.168000000000001,64.37697439454496,71271,3543,56.76597420708202,3543,68.08534140293861,67.98826516855742
28,3,success,,14.168000000000001,14.168000000000001,62.64136287197471,69505,3543,63.33515428061611,3543,68.94229243821742,68.92991728563126
28,4,success,,14.06,14.06,97.9781351890415,109342,3516,24.587931263657737,3516,36.739818236326094,36.68035737865944
28,312,success,,14.168000000000001,14.168000000000001,73.79311065934598,80984,3543,23.908861562699713,3543,41.48371035836192,41.471974645388364
28,620,success,,14.168000000000001,14.168000000000001,96.81489823199809,106184,3543,6.7529221781786255,3543,40.46386138928395,40.44937446717153
28,622,success,,14.168000000000001,14.168000000000001,79.13475829176605,87572,3543,38.02713721285161,3543,53.926525211787265,53.901580569465025
28,778,success,,14.168000000000001,14.168000000000001,75.49164868146181,82651,3543,39.480055334371706,3543,53.17073288357117,53.13385262225112
28,1088,success,,14.172,14.172,65.36474455147982,71639,3544,47.416530268400614,3544,66.87348047220951,66.82842463011691
28,1244,success,,14.06,14.06,77.45044590346515,86062,3516,73.96968548553234,3516,81.94640922512406,81.8482918804451
29,2,success,,14.168000000000001,14.168000000000001,76.62664694525301,76037,3543,62.92810727757831,3543,73.90883098150958,73.82769773465184
29,3,success,,14.168000000000001,14.168000000000001,68.2466359231621,67982,3543,71.59869969631623,3543,76.93814051987047,76.93997011622722
29,4,success,,14.06,14.06,109.12777456082404,107604,3516,28.542816261756155,3516,38.71267807851639,38.68753288772562
29,312,success,,14.168000000000001,14.168000000000001,85.38464244827628,84522,3543,25.462640491640382,3543,42.66432063636181,42.65408304518411
29,620,success,,14.168000000000001,14.168000000000001,141.28132456354797,139379,3543,5.1578441758345175,3543,40.1690861766257,40.152258998087596
29,622,success,,14.168000000000001,14.168000000000001,87.5491172708571,86232,3543,40.37874271235095,3543,55.272302690278636,55.244005346688176
29,778,success,,14.168000000000001,14.168000000000001,87.32243577204645,87472,3543,42.746004693399414,3543,55.11830979662328,55.05552886844665
29,1088,success,,14.172,14.172,72.00056190229952,70671,3544,51.287810939830855,3544,67.70084326969219,67.66895163791126
29,1244,success,,14.06,14.06,72.96173684298992,72852,3516,75.31045527231934,3516,83.99060881272186,83.86534406644239
30,2,success,,14.168000000000001,14.168000000000001,155.8365629594773,156657,3543,50989.075135567145,3543,50989.085936279276,50644.885672487326
30,3,success,,14.168000000000001,14.168000000000001,146.39570526778698,154423,3543,48702.169955925914,3543,48702.283935570435,48362.303331668096
30,4,success,,14.06,14.06,159.153663828969,156069,3516,37059.594035073744,3516,37059.66505411424,36910.952734629616
30,312,success,,14.168000000000001,14.168000000000001,159.50915268808603,168380,3543,41426.78718276055,3543,41427.01896358317,41300.61534782351
30,620,success,,14.168000000000001,14.168000000000001,175.65714754723012,172185,3543,88737.93025740655,3543,88737.99172474068,88280.68780811236
30,622,success,,14.168000000000001,14.168000000000001,162.97274859435856,160477,3543,70468.70505441609,3543,70468.71882017367,70029.06564021693
30,778,success,,14.168000000000001,14.168000000000001,152.20522408001125,160702,3543,58887.18348164125,3543,58887.10073689514,58499.55281245969
30,1088,success,,14.172,14.172,160.59310528077185,156419,3544,50521.90647606447,3544,50522.04474801543,50208.009170940204
30,1244,success,,14.06,14.06,157.07789970003068,165534,3516,67294.4191660734,3516,67294.45175778211,66917.1275001765
31,2,success,,14.14,14.14,57.45575011335313,63044,3536,51.102935243349975,3536,64.11067291701997,63.998285758374216
31,3,success,,14.14,14.14,77.2903457954526,85958,3536,40.78802475740077,3536,51.01828905301795,51.003814038232505
31,4,success,,14.032,14.032,86.71491202712059,95321,3509,8.280758913820327,3509,28.141883657439468,28.13766605427353
31,312,success,,14.14,14.14,49.46820558980107,54208,3536,47.47676782953956,3536,58.82625433307857,58.78083746985831
31,620,success,,14.14,14.14,69.1243367921561,73654,3536,16.60823112351216,3536,43.5416355973264,43.50255132072681
31,622,success,,14.14,14.14,86.2312522828579,92667,3536,31.321268900500527,3536,48.14194680667821,48.2095411291041
31,778,success,,14.14,14.14,63.02501588314772,67491,3536,48.215181773276626,3536,58.03676185631741,57.95641009602473
31,1088,success,,14.144,14.144,68.4354358036071,72760,3537,51.839274378190986,3537,69.20091144427971,69.11216354050082
31,1244,success,,14.032,14.032,72.45249408856034,78130,3509,58.95621844389543,3509,69.21923242807564,69.29324855288932
32,2,success,,14.14,14.14,53.29896529018879,58234,3536,53.02815873933594,3536,64.94730575692557,64.73325190214945
32,3,success,,14.14,14.14,72.69469858333468,79781,3536,40.92056504918471,3536,50.269445570714,50.16745784237377
32,4,success,,14.032,14.032,89.85092126019299,98316,3509,8.303654720601784,3509,28.247613493619067,28.19973059343355
32,312,success,,14.14,14.14,52.15088150091469,56186,3536,48.28105186343032,3536,60.01256658598693,59.968859014179735
32,620,success,,14.14,14.14,74.54187753424048,80521,3536,15.902769124083896,3536,43.72876441403849,43.71599888468124
32,622,success,,14.14,14.14,90.46664761938155,97874,3536,31.576153808930844,3536,49.00348193681793,48.97360543100332
32,778,success,,14.14,14.14,55.73158553056419,60244,3536,49.48642467450645,3536,59.23409346794845,59.122910502340275
32,1088,success,,14.144,14.144,55.978008668869734,60056,3537,53.02530806944506,3537,69.17067452262978,69.1083626605086
32,1244,success,,14.032,14.032,74.10771767236292,81340,3509,58.8632489765996,3509,69.9131151510569,69.69824565335729
33,2,success,,14.14,14.14,94.90524424985051,102053,3536,80.4551881788834,3536,88.75161970004227,88.52696864873327
33,3,success,,14.14,14.14,108.51912799943238,117762,3536,64.02671801801488,3536,70.08068496997298,69.93001989675786
33,4,success,,14.032,14.032,98.453120787628,106784,3509,22.40671991947487,3509,35.24836201522814,34.94470421532845
33,312,success,,14.14,14.14,84.09758041147143,91869,3536,51.6511660931706,3536,60.84734049931264,60.59799750554079
33,620,success,,14.14,14.14,111.19253344181925,117788,3536,53.8663773538835,3536,67.84260620326864,67.67520733931919
33,622,success,,14.14,14.14,117.53808802738786,121287,3536,61.73169783972478,3536,71.46938053556089,71.26689032042637
33,778,success,,14.14,14.14,76.18681295029819,83351,3536,51.44204681724113,3536,62.30129972483387,62.25195997169009
33,1088,success,,14.144,14.144,97.57542105019093,102837,3537,52.29904297993725,3537,68.59351056451108,68.44618986228765
33,1244,success,,14.032,14.032,90.99502159375697,99092,3509,85.8791674588291,3509,92.66275609057644,91.99907305490727
34,2,success,,14.056000000000001,14.056000000000001,20.714458161965013,23129,3515,40.958386137392445,3515,53.25286130664504,51.395230874158976
34,3,success,,14.056000000000001,14.056000000000001,27.444331116974354,30500,3515,32.85115101327198,3515,44.049485072195644,44.0774532972514
34,4,success,,13.948,13.948,28.19857013039291,31207,3488,14.578806716155693,3488,29.961574846506412,30.7456516541901
34,312,success,,14.056000000000001,14.056000000000001,26.84153311699629,30127,3515,36.525355060335386,3515,49.40427666581568,50.17441386873988
34,620,success,,14.056000000000001,14.056000000000001,27.49807678721845,30135,3515,26.447375243890317,3515,49.05440576494309,48.81221580191536
34,622,success,,14.056000000000001,14.056000000000001,28.0269423853606,30501,3515,26.741927571244112,3515,45.89971557876211,46.834590368211245
34,778,success,,14.056000000000001,14.056000000000001,24.570901235565543,26891,3515,39.353341476921145,3515,50.522757004851655,49.408613436241744
34,1088,success,,14.06,14.06,28.1213083229959,30994,3516,33.1880710224892,3516,57.69199703257104,57.985089617318245
34,1244,success,,13.948,13.948,27.774051945656538,30277,3488,59.00906011289927,3488,68.08723568521546,71.4034460502009
35,2,success,,14.056000000000001,14.056000000000001,23.241875918582082,24193,3515,40.92680764952254,3515,53.49234894884535,51.88549612933911
35,3,success,,14.056000000000001,14.056000000000001,27.686593286693096,29280,3515,32.97172864703049,3515,46.20467605168845,45.89098173849736
35,4,success,,13.948,13.948,29.876380336470902,31595,3488,14.535452678513504,3488,30.088300451472154,30.401189347384005
35,312,success,,14.056000000000001,14.056000000000001,30.046706615015864,31734,3515,36.58555369660311,3515,49.90710704302407,50.33860963003615
35,620,success,,14.056000000000001,14.056000000000001,29.1375240534544,30388,3515,26.427681257075278,3515,48.77339636078861,48.970898103325425
35,622,success,,14.056000000000001,14.056000000000001,30.19242866616696,31882,3515,26.980277649710978,3515,46.20943987503555,46.85665217868424
35,778,success,,14.056000000000001,14.056000000000001,25.359369231387973,26736,3515,39.46155456994176,3515,51.053387214972645,49.8196185039144
35,1088,success,,14.06,14.06,27.65320321545005,29153,3516,33.0502624886888,3516,58.763424174880534,58.785763933255524
35,1244,success,,13.948,13.948,28.987776815891266,30640,3488,59.47603271879768,3488,66.46337844441753,69.8157055740404
36,2,success,,14.056000000000001,14.056000000000001,25.755369065329432,27499,3515,41.44099013409116,3515,54.616376617817245,52.99598421860693
36,3,success,,14.056000000000001,14.056000000000001,29.473720164969563,32717,3515,33.349979040555546,3515,43.30594941388149,43.33024185904656
36,4,success,,13.948,13.948,31.464069806039333,34590,3488,14.043953092302553,3488,30.208495096189836,30.767119786631827
36,312,success,,14.056000000000001,14.056000000000001,31.17037992924452,34622,3515,37.119466090269825,3515,50.9573506781592,51.761957851092404
36,620,success,,14.056000000000001,14.056000000000001,31.756811447441578,34462,3515,26.759529643185672,3515,49.67558244945401,49.840901524368924
36,622,success,,14.056000000000001,14.056000000000001,29.807680381461978,32537,3515,28.1009373688801,3515,47.001438905914505,47.818512468449754
36,778,success,,14.056000000000001,14.056000000000001,25.70426099561155,28513,3515,41.04718332341288,3515,55.00336853734278,53.95736564610777
36,1088,success,,14.06,14.06,30.93317504413426,33490,3516,32.51966069785609,3516,53.38687801939215,54.02202198844144
36,1244,success,,13.948,13.948,31.235422909259796,33556,3488,63.18025720403522,3488,73.06753852959042,74.9532700852598
37,2,success,,14.192,14.192,17.173276340588927,23794,3549,45.22453283635329,3549,61.60106328571826,61.603493672446945
37,3,success,,14.192,14.192,17.118841795250773,23883,3549,35.05458232721652,3549,45.9952381717466,45.98976307482574
37,4,success,,14.084,14.084,13.730348091572523,19961,3522,8.6170230924093,3522,28.458906536683067,28.454777396588945
37,312,success,,14.192,14.192,15.934095077216625,22401,3549,24.530694858218627,3549,43.467510995307244,43.44815657511513
37,620,success,,14.192,14.192,15.105590796098113,20606,3549,8.77411961544314,3549,41.487284838581225,41.485046998776795
37,622,success,,14.192,14.192,16.829231882467866,23235,3549,40.3248115301721,3549,55.783398267301386,55.77735435124165
37,778,success,,14.192,14.192,15.937614563852549,22352,3549,28.397793738271947,3549,46.60359287868102,46.59932208101874
37,1088,success,,14.196,14.196,16.42592490464449,23859,3550,43.38217139972049,3550,63.68325288600672,63.67775705155691
37,1244,success,,14.084,14.084,16.888952814042568,23562,3522,35.13725960576484,3522,50.810890502466265,50.81265394177922
38,2,success,,14.192,14.192,15.484460592269897,23945,3549,45.19874436590066,3549,59.30051713637104,59.29576927841519
38,3,success,,14.192,14.192,15.39816027879715,23772,3549,35.38775756862492,3549,46.63971014578262,46.636405803949266
38,4,success,,14.084,14.084,13.220592316240072,20160,3522,8.770183117859698,3522,28.40958920383697,28.403580663109945
38,312,success,,14.192,14.192,14.742222834378481,22608,3549,24.753271626655977,3549,42.20898709984064,42.20578257278467
38,620,success,,14.192,14.192,13.525497566908598,20365,3549,8.909480365229058,3549,40.86976223245036,40.86714004872914
38,622,success,,14.192,14.192,15.737303039059043,23764,3549,40.53446419925289,3549,54.98370688821173,54.97755840168222
38,778,success,,14.192,14.192,14.585791384801269,22275,3549,28.62957180046599,3549,44.68394902922848,44.68108030717996
38,1088,success,,14.196,14.196,15.819040084257722,23855,3550,43.485823303188596,3550,61.28598319119959,61.27554659097252
38,1244,success,,14.084,14.084,15.188255095854402,23308,3522,35.46627331695626,3522,50.827764899329125,50.82482440248628
39,2,success,,14.192,14.192,15.17748387530446,22851,3549,47.65540759296953,3549,61.890188435362006,61.893341381676905
39,3,success,,14.192,14.192,14.527868341654539,22041,3549,40.52458627735699,3549,50.750240882274944,50.758402927582296
39,4,success,,14.084,14.084,12.6285167504102,18914,3522,10.973527487120009,3522,29.076059105914805,29.066521081426295
39,312,success,,14.192,14.192,13.959020724520087,21298,3549,28.73440411724092,3549,45.3478947050068,45.33794463682778
39,620,success,,14.192,14.192,13.045774007216096,19223,3549,11.146614293958033,3549,41.12826325788136,41.12831285563261
39,622,success,,14.192,14.192,15.192113114520907,22745,3549,44.78437791512294,3549,57.98890923218415,57.991182080291715
39,778,success,,14.192,14.192,14.173249134793878,21598,3549,32.73872912205026,3549,48.10017899120546,48.095895153743726
39,1088,success,,14.196,14.196,15.46343407034874,23052,3550,47.065256025622574,3550,65.20023563096368,65.19933531398819
39,1244,success,,14.084,14.084,14.502752797678113,21633,3522,40.53904859360413,3522,55.02425499581677,55.029714139685034
40,2,success,,14.188,14.188,13.979308208450675,21343,3548,42.532363511853006,3548,56.65554851472464,56.61844876131717
40,3,success,,14.188,14.188,13.66772973537445,20830,3548,33.59355743290678,3548,45.804396854339146,45.77756575589735
40,4,success,,14.08,14.08,12.129241364076734,18001,3521,10.348491023973637,3521,28.931887442956388,28.92284324386501
40,312,success,,14.188,14.188,13.352615978568792,20304,3548,25.24992114966705,3548,42.49132938411788,42.47593676957353
40,620,success,,14.188,14.188,11.75071533024311,17623,3548,6.488195319733242,3548,40.169519523281025,40.17020636012514
40,622,success,,14.188,14.188,13.830413598567247,20880,3548,38.47727174530598,3548,54.88395348216374,54.887701570266174
40,778,success,,14.188,14.188,13.610545497387648,20439,3548,26.01645682321236,3548,43.08323459531649,43.054383728030245
40,1088,success,,14.192,14.192,14.538146834820509,21166,3549,39.12347362361999,3549,59.30779778307568,59.31871697113844
40,1244,success,,14.08,14.08,13.635976685211062,20254,3521,32.06387500026261,3521,48.591516633567124,48.56304434567052
41,2,success,,14.188,14.188,15.170461835339665,21252,3548,42.6148121713188,3548,57.13191591605318,57.130088568147215
41,3,success,,14.188,14.188,14.248329374939203,20382,3548,33.93745446067734,3548,44.858656786908725,44.85388273307532
41,4,success,,14.08,14.08,12.45553001947701,18263,3521,10.506981294875496,3521,29.008514108526715,29.010975806816564
41,312,success,,14.188,14.188,14.524063784629107,20516,3548,25.481274360739963,3548,43.167212589414746,43.16362356702487
41,620,success,,14.188,14.188,12.601665936410427,17460,3548,6.577275935801728,3548,40.30413779688154,40.30459238536857
41,622,success,,14.188,14.188,14.507443096488714,20942,3548,38.7386469927805,3548,54.85435944924134,54.83656788604022
41,778,success,,14.188,14.188,14.31066888011992,20158,3548,26.23188504800756,3548,42.71398675912228,42.69999237785546
41,1088,success,,14.192,14.192,14.918232448399067,20896,3549,39.35406147823585,3549,61.31328429189322,61.319622282901555
41,1244,success,,14.08,14.08,13.697290750220418,19942,3521,32.412000397602846,3521,48.810941204854544,48.83138209643981
42,2,success,,14.188,14.188,13.318648727610707,19747,3548,44.88174116379025,3548,58.62824965003897,58.62542358404395
42,3,success,,14.188,14.188,12.618440067395568,18814,3548,38.30725485993651,3548,48.425096631959995,48.437295598843455
42,4,success,,14.08,14.08,12.032172491773963,17934,3521,12.672605450483742,3521,30.114853232838616,30.104344249628284
42,312,success,,14.188,14.188,14.477939922362566,20227,3548,28.633929595484197,3548,44.44261105767536,44.43021350790882
42,620,success,,14.188,14.188,11.3721226118505,16620,3548,7.7473697711855865,3548,40.89056912801072,40.88944195235824
42,622,success,,14.188,14.188,13.543157709762454,19903,3548,42.44098736105805,3548,55.29438032535999,55.270925351461344
42,778,success,,14.188,14.188,13.52279780805111,19663,3548,29.397403975522053,3548,45.09102748960639,45.09908865209398
42,1088,success,,14.192,14.192,13.653322014957666,19934,3549,42.84308009256784,3549,61.88966795362015,61.88427055388301
42,1244,success,,14.08,14.08,13.028478199616075,19012,3521,36.82687491452212,3521,52.25056831609539,52.23996375604805
43,2,success,,14.176,14.176,8.071257615461946,12206,3545,36.42568426669954,3545,53.08559693298953,52.927949690575275
43,3,success,,14.176,14.176,8.05954772233963,12210,3545,31.3938458389761,3545,42.38289401763272,42.69389338885219
43,4,success,,14.068,14.068,7.351414225995541,11033,3518,8.17425847610435,3518,28.276671846224883,28.262981610350963
43,312,success,,14.176,14.176,8.115519639104605,12165,3545,23.12535079689623,3545,41.5020000311244,41.62050522565355
43,620,success,,14.176,14.176,6.696075540035963,9934,3545,3.246454008789065,3545,39.884242719721286,39.88746035330737
43,622,success,,14.176,14.176,8.04723590798676,12018,3545,33.40064037904385,3545,48.76160684059698,48.77725084559675
43,778,success,,14.176,14.176,8.233028631657362,12428,3545,27.93291120616076,3545,43.43547428709604,43.467623129027366
43,1088,success,,14.18,14.18,8.126483118161559,12175,3546,30.170248971716166,3546,54.88514792143362,54.817485566347536
43,1244,success,,14.068,14.068,7.9909218698740005,12079,3518,36.53487081096731,3518,54.3173698932806,54.194712613815234
44,2,success,,14.176,14.176,8.128215180709958,11975,3545,36.585498511960346,3545,52.894227089571174,52.859602012444824
44,3,success,,14.176,14.176,8.309525089338422,12460,3545,31.583920068129,3545,41.71258086970978,41.82298720951779
44,4,success,,14.068,14.068,7.488481979817152,10943,3518,8.249722876032772,3518,28.482755540016484,28.465074166787055
44,312,success,,14.176,14.176,8.574032740667462,12610,3545,23.25112976782786,3545,41.36405729349718,41.43724092781807
44,620,success,,14.176,14.176,6.797575123608112,9850,3545,3.2744354947094387,3545,39.93118663315972,39.9043557171036
44,622,success,,14.176,14.176,7.957082659006119,11683,3545,33.59674018499877,3545,49.19952609822998,49.08588340735351
44,778,success,,14.176,14.176,8.18998078815639,12215,3545,28.027077922622436,3545,43.87306107143172,43.79093263986818
44,1088,success,,14.18,14.18,8.648835441097617,12257,3546,30.356111929771753,3546,54.06848211753991,54.13850510115797
44,1244,success,,14.068,14.068,8.085601519793272,12068,3518,36.72122590428532,3518,52.97851241849515,53.10603464855402
45,2,success,,14.176,14.176,8.760114816948771,12979,3545,37.68052225660547,3545,54.16671902362225,54.353196927753
45,3,success,,14.176,14.176,8.65274360589683,12931,3545,33.32617318588141,3545,44.62344468433866,44.68294729819355
45,4,success,,14.068,14.068,7.713365618139505,11427,3518,9.019767294411498,3518,28.461175991497274,28.442171105926665
45,312,success,,14.176,14.176,8.066792970523238,12135,3545,24.30754215206979,3545,43.349957989034785,43.38620947196992
45,620,success,,14.176,14.176,6.973621968179941,10190,3545,3.4710110091165496,3545,39.96817088184712,39.955858710419356
45,622,success,,14.176,14.176,8.475379332900047,12564,3545,35.40967954513732,3545,51.58533240572396,51.71576742770295
45,778,success,,14.176,14.176,8.459158139303327,12691,3545,28.778873590074404,3545,44.90394158938612,44.879383976009905
45,1088,success,,14.18,14.18,8.556025670841336,12661,3546,32.1722278406412,3546,55.574195676934124,55.66954516807246
45,1244,success,,14.068,14.068,8.528575045987964,12785,3518,38.608641132287154,3518,52.56921911535718,52.51957585708901
46,2,success,,14.184000000000001,14.184000000000001,43.732632929459214,29226,3547,56.55794124923727,3547,67.67977732487586,67.6761716982618
46,3,success,,14.184000000000001,14.184000000000001,44.46537873521447,29762,3547,56.53311866918156,3547,63.099780158008926,63.08973263170388
46,4,success,,14.076,14.076,52.42283161170781,35209,3520,16.084048516071533,3520,31.362006756774157,31.35827221689806
46,312,success,,14.184000000000001,14.184000000000001,46.845173900946975,32201,3547,38.161968478631906,3547,51.419534025642484,51.41749909669296
46,620,success,,14.184000000000001,14.184000000000001,67.67143032699823,44960,3547,8.080327429752026,3547,40.6136730112465,40.60628658202942
46,622,success,,14.184000000000001,14.184000000000001,46.2110900003463,30948,3547,58.972522443691346,3547,69.38073139698949,69.36906767880792
46,778,success,,14.184000000000001,14.184000000000001,52.56699021719396,36030,3547,29.814255635513998,3547,46.60060183694681,46.59561118649012
46,1088,success,,14.188,14.188,51.44652101583779,34316,3548,46.260983740260194,3548,64.13818341943893,64.1398529671052
46,1244,success,,14.076,14.076,46.74680477194488,31772,3520,63.91714417309232,3520,73.40597688129088,73.39854315424509
47,2,success,,14.184000000000001,14.184000000000001,44.82059308513999,30163,3547,53.8372069293773,3547,66.29332045884533,66.27656834970995
47,3,success,,14.184000000000001,14.184000000000001,44.34855632483959,29914,3547,53.91974410427711,3547,62.19711217061186,62.17529633624593
47,4,success,,14.076,14.076,50.78265010379255,34424,3520,15.384685804829553,3520,31.018510340491876,30.996943905609637
47,312,success,,14.184000000000001,14.184000000000001,47.76356980763376,32428,3547,36.28913632872862,3547,49.24662191028298,49.22781527875952
47,620,success,,14.184000000000001,14.184000000000001,69.32328749075532,45511,3547,8.154319107881737,3547,40.556790339244394,40.56152666621388
47,622,success,,14.184000000000001,14.184000000000001,46.590109368786216,31316,3547,56.14231653094955,3547,68.13923724170373,68.10303488873353
47,778,success,,14.184000000000001,14.184000000000001,54.74421296454966,37240,3547,28.79365267186891,3547,46.11997636672386,46.11344396791781
47,1088,success,,14.188,14.188,51.552005521953106,34457,3548,44.200261214929036,3548,63.77552084406879,63.763541624101386
47,1244,success,,14.076,14.076,46.995623676106334,31761,3520,61.12499167980664,3520,70.2246969079878,70.17812754072655
48,2,success,,14.184000000000001,14.184000000000001,45.12833754904568,29781,3547,44.09409401938867,3547,59.913763605540495,59.91096270617475
48,3,success,,14.184000000000001,14.184000000000001,48.38485788367689,31992,3547,45.05818365340226,3547,54.139730195050596,54.12980585566994
48,4,success,,14.076,14.076,73.45676914602518,49982,3520,16.281955904144624,3520,31.609859444186135,31.627501910754855
48,312,success,,14.184000000000001,14.184000000000001,54.47813378460705,36094,3547,30.34752798441677,3547,46.05295435436375,46.01166134225459
48,620,success,,14.184000000000001,14.184000000000001,89.5200911052525,58876,3547,14.905919722909623,3547,42.720414086955444,42.71519079155068
48,622,success,,14.184000000000001,14.184000000000001,50.115649649873376,32853,3547,47.83446726742397,3547,60.28580845679998,60.24292922979656
48,778,success,,14.184000000000001,14.184000000000001,68.11075175926089,45126,3547,32.95851020371005,3547,47.13483135584201,47.129759226133785
48,1088,success,,14.188,14.188,58.249716402962804,38403,3548,42.31038861224276,3548,62.197107920686555,62.177127655840195
48,1244,success,,14.076,14.076,51.66814348474145,34190,3520,56.90113901054798,3520,66.27236238357143,66.26956038162375
49,2,success,,14.172,14.172,61.36719614453614,40710,3544,35.435892209101205,3544,52.866257614331985,52.85761969485099
49,3,success,,14.172,14.172,54.80279276333749,37056,3544,36.99032164659437,3544,47.05101132923115,46.98587808656431
49,4,success,,14.064,14.064,88.4544791597873,58415,3517,16.757310421295216,3517,32.58474300742654,32.62226156333199
49,312,success,,14.172,14.172,68.8616963736713,44860,3544,27.04750017494105,3544,44.16776848133436,44.19200768606187
49,620,success,,14.172,14.172,77.67044466733932,50969,3544,14.278468918753433,3544,42.165836378216504,42.161309535636846
49,622,success,,14.172,14.172,67.95340893231332,43083,3544,36.018961157198426,3544,52.434592335529295,52.41343488961105
49,778,success,,14.172,14.172,68.68197827599943,44658,3544,33.79233098861885,3544,46.91955921554888,46.93923310588862
49,1088,success,,14.176,14.176,59.20604580081999,37977,3545,43.57130590398438,3545,62.94345033318035,62.90504691401841
49,1244,success,,14.064,14.064,66.08065789751709,44222,3517,65.46012909703062,3517,75.00219797354248,74.99961679754671
50,2,success,,14.172,14.172,62.411778435111046,41041,3544,35.70376774975377,3544,53.64540133526583,53.62452652886391
50,3,success,,14.172,14.172,54.77206454053521,36087,3544,37.00098841521466,3544,47.10437160148911,47.07884407920263
50,4,success,,14.064,14.064,89.2927316930145,58799,3517,17.405179073576964,3517,31.973276082599583,32.01153343221845
50,312,success,,14.172,14.172,67.69159164652228,45298,3544,27.380816392495273,3544,44.295441412277576,44.284311504765704
50,620,success,,14.172,14.172,78.33403251692653,51256,3544,14.690169813549451,3544,42.47853569453486,42.4863541310636
50,622,success,,14.172,14.172,65.27162729948759,42976,3544,36.42514150152655,3544,52.93844564543436,52.901803112093354
50,778,success,,14.172,14.172,64.80068258754909,44303,3544,34.403444985002615,3544,46.93191201069398,46.94844752285235
50,1088,success,,14.176,14.176,57.3838135227561,37796,3545,44.077259128267876,3545,63.65176337639396,63.608454318722856
50,1244,success,,14.064,14.064,67.75371962413192,44713,3517,67.48301094794758,3517,77.11916506025901,77.11937899185881
51,2,success,,14.172,14.172,59.08008993603289,39461,3544,48.37252759210777,3544,61.84052141492422,61.86589593507491
51,3,success,,14.172,14.172,57.41069404035807,38279,3544,43.55515092238914,3544,51.766241115410416,51.767743725938345
51,4,success,,14.064,14.064,78.81122985854745,50639,3517,30.574314068381682,3517,40.422071839797276,40.456954629427365
51,312,success,,14.172,14.172,67.6102861110121,45052,3544,39.91607246256525,3544,52.60997179986442,52.62909805629415
51,620,success,,14.172,14.172,76.65372447669506,50418,3544,24.377152796929494,3544,45.937745907453824,45.98528157926904
51,622,success,,14.172,14.172,61.496966602280736,40431,3544,51.20248269051096,3544,62.30904057736586,62.28251371091127
51,778,success,,14.172,14.172,61.5486346706748,39849,3544,51.03273109109136,3544,61.010287193994245,60.93296158653676
51,1088,success,,14.176,14.176,58.116672268137336,37073,3545,57.876593029994304,3545,74.53579057113201,74.45906731540603
51,1244,success,,14.064,14.064,56.00357371196151,36647,3517,99.64530345459012,3517,104.367171732878,104.29269097327338
52,2,success,,14.136000000000001,14.136000000000001,41.92261506803334,29071,3535,38.88654487890708,3535,54.688754038208366,55.64391522870284
52,3,success,,14.136000000000001,14.136000000000001,37.12237116135657,25715,3535,52.78684953389818,3535,61.47124690652831,60.07273211334324
52,4,success,,14.028,14.028,45.5309167355299,31592,3508,30.060394460520897,3508,41.002111250778746,42.66592515001771
52,312,success,,14.136000000000001,14.136000000000001,34.655224649235606,23877,3535,55.215850543420615,3535,64.52067497416594,62.82084950171171
52,620,success,,14.136000000000001,14.136000000000001,44.52676454745233,30559,3535,37.937742272029126,3535,55.011540599712696,56.25245968172607
52,622,success,,14.136000000000001,14.136000000000001,44.9103144928813,30933,3535,42.338009496254955,3535,56.710709459289,58.193301074067946
52,778,success,,14.136000000000001,14.136000000000001,38.67151299118996,26589,3535,50.91407474441299,3535,60.826842127851435,60.12740076991743
52,1088,success,,14.14,14.14,40.63940904662013,28133,3536,49.21337152660982,3536,66.81495240397835,66.74820010741156
52,1244,failed,integration error: model derivative became non-finite,14.028,2.1976577795617316,24.36245588026941,16814,0,,0,,
53,2,success,,14.136000000000001,14.136000000000001,42.45337349548936,28994,3535,38.17614778093061,3535,52.351175188034055,52.953935425298084
53,3,success,,14.136000000000001,14.136000000000001,38.45039805211127,26310,3535,51.40053641325156,3535,60.14510117360999,59.40243841978043
53,4,success,,14.028,14.028,45.045071203261614,31285,3508,29.685051527497816,3508,41.036194441807005,42.651069642901895
53,312,success,,14.136000000000001,14.136000000000001,34.811455719172955,23937,3535,54.216724041639516,3535,65.14656383498487,63.877329002085006
53,620,success,,14.136000000000001,14.136000000000001,46.33658154681325,31457,3535,36.789372526024295,3535,55.10653405266798,55.915222536650234
53,622,success,,14.136000000000001,14.136000000000001,46.23427438363433,31932,3535,41.33705873206167,3535,54.63623484993054,56.13530472940022
53,778,success,,14.136000000000001,14.136000000000001,39.009163880720735,26766,3535,50.06764940416802,3535,61.03339001788317,60.34696938357539
53,1088,success,,14.14,14.14,40.71426716633141,28132,3536,47.88985582766014,3536,64.40877803842646,64.4965142426911
53,1244,failed,integration error: model derivative became non-finite,14.028,2.195398174949941,33.0767292175442,22263,0,,0,,
54,2,success,,14.136000000000001,14.136000000000001,41.614066265523434,29409,3535,31.477332356066107,3535,48.542446702627636,49.40828710999883
54,3,success,,14.136000000000001,14.136000000000001,42.12747845426202,29864,3535,38.88570966577281,3535,50.78233218285051,51.03275101154935
54,4,success,,14.028,14.028,46.07212286256254,32695,3508,25.671906800987326,3508,37.533884267041984,39.01153915900513
54,312,success,,14.136000000000001,14.136000000000001,35.994741363450885,25425,3535,47.529017359475574,3535,60.58274442509767,59.78905349066303
54,620,success,,14.136000000000001,14.136000000000001,46.121792605146766,32509,3535,28.42874160614919,3535,48.078075368545456,49.044080610519686
54,622,success,,14.136000000000001,14.136000000000001,50.47652286477387,35560,3535,31.278906141525663,3535,49.167405646587085,51.57554261709501
54,778,success,,14.136000000000001,14.136000000000001,41.839168010279536,29591,3535,38.90201669751561,3535,51.776939628536326,52.11281747960652
54,1088,success,,14.14,14.14,46.69873262010515,32901,3536,35.607595598939604,3536,57.67077544733219,58.39024110855079
54,1244,failed,integration error: model derivative became non-finite,14.028,3.2950536285227656,25.892911491915584,18488,0,,0,,
55,2,success,,14.176,14.176,143.50507224537432,52956,3545,56.79286088875542,3545,69.54973398897407,69.49687921431722
55,3,success,,14.176,14.176,136.03182218037546,50750,3545,52.481438386330026,3545,59.795851872562835,59.691081873511564
55,4,success,,14.068,14.068,178.692337019369,65972,3518,24.964015269425275,3518,36.19783481045069,36.2080977171631
55,312,success,,14.176,14.176,154.37524486333132,57494,3545,33.949894994690865,3545,47.8073663194326,47.70694894221943
55,620,success,,14.176,14.176,190.9405656484887,69834,3545,25.51739831953892,3545,48.130605494939864,48.121522038803455
55,622,success,,14.176,14.176,187.72882260382175,69609,3545,31.54795209404595,3545,48.864386305876984,48.84133919949207
55,778,success,,14.176,14.176,141.52763689216226,52764,3545,57.338017684471026,3545,67.72042245598062,67.6683435517738
55,1088,success,,14.18,14.18,140.7731330683455,51809,3546,69.61655388036836,3546,83.32332567274834,83.2492101282435
55,1244,success,,14.068,14.068,135.17969251889735,50576,3518,102.67654617040583,3518,108.62806001136182,108.62433977420916
56,2,success,,14.176,14.176,135.20715297944844,51219,3545,78.63290214728079,3545,85.27353410310113,85.27438079531268
56,3,success,,14.176,14.176,131.2402303777635,49798,3545,65.85832667531145,3545,72.06626515242408,72.06336282247867
56,4,success,,14.068,14.068,179.5803103223443,67872,3518,28.710697900700985,3518,39.12859762819814,39.115301752289845
56,312,success,,14.176,14.176,157.49492017552257,61020,3545,35.721548151732584,3545,49.05942166021359,49.05650007424175
56,620,success,,14.176,14.176,167.07362348400056,62674,3545,29.347374679414727,3545,48.72806634265529,48.68349493543031
56,622,success,,14.176,14.176,188.811696248129,71582,3545,33.45546245659969,3545,49.28223767339259,49.21598709117766
56,778,success,,14.176,14.176,131.28140779957175,50738,3545,93.85818379220123,3545,99.46187288303204,99.43121022599604
56,1088,success,,14.18,14.18,125.0887580793351,47387,3546,115.22444383178332,3546,123.66647751636633,123.57041210687903
56,1244,failed,integration error: model derivative became non-finite,14.068,6.138036354710291,85.56227936781943,32572,0,,0,,
57,2,success,,14.176,14.176,92.27490139193833,35236,3545,151.69553458675287,3545,157.19474397535237,157.13935841714476
57,3,success,,14.176,14.176,101.91108854301274,38999,3545,127.69332348134289,3545,131.70601474060214,131.6200050933308
57,4,success,,14.068,14.068,105.7279131822288,40139,3518,140.32847378922278,3518,143.55171372817188,143.56613175470756
57,312,success,,14.176,14.176,133.8970974739641,51292,3545,98.9487215547821,3545,104.27244593796394,104.2120058596508
57,620,success,,14.176,14.176,102.13402557000518,38420,3545,147.56492723849973,3545,152.64189779965162,152.5920944844435
57,622,success,,14.176,14.176,131.12045462802052,49633,3545,113.03747355272407,3545,118.76983951526074,118.7100372155399
57,778,success,,14.176,14.176,88.38921838440001,33845,3545,154.40682884173313,3545,156.71720027524825,156.70414934144836
57,1088,success,,14.18,14.18,95.90351567976177,36351,3546,147.87401733289764,3546,154.8530202695494,154.84720686248053
57,1244,success,,14.068,14.068,77.48792734369636,29442,3518,170.67114758493543,3518,174.77712803153054,174.72386546968792
58,2,success,,14.156,14.156,160.09795094653964,50815,3540,48.21504356384617,3540,61.224121083216936,61.0970631931351
58,3,success,,14.156,14.156,145.3179026916623,46456,3540,75.0590867541852,3540,80.55259834017274,80.42348314180305
58,4,success,,14.048,14.048,178.37882070988417,64224,3513,30.67504481566976,3513,40.64519677281899,40.67069884449216
58,312,success,,14.156,14.156,183.9347842913121,58539,3540,41.169749279117205,3540,52.31810237442516,52.31911435767242
58,620,success,,14.156,14.156,201.4965703226626,63937,3540,29.020054599795028,3540,49.57353041275601,49.52698944248749
58,622,success,,14.156,14.156,170.3257909733802,54059,3540,43.83256858740489,3540,56.84826884018932,56.840087789617726
58,778,success,,14.156,14.156,125.63290899805725,45089,3540,52.525882612997016,3540,61.66799088429404,61.607448404064804
58,1088,success,,14.16,14.16,181.78485016711056,57416,3541,40.93388757322471,3541,62.081254534291176,62.08292536099269
58,1244,failed,integration error: model derivative became non-finite,14.048,8.944873005967404,157.43368338420987,49092,0,,0,,
59,2,success,,14.156,14.156,133.7060749474913,50281,3540,48.196942185862184,3540,61.08880448702182,60.95311935021761
59,3,failed,integration error: model derivative became non-finite,14.156,14.14252175516832,136.16503169201314,51375,0,,0,,
59,4,success,,14.048,14.048,169.5648526046425,63848,3513,33.99692352690533,3513,43.068664168229354,43.14243500295071
59,312,success,,14.156,14.156,147.46054198406637,55656,3540,55.799684761898284,3540,65.03756174005991,64.354780056619
59,620,success,,14.156,14.156,168.12846352346241,62775,3540,32.130145291530255,3540,51.5383980860375,51.52837456723358
59,622,success,,14.156,14.156,138.29685839265585,51884,3540,44.872970994461404,3540,57.694400129169274,57.63578774254613
59,778,success,,14.156,14.156,122.18862403929234,46278,3540,53.29205069743125,3540,62.062692499154565,61.93002169401184
59,1088,success,,14.16,14.16,146.93245380744338,55109,3541,48.79159271475937,3541,67.29417079823597,67.13774053753659
59,1244,failed,integration error: model derivative became non-finite,14.048,7.490036618589251,112.51119318045676,42718,0,,0,,
60,2,success,,14.156,14.156,121.80350693129003,46071,3540,87.94162470696422,3540,95.71144457691561,95.61536773735317
60,3,success,,14.156,14.156,118.39231810159981,44747,3540,93.56076383004915,3540,99.30054902769169,99.2405158826694
60,4,success,,14.048,14.048,120.22921389900148,45562,3513,97.2831270980257,3513,101.04448107395251,101.07681385399
60,312,success,,14.156,14.156,136.42558959126472,51793,3540,86.32128842732602,3540,93.47518447090789,93.39118310821779
60,620,success,,14.156,14.156,125.2010867036879,47057,3540,91.61884649807106,3540,98.93017357688565,98.96699974272319
60,622,success,,14.156,14.156,123.23333591781557,46559,3540,86.34199581373723,3540,95.1688791817472,95.17591219353879
60,778,success,,14.156,14.156,104.33622116781771,39532,3540,87.0045539227476,3540,93.13268450312745,93.00141092720644
60,1088,success,,14.16,14.16,134.58861593529582,50771,3541,81.7747281031865,3541,92.9119127024763,92.88438382044619
60,1244,failed,integration error: model derivative became non-finite,14.048,3.677575347904798,70.66925401985645,26685,0,,0,,
61,2,success,,14.096,14.096,87.22007457539439,34301,3525,50.55074291590169,3525,64.91502403056354,66.58174733135009
61,3,failed,integration error: model derivative became non-finite,14.096,3.1326884056089397,52.389854215085506,20642,0,,0,,
61,4,success,,13.988,13.988,95.19442675076425,37431,3498,23.823711977928244,3498,34.30845162881955,38.62905819140381
61,312,success,,14.096,14.096,87.418621648103,33851,3525,42.806008519865586,3525,53.647070735330935,54.07692081337215
61,620,success,,14.096,14.096,93.61097769252956,36400,3525,36.53292058888682,3525,54.950822080390495,57.451201840170675
61,622,success,,14.096,14.096,98.3644133452326,38463,3525,24.955877775038196,3525,43.75231757895904,47.870302675708906
61,778,success,,14.096,14.096,87.78217859379947,34041,3525,44.919254459053654,3525,56.05748808559023,56.93666879759525
61,1088,success,,14.1,14.1,83.84182146377861,32658,3526,35.99964643116747,3526,59.62730493115943,58.73798643338693
61,1244,success,,13.988,13.988,68.28645038232207,26311,3498,74.02798863054174,3498,83.99429723020783,81.00209620864028
62,2,success,,14.096,14.096,93.93977847881615,34401,3525,48.1692418780539,3525,63.01089692255442,64.64899032882182
62,3,failed,integration error: model derivative became non-finite,14.096,3.1235629752979217,61.54065763019025,22800,0,,0,,
62,4,success,,13.988,13.988,100.33895946852863,37778,3498,23.48789936007877,3498,34.934257499029634,39.12223974149699
62,312,success,,14.096,14.096,95.46859927661717,34950,3525,42.125908400955836,3525,54.82222555589865,55.12080716957131
62,620,success,,14.096,14.096,99.45886435359716,36266,3525,34.834548618858236,3525,53.357069480768324,56.60330232912013
62,622,success,,14.096,14.096,105.76039228215814,38583,3525,24.65422670943966,3525,43.82384216887252,47.6555306133418
62,778,success,,14.096,14.096,96.29978778585792,35394,3525,42.30080366910324,3525,55.214969981688064,56.94507684850025
62,1088,failed,integration error: model derivative became non-finite,14.1,13.267791584730979,127.39159556478262,46519,0,,0,,
62,1244,success,,13.988,13.988,73.94663463532925,27108,3498,72.08933553814528,3498,83.25543216531365,80.72254617708202
63,2,success,,14.096,14.096,122.12799063324928,38342,3525,35.10448451152721,3525,52.5406790406897,56.76531662884542
63,3,failed,integration error: model derivative became non-finite,14.096,3.6981500620290912,72.57485257089138,22730,0,,0,,
63,4,success,,13.988,13.988,126.35851554386318,39356,3498,22.65402081158886,3498,34.450677662403166,39.483253629123915
63,312,success,,14.096,14.096,129.953591985628,39493,3525,39.64160550913551,3525,50.2305757703735,55.008474884699964
63,620,success,,14.096,14.096,122.39447581768036,38085,3525,30.117180424235286,3525,49.684564014188,53.81534897370303
63,622,success,,14.096,14.096,127.3021283801645,39676,3525,23.477329298694798,3525,44.778666993497666,48.8462191662259
63,778,success,,14.096,14.096,111.45964501611888,35114,3525,33.279112835296836,3525,47.35404816092178,48.662228687238574
63,1088,success,,14.1,14.1,111.83000426180661,34757,3526,36.581843466080734,3526,57.60193169741887,57.266306997675755
63,1244,success,,13.988,13.988,128.26918002776802,40157,3498,65.65218619116504,3498,76.2244064267728,80.52870626432664
64,2,failed,integration error: model derivative became non-finite,14.168000000000001,4.734240846865008,142.23097897320986,34290,0,,0,,
64,3,failed,integration error: model derivative became non-finite,14.168000000000001,4.918282053482555,136.36195569299161,32964,0,,0,,
64,4,failed,integration error: model derivative became non-finite,14.06,14.058044499421433,344.55350076779723,76952,0,,0,,
64,312,failed,integration error: model derivative became non-finite,14.168000000000001,8.859693895350247,210.08428317308426,50683,0,,0,,
64,620,failed,integration error: model derivative became non-finite,14.168000000000001,11.444153069623304,260.98779860138893,61373,0,,0,,
64,622,failed,integration error: model derivative became non-finite,14.168000000000001,7.0172627666036576,192.83148426562548,43712,0,,0,,
64,778,failed,integration error: model derivative became non-finite,14.168000000000001,6.312659040640512,169.43991829641163,40772,0,,0,,
64,1088,failed,integration error: model derivative became non-finite,14.172,6.301457061654858,184.43686680309474,41047,0,,0,,
64,1244,failed,integration error: model derivative became non-finite,14.06,2.844297668071094,108.45013837702572,26193,0,,0,,
65,2,failed,integration error: model derivative became non-finite,14.168000000000001,3.9257326408314013,174.43969424813986,40014,0,,0,,
65,3,failed,integration error: model derivative became non-finite,14.168000000000001,4.361631476839266,173.91553205624223,40026,0,,0,,
65,4,failed,integration error: model derivative became non-finite,14.06,7.982019318356105,171.43758660927415,39145,0,,0,,
65,312,failed,integration error: model derivative became non-finite,14.168000000000001,7.808534644482418,235.54681381955743,54830,0,,0,,
65,620,failed,integration error: model derivative became non-finite,14.168000000000001,12.495833561251123,354.08601333014667,81330,0,,0,,
65,622,failed,integration error: model derivative became non-finite,14.168000000000001,6.150916969374565,212.60794842243195,48890,0,,0,,
65,778,failed,integration error: model derivative became non-finite,14.168000000000001,6.007123533462819,208.27497608028352,48386,0,,0,,
65,1088,failed,integration error: model derivative became non-finite,14.172,5.691568739039058,195.05700007639825,45006,0,,0,,
65,1244,failed,integration error: model derivative became non-finite,14.06,2.290315442074183,142.26491282507777,32652,0,,0,,
66,2,failed,integration error: model derivative became non-finite,14.168000000000001,0.11787021140000761,62.578504333272576,13925,0,,0,,
66,3,failed,integration error: model derivative became non-finite,14.168000000000001,0.18834629478085635,63.201879385858774,14131,0,,0,,
66,4,success,,14.06,14.06,129.57587468251586,28758,3516,139.42159894879634,3516,142.79419600531497,142.82451107720703
66,312,success,,14.168000000000001,14.168000000000001,144.20518662035465,32819,3543,135.05664729819816,3543,139.05120401023953,139.0817855034669
66,620,failed,integration error: model derivative became non-finite,14.168000000000001,0.1547248206064132,63.210785979405046,13954,0,,0,,
66,622,success,,14.168000000000001,14.168000000000001,133.69315505214036,29663,3543,141.0789442473975,3543,146.7545231050841,146.74345080919142
66,778,failed,integration error: model derivative became non-finite,14.168000000000001,0.14026517564213545,61.35430749692023,13962,0,,0,,
66,1088,failed,integration error: model derivative became non-finite,14.172,0.2791055703466106,63.3995520863682,14109,0,,0,,
66,1244,failed,integration error: model derivative became non-finite,14.06,0.1712986420415078,62.78882627375424,14074,0,,0,,
67,2,success,,14.14,14.14,212.7479866128415,51176,3536,59.35397037527504,3536,70.8056898996112,70.71501463876191
67,3,success,,14.14,14.14,333.45388086512685,80301,3536,43.45647599949326,3536,53.35416677248279,53.14519340835764
67,4,success,,14.032,14.032,423.8101861998439,102535,3509,16.782816391205106,3509,31.719137683837417,31.752913831749332
67,312,success,,14.14,14.14,338.04174720309675,81673,3536,41.49200174297328,3536,53.34759609717504,53.24546884609525
67,620,success,,14.14,14.14,348.85018311813474,83358,3536,18.789419726174792,3536,44.32733887081784,44.29332983299227
67,622,success,,14.14,14.14,350.48583567887545,84888,3536,29.615289389270224,3536,46.19667584422423,46.14215227222011
67,778,success,,14.14,14.14,223.02774857357144,53945,3536,52.998313641206344,3536,62.53945170416366,62.429669379651514
67,1088,success,,14.144,14.144,216.02430145442486,52310,3537,57.118305502546825,3537,73.40996760344082,73.27436213543909
67,1244,success,,14.032,14.032,303.42522931471467,73495,3509,59.758499280460285,3509,68.60448495815064,68.58630853381476
68,2,success,,14.14,14.14,212.1954401601106,52425,3536,69.37047878123553,3536,79.02560107288664,78.8619521424125
68,3,success,,14.14,14.14,340.80639671720564,84097,3536,42.80574990321259,3536,52.438841007056205,52.41062552106741
68,4,success,,14.032,14.032,403.3393731433898,102746,3509,18.386625690529474,3509,32.38117087465059,32.37455962239696
68,312,success,,14.14,14.14,320.0076957680285,78716,3536,44.83298829317931,3536,56.35055780792243,56.252802111688034
68,620,success,,14.14,14.14,315.9140383116901,78348,3536,19.512366561454513,3536,44.553196008482686,44.555426994427826
68,622,success,,14.14,14.14,367.1979623064399,93416,3536,28.63094702911895,3536,46.581740929861205,46.61954240126037
68,778,success,,14.14,14.14,234.69104482233524,58074,3536,58.39000722562791,3536,66.33813318123269,66.27825415204485
68,1088,success,,14.144,14.144,203.29883513227105,51635,3537,64.43606078250248,3537,78.56475920638769,78.48109997356084
68,1244,success,,14.032,14.032,337.6967713665217,83265,3509,50.923102063140675,3509,61.75082308880511,61.804209317107876
69,2,success,,14.14,14.14,213.24500591307878,49634,3536,120.48301149262102,3536,124.81092724600984,124.79662866924238
69,3,success,,14.14,14.14,310.1211826298386,71385,3536,56.511617910641476,3536,63.477586215195544,63.461198756064185
69,4,success,,14.032,14.032,277.40311877429485,63062,3509,39.58402221371196,3509,47.46804800208014,47.44519706352918
69,312,success,,14.14,14.14,236.3356441296637,54929,3536,87.94463508279392,3536,93.61133598013919,93.45836815106342
69,620,success,,14.14,14.14,286.5420126244426,65754,3536,59.083277132424364,3536,71.13661208433025,70.95063037097654
69,622,success,,14.14,14.14,292.4558748565614,66527,3536,61.11174274164722,3536,71.30370879029434,71.25516217846825
69,778,success,,14.14,14.14,212.10726226493716,48782,3536,97.51208583354156,3536,104.67577658679554,104.20568283155916
69,1088,success,,14.144,14.144,202.62427423149347,46071,3537,120.45710690798546,3537,126.46307520181095,126.34422713154662
69,1244,success,,14.032,14.032,230.71515482105315,53127,3509,85.28422283402504,3509,94.75768096320398,94.60571054860394
70,2,success,,14.056000000000001,14.056000000000001,173.36059171147645,33485,3515,28.874207071153187,3515,46.79715377468893,46.41276546509217
70,3,success,,14.056000000000001,14.056000000000001,174.02694511972368,33118,3515,50.28042224594914,3515,59.63940671706801,57.42302762558113
70,4,success,,13.948,13.948,200.65588240977377,39457,3488,21.469639193409478,3488,34.712459153337946,37.42303689939045
70,312,failed,integration error: model derivative became non-finite,14.056000000000001,7.772016683346412,168.1383722703904,32308,0,,0,,
70,620,success,,14.056000000000001,14.056000000000001,181.62997494637966,35129,3515,44.19248459978195,3515,58.49288644939697,57.48285419583669
70,622,failed,integration error: model derivative became non-finite,14.056000000000001,5.436873810840733,141.47942616511136,27486,0,,0,,
70,778,success,,14.056000000000001,14.056000000000001,190.60607161186635,35061,3515,38.91758592924604,3515,54.39200563772224,53.57593287095045
70,1088,success,,14.06,14.06,188.05197764839977,36063,3516,35.577137959927775,3516,60.74680278256445,61.831040212373715
70,1244,failed,integration error: model derivative became non-finite,13.948,4.52146573703473,127.76706397440284,23888,0,,0,,
71,2,success,,14.056000000000001,14.056000000000001,176.6961923306808,33923,3515,29.766670958334686,3515,48.01264738420454,47.31123461368668
71,3,success,,14.056000000000001,14.056000000000001,177.41320271231234,33427,3515,50.032520864997785,3515,60.56678465743015,58.474397468636965
71,4,success,,13.948,13.948,200.25886727776378,38556,3488,21.748602838960014,3488,34.85835979919915,37.600721100543424
71,312,failed,integration error: model derivative became non-finite,14.056000000000001,5.868354618782439,147.70579364988953,29294,0,,0,,
71,620,success,,14.056000000000001,14.056000000000001,182.27335621975362,35000,3515,43.182898778749774,3515,58.17668535919149,56.82523909874071
71,622,failed,integration error: model derivative became non-finite,14.056000000000001,5.279911907693438,145.55530969798565,28067,0,,0,,
71,778,success,,14.056000000000001,14.056000000000001,190.17003196291625,34877,3515,39.586472309664536,3515,54.53585289117877,53.49824742737977
71,1088,success,,14.06,14.06,194.30425241589546,37198,3516,34.817179827136705,3516,59.538617194080174,60.3069827347181
71,1244,failed,integration error: model derivative became non-finite,13.948,4.5487143844765425,130.74128802213818,24400,0,,0,,
72,2,success,,14.056000000000001,14.056000000000001,135.59239917248487,32568,3515,34.79548423043509,3515,50.51487924490518,49.809913853281145
72,3,success,,14.056000000000001,14.056000000000001,145.71375120058656,35104,3515,38.11267102453668,3515,46.754521047327714,46.22743641443906
72,4,success,,13.948,13.948,174.45973508432508,42012,3488,16.394761794644065,3488,31.923199198053208,36.18987420708597
72,312,failed,integration error: model derivative became non-finite,14.056000000000001,6.832464903403041,137.9395145419985,33178,0,,0,,
72,620,success,,14.056000000000001,14.056000000000001,153.8735177014023,36692,3515,29.779116265221237,3515,50.55296955330099,50.91945524138342
72,622,failed,integration error: model derivative became non-finite,14.056000000000001,6.242215999773047,130.67255534045398,31420,0,,0,,
72,778,success,,14.056000000000001,14.056000000000001,139.96059958077967,33557,3515,38.19668819966805,3515,51.28568020193924,50.78769275198283
72,1088,failed,integration error: model derivative became non-finite,14.06,10.01888267328737,181.06655979156494,43555,0,,0,,
72,1244,failed,integration error: model derivative became non-finite,13.948,3.548133484061495,93.05261489003897,22435,0,,0,,
73,2,success,,14.192,14.192,33.92761247046292,33448,3549,68.75042008485643,3549,78.48042139697515,78.47779481350754
73,3,success,,14.192,14.192,31.682653760537505,31394,3549,56.39358404251601,3549,63.55671951366162,63.52870383800165
73,4,success,,14.084,14.084,24.229019228368998,23839,3522,14.741507430505749,3522,30.553984717603612,30.546274593633232
73,312,success,,14.192,14.192,29.34542234055698,29047,3549,42.30370299477644,3549,52.85980966118272,52.852862632601706
73,620,success,,14.192,14.192,25.46068306453526,24728,3549,16.126038653303684,3549,43.38116927945379,43.37759480590962
73,622,success,,14.192,14.192,33.1604951005429,32531,3549,62.59966831015079,3549,70.70379927201373,70.70290559631623
73,778,success,,14.192,14.192,30.530448539182544,30220,3549,49.29400526404716,3549,60.70571853891832,60.70683167441592
73,1088,success,,14.196,14.196,34.218520522117615,33348,3550,66.45653648321738,3550,80.18192439346349,80.18312079367891
73,1244,success,,14.084,14.084,31.876943146809936,31581,3522,56.40317994774824,3522,67.01568496176145,67.01445276045295
74,2,success,,14.192,14.192,41.95386265218258,33481,3549,69.30560717135995,3549,79.51484310758892,79.52019677561341
74,3,success,,14.192,14.192,36.7682833019644,31548,3549,56.61750719392692,3549,64.25258885172106,64.2537842673144
74,4,success,,14.084,14.084,29.34178949519992,23487,3522,14.400254120728325,3522,31.41165952690878,31.410772176676517
74,312,success,,14.192,14.192,34.95069655403495,28988,3549,41.89457716512371,3549,55.04221208910223,55.046580725953355
74,620,success,,14.192,14.192,30.66147300414741,23696,3549,15.75348264245976,3549,43.031169261983344,43.033273790558745
74,622,success,,14.192,14.192,40.83723748847842,32304,3549,63.08567325549208,3549,73.78817680140854,73.77661129040357
74,778,success,,14.192,14.192,32.23761606216431,30120,3549,49.0910808636906,3549,59.60746822096706,59.589736055826314
74,1088,success,,14.196,14.196,42.53524183295667,33195,3550,67.0912739472877,3550,81.25944616113844,81.24519612280665
74,1244,success,,14.084,14.084,33.144200056791306,31160,3522,56.61378906053214,3522,67.00714333798359,66.97854301720035
75,2,success,,14.192,14.192,33.779613856226206,32846,3549,80.38478378901421,3549,90.56889122601149,90.5450555568365
75,3,success,,14.192,14.192,31.596024818718433,30846,3549,63.68058868172439,3549,69.03073801123917,69.02075903270418
75,4,success,,14.084,14.084,23.95967683941126,22343,3522,11.701630129475351,3522,29.47668147601824,29.470726150474544
75,312,success,,14.192,14.192,28.29006570018828,27588,3549,38.15287346464519,3549,53.04345795928039,53.02017659753399
75,620,success,,14.192,14.192,24.125644138082862,23032,3549,12.663765691357908,3549,41.626744216380345,41.62555281589389
75,622,success,,14.192,14.192,33.902197152376175,32014,3549,73.27162048264475,3549,83.40063442491291,83.392701485227
75,778,success,,14.192,14.192,30.0283522605896,29320,3549,48.58232559044723,3549,58.84111763508093,58.83065262981744
75,1088,success,,14.196,14.196,35.1502973921597,32690,3550,78.62243703972652,3550,91.11683614020833,91.09641456824693
75,1244,success,,14.084,14.084,31.792850883677602,30930,3522,63.6110264263212,3522,73.23647057485198,73.22214017052967
76,2,success,,14.188,14.188,37.29202286712825,30767,3548,69.03653226205664,3548,78.90073173875854,78.86085287414977
76,3,success,,14.188,14.188,35.202914386987686,28208,3548,55.14178623130072,3548,63.26905889737523,63.25603627774912
76,4,success,,14.08,14.08,27.819742424413562,22964,3521,16.237689957027452,3521,31.52218350701351,31.511619198646827
76,312,success,,14.188,14.188,32.757771749049425,26425,3548,42.69720879951528,3548,53.75693076610453,53.74713477561525
76,620,success,,14.188,14.188,23.527503384277225,21419,3548,11.297462812360346,3548,41.413797374990885,41.4101916104245
76,622,success,,14.188,14.188,31.251611474901438,29684,3548,62.44258063658408,3548,72.2149681672115,72.20305845198803
76,778,success,,14.188,14.188,33.57139283232391,26785,3548,45.38795752654902,3548,57.8407500592891,57.81334589538325
76,1088,success,,14.192,14.192,31.93554413318634,30195,3549,64.03882895456961,3549,79.11009460955736,79.1012635596582
76,1244,success,,14.08,14.08,35.30329620838165,27883,3521,52.648146809481,3521,64.71945213837368,64.69087815414439
77,2,success,,14.188,14.188,31.661248648539186,30303,3548,69.41985049107309,3548,80.13035127203685,80.11713489355743
77,3,success,,14.188,14.188,30.019315356388688,28450,3548,55.43516788695241,3548,62.327226895363694,62.31098761426178
77,4,success,,14.08,14.08,23.29073025472462,22350,3521,16.117473287159186,3521,31.625175484086782,31.617814138726395
77,312,success,,14.188,14.188,27.832649800926447,26457,3548,42.57404368631011,3548,54.34670113236593,54.32193559772991
77,620,success,,14.188,14.188,23.01952421478927,21497,3548,11.175972716467127,3548,41.200987379436675,41.1903067476547
77,622,success,,14.188,14.188,31.06975426711142,29349,3548,62.884779361411546,3548,73.67831516128844,73.66134916027426
77,778,success,,14.188,14.188,27.874271169304848,26470,3548,45.24813869058101,3548,56.82210101998474,56.79385959162466
77,1088,success,,14.192,14.192,30.901389745995402,29667,3549,64.49019569133978,3549,78.76024040285536,78.73405753833863
77,1244,success,,14.08,14.08,29.73243109881878,28174,3521,52.901950982707845,3521,63.14097948801159,63.14896656052272
78,2,success,,14.188,14.188,37.669592121616006,30721,3548,73.85454577778097,3548,83.08170723089077,83.04394957747368
78,3,success,,14.188,14.188,30.132732320576906,28181,3548,60.70758977412396,3548,66.86750931903596,66.85597196310614
78,4,success,,14.08,14.08,26.84696019999683,21737,3521,16.22986174935882,3521,31.90930739986037,31.9102879041536
78,312,success,,14.188,14.188,28.57072133012116,25548,3548,43.58672886562036,3548,56.27028795511246,56.270625721123814
78,620,success,,14.188,14.188,25.265803469344974,20118,3548,10.923258716889162,3548,41.21057520144584,41.20648541063747
78,622,success,,14.188,14.188,36.43347986228764,29351,3548,68.30039974576819,3548,77.28897597604784,77.27852777153433
78,778,success,,14.188,14.188,27.100421426817775,26026,3548,46.671579639404044,3548,55.60281695366134,55.61446774981304
78,1088,success,,14.192,14.192,36.767482748255134,29733,3549,69.899121510094,3549,83.2225137736119,83.20051769421606
78,1244,success,,14.08,14.08,28.811023861169815,27335,3521,57.69134781035292,3521,68.02322814431736,67.96540564499793
79,2,success,,14.176,14.176,18.02089609578252,17543,3545,58.114755869906205,3545,69.59254931451967,69.48859274152434
79,3,success,,14.176,14.176,16.48341516777873,16071,3545,39.736437507913465,3545,49.671489559049085,49.452724614009824
79,4,success,,14.068,14.068,13.74617638066411,13399,3518,7.432113292805275,3518,27.903920133900492,27.887064014352287
79,312,success,,14.176,14.176,16.13538323715329,15615,3545,26.341129499404634,3545,42.82673303193213,42.83896290243861
79,620,success,,14.176,14.176,13.132042141631246,12493,3545,4.13020110098431,3545,40.10156186500223,40.07537679009273
79,622,success,,14.176,14.176,17.73682552948594,17096,3545,45.40545488335596,3545,58.73721316278049,58.800254684918656
79,778,success,,14.176,14.176,16.886787194758654,16344,3545,35.500499566824416,3545,48.36649910922294,48.32262896263599
79,1088,success,,14.18,14.18,17.059665467590094,16542,3546,38.04580633309599,3546,57.362464784448356,57.51072947977763
79,1244,success,,14.068,14.068,17.528817569836974,17033,3518,52.79598206262479,3518,64.60585107248656,64.56552576695707
80,2,success,,14.176,14.176,18.280438708141446,17795,3545,58.223557771732445,3545,69.41635965170882,69.39938924183444
80,3,success,,14.176,14.176,16.48141618259251,16053,3545,39.933205356095534,3545,50.357668798834425,50.22867238474881
80,4,success,,14.068,14.068,13.444423524662852,13029,3518,7.475008884628501,3518,28.168756345428694,28.134790178117825
80,312,success,,14.176,14.176,15.995777934789658,15506,3545,26.403039938713494,3545,42.86344934054179,42.84818320099608
80,620,success,,14.176,14.176,12.371795006096363,11848,3545,4.125624018882763,3545,40.09955982229313,40.07993349659148
80,622,success,,14.176,14.176,17.582284715026617,17095,3545,45.69876097494114,3545,58.52847196533765,58.53294786534706
80,778,success,,14.176,14.176,16.720001788809896,16236,3545,35.54069215731325,3545,49.28038636950103,49.072216890358476
80,1088,success,,14.18,14.18,16.790478363633156,16201,3546,38.30195176656028,3546,57.99812227921622,57.94457981904939
80,1244,success,,14.068,14.068,17.51175389625132,17000,3518,53.10528615048597,3518,64.61359073747133,64.42760235383386
81,2,success,,14.176,14.176,19.46701972000301,18005,3545,58.52080350079746,3545,68.2352996250508,68.0690350751965
81,3,success,,14.176,14.176,21.159575268626213,17517,3545,40.63830064426825,3545,50.24516719920643,50.21676932048814
81,4,success,,14.068,14.068,15.014830693602562,13133,3518,7.628493109831184,3518,28.077861748555254,28.04552254450158
81,312,success,,14.176,14.176,19.756149750202894,15801,3545,25.990436916861906,3545,43.931663781152,43.904265508677234
81,620,success,,14.176,14.176,13.33123273588717,12288,3545,3.948047112027555,3545,39.995077173192094,39.966485888905325
81,622,success,,14.176,14.176,18.802875481545925,17729,3545,46.8618991693786,3545,60.939360199015304,61.01222600217496
81,778,success,,14.176,14.176,21.5264200437814,17141,3545,34.410484202465646,3545,48.490491254324375,48.43385182500536
81,1088,success,,14.18,14.18,18.281884409487247,16739,3546,39.08574903880415,3546,60.69100048136947,60.500284648529885
81,1244,success,,14.068,14.068,22.34839143976569,17808,3518,55.08557347052443,3518,66.01932298128902,65.77927939265221
82,2,success,,14.184000000000001,14.184000000000001,124.3812765609473,38454,3547,50.299089156332464,3547,62.66276065524185,62.6430377421273
82,3,success,,14.184000000000001,14.184000000000001,124.53822206519544,38538,3547,49.42321923150679,3547,58.347623009499216,58.32732346620547
82,4,success,,14.076,14.076,140.765769129619,42894,3520,49.16363382274838,3520,55.97792054579547,55.96851350396226
82,312,success,,14.184000000000001,14.184000000000001,129.43555767647922,39917,3547,50.61393697786868,3547,60.60453156232069,60.55291318972946
82,620,success,,14.184000000000001,14.184000000000001,167.28874147310853,51016,3547,44.05450200760986,3547,59.10850819959423,59.10654232289435
82,622,success,,14.184000000000001,14.184000000000001,128.12575498782098,38845,3547,49.94582963444695,3547,61.07655555789871,61.04302167461619
82,778,success,,14.184000000000001,14.184000000000001,126.38345874100924,38991,3547,52.553022923806765,3547,62.492245663777005,62.48715758595288
82,1088,success,,14.188,14.188,125.29493420571089,38582,3548,52.701754844035065,3548,68.11956579673947,68.11992854006087
82,1244,success,,14.076,14.076,124.34313989244401,38313,3520,52.38765731345275,3520,63.54248693136197,63.537806700051014
83,2,success,,14.184000000000001,14.184000000000001,125.33448287472129,38846,3547,50.048131758439915,3547,63.28889426810047,63.25439327418499
83,3,success,,14.184000000000001,14.184000000000001,126.33591022714972,39094,3547,49.54585586506243,3547,57.15208507574596,57.140058920018234
83,4,success,,14.076,14.076,135.1688045077026,41705,3520,49.1825146572443,3520,56.151924384655175,56.11599863720284
83,312,success,,14.184000000000001,14.184000000000001,129.5441947095096,39596,3547,50.43066947141691,3547,61.1312184488638,61.116987301313074
83,620,success,,14.184000000000001,14.184000000000001,165.9799621384591,50640,3547,44.58801898624915,3547,60.15063753171845,60.12269170196188
83,622,success,,14.184000000000001,14.184000000000001,128.45879364013672,39498,3547,49.87776732840173,3547,62.21332623333758,62.21380364459748
83,778,success,,14.184000000000001,14.184000000000001,128.51570688001812,39375,3547,52.52486359243943,3547,62.508857425655016,62.48859199446484
83,1088,success,,14.188,14.188,124.39672045968473,38289,3548,52.583433022840346,3548,69.7296437744604,69.69775897524521
83,1244,success,,14.076,14.076,121.92201676033437,37597,3520,52.4448336579142,3520,64.33052517519982,64.26069234463898
84,2,success,,14.184000000000001,14.184000000000001,115.35905096679926,34572,3547,51.303763555553765,3547,64.61974768413509,64.60359746749168
84,3,success,,14.184000000000001,14.184000000000001,116.29391591623425,34607,3547,51.08329221053135,3547,58.12378433930737,58.12163700834204
84,4,success,,14.076,14.076,141.2909672204405,38273,3520,50.389763432416636,3520,57.14395250452826,57.137644024880736
84,312,success,,14.184000000000001,14.184000000000001,117.20236909762025,35412,3547,51.70766103788607,3547,62.98573879453859,62.963496924913514
84,620,success,,14.184000000000001,14.184000000000001,146.56402695551515,43313,3547,48.27824109391119,3547,60.27804300207148,60.25810821195377
84,622,success,,14.184000000000001,14.184000000000001,118.67283299192786,35306,3547,51.480022842945935,3547,63.22330882291295,63.20014067947804
84,778,success,,14.184000000000001,14.184000000000001,116.71427436545491,35171,3547,54.06279389119791,3547,66.51979973495266,66.51936756736109
84,1088,success,,14.188,14.188,117.62340659089386,35057,3548,53.89473352759534,3548,69.95119358195085,69.95795593665771
84,1244,success,,14.076,14.076,113.6525564994663,34089,3520,53.036114907440975,3520,64.65586241850843,64.64535567860672
85,2,failed,integration error: model derivative became non-finite,14.172,4.682329821442569,95.95675087161362,29651,0,,0,,
85,3,failed,integration error: model derivative became non-finite,14.172,6.1302870652278,106.01344094611704,32841,0,,0,,
85,4,failed,integration error: model derivative became non-finite,14.064,5.779704227210643,120.19850095361471,36884,0,,0,,
85,312,failed,integration error: model derivative became non-finite,14.172,12.984549057391737,168.3969207443297,52440,0,,0,,
85,620,failed,integration error: model derivative became non-finite,14.172,6.613917570735032,127.2400972507894,38970,0,,0,,
85,622,failed,integration error: model derivative became non-finite,14.172,4.235023409399841,93.34223774075508,28655,0,,0,,
85,778,failed,integration error: model derivative became non-finite,14.172,4.352811768870945,91.67113333754241,28485,0,,0,,
85,1088,failed,integration error: model derivative became non-finite,14.176,4.776047472454119,95.62378289550543,29349,0,,0,,
85,1244,failed,integration error: model derivative became non-finite,14.064,0.7986563130478619,57.97618898563087,17982,0,,0,,
86,2,failed,integration error: model derivative became non-finite,14.172,5.178019059355348,104.79946785792708,30899,0,,0,,
86,3,failed,integration error: model derivative became non-finite,14.172,5.755015413643846,109.79695277288556,32474,0,,0,,
86,4,failed,integration error: model derivative became non-finite,14.064,5.959314249496844,124.6452610399574,36880,0,,0,,
86,312,failed,integration error: model derivative became non-finite,14.172,5.559830522961472,112.17746839858592,33111,0,,0,,
86,620,failed,integration error: model derivative became non-finite,14.172,7.5620004156866045,141.66083635948598,41601,0,,0,,
86,622,failed,integration error: model derivative became non-finite,14.172,5.480887505422223,107.2506740950048,31555,0,,0,,
86,778,failed,integration error: model derivative became non-finite,14.172,4.352062306251254,95.53425274603069,28297,0,,0,,
86,1088,failed,integration error: model derivative became non-finite,14.176,11.988000028530095,173.59337723627687,50695,0,,0,,
86,1244,failed,integration error: model derivative became non-finite,14.064,0.7875241048426526,60.81383186392486,17959,0,,0,,
87,2,failed,integration error: model derivative became non-finite,14.172,3.2355097787296137,80.59744970686734,24412,0,,0,,
87,3,failed,integration error: model derivative became non-finite,14.172,4.203266796187138,89.16004014573991,26979,0,,0,,
87,4,failed,integration error: model derivative became non-finite,14.064,4.5817958246830806,100.83677711896598,30408,0,,0,,
87,312,failed,integration error: model derivative became non-finite,14.172,3.6343266641066454,85.97387739270926,26395,0,,0,,
87,620,failed,integration error: model derivative became non-finite,14.172,5.798592650276469,115.12808090634644,34393,0,,0,,
87,622,failed,integration error: model derivative became non-finite,14.172,2.9998692084165337,77.2617525421083,23521,0,,0,,
87,778,failed,integration error: model derivative became non-finite,14.172,2.7393289243780146,75.6571918670088,23043,0,,0,,
87,1088,failed,integration error: model derivative became non-finite,14.176,2.5623938990968393,73.17564053088427,22303,0,,0,,
87,1244,failed,integration error: model derivative became non-finite,14.064,0.1891374315806341,52.08707303926349,15899,0,,0,,
88,2,failed,integration error: model derivative became non-finite,14.136000000000001,4.523565654659642,132.31868943944573,34422,0,,0,,
88,3,failed,integration error: model derivative became non-finite,14.136000000000001,4.382143734513327,133.27448336873204,34818,0,,0,,
88,4,success,,14.028,14.028,141.0093843191862,37724,3508,40.42605566614299,3508,49.47591086757364,56.09161010715964
88,312,failed,integration error: model derivative became non-finite,14.136000000000001,1.0341632766176416,112.66257356666028,30633,0,,0,,
88,620,success,,14.136000000000001,14.136000000000001,152.9002802670002,39181,3535,41.80770366737037,3535,60.83430224595929,66.13331285370697
88,622,success,,14.136000000000001,14.136000000000001,178.85801663435996,46099,3535,50.792888564834215,3535,63.78120512281917,72.87736184546546
88,778,failed,integration error: model derivative became non-finite,14.136000000000001,6.120073634329235,119.84911179635674,31307,0,,0,,
88,1088,success,,14.14,14.14,151.14303084928542,41688,3536,44.958436890767295,3536,64.67402943250627,70.99860047665909
88,1244,failed,integration error: model derivative became non-finite,14.028,1.7613132457745742,92.69145094696432,24239,0,,0,,
89,2,failed,integration error: model derivative became non-finite,14.136000000000001,4.556408432734129,111.57574891392142,28031,0,,0,,
89,3,failed,integration error: model derivative became non-finite,14.136000000000001,4.36838279761303,106.45076501742005,26663,0,,0,,
89,4,success,,14.028,14.028,151.10851288493723,38066,3508,40.14887059871317,3508,47.430167944759894,53.22872731435254
89,312,failed,integration error: model derivative became non-finite,14.136000000000001,1.0977780853736738,108.33176503051072,29748,0,,0,,
89,620,success,,14.136000000000001,14.136000000000001,155.48475950025022,38746,3535,41.52319667033815,3535,56.953492875463525,62.36982131941967
89,622,success,,14.136000000000001,14.136000000000001,185.94238173495978,46192,3535,50.59389109553615,3535,62.94602697972486,72.12532198697515
89,778,failed,integration error: model derivative became non-finite,14.136000000000001,5.594463178720892,119.20730945840478,30273,0,,0,,
89,1088,success,,14.14,14.14,170.02530929353088,42089,3536,44.62831532872777,3536,62.95591335327051,69.00298349579111
89,1244,failed,integration error: model derivative became non-finite,14.028,1.7486770477271996,93.53134136926383,24022,0,,0,,
90,2,failed,integration error: model derivative became non-finite,14.136000000000001,3.276511476522455,94.29305426869541,23665,0,,0,,
90,3,failed,integration error: model derivative became non-finite,14.136000000000001,3.7248786053616665,99.09246010519564,24927,0,,0,,
90,4,success,,14.028,14.028,152.4468402210623,38152,3508,34.61791348019895,3508,43.51437653702035,46.99326420009552
90,312,failed,integration error: model derivative became non-finite,14.136000000000001,1.3207495872591286,83.14856883697212,21407,0,,0,,
90,620,success,,14.136000000000001,14.136000000000001,155.36946096736938,39063,3535,35.683241802558705,3535,52.81497337140797,56.21711748033619
90,622,success,,14.136000000000001,14.136000000000001,181.66182334907353,45291,3535,43.799115707989536,3535,58.062893775355626,63.50942787777583
90,778,failed,integration error: model derivative became non-finite,14.136000000000001,4.422791638563248,98.89949711505324,25669,0,,0,,
90,1088,success,,14.14,14.14,166.1197776980698,41408,3536,37.84575754431959,3536,58.26855539240929,61.62204511886183
90,1244,failed,integration error: model derivative became non-finite,14.028,1.3632801120376015,87.63193645048887,22528,0,,0,,
91,2,failed,integration error: model derivative became non-finite,14.176,5.51052941683169,389.07064921967685,50681,0,,0,,
91,3,failed,integration error: model derivative became non-finite,14.176,8.615098632658228,528.6644183434546,65844,0,,0,,
91,4,failed,integration error: model derivative became non-finite,14.068,4.024306855170894,377.4706890024245,49047,0,,0,,
91,312,failed,integration error: model derivative became non-finite,14.176,7.415966138801049,561.8527450058609,62929,0,,0,,
91,620,failed,integration error: model derivative became non-finite,14.176,4.236663321175763,400.39512925967574,52076,0,,0,,
91,622,failed,integration error: model derivative became non-finite,14.176,8.891971508173075,517.8937283996493,67440,0,,0,,
91,778,failed,integration error: model derivative became non-finite,14.176,9.97386576660547,586.5585620123893,64990,0,,0,,
91,1088,failed,integration error: model derivative became non-finite,14.18,4.286721539488279,354.84991728141904,46151,0,,0,,
91,1244,failed,integration error: model derivative became non-finite,14.068,0.21035906123520431,290.0321965664625,31910,0,,0,,
92,2,failed,integration error: model derivative became non-finite,14.176,5.670297680696242,368.52287621051073,48124,0,,0,,
92,3,failed,integration error: model derivative became non-finite,14.176,7.807782009870338,391.5621940083802,51181,0,,0,,
92,4,failed,integration error: model derivative became non-finite,14.068,4.067572451957994,324.4897243976593,42090,0,,0,,
92,312,failed,integration error: model derivative became non-finite,14.176,7.717701623582511,407.44306444749236,53313,0,,0,,
92,620,failed,integration error: model derivative became non-finite,14.176,4.146447868265281,339.57751170918345,44017,0,,0,,
92,622,failed,integration error: model derivative became non-finite,14.176,8.882696833898322,470.88778178207576,61204,0,,0,,
92,778,failed,integration error: model derivative became non-finite,14.176,8.457322908171626,450.17497860081494,59317,0,,0,,
92,1088,failed,integration error: model derivative became non-finite,14.18,4.2961019958203766,295.3009881731123,38159,0,,0,,
92,1244,failed,integration error: model derivative became non-finite,14.068,0.2019671573458746,230.56930995732546,30435,0,,0,,
93,2,failed,integration error: model derivative became non-finite,14.176,0.10831235182493748,189.1696075834334,24634,0,,0,,
93,3,failed,integration error: model derivative became non-finite,14.176,0.1077944942055312,198.69234315492213,25715,0,,0,,
93,4,failed,integration error: model derivative became non-finite,14.068,0.096974435816823,191.24844498932362,24728,0,,0,,
93,312,failed,integration error: model derivative became non-finite,14.176,0.25818430818762556,197.1544855106622,25404,0,,0,,
93,620,failed,integration error: model derivative became non-finite,14.176,0.08941029440588476,194.40144376084208,25065,0,,0,,
93,622,failed,integration error: model derivative became non-finite,14.176,0.29505711376664556,200.20509572699666,25776,0,,0,,
93,778,failed,integration error: model derivative became non-finite,14.176,0.11437402388779244,191.2471328228712,24684,0,,0,,
93,1088,failed,integration error: model derivative became non-finite,14.18,0.09615633603989411,191.3732906896621,24812,0,,0,,
93,1244,failed,integration error: model derivative became non-finite,14.068,0.029559588182226808,189.40730483271182,24430,0,,0,,
94,2,failed,integration error: model derivative became non-finite,14.156,7.228780296213202,319.5655586235225,40332,0,,0,,
94,3,failed,integration error: model derivative became non-finite,14.156,5.100749279632293,253.4817139953375,32098,0,,0,,
94,4,failed,integration error: model derivative became non-finite,14.048,3.9991588880913254,282.6547478083521,35764,0,,0,,
94,312,failed,integration error: model derivative became non-finite,14.156,6.241640183179193,294.35206141509116,37300,0,,0,,
94,620,failed,integration error: model derivative became non-finite,14.156,5.918298996437832,341.1024957355112,42567,0,,0,,
94,622,success,,14.156,14.156,422.70382092893124,53374,3540,38.514132451682556,3540,53.07515780787969,52.96806701716236
94,778,success,,14.156,14.156,435.604147721082,55438,3540,35.07570534840952,3540,48.92239445890007,48.931566361534145
94,1088,success,,14.16,14.16,484.1367739792913,61350,3541,40.79914191377893,3541,60.60254337383869,60.67581089940291
94,1244,failed,integration error: model derivative became non-finite,14.048,0.49320338064350056,132.99135922826827,16872,0,,0,,
95,2,failed,integration error: model derivative became non-finite,14.156,6.853562116710765,302.06844280846417,39548,0,,0,,
95,3,failed,integration error: model derivative became non-finite,14.156,4.590309444415423,238.51952471397817,31286,0,,0,,
95,4,failed,integration error: model derivative became non-finite,14.048,4.020726863513246,277.8712197523564,36423,0,,0,,
95,312,success,,14.156,14.156,498.87626718729734,65108,3540,39.384094674808914,3540,52.34267977618393,52.31818222439642
95,620,failed,integration error: model derivative became non-finite,14.156,5.6981253641353495,324.635905103758,42264,0,,0,,
95,622,failed,integration error: model derivative became non-finite,14.156,13.190692184011786,499.89767889119685,65575,0,,0,,
95,778,success,,14.156,14.156,446.5413606017828,58395,3540,34.320984197240506,3540,48.48825993286393,48.504983696891706
95,1088,failed,integration error: model derivative became non-finite,14.16,7.8559605800378005,361.291103431955,47241,0,,0,,
95,1244,failed,integration error: model derivative became non-finite,14.048,0.4601514168156955,131.59787822514772,17334,0,,0,,
96,2,success,,14.156,14.156,395.40717308036983,51013,3540,34.22883630707199,3540,50.48874542507962,50.4817467089209
96,3,success,,14.156,14.156,428.4263562038541,55390,3540,33.500965999685086,3540,44.17303948378777,44.155802799767805
96,4,failed,integration error: model derivative became non-finite,14.048,1.083956518045929,158.10450622811913,20364,0,,0,,
96,312,success,,14.156,14.156,386.6206514984369,49985,3540,37.97607583903778,3540,50.71104015910633,50.66730464549146
96,620,success,,14.156,14.156,474.3228611648083,60616,3540,24.934068747408084,3540,46.96758412349657,46.97901248176337
96,622,success,,14.156,14.156,386.3692789003253,49297,3540,39.47720585809388,3540,54.424165854254774,54.3771278746423
96,778,success,,14.156,14.156,442.9419298302382,57008,3540,24.911298148872486,3540,43.147972285290116,43.152692921975316
96,1088,success,,14.16,14.16,443.85294329188764,57134,3541,29.70611727364809,3541,54.26423205684286,54.27028381767413
96,1244,failed,integration error: model derivative became non-finite,14.048,0.3763624368875668,129.06445093639195,16715,0,,0,,
97,2,failed,integration error: model derivative became non-finite,14.096,2.837979578554846,154.66793999634683,20321,0,,0,,
97,3,success,,14.096,14.096,266.72825301624835,35175,3525,30.35993060170407,3525,42.52431595760815,42.910556273032334
97,4,failed,integration error: model derivative became non-finite,13.988,4.194100919080515,197.69414616003633,25866,0,,0,,
97,312,failed,integration error: model derivative became non-finite,14.096,1.8913671135562051,149.7960604429245,19852,0,,0,,
97,620,failed,integration error: model derivative became non-finite,14.096,3.1373775673045277,164.6197167094797,21392,0,,0,,
97,622,failed,integration error: model derivative became non-finite,14.096,5.577766531355878,249.32991589978337,32495,0,,0,,
97,778,failed,integration error: model derivative became non-finite,14.096,2.8317995801953457,160.75033697672188,21302,0,,0,,
97,1088,failed,integration error: model derivative became non-finite,14.1,11.14809044787179,358.6714874058962,46826,0,,0,,
97,1244,failed,integration error: model derivative became non-finite,13.988,3.6741426313897803,194.0727083645761,25796,0,,0,,
98,2,failed,integration error: model derivative became non-finite,14.096,3.0342539692635846,158.52605000138283,20464,0,,0,,
98,3,success,,14.096,14.096,278.1110609509051,35900,3525,30.582000457260133,3525,43.4290407518972,43.954823084891025
98,4,failed,integration error: model derivative became non-finite,13.988,4.746161972180375,219.58739921078086,28105,0,,0,,
98,312,failed,integration error: model derivative became non-finite,14.096,2.258994130991989,153.62677979283035,19887,0,,0,,
98,620,failed,integration error: model derivative became non-finite,14.096,3.600409019529283,188.82323374040425,24117,0,,0,,
98,622,failed,integration error: model derivative became non-finite,14.096,6.9114730083627665,268.888863183558,34590,0,,0,,
98,778,failed,integration error: model derivative became non-finite,14.096,2.7106578711181135,193.63760246150196,25092,0,,0,,
98,1088,failed,integration error: model derivative became non-finite,14.1,10.229202476511242,324.2041860241443,41510,0,,0,,
98,1244,failed,integration error: model derivative became non-finite,13.988,6.252791950134702,242.2824703399092,31500,0,,0,,
99,2,failed,integration error: model derivative became non-finite,14.096,2.9809961611388154,151.83958377689123,20430,0,,0,,
99,3,success,,14.096,14.096,282.12401436828077,37874,3525,34.60440776018049,3525,45.876323049048274,46.23624203267473
99,4,failed,integration error: model derivative became non-finite,13.988,4.780508490723269,208.4799232687801,27924,0,,0,,
99,312,failed,integration error: model derivative became non-finite,14.096,2.922665578086887,171.84941584803164,22570,0,,0,,
99,620,failed,integration error: model derivative became non-finite,14.096,3.6273311430790534,167.74058078229427,22303,0,,0,,
99,622,success,,14.096,14.096,283.45340944081545,37657,3525,37.71394011389729,3525,53.14633233979002,53.750562442830216
99,778,failed,integration error: model derivative became non-finite,14.096,3.3734494357577174,163.1938386671245,21467,0,,0,,
99,1088,success,,14.1,14.1,268.55566932074726,35755,3526,41.35513653172575,3526,60.993717714566316,61.2114363057782
99,1244,failed,integration error: model derivative became non-finite,13.988,11.028671575454178,338.4881977252662,44918,0,,0,,
100,2,failed,integration error: model derivative became non-finite,14.168000000000001,6.958497974884926,1615.2663890384138,108428,0,,0,,
100,3,failed,integration error: model derivative became non-finite,14.168000000000001,6.65758331950756,1619.7393728904426,108930,0,,0,,
100,4,failed,integration error: model derivative became non-finite,14.06,3.3387104385976505,1354.045476084575,89408,0,,0,,
100,312,failed,integration error: model derivative became non-finite,14.168000000000001,3.086940212776643,1320.9994051679969,88019,0,,0,,
100,620,failed,integration error: simulation exceeded 1800 wall-clock seconds,14.168000000000001,10.081850491945074,1800.0010194219649,116972,0,,0,,
100,622,failed,integration error: model derivative became non-finite,14.168000000000001,4.262423559493497,1440.310615060851,93220,0,,0,,
100,778,failed,integration error: model derivative became non-finite,14.168000000000001,5.957922583581691,1594.9739810414612,105313,0,,0,,
100,1088,failed,integration error: model derivative became non-finite,14.172,5.51673271939781,1543.1434160917997,101412,0,,0,,
100,1244,failed,integration error: model derivative became non-finite,14.06,2.3455813638135923,1242.647381855175,82423,0,,0,,
101,2,failed,integration error: model derivative became non-finite,14.168000000000001,2.846766444386921,633.5397457294166,40942,0,,0,,
101,3,failed,integration error: model derivative became non-finite,14.168000000000001,3.155173652345712,448.2414172962308,28852,0,,0,,
101,4,failed,integration error: model derivative became non-finite,14.06,3.1668355354156934,628.3625780567527,40847,0,,0,,
101,312,failed,integration error: model derivative became non-finite,14.168000000000001,2.583951944098389,603.4605373367667,39063,0,,0,,
101,620,failed,integration error: model derivative became non-finite,14.168000000000001,8.904061721641833,1407.4488251749426,91037,0,,0,,
101,622,failed,integration error: model derivative became non-finite,14.168000000000001,3.310831393120754,469.17836250178516,30601,0,,0,,
101,778,failed,integration error: model derivative became non-finite,14.168000000000001,5.528392648098918,689.6964178103954,44541,0,,0,,
101,1088,failed,integration error: model derivative became non-finite,14.172,4.317693601711694,495.59697280079126,32368,0,,0,,
101,1244,failed,integration error: model derivative became non-finite,14.06,0.187790597345212,458.65412917360663,29406,0,,0,,
102,2,failed,integration error: model derivative became non-finite,14.168000000000001,0.015513502396214263,297.763188181445,20330,0,,0,,
102,3,failed,integration error: model derivative became non-finite,14.168000000000001,0.01876089724145945,253.71460076980293,17248,0,,0,,
102,4,failed,integration error: model derivative became non-finite,14.06,0.04395538195567146,303.7434459477663,20512,0,,0,,
102,312,failed,integration error: model derivative became non-finite,14.168000000000001,0.015092940977176911,294.5525335203856,20229,0,,0,,
102,620,failed,integration error: model derivative became non-finite,14.168000000000001,0.02868989266345037,256.9484976474196,17424,0,,0,,
102,622,failed,integration error: model derivative became non-finite,14.168000000000001,0.012851900907964559,301.9053247477859,20236,0,,0,,
102,778,failed,integration error: model derivative became non-finite,14.168000000000001,0.020379986939687785,297.41607623174787,20331,0,,0,,
102,1088,failed,integration error: model derivative became non-finite,14.172,0.023231601535000448,305.24089220725,20451,0,,0,,
102,1244,failed,integration error: model derivative became non-finite,14.06,0.02592659112694789,299.6479793190956,20392,0,,0,,
103,2,failed,integration error: model derivative became non-finite,14.14,13.242551134784893,1288.399729339406,89803,0,,0,,
103,3,failed,integration error: model derivative became non-finite,14.14,2.988162820694533,407.4617310790345,27781,0,,0,,
103,4,failed,integration error: model derivative became non-finite,14.032,10.420604469549218,1038.1340844770893,69743,0,,0,,
103,312,failed,integration error: model derivative became non-finite,14.14,2.6832017342865098,359.12556667253375,25035,0,,0,,
103,620,failed,integration error: model derivative became non-finite,14.14,6.750219620890596,794.7985643818974,54629,0,,0,,
103,622,failed,integration error: model derivative became non-finite,14.14,4.662905533960441,599.5054844440892,40521,0,,0,,
103,778,success,,14.14,14.14,1155.9459900129586,80864,3536,35.68837463253711,3536,50.89696008100466,50.89078260318588
103,1088,failed,integration error: model derivative became non-finite,14.144,11.332598548809994,977.9932126319036,67055,0,,0,,
103,1244,failed,integration error: model derivative became non-finite,14.032,1.662260548848743,332.8670873697847,23490,0,,0,,
104,2,failed,integration error: model derivative became non-finite,14.14,6.161311746858036,917.6679267827421,56536,0,,0,,
104,3,failed,integration error: model derivative became non-finite,14.14,4.601646128434834,755.4251772556454,48546,0,,0,,
104,4,failed,integration error: model derivative became non-finite,14.032,7.022530815006674,1174.6967140994966,66878,0,,0,,
104,312,failed,integration error: model derivative became non-finite,14.14,2.8237039880025994,562.7717314437032,37114,0,,0,,
104,620,failed,integration error: simulation exceeded 1800 wall-clock seconds,14.14,13.08587491198715,1800.001694271341,103783,0,,0,,
104,622,failed,integration error: model derivative became non-finite,14.14,4.1680778814687764,880.122095644474,50852,0,,0,,
104,778,success,,14.14,14.14,1200.5966803189367,78666,3536,38.06188702584836,3536,52.19172616900333,52.20381437678256
104,1088,success,,14.144,14.144,1397.281314600259,80966,3537,34.69972675324341,3537,56.89325080012384,56.895943163267056
104,1244,failed,integration error: model derivative became non-finite,14.032,0.9256750122420558,494.8809538912028,31905,0,,0,,
105,2,failed,integration error: model derivative became non-finite,14.14,0.24756069782425855,299.45732592977583,17376,0,,0,,
105,3,failed,integration error: model derivative became non-finite,14.14,1.2627560769344492,418.5465681217611,23940,0,,0,,
105,4,success,,14.032,14.032,1625.0356280524284,93011,3509,25.20077241407298,3509,35.40413379701107,35.3305182536064
105,312,success,,14.14,14.14,851.078601449728,49439,3536,46.27059527577465,3536,58.58302177784652,58.557728876426694
105,620,failed,integration error: model derivative became non-finite,14.14,0.1810180500281208,289.4240975212306,16735,0,,0,,
105,622,failed,integration error: model derivative became non-finite,14.14,0.15675692264795318,291.26999582722783,16738,0,,0,,
105,778,success,,14.14,14.14,1216.7826325576752,70750,3536,37.875368291440004,3536,51.333625793744474,51.34062520107832
105,1088,failed,integration error: model derivative became non-finite,14.144,0.6828714533263193,338.3321147765964,19732,0,,0,,
105,1244,failed,integration error: model derivative became non-finite,14.032,0.2453093412846653,288.5903012547642,16863,0,,0,,
106,2,failed,integration error: model derivative became non-finite,14.056000000000001,6.371740429596027,504.15453133173287,29391,0,,0,,
106,3,success,,14.056000000000001,14.056000000000001,670.7909920439124,39153,3515,25.16215039318301,3515,39.83582335425528,41.08025370957146
106,4,success,,13.948,13.948,692.1826208755374,40207,3488,19.60989503901933,3488,33.75846325547812,36.28683351558239
106,312,failed,integration error: model derivative became non-finite,14.056000000000001,0.7087993915860558,327.4133579302579,19090,0,,0,,
106,620,success,,14.056000000000001,14.056000000000001,670.0918538160622,38696,3515,23.20801038493425,3515,44.40065613105475,45.214697685196214
106,622,success,,14.056000000000001,14.056000000000001,670.8013253994286,38730,3515,22.138695753751872,3515,44.35278307218382,45.78842336548779
106,778,failed,integration error: model derivative became non-finite,14.056000000000001,3.854045325390877,449.38197270035744,26200,0,,0,,
106,1088,failed,integration error: model derivative became non-finite,14.06,13.690267622415304,960.8277991134673,55518,0,,0,,
106,1244,failed,integration error: model derivative became non-finite,13.948,1.930770065936178,364.93583946861327,21267,0,,0,,
107,2,failed,integration error: model derivative became non-finite,14.056000000000001,5.906714213982376,1487.815902357921,87357,0,,0,,
107,3,success,,14.056000000000001,14.056000000000001,678.9471857212484,39873,3515,24.48197549917918,3515,39.03634284112809,40.320172160164404
107,4,success,,13.948,13.948,687.3330186679959,40227,3488,20.160062286411897,3488,33.60531007284648,35.93491795592134
107,312,failed,integration error: model derivative became non-finite,14.056000000000001,0.6936857012108955,1225.015118855983,78294,0,,0,,
107,620,success,,14.056000000000001,14.056000000000001,682.9069474041462,39700,3515,22.423797425212463,3515,46.239970687322284,47.8534214267062
107,622,success,,14.056000000000001,14.056000000000001,665.3409394808114,38858,3515,20.868621166088403,3515,43.149739313340795,44.64551389028296
107,778,failed,integration error: model derivative became non-finite,14.056000000000001,3.2353107865650146,1325.0425880998373,84877,0,,0,,
107,1088,success,,14.06,14.06,630.3765185009688,36744,3516,32.774461340902775,3516,54.015291979041876,54.494289733464065
107,1244,failed,integration error: model derivative became non-finite,13.948,1.9872184012320653,1719.1064388081431,107204,0,,0,,
108,2,failed,integration error: model derivative became non-finite,14.056000000000001,5.716603073586072,431.5286111505702,27169,0,,0,,
108,3,failed,integration error: model derivative became non-finite,14.056000000000001,1.4105023593963883,340.5746267316863,22053,0,,0,,
108,4,success,,13.948,13.948,702.7646182337776,42178,3488,19.36854712224157,3488,33.11654925785922,35.60117729321611
108,312,failed,integration error: model derivative became non-finite,14.056000000000001,1.3692192212073346,346.7957913680002,20178,0,,0,,
108,620,success,,14.056000000000001,14.056000000000001,677.5821694443002,42414,3515,23.697262652034453,3515,46.330183676193556,47.12758284979316
108,622,success,,14.056000000000001,14.056000000000001,637.9586267601699,39813,3515,22.839855316562385,3515,45.20150023112821,46.23266550898983
108,778,failed,integration error: model derivative became non-finite,14.056000000000001,3.705624277641249,371.3133971430361,23486,0,,0,,
108,1088,success,,14.06,14.06,632.8303609192371,40415,3516,27.4911906220168,3516,51.6858707961882,51.87019236018208
108,1244,failed,integration error: model derivative became non-finite,13.948,2.3313989735324774,327.58373197633773,21211,0,,0,,
109,2,success,,14.192,14.192,7.97140152938664,21879,3549,41.305009699326014,3549,58.00642700604399,57.96269794501042
109,3,success,,14.192,14.192,8.27948615886271,22841,3549,25.603013518047632,3549,39.38030779732249,39.3673086066344
109,4,success,,14.084,14.084,8.27207058109343,22160,3522,22.887952426641014,3522,35.7666626964333,35.77055440247872
109,312,success,,14.192,14.192,8.349341547116637,22577,3549,18.72660916136018,3549,40.86553981163681,40.83049355775375
109,620,success,,14.192,14.192,8.195195842534304,22072,3549,13.360350961294175,3549,42.64825049751205,42.66842928896416
109,622,success,,14.192,14.192,8.52655253186822,22838,3549,52.24905338096786,3549,65.61250386772842,65.59465120861692
109,778,success,,14.192,14.192,8.236955184489489,22450,3549,24.122607497638935,3549,42.295411839722505,42.26188099879188
109,1088,success,,14.196,14.196,8.720896802842617,23426,3550,34.75580033156398,3550,57.82136762308971,57.85652363563248
109,1244,success,,14.084,14.084,8.098810639232397,22224,3522,33.13093269257918,3522,50.37809296377495,50.34103259786885
110,2,success,,14.192,14.192,8.210639035329223,21967,3549,40.13177631454674,3549,53.896121068808746,53.923890208454594
110,3,success,,14.192,14.192,7.801261059008539,21027,3549,26.85897778047765,3549,39.7456298332544,39.75753247797861
110,4,success,,14.084,14.084,7.855168079026043,21006,3522,23.919522528383983,3522,37.125226709515566,37.13363854610987
110,312,success,,14.192,14.192,7.911920544691384,21520,3549,18.571870285201268,3549,40.344885397985784,40.33856379103236
110,620,success,,14.192,14.192,8.143934030085802,21505,3549,13.79971794088415,3549,43.5709933876847,43.5819887740622
110,622,success,,14.192,14.192,8.220230487175286,22065,3549,54.81352342228186,3549,66.9475142285993,66.94079569429225
110,778,success,,14.192,14.192,7.797755533829331,21291,3549,23.47773204169162,3549,43.486161531107406,43.5103484311561
110,1088,success,,14.196,14.196,8.234324631281197,21663,3550,35.24881469888895,3550,57.59603998186702,57.611054103702
110,1244,success,,14.084,14.084,8.220356026664376,22398,3522,34.764487891553195,3522,51.87770610606172,51.90334416638896
111,2,success,,14.192,14.192,9.29494074266404,22170,3549,64.1422074343025,3549,73.54275872865801,73.53528723004636
111,3,success,,14.192,14.192,9.082965130917728,21790,3549,50.607648337668245,3549,57.13373308045377,57.12980534617313
111,4,success,,14.084,14.084,8.83135633263737,21187,3522,44.5969033012928,3522,53.544985524564275,53.53901171527905
111,312,success,,14.192,14.192,9.098654546774924,21862,3549,31.235639585976294,3549,46.19071041318225,46.196297202677655
111,620,success,,14.192,14.192,8.896531449630857,21189,3549,25.254431253224386,3549,48.727812125023426,48.73157231406169
111,622,success,,14.192,14.192,9.222728815861046,22055,3549,103.28221993964031,3549,111.23228564413755,111.2225240318984
111,778,success,,14.192,14.192,8.878016734495759,21500,3549,37.694963437239856,3549,52.13895074324637,52.13481942625483
111,1088,success,,14.196,14.196,9.09151073731482,21831,3550,62.4376799220779,3550,78.37267281823905,78.37349535585328
111,1244,success,,14.084,14.084,8.905555706471205,21428,3522,65.2967323882354,3522,74.81610052237173,74.8140897920859
112,2,success,,14.188,14.188,6.591152898967266,17474,3548,50.23218288442486,3548,62.18941560948674,62.25616849355506
112,3,success,,14.188,14.188,6.317163277417421,16730,3548,33.99463119816726,3548,45.68625322907337,45.81735944347764
112,4,success,,14.08,14.08,5.985955249518156,15754,3521,2.2539758497344584,3521,27.787497893177047,27.77802997459313
112,312,success,,14.188,14.188,6.326640835031867,16677,3548,21.046836787261313,3548,41.216977364476094,41.190506015383285
112,620,success,,14.188,14.188,6.453488854691386,16902,3548,15.092050705402215,3548,43.732974371231656,43.72120948410579
112,622,success,,14.188,14.188,6.375791601836681,16878,3548,39.549527402958326,3548,56.15706148393268,56.18716737745351
112,778,success,,14.188,14.188,6.473965412005782,17057,3548,29.96933183735361,3548,45.64619393696035,45.52479032380455
112,1088,success,,14.192,14.192,6.412921208888292,16996,3549,45.86535268695191,3549,64.44209125791612,64.34222300329304
112,1244,success,,14.08,14.08,6.545381451025605,17281,3521,35.64753993915134,3521,50.67133209812024,50.712960583948735
113,2,success,,14.188,14.188,6.66098908893764,17643,3548,53.15197532200401,3548,65.51293316359612,65.43406071339977
113,3,success,,14.188,14.188,6.712740050628781,17772,3548,37.60534187227431,3548,48.1871854174715,48.1804052775171
113,4,success,,14.08,14.08,6.285509007051587,16495,3521,2.353474256992715,3521,27.831822975244027,27.82990317664566
113,312,success,,14.188,14.188,6.876097267493606,18116,3548,22.250884660926317,3548,41.173727985611656,41.13073548924568
113,620,success,,14.188,14.188,6.882811278104782,17855,3548,16.435893228136784,3548,43.79183569902292,43.78039597970398
113,622,success,,14.188,14.188,7.055601881816983,18393,3548,43.78653420560279,3548,59.32879263707586,59.324767900641575
113,778,success,,14.188,14.188,6.608209475874901,17573,3548,31.884146220438176,3548,46.82384086273213,46.77970445984575
113,1088,success,,14.192,14.192,6.765258798375726,17731,3549,50.17783452173796,3549,67.93932950935283,68.00489348611481
113,1244,success,,14.08,14.08,6.549026492983103,17305,3521,39.47717575502932,3521,55.38818915726736,55.4157032406456
114,2,success,,14.188,14.188,6.632187707349658,17547,3548,67.68278658873433,3548,77.17484077362933,77.17303761640419
114,3,success,,14.188,14.188,6.638070935383439,17620,3548,54.18638807840476,3548,62.83967118381092,62.86413422522545
114,4,success,,14.08,14.08,6.131794085726142,16242,3521,2.8722862733924766,3521,27.815051672984776,27.808285748794727
114,312,success,,14.188,14.188,6.465764047577977,17246,3548,28.125556691206825,3548,45.14332022255692,45.12665626550974
114,620,success,,14.188,14.188,6.8787374291568995,17997,3548,22.733731279303996,3548,47.23783294417266,47.222336124632086
114,622,success,,14.188,14.188,6.563252346590161,17336,3548,63.24066500217499,3548,75.36301169191249,75.35431615968699
114,778,success,,14.188,14.188,6.562341347336769,17414,3548,41.34804515728071,3548,53.22811778343374,53.17767865049141
114,1088,success,,14.192,14.192,6.771512031555176,17647,3549,70.46088391635334,3549,83.49255980325485,83.42549597455003
114,1244,success,,14.08,14.08,6.59654301777482,17500,3521,56.86783988335895,3521,67.1487684641851,67.16470390042541
115,2,success,,14.176,14.176,4.373364171013236,10527,3545,46.11085843004513,3545,59.720801138913906,59.54032410649816
115,3,success,,14.176,14.176,4.303882621228695,10380,3545,36.223084665632506,3545,47.80237547528565,47.835103766966554
115,4,success,,14.068,14.068,4.09668087027967,9925,3518,5.843464053783879,3518,28.269809237046395,28.31743136054532
115,312,success,,14.176,14.176,4.384448006749153,10323,3545,28.53313164969012,3545,45.37199169423247,45.10285641517927
115,620,success,,14.176,14.176,4.218680657446384,10009,3545,7.4305923507462674,3545,41.268273304851434,41.22761777993865
115,622,success,,14.176,14.176,4.265745021402836,10287,3545,42.60866854089249,3545,57.06229008208232,57.19384473482839
115,778,success,,14.176,14.176,4.198154494166374,10008,3545,34.714438179049864,3545,49.16556221219639,49.00368940136334
115,1088,success,,14.18,14.18,4.141327353194356,10002,3546,35.30532151277554,3546,56.82406247125364,57.11393412023493
115,1244,success,,14.068,14.068,4.0998803079128265,9878,3518,41.49879460942514,3518,55.70069799205545,55.663560059461766
116,2,success,,14.176,14.176,4.225880656391382,10358,3545,46.325012824266295,3545,60.22624708248081,60.06253717355446
116,3,success,,14.176,14.176,4.185317995026708,10296,3545,36.64331291455829,3545,48.10853700346206,48.14206403888851
116,4,success,,14.068,14.068,3.918461635708809,9473,3518,5.919316326993062,3518,28.228509435803147,28.256789360135627
116,312,success,,14.176,14.176,4.282821210101247,10657,3545,28.683497865053898,3545,45.967772080620264,45.70195521736281
116,620,success,,14.176,14.176,3.977571627125144,9603,3545,7.524607144619298,3545,41.36028458023799,41.303710414655825
116,622,success,,14.176,14.176,4.128494203090668,10041,3545,43.12596308603315,3545,57.23203306626682,57.32865570620438
116,778,success,,14.176,14.176,4.239713963121176,10498,3545,34.81202157464434,3545,49.652265530899356,49.514356791504284
116,1088,success,,14.18,14.18,4.197389138862491,10138,3546,35.67664272227802,3546,56.73089267954769,56.898858757357196
116,1244,success,,14.068,14.068,4.1585771683603525,10230,3518,41.98405580110147,3518,56.08811291137345,56.12561139523924
117,2,success,,14.176,14.176,4.772066520527005,11620,3545,44.79695172326653,3545,59.34477783105389,59.329374935754
117,3,success,,14.176,14.176,4.752952701412141,11761,3545,36.437211876649954,3545,47.054204550947325,47.054822977252
117,4,success,,14.068,14.068,4.557757961563766,10834,3518,5.931162766029801,3518,28.277520443639865,28.293734100076676
117,312,success,,14.176,14.176,4.374464044347405,10560,3545,27.74411573261479,3545,44.2642340656287,44.12407571135445
117,620,success,,14.176,14.176,4.551668140105903,10889,3545,7.5332655984907175,3545,41.127828701956325,41.10933113022117
117,622,success,,14.176,14.176,4.493715533986688,10775,3545,42.990764554238226,3545,58.31301901293689,58.47146799603336
117,778,success,,14.176,14.176,4.657544968649745,11248,3545,33.33567791001578,3545,48.10867470449764,48.359513691319435
117,1088,success,,14.18,14.18,4.862936503253877,11595,3546,35.3586589372796,3546,57.57906166525543,57.69128819603495
117,1244,success,,14.068,14.068,4.470220148563385,11130,3518,41.81953512349661,3518,56.65375560115554,56.43032050923411
118,2,success,,14.184000000000001,14.184000000000001,27.275655690580606,45364,3547,42.62400922224359,3547,57.048581320210374,56.96120151340433
118,3,success,,14.184000000000001,14.184000000000001,28.16950946673751,47194,3547,25.471584539734017,3547,39.95676870992046,39.93465690952894
118,4,success,,14.076,14.076,56.970869831740856,94717,3520,12.597650280204297,3520,30.52063523349372,30.774988648014414
118,312,success,,14.184000000000001,14.184000000000001,27.652468198910356,46064,3547,26.56866396293212,3547,44.85653911345984,44.781419809888895
118,620,success,,14.184000000000001,14.184000000000001,40.100181898102164,66312,3547,8.87557585731207,3547,41.029082123512666,41.046397422491985
118,622,success,,14.184000000000001,14.184000000000001,28.636679999530315,47578,3547,53.827897971666985,3547,64.03385112676642,64.0749973380726
118,778,success,,14.184000000000001,14.184000000000001,28.480479311197996,47580,3547,29.70842352443087,3547,45.32350749260306,45.355470914205476
118,1088,success,,14.188,14.188,28.226551432162523,46553,3548,30.828889382092385,3548,55.41831107157753,55.4100495124631
118,1244,success,,14.076,14.076,26.071165377274156,43845,3520,43.35113140271752,3520,57.40137154841997,57.27662541400244
119,2,success,,14.184000000000001,14.184000000000001,25.543962344527245,45554,3547,37.70185652494675,3547,53.86922595587435,53.85362571166729
119,3,success,,14.184000000000001,14.184000000000001,25.66620434448123,46071,3547,20.986999843014047,3547,37.85452727904419,37.85755159474098
119,4,success,,14.076,14.076,46.344385052099824,83038,3520,20.889046685832025,3520,35.27180329789313,35.45539285535279
119,312,success,,14.184000000000001,14.184000000000001,25.18745837919414,45140,3547,27.969894034564817,3547,42.36572888291549,42.33164868908911
119,620,success,,14.184000000000001,14.184000000000001,37.988907273858786,66077,3547,11.494595254056449,3547,42.01967462645983,42.03854952154021
119,622,success,,14.184000000000001,14.184000000000001,26.51249668933451,47211,3547,64.50753023497532,3547,75.1800985368759,75.21304464609756
119,778,success,,14.184000000000001,14.184000000000001,28.34734385460615,50663,3547,34.30005225517027,3547,48.69502630160369,48.75085805859996
119,1088,success,,14.188,14.188,29.90465547144413,52550,3548,24.177375319917395,3548,51.536298396270496,51.56710484780174
119,1244,success,,14.076,14.076,24.754976155236363,43818,3520,45.14323784234181,3520,58.79015770552219,58.69795296418109
120,2,success,,14.184000000000001,14.184000000000001,36.6561172651127,63872,3547,34.23140508055936,3547,51.18961131282425,51.28004172781073
120,3,success,,14.184000000000001,14.184000000000001,45.398232537321746,79433,3547,18.9376826810498,3547,35.67526303880341,35.80421822668912
120,4,success,,14.076,14.076,40.60580625664443,70940,3520,67.71970636251213,3520,74.1336712470528,74.600301850247
120,312,success,,14.184000000000001,14.184000000000001,38.16782474145293,57843,3547,32.62149927591553,3547,47.527844463602875,47.60676865737345
120,620,success,,14.184000000000001,14.184000000000001,44.88093438372016,68823,3547,27.84816003305521,3547,49.19387613964123,49.280665321941385
120,622,success,,14.184000000000001,14.184000000000001,39.579709868878126,61693,3547,93.55659534949478,3547,101.49300482599172,101.82419190746067
120,778,success,,14.184000000000001,14.184000000000001,41.220687409862876,63470,3547,61.88053736922392,3547,71.1513152543906,71.36593707626677
120,1088,success,,14.188,14.188,46.32514471653849,74434,3548,35.356638206159495,3548,58.008067181994946,58.200954987551526
120,1244,success,,14.076,14.076,31.148407900705934,51087,3520,41.25105522692435,3520,56.11048306259114,56.10905740343067
121,2,success,,14.172,14.172,31.146023366600275,55141,3544,9814054543.829828,3544,9814054543.57973,11609375405.668518
121,3,success,,14.172,14.172,31.01728142425418,56134,3544,10821890678.782965,3544,10821890678.866959,12781504904.189177
121,4,success,,14.064,14.064,33.62472476065159,59890,3517,47218857961.385506,3517,47218857961.306015,56116301799.025055
121,312,success,,14.172,14.172,31.3835085388273,56032,3544,27345087047.601948,3544,27345087046.92469,32262285784.111233
121,620,success,,14.172,14.172,34.430019261315465,61261,3544,54805400310.63594,3544,54805400310.1544,64646745304.48056
121,622,success,,14.172,14.172,32.22634942829609,57305,3544,14475750882.505548,3544,14475750882.68489,17172339767.601679
121,778,success,,14.172,14.172,32.88639483973384,59387,3544,69845490287.58482,3544,69845490287.7286,82506433084.22801
121,1088,success,,14.176,14.176,31.637804744765162,56419,3545,25600741241.98624,3545,25600741242.624283,30520956090.513485
121,1244,success,,14.064,14.064,30.739170372486115,55479,3517,23213126241.24899,3517,23213126241.479588,27646482746.527676
122,2,success,,14.172,14.172,33.29582528397441,59006,3544,2.8526287166430156e+25,3544,2.8526287166430156e+25,3.1342941170898127e+25
122,3,success,,14.172,14.172,33.31943026930094,57559,3544,1.0389185614053284e+25,3544,1.0389185614053284e+25,1.129772888432085e+25
122,4,success,,14.064,14.064,35.33320246450603,59960,3517,4.892054272488147e+25,3517,4.892054272488147e+25,5.463473811735294e+25
122,312,success,,14.172,14.172,32.87931760400534,58459,3544,3.2410552934198647e+25,3544,3.2410552934198647e+25,3.581143945020468e+25
122,620,success,,14.172,14.172,34.30022307112813,59269,3544,7.95005474441981e+25,3544,7.95005474441981e+25,8.71957259340706e+25
122,622,success,,14.172,14.172,33.828360410407186,59767,3544,1.8525574558391362e+25,3544,1.8525574558391362e+25,2.0180939798265233e+25
122,778,success,,14.172,14.172,34.7395775038749,60712,3544,1.008866196093686e+26,3544,1.008866196093686e+26,1.1007883999402607e+26
122,1088,success,,14.176,14.176,34.91251613944769,60106,3545,4.016653380573827e+25,3545,4.016653380573827e+25,4.369638437120795e+25
122,1244,success,,14.064,14.064,32.822257744148374,57537,3517,1.3123478287841601e+25,3517,1.3123478287841601e+25,1.4275411532876267e+25
123,2,success,,14.172,14.172,17.56681019999087,30445,3544,3327.523597053962,3544,3328.5746755536625,3301.3219936949854
123,3,success,,14.172,14.172,17.488973632454872,30443,3544,2920.026608816638,3544,2919.9379450964275,2884.0366168616
123,4,success,,14.064,14.064,20.22515239007771,34976,3517,2070.099884586902,3517,2069.958391665537,2064.3276069467292
123,312,success,,14.172,14.172,19.45681998692453,32187,3544,989.6126924120567,3544,989.1509953230827,987.1039781122853
123,620,success,,14.172,14.172,19.895271457731724,33964,3544,2512.549359173143,3544,2512.00875388191,2488.4469285462887
123,622,success,,14.172,14.172,18.442765755578876,31566,3544,3284.8366020755866,3544,3284.889445623103,3245.4071018647405
123,778,success,,14.172,14.172,20.64714351296425,34354,3544,3168.5041033728867,3544,3168.4970329811044,3149.493846117796
123,1088,success,,14.176,14.176,18.470699604600668,31793,3545,3269.947664729306,3545,3270.9785522971865,3233.997825552478
123,1244,success,,14.064,14.064,18.486872408539057,30474,3517,3542.172658894501,3517,3541.5441514130657,3506.993268903626
124,2,success,,14.136000000000001,14.136000000000001,8.177553595975041,13963,3535,46.1956266430625,3535,64.1991090360065,61.73465381028263
124,3,success,,14.136000000000001,14.136000000000001,9.211664645001292,15842,3535,39.54541290045021,3535,50.06057384469647,48.858708505174775
124,4,success,,14.028,14.028,10.217695027589798,16770,3508,19.3603036634791,3508,34.32713566314748,34.09074871743973
124,312,success,,14.136000000000001,14.136000000000001,8.356035618111491,14379,3535,59.527491200188564,3535,67.77388234224752,64.931910847652
124,620,success,,14.136000000000001,14.136000000000001,12.462317569181323,20981,3535,18.24279302965463,3535,44.831958004938095,45.07447133801295
124,622,success,,14.136000000000001,14.136000000000001,15.421117637306452,26522,3535,23.772379226780362,3535,44.76424041457209,47.22565680017378
124,778,success,,14.136000000000001,14.136000000000001,9.768122266978025,16913,3535,40.78617444568036,3535,54.0242314972278,52.95830476395992
124,1088,success,,14.14,14.14,13.60300400480628,22828,3536,27.606962369020746,3536,53.852567140362225,53.97023879098294
124,1244,success,,14.028,14.028,13.124436356127262,22538,3508,72.05252556388272,3508,83.2114260125623,87.97669001949028
125,2,success,,14.136000000000001,14.136000000000001,9.072387386113405,13795,3535,46.97409869788237,3535,64.89284660483374,62.562858085022384
125,3,success,,14.136000000000001,14.136000000000001,10.568447327241302,16026,3535,40.40463986003352,3535,50.191370066609856,49.081623864375075
125,4,success,,14.028,14.028,11.235592470504344,16985,3508,19.94480656865126,3508,34.19185925698383,34.06060847168256
125,312,success,,14.136000000000001,14.136000000000001,9.511560931801796,14085,3535,60.93422792648192,3535,68.60642484061417,66.04792112165198
125,620,success,,14.136000000000001,14.136000000000001,14.135110404342413,21171,3535,18.648045790259363,3535,44.9867304212512,44.75286147734225
125,622,success,,14.136000000000001,14.136000000000001,16.746213697828352,25200,3535,24.26490661903748,3535,45.04665452746714,47.63970077603998
125,778,success,,14.136000000000001,14.136000000000001,11.131250446662307,16687,3535,41.605765655257976,3535,54.715222719232564,53.712827625244515
125,1088,success,,14.14,14.14,14.809195133857429,22395,3536,28.23502612178241,3536,53.241423301620266,53.94992944470242
125,1244,success,,14.028,14.028,15.01435103546828,22855,3508,73.93701815732555,3508,85.42745081368227,88.87243483248956
126,2,success,,14.136000000000001,14.136000000000001,9.673211356624961,15508,3535,48.15955656252809,3535,63.32517260058308,61.40694316373025
126,3,success,,14.136000000000001,14.136000000000001,10.356989687308669,17142,3535,42.435593257207074,3535,51.54225042408431,50.29201432418844
126,4,success,,14.028,14.028,11.18199403397739,18669,3508,21.445476367891786,3508,35.37809431869327,35.001479672273064
126,312,success,,14.136000000000001,14.136000000000001,9.586018459871411,16020,3535,64.69779353645181,3535,71.09072237471433,68.77405754061934
126,620,success,,14.136000000000001,14.136000000000001,13.12520732358098,21239,3535,19.108840900966467,3535,45.70607697685896,45.60715905019252
126,622,success,,14.136000000000001,14.136000000000001,17.311983862891793,29248,3535,21.792719911489243,3535,44.32606923355618,45.94791036621815
126,778,success,,14.136000000000001,14.136000000000001,10.987873911857605,18017,3535,43.26834100718934,3535,56.58109148129121,55.554877995410735
126,1088,success,,14.14,14.14,13.463685067370534,22325,3536,29.13990696758223,3536,55.30294406441413,54.97040910088371
126,1244,success,,14.028,14.028,15.00531830266118,25656,3508,73.42944498555778,3508,83.46404585772154,86.68364216507486
127,2,success,,14.176,14.176,39.329277535900474,52322,3545,42.258680832651656,3545,56.9343416333648,56.889221730299305
127,3,success,,14.176,14.176,41.5862930174917,51874,3545,35.73536897448937,3545,46.64757679774349,46.6171074531782
127,4,success,,14.068,14.068,67.78907288238406,90712,3518,11.780789928252291,3518,30.39007411507968,30.569462099018807
127,312,success,,14.176,14.176,41.73093044012785,52143,3545,21.964402861833612,3545,41.142133257673194,41.09635608320267
127,620,success,,14.176,14.176,64.15753491781652,83675,3545,10.526050206631204,3545,41.659697383571526,41.66974006810251
127,622,success,,14.176,14.176,43.81022757291794,54979,3545,52.40209460613512,3545,65.36941412547893,65.36134534667805
127,778,success,,14.176,14.176,49.099341195076704,61443,3545,28.43763331600692,3545,45.872981469343905,45.91652636174156
127,1088,success,,14.18,14.18,39.64543213695288,52154,3546,33.27884249481805,3546,56.1347555618333,56.12439092123375
127,1244,success,,14.068,14.068,38.1641407199204,47658,3518,49.608954726103434,3518,62.6538581651665,62.47988606053991
128,2,success,,14.176,14.176,47.855937883257866,58040,3545,56.38561445598012,3545,67.85527042120269,67.83652357455249
128,3,success,,14.176,14.176,44.49717094190419,54127,3545,46.51343003619971,3545,56.1908928054596,56.160939013252026
128,4,success,,14.068,14.068,99.1760515216738,121500,3518,16.660611411913727,3518,32.07171274986323,32.680799600470216
128,312,success,,14.176,14.176,48.738630428910255,59418,3545,25.559072812206168,3545,43.61239398284114,43.648084771653984
128,620,success,,14.176,14.176,65.34473725408316,78749,3545,23.058727196727943,3545,46.76220210964717,46.80056780490007
128,622,success,,14.176,14.176,50.29060868732631,60968,3545,68.6670286054131,3545,79.64304796927215,79.76492123910543
128,778,success,,14.176,14.176,59.28453737869859,72502,3545,47.252856214873304,3545,58.69812954443888,58.883530711475025
128,1088,success,,14.18,14.18,47.75920124910772,57283,3546,47.48269659570404,3546,65.37266628812748,65.39760351126525
128,1244,success,,14.068,14.068,40.766019612550735,49595,3518,77.86692442303016,3518,86.38427159403356,86.3434446508808
129,2,success,,14.176,14.176,93.98622432351112,112737,3545,4033.189901869822,3545,4033.674209623574,4549.86459843739
129,3,success,,14.176,14.176,93.09991849772632,112220,3545,3016.044123389499,3545,3016.070994970829,3398.9724889603112
129,4,success,,14.068,14.068,121.8145272154361,145434,3518,8024.869574132252,3518,8025.026395731894,9061.012608014296
129,312,success,,14.176,14.176,100.07556203007698,125583,3545,2923.4398358415574,3545,2923.8050464160237,3301.239555115193
129,620,success,,14.176,14.176,99.8044365439564,119021,3545,3630.823745187053,3545,3630.8885622596936,4097.657139534456
129,622,success,,14.176,14.176,101.66330729238689,118556,3545,7545.333819785687,3545,7545.310023995465,8515.084675094393
129,778,success,,14.176,14.176,104.0791122559458,127517,3545,7710.726937560153,3545,7710.533612816885,8704.036499006052
129,1088,success,,14.18,14.18,98.52370314858854,117528,3546,4227.980327015829,3546,4228.327570011468,4762.860338678318
129,1244,success,,14.068,14.068,64.61727758124471,80583,3518,871.686583165831,3518,871.8712826919084,969.1308759547701
130,2,success,,14.156,14.156,28.816874466836452,38517,3540,72.05977453575102,3540,81.9558671121828,80.69386036439211
130,3,success,,14.156,14.156,25.94085054844618,34851,3540,49.49027180866723,3540,59.18917636979232,57.9973829937709
130,4,success,,14.048,14.048,37.17298583313823,49781,3513,18.738904139248266,3513,33.24693565789641,33.53845037256831
130,312,success,,14.156,14.156,29.88526090979576,40266,3540,26.475062465791986,3540,43.26811224470789,43.05853139023011
130,620,success,,14.156,14.156,44.61630713567138,59377,3540,14.196026559976362,3540,42.91734647019112,43.38983192107566
130,622,success,,14.156,14.156,32.97949944995344,43683,3540,40.65039627629756,3540,55.62402042570547,55.294073990907904
130,778,success,,14.156,14.156,30.478546688333154,40631,3540,68.68602412968731,3540,78.8707253309598,77.92299726654636
130,1088,success,,14.16,14.16,27.220742279663682,35816,3541,50.149465748564275,3541,68.09206857205652,67.15045938650954
130,1244,success,,14.048,14.048,30.236186124384403,40894,3513,93.48199201968865,3513,101.90671247245919,100.51836126944178
131,2,success,,14.156,14.156,33.788386886939406,44116,3540,98.12984642077954,3540,103.65568475696504,102.48971418286597
131,3,success,,14.156,14.156,30.127084666863084,40260,3540,67.60269603042443,3540,73.51439649082722,72.41900964721773
131,4,success,,14.048,14.048,37.885126408189535,50820,3513,27.07061526873125,3513,39.377593406611446,39.59813543632037
131,312,success,,14.156,14.156,34.53006657399237,43932,3540,33.06980411480383,3540,46.98181801353674,46.62047575830911
131,620,success,,14.156,14.156,51.025402549654245,65187,3540,19.88424492869743,3540,44.79525621737615,45.37593471733711
131,622,success,,14.156,14.156,35.41664448566735,46629,3540,56.46195565103104,3540,69.72775056917818,69.34235612134862
131,778,success,,14.156,14.156,36.78108813241124,47267,3540,93.12039774173957,3540,98.61317088334974,97.86495232551673
131,1088,success,,14.16,14.16,30.546252029016614,40186,3541,70.09821640976901,3541,82.83711922921249,81.88138817695732
131,1244,success,,14.048,14.048,35.66296414285898,43602,3513,120.67129404439157,3513,126.36803265689522,125.01367756550214
132,2,success,,14.156,14.156,29.9407026655972,35237,3540,121716.74296085605,3540,121714.87102256651,119772.23179712775
132,3,success,,14.156,14.156,27.051126262173057,33500,3540,48524.01331566096,3540,48524.90853899135,48073.585790154255
132,4,success,,14.048,14.048,30.609502693638206,36379,3513,37320.058168094125,3513,37321.017117994605,36821.54750552834
132,312,success,,14.156,14.156,29.359631188213825,36146,3540,16450.577320751647,3540,16451.893489765047,16216.430914913088
132,620,success,,14.156,14.156,30.67382063344121,36722,3540,43034.43545290813,3540,43036.47821408462,42458.28987993564
132,622,success,,14.156,14.156,29.0383266992867,34480,3540,68225.15660185665,3540,68225.61724132026,67452.98666908631
132,778,success,,14.156,14.156,29.32794521935284,34927,3540,132396.94282282193,3540,132397.58778131663,130337.96394631996
132,1088,success,,14.16,14.16,27.949952743947506,34415,3541,51974.08733078929,3541,51972.48672728814,51280.86249449133
132,1244,success,,14.048,14.048,36.47659117542207,43517,3513,24476.88537953032,3513,24476.573650576778,23876.80093717873
133,2,success,,14.096,14.096,14.732065255753696,17035,3525,38.99447945000407,3525,54.48655360309843,52.55012935197376
133,3,success,,14.096,14.096,18.10588131658733,23800,3525,36.254201233759254,3525,46.834370370368504,45.50635229960403
133,4,success,,13.988,13.988,20.005963683128357,23135,3498,16.179834824633566,3498,32.70414891817208,32.48910165168444
133,312,success,,14.096,14.096,19.27186351362616,24334,3525,38.96899980090242,3525,51.90661069399446,52.68160281630474
133,620,success,,14.096,14.096,17.620791650377214,19437,3525,25.306288436827604,3525,46.71553454616475,46.43126561527294
133,622,success,,14.096,14.096,23.479380309581757,26677,3525,19.70139636640186,3525,43.04201810063764,45.30505939371228
133,778,success,,14.096,14.096,16.72307794727385,20987,3525,38.305036877216395,3525,52.7876739092961,51.92560453779686
133,1088,success,,14.1,14.1,19.28688850440085,21971,3526,32.704329443107014,3526,57.06438481211493,56.46149108881463
133,1244,success,,13.988,13.988,19.959590861573815,26099,3498,52.894876744369476,3498,64.53940487972378,74.75983769433981
134,2,success,,14.096,14.096,13.76279960386455,17072,3525,39.42168281388848,3525,54.715909746451594,53.343878194820014
134,3,success,,14.096,14.096,18.46054596453905,23143,3525,36.33722028490448,3525,47.84765165454781,46.19976843833421
134,4,success,,13.988,13.988,17.829992044717073,22193,3498,16.46806622178132,3498,32.36930895096173,32.35050740365655
134,312,success,,14.096,14.096,20.196478301659226,25652,3525,39.30979616874963,3525,52.704648378239,53.888410262301356
134,620,success,,14.096,14.096,14.951743070036173,18528,3525,25.73622011188,3525,47.26653561091168,46.80631232839466
134,622,success,,14.096,14.096,21.314878657460213,26366,3525,19.93042666910276,3525,43.24163143526449,45.77760294558962
134,778,success,,14.096,14.096,16.788608569651842,21120,3525,38.803780859765986,3525,53.23491557497224,52.659998357575176
134,1088,success,,14.1,14.1,19.119253274053335,23750,3526,32.744159853634926,3526,56.43991851671717,56.004418163623505
134,1244,success,,13.988,13.988,20.644318459555507,26029,3498,53.860923215588585,3498,65.46364037525085,76.0245701403448
135,2,success,,14.096,14.096,14.511882392689586,19555,3525,40.98648633882937,3525,57.688744865777394,56.37880220128279
135,3,success,,14.096,14.096,18.897075647488236,25794,3525,38.2298347968406,3525,48.715584817544816,47.57662115787253
135,4,success,,13.988,13.988,19.645419826731086,26916,3498,17.53870593868647,3498,32.42701286370027,32.557786840749664
135,312,success,,14.096,14.096,21.02952440455556,28918,3525,38.8249717230577,3525,51.855800585197265,53.2120988776205
135,620,success,,14.096,14.096,15.476196167990565,20733,3525,27.415724608072956,3525,48.41444697022565,47.767532029874076
135,622,success,,14.096,14.096,21.283103484660387,28872,3525,19.711082870557785,3525,43.650096560203316,44.932080397561364
135,778,success,,14.096,14.096,15.617109095677733,21284,3525,41.24218176399593,3525,54.18863357547819,52.61219673801538
135,1088,success,,14.1,14.1,20.169665357097983,27542,3526,32.57806846129867,3526,57.25248310087923,57.276352495108895
135,1244,success,,13.988,13.988,22.232700292021036,30497,3498,51.794313213756475,3498,66.3045241078289,71.18885343827075
136,2,success,,14.168000000000001,14.168000000000001,64.48694836348295,68474,3543,39.00434636901878,3543,53.75707076640755,53.83816524777262
136,3,success,,14.168000000000001,14.168000000000001,53.8684314917773,58658,3543,49.81144414150731,3543,58.07777421044105,58.03938205328413
136,4,success,,14.06,14.06,114.28123435936868,90238,3516,18.74879356709924,3516,32.866173749461,33.1715110358681
136,312,success,,14.168000000000001,14.168000000000001,64.35057246126235,70016,3543,20.74177886614352,3543,40.308524683369924,40.31873720949015
136,620,success,,14.168000000000001,14.168000000000001,136.20553725212812,108484,3543,6.221950905856294,3543,41.23190039984227,41.29611654196716
136,622,success,,14.168000000000001,14.168000000000001,81.4547944124788,63998,3543,45.161046406798356,3543,58.42436004694766,58.45499585345293
136,778,success,,14.168000000000001,14.168000000000001,64.19236853905022,69763,3543,43.138678351896885,3543,54.73951807435723,55.0212199469657
136,1088,success,,14.172,14.172,80.75735498033464,62361,3544,32.81370292291572,3544,55.36945598822824,55.383760375511365
136,1244,success,,14.06,14.06,48.00955346412957,52063,3516,80.78988238584824,3516,88.39604622641994,88.2672435259041
137,2,success,,14.168000000000001,14.168000000000001,91.48436143994331,93262,3543,20.909526775797197,3543,43.552318612508884,43.59385672901483
137,3,success,,14.168000000000001,14.168000000000001,80.30359390936792,85021,3543,42.474980296304444,3543,51.21749033424395,51.238286312239346
137,4,success,,14.06,14.06,139.89867383241653,148194,3516,7.642235437854481,3516,28.887424919684605,28.994025781040015
137,312,success,,14.168000000000001,14.168000000000001,89.9159440593794,94270,3543,10.2690116639697,3543,36.63175931606659,36.608803947033934
137,620,success,,14.168000000000001,14.168000000000001,159.5450411811471,167073,3543,4.3044701043569376,3543,40.735028929266626,40.75342094658574
137,622,success,,14.168000000000001,14.168000000000001,95.9054270805791,101477,3543,22.755128648066705,3543,44.4217501036521,44.45910451273786
137,778,success,,14.168000000000001,14.168000000000001,117.50028332229704,119299,3543,25.23364350710471,3543,43.34473696307397,43.53729518173813
137,1088,success,,14.172,14.172,75.89893557690084,80303,3544,17.47480770126563,3544,48.900809376888915,48.89575908979574
137,1244,success,,14.06,14.06,56.77217586059123,59443,3516,41.386329926049086,3516,55.59036284829642,55.53824898829785
138,2,success,,14.168000000000001,14.168000000000001,156.99122563004494,174910,3543,4663.377115061576,3543,4663.344505446427,6697.624351292461
138,3,success,,14.168000000000001,14.168000000000001,144.52675934508443,161588,3543,3290.8391976274206,3543,3290.797218859775,4723.313031726106
138,4,success,,14.06,14.06,173.87796373665333,194086,3516,5609.226013047563,3516,5609.209613590242,8035.441716432072
138,312,success,,14.168000000000001,14.168000000000001,158.4751502778381,177210,3543,1946.533142804293,3543,1946.814343462294,2791.8762116017474
138,620,success,,14.168000000000001,14.168000000000001,151.66875345632434,168210,3543,3313.265294653655,3543,3313.5416815793137,4754.882736439932
138,622,success,,14.168000000000001,14.168000000000001,165.4769076667726,184620,3543,4465.457364355209,3543,4465.701274611196,6397.420997318009
138,778,success,,14.168000000000001,14.168000000000001,160.17131110839546,180061,3543,8458.696546291601,3543,8458.872673442444,12146.708097845352
138,1088,success,,14.172,14.172,171.43368954770267,190490,3544,3342.175854622579,3544,3342.802089894775,4798.46889700144
138,1244,success,,14.06,14.06,139.72755334712565,156792,3516,1922.6134397815258,3516,1922.6639000280588,2760.797679616412
139,2,success,,14.14,14.14,42.6139870621264,45224,3536,58.948192870505714,3536,70.06528583025441,69.19002574212153
139,3,success,,14.14,14.14,46.927405977621675,49914,3536,48.7851053208151,3536,58.59326343186736,58.35083589685889
139,4,success,,14.032,14.032,62.93660259619355,66843,3509,11.912703607821657,3509,30.45450269440529,31.188206534739148
139,312,success,,14.14,14.14,46.192401668056846,49415,3536,37.90074136300351,3536,51.252951278358424,51.22879484790848
139,620,success,,14.14,14.14,42.92954829148948,45098,3536,45.081331857345326,3536,61.23884146411305,60.64802231560311
139,622,success,,14.14,14.14,59.27372243348509,62805,3536,25.690303460046625,3536,46.51312224785467,46.84292374033143
139,778,success,,14.14,14.14,38.54942205641419,41024,3536,67.98074611155577,3536,76.01700926222779,74.4989647082995
139,1088,success,,14.144,14.144,39.4494463885203,41533,3537,48.94547253086612,3537,66.60398698884424,65.72476438556815
139,1244,success,,14.032,14.032,58.757857791148126,62635,3509,58.03390455005546,3509,69.36397508579836,70.57731843627516
140,2,success,,14.14,14.14,39.74082815274596,30969,3536,2.8661969887953787e+18,3536,2.8661969887953787e+18,2.627669462547503e+18
140,3,success,,14.14,14.14,38.53695095516741,30166,3536,1.8228042017968668e+18,3536,1.8228042017968668e+18,1.762359280335947e+18
140,4,success,,14.032,14.032,54.70567530207336,43383,3509,5.212643960456718e+17,3509,5.212643960456718e+17,4.547021187341849e+17
140,312,success,,14.14,14.14,35.39949253387749,28281,3536,1.373885604271757e+18,3536,1.373885604271757e+18,1.2117207752094316e+18
140,620,success,,14.14,14.14,45.800273556262255,35513,3536,2.25045503474516e+18,3536,2.25045503474516e+18,2.1185977261417393e+18
140,622,success,,14.14,14.14,67.04607735574245,51689,3536,2.122040470909982e+18,3536,2.122040470909982e+18,1.9676125067162888e+18
140,778,success,,14.14,14.14,44.452478827908635,35517,3536,3.5393917348684503e+18,3536,3.5393917348684503e+18,3.407082596272057e+18
140,1088,success,,14.144,14.144,38.82563301175833,30148,3537,2.580205703885264e+18,3537,2.580205703885264e+18,2.403335174578426e+18
140,1244,success,,14.032,14.032,53.393955847248435,42190,3509,2.8668147311778954e+18,3509,2.8668147311778954e+18,2.7466786406297923e+18
141,2,success,,14.14,14.14,81.6884986422956,89722,3536,562272.69134658,3536,562272.5633381782,599981.4811513585
141,3,success,,14.14,14.14,87.45750506781042,96426,3536,546759.0638504298,3536,546759.7868043684,585513.1880068204
141,4,success,,14.032,14.032,85.30490816943347,85512,3509,140111.148366264,3509,140110.6765911531,149407.51279472286
141,312,success,,14.14,14.14,87.0895885899663,95408,3536,296376.07525328535,3536,296375.8145418681,316705.70481643203
141,620,success,,14.14,14.14,84.53832454234362,92153,3536,374303.33602456003,3536,374303.1637942231,399576.2447848696
141,622,success,,14.14,14.14,85.95211674459279,93392,3536,425878.3846253909,3536,425878.1784091577,455752.32087046374
141,778,success,,14.14,14.14,74.21583731845021,80963,3536,377021.98160090664,3536,377022.1796636934,402254.5075351452
141,1088,success,,14.144,14.144,85.43411189131439,85296,3537,245748.57964037813,3537,245748.56468290038,261891.74228750393
141,1244,success,,14.032,14.032,87.90998424775898,96539,3509,575031.3327432201,3509,575031.7627888644,614770.9254602909
142,2,success,,14.056000000000001,14.056000000000001,21.354755755513906,19847,3515,41.5578576210751,3515,57.39402651945063,54.93013691369446
142,3,success,,14.056000000000001,14.056000000000001,27.94620763603598,26003,3515,29.989306410917195,3515,42.80927231507369,43.32102214989848
142,4,success,,13.948,13.948,26.52530116494745,24619,3488,16.177086122119604,3488,32.29327116185169,32.57716011697125
142,312,success,,14.056000000000001,14.056000000000001,26.916456683538854,25163,3515,41.11445593664656,3515,52.39526318382592,53.24523849948425
142,620,success,,14.056000000000001,14.056000000000001,27.665164718404412,25382,3515,24.7818319819873,3515,46.29811039351804,47.1229336133294
142,622,success,,14.056000000000001,14.056000000000001,28.65006415359676,26437,3515,26.156455951088176,3515,46.41357865986258,47.19881052745195
142,778,success,,14.056000000000001,14.056000000000001,25.60941662453115,23563,3515,35.55921250183596,3515,47.45138511628373,47.07265757379605
142,1088,success,,14.06,14.06,26.592362101189792,24511,3516,34.53885216354136,3516,59.158050900060324,58.916833495598866
142,1244,success,,13.948,13.948,29.201538072898984,26812,3488,57.87668609561114,3488,67.08520834311442,71.4501288031156
143,2,success,,14.056000000000001,14.056000000000001,19.19391890987754,19645,3515,42.04383536318214,3515,57.61695993101288,55.54832747106914
143,3,success,,14.056000000000001,14.056000000000001,25.607438953593373,26464,3515,30.34919337154966,3515,43.848201493863854,43.82465443306613
143,4,success,,13.948,13.948,25.24499525129795,25810,3488,16.265109701999396,3488,31.621064219340983,31.902604667445377
143,312,success,,14.056000000000001,14.056000000000001,24.56158833950758,25211,3515,41.74078397879778,3515,52.72769524522203,54.19424014913772
143,620,success,,14.056000000000001,14.056000000000001,25.103167867287993,25640,3515,25.121372202304016,3515,46.49332022559788,46.835440463959
143,622,success,,14.056000000000001,14.056000000000001,26.66917460784316,27467,3515,26.751033483927657,3515,48.21705332648886,47.64779107032796
143,778,success,,14.056000000000001,14.056000000000001,23.40371483936906,23965,3515,36.17756962174752,3515,49.012866458960346,48.23078765422259
143,1088,success,,14.06,14.06,24.82976117823273,25631,3516,35.02257142969561,3516,60.141640815611275,59.8000732155056
143,1244,success,,13.948,13.948,26.223999368026853,27097,3488,59.2454043792946,3488,67.23623905887123,72.62818356968695
144,2,success,,14.056000000000001,14.056000000000001,25.156067417934537,23673,3515,42.03096858216222,3515,55.12508200350812,53.439403198943786
144,3,success,,14.056000000000001,14.056000000000001,31.293812580406666,31023,3515,30.361122139452405,3515,44.01290495302879,44.02344061757564
144,4,success,,13.948,13.948,33.41477722488344,31637,3488,14.965221197667146,3488,31.162188182452137,31.85257076353554
144,312,success,,14.056000000000001,14.056000000000001,28.4320977460593,30272,3515,40.18688961894411,3515,54.26932426895015,54.84790386031702
144,620,success,,14.056000000000001,14.056000000000001,33.304180070757866,31518,3515,24.591972726265887,3515,48.117168587899315,48.65735809217764
144,622,success,,14.056000000000001,14.056000000000001,31.807905142195523,29941,3515,29.17434296412545,3515,47.518371980385176,48.11508032390595
144,778,success,,14.056000000000001,14.056000000000001,23.24511436279863,24596,3515,37.662549894039174,3515,51.75899814927694,50.43300905713224
144,1088,success,,14.06,14.06,33.32770512904972,31388,3516,33.35135440223998,3516,59.96403531500534,60.29713866680587
144,1244,success,,13.948,13.948,29.946507968008518,31696,3488,64.70378203512519,3488,72.84799872658549,75.35948714535229
145,2,failed,integration error: model derivative became non-finite,14.192,6.801785084571357,23.463898432441056,32063,0,,0,,
145,3,success,,14.192,14.192,19.525672527961433,26216,3549,26.683263630520557,3549,40.906971009421866,40.91175611482859
145,4,success,,14.084,14.084,17.483286787755787,25206,3522,22.00932403180296,3522,35.161049442184435,35.15918214870299
145,312,success,,14.192,14.192,17.404602431692183,25015,3549,20.5143254711634,3549,41.595036574920655,41.628873949855766
145,620,success,,14.192,14.192,16.61783887259662,23363,3549,11.74980718076158,3549,42.12916677122953,42.12264075787085
145,622,failed,integration error: model derivative became non-finite,14.192,2.590095900171817,16.36346256174147,23958,0,,0,,
145,778,success,,14.192,14.192,17.92921162303537,25663,3549,22.585353487414057,3549,42.36885606829149,42.378849814379066
145,1088,success,,14.196,14.196,18.903465796262026,27133,3550,48.63240873463446,3550,65.41820405696508,65.42654068806152
145,1244,success,,14.084,14.084,19.505329785868526,26419,3522,46.9864515954618,3522,60.6838556620529,60.65432876277785
146,2,failed,integration error: model derivative became non-finite,14.192,8.226012294278865,24.427954269573092,34805,0,,0,,
146,3,success,,14.192,14.192,17.594549680128694,25647,3549,28.5157443780341,3549,41.49898466866168,41.49478000585155
146,4,success,,14.084,14.084,17.374753903597593,24411,3522,23.37115061654301,3522,36.325098178288606,36.32811981715893
146,312,success,,14.192,14.192,16.603924563154578,23837,3549,20.19913550507636,3549,40.76558935235499,40.73358930146823
146,620,success,,14.192,14.192,16.77128989994526,23393,3549,12.29144331212385,3549,42.06677555107264,42.0808066759512
146,622,failed,integration error: model derivative became non-finite,14.192,2.2327268425783435,13.431367406621575,19254,0,,0,,
146,778,success,,14.192,14.192,16.74767834506929,24743,3549,21.891247912454787,3549,40.690289965518986,40.68989658841932
146,1088,success,,14.196,14.196,19.050682332366705,26676,3550,47.03183542833815,3550,65.14877322099761,65.13640434046431
146,1244,success,,14.084,14.084,18.233580814674497,26991,3522,53.924740138799166,3522,66.19796648966498,66.24035926304244
147,2,success,,14.192,14.192,17.92829324118793,24113,3549,49.82370403845269,3549,61.550162688813806,61.54819163514335
147,3,success,,14.192,14.192,17.446538100019097,23445,3549,43.58956235208721,3549,51.58137296397596,51.57496885375521
147,4,success,,14.084,14.084,15.583187934011221,23034,3522,38.932877534464204,3522,47.85022960420197,47.85012111756528
147,312,success,,14.192,14.192,15.64596466254443,22625,3549,31.16282965501683,3549,47.2214755600924,47.20978843524663
147,620,success,,14.192,14.192,16.407129215076566,21902,3549,23.47364851590145,3549,47.08727236210836,47.083571681603495
147,622,success,,14.192,14.192,18.11555022932589,24794,3549,67.24929550031935,3549,78.22315224610574,78.22072890193388
147,778,success,,14.192,14.192,16.125907608307898,23193,3549,32.655805215302216,3549,49.451589302732216,49.453339124468506
147,1088,success,,14.196,14.196,16.976550998166203,23228,3550,48.0169428135726,3550,66.6241998622948,66.62178563393753
147,1244,success,,14.084,14.084,16.844749487005174,23957,3522,52.443602890648535,3522,63.64335206789494,63.64256298856201
148,2,failed,integration error: model derivative became non-finite,14.188,10.938115331420843,27.43357812985778,36210,0,,0,,
148,3,success,,14.188,14.188,16.30958411283791,21315,3548,33.17914790842532,3548,43.334028296380126,43.29601809893101
148,4,success,,14.08,14.08,6.881415497511625,8925,3521,3.711880067131527,3521,27.986819141698707,27.98785769627347
148,312,success,,14.188,14.188,14.898456584662199,19589,3548,21.599072779736865,3548,40.85301754685299,40.823932552268865
148,620,success,,14.188,14.188,14.221880489960313,18335,3548,12.359521801642375,3548,42.23954139032395,42.213330012075204
148,622,success,,14.188,14.188,16.287534814327955,21295,3548,46.6714720917247,3548,59.866543705491246,59.824246163956126
148,778,success,,14.188,14.188,15.658007921651006,20400,3548,26.20340966129808,3548,45.23987149672619,45.24262201075585
148,1088,success,,14.192,14.192,16.88686857558787,22036,3549,58.74388771965321,3549,74.7694772869467,74.60813222435283
148,1244,success,,14.08,14.08,16.63115893304348,21698,3521,36.19838334923412,3521,52.48587284964366,52.459605434609884
149,2,failed,integration error: model derivative became non-finite,14.188,12.571101613806226,24.309747911058366,35338,0,,0,,
149,3,success,,14.188,14.188,15.931249336339533,22417,3548,35.650633469574196,3548,45.49919663749706,45.54987946597682
149,4,success,,14.08,14.08,6.487744094803929,8903,3521,3.4109519510327093,3521,27.93816643142914,27.937441389634355
149,312,success,,14.188,14.188,15.560612346976995,20565,3548,21.759339374449702,3548,40.946976821375245,40.94010850580792
149,620,success,,14.188,14.188,13.430569861084223,18858,3548,13.045763834636942,3548,42.13990466476063,42.12492351654114
149,622,success,,14.188,14.188,15.808858113363385,22313,3548,49.98835608483569,3548,62.32444935288777,62.373812142486635
149,778,success,,14.188,14.188,16.277155864983797,21165,3548,26.862918534668744,3548,46.334001431834,46.32506746094728
149,1088,success,,14.192,14.192,15.8846834320575,22627,3549,60.06288987379283,3549,75.40347304463842,75.44854554823245
149,1244,success,,14.08,14.08,16.51223023701459,22079,3521,38.91547428696208,3521,53.38406819977474,53.45930231931432
150,2,success,,14.188,14.188,15.94840408116579,21833,3548,50.16182388089129,3548,61.72648736310663,61.731254597134914
150,3,success,,14.188,14.188,15.551623556762934,21089,3548,44.20044814288777,3548,51.733423352319825,51.743161967285474
150,4,success,,14.08,14.08,6.3752646166831255,9047,3521,2.741068068625872,3521,27.869693387334966,27.862724235416323
150,312,success,,14.188,14.188,13.603448094800115,19699,3548,28.209516666043196,3548,45.08596563909282,45.097391404813855
150,620,success,,14.188,14.188,14.812767933122814,19775,3548,20.560524911463315,3548,45.65544969778777,45.65226073478788
150,622,success,,14.188,14.188,15.721164512448013,21795,3548,49.06681549574979,3548,62.69055519721251,62.70168604004937
150,778,success,,14.188,14.188,13.887318939901888,19848,3548,34.43504591869295,3548,49.57884783827173,49.57138129960685
150,1088,success,,14.192,14.192,15.31750669516623,21965,3549,50.778004729804124,3549,68.13924004811506,68.10360573981121
150,1244,success,,14.08,14.08,15.634683440439403,21189,3521,46.094542743678375,3521,59.877466972829026,59.84516208371054
151,2,success,,14.176,14.176,7.55570618622005,11312,3545,30.945047794794146,3545,49.221334910488665,49.09115431330132
151,3,success,,14.176,14.176,7.122746095061302,10676,3545,26.210637394890355,3545,40.33708180856842,40.50076223622163
151,4,success,,14.068,14.068,6.288782270625234,9379,3518,3.9472675860165674,3518,28.094746673548507,28.116775066835686
151,312,success,,14.176,14.176,7.201499871909618,10834,3545,20.94362853042302,3545,40.76349158359066,40.72154748467537
151,620,success,,14.176,14.176,6.4486406072974205,9444,3545,4.843326094775531,3545,40.69668407517666,40.70987576247042
151,622,success,,14.176,14.176,7.4666183441877365,10985,3545,29.004195139687777,3545,48.20889898132112,48.10332201398611
151,778,success,,14.176,14.176,7.181359024718404,10812,3545,25.277582996717943,3545,43.88215524234181,43.99492977008001
151,1088,success,,14.18,14.18,7.220067983493209,10599,3546,23.51833571288665,3546,50.33528487636994,50.49869231431658
151,1244,success,,14.068,14.068,7.500940395519137,11282,3518,29.415274375165968,3518,47.39335143054717,47.26213518829306
152,2,success,,14.176,14.176,8.946493002586067,11676,3545,32.145839832498176,3545,50.17957159206206,50.01307758566991
152,3,success,,14.176,14.176,7.737197665497661,10841,3545,27.286114784154933,3545,41.06684634709451,41.23083329930888
152,4,success,,14.068,14.068,7.5469663720577955,8948,3518,4.194972321458779,3518,28.138400057586463,28.159476374732307
152,312,success,,14.176,14.176,7.687193191610277,10768,3545,21.821976119312975,3545,41.29208695968642,41.21968807976643
152,620,success,,14.176,14.176,7.885536341927946,10037,3545,5.1390703451284265,3545,40.76382142204085,40.771844779258494
152,622,success,,14.176,14.176,8.653169066645205,11049,3545,30.3020757945054,3545,49.31240593236837,49.1980487342145
152,778,success,,14.176,14.176,7.911204907111824,11325,3545,26.219325794551985,3545,44.4090408570586,44.552690765427215
152,1088,success,,14.18,14.18,8.789513755589724,10918,3546,24.60194618376671,3546,50.75772731811366,50.87335108305324
152,1244,success,,14.068,14.068,8.051697044633329,11512,3518,30.602011690392644,3518,48.35352080979165,48.275377390887094
153,2,success,,14.176,14.176,9.376752405427396,12236,3545,33.06121228335205,3545,50.56809759778154,50.41539750081786
153,3,success,,14.176,14.176,9.379289778880775,12248,3545,28.60773864124908,3545,41.71593789564524,41.96359561870284
153,4,success,,14.068,14.068,7.375683908350766,10264,3518,5.318883425561511,3518,28.216028051892366,28.217415587832313
153,312,success,,14.176,14.176,8.808838396333158,11659,3545,23.193074375948576,3545,42.70864582063075,42.79936695941921
153,620,success,,14.176,14.176,8.511274470947683,11057,3545,6.234290732535194,3545,40.77892476845752,40.789633465775346
153,622,success,,14.176,14.176,9.258809228427708,12281,3545,32.07889031823421,3545,48.49675191749291,48.65348004846279
153,778,success,,14.176,14.176,9.141171873547137,12033,3545,26.60590719496825,3545,43.47653382401742,43.57348011777598
153,1088,success,,14.18,14.18,9.179623986594379,12165,3546,26.445230384064683,3546,53.01672055363333,52.86629293076747
153,1244,success,,14.068,14.068,9.217920171096921,12137,3518,31.974786433058057,3518,51.340302925901405,51.04992184332755
154,2,failed,integration error: model derivative became non-finite,14.184000000000001,7.897845257588391,102.51006577908993,60147,0,,0,,
154,3,failed,integration error: model derivative became non-finite,14.184000000000001,11.32460889436686,119.18902049027383,69306,0,,0,,
154,4,failed,integration error: model derivative became non-finite,14.076,2.2108694263544226,81.06934327632189,47226,0,,0,,
154,312,failed,integration error: model derivative became non-finite,14.184000000000001,8.665629984012348,103.54274428635836,60408,0,,0,,
154,620,success,,14.184000000000001,14.184000000000001,95.72485257126391,55634,3547,11.508502052582655,3547,42.13890311000473,42.151143669230436
154,622,failed,integration error: model derivative became non-finite,14.184000000000001,2.447906751690885,80.72324226610363,47288,0,,0,,
154,778,success,,14.184000000000001,14.184000000000001,90.28077470883727,52280,3547,21.29580865853049,3547,40.34606487813337,40.37130601226454
154,1088,success,,14.188,14.188,77.68444614298642,45224,3548,52.69025226555854,3548,69.00129296840777,68.82094835426412
154,1244,failed,integration error: model derivative became non-finite,14.076,5.85823084453685,90.58304039947689,52598,0,,0,,
155,2,failed,integration error: model derivative became non-finite,14.184000000000001,7.251420293306668,69.7622457947582,47386,0,,0,,
155,3,failed,integration error: model derivative became non-finite,14.184000000000001,9.646616270693109,69.3641984462738,46961,0,,0,,
155,4,failed,integration error: model derivative became non-finite,14.076,1.0790255565197364,46.00679664500058,31081,0,,0,,
155,312,failed,integration error: model derivative became non-finite,14.184000000000001,7.9772075885787945,71.55382787808776,48702,0,,0,,
155,620,success,,14.184000000000001,14.184000000000001,75.9244666043669,50893,3547,26.703315940829352,3547,48.49964235746355,48.48169485600515
155,622,failed,integration error: model derivative became non-finite,14.184000000000001,0.9655428138167986,44.45508926175535,30241,0,,0,,
155,778,failed,integration error: model derivative became non-finite,14.184000000000001,3.74140582287217,53.09870936721563,36016,0,,0,,
155,1088,failed,integration error: model derivative became non-finite,14.188,13.580114631160212,152.0092844851315,102804,0,,0,,
155,1244,failed,integration error: model derivative became non-finite,14.076,8.620275846277824,80.08408952318132,54330,0,,0,,
156,2,failed,integration error: model derivative became non-finite,14.184000000000001,4.579441868810358,41.67133848834783,27861,0,,0,,
156,3,failed,integration error: model derivative became non-finite,14.184000000000001,4.625579820958801,45.77896993141621,30576,0,,0,,
156,4,failed,integration error: model derivative became non-finite,14.076,1.723504069898993,32.37582603190094,19708,0,,0,,
156,312,failed,integration error: model derivative became non-finite,14.184000000000001,4.570050695397512,42.212178170681,28138,0,,0,,
156,620,failed,integration error: model derivative became non-finite,14.184000000000001,4.038181330542702,41.295005857013166,26990,0,,0,,
156,622,failed,integration error: model derivative became non-finite,14.184000000000001,1.020406864937129,26.999876089394093,17696,0,,0,,
156,778,failed,integration error: model derivative became non-finite,14.184000000000001,3.35489010606835,36.574876906350255,24285,0,,0,,
156,1088,failed,integration error: model derivative became non-finite,14.188,2.9672760360632053,37.40448705293238,22864,0,,0,,
156,1244,failed,integration error: model derivative became non-finite,14.076,6.359403016590432,49.71138786803931,33046,0,,0,,
157,2,success,,14.172,14.172,42.60921631101519,25398,3544,128.6958877334097,3544,134.95661086349574,132.727377789388
157,3,success,,14.172,14.172,42.36270494107157,25201,3544,127.52361372665769,3544,131.15434184094858,128.8038783007391
157,4,success,,14.064,14.064,50.380555554293096,31331,3517,87.58828522722081,3517,90.84138127791965,89.22617171312275
157,312,success,,14.172,14.172,44.04632260650396,26423,3544,119.09748258025627,3544,124.91019068611779,122.8294910430945
157,620,success,,14.172,14.172,49.29905743524432,29028,3544,102.0806975148143,3544,111.7222493914152,109.84760714333453
157,622,success,,14.172,14.172,42.7428276007995,25295,3544,130.88808787614406,3544,137.10995329239248,134.6870576824364
157,778,success,,14.172,14.172,53.95811162609607,32322,3544,88.63981759652789,3544,96.43060397167469,94.72519497517642
157,1088,success,,14.176,14.176,45.97106990031898,27232,3545,119.42205342890325,3545,128.78779065355778,126.85503689124693
157,1244,success,,14.064,14.064,53.0282294023782,31702,3517,91.91278834819141,3517,98.21301542051076,96.43242559086245
158,2,success,,14.172,14.172,53.688157960772514,32041,3544,94.9377748038765,3544,104.17420820663324,102.97741021505308
158,3,success,,14.172,14.172,48.86646429169923,29393,3544,97.8192200369594,3544,102.15804379250622,100.85371432957746
158,4,success,,14.064,14.064,61.947050239890814,36895,3517,61.70794247202154,3517,68.25650564521294,67.39391701130701
158,312,success,,14.172,14.172,53.78461880143732,33308,3544,82.67387767113539,3544,88.6901007055949,87.64717116213069
158,620,success,,14.172,14.172,61.93865703698248,36624,3544,67.90749782896972,3544,77.81700691603676,77.060051071891
158,622,success,,14.172,14.172,53.88884495198727,32061,3544,97.54017105625397,3544,103.40046731214562,102.2384682190203
158,778,success,,14.172,14.172,58.54750437941402,38815,3544,63.73217540987027,3544,72.69872666863806,72.15657968661215
158,1088,success,,14.176,14.176,57.001539641059935,33539,3545,91.7987549650361,3545,103.76879581424484,102.61505259051812
158,1244,success,,14.064,14.064,52.84354624990374,31508,3517,98.79185518476375,3517,105.60382036049366,104.46307830816862
159,2,success,,14.172,14.172,71.15727671049535,42816,3544,77.53086464688243,3544,87.9931193783504,87.92128049779483
159,3,success,,14.172,14.172,66.87959387525916,42872,3544,77.52156414906895,3544,82.85118815926528,82.79421750985533
159,4,success,,14.064,14.064,67.21139295492321,43774,3517,71.53249438745043,3517,76.64933800680143,76.65524950936184
159,312,success,,14.172,14.172,65.25425952114165,42025,3544,70.09905628211415,3544,77.60273475371734,77.56790537235155
159,620,success,,14.172,14.172,69.15444693807513,44334,3544,72.87302221341531,3544,82.10993855819122,82.12331058132119
159,622,success,,14.172,14.172,66.73668271582574,43129,3544,76.84971704610432,3544,85.74247891763368,85.6893267542236
159,778,success,,14.172,14.172,67.39362332969904,43852,3544,75.26717202900336,3544,84.04360039041376,83.95500288854872
159,1088,success,,14.176,14.176,66.59137389343232,42477,3545,76.60062314440262,3545,88.40661512923415,88.36922918424617
159,1244,success,,14.064,14.064,65.36496830452234,42557,3517,79.24025225619215,3517,87.11043197667115,87.02329228164534
160,2,success,,14.136000000000001,14.136000000000001,39.612270129844546,26511,3535,37.08474153564498,3535,52.12669033863841,53.009854332716735
160,3,success,,14.136000000000001,14.136000000000001,32.85622546635568,22293,3535,65.06907115011585,3535,69.08558193907342,66.32826357263012
160,4,success,,14.028,14.028,41.33088089898229,28378,3508,23.341125758562136,3508,37.05536044752968,39.104154320581635
160,312,failed,integration error: model derivative became non-finite,14.136000000000001,7.610206442132715,36.510494001209736,24583,0,,0,,
160,620,success,,14.136000000000001,14.136000000000001,43.35733139514923,29014,3535,30.665831631504673,3535,51.85785986271645,53.32166547949328
160,622,success,,14.136000000000001,14.136000000000001,41.07479444518685,27572,3535,39.814213467738895,3535,54.03101479428353,55.02832814922832
160,778,failed,integration error: model derivative became non-finite,14.136000000000001,11.29558488861358,47.98343518562615,32663,0,,0,,
160,1088,success,,14.14,14.14,38.60432655736804,25947,3536,64.59419446236933,3536,78.006760807941,75.29083038953824
160,1244,failed,integration error: model derivative became non-finite,14.028,1.4842465504882039,22.686895675957203,15541,0,,0,,
161,2,success,,14.136000000000001,14.136000000000001,38.11036403197795,24488,3535,56.24187303250524,3535,67.33980107061085,64.76834016121315
161,3,failed,integration error: model derivative became non-finite,14.136000000000001,9.394917948268247,48.75070161372423,30528,0,,0,,
161,4,success,,14.028,14.028,42.792332515120506,27766,3508,27.450388392415984,3508,40.12052656103923,42.100357239194345
161,312,failed,integration error: model derivative became non-finite,14.136000000000001,10.898271964325122,42.55763398017734,27988,0,,0,,
161,620,success,,14.136000000000001,14.136000000000001,43.557781423442066,27723,3535,42.468740263338326,3535,58.60908182412951,58.285676885100756
161,622,success,,14.136000000000001,14.136000000000001,39.87361994385719,25646,3535,65.71259073396907,3535,77.343371174871,72.93208392355449
161,778,failed,integration error: model derivative became non-finite,14.136000000000001,9.79615750082564,47.942128609865904,30058,0,,0,,
161,1088,failed,integration error: model derivative became non-finite,14.14,11.196528508479226,53.66731220949441,34820,0,,0,,
161,1244,failed,integration error: model derivative became non-finite,14.028,1.4885120303987895,26.035266891121864,15710,0,,0,,
162,2,success,,14.136000000000001,14.136000000000001,49.49620693549514,29471,3535,38.581264285287155,3535,52.52029740548631,52.7673889131867
162,3,success,,14.136000000000001,14.136000000000001,45.94924202002585,27402,3535,49.11740948835133,3535,58.26815580064982,57.434462485125714
162,4,success,,14.028,14.028,50.37405741773546,31999,3508,31.82537571857665,3508,42.08307935242574,43.11042773661149
162,312,success,,14.136000000000001,14.136000000000001,38.72750448156148,22826,3535,59.592692816022534,3535,68.59659788500048,67.19030772044928
162,620,success,,14.136000000000001,14.136000000000001,53.63613733369857,31593,3535,34.44484524099051,3535,54.11161991188639,54.981418951556186
162,622,success,,14.136000000000001,14.136000000000001,45.65017334371805,28703,3535,51.978095825931284,3535,63.587247839608864,63.80410582196009
162,778,success,,14.136000000000001,14.136000000000001,45.851602874696255,27021,3535,51.59195403298422,3535,62.02729653680985,61.0864979093985
162,1088,success,,14.14,14.14,42.49071590323001,28008,3536,51.98983187081471,3536,69.58960944378927,69.36494872661369
162,1244,failed,integration error: model derivative became non-finite,14.028,1.729619740082068,26.50890603661537,16198,0,,0,,
163,2,success,,14.176,14.176,118.83287636935711,45937,3545,119.30797024171979,3545,125.2873065539326,124.94901773204641
163,3,success,,14.176,14.176,116.6738295070827,45189,3545,123.35234072747167,3545,127.09051268862535,126.81432000670893
163,4,success,,14.068,14.068,224.30696368403733,86540,3518,24.871713265800146,3518,37.18924058592271,37.865488584283256
163,312,success,,14.176,14.176,120.18799528852105,46569,3545,109.32676022962305,3545,113.84770953468927,113.63390106055238
163,620,success,,14.176,14.176,163.90575809963048,62359,3545,20.107446089354397,3545,45.065360164063975,45.11733029004716
163,622,success,,14.176,14.176,145.15774027444422,55668,3545,59.7539374247232,3545,71.80257494604382,71.87058581397847
163,778,success,,14.176,14.176,171.33818260394037,66505,3545,32.79721694337883,3545,47.23653647861523,47.57298699303161
163,1088,success,,14.18,14.18,126.51474623009562,48356,3546,98.73313047059459,3546,109.21617540988984,109.04341480438376
163,1244,success,,14.068,14.068,113.09880073554814,43753,3518,148.06948407263576,3518,151.8921191513229,151.4166506875798
164,2,failed,integration error: model derivative became non-finite,14.176,13.13387242480881,263.509249410592,86076,0,,0,,
164,3,success,,14.176,14.176,159.2651070235297,52765,3545,202.97424758728764,3545,206.17172779216207,166.31403792049082
164,4,success,,14.068,14.068,308.74225828703493,100370,3518,16.986530127408532,3518,32.44706905000377,32.67822866159496
164,312,success,,14.176,14.176,157.3514072811231,56543,3545,66.74808085091432,3545,76.33359168780355,76.22579618523756
164,620,success,,14.176,14.176,229.2237917892635,74065,3545,26.418526702027716,3545,47.797620372257256,47.9366574632002
164,622,success,,14.176,14.176,173.64024479780346,56572,3545,78.09916995828881,3545,85.9818706060648,85.98369616815909
164,778,success,,14.176,14.176,166.67996536102146,60034,3545,49.112802208639266,3545,60.67947762249284,60.74654324636416
164,1088,success,,14.18,14.18,162.08007203415036,54013,3546,112.9982545146667,3546,121.4051761644582,121.12205161283455
164,1244,failed,integration error: model derivative became non-finite,14.068,11.60400331367069,232.1389896897599,79656,0,,0,,
165,2,success,,14.176,14.176,220.8656362555921,82466,3545,51.105606297852646,3545,64.87532609957695,64.88609187695691
165,3,success,,14.176,14.176,220.35639106109738,82645,3545,47.37349036547097,3545,56.06123964116334,56.03938827428612
165,4,success,,14.068,14.068,227.26201976835728,85191,3518,49.49794940004645,3518,56.623046460055384,56.66007465482521
165,312,success,,14.176,14.176,235.65027230791748,87316,3545,48.64027878731609,3545,60.07753677347473,60.05779915908795
165,620,success,,14.176,14.176,228.49610578268766,84064,3545,55.0606590125312,3545,68.15849317131693,68.19260920105066
165,622,success,,14.176,14.176,220.92769619077444,82671,3545,61.120549917815744,3545,72.97146893767153,73.0022114309854
165,778,success,,14.176,14.176,220.3640699312091,81649,3545,57.00046848309744,3545,67.16927900021969,67.15309267164537
165,1088,success,,14.18,14.18,234.07960923947394,87348,3546,47.34712979353563,3546,65.87295386763793,65.90469179036344
165,1244,success,,14.068,14.068,225.8428884651512,83833,3518,59.31242615840951,3518,69.8169519773827,69.80320374229109
166,2,failed,integration error: model derivative became non-finite,14.156,13.333243311712058,128.98726456426084,47243,0,,0,,
166,3,failed,integration error: model derivative became non-finite,14.156,7.715846069254486,86.0450210981071,31294,0,,0,,
166,4,success,,14.048,14.048,157.82921241782606,57554,3513,44.62968156668507,3513,52.07727008125468,53.87443842076353
166,312,success,,14.156,14.156,132.23905660025775,48315,3540,46.00319587356766,3540,57.46069661187455,57.51002111897379
166,620,success,,14.156,14.156,176.9056375697255,64092,3540,42.33292316818878,3540,58.510890257585984,60.30359877602398
166,622,success,,14.156,14.156,143.3341144695878,51557,3540,47.958752139435084,3540,60.560578215991754,61.33597391756676
166,778,failed,integration error: model derivative became non-finite,14.156,9.083424160137817,95.39281338080764,34939,0,,0,,
166,1088,failed,integration error: model derivative became non-finite,14.16,8.71170873287999,95.41567079909146,34719,0,,0,,
166,1244,success,,14.048,14.048,120.00978077761829,43832,3513,79.4345522790863,3513,88.12667974450493,87.4171139550484
167,2,failed,integration error: model derivative became non-finite,14.156,10.443538162008798,140.49286851473153,51755,0,,0,,
167,3,success,,14.156,14.156,112.53956134524196,41340,3540,96.37083391108126,3540,101.11127212142682,99.67770952279442
167,4,failed,integration error: model derivative became non-finite,14.048,12.045434516246122,184.19851522240788,65036,0,,0,,
167,312,success,,14.156,14.156,133.46630393434316,48956,3540,69.48138731424964,3540,76.61975413823983,76.26658242723151
167,620,failed,integration error: model derivative became non-finite,14.156,12.783134238602786,191.51207242254168,69928,0,,0,,
167,622,failed,integration error: model derivative became non-finite,14.156,8.202116329319782,121.85473348759115,44547,0,,0,,
167,778,failed,integration error: model derivative became non-finite,14.156,9.329245133841663,143.20869102794677,52016,0,,0,,
167,1088,failed,integration error: model derivative became non-finite,14.16,10.892496973017456,136.23015002161264,49936,0,,0,,
167,1244,failed,integration error: model derivative became non-finite,14.048,6.405329085356351,104.29175394587219,37013,0,,0,,
168,2,success,,14.156,14.156,81.25628588348627,30968,3540,172.06441236039646,3540,177.01393115679312,177.23298293260774
168,3,success,,14.156,14.156,84.93689454905689,32350,3540,161.510049036304,3540,164.70759578497209,164.90832037495804
168,4,success,,14.048,14.048,84.19621396437287,32139,3513,163.29556433892103,3513,166.242786933928,166.60600002994315
168,312,success,,14.156,14.156,90.78536911681294,34633,3540,152.4443768619757,3540,155.27912955700293,155.68496781596693
168,620,success,,14.156,14.156,86.27116047590971,32586,3540,163.97993972628447,3540,169.45011203554355,169.78243978912724
168,622,success,,14.156,14.156,83.70257210731506,31946,3540,165.0134962827717,3540,169.12104481890321,169.43672479765334
168,778,success,,14.156,14.156,81.31585017032921,31021,3540,171.85909881711208,3540,175.46290943225412,175.750449540288
168,1088,success,,14.16,14.16,85.71763740479946,32600,3541,159.72559319329415,3541,165.57414632655446,165.9725549391065
168,1244,success,,14.048,14.048,81.87041461840272,31128,3513,168.35380922191862,3513,172.70716510994106,173.08372813574817
169,2,success,,14.096,14.096,84.64462593011558,27043,3525,56.49662220118897,3525,70.62819846503139,69.8656896636928
169,3,success,,14.096,14.096,88.19164559803903,31450,3525,28.346730397245558,3525,39.504329314177944,42.520218913514476
169,4,success,,13.988,13.988,98.92331757582724,31781,3498,31.04845669823054,3498,41.663159125342894,43.88812244668193
169,312,success,,14.096,14.096,81.31873075664043,25644,3525,63.09278615906188,3525,70.54453400840049,69.59274954798667
169,620,success,,14.096,14.096,87.83189522475004,27988,3525,52.67690882980336,3525,65.6203139676139,65.99972598716869
169,622,success,,14.096,14.096,101.89065887592733,32613,3525,38.556021635772005,3525,53.01622582279316,55.166549073940736
169,778,success,,14.096,14.096,84.0814154278487,26716,3525,60.102308033205425,3525,70.48062961475705,69.97825433697616
169,1088,success,,14.1,14.1,98.45246635377407,31338,3526,37.42088393287888,3526,58.34061187029177,59.078463429721296
169,1244,success,,13.988,13.988,68.18017248623073,23999,3498,75.79124522023913,3498,84.96343752665989,82.79527362108085
170,2,success,,14.096,14.096,76.54438017122447,29227,3525,45.20322514358748,3525,61.427564368226854,62.00378546231059
170,3,success,,14.096,14.096,84.40675527974963,32283,3525,22.080825559098106,3525,36.39019828064387,38.8152085416902
170,4,success,,13.988,13.988,89.83234400115907,34048,3498,21.723785914810723,3498,35.63160235725674,39.145421335302586
170,312,success,,14.096,14.096,74.86054007522762,28460,3525,54.15536942033284,3525,62.618478601130164,62.829204879724074
170,620,success,,14.096,14.096,82.89682909846306,31107,3525,39.173987286017564,3525,55.31291469765317,56.098968014060084
170,622,success,,14.096,14.096,88.41964164189994,33019,3525,26.627061156122142,3525,46.037790416651845,48.71588196050085
170,778,success,,14.096,14.096,74.94652617163956,28506,3525,50.16471698546961,3525,61.931081513108296,61.680645464838555
170,1088,success,,14.1,14.1,86.86555585451424,32735,3526,26.99252586709296,3526,52.06763834143778,55.1491107982263
170,1244,success,,13.988,13.988,61.73465555720031,23535,3498,70.55039449678817,3498,80.31493927062746,78.39009364043946
171,2,success,,14.096,14.096,95.7917952761054,35033,3525,51.76333544425707,3525,66.14744519558771,67.25928561604537
171,3,failed,integration error: model derivative became non-finite,14.096,2.183948397855902,50.634739386849105,18711,0,,0,,
171,4,success,,13.988,13.988,107.23199247289449,39147,3498,25.794825511008014,3498,37.46803190203311,42.57574551953416
171,312,success,,14.096,14.096,91.49672176968306,33487,3525,36.83131929176431,3525,51.39497200742342,51.759013097472995
171,620,success,,14.096,14.096,105.40353104937822,38190,3525,34.338207306064305,3525,52.69509793217725,55.79458282351531
171,622,success,,14.096,14.096,110.2930302284658,40287,3525,24.288022333038548,3525,45.035795048398235,49.36638314117909
171,778,success,,14.096,14.096,98.15270984638482,35895,3525,38.32386294714423,3525,52.20675952777555,55.28139487686542
171,1088,failed,integration error: model derivative became non-finite,14.1,3.6567082479886563,61.43528955243528,22572,0,,0,,
171,1244,success,,13.988,13.988,75.51535523217171,27669,3498,73.79511991493982,3498,85.5274600685225,83.76792652557658
172,2,success,,14.168000000000001,14.168000000000001,288.63020680006593,64413,3543,80.90289234779638,3543,90.27631568598687,90.31196819676163
172,3,success,,14.168000000000001,14.168000000000001,235.12519130297005,52751,3543,77.85504836430117,3543,81.85336499582584,81.7642332249065
172,4,success,,14.06,14.06,321.74789383169264,67406,3516,84.5880215073893,3516,88.28969095479943,88.32325028752692
172,312,success,,14.168000000000001,14.168000000000001,244.44715981278569,55860,3543,51.465805662643035,3543,62.44633604083389,62.34525041707002
172,620,success,,14.168000000000001,14.168000000000001,371.9331768080592,81592,3543,74.2901959089701,3543,83.06221285220842,83.06470912677591
172,622,failed,integration error: model derivative became non-finite,14.168000000000001,9.659097285366498,325.93456969223917,68216,0,,0,,
172,778,failed,integration error: model derivative became non-finite,14.168000000000001,12.885795904870193,355.74287791829556,79488,0,,0,,
172,1088,success,,14.172,14.172,282.4628379046917,58780,3544,64.46352469092932,3544,79.20725187493875,79.24097598020684
172,1244,failed,integration error: model derivative became non-finite,14.06,13.338676263218737,367.6455486500636,81910,0,,0,,
173,2,failed,integration error: model derivative became non-finite,14.168000000000001,0.790613852398444,134.80921075120568,26989,0,,0,,
173,3,failed,integration error: model derivative became non-finite,14.168000000000001,0.9161789032132714,137.68770113028586,27423,0,,0,,
173,4,failed,integration error: model derivative became non-finite,14.06,0.8443167569639237,85.80250466428697,17151,0,,0,,
173,312,failed,integration error: model derivative became non-finite,14.168000000000001,3.129368904998114,137.03155916370451,27038,0,,0,,
173,620,failed,integration error: model derivative became non-finite,14.168000000000001,1.578571424459435,102.31516858935356,20296,0,,0,,
173,622,failed,integration error: model derivative became non-finite,14.168000000000001,1.0985349421677562,127.71827502734959,28330,0,,0,,
173,778,failed,integration error: model derivative became non-finite,14.168000000000001,0.10038050950581187,70.39745010621846,14014,0,,0,,
173,1088,failed,integration error: model derivative became non-finite,14.172,1.3670897001206115,95.56552790850401,18976,0,,0,,
173,1244,failed,integration error: model derivative became non-finite,14.06,1.1207209780702911,91.6362989358604,18171,0,,0,,
174,2,failed,integration error: model derivative became non-finite,14.168000000000001,0.1536243006583011,57.978799840435386,14243,0,,0,,
174,3,failed,integration error: model derivative became non-finite,14.168000000000001,0.7891440007526359,65.86167494393885,16200,0,,0,,
174,4,failed,integration error: model derivative became non-finite,14.06,0.32348256017599647,99.62513976916671,24156,0,,0,,
174,312,failed,integration error: model derivative became non-finite,14.168000000000001,1.4881021379633381,96.88606276549399,23784,0,,0,,
174,620,failed,integration error: model derivative became non-finite,14.168000000000001,2.032882384179757,98.16834669932723,23800,0,,0,,
174,622,failed,integration error: model derivative became non-finite,14.168000000000001,1.9873851137644498,129.45577991753817,31595,0,,0,,
174,778,failed,integration error: model derivative became non-finite,14.168000000000001,0.1085342313701314,94.1613503638655,23151,0,,0,,
174,1088,failed,integration error: model derivative became non-finite,14.172,2.419320246090733,159.2106339931488,38678,0,,0,,
174,1244,failed,integration error: model derivative became non-finite,14.06,2.55385692938731,110.50024389661849,27077,0,,0,,
175,2,failed,integration error: model derivative became non-finite,14.14,7.2445795753666955,144.91653475351632,34748,0,,0,,
175,3,success,,14.14,14.14,167.23702361434698,39974,3536,64.39176334625968,3536,72.157104412765,70.75377801295724
175,4,success,,14.032,14.032,227.66962623409927,54186,3509,19.278872487813246,3509,33.236093510840696,33.791186464542164
175,312,success,,14.14,14.14,215.50678024627268,51424,3536,32.115477418387925,3536,47.429363371793485,47.69538788812717
175,620,failed,integration error: model derivative became non-finite,14.14,12.26699822443165,199.84257110767066,47406,0,,0,,
175,622,success,,14.14,14.14,227.75733981654048,54340,3536,30.614018237999183,3536,48.353392395002516,48.668527234236805
175,778,failed,integration error: model derivative became non-finite,14.14,6.124530387919272,120.34275981225073,28771,0,,0,,
175,1088,failed,integration error: model derivative became non-finite,14.144,9.099088246800159,157.7250880226493,37401,0,,0,,
175,1244,success,,14.032,14.032,204.5402188114822,48762,3509,58.86606103457976,3509,70.1106788681027,69.40323714345625
176,2,failed,integration error: model derivative became non-finite,14.14,0.8735297870931388,81.66899536550045,16127,0,,0,,
176,3,failed,integration error: model derivative became non-finite,14.14,0.9427101707025219,84.52708783745766,16713,0,,0,,
176,4,failed,integration error: model derivative became non-finite,14.032,2.0391389005191836,110.33774617500603,21893,0,,0,,
176,312,failed,integration error: model derivative became non-finite,14.14,1.1171207931336498,72.98667600937188,16885,0,,0,,
176,620,failed,integration error: model derivative became non-finite,14.14,0.9791891136523019,91.33845673687756,18014,0,,0,,
176,622,failed,integration error: model derivative became non-finite,14.14,1.527633421713583,96.76597480662167,19279,0,,0,,
176,778,failed,integration error: model derivative became non-finite,14.14,0.5220881623587489,76.1567560043186,15006,0,,0,,
176,1088,failed,integration error: model derivative became non-finite,14.144,0.821546998716845,81.58666869625449,16168,0,,0,,
176,1244,failed,integration error: model derivative became non-finite,14.032,0.8774565514803869,83.94252349622548,16581,0,,0,,
177,2,failed,integration error: model derivative became non-finite,14.14,2.1500397065352166,145.12622226122767,31885,0,,0,,
177,3,failed,integration error: model derivative became non-finite,14.14,1.5911431015804984,140.61429648753256,29777,0,,0,,
177,4,failed,integration error: model derivative became non-finite,14.032,2.7852762885460542,132.35148519463837,30255,0,,0,,
177,312,failed,integration error: model derivative became non-finite,14.14,3.199942055522291,165.89545118622482,35738,0,,0,,
177,620,failed,integration error: model derivative became non-finite,14.14,2.7639149749032352,169.30537871085107,35040,0,,0,,
177,622,failed,integration error: model derivative became non-finite,14.14,2.8414421837687818,168.78039235249162,34834,0,,0,,
177,778,failed,integration error: model derivative became non-finite,14.14,1.2064607769368914,138.65554139669985,29295,0,,0,,
177,1088,failed,integration error: model derivative became non-finite,14.144,2.4287754493173157,137.05838207248598,30630,0,,0,,
177,1244,failed,integration error: model derivative became non-finite,14.032,4.640708439365049,162.68652103934437,35295,0,,0,,
178,2,success,,14.056000000000001,14.056000000000001,138.11750061623752,32030,3515,42.876762177769514,3515,59.7627522003191,59.11100904390787
178,3,success,,14.056000000000001,14.056000000000001,139.1381883136928,32617,3515,22.13728747431687,3515,38.64069983609628,40.70373091968875
178,4,success,,13.948,13.948,146.89640886709094,33932,3488,27.11374592384899,3488,38.15965347414446,41.196662694641795
178,312,success,,14.056000000000001,14.056000000000001,134.68235414661467,31163,3515,38.59248106697232,3515,52.740319594260036,51.999383606828445
178,620,success,,14.056000000000001,14.056000000000001,146.77776047959924,33735,3515,26.619555084737716,3515,49.37584357936722,50.706056273382515
178,622,success,,14.056000000000001,14.056000000000001,145.18970991112292,33447,3515,29.987050732361617,3515,48.580863111864744,50.233354779417844
178,778,success,,14.056000000000001,14.056000000000001,138.36798237264156,32694,3515,40.44749437832411,3515,54.07094517115064,54.08677837271878
178,1088,success,,14.06,14.06,145.04251009225845,33602,3516,29.75366674282621,3516,56.45148620846036,57.651469911385455
178,1244,success,,13.948,13.948,132.98841024935246,30899,3488,34.21412818221108,3488,51.009798208899504,51.600795392244876
179,2,success,,14.056000000000001,14.056000000000001,131.85366693511605,31440,3515,47.96323556449778,3515,63.745026786072465,62.88412135969274
179,3,success,,14.056000000000001,14.056000000000001,137.30191168375313,32877,3515,23.701765093859333,3515,39.588836888051,41.52203474175616
179,4,success,,13.948,13.948,140.80920863896608,33438,3488,26.237197892608215,3488,36.97957437822864,39.7784474459466
179,312,failed,integration error: model derivative became non-finite,14.056000000000001,12.589543693402739,172.7130650114268,41227,0,,0,,
179,620,success,,14.056000000000001,14.056000000000001,144.74874263256788,34184,3515,27.203678877067173,3515,48.94685973548117,50.60884781605088
179,622,success,,14.056000000000001,14.056000000000001,144.03594154305756,34272,3515,26.830682624261993,3515,47.13446277978357,48.365584535398035
179,778,success,,14.056000000000001,14.056000000000001,137.51534266211092,32992,3515,41.8390655971098,3515,54.820101733514534,54.39950341662845
179,1088,success,,14.06,14.06,145.55323538556695,34544,3516,26.398657478894375,3516,54.29634764673618,55.53923548580357
179,1244,success,,13.948,13.948,138.3024939056486,33226,3488,36.73929482817482,3488,52.530450336176834,52.47842650946081
180,2,success,,14.056000000000001,14.056000000000001,159.6157503137365,34971,3515,30.268270826647797,3515,48.994606417540346,48.54734507569546
180,3,failed,integration error: model derivative became non-finite,14.056000000000001,9.35996069783061,169.004845100455,38094,0,,0,,
180,4,success,,13.948,13.948,160.37844122201204,36559,3488,26.109884036581484,3488,37.89541091545756,38.71838776534769
180,312,failed,integration error: model derivative became non-finite,14.056000000000001,6.2074517601308825,129.12268564570695,29344,0,,0,,
180,620,failed,integration error: model derivative became non-finite,14.056000000000001,7.096306813401859,149.62454959843308,33583,0,,0,,
180,622,failed,integration error: model derivative became non-finite,14.056000000000001,3.9992749989318805,115.37793690338731,25155,0,,0,,
180,778,failed,integration error: model derivative became non-finite,14.056000000000001,12.648919148701589,200.87992032710463,45202,0,,0,,
180,1088,success,,14.06,14.06,160.6051340783015,36542,3516,39.753347312116034,3516,62.78962817758711,63.42001901680016
180,1244,failed,integration error: model derivative became non-finite,13.948,3.0151601635987215,95.88030094280839,21035,0,,0,,
181,2,success,,14.192,14.192,34.082828467711806,29388,3549,31.686679827409566,3549,49.649263690498174,49.65182173411227
181,3,success,,14.192,14.192,29.00899544917047,25018,3549,15.200606628859218,3549,34.196928043275726,34.178519251234604
181,4,success,,14.084,14.084,27.954025423154235,24189,3522,13.013810175407322,3522,30.72093792054299,30.689625660806705
181,312,success,,14.192,14.192,27.672278797253966,23879,3549,12.201933301997185,3549,37.87501957699503,37.88797919337766
181,620,success,,14.192,14.192,25.980920998379588,22158,3549,7.3761503505458546,3549,41.469461131904964,41.4644392472966
181,622,success,,14.192,14.192,12.467869982123375,10731,3549,1955.0257842457854,3549,1953.9014929941725,1810.139923450119
181,778,success,,14.192,14.192,28.14731203019619,24363,3549,13.660279656441995,3549,38.18748320651656,38.199798802632166
181,1088,success,,14.196,14.196,30.59867536649108,26291,3550,21.761571598139057,3550,49.53066013567199,49.539364439367176
181,1244,success,,14.084,14.084,30.480978104285896,26343,3522,21.34318819923691,3522,43.84277879736631,43.84459342225295
182,2,success,,14.192,14.192,41.21460338309407,33410,3549,45.93512759462339,3549,59.67976243509613,59.66300458908595
182,3,success,,14.192,14.192,34.19564530812204,27782,3549,25.123514173277975,3549,40.58396574811825,40.579468286158736
182,4,success,,14.084,14.084,29.574113104492426,26957,3522,21.259499054946723,3522,33.53469307945195,33.52833288296017
182,312,success,,14.192,14.192,28.420158553868532,26285,3549,18.66419127583704,3549,40.34953821381497,40.34668255516577
182,620,success,,14.192,14.192,31.298926258459687,24856,3549,11.628711687193594,3549,41.68465014893795,41.68730042603332
182,622,success,,14.192,14.192,43.59022173844278,35257,3549,108.77450869537304,3549,114.63455473155557,114.66188442369989
182,778,success,,14.192,14.192,32.98471073620021,26896,3549,20.676971126899183,3549,41.051532130533246,41.05682651551706
182,1088,success,,14.196,14.196,35.799779046326876,30603,3550,34.712723594724686,3550,58.16971527770548,58.18205892796979
182,1244,success,,14.084,14.084,37.4408895522356,30579,3522,35.830138731226725,3522,50.87072754259194,50.85398744713197
183,2,success,,14.192,14.192,20.564767939038575,18610,3549,1024.8827039722698,3549,1024.8437264655663,954.1608744513755
183,3,success,,14.192,14.192,34.4645174825564,31376,3549,56.111481886689305,3549,64.85538638338303,64.83461311216561
183,4,success,,14.084,14.084,30.085363243706524,27502,3522,37.12943261939296,3522,46.470117778152854,46.471193636907884
183,312,success,,14.192,14.192,28.05327008664608,25908,3549,24.899703312716515,3549,44.599319291194504,44.600203771055696
183,620,success,,14.192,14.192,27.767358667217195,24931,3549,16.59462320332838,3549,44.28856474425217,44.29000319789858
183,622,success,,14.192,14.192,6.365973751060665,5810,3549,1412.672563662881,3549,1413.6990744440413,1316.0154952608377
183,778,success,,14.192,14.192,29.56086477637291,26707,3549,27.82838509813784,3549,45.1422757088787,45.14325298130928
183,1088,success,,14.196,14.196,24.363074032589793,22055,3550,894.5520797478124,3550,898.6403748446735,837.0572801754591
183,1244,success,,14.084,14.084,18.605382541194558,17149,3522,1075.312811310049,3522,1075.2885046158576,1001.1058468076874
184,2,success,,14.188,14.188,31.62193775177002,25380,3548,38.56449725959688,3548,55.61311142865193,55.56467587492547
184,3,success,,14.188,14.188,25.82758037559688,20787,3548,17.51197252125656,3548,35.63246644345419,35.592480049902946
184,4,success,,14.08,14.08,11.412598913535476,8927,3521,2.0870122412066965,3521,27.82533443744678,27.822685554453972
184,312,success,,14.188,14.188,24.581086065620184,19734,3548,11.692448466166445,3548,36.965150464872345,36.95080528325233
184,620,success,,14.188,14.188,23.239432260394096,18265,3548,7.035800711686945,3548,40.97102568901292,40.986484580901994
184,622,success,,14.188,14.188,27.436309192329645,21909,3548,23.06578632101171,3548,45.417715439320894,45.413706687788746
184,778,success,,14.188,14.188,24.872796518728137,20091,3548,14.62640184169384,3548,37.86890023742654,37.80217983731155
184,1088,success,,14.192,14.192,29.10435958020389,23100,3549,27.164842655103698,3549,53.71107393359746,53.721513759254734
184,1244,success,,14.08,14.08,25.854099847376347,21004,3521,18.980427602370202,3521,41.91293484587085,41.91278567374733
185,2,success,,14.188,14.188,25.80632976256311,24744,3548,439.7552846617508,3548,439.2183779642098,384.34284207203854
185,3,success,,14.188,14.188,24.70838596113026,23696,3548,23.789174732846384,3548,37.28196796630713,37.30450487217921
185,4,success,,14.08,14.08,10.809877695515752,10275,3521,1.8071205696624117,3521,27.793193519692327,27.790184452513117
185,312,success,,14.188,14.188,22.96348330937326,21768,3548,14.470601725487649,3548,37.6822343196152,37.62348336070681
185,620,success,,14.188,14.188,21.397357380017638,20278,3548,8.920385377911892,3548,41.20591367673801,41.19982976233146
185,622,success,,14.188,14.188,26.39071725681424,25277,3548,33.203784115270985,3548,51.23142692358798,51.20210633356961
185,778,success,,14.188,14.188,23.76234477572143,22691,3548,18.682434449846713,3548,39.163854303533476,39.142490938298494
185,1088,success,,14.192,14.192,27.705733535811305,26501,3549,40.8828920861549,3549,60.05187119887003,60.09254525900295
185,1244,success,,14.08,14.08,25.090326135978103,24077,3521,26.079297086436704,3521,45.225300523732336,45.212967122537954
186,2,success,,14.188,14.188,34.7545723663643,29953,3548,89.16905120549829,3548,98.86293972133564,98.86698776685569
186,3,success,,14.188,14.188,33.444006252102554,28895,3548,73.96256718170571,3548,80.38603815001886,80.37010611297521
186,4,success,,14.08,14.08,18.668886812403798,15977,3521,2.361438807268605,3521,27.687946393927923,27.681799102233946
186,312,success,,14.188,14.188,30.015891261398792,25650,3548,36.91373141870357,3548,50.463680527726055,50.45472896948748
186,620,success,,14.188,14.188,27.728476236574352,23648,3548,24.980581050863847,3548,47.01858776491265,47.01263294408396
186,622,success,,14.188,14.188,34.755724859423935,29790,3548,85.03845531914136,3548,91.80472244013674,91.79126130919896
186,778,success,,14.188,14.188,31.67886654101312,27226,3548,52.09591055709123,3548,63.51962657017618,63.54223390742993
186,1088,success,,14.192,14.192,34.971537726931274,30082,3549,88.71763638918402,3549,100.36083032133348,100.40927156161449
186,1244,success,,14.08,14.08,33.45682539977133,28974,3521,77.9512912305624,3521,85.59872007300045,85.57217239754209
187,2,success,,14.176,14.176,14.43105873465538,13481,3545,30.53942766596645,3545,48.801651100200864,48.71312691178132
187,3,success,,14.176,14.176,13.559535713866353,12632,3545,19.870523624197983,3545,36.36203992871601,36.40128214696587
187,4,success,,14.068,14.068,10.521693585440516,9714,3518,2.4954828095055004,3518,27.838538291891854,27.823005848660898
187,312,success,,14.176,14.176,12.929081711918116,12011,3545,14.98050613091096,3545,37.582008957065064,37.64395036150966
187,620,success,,14.176,14.176,10.483741324394941,9610,3545,3.1714405449257574,3545,40.64581561457769,40.6086428924527
187,622,success,,14.176,14.176,14.159339658915997,13181,3545,24.530226081798308,3545,44.19828992986359,44.39149377023707
187,778,success,,14.176,14.176,13.634683905169368,12452,3545,20.116054961354497,3545,40.954250155668994,40.87223224094463
187,1088,success,,14.18,14.18,13.239915993064642,12385,3546,17.25760414384128,3546,49.06296438880085,49.128674006787264
187,1244,success,,14.068,14.068,13.993094867095351,12967,3518,24.34360041741037,3518,44.07885101026002,44.02721505950811
188,2,success,,14.176,14.176,16.850177804008126,14833,3545,36.61651692197992,3545,52.30891268320671,52.178103866391986
188,3,success,,14.176,14.176,14.69478269573301,12840,3545,23.287283335905425,3545,38.47698092811336,38.482584840697186
188,4,success,,14.068,14.068,10.55387619510293,9502,3518,2.84172241815878,3518,27.850146483422893,27.83360798602189
188,312,success,,14.176,14.176,13.852292879484594,12419,3545,17.486147632576493,3545,38.57558323388475,38.66155247308108
188,620,success,,14.176,14.176,10.956306567415595,9513,3545,3.660639449453019,3545,40.6963253362242,40.65535539701048
188,622,success,,14.176,14.176,15.401167303323746,13712,3545,29.410898551182875,3545,47.47587362433047,47.700516251084636
188,778,success,,14.176,14.176,14.541128584183753,13085,3545,23.435734925335183,3545,42.39979964854475,42.315271900149654
188,1088,success,,14.18,14.18,14.424304774031043,12902,3546,20.320254355337347,3546,50.13344943422291,50.19987687178436
188,1244,success,,14.068,14.068,15.196464996784925,13795,3518,28.767389402016438,3518,46.7713415334636,46.6226823807138
189,2,success,,14.176,14.176,17.309408340603113,16687,3545,54.558406683948185,3545,65.71476774839515,65.65891064819625
189,3,success,,14.176,14.176,16.915262145921588,16556,3545,40.39951527700446,3545,49.862624353705726,49.62684525929695
189,4,success,,14.068,14.068,13.197768185287714,12532,3518,5.465499477030223,3518,28.15157483346474,28.13632400471206
189,312,success,,14.176,14.176,17.09432152286172,16130,3545,31.834297249076734,3545,47.04213973957663,47.00936688860247
189,620,success,,14.176,14.176,13.460889957845211,12934,3545,7.051014209392908,3545,41.21775088238005,41.19021549368882
189,622,success,,14.176,14.176,17.48655954003334,16955,3545,50.346671647573956,3545,62.04152843547106,62.18503874492313
189,778,success,,14.176,14.176,17.082146864384413,16392,3545,39.12269857129978,3545,52.09885794274493,52.18550976930365
189,1088,success,,14.18,14.18,17.119994407519698,16348,3546,37.516065171120886,3546,57.449953154343525,57.60995390582048
189,1244,success,,14.068,14.068,17.57334697060287,16982,3518,47.57320144074015,3518,60.839647074974955,60.67835046804788
190,2,success,,14.184000000000001,14.184000000000001,186.2003617491573,53802,3547,51.60894080676347,3547,64.02011888602209,63.920585415524364
190,3,success,,14.184000000000001,14.184000000000001,195.69523141533136,54478,3547,50.10624899338081,3547,59.00573658498304,58.9454064655153
190,4,failed,integration error: model derivative became non-finite,14.076,2.2601554258509013,105.16022822074592,27501,0,,0,,
190,312,failed,integration error: model derivative became non-finite,14.184000000000001,4.037078237529801,116.44977081380785,33438,0,,0,,
190,620,failed,integration error: model derivative became non-finite,14.184000000000001,3.3612873126414047,118.08253616653383,33876,0,,0,,
190,622,success,,14.184000000000001,14.184000000000001,186.71705944277346,53779,3547,52.77661262501615,3547,63.87669229792981,63.83253416297684
190,778,success,,14.184000000000001,14.184000000000001,216.90557681024075,59735,3547,46.56751150212412,3547,59.420478954166185,59.348258901818866
190,1088,success,,14.188,14.188,199.42122037149966,53855,3548,50.36999169515564,3548,67.18911652206333,67.14517316449363
190,1244,success,,14.076,14.076,186.93482450768352,53720,3520,51.1451812151798,3520,63.422621000087354,63.292949285662
191,2,failed,integration error: model derivative became non-finite,14.184000000000001,2.4636590377714263,84.06066468730569,24422,0,,0,,
191,3,failed,integration error: model derivative became non-finite,14.184000000000001,8.191180361592888,163.44059185869992,47575,0,,0,,
191,4,failed,integration error: model derivative became non-finite,14.076,5.3481516235173805,136.91197596117854,35235,0,,0,,
191,312,success,,14.184000000000001,14.184000000000001,177.58117456547916,51494,3547,58.20238308116263,3547,66.51554257315249,66.43736062670534
191,620,success,,14.184000000000001,14.184000000000001,186.70678279921412,53774,3547,59.79287197399285,3547,71.7127133600356,71.67336942003928
191,622,failed,integration error: model derivative became non-finite,14.184000000000001,0.39362871097931795,57.776289880275726,16825,0,,0,,
191,778,success,,14.184000000000001,14.184000000000001,183.1401963569224,50725,3547,61.04266308721732,3547,70.66722023504336,70.6130616764673
191,1088,success,,14.188,14.188,186.0329667571932,51846,3548,59.552573169233916,3548,73.94388731667429,73.89828368344436
191,1244,failed,integration error: model derivative became non-finite,14.076,3.176916314384899,93.62392318807542,27290,0,,0,,
192,2,success,,14.184000000000001,14.184000000000001,66.32867716811597,19935,3547,20.071133817396433,3547,44.057268320290085,44.05004032225297
192,3,failed,integration error: model derivative became non-finite,14.184000000000001,0.38500452179612366,55.745609821751714,17108,0,,0,,
192,4,failed,integration error: model derivative became non-finite,14.076,0.02372328018068531,51.93992596305907,15498,0,,0,,
192,312,success,,14.184000000000001,14.184000000000001,76.48896541632712,22691,3547,18.332127151867414,3547,39.26078174073402,39.249370852266345
192,620,success,,14.184000000000001,14.184000000000001,76.46732850931585,22447,3547,18.24071081981382,3547,43.64927691476641,43.639379118132005
192,622,success,,14.184000000000001,14.184000000000001,3.4689223915338516,1029,3547,6988.979579324,3547,6989.099867923558,5825.973266797754
192,778,failed,integration error: model derivative became non-finite,14.184000000000001,0.02398596860774153,51.52571533434093,15399,0,,0,,
192,1088,success,,14.188,14.188,4.0389537531882524,1198,3548,6977.667461481075,3548,6978.0054567122925,5816.740284776347
192,1244,success,,14.076,14.076,70.22885957919061,20903,3520,20.229368655251754,3520,42.017464179573324,41.981123900672
193,2,success,,14.172,14.172,117.6598204728216,34231,3544,73.84218420309888,3544,84.44683754332988,83.18900762604807
193,3,success,,14.172,14.172,122.59930043760687,34573,3544,73.92201702360607,3544,79.89674744622141,78.67572198517287
193,4,success,,14.064,14.064,141.2029900047928,40493,3517,66.02389674837816,3517,70.73376691882731,70.06680148312705
193,312,success,,14.172,14.172,127.09105082415044,36808,3544,70.45548528242806,3544,78.53805435631263,77.307724481873
193,620,success,,14.172,14.172,138.9930248130113,38715,3544,67.99917545115699,3544,78.36264906393656,77.64124195902727
193,622,success,,14.172,14.172,111.29866547882557,32191,3544,75.4284281656377,3544,84.59315627055523,83.3110678879844
193,778,success,,14.172,14.172,124.42978438548744,36012,3544,71.92540864242048,3544,81.31719789987082,80.24332688305263
193,1088,success,,14.176,14.176,115.41275081038475,33160,3545,74.64391407977709,3545,86.70205033941382,85.43933697899115
193,1244,success,,14.064,14.064,116.48090934474021,33147,3517,75.06293772475989,3517,82.87097855601715,81.55135155147265
194,2,success,,14.172,14.172,125.73563919961452,38659,3544,71.53483741413919,3544,79.8397047264173,79.10953865822495
194,3,success,,14.172,14.172,125.76792642660439,38448,3544,69.36653766092651,3544,76.01658742425708,75.30483728316868
194,4,failed,integration error: model derivative became non-finite,14.064,9.029722629787015,146.21565714478493,45189,0,,0,,
194,312,failed,integration error: model derivative became non-finite,14.172,7.910588806376582,127.10500409267843,39173,0,,0,,
194,620,success,,14.172,14.172,135.71674451604486,41413,3544,68.73964015519475,3544,80.10698214326536,79.44228324220538
194,622,failed,integration error: model derivative became non-finite,14.172,6.30904973271003,107.39463814347982,33062,0,,0,,
194,778,failed,integration error: model derivative became non-finite,14.172,5.35695044057456,103.76748419739306,32190,0,,0,,
194,1088,failed,integration error: model derivative became non-finite,14.176,7.3412803539678,117.98734250850976,36338,0,,0,,
194,1244,failed,integration error: model derivative became non-finite,14.064,5.353074720399256,113.19307984411716,34838,0,,0,,
195,2,failed,integration error: model derivative became non-finite,14.172,0.15013775911185603,55.3257748298347,15831,0,,0,,
195,3,failed,integration error: model derivative became non-finite,14.172,0.22008154985607387,55.232049997895956,15861,0,,0,,
195,4,failed,integration error: model derivative became non-finite,14.064,0.16396007923218298,56.0132189206779,15933,0,,0,,
195,312,success,,14.172,14.172,112.58237468264997,32358,3544,8.535144363403148,3544,36.05475854847332,36.04071991194685
195,620,failed,integration error: model derivative became non-finite,14.172,0.3180988954340651,98.80169872380793,28204,0,,0,,
195,622,failed,integration error: model derivative became non-finite,14.172,0.29021843016839766,61.89955381862819,17886,0,,0,,
195,778,failed,integration error: model derivative became non-finite,14.172,0.28025485702942304,96.89654197357595,27848,0,,0,,
195,1088,failed,integration error: model derivative became non-finite,14.176,0.2920893096390257,56.22331288456917,16206,0,,0,,
195,1244,failed,integration error: model derivative became non-finite,14.064,0.3105005550880564,97.49589682929218,28019,0,,0,,
196,2,failed,integration error: model derivative became non-finite,14.136000000000001,11.35992599801491,147.98177501931787,40079,0,,0,,
196,3,failed,integration error: model derivative became non-finite,14.136000000000001,10.660094438612068,139.87566896807402,38009,0,,0,,
196,4,failed,integration error: model derivative became non-finite,14.028,8.125777369417763,156.23284811899066,44794,0,,0,,
196,312,failed,integration error: model derivative became non-finite,14.136000000000001,1.3112176087167366,78.76889681909233,21298,0,,0,,
196,620,failed,integration error: model derivative became non-finite,14.136000000000001,6.410620686717633,127.19733287487179,33950,0,,0,,
196,622,failed,integration error: model derivative became non-finite,14.136000000000001,2.204629006965965,95.39506227709353,26010,0,,0,,
196,778,failed,integration error: model derivative became non-finite,14.136000000000001,9.082138548358374,127.98815183807164,34981,0,,0,,
196,1088,failed,integration error: model derivative became non-finite,14.14,5.5365739852104205,105.93970714509487,29661,0,,0,,
196,1244,failed,integration error: model derivative became non-finite,14.028,1.1460469631998296,68.24743918981403,18917,0,,0,,
197,2,failed,integration error: model derivative became non-finite,14.136000000000001,12.484642279639278,131.94788062945008,38692,0,,0,,
197,3,success,,14.136000000000001,14.136000000000001,94.1504758503288,27599,3535,39.59114977946004,3535,51.28071812384975,52.60488761019707
197,4,failed,integration error: model derivative became non-finite,14.028,9.130830228772307,130.64576741494238,38493,0,,0,,
197,312,failed,integration error: model derivative became non-finite,14.136000000000001,1.0841036051237238,72.02199877798557,21141,0,,0,,
197,620,failed,integration error: model derivative became non-finite,14.136000000000001,6.6824641859467535,118.63504803180695,34461,0,,0,,
197,622,failed,integration error: model derivative became non-finite,14.136000000000001,3.1857903998102506,93.98835682868958,27632,0,,0,,
197,778,failed,integration error: model derivative became non-finite,14.136000000000001,11.448905779191312,144.646973060444,42491,0,,0,,
197,1088,failed,integration error: model derivative became non-finite,14.14,6.601393335671642,117.26195725239813,34822,0,,0,,
197,1244,failed,integration error: model derivative became non-finite,14.028,1.2341585901582126,75.38566050119698,22109,0,,0,,
198,2,failed,integration error: model derivative became non-finite,14.136000000000001,3.4768967960096524,113.5653867367655,35117,0,,0,,
198,3,failed,integration error: model derivative became non-finite,14.136000000000001,4.400370623590789,117.61815297231078,36367,0,,0,,
198,4,success,,14.028,14.028,117.84385251626372,36264,3508,34.92693318169359,3508,45.970029761027526,50.243534531574674
198,312,failed,integration error: model derivative became non-finite,14.136000000000001,0.941874110041466,86.26664627157152,26877,0,,0,,
198,620,success,,14.136000000000001,14.136000000000001,123.58437175117433,37794,3535,35.99487411548037,3535,55.85398869410995,59.48965499855315
198,622,success,,14.136000000000001,14.136000000000001,132.00785179995,40588,3535,39.777253967292694,3535,54.498387718159194,59.93424005841015
198,778,failed,integration error: model derivative became non-finite,14.136000000000001,5.5966746517801464,124.31496518105268,38659,0,,0,,
198,1088,success,,14.14,14.14,130.17450898885727,39802,3536,37.551727673952435,3536,57.68865859526195,61.6763031088838
198,1244,failed,integration error: model derivative became non-finite,14.028,1.4532994804703019,86.49067015387118,26955,0,,0,,
199,2,success,,14.176,14.176,675.1527251051739,77303,3545,27.785211614456312,3545,47.362606111670566,47.46330149665109
199,3,success,,14.176,14.176,671.4473642557859,77200,3545,29.418244174864153,3545,42.33581244436116,42.43194910764716
199,4,success,,14.068,14.068,655.5693942969665,75747,3518,30.896705556131234,3518,41.115346411225474,41.27110054015366
199,312,success,,14.176,14.176,649.0125298891217,74266,3545,29.957961776167906,3545,45.09328182776421,45.140875384001944
199,620,success,,14.176,14.176,617.615472544916,69394,3545,37.25766311711537,3545,56.69827810177483,56.69115815104753
199,622,success,,14.176,14.176,605.7779757902026,68508,3545,33.96551535844615,3545,50.51310102475329,50.63405360322316
199,778,success,,14.176,14.176,622.8426755815744,71266,3545,32.61925701794296,3545,48.52570141662953,48.66362079520389
199,1088,success,,14.18,14.18,621.3580528628081,71518,3546,31.144076111161475,3546,54.968530222549894,55.09434766300332
199,1244,success,,14.068,14.068,507.83955269120634,57946,3518,39.0210644452479,3518,54.20937117382075,54.07963928447349
200,2,success,,14.176,14.176,571.9764456888661,71229,3545,37.445421801836474,3545,51.77102103966063,51.75599309340959
200,3,success,,14.176,14.176,566.7937591513619,70174,3545,38.28436941041555,3545,48.10794320023287,48.033870145843565
200,4,failed,integration error: model derivative became non-finite,14.068,0.9817700147179649,200.47181861754507,24897,0,,0,,
200,312,success,,14.176,14.176,571.9960817126557,71777,3545,38.63783714595821,3545,51.5177447043656,51.49334043147749
200,620,success,,14.176,14.176,542.993061277084,66667,3545,41.05412657499517,3545,58.51126458607957,58.51692204674036
200,622,success,,14.176,14.176,564.9213804034516,69693,3545,40.44833738732137,3545,54.00341552210004,54.01576793428085
200,778,success,,14.176,14.176,534.7708747778088,66735,3545,41.314063389108526,3545,54.00834864041964,53.930121367883125
200,1088,success,,14.18,14.18,548.3215119764209,66245,3546,40.203808205174404,3546,59.0124244809937,59.00531913074093
200,1244,success,,14.068,14.068,489.67760443873703,61003,3518,40.36838214880628,3518,54.56429916801603,54.53465006739526
201,2,failed,integration error: model derivative became non-finite,14.176,0.016623641178248983,218.8771452754736,27259,0,,0,,
201,3,failed,integration error: model derivative became non-finite,14.176,0.04102099391303061,220.39055972360075,27636,0,,0,,
201,4,failed,integration error: model derivative became non-finite,14.068,0.003970731459836949,221.83476952835917,27493,0,,0,,
201,312,failed,integration error: model derivative became non-finite,14.176,0.04691655669873181,220.26504463143647,27580,0,,0,,
201,620,failed,integration error: model derivative became non-finite,14.176,0.019020081951275677,220.56042814441025,27422,0,,0,,
201,622,failed,integration error: model derivative became non-finite,14.176,0.0059730281695193265,220.48613875359297,27402,0,,0,,
201,778,failed,integration error: model derivative became non-finite,14.176,0.017137060219950956,221.1330380383879,27566,0,,0,,
201,1088,failed,integration error: model derivative became non-finite,14.18,0.023224721267691602,222.48598736338317,27737,0,,0,,
201,1244,success,,14.068,14.068,259.59942099638283,32460,3518,33.35760657825448,3518,50.71084157154052,50.61910725479759
202,2,success,,14.156,14.156,559.9814849467948,68962,3540,19.950791088564703,3540,42.95987584230142,44.027562250493325
202,3,success,,14.156,14.156,513.7040311517194,63423,3540,30.546360234208638,3540,44.066664450386604,44.696408461942625
202,4,success,,14.048,14.048,595.073262648657,71881,3513,11.453644435041491,3513,30.23819405104637,32.082357765097804
202,312,success,,14.156,14.156,568.2200407115743,70188,3540,14.523146336587988,3540,37.69402146209845,38.97552541764409
202,620,success,,14.156,14.156,598.8505283724517,72544,3540,10.771319737932618,3540,41.691121143493206,43.02108004645056
202,622,success,,14.156,14.156,571.5853105913848,70170,3540,17.092755742032377,3540,42.255984164831446,43.517838695435785
202,778,success,,14.156,14.156,554.3497003773227,67908,3540,26.137351206574973,3540,43.326003992229445,44.26590378297549
202,1088,success,,14.16,14.16,530.060676638037,64651,3541,26.007014695569776,3541,53.33847555424192,53.96658921566898
202,1244,success,,14.048,14.048,560.1307966131717,69164,3513,22.465809785255477,3513,44.348501617577874,45.337949354209286
203,2,success,,14.156,14.156,602.7442506812513,72507,3540,21.183369260796585,3540,43.84921953515225,44.56339724827169
203,3,success,,14.156,14.156,563.3106548208743,68334,3540,23.237383919706158,3540,37.87471503458941,38.57248939535165
203,4,success,,14.048,14.048,622.8991780411452,73700,3513,12.403140978021614,3513,30.094519991290234,31.36283364446922
203,312,success,,14.156,14.156,677.3752452526242,72773,3540,15.090543863824603,3540,38.37794325540238,39.20437817204855
203,620,success,,14.156,14.156,617.4262082781643,74775,3540,11.865401405459883,3540,42.18961325558954,43.19460098215544
203,622,success,,14.156,14.156,596.8549897763878,72387,3540,18.698694618658084,3540,42.880319766528324,43.76507603895173
203,778,success,,14.156,14.156,634.3596731685102,70389,3540,26.52225101655516,3540,43.665751283974174,44.32248072097849
203,1088,success,,14.16,14.16,575.3034913688898,69379,3541,20.9797082055582,3541,50.572773384070715,51.21339995781704
203,1244,success,,14.048,14.048,578.5866315569729,69486,3513,26.471199547678033,3513,46.339763082235095,46.9240982282358
204,2,failed,integration error: model derivative became non-finite,14.156,0.008421580934582432,138.69763273466378,17085,0,,0,,
204,3,failed,integration error: model derivative became non-finite,14.156,0.14032865518125567,127.1306418851018,15740,0,,0,,
204,4,failed,integration error: model derivative became non-finite,14.048,0.029428018373590742,126.26391650456935,15426,0,,0,,
204,312,success,,14.156,14.156,392.08059633988887,48473,3540,18.875671867188185,3540,40.32225100010659,40.423820679978625
204,620,failed,integration error: model derivative became non-finite,14.156,0.027493475296569186,165.85697837825865,20190,0,,0,,
204,622,failed,integration error: model derivative became non-finite,14.156,0.2863933212036306,133.73083468992263,16304,0,,0,,
204,778,failed,integration error: model derivative became non-finite,14.156,0.027093405526827586,126.25467150099576,15643,0,,0,,
204,1088,success,,14.16,14.16,331.88604417350143,40723,3541,17.45175063746925,3541,48.827977515498254,48.859948420212625
204,1244,failed,integration error: model derivative became non-finite,14.048,0.1821152687889135,129.3096182346344,15991,0,,0,,
205,2,success,,14.096,14.096,210.32320751808584,25243,3525,45.55269918941061,3525,57.61329782094734,56.6222327821947
205,3,failed,integration error: model derivative became non-finite,14.096,8.876294580664318,320.87846300564706,38748,0,,0,,
205,4,failed,integration error: model derivative became non-finite,13.988,4.874719119802773,279.5445592775941,32841,0,,0,,
205,312,success,,14.096,14.096,259.00020368769765,31558,3525,27.532013210593767,3525,45.24844117947607,45.831316874818654
205,620,success,,14.096,14.096,226.1420045979321,27172,3525,37.022018113021595,3525,54.14432265093723,54.83402928833218
205,622,success,,14.096,14.096,251.2567095719278,30189,3525,25.506594021293907,3525,45.66197735229608,47.02893973946428
205,778,success,,14.096,14.096,225.91921491734684,27484,3525,43.96304006942172,3525,55.36908874587706,54.7252860413189
205,1088,success,,14.1,14.1,237.6784166060388,28683,3526,25.911990643712464,3526,50.914017352188004,50.99616410389365
205,1244,failed,integration error: model derivative became non-finite,13.988,3.2785932005813607,191.34399905614555,23298,0,,0,,
206,2,failed,integration error: model derivative became non-finite,14.096,4.944401013242101,185.05541152879596,23502,0,,0,,
206,3,failed,integration error: model derivative became non-finite,14.096,9.503689652497831,281.71456678397954,35997,0,,0,,
206,4,success,,13.988,13.988,246.84684732742608,31625,3498,30.091579225939178,3498,40.78942946697646,41.99942800346013
206,312,success,,14.096,14.096,237.72376588732004,30531,3525,29.841240988165065,3525,46.11010978430652,47.14255322778219
206,620,failed,integration error: model derivative became non-finite,14.096,12.715034681687394,321.88812023587525,40699,0,,0,,
206,622,success,,14.096,14.096,252.41633599624038,32224,3525,25.912283715315432,3525,45.68683892088891,46.93409403064587
206,778,failed,integration error: model derivative became non-finite,14.096,3.542608798960197,212.8514959178865,27319,0,,0,,
206,1088,success,,14.1,14.1,254.62450671941042,32147,3526,24.966234186008265,3526,50.847394595099026,50.89823902534919
206,1244,success,,13.988,13.988,219.6070531886071,28051,3498,44.1826885125361,3498,58.262528342632706,57.509149613294646
207,2,failed,integration error: model derivative became non-finite,14.096,3.083637357737972,206.74945111759007,26101,0,,0,,
207,3,failed,integration error: model derivative became non-finite,14.096,3.888129882531687,206.72991234622896,26480,0,,0,,
207,4,failed,integration error: model derivative became non-finite,13.988,4.0984824275863145,203.85211636312306,25734,0,,0,,
207,312,failed,integration error: model derivative became non-finite,14.096,1.6949173536223656,149.3949022255838,18886,0,,0,,
207,620,failed,integration error: model derivative became non-finite,14.096,3.463722796784426,176.4260429367423,22113,0,,0,,
207,622,success,,14.096,14.096,302.8583209887147,37977,3525,31.29622847843141,3525,50.1448566631816,51.09711769103379
207,778,failed,integration error: model derivative became non-finite,14.096,2.8679333108646508,373.08983172290027,47172,0,,0,,
207,1088,success,,14.1,14.1,298.0401663966477,37490,3526,33.311855334688495,3526,56.63361016853024,57.992055016601675
207,1244,failed,integration error: model derivative became non-finite,13.988,3.5796587227698478,228.47395666874945,28873,0,,0,,
208,2,failed,integration error: model derivative became non-finite,14.168000000000001,5.29723094540264,840.5525712957606,49151,0,,0,,
208,3,failed,integration error: model derivative became non-finite,14.168000000000001,9.68527084852559,1278.4765197811648,73549,0,,0,,
208,4,failed,integration error: model derivative became non-finite,14.06,3.9164507132996382,774.7754417331889,45187,0,,0,,
208,312,failed,integration error: model derivative became non-finite,14.168000000000001,8.841065270142229,1225.0686249127612,69935,0,,0,,
208,620,failed,integration error: model derivative became non-finite,14.168000000000001,4.290632853660696,807.712702492252,46980,0,,0,,
208,622,failed,integration error: model derivative became non-finite,14.168000000000001,6.091675907931967,1000.7886508209631,58512,0,,0,,
208,778,failed,integration error: model derivative became non-finite,14.168000000000001,3.4662584343684655,659.0269646272063,38506,0,,0,,
208,1088,failed,integration error: model derivative became non-finite,14.172,7.215013779090592,1091.2188214417547,63222,0,,0,,
208,1244,failed,integration error: model derivative became non-finite,14.06,10.813135686657388,1265.2746351016685,73239,0,,0,,
209,2,failed,integration error: model derivative became non-finite,14.168000000000001,0.3773395052775932,284.82996123097837,18717,0,,0,,
209,3,failed,integration error: model derivative became non-finite,14.168000000000001,0.9283286906039697,284.5334286298603,18904,0,,0,,
209,4,failed,integration error: model derivative became non-finite,14.06,0.09768216404486127,245.70409759879112,16277,0,,0,,
209,312,success,,14.168000000000001,14.168000000000001,729.4952059090137,48600,3543,22.67378527936873,3543,41.45432105938053,41.43677435836369
209,620,failed,integration error: model derivative became non-finite,14.168000000000001,2.9178284036235476,694.874058438465,45912,0,,0,,
209,622,failed,integration error: model derivative became non-finite,14.168000000000001,0.23905164066087312,256.49441959895194,17058,0,,0,,
209,778,failed,integration error: model derivative became non-finite,14.168000000000001,0.0851946073653106,239.79953589476645,15912,0,,0,,
209,1088,success,,14.172,14.172,768.5448068641126,51072,3544,22.0028539899644,3544,51.12975924404553,51.12409581020257
209,1244,failed,integration error: model derivative became non-finite,14.06,0.11162531632272464,237.55808616057038,15816,0,,0,,
210,2,failed,integration error: model derivative became non-finite,14.168000000000001,0.0045396540942623026,329.66395155899227,20770,0,,0,,
210,3,failed,integration error: model derivative became non-finite,14.168000000000001,0.0266469010957117,274.62423506192863,17362,0,,0,,
210,4,failed,integration error: model derivative became non-finite,14.06,0.008331521129167749,253.20644686929882,15858,0,,0,,
210,312,failed,integration error: model derivative became non-finite,14.168000000000001,0.10882896424179091,623.6565638445318,38859,0,,0,,
210,620,failed,integration error: model derivative became non-finite,14.168000000000001,0.008427520003921458,617.7218682207167,38659,0,,0,,
210,622,failed,integration error: model derivative became non-finite,14.168000000000001,0.0068093770738882715,253.43559534661472,15864,0,,0,,
210,778,failed,integration error: model derivative became non-finite,14.168000000000001,0.003945931928989976,603.6856830883771,37563,0,,0,,
210,1088,failed,integration error: model derivative became non-finite,14.172,0.011903589127739653,257.77527307905257,16094,0,,0,,
210,1244,failed,integration error: model derivative became non-finite,14.06,0.015795019588665925,575.94830785878,35849,0,,0,,
211,2,success,,14.14,14.14,1204.2302989121526,81028,3536,21.880849850670568,3536,44.820267911435685,47.10211693830454
211,3,failed,integration error: model derivative became non-finite,14.14,6.619464574583241,712.9474740736187,48138,0,,0,,
211,4,failed,integration error: model derivative became non-finite,14.032,3.995459914045763,553.2163588926196,35863,0,,0,,
211,312,failed,integration error: model derivative became non-finite,14.14,3.0055795416505227,458.7998063415289,30833,0,,0,,
211,620,success,,14.14,14.14,1213.8730732873082,78822,3536,20.433414031958467,3536,44.94336967206431,47.110169720523395
211,622,success,,14.14,14.14,1233.5628416799009,79911,3536,19.791350933112493,3536,42.68519825140128,45.00065662068677
211,778,success,,14.14,14.14,1148.7685357127339,77382,3536,26.73629771913445,3536,45.09311867133954,47.21412419356225
211,1088,failed,integration error: model derivative became non-finite,14.144,8.836453699050958,912.716794187203,59046,0,,0,,
211,1244,success,,14.032,14.032,1160.599108800292,78182,3509,22.017570254294014,3509,43.39301007163024,45.48144621208909
212,2,success,,14.14,14.14,1382.251207000576,78883,3536,21.270332993967138,3536,43.964076586588256,44.974586886999674
212,3,failed,integration error: model derivative became non-finite,14.14,12.39392915168666,1206.4605011995882,68791,0,,0,,
212,4,failed,integration error: model derivative became non-finite,14.032,3.066294276416978,462.81181802693754,29698,0,,0,,
212,312,failed,integration error: model derivative became non-finite,14.14,9.70884345710451,768.5101630529389,52166,0,,0,,
212,620,failed,integration error: model derivative became non-finite,14.14,7.23742160958551,747.8781941980124,47504,0,,0,,
212,622,failed,integration error: model derivative became non-finite,14.14,7.521425808606418,802.6409958479926,51732,0,,0,,
212,778,failed,integration error: model derivative became non-finite,14.14,12.45665468196376,1397.0189781365916,79776,0,,0,,
212,1088,failed,integration error: model derivative became non-finite,14.144,8.297074172528985,839.0399626493454,53786,0,,0,,
212,1244,failed,integration error: model derivative became non-finite,14.032,7.138117138648145,805.67708640825,45975,0,,0,,
213,2,failed,integration error: model derivative became non-finite,14.14,0.0032302997393511513,237.0170301515609,15382,0,,0,,
213,3,failed,integration error: model derivative became non-finite,14.14,0.03793069735257926,242.25249750353396,15794,0,,0,,
213,4,failed,integration error: model derivative became non-finite,14.032,0.029837308740336473,244.18069784156978,15803,0,,0,,
213,312,success,,14.14,14.14,909.678443832323,59821,3536,17.018085589680883,3536,38.58956962375418,38.74428935912363
213,620,failed,integration error: model derivative became non-finite,14.14,0.02576667197242264,240.5845003761351,15519,0,,0,,
213,622,failed,integration error: model derivative became non-finite,14.14,0.02587918021545078,243.31888145580888,15804,0,,0,,
213,778,failed,integration error: model derivative became non-finite,14.14,0.0028986776049378686,236.77209748886526,15612,0,,0,,
213,1088,failed,integration error: model derivative became non-finite,14.144,0.016379739484307793,244.42185513488948,15787,0,,0,,
213,1244,failed,integration error: model derivative became non-finite,14.032,0.014449395428047152,235.23784234561026,15410,0,,0,,
214,2,failed,integration error: model derivative became non-finite,14.056000000000001,7.644235955757216,547.3460717238486,30662,0,,0,,
214,3,success,,14.056000000000001,14.056000000000001,517.4677868448198,34506,3515,20.90824636975285,3515,38.097423305681545,39.386326765011006
214,4,success,,13.948,13.948,563.2255154438317,35462,3488,19.330638987060613,3488,34.225829770638164,36.037696136353524
214,312,failed,integration error: model derivative became non-finite,14.056000000000001,0.5808950394491841,290.1086570750922,19285,0,,0,,
214,620,success,,14.056000000000001,14.056000000000001,618.1782662365586,34106,3515,19.852837625614438,3515,45.466913508094414,46.066463776270076
214,622,success,,14.056000000000001,14.056000000000001,549.1234109345824,34203,3515,18.775278707723867,3515,42.495049789429096,43.71212223012659
214,778,failed,integration error: model derivative became non-finite,14.056000000000001,5.504610039884018,430.9511356484145,28539,0,,0,,
214,1088,success,,14.06,14.06,559.3627127651125,34889,3516,19.766609115034246,3516,49.37991981164049,50.6688829653629
214,1244,success,,13.948,13.948,524.3081019539386,34632,3488,21.940161270452972,3488,43.603088406267055,44.801160853794265
215,2,failed,integration error: model derivative became non-finite,14.056000000000001,6.8143932427630585,430.4700866062194,29335,0,,0,,
215,3,success,,14.056000000000001,14.056000000000001,487.74678601138294,33316,3515,20.7345301225354,3515,37.75300129906973,38.30313530101217
215,4,success,,13.948,13.948,506.35587238892913,34451,3488,19.675736733756036,3488,34.69343589818048,36.2266072026179
215,312,failed,integration error: model derivative became non-finite,14.056000000000001,0.4958776075828399,254.15619515255094,17273,0,,0,,
215,620,success,,14.056000000000001,14.056000000000001,482.4194615762681,32530,3515,19.229382340488947,3515,44.74146008710915,45.300325032150816
215,622,success,,14.056000000000001,14.056000000000001,501.90011685714126,34076,3515,17.96008189933355,3515,41.899551714630235,43.09706517854459
215,778,failed,integration error: model derivative became non-finite,14.056000000000001,5.8478943325637385,442.34990518912673,30157,0,,0,,
215,1088,success,,14.06,14.06,517.8419310301542,35090,3516,19.106948134145373,3516,50.546881199241746,51.448244175959566
215,1244,success,,13.948,13.948,504.21103477850556,34352,3488,21.349684480777068,3488,42.57267528796929,44.75782698971157
216,2,failed,integration error: model derivative became non-finite,14.056000000000001,4.358995330087574,680.1513766981661,38844,0,,0,,
216,3,success,,14.056000000000001,14.056000000000001,640.3469935245812,36491,3515,23.271961992928325,3515,38.324840839700805,39.41754738243134
216,4,success,,13.948,13.948,603.4915973972529,38425,3488,20.38804328958809,3488,34.34820693986973,36.157863231093536
216,312,failed,integration error: model derivative became non-finite,14.056000000000001,0.49116697901813744,311.39885250478983,16890,0,,0,,
216,620,success,,14.056000000000001,14.056000000000001,678.4831050876528,38331,3515,20.9628013632903,3515,45.34194293936175,46.619444957359
216,622,success,,14.056000000000001,14.056000000000001,652.1693561533466,36678,3515,21.289625500601282,3515,44.44194628541801,45.09775268691441
216,778,success,,14.056000000000001,14.056000000000001,655.8162966435775,36293,3515,28.519626713532066,3515,45.52362657194772,45.637706238816165
216,1088,success,,14.06,14.06,654.09955518879,38086,3516,23.146519738290696,3516,52.31595082383457,52.90951696347029
216,1244,failed,integration error: model derivative became non-finite,13.948,1.5630370322838176,394.9575186688453,22193,0,,0,,
