configuration_index,lowpass_hz,stlsq_threshold,training_lfp_rms_uv,degree,n_delays,delay_samples,delay_ms,embedding_span_ms,smooth_window_samples,smooth_window_ms,derivative_method,fit_status,fit_failure_reason,nonzero_terms,possible_terms,term_utilization_percent,fit_runtime_s,feature_names_json,coefficients_json,equations
1,80.0,1000.0,37.49490932254601,3,2,1,4.0,4.0,0,0.0,finite_difference,success,,20,20,100.0,0.5619957949966192,"[""1"", ""x0"", ""x1"", ""x0^2"", ""x0 x1"", ""x1^2"", ""x0^3"", ""x0^2 x1"", ""x0 x1^2"", ""x1^3""]","[[-27.19217677951971, 196.92852049715108, -206.45637002258536, -0.14366470769238895, 0.35690097172914964, -0.1813332206457995, -0.0003288413966369778, -0.003798310456012357, 0.008318524938607253, -0.004011210646804595], [18.648930841447054, 206.51159702119668, -197.14806976778064, 0.26137657298822986, -0.5638775747639025, 0.2679407317899598, 0.0016191029063600598, -0.00011379250697310142, -0.00471473260683507, 0.003063898092766148]]",(x0)' = -27.192 1 +  196.929 x0 + -206.456 x1 + -0.144 x0^2 +  0.357 x0 x1 + -0.181 x1^2 + -0.004 x0^2 x1 +  0.008 x0 x1^2 + -0.004 x1^3 | (x1)' =  18.649 1 +  206.512 x0 + -197.148 x1 +  0.261 x0^2 + -0.564 x0 x1 +  0.268 x1^2 +  0.002 x0^3 + -0.005 x0 x1^2 +  0.003 x1^3
2,80.0,1000.0,37.49490932254601,3,2,1,4.0,4.0,5,20.0,smoothed_finite_difference_savgol_order_3,success,,20,20,100.0,0.2680805679410696,"[""1"", ""x0"", ""x1"", ""x0^2"", ""x0 x1"", ""x1^2"", ""x0^3"", ""x0^2 x1"", ""x0 x1^2"", ""x1^3""]","[[-23.865003460273858, 212.40493531200943, -220.93829917534558, -0.1560004314643095, 0.39592091435437304, -0.21128274376826625, -0.0009208662658639862, -0.0028260923869281116, 0.008053495776207741, -0.004140582862781373], [11.678291372859174, 220.87691153907642, -212.41932367405929, 0.3420804650420247, -0.700179621532158, 0.3272431278181188, 0.001657102754722987, 0.00023988970163704978, -0.005609553118358429, 0.003573828682780866]]",(x0)' = -23.865 1 +  212.405 x0 + -220.938 x1 + -0.156 x0^2 +  0.396 x0 x1 + -0.211 x1^2 + -0.001 x0^3 + -0.003 x0^2 x1 +  0.008 x0 x1^2 + -0.004 x1^3 | (x1)' =  11.678 1 +  220.877 x0 + -212.419 x1 +  0.342 x0^2 + -0.700 x0 x1 +  0.327 x1^2 +  0.002 x0^3 + -0.006 x0 x1^2 +  0.004 x1^3
3,80.0,1000.0,37.49490932254601,3,2,1,4.0,4.0,9,36.0,smoothed_finite_difference_savgol_order_3,success,,20,20,100.0,0.2605939991772175,"[""1"", ""x0"", ""x1"", ""x0^2"", ""x0 x1"", ""x1^2"", ""x0^3"", ""x0^2 x1"", ""x0 x1^2"", ""x1^3""]","[[-10.768116516131114, 231.89126159799224, -238.30512144747647, -0.22585775441476078, 0.49543961930939256, -0.2513229778035853, -0.00466709884651247, 0.008143067330526544, -0.0023074972938733427, -0.0010096732003480558], [4.681057958057003, 238.34323555164482, -231.96823052648028, 0.3477797771441504, -0.6697040553579353, 0.30472988024707814, -0.0002867916376549157, 0.0076119060841566095, -0.014663240554703307, 0.007174448984606058]]",(x0)' = -10.768 1 +  231.891 x0 + -238.305 x1 + -0.226 x0^2 +  0.495 x0 x1 + -0.251 x1^2 + -0.005 x0^3 +  0.008 x0^2 x1 + -0.002 x0 x1^2 + -0.001 x1^3 | (x1)' =  4.681 1 +  238.343 x0 + -231.968 x1 +  0.348 x0^2 + -0.670 x0 x1 +  0.305 x1^2 +  0.008 x0^2 x1 + -0.015 x0 x1^2 +  0.007 x1^3
4,80.0,1000.0,37.49490932254601,3,2,2,8.0,8.0,0,0.0,finite_difference,success,,20,20,100.0,0.23948800191283226,"[""1"", ""x0"", ""x1"", ""x0^2"", ""x0 x1"", ""x1^2"", ""x0^3"", ""x0^2 x1"", ""x0 x1^2"", ""x1^3""]","[[-45.076220987843804, 81.87894326185146, -96.29384092680594, -0.03159221052789853, 0.15025161599295644, -0.07084278236405969, -0.0007645659397792929, -0.00015977015305745307, 0.002581226634418743, -0.0013348989535122663], [16.700071993809065, 96.42608936868109, -82.0877827491452, 0.14165796393972346, -0.31735510322819466, 0.12464592425713399, 0.000870575983008425, -0.0004296561810362548, -0.0021354322455547927, 0.0014109794848973889]]",(x0)' = -45.076 1 +  81.879 x0 + -96.294 x1 + -0.032 x0^2 +  0.150 x0 x1 + -0.071 x1^2 + -0.001 x0^3 +  0.003 x0 x1^2 + -0.001 x1^3 | (x1)' =  16.700 1 +  96.426 x0 + -82.088 x1 +  0.142 x0^2 + -0.317 x0 x1 +  0.125 x1^2 +  0.001 x0^3 + -0.002 x0 x1^2 +  0.001 x1^3
5,80.0,1000.0,37.49490932254601,3,2,2,8.0,8.0,5,20.0,smoothed_finite_difference_savgol_order_3,success,,19,20,95.0,0.27506172098219395,"[""1"", ""x0"", ""x1"", ""x0^2"", ""x0 x1"", ""x1^2"", ""x0^3"", ""x0^2 x1"", ""x0 x1^2"", ""x1^3""]","[[-52.71936588718005, 90.55617449595448, -104.75295825081879, 0.0, 0.10700410212837586, -0.06043962677491926, -0.0006741543015539104, -0.0003327936128335951, 0.0026734743413839497, -0.0013434585139856542], [10.848729722271376, 104.89426479930871, -90.77206202549753, 0.17287959681395043, -0.3644257949418669, 0.14307537942341714, 0.0009271779402524896, -0.00039267583896884783, -0.0024399831374809105, 0.0016110673265715115]]",(x0)' = -52.719 1 +  90.556 x0 + -104.753 x1 +  0.107 x0 x1 + -0.060 x1^2 + -0.001 x0^3 +  0.003 x0 x1^2 + -0.001 x1^3 | (x1)' =  10.849 1 +  104.894 x0 + -90.772 x1 +  0.173 x0^2 + -0.364 x0 x1 +  0.143 x1^2 +  0.001 x0^3 + -0.002 x0 x1^2 +  0.002 x1^3
6,80.0,1000.0,37.49490932254601,3,2,2,8.0,8.0,9,36.0,smoothed_finite_difference_savgol_order_3,success,,20,20,100.0,0.25014040991663933,"[""1"", ""x0"", ""x1"", ""x0^2"", ""x0 x1"", ""x1^2"", ""x0^3"", ""x0^2 x1"", ""x0 x1^2"", ""x1^3""]","[[-18.017859239433264, 105.45352778390439, -117.40375965519337, -0.09426000571310188, 0.24381859562349414, -0.11779221947035613, -0.0016974648110550182, 0.0023862198577660077, 0.0006591320163137797, -0.0010141287110541472], [8.187379262957222, 117.20605783255695, -105.3619202303618, 0.16558221965905204, -0.31571508913550866, 0.11950937431028895, 0.001026960961667445, 1.9028653288972813e-05, -0.003572777309136943, 0.0021966602972599294]]",(x0)' = -18.018 1 +  105.454 x0 + -117.404 x1 + -0.094 x0^2 +  0.244 x0 x1 + -0.118 x1^2 + -0.002 x0^3 +  0.002 x0^2 x1 +  0.001 x0 x1^2 + -0.001 x1^3 | (x1)' =  8.187 1 +  117.206 x0 + -105.362 x1 +  0.166 x0^2 + -0.316 x0 x1 +  0.120 x1^2 +  0.001 x0^3 + -0.004 x0 x1^2 +  0.002 x1^3
7,80.0,1000.0,37.49490932254601,3,2,5,20.0,20.0,0,0.0,finite_difference,success,,19,20,95.0,0.2638044375926256,"[""1"", ""x0"", ""x1"", ""x0^2"", ""x0 x1"", ""x1^2"", ""x0^3"", ""x0^2 x1"", ""x0 x1^2"", ""x1^3""]","[[-31.43481569445284, 17.888109648344106, -34.809328784848255, 0.02794010013721464, 0.0, -0.011063798363827041, -0.0003591125336500865, 0.0009288402774749281, 0.00019439051569901608, -3.741490248813653e-05], [-48.819862099170756, 35.42748668028267, -18.149794754982786, 0.11236615753427295, -0.129098451868106, 0.001174737143909081, 4.554679338170362e-05, -0.0002929842086180654, -0.0009026278540399747, 0.00042350245605759064]]",(x0)' = -31.435 1 +  17.888 x0 + -34.809 x1 +  0.028 x0^2 + -0.011 x1^2 +  0.001 x0^2 x1 | (x1)' = -48.820 1 +  35.427 x0 + -18.150 x1 +  0.112 x0^2 + -0.129 x0 x1 +  0.001 x1^2 + -0.001 x0 x1^2
8,80.0,1000.0,37.49490932254601,3,2,5,20.0,20.0,5,20.0,smoothed_finite_difference_savgol_order_3,success,,20,20,100.0,0.2432408221065998,"[""1"", ""x0"", ""x1"", ""x0^2"", ""x0 x1"", ""x1^2"", ""x0^3"", ""x0^2 x1"", ""x0 x1^2"", ""x1^3""]","[[-27.404478846225924, 18.288325193108253, -35.08995404484779, 0.025151921991016207, 0.007138207102862751, -0.015220753789774671, -0.0004024662194923508, 0.0010060083361158017, 0.00017907831668354638, -5.454229785260141e-05], [-46.25815855212863, 35.63216999947063, -18.452593189677756, 0.11028589230676958, -0.12666156292821285, 0.001229298974643962, 4.49026356237832e-05, -0.0002472837808998228, -0.0009585366619463986, 0.00043176574769761625]]",(x0)' = -27.404 1 +  18.288 x0 + -35.090 x1 +  0.025 x0^2 +  0.007 x0 x1 + -0.015 x1^2 +  0.001 x0^2 x1 | (x1)' = -46.258 1 +  35.632 x0 + -18.453 x1 +  0.110 x0^2 + -0.127 x0 x1 +  0.001 x1^2 + -0.001 x0 x1^2
9,80.0,1000.0,37.49490932254601,3,2,5,20.0,20.0,9,36.0,smoothed_finite_difference_savgol_order_3,success,,19,20,95.0,0.2687222398817539,"[""1"", ""x0"", ""x1"", ""x0^2"", ""x0 x1"", ""x1^2"", ""x0^3"", ""x0^2 x1"", ""x0 x1^2"", ""x1^3""]","[[-12.736763890396732, 22.191475947682214, -40.12483241812035, 0.006315708821312535, 0.04535743296667193, -0.030130891391774436, -0.0005504278070693636, 0.0012416279968014878, 0.0002598328805752338, -0.0001722176143131769], [0.0, 40.299284304862, -22.17708259666772, 0.07700389208959334, -0.09092136501551065, -0.00744544122578583, 0.0001159517108628234, -8.6835426984446e-05, -0.0013061813271916937, 0.0005073157525949208]]",(x0)' = -12.737 1 +  22.191 x0 + -40.125 x1 +  0.006 x0^2 +  0.045 x0 x1 + -0.030 x1^2 + -0.001 x0^3 +  0.001 x0^2 x1 | (x1)' =  40.299 x0 + -22.177 x1 +  0.077 x0^2 + -0.091 x0 x1 + -0.007 x1^2 + -0.001 x0 x1^2 +  0.001 x1^3
10,80.0,1000.0,37.49490932254601,3,4,1,4.0,12.0,0,0.0,finite_difference,success,,135,140,96.42857142857143,2.2493966054171324,"[""1"", ""x0"", ""x1"", ""x2"", ""x3"", ""x0^2"", ""x0 x1"", ""x0 x2"", ""x0 x3"", ""x1^2"", ""x1 x2"", ""x1 x3"", ""x2^2"", ""x2 x3"", ""x3^2"", ""x0^3"", ""x0^2 x1"", ""x0^2 x2"", ""x0^2 x3"", ""x0 x1^2"", ""x0 x1 x2"", ""x0 x1 x3"", ""x0 x2^2"", ""x0 x2 x3"", ""x0 x3^2"", ""x1^3"", ""x1^2 x2"", ""x1^2 x3"", ""x1 x2^2"", ""x1 x2 x3"", ""x1 x3^2"", ""x2^3"", ""x2^2 x3"", ""x2 x3^2"", ""x3^3""]","[[-46.751593729612566, 257.8937504684517, -373.13589444006476, 168.7032223289247, -61.133884264700704, -0.42783485139617, 1.5765192702998667, -1.2564206935972473, 0.5475400126939505, -1.1251570852170458, 1.3993306184829348, -0.7291550920553488, -0.0552354133599034, 0.020583536745466004, 0.06260788520487941, 0.009258443628327987, -0.061465783746874524, 0.054792747696987054, -0.025446774976019864, 0.12679081207584064, -0.20516754266570425, 0.09228454271956858, 0.06583335771853836, -0.048987069951077315, 0.005946203746526913, -0.08533233487827095, 0.19538413779136385, -0.08884713683901144, -0.12146288234512287, 0.09883136819787425, -0.013144625423505796, 0.0159844572519881, -0.01647217294606101, 0.000585956839034118, 0.0009298672884134486], [0.0, 124.94519233183803, 0.1084833940257646, -125.0638109637077, 0.024738921915811677, -0.002061600544080887, 0.00415329524670011, 0.0010848445944652005, -0.0005484813030818337, -0.0018511597618449216, -0.0034953667587442135, 0.0015176103194421238, 0.00554965507026754, -0.0066455532336353535, 0.00227189444345, 0.0002058499465023252, -0.001602699272858992, 0.0018266841097273824, -0.0008259259012717981, 0.0038858864145664895, -0.008136774564282724, 0.0035524847511506567, 0.003772148379137247, -0.0031114756828758638, 0.0006290106857924765, -0.0029146912154603874, 0.00782865281093525, -0.0031927816130625708, -0.005022326443722092, 0.0035631033506484345, -0.0006592126514635638, -9.819167418269102e-05, 0.0005300386839186394, -0.0002294476090246515, 0.0], [0.0, -0.04785796052915143, 125.03632107686236, 0.10651160746708552, -125.08131173485798, 0.0007718528389539814, 0.00012050914272311888, -0.007112222494669699, 0.005727924722361892, -0.0008450555176085828, 0.008587267565369676, -0.006874396488641949, -0.001399227657184627, 0.00027003860534089054, 0.0007594875711876577, 7.980979243998492e-05, -0.0008716785895745939, 0.0010782189955006736, -0.00047564397424973746, 0.0019883989401912067, -0.003184902989327777, 0.0008979838517157102, 0.00038507981825767026, 0.00045909164577879953, -0.0002581274645186774, -0.0011134757935257757, 0.0007719936507911624, 0.0005886531170864984, 0.0035326219918279883, -0.005214488757979226, 0.0014929090055715078, -0.003172276609571948, 0.005138885025455046, -0.0025033688698674747, 0.00037984236378087996], [27.342035763860512, 61.54564294141448, -166.93851044522563, 371.38277755054213, -258.46526306491995, 0.24144942154213034, -0.5154530491888646, 0.12912747954958542, 0.0, 0.0, 0.7266176481972442, -0.3103804726386928, -0.6501649482630579, 0.4411361752592215, -0.07333052338846692, -0.0033616365068220044, 0.024236438947421807, -0.01250890715305196, 0.0016707449491252702, -0.05624190489418214, 0.06305674678825476, -0.011673462632805864, -0.0050425259650187905, -0.021966910647204105, 0.014284649593544689, 0.0437086086285936, -0.08244282680401654, 0.024598437627975908, 0.035230570505814796, 0.0026702024316802332, -0.016192704116356652, -0.00011833549591425326, -0.00994030915787608, 0.011358220683186922, -0.001624650400973028]]",(x0)' = -46.752 1 +  257.894 x0 + -373.136 x1 +  168.703 x2 + -61.134 x3 + -0.428 x0^2 +  1.577 x0 x1 + -1.256 x0 x2 +  0.548 x0 x3 + -1.125 x1^2 +  1.399 x1 x2 + -0.729 x1 x3 + -0.055 x2^2 +  0.021 x2 x3 +  0.063 x3^2 +  0.009 x0^3 + -0.061 x0^2 x1 +  0.055 x0^2 x2 + -0.025 x0^2 x3 +  0.127 x0 x1^2 + -0.205 x0 x1 x2 +  0.092 x0 x1 x3 +  0.066 x0 x2^2 + -0.049 x0 x2 x3 +  0.006 x0 x3^2 + -0.085 x1^3 +  0.195 x1^2 x2 + -0.089 x1^2 x3 + -0.121 x1 x2^2 +  0.099 x1 x2 x3 + -0.013 x1 x3^2 +  0.016 x2^3 + -0.016 x2^2 x3 +  0.001 x2 x3^2 +  0.001 x3^3 | (x1)' =  124.945 x0 +  0.108 x1 + -125.064 x2 +  0.025 x3 + -0.002 x0^2 +  0.004 x0 x1 +  0.001 x0 x2 + -0.001 x0 x3 + -0.002 x1^2 + -0.003 x1 x2 +  0.002 x1 x3 +  0.006 x2^2 + -0.007 x2 x3 +  0.002 x3^2 + -0.002 x0^2 x1 +  0.002 x0^2 x2 + -0.001 x0^2 x3 +  0.004 x0 x1^2 + -0.008 x0 x1 x2 +  0.004 x0 x1 x3 +  0.004 x0 x2^2 + -0.003 x0 x2 x3 +  0.001 x0 x3^2 + -0.003 x1^3 +  0.008 x1^2 x2 + -0.003 x1^2 x3 + -0.005 x1 x2^2 +  0.004 x1 x2 x3 + -0.001 x1 x3^2 +  0.001 x2^2 x3 | (x2)' = -0.048 x0 +  125.036 x1 +  0.107 x2 + -125.081 x3 +  0.001 x0^2 + -0.007 x0 x2 +  0.006 x0 x3 + -0.001 x1^2 +  0.009 x1 x2 + -0.007 x1 x3 + -0.001 x2^2 +  0.001 x3^2 + -0.001 x0^2 x1 +  0.001 x0^2 x2 +  0.002 x0 x1^2 + -0.003 x0 x1 x2 +  0.001 x0 x1 x3 + -0.001 x1^3 +  0.001 x1^2 x2 +  0.001 x1^2 x3 +  0.004 x1 x2^2 + -0.005 x1 x2 x3 +  0.001 x1 x3^2 + -0.003 x2^3 +  0.005 x2^2 x3 + -0.003 x2 x3^2 | (x3)' =  27.342 1 +  61.546 x0 + -166.939 x1 +  371.383 x2 + -258.465 x3 +  0.241 x0^2 + -0.515 x0 x1 +  0.129 x0 x2 +  0.727 x1 x2 + -0.310 x1 x3 + -0.650 x2^2 +  0.441 x2 x3 + -0.073 x3^2 + -0.003 x0^3 +  0.024 x0^2 x1 + -0.013 x0^2 x2 +  0.002 x0^2 x3 + -0.056 x0 x1^2 +  0.063 x0 x1 x2 + -0.012 x0 x1 x3 + -0.005 x0 x2^2 + -0.022 x0 x2 x3 +  0.014 x0 x3^2 +  0.044 x1^3 + -0.082 x1^2 x2 +  0.025 x1^2 x3 +  0.035 x1 x2^2 +  0.003 x1 x2 x3 + -0.016 x1 x3^2 + -0.010 x2^2 x3 +  0.011 x2 x3^2 + -0.002 x3^3
11,80.0,1000.0,37.49490932254601,3,4,1,4.0,12.0,5,20.0,smoothed_finite_difference_savgol_order_3,success,,132,140,94.28571428571429,1.982790432870388,"[""1"", ""x0"", ""x1"", ""x2"", ""x3"", ""x0^2"", ""x0 x1"", ""x0 x2"", ""x0 x3"", ""x1^2"", ""x1 x2"", ""x1 x3"", ""x2^2"", ""x2 x3"", ""x3^2"", ""x0^3"", ""x0^2 x1"", ""x0^2 x2"", ""x0^2 x3"", ""x0 x1^2"", ""x0 x1 x2"", ""x0 x1 x3"", ""x0 x2^2"", ""x0 x2 x3"", ""x0 x3^2"", ""x1^3"", ""x1^2 x2"", ""x1^2 x3"", ""x1 x2^2"", ""x1 x2 x3"", ""x1 x3^2"", ""x2^3"", ""x2^2 x3"", ""x2 x3^2"", ""x3^3""]","[[-35.57575414345112, 309.0756881033671, -470.03551304993755, 227.43746238698085, -71.95393252300093, -0.6433807863779557, 2.617841226542387, -2.2300809719768413, 0.9171083256853962, -2.1715289247268843, 3.0155086460788048, -1.3145989481627347, -0.5593305679200492, 0.37628232634680925, 0.0, 0.01720118085983816, -0.12311580555384284, 0.11362238668689273, -0.048063141338771216, 0.28210167652991, -0.502357463987357, 0.21133642980750125, 0.2086791901365933, -0.16383688849888775, 0.027827296210450103, -0.21324793483930488, 0.5668609592901747, -0.2429895752605262, -0.48788031767522727, 0.40404415349346595, -0.07370976707186597, 0.14179641082213806, -0.17599088327829557, 0.06565489554529415, -0.007710479540900302], [0.0, 125.23406454346319, -0.8240850508610125, -123.86027632821889, -0.531437925223053, -0.0015408134539671072, 0.0, 0.008579607599001936, -0.003527494113124725, 0.00046535633766449705, -0.01202751903261323, 0.007375725142220311, 0.013681813403597717, -0.021571117494196056, 0.008552945016086595, 0.0013378634791823877, -0.005639899610982239, 0.0, 0.0012229687488409702, 0.0, 0.035870908810622944, -0.02212917704841565, -0.040420623033647234, 0.04211583872925734, -0.010627964653935559, 0.014338152328734768, -0.09828166307175593, 0.05151678334544508, 0.16597482831755606, -0.16257901952324277, 0.0390300142146318, -0.08215568050926304, 0.11596007130821487, -0.05367450077466545, 0.008141212294007273], [-0.4981431582659599, -0.1561376598487632, 125.10728883485189, 0.26888255980410297, -125.18528351537628, 0.005238249444021513, -0.02204578470300415, 0.0, 0.012598002815044295, 0.03437890500832904, -0.04481661505240894, 0.0, 0.031872033127322945, -0.02556228630921665, 0.00834391145482579, 0.003276891627492105, -0.026148123084156556, 0.028271203041980518, -0.01273336358888018, 0.06234134211854353, -0.1182200623787406, 0.049427731912967794, 0.046172060159386054, -0.03392396292729339, 0.005572686495663856, -0.0440709423043965, 0.10370753462848296, -0.03853391084759458, -0.05160765746178816, 0.02369861412198896, 0.0, -0.007708346289819934, 0.02316454254218045, -0.015759153903829672, 0.003071655617150364], [19.44886361091094, 72.85473468196984, -227.3694559919985, 469.60694324081925, -309.7783393766824, 0.53037663828861, -2.117285665255005, 2.0525559477773587, -0.9438952322656481, 1.8003528813313907, -3.1320770441190757, 1.5833453341342751, 1.1639735389077608, -1.207473125398202, 0.26321646278954475, -0.015500956248102726, 0.11122637308666888, -0.09308096783618966, 0.034279002983586264, -0.26271822116602145, 0.4382691971086974, -0.16398313151687027, -0.16855991298218856, 0.1111766499964267, -0.013101771566233966, 0.20517461163173425, -0.5140939313364672, 0.20023888279220428, 0.4027038799401925, -0.2923619835486705, 0.04178094991074761, -0.09928032850537692, 0.10604842129292934, -0.03185570742328056, 0.0034166160097059135]]",(x0)' = -35.576 1 +  309.076 x0 + -470.036 x1 +  227.437 x2 + -71.954 x3 + -0.643 x0^2 +  2.618 x0 x1 + -2.230 x0 x2 +  0.917 x0 x3 + -2.172 x1^2 +  3.016 x1 x2 + -1.315 x1 x3 + -0.559 x2^2 +  0.376 x2 x3 +  0.017 x0^3 + -0.123 x0^2 x1 +  0.114 x0^2 x2 + -0.048 x0^2 x3 +  0.282 x0 x1^2 + -0.502 x0 x1 x2 +  0.211 x0 x1 x3 +  0.209 x0 x2^2 + -0.164 x0 x2 x3 +  0.028 x0 x3^2 + -0.213 x1^3 +  0.567 x1^2 x2 + -0.243 x1^2 x3 + -0.488 x1 x2^2 +  0.404 x1 x2 x3 + -0.074 x1 x3^2 +  0.142 x2^3 + -0.176 x2^2 x3 +  0.066 x2 x3^2 + -0.008 x3^3 | (x1)' =  125.234 x0 + -0.824 x1 + -123.860 x2 + -0.531 x3 + -0.002 x0^2 +  0.009 x0 x2 + -0.004 x0 x3 + -0.012 x1 x2 +  0.007 x1 x3 +  0.014 x2^2 + -0.022 x2 x3 +  0.009 x3^2 +  0.001 x0^3 + -0.006 x0^2 x1 +  0.001 x0^2 x3 +  0.036 x0 x1 x2 + -0.022 x0 x1 x3 + -0.040 x0 x2^2 +  0.042 x0 x2 x3 + -0.011 x0 x3^2 +  0.014 x1^3 + -0.098 x1^2 x2 +  0.052 x1^2 x3 +  0.166 x1 x2^2 + -0.163 x1 x2 x3 +  0.039 x1 x3^2 + -0.082 x2^3 +  0.116 x2^2 x3 + -0.054 x2 x3^2 +  0.008 x3^3 | (x2)' = -0.498 1 + -0.156 x0 +  125.107 x1 +  0.269 x2 + -125.185 x3 +  0.005 x0^2 + -0.022 x0 x1 +  0.013 x0 x3 +  0.034 x1^2 + -0.045 x1 x2 +  0.032 x2^2 + -0.026 x2 x3 +  0.008 x3^2 +  0.003 x0^3 + -0.026 x0^2 x1 +  0.028 x0^2 x2 + -0.013 x0^2 x3 +  0.062 x0 x1^2 + -0.118 x0 x1 x2 +  0.049 x0 x1 x3 +  0.046 x0 x2^2 + -0.034 x0 x2 x3 +  0.006 x0 x3^2 + -0.044 x1^3 +  0.104 x1^2 x2 + -0.039 x1^2 x3 + -0.052 x1 x2^2 +  0.024 x1 x2 x3 + -0.008 x2^3 +  0.023 x2^2 x3 + -0.016 x2 x3^2 +  0.003 x3^3 | (x3)' =  19.449 1 +  72.855 x0 + -227.369 x1 +  469.607 x2 + -309.778 x3 +  0.530 x0^2 + -2.117 x0 x1 +  2.053 x0 x2 + -0.944 x0 x3 +  1.800 x1^2 + -3.132 x1 x2 +  1.583 x1 x3 +  1.164 x2^2 + -1.207 x2 x3 +  0.263 x3^2 + -0.016 x0^3 +  0.111 x0^2 x1 + -0.093 x0^2 x2 +  0.034 x0^2 x3 + -0.263 x0 x1^2 +  0.438 x0 x1 x2 + -0.164 x0 x1 x3 + -0.169 x0 x2^2 +  0.111 x0 x2 x3 + -0.013 x0 x3^2 +  0.205 x1^3 + -0.514 x1^2 x2 +  0.200 x1^2 x3 +  0.403 x1 x2^2 + -0.292 x1 x2 x3 +  0.042 x1 x3^2 + -0.099 x2^3 +  0.106 x2^2 x3 + -0.032 x2 x3^2 +  0.003 x3^3
12,80.0,1000.0,37.49490932254601,3,4,1,4.0,12.0,9,36.0,smoothed_finite_difference_savgol_order_3,success,,137,140,97.85714285714286,1.9892023783177137,"[""1"", ""x0"", ""x1"", ""x2"", ""x3"", ""x0^2"", ""x0 x1"", ""x0 x2"", ""x0 x3"", ""x1^2"", ""x1 x2"", ""x1 x3"", ""x2^2"", ""x2 x3"", ""x3^2"", ""x0^3"", ""x0^2 x1"", ""x0^2 x2"", ""x0^2 x3"", ""x0 x1^2"", ""x0 x1 x2"", ""x0 x1 x3"", ""x0 x2^2"", ""x0 x2 x3"", ""x0 x3^2"", ""x1^3"", ""x1^2 x2"", ""x1^2 x3"", ""x1 x2^2"", ""x1 x2 x3"", ""x1 x3^2"", ""x2^3"", ""x2^2 x3"", ""x2 x3^2"", ""x3^3""]","[[-12.209196618053937, 356.76933729278227, -535.6943752834027, 229.83044537205825, -53.07590977879262, -0.9819045676245044, 5.2207887499914065, -5.671916526758124, 2.4413278379258414, -6.9660584580213225, 15.067109044908484, -6.422359106391268, -7.72256424215026, 6.124316273051984, -1.087113791698877, 0.000897859834575374, 0.06201372025433734, 0.027629761087890226, -0.11257375502781643, -0.3844532006768726, 0.3117129054215344, 0.4394709210222159, 0.0405803504324745, -0.546790305523801, 0.18305514562812564, 0.5334035520575034, -0.9125499507991788, -0.4429459836548101, 0.2036589589576946, 1.3695730595591986, -0.5068229334642936, 0.21085100865550005, -1.0058283087182958, 0.6404625389062892, -0.11124205253410296], [-1.4690556948725286, 125.59279024314004, -0.027069551254912377, -127.10328333917148, 1.6302775587323546, 0.08427869979271103, -0.34787533076797245, 0.11947584869973595, 0.06280139154289753, 0.45665472368666005, -0.5561341213159411, 0.0, 0.23865436352849498, -0.06746435531457078, 0.009877914965421368, 0.09446478581208928, -0.565094945817954, 0.4337016432377775, -0.1416758380985414, 0.9190690403914251, -1.0376005894774183, 0.25368772282597574, 0.08328214360977804, 0.09839905482319047, -0.05470822577797411, -0.30038529304673744, -0.03843768733327331, 0.13503294663313917, 0.7899324548435851, -0.7118209745337171, 0.14180731293885285, -0.3530498578392063, 0.30026043836360256, -0.032520720236955104, -0.014349898001220471], [-0.9141551915825555, 0.42257465378805076, 124.58391099168827, -0.06341164355922066, -124.9040771062408, -0.04174963486340582, 0.0, 0.26559198012271934, -0.18757268174980762, 0.4298814794087049, -1.8209684126020123, 0.9897767096745861, 1.5063041165638384, -1.5005742320050306, 0.35940869393440716, 0.1080737589231772, -0.735297549963155, 0.47802831100415694, -0.053911768844846476, 1.5562801776685413, -1.6251621052247347, -0.10139120313017952, 0.041468850042480014, 0.6824135873158175, -0.25602179721017476, -1.016708701343772, 1.0747586538656253, 0.5428573766262006, 0.7912772175193769, -2.3655307010678848, 0.7396677835757726, -0.7838239035336287, 1.6429445879473072, -0.845325022837947, 0.12539898517880071], [12.699101990160191, 53.213851990473444, -228.80418990963574, 535.3914494588064, -357.7501817859954, -0.09266419460724501, -1.026747328938128, 3.051967238138568, -1.8429179279840064, 2.5535490882884635, -8.941195215343683, 4.853503976260303, 5.629254957733891, -5.3151080444413275, 1.1290074387326163, 0.04947233513866506, -0.4470937132488551, 0.34298733720418517, -0.018317379039781232, 1.303779020025583, -1.969525054111295, 0.11698130363535261, 0.6543313170683691, 0.1050667301885087, -0.1146741142987861, -1.192893190649283, 2.466858715377452, 0.0, -1.1662371155433144, -1.0077181764982197, 0.5114974112876643, -0.1636996265105148, 1.199112816697551, -0.8209817495572528, 0.1509510573263915]]",(x0)' = -12.209 1 +  356.769 x0 + -535.694 x1 +  229.830 x2 + -53.076 x3 + -0.982 x0^2 +  5.221 x0 x1 + -5.672 x0 x2 +  2.441 x0 x3 + -6.966 x1^2 +  15.067 x1 x2 + -6.422 x1 x3 + -7.723 x2^2 +  6.124 x2 x3 + -1.087 x3^2 +  0.001 x0^3 +  0.062 x0^2 x1 +  0.028 x0^2 x2 + -0.113 x0^2 x3 + -0.384 x0 x1^2 +  0.312 x0 x1 x2 +  0.439 x0 x1 x3 +  0.041 x0 x2^2 + -0.547 x0 x2 x3 +  0.183 x0 x3^2 +  0.533 x1^3 + -0.913 x1^2 x2 + -0.443 x1^2 x3 +  0.204 x1 x2^2 +  1.370 x1 x2 x3 + -0.507 x1 x3^2 +  0.211 x2^3 + -1.006 x2^2 x3 +  0.640 x2 x3^2 + -0.111 x3^3 | (x1)' = -1.469 1 +  125.593 x0 + -0.027 x1 + -127.103 x2 +  1.630 x3 +  0.084 x0^2 + -0.348 x0 x1 +  0.119 x0 x2 +  0.063 x0 x3 +  0.457 x1^2 + -0.556 x1 x2 +  0.239 x2^2 + -0.067 x2 x3 +  0.010 x3^2 +  0.094 x0^3 + -0.565 x0^2 x1 +  0.434 x0^2 x2 + -0.142 x0^2 x3 +  0.919 x0 x1^2 + -1.038 x0 x1 x2 +  0.254 x0 x1 x3 +  0.083 x0 x2^2 +  0.098 x0 x2 x3 + -0.055 x0 x3^2 + -0.300 x1^3 + -0.038 x1^2 x2 +  0.135 x1^2 x3 +  0.790 x1 x2^2 + -0.712 x1 x2 x3 +  0.142 x1 x3^2 + -0.353 x2^3 +  0.300 x2^2 x3 + -0.033 x2 x3^2 + -0.014 x3^3 | (x2)' = -0.914 1 +  0.423 x0 +  124.584 x1 + -0.063 x2 + -124.904 x3 + -0.042 x0^2 +  0.266 x0 x2 + -0.188 x0 x3 +  0.430 x1^2 + -1.821 x1 x2 +  0.990 x1 x3 +  1.506 x2^2 + -1.501 x2 x3 +  0.359 x3^2 +  0.108 x0^3 + -0.735 x0^2 x1 +  0.478 x0^2 x2 + -0.054 x0^2 x3 +  1.556 x0 x1^2 + -1.625 x0 x1 x2 + -0.101 x0 x1 x3 +  0.041 x0 x2^2 +  0.682 x0 x2 x3 + -0.256 x0 x3^2 + -1.017 x1^3 +  1.075 x1^2 x2 +  0.543 x1^2 x3 +  0.791 x1 x2^2 + -2.366 x1 x2 x3 +  0.740 x1 x3^2 + -0.784 x2^3 +  1.643 x2^2 x3 + -0.845 x2 x3^2 +  0.125 x3^3 | (x3)' =  12.699 1 +  53.214 x0 + -228.804 x1 +  535.391 x2 + -357.750 x3 + -0.093 x0^2 + -1.027 x0 x1 +  3.052 x0 x2 + -1.843 x0 x3 +  2.554 x1^2 + -8.941 x1 x2 +  4.854 x1 x3 +  5.629 x2^2 + -5.315 x2 x3 +  1.129 x3^2 +  0.049 x0^3 + -0.447 x0^2 x1 +  0.343 x0^2 x2 + -0.018 x0^2 x3 +  1.304 x0 x1^2 + -1.970 x0 x1 x2 +  0.117 x0 x1 x3 +  0.654 x0 x2^2 +  0.105 x0 x2 x3 + -0.115 x0 x3^2 + -1.193 x1^3 +  2.467 x1^2 x2 + -1.166 x1 x2^2 + -1.008 x1 x2 x3 +  0.511 x1 x3^2 + -0.164 x2^3 +  1.199 x2^2 x3 + -0.821 x2 x3^2 +  0.151 x3^3
13,80.0,1000.0,37.49490932254601,3,4,2,8.0,24.0,0,0.0,finite_difference,success,,139,140,99.28571428571429,2.0516761355102062,"[""1"", ""x0"", ""x1"", ""x2"", ""x3"", ""x0^2"", ""x0 x1"", ""x0 x2"", ""x0 x3"", ""x1^2"", ""x1 x2"", ""x1 x3"", ""x2^2"", ""x2 x3"", ""x3^2"", ""x0^3"", ""x0^2 x1"", ""x0^2 x2"", ""x0^2 x3"", ""x0 x1^2"", ""x0 x1 x2"", ""x0 x1 x3"", ""x0 x2^2"", ""x0 x2 x3"", ""x0 x3^2"", ""x1^3"", ""x1^2 x2"", ""x1^2 x3"", ""x1 x2^2"", ""x1 x2 x3"", ""x1 x3^2"", ""x2^3"", ""x2^2 x3"", ""x2 x3^2"", ""x3^3""]","[[-114.726238969715, 87.08278894722591, -111.9715714275133, 12.236235854699137, 2.185531088409094, -0.07224123459294454, 0.30980064737504065, -0.19539336366109167, 0.08542079095387745, 0.010121807726903333, -0.253625214727846, -0.045491299954077274, 0.3173920836404901, -0.24937291528865174, 0.10535295484492867, -0.0003834058675250662, -0.00043063667555778037, 0.0011979433625502246, -0.0008813728372046999, -0.000423141670358945, 0.0045378728289078825, -0.000999686698242853, -0.0071919760083588346, 0.008102687527822656, -0.002325170409599747, 0.0006993507057049324, -0.005229943367451103, 0.0021981586509751683, 0.007848024704957147, -0.007560061661903456, 0.001803354339012799, -0.0014263102205157082, 0.0007829796393822899, 0.0005663361563689709, -0.00038611465336503537], [18.68837481743328, 72.28297415433593, 5.480726698790717, -89.94241260874175, 14.860758737643888, 0.06931963722023006, -0.23848446335261225, 0.1173997756420834, -0.026696646979752374, 0.047737810362637086, 0.15587983838958427, -0.03598788282549951, -0.13986482482416152, 0.04291770685514185, 0.00388076672155559, -1.768138991636008e-05, 0.001033222086345332, -0.001859568177421846, 0.0010768777586373647, -0.0005805867322234475, 0.00029079283330911583, -0.0007042810451147353, 0.002506062909095639, -0.0030590707789981963, 0.0010441130946755811, -0.00037855438446894634, 0.0019009595066923762, -7.933586802645173e-05, -0.0037538361699304312, 0.002854508698862771, -0.0010852813155343263, 0.0013007004991797523, -0.0014180820989574002, 0.001096705992316743, -0.0002940495091996351], [-11.362516148893851, -13.753415936381238, 85.99325510605821, 0.0, -74.89286605562371, -0.02086347903665523, 0.13839614030610656, -0.11453816313027511, 0.015701633221192987, -0.02186175581488528, -0.15526958538139984, 0.07101322471562578, 0.10621543657835801, 0.03481463934417659, -0.050720668695606784, 1.3747973031833506e-05, -3.5243653918501224e-05, 0.00013011423976974407, -0.0004261183842669021, -0.0008110857219953037, 0.0014193294331891217, 0.0005025897945477293, -0.002049197858335665, 0.002904931051820615, -0.0012760947710052253, 0.0011488562675874613, -0.003233365006968971, -0.00012926270466668657, 0.0051717618353885695, -0.0038749926926729306, 0.001968979213933576, -0.0025707060059274537, 0.0033687501895691887, -0.0028780875921404396, 0.0007869104279881807], [52.34367481407225, -1.9886529083748559, -10.165027793964866, 109.01992040866227, -86.46062226734581, -0.08371423837381659, -0.003773010557683981, 0.18781523562084212, 0.004548176813389083, -0.0008023195199502565, 0.17508448570291665, -0.1457333305806901, -0.12290181801188561, -0.11049297485531209, 0.09324019920579729, -0.00019639702131971494, -0.00048042065456555596, 0.0005842167322981357, 0.0012856411223736474, 0.0012454492116949305, 0.0016906987915855677, -0.005248979640615317, -0.0017752114428679516, 0.000919394758357256, 0.00033411240974980273, -0.000946307098027179, -0.00018112394387691144, 0.004781206069452854, 0.0004979165483958313, -0.006500312074045619, 0.0010520877820745945, -1.0215368268559156e-05, 0.004076750923869085, -0.0022355306331070493, 0.0005872729245015925]]",(x0)' = -114.726 1 +  87.083 x0 + -111.972 x1 +  12.236 x2 +  2.186 x3 + -0.072 x0^2 +  0.310 x0 x1 + -0.195 x0 x2 +  0.085 x0 x3 +  0.010 x1^2 + -0.254 x1 x2 + -0.045 x1 x3 +  0.317 x2^2 + -0.249 x2 x3 +  0.105 x3^2 +  0.001 x0^2 x2 + -0.001 x0^2 x3 +  0.005 x0 x1 x2 + -0.001 x0 x1 x3 + -0.007 x0 x2^2 +  0.008 x0 x2 x3 + -0.002 x0 x3^2 +  0.001 x1^3 + -0.005 x1^2 x2 +  0.002 x1^2 x3 +  0.008 x1 x2^2 + -0.008 x1 x2 x3 +  0.002 x1 x3^2 + -0.001 x2^3 +  0.001 x2^2 x3 +  0.001 x2 x3^2 | (x1)' =  18.688 1 +  72.283 x0 +  5.481 x1 + -89.942 x2 +  14.861 x3 +  0.069 x0^2 + -0.238 x0 x1 +  0.117 x0 x2 + -0.027 x0 x3 +  0.048 x1^2 +  0.156 x1 x2 + -0.036 x1 x3 + -0.140 x2^2 +  0.043 x2 x3 +  0.004 x3^2 +  0.001 x0^2 x1 + -0.002 x0^2 x2 +  0.001 x0^2 x3 + -0.001 x0 x1^2 + -0.001 x0 x1 x3 +  0.003 x0 x2^2 + -0.003 x0 x2 x3 +  0.001 x0 x3^2 +  0.002 x1^2 x2 + -0.004 x1 x2^2 +  0.003 x1 x2 x3 + -0.001 x1 x3^2 +  0.001 x2^3 + -0.001 x2^2 x3 +  0.001 x2 x3^2 | (x2)' = -11.363 1 + -13.753 x0 +  85.993 x1 + -74.893 x3 + -0.021 x0^2 +  0.138 x0 x1 + -0.115 x0 x2 +  0.016 x0 x3 + -0.022 x1^2 + -0.155 x1 x2 +  0.071 x1 x3 +  0.106 x2^2 +  0.035 x2 x3 + -0.051 x3^2 + -0.001 x0 x1^2 +  0.001 x0 x1 x2 +  0.001 x0 x1 x3 + -0.002 x0 x2^2 +  0.003 x0 x2 x3 + -0.001 x0 x3^2 +  0.001 x1^3 + -0.003 x1^2 x2 +  0.005 x1 x2^2 + -0.004 x1 x2 x3 +  0.002 x1 x3^2 + -0.003 x2^3 +  0.003 x2^2 x3 + -0.003 x2 x3^2 +  0.001 x3^3 | (x3)' =  52.344 1 + -1.989 x0 + -10.165 x1 +  109.020 x2 + -86.461 x3 + -0.084 x0^2 + -0.004 x0 x1 +  0.188 x0 x2 +  0.005 x0 x3 + -0.001 x1^2 +  0.175 x1 x2 + -0.146 x1 x3 + -0.123 x2^2 + -0.110 x2 x3 +  0.093 x3^2 +  0.001 x0^2 x2 +  0.001 x0^2 x3 +  0.001 x0 x1^2 +  0.002 x0 x1 x2 + -0.005 x0 x1 x3 + -0.002 x0 x2^2 +  0.001 x0 x2 x3 + -0.001 x1^3 +  0.005 x1^2 x3 + -0.007 x1 x2 x3 +  0.001 x1 x3^2 +  0.004 x2^2 x3 + -0.002 x2 x3^2 +  0.001 x3^3
14,80.0,1000.0,37.49490932254601,3,4,2,8.0,24.0,5,20.0,smoothed_finite_difference_savgol_order_3,success,,135,140,96.42857142857143,1.96786049567163,"[""1"", ""x0"", ""x1"", ""x2"", ""x3"", ""x0^2"", ""x0 x1"", ""x0 x2"", ""x0 x3"", ""x1^2"", ""x1 x2"", ""x1 x3"", ""x2^2"", ""x2 x3"", ""x3^2"", ""x0^3"", ""x0^2 x1"", ""x0^2 x2"", ""x0^2 x3"", ""x0 x1^2"", ""x0 x1 x2"", ""x0 x1 x3"", ""x0 x2^2"", ""x0 x2 x3"", ""x0 x3^2"", ""x1^3"", ""x1^2 x2"", ""x1^2 x3"", ""x1 x2^2"", ""x1 x2 x3"", ""x1 x3^2"", ""x2^3"", ""x2^2 x3"", ""x2 x3^2"", ""x3^3""]","[[-102.7374723690786, 103.92655269606998, -144.02409222580695, 38.249526169828926, -7.708428131126853, -0.06937393982643192, 0.28402834062668225, -0.10748430868961104, 0.0, 0.05353706988424903, -0.5044450121324485, 0.14177659002205092, 0.4664451727977213, -0.3583523602211693, 0.10224004125481596, -0.00011515026326537918, -0.0018091261531028256, 0.0026846412762772734, -0.0016842121159460143, 0.0016733884240380875, 0.00048791372650580406, 0.0014807414304092296, -0.0055269750611821305, 0.006360836967736487, -0.0021655360762867087, 0.00031833859942042995, -0.004543411524752924, 0.0008651550970084138, 0.00796568187867804, -0.006781581517245193, 0.0020601844101350085, -0.002034504192156917, 0.0019641978146493558, -0.0007394933882765228, 0.0], [24.603056552718297, 70.28075488034656, 11.75029812130845, -98.21838316690327, 19.24970422143323, 0.055357787136926996, -0.18440758190068898, 0.11457458369131183, -0.04819007926424833, 0.0, 0.1987758730154493, -0.032236569557786456, -0.1759370696170038, 0.06690836254345135, 0.0014065849442086104, -0.0002996312932249847, 0.0020006901198077417, -0.0023941012578542254, 0.0013659562065650723, -0.0020829848546973055, 0.002793956613045467, -0.002116881969082766, 0.0014200204198980605, -0.002128101486480338, 0.0009481665850056355, 0.00016256780082873494, 0.0007684089398359767, 0.0007793052177187788, -0.00328640730053697, 0.002168329683582111, -0.00098559657247062, 0.001406763373981536, -0.0014417899628565507, 0.0010131437594086963, -0.000235874168356164], [-14.113359078118512, -16.237990410824477, 89.11420828121479, 0.0, -75.88132120585753, -0.040414201876984204, 0.17644169099377197, -0.1460590331044496, 0.04499549823626495, -0.034695123740961245, -0.11942187714240513, 0.03055773234800417, 0.11123236434871499, 0.01573096293540119, -0.03567998252853286, -0.0003888098451377849, 0.0026547389009092793, -0.0033587323520396775, 0.0014666100345261364, -0.005820312512045229, 0.013837927953634465, -0.0061828669527177966, -0.009579666874878226, 0.010798504511125155, -0.003531921426352522, 0.0046331645795820876, -0.016276815948958367, 0.00673080254949559, 0.02065564291721744, -0.019743211145114795, 0.006541717215671406, -0.008519116826830927, 0.012644711638216927, -0.008288508979956788, 0.0018799454629871539], [47.35237647549577, 7.484610585796641, -35.815204640820916, 141.12418482561756, -103.41496267819403, -0.02985034621626926, -0.08533107804956426, 0.18126809213635198, -0.017215546675102084, -0.03853150543028862, 0.2596236221015847, -0.09582025836657967, -0.13064878237692737, -0.1446290230012751, 0.09506753873503518, -0.00021481823904422303, 0.0, -0.00032800803056062404, 0.0015750525291654996, 0.0006122223997079503, 0.0013968276098616417, -0.004850051202665108, 0.0004194304181317984, -0.0010162205804416184, 0.000976206196024785, -0.0007975834232778596, 0.0007431895364840807, 0.0048318947649383884, -0.0016998949953670902, -0.005109031259830052, 0.0002493153859602461, 0.0006978976906872918, 0.0028401642662392243, -0.0011202079867281727, 0.0003231211342074793]]",(x0)' = -102.737 1 +  103.927 x0 + -144.024 x1 +  38.250 x2 + -7.708 x3 + -0.069 x0^2 +  0.284 x0 x1 + -0.107 x0 x2 +  0.054 x1^2 + -0.504 x1 x2 +  0.142 x1 x3 +  0.466 x2^2 + -0.358 x2 x3 +  0.102 x3^2 + -0.002 x0^2 x1 +  0.003 x0^2 x2 + -0.002 x0^2 x3 +  0.002 x0 x1^2 +  0.001 x0 x1 x3 + -0.006 x0 x2^2 +  0.006 x0 x2 x3 + -0.002 x0 x3^2 + -0.005 x1^2 x2 +  0.001 x1^2 x3 +  0.008 x1 x2^2 + -0.007 x1 x2 x3 +  0.002 x1 x3^2 + -0.002 x2^3 +  0.002 x2^2 x3 + -0.001 x2 x3^2 | (x1)' =  24.603 1 +  70.281 x0 +  11.750 x1 + -98.218 x2 +  19.250 x3 +  0.055 x0^2 + -0.184 x0 x1 +  0.115 x0 x2 + -0.048 x0 x3 +  0.199 x1 x2 + -0.032 x1 x3 + -0.176 x2^2 +  0.067 x2 x3 +  0.001 x3^2 +  0.002 x0^2 x1 + -0.002 x0^2 x2 +  0.001 x0^2 x3 + -0.002 x0 x1^2 +  0.003 x0 x1 x2 + -0.002 x0 x1 x3 +  0.001 x0 x2^2 + -0.002 x0 x2 x3 +  0.001 x0 x3^2 +  0.001 x1^2 x2 +  0.001 x1^2 x3 + -0.003 x1 x2^2 +  0.002 x1 x2 x3 + -0.001 x1 x3^2 +  0.001 x2^3 + -0.001 x2^2 x3 +  0.001 x2 x3^2 | (x2)' = -14.113 1 + -16.238 x0 +  89.114 x1 + -75.881 x3 + -0.040 x0^2 +  0.176 x0 x1 + -0.146 x0 x2 +  0.045 x0 x3 + -0.035 x1^2 + -0.119 x1 x2 +  0.031 x1 x3 +  0.111 x2^2 +  0.016 x2 x3 + -0.036 x3^2 +  0.003 x0^2 x1 + -0.003 x0^2 x2 +  0.001 x0^2 x3 + -0.006 x0 x1^2 +  0.014 x0 x1 x2 + -0.006 x0 x1 x3 + -0.010 x0 x2^2 +  0.011 x0 x2 x3 + -0.004 x0 x3^2 +  0.005 x1^3 + -0.016 x1^2 x2 +  0.007 x1^2 x3 +  0.021 x1 x2^2 + -0.020 x1 x2 x3 +  0.007 x1 x3^2 + -0.009 x2^3 +  0.013 x2^2 x3 + -0.008 x2 x3^2 +  0.002 x3^3 | (x3)' =  47.352 1 +  7.485 x0 + -35.815 x1 +  141.124 x2 + -103.415 x3 + -0.030 x0^2 + -0.085 x0 x1 +  0.181 x0 x2 + -0.017 x0 x3 + -0.039 x1^2 +  0.260 x1 x2 + -0.096 x1 x3 + -0.131 x2^2 + -0.145 x2 x3 +  0.095 x3^2 +  0.002 x0^2 x3 +  0.001 x0 x1^2 +  0.001 x0 x1 x2 + -0.005 x0 x1 x3 + -0.001 x0 x2 x3 +  0.001 x0 x3^2 + -0.001 x1^3 +  0.001 x1^2 x2 +  0.005 x1^2 x3 + -0.002 x1 x2^2 + -0.005 x1 x2 x3 +  0.001 x2^3 +  0.003 x2^2 x3 + -0.001 x2 x3^2
15,80.0,1000.0,37.49490932254601,3,4,2,8.0,24.0,9,36.0,smoothed_finite_difference_savgol_order_3,success,,136,140,97.14285714285714,1.9864238779991865,"[""1"", ""x0"", ""x1"", ""x2"", ""x3"", ""x0^2"", ""x0 x1"", ""x0 x2"", ""x0 x3"", ""x1^2"", ""x1 x2"", ""x1 x3"", ""x2^2"", ""x2 x3"", ""x3^2"", ""x0^3"", ""x0^2 x1"", ""x0^2 x2"", ""x0^2 x3"", ""x0 x1^2"", ""x0 x1 x2"", ""x0 x1 x3"", ""x0 x2^2"", ""x0 x2 x3"", ""x0 x3^2"", ""x1^3"", ""x1^2 x2"", ""x1^2 x3"", ""x1 x2^2"", ""x1 x2 x3"", ""x1 x3^2"", ""x2^3"", ""x2^2 x3"", ""x2 x3^2"", ""x3^3""]","[[-30.823967129539604, 149.44143882134253, -219.8796380644372, 83.69357785476214, -17.830616305329578, -0.17631669878474868, 0.6765822246992792, -0.6267371331069522, 0.345907229333355, -0.4325449737440081, 0.789390039899833, -0.6491771360257569, -0.3670853696626124, 0.5944292299824037, -0.15161835827322998, -0.0025788832881870373, 0.013655066166090087, -0.011188548558002767, 0.004219184825355148, -0.02736223770115191, 0.051714377210954496, -0.019160313008977196, -0.027533423920656486, 0.021040577442124283, -0.003854474436138317, 0.01818553660598703, -0.05106184393307374, 0.017475625772979966, 0.046664438361735075, -0.02977061910129628, 0.00419994063590571, -0.011749915924478764, 0.00810383781075134, 0.0, -0.0007592639907648678], [9.438232063879008, 60.51276775428219, 23.939390832471013, -99.11671837825195, 15.818460656613864, 0.017365233064026986, -0.0610944367863834, 0.032137369237972495, -0.0051770714701825345, 0.0, 0.04844645891345039, 0.0, -0.02985796905394184, 0.0, -0.002532960820742361, -0.0025123887617727204, 0.018023669823604798, -0.016159246045509053, 0.006433644890814179, -0.039681423518259214, 0.06710616293203643, -0.027244562134870427, -0.02625282808558863, 0.020467049791801036, -0.0035507001034333395, 0.0281096627818817, -0.07020930121879196, 0.029590699293060106, 0.05645623643946418, -0.046390282873647604, 0.008274688347391247, -0.014872186549613633, 0.0175850250980333, -0.0057213337187684565, 0.0004847683780490786], [-1.5929439912696204, -16.852047873148994, 101.59882577141298, -26.753137006003765, -58.97890193028619, -0.06651579360164944, 0.38696464930375674, -0.46132559322753136, 0.2159934740919441, -0.4506605490840262, 1.0083958967361126, -0.5002765070719801, -0.5552588154919726, 0.5491872271733695, -0.12568732140270222, 0.0014553584286336487, -0.01309860637251795, 0.01632003971036978, -0.009462458831256423, 0.03419157410403083, -0.08017195191259255, 0.0469539604674324, 0.04478149179663494, -0.050371720308007815, 0.012833362098745055, -0.02819217813286194, 0.09771140606488089, -0.05835826621098202, -0.11049622825634997, 0.12748012337361553, -0.03324134963863738, 0.04142233355571477, -0.07024651604316128, 0.036819873547702005, -0.006270865090724045], [27.50744964757295, 18.23349207909313, -83.79084822147117, 220.21284629554793, -150.26232349972776, 0.0517826283062909, -0.37966477630888407, 0.5072034961979541, -0.24325147186253013, 0.29088339627691817, -0.6280204909174095, 0.41797887253992916, 0.34965346462191205, -0.49412338622072205, 0.12486028146362589, -0.0030080168674688668, 0.02417722846626784, -0.028674261928202088, 0.014716397597539734, -0.05776085450477053, 0.1312700526910873, -0.06806224054453808, -0.06935107530300832, 0.0660324486764127, -0.013756350921532302, 0.04416547406022279, -0.1518025669027687, 0.0814001313224511, 0.16648038025051268, -0.1671058810746201, 0.03696382852215457, -0.06011813774614368, 0.08890014066335464, -0.041481056895591485, 0.006784547965885115]]",(x0)' = -30.824 1 +  149.441 x0 + -219.880 x1 +  83.694 x2 + -17.831 x3 + -0.176 x0^2 +  0.677 x0 x1 + -0.627 x0 x2 +  0.346 x0 x3 + -0.433 x1^2 +  0.789 x1 x2 + -0.649 x1 x3 + -0.367 x2^2 +  0.594 x2 x3 + -0.152 x3^2 + -0.003 x0^3 +  0.014 x0^2 x1 + -0.011 x0^2 x2 +  0.004 x0^2 x3 + -0.027 x0 x1^2 +  0.052 x0 x1 x2 + -0.019 x0 x1 x3 + -0.028 x0 x2^2 +  0.021 x0 x2 x3 + -0.004 x0 x3^2 +  0.018 x1^3 + -0.051 x1^2 x2 +  0.017 x1^2 x3 +  0.047 x1 x2^2 + -0.030 x1 x2 x3 +  0.004 x1 x3^2 + -0.012 x2^3 +  0.008 x2^2 x3 + -0.001 x3^3 | (x1)' =  9.438 1 +  60.513 x0 +  23.939 x1 + -99.117 x2 +  15.818 x3 +  0.017 x0^2 + -0.061 x0 x1 +  0.032 x0 x2 + -0.005 x0 x3 +  0.048 x1 x2 + -0.030 x2^2 + -0.003 x3^2 + -0.003 x0^3 +  0.018 x0^2 x1 + -0.016 x0^2 x2 +  0.006 x0^2 x3 + -0.040 x0 x1^2 +  0.067 x0 x1 x2 + -0.027 x0 x1 x3 + -0.026 x0 x2^2 +  0.020 x0 x2 x3 + -0.004 x0 x3^2 +  0.028 x1^3 + -0.070 x1^2 x2 +  0.030 x1^2 x3 +  0.056 x1 x2^2 + -0.046 x1 x2 x3 +  0.008 x1 x3^2 + -0.015 x2^3 +  0.018 x2^2 x3 + -0.006 x2 x3^2 | (x2)' = -1.593 1 + -16.852 x0 +  101.599 x1 + -26.753 x2 + -58.979 x3 + -0.067 x0^2 +  0.387 x0 x1 + -0.461 x0 x2 +  0.216 x0 x3 + -0.451 x1^2 +  1.008 x1 x2 + -0.500 x1 x3 + -0.555 x2^2 +  0.549 x2 x3 + -0.126 x3^2 +  0.001 x0^3 + -0.013 x0^2 x1 +  0.016 x0^2 x2 + -0.009 x0^2 x3 +  0.034 x0 x1^2 + -0.080 x0 x1 x2 +  0.047 x0 x1 x3 +  0.045 x0 x2^2 + -0.050 x0 x2 x3 +  0.013 x0 x3^2 + -0.028 x1^3 +  0.098 x1^2 x2 + -0.058 x1^2 x3 + -0.110 x1 x2^2 +  0.127 x1 x2 x3 + -0.033 x1 x3^2 +  0.041 x2^3 + -0.070 x2^2 x3 +  0.037 x2 x3^2 + -0.006 x3^3 | (x3)' =  27.507 1 +  18.233 x0 + -83.791 x1 +  220.213 x2 + -150.262 x3 +  0.052 x0^2 + -0.380 x0 x1 +  0.507 x0 x2 + -0.243 x0 x3 +  0.291 x1^2 + -0.628 x1 x2 +  0.418 x1 x3 +  0.350 x2^2 + -0.494 x2 x3 +  0.125 x3^2 + -0.003 x0^3 +  0.024 x0^2 x1 + -0.029 x0^2 x2 +  0.015 x0^2 x3 + -0.058 x0 x1^2 +  0.131 x0 x1 x2 + -0.068 x0 x1 x3 + -0.069 x0 x2^2 +  0.066 x0 x2 x3 + -0.014 x0 x3^2 +  0.044 x1^3 + -0.152 x1^2 x2 +  0.081 x1^2 x3 +  0.166 x1 x2^2 + -0.167 x1 x2 x3 +  0.037 x1 x3^2 + -0.060 x2^3 +  0.089 x2^2 x3 + -0.041 x2 x3^2 +  0.007 x3^3
16,80.0,1000.0,37.49490932254601,3,4,5,20.0,60.0,0,0.0,finite_difference,success,,139,140,99.28571428571429,1.9405803326517344,"[""1"", ""x0"", ""x1"", ""x2"", ""x3"", ""x0^2"", ""x0 x1"", ""x0 x2"", ""x0 x3"", ""x1^2"", ""x1 x2"", ""x1 x3"", ""x2^2"", ""x2 x3"", ""x3^2"", ""x0^3"", ""x0^2 x1"", ""x0^2 x2"", ""x0^2 x3"", ""x0 x1^2"", ""x0 x1 x2"", ""x0 x1 x3"", ""x0 x2^2"", ""x0 x2 x3"", ""x0 x3^2"", ""x1^3"", ""x1^2 x2"", ""x1^2 x3"", ""x1 x2^2"", ""x1 x2 x3"", ""x1 x3^2"", ""x2^3"", ""x2^2 x3"", ""x2 x3^2"", ""x3^3""]","[[-46.69980403716209, 17.107097144589154, -41.00579087769638, 10.735178471995429, 5.820014770619275, 0.0259034592727391, 0.06861514422159828, -0.031548523964089574, -0.0466673317042603, -0.02137905091888442, -0.036788347422813235, -6.822630591527002e-05, 0.021838811794765357, 0.005415065347110985, 0.010807163584405083, -0.00019440208773654585, 0.0008506154877475755, -0.00017858755616612535, -0.0004016796391989467, -0.001028773531384544, 0.0013451851561209482, -9.943665169988915e-05, -0.0002179078516434925, 0.00045187534085232577, 0.00043048084651479713, 0.00031298693132996575, -0.0001723527765101004, 0.00012853808324771846, -0.000437141305729376, 1.854690040825466e-06, 9.473267510604652e-05, -3.7169365732447314e-05, -4.16919131721185e-05, -0.00013448455833546451, -0.00019434045740720403], [-44.442180382682984, 31.162389413151924, 1.747919243683111, -36.66180682051203, 5.897488444787927, 0.12517366715302844, -0.2392950387576045, 0.023642167484464963, 0.004802648142425922, 0.013739572342511166, 0.15688945406683172, -0.0023186646158348855, -0.07042819209936588, -0.016959674283820038, 0.00987796216529331, -6.762933285052008e-06, -0.0006698265286375823, 0.0002238979296453254, 0.000211913190333089, 0.0013668320284664246, -0.001323440092156355, -1.2524569826398658e-05, 0.0009171145944802491, -0.0010601704321031888, 0.00010841040138100175, -0.0001431192326446086, -0.00018634188997641575, -0.00022266957783361192, -0.00044633158937976635, 0.0014641427283508897, -0.00032957103320458434, 0.0003487794877743586, -0.0006014284051262874, 0.0002137151262453096, -3.899261506282404e-05], [-42.81995134932675, -5.810234383864577, 35.81044416450621, -0.8553149368477098, -31.34623767849899, -0.03608817643032374, -0.026854884099228527, 0.1406793750153242, -0.07033574525642779, 0.1777295047431359, -0.34300610516012564, 0.05445952865183156, 0.04552823751092359, 0.09544146948394171, -0.03970400137778432, -4.779158268128998e-05, -0.00010867560141573724, 0.0007162851841545448, -0.0005265383009574729, 0.0, -0.0006381800246427076, 0.0006585574126369307, -0.0006352459868491022, 0.0013950444579179674, -0.0005076439885521052, 0.00016939915378088972, -0.0008688501152962182, -2.1887606780319636e-05, 0.0018493230343055124, -0.001451754076646387, 0.0005636945293325123, -0.0003388924410482923, -2.5920823810026024e-05, -0.00025133934442199304, 0.00022414990088623867], [-3.2459928576782096, -5.1795926262725605, -11.025209738851489, 41.946359255302355, -18.113897406989665, -0.004738113236630954, 0.05542671368972103, -0.06197752197047444, 0.029722961140352742, -0.11255209043015697, 0.04306409086782218, 0.13919740528461477, 0.15864556023052248, -0.2515462034542832, 0.011770603513441485, 0.00017450598950681306, 0.00010492013083141224, -0.0005559682820097533, 2.409940757721777e-05, -1.7255230659143216e-06, 0.001798542462439385, -0.001757870586242564, -0.0011145911398640982, 0.0006367571080047889, 0.000448440396686643, -0.00030297191787348585, -0.0005207676063593691, 0.0018519356037504117, 0.001183454983437504, -0.002777472062962081, -1.4865986850714835e-05, -0.0001749039185881206, 0.00045490944064750766, 9.435553654103353e-05, -3.816848151665004e-05]]",(x0)' = -46.700 1 +  17.107 x0 + -41.006 x1 +  10.735 x2 +  5.820 x3 +  0.026 x0^2 +  0.069 x0 x1 + -0.032 x0 x2 + -0.047 x0 x3 + -0.021 x1^2 + -0.037 x1 x2 +  0.022 x2^2 +  0.005 x2 x3 +  0.011 x3^2 +  0.001 x0^2 x1 + -0.001 x0 x1^2 +  0.001 x0 x1 x2 | (x1)' = -44.442 1 +  31.162 x0 +  1.748 x1 + -36.662 x2 +  5.897 x3 +  0.125 x0^2 + -0.239 x0 x1 +  0.024 x0 x2 +  0.005 x0 x3 +  0.014 x1^2 +  0.157 x1 x2 + -0.002 x1 x3 + -0.070 x2^2 + -0.017 x2 x3 +  0.010 x3^2 + -0.001 x0^2 x1 +  0.001 x0 x1^2 + -0.001 x0 x1 x2 +  0.001 x0 x2^2 + -0.001 x0 x2 x3 +  0.001 x1 x2 x3 + -0.001 x2^2 x3 | (x2)' = -42.820 1 + -5.810 x0 +  35.810 x1 + -0.855 x2 + -31.346 x3 + -0.036 x0^2 + -0.027 x0 x1 +  0.141 x0 x2 + -0.070 x0 x3 +  0.178 x1^2 + -0.343 x1 x2 +  0.054 x1 x3 +  0.046 x2^2 +  0.095 x2 x3 + -0.040 x3^2 +  0.001 x0^2 x2 + -0.001 x0^2 x3 + -0.001 x0 x1 x2 +  0.001 x0 x1 x3 + -0.001 x0 x2^2 +  0.001 x0 x2 x3 + -0.001 x0 x3^2 + -0.001 x1^2 x2 +  0.002 x1 x2^2 + -0.001 x1 x2 x3 +  0.001 x1 x3^2 | (x3)' = -3.246 1 + -5.180 x0 + -11.025 x1 +  41.946 x2 + -18.114 x3 + -0.005 x0^2 +  0.055 x0 x1 + -0.062 x0 x2 +  0.030 x0 x3 + -0.113 x1^2 +  0.043 x1 x2 +  0.139 x1 x3 +  0.159 x2^2 + -0.252 x2 x3 +  0.012 x3^2 + -0.001 x0^2 x2 +  0.002 x0 x1 x2 + -0.002 x0 x1 x3 + -0.001 x0 x2^2 +  0.001 x0 x2 x3 + -0.001 x1^2 x2 +  0.002 x1^2 x3 +  0.001 x1 x2^2 + -0.003 x1 x2 x3
17,80.0,1000.0,37.49490932254601,3,4,5,20.0,60.0,5,20.0,smoothed_finite_difference_savgol_order_3,success,,137,140,97.85714285714286,1.5817756075412035,"[""1"", ""x0"", ""x1"", ""x2"", ""x3"", ""x0^2"", ""x0 x1"", ""x0 x2"", ""x0 x3"", ""x1^2"", ""x1 x2"", ""x1 x3"", ""x2^2"", ""x2 x3"", ""x3^2"", ""x0^3"", ""x0^2 x1"", ""x0^2 x2"", ""x0^2 x3"", ""x0 x1^2"", ""x0 x1 x2"", ""x0 x1 x3"", ""x0 x2^2"", ""x0 x2 x3"", ""x0 x3^2"", ""x1^3"", ""x1^2 x2"", ""x1^2 x3"", ""x1 x2^2"", ""x1 x2 x3"", ""x1 x3^2"", ""x2^3"", ""x2^2 x3"", ""x2 x3^2"", ""x3^3""]","[[-45.1107410015643, 17.60516532192304, -41.550863436943445, 11.088050711708085, 5.667601831248998, 0.024969784487365042, 0.07355631267890969, -0.0319399888969603, -0.04750388543817562, -0.02364536091998415, -0.0390640124093404, -0.00040146991999780624, 0.023468965083578992, 0.006695474917781534, 0.01002214372681218, -0.00022193612423679015, 0.000956013791627545, -0.00021479355201440236, -0.0004225433342908207, -0.001143919751213739, 0.0014619376223957317, -0.0001046102958021709, -0.00026898094055317044, 0.00045465971526841107, 0.0004608300037845715, 0.00033632004917529587, -0.0002082350769657678, 0.00016481454273622098, -0.00043030190261683263, -3.17475711826887e-05, 6.524186925507887e-05, -4.6628129305193094e-05, 0.0, -0.0001321350948307453, -0.00020105579575498697], [-40.50172034623667, 31.028460468480404, 1.9775146352811608, -36.88022985828761, 6.02904639402757, 0.12280836648126, -0.23643961095103927, 0.02027084281158283, 0.007016056704795311, 0.011383439402685717, 0.16438217309303133, -0.004053658512391134, -0.07329798188709018, -0.018029476979093916, 0.011002663442452288, -8.890483055280546e-06, -0.0005996061566425904, 0.00013172328446832182, 0.0002481335594886347, 0.001336132193782414, -0.001291410823656169, -5.754871893235846e-05, 0.0009823546273165099, -0.0011335775133590811, 0.00015310658354912685, -0.00018379742210336195, -9.879825462893356e-05, -0.00022193191356578297, -0.0005587432136756743, 0.0015807971361543774, -0.000400640351847204, 0.00038323366945373585, -0.0006594635746742287, 0.0002568660660264082, -4.4919660463116504e-05], [-31.72807680894495, -6.208106620521037, 36.34796554537584, -1.3705811281125206, -31.052569007168653, -0.04122524498930345, -0.012472795169521458, 0.13447324111215303, -0.06815062570438704, 0.16578960820157385, -0.3298326061269695, 0.04863193505289513, 0.0407544891214642, 0.10095652826608732, -0.04150402325822765, -4.354460664050796e-05, -0.0003251639156196529, 0.000919851845546118, -0.0005674547709321868, 0.0005116309521459087, -0.001583292521863551, 0.001068299623182463, -0.00037917192386283636, 0.001220530709065051, -0.00047670703754911203, -7.88963037420667e-05, 0.0, -0.0005735188141631451, 0.0013588702496024716, -0.000996940925810819, 0.0004958100149311585, -0.00032986644780542415, 6.805302930830419e-06, -0.000301419013528902, 0.00023605561912979207], [-3.0407042163944835, -5.108845996842156, -11.211202265212362, 42.31297724859704, -18.488340743004414, 0.0, 0.053856130944937866, -0.06381615700703747, 0.027432180818883437, -0.1175008104494118, 0.05080147859631799, 0.13985730857938375, 0.15623836310899553, -0.25241813029785265, 0.012996874021093362, 0.00019911917193179485, 7.483099532229224e-05, -0.0005749453655604829, 1.3678144812542583e-05, 1.4000868559727379e-05, 0.0018615433277507953, -0.0017964745071828842, -0.001150420426749849, 0.0006222288372680723, 0.0004886261447174359, -0.00033366819469532753, -0.0004886499616175835, 0.0019122889118331006, 0.0011486169124353114, -0.002834696987600818, -1.1011498522177288e-05, -0.00017321182381495776, 0.0005444128299060204, 5.28465341423095e-05, -5.3870774075759096e-05]]",(x0)' = -45.111 1 +  17.605 x0 + -41.551 x1 +  11.088 x2 +  5.668 x3 +  0.025 x0^2 +  0.074 x0 x1 + -0.032 x0 x2 + -0.048 x0 x3 + -0.024 x1^2 + -0.039 x1 x2 +  0.023 x2^2 +  0.007 x2 x3 +  0.010 x3^2 +  0.001 x0^2 x1 + -0.001 x0 x1^2 +  0.001 x0 x1 x2 | (x1)' = -40.502 1 +  31.028 x0 +  1.978 x1 + -36.880 x2 +  6.029 x3 +  0.123 x0^2 + -0.236 x0 x1 +  0.020 x0 x2 +  0.007 x0 x3 +  0.011 x1^2 +  0.164 x1 x2 + -0.004 x1 x3 + -0.073 x2^2 + -0.018 x2 x3 +  0.011 x3^2 + -0.001 x0^2 x1 +  0.001 x0 x1^2 + -0.001 x0 x1 x2 +  0.001 x0 x2^2 + -0.001 x0 x2 x3 + -0.001 x1 x2^2 +  0.002 x1 x2 x3 + -0.001 x2^2 x3 | (x2)' = -31.728 1 + -6.208 x0 +  36.348 x1 + -1.371 x2 + -31.053 x3 + -0.041 x0^2 + -0.012 x0 x1 +  0.134 x0 x2 + -0.068 x0 x3 +  0.166 x1^2 + -0.330 x1 x2 +  0.049 x1 x3 +  0.041 x2^2 +  0.101 x2 x3 + -0.042 x3^2 +  0.001 x0^2 x2 + -0.001 x0^2 x3 +  0.001 x0 x1^2 + -0.002 x0 x1 x2 +  0.001 x0 x1 x3 +  0.001 x0 x2 x3 + -0.001 x1^2 x3 +  0.001 x1 x2^2 + -0.001 x1 x2 x3 | (x3)' = -3.041 1 + -5.109 x0 + -11.211 x1 +  42.313 x2 + -18.488 x3 +  0.054 x0 x1 + -0.064 x0 x2 +  0.027 x0 x3 + -0.118 x1^2 +  0.051 x1 x2 +  0.140 x1 x3 +  0.156 x2^2 + -0.252 x2 x3 +  0.013 x3^2 + -0.001 x0^2 x2 +  0.002 x0 x1 x2 + -0.002 x0 x1 x3 + -0.001 x0 x2^2 +  0.001 x0 x2 x3 +  0.002 x1^2 x3 +  0.001 x1 x2^2 + -0.003 x1 x2 x3 +  0.001 x2^2 x3
18,80.0,1000.0,37.49490932254601,3,4,5,20.0,60.0,9,36.0,smoothed_finite_difference_savgol_order_3,success,,138,140,98.57142857142857,1.6718935519456863,"[""1"", ""x0"", ""x1"", ""x2"", ""x3"", ""x0^2"", ""x0 x1"", ""x0 x2"", ""x0 x3"", ""x1^2"", ""x1 x2"", ""x1 x3"", ""x2^2"", ""x2 x3"", ""x3^2"", ""x0^3"", ""x0^2 x1"", ""x0^2 x2"", ""x0^2 x3"", ""x0 x1^2"", ""x0 x1 x2"", ""x0 x1 x3"", ""x0 x2^2"", ""x0 x2 x3"", ""x0 x3^2"", ""x1^3"", ""x1^2 x2"", ""x1^2 x3"", ""x1 x2^2"", ""x1 x2 x3"", ""x1 x3^2"", ""x2^3"", ""x2^2 x3"", ""x2 x3^2"", ""x3^3""]","[[-40.04587569833132, 22.742323809788097, -49.917713719687825, 16.08465096548118, 3.7210057203510822, 0.0037709620660086856, 0.1307703598020911, -0.048946793494003084, -0.0417337441866325, -0.03142869481307875, -0.07907843563733856, 0.00302636770791894, 0.04760631798872189, 0.012015238153962644, 0.0009498737601057693, -0.00029826541603987543, 0.0011972655558748308, -0.0001991482115127742, -0.0005703222001548238, -0.0015559069969346639, 0.0019153280244113547, -2.1579442939816804e-05, -0.0005069699375748045, 0.0003372673158517006, 0.0007351603287989507, 0.00038643917979270387, -0.0002716673161222258, 0.0001633950192689703, -0.0003205963979022075, -7.706892171547542e-05, -0.00011337215909350886, -7.980990735076971e-05, 0.0, 9.198899974922502e-05, -0.00031036325579799094], [-8.394746452023574, 33.560392369425266, 3.0311999045564724, -41.92043853330013, 8.028151752533224, 0.08635033962382276, -0.17878241501276, -0.01404372887347308, 0.02546619333834909, -0.021089110698386256, 0.2226409606695039, -0.02562144677897257, -0.08531386041955463, -0.027350673191450358, 0.020105315264108855, -1.3914366733804768e-05, -6.392764037289813e-05, -0.0005403431018456213, 0.0005724166646308536, 0.0006685004153033051, 0.0, -0.0008745983553951901, 0.000543111753284821, -0.0006414808517809304, 5.614776430293332e-05, -0.0001999088326546103, -0.00019697402742933448, 0.0002463209564342028, -0.0005642221085830645, 0.0010474085092640323, -0.00037050020432192446, 0.00039500776007585117, -0.0005008954376402817, 0.0002526909697754347, -1.0511239345631891e-05], [-0.953006613677437, -7.891223411995525, 40.799343364919444, -1.7722549639829983, -33.92513724739719, -0.049186757716588, 0.024124711524950816, 0.09683708115083024, -0.03821204843102875, 0.13511263443660723, -0.2859189081436046, 0.00023815526447974842, 0.021101762204648024, 0.14886918670878843, -0.056039521898010945, -4.597065155054894e-05, -6.875734246209969e-05, 0.0006447991135790306, -0.00037427032516756616, -0.00021928198970170591, -0.0008279548442805137, 0.0010750119243934436, -0.00023213451665564508, 0.0006211077463275518, -0.0004181907634610563, 0.00021991175318307018, -6.333592100736777e-05, -0.0007946982682129138, 0.000850724870734773, -9.83327540476156e-05, 0.00037376510264354945, -0.0003201337616698338, -4.768028110036765e-05, -0.00029873197733794804, 0.00022184880981539497], [26.269891259765718, -3.5306825835698197, -15.461306499053881, 49.818912690144415, -23.339673563224093, -0.00020811427994175843, 0.06819866986046648, -0.09099598107771567, 0.03308435486953448, -0.14405604283181747, 0.12505610122317357, 0.11222020333341075, 0.10971768650585048, -0.22073135590949608, 0.012964167527040061, 0.00019517370817693271, 6.134037311817376e-05, -0.0005626898420904717, 2.1451533426552612e-05, 7.943241632000218e-05, 0.0015625162105689986, -0.0018690798361485712, -0.0006313505598392043, 0.00012565226277905342, 0.0007641007886273724, -0.00030484273254100484, -0.0002292874052165826, 0.0019474099672160674, 0.00036549692805920315, -0.0025922018566663903, -2.1691941629315047e-06, -5.408146067302414e-06, 0.0010624712640905083, -0.00045588908570527373, -3.2462936158894696e-05]]",(x0)' = -40.046 1 +  22.742 x0 + -49.918 x1 +  16.085 x2 +  3.721 x3 +  0.004 x0^2 +  0.131 x0 x1 + -0.049 x0 x2 + -0.042 x0 x3 + -0.031 x1^2 + -0.079 x1 x2 +  0.003 x1 x3 +  0.048 x2^2 +  0.012 x2 x3 +  0.001 x3^2 +  0.001 x0^2 x1 + -0.001 x0^2 x3 + -0.002 x0 x1^2 +  0.002 x0 x1 x2 + -0.001 x0 x2^2 +  0.001 x0 x3^2 | (x1)' = -8.395 1 +  33.560 x0 +  3.031 x1 + -41.920 x2 +  8.028 x3 +  0.086 x0^2 + -0.179 x0 x1 + -0.014 x0 x2 +  0.025 x0 x3 + -0.021 x1^2 +  0.223 x1 x2 + -0.026 x1 x3 + -0.085 x2^2 + -0.027 x2 x3 +  0.020 x3^2 + -0.001 x0^2 x2 +  0.001 x0^2 x3 +  0.001 x0 x1^2 + -0.001 x0 x1 x3 +  0.001 x0 x2^2 + -0.001 x0 x2 x3 + -0.001 x1 x2^2 +  0.001 x1 x2 x3 + -0.001 x2^2 x3 | (x2)' = -0.953 1 + -7.891 x0 +  40.799 x1 + -1.772 x2 + -33.925 x3 + -0.049 x0^2 +  0.024 x0 x1 +  0.097 x0 x2 + -0.038 x0 x3 +  0.135 x1^2 + -0.286 x1 x2 +  0.021 x2^2 +  0.149 x2 x3 + -0.056 x3^2 +  0.001 x0^2 x2 + -0.001 x0 x1 x2 +  0.001 x0 x1 x3 +  0.001 x0 x2 x3 + -0.001 x1^2 x3 +  0.001 x1 x2^2 | (x3)' =  26.270 1 + -3.531 x0 + -15.461 x1 +  49.819 x2 + -23.340 x3 +  0.068 x0 x1 + -0.091 x0 x2 +  0.033 x0 x3 + -0.144 x1^2 +  0.125 x1 x2 +  0.112 x1 x3 +  0.110 x2^2 + -0.221 x2 x3 +  0.013 x3^2 + -0.001 x0^2 x2 +  0.002 x0 x1 x2 + -0.002 x0 x1 x3 + -0.001 x0 x2^2 +  0.001 x0 x3^2 +  0.002 x1^2 x3 + -0.003 x1 x2 x3 +  0.001 x2^2 x3
19,80.0,1000.0,37.49490932254601,3,6,1,4.0,20.0,0,0.0,finite_difference,success,,478,504,94.84126984126983,11.143576614558697,"[""1"", ""x0"", ""x1"", ""x2"", ""x3"", ""x4"", ""x5"", ""x0^2"", ""x0 x1"", ""x0 x2"", ""x0 x3"", ""x0 x4"", ""x0 x5"", ""x1^2"", ""x1 x2"", ""x1 x3"", ""x1 x4"", ""x1 x5"", ""x2^2"", ""x2 x3"", ""x2 x4"", ""x2 x5"", ""x3^2"", ""x3 x4"", ""x3 x5"", ""x4^2"", ""x4 x5"", ""x5^2"", ""x0^3"", ""x0^2 x1"", ""x0^2 x2"", ""x0^2 x3"", ""x0^2 x4"", ""x0^2 x5"", ""x0 x1^2"", ""x0 x1 x2"", ""x0 x1 x3"", ""x0 x1 x4"", ""x0 x1 x5"", ""x0 x2^2"", ""x0 x2 x3"", ""x0 x2 x4"", ""x0 x2 x5"", ""x0 x3^2"", ""x0 x3 x4"", ""x0 x3 x5"", ""x0 x4^2"", ""x0 x4 x5"", ""x0 x5^2"", ""x1^3"", ""x1^2 x2"", ""x1^2 x3"", ""x1^2 x4"", ""x1^2 x5"", ""x1 x2^2"", ""x1 x2 x3"", ""x1 x2 x4"", ""x1 x2 x5"", ""x1 x3^2"", ""x1 x3 x4"", ""x1 x3 x5"", ""x1 x4^2"", ""x1 x4 x5"", ""x1 x5^2"", ""x2^3"", ""x2^2 x3"", ""x2^2 x4"", ""x2^2 x5"", ""x2 x3^2"", ""x2 x3 x4"", ""x2 x3 x5"", ""x2 x4^2"", ""x2 x4 x5"", ""x2 x5^2"", ""x3^3"", ""x3^2 x4"", ""x3^2 x5"", ""x3 x4^2"", ""x3 x4 x5"", ""x3 x5^2"", ""x4^3"", ""x4^2 x5"", ""x4 x5^2"", ""x5^3""]","[[-62.7408758073407, 286.17453351184713, -450.37565234289326, 279.5172383552771, -174.76673852167204, 55.54722285484068, 0.0, -0.6328942256510521, 2.8867649283371075, -3.4000622006653054, 3.1025609967329766, -2.0636684745212883, 0.7862350681228166, -2.723333063400772, 5.560979022462269, -4.852446601671095, 2.8700416502808834, -1.0794490667316474, -2.2508761600547125, 3.476585756375025, -1.6752342176794681, 0.6395431352462497, -0.9935318221694847, 0.4374576837653322, -0.3011501319560142, 0.4251292976506545, -0.32844984010691347, 0.12085927000603279, 0.021219621053165376, -0.12699665010691907, 0.1027112703769611, -0.057405250750477727, 0.036023951238348714, -0.02004555807725749, 0.25368467142593054, -0.320414000039689, 0.013162754328027758, 0.06711647904845136, 0.0, -0.02476234758934549, 0.4771598932749382, -0.46699372999953, 0.14015956875489144, -0.4164229175615048, 0.68094518199062, -0.213860362935546, -0.25255945393948304, 0.15079193054915424, -0.01801414288919794, -0.21285274105684915, 0.5085402901455887, -0.0867786291241181, -0.06735551441003484, -0.0031270287827708802, -0.3765375431322636, -0.25925652447922204, 0.5223620005385742, -0.10042198228941693, 0.49630475510262184, -0.9081413468193844, 0.22910433435442104, 0.3344108011744856, -0.14724415237260421, -0.0010276243443986144, 0.18003087253026334, -0.09240258268296347, -0.07708312514820465, -0.06703592205875425, -0.026716334475333885, 0.0, 0.23668826284316857, 0.11966054673079256, -0.2921828814725412, 0.10443738218187161, -0.12183441026367015, 0.5514772563786908, -0.3720874429399035, -0.7772712895516968, 0.8826038359362232, -0.2362478788235818, 0.34340039531844085, -0.5418544197834452, 0.28351473614345435, -0.050404766641942475], [0.0, 125.06308739133502, -0.05541036596436003, -124.99542419870859, 0.010092693035045942, -0.07402983044216636, 0.04953812269168331, -0.000993411172386019, 0.0, 0.00306903958413635, -0.0039246392051720605, 0.0, 0.0017339696811700875, -0.0014918812940008979, 0.008040319308819521, 0.0, 0.004883910336911473, -0.006882749769521286, -0.011428555117079338, 0.010102977075357955, -0.015507991039500938, 0.012846464271587373, 0.0, 0.006440183169526414, -0.007154312869740082, -0.00047886691994773647, 0.0, 0.000861809390327013, -0.00011943652927727523, 0.0005286974437350951, -0.0006292682066395526, 0.0007064065910833625, -4.271877024365341e-05, -0.00010267328429835272, -0.000404767027997277, 0.0006384357946484585, -0.0012976073794493319, -0.0006159827153575617, 0.0005838743946054096, 0.0, 0.000741718957259364, 0.0008754795184566173, -0.0006056867307376821, -0.0007764966797809043, 0.0011983602347774396, -0.0006469048419765347, -0.0019259631583996035, 0.0024400284086791317, -0.0007580668930495455, -0.00036330300055626086, 0.0016968263470620714, -0.00013176482892583854, 0.000623752318571407, -0.0002656395526754376, -0.0025031862603995796, 0.000997524503134297, 0.0, -0.0006043402020452197, 0.0008347278018084447, -0.004414043814065275, 0.0032415101578516545, 0.0057657214345712485, -0.007265536037493409, 0.002133296494186004, 0.0009203609787674927, 0.00030195838096569216, -0.002380531604987911, 0.0018719883603880443, -0.0020643374809601587, 0.008588808749283548, -0.006016403826762776, -0.007417174528802009, 0.008848743464365764, -0.0023592973569813505, 0.0003694438566315527, -0.0020739083444251197, 0.0020334104155086915, 0.00192711923467057, -0.0029538857849689955, 0.0007181782432862234, 0.0004290489445720043, -0.0006167156470517521, 0.0004339108004006607, -9.442500717028492e-05], [-0.16726481945372704, 0.0840213974608039, 124.80708163014327, 0.34906558289453066, -125.31509394511463, 0.043691039829724575, 0.035558409000155215, 0.004435889044732921, -0.007664259872175473, 0.0, -0.011486890296219401, 0.018251662723745482, -0.00741536069941675, -0.007310150294924102, 0.03705813412710608, -0.0042780910898762734, -0.02079431622922893, 0.010638275164641543, -0.033291842662048814, 0.03052262706646962, 0.0, -0.002764318450766867, -0.005741835611418754, -0.002120072051083159, 0.0, 0.0030063806096305287, -0.00161520387992061, 0.0006346912198889739, -0.00020258988942868804, 0.0011767224511919016, -0.0016471710700227122, 0.002054780627323102, -0.0011976259618280223, 0.00018652931768874147, -0.002424917536318016, 0.0068643041368943196, -0.006892838404855709, 0.002473775657315488, 0.0, -0.003864857250279392, 0.0047065972291888206, 0.0012224344354854727, -0.0015271402876099812, -0.0010443255439737144, -0.0012412725653206129, 0.0014852808920571062, -0.0003058834784036568, -5.61364006810626e-06, 0.0, 0.0015913698445305677, -0.006551770557362935, 0.005016872152547973, 1.1572300048577573e-05, -0.0007770768888708496, 0.007079844118242939, -0.005416229402707102, -0.006761821129448134, 0.004139690061740938, -8.902811934146106e-05, 0.004854726104875083, -0.0028324966426995523, 0.001186283329610748, -0.0016208209331943278, 0.0005316473626140109, -0.0021833441050394353, -0.00013288711951211095, 0.0063469931488374645, -0.0029366070726710943, 0.0034531112350112054, -0.008728106300349236, 0.0031672843653211473, -0.0011765843564546302, 0.0027593229336566466, -0.0009519154615681689, -0.0012408698773760537, 0.0017280580517225776, -0.0003174638391843102, 0.002358615423414687, -0.0028145887461950144, 0.0007011979601146801, -0.0010476774675586143, 0.0011918953605808708, -0.0004119558833045893, 5.59336649999379e-05], [-0.04563663339687065, -0.18931236227137951, 0.4168145146782458, 124.5103994105005, 0.3765192604337494, -125.0935746009121, -0.008306140577718625, 0.001974842771507226, -0.003171572597868146, -0.0016981005291875615, -0.0005506737048427629, 0.00480841019236295, -0.002549427131553276, 0.002220447817651192, -0.0019052951429845732, 0.0, -0.007758221707393169, 0.006347502172370891, 0.0007200487142084514, 0.009337288053245537, 0.004727230998034827, -0.008327992908317554, -0.012396574469277423, 0.0075577125788833, 0.0026381781737077666, -0.0020086543451247815, 0.0, -1.653653398022476e-05, 0.00015064596053216878, -0.0006412406280997773, 0.0012772297784052191, -0.0010527777561455355, -0.00012651550985691827, 0.0, 0.0, -0.0013916482426262115, -4.104585338308877e-05, 0.0050305995889415285, -0.0020905911231163354, 0.0014173203932542437, 0.0, -0.00789002987720605, 0.00405146644147965, -0.0014279619002968771, 0.006703435266411137, -0.002731650041063571, -0.0002500179686871202, -0.0016347277506143637, 0.0008737704513949331, 0.0012968805551294526, -0.0029964164862827324, 0.004151674367677075, -0.009022913884336382, 0.003933827013246976, 0.0005837478425812986, -0.004936564127138582, 0.0210569876236642, -0.010783666396980135, 0.005259818162541095, -0.018349286113406867, 0.007522226435575345, 0.0016351288006945504, 0.003068412642003115, -0.0019089786244391885, 0.002435644503422256, -0.006575204041391794, -0.006455529381021629, 0.004795718522464116, 0.004897681675296934, 0.008838974574042957, -0.005394312037923831, 0.0, -0.0032689939720931486, 0.0016637561036763448, 0.0, -0.009116430713710611, 0.004157456241604282, 0.010244510554453133, -0.0068728259852381, 0.0009841286089135113, -0.004685327019943029, 0.005492088071722301, -0.0021697975503164055, 0.0002908572841884226], [0.0002931754276120833, -0.1841973495092762, 0.4342921113923888, -0.6026309926162151, 125.49874381886453, -0.11907125737352321, -125.02791652144495, 0.0014016709114661543, -0.009185161748176789, 0.009896762749856397, -0.004459535914017535, 0.0, 0.0009646815947329047, 0.012160953056812186, -0.020004929087042878, 0.0, 0.006385146586220171, -0.002735177464248793, 0.0026579142543418045, 0.016703247177280833, -0.007072633478208296, -0.002483535140214527, -0.01054824790191786, -0.004409074052967519, 0.011111964172385237, 0.009835936005919992, -0.013542382944752445, 0.003270752484343817, 0.00018448206277479637, -0.0011487064869359334, 0.001477013935461796, -0.00080874462207292, -0.0007748806796798016, 0.0007147073881706903, 0.002537427341570472, -0.0065581745103173205, 0.002861765015512644, 0.004660781401240064, -0.0036189142949987394, 0.003562576487238817, -0.0013856890664635262, -0.007572257578956683, 0.005122601038620446, -0.0010910684829642467, 0.005820556217250501, -0.0035454079470447633, -0.000184664448101551, -0.00043068740572661216, 0.00036484385520348805, -0.0018626360076202263, 0.007022701130113671, -0.0025576732316528335, -0.0057249059441274, 0.004107220764193912, -0.0074402889260730435, 0.0027025375918193193, 0.015280407765020668, -0.009953330380751788, 0.001757135161282185, -0.008630338721885391, 0.004776570785981986, -0.0030544011423993046, 0.005003921292017791, -0.001843949887667745, 0.0023552484944462564, -0.000524501555234242, -0.007560862486252317, 0.0044769022598861495, -0.0013106297747558088, 0.003132047034750307, -0.0006038102792719517, 0.008116926402113438, -0.010898499759803861, 0.0033560958987803925, -0.00016502565879728548, 0.00433372047827685, -0.0031928652515764307, -0.01132099228920826, 0.013096653597059381, -0.0035371734343601583, 0.004329920525591345, -0.006459362214467103, 0.003092905683992605, -0.0004866659768159323], [35.270129368712176, 40.71909501716598, -145.25757702929172, 274.16122466120925, -360.52244887532987, 498.10438245756313, -301.6554121080501, 0.18465359604437082, -0.8907791823796949, 1.1965421225855017, -1.0759928753486139, 0.886840303297384, -0.4414956114066668, 0.6499411376980849, -1.4878318808951059, 1.263856083297609, -1.0588232245883291, 0.7859164357454628, 0.8868354189206389, -1.5113042910590986, 1.3508880936401415, -1.1899214608054345, 0.5521559130072885, -1.0685378901093148, 1.1657408659495343, 0.39246749530602837, -0.8150670116041341, 0.22060885814197423, 8.995802279683016e-05, 0.0, 0.004080089352681929, -0.011799989867838614, 0.014794281919991253, -0.005843646498382336, -0.010668700561424025, -0.0014371376764359212, 0.06017012703290961, -0.07917563241497151, 0.03259718375819152, 0.03965802357237774, -0.18204043156263472, 0.17572239840533982, -0.07147464355641012, 0.13758127133449588, -0.22091947387680033, 0.08407605000849472, 0.08551154018324515, -0.0707166333938339, 0.01774868614080397, 0.029360762961800582, -0.0892360675985444, -0.008982442586193342, 0.06948470605177544, -0.031282239582908974, 0.06213663854612497, 0.19287770161059622, -0.30816026215324693, 0.12820624726458413, -0.24485701321976067, 0.46627038065251614, -0.1744000722862975, -0.20535233050485135, 0.17012596723747941, -0.045114389304639124, -0.006235263743276018, -0.21811617943259087, 0.277493093890076, -0.10871262912117893, 0.4322973700616519, -0.7939366955945418, 0.2882365842469507, 0.34774379553903595, -0.2834533331502829, 0.07369517993458925, -0.20485748545855226, 0.49631160378906375, -0.1703182543980128, -0.395776581752147, 0.2989212949543278, -0.07188632660857311, 0.0985537302251674, -0.10789036420777885, 0.043420764963104465, -0.004800133191614671]]",(x0)' = -62.741 1 +  286.175 x0 + -450.376 x1 +  279.517 x2 + -174.767 x3 +  55.547 x4 + -0.633 x0^2 +  2.887 x0 x1 + -3.400 x0 x2 +  3.103 x0 x3 + -2.064 x0 x4 +  0.786 x0 x5 + -2.723 x1^2 +  5.561 x1 x2 + -4.852 x1 x3 +  2.870 x1 x4 + -1.079 x1 x5 + -2.251 x2^2 +  3.477 x2 x3 + -1.675 x2 x4 +  0.640 x2 x5 + -0.994 x3^2 +  0.437 x3 x4 + -0.301 x3 x5 +  0.425 x4^2 + -0.328 x4 x5 +  0.121 x5^2 +  0.021 x0^3 + -0.127 x0^2 x1 +  0.103 x0^2 x2 + -0.057 x0^2 x3 +  0.036 x0^2 x4 + -0.020 x0^2 x5 +  0.254 x0 x1^2 + -0.320 x0 x1 x2 +  0.013 x0 x1 x3 +  0.067 x0 x1 x4 + -0.025 x0 x2^2 +  0.477 x0 x2 x3 + -0.467 x0 x2 x4 +  0.140 x0 x2 x5 + -0.416 x0 x3^2 +  0.681 x0 x3 x4 + -0.214 x0 x3 x5 + -0.253 x0 x4^2 +  0.151 x0 x4 x5 + -0.018 x0 x5^2 + -0.213 x1^3 +  0.509 x1^2 x2 + -0.087 x1^2 x3 + -0.067 x1^2 x4 + -0.003 x1^2 x5 + -0.377 x1 x2^2 + -0.259 x1 x2 x3 +  0.522 x1 x2 x4 + -0.100 x1 x2 x5 +  0.496 x1 x3^2 + -0.908 x1 x3 x4 +  0.229 x1 x3 x5 +  0.334 x1 x4^2 + -0.147 x1 x4 x5 + -0.001 x1 x5^2 +  0.180 x2^3 + -0.092 x2^2 x3 + -0.077 x2^2 x4 + -0.067 x2^2 x5 + -0.027 x2 x3^2 +  0.237 x2 x3 x5 +  0.120 x2 x4^2 + -0.292 x2 x4 x5 +  0.104 x2 x5^2 + -0.122 x3^3 +  0.551 x3^2 x4 + -0.372 x3^2 x5 + -0.777 x3 x4^2 +  0.883 x3 x4 x5 + -0.236 x3 x5^2 +  0.343 x4^3 + -0.542 x4^2 x5 +  0.284 x4 x5^2 + -0.050 x5^3 | (x1)' =  125.063 x0 + -0.055 x1 + -124.995 x2 +  0.010 x3 + -0.074 x4 +  0.050 x5 + -0.001 x0^2 +  0.003 x0 x2 + -0.004 x0 x3 +  0.002 x0 x5 + -0.001 x1^2 +  0.008 x1 x2 +  0.005 x1 x4 + -0.007 x1 x5 + -0.011 x2^2 +  0.010 x2 x3 + -0.016 x2 x4 +  0.013 x2 x5 +  0.006 x3 x4 + -0.007 x3 x5 +  0.001 x5^2 +  0.001 x0^2 x1 + -0.001 x0^2 x2 +  0.001 x0^2 x3 +  0.001 x0 x1 x2 + -0.001 x0 x1 x3 + -0.001 x0 x1 x4 +  0.001 x0 x1 x5 +  0.001 x0 x2 x3 +  0.001 x0 x2 x4 + -0.001 x0 x2 x5 + -0.001 x0 x3^2 +  0.001 x0 x3 x4 + -0.001 x0 x3 x5 + -0.002 x0 x4^2 +  0.002 x0 x4 x5 + -0.001 x0 x5^2 +  0.002 x1^2 x2 +  0.001 x1^2 x4 + -0.003 x1 x2^2 +  0.001 x1 x2 x3 + -0.001 x1 x2 x5 +  0.001 x1 x3^2 + -0.004 x1 x3 x4 +  0.003 x1 x3 x5 +  0.006 x1 x4^2 + -0.007 x1 x4 x5 +  0.002 x1 x5^2 +  0.001 x2^3 + -0.002 x2^2 x4 +  0.002 x2^2 x5 + -0.002 x2 x3^2 +  0.009 x2 x3 x4 + -0.006 x2 x3 x5 + -0.007 x2 x4^2 +  0.009 x2 x4 x5 + -0.002 x2 x5^2 + -0.002 x3^2 x4 +  0.002 x3^2 x5 +  0.002 x3 x4^2 + -0.003 x3 x4 x5 +  0.001 x3 x5^2 + -0.001 x4^2 x5 | (x2)' = -0.167 1 +  0.084 x0 +  124.807 x1 +  0.349 x2 + -125.315 x3 +  0.044 x4 +  0.036 x5 +  0.004 x0^2 + -0.008 x0 x1 + -0.011 x0 x3 +  0.018 x0 x4 + -0.007 x0 x5 + -0.007 x1^2 +  0.037 x1 x2 + -0.004 x1 x3 + -0.021 x1 x4 +  0.011 x1 x5 + -0.033 x2^2 +  0.031 x2 x3 + -0.003 x2 x5 + -0.006 x3^2 + -0.002 x3 x4 +  0.003 x4^2 + -0.002 x4 x5 +  0.001 x5^2 +  0.001 x0^2 x1 + -0.002 x0^2 x2 +  0.002 x0^2 x3 + -0.001 x0^2 x4 + -0.002 x0 x1^2 +  0.007 x0 x1 x2 + -0.007 x0 x1 x3 +  0.002 x0 x1 x4 + -0.004 x0 x2^2 +  0.005 x0 x2 x3 +  0.001 x0 x2 x4 + -0.002 x0 x2 x5 + -0.001 x0 x3^2 + -0.001 x0 x3 x4 +  0.001 x0 x3 x5 +  0.002 x1^3 + -0.007 x1^2 x2 +  0.005 x1^2 x3 + -0.001 x1^2 x5 +  0.007 x1 x2^2 + -0.005 x1 x2 x3 + -0.007 x1 x2 x4 +  0.004 x1 x2 x5 +  0.005 x1 x3 x4 + -0.003 x1 x3 x5 +  0.001 x1 x4^2 + -0.002 x1 x4 x5 +  0.001 x1 x5^2 + -0.002 x2^3 +  0.006 x2^2 x4 + -0.003 x2^2 x5 +  0.003 x2 x3^2 + -0.009 x2 x3 x4 +  0.003 x2 x3 x5 + -0.001 x2 x4^2 +  0.003 x2 x4 x5 + -0.001 x2 x5^2 + -0.001 x3^3 +  0.002 x3^2 x4 +  0.002 x3 x4^2 + -0.003 x3 x4 x5 +  0.001 x3 x5^2 + -0.001 x4^3 +  0.001 x4^2 x5 | (x3)' = -0.046 1 + -0.189 x0 +  0.417 x1 +  124.510 x2 +  0.377 x3 + -125.094 x4 + -0.008 x5 +  0.002 x0^2 + -0.003 x0 x1 + -0.002 x0 x2 + -0.001 x0 x3 +  0.005 x0 x4 + -0.003 x0 x5 +  0.002 x1^2 + -0.002 x1 x2 + -0.008 x1 x4 +  0.006 x1 x5 +  0.001 x2^2 +  0.009 x2 x3 +  0.005 x2 x4 + -0.008 x2 x5 + -0.012 x3^2 +  0.008 x3 x4 +  0.003 x3 x5 + -0.002 x4^2 + -0.001 x0^2 x1 +  0.001 x0^2 x2 + -0.001 x0^2 x3 + -0.001 x0 x1 x2 +  0.005 x0 x1 x4 + -0.002 x0 x1 x5 +  0.001 x0 x2^2 + -0.008 x0 x2 x4 +  0.004 x0 x2 x5 + -0.001 x0 x3^2 +  0.007 x0 x3 x4 + -0.003 x0 x3 x5 + -0.002 x0 x4 x5 +  0.001 x0 x5^2 +  0.001 x1^3 + -0.003 x1^2 x2 +  0.004 x1^2 x3 + -0.009 x1^2 x4 +  0.004 x1^2 x5 +  0.001 x1 x2^2 + -0.005 x1 x2 x3 +  0.021 x1 x2 x4 + -0.011 x1 x2 x5 +  0.005 x1 x3^2 + -0.018 x1 x3 x4 +  0.008 x1 x3 x5 +  0.002 x1 x4^2 +  0.003 x1 x4 x5 + -0.002 x1 x5^2 +  0.002 x2^3 + -0.007 x2^2 x3 + -0.006 x2^2 x4 +  0.005 x2^2 x5 +  0.005 x2 x3^2 +  0.009 x2 x3 x4 + -0.005 x2 x3 x5 + -0.003 x2 x4 x5 +  0.002 x2 x5^2 + -0.009 x3^2 x4 +  0.004 x3^2 x5 +  0.010 x3 x4^2 + -0.007 x3 x4 x5 +  0.001 x3 x5^2 + -0.005 x4^3 +  0.005 x4^2 x5 + -0.002 x4 x5^2 | (x4)' = -0.184 x0 +  0.434 x1 + -0.603 x2 +  125.499 x3 + -0.119 x4 + -125.028 x5 +  0.001 x0^2 + -0.009 x0 x1 +  0.010 x0 x2 + -0.004 x0 x3 +  0.001 x0 x5 +  0.012 x1^2 + -0.020 x1 x2 +  0.006 x1 x4 + -0.003 x1 x5 +  0.003 x2^2 +  0.017 x2 x3 + -0.007 x2 x4 + -0.002 x2 x5 + -0.011 x3^2 + -0.004 x3 x4 +  0.011 x3 x5 +  0.010 x4^2 + -0.014 x4 x5 +  0.003 x5^2 + -0.001 x0^2 x1 +  0.001 x0^2 x2 + -0.001 x0^2 x3 + -0.001 x0^2 x4 +  0.001 x0^2 x5 +  0.003 x0 x1^2 + -0.007 x0 x1 x2 +  0.003 x0 x1 x3 +  0.005 x0 x1 x4 + -0.004 x0 x1 x5 +  0.004 x0 x2^2 + -0.001 x0 x2 x3 + -0.008 x0 x2 x4 +  0.005 x0 x2 x5 + -0.001 x0 x3^2 +  0.006 x0 x3 x4 + -0.004 x0 x3 x5 + -0.002 x1^3 +  0.007 x1^2 x2 + -0.003 x1^2 x3 + -0.006 x1^2 x4 +  0.004 x1^2 x5 + -0.007 x1 x2^2 +  0.003 x1 x2 x3 +  0.015 x1 x2 x4 + -0.010 x1 x2 x5 +  0.002 x1 x3^2 + -0.009 x1 x3 x4 +  0.005 x1 x3 x5 + -0.003 x1 x4^2 +  0.005 x1 x4 x5 + -0.002 x1 x5^2 +  0.002 x2^3 + -0.001 x2^2 x3 + -0.008 x2^2 x4 +  0.004 x2^2 x5 + -0.001 x2 x3^2 +  0.003 x2 x3 x4 + -0.001 x2 x3 x5 +  0.008 x2 x4^2 + -0.011 x2 x4 x5 +  0.003 x2 x5^2 +  0.004 x3^2 x4 + -0.003 x3^2 x5 + -0.011 x3 x4^2 +  0.013 x3 x4 x5 + -0.004 x3 x5^2 +  0.004 x4^3 + -0.006 x4^2 x5 +  0.003 x4 x5^2 | (x5)' =  35.270 1 +  40.719 x0 + -145.258 x1 +  274.161 x2 + -360.522 x3 +  498.104 x4 + -301.655 x5 +  0.185 x0^2 + -0.891 x0 x1 +  1.197 x0 x2 + -1.076 x0 x3 +  0.887 x0 x4 + -0.441 x0 x5 +  0.650 x1^2 + -1.488 x1 x2 +  1.264 x1 x3 + -1.059 x1 x4 +  0.786 x1 x5 +  0.887 x2^2 + -1.511 x2 x3 +  1.351 x2 x4 + -1.190 x2 x5 +  0.552 x3^2 + -1.069 x3 x4 +  1.166 x3 x5 +  0.392 x4^2 + -0.815 x4 x5 +  0.221 x5^2 +  0.004 x0^2 x2 + -0.012 x0^2 x3 +  0.015 x0^2 x4 + -0.006 x0^2 x5 + -0.011 x0 x1^2 + -0.001 x0 x1 x2 +  0.060 x0 x1 x3 + -0.079 x0 x1 x4 +  0.033 x0 x1 x5 +  0.040 x0 x2^2 + -0.182 x0 x2 x3 +  0.176 x0 x2 x4 + -0.071 x0 x2 x5 +  0.138 x0 x3^2 + -0.221 x0 x3 x4 +  0.084 x0 x3 x5 +  0.086 x0 x4^2 + -0.071 x0 x4 x5 +  0.018 x0 x5^2 +  0.029 x1^3 + -0.089 x1^2 x2 + -0.009 x1^2 x3 +  0.069 x1^2 x4 + -0.031 x1^2 x5 +  0.062 x1 x2^2 +  0.193 x1 x2 x3 + -0.308 x1 x2 x4 +  0.128 x1 x2 x5 + -0.245 x1 x3^2 +  0.466 x1 x3 x4 + -0.174 x1 x3 x5 + -0.205 x1 x4^2 +  0.170 x1 x4 x5 + -0.045 x1 x5^2 + -0.006 x2^3 + -0.218 x2^2 x3 +  0.277 x2^2 x4 + -0.109 x2^2 x5 +  0.432 x2 x3^2 + -0.794 x2 x3 x4 +  0.288 x2 x3 x5 +  0.348 x2 x4^2 + -0.283 x2 x4 x5 +  0.074 x2 x5^2 + -0.205 x3^3 +  0.496 x3^2 x4 + -0.170 x3^2 x5 + -0.396 x3 x4^2 +  0.299 x3 x4 x5 + -0.072 x3 x5^2 +  0.099 x4^3 + -0.108 x4^2 x5 +  0.043 x4 x5^2 + -0.005 x5^3
20,80.0,1000.0,37.49490932254601,3,6,1,4.0,20.0,5,20.0,smoothed_finite_difference_savgol_order_3,success,,475,504,94.24603174603175,13.586604844778776,"[""1"", ""x0"", ""x1"", ""x2"", ""x3"", ""x4"", ""x5"", ""x0^2"", ""x0 x1"", ""x0 x2"", ""x0 x3"", ""x0 x4"", ""x0 x5"", ""x1^2"", ""x1 x2"", ""x1 x3"", ""x1 x4"", ""x1 x5"", ""x2^2"", ""x2 x3"", ""x2 x4"", ""x2 x5"", ""x3^2"", ""x3 x4"", ""x3 x5"", ""x4^2"", ""x4 x5"", ""x5^2"", ""x0^3"", ""x0^2 x1"", ""x0^2 x2"", ""x0^2 x3"", ""x0^2 x4"", ""x0^2 x5"", ""x0 x1^2"", ""x0 x1 x2"", ""x0 x1 x3"", ""x0 x1 x4"", ""x0 x1 x5"", ""x0 x2^2"", ""x0 x2 x3"", ""x0 x2 x4"", ""x0 x2 x5"", ""x0 x3^2"", ""x0 x3 x4"", ""x0 x3 x5"", ""x0 x4^2"", ""x0 x4 x5"", ""x0 x5^2"", ""x1^3"", ""x1^2 x2"", ""x1^2 x3"", ""x1^2 x4"", ""x1^2 x5"", ""x1 x2^2"", ""x1 x2 x3"", ""x1 x2 x4"", ""x1 x2 x5"", ""x1 x3^2"", ""x1 x3 x4"", ""x1 x3 x5"", ""x1 x4^2"", ""x1 x4 x5"", ""x1 x5^2"", ""x2^3"", ""x2^2 x3"", ""x2^2 x4"", ""x2^2 x5"", ""x2 x3^2"", ""x2 x3 x4"", ""x2 x3 x5"", ""x2 x4^2"", ""x2 x4 x5"", ""x2 x5^2"", ""x3^3"", ""x3^2 x4"", ""x3^2 x5"", ""x3 x4^2"", ""x3 x4 x5"", ""x3 x5^2"", ""x4^3"", ""x4^2 x5"", ""x4 x5^2"", ""x5^3""]","[[-39.379693579620294, 385.501863953603, -721.494543330469, 631.620374850859, -480.3257430130423, 242.27995361608504, -60.8519886807254, -0.765595467625703, 3.9152661895718723, -5.010847470782932, 4.256933913398243, -2.5071778280998536, 0.9005102083478432, -4.18604309295436, 9.24050020081328, -6.894241837257746, 3.5663664196734652, -1.4718369851086648, -4.11693855572657, 4.436219145307928, -1.450247960362638, 1.011197766928125, 0.0, -1.757387336168129, -0.0166278288232368, 1.3709548564206138, -0.623806956813111, 0.10522818390512122, -0.0021399475848426605, 0.00928294348797181, -0.02910815724353848, 0.051003963021658695, -0.05361578297526837, 0.0221047430059655, 0.013163702851680597, 0.05558818229390102, -0.18567820142563332, 0.22058918230122598, -0.09384211408817282, -0.13198760649939856, 0.48835486942140016, -0.4391164139326447, 0.15829061757186721, -0.38583929651667603, 0.6336253718002858, -0.21183660136377164, -0.26429742518751104, 0.188922410596816, -0.03864614258450852, -0.08387485659878158, 0.29330913951144205, -0.14147330176613016, -0.017291785152248714, 0.03474005059030229, -0.32969134578394704, 0.21456404440488272, 0.07728421550568693, -0.06251878727542175, 0.16844682859392981, -0.437497030173938, 0.1502738259499041, 0.2477485870083293, -0.2027853761804389, 0.05532580431362656, 0.1449433769555315, -0.17913699166783856, 0.056316940146122575, -0.02602444462048332, -0.08153263457633833, 0.17793164291398156, 0.0, -0.12306437130675865, 0.10037900550165431, -0.04501758487727152, 0.08051082802595781, -0.12553974598330506, -0.012523269359468134, 0.08149087634470842, -0.03712642008418655, 0.02915713120567561, -0.014842267437661911, 0.01863316553981988, -0.019578054239075555, 0.0038110691005658033], [0.0, 125.15652154939772, -0.0916269030939436, -125.49088099534177, 1.2530537805456312, -1.1957702175272231, 0.4118293301009042, 0.026912434016387068, -0.11008207365792745, 0.11275501225619076, -0.07468501681155969, 0.0, 0.017759673943200983, 0.05917240688750324, -0.013275759800565187, -0.03206553713748252, 0.1267484667763184, -0.08722106527484855, -0.08380820084584119, 0.13200520156271348, -0.1905270613188094, 0.12067954597730714, 0.0, 0.03819284138857813, -0.05252820106404224, 0.0067552939479134065, 0.0, 0.0032628595758071454, 0.0014595209153453008, -0.01436506064169347, 0.013689842389746288, -0.0051444588323316135, 0.0, 0.0014155882505680372, 0.045384862199986845, -0.09120987703653345, 0.049444254316113406, -0.006192046490565087, -0.012892543702099787, 0.0370169315740493, -0.017015654101983364, -0.04724361173253401, 0.04999543953335993, -0.02129552044389498, 0.10797196515291757, -0.0806477450411135, -0.07114604780758498, 0.08195006227708974, -0.019638774914964352, -0.044878889552562445, 0.13360924414154338, -0.08327805709450342, 0.0, 0.03532505966974557, -0.10530110279496065, 0.09098081526354193, 0.16600888647999887, -0.20412480745035452, 0.0, -0.2724710481251889, 0.27105188102386624, 0.1971658307453364, -0.259362231198444, 0.06365097196301218, 0.01350974620688135, -0.00368301699441805, -0.20148376488637612, 0.21299096052620384, 0.04022853501085498, 0.35775737123379225, -0.4483033568637434, -0.24896900522057627, 0.3790647340511816, -0.09383987858792105, -0.07670904183800938, 0.0, 0.1720642271151466, 0.053368213041634964, -0.23713403360259847, 0.06500917176355674, -0.003529703302604196, 0.054775834189692875, -0.028515724986361186, 0.003483960886140364], [-0.04835854270730506, 0.9484774748179698, 122.39495623217528, 3.1766340959901234, -127.10365515116005, 0.6369285416329197, -0.05787260150700363, -0.03845831605550573, 0.21993276631600103, -0.208166225608934, 0.06584842801464667, -0.017411754401612158, 0.011958378040016223, -0.290181521121375, 0.4434221579838517, -0.02952590910548246, 0.0, -0.037502859392939625, 0.0, -0.5109436709704087, 0.22957510171477932, 0.02511384323997063, 0.4177455844905709, -0.31225393011803176, -0.0364309328541945, 0.0, 0.0981463116760368, -0.030795903340481427, -0.005806206883253646, 0.05417341330546581, -0.06807204248789625, 0.037276433999882515, -0.0010095067026474772, -0.0036914019302860153, -0.1618286747204667, 0.38661644766144165, -0.19389628636005105, -0.005916574393534126, 0.02148045189405385, -0.20785491324381472, 0.15898037504620963, 0.04574250592230656, -0.029167574546019776, -0.008000663695402727, -0.036035839781607557, 0.0018292281458974543, -0.014793617232757938, 0.03385119380990907, -0.010924752685411807, 0.1493134979412296, -0.47905140738048657, 0.18429550581278084, 0.05209834469215835, -0.03544827051205925, 0.38901177538941073, 0.0, -0.335735029386671, 0.10854323298491161, -0.212154102925724, 0.28650675901172257, -0.013438379742217102, 0.031118898653821534, -0.12693652176187095, 0.042467862191877676, 0.0, -0.5163498132866298, 0.4446130340114162, -0.09705060953707091, 0.7896035385546523, -0.7825525333027401, 0.043752499254880964, 0.0, 0.21061374694700344, -0.0738966932834893, -0.29046117558058976, 0.25725720830867127, 0.06867841243676043, 0.1665660476963829, -0.3571948599869285, 0.1008427519517466, -0.12443411674166385, 0.2087086503395295, -0.0952384790302348, 0.012997881391954172], [0.10954473064042061, -0.6080709141555755, 1.2917023990313123, 124.39281239321345, -1.4273356939939787, -122.79596966821124, -0.8974983850243573, -0.025819039843905097, 0.1101828443011657, -0.1169319013368157, 0.057903439045277214, 0.0, 0.005311568792486703, -0.07955041360011633, 0.10418551944571149, -0.0030434033870185275, -0.06800074764550261, -0.0009500222400299368, -0.012379926649744352, -0.037053411555568884, 0.10167672193192057, 0.0, 0.023947012986799847, -0.09483086581232177, 0.0, 0.0407040946576034, 0.0, -0.005338541026779441, -0.003180204405120631, 0.024381196981267825, -0.025898045148185923, 0.031161873971095325, -0.031086670683973177, 0.010073755058030927, -0.056006392157745874, 0.09693443812996293, -0.12422138203845014, 0.12195208491980315, -0.025806369578434355, -0.017667361984607284, 0.06953705760917156, -0.05815687170477122, -0.027108520816015686, -0.03948188778931357, -0.006037458226526702, 0.0781807018147095, 0.05895422351723616, -0.11169271400676958, 0.03284538431201645, 0.033627577975210175, -0.037908039905312683, 0.0810777072620647, -0.07536189251613067, -0.02130458256560852, -0.1005826238708527, 0.033116033191107806, -0.08392272038461164, 0.2479452520406273, 0.0783745491502164, 0.11656417618898682, -0.34289007218579215, -0.2015968566245498, 0.38946537040162194, -0.11139616930835822, 0.10928458893311285, -0.10854999865998473, 0.1797787083677694, -0.2854068981834331, -0.23098349310317598, 0.0, 0.5505343525718275, 0.17080000619997007, -0.5237910639017282, 0.15556537254244715, 0.2833596285057549, -0.4866740279617837, -0.1353628843712084, 0.3008863034295894, 0.18863233258929651, -0.08939654431030637, -0.09307561766083096, -0.015731580607406787, 0.03260102374577441, -0.0053546508514575415], [-0.47012074596833, -1.4889252162308502, 4.31088681521352, -5.643863939823906, 128.91043830002536, -1.0506613771767699, -125.04018980250628, 0.029770175072773256, -0.16298834395284317, 0.13765406399892893, -0.03401993945988963, 0.0, 0.009614619659842534, 0.2118328114829292, -0.28990316435735464, 0.0, 0.0, 0.0, -0.027719695575396254, 0.3528852742981527, -0.06993074695213819, -0.037761576195917586, -0.21681728069266762, -0.03273982164883505, 0.12167776133069223, 0.14732863011276995, -0.1842752019644199, 0.04542169367047932, 0.007683604244251595, -0.07327249532121943, 0.10073355184625614, -0.05200482800770964, -0.02362183047789731, 0.024813371955517298, 0.22932242876058875, -0.62868394178275, 0.3450473126940574, 0.10522031181218146, -0.13283962933771343, 0.4314314100862741, -0.499563877086669, -0.09482512428312664, 0.158866287428955, 0.14934642634464113, 0.06831129338654222, -0.10998906507121851, -0.03865679161900176, 0.0484604624560953, -0.007812650700829281, -0.23287389796453323, 0.9445645480913043, -0.5390229054098986, -0.10567821834215754, 0.17069942893259205, -1.2654599269419105, 1.507930699038096, 0.1299480647974608, -0.37703932689099934, -0.4850947702303374, 0.0, 0.2077790908044346, 0.0, -0.034614877430753394, 0.0, 0.5521032111378217, -1.0175978252757494, 0.026975699638220565, 0.18005575038809005, 0.6997163306404266, -0.297196079071036, -0.09966184056655059, 0.16957332304969788, -0.11561293157929016, 0.03406194690119856, -0.20081102714754168, 0.32700122973003487, -0.0784182521464206, -0.36289438107673705, 0.29202626919686353, -0.06583805059011524, 0.1300978386117382, -0.15820633355410166, 0.06372894409851074, -0.008208205644926591], [21.779129801526583, 59.583323958324804, -237.41200842488502, 472.5222066360597, -622.4517976069939, 715.0489658012635, -383.9946524373281, 0.6371884620900097, -3.461849074417109, 5.030349625590838, -4.810471545019912, 3.1678379554655645, -1.1852125075550644, 4.119156860882081, -11.50013503682402, 10.940448963641844, -7.235955081148471, 2.976917958848153, 8.009814039782954, -15.279982303220125, 10.193787502475573, -4.384571408481994, 7.191238482731314, -9.488632706114666, 4.178904917337, 3.03001666572745, -2.6346410346303806, 0.5041521040271589, 0.005381384881822983, -0.026141680648732145, 0.04501377278866172, -0.07904695459283263, 0.07422258368523682, -0.02308647849059561, 0.0, -0.040998843295610016, 0.2405726919271053, -0.24463305156362702, 0.04938729519732593, 0.08148092856972051, -0.4663302145214965, 0.36534162902320616, -0.040046344663172875, 0.3681358564839606, -0.4577454012442623, 0.036428066903920975, 0.11085562282201256, 0.01150563668753512, -0.012515284592123388, 0.10168327152683097, -0.430885868442355, 0.13780943765325052, -0.016226464582081906, 0.08587754279651472, 0.5920482411717868, -0.27996618497368747, 0.1374908957266871, -0.3830787667171621, -0.29033099004895485, 0.219087137648834, 0.35493138165362753, 0.05751741650806072, -0.334846523109857, 0.09120539141722026, -0.2828156615818392, 0.16367699622921064, -0.18297801378453007, 0.3823791088306635, 0.4949732265874384, -0.2451246327166747, -0.6818713409230508, -0.13586668897406354, 0.5948023353060936, -0.15821411908990668, -0.38122702151195026, 0.4621153837461842, 0.2788825889815276, -0.06904019386589239, -0.5087776237094531, 0.15066596115205116, -0.03890057991278263, 0.2179546681382444, -0.1192778256780107, 0.018376218242617922]]",(x0)' = -39.380 1 +  385.502 x0 + -721.495 x1 +  631.620 x2 + -480.326 x3 +  242.280 x4 + -60.852 x5 + -0.766 x0^2 +  3.915 x0 x1 + -5.011 x0 x2 +  4.257 x0 x3 + -2.507 x0 x4 +  0.901 x0 x5 + -4.186 x1^2 +  9.241 x1 x2 + -6.894 x1 x3 +  3.566 x1 x4 + -1.472 x1 x5 + -4.117 x2^2 +  4.436 x2 x3 + -1.450 x2 x4 +  1.011 x2 x5 + -1.757 x3 x4 + -0.017 x3 x5 +  1.371 x4^2 + -0.624 x4 x5 +  0.105 x5^2 + -0.002 x0^3 +  0.009 x0^2 x1 + -0.029 x0^2 x2 +  0.051 x0^2 x3 + -0.054 x0^2 x4 +  0.022 x0^2 x5 +  0.013 x0 x1^2 +  0.056 x0 x1 x2 + -0.186 x0 x1 x3 +  0.221 x0 x1 x4 + -0.094 x0 x1 x5 + -0.132 x0 x2^2 +  0.488 x0 x2 x3 + -0.439 x0 x2 x4 +  0.158 x0 x2 x5 + -0.386 x0 x3^2 +  0.634 x0 x3 x4 + -0.212 x0 x3 x5 + -0.264 x0 x4^2 +  0.189 x0 x4 x5 + -0.039 x0 x5^2 + -0.084 x1^3 +  0.293 x1^2 x2 + -0.141 x1^2 x3 + -0.017 x1^2 x4 +  0.035 x1^2 x5 + -0.330 x1 x2^2 +  0.215 x1 x2 x3 +  0.077 x1 x2 x4 + -0.063 x1 x2 x5 +  0.168 x1 x3^2 + -0.437 x1 x3 x4 +  0.150 x1 x3 x5 +  0.248 x1 x4^2 + -0.203 x1 x4 x5 +  0.055 x1 x5^2 +  0.145 x2^3 + -0.179 x2^2 x3 +  0.056 x2^2 x4 + -0.026 x2^2 x5 + -0.082 x2 x3^2 +  0.178 x2 x3 x4 + -0.123 x2 x4^2 +  0.100 x2 x4 x5 + -0.045 x2 x5^2 +  0.081 x3^3 + -0.126 x3^2 x4 + -0.013 x3^2 x5 +  0.081 x3 x4^2 + -0.037 x3 x4 x5 +  0.029 x3 x5^2 + -0.015 x4^3 +  0.019 x4^2 x5 + -0.020 x4 x5^2 +  0.004 x5^3 | (x1)' =  125.157 x0 + -0.092 x1 + -125.491 x2 +  1.253 x3 + -1.196 x4 +  0.412 x5 +  0.027 x0^2 + -0.110 x0 x1 +  0.113 x0 x2 + -0.075 x0 x3 +  0.018 x0 x5 +  0.059 x1^2 + -0.013 x1 x2 + -0.032 x1 x3 +  0.127 x1 x4 + -0.087 x1 x5 + -0.084 x2^2 +  0.132 x2 x3 + -0.191 x2 x4 +  0.121 x2 x5 +  0.038 x3 x4 + -0.053 x3 x5 +  0.007 x4^2 +  0.003 x5^2 +  0.001 x0^3 + -0.014 x0^2 x1 +  0.014 x0^2 x2 + -0.005 x0^2 x3 +  0.001 x0^2 x5 +  0.045 x0 x1^2 + -0.091 x0 x1 x2 +  0.049 x0 x1 x3 + -0.006 x0 x1 x4 + -0.013 x0 x1 x5 +  0.037 x0 x2^2 + -0.017 x0 x2 x3 + -0.047 x0 x2 x4 +  0.050 x0 x2 x5 + -0.021 x0 x3^2 +  0.108 x0 x3 x4 + -0.081 x0 x3 x5 + -0.071 x0 x4^2 +  0.082 x0 x4 x5 + -0.020 x0 x5^2 + -0.045 x1^3 +  0.134 x1^2 x2 + -0.083 x1^2 x3 +  0.035 x1^2 x5 + -0.105 x1 x2^2 +  0.091 x1 x2 x3 +  0.166 x1 x2 x4 + -0.204 x1 x2 x5 + -0.272 x1 x3 x4 +  0.271 x1 x3 x5 +  0.197 x1 x4^2 + -0.259 x1 x4 x5 +  0.064 x1 x5^2 +  0.014 x2^3 + -0.004 x2^2 x3 + -0.201 x2^2 x4 +  0.213 x2^2 x5 +  0.040 x2 x3^2 +  0.358 x2 x3 x4 + -0.448 x2 x3 x5 + -0.249 x2 x4^2 +  0.379 x2 x4 x5 + -0.094 x2 x5^2 + -0.077 x3^3 +  0.172 x3^2 x5 +  0.053 x3 x4^2 + -0.237 x3 x4 x5 +  0.065 x3 x5^2 + -0.004 x4^3 +  0.055 x4^2 x5 + -0.029 x4 x5^2 +  0.003 x5^3 | (x2)' = -0.048 1 +  0.948 x0 +  122.395 x1 +  3.177 x2 + -127.104 x3 +  0.637 x4 + -0.058 x5 + -0.038 x0^2 +  0.220 x0 x1 + -0.208 x0 x2 +  0.066 x0 x3 + -0.017 x0 x4 +  0.012 x0 x5 + -0.290 x1^2 +  0.443 x1 x2 + -0.030 x1 x3 + -0.038 x1 x5 + -0.511 x2 x3 +  0.230 x2 x4 +  0.025 x2 x5 +  0.418 x3^2 + -0.312 x3 x4 + -0.036 x3 x5 +  0.098 x4 x5 + -0.031 x5^2 + -0.006 x0^3 +  0.054 x0^2 x1 + -0.068 x0^2 x2 +  0.037 x0^2 x3 + -0.001 x0^2 x4 + -0.004 x0^2 x5 + -0.162 x0 x1^2 +  0.387 x0 x1 x2 + -0.194 x0 x1 x3 + -0.006 x0 x1 x4 +  0.021 x0 x1 x5 + -0.208 x0 x2^2 +  0.159 x0 x2 x3 +  0.046 x0 x2 x4 + -0.029 x0 x2 x5 + -0.008 x0 x3^2 + -0.036 x0 x3 x4 +  0.002 x0 x3 x5 + -0.015 x0 x4^2 +  0.034 x0 x4 x5 + -0.011 x0 x5^2 +  0.149 x1^3 + -0.479 x1^2 x2 +  0.184 x1^2 x3 +  0.052 x1^2 x4 + -0.035 x1^2 x5 +  0.389 x1 x2^2 + -0.336 x1 x2 x4 +  0.109 x1 x2 x5 + -0.212 x1 x3^2 +  0.287 x1 x3 x4 + -0.013 x1 x3 x5 +  0.031 x1 x4^2 + -0.127 x1 x4 x5 +  0.042 x1 x5^2 + -0.516 x2^2 x3 +  0.445 x2^2 x4 + -0.097 x2^2 x5 +  0.790 x2 x3^2 + -0.783 x2 x3 x4 +  0.044 x2 x3 x5 +  0.211 x2 x4 x5 + -0.074 x2 x5^2 + -0.290 x3^3 +  0.257 x3^2 x4 +  0.069 x3^2 x5 +  0.167 x3 x4^2 + -0.357 x3 x4 x5 +  0.101 x3 x5^2 + -0.124 x4^3 +  0.209 x4^2 x5 + -0.095 x4 x5^2 +  0.013 x5^3 | (x3)' =  0.110 1 + -0.608 x0 +  1.292 x1 +  124.393 x2 + -1.427 x3 + -122.796 x4 + -0.897 x5 + -0.026 x0^2 +  0.110 x0 x1 + -0.117 x0 x2 +  0.058 x0 x3 +  0.005 x0 x5 + -0.080 x1^2 +  0.104 x1 x2 + -0.003 x1 x3 + -0.068 x1 x4 + -0.001 x1 x5 + -0.012 x2^2 + -0.037 x2 x3 +  0.102 x2 x4 +  0.024 x3^2 + -0.095 x3 x4 +  0.041 x4^2 + -0.005 x5^2 + -0.003 x0^3 +  0.024 x0^2 x1 + -0.026 x0^2 x2 +  0.031 x0^2 x3 + -0.031 x0^2 x4 +  0.010 x0^2 x5 + -0.056 x0 x1^2 +  0.097 x0 x1 x2 + -0.124 x0 x1 x3 +  0.122 x0 x1 x4 + -0.026 x0 x1 x5 + -0.018 x0 x2^2 +  0.070 x0 x2 x3 + -0.058 x0 x2 x4 + -0.027 x0 x2 x5 + -0.039 x0 x3^2 + -0.006 x0 x3 x4 +  0.078 x0 x3 x5 +  0.059 x0 x4^2 + -0.112 x0 x4 x5 +  0.033 x0 x5^2 +  0.034 x1^3 + -0.038 x1^2 x2 +  0.081 x1^2 x3 + -0.075 x1^2 x4 + -0.021 x1^2 x5 + -0.101 x1 x2^2 +  0.033 x1 x2 x3 + -0.084 x1 x2 x4 +  0.248 x1 x2 x5 +  0.078 x1 x3^2 +  0.117 x1 x3 x4 + -0.343 x1 x3 x5 + -0.202 x1 x4^2 +  0.389 x1 x4 x5 + -0.111 x1 x5^2 +  0.109 x2^3 + -0.109 x2^2 x3 +  0.180 x2^2 x4 + -0.285 x2^2 x5 + -0.231 x2 x3^2 +  0.551 x2 x3 x5 +  0.171 x2 x4^2 + -0.524 x2 x4 x5 +  0.156 x2 x5^2 +  0.283 x3^3 + -0.487 x3^2 x4 + -0.135 x3^2 x5 +  0.301 x3 x4^2 +  0.189 x3 x4 x5 + -0.089 x3 x5^2 + -0.093 x4^3 + -0.016 x4^2 x5 +  0.033 x4 x5^2 + -0.005 x5^3 | (x4)' = -0.470 1 + -1.489 x0 +  4.311 x1 + -5.644 x2 +  128.910 x3 + -1.051 x4 + -125.040 x5 +  0.030 x0^2 + -0.163 x0 x1 +  0.138 x0 x2 + -0.034 x0 x3 +  0.010 x0 x5 +  0.212 x1^2 + -0.290 x1 x2 + -0.028 x2^2 +  0.353 x2 x3 + -0.070 x2 x4 + -0.038 x2 x5 + -0.217 x3^2 + -0.033 x3 x4 +  0.122 x3 x5 +  0.147 x4^2 + -0.184 x4 x5 +  0.045 x5^2 +  0.008 x0^3 + -0.073 x0^2 x1 +  0.101 x0^2 x2 + -0.052 x0^2 x3 + -0.024 x0^2 x4 +  0.025 x0^2 x5 +  0.229 x0 x1^2 + -0.629 x0 x1 x2 +  0.345 x0 x1 x3 +  0.105 x0 x1 x4 + -0.133 x0 x1 x5 +  0.431 x0 x2^2 + -0.500 x0 x2 x3 + -0.095 x0 x2 x4 +  0.159 x0 x2 x5 +  0.149 x0 x3^2 +  0.068 x0 x3 x4 + -0.110 x0 x3 x5 + -0.039 x0 x4^2 +  0.048 x0 x4 x5 + -0.008 x0 x5^2 + -0.233 x1^3 +  0.945 x1^2 x2 + -0.539 x1^2 x3 + -0.106 x1^2 x4 +  0.171 x1^2 x5 + -1.265 x1 x2^2 +  1.508 x1 x2 x3 +  0.130 x1 x2 x4 + -0.377 x1 x2 x5 + -0.485 x1 x3^2 +  0.208 x1 x3 x5 + -0.035 x1 x4 x5 +  0.552 x2^3 + -1.018 x2^2 x3 +  0.027 x2^2 x4 +  0.180 x2^2 x5 +  0.700 x2 x3^2 + -0.297 x2 x3 x4 + -0.100 x2 x3 x5 +  0.170 x2 x4^2 + -0.116 x2 x4 x5 +  0.034 x2 x5^2 + -0.201 x3^3 +  0.327 x3^2 x4 + -0.078 x3^2 x5 + -0.363 x3 x4^2 +  0.292 x3 x4 x5 + -0.066 x3 x5^2 +  0.130 x4^3 + -0.158 x4^2 x5 +  0.064 x4 x5^2 + -0.008 x5^3 | (x5)' =  21.779 1 +  59.583 x0 + -237.412 x1 +  472.522 x2 + -622.452 x3 +  715.049 x4 + -383.995 x5 +  0.637 x0^2 + -3.462 x0 x1 +  5.030 x0 x2 + -4.810 x0 x3 +  3.168 x0 x4 + -1.185 x0 x5 +  4.119 x1^2 + -11.500 x1 x2 +  10.940 x1 x3 + -7.236 x1 x4 +  2.977 x1 x5 +  8.010 x2^2 + -15.280 x2 x3 +  10.194 x2 x4 + -4.385 x2 x5 +  7.191 x3^2 + -9.489 x3 x4 +  4.179 x3 x5 +  3.030 x4^2 + -2.635 x4 x5 +  0.504 x5^2 +  0.005 x0^3 + -0.026 x0^2 x1 +  0.045 x0^2 x2 + -0.079 x0^2 x3 +  0.074 x0^2 x4 + -0.023 x0^2 x5 + -0.041 x0 x1 x2 +  0.241 x0 x1 x3 + -0.245 x0 x1 x4 +  0.049 x0 x1 x5 +  0.081 x0 x2^2 + -0.466 x0 x2 x3 +  0.365 x0 x2 x4 + -0.040 x0 x2 x5 +  0.368 x0 x3^2 + -0.458 x0 x3 x4 +  0.036 x0 x3 x5 +  0.111 x0 x4^2 +  0.012 x0 x4 x5 + -0.013 x0 x5^2 +  0.102 x1^3 + -0.431 x1^2 x2 +  0.138 x1^2 x3 + -0.016 x1^2 x4 +  0.086 x1^2 x5 +  0.592 x1 x2^2 + -0.280 x1 x2 x3 +  0.137 x1 x2 x4 + -0.383 x1 x2 x5 + -0.290 x1 x3^2 +  0.219 x1 x3 x4 +  0.355 x1 x3 x5 +  0.058 x1 x4^2 + -0.335 x1 x4 x5 +  0.091 x1 x5^2 + -0.283 x2^3 +  0.164 x2^2 x3 + -0.183 x2^2 x4 +  0.382 x2^2 x5 +  0.495 x2 x3^2 + -0.245 x2 x3 x4 + -0.682 x2 x3 x5 + -0.136 x2 x4^2 +  0.595 x2 x4 x5 + -0.158 x2 x5^2 + -0.381 x3^3 +  0.462 x3^2 x4 +  0.279 x3^2 x5 + -0.069 x3 x4^2 + -0.509 x3 x4 x5 +  0.151 x3 x5^2 + -0.039 x4^3 +  0.218 x4^2 x5 + -0.119 x4 x5^2 +  0.018 x5^3
21,80.0,1000.0,37.49490932254601,3,6,1,4.0,20.0,9,36.0,smoothed_finite_difference_savgol_order_3,success,,471,504,93.45238095238095,12.097070718184114,"[""1"", ""x0"", ""x1"", ""x2"", ""x3"", ""x4"", ""x5"", ""x0^2"", ""x0 x1"", ""x0 x2"", ""x0 x3"", ""x0 x4"", ""x0 x5"", ""x1^2"", ""x1 x2"", ""x1 x3"", ""x1 x4"", ""x1 x5"", ""x2^2"", ""x2 x3"", ""x2 x4"", ""x2 x5"", ""x3^2"", ""x3 x4"", ""x3 x5"", ""x4^2"", ""x4 x5"", ""x5^2"", ""x0^3"", ""x0^2 x1"", ""x0^2 x2"", ""x0^2 x3"", ""x0^2 x4"", ""x0^2 x5"", ""x0 x1^2"", ""x0 x1 x2"", ""x0 x1 x3"", ""x0 x1 x4"", ""x0 x1 x5"", ""x0 x2^2"", ""x0 x2 x3"", ""x0 x2 x4"", ""x0 x2 x5"", ""x0 x3^2"", ""x0 x3 x4"", ""x0 x3 x5"", ""x0 x4^2"", ""x0 x4 x5"", ""x0 x5^2"", ""x1^3"", ""x1^2 x2"", ""x1^2 x3"", ""x1^2 x4"", ""x1^2 x5"", ""x1 x2^2"", ""x1 x2 x3"", ""x1 x2 x4"", ""x1 x2 x5"", ""x1 x3^2"", ""x1 x3 x4"", ""x1 x3 x5"", ""x1 x4^2"", ""x1 x4 x5"", ""x1 x5^2"", ""x2^3"", ""x2^2 x3"", ""x2^2 x4"", ""x2^2 x5"", ""x2 x3^2"", ""x2 x3 x4"", ""x2 x3 x5"", ""x2 x4^2"", ""x2 x4 x5"", ""x2 x5^2"", ""x3^3"", ""x3^2 x4"", ""x3^2 x5"", ""x3 x4^2"", ""x3 x4 x5"", ""x3 x5^2"", ""x4^3"", ""x4^2 x5"", ""x4 x5^2"", ""x5^3""]","[[-17.163050093519146, 416.45852403433247, -771.5973091280141, 662.5480176652094, -509.9728516645857, 270.3345081444996, -69.44969505512313, -1.2303328670249587, 6.892935796978382, -9.518901403397347, 8.604936930094482, -5.214318848920651, 1.7049473440661782, -9.45101012289172, 24.50262873129541, -20.121568047256694, 11.935251814863417, -4.318729766138126, -12.764235197067828, 14.468626303373895, -8.540693693283622, 4.642784765182888, 0.0, -0.11231589832401588, -2.869884051760328, 0.0, 1.9342516232102844, -0.5435045981419406, 0.013000766172580957, -0.11738874541845869, 0.08206214028731579, 0.09267112119170587, -0.2156406099151955, 0.10834637624841383, 0.28706488354089726, -0.43745467126320214, -0.055962948759234854, 0.5587379408020614, -0.32957780303457496, 0.27371801533772383, -0.44038272414457436, -0.032260068576427554, 0.0740728906772077, 0.07783642620131276, 0.36672597480427094, -0.08113093576344114, -0.36337793660189066, 0.18152301374512145, -0.018206684430506128, -0.11249761931977138, -0.07528025139624989, 0.10532763323685808, -0.366954455936342, 0.263527035886382, 0.5050187710330578, 0.1838126215894375, -0.09497194185751591, -0.09858532574821705, -0.26258760145854293, -0.11271264422217209, -0.15823873369150993, 0.19597116614996507, 0.3089769518464175, -0.17564779809119394, -0.4545444992791651, 0.11112828496139243, 0.04971595682241524, 0.059610007421956414, 0.38070121660716477, 0.05728172840758293, 0.10126132637515568, 0.007940691936747518, -0.7066452563548884, 0.364779607688315, -0.18652734770925294, -0.31516010948822437, 0.10322214686591287, 0.5999107511278423, 0.0, -0.17930801393279702, -0.34768085606402205, 0.26776260671527236, -0.051261624714618974, 0.008367739767148585], [-6.099380069557004, 124.93804753954672, 4.219633183193073, -135.16343108790088, 7.771792864397993, -0.639721373719176, -1.1734258160051823, 0.830348840838508, -4.533339361172192, 4.255710739059056, -1.3983810405096004, 0.02033215412072159, 0.0, 6.093213783972216, -11.567930525835715, 4.0935944315448785, 0.0, -0.21080877686435745, 5.958803021480175, -5.3015593903317955, 0.0, 0.7623986370958287, 1.7461780964697597, 0.0, -0.944732475833087, -0.3053026021894726, 0.6100742175013986, -0.10827370788472637, 0.02325580592854536, -0.1861248889349163, 0.13682810633186676, 0.05685143255908847, -0.03695926704260959, -0.03487237750345738, 0.410224479568988, -0.360051702098495, -0.6250391928761423, 0.265735928135206, 0.23924868180020983, 0.07137718978393098, 0.1297240066467138, 0.46154794965179863, -0.6311974023731863, 0.3807963753840229, -1.0769766265489515, 0.7307876158105496, 0.3994251623727503, -0.4228853297822421, 0.0860932993988994, -0.3194893046461907, 0.43363605722259585, 1.2611514994343598, -1.101928952882062, 0.0, -0.6857478429287348, -1.1620952145182193, 1.9881372100619896, 0.0, -0.1197202327417202, 0.0, -0.6206209109500882, -0.41828669238295857, 0.9624449515845928, -0.3259489067526306, 0.8960553458975117, -1.140092174679648, -1.5598225507999801, 0.603085991529033, 1.3948453545514057, 1.2198502615357685, -0.44677105793432537, 0.09558444759805683, -1.0464615450748376, 0.5216256168554105, -0.5244801329925859, -0.46255525742373754, 0.19221510365114233, 0.2480244352856714, 0.6333136335377287, -0.40693787161765993, -0.08020285695891892, -0.210568411527368, 0.18941952818276286, -0.025451379174688264], [-0.15746572484425328, 0.3701700064526866, 126.2517909477713, -3.6898225108045413, -123.07206949527351, 0.2955231011439884, -0.2138352038194619, -0.12147872044585412, 0.6046073884503019, -0.3855671882913371, 0.0, 0.04542629368572986, -0.015545480581289696, -0.7636500978557957, 0.8964393851443931, 0.0, 0.0, 0.0, 0.0, -0.5331801514774352, 0.23538362623123102, -0.17801299059933995, 0.38339412139650125, -0.9003253638393741, 0.6597399212769959, 0.7542722385581135, -0.9042568415248798, 0.2230407723060627, 0.011445659866360291, -0.014478676053496049, 0.0, -0.10264110623833952, 0.13514757248211368, -0.040805034024047504, -0.18020988638253946, 0.6521275974296112, -0.06911526508330985, -0.33528319573638055, 0.0854448802662585, -0.7520853035354802, 0.968041120843422, -0.1933128445112223, 0.11463015972299037, -0.3857562889665149, 0.32976455112091113, -0.23508768513414133, -0.1925948199156094, 0.2802482426290951, -0.07537918802566008, 0.20285094379308127, -0.5809806186598383, -0.09208659519781182, 0.25646422343550296, 0.04364013210425986, 0.3894643246728867, 0.20232213409611813, 0.0, -0.47467661725524485, -0.4860554963719742, 0.6297825225824286, 0.2248485059870693, -0.26252251022270845, -0.10546680484228292, 0.06061547479198067, 0.24314068047891763, -0.610705085094059, -0.2450390662107239, 0.3775824524956383, 0.18968400675326585, 0.0946351319344154, 0.0, 0.4219202482209923, -0.5996503405571949, 0.15877767730607145, 0.5575649309771993, -1.0346575795647512, -0.21326962225593588, 0.18356536795115222, 0.9971255797944336, -0.33446262998880616, 0.10874639855964552, -0.5796289719109057, 0.3233511736393467, -0.04698186479466874], [7.664175558619509, 0.8381742276586884, -4.431554722449745, 132.9774964719012, -6.789727300230788, -123.43544510341475, 0.8690630105775895, -1.2872895189547062, 6.988500545352891, -6.557353936133276, 2.124554706099811, 0.0, 0.0, -9.587160484484935, 18.67388094698815, -6.724062447718113, 0.0, 0.304197729908875, -10.048450433899717, 9.048456273828855, 0.0, -1.187996887505819, -2.546552975173117, -1.4528773283547425, 2.2383850908731113, 1.8850463151671493, -2.421517904185542, 0.5502541890715961, -0.018536179928661176, 0.15089243652202144, 0.13217328661146907, -0.40128461383035025, 0.1181539624036948, 0.05979532594313799, -0.4997958225243871, -0.12576366124246544, 1.390421350898208, -0.1151392459279792, -0.4619673585204519, 0.26360023902738916, -0.8351035692146074, -0.5160106431607823, 0.6917757617068966, 0.10699748232717714, 0.5686418256688505, -0.5590211535687059, -0.3081682060564643, 0.4794632139780872, -0.1436281741908099, 0.610475577494118, -0.7851351765329465, -1.072301800630293, 0.04720236603199391, 0.4547369917372209, 0.6102360989124342, 1.0180564443640387, 0.0, -0.40567940358753535, -0.2391990914666192, 0.0, 0.1491534557018656, 0.49204163211929675, -1.031224576814303, 0.44698655214670313, -0.4391208465181478, 0.3305628365115323, 0.9457365657747784, -1.0045954484736468, -0.7598646264337076, -1.2982665898905876, 2.1749970534113814, -0.21351870232704764, 0.4476042375491364, -0.49873110866309106, 0.8441904365326133, -0.6204690658114476, -1.0313920425772598, 0.9693018603118917, -0.19302851585357417, 0.31312226459720327, -0.35155520918187555, 0.250072094442554, -0.1574705429187819, 0.01957987967104824], [5.722118719966082, 0.0, -2.6430121413575476, 5.968755188316542, 120.94117897869553, -0.2747296273412768, -123.8445901158291, 0.028975800520316293, -0.40270105572359177, 1.512510294154863, -2.332045905716476, 1.5065646011448606, -0.33712956564815144, 0.21500059157907953, 0.0, 0.0, 0.0, -0.0510154082307569, -4.593255698056995, 15.566857687457796, -10.311896743839583, 2.4679774881578815, -13.627305541589898, 18.241198499247268, -4.265336380161534, -6.070656025780709, 2.715187165429515, -0.26307078665697964, -0.024054787484664473, 0.18027795309962888, 0.0038207705666362508, -0.18077883784998205, 0.0, 0.06645596861079028, -0.48323335329445205, 0.1653207410686041, 0.6531261601779735, 0.19977666295593613, -0.39277424110259235, 0.07497793604242398, -0.27850725672260845, -0.4826037560184522, 0.4424434304350364, 0.005248315537966543, -0.01999812108938514, -0.08634270435029669, 0.27372068034532326, -0.1356828458649879, -0.002951385513246076, 0.45274336166126217, -0.4502268044875937, -0.7523969299400558, -0.037769595638639825, 0.30553872206162797, 0.13532971827268186, 0.7284595350782802, 0.0, -0.13280596960025792, 0.19601724385911734, -0.07141466299085084, -0.06817008635399709, 0.017205995971642636, -0.3981549915056053, 0.2661157289644902, -0.15133273273171333, 0.21337935809921732, 0.6056416330129183, -0.6926640560197145, -0.7809018821016601, -0.5110146036091544, 1.0875442245165214, -0.3121459882126965, 0.8542037879498825, -0.5536374162870905, 0.3178243257592542, 0.3115541542897893, -0.5163094786100204, -0.0003721946031166708, -0.5485445663755634, 0.45113256192896206, -0.0006553482298916701, 0.25205583259435754, -0.22537450932534728, 0.03090264527569919], [0.0, 67.40927214499179, -264.9787516072533, 501.51702371724457, -651.06285617158, 763.1253820485889, -414.23087657357405, 1.6992720845716145, -9.145156206172013, 9.876257932703272, -5.439393034525167, 1.786553933005967, -0.454987790236575, 12.042584125868684, -25.027134433893107, 12.230820431840987, -3.0069635659215828, 0.781693593837812, 11.989096072777189, -9.041380673419141, 0.9828119784477942, -0.632695205422949, -0.2698948522287475, 2.5972866185883055, 0.034382078783860986, -1.1042632806748316, 0.0, 0.10151694817358506, 0.00218179234156816, -0.04108987260645725, 0.06255736029016358, -0.060025872922982164, 0.05706590254297622, -0.01669433815483314, 0.10634784800916589, -0.12614986488770277, 0.08259202607698235, -0.22903640871123174, 0.080122683296139, -0.19330564456459448, 0.5757314084596663, -0.00255853167287716, -0.08380392129890982, -0.4071756131057215, -0.04073660887550145, 0.2128019427763376, 0.3206556131243507, -0.41522430986334513, 0.10907385358399926, -0.08044083886523032, 0.15559679658403702, -0.20788345251003962, 0.35862422378097625, -0.06203771265746133, 0.0, -0.10245272986394649, -0.3209984618536181, -0.09303905985460467, 0.41422020670908893, -0.04990976401934848, -0.03198433154027405, -0.48583878387901197, 0.6551569063076562, -0.2108041506231134, 0.16473055816180013, -0.45581616477982073, -0.020245832328008594, 0.3927004414864721, 0.21324139847202422, 0.4511812729520041, -0.7754989804726506, 0.16275445561240948, -0.21237087306872823, 0.154569228760387, -0.17220190183036102, 0.020512826957833227, 0.36253850695172873, -0.29779042589538623, 0.11518180757833774, -0.10579725926761212, 0.16792258433982152, -0.190762263203014, 0.11214889893012958, -0.018630200479619545]]",(x0)' = -17.163 1 +  416.459 x0 + -771.597 x1 +  662.548 x2 + -509.973 x3 +  270.335 x4 + -69.450 x5 + -1.230 x0^2 +  6.893 x0 x1 + -9.519 x0 x2 +  8.605 x0 x3 + -5.214 x0 x4 +  1.705 x0 x5 + -9.451 x1^2 +  24.503 x1 x2 + -20.122 x1 x3 +  11.935 x1 x4 + -4.319 x1 x5 + -12.764 x2^2 +  14.469 x2 x3 + -8.541 x2 x4 +  4.643 x2 x5 + -0.112 x3 x4 + -2.870 x3 x5 +  1.934 x4 x5 + -0.544 x5^2 +  0.013 x0^3 + -0.117 x0^2 x1 +  0.082 x0^2 x2 +  0.093 x0^2 x3 + -0.216 x0^2 x4 +  0.108 x0^2 x5 +  0.287 x0 x1^2 + -0.437 x0 x1 x2 + -0.056 x0 x1 x3 +  0.559 x0 x1 x4 + -0.330 x0 x1 x5 +  0.274 x0 x2^2 + -0.440 x0 x2 x3 + -0.032 x0 x2 x4 +  0.074 x0 x2 x5 +  0.078 x0 x3^2 +  0.367 x0 x3 x4 + -0.081 x0 x3 x5 + -0.363 x0 x4^2 +  0.182 x0 x4 x5 + -0.018 x0 x5^2 + -0.112 x1^3 + -0.075 x1^2 x2 +  0.105 x1^2 x3 + -0.367 x1^2 x4 +  0.264 x1^2 x5 +  0.505 x1 x2^2 +  0.184 x1 x2 x3 + -0.095 x1 x2 x4 + -0.099 x1 x2 x5 + -0.263 x1 x3^2 + -0.113 x1 x3 x4 + -0.158 x1 x3 x5 +  0.196 x1 x4^2 +  0.309 x1 x4 x5 + -0.176 x1 x5^2 + -0.455 x2^3 +  0.111 x2^2 x3 +  0.050 x2^2 x4 +  0.060 x2^2 x5 +  0.381 x2 x3^2 +  0.057 x2 x3 x4 +  0.101 x2 x3 x5 +  0.008 x2 x4^2 + -0.707 x2 x4 x5 +  0.365 x2 x5^2 + -0.187 x3^3 + -0.315 x3^2 x4 +  0.103 x3^2 x5 +  0.600 x3 x4^2 + -0.179 x3 x5^2 + -0.348 x4^3 +  0.268 x4^2 x5 + -0.051 x4 x5^2 +  0.008 x5^3 | (x1)' = -6.099 1 +  124.938 x0 +  4.220 x1 + -135.163 x2 +  7.772 x3 + -0.640 x4 + -1.173 x5 +  0.830 x0^2 + -4.533 x0 x1 +  4.256 x0 x2 + -1.398 x0 x3 +  0.020 x0 x4 +  6.093 x1^2 + -11.568 x1 x2 +  4.094 x1 x3 + -0.211 x1 x5 +  5.959 x2^2 + -5.302 x2 x3 +  0.762 x2 x5 +  1.746 x3^2 + -0.945 x3 x5 + -0.305 x4^2 +  0.610 x4 x5 + -0.108 x5^2 +  0.023 x0^3 + -0.186 x0^2 x1 +  0.137 x0^2 x2 +  0.057 x0^2 x3 + -0.037 x0^2 x4 + -0.035 x0^2 x5 +  0.410 x0 x1^2 + -0.360 x0 x1 x2 + -0.625 x0 x1 x3 +  0.266 x0 x1 x4 +  0.239 x0 x1 x5 +  0.071 x0 x2^2 +  0.130 x0 x2 x3 +  0.462 x0 x2 x4 + -0.631 x0 x2 x5 +  0.381 x0 x3^2 + -1.077 x0 x3 x4 +  0.731 x0 x3 x5 +  0.399 x0 x4^2 + -0.423 x0 x4 x5 +  0.086 x0 x5^2 + -0.319 x1^3 +  0.434 x1^2 x2 +  1.261 x1^2 x3 + -1.102 x1^2 x4 + -0.686 x1 x2^2 + -1.162 x1 x2 x3 +  1.988 x1 x2 x4 + -0.120 x1 x3^2 + -0.621 x1 x3 x5 + -0.418 x1 x4^2 +  0.962 x1 x4 x5 + -0.326 x1 x5^2 +  0.896 x2^3 + -1.140 x2^2 x3 + -1.560 x2^2 x4 +  0.603 x2^2 x5 +  1.395 x2 x3^2 +  1.220 x2 x3 x4 + -0.447 x2 x3 x5 +  0.096 x2 x4^2 + -1.046 x2 x4 x5 +  0.522 x2 x5^2 + -0.524 x3^3 + -0.463 x3^2 x4 +  0.192 x3^2 x5 +  0.248 x3 x4^2 +  0.633 x3 x4 x5 + -0.407 x3 x5^2 + -0.080 x4^3 + -0.211 x4^2 x5 +  0.189 x4 x5^2 + -0.025 x5^3 | (x2)' = -0.157 1 +  0.370 x0 +  126.252 x1 + -3.690 x2 + -123.072 x3 +  0.296 x4 + -0.214 x5 + -0.121 x0^2 +  0.605 x0 x1 + -0.386 x0 x2 +  0.045 x0 x4 + -0.016 x0 x5 + -0.764 x1^2 +  0.896 x1 x2 + -0.533 x2 x3 +  0.235 x2 x4 + -0.178 x2 x5 +  0.383 x3^2 + -0.900 x3 x4 +  0.660 x3 x5 +  0.754 x4^2 + -0.904 x4 x5 +  0.223 x5^2 +  0.011 x0^3 + -0.014 x0^2 x1 + -0.103 x0^2 x3 +  0.135 x0^2 x4 + -0.041 x0^2 x5 + -0.180 x0 x1^2 +  0.652 x0 x1 x2 + -0.069 x0 x1 x3 + -0.335 x0 x1 x4 +  0.085 x0 x1 x5 + -0.752 x0 x2^2 +  0.968 x0 x2 x3 + -0.193 x0 x2 x4 +  0.115 x0 x2 x5 + -0.386 x0 x3^2 +  0.330 x0 x3 x4 + -0.235 x0 x3 x5 + -0.193 x0 x4^2 +  0.280 x0 x4 x5 + -0.075 x0 x5^2 +  0.203 x1^3 + -0.581 x1^2 x2 + -0.092 x1^2 x3 +  0.256 x1^2 x4 +  0.044 x1^2 x5 +  0.389 x1 x2^2 +  0.202 x1 x2 x3 + -0.475 x1 x2 x5 + -0.486 x1 x3^2 +  0.630 x1 x3 x4 +  0.225 x1 x3 x5 + -0.263 x1 x4^2 + -0.105 x1 x4 x5 +  0.061 x1 x5^2 +  0.243 x2^3 + -0.611 x2^2 x3 + -0.245 x2^2 x4 +  0.378 x2^2 x5 +  0.190 x2 x3^2 +  0.095 x2 x3 x4 +  0.422 x2 x4^2 + -0.600 x2 x4 x5 +  0.159 x2 x5^2 +  0.558 x3^3 + -1.035 x3^2 x4 + -0.213 x3^2 x5 +  0.184 x3 x4^2 +  0.997 x3 x4 x5 + -0.334 x3 x5^2 +  0.109 x4^3 + -0.580 x4^2 x5 +  0.323 x4 x5^2 + -0.047 x5^3 | (x3)' =  7.664 1 +  0.838 x0 + -4.432 x1 +  132.977 x2 + -6.790 x3 + -123.435 x4 +  0.869 x5 + -1.287 x0^2 +  6.989 x0 x1 + -6.557 x0 x2 +  2.125 x0 x3 + -9.587 x1^2 +  18.674 x1 x2 + -6.724 x1 x3 +  0.304 x1 x5 + -10.048 x2^2 +  9.048 x2 x3 + -1.188 x2 x5 + -2.547 x3^2 + -1.453 x3 x4 +  2.238 x3 x5 +  1.885 x4^2 + -2.422 x4 x5 +  0.550 x5^2 + -0.019 x0^3 +  0.151 x0^2 x1 +  0.132 x0^2 x2 + -0.401 x0^2 x3 +  0.118 x0^2 x4 +  0.060 x0^2 x5 + -0.500 x0 x1^2 + -0.126 x0 x1 x2 +  1.390 x0 x1 x3 + -0.115 x0 x1 x4 + -0.462 x0 x1 x5 +  0.264 x0 x2^2 + -0.835 x0 x2 x3 + -0.516 x0 x2 x4 +  0.692 x0 x2 x5 +  0.107 x0 x3^2 +  0.569 x0 x3 x4 + -0.559 x0 x3 x5 + -0.308 x0 x4^2 +  0.479 x0 x4 x5 + -0.144 x0 x5^2 +  0.610 x1^3 + -0.785 x1^2 x2 + -1.072 x1^2 x3 +  0.047 x1^2 x4 +  0.455 x1^2 x5 +  0.610 x1 x2^2 +  1.018 x1 x2 x3 + -0.406 x1 x2 x5 + -0.239 x1 x3^2 +  0.149 x1 x3 x5 +  0.492 x1 x4^2 + -1.031 x1 x4 x5 +  0.447 x1 x5^2 + -0.439 x2^3 +  0.331 x2^2 x3 +  0.946 x2^2 x4 + -1.005 x2^2 x5 + -0.760 x2 x3^2 + -1.298 x2 x3 x4 +  2.175 x2 x3 x5 + -0.214 x2 x4^2 +  0.448 x2 x4 x5 + -0.499 x2 x5^2 +  0.844 x3^3 + -0.620 x3^2 x4 + -1.031 x3^2 x5 +  0.969 x3 x4^2 + -0.193 x3 x4 x5 +  0.313 x3 x5^2 + -0.352 x4^3 +  0.250 x4^2 x5 + -0.157 x4 x5^2 +  0.020 x5^3 | (x4)' =  5.722 1 + -2.643 x1 +  5.969 x2 +  120.941 x3 + -0.275 x4 + -123.845 x5 +  0.029 x0^2 + -0.403 x0 x1 +  1.513 x0 x2 + -2.332 x0 x3 +  1.507 x0 x4 + -0.337 x0 x5 +  0.215 x1^2 + -0.051 x1 x5 + -4.593 x2^2 +  15.567 x2 x3 + -10.312 x2 x4 +  2.468 x2 x5 + -13.627 x3^2 +  18.241 x3 x4 + -4.265 x3 x5 + -6.071 x4^2 +  2.715 x4 x5 + -0.263 x5^2 + -0.024 x0^3 +  0.180 x0^2 x1 +  0.004 x0^2 x2 + -0.181 x0^2 x3 +  0.066 x0^2 x5 + -0.483 x0 x1^2 +  0.165 x0 x1 x2 +  0.653 x0 x1 x3 +  0.200 x0 x1 x4 + -0.393 x0 x1 x5 +  0.075 x0 x2^2 + -0.279 x0 x2 x3 + -0.483 x0 x2 x4 +  0.442 x0 x2 x5 +  0.005 x0 x3^2 + -0.020 x0 x3 x4 + -0.086 x0 x3 x5 +  0.274 x0 x4^2 + -0.136 x0 x4 x5 + -0.003 x0 x5^2 +  0.453 x1^3 + -0.450 x1^2 x2 + -0.752 x1^2 x3 + -0.038 x1^2 x4 +  0.306 x1^2 x5 +  0.135 x1 x2^2 +  0.728 x1 x2 x3 + -0.133 x1 x2 x5 +  0.196 x1 x3^2 + -0.071 x1 x3 x4 + -0.068 x1 x3 x5 +  0.017 x1 x4^2 + -0.398 x1 x4 x5 +  0.266 x1 x5^2 + -0.151 x2^3 +  0.213 x2^2 x3 +  0.606 x2^2 x4 + -0.693 x2^2 x5 + -0.781 x2 x3^2 + -0.511 x2 x3 x4 +  1.088 x2 x3 x5 + -0.312 x2 x4^2 +  0.854 x2 x4 x5 + -0.554 x2 x5^2 +  0.318 x3^3 +  0.312 x3^2 x4 + -0.516 x3^2 x5 + -0.549 x3 x4 x5 +  0.451 x3 x5^2 + -0.001 x4^3 +  0.252 x4^2 x5 + -0.225 x4 x5^2 +  0.031 x5^3 | (x5)' =  67.409 x0 + -264.979 x1 +  501.517 x2 + -651.063 x3 +  763.125 x4 + -414.231 x5 +  1.699 x0^2 + -9.145 x0 x1 +  9.876 x0 x2 + -5.439 x0 x3 +  1.787 x0 x4 + -0.455 x0 x5 +  12.043 x1^2 + -25.027 x1 x2 +  12.231 x1 x3 + -3.007 x1 x4 +  0.782 x1 x5 +  11.989 x2^2 + -9.041 x2 x3 +  0.983 x2 x4 + -0.633 x2 x5 + -0.270 x3^2 +  2.597 x3 x4 +  0.034 x3 x5 + -1.104 x4^2 +  0.102 x5^2 +  0.002 x0^3 + -0.041 x0^2 x1 +  0.063 x0^2 x2 + -0.060 x0^2 x3 +  0.057 x0^2 x4 + -0.017 x0^2 x5 +  0.106 x0 x1^2 + -0.126 x0 x1 x2 +  0.083 x0 x1 x3 + -0.229 x0 x1 x4 +  0.080 x0 x1 x5 + -0.193 x0 x2^2 +  0.576 x0 x2 x3 + -0.003 x0 x2 x4 + -0.084 x0 x2 x5 + -0.407 x0 x3^2 + -0.041 x0 x3 x4 +  0.213 x0 x3 x5 +  0.321 x0 x4^2 + -0.415 x0 x4 x5 +  0.109 x0 x5^2 + -0.080 x1^3 +  0.156 x1^2 x2 + -0.208 x1^2 x3 +  0.359 x1^2 x4 + -0.062 x1^2 x5 + -0.102 x1 x2 x3 + -0.321 x1 x2 x4 + -0.093 x1 x2 x5 +  0.414 x1 x3^2 + -0.050 x1 x3 x4 + -0.032 x1 x3 x5 + -0.486 x1 x4^2 +  0.655 x1 x4 x5 + -0.211 x1 x5^2 +  0.165 x2^3 + -0.456 x2^2 x3 + -0.020 x2^2 x4 +  0.393 x2^2 x5 +  0.213 x2 x3^2 +  0.451 x2 x3 x4 + -0.775 x2 x3 x5 +  0.163 x2 x4^2 + -0.212 x2 x4 x5 +  0.155 x2 x5^2 + -0.172 x3^3 +  0.021 x3^2 x4 +  0.363 x3^2 x5 + -0.298 x3 x4^2 +  0.115 x3 x4 x5 + -0.106 x3 x5^2 +  0.168 x4^3 + -0.191 x4^2 x5 +  0.112 x4 x5^2 + -0.019 x5^3
22,80.0,1000.0,37.49490932254601,3,6,2,8.0,40.0,0,0.0,finite_difference,success,,478,504,94.84126984126983,13.553840765729547,"[""1"", ""x0"", ""x1"", ""x2"", ""x3"", ""x4"", ""x5"", ""x0^2"", ""x0 x1"", ""x0 x2"", ""x0 x3"", ""x0 x4"", ""x0 x5"", ""x1^2"", ""x1 x2"", ""x1 x3"", ""x1 x4"", ""x1 x5"", ""x2^2"", ""x2 x3"", ""x2 x4"", ""x2 x5"", ""x3^2"", ""x3 x4"", ""x3 x5"", ""x4^2"", ""x4 x5"", ""x5^2"", ""x0^3"", ""x0^2 x1"", ""x0^2 x2"", ""x0^2 x3"", ""x0^2 x4"", ""x0^2 x5"", ""x0 x1^2"", ""x0 x1 x2"", ""x0 x1 x3"", ""x0 x1 x4"", ""x0 x1 x5"", ""x0 x2^2"", ""x0 x2 x3"", ""x0 x2 x4"", ""x0 x2 x5"", ""x0 x3^2"", ""x0 x3 x4"", ""x0 x3 x5"", ""x0 x4^2"", ""x0 x4 x5"", ""x0 x5^2"", ""x1^3"", ""x1^2 x2"", ""x1^2 x3"", ""x1^2 x4"", ""x1^2 x5"", ""x1 x2^2"", ""x1 x2 x3"", ""x1 x2 x4"", ""x1 x2 x5"", ""x1 x3^2"", ""x1 x3 x4"", ""x1 x3 x5"", ""x1 x4^2"", ""x1 x4 x5"", ""x1 x5^2"", ""x2^3"", ""x2^2 x3"", ""x2^2 x4"", ""x2^2 x5"", ""x2 x3^2"", ""x2 x3 x4"", ""x2 x3 x5"", ""x2 x4^2"", ""x2 x4 x5"", ""x2 x5^2"", ""x3^3"", ""x3^2 x4"", ""x3^2 x5"", ""x3 x4^2"", ""x3 x4 x5"", ""x3 x5^2"", ""x4^3"", ""x4^2 x5"", ""x4 x5^2"", ""x5^3""]","[[-120.89126358810583, 86.82086362255592, -111.85801883807021, 13.555046706082509, -0.1519459513558701, -1.558416416581335, 4.545810628757023, -0.08345228543009396, 0.33250768430921784, -0.1778098246110688, 0.032903685022608535, 0.06746910409021281, -0.0217682508154126, -0.004259566703313358, -0.2587908348837926, -0.00024469490849365075, -0.013248986234016566, -0.04141308480247355, 0.3030848195550015, -0.2200686274690763, -0.030342532503474226, 0.02298318619270429, 0.15174293438572242, -0.15424930413919086, 0.054984294184360565, 0.09022851748536548, -0.04465264328086862, 0.00012599598543243783, -0.00038490967486634413, -0.0006159484122155566, 0.0016634580056130814, -0.0010393248947583363, -9.806459640570916e-05, 0.00019565433381912856, 6.914679183367742e-05, 0.004002423318014847, -0.0027086957334566735, 0.0008634409328009076, 0.0002442373304656757, -0.007703990531434112, 0.011780758953909383, -0.0026153506972274422, -0.000600747207259489, -0.0062051193244281894, 0.006992804085265335, -0.0019481372316755609, -0.0030747598195512748, 0.0025247377228719784, -0.0005824768503479934, 0.0003714408182458207, -0.004744661703236407, 0.0027957024743094114, 0.00048809780804363043, -0.000753652969667532, 0.00846503818212396, -0.011923770519979478, 0.003400470415260704, -0.00011017427291854469, 0.005025134445528337, -0.005677647522350246, 0.0024131906694914306, 0.0014749390970619273, -0.0016973688087186334, 0.0007543029743265292, -0.002068143603910221, 0.003940354940678164, -0.0024171757284199976, 0.0006520649902256095, -0.0016807848414192835, 0.0012977068001458578, 7.64923098857369e-05, 0.0003362807552548546, -0.00012933908926219422, -0.00018768444353930912, 0.0003102217326874661, -0.00037430933602945564, -0.00033773729658748304, 0.0, 0.0001429611884899256, 0.0, 0.0, 0.0, 0.0, -0.00010490485864160844], [17.179433817622364, 72.61359794170234, 4.969499603748585, -91.02681606509599, 19.375411241775986, -3.603330931309045, -0.5942218052868969, 0.08093602292928867, -0.2551728341963744, 0.09690892762064918, 0.01575844057952675, -0.03579073424176108, -0.001656591122646215, 0.05758867604580071, 0.1613238436994968, -0.07636710782054919, 0.002840918706567749, 0.0448683532527251, -0.12595499827763415, 0.004278555940080357, 0.06513906543521797, -0.043791116834658673, 0.0046557799514820135, 0.03161670326918602, -0.009017245871959671, -0.02701388164020063, 0.0, 0.007101054535873775, 2.3531642485752225e-05, 0.001096491391049574, -0.002195506436071551, 0.0011911166418573924, 0.0004394115924943925, -0.0005600344422477468, -0.0008329312167450868, 0.00041611221526471377, 0.0005017148648467541, -0.0019783089012868414, 0.0013785997806335828, 0.0029931059555493122, -0.004972342786158217, 0.0017294505294995744, -0.00023882425091906187, 0.002406307854302497, -0.0018702071653516146, 0.00011630527169585422, 0.0006606633817503078, -0.000422212199162352, 0.00010552117016838495, -0.00014496476019557408, 0.0014728967096980952, -0.00021994827922166483, 0.00046996623246484516, -0.0007936651956343251, -0.0038103978389296836, 0.004823445546274237, -0.002182820061751192, 0.0011061629151394826, -0.003189033477105738, 0.0033876464364518875, -0.0009504449081537477, -0.0011015603304063502, 0.0007866364181709808, -0.00014853547011978204, 0.0014964173170137303, -0.003031905605847321, 0.0010450181835881735, -0.00025023113094409927, 0.0029807284117664527, -0.0021222075172040904, 0.000489925488508144, 0.0011645616293831306, -0.0011745616130396741, 0.0001675772982503756, -0.0010425067251874935, 0.0016327403484994547, -0.0006165011738859574, -0.0017924415538362506, 0.0013060571337353353, -6.723774697408972e-07, 0.0006767181266582697, -0.0006065864604665554, 8.601620923628194e-05, 0.0], [-3.6832014487971505, -15.612647427328824, 90.62534849167687, 0.0, -92.08286441808767, 20.22871298111724, -3.636586710991078, -0.045605726263079474, 0.15606844805810635, -0.0662110381534858, -0.02000255344108519, 0.031512238383841276, 0.0, -0.026944281101888, -0.14776590501173417, 0.08793615293897396, -0.005307661760780521, -0.038291311451268996, 0.0709405711180771, 0.09444878927903626, -0.09381628621601226, 0.05085292734664973, -0.05585117397296931, -0.042089330603319444, 0.01985047340287792, 0.049759952194773666, -0.009987190229354855, -0.00879081025263545, 9.935313035123346e-05, -0.0012009530326418888, 0.001960864763330164, -0.001115739535350672, -0.0004909549164996968, 0.0006379852512872811, 0.0012278188499542885, -0.002134855546324704, 0.0009735028589261034, 0.0017271209125823746, -0.001612256918973084, -0.0010608452852338662, 0.002403638563860067, -0.001244605411493598, 0.00047603690318752384, -0.0011159023158570716, 0.0005169344356356487, 0.0, -0.00034606595439140976, 0.000408625394360602, -0.00010047814283789008, -0.00023697647459455288, 0.0008898640496832262, -0.0017850941221805776, -4.8042488920109475e-05, 0.0009640444669729223, 0.0009016770069887509, -0.0011333039923089626, 0.0010197715289023074, -0.001319861032324394, 0.002164918152152832, -0.0026811838706545365, 0.0010690948211271557, 0.001308111552369203, -0.0009496596012771751, 5.2968079613667484e-05, -0.0007863108036343137, 0.0017053412546405525, 0.00014124392971507586, 0.0, -0.002739084401576722, 0.002142357955738375, -0.0007147621874848601, -0.0019590101039759352, 0.0017037889023472329, -0.00022715216575842944, 0.0013262606133846492, -0.0024754797965170533, 0.0005817957844470933, 0.0027549071662553953, -0.0011403794823582679, 2.2528411376352886e-05, -0.0008788296435629737, 0.00045070103437587527, -0.00022530161840965567, 0.00011905469359204045], [0.0, 3.3446303846950363, -19.98953820919665, 92.14908649851257, 0.0, -91.21545612412396, 16.18826950570673, 0.00999644182278861, -0.05813698373073002, 0.04066962983698888, 0.018466040389065845, -0.03727221853340993, 0.010216981737528334, 0.002744393508555464, 0.08977935967835562, -0.0720217377680132, 0.02234857270706566, 0.02103254608756567, -0.022355849507466805, -0.13191620917022384, 0.10336670203325589, -0.048967798912519074, 0.059042823869060845, 0.08366492416221814, -0.03707378702515891, -0.07141677235959747, -0.010266397482691219, 0.028061719946239166, -0.0001596483030995068, 0.0010333292397125622, -0.0013208044097681607, 0.000995867601787712, 0.00018818771411788956, -0.00040415517406827564, -0.001190096178606852, 0.0023821203169938432, -0.001679725849459151, -0.000684886088997988, 0.0008247928109354408, 0.00014876199064285558, -0.0009330502175175316, 0.00017481493429969956, 0.00012077217648166532, 0.0, 0.001090489954875018, -0.0006760510528229161, -0.00013518313318825197, 0.0, 5.559966819417658e-05, 0.0004687521024786805, -0.002149072543907857, 0.002520535654751384, -0.0004698638738170495, -0.0005171433724425185, 0.0010320794219686033, -0.0016718335006065236, 0.000565878526085279, 0.0009248918402009987, -0.0002433224422585705, 0.0006541129286337849, -0.000642103140823654, -0.0005991344413405918, 0.0001244696519404324, 0.00018031664549374374, -5.825681772848901e-05, 0.0006169664216264157, -0.0013107920546931372, 0.0, 0.0005483972439886447, -0.0002873015564136351, 0.00040174468875903857, 0.0011796479526900532, -0.0008430584001461563, 1.1351561812841713e-05, -0.0007888595725240984, 0.0016081233351609658, 0.00018943133571840614, -0.002170235535663199, 0.00017529401246787902, -5.5252766157841426e-05, 0.0009540276301230637, -0.0007378452022176122, 0.0008870985706669826, -0.0003593833424093411], [0.0, 0.8185420361069201, 3.5191074807923384, -19.154414414975736, 89.74272942259061, -3.1401920292516743, -73.516726703683, 0.006920477785923936, 0.009983470302918428, -0.035951955992761686, 0.014450852327258616, 0.0, -0.002880063527688523, 0.0, -0.03697829427415767, 0.06153157454218671, -0.020709000910470423, -0.022394569612578685, 0.045124482217982674, 0.0, -0.060396154066496295, 0.03858158703773695, 0.005485775303700083, -0.13678454025061598, 0.06000229002494474, 0.06825152479586201, 0.06700081600696989, -0.06278630651593924, 0.00012106949541245946, -0.000561441378773158, 0.00023478501571800206, -7.993532114984261e-05, -0.0004242857677532386, 0.00021724112227044067, 0.0006950852041817417, -0.0007820302582383175, 9.252437376665394e-05, 0.0006830934207448713, 8.400857018882939e-05, -0.0006183351348253757, 0.001481344831511363, 0.00022598470831711783, -0.0004535395013651663, 0.00021865227244733296, -0.0011407319630378858, 0.0003003691222361654, -3.831512318724733e-05, 0.00029221763437532207, -0.0001370149152878815, -0.00042437780628186016, 0.0013379347469239656, -0.0008618999306723151, 0.0004715855929943188, -0.0005476024481635067, -0.0002852880901681042, 0.00031453402473875347, -0.0022317983548606414, 0.0012479144484425068, 0.0, 0.0006272648594109081, -0.00038875788652687615, 0.0, 0.0006698767214258819, -0.000270945192198756, 0.000125038034870897, -0.001081749900136093, 0.0027575562649819444, -0.0016686681087035844, 0.00019172217358561742, -0.0028815962218484478, 0.0028397044080798644, 0.0008652258639479789, -0.0011054509455075017, 6.10990239181745e-05, 0.0005125304832301793, 0.00026559970028391857, -0.0021753634442016044, 0.0006334117650853367, 0.0016024049127595788, 9.232071532813781e-05, -0.0009715584196776855, 0.0006984711638741392, -0.001135366630744001, 0.00041765541594082986], [71.23944762324129, -4.955066471360589, 1.779853302830472, -0.04689947872568966, -11.080054167193914, 108.83916927531419, -86.01027877341808, -0.06592477734143466, 0.13383694742068603, -0.01030259387989564, 0.011200054234862944, -0.07669275931016355, 0.08019670031160453, -0.11552557599431003, 0.09693407267685672, -0.05897733526061022, 0.10264785493109845, -0.039641317102465955, -0.10763129196527918, 0.024831660488181008, 0.1380482998625452, -0.015394757500133192, 0.02795500040002397, 0.13400257848710634, -0.13595369517099984, -0.09279707438838534, -0.12168840416315341, 0.09034185684222691, -0.00016147956256649048, 0.00038990134231021826, 0.0007310898096854453, -0.0004678631593705398, -0.00020812579295311856, 0.0007979399308850543, -0.00014817906357449034, -0.0013425423690143243, 0.0008342523136830396, 0.0015936446442762512, -0.0028857234179152, 0.0018307568694984123, -0.002050492136635051, -0.0016115541676297504, 0.0002333990454746483, 0.00021287580489760753, -0.0005705885027217476, 0.0012961221886707414, 0.0009270790518298044, -0.0011534723080887316, 0.0005861179838685438, 0.0, 0.00029490947649687125, 0.0002333058650621115, -0.002469214259306598, 0.0028820704552418876, -0.0014266696181100718, 0.0, 0.005656190717631054, -0.002994830813416915, 0.0, -0.000499691852985828, -0.0007800998298721913, -0.00014948554321689915, -0.00013421014685528182, -0.00012318835211464827, 0.0003180371482392777, 2.9663813661573577e-05, -0.0025399873793837922, 0.002673749239527403, 0.0009936048043614684, 0.0037735701976440495, -0.004934895957592224, -0.0029826191567800886, 0.002243907235521007, 0.0, -0.0010004510712647234, -0.0004066517524893127, 0.004202255795140011, 0.0005001586522444401, -0.0060351929940731025, 0.0010921080322384845, 0.00035280905160994255, 0.0031323054112511084, -0.0016156249163242187, 0.00036443888402693246]]",(x0)' = -120.891 1 +  86.821 x0 + -111.858 x1 +  13.555 x2 + -0.152 x3 + -1.558 x4 +  4.546 x5 + -0.083 x0^2 +  0.333 x0 x1 + -0.178 x0 x2 +  0.033 x0 x3 +  0.067 x0 x4 + -0.022 x0 x5 + -0.004 x1^2 + -0.259 x1 x2 + -0.013 x1 x4 + -0.041 x1 x5 +  0.303 x2^2 + -0.220 x2 x3 + -0.030 x2 x4 +  0.023 x2 x5 +  0.152 x3^2 + -0.154 x3 x4 +  0.055 x3 x5 +  0.090 x4^2 + -0.045 x4 x5 + -0.001 x0^2 x1 +  0.002 x0^2 x2 + -0.001 x0^2 x3 +  0.004 x0 x1 x2 + -0.003 x0 x1 x3 +  0.001 x0 x1 x4 + -0.008 x0 x2^2 +  0.012 x0 x2 x3 + -0.003 x0 x2 x4 + -0.001 x0 x2 x5 + -0.006 x0 x3^2 +  0.007 x0 x3 x4 + -0.002 x0 x3 x5 + -0.003 x0 x4^2 +  0.003 x0 x4 x5 + -0.001 x0 x5^2 + -0.005 x1^2 x2 +  0.003 x1^2 x3 + -0.001 x1^2 x5 +  0.008 x1 x2^2 + -0.012 x1 x2 x3 +  0.003 x1 x2 x4 +  0.005 x1 x3^2 + -0.006 x1 x3 x4 +  0.002 x1 x3 x5 +  0.001 x1 x4^2 + -0.002 x1 x4 x5 +  0.001 x1 x5^2 + -0.002 x2^3 +  0.004 x2^2 x3 + -0.002 x2^2 x4 +  0.001 x2^2 x5 + -0.002 x2 x3^2 +  0.001 x2 x3 x4 | (x1)' =  17.179 1 +  72.614 x0 +  4.969 x1 + -91.027 x2 +  19.375 x3 + -3.603 x4 + -0.594 x5 +  0.081 x0^2 + -0.255 x0 x1 +  0.097 x0 x2 +  0.016 x0 x3 + -0.036 x0 x4 + -0.002 x0 x5 +  0.058 x1^2 +  0.161 x1 x2 + -0.076 x1 x3 +  0.003 x1 x4 +  0.045 x1 x5 + -0.126 x2^2 +  0.004 x2 x3 +  0.065 x2 x4 + -0.044 x2 x5 +  0.005 x3^2 +  0.032 x3 x4 + -0.009 x3 x5 + -0.027 x4^2 +  0.007 x5^2 +  0.001 x0^2 x1 + -0.002 x0^2 x2 +  0.001 x0^2 x3 + -0.001 x0^2 x5 + -0.001 x0 x1^2 +  0.001 x0 x1 x3 + -0.002 x0 x1 x4 +  0.001 x0 x1 x5 +  0.003 x0 x2^2 + -0.005 x0 x2 x3 +  0.002 x0 x2 x4 +  0.002 x0 x3^2 + -0.002 x0 x3 x4 +  0.001 x0 x4^2 +  0.001 x1^2 x2 + -0.001 x1^2 x5 + -0.004 x1 x2^2 +  0.005 x1 x2 x3 + -0.002 x1 x2 x4 +  0.001 x1 x2 x5 + -0.003 x1 x3^2 +  0.003 x1 x3 x4 + -0.001 x1 x3 x5 + -0.001 x1 x4^2 +  0.001 x1 x4 x5 +  0.001 x2^3 + -0.003 x2^2 x3 +  0.001 x2^2 x4 +  0.003 x2 x3^2 + -0.002 x2 x3 x4 +  0.001 x2 x4^2 + -0.001 x2 x4 x5 + -0.001 x3^3 +  0.002 x3^2 x4 + -0.001 x3^2 x5 + -0.002 x3 x4^2 +  0.001 x3 x4 x5 +  0.001 x4^3 + -0.001 x4^2 x5 | (x2)' = -3.683 1 + -15.613 x0 +  90.625 x1 + -92.083 x3 +  20.229 x4 + -3.637 x5 + -0.046 x0^2 +  0.156 x0 x1 + -0.066 x0 x2 + -0.020 x0 x3 +  0.032 x0 x4 + -0.027 x1^2 + -0.148 x1 x2 +  0.088 x1 x3 + -0.005 x1 x4 + -0.038 x1 x5 +  0.071 x2^2 +  0.094 x2 x3 + -0.094 x2 x4 +  0.051 x2 x5 + -0.056 x3^2 + -0.042 x3 x4 +  0.020 x3 x5 +  0.050 x4^2 + -0.010 x4 x5 + -0.009 x5^2 + -0.001 x0^2 x1 +  0.002 x0^2 x2 + -0.001 x0^2 x3 +  0.001 x0^2 x5 +  0.001 x0 x1^2 + -0.002 x0 x1 x2 +  0.001 x0 x1 x3 +  0.002 x0 x1 x4 + -0.002 x0 x1 x5 + -0.001 x0 x2^2 +  0.002 x0 x2 x3 + -0.001 x0 x2 x4 + -0.001 x0 x3^2 +  0.001 x0 x3 x4 +  0.001 x1^2 x2 + -0.002 x1^2 x3 +  0.001 x1^2 x5 +  0.001 x1 x2^2 + -0.001 x1 x2 x3 +  0.001 x1 x2 x4 + -0.001 x1 x2 x5 +  0.002 x1 x3^2 + -0.003 x1 x3 x4 +  0.001 x1 x3 x5 +  0.001 x1 x4^2 + -0.001 x1 x4 x5 + -0.001 x2^3 +  0.002 x2^2 x3 + -0.003 x2 x3^2 +  0.002 x2 x3 x4 + -0.001 x2 x3 x5 + -0.002 x2 x4^2 +  0.002 x2 x4 x5 +  0.001 x3^3 + -0.002 x3^2 x4 +  0.001 x3^2 x5 +  0.003 x3 x4^2 + -0.001 x3 x4 x5 + -0.001 x4^3 | (x3)' =  3.345 x0 + -19.990 x1 +  92.149 x2 + -91.215 x4 +  16.188 x5 +  0.010 x0^2 + -0.058 x0 x1 +  0.041 x0 x2 +  0.018 x0 x3 + -0.037 x0 x4 +  0.010 x0 x5 +  0.003 x1^2 +  0.090 x1 x2 + -0.072 x1 x3 +  0.022 x1 x4 +  0.021 x1 x5 + -0.022 x2^2 + -0.132 x2 x3 +  0.103 x2 x4 + -0.049 x2 x5 +  0.059 x3^2 +  0.084 x3 x4 + -0.037 x3 x5 + -0.071 x4^2 + -0.010 x4 x5 +  0.028 x5^2 +  0.001 x0^2 x1 + -0.001 x0^2 x2 +  0.001 x0^2 x3 + -0.001 x0 x1^2 +  0.002 x0 x1 x2 + -0.002 x0 x1 x3 + -0.001 x0 x1 x4 +  0.001 x0 x1 x5 + -0.001 x0 x2 x3 +  0.001 x0 x3 x4 + -0.001 x0 x3 x5 + -0.002 x1^2 x2 +  0.003 x1^2 x3 + -0.001 x1^2 x5 +  0.001 x1 x2^2 + -0.002 x1 x2 x3 +  0.001 x1 x2 x4 +  0.001 x1 x2 x5 +  0.001 x1 x3 x4 + -0.001 x1 x3 x5 + -0.001 x1 x4^2 +  0.001 x2^2 x3 + -0.001 x2^2 x4 +  0.001 x2 x3^2 +  0.001 x2 x4^2 + -0.001 x2 x4 x5 + -0.001 x3^3 +  0.002 x3^2 x4 + -0.002 x3 x4^2 +  0.001 x4^3 + -0.001 x4^2 x5 +  0.001 x4 x5^2 | (x4)' =  0.819 x0 +  3.519 x1 + -19.154 x2 +  89.743 x3 + -3.140 x4 + -73.517 x5 +  0.007 x0^2 +  0.010 x0 x1 + -0.036 x0 x2 +  0.014 x0 x3 + -0.003 x0 x5 + -0.037 x1 x2 +  0.062 x1 x3 + -0.021 x1 x4 + -0.022 x1 x5 +  0.045 x2^2 + -0.060 x2 x4 +  0.039 x2 x5 +  0.005 x3^2 + -0.137 x3 x4 +  0.060 x3 x5 +  0.068 x4^2 +  0.067 x4 x5 + -0.063 x5^2 + -0.001 x0^2 x1 +  0.001 x0 x1^2 + -0.001 x0 x1 x2 +  0.001 x0 x1 x4 + -0.001 x0 x2^2 +  0.001 x0 x2 x3 + -0.001 x0 x3 x4 +  0.001 x1^2 x2 + -0.001 x1^2 x3 + -0.001 x1^2 x5 + -0.002 x1 x2 x4 +  0.001 x1 x2 x5 +  0.001 x1 x3 x4 +  0.001 x1 x4 x5 + -0.001 x2^2 x3 +  0.003 x2^2 x4 + -0.002 x2^2 x5 + -0.003 x2 x3 x4 +  0.003 x2 x3 x5 +  0.001 x2 x4^2 + -0.001 x2 x4 x5 +  0.001 x3^3 + -0.002 x3^2 x5 +  0.001 x3 x4^2 +  0.002 x3 x4 x5 + -0.001 x4^3 +  0.001 x4^2 x5 + -0.001 x4 x5^2 | (x5)' =  71.239 1 + -4.955 x0 +  1.780 x1 + -0.047 x2 + -11.080 x3 +  108.839 x4 + -86.010 x5 + -0.066 x0^2 +  0.134 x0 x1 + -0.010 x0 x2 +  0.011 x0 x3 + -0.077 x0 x4 +  0.080 x0 x5 + -0.116 x1^2 +  0.097 x1 x2 + -0.059 x1 x3 +  0.103 x1 x4 + -0.040 x1 x5 + -0.108 x2^2 +  0.025 x2 x3 +  0.138 x2 x4 + -0.015 x2 x5 +  0.028 x3^2 +  0.134 x3 x4 + -0.136 x3 x5 + -0.093 x4^2 + -0.122 x4 x5 +  0.090 x5^2 +  0.001 x0^2 x2 +  0.001 x0^2 x5 + -0.001 x0 x1 x2 +  0.001 x0 x1 x3 +  0.002 x0 x1 x4 + -0.003 x0 x1 x5 +  0.002 x0 x2^2 + -0.002 x0 x2 x3 + -0.002 x0 x2 x4 + -0.001 x0 x3 x4 +  0.001 x0 x3 x5 +  0.001 x0 x4^2 + -0.001 x0 x4 x5 +  0.001 x0 x5^2 + -0.002 x1^2 x4 +  0.003 x1^2 x5 + -0.001 x1 x2^2 +  0.006 x1 x2 x4 + -0.003 x1 x2 x5 + -0.001 x1 x3 x5 + -0.003 x2^2 x4 +  0.003 x2^2 x5 +  0.001 x2 x3^2 +  0.004 x2 x3 x4 + -0.005 x2 x3 x5 + -0.003 x2 x4^2 +  0.002 x2 x4 x5 + -0.001 x3^3 +  0.004 x3^2 x5 +  0.001 x3 x4^2 + -0.006 x3 x4 x5 +  0.001 x3 x5^2 +  0.003 x4^2 x5 + -0.002 x4 x5^2
23,80.0,1000.0,37.49490932254601,3,6,2,8.0,40.0,5,20.0,smoothed_finite_difference_savgol_order_3,success,,476,504,94.44444444444444,12.480567613616586,"[""1"", ""x0"", ""x1"", ""x2"", ""x3"", ""x4"", ""x5"", ""x0^2"", ""x0 x1"", ""x0 x2"", ""x0 x3"", ""x0 x4"", ""x0 x5"", ""x1^2"", ""x1 x2"", ""x1 x3"", ""x1 x4"", ""x1 x5"", ""x2^2"", ""x2 x3"", ""x2 x4"", ""x2 x5"", ""x3^2"", ""x3 x4"", ""x3 x5"", ""x4^2"", ""x4 x5"", ""x5^2"", ""x0^3"", ""x0^2 x1"", ""x0^2 x2"", ""x0^2 x3"", ""x0^2 x4"", ""x0^2 x5"", ""x0 x1^2"", ""x0 x1 x2"", ""x0 x1 x3"", ""x0 x1 x4"", ""x0 x1 x5"", ""x0 x2^2"", ""x0 x2 x3"", ""x0 x2 x4"", ""x0 x2 x5"", ""x0 x3^2"", ""x0 x3 x4"", ""x0 x3 x5"", ""x0 x4^2"", ""x0 x4 x5"", ""x0 x5^2"", ""x1^3"", ""x1^2 x2"", ""x1^2 x3"", ""x1^2 x4"", ""x1^2 x5"", ""x1 x2^2"", ""x1 x2 x3"", ""x1 x2 x4"", ""x1 x2 x5"", ""x1 x3^2"", ""x1 x3 x4"", ""x1 x3 x5"", ""x1 x4^2"", ""x1 x4 x5"", ""x1 x5^2"", ""x2^3"", ""x2^2 x3"", ""x2^2 x4"", ""x2^2 x5"", ""x2 x3^2"", ""x2 x3 x4"", ""x2 x3 x5"", ""x2 x4^2"", ""x2 x4 x5"", ""x2 x5^2"", ""x3^3"", ""x3^2 x4"", ""x3^2 x5"", ""x3 x4^2"", ""x3 x4 x5"", ""x3 x5^2"", ""x4^3"", ""x4^2 x5"", ""x4 x5^2"", ""x5^3""]","[[-99.21329362622481, 103.85006330553192, -144.8946832655227, 43.13890360626885, -17.95836294499393, 6.756664347728362, 1.6490379006349256, -0.10100762116959429, 0.4141958964646853, -0.29790402360513835, 0.14606616528303926, 0.006508033789444554, -0.0036005971666647294, -0.07307427377821156, -0.1984801749194212, -0.020144196847915498, -0.008730756912375638, -0.048618356696941575, 0.34178755763986846, -0.27066055728461336, 0.005414581711544865, 0.0366607733978252, 0.14826179778939544, -0.18030742512567452, 0.050871785214902085, 0.11203390729700088, -0.05207470005039159, -0.002434166549003304, -0.00022381827326851072, -0.001420669158907749, 0.0027432237413354513, -0.0024730618166329404, 0.0006892972065441735, 0.0002665794899679439, 0.0015686387873540411, 0.0016184185239516886, 3.4276773957084844e-05, 2.6654211669490454e-05, -0.0007204234148727579, -0.008495553084285947, 0.01488179091096815, -0.005965486082968843, 0.0014383746345903604, -0.009268054236344128, 0.012290732344416942, -0.004221893685887446, -0.005428933794748701, 0.004381832833802149, -0.0009050142896490481, -0.0001455621740212695, -0.004820850872416817, 0.001750605090307291, 0.0005604530637905419, 0.0002617678228499446, 0.01230436582504425, -0.019021703094356582, 0.008756979041942283, -0.0036062732636825087, 0.010410064272427685, -0.014070979598030959, 0.006388242165453479, 0.0051700977313745965, -0.004818161932032034, 0.001280071748287564, -0.0046749073024137675, 0.010746585181151694, -0.0062741661353781265, 0.0025037998492610306, -0.008646345656536976, 0.009740363492660553, -0.0033024242798298103, -0.0025670866797683463, 0.001655220383104155, -0.00023422932081174162, 0.002429842887084686, -0.0039988631396820585, 0.0007830064966903093, 0.0019562650478237697, 0.0, -0.0006534562397585602, -0.0001371650666060541, -0.0009873489002133196, 0.0013659926745268763, -0.0004936774782429645], [20.932564397050545, 70.2236718397594, 12.653162510205483, -103.83613890560648, 33.59139397667314, -14.102664031863986, 3.368134002368768, 0.06237675731124208, -0.18051058682830473, 0.08740498942066666, -0.03008874356055039, -0.014484714481575244, -0.0005812519553531867, 0.0, 0.18980686366627741, -0.0608847427323517, 0.020377466733881938, 0.025358218871545487, -0.14381759586559603, 0.012760022270326596, 0.06781558226605772, -0.04517427003598958, 0.02749045572315554, 0.0, 0.0, -0.0308426029348265, 0.0, 0.011447025516323272, -0.0003175933829909168, 0.0023092819164404537, -0.0029140536710062412, 0.0020207085609606924, -0.0004406460541121092, -0.00016447105680769008, -0.0026240400959259436, 0.0029777969256106064, -0.0015834763925499638, -0.00022569374044204503, 0.0006214997661325854, 0.0023171770570685458, -0.005052701231404816, 0.002339806707395381, -0.000672116656605235, 0.0031468139736618443, -0.0037715874395670063, 0.0011458915260439113, 0.0016376417444491306, -0.0011795812208282251, 0.00021135454106111556, 0.0006025638266671776, 0.00023708243524012723, 0.0005273262919841807, -0.0002746647536076434, -0.00037082131994885107, -0.003908107148126876, 0.006303503725137188, -0.0032637313643033104, 0.0017023536573682926, -0.0044952568974095265, 0.006258509473106427, -0.0026667753231668805, -0.002639231596734023, 0.002185183120394299, -0.0004444188516362298, 0.0020370574841162303, -0.0049983953472728555, 0.002426337014522951, -0.0009281899828105382, 0.005231959836079733, -0.005810099793555333, 0.0019785510733205517, 0.002471510773682751, -0.0019461459195240405, 0.0003374194318922025, -0.0018891818466241872, 0.0035485524619399546, -0.0009040863839872435, -0.00301246981649365, 0.001369873101610141, 3.3223255198408714e-05, 0.0009125090055296121, -0.0004501211948467228, -0.00012387269092660894, 7.335009246131757e-05], [-7.436406592581338, -19.074820403294932, 95.9108018659842, 0.0, -99.8353837536092, 30.16302487205281, -8.311824539025773, -0.053091690592189475, 0.16025660940861253, -0.0966748111850446, 0.0451424606235588, 0.0, 0.0, -0.03135095403645241, -0.07816868618554021, 0.019336422135757418, -0.007829985817140263, -0.022776066653211594, 0.05830995345786612, 0.05676345545183416, -0.07017308974763643, 0.05137810059336379, -0.026790636410188143, -0.0499416271297473, 0.0057065624960300826, 0.05400817790993662, 0.004327834146531773, -0.018029118065701785, 0.0003413089830019367, -0.002143249272134155, 0.002573385513441877, -0.0017124955087170783, 0.00026576119069156605, 0.0001817482465244248, 0.002842629027561932, -0.004185478303330203, 0.002298702621708419, 7.509317785899692e-05, -0.0005621537327607486, -0.0005610037822477201, 0.0021172360708821636, -0.0011603051705230832, 0.0003808754098818123, -0.0013250082807846275, 0.001489504199824676, -0.00031712190855659597, -0.0008028126097342623, 0.00047929819819666147, -5.635571073348531e-05, -0.001293181197114238, 0.002833859841251819, -0.0025407656364913045, 0.0008810772009599299, 0.0002819786023361964, -0.0005500721884486242, 0.000356053517566846, 0.00026500660614076733, -0.0009552121916235515, 0.0014572166624575614, -0.002697677136600479, 0.0012914910648676634, 0.0013214295294472853, -0.0006653301509250971, -0.00011552031021038336, -0.00010511728076347404, 0.00025710991792577277, 0.0004349347757657773, 0.0, -0.0012803658998690052, 0.0007910213260264616, 3.522505555830287e-05, -0.0006714006555719296, 0.0, 0.00030689594325968706, 0.0008940490098343864, -0.0015232758328832612, -0.00027545405289083793, 0.001625461277826134, 0.00046065229002008936, -0.0004497856998005558, -0.0007093312274649396, 0.00012894568326038883, 1.5627808098349685e-06, 5.5519557108660814e-05], [0.0, 7.981296322473622, -29.778565024480194, 99.83697294362531, 0.0, -96.28445333016855, 19.34304428873616, 0.03871330408426233, -0.12389003796471891, 0.08799265024163756, -0.020634258464569954, -0.03520495373434863, 0.01634824429492195, 0.041059164768906996, 0.0, -0.02297400831263646, 0.07296170006975641, -0.018314618059252444, 0.004248771686163041, -0.08502103098297183, 0.011629318063474304, 0.0, 0.018401357941259626, 0.1222932436960623, -0.05340477667866096, -0.07602751842558486, -0.006751429812638883, 0.0288345482541576, 0.0, 0.00034580002522838167, -0.0006559754687527712, 0.00047114841250232137, 8.885407113366686e-05, -0.00016319521008712455, -0.0005127195254266522, 0.0007225129476029954, -0.0006830788531605616, 0.0002272778298664042, -5.4278034120359496e-05, 0.0009134774728102944, -0.0009182720596609973, -0.0006975160598012944, 0.00038769315745095266, 0.0, 0.0006624278412016865, -0.00038635439384016897, 0.00011947962122118315, -2.3058149215204796e-05, 3.89631118615899e-05, 0.00048272635755751295, -0.0013965815718452628, 0.0018790236866701928, -0.001627629986863924, 0.0006540401398601487, 0.00012686996159445813, -0.001228600338257712, 0.003089830648349136, -0.0014581191930294014, -0.0005873909343255003, 0.00028558053569748275, 0.0004510313338318067, -0.0007969267826721853, 0.00010344059723465896, -4.265624655762644e-05, 0.00023502868414073487, -4.393424783057129e-06, -0.002213180810159092, 0.0014756919920691574, 0.001477543260887298, 0.0, -0.0016199992602891273, 0.0012316738204762798, -0.0006683660586883965, 0.00045934074788610605, -0.0013309824322827097, 0.0024157779189627193, 0.0006898721138082061, -0.003150585112638907, 0.0005685545657588681, -0.00038457516908980624, 0.001426319691229984, -0.0011297995933911092, 0.0009343483273859145, -0.00029975099310247915], [0.0, -3.068995254385424, 13.609544289753998, -33.016528259941914, 102.6293458069885, -11.181159015862669, -70.82664157803889, -0.009423689945309233, 0.03306584284138066, -0.03822753989575462, 0.021687058476987413, 0.0, 0.0002546033212062084, 0.01940350203731953, -0.053139107190673704, 0.015475237503688268, -0.0027624501200036655, -0.030603071905909537, 0.009081294957011248, 0.09985209544399473, -0.10471249102575055, 0.06436835449299584, -0.031917427164259465, -0.07500668985904593, 0.01639061362050568, 0.045381913870471594, 0.07719703110051555, -0.05754225783984902, 7.596330860269253e-05, -0.0002511274853023551, 7.166940573692944e-05, -0.00012421080744935215, 0.0, -0.00010946241344511925, 0.0, 0.000885073130624658, -0.0005851749728673505, -0.0001927617685389032, 0.00083383327684364, -0.0016533089616735876, 0.0023967645192433814, 0.0, -0.00041887627358793463, -0.0005359176562325669, 0.00017642614417024162, 0.00012972548554078883, -0.0005403021787147931, 0.0002589642333490715, -8.448857553612438e-05, -4.090993099501451e-05, -0.00011727677624578212, -2.6939595104859353e-05, 0.0005334438096710933, -0.0008516533510670823, 0.0012394100399392837, -0.0024265055620987554, 0.0, 0.0006502182687144587, 0.0019603799784194886, -0.0024272489801967947, 0.00013640109822410235, 0.0013791739656163267, 2.9299512936329426e-05, -0.00012492793819521668, -0.00044116668937764394, 0.0009817644863460025, 0.0009516738528887681, -0.0010906956287780741, -0.0015744884876158513, -0.00034503437696727475, 0.0024558998810062377, -0.0004353413377574941, -0.000688091951064101, 0.0, 0.0008057084968134943, -0.0006492089823711721, -0.0021553838788292336, 0.0015066396928817474, 0.0019530852128829704, -0.00022765083384120117, -0.0010837729453010644, 0.00023114070751827694, -0.0005827561853489272, 0.0002610271391055445], [61.38948792756944, -1.884022470833742, -6.662537386390084, 17.437260877924906, -40.32874449478343, 142.024199513702, -103.27942694383808, -0.06061465305555781, 0.13821206974160086, -0.04175234567971079, 0.04934979494178456, -0.09723469639445027, 0.07572504437942117, -0.15266576192698023, 0.2045691846902306, -0.12821264615292924, 0.12731682448924486, -0.03540786481700467, -0.10980576195457262, 0.00354866332267385, 0.10539036432464823, -0.029289502218240185, -0.020991565295570877, 0.22090898486681237, -0.09151408851028989, -0.08535755927396343, -0.17389936155608784, 0.10112175424640825, -0.00027596890530322304, 0.0011909204868085904, 0.0, -1.3433629953338429e-05, -0.0011219919500208132, 0.0013553676144059269, -0.0017084979098169614, 0.0006696113491911911, -0.0006681711127780213, 0.005138075542218973, -0.005101394613067794, 0.0015655821026046425, -0.0015345780340425457, -0.0037904120499054708, 0.00203886104232582, 0.0004213899029779837, 0.0, 1.2223277000082071e-05, 0.0008502990536538759, -0.0004650666698424227, 0.0003610903942191459, 0.001043697184933227, -0.0019867424491207273, 0.0023139441224266735, -0.006067921538873182, 0.005187413709935629, 0.0, -0.0017085981575632968, 0.010176280341663067, -0.0070720395668261654, -0.0005781626414574576, -0.0020627803529693124, 0.0025780267698699284, 0.00024278563576524497, -0.0018947159477559702, 0.00028208050013216044, 0.00014772476982497578, 0.0, -0.004918454173328498, 0.004844766229693163, 0.001654620976687845, 0.0052717796399603155, -0.00802811855582267, -0.0021456593790663684, 0.0031860702470375537, -8.703229524860721e-05, -0.001415665663331879, 0.00023254928680018156, 0.005394235546516009, -0.0009053212339652002, -0.00653577806536407, 0.0008065260301265863, 0.0008804060934835769, 0.002425519272867707, -0.0007779303806489954, 0.0001504153311126266]]",(x0)' = -99.213 1 +  103.850 x0 + -144.895 x1 +  43.139 x2 + -17.958 x3 +  6.757 x4 +  1.649 x5 + -0.101 x0^2 +  0.414 x0 x1 + -0.298 x0 x2 +  0.146 x0 x3 +  0.007 x0 x4 + -0.004 x0 x5 + -0.073 x1^2 + -0.198 x1 x2 + -0.020 x1 x3 + -0.009 x1 x4 + -0.049 x1 x5 +  0.342 x2^2 + -0.271 x2 x3 +  0.005 x2 x4 +  0.037 x2 x5 +  0.148 x3^2 + -0.180 x3 x4 +  0.051 x3 x5 +  0.112 x4^2 + -0.052 x4 x5 + -0.002 x5^2 + -0.001 x0^2 x1 +  0.003 x0^2 x2 + -0.002 x0^2 x3 +  0.001 x0^2 x4 +  0.002 x0 x1^2 +  0.002 x0 x1 x2 + -0.001 x0 x1 x5 + -0.008 x0 x2^2 +  0.015 x0 x2 x3 + -0.006 x0 x2 x4 +  0.001 x0 x2 x5 + -0.009 x0 x3^2 +  0.012 x0 x3 x4 + -0.004 x0 x3 x5 + -0.005 x0 x4^2 +  0.004 x0 x4 x5 + -0.001 x0 x5^2 + -0.005 x1^2 x2 +  0.002 x1^2 x3 +  0.001 x1^2 x4 +  0.012 x1 x2^2 + -0.019 x1 x2 x3 +  0.009 x1 x2 x4 + -0.004 x1 x2 x5 +  0.010 x1 x3^2 + -0.014 x1 x3 x4 +  0.006 x1 x3 x5 +  0.005 x1 x4^2 + -0.005 x1 x4 x5 +  0.001 x1 x5^2 + -0.005 x2^3 +  0.011 x2^2 x3 + -0.006 x2^2 x4 +  0.003 x2^2 x5 + -0.009 x2 x3^2 +  0.010 x2 x3 x4 + -0.003 x2 x3 x5 + -0.003 x2 x4^2 +  0.002 x2 x4 x5 +  0.002 x3^3 + -0.004 x3^2 x4 +  0.001 x3^2 x5 +  0.002 x3 x4^2 + -0.001 x3 x5^2 + -0.001 x4^2 x5 +  0.001 x4 x5^2 | (x1)' =  20.933 1 +  70.224 x0 +  12.653 x1 + -103.836 x2 +  33.591 x3 + -14.103 x4 +  3.368 x5 +  0.062 x0^2 + -0.181 x0 x1 +  0.087 x0 x2 + -0.030 x0 x3 + -0.014 x0 x4 + -0.001 x0 x5 +  0.190 x1 x2 + -0.061 x1 x3 +  0.020 x1 x4 +  0.025 x1 x5 + -0.144 x2^2 +  0.013 x2 x3 +  0.068 x2 x4 + -0.045 x2 x5 +  0.027 x3^2 + -0.031 x4^2 +  0.011 x5^2 +  0.002 x0^2 x1 + -0.003 x0^2 x2 +  0.002 x0^2 x3 + -0.003 x0 x1^2 +  0.003 x0 x1 x2 + -0.002 x0 x1 x3 +  0.001 x0 x1 x5 +  0.002 x0 x2^2 + -0.005 x0 x2 x3 +  0.002 x0 x2 x4 + -0.001 x0 x2 x5 +  0.003 x0 x3^2 + -0.004 x0 x3 x4 +  0.001 x0 x3 x5 +  0.002 x0 x4^2 + -0.001 x0 x4 x5 +  0.001 x1^3 +  0.001 x1^2 x3 + -0.004 x1 x2^2 +  0.006 x1 x2 x3 + -0.003 x1 x2 x4 +  0.002 x1 x2 x5 + -0.004 x1 x3^2 +  0.006 x1 x3 x4 + -0.003 x1 x3 x5 + -0.003 x1 x4^2 +  0.002 x1 x4 x5 +  0.002 x2^3 + -0.005 x2^2 x3 +  0.002 x2^2 x4 + -0.001 x2^2 x5 +  0.005 x2 x3^2 + -0.006 x2 x3 x4 +  0.002 x2 x3 x5 +  0.002 x2 x4^2 + -0.002 x2 x4 x5 + -0.002 x3^3 +  0.004 x3^2 x4 + -0.001 x3^2 x5 + -0.003 x3 x4^2 +  0.001 x3 x4 x5 +  0.001 x4^3 | (x2)' = -7.436 1 + -19.075 x0 +  95.911 x1 + -99.835 x3 +  30.163 x4 + -8.312 x5 + -0.053 x0^2 +  0.160 x0 x1 + -0.097 x0 x2 +  0.045 x0 x3 + -0.031 x1^2 + -0.078 x1 x2 +  0.019 x1 x3 + -0.008 x1 x4 + -0.023 x1 x5 +  0.058 x2^2 +  0.057 x2 x3 + -0.070 x2 x4 +  0.051 x2 x5 + -0.027 x3^2 + -0.050 x3 x4 +  0.006 x3 x5 +  0.054 x4^2 +  0.004 x4 x5 + -0.018 x5^2 + -0.002 x0^2 x1 +  0.003 x0^2 x2 + -0.002 x0^2 x3 +  0.003 x0 x1^2 + -0.004 x0 x1 x2 +  0.002 x0 x1 x3 + -0.001 x0 x1 x5 + -0.001 x0 x2^2 +  0.002 x0 x2 x3 + -0.001 x0 x2 x4 + -0.001 x0 x3^2 +  0.001 x0 x3 x4 + -0.001 x0 x4^2 + -0.001 x1^3 +  0.003 x1^2 x2 + -0.003 x1^2 x3 +  0.001 x1^2 x4 + -0.001 x1 x2^2 + -0.001 x1 x2 x5 +  0.001 x1 x3^2 + -0.003 x1 x3 x4 +  0.001 x1 x3 x5 +  0.001 x1 x4^2 + -0.001 x1 x4 x5 + -0.001 x2 x3^2 +  0.001 x2 x3 x4 + -0.001 x2 x4^2 +  0.001 x3^3 + -0.002 x3^2 x4 +  0.002 x3 x4^2 + -0.001 x4^3 | (x3)' =  7.981 x0 + -29.779 x1 +  99.837 x2 + -96.284 x4 +  19.343 x5 +  0.039 x0^2 + -0.124 x0 x1 +  0.088 x0 x2 + -0.021 x0 x3 + -0.035 x0 x4 +  0.016 x0 x5 +  0.041 x1^2 + -0.023 x1 x3 +  0.073 x1 x4 + -0.018 x1 x5 +  0.004 x2^2 + -0.085 x2 x3 +  0.012 x2 x4 +  0.018 x3^2 +  0.122 x3 x4 + -0.053 x3 x5 + -0.076 x4^2 + -0.007 x4 x5 +  0.029 x5^2 + -0.001 x0^2 x2 + -0.001 x0 x1^2 +  0.001 x0 x1 x2 + -0.001 x0 x1 x3 +  0.001 x0 x2^2 + -0.001 x0 x2 x3 + -0.001 x0 x2 x4 +  0.001 x0 x3 x4 + -0.001 x1^2 x2 +  0.002 x1^2 x3 + -0.002 x1^2 x4 +  0.001 x1^2 x5 + -0.001 x1 x2 x3 +  0.003 x1 x2 x4 + -0.001 x1 x2 x5 + -0.001 x1 x3^2 + -0.001 x1 x4^2 + -0.002 x2^2 x4 +  0.001 x2^2 x5 +  0.001 x2 x3^2 + -0.002 x2 x3 x5 +  0.001 x2 x4^2 + -0.001 x2 x4 x5 + -0.001 x3^3 +  0.002 x3^2 x4 +  0.001 x3^2 x5 + -0.003 x3 x4^2 +  0.001 x3 x4 x5 +  0.001 x4^3 + -0.001 x4^2 x5 +  0.001 x4 x5^2 | (x4)' = -3.069 x0 +  13.610 x1 + -33.017 x2 +  102.629 x3 + -11.181 x4 + -70.827 x5 + -0.009 x0^2 +  0.033 x0 x1 + -0.038 x0 x2 +  0.022 x0 x3 +  0.019 x1^2 + -0.053 x1 x2 +  0.015 x1 x3 + -0.003 x1 x4 + -0.031 x1 x5 +  0.009 x2^2 +  0.100 x2 x3 + -0.105 x2 x4 +  0.064 x2 x5 + -0.032 x3^2 + -0.075 x3 x4 +  0.016 x3 x5 +  0.045 x4^2 +  0.077 x4 x5 + -0.058 x5^2 +  0.001 x0 x1 x2 + -0.001 x0 x1 x3 +  0.001 x0 x1 x5 + -0.002 x0 x2^2 +  0.002 x0 x2 x3 + -0.001 x0 x3^2 + -0.001 x0 x4^2 +  0.001 x1^2 x4 + -0.001 x1^2 x5 +  0.001 x1 x2^2 + -0.002 x1 x2 x3 +  0.001 x1 x2 x5 +  0.002 x1 x3^2 + -0.002 x1 x3 x4 +  0.001 x1 x4^2 +  0.001 x2^2 x3 +  0.001 x2^2 x4 + -0.001 x2^2 x5 + -0.002 x2 x3^2 +  0.002 x2 x3 x5 + -0.001 x2 x4 x5 +  0.001 x3^3 + -0.001 x3^2 x4 + -0.002 x3^2 x5 +  0.002 x3 x4^2 +  0.002 x3 x4 x5 + -0.001 x4^3 + -0.001 x4 x5^2 | (x5)' =  61.389 1 + -1.884 x0 + -6.663 x1 +  17.437 x2 + -40.329 x3 +  142.024 x4 + -103.279 x5 + -0.061 x0^2 +  0.138 x0 x1 + -0.042 x0 x2 +  0.049 x0 x3 + -0.097 x0 x4 +  0.076 x0 x5 + -0.153 x1^2 +  0.205 x1 x2 + -0.128 x1 x3 +  0.127 x1 x4 + -0.035 x1 x5 + -0.110 x2^2 +  0.004 x2 x3 +  0.105 x2 x4 + -0.029 x2 x5 + -0.021 x3^2 +  0.221 x3 x4 + -0.092 x3 x5 + -0.085 x4^2 + -0.174 x4 x5 +  0.101 x5^2 +  0.001 x0^2 x1 + -0.001 x0^2 x4 +  0.001 x0^2 x5 + -0.002 x0 x1^2 +  0.001 x0 x1 x2 + -0.001 x0 x1 x3 +  0.005 x0 x1 x4 + -0.005 x0 x1 x5 +  0.002 x0 x2^2 + -0.002 x0 x2 x3 + -0.004 x0 x2 x4 +  0.002 x0 x2 x5 +  0.001 x0 x4^2 +  0.001 x1^3 + -0.002 x1^2 x2 +  0.002 x1^2 x3 + -0.006 x1^2 x4 +  0.005 x1^2 x5 + -0.002 x1 x2 x3 +  0.010 x1 x2 x4 + -0.007 x1 x2 x5 + -0.001 x1 x3^2 + -0.002 x1 x3 x4 +  0.003 x1 x3 x5 + -0.002 x1 x4 x5 + -0.005 x2^2 x4 +  0.005 x2^2 x5 +  0.002 x2 x3^2 +  0.005 x2 x3 x4 + -0.008 x2 x3 x5 + -0.002 x2 x4^2 +  0.003 x2 x4 x5 + -0.001 x3^3 +  0.005 x3^2 x5 + -0.001 x3 x4^2 + -0.007 x3 x4 x5 +  0.001 x3 x5^2 +  0.001 x4^3 +  0.002 x4^2 x5 + -0.001 x4 x5^2
24,80.0,1000.0,37.49490932254601,3,6,2,8.0,40.0,9,36.0,smoothed_finite_difference_savgol_order_3,success,,484,504,96.03174603174604,11.621601657941937,"[""1"", ""x0"", ""x1"", ""x2"", ""x3"", ""x4"", ""x5"", ""x0^2"", ""x0 x1"", ""x0 x2"", ""x0 x3"", ""x0 x4"", ""x0 x5"", ""x1^2"", ""x1 x2"", ""x1 x3"", ""x1 x4"", ""x1 x5"", ""x2^2"", ""x2 x3"", ""x2 x4"", ""x2 x5"", ""x3^2"", ""x3 x4"", ""x3 x5"", ""x4^2"", ""x4 x5"", ""x5^2"", ""x0^3"", ""x0^2 x1"", ""x0^2 x2"", ""x0^2 x3"", ""x0^2 x4"", ""x0^2 x5"", ""x0 x1^2"", ""x0 x1 x2"", ""x0 x1 x3"", ""x0 x1 x4"", ""x0 x1 x5"", ""x0 x2^2"", ""x0 x2 x3"", ""x0 x2 x4"", ""x0 x2 x5"", ""x0 x3^2"", ""x0 x3 x4"", ""x0 x3 x5"", ""x0 x4^2"", ""x0 x4 x5"", ""x0 x5^2"", ""x1^3"", ""x1^2 x2"", ""x1^2 x3"", ""x1^2 x4"", ""x1^2 x5"", ""x1 x2^2"", ""x1 x2 x3"", ""x1 x2 x4"", ""x1 x2 x5"", ""x1 x3^2"", ""x1 x3 x4"", ""x1 x3 x5"", ""x1 x4^2"", ""x1 x4 x5"", ""x1 x5^2"", ""x2^3"", ""x2^2 x3"", ""x2^2 x4"", ""x2^2 x5"", ""x2 x3^2"", ""x2 x3 x4"", ""x2 x3 x5"", ""x2 x4^2"", ""x2 x4 x5"", ""x2 x5^2"", ""x3^3"", ""x3^2 x4"", ""x3^2 x5"", ""x3 x4^2"", ""x3 x4 x5"", ""x3 x5^2"", ""x4^3"", ""x4^2 x5"", ""x4 x5^2"", ""x5^3""]","[[-48.54602963865357, 148.2864994347741, -216.0465222558818, 70.34115899688834, 10.33034742299586, -34.21610785406776, 18.543959006252383, -0.05126675038382533, 0.1267135278824463, 0.0, 0.011409389344148705, 0.023625396013218038, 0.004901828904649226, 0.19624631335680762, -0.8573657569674215, 0.43400667918301666, -0.20652022934166117, 0.0080203668513158, 0.9575395934724293, -1.7711128903494067, 1.2045199661238783, -0.3977419193893518, 1.1454217686172312, -1.6854196175001703, 0.6486862814333597, 0.6641139038194324, -0.6160300225834715, 0.16126998169233728, 0.0009163968407425296, -0.0057254405288189045, 0.009148507699326172, -0.0167049707586528, 0.0185876863400667, -0.008290116419088965, 0.004715887934821961, -0.003739920997206465, 0.04022880321881705, -0.06659393625643006, 0.03315124489717357, -0.01655645117513286, 0.006329254901652249, 0.04208492357132833, -0.029329281518420132, -0.015343666205818793, 0.009378923942104813, 0.0042431354969789175, -0.014260944936179146, 0.012002319621863664, -0.0029733800601946647, 0.003930496760687785, -0.03075403468838357, -0.015436394567228045, 0.06360659481544802, -0.035244095677185436, 0.07909083670115345, -0.07580546098941418, -0.07714974876061863, 0.06084690413912881, 0.047868089942411304, -0.012555774509973134, -0.01043464856028684, 0.021763993550212277, -0.02378402760991852, 0.007704560917316177, -0.055219424334034775, 0.12221231035566399, 0.0, -0.019928051440518058, -0.11891740251069904, 0.0646557792685728, -0.003982989849110156, -0.025292230621927408, 0.025326747746931243, -0.007727555816542327, 0.036477070567257894, -0.02822758287496342, 0.004243068203890745, 0.0, -0.0009739257601085152, 0.0004656512204142605, 0.006971328110938386, -0.00800034725004736, 0.0041076620204866295, -0.0009424647023166048], [8.08842656485739, 59.6652069659725, 27.28036215263982, -103.76984535830552, 17.83914018696648, 3.104332038397646, -3.654679890693166, -0.003335712714714284, 0.0006416402567724019, 0.0, 0.0, -0.030594111661992687, 0.01749853070101468, -0.0105809036056142, 0.03167687887003543, -0.030101221039487428, 0.10665939189996515, -0.051708794653827356, -0.08375923480315846, 0.2847922203406079, -0.30252376485016635, 0.11394563605129603, -0.209643509993918, 0.28459431693518566, -0.08579534063284583, -0.06457623235688066, 0.04902733572163012, -0.016164829194589024, -0.002568161827372659, 0.018259237562973592, -0.020613110637541298, 0.01481250841313117, -0.006710516196079326, 0.0015785314543783858, -0.040443880887846825, 0.08424439502830237, -0.054304123601675365, 0.019206690250741756, -0.003490680497451336, -0.03916942098779972, 0.04008560225641062, -0.006975938565879597, 0.0008475177405768829, -0.0009988678497018458, -0.01692074415424963, 0.0054561440904533805, 0.011659596916304894, -0.0069106227331010165, 0.0007959493351517198, 0.02955739464224245, -0.08928936192049437, 0.0540171424805591, -0.015561298351580181, 0.002314936316529166, 0.0817758215147783, -0.08206659353636825, 0.013533061160023011, -0.002562796943623099, 0.0069476299309548795, 0.020898804374636693, -0.004619548304435845, -0.01576237345368138, 0.0077393129677088505, -0.0007326745830707012, -0.020522649647037355, 0.019287680981326823, 0.003887042665183646, 0.0, 0.00836174170029514, -0.027066209881417693, 0.0028864047627234165, 0.013202439655116976, -0.00503296865832419, 0.0005877419021224636, -0.005118562840312751, 0.008453318671098957, 0.0006191804634184001, -0.0036331659187069094, 0.0, -0.00027884476442254847, 0.00036289018922661543, -0.0006730867496697082, 0.0007493908961859118, -0.0001329934538045858], [-3.711733452752147, -12.607911461428701, 85.03322397009873, 4.12191621031451, -92.88009740703603, 19.518067159732, -3.2521305748949723, -0.030932285531048147, 0.16720875773447355, -0.21552561488249902, 0.14540693342918137, -0.04998861449246701, 0.015086220777256036, -0.16804611110393583, 0.29569947999268104, -0.05448777798431646, -0.10029376354298991, 0.030292824560280658, 0.0, -0.3740381204459178, 0.38044592104533015, -0.09216462715735436, 0.30806066923005976, -0.3757920903054237, 0.04732884020004538, 0.05853240573607207, 0.023336685331534355, -0.01044057084843511, 0.0007466680793800559, -0.005787562926634701, 0.004572934387950513, -0.002981872822246035, -0.0015238213037024077, 0.0025840315235463166, 0.012172160628247464, -0.011850830115787638, 0.0025816290082951196, 0.021229538443400302, -0.019026086191229353, -0.005903811845064975, 0.020343163319968896, -0.04432029446161231, 0.03022058398052258, -0.01356390116969099, 0.042982129397020966, -0.025917334825175154, -0.01862197825506137, 0.016663986580701638, -0.0029643061408456484, -0.00778713297353682, 0.008685866756546494, -0.001769250697714227, -0.03379709097427863, 0.028985245315854478, 0.005996268142941722, -0.004295671055074365, 0.0952683783285349, -0.08092092210343542, -0.010139294198999133, -0.05947113826177409, 0.059703340175714964, 0.03259588189192279, -0.03915977172222629, 0.008190740294965367, 0.0, -0.03101927388628353, -0.04170469948382333, 0.05080109705372806, 0.07648228187814936, 0.0, -0.06463798485393303, -0.020247319635683336, 0.04582203511344764, -0.01162168994734742, -0.04476238778148786, 0.04454646202700414, 0.015655451448216416, -0.008334042771165487, -0.02828668314215946, 0.009539732827767548, -0.0020545939121890764, 0.01201553770799983, -0.006936007329746499, 0.0010347524838764447], [3.9171623136269687, 2.6324159044789255, -18.814238358910725, 92.17233125176783, -2.7092627407608765, -86.22921676120015, 13.166784315997637, -0.00653285304239955, -0.05129444117498371, 0.15864611144553975, -0.1500228141945931, 0.08735965269659096, -0.03103718214885303, 0.13400803802636127, -0.43413535659807473, 0.27977871317180814, -0.11709137915112952, 0.04852657638405927, 0.2272755096864754, -0.1324502810052705, 0.0, -0.024051471987006637, -0.07859631610980056, 0.1301026437988019, -0.0063719651481130395, -0.03197274244432613, 0.0, -0.0024119604532438902, -0.00012436000236382667, 0.0008414414982935806, 0.0035705516398042213, -0.008088198659546129, 0.007933793544532407, -0.004367271139215057, -0.0019494651085563426, -0.014343435400649576, 0.03338312278798094, -0.034664932465992365, 0.020396965896576948, 0.018743167402911407, -0.053134411827751166, 0.04570257404361732, -0.024881193206138214, 0.027115134176750925, -0.03381598085472186, 0.015148609731584313, 0.0054284387944708735, -0.0021522509112898405, -0.0004561944566624908, 0.0036590550091813254, -0.004189943395273503, -0.01101633962141635, 0.02236040209248112, -0.019117576293231586, 0.009189543611007475, 0.0, -0.03162859066852811, 0.039064806541151915, 0.0024147393952153873, 0.00573183994455191, -0.01812706895919611, 0.005571373504210517, -0.002384531629644862, 0.001567277552561022, -0.014716264798050216, 0.03777759909537472, -0.0005317840389929713, -0.019326841491152352, -0.03036090218391604, 0.0, 0.02651803405237588, 0.0051118490330788755, -0.010258694788459987, 0.0010883104503475365, 0.0, 0.028542368915204026, -0.019415365691746376, -0.03587062715445432, 0.02958771230424542, -0.004561693965925497, 0.012067214021509872, -0.012485065557869143, 0.0037987589171899665, -0.00035822264573284816], [0.0, 4.28227136832294, -4.650604370625236, -15.662612258605535, 101.83815110288631, -26.693283686892137, -59.45706448995769, 0.09241137560976569, -0.3101465027358664, 0.20219203340315134, -0.1088022509412894, 0.06326737187337131, -0.03170009218534654, 0.22195215741323016, -0.20634675116692147, 0.09899055037865362, -0.03668309016016097, 0.008188946382145876, -0.05810207875041103, 0.28861248396962175, -0.3581427207991965, 0.18481282671200183, -0.3227510807362531, 0.7794267107631195, -0.40084773984692074, -0.4620189356367652, 0.4590455982052109, -0.10375766413502809, -6.619686998762517e-05, -4.3707492852741223e-07, 0.0004926947861771954, -0.0034674254573044032, 0.006811382474360152, -0.004192724091733075, -2.639861475867372e-05, 0.0, 0.012744912627860207, -0.029454594614710384, 0.01951080692643335, -0.005220170046758662, 0.0027960669695572347, 0.018869617535455286, -0.01642090594151382, -0.0023058666228290047, -0.009090133161616634, 0.010110932476674425, 0.0041433346271285915, -0.0055395065473786914, 0.0008806211240214426, -0.00017571972459469424, 0.0016257092783158796, -0.018355587958444674, 0.040432866168427, -0.02726016063758265, 0.0078374303920219, 0.007093425545532283, -0.06825567211954871, 0.056319624615982306, 0.0, 0.0388179442867448, -0.03894945705184116, -0.015832981237663333, 0.021560111613374133, -0.0039039671892939923, -0.012404367855627861, 0.035410547737929045, 0.01558221545048177, -0.029463517879813543, -0.05601211237539166, 0.02940025348866754, 0.03334679973111092, -0.009186850236455643, -0.014858719674452913, 0.003967753380880546, 0.0346529885144315, -0.0639292232110428, 0.0003750629895781442, 0.053179843109429935, -0.013992674148856115, 0.0005730766681719388, -0.017278394542827986, 0.012170027597968404, -0.0033364913821849877, 0.0003034231889044113], [35.12330544690223, -18.513221568321672, 34.61303003439874, -12.302544793988817, -67.28735721937933, 215.07657084115607, -149.16171930603312, -0.28817206289048536, 0.9781816670891269, -0.7562446657032297, 0.5032953745713787, -0.2879104452659235, 0.1374039125988565, -0.8175623150032619, 1.4387529945577622, -1.2272193048826863, 0.6833199431726518, -0.22887481757320935, -0.7510893609014778, 1.3407617642356282, -0.5424153935757887, 0.031544098665453074, -0.630069530930312, 0.4390024959827836, 0.1675716378145231, 0.09180724326541558, -0.3983515412340922, 0.11648190937346643, -0.00047485374503314966, 0.004978694296297013, -0.00877794527633583, 0.015179366220204852, -0.01777303010953686, 0.009657757702143518, -0.010422033466874245, 0.02778569472578453, -0.04980954005334511, 0.06829605255717552, -0.04352911778614816, -0.006490175050628714, 0.015447028566665298, -0.03526788599098917, 0.03136675212519816, 0.006317077746056102, -0.008913837536755434, -0.005550820230707327, 0.01057130385158971, -0.008987036942764709, 0.003946842616929412, 0.0032066666227607184, 0.0, 0.022488341964850604, -0.06493428933551676, 0.053446655233136534, -0.042704030118910795, 0.06912863369086239, 0.058818077745230624, -0.09484417680242394, -0.054915055908470164, 0.024251923594916618, 0.04003046359990859, -0.013940276973141843, 0.0, -0.004211568180071331, 0.041188504637672735, -0.10680953428800405, -0.007987278806677788, 0.05813680137217654, 0.08950681256647172, 0.01274063627648675, -0.09643150012972697, -0.026780815170205623, 0.05134342642609521, -0.005836270425780814, -0.009508046785996687, -0.0628932805132461, 0.069852927360034, 0.09024398639016924, -0.10753376492418946, 0.018022864735215062, -0.03208897570982568, 0.045888926127890646, -0.016820462735709116, 0.002233902798765769]]",(x0)' = -48.546 1 +  148.286 x0 + -216.047 x1 +  70.341 x2 +  10.330 x3 + -34.216 x4 +  18.544 x5 + -0.051 x0^2 +  0.127 x0 x1 +  0.011 x0 x3 +  0.024 x0 x4 +  0.005 x0 x5 +  0.196 x1^2 + -0.857 x1 x2 +  0.434 x1 x3 + -0.207 x1 x4 +  0.008 x1 x5 +  0.958 x2^2 + -1.771 x2 x3 +  1.205 x2 x4 + -0.398 x2 x5 +  1.145 x3^2 + -1.685 x3 x4 +  0.649 x3 x5 +  0.664 x4^2 + -0.616 x4 x5 +  0.161 x5^2 +  0.001 x0^3 + -0.006 x0^2 x1 +  0.009 x0^2 x2 + -0.017 x0^2 x3 +  0.019 x0^2 x4 + -0.008 x0^2 x5 +  0.005 x0 x1^2 + -0.004 x0 x1 x2 +  0.040 x0 x1 x3 + -0.067 x0 x1 x4 +  0.033 x0 x1 x5 + -0.017 x0 x2^2 +  0.006 x0 x2 x3 +  0.042 x0 x2 x4 + -0.029 x0 x2 x5 + -0.015 x0 x3^2 +  0.009 x0 x3 x4 +  0.004 x0 x3 x5 + -0.014 x0 x4^2 +  0.012 x0 x4 x5 + -0.003 x0 x5^2 +  0.004 x1^3 + -0.031 x1^2 x2 + -0.015 x1^2 x3 +  0.064 x1^2 x4 + -0.035 x1^2 x5 +  0.079 x1 x2^2 + -0.076 x1 x2 x3 + -0.077 x1 x2 x4 +  0.061 x1 x2 x5 +  0.048 x1 x3^2 + -0.013 x1 x3 x4 + -0.010 x1 x3 x5 +  0.022 x1 x4^2 + -0.024 x1 x4 x5 +  0.008 x1 x5^2 + -0.055 x2^3 +  0.122 x2^2 x3 + -0.020 x2^2 x5 + -0.119 x2 x3^2 +  0.065 x2 x3 x4 + -0.004 x2 x3 x5 + -0.025 x2 x4^2 +  0.025 x2 x4 x5 + -0.008 x2 x5^2 +  0.036 x3^3 + -0.028 x3^2 x4 +  0.004 x3^2 x5 + -0.001 x3 x4 x5 +  0.007 x4^3 + -0.008 x4^2 x5 +  0.004 x4 x5^2 + -0.001 x5^3 | (x1)' =  8.088 1 +  59.665 x0 +  27.280 x1 + -103.770 x2 +  17.839 x3 +  3.104 x4 + -3.655 x5 + -0.003 x0^2 +  0.001 x0 x1 + -0.031 x0 x4 +  0.017 x0 x5 + -0.011 x1^2 +  0.032 x1 x2 + -0.030 x1 x3 +  0.107 x1 x4 + -0.052 x1 x5 + -0.084 x2^2 +  0.285 x2 x3 + -0.303 x2 x4 +  0.114 x2 x5 + -0.210 x3^2 +  0.285 x3 x4 + -0.086 x3 x5 + -0.065 x4^2 +  0.049 x4 x5 + -0.016 x5^2 + -0.003 x0^3 +  0.018 x0^2 x1 + -0.021 x0^2 x2 +  0.015 x0^2 x3 + -0.007 x0^2 x4 +  0.002 x0^2 x5 + -0.040 x0 x1^2 +  0.084 x0 x1 x2 + -0.054 x0 x1 x3 +  0.019 x0 x1 x4 + -0.003 x0 x1 x5 + -0.039 x0 x2^2 +  0.040 x0 x2 x3 + -0.007 x0 x2 x4 +  0.001 x0 x2 x5 + -0.001 x0 x3^2 + -0.017 x0 x3 x4 +  0.005 x0 x3 x5 +  0.012 x0 x4^2 + -0.007 x0 x4 x5 +  0.001 x0 x5^2 +  0.030 x1^3 + -0.089 x1^2 x2 +  0.054 x1^2 x3 + -0.016 x1^2 x4 +  0.002 x1^2 x5 +  0.082 x1 x2^2 + -0.082 x1 x2 x3 +  0.014 x1 x2 x4 + -0.003 x1 x2 x5 +  0.007 x1 x3^2 +  0.021 x1 x3 x4 + -0.005 x1 x3 x5 + -0.016 x1 x4^2 +  0.008 x1 x4 x5 + -0.001 x1 x5^2 + -0.021 x2^3 +  0.019 x2^2 x3 +  0.004 x2^2 x4 +  0.008 x2 x3^2 + -0.027 x2 x3 x4 +  0.003 x2 x3 x5 +  0.013 x2 x4^2 + -0.005 x2 x4 x5 +  0.001 x2 x5^2 + -0.005 x3^3 +  0.008 x3^2 x4 +  0.001 x3^2 x5 + -0.004 x3 x4^2 + -0.001 x4^2 x5 +  0.001 x4 x5^2 | (x2)' = -3.712 1 + -12.608 x0 +  85.033 x1 +  4.122 x2 + -92.880 x3 +  19.518 x4 + -3.252 x5 + -0.031 x0^2 +  0.167 x0 x1 + -0.216 x0 x2 +  0.145 x0 x3 + -0.050 x0 x4 +  0.015 x0 x5 + -0.168 x1^2 +  0.296 x1 x2 + -0.054 x1 x3 + -0.100 x1 x4 +  0.030 x1 x5 + -0.374 x2 x3 +  0.380 x2 x4 + -0.092 x2 x5 +  0.308 x3^2 + -0.376 x3 x4 +  0.047 x3 x5 +  0.059 x4^2 +  0.023 x4 x5 + -0.010 x5^2 +  0.001 x0^3 + -0.006 x0^2 x1 +  0.005 x0^2 x2 + -0.003 x0^2 x3 + -0.002 x0^2 x4 +  0.003 x0^2 x5 +  0.012 x0 x1^2 + -0.012 x0 x1 x2 +  0.003 x0 x1 x3 +  0.021 x0 x1 x4 + -0.019 x0 x1 x5 + -0.006 x0 x2^2 +  0.020 x0 x2 x3 + -0.044 x0 x2 x4 +  0.030 x0 x2 x5 + -0.014 x0 x3^2 +  0.043 x0 x3 x4 + -0.026 x0 x3 x5 + -0.019 x0 x4^2 +  0.017 x0 x4 x5 + -0.003 x0 x5^2 + -0.008 x1^3 +  0.009 x1^2 x2 + -0.002 x1^2 x3 + -0.034 x1^2 x4 +  0.029 x1^2 x5 +  0.006 x1 x2^2 + -0.004 x1 x2 x3 +  0.095 x1 x2 x4 + -0.081 x1 x2 x5 + -0.010 x1 x3^2 + -0.059 x1 x3 x4 +  0.060 x1 x3 x5 +  0.033 x1 x4^2 + -0.039 x1 x4 x5 +  0.008 x1 x5^2 + -0.031 x2^2 x3 + -0.042 x2^2 x4 +  0.051 x2^2 x5 +  0.076 x2 x3^2 + -0.065 x2 x3 x5 + -0.020 x2 x4^2 +  0.046 x2 x4 x5 + -0.012 x2 x5^2 + -0.045 x3^3 +  0.045 x3^2 x4 +  0.016 x3^2 x5 + -0.008 x3 x4^2 + -0.028 x3 x4 x5 +  0.010 x3 x5^2 + -0.002 x4^3 +  0.012 x4^2 x5 + -0.007 x4 x5^2 +  0.001 x5^3 | (x3)' =  3.917 1 +  2.632 x0 + -18.814 x1 +  92.172 x2 + -2.709 x3 + -86.229 x4 +  13.167 x5 + -0.007 x0^2 + -0.051 x0 x1 +  0.159 x0 x2 + -0.150 x0 x3 +  0.087 x0 x4 + -0.031 x0 x5 +  0.134 x1^2 + -0.434 x1 x2 +  0.280 x1 x3 + -0.117 x1 x4 +  0.049 x1 x5 +  0.227 x2^2 + -0.132 x2 x3 + -0.024 x2 x5 + -0.079 x3^2 +  0.130 x3 x4 + -0.006 x3 x5 + -0.032 x4^2 + -0.002 x5^2 +  0.001 x0^2 x1 +  0.004 x0^2 x2 + -0.008 x0^2 x3 +  0.008 x0^2 x4 + -0.004 x0^2 x5 + -0.002 x0 x1^2 + -0.014 x0 x1 x2 +  0.033 x0 x1 x3 + -0.035 x0 x1 x4 +  0.020 x0 x1 x5 +  0.019 x0 x2^2 + -0.053 x0 x2 x3 +  0.046 x0 x2 x4 + -0.025 x0 x2 x5 +  0.027 x0 x3^2 + -0.034 x0 x3 x4 +  0.015 x0 x3 x5 +  0.005 x0 x4^2 + -0.002 x0 x4 x5 +  0.004 x1^3 + -0.004 x1^2 x2 + -0.011 x1^2 x3 +  0.022 x1^2 x4 + -0.019 x1^2 x5 +  0.009 x1 x2^2 + -0.032 x1 x2 x4 +  0.039 x1 x2 x5 +  0.002 x1 x3^2 +  0.006 x1 x3 x4 + -0.018 x1 x3 x5 +  0.006 x1 x4^2 + -0.002 x1 x4 x5 +  0.002 x1 x5^2 + -0.015 x2^3 +  0.038 x2^2 x3 + -0.001 x2^2 x4 + -0.019 x2^2 x5 + -0.030 x2 x3^2 +  0.027 x2 x3 x5 +  0.005 x2 x4^2 + -0.010 x2 x4 x5 +  0.001 x2 x5^2 +  0.029 x3^2 x4 + -0.019 x3^2 x5 + -0.036 x3 x4^2 +  0.030 x3 x4 x5 + -0.005 x3 x5^2 +  0.012 x4^3 + -0.012 x4^2 x5 +  0.004 x4 x5^2 | (x4)' =  4.282 x0 + -4.651 x1 + -15.663 x2 +  101.838 x3 + -26.693 x4 + -59.457 x5 +  0.092 x0^2 + -0.310 x0 x1 +  0.202 x0 x2 + -0.109 x0 x3 +  0.063 x0 x4 + -0.032 x0 x5 +  0.222 x1^2 + -0.206 x1 x2 +  0.099 x1 x3 + -0.037 x1 x4 +  0.008 x1 x5 + -0.058 x2^2 +  0.289 x2 x3 + -0.358 x2 x4 +  0.185 x2 x5 + -0.323 x3^2 +  0.779 x3 x4 + -0.401 x3 x5 + -0.462 x4^2 +  0.459 x4 x5 + -0.104 x5^2 + -0.003 x0^2 x3 +  0.007 x0^2 x4 + -0.004 x0^2 x5 +  0.013 x0 x1 x3 + -0.029 x0 x1 x4 +  0.020 x0 x1 x5 + -0.005 x0 x2^2 +  0.003 x0 x2 x3 +  0.019 x0 x2 x4 + -0.016 x0 x2 x5 + -0.002 x0 x3^2 + -0.009 x0 x3 x4 +  0.010 x0 x3 x5 +  0.004 x0 x4^2 + -0.006 x0 x4 x5 +  0.001 x0 x5^2 +  0.002 x1^2 x2 + -0.018 x1^2 x3 +  0.040 x1^2 x4 + -0.027 x1^2 x5 +  0.008 x1 x2^2 +  0.007 x1 x2 x3 + -0.068 x1 x2 x4 +  0.056 x1 x2 x5 +  0.039 x1 x3 x4 + -0.039 x1 x3 x5 + -0.016 x1 x4^2 +  0.022 x1 x4 x5 + -0.004 x1 x5^2 + -0.012 x2^3 +  0.035 x2^2 x3 +  0.016 x2^2 x4 + -0.029 x2^2 x5 + -0.056 x2 x3^2 +  0.029 x2 x3 x4 +  0.033 x2 x3 x5 + -0.009 x2 x4^2 + -0.015 x2 x4 x5 +  0.004 x2 x5^2 +  0.035 x3^3 + -0.064 x3^2 x4 +  0.053 x3 x4^2 + -0.014 x3 x4 x5 +  0.001 x3 x5^2 + -0.017 x4^3 +  0.012 x4^2 x5 + -0.003 x4 x5^2 | (x5)' =  35.123 1 + -18.513 x0 +  34.613 x1 + -12.303 x2 + -67.287 x3 +  215.077 x4 + -149.162 x5 + -0.288 x0^2 +  0.978 x0 x1 + -0.756 x0 x2 +  0.503 x0 x3 + -0.288 x0 x4 +  0.137 x0 x5 + -0.818 x1^2 +  1.439 x1 x2 + -1.227 x1 x3 +  0.683 x1 x4 + -0.229 x1 x5 + -0.751 x2^2 +  1.341 x2 x3 + -0.542 x2 x4 +  0.032 x2 x5 + -0.630 x3^2 +  0.439 x3 x4 +  0.168 x3 x5 +  0.092 x4^2 + -0.398 x4 x5 +  0.116 x5^2 +  0.005 x0^2 x1 + -0.009 x0^2 x2 +  0.015 x0^2 x3 + -0.018 x0^2 x4 +  0.010 x0^2 x5 + -0.010 x0 x1^2 +  0.028 x0 x1 x2 + -0.050 x0 x1 x3 +  0.068 x0 x1 x4 + -0.044 x0 x1 x5 + -0.006 x0 x2^2 +  0.015 x0 x2 x3 + -0.035 x0 x2 x4 +  0.031 x0 x2 x5 +  0.006 x0 x3^2 + -0.009 x0 x3 x4 + -0.006 x0 x3 x5 +  0.011 x0 x4^2 + -0.009 x0 x4 x5 +  0.004 x0 x5^2 +  0.003 x1^3 +  0.022 x1^2 x3 + -0.065 x1^2 x4 +  0.053 x1^2 x5 + -0.043 x1 x2^2 +  0.069 x1 x2 x3 +  0.059 x1 x2 x4 + -0.095 x1 x2 x5 + -0.055 x1 x3^2 +  0.024 x1 x3 x4 +  0.040 x1 x3 x5 + -0.014 x1 x4^2 + -0.004 x1 x5^2 +  0.041 x2^3 + -0.107 x2^2 x3 + -0.008 x2^2 x4 +  0.058 x2^2 x5 +  0.090 x2 x3^2 +  0.013 x2 x3 x4 + -0.096 x2 x3 x5 + -0.027 x2 x4^2 +  0.051 x2 x4 x5 + -0.006 x2 x5^2 + -0.010 x3^3 + -0.063 x3^2 x4 +  0.070 x3^2 x5 +  0.090 x3 x4^2 + -0.108 x3 x4 x5 +  0.018 x3 x5^2 + -0.032 x4^3 +  0.046 x4^2 x5 + -0.017 x4 x5^2 +  0.002 x5^3
25,80.0,1000.0,37.49490932254601,3,6,5,20.0,100.0,0,0.0,finite_difference,success,,466,504,92.46031746031746,12.898040276020765,"[""1"", ""x0"", ""x1"", ""x2"", ""x3"", ""x4"", ""x5"", ""x0^2"", ""x0 x1"", ""x0 x2"", ""x0 x3"", ""x0 x4"", ""x0 x5"", ""x1^2"", ""x1 x2"", ""x1 x3"", ""x1 x4"", ""x1 x5"", ""x2^2"", ""x2 x3"", ""x2 x4"", ""x2 x5"", ""x3^2"", ""x3 x4"", ""x3 x5"", ""x4^2"", ""x4 x5"", ""x5^2"", ""x0^3"", ""x0^2 x1"", ""x0^2 x2"", ""x0^2 x3"", ""x0^2 x4"", ""x0^2 x5"", ""x0 x1^2"", ""x0 x1 x2"", ""x0 x1 x3"", ""x0 x1 x4"", ""x0 x1 x5"", ""x0 x2^2"", ""x0 x2 x3"", ""x0 x2 x4"", ""x0 x2 x5"", ""x0 x3^2"", ""x0 x3 x4"", ""x0 x3 x5"", ""x0 x4^2"", ""x0 x4 x5"", ""x0 x5^2"", ""x1^3"", ""x1^2 x2"", ""x1^2 x3"", ""x1^2 x4"", ""x1^2 x5"", ""x1 x2^2"", ""x1 x2 x3"", ""x1 x2 x4"", ""x1 x2 x5"", ""x1 x3^2"", ""x1 x3 x4"", ""x1 x3 x5"", ""x1 x4^2"", ""x1 x4 x5"", ""x1 x5^2"", ""x2^3"", ""x2^2 x3"", ""x2^2 x4"", ""x2^2 x5"", ""x2 x3^2"", ""x2 x3 x4"", ""x2 x3 x5"", ""x2 x4^2"", ""x2 x4 x5"", ""x2 x5^2"", ""x3^3"", ""x3^2 x4"", ""x3^2 x5"", ""x3 x4^2"", ""x3 x4 x5"", ""x3 x5^2"", ""x4^3"", ""x4^2 x5"", ""x4 x5^2"", ""x5^3""]","[[-26.81233709744647, 15.184147720806994, -39.83339292403003, 11.522357853608542, 3.768558514770103, 5.368797492080953, -2.299315489465187, 0.025770559835907918, 0.07610187834313907, -0.041548683087322257, -0.03062324854133001, -0.04329495502384013, 0.028975731455472244, -0.02404617621459812, -0.03238549914659091, -0.0016544203463672164, 0.01598086192800037, -0.009838558195660839, 0.025188695851297783, 0.005976964944953188, 0.020623017730969327, -0.021553734319506752, -0.0021548975787891085, 0.01130165202892579, 0.0019868020707236307, -0.003895737311786266, -0.0034182297466341053, -0.004620413083405082, -0.00013412279965186689, 0.0007800124882985309, 0.00020180578487036526, -0.0004779665233496822, -0.00012838806048075165, -0.0005169268919041028, -0.0009011809022902308, 0.0014084200914312973, -0.0005308634599844751, 0.0006193685393181244, -0.00026740002864295535, -0.0005459116600907211, 0.0012495131556387216, -0.0018891464752139725, 0.00017747627119461183, 5.802297230900454e-05, 0.0009617819845773345, -0.00041580094655354987, 0.00039941975131674263, 0.0006483668401531761, 0.0004813754718881126, 0.00030072403009377734, -0.0002598403941941934, 0.00015743870902443365, -0.0001481858247620873, 0.00018418476116274457, -0.00033951555632056425, -0.00047297351079381687, 0.0007201826933954977, 9.195284923133482e-05, 8.113573975616988e-05, 8.057927624071733e-05, 0.00040206277484071325, -0.0006330352203593764, 0.0003247803741069587, -0.0007300277160469438, -7.430885212363949e-05, -8.409504283258995e-05, 0.0001403171199270849, 0.00018795762378772185, 0.0, -0.0007714947335107923, 0.0008876148165734151, 0.0005120862081519557, -0.0005662740864258047, -1.659246805902779e-05, -0.00020690138634488908, -9.036913712480582e-05, -8.256079495770305e-06, 0.0, 0.0, -0.00011628798088179223, 1.810011803056735e-06, 0.0, -0.0003399974666216362, 6.579820747218609e-05], [-41.562613631961455, 31.908390515117873, 0.8053461684306489, -36.96883127022313, 7.155266584463323, -2.5649764262575174, 1.214556848317351, 0.12353606539204844, -0.23976739558086357, 0.02697339061590174, -0.005505583579039199, 0.0176232135790131, 0.0, 0.018316000393050477, 0.15562990368646393, -0.007307709766932807, 0.013001876236877884, -0.024375836113116923, -0.07562802883375756, -0.012812998550291086, -0.0169264590153034, 0.024555604781027165, 0.015522136695995755, 0.0, 0.0, -0.006810883151595727, 0.0, -0.0016525387704613458, -1.760436085250858e-05, -0.0006022844743910283, 0.00012538359351854723, 0.00016797350538538212, 0.00021049899660418404, -7.048937307269478e-05, 0.0014009047648426741, -0.001570728195182186, 0.0005418176195259452, -0.0012737586803127138, 0.0007127268657107954, 0.0010805371967291452, -0.0013773666303912666, 0.0011636757912545043, -0.00047027907732450356, -0.00011362685180538094, 3.2378088974553115e-05, 0.00020869405188771056, -0.00012000093780692764, -0.00024340370079720222, -0.00010722249539435333, -0.000130132944644064, -0.00025175730483159385, -3.286817650439608e-05, -5.451332208260999e-05, -0.0002016486063586575, -0.00045574232693886983, 0.0013343303832379072, -0.00023603210722853305, 0.00036290550266210677, 0.0, 0.00010838535979756963, -0.0007715943949841071, 0.0003362478021723703, 0.0, 0.0003673786354551649, 0.00034927579371104, -0.0005882506936782871, 0.0, 0.0, 8.641677019567657e-05, 0.0, -4.489183597895321e-05, 4.970723956822074e-05, 7.655955487324744e-06, -7.406253542162798e-05, -1.9100422742959288e-05, 0.00019561998523416206, 0.0, -0.00020286937023615236, -0.00011955350558848324, 2.8428347701204803e-05, 3.967179559286395e-05, -0.00013905458161818788, 0.0002126275592709126, 0.0], [-36.14313652253838, -7.954376482432738, 35.73467594404948, 0.0, -35.259221955793876, 8.223606908181832, -1.139996706902883, -0.04267527821219155, -0.02223378510161322, 0.14692616267459865, -0.08318465021447538, 0.010846580599097912, 0.0027951461007766744, 0.16071407945818053, -0.33194577971051453, 0.06716351989257431, -0.0013477419772174955, 0.019763098422486945, 0.04465325145099876, 0.12064060898902342, -0.03478888777401064, -0.01255236562017282, -0.05693905447228986, 0.003358838096661058, -0.00196262317012755, 0.014815155933507292, 0.0, -0.0032345754718039374, -4.377196008611245e-05, -0.0004684047255563177, 0.00097795137734417, -0.0007703186300052597, 0.00023976148694564717, 0.0001605800225854776, 0.0005795750603215875, -0.0009077792145053347, 0.0008381329225392297, -8.63818174782793e-05, -0.0003480818241450697, -0.0007337646904882218, 0.0015456833646132066, -0.0005953398020917873, 9.463878330900434e-05, -0.0005789497884066903, 0.0006236809596716034, -0.00032007574865387946, 4.868145652452608e-05, -0.00024245164638863874, 0.00029285160095266855, -1.6853073322669926e-05, -0.0005940007042507011, -0.00016601772019949067, 0.00011740247336362466, 0.00019815607882197415, 0.002031023276645492, -0.0021947056314845655, 0.0006695884168587281, -0.0009651557194849194, 0.0012586578326975113, -0.0015497731864453704, 0.0010339152535144478, -4.058624942692607e-06, 0.0002851811532555434, -0.0002977338846522781, -0.00035735337758951595, 0.00020685535219324778, -5.983941831831455e-05, 3.6715556360053646e-05, -0.0008539887826216594, 0.0012109610951801552, -8.19326126796669e-05, -0.0003355778688605463, 0.00013874667694400872, 0.00020965046208627205, 0.0004356045186888919, -0.0005844676001370787, 0.0, 0.00023756772147600483, -0.00024667027119759996, 0.00010871812255437488, -0.00013022476040245015, 0.00029735337442863256, -0.00031203533945051767, -1.6923197589817453e-05], [-39.412037023090654, 0.0, -7.735685483600621, 35.3167792793794, 0.0, -35.0298671687977, 7.461219578412178, 0.0096540568555733, 0.040115131686292084, -0.057569051487077, 0.019875831774954365, 0.0, -0.009273373241089016, -0.06466795008377053, 0.003417984029700274, 0.13789774514028913, -0.08181844355736738, 0.0, 0.16241458961515762, -0.32817111149109945, 0.07053975636475916, 0.022215511591801528, 0.03870787615547803, 0.11823327990584122, -0.03952947124877585, -0.056880795424587766, 0.0034145752056968285, 0.011987380624871135, 0.00012685445703496608, 0.0002762820437658563, -0.00042658937417759684, 0.0, 7.377141003291575e-07, -0.0003237222934443255, -0.00014767749047967315, 0.001023500370788344, -0.0007958072082271082, -0.00021243468176741927, 0.0004500558103395037, -0.000281224703017711, 0.00028823559752196335, 0.0002248129190384971, -0.0002827944302149646, 0.0, 6.341092800440694e-05, 0.0, 0.00014056508781527634, 2.606902080691304e-05, 0.00011832253929227529, -0.00017164389675982603, -0.0002961102748849301, 0.0012503606465906136, -0.0007258467985549052, 0.0001348235906791215, 0.0, -0.0008765948594913602, 0.0005508842006881897, -0.00015305587798819607, -0.0006551021645568975, 0.0014753199694590973, -0.0004563127589423302, -0.0005379702333167259, 0.00042613126748122006, -0.00012016657357804408, 0.00014417375735263876, -0.0006768662820993908, 7.304614085114789e-05, 0.0003437632021319491, 0.0018573429514168115, -0.0019006606088278672, -3.630673388897309e-05, 0.0010921742233405795, -0.0010836122278462547, 0.0002192317010963268, -0.00035110364294700793, 0.0001663897586074726, 7.491241523464236e-05, -0.0008348733336634014, 0.0011279954067094223, -0.0002732370968210661, 0.00040797186889598557, -0.0005533883192601988, 0.00015880755826843553, -8.039989686458612e-05], [-39.271472944733304, -1.3553613031514387, 2.822316096300061, -7.59459505572692, 36.985654534088916, -1.1621104742303845, -31.44376474775585, 0.0, -0.028841777441827865, 0.036336975742056694, -0.032253106992719154, 0.024201446726298426, -0.0005433640446209844, 0.020196395384921555, 0.030203423156745617, -0.04854654085521754, 0.009311923625647875, 0.006289528719994606, -0.06432268896656344, 0.0034974335970477353, 0.12840129898114944, -0.08795110780384481, 0.16964408701299794, -0.322157199149357, 0.07345949066728903, 0.03543963955350804, 0.08655625621715538, -0.039358134824361346, 0.0, 0.0, 0.0001314589879334286, 9.06073994053652e-06, -0.00020374366697215027, 0.0001018204048226115, 0.00013177395425156146, -0.0009986535113950534, 0.0003297539885412611, 0.00028597960224983324, -0.00024177934672295792, 0.0005717275980039818, 0.0, 5.604059462479062e-06, 0.00021679782983846492, -0.000257057062222202, 0.00011705893560296148, -0.0002981141120370186, -5.9486267514654566e-05, 0.0, 0.00013923976643879008, 1.4089170888971975e-05, 0.0005674796794087831, -0.0006981614838827663, 1.640137328162999e-05, 4.417009790834122e-06, -0.0004702725424281376, 0.001713707450687341, -0.0011719201017609487, 0.00032342770233224975, -0.0009220282288451587, 0.0010978131738624964, -9.857113108419131e-05, -6.33939731110586e-05, 0.00015277906939700943, -0.00011961287190366035, -9.16323908525301e-05, -0.0007874601073561348, 0.0013721657492236467, -0.0007644904499560028, 0.0009630590104735916, -0.002280377082464908, 0.0008155719763798595, -0.0002953945079292067, 0.0013650387663290652, -0.0005423067904336901, -0.0001110138140443128, 0.0, -0.00015902808990238604, 0.0014232093816814223, -0.001315224662625783, 0.0006010517756101651, -0.0002990927292047232, -1.476106092292797e-05, -0.0003065634036721496, 0.0002263334068413459], [0.0, 2.2541193940114406, -5.947494850574486, -3.016371321442528, -11.483593536569645, 41.17305365283081, -16.37254970357225, 0.0, 0.01740414918619308, -0.020661056283010987, 0.052915921210252986, -0.034679175358682465, 0.0020823446244026926, 0.006040018035373526, -0.04115114265287919, 0.015985181824534248, -0.026864313190233094, 0.027584063747389382, 0.013766546889123365, 0.04665012128172754, -0.04562067932101468, 0.027424761911723147, -0.11619698644109151, 0.03275336298752674, 0.12197743172458161, 0.16412092090817196, -0.23749412274868925, 0.0015040529059330695, -6.864696595874308e-05, 0.0008477109324055077, -0.0003910130838391353, -0.00024906554578366384, 0.00032073078819451706, -0.00020761408326221077, -0.0007670394100861717, 0.0010051290250412501, 0.000438669290671141, 0.0, -0.0011628670225356738, 0.0, -0.0008699691080319256, -0.0006730053212635981, 0.000857752160898541, 0.00036783361239611345, -0.0002459676557947942, 0.0001621339581301362, -0.0004893945681418318, 0.000614511337744943, 0.00033268897525782283, 0.0002995363742590034, -0.00010806842925982153, -5.2956041974640546e-05, 0.0003024539541470488, -0.00011889615560161297, 0.0, -0.0005578348169251007, 0.0009783577619973407, -0.0011589633724619398, 0.00038815569315185953, -0.0007337629054071915, 0.000690033621433129, -0.00029260700226264343, 0.0, 6.848496171396475e-05, 0.00020519782274321907, 0.0002241601099431762, -0.0009419350088764999, 0.00040274363830761217, -8.664593418636216e-05, 0.0025009574233818637, -0.0018634619157307294, -0.000809950093126364, 0.00031128912207969474, 0.0006958030959955511, -0.00031578324137400106, -0.0007020368882895357, 0.0017104294632369482, 0.0012598148805407804, -0.0025472416704241125, -0.0003044101976488421, -8.370049127843661e-05, 0.0003879880452255316, 8.147336419266811e-05, -0.00011648166994182821]]",(x0)' = -26.812 1 +  15.184 x0 + -39.833 x1 +  11.522 x2 +  3.769 x3 +  5.369 x4 + -2.299 x5 +  0.026 x0^2 +  0.076 x0 x1 + -0.042 x0 x2 + -0.031 x0 x3 + -0.043 x0 x4 +  0.029 x0 x5 + -0.024 x1^2 + -0.032 x1 x2 + -0.002 x1 x3 +  0.016 x1 x4 + -0.010 x1 x5 +  0.025 x2^2 +  0.006 x2 x3 +  0.021 x2 x4 + -0.022 x2 x5 + -0.002 x3^2 +  0.011 x3 x4 +  0.002 x3 x5 + -0.004 x4^2 + -0.003 x4 x5 + -0.005 x5^2 +  0.001 x0^2 x1 + -0.001 x0^2 x5 + -0.001 x0 x1^2 +  0.001 x0 x1 x2 + -0.001 x0 x1 x3 +  0.001 x0 x1 x4 + -0.001 x0 x2^2 +  0.001 x0 x2 x3 + -0.002 x0 x2 x4 +  0.001 x0 x3 x4 +  0.001 x0 x4 x5 +  0.001 x1 x2 x4 + -0.001 x1 x4^2 + -0.001 x1 x5^2 + -0.001 x2 x3 x4 +  0.001 x2 x3 x5 +  0.001 x2 x4^2 + -0.001 x2 x4 x5 | (x1)' = -41.563 1 +  31.908 x0 +  0.805 x1 + -36.969 x2 +  7.155 x3 + -2.565 x4 +  1.215 x5 +  0.124 x0^2 + -0.240 x0 x1 +  0.027 x0 x2 + -0.006 x0 x3 +  0.018 x0 x4 +  0.018 x1^2 +  0.156 x1 x2 + -0.007 x1 x3 +  0.013 x1 x4 + -0.024 x1 x5 + -0.076 x2^2 + -0.013 x2 x3 + -0.017 x2 x4 +  0.025 x2 x5 +  0.016 x3^2 + -0.007 x4^2 + -0.002 x5^2 + -0.001 x0^2 x1 +  0.001 x0 x1^2 + -0.002 x0 x1 x2 +  0.001 x0 x1 x3 + -0.001 x0 x1 x4 +  0.001 x0 x1 x5 +  0.001 x0 x2^2 + -0.001 x0 x2 x3 +  0.001 x0 x2 x4 +  0.001 x1 x2 x3 + -0.001 x1 x3 x5 + -0.001 x2^2 x3 | (x2)' = -36.143 1 + -7.954 x0 +  35.735 x1 + -35.259 x3 +  8.224 x4 + -1.140 x5 + -0.043 x0^2 + -0.022 x0 x1 +  0.147 x0 x2 + -0.083 x0 x3 +  0.011 x0 x4 +  0.003 x0 x5 +  0.161 x1^2 + -0.332 x1 x2 +  0.067 x1 x3 + -0.001 x1 x4 +  0.020 x1 x5 +  0.045 x2^2 +  0.121 x2 x3 + -0.035 x2 x4 + -0.013 x2 x5 + -0.057 x3^2 +  0.003 x3 x4 + -0.002 x3 x5 +  0.015 x4^2 + -0.003 x5^2 +  0.001 x0^2 x2 + -0.001 x0^2 x3 +  0.001 x0 x1^2 + -0.001 x0 x1 x2 +  0.001 x0 x1 x3 + -0.001 x0 x2^2 +  0.002 x0 x2 x3 + -0.001 x0 x2 x4 + -0.001 x0 x3^2 +  0.001 x0 x3 x4 + -0.001 x1^2 x2 +  0.002 x1 x2^2 + -0.002 x1 x2 x3 +  0.001 x1 x2 x4 + -0.001 x1 x2 x5 +  0.001 x1 x3^2 + -0.002 x1 x3 x4 +  0.001 x1 x3 x5 + -0.001 x2 x3^2 +  0.001 x2 x3 x4 + -0.001 x3^2 x4 | (x3)' = -39.412 1 + -7.736 x1 +  35.317 x2 + -35.030 x4 +  7.461 x5 +  0.010 x0^2 +  0.040 x0 x1 + -0.058 x0 x2 +  0.020 x0 x3 + -0.009 x0 x5 + -0.065 x1^2 +  0.003 x1 x2 +  0.138 x1 x3 + -0.082 x1 x4 +  0.162 x2^2 + -0.328 x2 x3 +  0.071 x2 x4 +  0.022 x2 x5 +  0.039 x3^2 +  0.118 x3 x4 + -0.040 x3 x5 + -0.057 x4^2 +  0.003 x4 x5 +  0.012 x5^2 +  0.001 x0 x1 x2 + -0.001 x0 x1 x3 +  0.001 x1^2 x3 + -0.001 x1^2 x4 + -0.001 x1 x2 x3 +  0.001 x1 x2 x4 + -0.001 x1 x3^2 +  0.001 x1 x3 x4 + -0.001 x1 x4^2 + -0.001 x2^2 x3 +  0.002 x2 x3^2 + -0.002 x2 x3 x4 +  0.001 x2 x4^2 + -0.001 x2 x4 x5 + -0.001 x3 x4^2 +  0.001 x3 x4 x5 + -0.001 x4^2 x5 | (x4)' = -39.271 1 + -1.355 x0 +  2.822 x1 + -7.595 x2 +  36.986 x3 + -1.162 x4 + -31.444 x5 + -0.029 x0 x1 +  0.036 x0 x2 + -0.032 x0 x3 +  0.024 x0 x4 + -0.001 x0 x5 +  0.020 x1^2 +  0.030 x1 x2 + -0.049 x1 x3 +  0.009 x1 x4 +  0.006 x1 x5 + -0.064 x2^2 +  0.003 x2 x3 +  0.128 x2 x4 + -0.088 x2 x5 +  0.170 x3^2 + -0.322 x3 x4 +  0.073 x3 x5 +  0.035 x4^2 +  0.087 x4 x5 + -0.039 x5^2 + -0.001 x0 x1 x2 +  0.001 x0 x2^2 +  0.001 x1^2 x2 + -0.001 x1^2 x3 +  0.002 x1 x2 x3 + -0.001 x1 x2 x4 + -0.001 x1 x3^2 +  0.001 x1 x3 x4 + -0.001 x2^2 x3 +  0.001 x2^2 x4 + -0.001 x2^2 x5 +  0.001 x2 x3^2 + -0.002 x2 x3 x4 +  0.001 x2 x3 x5 +  0.001 x2 x4 x5 + -0.001 x2 x5^2 +  0.001 x3 x4^2 + -0.001 x3 x4 x5 +  0.001 x3 x5^2 | (x5)' =  2.254 x0 + -5.947 x1 + -3.016 x2 + -11.484 x3 +  41.173 x4 + -16.373 x5 +  0.017 x0 x1 + -0.021 x0 x2 +  0.053 x0 x3 + -0.035 x0 x4 +  0.002 x0 x5 +  0.006 x1^2 + -0.041 x1 x2 +  0.016 x1 x3 + -0.027 x1 x4 +  0.028 x1 x5 +  0.014 x2^2 +  0.047 x2 x3 + -0.046 x2 x4 +  0.027 x2 x5 + -0.116 x3^2 +  0.033 x3 x4 +  0.122 x3 x5 +  0.164 x4^2 + -0.237 x4 x5 +  0.002 x5^2 +  0.001 x0^2 x1 + -0.001 x0 x1^2 +  0.001 x0 x1 x2 + -0.001 x0 x1 x5 + -0.001 x0 x2 x3 + -0.001 x0 x2 x4 +  0.001 x0 x2 x5 +  0.001 x0 x4 x5 + -0.001 x1 x2 x3 +  0.001 x1 x2 x4 + -0.001 x1 x2 x5 + -0.001 x1 x3 x4 +  0.001 x1 x3 x5 + -0.001 x2^2 x4 +  0.003 x2 x3 x4 + -0.002 x2 x3 x5 + -0.001 x2 x4^2 +  0.001 x2 x5^2 + -0.001 x3^2 x4 +  0.002 x3^2 x5 +  0.001 x3 x4^2 + -0.003 x3 x4 x5
26,80.0,1000.0,37.49490932254601,3,6,5,20.0,100.0,5,20.0,smoothed_finite_difference_savgol_order_3,success,,469,504,93.05555555555556,11.238539578393102,"[""1"", ""x0"", ""x1"", ""x2"", ""x3"", ""x4"", ""x5"", ""x0^2"", ""x0 x1"", ""x0 x2"", ""x0 x3"", ""x0 x4"", ""x0 x5"", ""x1^2"", ""x1 x2"", ""x1 x3"", ""x1 x4"", ""x1 x5"", ""x2^2"", ""x2 x3"", ""x2 x4"", ""x2 x5"", ""x3^2"", ""x3 x4"", ""x3 x5"", ""x4^2"", ""x4 x5"", ""x5^2"", ""x0^3"", ""x0^2 x1"", ""x0^2 x2"", ""x0^2 x3"", ""x0^2 x4"", ""x0^2 x5"", ""x0 x1^2"", ""x0 x1 x2"", ""x0 x1 x3"", ""x0 x1 x4"", ""x0 x1 x5"", ""x0 x2^2"", ""x0 x2 x3"", ""x0 x2 x4"", ""x0 x2 x5"", ""x0 x3^2"", ""x0 x3 x4"", ""x0 x3 x5"", ""x0 x4^2"", ""x0 x4 x5"", ""x0 x5^2"", ""x1^3"", ""x1^2 x2"", ""x1^2 x3"", ""x1^2 x4"", ""x1^2 x5"", ""x1 x2^2"", ""x1 x2 x3"", ""x1 x2 x4"", ""x1 x2 x5"", ""x1 x3^2"", ""x1 x3 x4"", ""x1 x3 x5"", ""x1 x4^2"", ""x1 x4 x5"", ""x1 x5^2"", ""x2^3"", ""x2^2 x3"", ""x2^2 x4"", ""x2^2 x5"", ""x2 x3^2"", ""x2 x3 x4"", ""x2 x3 x5"", ""x2 x4^2"", ""x2 x4 x5"", ""x2 x5^2"", ""x3^3"", ""x3^2 x4"", ""x3^2 x5"", ""x3 x4^2"", ""x3 x4 x5"", ""x3 x5^2"", ""x4^3"", ""x4^2 x5"", ""x4 x5^2"", ""x5^3""]","[[-27.183406231437875, 15.75745504975692, -40.53535114098157, 12.107027946693334, 3.4405581610984863, 5.529751570389891, -2.445954638385909, 0.024985464649682623, 0.08143874163543093, -0.04278509942576826, -0.031193207421554257, -0.04381262879415677, 0.028682405119426574, -0.027317144224026743, -0.03403754382165699, -0.0027858178733850577, 0.01679161009977677, -0.007671632064620044, 0.028061289496536457, 0.004316095170136582, 0.023216647567744213, -0.023935545789761526, 0.0, 0.008863743419123543, 0.0027995890669649886, -0.00324435430327779, -0.005603811364754143, -0.003742880711094559, -0.00016487221141855336, 0.0008952836392891841, 0.00015290694750105444, -0.0004686437991380778, -0.00014798382692913045, -0.0005143179869516891, -0.001019707865143569, 0.0015735785000120025, -0.0006182255059698693, 0.0007216450497061948, -0.0003514826711497641, -0.0006920011409142376, 0.001523094273878557, -0.002139998014072786, 0.000380084613615249, -3.72598070566042e-05, 0.0011132984888591263, -0.0006442286564080364, 0.0003538719677387624, 0.0007982839126690098, 0.0004528395037054692, 0.00031577090046216235, -0.0002882945396161856, 0.00019704237964323552, -0.0001671188005463135, 0.0002512689876033685, -0.0002922149236571082, -0.0007512269524279556, 0.0009592496827073028, -0.00013793792230665767, 0.0002896177498468171, -0.00023937610714915193, 0.0007565405843216146, -0.0005303526343975044, 0.0, -0.0006541061113427386, -0.00010291656190704054, 0.0001528958845944132, 3.410566676153459e-05, 0.00027619256839680155, -0.00032416927247284975, -0.0005164164291097812, 0.0007556141098570432, 0.0004630978117794092, -0.0005658029826167213, 1.3644241341231318e-05, -0.00011482266269609221, -0.0001682200574389106, -6.952196978147564e-05, 0.0, 0.00028780697477491567, -0.00026291590541131706, -2.081607665269247e-05, 0.0, -0.00032223789444960755, 6.0637041971828305e-05], [-39.24439905153083, 31.577420343713, 1.3909310979698417, -37.41840993711182, 7.417903794354699, -2.5139700523925925, 1.2599489013576235, 0.12104020682653936, -0.23812544336213542, 0.02436563156023389, -0.002991329522422804, 0.01898248956161264, 0.0, 0.01824509673101253, 0.1628436173690381, -0.012171772617458684, 0.013618424578729162, -0.025127065431458623, -0.07837591043844994, -0.013575186165417143, -0.018487963030084584, 0.025204886900063794, 0.017551013981580193, 0.0, 0.0, -0.006928008399816705, 0.0, -0.0017587276934898375, -1.2907521353690713e-05, -0.000546402491796926, 7.098058103582488e-05, 0.00017279323153673444, 0.00015692771090246814, -3.7357384675449814e-05, 0.0013887104843328525, -0.0017119908370900072, 0.0006859295918572206, -0.0012259602806910168, 0.0006791556951101683, 0.0013118024557643659, -0.001797884120319799, 0.0011805966026035022, -0.0005137957907744369, 0.00022137301085308487, -0.00019163152812380277, 0.0003411376781300732, -7.983160161320586e-05, -0.00027322046705990433, -0.00010916970043738387, -0.00015701610376105325, -0.00016941660219115765, -0.00014517254587497426, -8.417639340644733e-05, -0.00019772303557634115, -0.0006100183423252077, 0.0018590650235608068, -5.224350014150788e-05, 0.00043699320129263235, -0.0006760830273903656, 0.0005346275477344989, -0.0009680725812745714, 0.0002592960161171527, 0.0, 0.0003836431466257979, 0.00039129937146609124, -0.0006727861776703724, -0.00036714786052315915, 0.0, 0.0004017326899817283, 0.0, -1.7146700134621026e-05, 6.907957960790759e-06, 0.0001390816491969312, -0.00010677468489733126, -0.00013634768410505124, 0.0003468718447680886, 0.0, -0.0002606854055437737, -0.00019105974491634488, 3.776108386602132e-05, 4.947484293497929e-05, -0.0001228091784496937, 0.00023520010617364553, -2.0437587900205685e-05], [-32.300885467748756, -7.8926353408469, 35.43783922206173, 0.0, -35.32842943646686, 7.695550091945845, 0.0, -0.04434052735584275, -0.020695737583010184, 0.14767546026759398, -0.08203411312100688, 0.012376777293446188, 0.0010617111365383727, 0.1626694246818651, -0.33648298004808747, 0.06329345284287594, -0.002670196322364639, 0.023626953359061308, 0.0448443718056628, 0.12966513932092413, -0.03674751207253, -0.013812517366070122, -0.061800418221113027, 0.00541971053074286, -0.0019736753010338353, 0.014811727708195709, 0.0, -0.0036939459291821884, -5.455303022118807e-05, -0.00016574126004682865, 0.0008895539597824437, -0.000728534656387841, 0.00027066583232671456, -3.400700036472152e-05, 0.0, -0.0005096556803775578, 0.0006199976843849672, -4.9748081728807985e-05, -0.00010257964843723522, -0.00079692543852434, 0.001586423347011279, -0.0005806455651901181, -3.581958492269347e-05, -0.0005510692565321326, 0.00047421098692731746, -0.00010932154235658815, 0.00010388404746907237, -0.0003477424568513124, 0.0003718827404332542, 0.00012814851320415655, -0.0005456887089852501, -0.00018542043825351594, 0.00028365079114612364, 4.7294347074962105e-05, 0.0019675011509218015, -0.0021835769743614036, 0.00038789985302641, -0.0007720605075284056, 0.001280053473407597, -0.0012647439548523181, 0.0007844234058110389, -9.90554513501595e-05, 0.00034249270022328014, -0.00030017214656324366, -0.00038106481372204685, 0.00025144238523476027, 0.00011784869900422999, -0.0001813632259956612, -0.0007984010820942959, 0.000604084757725019, 0.000545713999259557, -0.00019276128452276023, 0.0, 0.000248823437079661, 0.000364834300229854, 0.0, -0.0006128008881806537, -0.00010970784435071008, 0.0002218158605809775, 8.198926449430535e-06, -8.172374270273681e-05, 0.00019935883214214784, -0.00023388465873967372, -8.810294697106972e-05], [-32.84180573798892, 1.6168473976265332, -8.84842243266394, 35.6451022595711, 0.0, -35.44616925109662, 7.461319184548873, 0.010700483350533616, 0.042016532883613095, -0.06031268927770639, 0.020858289190797435, 0.0, -0.009101050345487636, -0.0708895824259668, 0.014243870906579347, 0.13512824134631266, -0.08082450174706574, 0.0, 0.15492187238408706, -0.3213692964376605, 0.066151259344776, 0.02361583879034648, 0.03636365094148548, 0.12490622198431378, -0.04160464919564033, -0.059526577260515835, 0.002476523950698773, 0.013406065035474618, 2.819802945473247e-05, 0.0003625050286326956, -0.00045483415974366756, 0.0, 5.581494609153811e-05, -0.0002493457242945901, -0.0002629127359578265, 0.0014386092710814502, -0.0008955986669047013, -0.0002557820419446839, 0.0003611198689605453, -0.0008137325754923176, 0.000503189248570421, 0.0003530760626304483, -0.0002691064902905928, 0.0, -6.500303411910578e-05, 0.00017417246063298236, 2.710426106118825e-05, 6.125432952599973e-05, 0.0, -0.00015694462072343945, -0.0007154352327671286, 0.0014749578595318503, -0.0007591121879716921, 0.00023910529615755959, 0.0008494856471882671, -0.0015361637533962318, 0.0006351896761172779, -0.00028237559421412665, -0.0005986225363949578, 0.0014771177376354323, -0.0005306042655469863, -0.00046283420105546353, 0.00043445016252834323, -5.864480701198938e-05, -6.745169680498307e-05, -0.0004290498722153212, -1.1218807352223988e-05, 0.00034844190070092135, 0.0018389931038670904, -0.001883740447866351, 5.263913003317204e-05, 0.0011239046894817874, -0.001231140279864042, 0.0002673146966310039, -0.00040798357688996137, 0.000273097754053589, 3.539406575484252e-05, -0.0009368152433663779, 0.0012787535549376528, -0.00037881558999698796, 0.0004619548630754073, -0.0006272863814121888, 0.00022855602841389367, -8.029081769138195e-05], [-33.519397744505156, -1.2935992415835782, 2.5546016151349242, -7.412575287029569, 36.80486884348733, -0.8493291753697613, -31.542477876683915, 0.0, -0.03017941964269107, 0.0351595470195309, -0.02973723930580564, 0.022504967298433712, 0.0006774215113451746, 0.02000795531251587, 0.03519513224864197, -0.05245025255731911, 0.011372869527619931, 0.005155996451925007, -0.07124099219182052, 0.011753230714621149, 0.12775537013365793, -0.08609982023124156, 0.1693361465254559, -0.3268908275540302, 0.0707724067469675, 0.03683896475965387, 0.09125164738763429, -0.04201588920027917, 0.0, 0.0, 0.00012288580975169252, 1.647885194295137e-05, -0.000170068613606474, 6.718346589243807e-05, 0.00015424600530776595, -0.0009279966452195522, 0.0003627717051604814, 0.0002548651688085524, -0.0002700383612925661, 0.00041602268873787847, 0.0, -2.0413259083043176e-05, 0.0003091917137653182, -0.00024566947182936893, 0.00020005467107001286, -0.0003298952926760611, -0.0001050934222850613, 0.0, 0.0001372913108268898, 1.3851502995329021e-05, 0.0003575527868211262, -0.0006426697942576462, -6.6009997454303175e-06, 6.176517605852819e-05, 0.0, 0.001328656236245949, -0.0009421142948210363, 0.00010475401187566273, -0.0007188908185544585, 0.0006187433219077221, 0.0001463451172780854, 0.00013053032911462258, 3.773998898646683e-05, -9.024046474604672e-05, -0.00023204191038668512, -0.0006389303576431366, 0.001236643686255479, -0.0006867056570667913, 0.0007605486605979827, -0.0015948586068856296, 0.0005974276358671142, -0.0005708875156946229, 0.0014487176312338239, -0.0005507004896880094, 2.451711475028251e-05, -0.0005396043604850361, -5.061324677335601e-05, 0.0017954528989127868, -0.0014100729753345846, 0.000611012673675436, -0.0003950419213642197, 5.42816713250242e-05, -0.0003370121377223252, 0.00023427387406741744], [0.0, 2.3970669411690606, -5.9234060681909595, -3.0976918523462698, -11.605136364436426, 41.432150060880836, -16.719951812798104, -0.00694181942337112, 0.029156948425952182, -0.024652113001197427, 0.05441903057823029, -0.03211886810034687, 0.0016916038333469033, 0.0, -0.03682673565778256, 0.013152260582840268, -0.02765693304945947, 0.027175608756167757, 0.014170339777956831, 0.05022092668769741, -0.048879701365661, 0.02706119982900526, -0.12005814737559917, 0.03841148674671731, 0.12184979177930697, 0.1642012850989345, -0.24064451436571027, 0.004652891547935447, -9.965658620587912e-05, 0.0006977066232488058, 0.0, -0.0004254751488842613, 0.0004328462204112805, -0.00024883428404690765, -0.0005902322689078896, 0.0006814399730982765, 0.0005769022440254143, 0.0, -0.0011477258917750308, -2.5094061982447065e-05, -0.0008852039993920421, -0.0008979354855411975, 0.0008606453392255985, 0.0003815228945917242, -0.0001955538999304084, 0.00018836310643640213, -0.0004742823401548105, 0.0005922936366837643, 0.0003643789316841265, 0.00025072150092198475, -0.00015767700410001403, -3.4651099224786716e-05, 0.00030221733562819393, -0.00010921569168137887, 0.00021057601565611776, -0.0007208677852847737, 0.0012001003671832354, -0.001227384317007168, 0.00039938512588034005, -0.0007829858592608379, 0.0007320801016999858, -0.0003630021778890469, 0.0, 6.466347254539596e-05, 0.00016066013824122768, 0.0002584007448648743, -0.0010398540741561298, 0.00042939767315561825, -7.456813126480828e-05, 0.002597821265763161, -0.001920093708242886, -0.000786990252386668, 0.0002687408916392189, 0.0007391034879206898, -0.0003386013261160832, -0.0006752898032004673, 0.0017616030609954442, 0.00118039956271131, -0.002544389756933494, -0.0003327329224736271, -6.094329714569986e-05, 0.0004501871076985675, 4.4664994252881656e-05, -0.0001297323723355582]]",(x0)' = -27.183 1 +  15.757 x0 + -40.535 x1 +  12.107 x2 +  3.441 x3 +  5.530 x4 + -2.446 x5 +  0.025 x0^2 +  0.081 x0 x1 + -0.043 x0 x2 + -0.031 x0 x3 + -0.044 x0 x4 +  0.029 x0 x5 + -0.027 x1^2 + -0.034 x1 x2 + -0.003 x1 x3 +  0.017 x1 x4 + -0.008 x1 x5 +  0.028 x2^2 +  0.004 x2 x3 +  0.023 x2 x4 + -0.024 x2 x5 +  0.009 x3 x4 +  0.003 x3 x5 + -0.003 x4^2 + -0.006 x4 x5 + -0.004 x5^2 +  0.001 x0^2 x1 + -0.001 x0^2 x5 + -0.001 x0 x1^2 +  0.002 x0 x1 x2 + -0.001 x0 x1 x3 +  0.001 x0 x1 x4 + -0.001 x0 x2^2 +  0.002 x0 x2 x3 + -0.002 x0 x2 x4 +  0.001 x0 x3 x4 + -0.001 x0 x3 x5 +  0.001 x0 x4 x5 + -0.001 x1 x2 x3 +  0.001 x1 x2 x4 +  0.001 x1 x3 x5 + -0.001 x1 x4^2 + -0.001 x1 x5^2 + -0.001 x2 x3 x4 +  0.001 x2 x3 x5 + -0.001 x2 x4 x5 | (x1)' = -39.244 1 +  31.577 x0 +  1.391 x1 + -37.418 x2 +  7.418 x3 + -2.514 x4 +  1.260 x5 +  0.121 x0^2 + -0.238 x0 x1 +  0.024 x0 x2 + -0.003 x0 x3 +  0.019 x0 x4 +  0.018 x1^2 +  0.163 x1 x2 + -0.012 x1 x3 +  0.014 x1 x4 + -0.025 x1 x5 + -0.078 x2^2 + -0.014 x2 x3 + -0.018 x2 x4 +  0.025 x2 x5 +  0.018 x3^2 + -0.007 x4^2 + -0.002 x5^2 + -0.001 x0^2 x1 +  0.001 x0 x1^2 + -0.002 x0 x1 x2 +  0.001 x0 x1 x3 + -0.001 x0 x1 x4 +  0.001 x0 x1 x5 +  0.001 x0 x2^2 + -0.002 x0 x2 x3 +  0.001 x0 x2 x4 + -0.001 x0 x2 x5 + -0.001 x1 x2^2 +  0.002 x1 x2 x3 + -0.001 x1 x3^2 +  0.001 x1 x3 x4 + -0.001 x1 x3 x5 + -0.001 x2^2 x3 | (x2)' = -32.301 1 + -7.893 x0 +  35.438 x1 + -35.328 x3 +  7.696 x4 + -0.044 x0^2 + -0.021 x0 x1 +  0.148 x0 x2 + -0.082 x0 x3 +  0.012 x0 x4 +  0.001 x0 x5 +  0.163 x1^2 + -0.336 x1 x2 +  0.063 x1 x3 + -0.003 x1 x4 +  0.024 x1 x5 +  0.045 x2^2 +  0.130 x2 x3 + -0.037 x2 x4 + -0.014 x2 x5 + -0.062 x3^2 +  0.005 x3 x4 + -0.002 x3 x5 +  0.015 x4^2 + -0.004 x5^2 +  0.001 x0^2 x2 + -0.001 x0^2 x3 + -0.001 x0 x1 x2 +  0.001 x0 x1 x3 + -0.001 x0 x2^2 +  0.002 x0 x2 x3 + -0.001 x0 x2 x4 + -0.001 x0 x3^2 + -0.001 x1^2 x2 +  0.002 x1 x2^2 + -0.002 x1 x2 x3 + -0.001 x1 x2 x5 +  0.001 x1 x3^2 + -0.001 x1 x3 x4 +  0.001 x1 x3 x5 + -0.001 x2 x3^2 +  0.001 x2 x3 x4 +  0.001 x2 x3 x5 + -0.001 x3^2 x5 | (x3)' = -32.842 1 +  1.617 x0 + -8.848 x1 +  35.645 x2 + -35.446 x4 +  7.461 x5 +  0.011 x0^2 +  0.042 x0 x1 + -0.060 x0 x2 +  0.021 x0 x3 + -0.009 x0 x5 + -0.071 x1^2 +  0.014 x1 x2 +  0.135 x1 x3 + -0.081 x1 x4 +  0.155 x2^2 + -0.321 x2 x3 +  0.066 x2 x4 +  0.024 x2 x5 +  0.036 x3^2 +  0.125 x3 x4 + -0.042 x3 x5 + -0.060 x4^2 +  0.002 x4 x5 +  0.013 x5^2 +  0.001 x0 x1 x2 + -0.001 x0 x1 x3 + -0.001 x0 x2^2 +  0.001 x0 x2 x3 + -0.001 x1^2 x2 +  0.001 x1^2 x3 + -0.001 x1^2 x4 +  0.001 x1 x2^2 + -0.002 x1 x2 x3 +  0.001 x1 x2 x4 + -0.001 x1 x3^2 +  0.001 x1 x3 x4 + -0.001 x1 x3 x5 +  0.002 x2 x3^2 + -0.002 x2 x3 x4 +  0.001 x2 x4^2 + -0.001 x2 x4 x5 + -0.001 x3 x4^2 +  0.001 x3 x4 x5 + -0.001 x4^2 x5 | (x4)' = -33.519 1 + -1.294 x0 +  2.555 x1 + -7.413 x2 +  36.805 x3 + -0.849 x4 + -31.542 x5 + -0.030 x0 x1 +  0.035 x0 x2 + -0.030 x0 x3 +  0.023 x0 x4 +  0.001 x0 x5 +  0.020 x1^2 +  0.035 x1 x2 + -0.052 x1 x3 +  0.011 x1 x4 +  0.005 x1 x5 + -0.071 x2^2 +  0.012 x2 x3 +  0.128 x2 x4 + -0.086 x2 x5 +  0.169 x3^2 + -0.327 x3 x4 +  0.071 x3 x5 +  0.037 x4^2 +  0.091 x4 x5 + -0.042 x5^2 + -0.001 x0 x1 x2 + -0.001 x1^2 x3 +  0.001 x1 x2 x3 + -0.001 x1 x2 x4 + -0.001 x1 x3^2 +  0.001 x1 x3 x4 + -0.001 x2^2 x3 +  0.001 x2^2 x4 + -0.001 x2^2 x5 +  0.001 x2 x3^2 + -0.002 x2 x3 x4 +  0.001 x2 x3 x5 + -0.001 x2 x4^2 +  0.001 x2 x4 x5 + -0.001 x2 x5^2 + -0.001 x3^2 x4 +  0.002 x3 x4^2 + -0.001 x3 x4 x5 +  0.001 x3 x5^2 | (x5)' =  2.397 x0 + -5.923 x1 + -3.098 x2 + -11.605 x3 +  41.432 x4 + -16.720 x5 + -0.007 x0^2 +  0.029 x0 x1 + -0.025 x0 x2 +  0.054 x0 x3 + -0.032 x0 x4 +  0.002 x0 x5 + -0.037 x1 x2 +  0.013 x1 x3 + -0.028 x1 x4 +  0.027 x1 x5 +  0.014 x2^2 +  0.050 x2 x3 + -0.049 x2 x4 +  0.027 x2 x5 + -0.120 x3^2 +  0.038 x3 x4 +  0.122 x3 x5 +  0.164 x4^2 + -0.241 x4 x5 +  0.005 x5^2 +  0.001 x0^2 x1 + -0.001 x0 x1^2 +  0.001 x0 x1 x2 +  0.001 x0 x1 x3 + -0.001 x0 x1 x5 + -0.001 x0 x2 x3 + -0.001 x0 x2 x4 +  0.001 x0 x2 x5 +  0.001 x0 x4 x5 + -0.001 x1 x2 x3 +  0.001 x1 x2 x4 + -0.001 x1 x2 x5 + -0.001 x1 x3 x4 +  0.001 x1 x3 x5 + -0.001 x2^2 x4 +  0.003 x2 x3 x4 + -0.002 x2 x3 x5 + -0.001 x2 x4^2 +  0.001 x2 x5^2 + -0.001 x3^2 x4 +  0.002 x3^2 x5 +  0.001 x3 x4^2 + -0.003 x3 x4 x5
27,80.0,1000.0,37.49490932254601,3,6,5,20.0,100.0,9,36.0,smoothed_finite_difference_savgol_order_3,success,,472,504,93.65079365079364,12.69904706813395,"[""1"", ""x0"", ""x1"", ""x2"", ""x3"", ""x4"", ""x5"", ""x0^2"", ""x0 x1"", ""x0 x2"", ""x0 x3"", ""x0 x4"", ""x0 x5"", ""x1^2"", ""x1 x2"", ""x1 x3"", ""x1 x4"", ""x1 x5"", ""x2^2"", ""x2 x3"", ""x2 x4"", ""x2 x5"", ""x3^2"", ""x3 x4"", ""x3 x5"", ""x4^2"", ""x4 x5"", ""x5^2"", ""x0^3"", ""x0^2 x1"", ""x0^2 x2"", ""x0^2 x3"", ""x0^2 x4"", ""x0^2 x5"", ""x0 x1^2"", ""x0 x1 x2"", ""x0 x1 x3"", ""x0 x1 x4"", ""x0 x1 x5"", ""x0 x2^2"", ""x0 x2 x3"", ""x0 x2 x4"", ""x0 x2 x5"", ""x0 x3^2"", ""x0 x3 x4"", ""x0 x3 x5"", ""x0 x4^2"", ""x0 x4 x5"", ""x0 x5^2"", ""x1^3"", ""x1^2 x2"", ""x1^2 x3"", ""x1^2 x4"", ""x1^2 x5"", ""x1 x2^2"", ""x1 x2 x3"", ""x1 x2 x4"", ""x1 x2 x5"", ""x1 x3^2"", ""x1 x3 x4"", ""x1 x3 x5"", ""x1 x4^2"", ""x1 x4 x5"", ""x1 x5^2"", ""x2^3"", ""x2^2 x3"", ""x2^2 x4"", ""x2^2 x5"", ""x2 x3^2"", ""x2 x3 x4"", ""x2 x3 x5"", ""x2 x4^2"", ""x2 x4 x5"", ""x2 x5^2"", ""x3^3"", ""x3^2 x4"", ""x3^2 x5"", ""x3 x4^2"", ""x3 x4 x5"", ""x3 x5^2"", ""x4^3"", ""x4^2 x5"", ""x4 x5^2"", ""x5^3""]","[[-22.917847473352932, 20.74920059109888, -49.2443212277134, 17.474832807507504, 0.7475750839458323, 6.128641920769533, -2.0747106583658996, 0.005124084328719886, 0.14208925025188265, -0.06341744245882071, -0.021691075883386608, -0.04555848222099774, 0.022468115175988634, -0.04248664468319957, -0.06723922479663962, -0.0013055697299906063, 0.015087270551103364, 0.006920109709953573, 0.05513415365003488, 0.00874931934620873, 0.024595208295865045, -0.039113621252993, -0.012739317886487732, 0.010402698054497617, 0.012924074345892432, 0.0, -0.013838463185182713, -0.0021485191932297297, -0.0002527005859551142, 0.0011457820916431361, 0.00010637908643241699, -0.0005052429975820604, -0.00015899648743264802, -0.0005160764945707386, -0.0013811470508646954, 0.0021245577381229686, -0.0007450612000117349, 0.0008257194456292365, -0.0004966367362596316, -0.0011780038189796724, 0.0019516912486592913, -0.002528132371229583, 0.0007703021797343211, 1.1314562103127284e-05, 0.0014153064740390295, -0.0011252525253364041, 0.000321512273200014, 0.000993775399330544, 0.00043854369813785266, 0.0003277609325151179, -0.00031282719169618557, 0.0002113053959657578, -6.97509254945293e-05, 0.0002968663185376433, -4.6016137761074325e-05, -0.0010949816182231962, 0.0010366443267946612, -0.0005657801864631314, 0.00022419096530645834, -0.00037235552511946174, 0.001332870384589203, -0.0005778415616962268, -0.00039149268106721083, -0.0005053054223733731, -0.00019581022890130862, 0.0003904619326211164, -0.0001362880593508823, 0.0004976956748047237, -0.0003095957329448464, -0.00017770612196801882, 8.967001081122369e-05, 0.00041221622200379, 0.0, -8.443518520391483e-05, -0.00019364862529159372, -8.879547155829376e-05, 8.555493847680038e-05, -0.00015403598139941745, 3.7088913726977335e-05, -0.00018178577344993792, -5.539531079344164e-06, 9.56347682875324e-05, -0.00041702696638556134, 8.520839860061718e-05], [-6.449711406148633, 34.89952576843191, 2.7006276414764714, -43.32899882127818, 11.047101876279457, -5.092364758311936, 1.559519766336772, 0.08503504929902203, -0.1843278066621585, -0.007576825381672211, 0.015211895872673867, 0.019248239497754224, 0.0, -0.010689348494904391, 0.22052578372653536, -0.03652516807483671, 0.008397802092681081, -0.02534949537772327, -0.09167901900923135, -0.03146886833038787, 0.0, 0.022600907638724355, 0.030083481245362215, 0.0, 0.0004484386246516244, -0.011795674188507787, 0.0, 0.0, -4.243202730621759e-05, 0.0, -0.0004939988283753265, 0.000582009743164034, -0.0001999836586818992, 0.00023620058900966767, 0.000790059183934329, -0.0009627480754551079, -0.0001899269665899821, -0.00030278307820335264, 0.00020216663807257182, 0.0012594400714554975, -0.001535115936437684, 0.0008807078430625837, -0.0002939058034762977, 0.0001064452727878014, 0.0, 0.0002761445949411755, -0.0003685040939632355, 2.191871219844561e-05, -0.0003645078056642737, -0.00019538484325884407, -7.31075504616325e-05, 0.00021569827221687557, -0.00034282371644754595, -5.2965374601636425e-05, -0.0008663725890295332, 0.00195571680872126, -0.00014932596899921774, 0.0005069237564718727, -0.0009123082937523593, 0.0005504309188505852, -0.0009924267459131533, 0.0003132238571349189, 0.0, 0.0004093197022898441, 0.0004973010213399187, -0.0008480620335355351, -0.00012575758197213096, -0.00027682014445641747, 0.0007398273577515734, -0.0003323674363158895, 0.0, 9.943822509629324e-05, 0.0, -2.684184689806723e-05, -0.00024380236859917903, 0.0004744908889451346, 0.00018802955152995141, -0.00026621036694598067, -0.0003324851515301918, 0.0002012426323603403, 8.708743021261441e-05, -2.693935369742419e-06, 0.0, 5.378312966024141e-05], [-3.297126364898388, -10.300853869792988, 40.21832596144246, 1.2014319680417784, -40.85187698295769, 12.273460367916611, -3.232372538108995, -0.05406303976290195, 0.027892760806806933, 0.10187959650453325, -0.04118815750060481, -0.0001718177416917735, 0.0, 0.11404196637422503, -0.2689197297537617, 0.005629672572581842, 0.01389683657811145, 0.02215365831224599, 0.021031853536622885, 0.1809170676530908, -0.04516156839342309, -0.01807616996735933, -0.07163914885793006, -0.02410961875651017, 0.013795063806721356, 0.03673119170355745, -0.011915736316568781, -0.003276368161150488, 3.91561390494441e-06, -0.00022938236841310282, 0.0008472717491653111, -0.0006366086692509561, 0.0001585205832789453, 0.0, -0.00011483239942753659, -0.0008100170235229271, 0.0011200903034396536, -1.0161963919977179e-05, -0.00015405262126450602, -0.00026493417041757657, 0.0002951653588727223, -0.0002675682984148634, -5.4764267229129714e-05, -0.00012859978583858428, 0.00018141765148173264, 0.00011580546369631338, 0.00015571892948405207, -0.0004641214845741034, 0.00038212989457657605, 0.0001119855454460048, 0.00034217102646897225, -0.001053068956163558, 0.0006557595731079707, -0.00010000158161993127, 0.0006484890467781051, 0.0, -0.0007707162614421448, 0.00014605435613434237, 0.0007487759125136443, -0.0007889368325849966, 0.0, -7.852070515237172e-05, 0.0005958952107444526, -0.00046470871008336183, -0.0002807285604684915, -4.74384408552742e-05, 0.0004951647778815402, -0.0003518169305052737, -0.0009430842863346716, 0.0009811280762910587, 0.0006578794914242084, -0.0005747236822869977, 0.0, 0.00012384319031302863, 0.0004974327377826455, -0.0006301444307116416, -0.00038421981700514175, 0.00048598536134496293, -5.7250275090249546e-05, 7.681929161796618e-05, -0.0002300957885530362, 0.00040204416261679845, -0.0002972795459810471, 1.747719633844212e-05], [0.0, 3.3041228993564324, -11.974805144925012, 39.97512780999152, 0.04837356979013089, -40.649373313212145, 10.009535161378356, 0.012547678814585527, 0.0445000981493553, -0.07760668304710809, 0.02391618142418282, 0.0, -0.0032969305307834038, -0.08986974223875886, 0.08084519162131863, 0.08858180913129123, -0.04719798858420277, -0.00397394146069648, 0.09959010801928471, -0.24134076925898604, 0.012025329944085682, 0.03291075797296527, 0.0, 0.18832526149031822, -0.055647481692816046, -0.07337752141280532, -0.012976854466509705, 0.023447024941618728, -4.8864963237969115e-05, 0.00031677110160161046, -0.0005896272748805607, 0.0003667307902571773, -4.69447930844794e-05, -8.673966936052061e-05, 0.0, 0.0008605937716647569, -0.0007846697812505553, -0.00016212046763514892, 0.00012181144128451388, -0.00012078475215219474, -0.00029762334112787893, 0.0005408089777347172, -0.00015026843439694436, 0.0003856310840438242, -0.00051088764254061, 0.0, 0.00012571926047043745, 7.90344442336451e-05, 0.0, -0.0001781259573316743, -0.0002999298257191392, 0.0011267542697782503, -0.0005297693337980451, 9.712303165971506e-05, -0.00015077004764946315, -0.0007345043904354258, 0.0007341661552162455, -7.679286485544048e-05, -0.00063327316454097, 0.000929095749748202, -0.00026016328022717333, -0.0003782059069384567, 0.000187340828781031, 8.696399853555668e-06, 0.00017501754861631998, 6.891704172109028e-06, -0.0006757398326091517, 0.00044168070447177184, 0.0012414066520933392, -0.0007339158981360037, -0.0004932404242984346, 0.0009444894798057094, -0.0010472650897675978, 0.00036165193287803724, -0.0005294610552728689, 0.0004415320382390824, 0.0003132992335028009, -0.0011828320684160488, 0.0012455302496213866, -0.0005567938344683482, 0.0005417382376044892, -0.0006959920248763184, 0.0004148354108607912, -0.00011445256873151228], [0.0, -1.608700145128323, 5.09348459375143, -10.594222193593767, 41.978971317410334, -1.9656859961861612, -34.83961411112758, -0.0016056367501400927, -0.032484334476246914, 0.035003679187526636, -0.02152842525932821, 0.012615183603764176, 0.003476696289220534, 0.030525359308870233, 0.029208383246546853, -0.06886542553676724, 0.017614646764290774, -0.0001681808303809292, -0.08535028351053461, 0.07310781849781865, 0.08075793463801494, -0.051277765478052816, 0.12164330274698727, -0.2640776807332019, 0.021612694402245846, 0.013914414344214766, 0.13851252015140222, -0.05515078184750954, -2.9649086456457303e-05, 0.0, 0.0002038985004233391, 9.085231376592366e-05, -0.00016508993125602357, 7.038298645045979e-05, 0.0, -0.0009713008065895639, 5.447614545740365e-05, 0.0004179952108445196, 6.27566930330162e-05, 0.00040118238574432687, 0.0005264463479372897, -0.00046078511232954867, 0.00013743076749294798, -0.0005285650432628882, 0.0006879938297841633, -0.0004342525356622401, -0.00014862537837179746, -4.066342441617436e-07, -3.190488126027438e-05, 2.426414894657118e-06, 0.0006061828462286521, -0.0005769702343905676, -0.00017656607893968169, 7.271199990795296e-05, -0.00035015832519239633, 0.0006211575624064843, 0.0, 0.0, 0.0002182777899096663, -0.00067130950854457, 0.0004414502160293455, 0.0005963030208029621, -0.00038575049663880275, 3.4268953144295286e-06, -0.00015757537989482845, -6.32567436879285e-05, 0.0007492724135912012, -0.00040563289520976575, -0.00045249258842647083, -0.0007731593019655486, 0.0008396893794728553, -0.0005485543758176149, 0.0008582112309140684, -0.0005204202400038912, 0.00035764645665607313, -0.0002058369702905469, -0.0007382885249493161, 0.001076387439755497, -0.00014573761433007268, 0.0004524330932876328, -0.0004009273478219005, 3.365894231512512e-08, -0.0003176661628546484, 0.0002573532397173881], [14.264011905337988, 2.0194352225840158, -6.502948734300643, -0.6285916531408753, -16.364182907029974, 49.290674097067814, -21.492033759439423, -0.007883373584984333, 0.03152979841603248, -0.026147745703908456, 0.04396288287660795, -0.01998141963170224, -0.0004242018885981295, 0.0, -0.045235391802661284, 0.025916587380396195, -0.02753678450147201, 0.019732407753965578, 0.02902152482250518, 0.04734209800909587, -0.07319179202206161, 0.03295722703236742, -0.13861446505188538, 0.10454237083731924, 0.0967567723275837, 0.11869154591887783, -0.21141030485690293, 0.007539844176865044, -0.00014009773658156942, 0.0007554606297099102, -0.0003006497496979763, -0.00022924318798171533, 0.00042535032731823844, -0.00019589679630057928, -0.0005499597239785373, 0.001290825639475051, 2.1889902517544243e-05, 0.0, -0.0013513850178972233, -0.00044267916051862624, -0.00021563408035457545, -0.0010736234224608255, 0.0011671078211624051, 9.241127949678609e-05, 1.880659008990088e-05, 2.6643645097446417e-05, -0.0003023264998730856, 0.0005070969019740182, 0.0003966520912081788, 0.00026804935527885475, -0.000482199752091498, 0.00021996403023026603, 0.0003713780450311534, -1.0593449079497506e-05, 0.0004965791565976072, -0.001253602974979845, 0.0013967860637560784, -0.0016939651108345303, 0.000551009274842838, -0.0008022176609780223, 0.0010465421737928752, -0.0005650923987497223, 0.0, 0.0001225255318800421, 0.00010616511865992165, 0.0005206663254170663, -0.0012646865359169745, 0.0007183031753256809, -0.0002207315621867244, 0.002505694750148697, -0.0023281515846911393, -0.00018723272929563033, -0.0001918069902405614, 0.0010095054718426005, -0.0002595515594974218, -0.0004555612060477956, 0.001918622127824464, 0.0002868826593819848, -0.002292095092971412, -0.0003808607835180198, 0.00012042272535653418, 0.0009293193818787204, -0.00044918371996133916, -0.00011408369293209729]]",(x0)' = -22.918 1 +  20.749 x0 + -49.244 x1 +  17.475 x2 +  0.748 x3 +  6.129 x4 + -2.075 x5 +  0.005 x0^2 +  0.142 x0 x1 + -0.063 x0 x2 + -0.022 x0 x3 + -0.046 x0 x4 +  0.022 x0 x5 + -0.042 x1^2 + -0.067 x1 x2 + -0.001 x1 x3 +  0.015 x1 x4 +  0.007 x1 x5 +  0.055 x2^2 +  0.009 x2 x3 +  0.025 x2 x4 + -0.039 x2 x5 + -0.013 x3^2 +  0.010 x3 x4 +  0.013 x3 x5 + -0.014 x4 x5 + -0.002 x5^2 +  0.001 x0^2 x1 + -0.001 x0^2 x3 + -0.001 x0^2 x5 + -0.001 x0 x1^2 +  0.002 x0 x1 x2 + -0.001 x0 x1 x3 +  0.001 x0 x1 x4 + -0.001 x0 x2^2 +  0.002 x0 x2 x3 + -0.003 x0 x2 x4 +  0.001 x0 x2 x5 +  0.001 x0 x3 x4 + -0.001 x0 x3 x5 +  0.001 x0 x4 x5 + -0.001 x1 x2 x3 +  0.001 x1 x2 x4 + -0.001 x1 x2 x5 +  0.001 x1 x3 x5 + -0.001 x1 x4^2 + -0.001 x1 x5^2 | (x1)' = -6.450 1 +  34.900 x0 +  2.701 x1 + -43.329 x2 +  11.047 x3 + -5.092 x4 +  1.560 x5 +  0.085 x0^2 + -0.184 x0 x1 + -0.008 x0 x2 +  0.015 x0 x3 +  0.019 x0 x4 + -0.011 x1^2 +  0.221 x1 x2 + -0.037 x1 x3 +  0.008 x1 x4 + -0.025 x1 x5 + -0.092 x2^2 + -0.031 x2 x3 +  0.023 x2 x5 +  0.030 x3^2 + -0.012 x4^2 +  0.001 x0^2 x3 +  0.001 x0 x1^2 + -0.001 x0 x1 x2 +  0.001 x0 x2^2 + -0.002 x0 x2 x3 +  0.001 x0 x2 x4 + -0.001 x1 x2^2 +  0.002 x1 x2 x3 +  0.001 x1 x2 x5 + -0.001 x1 x3^2 +  0.001 x1 x3 x4 + -0.001 x1 x3 x5 + -0.001 x2^2 x3 +  0.001 x2 x3^2 | (x2)' = -3.297 1 + -10.301 x0 +  40.218 x1 +  1.201 x2 + -40.852 x3 +  12.273 x4 + -3.232 x5 + -0.054 x0^2 +  0.028 x0 x1 +  0.102 x0 x2 + -0.041 x0 x3 +  0.114 x1^2 + -0.269 x1 x2 +  0.006 x1 x3 +  0.014 x1 x4 +  0.022 x1 x5 +  0.021 x2^2 +  0.181 x2 x3 + -0.045 x2 x4 + -0.018 x2 x5 + -0.072 x3^2 + -0.024 x3 x4 +  0.014 x3 x5 +  0.037 x4^2 + -0.012 x4 x5 + -0.003 x5^2 +  0.001 x0^2 x2 + -0.001 x0^2 x3 + -0.001 x0 x1 x2 +  0.001 x0 x1 x3 + -0.001 x1^2 x3 +  0.001 x1^2 x4 +  0.001 x1 x2^2 + -0.001 x1 x2 x4 +  0.001 x1 x3^2 + -0.001 x1 x3 x4 +  0.001 x1 x4 x5 + -0.001 x2 x3^2 +  0.001 x2 x3 x4 +  0.001 x2 x3 x5 + -0.001 x2 x4^2 + -0.001 x3^2 x4 | (x3)' =  3.304 x0 + -11.975 x1 +  39.975 x2 +  0.048 x3 + -40.649 x4 +  10.010 x5 +  0.013 x0^2 +  0.045 x0 x1 + -0.078 x0 x2 +  0.024 x0 x3 + -0.003 x0 x5 + -0.090 x1^2 +  0.081 x1 x2 +  0.089 x1 x3 + -0.047 x1 x4 + -0.004 x1 x5 +  0.100 x2^2 + -0.241 x2 x3 +  0.012 x2 x4 +  0.033 x2 x5 +  0.188 x3 x4 + -0.056 x3 x5 + -0.073 x4^2 + -0.013 x4 x5 +  0.023 x5^2 + -0.001 x0^2 x2 +  0.001 x0 x1 x2 + -0.001 x0 x1 x3 +  0.001 x0 x2 x4 + -0.001 x0 x3 x4 +  0.001 x1^2 x3 + -0.001 x1^2 x4 + -0.001 x1 x2 x3 +  0.001 x1 x2 x4 + -0.001 x1 x3^2 +  0.001 x1 x3 x4 + -0.001 x2^2 x4 +  0.001 x2 x3^2 + -0.001 x2 x3 x4 +  0.001 x2 x4^2 + -0.001 x2 x4 x5 + -0.001 x3^3 + -0.001 x3 x4^2 +  0.001 x3 x4 x5 + -0.001 x3 x5^2 +  0.001 x4^3 + -0.001 x4^2 x5 | (x4)' = -1.609 x0 +  5.093 x1 + -10.594 x2 +  41.979 x3 + -1.966 x4 + -34.840 x5 + -0.002 x0^2 + -0.032 x0 x1 +  0.035 x0 x2 + -0.022 x0 x3 +  0.013 x0 x4 +  0.003 x0 x5 +  0.031 x1^2 +  0.029 x1 x2 + -0.069 x1 x3 +  0.018 x1 x4 + -0.085 x2^2 +  0.073 x2 x3 +  0.081 x2 x4 + -0.051 x2 x5 +  0.122 x3^2 + -0.264 x3 x4 +  0.022 x3 x5 +  0.014 x4^2 +  0.139 x4 x5 + -0.055 x5^2 + -0.001 x0 x1 x2 +  0.001 x0 x2 x3 + -0.001 x0 x3^2 +  0.001 x0 x3 x4 +  0.001 x1^2 x2 + -0.001 x1^2 x3 +  0.001 x1 x2 x3 + -0.001 x1 x3 x4 +  0.001 x1 x4^2 +  0.001 x2^2 x4 + -0.001 x2 x3 x4 +  0.001 x2 x3 x5 + -0.001 x2 x4^2 +  0.001 x2 x4 x5 + -0.001 x2 x5^2 + -0.001 x3^2 x5 +  0.001 x3 x4^2 | (x5)' =  14.264 1 +  2.019 x0 + -6.503 x1 + -0.629 x2 + -16.364 x3 +  49.291 x4 + -21.492 x5 + -0.008 x0^2 +  0.032 x0 x1 + -0.026 x0 x2 +  0.044 x0 x3 + -0.020 x0 x4 + -0.045 x1 x2 +  0.026 x1 x3 + -0.028 x1 x4 +  0.020 x1 x5 +  0.029 x2^2 +  0.047 x2 x3 + -0.073 x2 x4 +  0.033 x2 x5 + -0.139 x3^2 +  0.105 x3 x4 +  0.097 x3 x5 +  0.119 x4^2 + -0.211 x4 x5 +  0.008 x5^2 +  0.001 x0^2 x1 + -0.001 x0 x1^2 +  0.001 x0 x1 x2 + -0.001 x0 x1 x5 + -0.001 x0 x2 x4 +  0.001 x0 x2 x5 +  0.001 x0 x4 x5 + -0.001 x1 x2 x3 +  0.001 x1 x2 x4 + -0.002 x1 x2 x5 +  0.001 x1 x3^2 + -0.001 x1 x3 x4 +  0.001 x1 x3 x5 + -0.001 x1 x4^2 +  0.001 x2^2 x3 + -0.001 x2^2 x4 +  0.001 x2^2 x5 +  0.003 x2 x3 x4 + -0.002 x2 x3 x5 +  0.001 x2 x5^2 +  0.002 x3^2 x5 + -0.002 x3 x4 x5 +  0.001 x4^2 x5
28,80.0,1000.0,37.49490932254601,3,8,1,4.0,28.0,0,0.0,finite_difference,success,,1240,1320,93.93939393939394,37.45105240121484,"[""1"", ""x0"", ""x1"", ""x2"", ""x3"", ""x4"", ""x5"", ""x6"", ""x7"", ""x0^2"", ""x0 x1"", ""x0 x2"", ""x0 x3"", ""x0 x4"", ""x0 x5"", ""x0 x6"", ""x0 x7"", ""x1^2"", ""x1 x2"", ""x1 x3"", ""x1 x4"", ""x1 x5"", ""x1 x6"", ""x1 x7"", ""x2^2"", ""x2 x3"", ""x2 x4"", ""x2 x5"", ""x2 x6"", ""x2 x7"", ""x3^2"", ""x3 x4"", ""x3 x5"", ""x3 x6"", ""x3 x7"", ""x4^2"", ""x4 x5"", ""x4 x6"", ""x4 x7"", ""x5^2"", ""x5 x6"", ""x5 x7"", ""x6^2"", ""x6 x7"", ""x7^2"", ""x0^3"", ""x0^2 x1"", ""x0^2 x2"", ""x0^2 x3"", ""x0^2 x4"", ""x0^2 x5"", ""x0^2 x6"", ""x0^2 x7"", ""x0 x1^2"", ""x0 x1 x2"", ""x0 x1 x3"", ""x0 x1 x4"", ""x0 x1 x5"", ""x0 x1 x6"", ""x0 x1 x7"", ""x0 x2^2"", ""x0 x2 x3"", ""x0 x2 x4"", ""x0 x2 x5"", ""x0 x2 x6"", ""x0 x2 x7"", ""x0 x3^2"", ""x0 x3 x4"", ""x0 x3 x5"", ""x0 x3 x6"", ""x0 x3 x7"", ""x0 x4^2"", ""x0 x4 x5"", ""x0 x4 x6"", ""x0 x4 x7"", ""x0 x5^2"", ""x0 x5 x6"", ""x0 x5 x7"", ""x0 x6^2"", ""x0 x6 x7"", ""x0 x7^2"", ""x1^3"", ""x1^2 x2"", ""x1^2 x3"", ""x1^2 x4"", ""x1^2 x5"", ""x1^2 x6"", ""x1^2 x7"", ""x1 x2^2"", ""x1 x2 x3"", ""x1 x2 x4"", ""x1 x2 x5"", ""x1 x2 x6"", ""x1 x2 x7"", ""x1 x3^2"", ""x1 x3 x4"", ""x1 x3 x5"", ""x1 x3 x6"", ""x1 x3 x7"", ""x1 x4^2"", ""x1 x4 x5"", ""x1 x4 x6"", ""x1 x4 x7"", ""x1 x5^2"", ""x1 x5 x6"", ""x1 x5 x7"", ""x1 x6^2"", ""x1 x6 x7"", ""x1 x7^2"", ""x2^3"", ""x2^2 x3"", ""x2^2 x4"", ""x2^2 x5"", ""x2^2 x6"", ""x2^2 x7"", ""x2 x3^2"", ""x2 x3 x4"", ""x2 x3 x5"", ""x2 x3 x6"", ""x2 x3 x7"", ""x2 x4^2"", ""x2 x4 x5"", ""x2 x4 x6"", ""x2 x4 x7"", ""x2 x5^2"", ""x2 x5 x6"", ""x2 x5 x7"", ""x2 x6^2"", ""x2 x6 x7"", ""x2 x7^2"", ""x3^3"", ""x3^2 x4"", ""x3^2 x5"", ""x3^2 x6"", ""x3^2 x7"", ""x3 x4^2"", ""x3 x4 x5"", ""x3 x4 x6"", ""x3 x4 x7"", ""x3 x5^2"", ""x3 x5 x6"", ""x3 x5 x7"", ""x3 x6^2"", ""x3 x6 x7"", ""x3 x7^2"", ""x4^3"", ""x4^2 x5"", ""x4^2 x6"", ""x4^2 x7"", ""x4 x5^2"", ""x4 x5 x6"", ""x4 x5 x7"", ""x4 x6^2"", ""x4 x6 x7"", ""x4 x7^2"", ""x5^3"", ""x5^2 x6"", ""x5^2 x7"", ""x5 x6^2"", ""x5 x6 x7"", ""x5 x7^2"", ""x6^3"", ""x6^2 x7"", ""x6 x7^2"", ""x7^3""]","[[-64.09779598344167, 327.5699030944043, -588.3947191041956, 528.0068671806055, -500.2870625575354, 386.94610160734356, -245.98337789236126, 117.05139253470331, -29.039241805667867, -0.7059548711149672, 3.576444498185486, -4.920869977747725, 5.364931400979254, -4.746222681698584, 3.3477224809317434, -1.7317618809651862, 0.5736008562210144, -4.0274508752961085, 10.387202871849913, -11.01445009308614, 9.396558075808997, -6.646328565494912, 3.5588158958942913, -1.2907186898990117, -6.24735241988439, 12.756858038899955, -10.557338797479987, 7.402488088041456, -4.146495889128501, 1.705799685342083, -5.961399699324537, 8.942853322746016, -5.967256617378629, 3.352117589457216, -1.6619152553024774, -2.7283156101850192, 3.0644463251284257, -1.7691438564025272, 1.237166053539664, -0.4611527633707231, 0.35193299800373035, -0.7069434860346191, 0.07651446017310287, 0.26429407429089213, -0.06551687692359344, 0.014936208282932295, -0.1084228973836198, 0.12338513673765146, -0.1135542356233374, 0.08912705540771869, -0.07207989030591494, 0.05705177267504293, -0.02609189898566664, 0.24657815050818532, -0.4850238712300487, 0.37266654229972135, -0.24200869432692956, 0.19141430893008501, -0.1835684419143062, 0.10320894701418504, 0.15872181346565165, -0.08478661896140322, -0.045911838007226084, -0.001358176131121763, 0.10469029966917527, -0.10072553093970402, -0.11908390982008857, 0.36766051262034743, -0.2295966447366579, 0.0297490753025771, 0.06031986680624477, -0.2699350524684901, 0.4109342487203407, -0.16124700598907807, -0.007568749720608653, -0.18676310437844287, 0.1887260046652688, -0.01910701651578232, -0.06255516927976391, 0.02575687655621823, -0.004732802337120632, -0.19120523494375866, 0.5347219115324151, -0.374532718762157, 0.21289945701653096, -0.1591742469123258, 0.17296709744504762, -0.11259231971161847, -0.37114735126648807, 0.2716560438443791, -0.014134778532908414, 0.10184342998579324, -0.288731551109106, 0.2546108449269959, 0.13849055797067297, -0.4663533213592466, 0.19618986264141053, 0.11023916027232998, -0.19329342720283002, 0.36625890480248485, -0.505835392410651, 0.14274215736240742, 0.07720631164886868, 0.24029132645547294, -0.22984283067885844, -0.011973086952718162, 0.07994709181522262, -0.017404833449839213, 0.0031829103924834535, 0.037590538505667105, 0.11028252833975188, -0.11030235581958174, -0.07134769747421865, 0.20967504086296207, -0.17754637623102112, -0.27446145468446587, 0.37788535357375896, 0.1480803100191695, -0.4078006966235444, 0.3370704388811261, -0.18695302544409292, 0.05261161117495413, 0.14867853861820593, -0.19377185007211328, -0.05636587220297206, 0.04689251633873149, 0.08383879665360619, -0.048086761779214615, -0.006526470981446979, -0.0008757661147752438, 0.09214653358501317, -0.06800958818672859, -0.24285043765944322, 0.28695931016152126, -0.18488519478007914, -0.05034918519429874, 0.43667218432212496, -0.3923179393587063, 0.24969344298718743, -0.15398466911576464, 0.15192315476911936, -0.13436425370388264, 0.006452423079583666, 0.0259194215568178, -0.00030742278219168226, 0.04818196024239943, -0.23311987199024692, 0.16010802237746793, -0.09101247598690286, 0.16930509884288025, -0.14864631826711022, 0.10820221444876832, 0.0, -0.020431488662579458, -0.0012756793394434905, -0.026665046043751188, 0.013224098775493996, -0.03183976559613513, 0.02382115988178498, 0.01016643481244977, 0.0, -0.010339504991917846, 0.0014592348546675603, 0.0, 0.0], [-0.005154275786980062, 124.95223598446113, 0.27075953455804813, -125.51286610423873, 0.5511611491361936, -0.4820912127891534, 0.338470990184913, -0.15108831703425926, 0.034866069921324544, -0.0027735236434440706, 0.0048993582601291625, 0.0014889162428993047, 0.0, -0.00020316828133629887, -0.0010368046554033693, -0.0022222391575914707, 0.0020243351638974836, -0.0022466637849460538, -0.0024531551818807043, 0.0, -0.001277334435596455, 0.006868230397499902, -0.0035307850188793246, 0.0, 0.002514496238196519, 0.0023280597115978596, -0.0023548067775922862, -0.008559477247349545, 0.012088977381254744, -0.005703058630273149, -0.007514088116393617, 0.012154756794107548, -0.00238000136288915, -0.00685492170217506, 0.0076731329706382365, 0.0, -0.007470974089286037, 0.013533707082339759, -0.012186064617861146, 0.00841469908096417, -0.019209461501972395, 0.01133293270901101, 0.008660306144033441, -0.007931634886951904, 0.0017984580495723802, -0.00015453088265974236, 0.0008851873714987156, -0.0009671297747344878, 0.0008866290509959422, -0.0005279075905648963, 0.0002232346826258286, -0.00019445644718194338, 0.0002173707389022888, -0.001428968415844225, 0.0024747145443311295, -0.0020269784733986432, 0.000885915827226695, 0.0, 0.00010303162565076902, -0.0007887661107625678, 0.0, -0.0023554657151106956, 0.004076277698858726, -0.004178119441716014, 0.0016904206893519735, 0.0011095469982927864, 0.002889659096925163, -0.006397084360352292, 0.005520561583798019, -0.0013301423219632994, -0.0023012808925879495, 0.0023122642545227463, -0.0037584962618804453, 0.0003921055502370023, 0.0028314202325595986, 0.0019343774961600052, -0.0019349286055075523, -0.0012593543623830358, 0.0011980501923844124, -0.00032332645769470085, 8.915386954119421e-05, 0.0006232686661880126, -0.0015586276544182864, 0.001962264501491607, -0.001221464661628209, 0.0, 5.8436922598059896e-06, 0.001315343572119412, 0.0002779274539337781, 0.0005622430738949156, -0.0032470073950172026, 0.006306201049936015, -0.0023492747828227313, -0.0049375930226129155, -0.0012529272899487502, 0.0029745313618422483, -0.006242439733357323, 0.0, 0.0084637839048216, 0.0, 0.0050005797097881916, 0.0004887062004223262, -0.009160994314765563, -0.0057497674045669375, 0.0063507821298710455, 0.004283242770862964, -0.0031356900811398223, -0.00039831074272193194, 0.0002030525149392652, 0.0005070875313140653, -0.0025316686052547646, 0.004394923984006637, -0.007364025366936741, 0.002822973399050585, 0.004497544714911842, 0.0026131351155371787, -0.0048709728150013905, 0.012714264362675563, -0.0018609946115248981, -0.013861756725322937, 0.0006613183067268562, -0.01217878172988848, 0.001616644745816531, 0.014124992079440613, 0.011916565068282847, -0.012080899025419348, -0.006993243794982821, 0.004411159298226482, 0.0023672423929155806, -0.0009235841694716258, 0.0004864823064045841, -0.005688529285007201, 0.0, -0.004037435826458771, 0.010182297797677986, 0.011595179832988719, -0.006303119111792088, 0.010932323250992686, -0.020633514608759063, -0.006241356087541519, 0.005152785096447324, 0.01152212197642894, -0.0025310678072095077, -0.005356944203965259, 0.001697888520370979, -0.006192136933510602, 0.006783232092683439, -0.006531255646903182, 0.010000743470676643, 0.005160024220608643, -0.006182215480991482, -0.010187956129219088, 0.0033876843744384847, 0.0047170752718786926, -0.0016977702383994555, -0.005099161977573059, 0.010616942179722658, 0.001100352942006181, -0.008211372600603006, 2.622295982294408e-05, 0.0008234790183141385, 0.002093203256596637, -0.00036217229647068314, -0.0005011725869952779, 0.00014191207824879935], [-0.06657696828504285, -0.11896198990532969, 125.24592607197337, -0.2529776123359174, -124.72046178046843, -0.2766948056227434, 0.13153175320409932, 0.03116249624452867, -0.02482199418210262, 0.002492573106215174, -0.0063898055287062135, 0.0, 0.0027963590134524054, 0.0, 0.0, -0.00184254473241004, 0.0002919691169608577, 0.003768941501697408, 0.005021722241208968, -0.01714476248301379, 0.006828132189764611, 0.005166244097005851, 0.0, 0.00043855764132145895, -0.0096769707323931, 0.03855501856484784, -0.02194415831960027, -0.004362180490613113, 0.0, 0.0, -0.026255961732317847, 0.02869458363482992, 0.0, 0.0, -0.000150876330523461, 0.0, -0.019585085663827034, 0.010835647948828768, -0.003325561940446519, 0.010538676527314262, -0.0059715709493270465, 0.002709254694950831, -0.0009038074701299668, -0.0013503330383583024, 0.0007978476320772165, -5.996796821793724e-05, 8.684392230729447e-05, -1.1603846778958706e-05, 0.0002838769463487424, -0.0009411046003005587, 0.0005981546173308933, -5.733461404866973e-05, 2.9761047866706823e-05, -5.706889941076877e-06, 9.831868108740867e-05, 0.0017424365807177991, -0.00031335276160962777, 0.0005043641750180619, -0.0018875059160326554, 0.00010961697243903921, 0.0004436812323197335, -0.008104058249166698, 0.007555908224704018, -0.004329791586485702, 0.003322294693219289, 0.00018984988824445, 0.009640640317116474, -0.017349852551305556, 0.009004934576005302, -0.003915134035993862, 0.0, 0.006431419121620179, -0.003264110855312449, 0.00038515099736068315, -2.379250323755641e-05, -0.0014357212883777638, 0.0003814971601917685, 0.0010854142869862913, 0.0021197183385219384, -0.003174569048772047, 0.0009698395581280562, 0.0006432028644646838, -0.004754076374426536, 0.0, 0.0010379018736627126, -0.0012298299425346345, 0.0028905487117932755, 0.0002631835331374942, 0.010190602254166117, 0.0, -0.008268619883905589, 0.005750889039543091, -0.0065704318431117565, -0.002831608826292534, -0.01449143113978312, 0.03533764845877273, -0.02168574716535338, 0.011108660124270472, 0.00197709075152924, -0.01789375014316538, 0.017842331741412636, -0.0077136504360504786, -0.0007229340304377184, -0.0033534876548252236, 0.0066226882112230875, -0.0021360392956629227, -0.006262113516731293, 0.006096793669412102, -0.0016435561492512403, -0.008186585843452785, 0.009973140799882072, 0.0, 0.0003242509896978784, 0.0, 0.004951059683466072, 0.007154277081922662, -0.030650558838575214, 0.01576976017859135, -0.0013095310836953968, -0.011323595981986649, 0.01925563820239981, -0.017235790775885638, 0.0, 0.008804630195389754, 0.0033513140179664926, -0.0031511787502829214, -0.002538768318509135, 0.005975654152860454, -0.004771931081610408, 0.001392902114333126, -0.007919355331921955, 0.02878970059560878, -0.013137121450615206, -0.0015433445741143315, 0.007355962368095268, -0.029690399981938818, 0.023564579647208254, 0.0049817446220228765, -0.011084936253015588, -0.003055867117034622, -3.0234955973850376e-05, 0.002437239657920682, -0.0069372507217927044, 0.007535578387060084, -0.0023042613666734994, 0.009088452575308976, -0.00836115123081041, -0.0028971080222435102, 0.0029125298490493886, -0.00047857116491927215, 0.0, 0.0025776194140489646, 0.00821029569078543, -0.010945502683328504, 0.0030503356234426473, 0.001140523372037326, 0.0026100861946363563, -0.0037981216930508144, -0.00873596545002539, 0.010997695645146298, -0.0026692992337385185, 0.003227734926747292, -0.0046594518145427815, 0.0019049171474852516, -0.0002374585615249693], [0.0, -0.01594271785505347, 0.0005936888752634411, 125.05793848133277, 0.0, -125.10005109842909, 0.17234971125005072, -0.2001273644324921, 0.08249501621488196, 0.0007134209261911307, 0.006334413681671572, -0.02277654045078626, 0.01874960770504142, -0.008298856251170703, 0.006323277921287102, 0.0, -0.001310768116984213, -0.01057873489379814, 0.0478978553273409, -0.03436726878469106, 0.003894905155204952, 0.001592118902491589, -0.00744002321601604, 0.003829755361969254, -0.03928467682472024, 0.06093850769836632, -0.014687959635392179, 0.0, 0.004380246264188074, 0.0, -0.02641861525788364, 0.01763877918472867, -0.0001359552024686312, -0.0007421987225325357, -0.006220548004553176, -0.0033235011935954448, -0.0026285252530602043, -0.005109423217360366, 0.012004422847103865, 0.0, 0.01244143824251938, -0.011434143064292197, -0.007830229829169455, 0.007221502152596677, -0.0012488511073593923, 0.0004643595915798431, -0.0038123456726036915, 0.005603322926469803, -0.004993479926397975, 0.003244404377083006, -0.002217099099738292, 0.0012509358273453254, -0.00036239674265118026, 0.009690534875934608, -0.026859606966997487, 0.022559326460030293, -0.013159572107617926, 0.00739898453052649, -0.002305867322371149, 0.0, 0.016861669796755997, -0.024913956501031256, 0.010806083220979383, -0.002923898052572156, -0.001636580393541501, 0.001364850548439386, 0.007586111226704978, -0.0045275164099415266, 0.00046951115812981733, 0.0011912250038081966, -0.0006021714543979432, 0.0006071729481666926, 0.0, -0.000676222681716921, -0.0001304567630394288, -0.0012245973692301003, 0.003432138253896166, -0.0009215624173341736, -0.0024185580962975683, 0.0018873283370139788, -0.0003870101481886602, -0.007741282497825235, 0.0310225767919369, -0.02504726439493245, 0.01351007468199182, -0.00597617319499194, -0.0007393309180775571, 0.0013561058676659617, -0.037809685552432644, 0.05341876268021811, -0.021578682843132902, 0.002160095589236726, 0.010862260826241634, -0.005251328618333517, -0.015424510087781567, 0.010287598970301126, 0.0, -0.008067110586163079, 0.0029301183689945886, -0.0041379391636479634, 0.003745793202381876, 0.0031716116199241077, -1.8146465671299117e-05, 0.00133322897769426, -0.007548108955460777, 0.0013150896357493522, 0.005082061703368558, -0.0033090533792166058, 0.0006225553174315108, 0.013303280505579992, -0.020164710528977448, 0.0, 0.010883123999870556, -0.014498828166267299, 0.004393739623507938, 0.000582665590433384, 0.020302210165539326, -0.02893705041203826, 0.027793655106152698, -0.0060456299432633705, -0.0076816148841239665, 0.016700567237143173, -0.016021702301143144, 0.0008832340794799226, -0.009847711241827095, 0.017440487401112224, -0.0013443016976662548, -0.008093623667001183, 0.0033731488764684394, -0.0004080074001052973, 0.004637404932716442, -0.010627896855931046, 0.009491755242614074, -0.008102447317580159, 0.0, -0.006560019448161715, 0.014114734844821179, -0.005723898662500133, 0.00783661411662871, -0.0029683040166439, -0.002574827401529061, -0.00535203916623996, 0.004951335815302096, 0.0, -0.0003292474323898144, 0.011577183834914788, -0.030396223629854523, 0.015806135305366866, -0.007720531630713991, 0.021932617762643797, -0.016554333155946344, 0.00997145345988912, -0.0008163421709552134, -0.0017183446748458133, 0.0005153168966225643, -0.0048795099064787685, 0.002993116603522461, -0.0022720501036896956, 0.003611949864084268, -0.0013499446174323124, 6.059274444892858e-05, -0.001933519592866617, 0.001561898011694256, -0.00030017531449449855, -1.146030918360759e-05], [0.0, 0.02049670410975445, -0.012824533331887118, -0.0249553077493332, 125.0601553778835, 0.0, -124.97732288057514, -0.16407803375718374, 0.08545857706989264, -0.0014348914732497558, 0.0034421462238278353, -0.001562113236633493, 0.006835116671153885, -0.011239874828090938, 0.0053421742559063975, 0.001098585330502167, -0.0008823038052985874, 0.002758837178450083, -0.0229593241318973, 0.01632028253840987, 0.0, -0.0018565488219158387, -0.0023548827034958046, 0.001109325081375246, 0.03148039801848324, -0.05854303155538962, 0.03503824352243756, -0.02073112700293163, 0.00845046247530555, -0.0018148021886646834, 0.019517088859779753, -0.011299473933972135, 0.010268807553852172, 0.0, -0.0020263146602652387, -0.012493374138825106, 0.015637129318679624, -0.010013022210112804, 0.0045806339221593755, 0.0002313066498463481, -0.009060696568110453, 0.001778748368801971, 0.007587863152053581, -0.0032831560137810693, 4.4243986211532594e-05, 1.1087398573366085e-05, 0.00019908619496688762, 0.00011133539308714879, -0.0014985075095257689, 0.00230980376991355, -0.002371765426788423, 0.00209031540172858, -0.0007281663510781031, -0.0011036427234223537, 0.0016740908816473127, 0.003144605909775864, -0.004749605624757924, 0.00424653718362665, -0.004316440113949576, 0.001429414544938313, -0.0007789343286854212, -0.0042978784659423955, 0.00478930849418954, -0.0036406295613268446, 0.005121261611150365, -0.00183942269179635, 0.0073366986632981785, -0.01855203361300951, 0.017851722702609582, -0.016473545776557203, 0.005561057597173241, 0.014464420166490053, -0.029694988069152328, 0.023387655214664932, -0.007058839381208941, 0.01406276552153145, -0.01791352576490006, 0.00450215010124171, 0.003652385250815551, -0.0008736316404712048, -0.00016621069738374678, 0.0012330262289474384, -0.0034602982089372058, -0.0002868830687969676, -0.0016257159893468623, 0.0040584231827031905, -0.0021839998800811944, 0.000979997746024675, 0.002946965099413245, 0.0029288651459937406, 0.009510700311136572, -0.020132015803897927, 0.011144500342194044, -0.004037255241707208, -0.010473147480811377, 0.013551361620036005, -0.0025353397974479603, 0.007645717735607988, -0.002189396291669728, -0.011452687647706067, 0.019994393308389077, -0.01943760060153213, 0.004943624130168177, -0.009060938433628825, 0.011522151915709834, -0.0014294111947376947, 0.0, -0.0024195387754984664, 0.0008625452694267068, -0.0001650625585270666, -0.005161404147703325, -0.010521715722253262, 0.022796844525884225, -0.013197265282512312, 0.003947911106191033, 0.017345996299208067, -0.005947751028463379, -0.022915706132789312, 0.005883158938892592, 0.0, 0.0, 0.013536016191558227, 0.003131606492985338, -0.0023292994325582244, -0.009648830441872088, 0.00914647279954217, -0.0033807589693293006, -0.00775850850428347, 0.00722549748767034, -0.0016945193051480084, -0.01309126721785474, 0.025331525324200722, -0.005271338757456569, 0.010718452956338168, -0.005341724405654792, -0.021741852735125324, 0.016067014073484456, -0.025361495673846365, 0.010502588673735202, 0.0018744373940340615, -0.0014589399201995657, 0.0018038025768710249, 0.00941159852524479, -0.010628047113254605, 0.002741727855792642, 0.00802920861271031, -0.012206334491194154, 0.012511025679404968, -0.003412095138450184, 0.0015278195583516797, 0.0045235738874741405, -0.007052334089837456, -0.01272771245885207, 0.015417298912203078, -0.0038009873656679382, 0.002352837909228522, -0.01154722889629376, 0.007683802180051975, 0.0164811902953961, -0.017196501698019593, 0.0037685212695378655, -0.00524897883305255, 0.006996676404073192, -0.00279494656270695, 0.0003610061806911], [0.0, -0.2505066473309081, 0.5849340228780189, -0.9242566830680342, 1.1900268499341307, 123.93515811216177, 0.6028350765474658, -125.125180869962, -0.005199469088414022, -0.0003301530453926531, 0.0, 0.00955185300115827, -0.014352833073164832, 0.014372890068164255, -0.0175774099974918, 0.009875217842423565, -0.0008624266859708198, -0.003843474659199956, 0.0007733920737796712, 0.0034576980489757904, -0.0020831162559553965, 0.01279385786290513, -0.008868572174555747, 0.0, -0.001464939621006404, 0.0, -0.006190138963923026, 0.0, 0.003982497676650225, -0.00161945111707969, 0.007324302152692098, -0.011275161656830552, 0.0, -0.0017569175525710787, 0.005149213352385722, 0.0021276579036258805, 0.0217228787412874, -0.009367523651482875, -0.006426009987273805, -0.022748531709112098, 0.020012465442389438, 0.0017743431002210034, -0.0047012899347329265, 0.0, 0.0005221547771994693, -0.00013317906391268353, 0.0012862577908107288, -0.0020284920642631905, 0.0017282640800224298, -0.001246646851139291, 0.0016012832966288883, -0.0016402664881464747, 0.0004998616889589574, -0.003359350653622876, 0.00942431262072647, -0.007053393961116062, 0.003347179282472886, -0.002846410511347899, 0.0021435705914806184, 5.974002559858626e-05, -0.005139879169136986, 0.004303399149664678, 0.0024340464295226124, -0.0029782686486852393, 0.0008040391954023928, -0.0010357271352633296, 0.0015437918657958715, -0.007758929722185708, 0.004698673082822981, 0.0010773929259023267, 0.0, 0.0038922294265968226, -0.0040384008588775855, -0.0007843008446617341, 0.0, 0.002875193052086247, -0.006876554091731069, 0.0038328800497731187, 0.007403366281366422, -0.008032736778818123, 0.0020630475222052943, 0.0026547493373581727, -0.011248396077943805, 0.008702416415455312, -0.00405043266191683, 0.0009143750841066135, 0.0020982368445100143, -0.0018649651845614134, 0.014199102584064342, -0.017505162317387777, 0.0037185583950309787, 0.0044973090041323304, -0.008343387197602142, 0.004221691195248739, 0.001981549555011141, 0.003883241551935863, -0.0047605380456586036, 0.0025453253298024776, -0.0008288958556890176, -0.00041219517161840684, 0.0, 0.00043761871429237283, -0.0009923254201359198, -0.0034591762643743987, 0.013726004748560314, -0.005683538063922642, -0.014881375356960155, 0.01460660246928371, -0.0036564711918627294, -0.005647283689310296, 0.007022179264710435, 0.0016419158495621726, -0.005853732994291835, 0.005140950547358296, -0.0005630425268376793, 0.005229985956760584, -0.01813005064746456, 0.014765738788918197, -0.0020533994866453833, -0.0052053709744480006, 0.004835541473589575, -0.0031895585176726386, -0.006434179776932049, 0.009445782521991056, 0.003941520868315788, -0.011508059323333967, 0.0, 0.0170748367446475, -0.014766361966141162, 0.003759318516197657, -0.005988336084370517, 0.013902786943170632, -0.005594597968158129, -0.006149141646540884, 0.007200684663542406, -0.0005745711938896412, -0.012714222617054646, 0.024664510380814644, -0.01924318288755294, 0.0019851222837307713, 0.006412512126422519, 0.003699927440951168, -0.021527317210015565, 0.018328882507108197, -0.004697455089676302, -0.006704002190350014, 0.02195090044048245, -0.017641386865993237, 0.010528567497039652, -0.012425605891764113, -0.003940982505872876, -0.0015203160734844428, 0.02417772895859726, -0.021591597152614262, 0.005318217303148959, 0.0, 0.01671101827135563, -0.00675655747075354, -0.031164288567889255, 0.026600796130944727, -0.005726074271912921, 0.011305711753982227, -0.013329547326594169, 0.005018578545457289, -0.0005887673296528632], [0.17505170133752604, -0.07302648665274665, 0.13186137218691243, -0.197183118251909, 0.25374188678881143, -0.255728425757163, 125.10201293498186, 0.16577591807726555, -125.11857286782093, 0.0006242625601329623, 0.0007427439310178835, 0.0, -0.00867025630520585, 0.013962409123989775, -0.012167916852728996, 0.0036134184476003762, 0.0014630387590477622, -0.01134052728939943, 0.042752578786696964, -0.027816478720812377, 0.008056921280709855, 0.003190528063946835, 0.0, -0.00475068834794868, -0.0458680596875554, 0.07378605346978397, -0.04284798768936443, 0.020838291826271154, -0.008036813675494785, 0.006254410956652836, -0.018405407951972732, 0.0, 0.0018215113749604332, 0.0, -0.003952475904676548, 0.01871101905008191, -0.020744703044252667, 0.00019822587240251558, 0.006479249099582073, -0.0009970718600270515, 0.020699882129951597, -0.014087644176685154, -0.01632858692960035, 0.016562340110974315, -0.00371477342014304, -0.00015802380814228546, 0.0010200954108159916, -0.0019564886666790893, 0.003909586824443172, -0.004693411645358517, 0.004576752335752247, -0.003940985535088571, 0.001451550199647568, -0.0015270947991360808, 0.0050548434126513695, -0.012669990171640333, 0.013665716272397828, -0.011166950793265093, 0.010382335443169083, -0.003967731704193917, -0.0028238050572475634, 0.015333131812072076, -0.01393505388589419, 0.008991191754405022, -0.01124170769887029, 0.004906543812274616, -0.015070760083705025, 0.03043672763949635, -0.023741562452719172, 0.023585017199488433, -0.009678242566298992, -0.018157627554964077, 0.031169116892399356, -0.027742802016365843, 0.010880813913804969, -0.012773982072856044, 0.018630651148097317, -0.006664066703165979, -0.003624873914891415, 0.0014117856322519613, 5.527581966197997e-05, 0.0, 0.0005892982748090963, 0.00631671181431273, -0.0038176315200120618, -0.0014649836148176328, -0.0009695591004485056, 0.0008851823270645534, -0.0035431974829972734, -0.009675619312041478, -0.005500823111801996, 0.024137430603516027, -0.007867712124039972, -0.0004845531191382725, 0.018011610735281288, -0.021322833929007384, -0.0024715387824220075, -0.012018907558096092, 0.009095295063191705, 0.010310341589365784, -0.006093870844745043, 0.018694273103279656, -0.011588041967938624, 0.0, -0.007883638388838854, 0.006235665652478386, 0.0, -0.00015539107123356614, -0.00018062097780702915, 0.003259059042203267, -7.358977533490093e-05, 0.017715908911325014, -0.033715592784774, 0.014184837200263225, -0.0008789267121735926, -0.015409520540482015, -0.008015284606386567, 0.04837760632329436, -0.006103222544546024, -0.009969618162724448, 0.012850138358335327, -0.046244433189281876, 0.0, 0.013381508240261433, 0.023781290949043105, -0.009886474294400408, -0.007020032237926163, 0.004394511779738346, 0.0, -3.99535380720636e-05, 0.013324363132269021, -0.019168703480352225, -0.00748306290380308, -0.013858084236700551, 0.013488304195331091, 0.011055028151653346, 0.0100646354733218, 0.03421711548586285, -0.03011283124524652, -0.0109011438302198, -0.010181892820524705, 0.016570671808108246, -0.001357937627757781, -0.0015964276973267713, 0.0, -0.004654629045390125, 0.003856384217053602, -0.021338526296302413, 0.01569833018884842, 0.0005288584520549106, 0.01733495360727478, -0.016115267000125926, 0.001130308468735956, 0.0, 0.0004711663171954296, -0.0004870859571305169, -0.002395608010095079, 0.003627508927746285, -0.0031371301075699067, 0.001590896186210527, -0.00047824036053952624, 0.001571720996352098, -0.0014666794241009137, 0.000526916556199832, -7.53438276061289e-05], [40.60470143481856, 28.833199655592562, -115.64571302364384, 242.97896441712842, -382.2332310897409, 494.9640547247789, -522.2962448503204, 584.2566774885805, -326.56305636306996, -0.08738765493283389, 0.2592856898790358, 0.0, 0.05050449886968202, -0.12699232417196954, 0.18446193766274674, -0.16168619708973622, -0.02330453815266332, -0.31116699656089986, 0.0, -0.15695474146960056, 0.2276293271898915, -0.2104532470094313, 0.22230135842049575, 0.23066999282264058, 0.6358020915053838, -1.076567200872282, 1.0507258934234909, -0.8305548961602185, 0.46231818350492504, -0.7455048201258917, 0.09412003426536397, -0.07014724720003858, 0.0, -0.017770547878712316, 0.8932944199964794, 0.057579652261306506, 0.0, 0.15665200689055164, -1.1238923090449273, -0.12751358535893037, -0.03758979463343107, 0.9639087616893226, 0.07023604797228555, -0.6499475830406629, 0.19613193215340716, -0.0097956308218763, 0.056930123443919546, -0.05339869924990466, 0.052072678667034446, -0.041559906156611245, 0.022107336455635906, -0.016076132988746668, 0.012550139444234559, -0.09540600999756123, 0.131781618120516, -0.1187137182239154, 0.09444793379390219, -0.04289708473143713, 0.045987484649098506, -0.05407472367764051, -0.006295416334481658, 0.0, -0.011118483806258956, 0.0, -0.02696669894309946, 0.05808938122589192, 0.008545058419679832, -0.0035919488292451528, 0.0, 0.026161758489654567, -0.06264011945064041, 0.007401965981307743, -0.02636801621126036, -0.0019091948888244517, 0.049124663265276126, 0.029024885613117495, -0.03421582925424187, -0.021888248555223113, 0.012210186317492207, 0.00872914965879545, -0.001571928181056814, 0.04046832724203203, -0.005236797939639834, -0.01334097416384514, 0.0002861573621017851, -0.00528496626077643, -0.031711074847301866, 0.06412690713213622, -0.19554702051850076, 0.4120107212386601, -0.25966279230415823, 0.146837278200946, 0.0011818542253074008, -0.14514726532684533, -0.2068279270727365, 0.24610793970719788, -0.13770720176483486, 0.012680377323110278, 0.16109606064444262, -0.08155211778619634, 0.1554496634012251, -0.07094535398030437, -0.12448150948612635, -0.12213479170245707, 0.18264177748196914, 0.03959129131611769, -0.07549433609496291, 0.0, 0.00027083771061967395, 0.1636615685059152, -0.4360355619092084, 0.2459464406812602, -0.12786838220045316, 0.03189191274817252, 0.09193122511932912, 0.29064184650245245, -0.15234332475790904, 0.0513295892512044, -0.017123918316521148, -0.228069023922155, -0.05386622453366515, -0.03622020464870891, 0.1179706644502573, 0.15905589892692218, 0.15658473676248805, -0.3528252059760153, -0.01313880209739858, 0.17069185808300197, -0.05380662914279735, 0.013687144342908244, 0.02278851530732883, -0.34522436984687005, 0.24299035747264094, -0.07629503173453095, 0.1538284508072258, 0.5449912806102335, -0.5562801481798397, 0.0412774614493437, -0.22195663291325504, -0.01595606449138324, 0.34594434927655104, 0.02077202479868604, -0.21993318599530573, 0.09474198009040208, -0.029356993549260718, -0.23666775098212928, 0.30101056015237243, 0.04285294824450871, 0.06770986670381755, 0.06338596712316584, -0.5024776828930114, 0.059478867753703195, 0.2955160023177075, -0.17140604467550535, 0.05055602614933436, -0.11104956926588251, 0.37717534176242845, -0.0850244632911093, -0.33364450102428816, 0.20021169504954148, -0.05112362118496855, 0.08247627604803909, -0.07482250315811037, 0.030586609846571976, -0.003765832134316565]]",(x0)' = -64.098 1 +  327.570 x0 + -588.395 x1 +  528.007 x2 + -500.287 x3 +  386.946 x4 + -245.983 x5 +  117.051 x6 + -29.039 x7 + -0.706 x0^2 +  3.576 x0 x1 + -4.921 x0 x2 +  5.365 x0 x3 + -4.746 x0 x4 +  3.348 x0 x5 + -1.732 x0 x6 +  0.574 x0 x7 + -4.027 x1^2 +  10.387 x1 x2 + -11.014 x1 x3 +  9.397 x1 x4 + -6.646 x1 x5 +  3.559 x1 x6 + -1.291 x1 x7 + -6.247 x2^2 +  12.757 x2 x3 + -10.557 x2 x4 +  7.402 x2 x5 + -4.146 x2 x6 +  1.706 x2 x7 + -5.961 x3^2 +  8.943 x3 x4 + -5.967 x3 x5 +  3.352 x3 x6 + -1.662 x3 x7 + -2.728 x4^2 +  3.064 x4 x5 + -1.769 x4 x6 +  1.237 x4 x7 + -0.461 x5^2 +  0.352 x5 x6 + -0.707 x5 x7 +  0.077 x6^2 +  0.264 x6 x7 + -0.066 x7^2 +  0.015 x0^3 + -0.108 x0^2 x1 +  0.123 x0^2 x2 + -0.114 x0^2 x3 +  0.089 x0^2 x4 + -0.072 x0^2 x5 +  0.057 x0^2 x6 + -0.026 x0^2 x7 +  0.247 x0 x1^2 + -0.485 x0 x1 x2 +  0.373 x0 x1 x3 + -0.242 x0 x1 x4 +  0.191 x0 x1 x5 + -0.184 x0 x1 x6 +  0.103 x0 x1 x7 +  0.159 x0 x2^2 + -0.085 x0 x2 x3 + -0.046 x0 x2 x4 + -0.001 x0 x2 x5 +  0.105 x0 x2 x6 + -0.101 x0 x2 x7 + -0.119 x0 x3^2 +  0.368 x0 x3 x4 + -0.230 x0 x3 x5 +  0.030 x0 x3 x6 +  0.060 x0 x3 x7 + -0.270 x0 x4^2 +  0.411 x0 x4 x5 + -0.161 x0 x4 x6 + -0.008 x0 x4 x7 + -0.187 x0 x5^2 +  0.189 x0 x5 x6 + -0.019 x0 x5 x7 + -0.063 x0 x6^2 +  0.026 x0 x6 x7 + -0.005 x0 x7^2 + -0.191 x1^3 +  0.535 x1^2 x2 + -0.375 x1^2 x3 +  0.213 x1^2 x4 + -0.159 x1^2 x5 +  0.173 x1^2 x6 + -0.113 x1^2 x7 + -0.371 x1 x2^2 +  0.272 x1 x2 x3 + -0.014 x1 x2 x4 +  0.102 x1 x2 x5 + -0.289 x1 x2 x6 +  0.255 x1 x2 x7 +  0.138 x1 x3^2 + -0.466 x1 x3 x4 +  0.196 x1 x3 x5 +  0.110 x1 x3 x6 + -0.193 x1 x3 x7 +  0.366 x1 x4^2 + -0.506 x1 x4 x5 +  0.143 x1 x4 x6 +  0.077 x1 x4 x7 +  0.240 x1 x5^2 + -0.230 x1 x5 x6 + -0.012 x1 x5 x7 +  0.080 x1 x6^2 + -0.017 x1 x6 x7 +  0.003 x1 x7^2 +  0.038 x2^3 +  0.110 x2^2 x3 + -0.110 x2^2 x4 + -0.071 x2^2 x5 +  0.210 x2^2 x6 + -0.178 x2^2 x7 + -0.274 x2 x3^2 +  0.378 x2 x3 x4 +  0.148 x2 x3 x5 + -0.408 x2 x3 x6 +  0.337 x2 x3 x7 + -0.187 x2 x4^2 +  0.053 x2 x4 x5 +  0.149 x2 x4 x6 + -0.194 x2 x4 x7 + -0.056 x2 x5^2 +  0.047 x2 x5 x6 +  0.084 x2 x5 x7 + -0.048 x2 x6^2 + -0.007 x2 x6 x7 + -0.001 x2 x7^2 +  0.092 x3^3 + -0.068 x3^2 x4 + -0.243 x3^2 x5 +  0.287 x3^2 x6 + -0.185 x3^2 x7 + -0.050 x3 x4^2 +  0.437 x3 x4 x5 + -0.392 x3 x4 x6 +  0.250 x3 x4 x7 + -0.154 x3 x5^2 +  0.152 x3 x5 x6 + -0.134 x3 x5 x7 +  0.006 x3 x6^2 +  0.026 x3 x6 x7 +  0.048 x4^3 + -0.233 x4^2 x5 +  0.160 x4^2 x6 + -0.091 x4^2 x7 +  0.169 x4 x5^2 + -0.149 x4 x5 x6 +  0.108 x4 x5 x7 + -0.020 x4 x6 x7 + -0.001 x4 x7^2 + -0.027 x5^3 +  0.013 x5^2 x6 + -0.032 x5^2 x7 +  0.024 x5 x6^2 +  0.010 x5 x6 x7 + -0.010 x6^3 +  0.001 x6^2 x7 | (x1)' = -0.005 1 +  124.952 x0 +  0.271 x1 + -125.513 x2 +  0.551 x3 + -0.482 x4 +  0.338 x5 + -0.151 x6 +  0.035 x7 + -0.003 x0^2 +  0.005 x0 x1 +  0.001 x0 x2 + -0.001 x0 x5 + -0.002 x0 x6 +  0.002 x0 x7 + -0.002 x1^2 + -0.002 x1 x2 + -0.001 x1 x4 +  0.007 x1 x5 + -0.004 x1 x6 +  0.003 x2^2 +  0.002 x2 x3 + -0.002 x2 x4 + -0.009 x2 x5 +  0.012 x2 x6 + -0.006 x2 x7 + -0.008 x3^2 +  0.012 x3 x4 + -0.002 x3 x5 + -0.007 x3 x6 +  0.008 x3 x7 + -0.007 x4 x5 +  0.014 x4 x6 + -0.012 x4 x7 +  0.008 x5^2 + -0.019 x5 x6 +  0.011 x5 x7 +  0.009 x6^2 + -0.008 x6 x7 +  0.002 x7^2 +  0.001 x0^2 x1 + -0.001 x0^2 x2 +  0.001 x0^2 x3 + -0.001 x0^2 x4 + -0.001 x0 x1^2 +  0.002 x0 x1 x2 + -0.002 x0 x1 x3 +  0.001 x0 x1 x4 + -0.001 x0 x1 x7 + -0.002 x0 x2 x3 +  0.004 x0 x2 x4 + -0.004 x0 x2 x5 +  0.002 x0 x2 x6 +  0.001 x0 x2 x7 +  0.003 x0 x3^2 + -0.006 x0 x3 x4 +  0.006 x0 x3 x5 + -0.001 x0 x3 x6 + -0.002 x0 x3 x7 +  0.002 x0 x4^2 + -0.004 x0 x4 x5 +  0.003 x0 x4 x7 +  0.002 x0 x5^2 + -0.002 x0 x5 x6 + -0.001 x0 x5 x7 +  0.001 x0 x6^2 +  0.001 x1^3 + -0.002 x1^2 x2 +  0.002 x1^2 x3 + -0.001 x1^2 x4 +  0.001 x1^2 x7 +  0.001 x1 x2 x3 + -0.003 x1 x2 x4 +  0.006 x1 x2 x5 + -0.002 x1 x2 x6 + -0.005 x1 x2 x7 + -0.001 x1 x3^2 +  0.003 x1 x3 x4 + -0.006 x1 x3 x5 +  0.008 x1 x3 x7 +  0.005 x1 x4 x5 + -0.009 x1 x4 x7 + -0.006 x1 x5^2 +  0.006 x1 x5 x6 +  0.004 x1 x5 x7 + -0.003 x1 x6^2 +  0.001 x2^3 + -0.003 x2^2 x3 +  0.004 x2^2 x4 + -0.007 x2^2 x5 +  0.003 x2^2 x6 +  0.004 x2^2 x7 +  0.003 x2 x3^2 + -0.005 x2 x3 x4 +  0.013 x2 x3 x5 + -0.002 x2 x3 x6 + -0.014 x2 x3 x7 +  0.001 x2 x4^2 + -0.012 x2 x4 x5 +  0.002 x2 x4 x6 +  0.014 x2 x4 x7 +  0.012 x2 x5^2 + -0.012 x2 x5 x6 + -0.007 x2 x5 x7 +  0.004 x2 x6^2 +  0.002 x2 x6 x7 + -0.001 x2 x7^2 + -0.006 x3^2 x4 + -0.004 x3^2 x6 +  0.010 x3^2 x7 +  0.012 x3 x4^2 + -0.006 x3 x4 x5 +  0.011 x3 x4 x6 + -0.021 x3 x4 x7 + -0.006 x3 x5^2 +  0.005 x3 x5 x6 +  0.012 x3 x5 x7 + -0.003 x3 x6^2 + -0.005 x3 x6 x7 +  0.002 x3 x7^2 + -0.006 x4^3 +  0.007 x4^2 x5 + -0.007 x4^2 x6 +  0.010 x4^2 x7 +  0.005 x4 x5^2 + -0.006 x4 x5 x6 + -0.010 x4 x5 x7 +  0.003 x4 x6^2 +  0.005 x4 x6 x7 + -0.002 x4 x7^2 + -0.005 x5^3 +  0.011 x5^2 x6 +  0.001 x5^2 x7 + -0.008 x5 x6^2 +  0.001 x5 x7^2 +  0.002 x6^3 + -0.001 x6 x7^2 | (x2)' = -0.067 1 + -0.119 x0 +  125.246 x1 + -0.253 x2 + -124.720 x3 + -0.277 x4 +  0.132 x5 +  0.031 x6 + -0.025 x7 +  0.002 x0^2 + -0.006 x0 x1 +  0.003 x0 x3 + -0.002 x0 x6 +  0.004 x1^2 +  0.005 x1 x2 + -0.017 x1 x3 +  0.007 x1 x4 +  0.005 x1 x5 + -0.010 x2^2 +  0.039 x2 x3 + -0.022 x2 x4 + -0.004 x2 x5 + -0.026 x3^2 +  0.029 x3 x4 + -0.020 x4 x5 +  0.011 x4 x6 + -0.003 x4 x7 +  0.011 x5^2 + -0.006 x5 x6 +  0.003 x5 x7 + -0.001 x6^2 + -0.001 x6 x7 +  0.001 x7^2 + -0.001 x0^2 x4 +  0.001 x0^2 x5 +  0.002 x0 x1 x3 +  0.001 x0 x1 x5 + -0.002 x0 x1 x6 + -0.008 x0 x2 x3 +  0.008 x0 x2 x4 + -0.004 x0 x2 x5 +  0.003 x0 x2 x6 +  0.010 x0 x3^2 + -0.017 x0 x3 x4 +  0.009 x0 x3 x5 + -0.004 x0 x3 x6 +  0.006 x0 x4^2 + -0.003 x0 x4 x5 + -0.001 x0 x5^2 +  0.001 x0 x5 x7 +  0.002 x0 x6^2 + -0.003 x0 x6 x7 +  0.001 x0 x7^2 +  0.001 x1^3 + -0.005 x1^2 x2 +  0.001 x1^2 x4 + -0.001 x1^2 x5 +  0.003 x1^2 x6 +  0.010 x1 x2^2 + -0.008 x1 x2 x4 +  0.006 x1 x2 x5 + -0.007 x1 x2 x6 + -0.003 x1 x2 x7 + -0.014 x1 x3^2 +  0.035 x1 x3 x4 + -0.022 x1 x3 x5 +  0.011 x1 x3 x6 +  0.002 x1 x3 x7 + -0.018 x1 x4^2 +  0.018 x1 x4 x5 + -0.008 x1 x4 x6 + -0.001 x1 x4 x7 + -0.003 x1 x5^2 +  0.007 x1 x5 x6 + -0.002 x1 x5 x7 + -0.006 x1 x6^2 +  0.006 x1 x6 x7 + -0.002 x1 x7^2 + -0.008 x2^3 +  0.010 x2^2 x3 +  0.005 x2^2 x7 +  0.007 x2 x3^2 + -0.031 x2 x3 x4 +  0.016 x2 x3 x5 + -0.001 x2 x3 x6 + -0.011 x2 x3 x7 +  0.019 x2 x4^2 + -0.017 x2 x4 x5 +  0.009 x2 x4 x7 +  0.003 x2 x5^2 + -0.003 x2 x5 x6 + -0.003 x2 x5 x7 +  0.006 x2 x6^2 + -0.005 x2 x6 x7 +  0.001 x2 x7^2 + -0.008 x3^3 +  0.029 x3^2 x4 + -0.013 x3^2 x5 + -0.002 x3^2 x6 +  0.007 x3^2 x7 + -0.030 x3 x4^2 +  0.024 x3 x4 x5 +  0.005 x3 x4 x6 + -0.011 x3 x4 x7 + -0.003 x3 x5^2 +  0.002 x3 x5 x7 + -0.007 x3 x6^2 +  0.008 x3 x6 x7 + -0.002 x3 x7^2 +  0.009 x4^3 + -0.008 x4^2 x5 + -0.003 x4^2 x6 +  0.003 x4^2 x7 +  0.003 x4 x5 x7 +  0.008 x4 x6^2 + -0.011 x4 x6 x7 +  0.003 x4 x7^2 +  0.001 x5^3 +  0.003 x5^2 x6 + -0.004 x5^2 x7 + -0.009 x5 x6^2 +  0.011 x5 x6 x7 + -0.003 x5 x7^2 +  0.003 x6^3 + -0.005 x6^2 x7 +  0.002 x6 x7^2 | (x3)' = -0.016 x0 +  0.001 x1 +  125.058 x2 + -125.100 x4 +  0.172 x5 + -0.200 x6 +  0.082 x7 +  0.001 x0^2 +  0.006 x0 x1 + -0.023 x0 x2 +  0.019 x0 x3 + -0.008 x0 x4 +  0.006 x0 x5 + -0.001 x0 x7 + -0.011 x1^2 +  0.048 x1 x2 + -0.034 x1 x3 +  0.004 x1 x4 +  0.002 x1 x5 + -0.007 x1 x6 +  0.004 x1 x7 + -0.039 x2^2 +  0.061 x2 x3 + -0.015 x2 x4 +  0.004 x2 x6 + -0.026 x3^2 +  0.018 x3 x4 + -0.001 x3 x6 + -0.006 x3 x7 + -0.003 x4^2 + -0.003 x4 x5 + -0.005 x4 x6 +  0.012 x4 x7 +  0.012 x5 x6 + -0.011 x5 x7 + -0.008 x6^2 +  0.007 x6 x7 + -0.001 x7^2 + -0.004 x0^2 x1 +  0.006 x0^2 x2 + -0.005 x0^2 x3 +  0.003 x0^2 x4 + -0.002 x0^2 x5 +  0.001 x0^2 x6 +  0.010 x0 x1^2 + -0.027 x0 x1 x2 +  0.023 x0 x1 x3 + -0.013 x0 x1 x4 +  0.007 x0 x1 x5 + -0.002 x0 x1 x6 +  0.017 x0 x2^2 + -0.025 x0 x2 x3 +  0.011 x0 x2 x4 + -0.003 x0 x2 x5 + -0.002 x0 x2 x6 +  0.001 x0 x2 x7 +  0.008 x0 x3^2 + -0.005 x0 x3 x4 +  0.001 x0 x3 x6 + -0.001 x0 x3 x7 +  0.001 x0 x4^2 + -0.001 x0 x4 x6 + -0.001 x0 x5^2 +  0.003 x0 x5 x6 + -0.001 x0 x5 x7 + -0.002 x0 x6^2 +  0.002 x0 x6 x7 + -0.008 x1^3 +  0.031 x1^2 x2 + -0.025 x1^2 x3 +  0.014 x1^2 x4 + -0.006 x1^2 x5 + -0.001 x1^2 x6 +  0.001 x1^2 x7 + -0.038 x1 x2^2 +  0.053 x1 x2 x3 + -0.022 x1 x2 x4 +  0.002 x1 x2 x5 +  0.011 x1 x2 x6 + -0.005 x1 x2 x7 + -0.015 x1 x3^2 +  0.010 x1 x3 x4 + -0.008 x1 x3 x6 +  0.003 x1 x3 x7 + -0.004 x1 x4^2 +  0.004 x1 x4 x5 +  0.003 x1 x4 x6 +  0.001 x1 x5^2 + -0.008 x1 x5 x6 +  0.001 x1 x5 x7 +  0.005 x1 x6^2 + -0.003 x1 x6 x7 +  0.001 x1 x7^2 +  0.013 x2^3 + -0.020 x2^2 x3 +  0.011 x2^2 x5 + -0.014 x2^2 x6 +  0.004 x2^2 x7 +  0.001 x2 x3^2 +  0.020 x2 x3 x4 + -0.029 x2 x3 x5 +  0.028 x2 x3 x6 + -0.006 x2 x3 x7 + -0.008 x2 x4^2 +  0.017 x2 x4 x5 + -0.016 x2 x4 x6 +  0.001 x2 x4 x7 + -0.010 x2 x5^2 +  0.017 x2 x5 x6 + -0.001 x2 x5 x7 + -0.008 x2 x6^2 +  0.003 x2 x6 x7 +  0.005 x3^3 + -0.011 x3^2 x4 +  0.009 x3^2 x5 + -0.008 x3^2 x6 + -0.007 x3 x4^2 +  0.014 x3 x4 x5 + -0.006 x3 x4 x6 +  0.008 x3 x4 x7 + -0.003 x3 x5^2 + -0.003 x3 x5 x6 + -0.005 x3 x5 x7 +  0.005 x3 x6^2 +  0.012 x4^3 + -0.030 x4^2 x5 +  0.016 x4^2 x6 + -0.008 x4^2 x7 +  0.022 x4 x5^2 + -0.017 x4 x5 x6 +  0.010 x4 x5 x7 + -0.001 x4 x6^2 + -0.002 x4 x6 x7 +  0.001 x4 x7^2 + -0.005 x5^3 +  0.003 x5^2 x6 + -0.002 x5^2 x7 +  0.004 x5 x6^2 + -0.001 x5 x6 x7 + -0.002 x6^3 +  0.002 x6^2 x7 | (x4)' =  0.020 x0 + -0.013 x1 + -0.025 x2 +  125.060 x3 + -124.977 x5 + -0.164 x6 +  0.085 x7 + -0.001 x0^2 +  0.003 x0 x1 + -0.002 x0 x2 +  0.007 x0 x3 + -0.011 x0 x4 +  0.005 x0 x5 +  0.001 x0 x6 + -0.001 x0 x7 +  0.003 x1^2 + -0.023 x1 x2 +  0.016 x1 x3 + -0.002 x1 x5 + -0.002 x1 x6 +  0.001 x1 x7 +  0.031 x2^2 + -0.059 x2 x3 +  0.035 x2 x4 + -0.021 x2 x5 +  0.008 x2 x6 + -0.002 x2 x7 +  0.020 x3^2 + -0.011 x3 x4 +  0.010 x3 x5 + -0.002 x3 x7 + -0.012 x4^2 +  0.016 x4 x5 + -0.010 x4 x6 +  0.005 x4 x7 + -0.009 x5 x6 +  0.002 x5 x7 +  0.008 x6^2 + -0.003 x6 x7 + -0.001 x0^2 x3 +  0.002 x0^2 x4 + -0.002 x0^2 x5 +  0.002 x0^2 x6 + -0.001 x0^2 x7 + -0.001 x0 x1^2 +  0.002 x0 x1 x2 +  0.003 x0 x1 x3 + -0.005 x0 x1 x4 +  0.004 x0 x1 x5 + -0.004 x0 x1 x6 +  0.001 x0 x1 x7 + -0.001 x0 x2^2 + -0.004 x0 x2 x3 +  0.005 x0 x2 x4 + -0.004 x0 x2 x5 +  0.005 x0 x2 x6 + -0.002 x0 x2 x7 +  0.007 x0 x3^2 + -0.019 x0 x3 x4 +  0.018 x0 x3 x5 + -0.016 x0 x3 x6 +  0.006 x0 x3 x7 +  0.014 x0 x4^2 + -0.030 x0 x4 x5 +  0.023 x0 x4 x6 + -0.007 x0 x4 x7 +  0.014 x0 x5^2 + -0.018 x0 x5 x6 +  0.005 x0 x5 x7 +  0.004 x0 x6^2 + -0.001 x0 x6 x7 +  0.001 x1^3 + -0.003 x1^2 x2 + -0.002 x1^2 x4 +  0.004 x1^2 x5 + -0.002 x1^2 x6 +  0.001 x1^2 x7 +  0.003 x1 x2^2 +  0.003 x1 x2 x3 +  0.010 x1 x2 x4 + -0.020 x1 x2 x5 +  0.011 x1 x2 x6 + -0.004 x1 x2 x7 + -0.010 x1 x3^2 +  0.014 x1 x3 x4 + -0.003 x1 x3 x5 +  0.008 x1 x3 x6 + -0.002 x1 x3 x7 + -0.011 x1 x4^2 +  0.020 x1 x4 x5 + -0.019 x1 x4 x6 +  0.005 x1 x4 x7 + -0.009 x1 x5^2 +  0.012 x1 x5 x6 + -0.001 x1 x5 x7 + -0.002 x1 x6 x7 +  0.001 x1 x7^2 + -0.005 x2^2 x3 + -0.011 x2^2 x4 +  0.023 x2^2 x5 + -0.013 x2^2 x6 +  0.004 x2^2 x7 +  0.017 x2 x3^2 + -0.006 x2 x3 x4 + -0.023 x2 x3 x5 +  0.006 x2 x3 x6 +  0.014 x2 x4 x5 +  0.003 x2 x4 x6 + -0.002 x2 x4 x7 + -0.010 x2 x5^2 +  0.009 x2 x5 x6 + -0.003 x2 x5 x7 + -0.008 x2 x6^2 +  0.007 x2 x6 x7 + -0.002 x2 x7^2 + -0.013 x3^3 +  0.025 x3^2 x4 + -0.005 x3^2 x5 +  0.011 x3^2 x6 + -0.005 x3^2 x7 + -0.022 x3 x4^2 +  0.016 x3 x4 x5 + -0.025 x3 x4 x6 +  0.011 x3 x4 x7 +  0.002 x3 x5^2 + -0.001 x3 x5 x6 +  0.002 x3 x5 x7 +  0.009 x3 x6^2 + -0.011 x3 x6 x7 +  0.003 x3 x7^2 +  0.008 x4^3 + -0.012 x4^2 x5 +  0.013 x4^2 x6 + -0.003 x4^2 x7 +  0.002 x4 x5^2 +  0.005 x4 x5 x6 + -0.007 x4 x5 x7 + -0.013 x4 x6^2 +  0.015 x4 x6 x7 + -0.004 x4 x7^2 +  0.002 x5^3 + -0.012 x5^2 x6 +  0.008 x5^2 x7 +  0.016 x5 x6^2 + -0.017 x5 x6 x7 +  0.004 x5 x7^2 + -0.005 x6^3 +  0.007 x6^2 x7 + -0.003 x6 x7^2 | (x5)' = -0.251 x0 +  0.585 x1 + -0.924 x2 +  1.190 x3 +  123.935 x4 +  0.603 x5 + -125.125 x6 + -0.005 x7 +  0.010 x0 x2 + -0.014 x0 x3 +  0.014 x0 x4 + -0.018 x0 x5 +  0.010 x0 x6 + -0.001 x0 x7 + -0.004 x1^2 +  0.001 x1 x2 +  0.003 x1 x3 + -0.002 x1 x4 +  0.013 x1 x5 + -0.009 x1 x6 + -0.001 x2^2 + -0.006 x2 x4 +  0.004 x2 x6 + -0.002 x2 x7 +  0.007 x3^2 + -0.011 x3 x4 + -0.002 x3 x6 +  0.005 x3 x7 +  0.002 x4^2 +  0.022 x4 x5 + -0.009 x4 x6 + -0.006 x4 x7 + -0.023 x5^2 +  0.020 x5 x6 +  0.002 x5 x7 + -0.005 x6^2 +  0.001 x7^2 +  0.001 x0^2 x1 + -0.002 x0^2 x2 +  0.002 x0^2 x3 + -0.001 x0^2 x4 +  0.002 x0^2 x5 + -0.002 x0^2 x6 + -0.003 x0 x1^2 +  0.009 x0 x1 x2 + -0.007 x0 x1 x3 +  0.003 x0 x1 x4 + -0.003 x0 x1 x5 +  0.002 x0 x1 x6 + -0.005 x0 x2^2 +  0.004 x0 x2 x3 +  0.002 x0 x2 x4 + -0.003 x0 x2 x5 +  0.001 x0 x2 x6 + -0.001 x0 x2 x7 +  0.002 x0 x3^2 + -0.008 x0 x3 x4 +  0.005 x0 x3 x5 +  0.001 x0 x3 x6 +  0.004 x0 x4^2 + -0.004 x0 x4 x5 + -0.001 x0 x4 x6 +  0.003 x0 x5^2 + -0.007 x0 x5 x6 +  0.004 x0 x5 x7 +  0.007 x0 x6^2 + -0.008 x0 x6 x7 +  0.002 x0 x7^2 +  0.003 x1^3 + -0.011 x1^2 x2 +  0.009 x1^2 x3 + -0.004 x1^2 x4 +  0.001 x1^2 x5 +  0.002 x1^2 x6 + -0.002 x1^2 x7 +  0.014 x1 x2^2 + -0.018 x1 x2 x3 +  0.004 x1 x2 x4 +  0.004 x1 x2 x5 + -0.008 x1 x2 x6 +  0.004 x1 x2 x7 +  0.002 x1 x3^2 +  0.004 x1 x3 x4 + -0.005 x1 x3 x5 +  0.003 x1 x3 x6 + -0.001 x1 x3 x7 + -0.001 x1 x4 x7 + -0.003 x1 x5^2 +  0.014 x1 x5 x6 + -0.006 x1 x5 x7 + -0.015 x1 x6^2 +  0.015 x1 x6 x7 + -0.004 x1 x7^2 + -0.006 x2^3 +  0.007 x2^2 x3 +  0.002 x2^2 x4 + -0.006 x2^2 x5 +  0.005 x2^2 x6 + -0.001 x2^2 x7 +  0.005 x2 x3^2 + -0.018 x2 x3 x4 +  0.015 x2 x3 x5 + -0.002 x2 x3 x6 + -0.005 x2 x3 x7 +  0.005 x2 x4^2 + -0.003 x2 x4 x5 + -0.006 x2 x4 x6 +  0.009 x2 x4 x7 +  0.004 x2 x5^2 + -0.012 x2 x5 x6 +  0.017 x2 x6^2 + -0.015 x2 x6 x7 +  0.004 x2 x7^2 + -0.006 x3^3 +  0.014 x3^2 x4 + -0.006 x3^2 x5 + -0.006 x3^2 x6 +  0.007 x3^2 x7 + -0.001 x3 x4^2 + -0.013 x3 x4 x5 +  0.025 x3 x4 x6 + -0.019 x3 x4 x7 +  0.002 x3 x5^2 +  0.006 x3 x5 x6 +  0.004 x3 x5 x7 + -0.022 x3 x6^2 +  0.018 x3 x6 x7 + -0.005 x3 x7^2 + -0.007 x4^3 +  0.022 x4^2 x5 + -0.018 x4^2 x6 +  0.011 x4^2 x7 + -0.012 x4 x5^2 + -0.004 x4 x5 x6 + -0.002 x4 x5 x7 +  0.024 x4 x6^2 + -0.022 x4 x6 x7 +  0.005 x4 x7^2 +  0.017 x5^2 x6 + -0.007 x5^2 x7 + -0.031 x5 x6^2 +  0.027 x5 x6 x7 + -0.006 x5 x7^2 +  0.011 x6^3 + -0.013 x6^2 x7 +  0.005 x6 x7^2 + -0.001 x7^3 | (x6)' =  0.175 1 + -0.073 x0 +  0.132 x1 + -0.197 x2 +  0.254 x3 + -0.256 x4 +  125.102 x5 +  0.166 x6 + -125.119 x7 +  0.001 x0^2 +  0.001 x0 x1 + -0.009 x0 x3 +  0.014 x0 x4 + -0.012 x0 x5 +  0.004 x0 x6 +  0.001 x0 x7 + -0.011 x1^2 +  0.043 x1 x2 + -0.028 x1 x3 +  0.008 x1 x4 +  0.003 x1 x5 + -0.005 x1 x7 + -0.046 x2^2 +  0.074 x2 x3 + -0.043 x2 x4 +  0.021 x2 x5 + -0.008 x2 x6 +  0.006 x2 x7 + -0.018 x3^2 +  0.002 x3 x5 + -0.004 x3 x7 +  0.019 x4^2 + -0.021 x4 x5 +  0.006 x4 x7 + -0.001 x5^2 +  0.021 x5 x6 + -0.014 x5 x7 + -0.016 x6^2 +  0.017 x6 x7 + -0.004 x7^2 +  0.001 x0^2 x1 + -0.002 x0^2 x2 +  0.004 x0^2 x3 + -0.005 x0^2 x4 +  0.005 x0^2 x5 + -0.004 x0^2 x6 +  0.001 x0^2 x7 + -0.002 x0 x1^2 +  0.005 x0 x1 x2 + -0.013 x0 x1 x3 +  0.014 x0 x1 x4 + -0.011 x0 x1 x5 +  0.010 x0 x1 x6 + -0.004 x0 x1 x7 + -0.003 x0 x2^2 +  0.015 x0 x2 x3 + -0.014 x0 x2 x4 +  0.009 x0 x2 x5 + -0.011 x0 x2 x6 +  0.005 x0 x2 x7 + -0.015 x0 x3^2 +  0.030 x0 x3 x4 + -0.024 x0 x3 x5 +  0.024 x0 x3 x6 + -0.010 x0 x3 x7 + -0.018 x0 x4^2 +  0.031 x0 x4 x5 + -0.028 x0 x4 x6 +  0.011 x0 x4 x7 + -0.013 x0 x5^2 +  0.019 x0 x5 x6 + -0.007 x0 x5 x7 + -0.004 x0 x6^2 +  0.001 x0 x6 x7 +  0.001 x1^2 x2 +  0.006 x1^2 x3 + -0.004 x1^2 x4 + -0.001 x1^2 x5 + -0.001 x1^2 x6 +  0.001 x1^2 x7 + -0.004 x1 x2^2 + -0.010 x1 x2 x3 + -0.006 x1 x2 x4 +  0.024 x1 x2 x5 + -0.008 x1 x2 x6 +  0.018 x1 x3^2 + -0.021 x1 x3 x4 + -0.002 x1 x3 x5 + -0.012 x1 x3 x6 +  0.009 x1 x3 x7 +  0.010 x1 x4^2 + -0.006 x1 x4 x5 +  0.019 x1 x4 x6 + -0.012 x1 x4 x7 + -0.008 x1 x5 x6 +  0.006 x1 x5 x7 +  0.003 x2^3 +  0.018 x2^2 x4 + -0.034 x2^2 x5 +  0.014 x2^2 x6 + -0.001 x2^2 x7 + -0.015 x2 x3^2 + -0.008 x2 x3 x4 +  0.048 x2 x3 x5 + -0.006 x2 x3 x6 + -0.010 x2 x3 x7 +  0.013 x2 x4^2 + -0.046 x2 x4 x5 +  0.013 x2 x4 x7 +  0.024 x2 x5^2 + -0.010 x2 x5 x6 + -0.007 x2 x5 x7 +  0.004 x2 x6^2 +  0.013 x3^3 + -0.019 x3^2 x4 + -0.007 x3^2 x5 + -0.014 x3^2 x6 +  0.013 x3^2 x7 +  0.011 x3 x4^2 +  0.010 x3 x4 x5 +  0.034 x3 x4 x6 + -0.030 x3 x4 x7 + -0.011 x3 x5^2 + -0.010 x3 x5 x6 +  0.017 x3 x5 x7 + -0.001 x3 x6^2 + -0.002 x3 x6 x7 + -0.005 x4^3 +  0.004 x4^2 x5 + -0.021 x4^2 x6 +  0.016 x4^2 x7 +  0.001 x4 x5^2 +  0.017 x4 x5 x6 + -0.016 x4 x5 x7 +  0.001 x4 x6^2 + -0.002 x5^2 x6 +  0.004 x5^2 x7 + -0.003 x5 x6^2 +  0.002 x5 x6 x7 +  0.002 x6^3 + -0.001 x6^2 x7 +  0.001 x6 x7^2 | (x7)' =  40.605 1 +  28.833 x0 + -115.646 x1 +  242.979 x2 + -382.233 x3 +  494.964 x4 + -522.296 x5 +  584.257 x6 + -326.563 x7 + -0.087 x0^2 +  0.259 x0 x1 +  0.051 x0 x3 + -0.127 x0 x4 +  0.184 x0 x5 + -0.162 x0 x6 + -0.023 x0 x7 + -0.311 x1^2 + -0.157 x1 x3 +  0.228 x1 x4 + -0.210 x1 x5 +  0.222 x1 x6 +  0.231 x1 x7 +  0.636 x2^2 + -1.077 x2 x3 +  1.051 x2 x4 + -0.831 x2 x5 +  0.462 x2 x6 + -0.746 x2 x7 +  0.094 x3^2 + -0.070 x3 x4 + -0.018 x3 x6 +  0.893 x3 x7 +  0.058 x4^2 +  0.157 x4 x6 + -1.124 x4 x7 + -0.128 x5^2 + -0.038 x5 x6 +  0.964 x5 x7 +  0.070 x6^2 + -0.650 x6 x7 +  0.196 x7^2 + -0.010 x0^3 +  0.057 x0^2 x1 + -0.053 x0^2 x2 +  0.052 x0^2 x3 + -0.042 x0^2 x4 +  0.022 x0^2 x5 + -0.016 x0^2 x6 +  0.013 x0^2 x7 + -0.095 x0 x1^2 +  0.132 x0 x1 x2 + -0.119 x0 x1 x3 +  0.094 x0 x1 x4 + -0.043 x0 x1 x5 +  0.046 x0 x1 x6 + -0.054 x0 x1 x7 + -0.006 x0 x2^2 + -0.011 x0 x2 x4 + -0.027 x0 x2 x6 +  0.058 x0 x2 x7 +  0.009 x0 x3^2 + -0.004 x0 x3 x4 +  0.026 x0 x3 x6 + -0.063 x0 x3 x7 +  0.007 x0 x4^2 + -0.026 x0 x4 x5 + -0.002 x0 x4 x6 +  0.049 x0 x4 x7 +  0.029 x0 x5^2 + -0.034 x0 x5 x6 + -0.022 x0 x5 x7 +  0.012 x0 x6^2 +  0.009 x0 x6 x7 + -0.002 x0 x7^2 +  0.040 x1^3 + -0.005 x1^2 x2 + -0.013 x1^2 x3 + -0.005 x1^2 x5 + -0.032 x1^2 x6 +  0.064 x1^2 x7 + -0.196 x1 x2^2 +  0.412 x1 x2 x3 + -0.260 x1 x2 x4 +  0.147 x1 x2 x5 +  0.001 x1 x2 x6 + -0.145 x1 x2 x7 + -0.207 x1 x3^2 +  0.246 x1 x3 x4 + -0.138 x1 x3 x5 +  0.013 x1 x3 x6 +  0.161 x1 x3 x7 + -0.082 x1 x4^2 +  0.155 x1 x4 x5 + -0.071 x1 x4 x6 + -0.124 x1 x4 x7 + -0.122 x1 x5^2 +  0.183 x1 x5 x6 +  0.040 x1 x5 x7 + -0.075 x1 x6^2 +  0.164 x2^3 + -0.436 x2^2 x3 +  0.246 x2^2 x4 + -0.128 x2^2 x5 +  0.032 x2^2 x6 +  0.092 x2^2 x7 +  0.291 x2 x3^2 + -0.152 x2 x3 x4 +  0.051 x2 x3 x5 + -0.017 x2 x3 x6 + -0.228 x2 x3 x7 + -0.054 x2 x4^2 + -0.036 x2 x4 x5 +  0.118 x2 x4 x6 +  0.159 x2 x4 x7 +  0.157 x2 x5^2 + -0.353 x2 x5 x6 + -0.013 x2 x5 x7 +  0.171 x2 x6^2 + -0.054 x2 x6 x7 +  0.014 x2 x7^2 +  0.023 x3^3 + -0.345 x3^2 x4 +  0.243 x3^2 x5 + -0.076 x3^2 x6 +  0.154 x3^2 x7 +  0.545 x3 x4^2 + -0.556 x3 x4 x5 +  0.041 x3 x4 x6 + -0.222 x3 x4 x7 + -0.016 x3 x5^2 +  0.346 x3 x5 x6 +  0.021 x3 x5 x7 + -0.220 x3 x6^2 +  0.095 x3 x6 x7 + -0.029 x3 x7^2 + -0.237 x4^3 +  0.301 x4^2 x5 +  0.043 x4^2 x6 +  0.068 x4^2 x7 +  0.063 x4 x5^2 + -0.502 x4 x5 x6 +  0.059 x4 x5 x7 +  0.296 x4 x6^2 + -0.171 x4 x6 x7 +  0.051 x4 x7^2 + -0.111 x5^3 +  0.377 x5^2 x6 + -0.085 x5^2 x7 + -0.334 x5 x6^2 +  0.200 x5 x6 x7 + -0.051 x5 x7^2 +  0.082 x6^3 + -0.075 x6^2 x7 +  0.031 x6 x7^2 + -0.004 x7^3
29,80.0,1000.0,37.49490932254601,3,8,1,4.0,28.0,5,20.0,smoothed_finite_difference_savgol_order_3,success,,1238,1320,93.78787878787878,43.84149373322725,"[""1"", ""x0"", ""x1"", ""x2"", ""x3"", ""x4"", ""x5"", ""x6"", ""x7"", ""x0^2"", ""x0 x1"", ""x0 x2"", ""x0 x3"", ""x0 x4"", ""x0 x5"", ""x0 x6"", ""x0 x7"", ""x1^2"", ""x1 x2"", ""x1 x3"", ""x1 x4"", ""x1 x5"", ""x1 x6"", ""x1 x7"", ""x2^2"", ""x2 x3"", ""x2 x4"", ""x2 x5"", ""x2 x6"", ""x2 x7"", ""x3^2"", ""x3 x4"", ""x3 x5"", ""x3 x6"", ""x3 x7"", ""x4^2"", ""x4 x5"", ""x4 x6"", ""x4 x7"", ""x5^2"", ""x5 x6"", ""x5 x7"", ""x6^2"", ""x6 x7"", ""x7^2"", ""x0^3"", ""x0^2 x1"", ""x0^2 x2"", ""x0^2 x3"", ""x0^2 x4"", ""x0^2 x5"", ""x0^2 x6"", ""x0^2 x7"", ""x0 x1^2"", ""x0 x1 x2"", ""x0 x1 x3"", ""x0 x1 x4"", ""x0 x1 x5"", ""x0 x1 x6"", ""x0 x1 x7"", ""x0 x2^2"", ""x0 x2 x3"", ""x0 x2 x4"", ""x0 x2 x5"", ""x0 x2 x6"", ""x0 x2 x7"", ""x0 x3^2"", ""x0 x3 x4"", ""x0 x3 x5"", ""x0 x3 x6"", ""x0 x3 x7"", ""x0 x4^2"", ""x0 x4 x5"", ""x0 x4 x6"", ""x0 x4 x7"", ""x0 x5^2"", ""x0 x5 x6"", ""x0 x5 x7"", ""x0 x6^2"", ""x0 x6 x7"", ""x0 x7^2"", ""x1^3"", ""x1^2 x2"", ""x1^2 x3"", ""x1^2 x4"", ""x1^2 x5"", ""x1^2 x6"", ""x1^2 x7"", ""x1 x2^2"", ""x1 x2 x3"", ""x1 x2 x4"", ""x1 x2 x5"", ""x1 x2 x6"", ""x1 x2 x7"", ""x1 x3^2"", ""x1 x3 x4"", ""x1 x3 x5"", ""x1 x3 x6"", ""x1 x3 x7"", ""x1 x4^2"", ""x1 x4 x5"", ""x1 x4 x6"", ""x1 x4 x7"", ""x1 x5^2"", ""x1 x5 x6"", ""x1 x5 x7"", ""x1 x6^2"", ""x1 x6 x7"", ""x1 x7^2"", ""x2^3"", ""x2^2 x3"", ""x2^2 x4"", ""x2^2 x5"", ""x2^2 x6"", ""x2^2 x7"", ""x2 x3^2"", ""x2 x3 x4"", ""x2 x3 x5"", ""x2 x3 x6"", ""x2 x3 x7"", ""x2 x4^2"", ""x2 x4 x5"", ""x2 x4 x6"", ""x2 x4 x7"", ""x2 x5^2"", ""x2 x5 x6"", ""x2 x5 x7"", ""x2 x6^2"", ""x2 x6 x7"", ""x2 x7^2"", ""x3^3"", ""x3^2 x4"", ""x3^2 x5"", ""x3^2 x6"", ""x3^2 x7"", ""x3 x4^2"", ""x3 x4 x5"", ""x3 x4 x6"", ""x3 x4 x7"", ""x3 x5^2"", ""x3 x5 x6"", ""x3 x5 x7"", ""x3 x6^2"", ""x3 x6 x7"", ""x3 x7^2"", ""x4^3"", ""x4^2 x5"", ""x4^2 x6"", ""x4^2 x7"", ""x4 x5^2"", ""x4 x5 x6"", ""x4 x5 x7"", ""x4 x6^2"", ""x4 x6 x7"", ""x4 x7^2"", ""x5^3"", ""x5^2 x6"", ""x5^2 x7"", ""x5 x6^2"", ""x5 x6 x7"", ""x5 x7^2"", ""x6^3"", ""x6^2 x7"", ""x6 x7^2"", ""x7^3""]","[[-30.19504674418723, 439.9612739379841, -940.8467968150775, 1082.596650316784, -1107.162148963824, 881.1700778794008, -534.682182089565, 225.74553283161708, -48.946325566852316, -1.1453680419438441, 7.201475427783358, -11.762607935594923, 13.077190245436679, -10.792820047419587, 6.520981648091038, -2.5766729820685597, 0.6311335577706325, -10.514718287516082, 32.66340842098043, -34.61738821499587, 27.04733817061412, -15.431215550178983, 5.756354192234992, -1.5567221939830136, -24.20065912106513, 48.74774056335276, -36.02666577817764, 19.26701365678292, -6.798504947678268, 2.2139549746020455, -22.689352990328075, 30.15274669847324, -13.88447295423336, 4.056131403675364, -2.01905374490449, -8.103162034061834, 4.435332016023074, 0.0, 1.2610237849667147, 1.0362697507350447, -2.418076130589247, -0.4908934763901748, 0.8850851693275644, 0.19317620169966854, -0.11711404095933696, 0.002033215746579471, -0.014652335338945737, 0.01643647164069881, -0.05441308354079326, 0.08237538939380158, -0.058077660060171066, 0.023407328999070925, -0.011134924279085152, 0.035045156971131565, -0.0012150325557405348, 0.11876452210534864, -0.23960818480831836, 0.1301398369728278, -0.00831841241141378, 0.0326116811556441, -0.1602138248410188, 0.3392262941897017, -0.11380004428596799, 0.05324622841253287, -0.07594837335695523, -0.03731303926237325, -0.30012987779792544, 0.38548671947559043, -0.07951905644139638, -0.0025290758285077828, 0.07500138489574949, -0.0963244420078085, -0.21314894560154984, 0.2715913835017998, -0.14918152527000522, 0.28869745510392786, -0.5231842602117742, 0.21206358255789695, 0.22249324770748308, -0.16448977980312354, 0.026768022950998623, -0.05768392745209128, 0.11763727850295108, -0.27530754381829414, 0.37155882941438895, -0.10802970313452208, -0.10141357217227173, -0.009603975135580926, 0.12194737932006335, -0.002138433225776749, -0.38570556353823615, -0.053862662895938516, 0.480050247941355, 0.0, 0.11328899763949694, -0.04140498527332117, 0.09014005629863696, -0.37129075731965855, -0.047496834345367694, 0.07090051708015388, 0.07910940988341532, 0.034691109519427554, 0.10559782152557504, -0.2332365884929855, 0.41345558360264295, -0.21474420468455122, -0.2254546053432798, 0.19173825848808201, -0.030090174929597844, -0.16932513843827884, 0.23810618884750448, 0.1350990596442033, 0.09216478064415379, -0.3969498038726945, -0.012271376965362858, -0.10076954757242419, -0.143537562845231, 0.0, 0.5502846988556016, 0.12783084752395896, -0.16962838856237722, 0.3640091114327161, -0.530864274085797, -0.02605349688040859, -0.16545929319282177, 0.25822217662950375, 0.03702363172388607, -0.01809547736584522, -0.05017191216974633, 0.0030062970625122465, -0.029989681317799274, 0.11795424011970686, -0.2605802434553284, -0.005159653136702574, -0.1621110969460968, 0.1906132384591951, 0.08093672123928579, 0.04624200317741607, 0.1500909657781285, -0.11432348796691535, 0.13633423861344707, -0.0926603392575634, -0.08595259921750646, 0.05771986494297549, 0.008452097717167211, -0.15879289175835798, 0.0, 0.0515032228247263, 0.0, 0.28938293010209626, -0.42522564431214704, 0.0, 0.16609082660906416, 0.0015556731575770584, -0.030551099633995753, -0.16641421644700613, 0.3149408562791624, 0.00033202652678839206, -0.20479921992629, 0.0, 0.0254230278625302, 0.0480051963090451, -0.012616991932348708, -0.0037321192659361684, 0.0], [-0.4688932836372372, 124.49667246915297, 2.2373576338972856, -129.3165559799047, 4.938657439125294, -3.266139473800816, 0.9237411728482141, 0.0, 0.05639560227218381, 0.00845924529583414, -0.05254832445164701, 0.09589680281881781, -0.11684330497726428, 0.06400356285503984, 0.0, -0.005505392951109477, 0.003791794185134204, 0.04376770999252625, -0.09143457855601786, 0.11040989978914348, 0.03357324511724622, -0.1555412800253525, 0.04719976659110707, 0.0, -0.02384622419377206, 0.08016058552474332, -0.2891135662606321, 0.4058517235389734, -0.08300038535116559, -0.03269448880834065, -0.027804210184845773, 0.16565715757398694, -0.28337459048959407, -0.05058199382197031, 0.10607913553642827, 0.0, 0.0, 0.22804287951657748, -0.16539222724920669, 0.051758333196720345, -0.2410469021569268, 0.14430639409073295, 0.10873269749070562, -0.09744550527723914, 0.018333564098802182, -8.290710156228077e-05, -0.007435118756911254, 0.009770694455181706, 0.009180435035642342, -0.0388974317392678, 0.0426929146897717, -0.0253865484214486, 0.008095188456956793, 0.04067155974262171, -0.12804092081170235, 0.08701463009702384, 0.049719413100885027, -0.09523628779981382, 0.0614416413156149, -0.025850746716370783, 0.12187483326158365, -0.2624354191714546, 0.057159744276181985, 0.07549355249443669, -0.09264548102421812, 0.05610086457251751, 0.16589538734449547, -0.06284119550399977, -0.16583505376369503, 0.22910718205474578, -0.12972503644987401, -0.08688916492988721, 0.3276794340989689, -0.3542684913431538, 0.1869019942335855, -0.18419118222509187, 0.3634774330196551, -0.19019399028753767, -0.16182259107086544, 0.15366582101214019, -0.03215107249198435, -0.03571000001270721, 0.1139324373555154, -0.10801714663853529, 0.007301068514584202, 0.0, 0.02541608443756663, 0.0, -0.05413561478840179, 0.20439403546935742, 0.0, 0.0, -0.06262397778467148, -0.018013463486766076, -0.24318332944920876, 0.21737948668530993, 0.0, -0.10888886474906369, 0.1286106337170763, -0.07018012455845234, 0.09366696743042062, 0.13921458881475507, -0.18894565730415416, -0.12530208304431262, -0.0898607539445484, 0.21338715929934543, 0.16017255007809125, -0.25643912672182073, 0.06812263190857373, -0.1080963662363502, 0.26023196653692066, -0.30944851846481086, 0.18363493646942222, -0.0026954841259771486, 0.0028012935333810805, -0.0742699765938591, 0.323585461889016, -0.3854626398211492, 0.18392897112284207, -0.0638580947215097, -0.04929866347063935, -0.16602965358694644, 0.0912011967198187, 0.010391084408313727, 0.3966264545141494, -0.3705469069541076, -0.03193684961424433, -0.04407521723034411, 0.22393985725690424, -0.07843519602678697, -0.07470545980572955, 0.0, 0.2968538152138566, -0.22251135530181995, 0.01834232957443457, 0.06473084503354537, -0.27342935932111323, 0.1627061471129796, 0.1148968795143238, -0.1548395558717582, 0.20092997697596585, -0.09599186256050393, 0.06693990388052475, -0.1654708645120916, 0.06621980653509094, -0.0690033822050784, 0.2076851341073272, -0.04428317728537052, -0.1482079149236547, -0.0094291595914484, -0.15080887443362495, 0.2582455393306511, -0.02108348937330522, 0.021187475359294546, -0.027266536262472163, -0.03595057746073002, 0.1291909440794923, -0.12735271154058697, -0.045274766780231776, 0.053654496312943285, 0.0024064150955106682, 0.0, 0.0014166842439889621, -0.005531048742144415, 0.001234565178981991], [-0.8671066076123631, 0.06438922164217932, 124.95686137633741, -0.0818039674741991, -125.107060116827, 0.9923622059849213, -1.6534657246013773, 1.242253164912727, -0.4161771216443315, 0.02946669189729812, -0.14346061320267411, 0.18622165539945373, -0.1840899898955642, 0.12011797405122061, 0.0, -0.03489768840893711, -0.003284619525406176, 0.1343912286630568, -0.22832033319579295, 0.13562376552781855, 0.0, -0.2163315555721139, 0.17737817271924972, 0.005736554282902466, 0.0, 0.1262517200322914, -0.20953006546712905, 0.46136344798189427, -0.3229499164714994, 0.0, 0.0348051101892475, -0.32713334875623085, 0.0, 0.09087005663767142, 0.05579051234225716, 0.4931687397798084, -0.6795705582124482, 0.2685550550619198, -0.11737216241022325, 0.2581133381034523, -0.16802446839675375, 0.05565271382584009, 0.0, 0.0033346894857327796, -0.0018464018057575428, -0.005941225439652065, 0.04430743689864315, -0.058878329504465574, 0.05882136405306477, -0.06453396561324355, 0.051705880827726265, -0.015598735953095582, 0.003234468630865486, -0.0995413519807528, 0.2167808496769974, -0.15562320982237643, 0.17947973110766643, -0.16157761988331643, 0.019772315947530376, -0.0014044453642293358, -0.052654154869892424, -0.10551742063606757, 0.08350401498292423, -0.008325677561569383, 0.09383285445322818, -0.03652152929908576, 0.19219317466068966, -0.30360208168855973, 0.12076123679291635, -0.13521490699812558, 0.06405528780113244, 0.08646687472865089, 0.027987118721799337, 0.0, -0.034845096228566144, -0.10212943847271883, 0.14955239487728572, -0.014723174122801257, -0.06260314637968374, 0.019040047576082512, 0.0005063799474813027, 0.07247040576477354, -0.22323889624083693, 0.14126437030859762, -0.1850447630024501, 0.1902488878303459, -0.012393265005187233, 0.0036913142572003368, 0.15947049509677502, 0.0, 0.10410389210882308, -0.23645220953799712, -0.10004471836854359, 0.026811569727359173, -0.12960172612426923, 0.04991778850169648, 0.1676755083253778, 0.08645961890072362, -0.057437114742137856, 0.06759441430906492, -0.31203217507802383, 0.1299663817021872, 0.021195690274283956, 0.24349623939342022, -0.3726189238720979, 0.05951003972388273, 0.16382214665964515, -0.06242779517613357, 0.0017017858319366783, -0.0383059301983329, -0.018217422776681064, -0.019077660531395767, 0.10062595995197937, 0.05764413928799562, 0.0, -0.01672522228801474, 0.13023789449232162, -0.19822710274287406, 0.0, 0.0, 0.0, -0.047077577180338344, -0.04104845536315932, -0.03493472967641498, 0.021296757483532994, 0.19304333690144518, 0.0, -0.13813597371487485, 0.023197433296624433, 0.011034094200944235, 0.10701476509283488, -0.29931757594171554, 0.16314446594903945, -0.09934261110848502, 0.0004524056394198354, 0.1183077535641123, 0.1293668946538509, 0.08105282658952545, 0.12112150482293904, -0.14822362012703783, -0.06965525397689526, -0.15196470211155852, 0.06726962738061731, 0.11409586749342784, -0.048229036370649396, 0.030681389611375936, -0.21192662767394413, 0.011872640578679785, -0.14220761777428423, 0.18510587589184987, 0.0, 0.31110185145105146, -0.0029213106674263385, -0.24304233007680298, 0.0796661768587337, -0.021060372186342345, -0.03272534261888381, -0.1570246498391019, -0.0002674115969475062, 0.23861480672759167, -0.07374345741070704, 0.012027553458689607, -0.08609994934123383, 0.047156077361561806, -0.006506369561139177], [0.0, 0.8073539940049324, -3.541029639164685, 132.6003595476674, -10.37284094379929, -116.24942872001964, -4.208030300494322, 1.0879272703643823, -0.21862792607635284, -0.05359659316387117, 0.40318079965398046, -0.7547441399465582, 0.8361782962856821, -0.5639842111664753, 0.1987212243545486, 0.0, -0.018259200490751273, -0.6978131929298939, 2.5423588792629404, -2.8392977339686807, 1.8998531641318421, -0.6107707737154399, -0.018112424963555036, 0.044218859930717155, -2.3173511288055035, 5.349157702935364, -3.7569280647218344, 1.3261973119725596, -0.12409954161536971, 0.0, -3.2482640222467736, 4.8329721078705665, -1.8243072703019738, 0.2748527773779943, -0.06231647102330112, -1.80836775519419, 1.0861511889190723, 0.054584045351778694, -0.005968773378291841, 0.17557808123480692, -0.6291859250627628, 0.15749794355542318, 0.2791966183507418, -0.1474422401998366, 0.02043494344630168, 0.010138728273413966, -0.06768970477820967, 0.10734382481583131, -0.1162392660024154, 0.0869020748584254, -0.055571925468645735, 0.032844155807578775, -0.00944481311599207, 0.11654990844391185, -0.3226383237408547, 0.2498006123522774, -0.06027322940033397, -0.03224766794205491, 0.013375688734799367, -0.006203911560030107, 0.18628306111117493, -0.1791017674579944, -0.10526135558897708, 0.20642568322786106, -0.1050056608421187, 0.03189018355093731, 0.002197723454395321, 0.13762496279063322, -0.15071112361208963, 0.0, 0.022909424856117418, -0.07562126156246252, 0.1977504468524723, 0.0, -0.05787152289521903, -0.18096291225335817, 0.12234268653977633, 0.04616298884806812, 0.005537437962530212, -0.07455392383337218, 0.02501832482611066, -0.03778563790500729, 0.15291378533729272, 0.02047652125413737, -0.25925856886523696, 0.30839120263678915, -0.1912553143240946, 0.07077221097430758, -0.2533377299640083, 0.015444030624397082, 0.5309097159876549, -0.6806111936863845, 0.47649529422849435, -0.21137757756197242, 0.11032925261367164, -0.12694249575884106, 0.0, 0.10980614511396838, 0.0, -0.18969241114605512, 0.2517045786007652, -0.33745618939292144, 0.17951480674760806, 0.1780757588609298, -0.04135325798329187, -0.19449205967327832, -0.11631205095686159, 0.29261933322887573, -0.09172935890778709, 0.19720907862360315, -0.2277716047681005, -0.04928031962342878, 0.1911492762069207, -0.25106679097032075, 0.17755130287047535, -0.15269158747390865, 0.0, 0.27383594905755276, -0.12840860968650974, -0.16990227971071203, 0.3490007622524454, -0.4205481385206858, 0.29541802000541034, -0.045953569971157716, -0.3828219362007174, 0.38349529900588003, 0.12025740013969957, 0.07394997861403636, -0.39297559878663124, 0.14217973947461812, 0.33563381046623175, -0.5564678358345502, -0.019863221152729225, 0.1267359096151882, 0.10094402490168912, 0.10973734959905614, 0.07150719363309166, -0.19937417667824905, -0.10102489334611546, 0.5247790324957812, -0.5607235051367944, 0.0, -0.03969153078569861, 0.38666551635241464, -0.1532728465424114, 0.12344492401745685, -0.2762832420998142, 0.19123573377795586, 0.018769856695809602, -0.13588831048795216, 0.07134679669827487, 0.08791171413961285, 0.1901415402763776, -0.41120949395673084, 0.14273968121552194, 0.07867827781268283, 0.026611986469987227, -0.11450846416426286, -0.266626772734064, 0.4220675796978247, -0.12287521892206499, 0.1209963880737516, -0.2046473943678619, 0.09512704719339399, -0.012793065493536947], [1.006645249517207, 0.16352090488122872, -0.5830917504723172, 1.135945679991472, 123.7820923037966, 0.0, -123.43542226521213, -1.67408083982732, 0.6610108376987411, -0.020115741729560547, 0.08392804918031756, -0.14194130919588194, 0.20390179371867231, -0.16816394684502894, 0.0765993310176494, -0.018404433279128246, 0.0, -0.017491690472176163, 0.0, -0.11317171513071264, 0.0, 0.21060906581625596, -0.22590932559887505, 0.10056162660850589, 0.00350299189450365, 0.47989540635612643, -0.4189735539894782, -0.1295345922033607, 0.37362808944264997, -0.2235916142187188, -0.9364528545153241, 2.284668514853558, -1.2538859008633048, 0.19957601808815298, 0.1579287779369399, -1.6265675560213226, 2.218962470621409, -0.7007316816827828, -0.05615160995176949, -0.7911128363275408, 0.4479781076921534, 0.08189261679158016, 0.0, -0.11181362827711819, 0.030364672734280517, -0.0014195111791351614, 0.01613328387848567, -0.024248978988034155, 0.006421323248555587, 0.017980984378811883, -0.016125440229421, -0.0019156076468394424, -0.00040233923317311123, -0.054238136095945404, 0.1747054565126632, -0.10143826481696458, 0.0, -0.026780306346125226, 0.11077565183121527, -0.029752552471627048, -0.17142385353065429, 0.291937349433558, -0.16935975793205815, 0.17075752189960458, -0.22933101163453426, 0.0536346238410637, -0.09041698598624791, 0.0, 0.011143198503684563, 0.09652095156370157, -0.005315074687223632, 0.0931973322336547, -0.15736974361345177, 0.0, -0.008969458518864253, 0.04965728477431687, 0.0383521504926122, -0.025868765456812527, -0.05166892968081777, 0.05336575888790646, -0.01347129154262886, 0.04355339219130322, -0.16925102345943688, 0.04008842906694906, 0.043703516077460654, 0.07687190561294027, -0.24404583839657154, 0.07329777585517241, 0.22627470561950255, -0.10590641295780383, -0.022604568509577042, -0.31903863708268854, 0.7437627559924492, -0.18155994490744945, -0.23679230211329289, 0.670091995770238, -0.30443894284130535, -0.28597257278191884, 0.0, -0.4050488255847544, 0.3989942856834554, 0.16414321628200632, -0.0012571105047693586, -0.009682547585856675, -0.36580032206925556, 0.14295305028000455, 0.25534203811817907, -0.22230661867869192, 0.051423696163212684, -0.0886619412273555, 0.057135058662920485, -0.09877260163235647, 0.2688769679194361, -0.4597984577617118, 0.04182600519853851, 0.19549486404095853, -0.20457705713769272, 0.12393174376308945, 0.14326154356506374, 0.3000302603649441, -0.09435532094029993, 0.20537610623854002, -0.21202417964190542, -0.20744620866421895, -0.22489321450902947, 0.5501522128967367, -0.11897914608018535, -0.37182341591787965, 0.3223042262962559, -0.08157671969222928, -0.0826455195377498, -0.05749363008258724, -0.24396679596521798, 0.3878765397559814, -0.4021618034038974, 0.5331493617108521, -0.21763967525011063, -0.45287464645771724, 0.5692944322819049, 0.0, 0.019811956088527965, -0.06386202369064194, 0.23385757662263207, -0.31387747835557817, 0.10103339485448427, -0.3493772187414775, 0.34353154568085714, 0.11187457458600972, -0.15215920013540685, 0.08051604680942778, -0.1357272491921874, -0.08695494864514192, -0.20382709951108718, 0.40421215988120573, -0.12841980210262266, -0.15701806713130304, 0.17300252125506987, 0.109419991980925, 0.10040591599170852, -0.3690488004051427, 0.11443300588539672, -0.06459806652748311, 0.16240190355945575, -0.08171976294036216, 0.011208787831883294], [-0.9715367830748772, -1.2646840828285426, 4.862894515910539, -9.556714698711655, 12.197120068026884, 115.1614513601797, 4.442666916152179, -125.89058922409413, 0.14361852906122868, 0.08243902124916122, -0.41430748657378375, 0.5421266905424845, -0.5437115736787985, 0.4938032849195724, -0.3821584788838053, 0.18682296474119822, -0.040956040094377914, 0.4243378218764939, -0.8249999383249088, 0.640927835318838, -0.5474553175147473, 0.39767655757485115, -0.12431841055058357, 0.0, 0.16920784674237097, 0.0, 0.06578464922758137, 0.0, -0.18530811329040392, 0.11017794404108176, 0.011798710940072989, -0.5412577283067734, 0.41668604176312335, 0.023718719676823232, -0.08068639828719264, 0.6552236971719427, -0.9712385770833458, 0.2516926227320602, 0.0, 0.31628946034289174, -0.14499537844715707, 0.0, 0.010843686341459734, 0.0, 0.0016808460985819835, 0.0, -0.004046159587671033, -0.025528684738233044, 0.06763110856554316, -0.09280897778880112, 0.0889919959166287, -0.05754187517656597, 0.01650745321146432, 0.04823575086244697, -0.032150086661635366, -0.08439653670860595, 0.16457968394522177, -0.17147990228730567, 0.11482837565365316, -0.027041186910615682, -0.005237568239151507, 0.024391375381991747, -0.01384901485817687, 0.0, -0.027887287161220263, 0.0026789962384594444, 0.04379300136766833, -0.10879161599021522, 0.057608269490258705, 0.09199707185023255, -0.053805494651466265, 0.03463970094684529, 0.0, -0.1982260364886547, 0.12914402453852977, 0.0, 0.16417320250421813, -0.13221469660103172, -0.0884919126069699, 0.10390987571465198, -0.0228743145145509, -0.0913915339325712, 0.2590933609148134, -0.17247010452102468, 0.0824386774372865, -0.05721313495058899, 0.056791624180497755, -0.041533294175435255, -0.1649143344715721, 0.23235523434041208, -0.1877622646517457, 0.3068633299005786, -0.2882657279555427, 0.177180540109723, -0.12716546074955032, 0.07634143126249354, -0.06374536493606466, -0.10238206078355282, 0.0, 0.16760344547848877, -0.3121058112143967, 0.5266360779017661, -0.25763503295813417, 0.029670378098552358, -0.3051209761264428, 0.2678846844595516, 0.149557097575155, -0.2134331674663708, 0.05184296837539881, -0.08682332049799016, 0.30690050827394344, -0.17681891230744065, -0.13289194639869722, 0.21459181524715776, -0.1712137495319811, -0.20850494066087705, 0.2825608503465661, 0.1063363158994499, 0.04933501363475326, 0.1612113054594708, -0.24408680185632872, 0.07168409707547328, -0.4256713638117784, 0.1305449787951952, 0.3690990082931526, -0.2531603443236994, -0.07152603043941587, 0.09064683655028036, 0.0650554931845825, -0.031466409617607626, -0.08822687103919796, 0.3088809086276864, -0.2424950425934783, -0.1658946949202563, -0.051269087959238, -0.17501339727517348, 0.29464030189920326, 0.578087323110051, -0.0697884195432841, -0.530179554538475, 0.4238135770296833, -0.1195662442479191, -0.24310390085284136, 0.13723754652916162, -0.016526508782469463, -0.08319161365796961, 0.31184673825618037, -0.54240525438958, 0.07889555594205404, -0.10089719863501957, 0.2401743377470558, 0.07822831818173315, 0.10445548379130706, -0.1850193732225124, 0.04687162450259814, 0.020159900200810595, 0.012154531691443432, -0.09742623053803832, -0.157702506458354, 0.2438318398439484, -0.06161276118999756, 0.07056057237210159, -0.11605409034329064, 0.05178921477348201, -0.006916729517350056], [-0.5312745039492551, 0.004599064934960518, 0.0, -0.44041012942849334, 0.6344950129890252, 0.6915170376552773, 122.47912908262813, 2.632756777447796, -125.96731457479859, 0.021759168401341896, -0.04133388396740802, 0.0, -0.04168166292488758, 0.10789341644641852, -0.1361947821084039, 0.10441949052621603, -0.03500672510494738, -0.14282203521241332, 0.7753658172415129, -0.7733078652136242, 0.4727012485632416, -0.17053434114738433, 0.0, 0.01445403974355017, -0.8884881717226751, 1.674093653522963, -1.021545383078724, 0.5294393337765653, -0.22865949403221086, 0.07129440205803532, -0.5147321377923764, 0.0, 0.2011004854523838, 0.0, -0.06948130708014151, 0.5871743184821554, -1.0304942468458353, 0.3029296459762161, 0.03629676733933725, 0.401721741824546, -0.15002050940801398, -0.07791996298699017, -0.06125570810160763, 0.108485844996891, -0.025698447643167182, -0.0012167649451974296, 0.00688398743555707, -0.014231469693300114, 0.033254780846047924, -0.06831713026128733, 0.08423926994278054, -0.03753966969243484, -0.004511920619143647, 0.0, -0.01233535405549701, -0.03625362826756039, 0.20823359564755414, -0.31197659685624957, 0.08317837956770895, 0.08298741528541498, 0.06324960964668376, -0.18864941819404765, 0.018990633354460735, 0.16560634476879618, 0.043866253654599376, -0.1789080343122336, 0.18981336540707486, -0.24661551904091294, 0.004881143533243113, -0.09738417451275208, 0.1894204822017101, 0.06828982531302377, 0.06179699581937583, 0.0017448257817299685, -0.11157921999173458, -0.07116036955719991, 0.05333909396006778, 0.04345811243350415, 0.0, -0.025403097504398106, 0.005342344666844951, -0.018881880063841294, 0.08770938807929128, -0.02813128384953922, -0.19690183565206543, 0.3173206908609208, 0.016119888326600752, -0.18589705603109757, -0.1419014875156996, 0.23655937959692622, 0.19799192680772812, -0.4665593759714917, -0.3029539822721836, 0.6255398482741231, -0.15863405294995608, 0.0, 0.25107421449039086, 0.26816664011233504, -0.5631320428980886, 0.11240959568357152, -0.3404664112052702, 0.0, 0.2966203665982564, 0.12573020100363402, 0.0, -0.13143284359497445, -0.06867127809504843, 0.08916928508047708, -0.013443064527188362, 0.018422948390459916, 0.032813531864005624, -0.14049270506518496, 0.17215827357974994, 0.23292999701594316, -0.4214131919666102, -0.12157129362985668, 0.1739811847563834, -0.09774182792230823, -0.11262044960926534, 0.5286801208019308, -0.0001612684722013603, -0.17463833111813612, -0.12162066262372125, -0.12397648892494542, 0.31229972772636694, -0.30368268869742426, 0.0794012963889128, 0.2060025586952081, -0.12050347961369032, 0.012430775621890579, 0.09630253689008289, -0.11398203181243224, 0.00658360628593119, -0.36529233770385466, 0.054583884670577815, 0.0, 0.22253316557812458, 1.0101722489209277, -0.557225584763739, -0.43782918615982686, 0.0, 0.27363130250369955, -0.1595491317307477, 0.029650354010503133, 0.0, -0.05194508827509237, 0.09488650130575152, -0.7654173098740181, 0.48288027905191117, 0.15134652462544, 0.4341655625795982, -0.5084235638910902, 0.06153690298563, 0.03688115687798366, -0.003347363225892909, -0.1180580799185595, 0.13109068890528172, 0.08646921923371607, -0.2702437794493611, 0.12235899345588894, -0.022744380521231768, 0.11130297118065413, -0.10423691773712232, 0.0353587123014467, -0.0040376058700779755], [24.718642639961093, 47.91654719051956, -221.78580685134818, 527.3152160327127, -871.0337831953877, 1095.3886748122698, -1071.7106913541434, 935.1013631338534, -439.09227917922846, 0.28575910546368777, -1.5291674664440082, 2.417869272947353, -2.5098114065866253, 1.874081863467297, -0.9380245923798689, 0.35740809847732585, -0.21371745748614476, 1.3000193875477226, -2.6029774820173035, 0.9636628195514036, 0.7950037635590658, -1.5202835508290402, 0.713422495846591, 0.45036085776928536, 0.0, 4.983510608395483, -7.902374164059879, 6.906330369110664, -2.7938750867101687, -0.7406572420597568, -7.128097577612692, 18.53611709039152, -15.019743044479059, 6.449567578367563, 0.48840498329685117, -11.490463633655198, 18.28448815125102, -8.012872084305295, -0.2136907286975568, -7.286214384562633, 6.579207343978784, 0.0, -1.5496523586419881, -0.03763588727109576, 0.10353393397208964, 0.0033304607433577, -0.022536485706515466, 0.0264625968398498, -0.021750908072583338, 0.05143773616697514, -0.07873690427552754, 0.0738517473275398, -0.027500966525242473, 0.03949590680079029, -0.08091173231868193, 0.010131880751737312, -0.13198595108672237, 0.25261495882800294, -0.25985907870343605, 0.09503142838677718, 0.050829261760408466, 0.0, 0.1452848618253574, -0.23647884934545765, 0.2712826663706461, -0.10495045527288153, -0.03320458406455518, -0.1127529119946376, 0.15643272279623616, -0.24906699409619656, 0.1116624632081074, 0.11481062174513398, -0.16751134971449516, 0.24485585751626426, -0.12989604832762788, 0.043147972984382915, -0.16775254279445415, 0.11519911162205612, 0.07689745650064411, -0.08945786328927402, 0.023369795513076285, -0.005643144870608891, 0.0, 0.16810056554349934, -0.05470987563996262, -0.05686486636249788, 0.0823460122545943, -0.009091936042429647, -0.07498769710458764, -0.27083606249174114, -0.00024723906188688983, 0.00961297281608706, 0.03166768041391272, -0.11347831585594037, 0.2996507725075841, -0.17905757680978257, 0.2561387162259015, -0.1526038259534309, 0.1570260051922152, -0.05191560749503935, -0.207832376421121, 0.07506593316707082, -0.05306118950795075, 0.21818140860421956, -0.1325798740046283, -0.03317784691519495, -0.01739282008099406, 0.10272346592975912, -0.04626931772585453, 0.1498264043763825, -0.19043040843918957, 0.3470623996999996, -0.11450848134360633, -0.08663160613339067, 0.17046188351282998, -0.09744604442172299, -0.3461710809875096, -0.03954801298974781, 0.14766525964512348, -0.38613596448536197, 0.37755778570703, -0.1912744857788651, 0.1766379514748963, 0.15873305599500234, -0.0710822397451875, -0.12472810136261783, 0.035950573740308384, 0.12426254685557528, -0.17057131851581805, 0.07449560791497888, 0.2125041440320958, -0.2839066171956712, 0.23200004030281118, 0.011628076462908426, 0.22459923976239862, 0.023337684936047428, -0.027636375250979464, -0.4737736258231074, -0.22953098579468006, 0.0, 0.4064537368644807, 0.03298102070253116, -0.18472403206942106, 0.11175710878686895, -0.060736004487399735, 0.053675963211620395, -0.17435642796460074, 0.36339490536923563, 0.09800699759203906, 0.14360389755496794, -0.36529333848034584, -0.19910782472224547, 0.013401617140882272, 0.14168405269625453, -0.007279533917568193, -0.004286310920507065, -0.11383190475141543, 0.21025502938862448, 0.33457868427741216, -0.4502829956914618, 0.08768004911379704, -0.16965456350374403, 0.26060996375491324, -0.11024296297645429, 0.015700789309567652]]",(x0)' = -30.195 1 +  439.961 x0 + -940.847 x1 +  1082.597 x2 + -1107.162 x3 +  881.170 x4 + -534.682 x5 +  225.746 x6 + -48.946 x7 + -1.145 x0^2 +  7.201 x0 x1 + -11.763 x0 x2 +  13.077 x0 x3 + -10.793 x0 x4 +  6.521 x0 x5 + -2.577 x0 x6 +  0.631 x0 x7 + -10.515 x1^2 +  32.663 x1 x2 + -34.617 x1 x3 +  27.047 x1 x4 + -15.431 x1 x5 +  5.756 x1 x6 + -1.557 x1 x7 + -24.201 x2^2 +  48.748 x2 x3 + -36.027 x2 x4 +  19.267 x2 x5 + -6.799 x2 x6 +  2.214 x2 x7 + -22.689 x3^2 +  30.153 x3 x4 + -13.884 x3 x5 +  4.056 x3 x6 + -2.019 x3 x7 + -8.103 x4^2 +  4.435 x4 x5 +  1.261 x4 x7 +  1.036 x5^2 + -2.418 x5 x6 + -0.491 x5 x7 +  0.885 x6^2 +  0.193 x6 x7 + -0.117 x7^2 +  0.002 x0^3 + -0.015 x0^2 x1 +  0.016 x0^2 x2 + -0.054 x0^2 x3 +  0.082 x0^2 x4 + -0.058 x0^2 x5 +  0.023 x0^2 x6 + -0.011 x0^2 x7 +  0.035 x0 x1^2 + -0.001 x0 x1 x2 +  0.119 x0 x1 x3 + -0.240 x0 x1 x4 +  0.130 x0 x1 x5 + -0.008 x0 x1 x6 +  0.033 x0 x1 x7 + -0.160 x0 x2^2 +  0.339 x0 x2 x3 + -0.114 x0 x2 x4 +  0.053 x0 x2 x5 + -0.076 x0 x2 x6 + -0.037 x0 x2 x7 + -0.300 x0 x3^2 +  0.385 x0 x3 x4 + -0.080 x0 x3 x5 + -0.003 x0 x3 x6 +  0.075 x0 x3 x7 + -0.096 x0 x4^2 + -0.213 x0 x4 x5 +  0.272 x0 x4 x6 + -0.149 x0 x4 x7 +  0.289 x0 x5^2 + -0.523 x0 x5 x6 +  0.212 x0 x5 x7 +  0.222 x0 x6^2 + -0.164 x0 x6 x7 +  0.027 x0 x7^2 + -0.058 x1^3 +  0.118 x1^2 x2 + -0.275 x1^2 x3 +  0.372 x1^2 x4 + -0.108 x1^2 x5 + -0.101 x1^2 x6 + -0.010 x1^2 x7 +  0.122 x1 x2^2 + -0.002 x1 x2 x3 + -0.386 x1 x2 x4 + -0.054 x1 x2 x5 +  0.480 x1 x2 x6 +  0.113 x1 x3^2 + -0.041 x1 x3 x4 +  0.090 x1 x3 x5 + -0.371 x1 x3 x6 + -0.047 x1 x3 x7 +  0.071 x1 x4^2 +  0.079 x1 x4 x5 +  0.035 x1 x4 x6 +  0.106 x1 x4 x7 + -0.233 x1 x5^2 +  0.413 x1 x5 x6 + -0.215 x1 x5 x7 + -0.225 x1 x6^2 +  0.192 x1 x6 x7 + -0.030 x1 x7^2 + -0.169 x2^3 +  0.238 x2^2 x3 +  0.135 x2^2 x4 +  0.092 x2^2 x5 + -0.397 x2^2 x6 + -0.012 x2^2 x7 + -0.101 x2 x3^2 + -0.144 x2 x3 x4 +  0.550 x2 x3 x6 +  0.128 x2 x3 x7 + -0.170 x2 x4^2 +  0.364 x2 x4 x5 + -0.531 x2 x4 x6 + -0.026 x2 x4 x7 + -0.165 x2 x5^2 +  0.258 x2 x5 x6 +  0.037 x2 x5 x7 + -0.018 x2 x6^2 + -0.050 x2 x6 x7 +  0.003 x2 x7^2 + -0.030 x3^3 +  0.118 x3^2 x4 + -0.261 x3^2 x5 + -0.005 x3^2 x6 + -0.162 x3^2 x7 +  0.191 x3 x4^2 +  0.081 x3 x4 x5 +  0.046 x3 x4 x6 +  0.150 x3 x4 x7 + -0.114 x3 x5^2 +  0.136 x3 x5 x6 + -0.093 x3 x5 x7 + -0.086 x3 x6^2 +  0.058 x3 x6 x7 +  0.008 x3 x7^2 + -0.159 x4^3 +  0.052 x4^2 x6 +  0.289 x4 x5^2 + -0.425 x4 x5 x6 +  0.166 x4 x6^2 +  0.002 x4 x6 x7 + -0.031 x4 x7^2 + -0.166 x5^3 +  0.315 x5^2 x6 + -0.205 x5 x6^2 +  0.025 x5 x7^2 +  0.048 x6^3 + -0.013 x6^2 x7 + -0.004 x6 x7^2 | (x1)' = -0.469 1 +  124.497 x0 +  2.237 x1 + -129.317 x2 +  4.939 x3 + -3.266 x4 +  0.924 x5 +  0.056 x7 +  0.008 x0^2 + -0.053 x0 x1 +  0.096 x0 x2 + -0.117 x0 x3 +  0.064 x0 x4 + -0.006 x0 x6 +  0.004 x0 x7 +  0.044 x1^2 + -0.091 x1 x2 +  0.110 x1 x3 +  0.034 x1 x4 + -0.156 x1 x5 +  0.047 x1 x6 + -0.024 x2^2 +  0.080 x2 x3 + -0.289 x2 x4 +  0.406 x2 x5 + -0.083 x2 x6 + -0.033 x2 x7 + -0.028 x3^2 +  0.166 x3 x4 + -0.283 x3 x5 + -0.051 x3 x6 +  0.106 x3 x7 +  0.228 x4 x6 + -0.165 x4 x7 +  0.052 x5^2 + -0.241 x5 x6 +  0.144 x5 x7 +  0.109 x6^2 + -0.097 x6 x7 +  0.018 x7^2 + -0.007 x0^2 x1 +  0.010 x0^2 x2 +  0.009 x0^2 x3 + -0.039 x0^2 x4 +  0.043 x0^2 x5 + -0.025 x0^2 x6 +  0.008 x0^2 x7 +  0.041 x0 x1^2 + -0.128 x0 x1 x2 +  0.087 x0 x1 x3 +  0.050 x0 x1 x4 + -0.095 x0 x1 x5 +  0.061 x0 x1 x6 + -0.026 x0 x1 x7 +  0.122 x0 x2^2 + -0.262 x0 x2 x3 +  0.057 x0 x2 x4 +  0.075 x0 x2 x5 + -0.093 x0 x2 x6 +  0.056 x0 x2 x7 +  0.166 x0 x3^2 + -0.063 x0 x3 x4 + -0.166 x0 x3 x5 +  0.229 x0 x3 x6 + -0.130 x0 x3 x7 + -0.087 x0 x4^2 +  0.328 x0 x4 x5 + -0.354 x0 x4 x6 +  0.187 x0 x4 x7 + -0.184 x0 x5^2 +  0.363 x0 x5 x6 + -0.190 x0 x5 x7 + -0.162 x0 x6^2 +  0.154 x0 x6 x7 + -0.032 x0 x7^2 + -0.036 x1^3 +  0.114 x1^2 x2 + -0.108 x1^2 x3 +  0.007 x1^2 x4 +  0.025 x1^2 x6 + -0.054 x1 x2^2 +  0.204 x1 x2 x3 + -0.063 x1 x2 x6 + -0.018 x1 x2 x7 + -0.243 x1 x3^2 +  0.217 x1 x3 x4 + -0.109 x1 x3 x6 +  0.129 x1 x3 x7 + -0.070 x1 x4^2 +  0.094 x1 x4 x5 +  0.139 x1 x4 x6 + -0.189 x1 x4 x7 + -0.125 x1 x5^2 + -0.090 x1 x5 x6 +  0.213 x1 x5 x7 +  0.160 x1 x6^2 + -0.256 x1 x6 x7 +  0.068 x1 x7^2 + -0.108 x2^3 +  0.260 x2^2 x3 + -0.309 x2^2 x4 +  0.184 x2^2 x5 + -0.003 x2^2 x6 +  0.003 x2^2 x7 + -0.074 x2 x3^2 +  0.324 x2 x3 x4 + -0.385 x2 x3 x5 +  0.184 x2 x3 x6 + -0.064 x2 x3 x7 + -0.049 x2 x4^2 + -0.166 x2 x4 x5 +  0.091 x2 x4 x6 +  0.010 x2 x4 x7 +  0.397 x2 x5^2 + -0.371 x2 x5 x6 + -0.032 x2 x5 x7 + -0.044 x2 x6^2 +  0.224 x2 x6 x7 + -0.078 x2 x7^2 + -0.075 x3^3 +  0.297 x3^2 x5 + -0.223 x3^2 x6 +  0.018 x3^2 x7 +  0.065 x3 x4^2 + -0.273 x3 x4 x5 +  0.163 x3 x4 x6 +  0.115 x3 x4 x7 + -0.155 x3 x5^2 +  0.201 x3 x5 x6 + -0.096 x3 x5 x7 +  0.067 x3 x6^2 + -0.165 x3 x6 x7 +  0.066 x3 x7^2 + -0.069 x4^3 +  0.208 x4^2 x5 + -0.044 x4^2 x6 + -0.148 x4^2 x7 + -0.009 x4 x5^2 + -0.151 x4 x5 x6 +  0.258 x4 x5 x7 + -0.021 x4 x6^2 +  0.021 x4 x6 x7 + -0.027 x4 x7^2 + -0.036 x5^3 +  0.129 x5^2 x6 + -0.127 x5^2 x7 + -0.045 x5 x6^2 +  0.054 x5 x6 x7 +  0.002 x5 x7^2 +  0.001 x6^2 x7 + -0.006 x6 x7^2 +  0.001 x7^3 | (x2)' = -0.867 1 +  0.064 x0 +  124.957 x1 + -0.082 x2 + -125.107 x3 +  0.992 x4 + -1.653 x5 +  1.242 x6 + -0.416 x7 +  0.029 x0^2 + -0.143 x0 x1 +  0.186 x0 x2 + -0.184 x0 x3 +  0.120 x0 x4 + -0.035 x0 x6 + -0.003 x0 x7 +  0.134 x1^2 + -0.228 x1 x2 +  0.136 x1 x3 + -0.216 x1 x5 +  0.177 x1 x6 +  0.006 x1 x7 +  0.126 x2 x3 + -0.210 x2 x4 +  0.461 x2 x5 + -0.323 x2 x6 +  0.035 x3^2 + -0.327 x3 x4 +  0.091 x3 x6 +  0.056 x3 x7 +  0.493 x4^2 + -0.680 x4 x5 +  0.269 x4 x6 + -0.117 x4 x7 +  0.258 x5^2 + -0.168 x5 x6 +  0.056 x5 x7 +  0.003 x6 x7 + -0.002 x7^2 + -0.006 x0^3 +  0.044 x0^2 x1 + -0.059 x0^2 x2 +  0.059 x0^2 x3 + -0.065 x0^2 x4 +  0.052 x0^2 x5 + -0.016 x0^2 x6 +  0.003 x0^2 x7 + -0.100 x0 x1^2 +  0.217 x0 x1 x2 + -0.156 x0 x1 x3 +  0.179 x0 x1 x4 + -0.162 x0 x1 x5 +  0.020 x0 x1 x6 + -0.001 x0 x1 x7 + -0.053 x0 x2^2 + -0.106 x0 x2 x3 +  0.084 x0 x2 x4 + -0.008 x0 x2 x5 +  0.094 x0 x2 x6 + -0.037 x0 x2 x7 +  0.192 x0 x3^2 + -0.304 x0 x3 x4 +  0.121 x0 x3 x5 + -0.135 x0 x3 x6 +  0.064 x0 x3 x7 +  0.086 x0 x4^2 +  0.028 x0 x4 x5 + -0.035 x0 x4 x7 + -0.102 x0 x5^2 +  0.150 x0 x5 x6 + -0.015 x0 x5 x7 + -0.063 x0 x6^2 +  0.019 x0 x6 x7 +  0.001 x0 x7^2 +  0.072 x1^3 + -0.223 x1^2 x2 +  0.141 x1^2 x3 + -0.185 x1^2 x4 +  0.190 x1^2 x5 + -0.012 x1^2 x6 +  0.004 x1^2 x7 +  0.159 x1 x2^2 +  0.104 x1 x2 x4 + -0.236 x1 x2 x5 + -0.100 x1 x2 x6 +  0.027 x1 x2 x7 + -0.130 x1 x3^2 +  0.050 x1 x3 x4 +  0.168 x1 x3 x5 +  0.086 x1 x3 x6 + -0.057 x1 x3 x7 +  0.068 x1 x4^2 + -0.312 x1 x4 x5 +  0.130 x1 x4 x6 +  0.021 x1 x4 x7 +  0.243 x1 x5^2 + -0.373 x1 x5 x6 +  0.060 x1 x5 x7 +  0.164 x1 x6^2 + -0.062 x1 x6 x7 +  0.002 x1 x7^2 + -0.038 x2^3 + -0.018 x2^2 x3 + -0.019 x2^2 x4 +  0.101 x2^2 x5 +  0.058 x2^2 x6 + -0.017 x2 x3^2 +  0.130 x2 x3 x4 + -0.198 x2 x3 x5 + -0.047 x2 x4 x5 + -0.041 x2 x4 x6 + -0.035 x2 x4 x7 +  0.021 x2 x5^2 +  0.193 x2 x5 x6 + -0.138 x2 x6^2 +  0.023 x2 x6 x7 +  0.011 x2 x7^2 +  0.107 x3^3 + -0.299 x3^2 x4 +  0.163 x3^2 x5 + -0.099 x3^2 x6 +  0.118 x3 x4^2 +  0.129 x3 x4 x5 +  0.081 x3 x4 x6 +  0.121 x3 x4 x7 + -0.148 x3 x5^2 + -0.070 x3 x5 x6 + -0.152 x3 x5 x7 +  0.067 x3 x6^2 +  0.114 x3 x6 x7 + -0.048 x3 x7^2 +  0.031 x4^3 + -0.212 x4^2 x5 +  0.012 x4^2 x6 + -0.142 x4^2 x7 +  0.185 x4 x5^2 +  0.311 x4 x5 x7 + -0.003 x4 x6^2 + -0.243 x4 x6 x7 +  0.080 x4 x7^2 + -0.021 x5^3 + -0.033 x5^2 x6 + -0.157 x5^2 x7 +  0.239 x5 x6 x7 + -0.074 x5 x7^2 +  0.012 x6^3 + -0.086 x6^2 x7 +  0.047 x6 x7^2 + -0.007 x7^3 | (x3)' =  0.807 x0 + -3.541 x1 +  132.600 x2 + -10.373 x3 + -116.249 x4 + -4.208 x5 +  1.088 x6 + -0.219 x7 + -0.054 x0^2 +  0.403 x0 x1 + -0.755 x0 x2 +  0.836 x0 x3 + -0.564 x0 x4 +  0.199 x0 x5 + -0.018 x0 x7 + -0.698 x1^2 +  2.542 x1 x2 + -2.839 x1 x3 +  1.900 x1 x4 + -0.611 x1 x5 + -0.018 x1 x6 +  0.044 x1 x7 + -2.317 x2^2 +  5.349 x2 x3 + -3.757 x2 x4 +  1.326 x2 x5 + -0.124 x2 x6 + -3.248 x3^2 +  4.833 x3 x4 + -1.824 x3 x5 +  0.275 x3 x6 + -0.062 x3 x7 + -1.808 x4^2 +  1.086 x4 x5 +  0.055 x4 x6 + -0.006 x4 x7 +  0.176 x5^2 + -0.629 x5 x6 +  0.157 x5 x7 +  0.279 x6^2 + -0.147 x6 x7 +  0.020 x7^2 +  0.010 x0^3 + -0.068 x0^2 x1 +  0.107 x0^2 x2 + -0.116 x0^2 x3 +  0.087 x0^2 x4 + -0.056 x0^2 x5 +  0.033 x0^2 x6 + -0.009 x0^2 x7 +  0.117 x0 x1^2 + -0.323 x0 x1 x2 +  0.250 x0 x1 x3 + -0.060 x0 x1 x4 + -0.032 x0 x1 x5 +  0.013 x0 x1 x6 + -0.006 x0 x1 x7 +  0.186 x0 x2^2 + -0.179 x0 x2 x3 + -0.105 x0 x2 x4 +  0.206 x0 x2 x5 + -0.105 x0 x2 x6 +  0.032 x0 x2 x7 +  0.002 x0 x3^2 +  0.138 x0 x3 x4 + -0.151 x0 x3 x5 +  0.023 x0 x3 x7 + -0.076 x0 x4^2 +  0.198 x0 x4 x5 + -0.058 x0 x4 x7 + -0.181 x0 x5^2 +  0.122 x0 x5 x6 +  0.046 x0 x5 x7 +  0.006 x0 x6^2 + -0.075 x0 x6 x7 +  0.025 x0 x7^2 + -0.038 x1^3 +  0.153 x1^2 x2 +  0.020 x1^2 x3 + -0.259 x1^2 x4 +  0.308 x1^2 x5 + -0.191 x1^2 x6 +  0.071 x1^2 x7 + -0.253 x1 x2^2 +  0.015 x1 x2 x3 +  0.531 x1 x2 x4 + -0.681 x1 x2 x5 +  0.476 x1 x2 x6 + -0.211 x1 x2 x7 +  0.110 x1 x3^2 + -0.127 x1 x3 x4 +  0.110 x1 x3 x6 + -0.190 x1 x4^2 +  0.252 x1 x4 x5 + -0.337 x1 x4 x6 +  0.180 x1 x4 x7 +  0.178 x1 x5^2 + -0.041 x1 x5 x6 + -0.194 x1 x5 x7 + -0.116 x1 x6^2 +  0.293 x1 x6 x7 + -0.092 x1 x7^2 +  0.197 x2^3 + -0.228 x2^2 x3 + -0.049 x2^2 x4 +  0.191 x2^2 x5 + -0.251 x2^2 x6 +  0.178 x2^2 x7 + -0.153 x2 x3^2 +  0.274 x2 x3 x5 + -0.128 x2 x3 x6 + -0.170 x2 x3 x7 +  0.349 x2 x4^2 + -0.421 x2 x4 x5 +  0.295 x2 x4 x6 + -0.046 x2 x4 x7 + -0.383 x2 x5^2 +  0.383 x2 x5 x6 +  0.120 x2 x5 x7 +  0.074 x2 x6^2 + -0.393 x2 x6 x7 +  0.142 x2 x7^2 +  0.336 x3^3 + -0.556 x3^2 x4 + -0.020 x3^2 x5 +  0.127 x3^2 x6 +  0.101 x3^2 x7 +  0.110 x3 x4^2 +  0.072 x3 x4 x5 + -0.199 x3 x4 x6 + -0.101 x3 x4 x7 +  0.525 x3 x5^2 + -0.561 x3 x5 x6 + -0.040 x3 x6^2 +  0.387 x3 x6 x7 + -0.153 x3 x7^2 +  0.123 x4^3 + -0.276 x4^2 x5 +  0.191 x4^2 x6 +  0.019 x4^2 x7 + -0.136 x4 x5^2 +  0.071 x4 x5 x6 +  0.088 x4 x5 x7 +  0.190 x4 x6^2 + -0.411 x4 x6 x7 +  0.143 x4 x7^2 +  0.079 x5^3 +  0.027 x5^2 x6 + -0.115 x5^2 x7 + -0.267 x5 x6^2 +  0.422 x5 x6 x7 + -0.123 x5 x7^2 +  0.121 x6^3 + -0.205 x6^2 x7 +  0.095 x6 x7^2 + -0.013 x7^3 | (x4)' =  1.007 1 +  0.164 x0 + -0.583 x1 +  1.136 x2 +  123.782 x3 + -123.435 x5 + -1.674 x6 +  0.661 x7 + -0.020 x0^2 +  0.084 x0 x1 + -0.142 x0 x2 +  0.204 x0 x3 + -0.168 x0 x4 +  0.077 x0 x5 + -0.018 x0 x6 + -0.017 x1^2 + -0.113 x1 x3 +  0.211 x1 x5 + -0.226 x1 x6 +  0.101 x1 x7 +  0.004 x2^2 +  0.480 x2 x3 + -0.419 x2 x4 + -0.130 x2 x5 +  0.374 x2 x6 + -0.224 x2 x7 + -0.936 x3^2 +  2.285 x3 x4 + -1.254 x3 x5 +  0.200 x3 x6 +  0.158 x3 x7 + -1.627 x4^2 +  2.219 x4 x5 + -0.701 x4 x6 + -0.056 x4 x7 + -0.791 x5^2 +  0.448 x5 x6 +  0.082 x5 x7 + -0.112 x6 x7 +  0.030 x7^2 + -0.001 x0^3 +  0.016 x0^2 x1 + -0.024 x0^2 x2 +  0.006 x0^2 x3 +  0.018 x0^2 x4 + -0.016 x0^2 x5 + -0.002 x0^2 x6 + -0.054 x0 x1^2 +  0.175 x0 x1 x2 + -0.101 x0 x1 x3 + -0.027 x0 x1 x5 +  0.111 x0 x1 x6 + -0.030 x0 x1 x7 + -0.171 x0 x2^2 +  0.292 x0 x2 x3 + -0.169 x0 x2 x4 +  0.171 x0 x2 x5 + -0.229 x0 x2 x6 +  0.054 x0 x2 x7 + -0.090 x0 x3^2 +  0.011 x0 x3 x5 +  0.097 x0 x3 x6 + -0.005 x0 x3 x7 +  0.093 x0 x4^2 + -0.157 x0 x4 x5 + -0.009 x0 x4 x7 +  0.050 x0 x5^2 +  0.038 x0 x5 x6 + -0.026 x0 x5 x7 + -0.052 x0 x6^2 +  0.053 x0 x6 x7 + -0.013 x0 x7^2 +  0.044 x1^3 + -0.169 x1^2 x2 +  0.040 x1^2 x3 +  0.044 x1^2 x4 +  0.077 x1^2 x5 + -0.244 x1^2 x6 +  0.073 x1^2 x7 +  0.226 x1 x2^2 + -0.106 x1 x2 x3 + -0.023 x1 x2 x4 + -0.319 x1 x2 x5 +  0.744 x1 x2 x6 + -0.182 x1 x2 x7 + -0.237 x1 x3^2 +  0.670 x1 x3 x4 + -0.304 x1 x3 x5 + -0.286 x1 x3 x6 + -0.405 x1 x4^2 +  0.399 x1 x4 x5 +  0.164 x1 x4 x6 + -0.001 x1 x4 x7 + -0.010 x1 x5^2 + -0.366 x1 x5 x6 +  0.143 x1 x5 x7 +  0.255 x1 x6^2 + -0.222 x1 x6 x7 +  0.051 x1 x7^2 + -0.089 x2^3 +  0.057 x2^2 x3 + -0.099 x2^2 x4 +  0.269 x2^2 x5 + -0.460 x2^2 x6 +  0.042 x2^2 x7 +  0.195 x2 x3^2 + -0.205 x2 x3 x4 +  0.124 x2 x3 x5 +  0.143 x2 x3 x6 +  0.300 x2 x3 x7 + -0.094 x2 x4^2 +  0.205 x2 x4 x5 + -0.212 x2 x4 x6 + -0.207 x2 x4 x7 + -0.225 x2 x5^2 +  0.550 x2 x5 x6 + -0.119 x2 x5 x7 + -0.372 x2 x6^2 +  0.322 x2 x6 x7 + -0.082 x2 x7^2 + -0.083 x3^3 + -0.057 x3^2 x4 + -0.244 x3^2 x5 +  0.388 x3^2 x6 + -0.402 x3^2 x7 +  0.533 x3 x4^2 + -0.218 x3 x4 x5 + -0.453 x3 x4 x6 +  0.569 x3 x4 x7 +  0.020 x3 x5 x6 + -0.064 x3 x5 x7 +  0.234 x3 x6^2 + -0.314 x3 x6 x7 +  0.101 x3 x7^2 + -0.349 x4^3 +  0.344 x4^2 x5 +  0.112 x4^2 x6 + -0.152 x4^2 x7 +  0.081 x4 x5^2 + -0.136 x4 x5 x6 + -0.087 x4 x5 x7 + -0.204 x4 x6^2 +  0.404 x4 x6 x7 + -0.128 x4 x7^2 + -0.157 x5^3 +  0.173 x5^2 x6 +  0.109 x5^2 x7 +  0.100 x5 x6^2 + -0.369 x5 x6 x7 +  0.114 x5 x7^2 + -0.065 x6^3 +  0.162 x6^2 x7 + -0.082 x6 x7^2 +  0.011 x7^3 | (x5)' = -0.972 1 + -1.265 x0 +  4.863 x1 + -9.557 x2 +  12.197 x3 +  115.161 x4 +  4.443 x5 + -125.891 x6 +  0.144 x7 +  0.082 x0^2 + -0.414 x0 x1 +  0.542 x0 x2 + -0.544 x0 x3 +  0.494 x0 x4 + -0.382 x0 x5 +  0.187 x0 x6 + -0.041 x0 x7 +  0.424 x1^2 + -0.825 x1 x2 +  0.641 x1 x3 + -0.547 x1 x4 +  0.398 x1 x5 + -0.124 x1 x6 +  0.169 x2^2 +  0.066 x2 x4 + -0.185 x2 x6 +  0.110 x2 x7 +  0.012 x3^2 + -0.541 x3 x4 +  0.417 x3 x5 +  0.024 x3 x6 + -0.081 x3 x7 +  0.655 x4^2 + -0.971 x4 x5 +  0.252 x4 x6 +  0.316 x5^2 + -0.145 x5 x6 +  0.011 x6^2 +  0.002 x7^2 + -0.004 x0^2 x1 + -0.026 x0^2 x2 +  0.068 x0^2 x3 + -0.093 x0^2 x4 +  0.089 x0^2 x5 + -0.058 x0^2 x6 +  0.017 x0^2 x7 +  0.048 x0 x1^2 + -0.032 x0 x1 x2 + -0.084 x0 x1 x3 +  0.165 x0 x1 x4 + -0.171 x0 x1 x5 +  0.115 x0 x1 x6 + -0.027 x0 x1 x7 + -0.005 x0 x2^2 +  0.024 x0 x2 x3 + -0.014 x0 x2 x4 + -0.028 x0 x2 x6 +  0.003 x0 x2 x7 +  0.044 x0 x3^2 + -0.109 x0 x3 x4 +  0.058 x0 x3 x5 +  0.092 x0 x3 x6 + -0.054 x0 x3 x7 +  0.035 x0 x4^2 + -0.198 x0 x4 x6 +  0.129 x0 x4 x7 +  0.164 x0 x5 x6 + -0.132 x0 x5 x7 + -0.088 x0 x6^2 +  0.104 x0 x6 x7 + -0.023 x0 x7^2 + -0.091 x1^3 +  0.259 x1^2 x2 + -0.172 x1^2 x3 +  0.082 x1^2 x4 + -0.057 x1^2 x5 +  0.057 x1^2 x6 + -0.042 x1^2 x7 + -0.165 x1 x2^2 +  0.232 x1 x2 x3 + -0.188 x1 x2 x4 +  0.307 x1 x2 x5 + -0.288 x1 x2 x6 +  0.177 x1 x2 x7 + -0.127 x1 x3^2 +  0.076 x1 x3 x4 + -0.064 x1 x3 x5 + -0.102 x1 x3 x6 +  0.168 x1 x4^2 + -0.312 x1 x4 x5 +  0.527 x1 x4 x6 + -0.258 x1 x4 x7 +  0.030 x1 x5^2 + -0.305 x1 x5 x6 +  0.268 x1 x5 x7 +  0.150 x1 x6^2 + -0.213 x1 x6 x7 +  0.052 x1 x7^2 + -0.087 x2^3 +  0.307 x2^2 x3 + -0.177 x2^2 x4 + -0.133 x2^2 x5 +  0.215 x2^2 x6 + -0.171 x2^2 x7 + -0.209 x2 x3^2 +  0.283 x2 x3 x4 +  0.106 x2 x3 x5 +  0.049 x2 x3 x6 +  0.161 x2 x3 x7 + -0.244 x2 x4^2 +  0.072 x2 x4 x5 + -0.426 x2 x4 x6 +  0.131 x2 x4 x7 +  0.369 x2 x5^2 + -0.253 x2 x5 x6 + -0.072 x2 x5 x7 +  0.091 x2 x6^2 +  0.065 x2 x6 x7 + -0.031 x2 x7^2 + -0.088 x3^3 +  0.309 x3^2 x4 + -0.242 x3^2 x5 + -0.166 x3^2 x6 + -0.051 x3^2 x7 + -0.175 x3 x4^2 +  0.295 x3 x4 x5 +  0.578 x3 x4 x6 + -0.070 x3 x4 x7 + -0.530 x3 x5^2 +  0.424 x3 x5 x6 + -0.120 x3 x5 x7 + -0.243 x3 x6^2 +  0.137 x3 x6 x7 + -0.017 x3 x7^2 + -0.083 x4^3 +  0.312 x4^2 x5 + -0.542 x4^2 x6 +  0.079 x4^2 x7 + -0.101 x4 x5^2 +  0.240 x4 x5 x6 +  0.078 x4 x5 x7 +  0.104 x4 x6^2 + -0.185 x4 x6 x7 +  0.047 x4 x7^2 +  0.020 x5^3 +  0.012 x5^2 x6 + -0.097 x5^2 x7 + -0.158 x5 x6^2 +  0.244 x5 x6 x7 + -0.062 x5 x7^2 +  0.071 x6^3 + -0.116 x6^2 x7 +  0.052 x6 x7^2 + -0.007 x7^3 | (x6)' = -0.531 1 +  0.005 x0 + -0.440 x2 +  0.634 x3 +  0.692 x4 +  122.479 x5 +  2.633 x6 + -125.967 x7 +  0.022 x0^2 + -0.041 x0 x1 + -0.042 x0 x3 +  0.108 x0 x4 + -0.136 x0 x5 +  0.104 x0 x6 + -0.035 x0 x7 + -0.143 x1^2 +  0.775 x1 x2 + -0.773 x1 x3 +  0.473 x1 x4 + -0.171 x1 x5 +  0.014 x1 x7 + -0.888 x2^2 +  1.674 x2 x3 + -1.022 x2 x4 +  0.529 x2 x5 + -0.229 x2 x6 +  0.071 x2 x7 + -0.515 x3^2 +  0.201 x3 x5 + -0.069 x3 x7 +  0.587 x4^2 + -1.030 x4 x5 +  0.303 x4 x6 +  0.036 x4 x7 +  0.402 x5^2 + -0.150 x5 x6 + -0.078 x5 x7 + -0.061 x6^2 +  0.108 x6 x7 + -0.026 x7^2 + -0.001 x0^3 +  0.007 x0^2 x1 + -0.014 x0^2 x2 +  0.033 x0^2 x3 + -0.068 x0^2 x4 +  0.084 x0^2 x5 + -0.038 x0^2 x6 + -0.005 x0^2 x7 + -0.012 x0 x1 x2 + -0.036 x0 x1 x3 +  0.208 x0 x1 x4 + -0.312 x0 x1 x5 +  0.083 x0 x1 x6 +  0.083 x0 x1 x7 +  0.063 x0 x2^2 + -0.189 x0 x2 x3 +  0.019 x0 x2 x4 +  0.166 x0 x2 x5 +  0.044 x0 x2 x6 + -0.179 x0 x2 x7 +  0.190 x0 x3^2 + -0.247 x0 x3 x4 +  0.005 x0 x3 x5 + -0.097 x0 x3 x6 +  0.189 x0 x3 x7 +  0.068 x0 x4^2 +  0.062 x0 x4 x5 +  0.002 x0 x4 x6 + -0.112 x0 x4 x7 + -0.071 x0 x5^2 +  0.053 x0 x5 x6 +  0.043 x0 x5 x7 + -0.025 x0 x6 x7 +  0.005 x0 x7^2 + -0.019 x1^3 +  0.088 x1^2 x2 + -0.028 x1^2 x3 + -0.197 x1^2 x4 +  0.317 x1^2 x5 +  0.016 x1^2 x6 + -0.186 x1^2 x7 + -0.142 x1 x2^2 +  0.237 x1 x2 x3 +  0.198 x1 x2 x4 + -0.467 x1 x2 x5 + -0.303 x1 x2 x6 +  0.626 x1 x2 x7 + -0.159 x1 x3^2 +  0.251 x1 x3 x5 +  0.268 x1 x3 x6 + -0.563 x1 x3 x7 +  0.112 x1 x4^2 + -0.340 x1 x4 x5 +  0.297 x1 x4 x7 +  0.126 x1 x5^2 + -0.131 x1 x5 x7 + -0.069 x1 x6^2 +  0.089 x1 x6 x7 + -0.013 x1 x7^2 +  0.018 x2^3 +  0.033 x2^2 x3 + -0.140 x2^2 x4 +  0.172 x2^2 x5 +  0.233 x2^2 x6 + -0.421 x2^2 x7 + -0.122 x2 x3^2 +  0.174 x2 x3 x4 + -0.098 x2 x3 x5 + -0.113 x2 x3 x6 +  0.529 x2 x3 x7 + -0.175 x2 x4 x5 + -0.122 x2 x4 x6 + -0.124 x2 x4 x7 +  0.312 x2 x5^2 + -0.304 x2 x5 x6 +  0.079 x2 x5 x7 +  0.206 x2 x6^2 + -0.121 x2 x6 x7 +  0.012 x2 x7^2 +  0.096 x3^3 + -0.114 x3^2 x4 +  0.007 x3^2 x5 + -0.365 x3^2 x6 +  0.055 x3^2 x7 +  0.223 x3 x4 x5 +  1.010 x3 x4 x6 + -0.557 x3 x4 x7 + -0.438 x3 x5^2 +  0.274 x3 x5 x7 + -0.160 x3 x6^2 +  0.030 x3 x6 x7 + -0.052 x4^3 +  0.095 x4^2 x5 + -0.765 x4^2 x6 +  0.483 x4^2 x7 +  0.151 x4 x5^2 +  0.434 x4 x5 x6 + -0.508 x4 x5 x7 +  0.062 x4 x6^2 +  0.037 x4 x6 x7 + -0.003 x4 x7^2 + -0.118 x5^3 +  0.131 x5^2 x6 +  0.086 x5^2 x7 + -0.270 x5 x6^2 +  0.122 x5 x6 x7 + -0.023 x5 x7^2 +  0.111 x6^3 + -0.104 x6^2 x7 +  0.035 x6 x7^2 + -0.004 x7^3 | (x7)' =  24.719 1 +  47.917 x0 + -221.786 x1 +  527.315 x2 + -871.034 x3 +  1095.389 x4 + -1071.711 x5 +  935.101 x6 + -439.092 x7 +  0.286 x0^2 + -1.529 x0 x1 +  2.418 x0 x2 + -2.510 x0 x3 +  1.874 x0 x4 + -0.938 x0 x5 +  0.357 x0 x6 + -0.214 x0 x7 +  1.300 x1^2 + -2.603 x1 x2 +  0.964 x1 x3 +  0.795 x1 x4 + -1.520 x1 x5 +  0.713 x1 x6 +  0.450 x1 x7 +  4.984 x2 x3 + -7.902 x2 x4 +  6.906 x2 x5 + -2.794 x2 x6 + -0.741 x2 x7 + -7.128 x3^2 +  18.536 x3 x4 + -15.020 x3 x5 +  6.450 x3 x6 +  0.488 x3 x7 + -11.490 x4^2 +  18.284 x4 x5 + -8.013 x4 x6 + -0.214 x4 x7 + -7.286 x5^2 +  6.579 x5 x6 + -1.550 x6^2 + -0.038 x6 x7 +  0.104 x7^2 +  0.003 x0^3 + -0.023 x0^2 x1 +  0.026 x0^2 x2 + -0.022 x0^2 x3 +  0.051 x0^2 x4 + -0.079 x0^2 x5 +  0.074 x0^2 x6 + -0.028 x0^2 x7 +  0.039 x0 x1^2 + -0.081 x0 x1 x2 +  0.010 x0 x1 x3 + -0.132 x0 x1 x4 +  0.253 x0 x1 x5 + -0.260 x0 x1 x6 +  0.095 x0 x1 x7 +  0.051 x0 x2^2 +  0.145 x0 x2 x4 + -0.236 x0 x2 x5 +  0.271 x0 x2 x6 + -0.105 x0 x2 x7 + -0.033 x0 x3^2 + -0.113 x0 x3 x4 +  0.156 x0 x3 x5 + -0.249 x0 x3 x6 +  0.112 x0 x3 x7 +  0.115 x0 x4^2 + -0.168 x0 x4 x5 +  0.245 x0 x4 x6 + -0.130 x0 x4 x7 +  0.043 x0 x5^2 + -0.168 x0 x5 x6 +  0.115 x0 x5 x7 +  0.077 x0 x6^2 + -0.089 x0 x6 x7 +  0.023 x0 x7^2 + -0.006 x1^3 +  0.168 x1^2 x3 + -0.055 x1^2 x4 + -0.057 x1^2 x5 +  0.082 x1^2 x6 + -0.009 x1^2 x7 + -0.075 x1 x2^2 + -0.271 x1 x2 x3 +  0.010 x1 x2 x5 +  0.032 x1 x2 x6 + -0.113 x1 x2 x7 +  0.300 x1 x3^2 + -0.179 x1 x3 x4 +  0.256 x1 x3 x5 + -0.153 x1 x3 x6 +  0.157 x1 x3 x7 + -0.052 x1 x4^2 + -0.208 x1 x4 x5 +  0.075 x1 x4 x6 + -0.053 x1 x4 x7 +  0.218 x1 x5^2 + -0.133 x1 x5 x6 + -0.033 x1 x5 x7 + -0.017 x1 x6^2 +  0.103 x1 x6 x7 + -0.046 x1 x7^2 +  0.150 x2^3 + -0.190 x2^2 x3 +  0.347 x2^2 x4 + -0.115 x2^2 x5 + -0.087 x2^2 x6 +  0.170 x2^2 x7 + -0.097 x2 x3^2 + -0.346 x2 x3 x4 + -0.040 x2 x3 x5 +  0.148 x2 x3 x6 + -0.386 x2 x3 x7 +  0.378 x2 x4^2 + -0.191 x2 x4 x5 +  0.177 x2 x4 x6 +  0.159 x2 x4 x7 + -0.071 x2 x5^2 + -0.125 x2 x5 x6 +  0.036 x2 x5 x7 +  0.124 x2 x6^2 + -0.171 x2 x6 x7 +  0.074 x2 x7^2 +  0.213 x3^3 + -0.284 x3^2 x4 +  0.232 x3^2 x5 +  0.012 x3^2 x6 +  0.225 x3^2 x7 +  0.023 x3 x4^2 + -0.028 x3 x4 x5 + -0.474 x3 x4 x6 + -0.230 x3 x4 x7 +  0.406 x3 x5 x6 +  0.033 x3 x5 x7 + -0.185 x3 x6^2 +  0.112 x3 x6 x7 + -0.061 x3 x7^2 +  0.054 x4^3 + -0.174 x4^2 x5 +  0.363 x4^2 x6 +  0.098 x4^2 x7 +  0.144 x4 x5^2 + -0.365 x4 x5 x6 + -0.199 x4 x5 x7 +  0.013 x4 x6^2 +  0.142 x4 x6 x7 + -0.007 x4 x7^2 + -0.004 x5^3 + -0.114 x5^2 x6 +  0.210 x5^2 x7 +  0.335 x5 x6^2 + -0.450 x5 x6 x7 +  0.088 x5 x7^2 + -0.170 x6^3 +  0.261 x6^2 x7 + -0.110 x6 x7^2 +  0.016 x7^3
30,80.0,1000.0,37.49490932254601,3,8,1,4.0,28.0,9,36.0,smoothed_finite_difference_savgol_order_3,success,,1222,1320,92.57575757575758,34.95097457244992,"[""1"", ""x0"", ""x1"", ""x2"", ""x3"", ""x4"", ""x5"", ""x6"", ""x7"", ""x0^2"", ""x0 x1"", ""x0 x2"", ""x0 x3"", ""x0 x4"", ""x0 x5"", ""x0 x6"", ""x0 x7"", ""x1^2"", ""x1 x2"", ""x1 x3"", ""x1 x4"", ""x1 x5"", ""x1 x6"", ""x1 x7"", ""x2^2"", ""x2 x3"", ""x2 x4"", ""x2 x5"", ""x2 x6"", ""x2 x7"", ""x3^2"", ""x3 x4"", ""x3 x5"", ""x3 x6"", ""x3 x7"", ""x4^2"", ""x4 x5"", ""x4 x6"", ""x4 x7"", ""x5^2"", ""x5 x6"", ""x5 x7"", ""x6^2"", ""x6 x7"", ""x7^2"", ""x0^3"", ""x0^2 x1"", ""x0^2 x2"", ""x0^2 x3"", ""x0^2 x4"", ""x0^2 x5"", ""x0^2 x6"", ""x0^2 x7"", ""x0 x1^2"", ""x0 x1 x2"", ""x0 x1 x3"", ""x0 x1 x4"", ""x0 x1 x5"", ""x0 x1 x6"", ""x0 x1 x7"", ""x0 x2^2"", ""x0 x2 x3"", ""x0 x2 x4"", ""x0 x2 x5"", ""x0 x2 x6"", ""x0 x2 x7"", ""x0 x3^2"", ""x0 x3 x4"", ""x0 x3 x5"", ""x0 x3 x6"", ""x0 x3 x7"", ""x0 x4^2"", ""x0 x4 x5"", ""x0 x4 x6"", ""x0 x4 x7"", ""x0 x5^2"", ""x0 x5 x6"", ""x0 x5 x7"", ""x0 x6^2"", ""x0 x6 x7"", ""x0 x7^2"", ""x1^3"", ""x1^2 x2"", ""x1^2 x3"", ""x1^2 x4"", ""x1^2 x5"", ""x1^2 x6"", ""x1^2 x7"", ""x1 x2^2"", ""x1 x2 x3"", ""x1 x2 x4"", ""x1 x2 x5"", ""x1 x2 x6"", ""x1 x2 x7"", ""x1 x3^2"", ""x1 x3 x4"", ""x1 x3 x5"", ""x1 x3 x6"", ""x1 x3 x7"", ""x1 x4^2"", ""x1 x4 x5"", ""x1 x4 x6"", ""x1 x4 x7"", ""x1 x5^2"", ""x1 x5 x6"", ""x1 x5 x7"", ""x1 x6^2"", ""x1 x6 x7"", ""x1 x7^2"", ""x2^3"", ""x2^2 x3"", ""x2^2 x4"", ""x2^2 x5"", ""x2^2 x6"", ""x2^2 x7"", ""x2 x3^2"", ""x2 x3 x4"", ""x2 x3 x5"", ""x2 x3 x6"", ""x2 x3 x7"", ""x2 x4^2"", ""x2 x4 x5"", ""x2 x4 x6"", ""x2 x4 x7"", ""x2 x5^2"", ""x2 x5 x6"", ""x2 x5 x7"", ""x2 x6^2"", ""x2 x6 x7"", ""x2 x7^2"", ""x3^3"", ""x3^2 x4"", ""x3^2 x5"", ""x3^2 x6"", ""x3^2 x7"", ""x3 x4^2"", ""x3 x4 x5"", ""x3 x4 x6"", ""x3 x4 x7"", ""x3 x5^2"", ""x3 x5 x6"", ""x3 x5 x7"", ""x3 x6^2"", ""x3 x6 x7"", ""x3 x7^2"", ""x4^3"", ""x4^2 x5"", ""x4^2 x6"", ""x4^2 x7"", ""x4 x5^2"", ""x4 x5 x6"", ""x4 x5 x7"", ""x4 x6^2"", ""x4 x6 x7"", ""x4 x7^2"", ""x5^3"", ""x5^2 x6"", ""x5^2 x7"", ""x5 x6^2"", ""x5 x6 x7"", ""x5 x7^2"", ""x6^3"", ""x6^2 x7"", ""x6 x7^2"", ""x7^3""]","[[-10.115662263842278, 444.3504904957658, -881.7971788404853, 870.9319257870238, -780.1523143401698, 536.9650259529387, -248.10270575309787, 60.3394319033724, -3.5391082811716723, -2.376061982682875, 15.657641313729247, -23.203208324032897, 21.95783590988236, -18.63328844303436, 15.680684002760119, -9.012090317905589, 2.32340860997756, -25.916261102345068, 75.45404621314113, -67.77325911308715, 55.52469668921809, -48.99039392856441, 30.01529322600221, -8.152168867795499, -51.640898765491805, 81.82640317682261, -62.13208628056262, 61.37782233928288, -42.09621629012953, 12.326721063050483, -23.21818072084707, 24.67526561182843, -36.69335923796975, 33.137184046273454, -11.123695133370962, 0.0, 12.456302987922088, -18.918408498181005, 7.485237859354302, -6.219915361788907, 12.969512666775575, -4.735649823568092, -4.081767002431941, 2.2852418441342333, -0.2362495465227109, -0.0188554290687499, 0.11054375881346397, 0.10001629711606512, -0.2552991911435456, -0.002743176041396083, 0.07428697310735245, 0.05844421725706001, -0.038498996343831464, -0.26871430564131193, -0.17037519474217427, 0.7998048205381709, 0.34455997330139465, -0.5749318998011994, -0.0933281308255904, 0.10424487054759664, -0.001480107631866649, -0.06712959418244888, -0.5245026472159552, 0.5122441103641592, -0.06401290103044315, -0.043142259566180056, -0.11487581297361486, -0.09152324883026178, 0.11882732151186264, -0.08484608654353398, 0.2019874760722128, 0.3639853453320414, -0.3094174810572152, 0.2542634577833335, -0.48173191884536387, -0.2550062094748121, 0.346835551426545, 0.32666856766054586, -0.2110302137210058, -0.07890753388580933, 0.025508611096988848, 0.2492377482072425, -0.14613391037677304, -0.7928938015224926, -0.17807902784204918, 0.2639080957952246, 0.20561299477793452, -0.036432196753581746, 0.440728823245629, 0.2633637886615213, 0.19666170442787698, 0.2981181634847083, -0.28884025731187035, -0.20555074914235721, 0.2491965308833512, -0.24445503531006318, -0.15728920296991883, -0.2545822351844135, 0.09967533473211025, -0.1603649419571035, 0.15917960248101223, 0.08384888446020124, 0.48247592631075986, 0.2527897968743001, -0.44820052934761656, -0.52818475888419, 0.2010069929109572, 0.283952733165035, -0.08887185083277904, -0.3761263058862436, 0.07754598646103415, 0.1535672185101323, -0.5591990812924803, 0.1832353862348747, 0.28198001162556247, 0.27329791080874755, 0.18923133677101403, -0.13958411056866663, 0.3315931098548845, -0.43408755734439414, -0.06297499524529358, -0.18952141727366933, -0.25610283722880134, 0.0817237247998124, 0.2732728321241602, 0.01918127413288785, 0.14387181927708903, 0.16708243163114755, -0.42789579311363185, 0.14951034808563993, -0.35965817314897663, 0.018743203141992498, 0.3459568921176609, 0.12406683358561636, 0.0, 0.05956088244614387, 0.034001366475064125, -0.38257289111470383, 0.0, 0.0006368785337937994, -0.2517741820127204, 0.2681537943114293, -0.13240343533494167, 0.2595599354338848, -0.1325605590281202, 0.02657716857831759, -0.0877998102405314, 0.2926364504854748, 0.005753172017952255, -0.18817982848049425, 0.22236685287420352, -0.37769464073909964, 0.061697671467711976, 0.0, 0.04462317471895392, 0.0008178789200146222, 0.21950290410242554, 0.13217081693368374, -0.43246065639934483, 0.04966397527144857, 0.0, 0.1791059808753716, -0.0748057696970828, 0.0, 0.0030258098907563476], [-1.9777732256599283, 125.62510703460539, 1.6817212094489087, -132.52838961823062, 7.834766345608321, -2.9297565168583364, 1.5408065735556706, -1.5093315974607522, 0.3330031648755933, -0.7247351279615173, 4.117362827960653, -4.346886323152984, 1.636558012300068, 0.0, 0.0, 0.273849805706425, -0.25799516160890157, -5.502820922030794, 9.736683870684782, -0.921324470270953, -2.283351249829552, 0.7903123728692346, -1.497733028692474, 1.1483156941645871, -1.5296381858624593, -9.536761746841552, 8.036821863263178, -0.3707332307536534, 0.8025605262182867, -1.3792710735189848, 9.834631274328352, -10.69046462656995, -3.997939221822546, 4.302108575569324, -0.3460132637214969, 0.0, 12.774229699366435, -10.52873682623973, 2.566169397128967, -8.961674276255991, 11.858545220931893, -3.0119265625352205, -3.4562773827617757, 1.6336905265062036, -0.16758138439987946, -0.012675420068045463, 0.08932762909300963, 0.17949633879512125, -0.40806206150175955, 0.2821798794370129, -0.11459532685669119, 0.0639271970830687, -0.03617576700856399, -0.34492019511798133, -8.176832636227567e-05, 0.6283167825975663, -0.3263025454344274, 0.028558489506815957, 0.0, 0.04629978111857995, -0.1186754828130449, 0.1854153694139419, -0.12718836884597967, 0.3884136477975014, -0.3249744897883927, 0.0, 0.001094018362861743, -0.26980623726508046, -0.4134887924418771, 0.02741947802443277, 0.3663916907889202, 0.1255839617076231, 0.33261783495679037, 0.4995138085036927, -0.674756017431756, -0.09818218150795206, -0.513227001885067, 0.4392865137193654, 0.19944053492238573, -0.1352619866935277, 0.003921139241286141, 0.3138539317154233, -0.13781504091137495, 0.026046561718761404, -0.3380355331649906, 0.0, 0.021756290483789784, 0.05696032931184701, -0.44232635990179264, -0.38244563390270897, 1.010851650238768, 0.0, 0.0, -0.21270622213400817, 0.1598018686414874, 0.0, 0.6278868365591647, -0.04569476292539015, -0.3533471522216863, -0.23292193236754993, -0.7367642248373475, -0.14851791037653553, 0.634092189748352, 0.21000909958979705, 0.2140441582443691, -0.11501028813950907, -0.00047470055534057685, -0.26638343050436647, 0.10557627051622831, 0.620008983113735, -0.39028833926344086, -0.6212858307296215, -0.3047825768664971, 0.4356112216863589, 0.12786564004213197, 0.08997206263112274, 0.38508428950578555, -0.2913880580099207, -0.4996891853221427, 0.0737309392745827, 0.5355812144456461, -0.15286125333138187, -0.29439186899844144, 0.2093430023988515, 0.3892581243241392, 0.056519481493838904, -0.6105357673404652, -0.05816202271821063, 0.4712969969147522, -0.1171522875175286, -0.05637905167066299, -0.06360531640702231, 0.28703387971698946, 0.3254595964181816, -0.10732643722484157, -0.3254127257040233, 0.0, 0.1335484825576197, -0.1450263144227429, -0.2963754166403447, 0.017778159181085086, 0.28362391329003966, -0.24937334855245175, 0.21324073305178226, -0.11114793491540942, 0.0050347860693441045, 0.20634082608989787, -0.1366804475517932, -0.04821859409175599, 0.003506176968842251, 0.048384341848235694, 0.2139095711645223, 0.17436669991490308, -0.497665794584411, 0.2025272658120434, -0.11773250529261747, 0.047388054303824506, -0.09204217867507629, 0.22545406021022704, -0.07456698802298735, -0.0146375229418526, -0.24299395652905986, 0.33614067987700513, -0.16553385415541133, 0.029978172874260127], [-2.436392868192911, -0.9361626522083518, 128.354613723255, -3.43090068984027, -124.47543860317529, -0.33751848881620655, 1.5473643632566936, -0.18592793797506643, -0.5981337680465796, -0.1491082852041294, 0.5511523462950799, -0.28778393261250945, 0.0, 0.0, 0.0, 0.02849893994183394, 0.025060996254743246, -0.3058862233137442, -0.036087198779111776, 0.0, 0.0, 0.9773356711596124, -1.3528615721446406, 0.411563495320704, 0.0, 0.9212311516313053, -1.3035418425562673, 0.0, 1.4513328353742345, -0.6588588320316048, -0.24452876807358095, 0.43041662629492666, -1.3197481013299663, 0.0, 0.39485967545146106, 0.30847489158070607, 0.6276203537753496, 0.0, -0.3620992254511041, 0.0, -0.5997821111046525, 0.3365096499022656, 0.2969413563486785, -0.14069153299272294, 0.0, 0.020382182362392587, -0.09525754892491503, 0.14526043943070815, -0.27289212761608056, 0.32489407732488035, -0.16221902086003084, 0.05684461907759004, -0.03999083518192973, 0.017265319289294773, 0.09220626915840455, 0.2972113306816802, -0.735030711926821, 0.31928216576883006, -0.09516439561917608, 0.13232245372007934, -0.2761406526035609, 0.21577790471746147, 0.2496613574882243, 0.16965179643927053, -0.12787126572099766, -0.08345511644945547, -0.010155709711681775, 0.0, -0.5508115180900731, 0.3195909299926747, 0.0, 0.025594171015147694, 0.07938278272072094, -0.1759593630844553, 0.12671049966018647, 0.15630384555068763, 0.06330233598527857, -0.22757364548308096, -0.11574089677019364, 0.19652071649496977, -0.0382087135909752, 0.0312565420930967, 0.03101962242970169, 0.0, 0.1944079646071293, -0.021413281320525744, 0.020554591873953455, -0.06862230112470386, -0.4841478151765867, 0.2794461264766112, 0.0, -0.27322617919097913, -0.022693807863121338, -0.0018569900187299397, -0.14069283715588024, 0.0, 0.5289321449463387, -0.04764850479975626, 0.052148600336989724, -0.0756897240002027, 0.17213050954212375, -0.14693615807418184, -0.18821539866264528, -0.4536501906235647, 0.19603283754052173, 0.4053431203067789, 0.17885978937624375, -0.4187720848354006, 0.08817125483699474, 0.46016136757619647, -0.09356486069350604, -0.15846285498791682, -0.1269679984716759, 0.11653193582484586, 0.1822803711050823, -0.5281691083383404, 0.10319139706185056, 0.3039788621651668, -0.10706477681239836, -0.3710308864931237, 0.08229088402133267, 0.0, 0.17649544688160806, 0.07566260818353654, 0.11239062840282564, -0.2740342956033102, 0.0, 0.0, 0.02143750316625562, 0.025654916331294225, 0.2206230851162105, 0.33757328510875995, -0.3525631513482485, 0.014808657681775904, 0.15691258903299862, -0.19367026489928554, -0.2874115654036103, 0.014210931510234824, 0.06664811333984534, 0.2583171814282363, -0.0003129324318069557, -0.30667116462207067, -0.10296515167556482, 0.5045381286926879, -0.22056340727619425, -0.08310192004111568, 0.12925404754322045, -0.09639314806774939, 0.09970856853114231, 0.33858353004835406, 0.07003081901285042, -0.22424001381003927, -0.08975842573779878, -0.22014650439754901, 0.1977443087169559, -0.4146354494555682, 0.20463860720000823, 0.2516114525286797, 0.22593518606720497, -0.344245714735773, 0.0, -0.20032446684467, 0.32247006460797517, -0.1367827506226107, 0.022965273551580647], [-3.4594736985825416, -0.9294629813987563, -0.40293876875064305, 132.24497418136062, -11.113321134990708, -118.46625185377107, -3.2465757228458845, 3.018024786316486, -1.2380424639557102, 0.5191859425689791, -3.372286529236892, 4.322248920119875, -2.4088897831859692, 0.3673185121985003, 0.04536413021032397, 0.0, 0.04652056959247946, 5.286764824965552, -12.95354109445541, 6.778511190159554, -0.96025416694385, 0.0, 0.0, -0.19568137502380173, 7.357740175237224, -6.333600203699862, 0.0, 0.0, 0.2587737810372469, 0.1762950410065423, 0.0, 2.6429451903297316, 0.37767051513802613, -1.6857853500583808, 0.4785082755478902, -0.4103380303650766, -5.283502783131682, 6.258196970955414, -2.128228236558061, 6.187691257950778, -11.337635033488384, 3.809799441317917, 4.922698970861974, -3.3551038102773614, 0.5889421095667694, 0.06324455682706057, -0.3712515345061094, 0.23625798167490586, -0.09378023039631209, 0.18060523282535373, -0.13434444044659094, 0.01139643954581055, 0.0, 0.5679972352471115, -0.37035419596365987, -0.07418098130052735, -0.38154591332843163, 0.22585177992423236, 0.06768135786807458, 0.0, -0.016395564769194182, 0.0, 0.277313002094877, -0.2369829383299643, 0.10665588335385527, 0.032006350297333085, -0.049380298667712735, 0.3048589309215834, 0.18812361885642576, -0.004082120840842436, -0.4496315269334106, -0.20396684964481646, -0.4373150203530903, -0.3019176546662583, 0.9062339341143126, 0.48741705944582947, 0.0, -0.6428642749967424, 0.0, 0.15703577345713474, -0.0002466991888939244, -0.15167041308710788, -0.31196542211917344, 0.4603015813050961, -0.18298421217607275, 0.5650717666158869, -0.3874330888558184, -0.013402141189152604, 0.31993436718256596, 0.20892139740180285, 0.0, -1.0987248437541837, 0.37007753900065515, 0.08153860197046112, -0.2665688782517886, -0.514709383475741, 0.0, 0.422812819849718, 0.5238894127208716, 0.8225615948826379, 0.07354166819043874, -0.06380551264421967, -1.316285893903717, -0.39992461673858903, 0.051888206167512746, 0.9490136230908577, -0.01479749568044935, -0.127157662302234, -0.057963476327090396, -0.014084863551430694, -0.20464494541505915, 0.344267806814741, 0.5503712228491622, -0.37982144225095904, -0.011300795342803345, -0.3705168571316703, -0.1923712273933799, 0.20121045267637452, 0.06466559913637608, -0.28381049163862604, -0.3421907070099611, 0.0, 0.733537011528743, 0.15621881161204598, -0.11377492698091812, -0.18096620786102638, 0.06504305549053392, -0.1817795253736919, -0.1406438082071705, 0.12733143334391128, 0.5124777627619906, 0.026358878236254712, -0.11318751307557481, -0.37467144306854067, 0.07600102696196641, -0.26470321331909386, -0.05743098565675528, -0.14479856557800752, 0.46179534562290725, 0.2674506571476486, -0.12268860960103975, -0.5510703509608714, 0.4500277402717469, 0.14078785736305285, -0.1300041446431726, 0.10889162188480218, 0.0710942730776502, -0.16624944426839283, -0.03613375746815225, 0.1311631701984644, 0.15849489564045335, -0.11039125225196063, -0.26717499487005486, 0.024139573858808393, 0.10448486070960362, -0.28864465231948877, 0.3089668375232579, 0.15751553985359842, -0.09490065305508119, -0.07740622289958157, -0.05285711715588353, -0.011198112553094235, 0.05504491276040177, -0.0059946772139787595, 0.0014725583393506748], [5.34781137308542, 0.3068824453710703, -1.2289103491917024, 1.945617511504129, 124.91118541026765, -2.5929286957550923, -123.65871246570072, -0.026417654376034837, 0.39814692549033454, 0.1397330296341296, -0.36899332073054475, 0.0, -0.23102293204415422, 0.6635869190982971, -0.298750516172163, -0.26540423209866304, 0.22337003681917444, -0.706200779262743, 4.845187885331523, -3.6118939519549893, -0.004309943575264927, 0.0, 1.5961500511506117, -1.0555940626938491, -6.711745569796737, 12.957024333338138, -4.348038847554322, 0.0, -1.417653539182969, 1.3999894523174456, -8.054852127784354, 6.793727497523788, 3.099825609342808, -2.7059856578789216, -0.18885039934025893, 0.0, -9.025252037957499, 7.245462912472365, -1.3380577273348817, 6.359163118278188, -8.42524757679641, 1.9451034128156293, 2.6769989003857733, -1.3938718923194606, 0.20641793931798869, 0.00351775731590027, -0.048635594230142, 0.013608701441745774, 0.050620860771865735, -0.07814993336318506, 0.0963525925595321, -0.08589523778342877, 0.022027135830758344, 0.15186428763779175, -0.19689817668187218, 0.07224073775193074, 0.003413840475465824, -0.13960698805893051, 0.24903029953544017, -0.0659357767166581, -0.01623729617708459, 0.2715938059615994, -0.06803143924874999, -0.33172970031261884, 0.010414461939563274, 0.14832016366883896, -0.39290527185015217, 0.33930726117902493, 0.7255776820845279, -0.13778033909045748, -0.4732298704852409, -0.1653980116152625, -0.39974375125593575, -0.17759747982923296, 0.7341097178404784, 0.21956952043030778, 0.047435192684685004, -0.4618411439177369, 0.02070272535418717, 0.06256316612347328, 0.020595078992706496, -0.05876689651518686, -0.019720126413019658, -0.21769739958042714, 0.07354743112792163, 0.3283893986980453, -0.35594749127236935, 0.0, 0.3046724862660331, 0.12105572199764097, 0.0, -0.421469120859017, 0.5063417984621971, 0.0, -0.012080976059311398, -0.08358728373390355, -0.8331007324826328, 0.32545788996280367, 0.5109631859231784, 0.6633414948351138, -0.29017785907045196, 0.07220988074965862, -1.0964708419500344, 0.1178801187873631, 0.0011241863271737778, 0.6713498956205464, -0.22998993779457563, 0.2196070178489218, -0.16639432194200032, -0.19639964746451483, -0.030039081473799863, -0.010794111240332128, 0.6198261520042536, -0.5078613656896185, -0.15191674602390698, -0.0024434991492178317, -0.15744927623872437, 0.0, 0.0, 0.19000786132409256, -0.2895501403084529, 0.0, 0.8233543207150896, 0.13372355217401302, 0.06069129517334888, -0.450958481928894, -0.21319567417288607, 0.09110045743841237, -0.267885370894353, 0.22558903812847533, 0.25623909283221213, -0.14368397302279792, 0.29232325172702167, -0.2824425452443157, -0.17349874779442154, -0.24700407684971953, 0.0, -0.15656658041741414, 0.22409267081438952, -0.08377255660908768, 0.0, 0.14377206291667483, 0.35775080561938505, -0.14318883228255674, -0.11180603066894947, 0.19690134893117162, 0.05291210167217986, -0.016149233628038138, -0.06293805167939061, -0.02896770537252885, -0.22173902012824487, 0.0, 0.005786540269634844, -0.07622846192137671, 0.12145512961531206, 0.055739365213473044, -0.05832916607098761, 0.024878247942271406, 0.12878152344936938, 0.12720801984314925, -0.1441521793077944, -0.05412299952482734, -0.11944400064571128, 0.14739416473793143, -0.03078822762239066], [4.016008533792303, 0.44548315833454505, 1.5312260797291737, -7.132523250000392, 10.129308995270764, 117.1720370126137, 4.6611476493058275, -128.2768018904237, 1.6183359606343641, 0.06265324194172267, -0.2040295240868358, 0.12702154183702946, -0.03325676306413717, 0.0, 0.0, 0.02194139051612748, -0.031663506056861995, 0.07989868135052894, -0.1449449181303105, 0.0, 0.13395934951962313, 0.0, 0.0, 0.0, 0.0, 2.428595038154242, -2.90034498756338, 0.0, 0.6516005796372782, 0.0009836636262241397, -5.745777870652577, 13.63074511540008, -4.607980895553913, 0.0, -0.19564668079229922, -8.600647433323083, 6.7808670091026535, 0.0, -0.13682641193483416, -0.4701843042251987, -2.579089579336471, 1.1033779273301823, 1.5985069996510362, -1.172200027324381, 0.20225004662822466, -0.018388952018783024, 0.06282686650162013, 0.0, -0.07170890227915284, 0.07502779513468859, -0.05735281737116666, 0.0, 0.032476644161401405, 0.003582401889646801, -0.14435047703769535, 0.25469963902573184, -0.2542989993286967, 0.238792258421216, 0.039359539145402, -0.1695307017279129, -0.2044984348694912, 0.6716863798871623, -0.057769402560779774, -0.5541303680929784, 0.24437820312318193, 0.09982542202244027, -0.36596450837361727, -0.2607365807058449, 0.9243446059103403, -0.6226817451770378, 0.04708010109257774, -0.14436514878246318, 0.5685713211976003, 0.04446864854347063, 0.0, -0.48031589864538593, -0.2477598509868183, 0.21130293902018507, 0.49562179877117024, -0.48869570104639004, 0.12437032890571457, -0.08350690807201117, 0.2793267640798792, -0.24943470850786328, 0.08644198196669542, 0.0, -0.2275868238350016, 0.1968752865799786, 0.025648042273937927, -0.519704653930101, 0.4084765461803249, 0.00039144669812938513, 0.2250901098191024, -0.12513666033535834, 0.1342536963608914, 0.6680003524098779, -0.8727183841843836, 0.40964241736238094, -0.0763466292174718, 0.13738422009187418, -1.1906740836905532, 0.5228420129772622, -0.4100458616962272, 0.5700608265085242, 0.5945083912315571, 0.0, -1.073337349049836, 0.8737723014048749, -0.25883303301784083, 0.22469252334213552, -0.4993235702799437, -0.3209156236574972, 0.42660373787074773, -0.08160529006698795, -0.30084332355180116, 0.4076175445069579, -0.056745703132537136, 0.0, -0.35521354003971134, 0.7840105313050482, 0.3084639164998866, -0.44954246267901266, -0.3929717686924652, 0.57592853763087, 0.6222679289183667, -0.279858645665085, -0.9987816313123478, 0.36660840489970464, 0.09333505399223875, 0.0851931828419456, 0.24074649381238472, -0.6793051788215989, 0.0690932474023805, 0.28821243013801595, -0.6220770811831358, -0.08153325750233238, 0.7543911662842994, 0.0, 0.20782955471301887, -0.4506839521015616, -0.5427459781747389, 0.9114217830450428, 0.4995397909074673, -0.7501620039861887, 0.08763660244519278, -0.03727015956788965, 0.35601204173186357, 0.20886980602621483, -0.5568743753478156, -0.5721315382665219, -0.2578899544298198, 0.7063206734423885, 0.0, -0.08286293662205617, 0.027012239010140892, 0.3035948298366478, -0.14033609373875666, -0.3464870584863979, 0.4527130463140188, -0.08157808380442313, 0.0005724859055851653, -0.315829773240488, 0.27770757422329423, -0.08159956596179861, 0.007515797793548675], [0.0, -0.015575041355663143, 2.787836321042181, -10.845530796041968, 18.622483122741773, -20.103563603945215, 141.2454781658367, -8.699506177360917, -122.86712634180284, 0.05711574460169751, -0.16846761886245926, 0.2359636273368831, -1.5723854503269923, 3.7069792370071593, -4.164767687038339, 2.606399668182949, -0.7910321525277468, 0.0, 0.3795518381345243, 3.503184132008966, -10.994135842423786, 13.02739131507333, -7.930727451460728, 2.291230163967366, -1.4642827881776124, -0.5907685947238911, 12.202596128577921, -16.28554370314699, 9.130228099365363, -2.2884532123258388, 0.0, -7.8414205429353325, 9.547483102209979, -2.9661508856467362, 0.0, 2.657620972773132, -0.043681522288091267, -4.579257093054223, 2.272659058546855, -3.785684918913781, 8.327822016415903, -2.943141352510177, -3.276080611025669, 2.0423998698761414, -0.302582116877315, -0.03529436833526061, 0.21301536543411026, -0.16467473554785367, 0.045942341710243015, -0.018639367502027854, -0.038298307948721196, 0.17774244366919448, -0.1354763235110535, -0.31708871028989294, 0.3323417846333258, -0.007081117016209607, -0.0050679142354625815, 0.11017814074295855, -0.621872444964145, 0.5641797871949531, -0.06760292089638506, -0.07253091788506232, -0.08967761895811541, 0.570108362256901, -0.0707818536092381, -0.44501504526938124, 0.37606371821358064, -0.6137880787861573, -0.6000401854421837, 0.14866473381342013, 0.5479771611148645, 0.14321509103580593, 0.869046215813591, 0.0, -0.6004797112172923, -0.7722954664892183, 0.7417966110548826, 0.0, -0.46486843098883285, 0.39657282448982006, -0.10557373792033177, 0.02010716780934237, 0.2905292575923045, -0.13216398207929775, 0.25873703722797076, -0.4687680422931666, 0.507179876308151, -0.4289131708323159, -0.3818741019184847, -0.48350359835853346, 0.1364850740729227, 0.0032727942927505828, 0.5730019786668058, 0.1920654407266147, 0.4061280455326948, 0.0, 0.6151348280135304, -0.8327992214578147, -0.3504538991843097, -0.38601626490900515, 0.17317828083222822, -0.29659982393277057, 0.6053050989406706, -0.106505390302034, -0.24964403208220423, 0.44145698029007063, 0.6942885002126666, -1.1167647146397501, 0.29980296697937164, 0.30219356012612514, -0.10849610881743399, 0.10138417839655332, -0.5483932824996193, -0.3569406506620353, 0.20969234756911223, 0.11773892790650621, 0.0, 0.6344619561573721, 0.10247489876303266, 0.03198235269916442, -0.18053358751437615, 0.08050593741076689, -0.21969073721125584, 0.218501895604223, 0.25601387872574133, 0.0, -0.9782099356576796, 0.0, 0.7170407352708296, -0.15548644336410405, -0.3415253306030064, 0.4147742870677032, -0.49278701713065964, 0.656394278315694, -0.3829467800158688, -0.008467344307258333, -0.6351166147877463, 0.0, 0.2174728392856467, 0.6474108725991862, -0.3640869337752637, 0.40752991890421114, -0.6531868835917535, 0.5288899203672838, -0.23149395635444206, 0.30751315414787095, -0.474434070530535, 0.16314162822002312, -0.21308134649685015, 0.2842286360832181, 0.13905559731592998, -0.056321041843261664, 0.2717759562367831, -0.5024873889338591, 0.25764739943240855, -0.2298054583748879, -0.09001085519400327, 0.18771399316115817, 0.19507578584331456, -0.1320456285823414, -0.06766369399143503, -0.08627810059201683, 0.08897323487826296, -0.002423068683678916, -0.001043380841486157], [8.55267970357324, 0.005342891555797707, -46.5693285758537, 221.91275585493878, -505.90758798416033, 751.070636781076, -844.6971020122928, 865.7329939262654, -440.52872815307956, -1.314940432320289, 6.947259027896083, -8.30097571701362, 7.229141042949606, -4.675060187223672, 0.9677595430012293, 1.4228777758082694, -0.9251185748074157, -8.301232448230397, 17.95747822107837, -15.98501591751741, 10.22420120905112, 0.16933121596499473, -6.793876537482503, 3.937371636373726, -8.21329835018253, 13.873764149111324, -7.877972543157171, -4.215428920992182, 12.665432820093104, -7.3485186034909, -5.596589400222723, 7.968784202754133, 0.0, -10.212670753904986, 7.799024167390881, -5.478267374962289, 8.376089894941552, 3.710266500934222, -6.16463137615756, -4.949652476779305, 0.20677780326122894, 3.8670851002095756, 0.7848791457471244, -2.2338879215732375, 0.4793770960098517, 0.019190920732909605, 0.0, -0.02467017855155133, -0.11238482980153389, 0.29108177098843147, -0.3379904375427463, 0.27335972690128596, -0.13283565961170385, -0.30011086850340474, 0.6504361291577191, 0.0, -0.6645263368694195, 0.7755788182668181, -0.6960188505184784, 0.4640338796568016, -0.1376189849237083, -0.4212090117069393, 0.17186795271541833, 0.46420008741836993, 0.03183024727763299, -0.51670695675806, 0.48663579118916983, 0.0, -1.1920933174142831, 0.05725694746015391, 0.8136458330153615, -0.19961257985533842, 0.9564462338698533, 0.24113331215740585, -0.8947217370359837, -0.3870544014344775, -0.13301501421483747, 0.5221147882717238, 0.13095892844898135, -0.2415221675851437, 0.04671081428014703, 0.31222676683349776, -0.5749356235709426, 0.12960997152472412, 0.4598164660685542, -0.6236142392196928, 0.22431208602434818, -0.15640160872846504, -0.3151062031602735, 0.46534441351368877, 0.0, -0.15435176814776044, 0.7336162872621456, -0.0877617371139052, -0.15797907710218675, -0.3395450948769198, 1.1374410665055616, -0.713174223162274, -0.5000626694307205, -0.5362732166432723, 0.5429597543788983, -0.15710154801094828, 0.8146387884749138, -0.43331176137095045, 0.2960916479459821, -0.33360051626595455, -0.08988997100866274, 0.046646878613598126, 0.0, 0.47155212918356443, -0.2051322423753827, -0.501522206836671, -0.424914729691585, -0.09405189307780097, 0.35858351892173884, -0.2829606219231106, 0.9725025502115344, 0.6777107058088915, -0.5913383811230752, -0.1047536028517452, 0.21704788764352811, -0.4425262836407066, -0.4944634154341275, 0.2281243819512982, 0.11391658183024457, 0.28808789440364563, -0.3504328270676971, 0.3334564381512051, -0.1182012394062511, 0.03742326361216258, -0.254758371959353, 0.5011993381984298, -0.6638417634988838, 0.9265714644335107, -0.1614141472043149, -0.35740270592108314, -0.798315082853763, 0.5251479656546462, -0.19034612406935508, 0.7929131236120622, -0.2939282943111251, 0.002562484690268749, -0.9900071379566799, 0.97166918800316, -0.26413309526658657, 0.2671905909363292, -0.12114959047913881, -0.36944890141879533, 0.11133366448173403, 0.4489869563388445, -0.1599236078141268, 0.056089824040590715, 0.6113139098674217, -0.681089639203246, 0.20934157594482333, -0.4298781360139569, 0.09743695835160793, 0.189147093392327, 0.4172642759526388, -0.594055841435612, 0.13341794642427798, -0.3891368148096979, 0.6455544330551636, -0.32528584631682766, 0.054820751098890855]]",(x0)' = -10.116 1 +  444.350 x0 + -881.797 x1 +  870.932 x2 + -780.152 x3 +  536.965 x4 + -248.103 x5 +  60.339 x6 + -3.539 x7 + -2.376 x0^2 +  15.658 x0 x1 + -23.203 x0 x2 +  21.958 x0 x3 + -18.633 x0 x4 +  15.681 x0 x5 + -9.012 x0 x6 +  2.323 x0 x7 + -25.916 x1^2 +  75.454 x1 x2 + -67.773 x1 x3 +  55.525 x1 x4 + -48.990 x1 x5 +  30.015 x1 x6 + -8.152 x1 x7 + -51.641 x2^2 +  81.826 x2 x3 + -62.132 x2 x4 +  61.378 x2 x5 + -42.096 x2 x6 +  12.327 x2 x7 + -23.218 x3^2 +  24.675 x3 x4 + -36.693 x3 x5 +  33.137 x3 x6 + -11.124 x3 x7 +  12.456 x4 x5 + -18.918 x4 x6 +  7.485 x4 x7 + -6.220 x5^2 +  12.970 x5 x6 + -4.736 x5 x7 + -4.082 x6^2 +  2.285 x6 x7 + -0.236 x7^2 + -0.019 x0^3 +  0.111 x0^2 x1 +  0.100 x0^2 x2 + -0.255 x0^2 x3 + -0.003 x0^2 x4 +  0.074 x0^2 x5 +  0.058 x0^2 x6 + -0.038 x0^2 x7 + -0.269 x0 x1^2 + -0.170 x0 x1 x2 +  0.800 x0 x1 x3 +  0.345 x0 x1 x4 + -0.575 x0 x1 x5 + -0.093 x0 x1 x6 +  0.104 x0 x1 x7 + -0.001 x0 x2^2 + -0.067 x0 x2 x3 + -0.525 x0 x2 x4 +  0.512 x0 x2 x5 + -0.064 x0 x2 x6 + -0.043 x0 x2 x7 + -0.115 x0 x3^2 + -0.092 x0 x3 x4 +  0.119 x0 x3 x5 + -0.085 x0 x3 x6 +  0.202 x0 x3 x7 +  0.364 x0 x4^2 + -0.309 x0 x4 x5 +  0.254 x0 x4 x6 + -0.482 x0 x4 x7 + -0.255 x0 x5^2 +  0.347 x0 x5 x6 +  0.327 x0 x5 x7 + -0.211 x0 x6^2 + -0.079 x0 x6 x7 +  0.026 x0 x7^2 +  0.249 x1^3 + -0.146 x1^2 x2 + -0.793 x1^2 x3 + -0.178 x1^2 x4 +  0.264 x1^2 x5 +  0.206 x1^2 x6 + -0.036 x1^2 x7 +  0.441 x1 x2^2 +  0.263 x1 x2 x3 +  0.197 x1 x2 x4 +  0.298 x1 x2 x5 + -0.289 x1 x2 x6 + -0.206 x1 x2 x7 +  0.249 x1 x3^2 + -0.244 x1 x3 x4 + -0.157 x1 x3 x5 + -0.255 x1 x3 x6 +  0.100 x1 x3 x7 + -0.160 x1 x4^2 +  0.159 x1 x4 x5 +  0.084 x1 x4 x6 +  0.482 x1 x4 x7 +  0.253 x1 x5^2 + -0.448 x1 x5 x6 + -0.528 x1 x5 x7 +  0.201 x1 x6^2 +  0.284 x1 x6 x7 + -0.089 x1 x7^2 + -0.376 x2^3 +  0.078 x2^2 x3 +  0.154 x2^2 x4 + -0.559 x2^2 x5 +  0.183 x2^2 x6 +  0.282 x2^2 x7 +  0.273 x2 x3^2 +  0.189 x2 x3 x4 + -0.140 x2 x3 x5 +  0.332 x2 x3 x6 + -0.434 x2 x3 x7 + -0.063 x2 x4^2 + -0.190 x2 x4 x5 + -0.256 x2 x4 x6 +  0.082 x2 x4 x7 +  0.273 x2 x5^2 +  0.019 x2 x5 x6 +  0.144 x2 x5 x7 +  0.167 x2 x6^2 + -0.428 x2 x6 x7 +  0.150 x2 x7^2 + -0.360 x3^3 +  0.019 x3^2 x4 +  0.346 x3^2 x5 +  0.124 x3^2 x6 +  0.060 x3 x4^2 +  0.034 x3 x4 x5 + -0.383 x3 x4 x6 +  0.001 x3 x5^2 + -0.252 x3 x5 x6 +  0.268 x3 x5 x7 + -0.132 x3 x6^2 +  0.260 x3 x6 x7 + -0.133 x3 x7^2 +  0.027 x4^3 + -0.088 x4^2 x5 +  0.293 x4^2 x6 +  0.006 x4^2 x7 + -0.188 x4 x5^2 +  0.222 x4 x5 x6 + -0.378 x4 x5 x7 +  0.062 x4 x6^2 +  0.045 x4 x7^2 +  0.001 x5^3 +  0.220 x5^2 x6 +  0.132 x5^2 x7 + -0.432 x5 x6^2 +  0.050 x5 x6 x7 +  0.179 x6^3 + -0.075 x6^2 x7 +  0.003 x7^3 | (x1)' = -1.978 1 +  125.625 x0 +  1.682 x1 + -132.528 x2 +  7.835 x3 + -2.930 x4 +  1.541 x5 + -1.509 x6 +  0.333 x7 + -0.725 x0^2 +  4.117 x0 x1 + -4.347 x0 x2 +  1.637 x0 x3 +  0.274 x0 x6 + -0.258 x0 x7 + -5.503 x1^2 +  9.737 x1 x2 + -0.921 x1 x3 + -2.283 x1 x4 +  0.790 x1 x5 + -1.498 x1 x6 +  1.148 x1 x7 + -1.530 x2^2 + -9.537 x2 x3 +  8.037 x2 x4 + -0.371 x2 x5 +  0.803 x2 x6 + -1.379 x2 x7 +  9.835 x3^2 + -10.690 x3 x4 + -3.998 x3 x5 +  4.302 x3 x6 + -0.346 x3 x7 +  12.774 x4 x5 + -10.529 x4 x6 +  2.566 x4 x7 + -8.962 x5^2 +  11.859 x5 x6 + -3.012 x5 x7 + -3.456 x6^2 +  1.634 x6 x7 + -0.168 x7^2 + -0.013 x0^3 +  0.089 x0^2 x1 +  0.179 x0^2 x2 + -0.408 x0^2 x3 +  0.282 x0^2 x4 + -0.115 x0^2 x5 +  0.064 x0^2 x6 + -0.036 x0^2 x7 + -0.345 x0 x1^2 +  0.628 x0 x1 x3 + -0.326 x0 x1 x4 +  0.029 x0 x1 x5 +  0.046 x0 x1 x7 + -0.119 x0 x2^2 +  0.185 x0 x2 x3 + -0.127 x0 x2 x4 +  0.388 x0 x2 x5 + -0.325 x0 x2 x6 +  0.001 x0 x3^2 + -0.270 x0 x3 x4 + -0.413 x0 x3 x5 +  0.027 x0 x3 x6 +  0.366 x0 x3 x7 +  0.126 x0 x4^2 +  0.333 x0 x4 x5 +  0.500 x0 x4 x6 + -0.675 x0 x4 x7 + -0.098 x0 x5^2 + -0.513 x0 x5 x6 +  0.439 x0 x5 x7 +  0.199 x0 x6^2 + -0.135 x0 x6 x7 +  0.004 x0 x7^2 +  0.314 x1^3 + -0.138 x1^2 x2 +  0.026 x1^2 x3 + -0.338 x1^2 x4 +  0.022 x1^2 x6 +  0.057 x1^2 x7 + -0.442 x1 x2^2 + -0.382 x1 x2 x3 +  1.011 x1 x2 x4 + -0.213 x1 x2 x7 +  0.160 x1 x3^2 +  0.628 x1 x3 x5 + -0.046 x1 x3 x6 + -0.353 x1 x3 x7 + -0.233 x1 x4^2 + -0.737 x1 x4 x5 + -0.149 x1 x4 x6 +  0.634 x1 x4 x7 +  0.210 x1 x5^2 +  0.214 x1 x5 x6 + -0.115 x1 x5 x7 + -0.266 x1 x6 x7 +  0.106 x1 x7^2 +  0.620 x2^3 + -0.390 x2^2 x3 + -0.621 x2^2 x4 + -0.305 x2^2 x5 +  0.436 x2^2 x6 +  0.128 x2^2 x7 +  0.090 x2 x3^2 +  0.385 x2 x3 x4 + -0.291 x2 x3 x5 + -0.500 x2 x3 x6 +  0.074 x2 x3 x7 +  0.536 x2 x4^2 + -0.153 x2 x4 x5 + -0.294 x2 x4 x6 +  0.209 x2 x4 x7 +  0.389 x2 x5^2 +  0.057 x2 x5 x6 + -0.611 x2 x5 x7 + -0.058 x2 x6^2 +  0.471 x2 x6 x7 + -0.117 x2 x7^2 + -0.056 x3^3 + -0.064 x3^2 x4 +  0.287 x3^2 x5 +  0.325 x3^2 x6 + -0.107 x3^2 x7 + -0.325 x3 x4^2 +  0.134 x3 x4 x6 + -0.145 x3 x4 x7 + -0.296 x3 x5^2 +  0.018 x3 x5 x6 +  0.284 x3 x5 x7 + -0.249 x3 x6^2 +  0.213 x3 x6 x7 + -0.111 x3 x7^2 +  0.005 x4^3 +  0.206 x4^2 x5 + -0.137 x4^2 x6 + -0.048 x4^2 x7 +  0.004 x4 x5^2 +  0.048 x4 x5 x6 +  0.214 x4 x5 x7 +  0.174 x4 x6^2 + -0.498 x4 x6 x7 +  0.203 x4 x7^2 + -0.118 x5^3 +  0.047 x5^2 x6 + -0.092 x5^2 x7 +  0.225 x5 x6^2 + -0.075 x5 x6 x7 + -0.015 x5 x7^2 + -0.243 x6^3 +  0.336 x6^2 x7 + -0.166 x6 x7^2 +  0.030 x7^3 | (x2)' = -2.436 1 + -0.936 x0 +  128.355 x1 + -3.431 x2 + -124.475 x3 + -0.338 x4 +  1.547 x5 + -0.186 x6 + -0.598 x7 + -0.149 x0^2 +  0.551 x0 x1 + -0.288 x0 x2 +  0.028 x0 x6 +  0.025 x0 x7 + -0.306 x1^2 + -0.036 x1 x2 +  0.977 x1 x5 + -1.353 x1 x6 +  0.412 x1 x7 +  0.921 x2 x3 + -1.304 x2 x4 +  1.451 x2 x6 + -0.659 x2 x7 + -0.245 x3^2 +  0.430 x3 x4 + -1.320 x3 x5 +  0.395 x3 x7 +  0.308 x4^2 +  0.628 x4 x5 + -0.362 x4 x7 + -0.600 x5 x6 +  0.337 x5 x7 +  0.297 x6^2 + -0.141 x6 x7 +  0.020 x0^3 + -0.095 x0^2 x1 +  0.145 x0^2 x2 + -0.273 x0^2 x3 +  0.325 x0^2 x4 + -0.162 x0^2 x5 +  0.057 x0^2 x6 + -0.040 x0^2 x7 +  0.017 x0 x1^2 +  0.092 x0 x1 x2 +  0.297 x0 x1 x3 + -0.735 x0 x1 x4 +  0.319 x0 x1 x5 + -0.095 x0 x1 x6 +  0.132 x0 x1 x7 + -0.276 x0 x2^2 +  0.216 x0 x2 x3 +  0.250 x0 x2 x4 +  0.170 x0 x2 x5 + -0.128 x0 x2 x6 + -0.083 x0 x2 x7 + -0.010 x0 x3^2 + -0.551 x0 x3 x5 +  0.320 x0 x3 x6 +  0.026 x0 x4^2 +  0.079 x0 x4 x5 + -0.176 x0 x4 x6 +  0.127 x0 x4 x7 +  0.156 x0 x5^2 +  0.063 x0 x5 x6 + -0.228 x0 x5 x7 + -0.116 x0 x6^2 +  0.197 x0 x6 x7 + -0.038 x0 x7^2 +  0.031 x1^3 +  0.031 x1^2 x2 +  0.194 x1^2 x4 + -0.021 x1^2 x5 +  0.021 x1^2 x6 + -0.069 x1^2 x7 + -0.484 x1 x2^2 +  0.279 x1 x2 x3 + -0.273 x1 x2 x5 + -0.023 x1 x2 x6 + -0.002 x1 x2 x7 + -0.141 x1 x3^2 +  0.529 x1 x3 x5 + -0.048 x1 x3 x6 +  0.052 x1 x3 x7 + -0.076 x1 x4^2 +  0.172 x1 x4 x5 + -0.147 x1 x4 x6 + -0.188 x1 x4 x7 + -0.454 x1 x5^2 +  0.196 x1 x5 x6 +  0.405 x1 x5 x7 +  0.179 x1 x6^2 + -0.419 x1 x6 x7 +  0.088 x1 x7^2 +  0.460 x2^3 + -0.094 x2^2 x3 + -0.158 x2^2 x4 + -0.127 x2^2 x5 +  0.117 x2^2 x6 +  0.182 x2^2 x7 + -0.528 x2 x3^2 +  0.103 x2 x3 x4 +  0.304 x2 x3 x5 + -0.107 x2 x3 x6 + -0.371 x2 x3 x7 +  0.082 x2 x4^2 +  0.176 x2 x4 x6 +  0.076 x2 x4 x7 +  0.112 x2 x5^2 + -0.274 x2 x5 x6 +  0.021 x2 x6 x7 +  0.026 x2 x7^2 +  0.221 x3^3 +  0.338 x3^2 x4 + -0.353 x3^2 x5 +  0.015 x3^2 x6 +  0.157 x3^2 x7 + -0.194 x3 x4^2 + -0.287 x3 x4 x5 +  0.014 x3 x4 x6 +  0.067 x3 x4 x7 +  0.258 x3 x5^2 + -0.307 x3 x5 x7 + -0.103 x3 x6^2 +  0.505 x3 x6 x7 + -0.221 x3 x7^2 + -0.083 x4^3 +  0.129 x4^2 x5 + -0.096 x4^2 x6 +  0.100 x4^2 x7 +  0.339 x4 x5^2 +  0.070 x4 x5 x6 + -0.224 x4 x5 x7 + -0.090 x4 x6^2 + -0.220 x4 x6 x7 +  0.198 x4 x7^2 + -0.415 x5^3 +  0.205 x5^2 x6 +  0.252 x5^2 x7 +  0.226 x5 x6^2 + -0.344 x5 x6 x7 + -0.200 x6^3 +  0.322 x6^2 x7 + -0.137 x6 x7^2 +  0.023 x7^3 | (x3)' = -3.459 1 + -0.929 x0 + -0.403 x1 +  132.245 x2 + -11.113 x3 + -118.466 x4 + -3.247 x5 +  3.018 x6 + -1.238 x7 +  0.519 x0^2 + -3.372 x0 x1 +  4.322 x0 x2 + -2.409 x0 x3 +  0.367 x0 x4 +  0.045 x0 x5 +  0.047 x0 x7 +  5.287 x1^2 + -12.954 x1 x2 +  6.779 x1 x3 + -0.960 x1 x4 + -0.196 x1 x7 +  7.358 x2^2 + -6.334 x2 x3 +  0.259 x2 x6 +  0.176 x2 x7 +  2.643 x3 x4 +  0.378 x3 x5 + -1.686 x3 x6 +  0.479 x3 x7 + -0.410 x4^2 + -5.284 x4 x5 +  6.258 x4 x6 + -2.128 x4 x7 +  6.188 x5^2 + -11.338 x5 x6 +  3.810 x5 x7 +  4.923 x6^2 + -3.355 x6 x7 +  0.589 x7^2 +  0.063 x0^3 + -0.371 x0^2 x1 +  0.236 x0^2 x2 + -0.094 x0^2 x3 +  0.181 x0^2 x4 + -0.134 x0^2 x5 +  0.011 x0^2 x6 +  0.568 x0 x1^2 + -0.370 x0 x1 x2 + -0.074 x0 x1 x3 + -0.382 x0 x1 x4 +  0.226 x0 x1 x5 +  0.068 x0 x1 x6 + -0.016 x0 x2^2 +  0.277 x0 x2 x4 + -0.237 x0 x2 x5 +  0.107 x0 x2 x6 +  0.032 x0 x2 x7 + -0.049 x0 x3^2 +  0.305 x0 x3 x4 +  0.188 x0 x3 x5 + -0.004 x0 x3 x6 + -0.450 x0 x3 x7 + -0.204 x0 x4^2 + -0.437 x0 x4 x5 + -0.302 x0 x4 x6 +  0.906 x0 x4 x7 +  0.487 x0 x5^2 + -0.643 x0 x5 x7 +  0.157 x0 x6 x7 + -0.152 x1^3 + -0.312 x1^2 x2 +  0.460 x1^2 x3 + -0.183 x1^2 x4 +  0.565 x1^2 x5 + -0.387 x1^2 x6 + -0.013 x1^2 x7 +  0.320 x1 x2^2 +  0.209 x1 x2 x3 + -1.099 x1 x2 x5 +  0.370 x1 x2 x6 +  0.082 x1 x2 x7 + -0.267 x1 x3^2 + -0.515 x1 x3 x4 +  0.423 x1 x3 x6 +  0.524 x1 x3 x7 +  0.823 x1 x4^2 +  0.074 x1 x4 x5 + -0.064 x1 x4 x6 + -1.316 x1 x4 x7 + -0.400 x1 x5^2 +  0.052 x1 x5 x6 +  0.949 x1 x5 x7 + -0.015 x1 x6^2 + -0.127 x1 x6 x7 + -0.058 x1 x7^2 + -0.014 x2^3 + -0.205 x2^2 x3 +  0.344 x2^2 x4 +  0.550 x2^2 x5 + -0.380 x2^2 x6 + -0.011 x2^2 x7 + -0.371 x2 x3^2 + -0.192 x2 x3 x4 +  0.201 x2 x3 x5 +  0.065 x2 x3 x6 + -0.284 x2 x3 x7 + -0.342 x2 x4^2 +  0.734 x2 x4 x6 +  0.156 x2 x4 x7 + -0.114 x2 x5^2 + -0.181 x2 x5 x6 +  0.065 x2 x5 x7 + -0.182 x2 x6^2 + -0.141 x2 x6 x7 +  0.127 x2 x7^2 +  0.512 x3^3 +  0.026 x3^2 x4 + -0.113 x3^2 x5 + -0.375 x3^2 x6 +  0.076 x3^2 x7 + -0.265 x3 x4^2 + -0.057 x3 x4 x5 + -0.145 x3 x4 x6 +  0.462 x3 x4 x7 +  0.267 x3 x5^2 + -0.123 x3 x5 x6 + -0.551 x3 x5 x7 +  0.450 x3 x6^2 +  0.141 x3 x6 x7 + -0.130 x3 x7^2 +  0.109 x4^3 +  0.071 x4^2 x5 + -0.166 x4^2 x6 + -0.036 x4^2 x7 +  0.131 x4 x5^2 +  0.158 x4 x5 x6 + -0.110 x4 x5 x7 + -0.267 x4 x6^2 +  0.024 x4 x6 x7 +  0.104 x4 x7^2 + -0.289 x5^3 +  0.309 x5^2 x6 +  0.158 x5^2 x7 + -0.095 x5 x6^2 + -0.077 x5 x6 x7 + -0.053 x5 x7^2 + -0.011 x6^3 +  0.055 x6^2 x7 + -0.006 x6 x7^2 +  0.001 x7^3 | (x4)' =  5.348 1 +  0.307 x0 + -1.229 x1 +  1.946 x2 +  124.911 x3 + -2.593 x4 + -123.659 x5 + -0.026 x6 +  0.398 x7 +  0.140 x0^2 + -0.369 x0 x1 + -0.231 x0 x3 +  0.664 x0 x4 + -0.299 x0 x5 + -0.265 x0 x6 +  0.223 x0 x7 + -0.706 x1^2 +  4.845 x1 x2 + -3.612 x1 x3 + -0.004 x1 x4 +  1.596 x1 x6 + -1.056 x1 x7 + -6.712 x2^2 +  12.957 x2 x3 + -4.348 x2 x4 + -1.418 x2 x6 +  1.400 x2 x7 + -8.055 x3^2 +  6.794 x3 x4 +  3.100 x3 x5 + -2.706 x3 x6 + -0.189 x3 x7 + -9.025 x4 x5 +  7.245 x4 x6 + -1.338 x4 x7 +  6.359 x5^2 + -8.425 x5 x6 +  1.945 x5 x7 +  2.677 x6^2 + -1.394 x6 x7 +  0.206 x7^2 +  0.004 x0^3 + -0.049 x0^2 x1 +  0.014 x0^2 x2 +  0.051 x0^2 x3 + -0.078 x0^2 x4 +  0.096 x0^2 x5 + -0.086 x0^2 x6 +  0.022 x0^2 x7 +  0.152 x0 x1^2 + -0.197 x0 x1 x2 +  0.072 x0 x1 x3 +  0.003 x0 x1 x4 + -0.140 x0 x1 x5 +  0.249 x0 x1 x6 + -0.066 x0 x1 x7 + -0.016 x0 x2^2 +  0.272 x0 x2 x3 + -0.068 x0 x2 x4 + -0.332 x0 x2 x5 +  0.010 x0 x2 x6 +  0.148 x0 x2 x7 + -0.393 x0 x3^2 +  0.339 x0 x3 x4 +  0.726 x0 x3 x5 + -0.138 x0 x3 x6 + -0.473 x0 x3 x7 + -0.165 x0 x4^2 + -0.400 x0 x4 x5 + -0.178 x0 x4 x6 +  0.734 x0 x4 x7 +  0.220 x0 x5^2 +  0.047 x0 x5 x6 + -0.462 x0 x5 x7 +  0.021 x0 x6^2 +  0.063 x0 x6 x7 +  0.021 x0 x7^2 + -0.059 x1^3 + -0.020 x1^2 x2 + -0.218 x1^2 x3 +  0.074 x1^2 x4 +  0.328 x1^2 x5 + -0.356 x1^2 x6 +  0.305 x1 x2^2 +  0.121 x1 x2 x3 + -0.421 x1 x2 x5 +  0.506 x1 x2 x6 + -0.012 x1 x3^2 + -0.084 x1 x3 x4 + -0.833 x1 x3 x5 +  0.325 x1 x3 x6 +  0.511 x1 x3 x7 +  0.663 x1 x4^2 + -0.290 x1 x4 x5 +  0.072 x1 x4 x6 + -1.096 x1 x4 x7 +  0.118 x1 x5^2 +  0.001 x1 x5 x6 +  0.671 x1 x5 x7 + -0.230 x1 x6^2 +  0.220 x1 x6 x7 + -0.166 x1 x7^2 + -0.196 x2^3 + -0.030 x2^2 x3 + -0.011 x2^2 x4 +  0.620 x2^2 x5 + -0.508 x2^2 x6 + -0.152 x2^2 x7 + -0.002 x2 x3^2 + -0.157 x2 x3 x4 +  0.190 x2 x3 x7 + -0.290 x2 x4^2 +  0.823 x2 x4 x6 +  0.134 x2 x4 x7 +  0.061 x2 x5^2 + -0.451 x2 x5 x6 + -0.213 x2 x5 x7 +  0.091 x2 x6^2 + -0.268 x2 x6 x7 +  0.226 x2 x7^2 +  0.256 x3^3 + -0.144 x3^2 x4 +  0.292 x3^2 x5 + -0.282 x3^2 x6 + -0.173 x3^2 x7 + -0.247 x3 x4^2 + -0.157 x3 x4 x6 +  0.224 x3 x4 x7 + -0.084 x3 x5^2 +  0.144 x3 x5 x7 +  0.358 x3 x6^2 + -0.143 x3 x6 x7 + -0.112 x3 x7^2 +  0.197 x4^3 +  0.053 x4^2 x5 + -0.016 x4^2 x6 + -0.063 x4^2 x7 + -0.029 x4 x5^2 + -0.222 x4 x5 x6 +  0.006 x4 x6^2 + -0.076 x4 x6 x7 +  0.121 x4 x7^2 +  0.056 x5^3 + -0.058 x5^2 x6 +  0.025 x5^2 x7 +  0.129 x5 x6^2 +  0.127 x5 x6 x7 + -0.144 x5 x7^2 + -0.054 x6^3 + -0.119 x6^2 x7 +  0.147 x6 x7^2 + -0.031 x7^3 | (x5)' =  4.016 1 +  0.445 x0 +  1.531 x1 + -7.133 x2 +  10.129 x3 +  117.172 x4 +  4.661 x5 + -128.277 x6 +  1.618 x7 +  0.063 x0^2 + -0.204 x0 x1 +  0.127 x0 x2 + -0.033 x0 x3 +  0.022 x0 x6 + -0.032 x0 x7 +  0.080 x1^2 + -0.145 x1 x2 +  0.134 x1 x4 +  2.429 x2 x3 + -2.900 x2 x4 +  0.652 x2 x6 +  0.001 x2 x7 + -5.746 x3^2 +  13.631 x3 x4 + -4.608 x3 x5 + -0.196 x3 x7 + -8.601 x4^2 +  6.781 x4 x5 + -0.137 x4 x7 + -0.470 x5^2 + -2.579 x5 x6 +  1.103 x5 x7 +  1.599 x6^2 + -1.172 x6 x7 +  0.202 x7^2 + -0.018 x0^3 +  0.063 x0^2 x1 + -0.072 x0^2 x3 +  0.075 x0^2 x4 + -0.057 x0^2 x5 +  0.032 x0^2 x7 +  0.004 x0 x1^2 + -0.144 x0 x1 x2 +  0.255 x0 x1 x3 + -0.254 x0 x1 x4 +  0.239 x0 x1 x5 +  0.039 x0 x1 x6 + -0.170 x0 x1 x7 + -0.204 x0 x2^2 +  0.672 x0 x2 x3 + -0.058 x0 x2 x4 + -0.554 x0 x2 x5 +  0.244 x0 x2 x6 +  0.100 x0 x2 x7 + -0.366 x0 x3^2 + -0.261 x0 x3 x4 +  0.924 x0 x3 x5 + -0.623 x0 x3 x6 +  0.047 x0 x3 x7 + -0.144 x0 x4^2 +  0.569 x0 x4 x5 +  0.044 x0 x4 x6 + -0.480 x0 x5^2 + -0.248 x0 x5 x6 +  0.211 x0 x5 x7 +  0.496 x0 x6^2 + -0.489 x0 x6 x7 +  0.124 x0 x7^2 + -0.084 x1^3 +  0.279 x1^2 x2 + -0.249 x1^2 x3 +  0.086 x1^2 x4 + -0.228 x1^2 x6 +  0.197 x1^2 x7 +  0.026 x1 x2^2 + -0.520 x1 x2 x3 +  0.408 x1 x2 x4 +  0.225 x1 x2 x6 + -0.125 x1 x2 x7 +  0.134 x1 x3^2 +  0.668 x1 x3 x4 + -0.873 x1 x3 x5 +  0.410 x1 x3 x6 + -0.076 x1 x3 x7 +  0.137 x1 x4^2 + -1.191 x1 x4 x5 +  0.523 x1 x4 x6 + -0.410 x1 x4 x7 +  0.570 x1 x5^2 +  0.595 x1 x5 x6 + -1.073 x1 x6^2 +  0.874 x1 x6 x7 + -0.259 x1 x7^2 +  0.225 x2^3 + -0.499 x2^2 x3 + -0.321 x2^2 x4 +  0.427 x2^2 x5 + -0.082 x2^2 x6 + -0.301 x2^2 x7 +  0.408 x2 x3^2 + -0.057 x2 x3 x4 + -0.355 x2 x3 x6 +  0.784 x2 x3 x7 +  0.308 x2 x4^2 + -0.450 x2 x4 x5 + -0.393 x2 x4 x6 +  0.576 x2 x4 x7 +  0.622 x2 x5^2 + -0.280 x2 x5 x6 + -0.999 x2 x5 x7 +  0.367 x2 x6^2 +  0.093 x2 x6 x7 +  0.085 x2 x7^2 +  0.241 x3^3 + -0.679 x3^2 x4 +  0.069 x3^2 x5 +  0.288 x3^2 x6 + -0.622 x3^2 x7 + -0.082 x3 x4^2 +  0.754 x3 x4 x5 +  0.208 x3 x4 x7 + -0.451 x3 x5^2 + -0.543 x3 x5 x6 +  0.911 x3 x5 x7 +  0.500 x3 x6^2 + -0.750 x3 x6 x7 +  0.088 x3 x7^2 + -0.037 x4^3 +  0.356 x4^2 x5 +  0.209 x4^2 x6 + -0.557 x4^2 x7 + -0.572 x4 x5^2 + -0.258 x4 x5 x6 +  0.706 x4 x5 x7 + -0.083 x4 x6 x7 +  0.027 x4 x7^2 +  0.304 x5^3 + -0.140 x5^2 x6 + -0.346 x5^2 x7 +  0.453 x5 x6^2 + -0.082 x5 x6 x7 +  0.001 x5 x7^2 + -0.316 x6^3 +  0.278 x6^2 x7 + -0.082 x6 x7^2 +  0.008 x7^3 | (x6)' = -0.016 x0 +  2.788 x1 + -10.846 x2 +  18.622 x3 + -20.104 x4 +  141.245 x5 + -8.700 x6 + -122.867 x7 +  0.057 x0^2 + -0.168 x0 x1 +  0.236 x0 x2 + -1.572 x0 x3 +  3.707 x0 x4 + -4.165 x0 x5 +  2.606 x0 x6 + -0.791 x0 x7 +  0.380 x1 x2 +  3.503 x1 x3 + -10.994 x1 x4 +  13.027 x1 x5 + -7.931 x1 x6 +  2.291 x1 x7 + -1.464 x2^2 + -0.591 x2 x3 +  12.203 x2 x4 + -16.286 x2 x5 +  9.130 x2 x6 + -2.288 x2 x7 + -7.841 x3 x4 +  9.547 x3 x5 + -2.966 x3 x6 +  2.658 x4^2 + -0.044 x4 x5 + -4.579 x4 x6 +  2.273 x4 x7 + -3.786 x5^2 +  8.328 x5 x6 + -2.943 x5 x7 + -3.276 x6^2 +  2.042 x6 x7 + -0.303 x7^2 + -0.035 x0^3 +  0.213 x0^2 x1 + -0.165 x0^2 x2 +  0.046 x0^2 x3 + -0.019 x0^2 x4 + -0.038 x0^2 x5 +  0.178 x0^2 x6 + -0.135 x0^2 x7 + -0.317 x0 x1^2 +  0.332 x0 x1 x2 + -0.007 x0 x1 x3 + -0.005 x0 x1 x4 +  0.110 x0 x1 x5 + -0.622 x0 x1 x6 +  0.564 x0 x1 x7 + -0.068 x0 x2^2 + -0.073 x0 x2 x3 + -0.090 x0 x2 x4 +  0.570 x0 x2 x5 + -0.071 x0 x2 x6 + -0.445 x0 x2 x7 +  0.376 x0 x3^2 + -0.614 x0 x3 x4 + -0.600 x0 x3 x5 +  0.149 x0 x3 x6 +  0.548 x0 x3 x7 +  0.143 x0 x4^2 +  0.869 x0 x4 x5 + -0.600 x0 x4 x7 + -0.772 x0 x5^2 +  0.742 x0 x5 x6 + -0.465 x0 x6^2 +  0.397 x0 x6 x7 + -0.106 x0 x7^2 +  0.020 x1^3 +  0.291 x1^2 x2 + -0.132 x1^2 x3 +  0.259 x1^2 x4 + -0.469 x1^2 x5 +  0.507 x1^2 x6 + -0.429 x1^2 x7 + -0.382 x1 x2^2 + -0.484 x1 x2 x3 +  0.136 x1 x2 x4 +  0.003 x1 x2 x5 +  0.573 x1 x2 x6 +  0.192 x1 x2 x7 +  0.406 x1 x3^2 +  0.615 x1 x3 x5 + -0.833 x1 x3 x6 + -0.350 x1 x3 x7 + -0.386 x1 x4^2 +  0.173 x1 x4 x5 + -0.297 x1 x4 x6 +  0.605 x1 x4 x7 + -0.107 x1 x5^2 + -0.250 x1 x5 x6 +  0.441 x1 x5 x7 +  0.694 x1 x6^2 + -1.117 x1 x6 x7 +  0.300 x1 x7^2 +  0.302 x2^3 + -0.108 x2^2 x3 +  0.101 x2^2 x4 + -0.548 x2^2 x5 + -0.357 x2^2 x6 +  0.210 x2^2 x7 +  0.118 x2 x3^2 +  0.634 x2 x3 x5 +  0.102 x2 x3 x6 +  0.032 x2 x3 x7 + -0.181 x2 x4^2 +  0.081 x2 x4 x5 + -0.220 x2 x4 x6 +  0.219 x2 x4 x7 +  0.256 x2 x5^2 + -0.978 x2 x5 x7 +  0.717 x2 x6 x7 + -0.155 x2 x7^2 + -0.342 x3^3 +  0.415 x3^2 x4 + -0.493 x3^2 x5 +  0.656 x3^2 x6 + -0.383 x3^2 x7 + -0.008 x3 x4^2 + -0.635 x3 x4 x5 +  0.217 x3 x4 x7 +  0.647 x3 x5^2 + -0.364 x3 x5 x6 +  0.408 x3 x5 x7 + -0.653 x3 x6^2 +  0.529 x3 x6 x7 + -0.231 x3 x7^2 +  0.308 x4^3 + -0.474 x4^2 x5 +  0.163 x4^2 x6 + -0.213 x4^2 x7 +  0.284 x4 x5^2 +  0.139 x4 x5 x6 + -0.056 x4 x5 x7 +  0.272 x4 x6^2 + -0.502 x4 x6 x7 +  0.258 x4 x7^2 + -0.230 x5^3 + -0.090 x5^2 x6 +  0.188 x5^2 x7 +  0.195 x5 x6^2 + -0.132 x5 x6 x7 + -0.068 x5 x7^2 + -0.086 x6^3 +  0.089 x6^2 x7 + -0.002 x6 x7^2 + -0.001 x7^3 | (x7)' =  8.553 1 +  0.005 x0 + -46.569 x1 +  221.913 x2 + -505.908 x3 +  751.071 x4 + -844.697 x5 +  865.733 x6 + -440.529 x7 + -1.315 x0^2 +  6.947 x0 x1 + -8.301 x0 x2 +  7.229 x0 x3 + -4.675 x0 x4 +  0.968 x0 x5 +  1.423 x0 x6 + -0.925 x0 x7 + -8.301 x1^2 +  17.957 x1 x2 + -15.985 x1 x3 +  10.224 x1 x4 +  0.169 x1 x5 + -6.794 x1 x6 +  3.937 x1 x7 + -8.213 x2^2 +  13.874 x2 x3 + -7.878 x2 x4 + -4.215 x2 x5 +  12.665 x2 x6 + -7.349 x2 x7 + -5.597 x3^2 +  7.969 x3 x4 + -10.213 x3 x6 +  7.799 x3 x7 + -5.478 x4^2 +  8.376 x4 x5 +  3.710 x4 x6 + -6.165 x4 x7 + -4.950 x5^2 +  0.207 x5 x6 +  3.867 x5 x7 +  0.785 x6^2 + -2.234 x6 x7 +  0.479 x7^2 +  0.019 x0^3 + -0.025 x0^2 x2 + -0.112 x0^2 x3 +  0.291 x0^2 x4 + -0.338 x0^2 x5 +  0.273 x0^2 x6 + -0.133 x0^2 x7 + -0.300 x0 x1^2 +  0.650 x0 x1 x2 + -0.665 x0 x1 x4 +  0.776 x0 x1 x5 + -0.696 x0 x1 x6 +  0.464 x0 x1 x7 + -0.138 x0 x2^2 + -0.421 x0 x2 x3 +  0.172 x0 x2 x4 +  0.464 x0 x2 x5 +  0.032 x0 x2 x6 + -0.517 x0 x2 x7 +  0.487 x0 x3^2 + -1.192 x0 x3 x5 +  0.057 x0 x3 x6 +  0.814 x0 x3 x7 + -0.200 x0 x4^2 +  0.956 x0 x4 x5 +  0.241 x0 x4 x6 + -0.895 x0 x4 x7 + -0.387 x0 x5^2 + -0.133 x0 x5 x6 +  0.522 x0 x5 x7 +  0.131 x0 x6^2 + -0.242 x0 x6 x7 +  0.047 x0 x7^2 +  0.312 x1^3 + -0.575 x1^2 x2 +  0.130 x1^2 x3 +  0.460 x1^2 x4 + -0.624 x1^2 x5 +  0.224 x1^2 x6 + -0.156 x1^2 x7 + -0.315 x1 x2^2 +  0.465 x1 x2 x3 + -0.154 x1 x2 x5 +  0.734 x1 x2 x6 + -0.088 x1 x2 x7 + -0.158 x1 x3^2 + -0.340 x1 x3 x4 +  1.137 x1 x3 x5 + -0.713 x1 x3 x6 + -0.500 x1 x3 x7 + -0.536 x1 x4^2 +  0.543 x1 x4 x5 + -0.157 x1 x4 x6 +  0.815 x1 x4 x7 + -0.433 x1 x5^2 +  0.296 x1 x5 x6 + -0.334 x1 x5 x7 + -0.090 x1 x6^2 +  0.047 x1 x6 x7 +  0.472 x2^3 + -0.205 x2^2 x3 + -0.502 x2^2 x4 + -0.425 x2^2 x5 + -0.094 x2^2 x6 +  0.359 x2^2 x7 + -0.283 x2 x3^2 +  0.973 x2 x3 x4 +  0.678 x2 x3 x5 + -0.591 x2 x3 x6 + -0.105 x2 x3 x7 +  0.217 x2 x4^2 + -0.443 x2 x4 x5 + -0.494 x2 x4 x6 +  0.228 x2 x4 x7 +  0.114 x2 x5^2 +  0.288 x2 x5 x6 + -0.350 x2 x5 x7 +  0.333 x2 x6^2 + -0.118 x2 x6 x7 +  0.037 x2 x7^2 + -0.255 x3^3 +  0.501 x3^2 x4 + -0.664 x3^2 x5 +  0.927 x3^2 x6 + -0.161 x3^2 x7 + -0.357 x3 x4^2 + -0.798 x3 x4 x5 +  0.525 x3 x4 x6 + -0.190 x3 x4 x7 +  0.793 x3 x5^2 + -0.294 x3 x5 x6 +  0.003 x3 x5 x7 + -0.990 x3 x6^2 +  0.972 x3 x6 x7 + -0.264 x3 x7^2 +  0.267 x4^3 + -0.121 x4^2 x5 + -0.369 x4^2 x6 +  0.111 x4^2 x7 +  0.449 x4 x5^2 + -0.160 x4 x5 x6 +  0.056 x4 x5 x7 +  0.611 x4 x6^2 + -0.681 x4 x6 x7 +  0.209 x4 x7^2 + -0.430 x5^3 +  0.097 x5^2 x6 +  0.189 x5^2 x7 +  0.417 x5 x6^2 + -0.594 x5 x6 x7 +  0.133 x5 x7^2 + -0.389 x6^3 +  0.646 x6^2 x7 + -0.325 x6 x7^2 +  0.055 x7^3
31,80.0,1000.0,37.49490932254601,3,8,2,8.0,56.0,0,0.0,finite_difference,success,,1213,1320,91.89393939393939,36.87237603776157,"[""1"", ""x0"", ""x1"", ""x2"", ""x3"", ""x4"", ""x5"", ""x6"", ""x7"", ""x0^2"", ""x0 x1"", ""x0 x2"", ""x0 x3"", ""x0 x4"", ""x0 x5"", ""x0 x6"", ""x0 x7"", ""x1^2"", ""x1 x2"", ""x1 x3"", ""x1 x4"", ""x1 x5"", ""x1 x6"", ""x1 x7"", ""x2^2"", ""x2 x3"", ""x2 x4"", ""x2 x5"", ""x2 x6"", ""x2 x7"", ""x3^2"", ""x3 x4"", ""x3 x5"", ""x3 x6"", ""x3 x7"", ""x4^2"", ""x4 x5"", ""x4 x6"", ""x4 x7"", ""x5^2"", ""x5 x6"", ""x5 x7"", ""x6^2"", ""x6 x7"", ""x7^2"", ""x0^3"", ""x0^2 x1"", ""x0^2 x2"", ""x0^2 x3"", ""x0^2 x4"", ""x0^2 x5"", ""x0^2 x6"", ""x0^2 x7"", ""x0 x1^2"", ""x0 x1 x2"", ""x0 x1 x3"", ""x0 x1 x4"", ""x0 x1 x5"", ""x0 x1 x6"", ""x0 x1 x7"", ""x0 x2^2"", ""x0 x2 x3"", ""x0 x2 x4"", ""x0 x2 x5"", ""x0 x2 x6"", ""x0 x2 x7"", ""x0 x3^2"", ""x0 x3 x4"", ""x0 x3 x5"", ""x0 x3 x6"", ""x0 x3 x7"", ""x0 x4^2"", ""x0 x4 x5"", ""x0 x4 x6"", ""x0 x4 x7"", ""x0 x5^2"", ""x0 x5 x6"", ""x0 x5 x7"", ""x0 x6^2"", ""x0 x6 x7"", ""x0 x7^2"", ""x1^3"", ""x1^2 x2"", ""x1^2 x3"", ""x1^2 x4"", ""x1^2 x5"", ""x1^2 x6"", ""x1^2 x7"", ""x1 x2^2"", ""x1 x2 x3"", ""x1 x2 x4"", ""x1 x2 x5"", ""x1 x2 x6"", ""x1 x2 x7"", ""x1 x3^2"", ""x1 x3 x4"", ""x1 x3 x5"", ""x1 x3 x6"", ""x1 x3 x7"", ""x1 x4^2"", ""x1 x4 x5"", ""x1 x4 x6"", ""x1 x4 x7"", ""x1 x5^2"", ""x1 x5 x6"", ""x1 x5 x7"", ""x1 x6^2"", ""x1 x6 x7"", ""x1 x7^2"", ""x2^3"", ""x2^2 x3"", ""x2^2 x4"", ""x2^2 x5"", ""x2^2 x6"", ""x2^2 x7"", ""x2 x3^2"", ""x2 x3 x4"", ""x2 x3 x5"", ""x2 x3 x6"", ""x2 x3 x7"", ""x2 x4^2"", ""x2 x4 x5"", ""x2 x4 x6"", ""x2 x4 x7"", ""x2 x5^2"", ""x2 x5 x6"", ""x2 x5 x7"", ""x2 x6^2"", ""x2 x6 x7"", ""x2 x7^2"", ""x3^3"", ""x3^2 x4"", ""x3^2 x5"", ""x3^2 x6"", ""x3^2 x7"", ""x3 x4^2"", ""x3 x4 x5"", ""x3 x4 x6"", ""x3 x4 x7"", ""x3 x5^2"", ""x3 x5 x6"", ""x3 x5 x7"", ""x3 x6^2"", ""x3 x6 x7"", ""x3 x7^2"", ""x4^3"", ""x4^2 x5"", ""x4^2 x6"", ""x4^2 x7"", ""x4 x5^2"", ""x4 x5 x6"", ""x4 x5 x7"", ""x4 x6^2"", ""x4 x6 x7"", ""x4 x7^2"", ""x5^3"", ""x5^2 x6"", ""x5^2 x7"", ""x5 x6^2"", ""x5 x6 x7"", ""x5 x7^2"", ""x6^3"", ""x6^2 x7"", ""x6 x7^2"", ""x7^3""]","[[-118.88021194449813, 85.90436663521015, -112.11626302550305, 13.151859050604884, 0.4882735687070485, -0.04236289220323726, 1.6131882031448157, -3.0320830902244467, 7.216326522618654, -0.09298311684667486, 0.3680126859898128, -0.19071608557360198, 0.03864859490737139, 0.06283710185378863, -0.031298033697993485, 0.020998974113685485, -0.01406205816896698, -0.027908056748305727, -0.23159194987572904, -0.01242908918700278, -0.02791298534459725, 0.009879003145713404, 0.004637748604042885, -0.05974663193072743, 0.28698330733244426, -0.20343001982828032, -0.02762163330430692, 0.0, 0.01439496793961638, 0.014604539832402858, 0.14279402424028695, -0.1463182179804637, 0.0726255248410726, -0.02919716280544275, 0.01623869164456149, 0.09007483406802105, -0.03414975519020613, -0.014886697106518436, 0.015466165153370202, -0.010505187890168029, 0.0011957747927104374, -0.0216688905391665, -0.005372498795964769, 0.01704976541395101, 0.008150608769111636, -0.00037835849957260244, -0.00037842779473810115, 0.001592730512116011, -0.0010899834934477088, -0.00033267404550696547, 0.0006810211614043431, -0.00026094697048134483, -0.00027531555515363025, -0.00022595275896675177, 0.004043117721772315, -0.002721317910021125, 0.0013687395842967782, 0.00018384777144113103, 0.0, -0.0005999398844009115, -0.007499936149521567, 0.011810504943563793, -0.0023225835328558935, -0.0029580286641603367, 0.0013321153644237753, 0.0010383476895506213, -0.006336110288094213, 0.006726200376309766, -0.0005858689947026166, -0.0009588701716417747, -0.00023209277929519295, -0.0028946700767539767, 0.0015429660505384393, 0.001831056075760991, -0.0013175665564218338, -0.0004073798539857381, -0.0018727464423342072, 0.0026606327290365607, 0.0005052849457382247, -0.0009031895302093335, 5.604858306412584e-05, 0.0005426550352254085, -0.0050847941472009755, 0.003380784182597584, 0.0002526539617045845, -0.002539312107133681, 0.0025886957262520175, -0.00047085431020036056, 0.008985176939151632, -0.013477844673253714, 0.0035987154261679097, 0.005413299731866423, -0.0080513115176436, 0.0024429864639129548, 0.0056060492627734585, -0.005847859786296415, -0.00011583116761830038, 0.0035818332459499414, -0.0012821572617591234, 0.0007717736292046417, 0.0015633726957984386, -0.003549308671644082, 0.0011428834988380901, -0.0014401031855142403, 0.0059785376408670885, -0.003789453119185701, -0.0025827200371528955, 0.0020028399352342, 0.00046987547414713694, -0.002378799174803815, 0.004861545126849486, -0.0030086117209210104, -0.0012456385834798385, 0.005185514071837897, -0.003156851370803362, -0.002170007110599061, 0.0021430572456985764, 0.0010324190234546314, -0.005337901558274275, 0.0037810622225920394, 0.0007503265224322411, -0.002405144533259084, 0.0033361090045850653, -0.00154386381269723, 0.0011081012175919028, -0.00305377204729233, 0.0019477460590172318, 0.001562371293320581, -0.00173354585496533, 0.0003545552162073545, 0.0003123307848590061, -0.0006078951536429092, 0.0, 0.0018708953336134698, -0.001307680518771384, 0.0, 0.0, -0.0013835307714648497, 0.0009661000887161984, -0.00023194909525587468, 0.00043645788304044574, -0.000659219036284681, -0.0014165778500599255, 0.002264313686632092, -0.0008157592458964236, 2.5630433511544188e-05, 0.0, -0.0003183664517376781, 0.0005430578351046493, 0.0006442835492071361, -0.00035704375017796806, 0.0, 0.00105502047095503, -0.0010155626656288815, 0.0, -0.0004421980698303674, 0.00031620076488587663, -0.00018565822631667596, -0.00017945381448912108, 4.496906836068226e-05, -7.887889883432324e-05, 0.0, -0.000274487748087677, 0.0007694030063287318, -0.0004669389588173071], [16.185905956113935, 72.81547617034546, 5.094250652885785, -91.0714174688847, 19.457965866233643, -3.8912010907455747, -0.710227974659921, 1.5787080460450873, -1.8864817587582494, 0.08177727689385036, -0.261031045490745, 0.10036175796091884, 0.013523145761698415, -0.03566236717000966, -0.001803722721148274, -0.0029185777538419774, 0.004761721936709676, 0.06142200291168735, 0.1579121522873064, -0.07490581706538932, 0.007166052681262589, 0.03340951976622068, 0.0, 0.011497821061544887, -0.12516147657152477, -0.0021589978344329565, 0.07398701474647108, -0.029197330182586773, -0.02809023734048768, 0.006338324383083439, 0.0201416216765022, -0.010840470566447671, 0.0, 0.010180087302548841, 0.0013541104815828653, 0.0, -0.026358029981714888, 0.013680823564622132, -0.01236433504491222, 0.0, 0.017391851952199198, 0.008377927897732047, 0.0, -0.01737677498296339, 0.003752773062373228, -1.812470382652652e-05, 0.0011551063921768127, -0.0021779318705636794, 0.001156844629249469, 0.00048094535644932425, -0.0005645276172678127, -0.00034785944811302553, 0.0004387517319442857, -0.000886167116647078, 0.0004928081405071236, 0.0005997366505110225, -0.0023162798138048786, 0.0018184195421863739, 8.629826571600338e-06, -0.0002174865233712769, 0.002889078673628076, -0.00482062220497975, 0.0015473196850431493, 5.253094946510469e-05, 0.0003460497947604509, -0.0007882014660794441, 0.002276201719576798, -0.0015044490251384796, -0.00032479573422533055, 0.00022034928361930355, 6.668917784519232e-05, 0.0005751924964593689, -0.00042805985571861343, -0.0004970278732045775, 0.0007987104797561626, 0.000303036267509955, 0.00017859719194513664, -0.0008400733948381467, 5.4023078421019435e-05, 0.00019780939791350243, -3.998682926348385e-06, -0.0001344960229059841, 0.0014593190726325718, -0.0003648905364672721, 0.0006369587661572729, -0.0009392403557740438, 0.0, 0.0, -0.003811677890267184, 0.004958858446112199, -0.002154391603520592, 0.0009168905948224331, 4.141410339218799e-05, 0.00028843740671151457, -0.0032651039619423557, 0.0034253368417339995, -0.000806662222533667, -5.0489284429721424e-05, 0.0, -0.001061687112917211, 0.0006311986310957298, 0.0, 2.9138531826196774e-05, -0.00015816296723192313, 0.0, 0.00015480798856047854, 0.0, 0.0, -0.00021074470607093012, 0.0015127720390439026, -0.0031628575581298304, 0.0012622907751198185, -0.0005152805351689789, -0.00035219890464893445, 0.0005715811650681824, 0.0031675001147004247, -0.002732172049742795, 0.0012710845373281796, 0.0, -0.000650519294364739, 0.001401827130987457, -0.0016586274254231414, 0.000693249034392263, -0.0004522954078110065, 0.0006638249988833545, -0.0008890140709882316, 0.00032496215194909874, -0.00021469173504486648, 0.0006087908680238413, -0.00015801751820634393, -0.0010362593385949425, 0.0016647943602762368, -0.0005849521582897724, -0.0003701507932294025, 0.0003020110912570297, -0.001814906078782517, 0.0010350282110165184, 0.00040505632386840675, 0.0, -0.00031166765523364697, 0.0005786244566017833, -0.0001294001341538835, 0.00014153827060429388, -0.000357463420362092, 6.038143575543113e-05, 0.0007407305866041604, -0.0005293540016070581, 0.0, -0.00024312474782903817, 0.0, 0.0, 0.00035342863481062245, 2.036599230222399e-05, -0.0007056329993725785, 0.0003847036684858169, 0.0, 0.0, -0.00020416107877397084, 0.0, 0.0005584509941965189, -0.00010261778690825176, 3.5048928045650216e-05, -0.00015945298018722257, -0.0001418751151115292, 0.00012054262442137937], [-4.150071801679077, -15.785200547458583, 90.65078107130681, 0.11474390770750152, -92.19336827689744, 20.290394164673394, -3.576571997047165, -0.7976469376941758, 0.9968996134778867, -0.044256335745786926, 0.1566394439961246, -0.08031709709324339, 0.0, 0.027550248882583048, -0.0023822913885157945, 0.0, -0.002442444246964108, -0.02859546653717282, -0.13440908855112427, 0.07279944821196084, -0.019247443703019538, 0.0, -0.02128677268435719, 0.0, 0.0666970829411657, 0.09702983493800775, -0.06620487780469927, -0.02160982926317651, 0.05529852426457189, 0.0, -0.05739485486429402, -0.05631986425940692, 0.07477606188648891, -0.03448217387158926, -0.01701963328458946, 0.04948358625910235, -0.01667094404728545, 0.0, 0.012785017205920282, 0.0, -0.01991816433231346, 0.0004810767915927724, 0.0, 0.015569589775964371, -0.006134478478859672, 0.00014435067247666727, -0.001290415075981685, 0.0019384125558102585, -0.0010683276775280226, -0.0005668053975079426, 0.000799139117096474, 0.0002574957531580479, -0.00046287708315935385, 0.0012910536181998718, -0.002153849808969258, 0.0008203452970968508, 0.002177741378740298, -0.002513128606171934, -0.00010275546982659724, 0.0009879705650172506, -0.0011043144511785478, 0.0024978960881669033, -0.000977146208096761, 5.1106306567006605e-05, 0.0003315343877355802, -0.00026492855893477346, -0.001174358228532066, 0.0, 0.0015202164462231713, -0.0016378589196994872, 0.0009094684769399123, -2.0294169930081256e-05, -0.0006878249963514642, 0.0014659150647891215, -0.0011682397651575547, 0.0004236066138169732, -0.0008475067865188098, 0.00028716593773363546, -4.482156708382083e-05, 0.0004467557167801389, -0.000164224306841236, -0.00022893202491863806, 0.0008211361606566647, -0.0016180068097318562, -0.00031411488112156595, 0.001830594740851413, -0.0004382490428906411, -0.0005732568605380687, 0.0010295311826068367, -0.0012891845034488432, 0.0005628034986858467, -0.0015898802892778563, 0.000844322384747216, 0.00030184854862683956, 0.002211561269676423, -0.0018040320630666024, -0.000926666017159844, 0.001838800998386077, -0.0011763950230656724, 0.0006495995575766843, 0.001158548781271965, -0.0023120529800083976, 0.0012270467871246258, -0.0007224083418670712, 0.0009783982951176893, 0.0001454650703413576, 3.804179946418714e-05, -0.0006485379118750083, 0.00022852554501441236, -0.0008217684808826019, 0.001616685465002769, 0.0006190740115345187, 0.0, -0.0005663271992023818, 0.0, -0.0025254394830435812, 0.0014035671464019633, -0.0003087564049588525, 0.0004432708007509652, -8.537587301418907e-05, -0.0017784933565105144, 0.0016301094659470349, -0.00010426400576958256, 5.146305501677267e-05, -0.0006635903432918132, 0.0004916038457624216, -0.0003023962189578845, 9.017064772922549e-05, 0.0, 0.0, 0.001170364146596584, -0.0021103668876082905, 0.0004866150754829032, -0.0004887653724990871, 0.0005835251164824083, 0.0027471419260464976, -0.0020900455362486375, 0.001573886870551047, -0.0011556578212135375, 0.0014097773979331995, -0.001965055286540637, 0.000531014550601296, 0.00031258590286325415, -0.00010965614204005922, -1.8027895440553864e-05, -0.0010544058150760145, 0.00149694995909685, -0.0009440664639495451, 0.0004367983121004078, -0.001469613374246698, 0.0009288388079127655, -7.824105317075877e-05, 6.07554779393682e-05, 0.00017378224203299912, -5.0433991305612686e-05, 0.00048787852059886585, -7.265183842019845e-05, -0.00011067732354396778, -0.000409782721395961, 0.0003272846268485089, -0.00015938309905067142, 6.553460571455085e-05, 0.0, 0.0, -5.675422632489363e-07], [0.0, 3.7314341053946163, -20.187918688364853, 91.93812349028224, 0.3820831996953068, -92.45126261575565, 20.29390588461148, -3.8394446315445987, 0.0753376315272163, 0.012296306092379665, -0.06127216280611683, 0.04471736075255635, 0.011353757806864777, -0.0320263724153592, 0.004276387620028605, 0.0, 0.0, 0.00508293576406437, 0.08976980592959342, -0.07321166909325055, 0.014824189494078812, 0.031743454471142046, -0.005534594921314775, 0.003722950081536599, -0.020916383064996713, -0.12828409088211604, 0.08994942892578411, -0.031575883225643225, 0.0, -0.020366998502629075, 0.057123829826422605, 0.09404158528687973, -0.06161209292710621, -0.017064340980482335, 0.049362744826015735, -0.06472371852551814, -0.04258917000001193, 0.06494376303986796, -0.04395817852159688, 0.038786632912255106, 0.001953338217586395, 0.0, -0.014387546568880246, 0.0, 0.0034006372827298736, -0.00017441490108915627, 0.001056764287603393, -0.0011479516689219598, 0.0006118914794462518, 0.0004230629874222037, -0.0005622951288990348, 0.0, 7.520783629735228e-05, -0.0012162561812510122, 0.0021578960481116087, -0.0009887190523721803, -0.0013190721406116735, 0.001835761031335492, -0.0008806301975296441, 0.0, 0.0002217479828177375, -0.0010448103645525606, -0.0001547410965580184, -8.734828938478933e-05, 0.0011848282031458914, -0.00061490812612112, 0.0, 0.0017821051413001985, -0.0014978004256069712, 0.0, 0.00017683396663248827, -0.0005495978005992137, 0.0008254476333276801, -0.00044315576541004414, 0.00031715069613073794, -0.0004398897894207285, 0.00011113999865933763, 0.00044872116771098075, 0.00023756937811388897, -0.0004569640447079545, 1.9133528501473485e-05, 0.00045257953932480735, -0.0019437524974033498, 0.0020819308308347687, -0.0001822062414565928, -0.0017445208023337583, 0.001694982101512269, -0.00022122770353001783, 0.0008693042081226091, -0.001457217517078327, 0.0014052585680320118, 0.002143691347056828, -0.004019564232405776, 0.0014043269205106519, -0.0002844123613007929, -0.0007176935304821456, 0.0011531816566351034, -0.00011295182991200346, 0.0, 0.00014658325239451505, -0.0020612056893468318, 0.0024594844704913773, -0.0011903451349623599, 0.001018110295655443, -0.0010555109662909307, -0.00021007871728288567, 0.0002435808820360299, -5.1622629219793715e-05, 0.0001693485084822358, 2.0982770088705434e-05, 0.0005485486947927067, -0.0021996950870793656, -8.458992391971803e-05, 0.0022925854784740574, -0.0011963811239825131, 0.0006055145980095444, 0.0007022017016834521, -0.0005740076287357453, -0.0014333259982748277, 0.0012304122318550128, 0.0013444087834484138, -0.0005979758676454398, -0.0012900459042252267, 0.000882782401886863, 0.00020966387612633675, 0.0010256675929899842, -0.0008301147009209417, -0.000669320788226459, 0.0007761779688028953, -0.0002481012294441681, -0.0008087650954961599, 0.0014193686912171298, 0.0007668271013108665, 0.0, -0.0006472385424142448, -0.0025973173040632017, 0.0014341121143098604, -0.000500853425248514, 0.0003598982475668788, -0.0018440937777632386, 0.0018048987100482419, 1.1612949508652757e-05, -0.0005883616092708262, 0.0002105559209041262, 5.958899946420948e-05, 0.0012733896710635287, -0.002174910207537029, 0.0005247479680853266, 3.015306784537032e-05, 0.002689282290033757, -0.0018019588604426923, 0.00031756257208157517, 0.0012028572473482965, -0.0013226713243543991, 0.0002067526985438164, -0.0010272791822929582, 0.0014260530702282976, -0.0005075929152152746, -0.001527325951774926, 0.0010101814538951545, 2.4508809742703285e-05, 0.0005273448398868875, -0.0003440869044712166, -1.52790145323928e-05, 0.0], [0.45892503801227014, -0.058872310684219165, 3.915027646728376, -20.13745865359216, 92.06679915242418, 0.0, -92.24288298060695, 20.463105714363717, -3.9812767062023533, 0.0037056161235355127, 0.009916628529251006, -0.028723959058267017, -0.009925135459807869, 0.04527703103767045, -0.02825412803320548, 0.012230130106653445, -0.005066081689740557, -0.001952297070192926, -0.022374065338559374, 0.04858519773565393, -0.031909017391383195, -0.010144105311368353, 0.0008886285538929156, -0.0007102388712276956, -0.0026064834952293572, 0.08830281123274049, -0.06801504517419941, 0.017970910604595297, 0.023536162629965576, 0.0, -0.02683589828297838, -0.10965961891956001, 0.08654797328010753, -0.04516679412698389, 0.0, 0.05029242126901932, 0.08993884601039553, -0.05079956258862543, 0.01300207949169157, -0.061713888289489496, -0.03887112586416061, 0.02466876854824665, 0.040780250619783416, -0.0029892505834457736, -0.009973017272103842, 0.00015894437930306183, -0.0006461103669107824, 0.00038757908788260943, -0.00018313529664463368, -0.00032470162463024216, 0.00034851065245800907, -0.00016303870929032012, 7.747958897238053e-05, 0.0007421091161291234, -0.0013574095841158188, 0.0006020653315911655, 0.0009319377063063678, -0.0010615167767609726, 0.0008316491864707165, 0.0, -3.415405918154309e-05, 0.0005276643212440225, 0.00022640953839698168, 9.275194901328342e-05, -0.001125809347994348, 0.0005637680592369642, 0.0003144236243519956, -0.0011884241711119625, 0.0008094558617764029, 0.0004572311322992066, -0.0008541675923148904, 0.0, -0.00015943906335997126, -0.00010466273841529387, 0.00043388343834748253, 0.00022130731506184035, 0.0, -0.0004573885342504078, 7.98429651369172e-05, 0.0, 0.0, -0.0004139773987318636, 0.0019598280737068746, -0.0016190004836911637, 0.00023602985848016243, 0.0009813512843765027, -0.0012409651321484165, 0.0, -0.0014444151804223744, 0.00229857777888436, -0.0018966464447841523, -0.001144749694967256, 0.003122043363931629, -0.0013290408802428602, -0.0005877152496927755, 0.0007463981093899041, -0.001241172237624082, 0.0, 0.0011124888459582154, 0.0, 0.0018803178140484272, -0.0018008653951634866, 0.0, -0.0006348688771800215, 0.0006796377390796976, 0.000358057824447954, -0.0006128893267531548, 0.0005716607026866648, -0.00017579313859562927, 0.00044416691536967184, -0.0019809096971208262, 0.0027842316674651286, -0.0005149152165316451, -0.0020622205610396314, 0.0016292132343819837, 0.0011960737920111634, -0.002736062655839112, 0.002155683557055856, 0.0016021524932250152, -0.002646301805916326, -6.088416123906927e-05, -0.0007429747521955062, 0.0011654850341427665, -7.661961285601864e-05, 7.581647369548715e-05, -0.0015296692890029333, 0.0008922839037314332, 0.0009908983050275122, -0.0009527463032638046, 0.00021246430353765575, -2.317342921159741e-05, 0.0009239332999328802, -0.0023019360560978014, -6.502095726787303e-05, 0.0012790770155237927, 0.00033772464326263583, 0.0007006975312739274, 0.0001539096294956938, -0.0009412955127851188, 0.001290010663927819, -0.0012443578988161103, 0.00013037005696335478, 0.00037322926311304425, -1.1055722185949488e-06, -0.0001428221126143063, -0.0007103611868723355, 0.0012925075651553854, 0.00021764609000175675, 0.0, -0.0024380972574808077, 0.0019098351806878626, -0.0007882937214594, -0.0016992178594495838, 0.0015920564475002835, -0.00019020181272381498, 0.0012462357419650652, -0.0022800492864274192, 0.0005970099882476808, 0.0024827073350597445, -0.0010194928801267155, 2.6056243815767634e-05, -0.0008030799798520093, 0.0004365620918926734, -0.0002838621235593017, 0.00014523201527760944], [0.0, -0.7432789417668356, 0.5181637694086526, 3.346897005845594, -19.92114188712086, 92.0492086949204, 0.0, -91.08604400130548, 16.142694655151697, -0.003910465580207311, 0.0, 0.02454174365901732, 0.005860066015609651, -0.050027384801697605, 0.048925520920616965, -0.028152154814216925, 0.010281569947090414, 0.001912748980637714, -0.009353245017158288, -0.02968717129239294, 0.035199524235575784, 0.0027289225049665225, 0.0028633925452000394, -0.006807622532241423, 0.0, -0.04405450113944815, 0.07905827728909055, -0.04810371070995077, -0.012509967758080536, 0.008331035199135453, 0.032285022659590296, 0.0, -0.024762984267462453, 0.017156841974186748, 0.017336383420941615, 0.008303461820102614, -0.13623288448800197, 0.0891231934484876, -0.03730597056553445, 0.052129210235057635, 0.09599557189515884, -0.04759965446675954, -0.07585747685390822, -0.002271418849714075, 0.024858578335360423, -9.470254052383029e-05, 0.00017432115863820404, 0.00021442140675617961, -0.00016436902326130964, 0.00018920433060592, 0.00018765956918509932, -0.0003141936462726952, 0.0001799389569183539, 0.0, -0.0002019893562453796, 0.0003318883187606263, -0.0007101082473832176, 0.0, -4.4240451717866776e-05, -0.0003811932916566711, 0.0005600978789321974, -0.0010600147006464993, 0.00030891888479590536, -0.0008754143462934628, 0.0013767368963254996, -0.0004380488626722529, 9.574636558099495e-05, 0.0, 0.000598411943899764, -0.00047431154769052937, 0.00015930152408078472, 0.00014242564116076414, 9.753228931267385e-05, -0.0005480218081802007, 0.0004764158148793788, -0.00024845516387993997, -0.00033259588434435684, 0.00045743786286989207, 0.0003294498274674884, 0.0, -0.0002661862357860678, 0.0, -0.00035472866246857046, 0.00011651630956063858, 0.00016318238409402847, -0.00029125681558792444, 0.0006237049868828289, 0.00012568272843692388, 0.0, -0.00022104803642931603, 0.0007166282865794519, 0.0013196745787259962, -0.002350802976111486, 0.0010167667474539953, 2.1223587822369553e-06, 0.00025860029873218796, 2.370040849562347e-05, 0.0, -0.0004900520801961866, 0.0001457789766172952, -0.001312743003067257, 0.0015178220640550508, -0.0006832698238712707, 0.0, 0.0008386526541159165, -0.0007314622539970514, -0.0003681978939216661, 0.0, 0.0002859955366319298, -0.0001319688220747383, 0.001284816595331601, -0.0017349888810984564, 0.000359889142073367, 0.0012733042216312618, -0.0012641754095469215, -0.0011450443711531976, 0.002549785834378341, -0.0024431951721279616, -0.0005533694651024871, 0.001925102498344386, -0.0006036345730972232, 0.0010764314969949347, -0.0011520059471238102, 0.0001934394512712904, 0.0, 0.00042368974808394135, 0.0, 0.00014017137584316805, -0.0003189740340288397, 4.572926617467811e-05, 0.00045573978877453054, -0.0022952310194881086, 0.0031553968413443587, -0.0009159534148401234, -0.0006230812501304524, 0.0012736032537301993, -0.00317537723964166, 0.002420497530301133, -0.00018402590533423056, 0.0002619886535467778, -0.00015440372540507548, -0.0001510397640246126, -0.0005695729147629859, 0.0002527096659582615, 0.00014205384907246436, 1.8022680724292057e-05, 0.0011240391621971275, -0.0026381328515805358, 0.0011195746534534425, -1.2599853654652475e-05, 0.0014232703074051813, -0.0009768593892777837, 0.0008800298628069738, -0.0006846598372613721, 6.758945773801407e-05, -0.0006670356898438006, 0.0010414461373369852, 0.0006674424505485254, -0.00198645126141669, 0.00015825465045274354, -0.00018500251587499317, 0.0009823500211993117, -0.0009093817566964916, 0.001042031901106795, -0.0003844468222491863], [-11.097760264014617, 1.4679439777161891, -1.113288408843619, 0.8740997576991266, 3.5194264821779995, -18.92638000360707, 89.54740288657503, -3.2740958050318776, -73.53652479246801, 0.0, -0.014775719032406607, 0.0, 0.0, 0.028780022380271986, -0.035597836968003685, 0.019752442212273975, -0.006006389137299107, 0.016728840994937516, 0.0, 0.0018679251618775154, -0.015431002423593153, -0.014020317015583067, 0.013148208232389174, 0.0, 0.007027061713473517, -0.006878807112210824, -0.02945049892623388, 0.0245185122126958, 0.028426050959138374, -0.03084186854695456, 0.01028956582645638, -0.04477900477114649, 0.08137611222330188, -0.06865401525708346, 0.008434855867808334, 0.045353589093104094, 0.0, -0.054337098760339285, 0.030354579226334406, 0.0025493984692728775, -0.14042183004950376, 0.06952501282464484, 0.08023624227080378, 0.04521334276014789, -0.053006355408174714, -0.00010932256319673207, 0.000277532491184646, 0.0, -7.514246620418549e-05, -0.0005331819505040368, 0.0003530330934390949, 0.0003488915839058724, -0.0003031293852677664, -0.00024150185102638598, -0.000546736812994882, 0.00037815035895868575, 0.0012814864889099586, -0.0012479039058838504, 0.0, 0.0007943403151794967, 9.381954956806075e-05, 7.994227080071363e-05, -0.00016415004542503809, 0.0013817902792511172, -0.0016073426393282526, 0.0005333256568026245, 0.00011398119329968348, -0.0002788934746508638, -0.001453185000182368, 0.0017120584306459959, -0.00048716721192635824, 0.00022559617993769216, 2.855002222856216e-05, 0.0, -0.00040239674246780394, 0.0007004072721565932, -0.00022197174286475087, -0.00045640434094038713, -0.00023370223604946355, 0.00023265916210570112, 5.937246338956991e-05, 2.5299881973130986e-05, 0.000471988950755195, -0.00012648535258904866, -0.0006941609594251027, 0.001114803493252737, -0.00029831628767664197, -0.0006499879600246045, 0.0, -0.00010723526242015907, -1.5115343016642243e-05, -0.0017834287261426901, 0.0013381119982933017, -0.00022910518876170636, 0.00024493593850503085, -0.00039033971235453605, 0.0011726932065277335, -0.0018681849141671816, 0.001138908847596197, -0.0003834345525818859, 0.00043377363565610944, 0.0003448804039051389, 0.00010745290121952377, -0.00036874621055615057, -0.0001226878178772666, 0.0003587988691594653, 0.000146348398861939, -0.00011952633393939937, -2.286505681706976e-05, 0.0, -0.0005278094350014324, 0.00047193083971377694, -6.558563465333854e-05, 0.0, 0.00013156379904872913, 0.0003978654325712476, -0.0007817626556566764, 0.001309089238097541, 9.047276729833432e-05, -0.000619169394073123, 0.00014377821012845324, -0.00018587645665306827, 0.0005200929946960847, -0.0002746937694582209, 0.00026699303292917337, -0.0009013394928643953, 0.0002477746797649086, 0.0, 0.0003191601561109479, -0.00024231355365678515, -0.00019982927697032203, 0.0011843814631481329, -0.00178581695792875, 0.001004607440465199, -0.0003334548659430148, -0.0006380791410795494, 0.0022283519691731406, -0.0031360232654927306, 0.0012388445282348556, -0.0007114082324378081, 0.0012514372663299338, -0.000436765539370772, -0.0002781412436893662, 0.0008119243095147483, -0.00033549734137655813, 0.00016671254887548902, -0.0015880962859476503, 0.0029267954479364187, -0.0015498049766419827, 0.000646062349411472, -0.003158278046069769, 0.0026161044821533443, 0.0010248376568950976, -0.0012071070934420753, 0.00015123022927269794, 0.00048296134093742273, 0.00021240669074742264, -0.0021180284832575938, 0.0006937641064449671, 0.0015264985150093373, 0.00017060139769317794, -0.0009744368798842614, 0.0007438602820812986, -0.0012370418041354652, 0.00045643291676181544], [77.59996023799796, -5.28260668576661, 0.0, -0.717953663134781, 0.10241211779339578, -0.15676701954259034, -10.340689263490285, 108.37676870176523, -85.18435092456654, -0.04125820358472322, 0.09704171570646167, 0.006630286610601216, 0.0008507714655278352, -0.03691295299340928, -0.008828581142014456, 0.032870551595054004, -0.00902936955047034, -0.11422545031927377, 0.10552013391789296, -0.0003347051124410791, 0.0, 0.05026330455655372, -0.04238606090029742, 0.023820983250619793, -0.08742824705811553, 0.08447513470012556, 0.015021529484760597, -0.024290332398141337, -0.06350619585616586, 0.06721734862643333, -0.060250643529488175, 0.035384818427393085, -0.062385926582394384, 0.10649980993934936, -0.041101562342323025, -0.07062234906591018, 0.005549035728056735, 0.14077978914720013, -0.015486352934414825, 0.04455555806682397, 0.12368060460333449, -0.13714916852845244, -0.08855154737010563, -0.1261859947520537, 0.09048858193742006, 9.4197524359058e-05, -0.00022687376986750378, 0.00012238718889775871, 0.000513328170002978, -0.00024025692427153748, -0.0005900967899761356, 0.0006264054966477108, 0.00014688940776140568, 0.0005031414598974897, 0.00045032463020860556, -0.002298801801605624, 0.00119007491815217, 0.002621402897885375, -0.004391907137532107, 0.0001361949390989635, -0.0006027826709737461, 0.0013680555931568075, -0.0009648671540786829, -0.0029028275341525587, 0.00664113680331342, -0.0038842743457365068, -0.00013508455866143292, 0.0002422849320490439, 0.003929526330030213, -0.005572859549702184, 0.0018832801354747007, 0.0, -0.0030262559412301245, 0.0024963620614684295, 8.945508009521872e-05, 0.0, -0.00048080423060242305, 0.0014632960815163648, -0.00015603248894439632, -0.00017238705617112152, 0.00017038653600550617, -0.0004948074847327528, 0.00045355745622986736, 0.0012786953147053393, -0.0014110478845797436, -0.0022343265021273102, 0.0037628240256634806, 0.00033678865960580463, -8.435546162586117e-05, -0.00025346169322798973, 0.0007073334413288212, 0.004586051404183447, -0.008713880816727472, 0.0030180470312326365, -0.0011470558340646523, 0.0028059623704088073, -0.006634709825582151, 0.009661649514906922, -0.0039249719036351305, -0.0010399732859135509, 0.00524763463876687, -0.005546295579430681, 0.0011345968451642774, -0.0010769332718057554, 0.0006878624426562436, -0.000621503917308699, 0.0009880721752965724, -0.0012006905643305252, 0.0003042350735842066, -0.00030835885066283033, 0.0, 0.001631445741416212, -0.0023505235228558443, 0.00280267706820476, -0.00012969199212753052, 0.0009949665459440737, -0.005114058560764351, 0.005167780398528201, -0.004597173429618931, 0.0004750560407540925, 0.0027282985630652816, -0.004363762894752996, 0.0014758624091794784, -0.000532571118312142, 0.0006098708175564266, 0.000576944902056564, 0.0, -0.0004446843756157389, 0.00035551941882363744, 0.00038820258391230385, -0.00035203793448172223, 0.0020364419837002297, -0.0009852360157613634, -0.0011451826187995145, 0.0017097711287541045, -0.002454728640401151, 0.0, 0.006230482568792745, -0.003058476945876886, 0.0008828373150874416, -0.0029070229696475584, 0.0004351718226496067, 0.0006635336482821078, -0.0005380665777692734, -6.609268667998885e-05, 0.0006757058566128643, 0.00020226080154205151, -0.0033443320682441224, 0.0027300319085054414, 0.00029242520921833576, 0.005303793721874411, -0.004961946397108382, -0.003329411848134825, 0.0021386521499106546, 0.0, -0.0008364533476135651, -0.0008627421046592654, 0.00420709130662031, 0.0007275927510077924, -0.00591399707504472, 0.0008393515268195403, 0.00030448158781663695, 0.003033766365002261, -0.0013947575770292611, 0.0002780720987808824]]",(x0)' = -118.880 1 +  85.904 x0 + -112.116 x1 +  13.152 x2 +  0.488 x3 + -0.042 x4 +  1.613 x5 + -3.032 x6 +  7.216 x7 + -0.093 x0^2 +  0.368 x0 x1 + -0.191 x0 x2 +  0.039 x0 x3 +  0.063 x0 x4 + -0.031 x0 x5 +  0.021 x0 x6 + -0.014 x0 x7 + -0.028 x1^2 + -0.232 x1 x2 + -0.012 x1 x3 + -0.028 x1 x4 +  0.010 x1 x5 +  0.005 x1 x6 + -0.060 x1 x7 +  0.287 x2^2 + -0.203 x2 x3 + -0.028 x2 x4 +  0.014 x2 x6 +  0.015 x2 x7 +  0.143 x3^2 + -0.146 x3 x4 +  0.073 x3 x5 + -0.029 x3 x6 +  0.016 x3 x7 +  0.090 x4^2 + -0.034 x4 x5 + -0.015 x4 x6 +  0.015 x4 x7 + -0.011 x5^2 +  0.001 x5 x6 + -0.022 x5 x7 + -0.005 x6^2 +  0.017 x6 x7 +  0.008 x7^2 +  0.002 x0^2 x2 + -0.001 x0^2 x3 +  0.001 x0^2 x5 +  0.004 x0 x1 x2 + -0.003 x0 x1 x3 +  0.001 x0 x1 x4 + -0.001 x0 x1 x7 + -0.007 x0 x2^2 +  0.012 x0 x2 x3 + -0.002 x0 x2 x4 + -0.003 x0 x2 x5 +  0.001 x0 x2 x6 +  0.001 x0 x2 x7 + -0.006 x0 x3^2 +  0.007 x0 x3 x4 + -0.001 x0 x3 x5 + -0.001 x0 x3 x6 + -0.003 x0 x4^2 +  0.002 x0 x4 x5 +  0.002 x0 x4 x6 + -0.001 x0 x4 x7 + -0.002 x0 x5 x6 +  0.003 x0 x5 x7 +  0.001 x0 x6^2 + -0.001 x0 x6 x7 +  0.001 x1^3 + -0.005 x1^2 x2 +  0.003 x1^2 x3 + -0.003 x1^2 x5 +  0.003 x1^2 x6 +  0.009 x1 x2^2 + -0.013 x1 x2 x3 +  0.004 x1 x2 x4 +  0.005 x1 x2 x5 + -0.008 x1 x2 x6 +  0.002 x1 x2 x7 +  0.006 x1 x3^2 + -0.006 x1 x3 x4 +  0.004 x1 x3 x6 + -0.001 x1 x3 x7 +  0.001 x1 x4^2 +  0.002 x1 x4 x5 + -0.004 x1 x4 x6 +  0.001 x1 x4 x7 + -0.001 x1 x5^2 +  0.006 x1 x5 x6 + -0.004 x1 x5 x7 + -0.003 x1 x6^2 +  0.002 x1 x6 x7 + -0.002 x2^3 +  0.005 x2^2 x3 + -0.003 x2^2 x4 + -0.001 x2^2 x5 +  0.005 x2^2 x6 + -0.003 x2^2 x7 + -0.002 x2 x3^2 +  0.002 x2 x3 x4 +  0.001 x2 x3 x5 + -0.005 x2 x3 x6 +  0.004 x2 x3 x7 +  0.001 x2 x4^2 + -0.002 x2 x4 x5 +  0.003 x2 x4 x6 + -0.002 x2 x4 x7 +  0.001 x2 x5^2 + -0.003 x2 x5 x6 +  0.002 x2 x5 x7 +  0.002 x2 x6^2 + -0.002 x2 x6 x7 + -0.001 x3^2 x4 +  0.002 x3^2 x6 + -0.001 x3^2 x7 + -0.001 x3 x4 x6 +  0.001 x3 x4 x7 + -0.001 x3 x5 x7 + -0.001 x3 x6^2 +  0.002 x3 x6 x7 + -0.001 x3 x7^2 +  0.001 x4^2 x7 +  0.001 x4 x5^2 +  0.001 x4 x6^2 + -0.001 x4 x6 x7 +  0.001 x6 x7^2 | (x1)' =  16.186 1 +  72.815 x0 +  5.094 x1 + -91.071 x2 +  19.458 x3 + -3.891 x4 + -0.710 x5 +  1.579 x6 + -1.886 x7 +  0.082 x0^2 + -0.261 x0 x1 +  0.100 x0 x2 +  0.014 x0 x3 + -0.036 x0 x4 + -0.002 x0 x5 + -0.003 x0 x6 +  0.005 x0 x7 +  0.061 x1^2 +  0.158 x1 x2 + -0.075 x1 x3 +  0.007 x1 x4 +  0.033 x1 x5 +  0.011 x1 x7 + -0.125 x2^2 + -0.002 x2 x3 +  0.074 x2 x4 + -0.029 x2 x5 + -0.028 x2 x6 +  0.006 x2 x7 +  0.020 x3^2 + -0.011 x3 x4 +  0.010 x3 x6 +  0.001 x3 x7 + -0.026 x4 x5 +  0.014 x4 x6 + -0.012 x4 x7 +  0.017 x5 x6 +  0.008 x5 x7 + -0.017 x6 x7 +  0.004 x7^2 +  0.001 x0^2 x1 + -0.002 x0^2 x2 +  0.001 x0^2 x3 + -0.001 x0^2 x5 + -0.001 x0 x1^2 +  0.001 x0 x1 x3 + -0.002 x0 x1 x4 +  0.002 x0 x1 x5 +  0.003 x0 x2^2 + -0.005 x0 x2 x3 +  0.002 x0 x2 x4 + -0.001 x0 x2 x7 +  0.002 x0 x3^2 + -0.002 x0 x3 x4 +  0.001 x0 x4^2 +  0.001 x0 x4 x7 + -0.001 x0 x5 x7 +  0.001 x1^2 x2 +  0.001 x1^2 x4 + -0.001 x1^2 x5 + -0.004 x1 x2^2 +  0.005 x1 x2 x3 + -0.002 x1 x2 x4 +  0.001 x1 x2 x5 + -0.003 x1 x3^2 +  0.003 x1 x3 x4 + -0.001 x1 x3 x5 + -0.001 x1 x4^2 +  0.001 x1 x4 x5 +  0.002 x2^3 + -0.003 x2^2 x3 +  0.001 x2^2 x4 + -0.001 x2^2 x5 +  0.001 x2^2 x7 +  0.003 x2 x3^2 + -0.003 x2 x3 x4 +  0.001 x2 x3 x5 + -0.001 x2 x3 x7 +  0.001 x2 x4^2 + -0.002 x2 x4 x5 +  0.001 x2 x4 x6 +  0.001 x2 x5^2 + -0.001 x2 x5 x6 +  0.001 x2 x6 x7 + -0.001 x3^3 +  0.002 x3^2 x4 + -0.001 x3^2 x5 + -0.002 x3 x4^2 +  0.001 x3 x4 x5 +  0.001 x3 x5 x6 +  0.001 x4^3 + -0.001 x4^2 x5 + -0.001 x4 x6 x7 +  0.001 x5 x6 x7 | (x2)' = -4.150 1 + -15.785 x0 +  90.651 x1 +  0.115 x2 + -92.193 x3 +  20.290 x4 + -3.577 x5 + -0.798 x6 +  0.997 x7 + -0.044 x0^2 +  0.157 x0 x1 + -0.080 x0 x2 +  0.028 x0 x4 + -0.002 x0 x5 + -0.002 x0 x7 + -0.029 x1^2 + -0.134 x1 x2 +  0.073 x1 x3 + -0.019 x1 x4 + -0.021 x1 x6 +  0.067 x2^2 +  0.097 x2 x3 + -0.066 x2 x4 + -0.022 x2 x5 +  0.055 x2 x6 + -0.057 x3^2 + -0.056 x3 x4 +  0.075 x3 x5 + -0.034 x3 x6 + -0.017 x3 x7 +  0.049 x4^2 + -0.017 x4 x5 +  0.013 x4 x7 + -0.020 x5 x6 +  0.016 x6 x7 + -0.006 x7^2 + -0.001 x0^2 x1 +  0.002 x0^2 x2 + -0.001 x0^2 x3 + -0.001 x0^2 x4 +  0.001 x0^2 x5 +  0.001 x0 x1^2 + -0.002 x0 x1 x2 +  0.001 x0 x1 x3 +  0.002 x0 x1 x4 + -0.003 x0 x1 x5 +  0.001 x0 x1 x7 + -0.001 x0 x2^2 +  0.002 x0 x2 x3 + -0.001 x0 x2 x4 + -0.001 x0 x3^2 +  0.002 x0 x3 x5 + -0.002 x0 x3 x6 +  0.001 x0 x3 x7 + -0.001 x0 x4 x5 +  0.001 x0 x4 x6 + -0.001 x0 x4 x7 + -0.001 x0 x5 x6 +  0.001 x1^2 x2 + -0.002 x1^2 x3 +  0.002 x1^2 x5 + -0.001 x1^2 x7 +  0.001 x1 x2^2 + -0.001 x1 x2 x3 +  0.001 x1 x2 x4 + -0.002 x1 x2 x5 +  0.001 x1 x2 x6 +  0.002 x1 x3^2 + -0.002 x1 x3 x4 + -0.001 x1 x3 x5 +  0.002 x1 x3 x6 + -0.001 x1 x3 x7 +  0.001 x1 x4^2 +  0.001 x1 x4 x5 + -0.002 x1 x4 x6 +  0.001 x1 x4 x7 + -0.001 x1 x5^2 +  0.001 x1 x5 x6 + -0.001 x1 x6 x7 + -0.001 x2^3 +  0.002 x2^2 x3 +  0.001 x2^2 x4 + -0.001 x2^2 x6 + -0.003 x2 x3^2 +  0.001 x2 x3 x4 + -0.002 x2 x4^2 +  0.002 x2 x4 x5 + -0.001 x2 x5^2 +  0.001 x3^3 + -0.002 x3^2 x4 +  0.001 x3^2 x7 +  0.003 x3 x4^2 + -0.002 x3 x4 x5 +  0.002 x3 x4 x6 + -0.001 x3 x4 x7 +  0.001 x3 x5^2 + -0.002 x3 x5 x6 +  0.001 x3 x5 x7 + -0.001 x4^3 +  0.001 x4^2 x5 + -0.001 x4^2 x6 + -0.001 x4 x5^2 +  0.001 x4 x5 x6 | (x3)' =  3.731 x0 + -20.188 x1 +  91.938 x2 +  0.382 x3 + -92.451 x4 +  20.294 x5 + -3.839 x6 +  0.075 x7 +  0.012 x0^2 + -0.061 x0 x1 +  0.045 x0 x2 +  0.011 x0 x3 + -0.032 x0 x4 +  0.004 x0 x5 +  0.005 x1^2 +  0.090 x1 x2 + -0.073 x1 x3 +  0.015 x1 x4 +  0.032 x1 x5 + -0.006 x1 x6 +  0.004 x1 x7 + -0.021 x2^2 + -0.128 x2 x3 +  0.090 x2 x4 + -0.032 x2 x5 + -0.020 x2 x7 +  0.057 x3^2 +  0.094 x3 x4 + -0.062 x3 x5 + -0.017 x3 x6 +  0.049 x3 x7 + -0.065 x4^2 + -0.043 x4 x5 +  0.065 x4 x6 + -0.044 x4 x7 +  0.039 x5^2 +  0.002 x5 x6 + -0.014 x6^2 +  0.003 x7^2 +  0.001 x0^2 x1 + -0.001 x0^2 x2 +  0.001 x0^2 x3 + -0.001 x0^2 x5 + -0.001 x0 x1^2 +  0.002 x0 x1 x2 + -0.001 x0 x1 x3 + -0.001 x0 x1 x4 +  0.002 x0 x1 x5 + -0.001 x0 x1 x6 + -0.001 x0 x2 x3 +  0.001 x0 x2 x6 + -0.001 x0 x2 x7 +  0.002 x0 x3 x4 + -0.001 x0 x3 x5 + -0.001 x0 x4^2 +  0.001 x0 x4 x5 + -0.002 x1^2 x2 +  0.002 x1^2 x3 + -0.002 x1^2 x5 +  0.002 x1^2 x6 +  0.001 x1 x2^2 + -0.001 x1 x2 x3 +  0.001 x1 x2 x4 +  0.002 x1 x2 x5 + -0.004 x1 x2 x6 +  0.001 x1 x2 x7 + -0.001 x1 x3 x4 +  0.001 x1 x3 x5 + -0.002 x1 x4 x5 +  0.002 x1 x4 x6 + -0.001 x1 x4 x7 +  0.001 x1 x5^2 + -0.001 x1 x5 x6 +  0.001 x2^2 x3 + -0.002 x2^2 x4 +  0.002 x2^2 x6 + -0.001 x2^2 x7 +  0.001 x2 x3^2 +  0.001 x2 x3 x4 + -0.001 x2 x3 x5 + -0.001 x2 x3 x6 +  0.001 x2 x3 x7 +  0.001 x2 x4^2 + -0.001 x2 x4 x5 + -0.001 x2 x4 x6 +  0.001 x2 x4 x7 +  0.001 x2 x5 x6 + -0.001 x2 x5 x7 + -0.001 x2 x6^2 +  0.001 x2 x6 x7 + -0.001 x3^3 +  0.001 x3^2 x4 +  0.001 x3^2 x5 + -0.001 x3^2 x7 + -0.003 x3 x4^2 +  0.001 x3 x4 x5 + -0.001 x3 x4 x6 + -0.002 x3 x5^2 +  0.002 x3 x5 x6 + -0.001 x3 x6^2 +  0.001 x4^3 + -0.002 x4^2 x5 +  0.001 x4^2 x6 +  0.003 x4 x5^2 + -0.002 x4 x5 x6 +  0.001 x4 x6^2 + -0.001 x4 x6 x7 + -0.001 x5^3 +  0.001 x5^2 x6 + -0.001 x5^2 x7 + -0.002 x5 x6^2 +  0.001 x5 x6 x7 +  0.001 x6^3 | (x4)' =  0.459 1 + -0.059 x0 +  3.915 x1 + -20.137 x2 +  92.067 x3 + -92.243 x5 +  20.463 x6 + -3.981 x7 +  0.004 x0^2 +  0.010 x0 x1 + -0.029 x0 x2 + -0.010 x0 x3 +  0.045 x0 x4 + -0.028 x0 x5 +  0.012 x0 x6 + -0.005 x0 x7 + -0.002 x1^2 + -0.022 x1 x2 +  0.049 x1 x3 + -0.032 x1 x4 + -0.010 x1 x5 +  0.001 x1 x6 + -0.001 x1 x7 + -0.003 x2^2 +  0.088 x2 x3 + -0.068 x2 x4 +  0.018 x2 x5 +  0.024 x2 x6 + -0.027 x3^2 + -0.110 x3 x4 +  0.087 x3 x5 + -0.045 x3 x6 +  0.050 x4^2 +  0.090 x4 x5 + -0.051 x4 x6 +  0.013 x4 x7 + -0.062 x5^2 + -0.039 x5 x6 +  0.025 x5 x7 +  0.041 x6^2 + -0.003 x6 x7 + -0.010 x7^2 + -0.001 x0^2 x1 +  0.001 x0 x1^2 + -0.001 x0 x1 x2 +  0.001 x0 x1 x3 +  0.001 x0 x1 x4 + -0.001 x0 x1 x5 +  0.001 x0 x1 x6 +  0.001 x0 x2 x3 + -0.001 x0 x2 x6 +  0.001 x0 x2 x7 + -0.001 x0 x3 x4 +  0.001 x0 x3 x5 + -0.001 x0 x3 x7 +  0.002 x1^2 x2 + -0.002 x1^2 x3 +  0.001 x1^2 x5 + -0.001 x1^2 x6 + -0.001 x1 x2^2 +  0.002 x1 x2 x3 + -0.002 x1 x2 x4 + -0.001 x1 x2 x5 +  0.003 x1 x2 x6 + -0.001 x1 x2 x7 + -0.001 x1 x3^2 +  0.001 x1 x3 x4 + -0.001 x1 x3 x5 +  0.001 x1 x3 x7 +  0.002 x1 x4 x5 + -0.002 x1 x4 x6 + -0.001 x1 x5^2 +  0.001 x1 x5 x6 + -0.001 x1 x6^2 +  0.001 x1 x6 x7 + -0.002 x2^2 x3 +  0.003 x2^2 x4 + -0.001 x2^2 x5 + -0.002 x2^2 x6 +  0.002 x2^2 x7 +  0.001 x2 x3^2 + -0.003 x2 x3 x4 +  0.002 x2 x3 x5 +  0.002 x2 x3 x6 + -0.003 x2 x3 x7 + -0.001 x2 x4 x5 +  0.001 x2 x4 x6 + -0.002 x2 x5 x6 +  0.001 x2 x5 x7 +  0.001 x2 x6^2 + -0.001 x2 x6 x7 +  0.001 x3^2 x4 + -0.002 x3^2 x5 +  0.001 x3^2 x7 +  0.001 x3 x4 x5 + -0.001 x3 x4 x7 +  0.001 x3 x5^2 + -0.001 x3 x5 x6 + -0.001 x4^3 +  0.001 x4^2 x5 + -0.002 x4 x5^2 +  0.002 x4 x5 x6 + -0.001 x4 x5 x7 + -0.002 x4 x6^2 +  0.002 x4 x6 x7 +  0.001 x5^3 + -0.002 x5^2 x6 +  0.001 x5^2 x7 +  0.002 x5 x6^2 + -0.001 x5 x6 x7 + -0.001 x6^3 | (x5)' = -0.743 x0 +  0.518 x1 +  3.347 x2 + -19.921 x3 +  92.049 x4 + -91.086 x6 +  16.143 x7 + -0.004 x0^2 +  0.025 x0 x2 +  0.006 x0 x3 + -0.050 x0 x4 +  0.049 x0 x5 + -0.028 x0 x6 +  0.010 x0 x7 +  0.002 x1^2 + -0.009 x1 x2 + -0.030 x1 x3 +  0.035 x1 x4 +  0.003 x1 x5 +  0.003 x1 x6 + -0.007 x1 x7 + -0.044 x2 x3 +  0.079 x2 x4 + -0.048 x2 x5 + -0.013 x2 x6 +  0.008 x2 x7 +  0.032 x3^2 + -0.025 x3 x5 +  0.017 x3 x6 +  0.017 x3 x7 +  0.008 x4^2 + -0.136 x4 x5 +  0.089 x4 x6 + -0.037 x4 x7 +  0.052 x5^2 +  0.096 x5 x6 + -0.048 x5 x7 + -0.076 x6^2 + -0.002 x6 x7 +  0.025 x7^2 + -0.001 x0 x1 x4 +  0.001 x0 x2^2 + -0.001 x0 x2 x3 + -0.001 x0 x2 x5 +  0.001 x0 x2 x6 +  0.001 x0 x3 x5 + -0.001 x0 x4 x6 +  0.001 x1^2 x6 +  0.001 x1 x2 x4 +  0.001 x1 x2 x5 + -0.002 x1 x2 x6 +  0.001 x1 x2 x7 + -0.001 x1 x4 x5 +  0.002 x1 x4 x6 + -0.001 x1 x4 x7 +  0.001 x1 x5 x6 + -0.001 x1 x5 x7 +  0.001 x2^2 x3 + -0.002 x2^2 x4 +  0.001 x2^2 x6 + -0.001 x2^2 x7 + -0.001 x2 x3^2 +  0.003 x2 x3 x4 + -0.002 x2 x3 x5 + -0.001 x2 x3 x6 +  0.002 x2 x3 x7 + -0.001 x2 x4^2 +  0.001 x2 x4 x5 + -0.001 x2 x4 x6 + -0.002 x3^2 x4 +  0.003 x3^2 x5 + -0.001 x3^2 x6 + -0.001 x3^2 x7 +  0.001 x3 x4^2 + -0.003 x3 x4 x5 +  0.002 x3 x4 x6 + -0.001 x3 x6^2 +  0.001 x4^2 x5 + -0.003 x4^2 x6 +  0.001 x4^2 x7 +  0.001 x4 x5 x6 + -0.001 x4 x5 x7 +  0.001 x4 x6^2 + -0.001 x4 x6 x7 + -0.001 x5^3 +  0.001 x5^2 x6 +  0.001 x5^2 x7 + -0.002 x5 x6^2 +  0.001 x6^3 + -0.001 x6^2 x7 +  0.001 x6 x7^2 | (x6)' = -11.098 1 +  1.468 x0 + -1.113 x1 +  0.874 x2 +  3.519 x3 + -18.926 x4 +  89.547 x5 + -3.274 x6 + -73.537 x7 + -0.015 x0 x1 +  0.029 x0 x4 + -0.036 x0 x5 +  0.020 x0 x6 + -0.006 x0 x7 +  0.017 x1^2 +  0.002 x1 x3 + -0.015 x1 x4 + -0.014 x1 x5 +  0.013 x1 x6 +  0.007 x2^2 + -0.007 x2 x3 + -0.029 x2 x4 +  0.025 x2 x5 +  0.028 x2 x6 + -0.031 x2 x7 +  0.010 x3^2 + -0.045 x3 x4 +  0.081 x3 x5 + -0.069 x3 x6 +  0.008 x3 x7 +  0.045 x4^2 + -0.054 x4 x6 +  0.030 x4 x7 +  0.003 x5^2 + -0.140 x5 x6 +  0.070 x5 x7 +  0.080 x6^2 +  0.045 x6 x7 + -0.053 x7^2 + -0.001 x0^2 x4 + -0.001 x0 x1 x2 +  0.001 x0 x1 x4 + -0.001 x0 x1 x5 +  0.001 x0 x1 x7 +  0.001 x0 x2 x5 + -0.002 x0 x2 x6 +  0.001 x0 x2 x7 + -0.001 x0 x3 x5 +  0.002 x0 x3 x6 +  0.001 x0 x5^2 + -0.001 x1^2 x4 +  0.001 x1^2 x5 + -0.001 x1^2 x7 + -0.002 x1 x2 x5 +  0.001 x1 x2 x6 +  0.001 x1 x3 x5 + -0.002 x1 x3 x6 +  0.001 x1 x3 x7 + -0.001 x2^2 x3 + -0.001 x2 x3 x4 +  0.001 x2 x3 x5 + -0.001 x2 x3 x7 +  0.001 x2 x4 x6 + -0.001 x2 x5 x6 +  0.001 x3^2 x4 + -0.002 x3^2 x5 +  0.001 x3^2 x6 + -0.001 x3 x4^2 +  0.002 x3 x4 x5 + -0.003 x3 x4 x6 +  0.001 x3 x4 x7 + -0.001 x3 x5^2 +  0.001 x3 x5 x6 +  0.001 x3 x6 x7 + -0.002 x4^2 x5 +  0.003 x4^2 x6 + -0.002 x4^2 x7 +  0.001 x4 x5^2 + -0.003 x4 x5 x6 +  0.003 x4 x5 x7 +  0.001 x4 x6^2 + -0.001 x4 x6 x7 + -0.002 x5^2 x7 +  0.001 x5 x6^2 +  0.002 x5 x6 x7 + -0.001 x6^3 +  0.001 x6^2 x7 + -0.001 x6 x7^2 | (x7)' =  77.600 1 + -5.283 x0 + -0.718 x2 +  0.102 x3 + -0.157 x4 + -10.341 x5 +  108.377 x6 + -85.184 x7 + -0.041 x0^2 +  0.097 x0 x1 +  0.007 x0 x2 +  0.001 x0 x3 + -0.037 x0 x4 + -0.009 x0 x5 +  0.033 x0 x6 + -0.009 x0 x7 + -0.114 x1^2 +  0.106 x1 x2 +  0.050 x1 x5 + -0.042 x1 x6 +  0.024 x1 x7 + -0.087 x2^2 +  0.084 x2 x3 +  0.015 x2 x4 + -0.024 x2 x5 + -0.064 x2 x6 +  0.067 x2 x7 + -0.060 x3^2 +  0.035 x3 x4 + -0.062 x3 x5 +  0.106 x3 x6 + -0.041 x3 x7 + -0.071 x4^2 +  0.006 x4 x5 +  0.141 x4 x6 + -0.015 x4 x7 +  0.045 x5^2 +  0.124 x5 x6 + -0.137 x5 x7 + -0.089 x6^2 + -0.126 x6 x7 +  0.090 x7^2 +  0.001 x0^2 x3 + -0.001 x0^2 x5 +  0.001 x0^2 x6 +  0.001 x0 x1^2 + -0.002 x0 x1 x3 +  0.001 x0 x1 x4 +  0.003 x0 x1 x5 + -0.004 x0 x1 x6 + -0.001 x0 x2^2 +  0.001 x0 x2 x3 + -0.001 x0 x2 x4 + -0.003 x0 x2 x5 +  0.007 x0 x2 x6 + -0.004 x0 x2 x7 +  0.004 x0 x3 x5 + -0.006 x0 x3 x6 +  0.002 x0 x3 x7 + -0.003 x0 x4 x5 +  0.002 x0 x4 x6 +  0.001 x0 x5 x7 +  0.001 x1^2 x3 + -0.001 x1^2 x4 + -0.002 x1^2 x5 +  0.004 x1^2 x6 +  0.001 x1 x2 x4 +  0.005 x1 x2 x5 + -0.009 x1 x2 x6 +  0.003 x1 x2 x7 + -0.001 x1 x3^2 +  0.003 x1 x3 x4 + -0.007 x1 x3 x5 +  0.010 x1 x3 x6 + -0.004 x1 x3 x7 + -0.001 x1 x4^2 +  0.005 x1 x4 x5 + -0.006 x1 x4 x6 +  0.001 x1 x4 x7 + -0.001 x1 x5^2 +  0.001 x1 x5 x6 + -0.001 x1 x5 x7 +  0.001 x1 x6^2 + -0.001 x1 x6 x7 +  0.002 x2^2 x4 + -0.002 x2^2 x5 +  0.003 x2^2 x6 +  0.001 x2 x3^2 + -0.005 x2 x3 x4 +  0.005 x2 x3 x5 + -0.005 x2 x3 x6 +  0.003 x2 x4^2 + -0.004 x2 x4 x5 +  0.001 x2 x4 x6 + -0.001 x2 x4 x7 +  0.001 x2 x5^2 +  0.001 x2 x5 x6 +  0.002 x3^2 x4 + -0.001 x3^2 x5 + -0.001 x3^2 x6 +  0.002 x3^2 x7 + -0.002 x3 x4^2 +  0.006 x3 x4 x6 + -0.003 x3 x4 x7 +  0.001 x3 x5^2 + -0.003 x3 x5 x6 +  0.001 x3 x6^2 + -0.001 x3 x6 x7 +  0.001 x4^3 + -0.003 x4^2 x6 +  0.003 x4^2 x7 +  0.005 x4 x5 x6 + -0.005 x4 x5 x7 + -0.003 x4 x6^2 +  0.002 x4 x6 x7 + -0.001 x5^3 + -0.001 x5^2 x6 +  0.004 x5^2 x7 +  0.001 x5 x6^2 + -0.006 x5 x6 x7 +  0.001 x5 x7^2 +  0.003 x6^2 x7 + -0.001 x6 x7^2
32,80.0,1000.0,37.49490932254601,3,8,2,8.0,56.0,5,20.0,smoothed_finite_difference_savgol_order_3,success,,1205,1320,91.28787878787878,37.137938506901264,"[""1"", ""x0"", ""x1"", ""x2"", ""x3"", ""x4"", ""x5"", ""x6"", ""x7"", ""x0^2"", ""x0 x1"", ""x0 x2"", ""x0 x3"", ""x0 x4"", ""x0 x5"", ""x0 x6"", ""x0 x7"", ""x1^2"", ""x1 x2"", ""x1 x3"", ""x1 x4"", ""x1 x5"", ""x1 x6"", ""x1 x7"", ""x2^2"", ""x2 x3"", ""x2 x4"", ""x2 x5"", ""x2 x6"", ""x2 x7"", ""x3^2"", ""x3 x4"", ""x3 x5"", ""x3 x6"", ""x3 x7"", ""x4^2"", ""x4 x5"", ""x4 x6"", ""x4 x7"", ""x5^2"", ""x5 x6"", ""x5 x7"", ""x6^2"", ""x6 x7"", ""x7^2"", ""x0^3"", ""x0^2 x1"", ""x0^2 x2"", ""x0^2 x3"", ""x0^2 x4"", ""x0^2 x5"", ""x0^2 x6"", ""x0^2 x7"", ""x0 x1^2"", ""x0 x1 x2"", ""x0 x1 x3"", ""x0 x1 x4"", ""x0 x1 x5"", ""x0 x1 x6"", ""x0 x1 x7"", ""x0 x2^2"", ""x0 x2 x3"", ""x0 x2 x4"", ""x0 x2 x5"", ""x0 x2 x6"", ""x0 x2 x7"", ""x0 x3^2"", ""x0 x3 x4"", ""x0 x3 x5"", ""x0 x3 x6"", ""x0 x3 x7"", ""x0 x4^2"", ""x0 x4 x5"", ""x0 x4 x6"", ""x0 x4 x7"", ""x0 x5^2"", ""x0 x5 x6"", ""x0 x5 x7"", ""x0 x6^2"", ""x0 x6 x7"", ""x0 x7^2"", ""x1^3"", ""x1^2 x2"", ""x1^2 x3"", ""x1^2 x4"", ""x1^2 x5"", ""x1^2 x6"", ""x1^2 x7"", ""x1 x2^2"", ""x1 x2 x3"", ""x1 x2 x4"", ""x1 x2 x5"", ""x1 x2 x6"", ""x1 x2 x7"", ""x1 x3^2"", ""x1 x3 x4"", ""x1 x3 x5"", ""x1 x3 x6"", ""x1 x3 x7"", ""x1 x4^2"", ""x1 x4 x5"", ""x1 x4 x6"", ""x1 x4 x7"", ""x1 x5^2"", ""x1 x5 x6"", ""x1 x5 x7"", ""x1 x6^2"", ""x1 x6 x7"", ""x1 x7^2"", ""x2^3"", ""x2^2 x3"", ""x2^2 x4"", ""x2^2 x5"", ""x2^2 x6"", ""x2^2 x7"", ""x2 x3^2"", ""x2 x3 x4"", ""x2 x3 x5"", ""x2 x3 x6"", ""x2 x3 x7"", ""x2 x4^2"", ""x2 x4 x5"", ""x2 x4 x6"", ""x2 x4 x7"", ""x2 x5^2"", ""x2 x5 x6"", ""x2 x5 x7"", ""x2 x6^2"", ""x2 x6 x7"", ""x2 x7^2"", ""x3^3"", ""x3^2 x4"", ""x3^2 x5"", ""x3^2 x6"", ""x3^2 x7"", ""x3 x4^2"", ""x3 x4 x5"", ""x3 x4 x6"", ""x3 x4 x7"", ""x3 x5^2"", ""x3 x5 x6"", ""x3 x5 x7"", ""x3 x6^2"", ""x3 x6 x7"", ""x3 x7^2"", ""x4^3"", ""x4^2 x5"", ""x4^2 x6"", ""x4^2 x7"", ""x4 x5^2"", ""x4 x5 x6"", ""x4 x5 x7"", ""x4 x6^2"", ""x4 x6 x7"", ""x4 x7^2"", ""x5^3"", ""x5^2 x6"", ""x5^2 x7"", ""x5 x6^2"", ""x5 x6 x7"", ""x5 x7^2"", ""x6^3"", ""x6^2 x7"", ""x6 x7^2"", ""x7^3""]","[[-97.61513467446747, 102.90129654064198, -145.15276236763606, 43.08752724096499, -17.94861581158173, 8.955194555732476, -1.84191722975861, -2.403814347186258, 6.609508373925167, -0.11035374563574826, 0.44994065926273163, -0.3140756617256585, 0.15822739038368902, -0.0016849749341418163, -0.01589187241971984, 0.03995836445855733, -0.03359297304289267, -0.09997910070673345, -0.16677619921097397, -0.03254920136086586, -0.03284949815557433, 0.027574172428622073, -0.04891586290851451, -0.013222350414612397, 0.3255272661361891, -0.2597785183374002, 0.030971706804092912, -0.029293154063615115, 0.051886903132229746, 0.0, 0.14203193162313135, -0.19240286154009814, 0.1156968268693542, -0.050352783639671356, 0.0, 0.12139016058516783, -0.07788281846446744, 0.0, 0.028973718377413162, 0.004158708330325098, -0.02370221950888985, -0.015575784900631339, 0.006722008648497544, 0.013487972258695144, 0.004613697003759589, -0.00018076567255460223, -0.0013290181777832384, 0.002891869585442789, -0.0025631734252520295, 0.0004143853487508911, 0.00043989893445387076, 0.0004272110030971751, -0.0006860702073423475, 0.0013824898436642884, 0.0010401869749264753, 0.00039423554615326307, -1.4735702496064743e-05, 0.0012455830921401286, -0.003335770888635432, 0.0014430464414815875, -0.0076013380015868305, 0.013434695213983714, -0.003859542144628037, -0.003897530770621455, 0.005481015482333737, -0.0015433913744197132, -0.008668141666760542, 0.010887100040816274, -0.0018233001356651013, -0.002921794021736645, 0.001286656755382879, -0.005276941184167416, 0.0048892953575745786, 0.0004933338029447662, -0.0011232891290006764, -0.00213489860094583, 0.0006258335050529968, 0.001794227165441597, -0.00016718622331420333, -0.0007729925114300117, 0.00018435563431672028, 4.785041158280111e-05, -0.004820679244845868, 0.00174723107084365, 0.00155524532946719, -0.003954431980999343, 0.005696244624147078, -0.002215434692007358, 0.011795370675096012, -0.01737549126576285, 0.004162479267510858, 0.00834719326211907, -0.014922520924861758, 0.00613390242312065, 0.008958034292312345, -0.00969167418346729, -0.0008315656494399222, 0.00841753707517825, -0.0037658967596143522, 0.0029932265519758156, -0.0007725170176140663, -0.004031323941326457, 0.0017037172155678422, 0.00047040064163704465, 0.0030840734370136988, -0.002898043233742038, -0.001323763150930707, 0.001147348696119145, 0.0006008137122476215, -0.004369136653448425, 0.008847414280411426, -0.0030872004502247607, -0.003425253466436534, 0.008205501912212466, -0.004227888895999914, -0.005398996936511987, 0.002782995545071971, 0.004491709219119577, -0.009509566685276045, 0.004473541630785977, 0.0003940670824557516, -0.0027199350366413715, 0.004530446980760176, -0.0018181306196256744, -0.00016105292869309033, -0.0008290789335107143, 0.0012141255766658157, -0.00010020270244603992, 0.0003115235032143202, -0.0004123239856012556, 0.0008122338867525626, 0.0, -0.0022992636428953712, 0.0033342166927703616, -0.0007871788238427595, -0.00036373056833262433, 0.0016140446571796575, -0.0022060845130815175, 0.0, 0.00046792303052680116, -0.0011662873046942095, 0.0006534679976722246, -5.565073054607424e-05, 0.0, -6.341866887032895e-05, -5.901022497309203e-05, 0.0, 0.0, 0.0005073591147695196, -1.0579855645195916e-05, 0.0, 0.0, 0.000754762344716217, -0.00048312267656306203, -3.786315283361496e-05, -0.00018512565321843576, 0.00010475730531176267, -0.0003737661715238719, -1.933193767840286e-05, 0.00024902121061677477, -0.0003791782301745508, 0.0, -0.0005317334920531386, 0.0012071749301548686, -0.0006115190996300602], [19.95197944735212, 70.43529009809406, 12.707333188882629, -103.78356717046377, 33.57542300398691, -15.356876616013755, 6.803670321898535, -2.8840744205636906, 0.0, 0.06603155824009237, -0.18892389547215752, 0.08679819722138539, -0.02703379598696844, -0.01836403331701459, 0.0, -0.0013827090112228763, 0.0014235732032950438, 0.0, 0.2096718423356471, -0.09878343240848105, 0.06542871984525232, -0.004288793167959289, 0.0, 0.017442409563179856, -0.16642491960075073, 0.08351730881873239, 0.0, -0.0018614181674923914, -0.02535201532139573, -0.0007348277787241979, 0.004533742082127924, 0.0, -0.020933952576862085, 0.04657793783414385, -0.011786194178536278, 0.0, -0.015780922939367028, -0.018802543604205746, 0.0, 0.0, 0.029575846878429873, 0.007300040552061114, 0.0, -0.028460493148471395, 0.009872237786345916, -0.00027331193166505553, 0.001913207272240713, -0.0026090187797215897, 0.0018595005368773068, -0.0003090179643323417, -0.0003365713780523947, 4.7779750333354576e-05, 0.00011329027660421763, -0.0017742562368390457, 0.0018005977725036144, -0.0009515125557342416, -0.0005276627175132295, 0.0007686224357358767, 1.764951087930856e-05, -0.00018434951665115214, 0.002537175395121735, -0.004892605006069519, 0.001293541490943872, 0.0008114894459648859, -0.0006183602946599286, 0.00010727311634228024, 0.0026779223824834135, -0.0017852293491194414, -0.00046048270704214517, 0.0002704617531232177, -0.00014254174120227817, 0.0005947117870120403, -0.000447295029321717, 0.0001578866543553775, 0.00030737365940645105, 0.0003628724298771323, -0.0004973002936955246, -0.0002165427811579034, 0.00040552633475868103, -0.00014528903657428358, -1.641936912619745e-05, 0.0, 0.001583339433636719, -0.00024716489124177154, -0.00029454272329868273, -1.5906848987962028e-05, -8.154338143759245e-05, 3.6113137882902495e-05, -0.004636512078621638, 0.0061658180647974166, -0.000990977349429403, -0.0006592557981807075, 0.0004168432656724312, -3.378125988773127e-05, -0.003472661912036838, 0.0023804949200715415, 0.0, 0.0, 0.0001392936574957149, -0.0004185789226709971, -8.400737841756712e-05, 0.00011740648461602989, -0.0001764353845408357, 0.0, -0.00010296525213167387, 1.570288521873672e-05, 0.0, 0.0, 0.0, 0.0020018394444727195, -0.0038027508684486786, 0.00021465991101842361, 0.0003502564010834672, 0.00010638751379320424, -7.4199567190853575e-06, 0.0029628515516120744, -3.62522805735739e-05, -0.0003978260821047272, -0.0006643090650062878, -2.283735619078871e-05, -0.0003430820957336355, -0.00019874895531160635, 0.0003035749006664404, 0.0003749948758548437, 0.0007315727369850216, -0.0007405356252447703, -0.0001625580437295089, -0.00022224963816517242, 0.0006862170248212126, -0.0003460112361216974, -0.0006360735677009471, -0.000686227754755661, 0.0007668366741900689, 0.00014386908685823726, -0.0001289314187584033, 0.0008964198980040666, -0.0010531993121364448, -0.00015908188728480785, 0.0, -0.00034101708945535257, 0.000845105662440697, 7.985196836825684e-05, 0.00019801798334211502, -0.0005948656761715371, 0.00026756172997338554, 0.0, 0.0, 0.0003292361447802297, -0.0003684294464573505, 0.00019035773366150947, -8.163877778400695e-05, 0.00018045268448450748, -0.0002875815666647858, 0.0, 4.2789528169865225e-05, -0.00011466085142759639, 0.0, 0.0, 0.0, 0.0, 0.0001717532253900437, 0.0002133480935940874, -0.00026830587852389565, -2.9940082900412946e-05, 4.1409231182229945e-05], [-5.129231168775467, -19.085811247667312, 95.01313949589219, 1.4558121749433648, -101.21274964507982, 32.966536867069415, -14.629531824591268, 5.993155506756619, -1.1453528356314586, -0.05594520984374634, 0.16087679513647438, -0.07115048108350769, 0.0, 0.0273184467292944, 0.004581398267196388, 0.0, -0.0038432196158040255, -0.028861939366888953, -0.1140429456268474, 0.0806664946097538, -0.043627628579674047, -0.020602076002705166, -0.0032304061971781717, 0.0, 0.07331586997284953, 0.020285709962850146, -0.0451030453554973, 0.036504856663241145, 0.014486281931697906, 0.0, -0.018969702783168875, -0.05336237944382971, 0.03606753995208891, -0.02251106721013591, -0.011670125162257105, 0.04256097993627521, 0.026002007212044313, -0.0374083960352225, 0.03294459153388124, -0.03852132087571861, 0.022664075838959245, -0.0203159220931426, 0.0, 0.0197304236565641, -0.0084823298571222, 0.00026985590225926415, -0.001713882947878352, 0.0021325041034511772, -0.0013371781376420417, 0.00010062095944104194, 0.0003471975442500709, -3.793514502900554e-05, -8.74002653492404e-05, 0.0020708768489344906, -0.00279153409628042, 0.0011831612611981558, 0.0005532972659371897, -0.0011704408424689449, 0.0005498473413251165, 0.0, -0.0009499858113036826, 0.0022808405184126346, -0.000316545323186392, -0.00033365909403396604, -5.397098111415598e-06, -0.00010386482323578917, -0.001184636594781171, 0.0, 0.001282217716008178, -0.001063783305641504, 0.0008331204943622443, 7.782402825500705e-05, -0.0009397135240610665, 0.001008729491652657, -0.0008256290977376716, 0.0005883198615552024, -0.0005954966417879589, 0.00016907723691969462, -0.00013470336699824228, 0.0003560715370727465, -0.00012507413362759562, -0.0007395645169074605, 0.0011713896915495486, -0.0011837076620611288, 0.00040949724450090047, 0.0007921192348101704, -0.0006563862908831244, -3.2895717206946484e-05, 0.0009604036410486098, -0.0015546648347918904, 1.7233102493747816e-05, -0.0010245466123552428, 0.0010299134968398227, 0.0002225381513364608, 0.002036204155821239, -0.0017354784691080277, -5.694868214587292e-05, 0.000606605759233639, -0.0009515624758028331, 0.0006313203723438659, 0.000808839200518506, -0.0013104510718457342, 0.0007997675138645457, -0.0007840540691843025, 0.0009502753220441147, 0.00011586462348437828, -0.00014291628023885587, -0.0004050194581095345, 0.00023630871534399865, -0.0007416671380544821, 0.0016375576556632142, 0.00026713676277865915, 0.00022281257132515683, -0.0006356897282466224, 0.0, -0.002513010500814386, 0.0016888476888897133, -0.000491145934097223, 0.0010929112349657817, -0.00031397317241600394, -0.001368285181118385, 0.0010617505956454787, -0.0007015906820762716, 0.00039565330586424055, -0.0003606537411298734, 0.0005137775772822387, -0.00045945596487432497, 9.993054094246686e-05, 0.0, 0.0, 0.0012334402125593587, -0.001987701568779237, -0.00011250741481200287, -0.00044698411083712316, 0.0005580361784625675, 0.0020648564006499784, -0.00027160499427674665, 0.0012495248561751144, -0.0013080540403302417, 0.00028710196274842493, -0.001531874505836686, 0.0009764119439293625, 0.0005566034750846499, -0.0005822164013301186, 9.114834903551795e-05, -0.0007991525846170054, 0.00034576105491741343, -0.0005792955045025384, 0.0006342872660174933, 3.9437695057971065e-08, 0.0003803188403968489, -0.0006220222080198974, -0.0003394749069700982, 0.00082870234605329, -0.00029164591876589614, 0.0, 0.0, -1.2193660688100297e-05, 0.00011199070488967978, 0.0, 0.0, -7.930207210105441e-05, 0.0, 0.0, -4.808403136447205e-06], [0.0, 8.513556471605845, -30.164911115857546, 100.22942804680241, 0.0, -100.70658460763909, 32.41496354300805, -13.5976964712115, 3.7140663620255716, 0.03566668577711864, -0.10126740752619172, 0.05935170107169885, -0.015144850712168081, -0.01595054221320282, -0.0016044125536318374, 0.0, 0.0, 0.011925022114770943, 0.06643040836986244, -0.03834359771092114, 0.021146826284537946, 0.02601553106248046, -0.004688630429041124, 0.007295869876632708, -0.022096114438866984, -0.07573529800028345, 0.06223119788344875, -0.041935318004652486, -0.011164739290120714, -0.006255091812827798, 0.02820596987730547, 0.05922135955903185, -0.04486676219354428, 0.032494855128394694, 0.014307557462083738, -0.03681507643878655, -0.04564976231061281, 0.03777010573403538, -0.034694962651519015, 0.039817018559562475, 0.016961782629565634, 0.0, -0.031031309364043823, 0.0, 0.008713822601799927, -0.0002361777872728652, 0.001301822103936152, -0.0015066502993928965, 0.0009546725473748707, 8.405424473345016e-07, -0.0003584851244133672, 0.0001718712367395684, 0.0, -0.001639260592160251, 0.002653121145982184, -0.0015489819391181416, -0.00012302802270420298, 0.000915218881374411, -0.0007419483943548282, -7.218071605023834e-05, 8.02553981104623e-05, -0.000356619410872938, -0.0004959976849429079, 3.9855512752554165e-05, 0.0007220095041737087, -5.830769682973654e-05, 0.0, 0.000876651465742048, -0.0007141220413205679, 0.0, -0.0002868706980735876, -6.157609085624381e-05, 0.00021213725915193853, -1.797771208148384e-05, 0.0002719692518819825, -0.00019246590088365257, -0.0002608298974804804, 0.00040884819925502227, 0.00037191786733655575, -0.0005609918797923854, 0.00012196276512786521, 0.0007900333160399573, -0.002292124910561721, 0.0021772760930885357, -0.0009689567397363825, -0.0005587627067074297, 0.0008472488591445437, 0.00018306668264628034, 0.0012326588809045554, -0.0019449248236845039, 0.0016683007095368294, 0.0010770620880347272, -0.0023095128280292625, 0.00020175959676905052, -0.00041650680707392963, 0.0006618261820107862, -0.00048787612338064445, 0.0009689501404362752, 0.0, -0.000922122818176523, 0.00045175627861736013, 0.0, -0.00019962303620168275, -4.29506737023123e-06, 9.502236446846303e-05, -0.0005496026459499857, 9.034171193919099e-05, 0.0002507841710385838, -7.887504737015269e-05, -0.0002949474690085379, 0.0009023204899714346, -0.0017191409952006377, 6.917009681529722e-05, 0.0014634764569611013, -0.0005985853272137303, 0.0003857464704001379, 0.0, 0.00022029448378662987, -0.0022735334621768275, 0.0013619849664861586, 0.0017406399171509472, -0.002248139113379703, 0.0012655269471901086, -0.0005155451331564817, 0.0010743892922253483, -0.0005397681196825667, 0.00015295715655046398, -0.000491861039182226, 0.0005947512049422014, -0.00021049015797269317, -0.0005517224513224753, 0.001059133919832429, 0.0006795103862466544, 0.00035057256312883225, -0.0006799992695443271, -0.002203983360526237, 0.0010815731212802384, -0.0006761261086538001, 0.0006379270748214658, -0.0012629959789435315, 0.0013270149682350176, -0.000224585338982503, -0.0001903938665886649, -0.00020518755658380879, 0.000221245331984336, 0.0011207608668436296, -0.00151133386518824, -6.901035462829487e-05, 0.00019299782476329375, 0.001764829668502193, -0.0002222085179258858, -0.0005912980559903717, 6.30185700029499e-06, 0.00017193485095430702, -0.00013317444372257445, -0.0008354002654538572, 0.0005764563594196037, 0.00047374524222680337, -0.0001266975499259489, -0.001115334483910808, 0.00048741187089429574, 0.0, 0.0005918392657799514, -0.00039787722114730054, 5.3154063592710904e-05], [-4.099721167156051, -3.799631474694081, 13.71257960362659, -32.41888186604475, 100.68109795346902, 0.0, -100.45321966552382, 30.554387805775836, -8.678370391416038, -0.018459813781695335, 0.05553134358405709, -0.03661008021293717, -0.006573511717600591, 0.039228940164967606, -0.030168672032862925, 0.02583288112009636, -0.008456967287081379, 0.0, -0.05990327420475398, 0.06955438774011707, -0.05720124551895653, 0.008227588400467757, -0.018094030860215073, 0.0, 0.028992914807233757, 0.0, -0.007149564040107887, 0.016927485841850318, 0.020870244793042288, 0.0036681963525722096, 0.022622203108652587, -0.11210193033974199, 0.06481928391185292, -0.04137768483710547, -0.013793028192432713, 0.04025631884713883, 0.05944838895383821, -0.04936345153363903, 0.041443308962687615, -0.039850603423819214, -0.03978704922801756, 0.00715433627523711, 0.04522577876635187, 0.004867206600729981, -0.015955955591970727, 0.0001394689871041949, -0.000636544990524567, 0.0005620373343848492, -0.00025050294022088736, -0.00018665943590665568, 0.000181232344361991, -1.870566396456105e-05, -5.842210919462621e-05, 0.0007918392346929426, -0.0010266368479421968, 0.00023937835388422195, 0.0003760645519294309, -0.0005021015699441246, 0.000739523200359837, 0.0, -0.0004721480216714691, 0.0011621350393319868, 0.00010047382724143906, 0.000317936102251425, -0.0015194001158687178, 0.0006592854045185553, -0.0004536750109684601, -0.00025758066873315575, 0.0002577955195006458, 0.0007883101940920934, -0.0004698532739936649, 0.0, -0.00048262762369879634, 3.9210795701961886e-05, 7.165738094560275e-05, 0.0004781317013804089, -0.00017587064562969436, -0.0003712441185082997, 4.110412035063894e-05, 0.0, 9.522392897425897e-05, -0.0005181284805862747, 0.001614055848228915, -0.001288705362430959, 0.0008037063799860651, 0.00023997750769930192, -0.0010110167905921512, 0.0, -0.0011626796852020583, 0.0017475230044775771, -0.0024542736774678876, -0.0002990728174461042, 0.0029638897800996072, -0.0011005519937943656, 0.00012930625934933594, 0.0006472709533145323, -0.000805537112641019, -0.0011741271060995582, 0.0010119806898027793, -2.7964529952883076e-05, 0.001345977921089378, -0.0009066505958519976, 0.0, -0.0006505747454845109, 0.0010037980304726031, 0.0002016450414109537, -0.0007962784692111189, 0.0006080231975324369, -0.00022306882275997743, 0.0007308910598466284, -0.002498165675561144, 0.0033084481781863032, -0.0010904354824580935, -0.001606981739864268, 0.001139757768983904, 0.0017376426429190326, -0.0038274506764765536, 0.002468077276037724, 0.0017760085663595577, -0.0021622192190900525, -8.462560841422919e-05, 8.231406312770838e-05, 0.0, 0.0005226906657090456, -0.0005688569649135046, -0.00023088365447908774, 0.0, 0.0005252090266732301, -0.0005427656704691457, 0.00016820427074078846, -0.0003680488875077523, 0.001267802475597312, -0.0020089269092992065, -8.154573359838953e-05, 0.0009632389295031489, 0.00054241151220359, 0.0, 0.0004354263603853891, -0.0010205512045551389, 0.001684000501714418, -0.002480961253458304, 0.0009169987003867024, 0.001174393439769642, -0.000598032967613476, -3.568774208376925e-05, -0.0007459898005580228, 0.0013562862056138323, 5.4231785450943384e-05, 0.0, -0.002452270591304849, 0.00211825710500528, -0.000352359186995525, -0.001626320887916057, 0.001256106715435725, -0.00025577954042237523, 0.0013134574133974101, -0.0023316290735960884, 0.00010460157592802733, 0.0025755346594113528, -0.0008975629312071579, 0.00017563748227084793, -0.0010349322610591811, 0.0008526744289633384, -0.0005484045887837059, 0.00017249240604128648], [4.8311432542380786, 1.2508361782166766, -6.113224342372016, 14.538992211069589, -32.60733504237293, 100.41151073062532, 0.0, -96.42090966977318, 19.59563273093247, 0.0036315645806084024, -0.013679017643265685, 0.020105092844820295, 0.010718479549065633, -0.04413494157461471, 0.04020974989307586, -0.030352688986398663, 0.010027683788495858, -0.013064986496488544, 0.029557228831470047, -0.03535865597290564, 0.03859742914845303, -0.004990737577184493, 0.012691964147476305, 0.0, 0.0, -0.03575809400823023, 0.03298588388207217, -0.025995530789497765, -0.01896616867602368, 0.0018270637133189862, -0.008149723802149386, 0.0738940239091304, -0.05484056491676392, 0.047206525984252685, 0.008310452282961199, -0.021696878791486362, -0.06867171269881056, 0.05357738357232268, -0.041622225454705314, 0.028925488561009814, 0.07498363462297025, -0.020593333469949644, -0.0584487023387903, -0.018791404907359085, 0.028191114560445863, -2.913994134834438e-05, 2.4699326980087468e-05, 2.9857081288068896e-05, 3.063497901623853e-05, 0.00013439676799400244, -6.084441143854425e-05, -7.308567591913689e-05, 0.0001274053225382794, 0.0, 0.0003491237900654983, -0.0006880067978717806, 0.00046433653184937024, 0.0, -0.0006791939907174066, -4.960056974351684e-05, 0.0, 0.0006243777255541132, -0.0014015799484813284, -0.00012930765899771648, 0.0019826408358046476, -0.0010481294730352241, -0.0005544655274674369, 0.0013695441493122731, -8.63539264438215e-05, -0.0013967734696713294, 0.0007543907826617904, -0.0004280206605703487, 0.0006660167295042552, -4.217232818614345e-05, 9.928321074181887e-06, -0.0005853771034685353, 0.00019784884938693512, 0.0004126366889765028, -7.681509479310985e-06, 0.0, -9.19629980405475e-05, 0.00019547803461795538, -0.0013684174819834829, 0.0016372221911741074, -0.0011764886847245664, -0.0002806918297478106, 0.0013587389465741857, -0.0002180490802839118, 0.001683183976805473, -0.003769103805603773, 0.0035215222497533127, 0.0008018853854593217, -0.004230022945651685, 0.0020750259585499598, 0.0013482912650730201, -0.0023007833164380414, 0.0005491682450085463, 0.002253299506725315, -0.0016127667332422426, 0.000858027531569614, -0.0017168131499033538, 0.0007440851300813858, -0.0001383737800808666, 0.0006020122049231171, -0.00048693013018556296, -0.0003617458715901349, 0.0002067845497471162, 0.0, 1.7414134714174094e-05, -0.0009525543735663564, 0.00333815900355174, -0.003125701585624311, 0.0002915503384064855, 0.0024375021140490157, -0.0016802983607328234, -0.002950317784434302, 0.004840068781468904, -0.0022920492797412024, -0.0021887934261331935, 0.0023462796205532465, -0.0009377961687498973, 0.001324938580904195, -0.0010294990239045714, 7.224498515296586e-05, -4.5274975235302156e-05, 0.0006086380353334071, -0.00014110583236513885, 8.614766726757235e-05, -0.000262524876614786, 0.0001703948888941505, 0.0009705475342119194, -0.0026647488858269827, 0.0026243073269760875, -0.0005382973935850229, -0.0004300686236646265, 0.0012565442672652991, -0.0026561184527644365, 0.0024191945375879923, -0.000795279775070555, -0.0005319127835357533, 0.0007120529966440058, 0.00022267929227108173, -0.0010808149779541177, 0.0004352908404129571, -8.430678717892731e-05, -1.8843172373679355e-05, 0.0004691759821986931, -0.001988751034366922, 0.0012340115591293495, 0.0011974551340412762, 0.0, -0.0013356826428579558, 0.001399875749722583, -0.0009793312151699656, 0.0004865344806747889, -0.0011718714124710132, 0.0020820448522700804, 0.0006418274949454592, -0.0030762612175151394, 0.0008905344735422926, -0.0005425153003579949, 0.0014545862146471055, -0.0013598433057850643, 0.001129261361385838, -0.00034600502150917555], [-12.032603859260119, 0.0, 2.7810438878164447, -6.55930526835378, 15.299057372384766, -33.54886397381258, 102.86108117231181, -11.384674681979979, -70.90001877250265, 0.0, -0.012986551664778138, 0.0, 0.0, 0.01735647311018647, -0.00929019778771258, 0.0, 0.002467919634774467, 0.04082327458213319, -0.069970585451904, 0.027292307733455378, -0.007126736378676825, -0.018791946787202047, 0.0, 0.0, 0.03615974654538515, -0.01688335034797733, -0.01973244491967123, 0.004608907149480482, 0.05635019666926895, -0.03187670240495359, 0.029419096504070034, -0.06713372213165748, 0.06876874321919464, -0.07985369131624509, 0.01140317028296427, 0.01639993815195102, 0.055993183861309775, -0.05407476059035863, 0.03869912576930585, -0.011526008517568447, -0.1118985450296415, 0.034409751829455576, 0.06425632935730259, 0.055227441264293825, -0.04894660281961133, -2.415943559970876e-05, 0.00011466630127339161, -0.0001499981366744988, 0.0, -0.00013010603295504058, 0.0001251345695810261, 0.0, -0.00013094556027423615, -0.0001921447769907767, 0.0001144289590238842, 9.518925878309884e-05, 0.00022589325923303742, -0.0008614006053708305, 0.0013193933387062136, 5.512936263154927e-05, -5.4076868401743576e-05, -0.00012914880872243303, 0.00017823197772694983, 0.0015617099571772716, -0.002985075531702654, 0.0013816755042361326, 0.000488569927971605, -0.000796322765930404, -0.0013707493690788208, 0.00254053150017672, -0.0009961481846040077, 0.0004759934332092308, -0.00022890983808610866, -0.0005159560162798744, 0.00018651042283602463, 0.0008848336280686147, -0.00026826527170266623, -0.0008531522287951775, 0.0, 0.00027129503196051736, -3.3149377228076377e-07, 0.00012660229332912633, -9.132804891500176e-05, 0.0, -1.4428923548048114e-05, 0.0009733882382982163, -0.0015225777285185775, -6.297083622608751e-05, 0.0, 0.0, -0.0002644151467377454, -0.00214538360013335, 0.003830014095935177, -0.0012884888436706509, 2.8177834896411312e-05, -0.00015018166861614025, 0.0017265861027483198, -0.0033128929178145167, 0.0015296031128269494, 0.0, -0.0008186805127756345, 0.0015116778358853578, -0.0006921975377246068, 0.0002732578571852989, -0.0007750098234807925, 0.0010880703705796128, -0.00011787818871302702, -7.821506481736554e-05, 1.002110218090771e-05, 0.00033003883306656327, -0.0011781056282057667, 0.001027414315863369, -0.0002669838437234913, -0.0007657875277233537, 0.0003465030970983333, 0.0014020785569618063, -0.0020517420214886356, 0.0017421380601236188, 0.0, -0.0003372552717772233, -0.0001201669616747645, 0.000768703703724487, 0.0, 0.00018444410757234553, -0.0010626293100054508, 0.0007824642667535748, -0.00028907700628780453, -0.00021479628227838665, 9.346522968732892e-05, -0.00019078625694091968, -0.0008338722546017586, 0.0025278702565599337, -0.003000800111631968, 0.002146544998123981, -0.0008713818281490555, -0.0017325660073682532, 0.0037056390827763337, -0.004441364057091789, 0.002031730365336745, -3.468119093443222e-05, 0.0005781284345225945, -0.001027360971025083, 0.0002343383898280351, 0.0007636548244906459, -0.00018224835127739723, 0.0006451721660858227, -0.0023992991057823596, 0.0037592379968667982, -0.002215542369155493, 0.0009862772572755366, -0.004102864831696398, 0.0038394381365669727, 0.0007471190941191753, -0.0013150471715049304, 0.0, 0.00030926641450819653, 0.000357520426267202, -0.0025147466835744596, 0.0009997867139290317, 0.001968699820217649, 1.8214787713354484e-05, -0.0010169317384154202, 0.000412934035960102, -0.0008941512605055302, 0.00035675473887182075], [58.66743569799257, -6.033755077935044, 2.0262260301641652, 1.1999499882608176, -8.596949792196535, 17.761224800739573, -39.93235434186934, 141.7354687400978, -102.5007190801384, -0.008989816249637439, 0.0, 0.043654814103571415, 0.014430789249859736, -0.053720120427722666, -0.004249175101426354, 0.021370999088820126, -0.0071864096568345715, -0.04992645781972001, 0.08660044185674166, -0.04523369724706895, 0.02932604978904137, 0.05104359946427227, -0.039302483447961445, 0.029452724604346385, -0.0982355572867024, 0.11593266894835043, -0.01930364893444336, 0.004077180962098333, -0.07970952942444148, 0.054218284668914644, -0.09305636835945585, 0.12664666946421121, -0.11875053886878535, 0.13318125144949572, -0.03735309666085686, -0.06544935004177682, -0.02662567297833228, 0.1043476732516979, -0.0239731011708632, 0.002076457395946533, 0.20345015530938462, -0.09364693055030854, -0.07816322034127382, -0.17574077029253307, 0.09945516193338007, 0.0005151388013160189, -0.001787308389061072, 0.0009953599910825092, 0.00010566192976588278, -0.00011814474080976184, -0.0007356749840116327, 0.0010748571755376391, -0.00015447284231434038, 0.002213863213746899, -0.0015551895129939503, -0.0011242998500366026, 0.0, 0.003684113993351498, -0.005169060140514664, 0.0004173827161457095, 1.2707203211350949e-05, 0.0014088331722456858, -0.0001846678655325894, -0.004297342969118067, 0.007119945090111551, -0.00345848139855317, -0.0009112766087089458, 0.0012435586815534021, 0.002845071947645652, -0.004369505242957032, 0.0011997183017847617, -0.0008504423419782571, 0.00038306024823873795, 6.3138722963748325e-06, -0.00010805660990855283, -0.0013110536930026077, -0.0005975748976235464, 0.0032140289159909912, 0.0015578770931722718, -0.0031750796306499692, 0.0013991180980747052, -0.0011608341293707504, 0.0017873670218810753, 0.00043061981679795916, 0.0, -0.0028394810784431405, 0.003112358173389016, 0.0011549085686619394, -0.0011585597584043874, 0.0, -0.0005931074801173834, 0.004715223789826694, -0.00564836866054917, -0.00022441456745701975, 0.0, 0.0001464010764750226, -0.003411539635855505, 0.0049610140266411985, -0.0005935467183146176, 0.0008617140471176919, 1.4906021353872686e-05, 0.0, -0.00030829909556940173, 0.0, 0.0013923269386464869, -0.0028867750530435837, -0.002366946909001073, 0.004034264198607291, -0.0018984443148433619, 6.339491108827086e-05, 0.0, 0.0013887098994366577, -0.0011163856309672952, -0.0003359491034559709, 0.0022735129953446536, 4.311100153206297e-05, -0.002190916957395266, 0.001020759525263601, 0.0022493930376832907, -0.003976743402433247, 0.0010827290499776457, -0.00012124080176572633, -0.004422169619512595, 0.002288215137350707, 0.0, 0.0011810993092854518, 0.0, 0.001453508962014993, -0.0022822866004066867, 0.0016089166465670225, 0.00014671942480537506, 0.00038529854194476924, 0.0011888660930840856, -0.004307438389860463, 0.0036813221875941983, -0.0011948520583827183, -0.001965533879357768, 0.00994368509415324, -0.00610532898894929, 0.00030908615769630163, -0.003944704759650161, 0.003023566854116492, 0.0006816105536681282, -0.00178799548465717, 0.00011666799769382193, 0.0005899578049328976, 0.0, -0.005081718616766639, 0.0043884381162445025, 0.001127271375787105, 0.006306380858747474, -0.007804416042249219, -0.0025845898933972915, 0.003447088853053183, -0.00015974400814969765, -0.0012844396399156572, -0.0001855758599583253, 0.005409289165506968, -0.0006477394071294229, -0.006295164165020739, 0.000323356314992564, 0.0008647339407927727, 0.0020589155953446344, -0.00021558240765546212, -3.2082723663172953e-05]]",(x0)' = -97.615 1 +  102.901 x0 + -145.153 x1 +  43.088 x2 + -17.949 x3 +  8.955 x4 + -1.842 x5 + -2.404 x6 +  6.610 x7 + -0.110 x0^2 +  0.450 x0 x1 + -0.314 x0 x2 +  0.158 x0 x3 + -0.002 x0 x4 + -0.016 x0 x5 +  0.040 x0 x6 + -0.034 x0 x7 + -0.100 x1^2 + -0.167 x1 x2 + -0.033 x1 x3 + -0.033 x1 x4 +  0.028 x1 x5 + -0.049 x1 x6 + -0.013 x1 x7 +  0.326 x2^2 + -0.260 x2 x3 +  0.031 x2 x4 + -0.029 x2 x5 +  0.052 x2 x6 +  0.142 x3^2 + -0.192 x3 x4 +  0.116 x3 x5 + -0.050 x3 x6 +  0.121 x4^2 + -0.078 x4 x5 +  0.029 x4 x7 +  0.004 x5^2 + -0.024 x5 x6 + -0.016 x5 x7 +  0.007 x6^2 +  0.013 x6 x7 +  0.005 x7^2 + -0.001 x0^2 x1 +  0.003 x0^2 x2 + -0.003 x0^2 x3 + -0.001 x0^2 x7 +  0.001 x0 x1^2 +  0.001 x0 x1 x2 +  0.001 x0 x1 x5 + -0.003 x0 x1 x6 +  0.001 x0 x1 x7 + -0.008 x0 x2^2 +  0.013 x0 x2 x3 + -0.004 x0 x2 x4 + -0.004 x0 x2 x5 +  0.005 x0 x2 x6 + -0.002 x0 x2 x7 + -0.009 x0 x3^2 +  0.011 x0 x3 x4 + -0.002 x0 x3 x5 + -0.003 x0 x3 x6 +  0.001 x0 x3 x7 + -0.005 x0 x4^2 +  0.005 x0 x4 x5 + -0.001 x0 x4 x7 + -0.002 x0 x5^2 +  0.001 x0 x5 x6 +  0.002 x0 x5 x7 + -0.001 x0 x6 x7 + -0.005 x1^2 x2 +  0.002 x1^2 x3 +  0.002 x1^2 x4 + -0.004 x1^2 x5 +  0.006 x1^2 x6 + -0.002 x1^2 x7 +  0.012 x1 x2^2 + -0.017 x1 x2 x3 +  0.004 x1 x2 x4 +  0.008 x1 x2 x5 + -0.015 x1 x2 x6 +  0.006 x1 x2 x7 +  0.009 x1 x3^2 + -0.010 x1 x3 x4 + -0.001 x1 x3 x5 +  0.008 x1 x3 x6 + -0.004 x1 x3 x7 +  0.003 x1 x4^2 + -0.001 x1 x4 x5 + -0.004 x1 x4 x6 +  0.002 x1 x4 x7 +  0.003 x1 x5 x6 + -0.003 x1 x5 x7 + -0.001 x1 x6^2 +  0.001 x1 x6 x7 +  0.001 x1 x7^2 + -0.004 x2^3 +  0.009 x2^2 x3 + -0.003 x2^2 x4 + -0.003 x2^2 x5 +  0.008 x2^2 x6 + -0.004 x2^2 x7 + -0.005 x2 x3^2 +  0.003 x2 x3 x4 +  0.004 x2 x3 x5 + -0.010 x2 x3 x6 +  0.004 x2 x3 x7 + -0.003 x2 x4 x5 +  0.005 x2 x4 x6 + -0.002 x2 x4 x7 + -0.001 x2 x5 x6 +  0.001 x2 x5 x7 +  0.001 x3^3 + -0.002 x3^2 x5 +  0.003 x3^2 x6 + -0.001 x3^2 x7 +  0.002 x3 x4 x5 + -0.002 x3 x4 x6 + -0.001 x3 x5 x6 +  0.001 x3 x5 x7 +  0.001 x4^2 x7 +  0.001 x4 x6^2 + -0.001 x6^2 x7 +  0.001 x6 x7^2 + -0.001 x7^3 | (x1)' =  19.952 1 +  70.435 x0 +  12.707 x1 + -103.784 x2 +  33.575 x3 + -15.357 x4 +  6.804 x5 + -2.884 x6 +  0.066 x0^2 + -0.189 x0 x1 +  0.087 x0 x2 + -0.027 x0 x3 + -0.018 x0 x4 + -0.001 x0 x6 +  0.001 x0 x7 +  0.210 x1 x2 + -0.099 x1 x3 +  0.065 x1 x4 + -0.004 x1 x5 +  0.017 x1 x7 + -0.166 x2^2 +  0.084 x2 x3 + -0.002 x2 x5 + -0.025 x2 x6 + -0.001 x2 x7 +  0.005 x3^2 + -0.021 x3 x5 +  0.047 x3 x6 + -0.012 x3 x7 + -0.016 x4 x5 + -0.019 x4 x6 +  0.030 x5 x6 +  0.007 x5 x7 + -0.028 x6 x7 +  0.010 x7^2 +  0.002 x0^2 x1 + -0.003 x0^2 x2 +  0.002 x0^2 x3 + -0.002 x0 x1^2 +  0.002 x0 x1 x2 + -0.001 x0 x1 x3 + -0.001 x0 x1 x4 +  0.001 x0 x1 x5 +  0.003 x0 x2^2 + -0.005 x0 x2 x3 +  0.001 x0 x2 x4 +  0.001 x0 x2 x5 + -0.001 x0 x2 x6 +  0.003 x0 x3^2 + -0.002 x0 x3 x4 +  0.001 x0 x4^2 +  0.002 x1^2 x2 + -0.005 x1 x2^2 +  0.006 x1 x2 x3 + -0.001 x1 x2 x4 + -0.001 x1 x2 x5 + -0.003 x1 x3^2 +  0.002 x1 x3 x4 +  0.002 x2^3 + -0.004 x2^2 x3 +  0.003 x2 x3^2 + -0.001 x2 x3 x6 +  0.001 x2 x5^2 + -0.001 x2 x5 x6 +  0.001 x2 x6 x7 + -0.001 x3^3 + -0.001 x3^2 x4 +  0.001 x3^2 x5 +  0.001 x3 x4^2 + -0.001 x3 x4 x5 +  0.001 x3 x5 x6 + -0.001 x3 x6 x7 | (x2)' = -5.129 1 + -19.086 x0 +  95.013 x1 +  1.456 x2 + -101.213 x3 +  32.967 x4 + -14.630 x5 +  5.993 x6 + -1.145 x7 + -0.056 x0^2 +  0.161 x0 x1 + -0.071 x0 x2 +  0.027 x0 x4 +  0.005 x0 x5 + -0.004 x0 x7 + -0.029 x1^2 + -0.114 x1 x2 +  0.081 x1 x3 + -0.044 x1 x4 + -0.021 x1 x5 + -0.003 x1 x6 +  0.073 x2^2 +  0.020 x2 x3 + -0.045 x2 x4 +  0.037 x2 x5 +  0.014 x2 x6 + -0.019 x3^2 + -0.053 x3 x4 +  0.036 x3 x5 + -0.023 x3 x6 + -0.012 x3 x7 +  0.043 x4^2 +  0.026 x4 x5 + -0.037 x4 x6 +  0.033 x4 x7 + -0.039 x5^2 +  0.023 x5 x6 + -0.020 x5 x7 +  0.020 x6 x7 + -0.008 x7^2 + -0.002 x0^2 x1 +  0.002 x0^2 x2 + -0.001 x0^2 x3 +  0.002 x0 x1^2 + -0.003 x0 x1 x2 +  0.001 x0 x1 x3 +  0.001 x0 x1 x4 + -0.001 x0 x1 x5 +  0.001 x0 x1 x6 + -0.001 x0 x2^2 +  0.002 x0 x2 x3 + -0.001 x0 x3^2 +  0.001 x0 x3 x5 + -0.001 x0 x3 x6 +  0.001 x0 x3 x7 + -0.001 x0 x4 x5 +  0.001 x0 x4 x6 + -0.001 x0 x4 x7 +  0.001 x0 x5^2 + -0.001 x0 x5 x6 + -0.001 x1^3 +  0.001 x1^2 x2 + -0.001 x1^2 x3 +  0.001 x1^2 x5 + -0.001 x1^2 x6 +  0.001 x1 x2^2 + -0.002 x1 x2 x3 + -0.001 x1 x2 x5 +  0.001 x1 x2 x6 +  0.002 x1 x3^2 + -0.002 x1 x3 x4 +  0.001 x1 x3 x6 + -0.001 x1 x3 x7 +  0.001 x1 x4^2 +  0.001 x1 x4 x5 + -0.001 x1 x4 x6 +  0.001 x1 x4 x7 + -0.001 x1 x5^2 +  0.001 x1 x5 x6 + -0.001 x2^3 +  0.002 x2^2 x3 + -0.001 x2^2 x6 + -0.003 x2 x3^2 +  0.002 x2 x3 x4 +  0.001 x2 x3 x6 + -0.001 x2 x4^2 +  0.001 x2 x4 x5 + -0.001 x2 x4 x6 +  0.001 x2 x5 x6 +  0.001 x3^3 + -0.002 x3^2 x4 +  0.001 x3^2 x7 +  0.002 x3 x4^2 +  0.001 x3 x4 x6 + -0.001 x3 x4 x7 + -0.002 x3 x5 x6 +  0.001 x3 x5 x7 +  0.001 x3 x6^2 + -0.001 x3 x6 x7 + -0.001 x4^3 + -0.001 x4^2 x6 +  0.001 x4^2 x7 + -0.001 x4 x5 x7 +  0.001 x4 x6 x7 | (x3)' =  8.514 x0 + -30.165 x1 +  100.229 x2 + -100.707 x4 +  32.415 x5 + -13.598 x6 +  3.714 x7 +  0.036 x0^2 + -0.101 x0 x1 +  0.059 x0 x2 + -0.015 x0 x3 + -0.016 x0 x4 + -0.002 x0 x5 +  0.012 x1^2 +  0.066 x1 x2 + -0.038 x1 x3 +  0.021 x1 x4 +  0.026 x1 x5 + -0.005 x1 x6 +  0.007 x1 x7 + -0.022 x2^2 + -0.076 x2 x3 +  0.062 x2 x4 + -0.042 x2 x5 + -0.011 x2 x6 + -0.006 x2 x7 +  0.028 x3^2 +  0.059 x3 x4 + -0.045 x3 x5 +  0.032 x3 x6 +  0.014 x3 x7 + -0.037 x4^2 + -0.046 x4 x5 +  0.038 x4 x6 + -0.035 x4 x7 +  0.040 x5^2 +  0.017 x5 x6 + -0.031 x6^2 +  0.009 x7^2 +  0.001 x0^2 x1 + -0.002 x0^2 x2 +  0.001 x0^2 x3 + -0.002 x0 x1^2 +  0.003 x0 x1 x2 + -0.002 x0 x1 x3 +  0.001 x0 x1 x5 + -0.001 x0 x1 x6 +  0.001 x0 x2 x6 +  0.001 x0 x3 x4 + -0.001 x0 x3 x5 + -0.001 x0 x6 x7 +  0.001 x1^3 + -0.002 x1^2 x2 +  0.002 x1^2 x3 + -0.001 x1^2 x4 + -0.001 x1^2 x5 +  0.001 x1^2 x6 +  0.001 x1 x2^2 + -0.002 x1 x2 x3 +  0.002 x1 x2 x4 +  0.001 x1 x2 x5 + -0.002 x1 x2 x6 +  0.001 x1 x3 x4 +  0.001 x1 x3 x6 + -0.001 x1 x4^2 + -0.001 x1 x5 x7 +  0.001 x2^2 x3 + -0.002 x2^2 x4 +  0.001 x2^2 x6 + -0.001 x2^2 x7 + -0.002 x2 x3 x6 +  0.001 x2 x3 x7 +  0.002 x2 x4^2 + -0.002 x2 x4 x5 +  0.001 x2 x4 x6 + -0.001 x2 x4 x7 +  0.001 x2 x5^2 + -0.001 x2 x5 x6 +  0.001 x2 x6 x7 + -0.001 x3^3 +  0.001 x3^2 x4 +  0.001 x3^2 x5 + -0.001 x3^2 x7 + -0.002 x3 x4^2 +  0.001 x3 x4 x5 + -0.001 x3 x4 x6 +  0.001 x3 x4 x7 + -0.001 x3 x5^2 +  0.001 x3 x5 x6 +  0.001 x4^3 + -0.002 x4^2 x5 +  0.002 x4 x5^2 + -0.001 x4 x5 x7 + -0.001 x5^3 +  0.001 x5^2 x6 + -0.001 x5 x6 x7 +  0.001 x6^2 x7 | (x4)' = -4.100 1 + -3.800 x0 +  13.713 x1 + -32.419 x2 +  100.681 x3 + -100.453 x5 +  30.554 x6 + -8.678 x7 + -0.018 x0^2 +  0.056 x0 x1 + -0.037 x0 x2 + -0.007 x0 x3 +  0.039 x0 x4 + -0.030 x0 x5 +  0.026 x0 x6 + -0.008 x0 x7 + -0.060 x1 x2 +  0.070 x1 x3 + -0.057 x1 x4 +  0.008 x1 x5 + -0.018 x1 x6 +  0.029 x2^2 + -0.007 x2 x4 +  0.017 x2 x5 +  0.021 x2 x6 +  0.004 x2 x7 +  0.023 x3^2 + -0.112 x3 x4 +  0.065 x3 x5 + -0.041 x3 x6 + -0.014 x3 x7 +  0.040 x4^2 +  0.059 x4 x5 + -0.049 x4 x6 +  0.041 x4 x7 + -0.040 x5^2 + -0.040 x5 x6 +  0.007 x5 x7 +  0.045 x6^2 +  0.005 x6 x7 + -0.016 x7^2 + -0.001 x0^2 x1 +  0.001 x0^2 x2 +  0.001 x0 x1^2 + -0.001 x0 x1 x2 + -0.001 x0 x1 x5 +  0.001 x0 x1 x6 +  0.001 x0 x2 x3 + -0.002 x0 x2 x6 +  0.001 x0 x2 x7 +  0.001 x0 x3 x6 + -0.001 x1^3 +  0.002 x1^2 x2 + -0.001 x1^2 x3 +  0.001 x1^2 x4 + -0.001 x1^2 x6 + -0.001 x1 x2^2 +  0.002 x1 x2 x3 + -0.002 x1 x2 x4 +  0.003 x1 x2 x6 + -0.001 x1 x2 x7 +  0.001 x1 x3 x4 + -0.001 x1 x3 x5 + -0.001 x1 x3 x6 +  0.001 x1 x3 x7 +  0.001 x1 x4 x5 + -0.001 x1 x4 x6 + -0.001 x1 x5^2 +  0.001 x1 x5 x6 + -0.001 x1 x6^2 +  0.001 x1 x6 x7 +  0.001 x2^3 + -0.002 x2^2 x3 +  0.003 x2^2 x4 + -0.001 x2^2 x5 + -0.002 x2^2 x6 +  0.001 x2^2 x7 +  0.002 x2 x3^2 + -0.004 x2 x3 x4 +  0.002 x2 x3 x5 +  0.002 x2 x3 x6 + -0.002 x2 x3 x7 +  0.001 x2 x4 x7 + -0.001 x2 x5^2 +  0.001 x2 x6^2 + -0.001 x2 x6 x7 +  0.001 x3^2 x4 + -0.002 x3^2 x5 +  0.001 x3^2 x7 +  0.001 x3 x4^2 + -0.001 x3 x4 x7 +  0.002 x3 x5^2 + -0.002 x3 x5 x6 +  0.001 x3 x5 x7 +  0.001 x3 x6^2 + -0.001 x3 x6 x7 + -0.001 x4^3 +  0.001 x4^2 x5 + -0.002 x4 x5^2 +  0.002 x4 x5 x6 + -0.002 x4 x6^2 +  0.001 x4 x6 x7 +  0.001 x5^3 + -0.002 x5^2 x6 +  0.003 x5 x6^2 + -0.001 x5 x6 x7 + -0.001 x6^3 +  0.001 x6^2 x7 + -0.001 x6 x7^2 | (x5)' =  4.831 1 +  1.251 x0 + -6.113 x1 +  14.539 x2 + -32.607 x3 +  100.412 x4 + -96.421 x6 +  19.596 x7 +  0.004 x0^2 + -0.014 x0 x1 +  0.020 x0 x2 +  0.011 x0 x3 + -0.044 x0 x4 +  0.040 x0 x5 + -0.030 x0 x6 +  0.010 x0 x7 + -0.013 x1^2 +  0.030 x1 x2 + -0.035 x1 x3 +  0.039 x1 x4 + -0.005 x1 x5 +  0.013 x1 x6 + -0.036 x2 x3 +  0.033 x2 x4 + -0.026 x2 x5 + -0.019 x2 x6 +  0.002 x2 x7 + -0.008 x3^2 +  0.074 x3 x4 + -0.055 x3 x5 +  0.047 x3 x6 +  0.008 x3 x7 + -0.022 x4^2 + -0.069 x4 x5 +  0.054 x4 x6 + -0.042 x4 x7 +  0.029 x5^2 +  0.075 x5 x6 + -0.021 x5 x7 + -0.058 x6^2 + -0.019 x6 x7 +  0.028 x7^2 + -0.001 x0 x1 x3 + -0.001 x0 x1 x6 +  0.001 x0 x2 x3 + -0.001 x0 x2 x4 +  0.002 x0 x2 x6 + -0.001 x0 x2 x7 + -0.001 x0 x3^2 +  0.001 x0 x3 x4 + -0.001 x0 x3 x6 +  0.001 x0 x3 x7 +  0.001 x0 x4 x5 + -0.001 x0 x5^2 + -0.001 x1^2 x2 +  0.002 x1^2 x3 + -0.001 x1^2 x4 +  0.001 x1^2 x6 +  0.002 x1 x2^2 + -0.004 x1 x2 x3 +  0.004 x1 x2 x4 +  0.001 x1 x2 x5 + -0.004 x1 x2 x6 +  0.002 x1 x2 x7 +  0.001 x1 x3^2 + -0.002 x1 x3 x4 +  0.001 x1 x3 x5 +  0.002 x1 x3 x6 + -0.002 x1 x3 x7 +  0.001 x1 x4^2 + -0.002 x1 x4 x5 +  0.001 x1 x4 x6 +  0.001 x1 x5^2 + -0.001 x2^3 +  0.003 x2^2 x3 + -0.003 x2^2 x4 +  0.002 x2^2 x6 + -0.002 x2^2 x7 + -0.003 x2 x3^2 +  0.005 x2 x3 x4 + -0.002 x2 x3 x5 + -0.002 x2 x3 x6 +  0.002 x2 x3 x7 + -0.001 x2 x4^2 +  0.001 x2 x4 x5 + -0.001 x2 x4 x6 +  0.001 x2 x5 x6 +  0.001 x3^3 + -0.003 x3^2 x4 +  0.003 x3^2 x5 + -0.001 x3^2 x6 +  0.001 x3 x4^2 + -0.003 x3 x4 x5 +  0.002 x3 x4 x6 + -0.001 x3 x4 x7 + -0.001 x3 x5^2 +  0.001 x3 x5 x6 + -0.001 x3 x6^2 + -0.002 x4^2 x6 +  0.001 x4^2 x7 +  0.001 x4 x5^2 + -0.001 x4 x5 x7 +  0.001 x4 x6^2 + -0.001 x4 x6 x7 + -0.001 x5^3 +  0.002 x5^2 x6 +  0.001 x5^2 x7 + -0.003 x5 x6^2 +  0.001 x5 x6 x7 + -0.001 x5 x7^2 +  0.001 x6^3 + -0.001 x6^2 x7 +  0.001 x6 x7^2 | (x6)' = -12.033 1 +  2.781 x1 + -6.559 x2 +  15.299 x3 + -33.549 x4 +  102.861 x5 + -11.385 x6 + -70.900 x7 + -0.013 x0 x1 +  0.017 x0 x4 + -0.009 x0 x5 +  0.002 x0 x7 +  0.041 x1^2 + -0.070 x1 x2 +  0.027 x1 x3 + -0.007 x1 x4 + -0.019 x1 x5 +  0.036 x2^2 + -0.017 x2 x3 + -0.020 x2 x4 +  0.005 x2 x5 +  0.056 x2 x6 + -0.032 x2 x7 +  0.029 x3^2 + -0.067 x3 x4 +  0.069 x3 x5 + -0.080 x3 x6 +  0.011 x3 x7 +  0.016 x4^2 +  0.056 x4 x5 + -0.054 x4 x6 +  0.039 x4 x7 + -0.012 x5^2 + -0.112 x5 x6 +  0.034 x5 x7 +  0.064 x6^2 +  0.055 x6 x7 + -0.049 x7^2 + -0.001 x0 x1 x5 +  0.001 x0 x1 x6 +  0.002 x0 x2 x5 + -0.003 x0 x2 x6 +  0.001 x0 x2 x7 + -0.001 x0 x3 x4 + -0.001 x0 x3 x5 +  0.003 x0 x3 x6 + -0.001 x0 x3 x7 + -0.001 x0 x4 x6 +  0.001 x0 x5^2 + -0.001 x0 x5 x7 +  0.001 x1^2 x5 + -0.002 x1^2 x6 + -0.002 x1 x2 x5 +  0.004 x1 x2 x6 + -0.001 x1 x2 x7 +  0.002 x1 x3 x5 + -0.003 x1 x3 x6 +  0.002 x1 x3 x7 + -0.001 x1 x4 x5 +  0.002 x1 x4 x6 + -0.001 x1 x4 x7 + -0.001 x1 x5 x6 +  0.001 x1 x5 x7 + -0.001 x2^2 x3 +  0.001 x2^2 x4 + -0.001 x2^2 x6 +  0.001 x2 x3^2 + -0.002 x2 x3 x4 +  0.002 x2 x3 x5 +  0.001 x2 x4 x5 + -0.001 x2 x5^2 +  0.001 x2 x5 x6 + -0.001 x3^3 +  0.003 x3^2 x4 + -0.003 x3^2 x5 +  0.002 x3^2 x6 + -0.001 x3^2 x7 + -0.002 x3 x4^2 +  0.004 x3 x4 x5 + -0.004 x3 x4 x6 +  0.002 x3 x4 x7 +  0.001 x3 x5 x6 + -0.001 x3 x5 x7 +  0.001 x3 x6 x7 +  0.001 x4^3 + -0.002 x4^2 x5 +  0.004 x4^2 x6 + -0.002 x4^2 x7 +  0.001 x4 x5^2 + -0.004 x4 x5 x6 +  0.004 x4 x5 x7 +  0.001 x4 x6^2 + -0.001 x4 x6 x7 + -0.003 x5^2 x7 +  0.001 x5 x6^2 +  0.002 x5 x6 x7 + -0.001 x6^3 + -0.001 x6 x7^2 | (x7)' =  58.667 1 + -6.034 x0 +  2.026 x1 +  1.200 x2 + -8.597 x3 +  17.761 x4 + -39.932 x5 +  141.735 x6 + -102.501 x7 + -0.009 x0^2 +  0.044 x0 x2 +  0.014 x0 x3 + -0.054 x0 x4 + -0.004 x0 x5 +  0.021 x0 x6 + -0.007 x0 x7 + -0.050 x1^2 +  0.087 x1 x2 + -0.045 x1 x3 +  0.029 x1 x4 +  0.051 x1 x5 + -0.039 x1 x6 +  0.029 x1 x7 + -0.098 x2^2 +  0.116 x2 x3 + -0.019 x2 x4 +  0.004 x2 x5 + -0.080 x2 x6 +  0.054 x2 x7 + -0.093 x3^2 +  0.127 x3 x4 + -0.119 x3 x5 +  0.133 x3 x6 + -0.037 x3 x7 + -0.065 x4^2 + -0.027 x4 x5 +  0.104 x4 x6 + -0.024 x4 x7 +  0.002 x5^2 +  0.203 x5 x6 + -0.094 x5 x7 + -0.078 x6^2 + -0.176 x6 x7 +  0.099 x7^2 +  0.001 x0^3 + -0.002 x0^2 x1 +  0.001 x0^2 x2 + -0.001 x0^2 x5 +  0.001 x0^2 x6 +  0.002 x0 x1^2 + -0.002 x0 x1 x2 + -0.001 x0 x1 x3 +  0.004 x0 x1 x5 + -0.005 x0 x1 x6 +  0.001 x0 x2 x3 + -0.004 x0 x2 x5 +  0.007 x0 x2 x6 + -0.003 x0 x2 x7 + -0.001 x0 x3^2 +  0.001 x0 x3 x4 +  0.003 x0 x3 x5 + -0.004 x0 x3 x6 +  0.001 x0 x3 x7 + -0.001 x0 x4^2 + -0.001 x0 x5^2 + -0.001 x0 x5 x6 +  0.003 x0 x5 x7 +  0.002 x0 x6^2 + -0.003 x0 x6 x7 +  0.001 x0 x7^2 + -0.001 x1^3 +  0.002 x1^2 x2 + -0.003 x1^2 x5 +  0.003 x1^2 x6 +  0.001 x1^2 x7 + -0.001 x1 x2^2 + -0.001 x1 x2 x4 +  0.005 x1 x2 x5 + -0.006 x1 x2 x6 + -0.003 x1 x3 x5 +  0.005 x1 x3 x6 + -0.001 x1 x3 x7 +  0.001 x1 x4^2 +  0.001 x1 x5 x6 + -0.003 x1 x5 x7 + -0.002 x1 x6^2 +  0.004 x1 x6 x7 + -0.002 x1 x7^2 +  0.001 x2^2 x4 + -0.001 x2^2 x5 +  0.002 x2^2 x7 + -0.002 x2 x3 x4 +  0.001 x2 x3 x5 +  0.002 x2 x3 x6 + -0.004 x2 x3 x7 +  0.001 x2 x4^2 + -0.004 x2 x4 x6 +  0.002 x2 x4 x7 +  0.001 x2 x5 x6 +  0.001 x2 x6^2 + -0.002 x2 x6 x7 +  0.002 x2 x7^2 +  0.001 x3^2 x5 + -0.004 x3^2 x6 +  0.004 x3^2 x7 + -0.001 x3 x4^2 + -0.002 x3 x4 x5 +  0.010 x3 x4 x6 + -0.006 x3 x4 x7 + -0.004 x3 x5 x6 +  0.003 x3 x5 x7 +  0.001 x3 x6^2 + -0.002 x3 x6 x7 +  0.001 x4^3 + -0.005 x4^2 x6 +  0.004 x4^2 x7 +  0.001 x4 x5^2 +  0.006 x4 x5 x6 + -0.008 x4 x5 x7 + -0.003 x4 x6^2 +  0.003 x4 x6 x7 + -0.001 x5^3 +  0.005 x5^2 x7 + -0.001 x5 x6^2 + -0.006 x5 x6 x7 +  0.001 x6^3 +  0.002 x6^2 x7
33,80.0,1000.0,37.49490932254601,3,8,2,8.0,56.0,9,36.0,smoothed_finite_difference_savgol_order_3,success,,1216,1320,92.12121212121212,35.61001200415194,"[""1"", ""x0"", ""x1"", ""x2"", ""x3"", ""x4"", ""x5"", ""x6"", ""x7"", ""x0^2"", ""x0 x1"", ""x0 x2"", ""x0 x3"", ""x0 x4"", ""x0 x5"", ""x0 x6"", ""x0 x7"", ""x1^2"", ""x1 x2"", ""x1 x3"", ""x1 x4"", ""x1 x5"", ""x1 x6"", ""x1 x7"", ""x2^2"", ""x2 x3"", ""x2 x4"", ""x2 x5"", ""x2 x6"", ""x2 x7"", ""x3^2"", ""x3 x4"", ""x3 x5"", ""x3 x6"", ""x3 x7"", ""x4^2"", ""x4 x5"", ""x4 x6"", ""x4 x7"", ""x5^2"", ""x5 x6"", ""x5 x7"", ""x6^2"", ""x6 x7"", ""x7^2"", ""x0^3"", ""x0^2 x1"", ""x0^2 x2"", ""x0^2 x3"", ""x0^2 x4"", ""x0^2 x5"", ""x0^2 x6"", ""x0^2 x7"", ""x0 x1^2"", ""x0 x1 x2"", ""x0 x1 x3"", ""x0 x1 x4"", ""x0 x1 x5"", ""x0 x1 x6"", ""x0 x1 x7"", ""x0 x2^2"", ""x0 x2 x3"", ""x0 x2 x4"", ""x0 x2 x5"", ""x0 x2 x6"", ""x0 x2 x7"", ""x0 x3^2"", ""x0 x3 x4"", ""x0 x3 x5"", ""x0 x3 x6"", ""x0 x3 x7"", ""x0 x4^2"", ""x0 x4 x5"", ""x0 x4 x6"", ""x0 x4 x7"", ""x0 x5^2"", ""x0 x5 x6"", ""x0 x5 x7"", ""x0 x6^2"", ""x0 x6 x7"", ""x0 x7^2"", ""x1^3"", ""x1^2 x2"", ""x1^2 x3"", ""x1^2 x4"", ""x1^2 x5"", ""x1^2 x6"", ""x1^2 x7"", ""x1 x2^2"", ""x1 x2 x3"", ""x1 x2 x4"", ""x1 x2 x5"", ""x1 x2 x6"", ""x1 x2 x7"", ""x1 x3^2"", ""x1 x3 x4"", ""x1 x3 x5"", ""x1 x3 x6"", ""x1 x3 x7"", ""x1 x4^2"", ""x1 x4 x5"", ""x1 x4 x6"", ""x1 x4 x7"", ""x1 x5^2"", ""x1 x5 x6"", ""x1 x5 x7"", ""x1 x6^2"", ""x1 x6 x7"", ""x1 x7^2"", ""x2^3"", ""x2^2 x3"", ""x2^2 x4"", ""x2^2 x5"", ""x2^2 x6"", ""x2^2 x7"", ""x2 x3^2"", ""x2 x3 x4"", ""x2 x3 x5"", ""x2 x3 x6"", ""x2 x3 x7"", ""x2 x4^2"", ""x2 x4 x5"", ""x2 x4 x6"", ""x2 x4 x7"", ""x2 x5^2"", ""x2 x5 x6"", ""x2 x5 x7"", ""x2 x6^2"", ""x2 x6 x7"", ""x2 x7^2"", ""x3^3"", ""x3^2 x4"", ""x3^2 x5"", ""x3^2 x6"", ""x3^2 x7"", ""x3 x4^2"", ""x3 x4 x5"", ""x3 x4 x6"", ""x3 x4 x7"", ""x3 x5^2"", ""x3 x5 x6"", ""x3 x5 x7"", ""x3 x6^2"", ""x3 x6 x7"", ""x3 x7^2"", ""x4^3"", ""x4^2 x5"", ""x4^2 x6"", ""x4^2 x7"", ""x4 x5^2"", ""x4 x5 x6"", ""x4 x5 x7"", ""x4 x6^2"", ""x4 x6 x7"", ""x4 x7^2"", ""x5^3"", ""x5^2 x6"", ""x5^2 x7"", ""x5 x6^2"", ""x5 x6 x7"", ""x5 x7^2"", ""x6^3"", ""x6^2 x7"", ""x6 x7^2"", ""x7^3""]","[[-33.02350918155084, 153.9201302234792, -230.58695905458438, 81.74177803273788, 21.15732901753054, -77.40071538637254, 82.46229571120301, -53.194377238466174, 19.725049085155753, -0.10763591484137043, 0.5859293079665304, -0.760221742835746, 0.6760911641454677, -0.3551476818651681, 0.07889614134296859, 0.07360795141936716, -0.05444940764981859, -0.4907773297740989, 1.014705357263716, -1.0056798457628635, 0.5695274087325206, -0.16086971755236665, -0.10786847389779095, 0.061099019913632355, -0.20385910012471897, 0.10222456962505848, 0.03601854927275234, 0.017804678287266354, 0.0, 0.0, 0.21059856893533635, -0.2651346549486798, -0.12079118779244301, 0.24288956368837333, -0.05109061344184483, 0.12200992203133788, 0.0, -0.1975339716885239, -0.014171303177969904, -0.099244910313879, 0.3485487949502389, 0.0, -0.15811644550219908, -0.020578025712788345, 0.033546573448532235, -0.0009342283309606512, 0.005981718671272716, -0.007697245589849237, 0.0028170702518042537, 0.0006922134569524161, -0.0020643133239278528, 0.005240041835181234, -0.003768173681446273, -0.016442787732616867, 0.05520628336361472, -0.03859697769003846, 0.0177872695769223, 0.0, -0.022665559947635444, 0.016521748478432775, -0.05176851424930135, 0.09467030921971759, -0.054989451210637516, 0.006316328262461599, 0.032348948218390926, -0.02350396549359709, -0.06431147618350933, 0.11847157887540363, -0.0584141076178834, 0.0, 0.013696523090604318, -0.07624485556587642, 0.11052727800541065, -0.04935843679321287, 0.007503777419839518, -0.05397555757342817, 0.07549514507738166, -0.02432869547458898, -0.03529171771420671, 0.027392897636860796, -0.005413827823186055, 0.014214579014836269, -0.0696228860820109, 0.046222571275740996, -0.011898338851986013, -0.01662285358358501, 0.04335716892899292, -0.027189722015717215, 0.10994069057938916, -0.159702590144863, 0.041921499685204235, 0.059144541051578375, -0.12738672919651792, 0.07683022409850865, 0.08357686051600602, -0.12604035146951686, 0.044222106197385355, 0.036553194040801526, -0.03951005883744031, 0.10454110571449832, -0.1834731013508276, 0.102906100668315, -0.028017094125639408, 0.10950037628995099, -0.17709763906900863, 0.0727752589816294, 0.08666011755890062, -0.07797951109882424, 0.018180150802267675, -0.05039443642551556, 0.09206177763718708, 0.0, -0.05363922064648312, 0.08057078637499179, -0.04572081809695201, -0.04151830657089389, -0.023112176572497607, 0.04664036559574271, -0.055675017983804226, 0.032389636514047485, -0.012537482910724247, 0.08794916548352848, -0.09647710238156629, 0.05214366804243232, -0.08947507213315414, 0.1848491131040299, -0.10051299686955496, -0.0925267358042985, 0.09644537785123743, -0.023672099430661384, -0.025427768529680976, 0.1496903099878095, -0.10483623224503448, 0.0376196023993579, -0.00039073353837143195, -0.2102704187571303, 0.26743200177920157, -0.06726537913864584, -0.033797218316338494, -0.07368812096454477, 0.006192544069261357, 0.05802505797700381, 0.01947488065488615, -0.04970611715709408, 0.013564717173823947, 0.11356920474753951, -0.25533337384016236, 0.10459666237356667, 0.0017256813854661008, 0.19774181967196292, -0.17075854372028837, -0.004939604554881011, 0.044341141837863675, -0.0024463806479538192, -0.0004352132244708776, -0.051619048765344004, 0.07045338170960587, 0.0, -0.04139726715957524, 0.011696572537589793, -0.0036780526761630954, 0.011371938589774354, -0.011625305815496409, 0.007363840443348792, -0.0017941556507902019], [4.7937695759070245, 57.77096680876862, 31.8976855872994, -107.17796650348251, 14.424535400545587, 16.76925102972171, -24.175798259930577, 17.1151426281176, -6.247597276636164, 0.028979999153457833, -0.14181298166049708, 0.11765212201006724, 0.0, -0.08350847283336078, 0.04197917808411637, 0.026320890547346154, -0.024643007285250516, 0.1381316040450822, -0.17546986692417657, -0.09624581375822831, 0.2929107894244121, -0.1854836093178275, 0.0, 0.0389407891128538, -0.034736848625717284, 0.38044803010295003, -0.45517718386959727, 0.21644875773109337, 0.0, -0.028072742498016015, -0.23239033078526927, 0.2710528307289939, -0.01488582413470719, -0.05460258446671598, 0.0, -0.026247777562129208, -0.06762750931286196, 0.03579772590987119, 0.031558470251541584, 0.07504303308018667, -0.11366623040252789, 0.0, 0.04359146244936413, 0.003846844367982165, -0.008222737204737523, -0.0009873973438256586, 0.00942193663263419, -0.015106053784011577, 0.01238188431341036, -0.004813512471574771, 0.001696147025787462, -0.002106521894539692, 0.0014137852867733792, -0.024525850319776926, 0.06828792626791405, -0.04475914418468428, 0.0016265136269968327, 0.009345015213305424, -0.0007788600124581505, -0.0026433114416044385, -0.04201083045837097, 0.04324096105796941, 0.01471622776461189, -0.02506399318155363, 0.013201197037902563, -0.0023435712184902003, 0.00039306266447996607, -0.04233933764143143, 0.03581069883491749, -0.01972056967586992, 0.004702575278137948, 0.025877054200024653, -0.03062253485115321, 0.014458710126101278, -0.0010527682023931965, 0.009560163962818955, -0.01281585245235419, 0.0, 0.006114186205155631, -0.0008241699496647683, -0.0007554788197843014, 0.020521246464961108, -0.08320803559490379, 0.05254246509404563, -0.001285963627441093, -0.007451735272385968, -0.0018271406981780376, 0.003283050020425908, 0.10784355373816268, -0.13304594501511435, 0.013098443181803664, 0.0034172678942844797, 0.005159469176533972, -0.0034026070754354775, 0.032134282953905635, 0.010399482472446205, 0.0, -0.0037456286588929055, 4.469875497592022e-05, -0.01258535001319324, 0.0010564998092986047, 0.0, 0.0, -0.00555046101908503, 0.024103975717960933, -0.007999296804565372, -0.018139746702402405, 0.011246828416240145, -0.001015739050262475, -0.04627721557399151, 0.09126770459976387, -0.02850159932636088, 0.02216798395578716, -0.01720505148619097, 0.004587135499232557, -0.05838416752916907, 0.042639934574445176, -0.05368911575025037, 0.0446263833432715, -0.011290794532457847, -0.004854764622759629, 0.012547438021958839, -0.012497201205523807, 0.0, 0.02223125715544906, -0.05418572451012423, 0.02590011324709891, 0.033275210294235975, -0.027582380942327716, 0.004692436961215628, 0.013141091024802503, -0.017561663998523668, 0.028717534783246255, -0.03297433824306557, 0.010620465035253043, 0.00031658488366256404, 0.0, 0.027088381023733215, -0.006120247994412894, -0.0339100523001675, 0.05399753245763126, -0.02936097960618555, -0.02996530760017909, 0.02957300010953246, -0.005977401367731491, 0.004623503580079303, -0.014844726671799998, -0.008881143180869574, 0.0, 0.02991382072911498, -0.024268253132618843, 0.02068172124376449, 0.008364055345443995, -0.014762482662811707, 0.0034461797829594978, -0.008784949781680738, 0.004834348211042421, -0.007491627446266455, 0.0078120347452417145, 0.0, 0.0, -0.005954292238217437, 0.005913736993080492, -0.002822020369131647, 0.000570478295774657], [0.0, -12.395192293607543, 83.68373795325358, 5.853973964866623, -93.35094864780191, 16.538549719563505, 3.293588218000064, -6.464440313450355, 2.826541712665412, -0.03038280578278182, 0.17649817063922807, -0.2110504625014934, 0.1333593499802077, -0.044546447162163945, 0.0, 0.02737323428997528, -0.017696014599365723, -0.19375096205172976, 0.31041601999105134, -0.03150289262753917, -0.1441099491234638, 0.12042914458961948, -0.08236788807786244, 0.03168935066510995, 0.0, -0.32060146064171613, 0.29366653192045483, -0.06868748367545484, 0.0, 0.0, 0.17917476027433255, -0.06148323742925595, -0.14355706524810313, 0.07452792737228447, 0.0, -0.08224899573337056, 0.1198108562513647, 0.02378716780632195, -0.04629179002143806, 0.012435782162322932, -0.07763804038502198, 0.04885148868955437, 0.02697099979225811, -0.033142277908180896, 0.00972661040811334, 0.0005580095922022373, -0.007356280480044738, 0.014224643973559908, -0.015771171844552182, 0.009870915469001868, -0.006070760614586755, 0.0029882966417742298, 0.0, 0.02106700134699531, -0.06424578042571857, 0.05693852106824842, -0.018780179517133004, 0.009843172376698673, -0.008609815911061768, -0.00034157643568399107, 0.0399516912107205, -0.05658777949602021, 0.003116962715059363, 0.0, 0.006970026475321149, 0.0, 0.01962411139968693, -0.013253814645523478, 0.017860161918128364, -0.014757621876543234, 0.0027126849245177943, 0.01772410873913271, -0.03972359054096619, 0.014767665819790476, 0.0, 0.010240903676269621, 0.013476185761033052, -0.01164881612849136, -0.016828944018530273, 0.016424385371325505, -0.003384639100325697, -0.01561587888246536, 0.05664245112649176, -0.030478461675362205, -0.0259798643661203, 0.02077386831917906, 0.001992638477397502, -0.0006382888642535977, -0.04800587404110355, -0.005674994290960559, 0.16212122689134875, -0.12346447187568106, 0.025520149715367136, -0.001995541850779738, 0.04216142947478731, -0.1561493835077158, 0.09118785940544911, -0.015899893785167242, 0.0, 0.03255277955785814, 0.01688861109459925, -0.017012821107349797, 0.0014178296603709298, -0.017299510318838394, -0.020318786422165787, 0.01996080296186633, 0.033149607741339196, -0.03342075908302645, 0.007010738390790218, 0.0, 0.08960773605318892, -0.19817211344640376, 0.15197686311660336, -0.05077739516168404, 0.0077469036396884666, -0.16523713388300604, 0.43079686749510365, -0.2848463245614625, 0.09500584280728686, -0.01459602936673755, -0.1440838128774443, 0.08739982634126359, 0.0, -0.006061700478440533, 0.01873297187568713, -0.018591615071973943, 0.0, -0.013186813282194218, 0.016742483231448658, -0.003527074854152369, 0.08188841056476773, -0.2652922606555555, 0.16149093613283216, -0.052043350181450156, 0.007180438512096932, 0.21392841171338273, -0.17944098827666763, 0.021791820991557735, 0.007598200913281928, 0.004075087079077753, 0.036850829619791116, -0.01613477367508134, -0.010531500676373356, 0.005392515288249089, -0.0009415090522094638, -0.06773657713184691, 0.0981540904831807, -0.017489149960515357, -0.00017566316058864744, -0.04098934273001326, 0.0, 0.002051350984407872, 0.008087115984668767, -0.0030162077920451867, 0.0, 0.005708388769873388, 0.00843440809575077, -0.000355202020403269, -0.016011863051096566, 0.004917976629669942, 0.0004792843988758377, 0.006146315897951971, -0.003521277674165896, 0.0, 0.00015593933880450703], [-0.6426878338598823, 3.7179104537227863, -20.40609691133076, 92.60998775567874, 0.0, -92.68438509721429, 20.435701017850118, -3.6485791669001553, -0.08570305702767156, -0.02279836590815761, 0.04357591231080553, 0.0029340250195202485, 0.0, -0.0005101071641144885, -0.009822663352523206, 0.0037379901326411325, -0.0018660244098856653, 0.01999772170331451, -0.14005433077628673, 0.06238084811392245, 0.0, 0.0, 0.011385987330464168, 0.0, 0.13075665312782703, -0.22114729921031467, 0.20851509358804934, -0.18121582250022747, 0.07006422282703671, -0.01601774016608524, 0.19994063833012965, -0.4939515737896697, 0.3529166753465353, -0.09933387125718333, 0.0, 0.24663459634751336, -0.21557242029960935, -0.006386291527900416, 0.029259104676049183, 0.007533028010283096, 0.020292604987662572, 0.0, 0.017828867098645697, -0.022726807888212363, 0.003831013050520489, -0.0012038659526631204, 0.008731083118815585, -0.00962865245106777, 0.0064168253411886235, -0.0016884185618006894, -0.0011222864835482948, 0.0009369655850395784, -0.0006726886068199427, -0.017998770607793844, 0.03452847530318892, -0.017524765362314832, -0.0030970136408478735, 0.008225583490959925, -0.00035826969911485464, 0.0, -0.01309119009835227, 0.004518895258600449, 0.015556835921682171, -0.01150563010325795, -0.0033152163714937357, 0.0018357082140949732, 0.002382829424379906, -0.002372112670299916, -0.010914519438863946, 0.014492669586363477, -0.002447780019861111, -0.014984827354384117, 0.045894168428536844, -0.027993226922723165, 0.003134223853322842, -0.02541721201486245, 0.022559516974189803, 0.0, -0.0017127149817837283, -0.004359682103151134, 0.0016453136415522389, 0.010942469555274411, -0.02920521988559103, 0.010596877258218115, 0.014265224363232276, -0.014382465051359572, -0.002673179817014533, 0.0031143755556057016, 0.022315963440509776, 0.0, -0.06244235753275488, 0.05320620281818915, 0.0, -0.005869012948528898, -0.006440210543003577, 0.023414106483962017, 0.0, -0.020682414243097056, 0.0047488752570943185, 0.03135683806933534, -0.1104321951959432, 0.07445920300657953, -0.015066941580607536, 0.07209073264996765, -0.07697031671329872, 0.012597136283192605, 0.013100845322037943, 0.0020844277360565107, -0.002334531918442148, -0.004745004398795552, -0.0111857917988614, 0.05516199235238293, -0.050544258308676225, 0.012764589186335811, -0.0004859330837082962, 0.013817334599847672, -0.04494490908142172, 0.02429643034051292, 0.00013938025720871918, -0.0002972331617565062, -0.04365553721263587, 0.1558842972992126, -0.10221289857438623, 0.03049430683710459, -0.11087208394009837, 0.12813206163857577, -0.03704875847648719, -0.028895656390647326, 0.012490382045361834, -0.0004398120037500896, 0.0, -0.010377133164927596, 0.01260815328847387, -3.966070493059007e-05, 0.0, 0.060817011239178, -0.139125278009136, 0.05981050777446533, -0.023044696221040342, 0.07819713772536929, -0.06834006729232044, 0.026903156746555412, 0.007984049304416483, -0.005719277067992974, 0.00018748318088310004, -0.021238772293905174, 0.03238908380603726, 0.008964319618799213, 0.0, 0.015480563101928994, -0.08077859147663104, 0.021640716503045172, 0.04573611604460141, -0.02893014375795181, 0.005526040062157182, -0.02761938115391461, 0.08217072337595398, -0.025873571393405476, -0.06874188543661078, 0.045232374795201466, -0.008226557906368523, 0.0170017284615044, -0.016975573548761544, 0.005991181942220586, -0.0007069323080019106], [0.8635567512998387, 0.5491424349978399, 2.456411492657582, -18.70928764169287, 91.22369374057428, 0.0, -91.67904746861126, 19.73942827123069, -3.3997008404122586, 0.021980273744373596, -0.05351035043931557, 0.002802117142134159, 0.003617201688338122, 0.005025446267044479, 0.0, -0.012452092230810978, 0.007758750307511414, -0.011055940282729928, 0.1534541506201058, -0.0734005697881016, -0.02758801628907383, 0.05551383222855564, -0.021880638144236783, 0.0, -0.14777099913270264, 0.15311386213603906, -0.038479125517827194, 0.0, -0.007082590109824245, 0.011645054060173429, -0.05767157170420513, 0.14169571075741344, -0.12745079029083978, 0.08467526870069109, -0.04577290498828304, -0.11266108828718145, 0.18495348520336827, -0.1367780203085565, 0.08607829571152777, -0.10018454143314988, 0.2271033606355325, -0.14247483357437477, -0.1293563974505065, 0.13058940587717874, -0.024869999017739685, -0.0004645877230612094, 0.002419895821681377, -0.0012976358496263152, -0.003928820056646968, 0.010175300958398888, -0.009283878879381754, 0.004052478736212364, -0.0010979698004640948, -0.003664264206084801, 0.0, 0.02453353014639372, -0.05022677891463306, 0.040172143729448655, -0.01229828499898304, 0.0018368378580013417, 0.00430881072237811, -0.03065593190167224, 0.052126197738109184, -0.037331489701052926, 0.007902790107467006, 0.0, 0.015838615700549657, -0.02963306579569896, 0.016342934779707694, -0.003664565640883684, 0.00034842448401075385, 0.0, 0.014442623867052003, -0.0058527825780000054, 0.00021886853048975544, -0.014413871515567944, 0.011470416669239125, -0.0010887001110524246, 0.0003287294440686223, -0.0031467088345959963, 0.0013795572609123406, 0.0002802749190834974, 0.013031769712773481, -0.041903943813107206, 0.06802112998103951, -0.048561457799924095, 0.009340094884035147, 0.0010815448099505932, -0.02828069096648037, 0.09960381751907947, -0.1402897557893967, 0.0928830122259373, -0.010657467827190452, -0.00484814763121334, -0.04058069358050169, 0.06402581301827572, -0.031159423996872843, 0.001376609128066531, 0.0, 0.010563058948664585, -0.050188352467035374, 0.019489184326108678, 0.001492413309548027, 0.03914383410207066, -0.028958645103899214, 0.0006727954704871311, -0.00074058803406763, 0.007971448944483693, -0.0033995146428000365, 0.01198456601126555, -0.039742576044537375, 0.05790378930132514, -0.040827825083841536, 0.00387202485592955, 0.0, 0.005618449347898832, 0.0, 0.004746947659440693, 0.0004991167982146808, 0.0128408406690589, -0.03888918719402511, 0.07487509139432241, -0.02427412195455534, -0.01387297723909276, -0.04944420480477414, 0.04748014440416264, -6.545007131568114e-05, -0.01230239057583631, 0.0, 0.001832998189432046, 0.017409292011669634, -0.051885932511191335, 0.021595728869225676, -0.002835597677102279, -0.01470277590846395, 0.05046769144079774, -0.04223231413552567, 0.004900699567315542, 0.033250596395247994, 0.0168388829550013, -0.028823982847221468, -0.010593283443981265, 0.022248445789563562, -0.00939541203589471, 0.0013462211050119636, 0.0, -0.041902285244337964, 0.029401187746342778, -0.026613743099464512, 0.07126081996504796, -0.06809508869952988, 0.04086089526707343, 0.0004940505152881551, -0.0016559943067577375, -0.0011967659669592501, -0.037878835456961524, 0.0585232076036598, -0.02419565239963649, -0.0194970807537075, 0.010422332376930396, 0.0005753940723541551, -0.0008526878814272296, 0.004243823776622149, -0.0038010716220438978, 0.0008266181157177311], [0.0, -2.8384346652770294, 6.420157540556576, -4.3673700942510925, -14.295825176415416, 91.34735930523533, -4.306229711126961, -84.50859909432833, 12.56066860663473, -0.03618442362514444, 0.11921268058241, -0.06324511687852892, 0.012613944034047383, 0.022844594234683355, -0.02322767708031208, 0.0, 0.009613325459702726, -0.0619931973838169, 0.0, 0.0015274011022003505, -0.016410925493414812, 0.0, 0.031845766314205715, -0.025793837350994584, 0.019505417296624576, 0.08498308544951544, -0.037406440782720894, 0.006496042311324643, -0.013292433961622075, 0.0, -0.09898889299604208, 0.08165315652615919, -0.03211763953058106, 0.0, 0.04076975101785489, -0.042058076366134185, 0.11530845262828793, 0.0, -0.08540936796364353, -0.03049868032315166, -0.1829706094857462, 0.19166038846543543, 0.1974653252029905, -0.242662626696218, 0.05708292908693419, -8.587696099790678e-05, 0.0, 0.0023155907455545337, -0.003846296865360854, 0.003447583797918941, -0.0007875960923518235, -0.0005431930136969499, 0.00010178982031722395, 0.0020443334518769614, -0.015375643427567691, 0.01710415545937989, -0.011792904489910763, 0.0, 0.0037946641230084057, 0.00035937129361265495, 0.01565572196254032, -0.027764924957732962, 0.015063847622707065, 0.0, -0.0062165050396549215, 0.00029549591688381947, 0.011081784109931339, -0.013380631828135222, 0.008396920065110584, 0.00037074711986716995, 0.0003645784085580074, 0.005701826557911152, -0.014779793886841875, 0.003900220452675511, 0.0, 0.009220528379925876, -0.00605438566705547, 0.0, 0.0008978016748139117, 0.0, 0.0, -0.003513205919477233, 0.025357779482273076, -0.02119208217000367, 0.008591770074933284, 0.004498628976663194, -0.004669597454906918, -0.002431155577317123, -0.04797540527723419, 0.07207183637081402, -0.018583844981336046, -0.017192345667996156, 0.016750116325702773, 0.004561882447492768, -0.023503079550122378, 0.00841249051198006, 0.0, -0.0027188510512822536, -0.006125591385751567, 0.0, 0.012141108934642927, 0.0, -0.00031194015515807375, -0.005937418055054326, -0.012705148544747961, 0.011190239180832284, 0.012451332543919731, -0.01416508100567706, 0.0037182045165684787, 0.02697464063085832, -0.05410094468758358, 0.0019709311973239883, 0.02361775213495031, -0.01719977390664635, -0.0018670030736221812, 0.026929038994017888, 0.020203941711222754, -0.027451368976496575, 0.006319228813902424, 0.013532199984684494, -0.01199627926339315, -0.01243470158623066, 0.022449353957708747, -0.015805353517173302, 0.0171189674671877, -0.01427811532517806, 0.0, -0.0042821996171566205, 0.012120093286306902, -0.004937475106910288, 0.0, -0.02440108923138511, 0.009628482446794805, 0.01278733406987824, -0.015420420152322199, 0.02635184233361945, 0.0, -0.04442572106888531, 0.03299764903001251, -0.011494842023943245, 0.031281925909311115, -0.012920904701946935, -0.007319513679409093, -0.0016288027200441857, 0.0029506099273536868, -0.01337120987222508, 0.0191582964561739, 0.015096049900172322, -0.014102749862386452, -0.012452544588960045, -0.02418808860117893, 0.01592975620441528, 0.018456153842221677, -0.013431518015954677, 0.001848089668294602, 0.0, 0.028233814426857535, -0.014008769746992826, -0.042793831338725254, 0.03677626637168921, -0.00811739617074286, 0.016992778669843167, -0.021466536552231498, 0.009281178690096564, -0.0013251184264856414], [1.2228110894982052, 5.5924047470780955, -15.674279997725687, 23.46968018733662, -17.24327949118191, -13.277494663008392, 105.70381233694073, -30.910379665004452, -57.93504919538762, 0.06675299545599815, -0.2781967279934847, 0.2661675884718391, -0.173470031389924, 0.05935757583614151, 0.0, -0.01138013016727423, 0.005805881878550762, 0.2287237597660361, -0.3339144861013507, 0.1648168722729692, 0.0, -0.01969220201749944, 0.0, 0.0, 0.08922368009651534, 0.0, -0.22485887479556327, 0.18019283401693945, -0.0593351680013854, 0.009765998796856263, -0.14622391176077343, 0.6046112422032551, -0.481527889198423, 0.2335216154678946, -0.07739555000425494, -0.44180125243467167, 0.7627778014494538, -0.5256970523229616, 0.2239241163697416, -0.4366449010448862, 0.8202682275740343, -0.39559975215996745, -0.4455439129344926, 0.4271179274008489, -0.09185941208976138, 0.0003510344969138641, -0.002902432762263894, 0.0022876885348440796, -0.0009777396036035847, 0.0, 0.00045040655935359966, -0.00020416224917344154, -5.5367027410234456e-05, 0.003997899461245183, 0.0, -0.002702351204757643, 0.00330525941683626, -0.002935396697656755, 0.0, 0.0018339829024358529, -0.006644215032905574, 0.01173929967472374, -0.007652021421984844, 0.004735693552690403, -0.0011821738136855292, -0.0008178203994121852, -0.005438404058761659, 0.01695467588123817, -0.0220242570784161, 0.01726385911891712, -0.008250006338672912, -0.017666004837265197, 0.03749247738815565, -0.02222946464892391, 0.009934956983115516, -0.009975267120388497, -0.0030818966464966516, 0.002317832324650658, 0.009649395852396672, -0.008600136511218279, 0.0017772336546307615, 0.0020290987099078517, -0.023749948749278355, 0.01908953525860267, -0.006376174231289032, -0.0012824527135180896, 0.0058975070432416, -0.006067934377281669, 0.04920264241644203, -0.06298323614441183, 0.0018605998757053176, 0.028488531523222012, -0.03235945007263173, 0.020225489187847064, 0.013303653851304923, 0.0, -0.00048252840983170424, 0.0, 0.0, 0.01746876109490764, -0.04450592587570144, 0.02071192332146459, -0.009331998554966662, 0.003815698580700775, 0.038500873458625594, -0.018310662726991285, -0.03531418568149214, 0.029684110685130497, -0.00583931532434422, -0.026591867514988973, 0.034371818104642196, 0.028597403440232066, -0.05427944126059812, 0.04613995962504824, -0.0224007641093575, 0.012325385653580411, -0.0909746111880154, 0.0884131543508403, -0.05861899985972734, 0.02407086219460534, 0.020659934905272008, 0.0014205725026156186, 0.0, 0.0, 0.0, -0.03942974871651065, 0.021481439524997446, 0.03569795558625872, -0.031401458124830334, 0.005807432980503434, -0.020234728465284516, 0.07223166565902116, -0.05155699930923435, 0.0302935640743341, -0.013167798167185791, -0.05147145745764049, 0.047201354478560976, -0.03154023698123598, 0.020302837078611014, -0.01602954132706482, 0.04928467128621532, -0.03256750879064642, -0.030476171232219816, 0.029343812800951555, -0.00448741967970552, 0.01644443723448131, -0.026903979006862228, 0.018014161574502516, -0.01520489143139545, 0.0060325315453044915, 0.0, 0.01724863785309015, -0.009340414191093284, 0.0026731799250247945, -0.0029104887461692507, 0.017810952601825674, -0.06839018465539323, 0.020389349496074256, 0.0856085277456455, -0.06641600200607732, 0.015922377355315914, -0.033261486831738456, 0.040891918895756545, -0.017978394346825126, 0.0025512413189429034], [21.486687838092553, -19.10136246616599, 52.12112279972111, -82.41944859699859, 78.41923567687317, -23.56363175128937, -77.70838050813167, 228.53784663705073, -154.32281580004374, -0.09234297478426497, 0.26792969257599614, -0.14216546094888097, -0.018068607582109243, 0.12327614100464933, -0.08436300073613434, -0.017054151925755934, 0.057043856236856996, 0.0, -0.43472057019380217, 0.5337613173391637, -0.38869874193738363, 0.04936330698808421, 0.1685320201140633, -0.19138746722848343, 0.29605949512968494, -0.29638221574676826, 0.07926696655096381, 0.2777277896361854, -0.40772172862284795, 0.32064736485862866, -0.06753983057771844, 0.2688100661289828, -0.5781638733561678, 0.5264039332784658, -0.28081467008693833, -0.19937723237187907, 0.5894833410882372, -0.31584039693196037, 0.039145472628621, -0.32486300248208694, 0.19167905824047504, 0.18459343596323707, 0.1339927252744575, -0.35730326148182795, 0.08959452831672625, 0.0022995105614813925, -0.01219701572482203, 0.010602794621576704, -0.0023441531447131615, -0.006061335675073968, 0.01008806700141149, -0.010774936855219472, 0.005091022948254318, 0.02284719568883737, -0.03549440496246317, -0.007314731644487676, 0.040917797919037824, -0.053389336475327766, 0.058590513000314384, -0.031328920229499235, 0.010985230808269741, 0.026587379178843858, -0.05794938273266063, 0.058306584802229375, -0.061460709340680375, 0.03335987996074426, -0.02809861628563876, 0.05916859101190731, -0.030635413451507627, 0.027169577868250947, -0.015263690108921634, -0.017264625942638556, -0.007185899618878593, 0.008009591641078546, -0.0016181921267456527, 0.018927927130983763, -0.03217552465394813, 0.01416574026912125, 0.01746202019421112, -0.019183369070221848, 0.005977875828360247, -0.0176996970124702, 0.053446103480311966, -0.005781285872387976, -0.03624088934504323, 0.05748704268274801, -0.07492095239574448, 0.045139545076866974, -0.07202803419346848, 0.05101809948936376, 0.05451256537356784, -0.10946312692253124, 0.1663569204555242, -0.10658317958032415, -0.007400810519400808, -0.031179110967969357, 0.034584399160257934, -0.08520566177662539, 0.06471246661192213, 0.0, 0.05222588358819294, -0.01188618594714388, -0.014691415905030198, -0.06000235698935648, 0.09020278081604237, -0.030990576673797017, -0.05096716524722318, 0.05134386064492733, -0.014902564570625346, 0.04674409819595052, -0.1035705403913159, 0.01899527486910779, 0.04566411778496413, -0.10535883454927035, 0.07345044539662787, 0.10835262742423975, -0.10677883432833268, 0.0015728097456101972, 0.13499218370927268, -0.11608538255053283, 0.05232694435468383, -0.09090446908915636, -0.012056052545482353, 0.051721206011920616, 0.07643860518919052, -0.10420372287217367, 0.02347619673548254, 0.06609187924385135, -0.06516540597541025, 0.020287280932258168, -0.05325333192926411, 0.11636328723446002, -0.03726198790734081, -0.06261170149720663, 0.0676281370266758, -0.0997151172972359, 0.0849552489230202, 0.07900590484854983, -0.11045708974290445, -0.028583941786043437, -0.005892592782929543, 0.041220072888748654, -0.022047294822441197, 0.026506526298228084, -0.014908568265690815, 0.017627259974598065, 0.0315119980690221, -0.09293491526140364, 0.0778533172432851, -0.1078575113488279, 0.2316204847212237, -0.13758049483763635, -0.07447309113802159, 0.05280938246447143, 0.0005154445418216696, 0.07221993482836138, -0.19035355779424382, 0.09092451844418421, 0.14514470030912774, -0.11157752000729046, 0.012824652035241758, -0.0378821295118253, 0.04142891025686951, -0.012227141928773206, 0.0014210496100368474]]",(x0)' = -33.024 1 +  153.920 x0 + -230.587 x1 +  81.742 x2 +  21.157 x3 + -77.401 x4 +  82.462 x5 + -53.194 x6 +  19.725 x7 + -0.108 x0^2 +  0.586 x0 x1 + -0.760 x0 x2 +  0.676 x0 x3 + -0.355 x0 x4 +  0.079 x0 x5 +  0.074 x0 x6 + -0.054 x0 x7 + -0.491 x1^2 +  1.015 x1 x2 + -1.006 x1 x3 +  0.570 x1 x4 + -0.161 x1 x5 + -0.108 x1 x6 +  0.061 x1 x7 + -0.204 x2^2 +  0.102 x2 x3 +  0.036 x2 x4 +  0.018 x2 x5 +  0.211 x3^2 + -0.265 x3 x4 + -0.121 x3 x5 +  0.243 x3 x6 + -0.051 x3 x7 +  0.122 x4^2 + -0.198 x4 x6 + -0.014 x4 x7 + -0.099 x5^2 +  0.349 x5 x6 + -0.158 x6^2 + -0.021 x6 x7 +  0.034 x7^2 + -0.001 x0^3 +  0.006 x0^2 x1 + -0.008 x0^2 x2 +  0.003 x0^2 x3 +  0.001 x0^2 x4 + -0.002 x0^2 x5 +  0.005 x0^2 x6 + -0.004 x0^2 x7 + -0.016 x0 x1^2 +  0.055 x0 x1 x2 + -0.039 x0 x1 x3 +  0.018 x0 x1 x4 + -0.023 x0 x1 x6 +  0.017 x0 x1 x7 + -0.052 x0 x2^2 +  0.095 x0 x2 x3 + -0.055 x0 x2 x4 +  0.006 x0 x2 x5 +  0.032 x0 x2 x6 + -0.024 x0 x2 x7 + -0.064 x0 x3^2 +  0.118 x0 x3 x4 + -0.058 x0 x3 x5 +  0.014 x0 x3 x7 + -0.076 x0 x4^2 +  0.111 x0 x4 x5 + -0.049 x0 x4 x6 +  0.008 x0 x4 x7 + -0.054 x0 x5^2 +  0.075 x0 x5 x6 + -0.024 x0 x5 x7 + -0.035 x0 x6^2 +  0.027 x0 x6 x7 + -0.005 x0 x7^2 +  0.014 x1^3 + -0.070 x1^2 x2 +  0.046 x1^2 x3 + -0.012 x1^2 x4 + -0.017 x1^2 x5 +  0.043 x1^2 x6 + -0.027 x1^2 x7 +  0.110 x1 x2^2 + -0.160 x1 x2 x3 +  0.042 x1 x2 x4 +  0.059 x1 x2 x5 + -0.127 x1 x2 x6 +  0.077 x1 x2 x7 +  0.084 x1 x3^2 + -0.126 x1 x3 x4 +  0.044 x1 x3 x5 +  0.037 x1 x3 x6 + -0.040 x1 x3 x7 +  0.105 x1 x4^2 + -0.183 x1 x4 x5 +  0.103 x1 x4 x6 + -0.028 x1 x4 x7 +  0.110 x1 x5^2 + -0.177 x1 x5 x6 +  0.073 x1 x5 x7 +  0.087 x1 x6^2 + -0.078 x1 x6 x7 +  0.018 x1 x7^2 + -0.050 x2^3 +  0.092 x2^2 x3 + -0.054 x2^2 x5 +  0.081 x2^2 x6 + -0.046 x2^2 x7 + -0.042 x2 x3^2 + -0.023 x2 x3 x4 +  0.047 x2 x3 x5 + -0.056 x2 x3 x6 +  0.032 x2 x3 x7 + -0.013 x2 x4^2 +  0.088 x2 x4 x5 + -0.096 x2 x4 x6 +  0.052 x2 x4 x7 + -0.089 x2 x5^2 +  0.185 x2 x5 x6 + -0.101 x2 x5 x7 + -0.093 x2 x6^2 +  0.096 x2 x6 x7 + -0.024 x2 x7^2 + -0.025 x3^3 +  0.150 x3^2 x4 + -0.105 x3^2 x5 +  0.038 x3^2 x6 + -0.210 x3 x4^2 +  0.267 x3 x4 x5 + -0.067 x3 x4 x6 + -0.034 x3 x4 x7 + -0.074 x3 x5^2 +  0.006 x3 x5 x6 +  0.058 x3 x5 x7 +  0.019 x3 x6^2 + -0.050 x3 x6 x7 +  0.014 x3 x7^2 +  0.114 x4^3 + -0.255 x4^2 x5 +  0.105 x4^2 x6 +  0.002 x4^2 x7 +  0.198 x4 x5^2 + -0.171 x4 x5 x6 + -0.005 x4 x5 x7 +  0.044 x4 x6^2 + -0.002 x4 x6 x7 + -0.052 x5^3 +  0.070 x5^2 x6 + -0.041 x5 x6^2 +  0.012 x5 x6 x7 + -0.004 x5 x7^2 +  0.011 x6^3 + -0.012 x6^2 x7 +  0.007 x6 x7^2 + -0.002 x7^3 | (x1)' =  4.794 1 +  57.771 x0 +  31.898 x1 + -107.178 x2 +  14.425 x3 +  16.769 x4 + -24.176 x5 +  17.115 x6 + -6.248 x7 +  0.029 x0^2 + -0.142 x0 x1 +  0.118 x0 x2 + -0.084 x0 x4 +  0.042 x0 x5 +  0.026 x0 x6 + -0.025 x0 x7 +  0.138 x1^2 + -0.175 x1 x2 + -0.096 x1 x3 +  0.293 x1 x4 + -0.185 x1 x5 +  0.039 x1 x7 + -0.035 x2^2 +  0.380 x2 x3 + -0.455 x2 x4 +  0.216 x2 x5 + -0.028 x2 x7 + -0.232 x3^2 +  0.271 x3 x4 + -0.015 x3 x5 + -0.055 x3 x6 + -0.026 x4^2 + -0.068 x4 x5 +  0.036 x4 x6 +  0.032 x4 x7 +  0.075 x5^2 + -0.114 x5 x6 +  0.044 x6^2 +  0.004 x6 x7 + -0.008 x7^2 + -0.001 x0^3 +  0.009 x0^2 x1 + -0.015 x0^2 x2 +  0.012 x0^2 x3 + -0.005 x0^2 x4 +  0.002 x0^2 x5 + -0.002 x0^2 x6 +  0.001 x0^2 x7 + -0.025 x0 x1^2 +  0.068 x0 x1 x2 + -0.045 x0 x1 x3 +  0.002 x0 x1 x4 +  0.009 x0 x1 x5 + -0.001 x0 x1 x6 + -0.003 x0 x1 x7 + -0.042 x0 x2^2 +  0.043 x0 x2 x3 +  0.015 x0 x2 x4 + -0.025 x0 x2 x5 +  0.013 x0 x2 x6 + -0.002 x0 x2 x7 + -0.042 x0 x3 x4 +  0.036 x0 x3 x5 + -0.020 x0 x3 x6 +  0.005 x0 x3 x7 +  0.026 x0 x4^2 + -0.031 x0 x4 x5 +  0.014 x0 x4 x6 + -0.001 x0 x4 x7 +  0.010 x0 x5^2 + -0.013 x0 x5 x6 +  0.006 x0 x6^2 + -0.001 x0 x6 x7 + -0.001 x0 x7^2 +  0.021 x1^3 + -0.083 x1^2 x2 +  0.053 x1^2 x3 + -0.001 x1^2 x4 + -0.007 x1^2 x5 + -0.002 x1^2 x6 +  0.003 x1^2 x7 +  0.108 x1 x2^2 + -0.133 x1 x2 x3 +  0.013 x1 x2 x4 +  0.003 x1 x2 x5 +  0.005 x1 x2 x6 + -0.003 x1 x2 x7 +  0.032 x1 x3^2 +  0.010 x1 x3 x4 + -0.004 x1 x3 x6 + -0.013 x1 x4^2 +  0.001 x1 x4 x5 + -0.006 x1 x5^2 +  0.024 x1 x5 x6 + -0.008 x1 x5 x7 + -0.018 x1 x6^2 +  0.011 x1 x6 x7 + -0.001 x1 x7^2 + -0.046 x2^3 +  0.091 x2^2 x3 + -0.029 x2^2 x4 +  0.022 x2^2 x5 + -0.017 x2^2 x6 +  0.005 x2^2 x7 + -0.058 x2 x3^2 +  0.043 x2 x3 x4 + -0.054 x2 x3 x5 +  0.045 x2 x3 x6 + -0.011 x2 x3 x7 + -0.005 x2 x4^2 +  0.013 x2 x4 x5 + -0.012 x2 x4 x6 +  0.022 x2 x5^2 + -0.054 x2 x5 x6 +  0.026 x2 x5 x7 +  0.033 x2 x6^2 + -0.028 x2 x6 x7 +  0.005 x2 x7^2 +  0.013 x3^3 + -0.018 x3^2 x4 +  0.029 x3^2 x5 + -0.033 x3^2 x6 +  0.011 x3^2 x7 +  0.027 x3 x4 x6 + -0.006 x3 x4 x7 + -0.034 x3 x5^2 +  0.054 x3 x5 x6 + -0.029 x3 x5 x7 + -0.030 x3 x6^2 +  0.030 x3 x6 x7 + -0.006 x3 x7^2 +  0.005 x4^3 + -0.015 x4^2 x5 + -0.009 x4^2 x6 +  0.030 x4 x5^2 + -0.024 x4 x5 x6 +  0.021 x4 x5 x7 +  0.008 x4 x6^2 + -0.015 x4 x6 x7 +  0.003 x4 x7^2 + -0.009 x5^3 +  0.005 x5^2 x6 + -0.007 x5^2 x7 +  0.008 x5 x6^2 + -0.006 x6^3 +  0.006 x6^2 x7 + -0.003 x6 x7^2 +  0.001 x7^3 | (x2)' = -12.395 x0 +  83.684 x1 +  5.854 x2 + -93.351 x3 +  16.539 x4 +  3.294 x5 + -6.464 x6 +  2.827 x7 + -0.030 x0^2 +  0.176 x0 x1 + -0.211 x0 x2 +  0.133 x0 x3 + -0.045 x0 x4 +  0.027 x0 x6 + -0.018 x0 x7 + -0.194 x1^2 +  0.310 x1 x2 + -0.032 x1 x3 + -0.144 x1 x4 +  0.120 x1 x5 + -0.082 x1 x6 +  0.032 x1 x7 + -0.321 x2 x3 +  0.294 x2 x4 + -0.069 x2 x5 +  0.179 x3^2 + -0.061 x3 x4 + -0.144 x3 x5 +  0.075 x3 x6 + -0.082 x4^2 +  0.120 x4 x5 +  0.024 x4 x6 + -0.046 x4 x7 +  0.012 x5^2 + -0.078 x5 x6 +  0.049 x5 x7 +  0.027 x6^2 + -0.033 x6 x7 +  0.010 x7^2 +  0.001 x0^3 + -0.007 x0^2 x1 +  0.014 x0^2 x2 + -0.016 x0^2 x3 +  0.010 x0^2 x4 + -0.006 x0^2 x5 +  0.003 x0^2 x6 +  0.021 x0 x1^2 + -0.064 x0 x1 x2 +  0.057 x0 x1 x3 + -0.019 x0 x1 x4 +  0.010 x0 x1 x5 + -0.009 x0 x1 x6 +  0.040 x0 x2^2 + -0.057 x0 x2 x3 +  0.003 x0 x2 x4 +  0.007 x0 x2 x6 +  0.020 x0 x3^2 + -0.013 x0 x3 x4 +  0.018 x0 x3 x5 + -0.015 x0 x3 x6 +  0.003 x0 x3 x7 +  0.018 x0 x4^2 + -0.040 x0 x4 x5 +  0.015 x0 x4 x6 +  0.010 x0 x5^2 +  0.013 x0 x5 x6 + -0.012 x0 x5 x7 + -0.017 x0 x6^2 +  0.016 x0 x6 x7 + -0.003 x0 x7^2 + -0.016 x1^3 +  0.057 x1^2 x2 + -0.030 x1^2 x3 + -0.026 x1^2 x4 +  0.021 x1^2 x5 +  0.002 x1^2 x6 + -0.001 x1^2 x7 + -0.048 x1 x2^2 + -0.006 x1 x2 x3 +  0.162 x1 x2 x4 + -0.123 x1 x2 x5 +  0.026 x1 x2 x6 + -0.002 x1 x2 x7 +  0.042 x1 x3^2 + -0.156 x1 x3 x4 +  0.091 x1 x3 x5 + -0.016 x1 x3 x6 +  0.033 x1 x4^2 +  0.017 x1 x4 x5 + -0.017 x1 x4 x6 +  0.001 x1 x4 x7 + -0.017 x1 x5^2 + -0.020 x1 x5 x6 +  0.020 x1 x5 x7 +  0.033 x1 x6^2 + -0.033 x1 x6 x7 +  0.007 x1 x7^2 +  0.090 x2^2 x3 + -0.198 x2^2 x4 +  0.152 x2^2 x5 + -0.051 x2^2 x6 +  0.008 x2^2 x7 + -0.165 x2 x3^2 +  0.431 x2 x3 x4 + -0.285 x2 x3 x5 +  0.095 x2 x3 x6 + -0.015 x2 x3 x7 + -0.144 x2 x4^2 +  0.087 x2 x4 x5 + -0.006 x2 x4 x7 +  0.019 x2 x5^2 + -0.019 x2 x5 x6 + -0.013 x2 x6^2 +  0.017 x2 x6 x7 + -0.004 x2 x7^2 +  0.082 x3^3 + -0.265 x3^2 x4 +  0.161 x3^2 x5 + -0.052 x3^2 x6 +  0.007 x3^2 x7 +  0.214 x3 x4^2 + -0.179 x3 x4 x5 +  0.022 x3 x4 x6 +  0.008 x3 x4 x7 +  0.004 x3 x5^2 +  0.037 x3 x5 x6 + -0.016 x3 x5 x7 + -0.011 x3 x6^2 +  0.005 x3 x6 x7 + -0.001 x3 x7^2 + -0.068 x4^3 +  0.098 x4^2 x5 + -0.017 x4^2 x6 + -0.041 x4 x5^2 +  0.002 x4 x5 x7 +  0.008 x4 x6^2 + -0.003 x4 x6 x7 +  0.006 x5^3 +  0.008 x5^2 x6 + -0.016 x5 x6^2 +  0.005 x5 x6 x7 +  0.006 x6^3 + -0.004 x6^2 x7 | (x3)' = -0.643 1 +  3.718 x0 + -20.406 x1 +  92.610 x2 + -92.684 x4 +  20.436 x5 + -3.649 x6 + -0.086 x7 + -0.023 x0^2 +  0.044 x0 x1 +  0.003 x0 x2 + -0.001 x0 x4 + -0.010 x0 x5 +  0.004 x0 x6 + -0.002 x0 x7 +  0.020 x1^2 + -0.140 x1 x2 +  0.062 x1 x3 +  0.011 x1 x6 +  0.131 x2^2 + -0.221 x2 x3 +  0.209 x2 x4 + -0.181 x2 x5 +  0.070 x2 x6 + -0.016 x2 x7 +  0.200 x3^2 + -0.494 x3 x4 +  0.353 x3 x5 + -0.099 x3 x6 +  0.247 x4^2 + -0.216 x4 x5 + -0.006 x4 x6 +  0.029 x4 x7 +  0.008 x5^2 +  0.020 x5 x6 +  0.018 x6^2 + -0.023 x6 x7 +  0.004 x7^2 + -0.001 x0^3 +  0.009 x0^2 x1 + -0.010 x0^2 x2 +  0.006 x0^2 x3 + -0.002 x0^2 x4 + -0.001 x0^2 x5 +  0.001 x0^2 x6 + -0.001 x0^2 x7 + -0.018 x0 x1^2 +  0.035 x0 x1 x2 + -0.018 x0 x1 x3 + -0.003 x0 x1 x4 +  0.008 x0 x1 x5 + -0.013 x0 x2^2 +  0.005 x0 x2 x3 +  0.016 x0 x2 x4 + -0.012 x0 x2 x5 + -0.003 x0 x2 x6 +  0.002 x0 x2 x7 +  0.002 x0 x3^2 + -0.002 x0 x3 x4 + -0.011 x0 x3 x5 +  0.014 x0 x3 x6 + -0.002 x0 x3 x7 + -0.015 x0 x4^2 +  0.046 x0 x4 x5 + -0.028 x0 x4 x6 +  0.003 x0 x4 x7 + -0.025 x0 x5^2 +  0.023 x0 x5 x6 + -0.002 x0 x6^2 + -0.004 x0 x6 x7 +  0.002 x0 x7^2 +  0.011 x1^3 + -0.029 x1^2 x2 +  0.011 x1^2 x3 +  0.014 x1^2 x4 + -0.014 x1^2 x5 + -0.003 x1^2 x6 +  0.003 x1^2 x7 +  0.022 x1 x2^2 + -0.062 x1 x2 x4 +  0.053 x1 x2 x5 + -0.006 x1 x2 x7 + -0.006 x1 x3^2 +  0.023 x1 x3 x4 + -0.021 x1 x3 x6 +  0.005 x1 x3 x7 +  0.031 x1 x4^2 + -0.110 x1 x4 x5 +  0.074 x1 x4 x6 + -0.015 x1 x4 x7 +  0.072 x1 x5^2 + -0.077 x1 x5 x6 +  0.013 x1 x5 x7 +  0.013 x1 x6^2 +  0.002 x1 x6 x7 + -0.002 x1 x7^2 + -0.005 x2^3 + -0.011 x2^2 x3 +  0.055 x2^2 x4 + -0.051 x2^2 x5 +  0.013 x2^2 x6 +  0.014 x2 x3^2 + -0.045 x2 x3 x4 +  0.024 x2 x3 x5 + -0.044 x2 x4^2 +  0.156 x2 x4 x5 + -0.102 x2 x4 x6 +  0.030 x2 x4 x7 + -0.111 x2 x5^2 +  0.128 x2 x5 x6 + -0.037 x2 x5 x7 + -0.029 x2 x6^2 +  0.012 x2 x6 x7 + -0.010 x3^2 x4 +  0.013 x3^2 x5 +  0.061 x3 x4^2 + -0.139 x3 x4 x5 +  0.060 x3 x4 x6 + -0.023 x3 x4 x7 +  0.078 x3 x5^2 + -0.068 x3 x5 x6 +  0.027 x3 x5 x7 +  0.008 x3 x6^2 + -0.006 x3 x6 x7 + -0.021 x4^3 +  0.032 x4^2 x5 +  0.009 x4^2 x6 +  0.015 x4 x5^2 + -0.081 x4 x5 x6 +  0.022 x4 x5 x7 +  0.046 x4 x6^2 + -0.029 x4 x6 x7 +  0.006 x4 x7^2 + -0.028 x5^3 +  0.082 x5^2 x6 + -0.026 x5^2 x7 + -0.069 x5 x6^2 +  0.045 x5 x6 x7 + -0.008 x5 x7^2 +  0.017 x6^3 + -0.017 x6^2 x7 +  0.006 x6 x7^2 + -0.001 x7^3 | (x4)' =  0.864 1 +  0.549 x0 +  2.456 x1 + -18.709 x2 +  91.224 x3 + -91.679 x5 +  19.739 x6 + -3.400 x7 +  0.022 x0^2 + -0.054 x0 x1 +  0.003 x0 x2 +  0.004 x0 x3 +  0.005 x0 x4 + -0.012 x0 x6 +  0.008 x0 x7 + -0.011 x1^2 +  0.153 x1 x2 + -0.073 x1 x3 + -0.028 x1 x4 +  0.056 x1 x5 + -0.022 x1 x6 + -0.148 x2^2 +  0.153 x2 x3 + -0.038 x2 x4 + -0.007 x2 x6 +  0.012 x2 x7 + -0.058 x3^2 +  0.142 x3 x4 + -0.127 x3 x5 +  0.085 x3 x6 + -0.046 x3 x7 + -0.113 x4^2 +  0.185 x4 x5 + -0.137 x4 x6 +  0.086 x4 x7 + -0.100 x5^2 +  0.227 x5 x6 + -0.142 x5 x7 + -0.129 x6^2 +  0.131 x6 x7 + -0.025 x7^2 +  0.002 x0^2 x1 + -0.001 x0^2 x2 + -0.004 x0^2 x3 +  0.010 x0^2 x4 + -0.009 x0^2 x5 +  0.004 x0^2 x6 + -0.001 x0^2 x7 + -0.004 x0 x1^2 +  0.025 x0 x1 x3 + -0.050 x0 x1 x4 +  0.040 x0 x1 x5 + -0.012 x0 x1 x6 +  0.002 x0 x1 x7 +  0.004 x0 x2^2 + -0.031 x0 x2 x3 +  0.052 x0 x2 x4 + -0.037 x0 x2 x5 +  0.008 x0 x2 x6 +  0.016 x0 x3^2 + -0.030 x0 x3 x4 +  0.016 x0 x3 x5 + -0.004 x0 x3 x6 +  0.014 x0 x4 x5 + -0.006 x0 x4 x6 + -0.014 x0 x5^2 +  0.011 x0 x5 x6 + -0.001 x0 x5 x7 + -0.003 x0 x6 x7 +  0.001 x0 x7^2 +  0.013 x1^2 x2 + -0.042 x1^2 x3 +  0.068 x1^2 x4 + -0.049 x1^2 x5 +  0.009 x1^2 x6 +  0.001 x1^2 x7 + -0.028 x1 x2^2 +  0.100 x1 x2 x3 + -0.140 x1 x2 x4 +  0.093 x1 x2 x5 + -0.011 x1 x2 x6 + -0.005 x1 x2 x7 + -0.041 x1 x3^2 +  0.064 x1 x3 x4 + -0.031 x1 x3 x5 +  0.001 x1 x3 x6 +  0.011 x1 x4^2 + -0.050 x1 x4 x5 +  0.019 x1 x4 x6 +  0.001 x1 x4 x7 +  0.039 x1 x5^2 + -0.029 x1 x5 x6 +  0.001 x1 x5 x7 + -0.001 x1 x6^2 +  0.008 x1 x6 x7 + -0.003 x1 x7^2 +  0.012 x2^3 + -0.040 x2^2 x3 +  0.058 x2^2 x4 + -0.041 x2^2 x5 +  0.004 x2^2 x6 +  0.006 x2 x3^2 +  0.005 x2 x3 x5 +  0.013 x2 x3 x7 + -0.039 x2 x4^2 +  0.075 x2 x4 x5 + -0.024 x2 x4 x6 + -0.014 x2 x4 x7 + -0.049 x2 x5^2 +  0.047 x2 x5 x6 + -0.012 x2 x6^2 +  0.002 x2 x7^2 +  0.017 x3^3 + -0.052 x3^2 x4 +  0.022 x3^2 x5 + -0.003 x3^2 x6 + -0.015 x3^2 x7 +  0.050 x3 x4^2 + -0.042 x3 x4 x5 +  0.005 x3 x4 x6 +  0.033 x3 x4 x7 +  0.017 x3 x5^2 + -0.029 x3 x5 x6 + -0.011 x3 x5 x7 +  0.022 x3 x6^2 + -0.009 x3 x6 x7 +  0.001 x3 x7^2 + -0.042 x4^2 x5 +  0.029 x4^2 x6 + -0.027 x4^2 x7 +  0.071 x4 x5^2 + -0.068 x4 x5 x6 +  0.041 x4 x5 x7 + -0.002 x4 x6 x7 + -0.001 x4 x7^2 + -0.038 x5^3 +  0.059 x5^2 x6 + -0.024 x5^2 x7 + -0.019 x5 x6^2 +  0.010 x5 x6 x7 +  0.001 x5 x7^2 + -0.001 x6^3 +  0.004 x6^2 x7 + -0.004 x6 x7^2 +  0.001 x7^3 | (x5)' = -2.838 x0 +  6.420 x1 + -4.367 x2 + -14.296 x3 +  91.347 x4 + -4.306 x5 + -84.509 x6 +  12.561 x7 + -0.036 x0^2 +  0.119 x0 x1 + -0.063 x0 x2 +  0.013 x0 x3 +  0.023 x0 x4 + -0.023 x0 x5 +  0.010 x0 x7 + -0.062 x1^2 +  0.002 x1 x3 + -0.016 x1 x4 +  0.032 x1 x6 + -0.026 x1 x7 +  0.020 x2^2 +  0.085 x2 x3 + -0.037 x2 x4 +  0.006 x2 x5 + -0.013 x2 x6 + -0.099 x3^2 +  0.082 x3 x4 + -0.032 x3 x5 +  0.041 x3 x7 + -0.042 x4^2 +  0.115 x4 x5 + -0.085 x4 x7 + -0.030 x5^2 + -0.183 x5 x6 +  0.192 x5 x7 +  0.197 x6^2 + -0.243 x6 x7 +  0.057 x7^2 +  0.002 x0^2 x2 + -0.004 x0^2 x3 +  0.003 x0^2 x4 + -0.001 x0^2 x5 + -0.001 x0^2 x6 +  0.002 x0 x1^2 + -0.015 x0 x1 x2 +  0.017 x0 x1 x3 + -0.012 x0 x1 x4 +  0.004 x0 x1 x6 +  0.016 x0 x2^2 + -0.028 x0 x2 x3 +  0.015 x0 x2 x4 + -0.006 x0 x2 x6 +  0.011 x0 x3^2 + -0.013 x0 x3 x4 +  0.008 x0 x3 x5 +  0.006 x0 x4^2 + -0.015 x0 x4 x5 +  0.004 x0 x4 x6 +  0.009 x0 x5^2 + -0.006 x0 x5 x6 +  0.001 x0 x6^2 + -0.004 x1^3 +  0.025 x1^2 x2 + -0.021 x1^2 x3 +  0.009 x1^2 x4 +  0.004 x1^2 x5 + -0.005 x1^2 x6 + -0.002 x1^2 x7 + -0.048 x1 x2^2 +  0.072 x1 x2 x3 + -0.019 x1 x2 x4 + -0.017 x1 x2 x5 +  0.017 x1 x2 x6 +  0.005 x1 x2 x7 + -0.024 x1 x3^2 +  0.008 x1 x3 x4 + -0.003 x1 x3 x6 + -0.006 x1 x3 x7 +  0.012 x1 x4 x5 + -0.006 x1 x5^2 + -0.013 x1 x5 x6 +  0.011 x1 x5 x7 +  0.012 x1 x6^2 + -0.014 x1 x6 x7 +  0.004 x1 x7^2 +  0.027 x2^3 + -0.054 x2^2 x3 +  0.002 x2^2 x4 +  0.024 x2^2 x5 + -0.017 x2^2 x6 + -0.002 x2^2 x7 +  0.027 x2 x3^2 +  0.020 x2 x3 x4 + -0.027 x2 x3 x5 +  0.006 x2 x3 x6 +  0.014 x2 x3 x7 + -0.012 x2 x4^2 + -0.012 x2 x4 x5 +  0.022 x2 x4 x6 + -0.016 x2 x4 x7 +  0.017 x2 x5^2 + -0.014 x2 x5 x6 + -0.004 x2 x6^2 +  0.012 x2 x6 x7 + -0.005 x2 x7^2 + -0.024 x3^2 x4 +  0.010 x3^2 x5 +  0.013 x3^2 x6 + -0.015 x3^2 x7 +  0.026 x3 x4^2 + -0.044 x3 x4 x6 +  0.033 x3 x4 x7 + -0.011 x3 x5^2 +  0.031 x3 x5 x6 + -0.013 x3 x5 x7 + -0.007 x3 x6^2 + -0.002 x3 x6 x7 +  0.003 x3 x7^2 + -0.013 x4^3 +  0.019 x4^2 x5 +  0.015 x4^2 x6 + -0.014 x4^2 x7 + -0.012 x4 x5^2 + -0.024 x4 x5 x6 +  0.016 x4 x5 x7 +  0.018 x4 x6^2 + -0.013 x4 x6 x7 +  0.002 x4 x7^2 +  0.028 x5^2 x6 + -0.014 x5^2 x7 + -0.043 x5 x6^2 +  0.037 x5 x6 x7 + -0.008 x5 x7^2 +  0.017 x6^3 + -0.021 x6^2 x7 +  0.009 x6 x7^2 + -0.001 x7^3 | (x6)' =  1.223 1 +  5.592 x0 + -15.674 x1 +  23.470 x2 + -17.243 x3 + -13.277 x4 +  105.704 x5 + -30.910 x6 + -57.935 x7 +  0.067 x0^2 + -0.278 x0 x1 +  0.266 x0 x2 + -0.173 x0 x3 +  0.059 x0 x4 + -0.011 x0 x6 +  0.006 x0 x7 +  0.229 x1^2 + -0.334 x1 x2 +  0.165 x1 x3 + -0.020 x1 x5 +  0.089 x2^2 + -0.225 x2 x4 +  0.180 x2 x5 + -0.059 x2 x6 +  0.010 x2 x7 + -0.146 x3^2 +  0.605 x3 x4 + -0.482 x3 x5 +  0.234 x3 x6 + -0.077 x3 x7 + -0.442 x4^2 +  0.763 x4 x5 + -0.526 x4 x6 +  0.224 x4 x7 + -0.437 x5^2 +  0.820 x5 x6 + -0.396 x5 x7 + -0.446 x6^2 +  0.427 x6 x7 + -0.092 x7^2 + -0.003 x0^2 x1 +  0.002 x0^2 x2 + -0.001 x0^2 x3 +  0.004 x0 x1^2 + -0.003 x0 x1 x3 +  0.003 x0 x1 x4 + -0.003 x0 x1 x5 +  0.002 x0 x1 x7 + -0.007 x0 x2^2 +  0.012 x0 x2 x3 + -0.008 x0 x2 x4 +  0.005 x0 x2 x5 + -0.001 x0 x2 x6 + -0.001 x0 x2 x7 + -0.005 x0 x3^2 +  0.017 x0 x3 x4 + -0.022 x0 x3 x5 +  0.017 x0 x3 x6 + -0.008 x0 x3 x7 + -0.018 x0 x4^2 +  0.037 x0 x4 x5 + -0.022 x0 x4 x6 +  0.010 x0 x4 x7 + -0.010 x0 x5^2 + -0.003 x0 x5 x6 +  0.002 x0 x5 x7 +  0.010 x0 x6^2 + -0.009 x0 x6 x7 +  0.002 x0 x7^2 +  0.002 x1^3 + -0.024 x1^2 x2 +  0.019 x1^2 x3 + -0.006 x1^2 x4 + -0.001 x1^2 x5 +  0.006 x1^2 x6 + -0.006 x1^2 x7 +  0.049 x1 x2^2 + -0.063 x1 x2 x3 +  0.002 x1 x2 x4 +  0.028 x1 x2 x5 + -0.032 x1 x2 x6 +  0.020 x1 x2 x7 +  0.013 x1 x3^2 +  0.017 x1 x4^2 + -0.045 x1 x4 x5 +  0.021 x1 x4 x6 + -0.009 x1 x4 x7 +  0.004 x1 x5^2 +  0.039 x1 x5 x6 + -0.018 x1 x5 x7 + -0.035 x1 x6^2 +  0.030 x1 x6 x7 + -0.006 x1 x7^2 + -0.027 x2^3 +  0.034 x2^2 x3 +  0.029 x2^2 x4 + -0.054 x2^2 x5 +  0.046 x2^2 x6 + -0.022 x2^2 x7 +  0.012 x2 x3^2 + -0.091 x2 x3 x4 +  0.088 x2 x3 x5 + -0.059 x2 x3 x6 +  0.024 x2 x3 x7 +  0.021 x2 x4^2 +  0.001 x2 x4 x5 + -0.039 x2 x5 x6 +  0.021 x2 x5 x7 +  0.036 x2 x6^2 + -0.031 x2 x6 x7 +  0.006 x2 x7^2 + -0.020 x3^3 +  0.072 x3^2 x4 + -0.052 x3^2 x5 +  0.030 x3^2 x6 + -0.013 x3^2 x7 + -0.051 x3 x4^2 +  0.047 x3 x4 x5 + -0.032 x3 x4 x6 +  0.020 x3 x4 x7 + -0.016 x3 x5^2 +  0.049 x3 x5 x6 + -0.033 x3 x5 x7 + -0.030 x3 x6^2 +  0.029 x3 x6 x7 + -0.004 x3 x7^2 +  0.016 x4^3 + -0.027 x4^2 x5 +  0.018 x4^2 x6 + -0.015 x4^2 x7 +  0.006 x4 x5^2 +  0.017 x4 x5 x7 + -0.009 x4 x6^2 +  0.003 x4 x6 x7 + -0.003 x4 x7^2 +  0.018 x5^3 + -0.068 x5^2 x6 +  0.020 x5^2 x7 +  0.086 x5 x6^2 + -0.066 x5 x6 x7 +  0.016 x5 x7^2 + -0.033 x6^3 +  0.041 x6^2 x7 + -0.018 x6 x7^2 +  0.003 x7^3 | (x7)' =  21.487 1 + -19.101 x0 +  52.121 x1 + -82.419 x2 +  78.419 x3 + -23.564 x4 + -77.708 x5 +  228.538 x6 + -154.323 x7 + -0.092 x0^2 +  0.268 x0 x1 + -0.142 x0 x2 + -0.018 x0 x3 +  0.123 x0 x4 + -0.084 x0 x5 + -0.017 x0 x6 +  0.057 x0 x7 + -0.435 x1 x2 +  0.534 x1 x3 + -0.389 x1 x4 +  0.049 x1 x5 +  0.169 x1 x6 + -0.191 x1 x7 +  0.296 x2^2 + -0.296 x2 x3 +  0.079 x2 x4 +  0.278 x2 x5 + -0.408 x2 x6 +  0.321 x2 x7 + -0.068 x3^2 +  0.269 x3 x4 + -0.578 x3 x5 +  0.526 x3 x6 + -0.281 x3 x7 + -0.199 x4^2 +  0.589 x4 x5 + -0.316 x4 x6 +  0.039 x4 x7 + -0.325 x5^2 +  0.192 x5 x6 +  0.185 x5 x7 +  0.134 x6^2 + -0.357 x6 x7 +  0.090 x7^2 +  0.002 x0^3 + -0.012 x0^2 x1 +  0.011 x0^2 x2 + -0.002 x0^2 x3 + -0.006 x0^2 x4 +  0.010 x0^2 x5 + -0.011 x0^2 x6 +  0.005 x0^2 x7 +  0.023 x0 x1^2 + -0.035 x0 x1 x2 + -0.007 x0 x1 x3 +  0.041 x0 x1 x4 + -0.053 x0 x1 x5 +  0.059 x0 x1 x6 + -0.031 x0 x1 x7 +  0.011 x0 x2^2 +  0.027 x0 x2 x3 + -0.058 x0 x2 x4 +  0.058 x0 x2 x5 + -0.061 x0 x2 x6 +  0.033 x0 x2 x7 + -0.028 x0 x3^2 +  0.059 x0 x3 x4 + -0.031 x0 x3 x5 +  0.027 x0 x3 x6 + -0.015 x0 x3 x7 + -0.017 x0 x4^2 + -0.007 x0 x4 x5 +  0.008 x0 x4 x6 + -0.002 x0 x4 x7 +  0.019 x0 x5^2 + -0.032 x0 x5 x6 +  0.014 x0 x5 x7 +  0.017 x0 x6^2 + -0.019 x0 x6 x7 +  0.006 x0 x7^2 + -0.018 x1^3 +  0.053 x1^2 x2 + -0.006 x1^2 x3 + -0.036 x1^2 x4 +  0.057 x1^2 x5 + -0.075 x1^2 x6 +  0.045 x1^2 x7 + -0.072 x1 x2^2 +  0.051 x1 x2 x3 +  0.055 x1 x2 x4 + -0.109 x1 x2 x5 +  0.166 x1 x2 x6 + -0.107 x1 x2 x7 + -0.007 x1 x3^2 + -0.031 x1 x3 x4 +  0.035 x1 x3 x5 + -0.085 x1 x3 x6 +  0.065 x1 x3 x7 +  0.052 x1 x4 x5 + -0.012 x1 x4 x6 + -0.015 x1 x4 x7 + -0.060 x1 x5^2 +  0.090 x1 x5 x6 + -0.031 x1 x5 x7 + -0.051 x1 x6^2 +  0.051 x1 x6 x7 + -0.015 x1 x7^2 +  0.047 x2^3 + -0.104 x2^2 x3 +  0.019 x2^2 x4 +  0.046 x2^2 x5 + -0.105 x2^2 x6 +  0.073 x2^2 x7 +  0.108 x2 x3^2 + -0.107 x2 x3 x4 +  0.002 x2 x3 x5 +  0.135 x2 x3 x6 + -0.116 x2 x3 x7 +  0.052 x2 x4^2 + -0.091 x2 x4 x5 + -0.012 x2 x4 x6 +  0.052 x2 x4 x7 +  0.076 x2 x5^2 + -0.104 x2 x5 x6 +  0.023 x2 x5 x7 +  0.066 x2 x6^2 + -0.065 x2 x6 x7 +  0.020 x2 x7^2 + -0.053 x3^3 +  0.116 x3^2 x4 + -0.037 x3^2 x5 + -0.063 x3^2 x6 +  0.068 x3^2 x7 + -0.100 x3 x4^2 +  0.085 x3 x4 x5 +  0.079 x3 x4 x6 + -0.110 x3 x4 x7 + -0.029 x3 x5^2 + -0.006 x3 x5 x6 +  0.041 x3 x5 x7 + -0.022 x3 x6^2 +  0.027 x3 x6 x7 + -0.015 x3 x7^2 +  0.018 x4^3 +  0.032 x4^2 x5 + -0.093 x4^2 x6 +  0.078 x4^2 x7 + -0.108 x4 x5^2 +  0.232 x4 x5 x6 + -0.138 x4 x5 x7 + -0.074 x4 x6^2 +  0.053 x4 x6 x7 +  0.001 x4 x7^2 +  0.072 x5^3 + -0.190 x5^2 x6 +  0.091 x5^2 x7 +  0.145 x5 x6^2 + -0.112 x5 x6 x7 +  0.013 x5 x7^2 + -0.038 x6^3 +  0.041 x6^2 x7 + -0.012 x6 x7^2 +  0.001 x7^3
34,80.0,1000.0,37.49490932254601,3,8,5,20.0,140.0,0,0.0,finite_difference,success,,1203,1320,91.13636363636364,34.66303180530667,"[""1"", ""x0"", ""x1"", ""x2"", ""x3"", ""x4"", ""x5"", ""x6"", ""x7"", ""x0^2"", ""x0 x1"", ""x0 x2"", ""x0 x3"", ""x0 x4"", ""x0 x5"", ""x0 x6"", ""x0 x7"", ""x1^2"", ""x1 x2"", ""x1 x3"", ""x1 x4"", ""x1 x5"", ""x1 x6"", ""x1 x7"", ""x2^2"", ""x2 x3"", ""x2 x4"", ""x2 x5"", ""x2 x6"", ""x2 x7"", ""x3^2"", ""x3 x4"", ""x3 x5"", ""x3 x6"", ""x3 x7"", ""x4^2"", ""x4 x5"", ""x4 x6"", ""x4 x7"", ""x5^2"", ""x5 x6"", ""x5 x7"", ""x6^2"", ""x6 x7"", ""x7^2"", ""x0^3"", ""x0^2 x1"", ""x0^2 x2"", ""x0^2 x3"", ""x0^2 x4"", ""x0^2 x5"", ""x0^2 x6"", ""x0^2 x7"", ""x0 x1^2"", ""x0 x1 x2"", ""x0 x1 x3"", ""x0 x1 x4"", ""x0 x1 x5"", ""x0 x1 x6"", ""x0 x1 x7"", ""x0 x2^2"", ""x0 x2 x3"", ""x0 x2 x4"", ""x0 x2 x5"", ""x0 x2 x6"", ""x0 x2 x7"", ""x0 x3^2"", ""x0 x3 x4"", ""x0 x3 x5"", ""x0 x3 x6"", ""x0 x3 x7"", ""x0 x4^2"", ""x0 x4 x5"", ""x0 x4 x6"", ""x0 x4 x7"", ""x0 x5^2"", ""x0 x5 x6"", ""x0 x5 x7"", ""x0 x6^2"", ""x0 x6 x7"", ""x0 x7^2"", ""x1^3"", ""x1^2 x2"", ""x1^2 x3"", ""x1^2 x4"", ""x1^2 x5"", ""x1^2 x6"", ""x1^2 x7"", ""x1 x2^2"", ""x1 x2 x3"", ""x1 x2 x4"", ""x1 x2 x5"", ""x1 x2 x6"", ""x1 x2 x7"", ""x1 x3^2"", ""x1 x3 x4"", ""x1 x3 x5"", ""x1 x3 x6"", ""x1 x3 x7"", ""x1 x4^2"", ""x1 x4 x5"", ""x1 x4 x6"", ""x1 x4 x7"", ""x1 x5^2"", ""x1 x5 x6"", ""x1 x5 x7"", ""x1 x6^2"", ""x1 x6 x7"", ""x1 x7^2"", ""x2^3"", ""x2^2 x3"", ""x2^2 x4"", ""x2^2 x5"", ""x2^2 x6"", ""x2^2 x7"", ""x2 x3^2"", ""x2 x3 x4"", ""x2 x3 x5"", ""x2 x3 x6"", ""x2 x3 x7"", ""x2 x4^2"", ""x2 x4 x5"", ""x2 x4 x6"", ""x2 x4 x7"", ""x2 x5^2"", ""x2 x5 x6"", ""x2 x5 x7"", ""x2 x6^2"", ""x2 x6 x7"", ""x2 x7^2"", ""x3^3"", ""x3^2 x4"", ""x3^2 x5"", ""x3^2 x6"", ""x3^2 x7"", ""x3 x4^2"", ""x3 x4 x5"", ""x3 x4 x6"", ""x3 x4 x7"", ""x3 x5^2"", ""x3 x5 x6"", ""x3 x5 x7"", ""x3 x6^2"", ""x3 x6 x7"", ""x3 x7^2"", ""x4^3"", ""x4^2 x5"", ""x4^2 x6"", ""x4^2 x7"", ""x4 x5^2"", ""x4 x5 x6"", ""x4 x5 x7"", ""x4 x6^2"", ""x4 x6 x7"", ""x4 x7^2"", ""x5^3"", ""x5^2 x6"", ""x5^2 x7"", ""x5 x6^2"", ""x5 x6 x7"", ""x5 x7^2"", ""x6^3"", ""x6^2 x7"", ""x6 x7^2"", ""x7^3""]","[[-36.96815463858326, 14.60643949937565, -39.27839944107601, 11.068232620755769, 3.6409018097208317, 5.759546628791515, -2.680046812308796, 0.0, 0.8653864874140013, 0.02510987799272656, 0.07344523904331808, -0.04291277131703502, -0.03413886537495121, -0.03429947898974967, 0.013002730626311671, 0.021222117433465644, 0.0, -0.02084005571183206, -0.032559165561605645, 0.005849443196370216, 0.01725053239451368, 0.0007698989799250825, -0.011984922668614412, -0.022873161189371022, 0.028021034292402717, 0.00038639698693347364, 0.018379828903605275, -0.018431558060892507, -0.00443717639732327, 0.006795563956072055, -0.004401537309125519, 0.011831017880172105, 0.006679262729218802, -0.011789782836941768, 0.01811924068361203, -0.008316544922254282, 0.0, -0.007617876778906953, 0.004194527334197282, 0.002287441990358049, -0.030999741256920673, 0.01589054026151174, 0.02770755259023232, -0.016827301159115234, -0.0015534242834472406, -0.00016071390229404261, 0.0008294316762287923, 0.0002183170512114601, -0.0003720014581874459, -0.00015353579278488312, -0.00040850187235535584, -4.053792794054567e-05, -0.00016325752881890418, -0.0009509292187786639, 0.0014826414429209669, -0.0005975697613433276, 0.00044797087977990616, 0.00020341732055913805, -0.0011322118283981898, 0.0007749019823509468, -0.0005220908433322304, 0.0014393152461460274, -0.001739446698735913, 2.1023054231118618e-05, 0.00043513101916668354, -0.0006955417328694684, -9.594521158592492e-05, 0.0011540495287193457, -0.0005533574510682154, 5.978753025861314e-05, -2.336085044898535e-05, 0.00045832278886070597, 0.0008610651188790582, -0.00010291786195423496, -0.0007558209330160335, 2.168565179342721e-05, 0.0007296039330256174, -6.792810436625228e-05, 0.00031833662313899387, -0.0004772041764071706, 0.0006287166203973129, 0.0003014883385984444, -0.00027465603373734443, 6.730270276887348e-05, -3.57686129301926e-05, -0.0002174570369028824, 0.00093475430184614, -0.0002664233739263526, -0.0003194328972468588, -0.0005927763973534936, 0.0006683705893441313, 0.00046829914517549135, -0.0011878323724714647, 0.0005890968818570014, 0.000308299837237714, -0.00013433368654912082, 0.00022575343805434248, 0.000541493453362212, -7.847021442271885e-05, -0.000572666476053525, 8.126931679802648e-05, 0.00027737607716429223, 0.0002260428832251039, -0.000518507308893039, -0.00028097925306785714, 0.0003455717513867371, -0.00044604547606439017, 0.0, -0.00045051291616182053, -9.312684504669872e-05, 9.825527636925224e-05, 0.0, -2.490540813939912e-05, 0.0005376791103151664, -0.0003230582235115833, -0.00029018215376798, -0.0001914576160900392, 0.0005549461288065501, 9.326295866190786e-05, 0.0, 0.0003606139992896506, -0.0007110153201092356, 0.000353276949528115, -0.0005299629599958712, 0.0, -0.0005623743647125254, 0.0007500851902069119, 0.0005578626110330394, -0.0001733947626323964, 0.00016636401324079006, -0.00013359508133120793, -0.00014587971732599737, 8.38073639876199e-05, -0.00010374576938628988, 1.9874199544329397e-05, 0.0, 0.0, -0.00017453479533604692, 0.0, -1.0415595232440539e-05, -0.0002139166343860233, 0.0002788852737046417, -0.0001485826431679769, -0.00024658070742978726, -7.80067842680972e-05, -7.445938446864124e-05, 0.0001735904219333793, -0.0001832606970227194, 0.0003569235771395457, -0.0004984252316913958, 0.0004267311119976071, 4.505566435245427e-05, -0.0006311157360565979, 0.00016616442846627554, 7.779076206991211e-05, 0.00012944151568577652, -0.0002839018568726453, 0.0, 0.0003315351778498328, -3.324124037611347e-06, 0.0, 9.979391649085896e-05, 0.00018705986128320995, -0.0005137557263586328, 0.00016472796664871773], [-49.64373233328265, 31.542985750101153, 1.2498385503739031, -36.22086856439667, 7.279103371112066, -2.6937917337933284, 2.651635875925041, -2.4853272389964425, -0.011620960423859765, 0.12412830715349801, -0.2413167027694203, 0.03537986653238457, -0.00996889778656748, 0.02184199195133864, 0.008314444359521476, -0.017541827919341287, -0.007363092646924773, 0.017196067748260428, 0.14302322285095292, 0.0, 0.001651535500683056, -0.03147390096033829, 0.01924971643058413, 0.025348483694023084, -0.06644389193107436, -0.025935933430925144, 0.0, 0.014065907441692132, 0.00404776047021197, -0.020151689958386773, 0.024908042279669387, -0.016884360876688494, 0.0035716909596107053, 0.005467209061133099, -0.002045333632309215, -0.003449720375755748, 0.0, 0.0, 0.0, -0.0039867423329016435, 0.01951398874621797, -0.0054384501128944265, -0.007584765287892366, -0.016056367738816274, 0.012886016071044717, 1.132561228133969e-06, -0.0007310627740174429, 0.00016008659198402618, -8.466709597731546e-05, 0.00034277578074457974, -0.0003420893472718768, 0.00043681511530280036, 0.00015694923456282804, 0.001536854714829849, -0.0017283115867828098, 0.0007794670182190038, -0.001382615551505199, 0.0009626261259671282, -0.00029432720595191426, 1.5181339696018467e-05, 0.0013310584705881038, -0.0017195393208654104, 0.0012722101692655306, -0.00043693149838848434, -0.0005754354806523467, 0.0, 4.4854093229410324e-05, -0.00010587814891460026, 0.00024911241685569933, 0.0, 0.00071605201489369, -9.237731728980334e-05, -0.00021580913783583657, -0.00023825129436086897, -0.0003314622011337449, 7.625821614029277e-05, -0.0002831930225025003, -0.00020732423647273223, 0.00012011970276868977, 0.0006589715618736914, -0.000401287375047907, -0.00012011832261642509, -0.00025418843269222355, 8.622326238989989e-05, -0.00011861160037294983, -6.02452074199708e-05, -0.0002294069273445622, -0.0005483330714292933, -0.0005946892557884575, 0.0015158099027422272, -6.738206401717486e-05, 0.00044273782848766125, 0.000634704063666606, 0.0004156838683629394, -0.00048810700649292804, 0.0004002281538649687, -0.0009456805619420881, -6.400483533591598e-06, -0.0005494121515764684, 0.00028877603611066516, 0.0, 0.0, 0.00030128543667528495, 0.00020800062407949673, 0.00014943876040601723, 0.0, 0.0, -7.710982027129103e-05, 0.0003230397784884325, 0.00038943182301741163, -0.0005934616727880812, -0.0003381296523613356, -0.00022429118973717383, -0.00018439795647640425, 0.0003071829263356267, 0.000309041757149572, 3.4052912633674055e-05, 0.00020481395634846234, 0.00022920892787444856, -0.0005341007265607587, 1.8759097813895392e-05, 8.899483759972762e-05, -0.00011406205282468997, 0.0001532811374162461, -0.0001335298601675817, 0.0004864938759328851, 1.0730322684084984e-05, -0.000372690007929665, -0.000156028090068339, -0.00033248970282487956, -9.114826008545983e-05, 0.0, 0.00016924018291259466, 4.8516113429314946e-05, 8.642722202850168e-05, -0.00016399437331333688, -0.0004664339336396024, 0.00031118582790089634, 0.0004180638398932187, 0.0003360735201341017, -0.0004013938656331137, -0.0003464575557232235, -3.875781061159852e-05, 4.895114933361872e-05, 0.000264664517878002, 4.723330376448628e-05, -8.769403646176512e-05, 4.2823767407128546e-05, -0.00019904393330828573, 8.493184011077612e-05, 0.00033086063710916223, -0.0001080276834319587, 0.00017437180681148127, -0.0001977831376010084, 9.656829984299576e-05, 0.0, 0.00018492205231675855, -0.0001843381434564331, -0.0004444223856228058, 0.000513046862762001, -0.00034795325072415435, 6.175588861084148e-05, -0.00023808060447444464, 0.0003235844860890886, 9.42223519896973e-06], [-32.100213768721225, -7.769422451916879, 35.06629732752363, 0.0, -35.024902960706015, 8.728736404411162, -2.1337826276032374, 2.5870966956248274, -1.6645775001256153, -0.0407431789863993, -0.025234555508234818, 0.14473535510717375, -0.08558625626502768, 0.012789910902976459, 0.0, 0.006485119157045022, 0.0, 0.16266515448768912, -0.3283763784559243, 0.070293070796108, -0.004772080686064367, 0.022792850291975728, 0.0, -0.010082651134639454, 0.04469297573241364, 0.12018429216196777, -0.04012954070597868, 0.0018053720734893769, -0.03116433024818494, 0.018319907336521682, -0.05773631632352311, 0.0024160920243124803, -0.0029607990650911075, 0.007399037382034785, 0.0, 0.015621879366035485, 0.0, 0.0014255863109692098, 0.005258046009680297, -0.005196645256754384, -0.001233909966820373, -0.011084865837325944, 0.0, 0.016662341880732616, -0.009126213107301582, -3.697246275083824e-05, -0.00047625998389933216, 0.0009302268267762494, -0.0006678452206651454, 0.0002206385123684048, 0.00030946726137253663, -0.00010222648872558021, -0.00033814727805193826, 0.0005875703737970221, -0.0007899572246474014, 0.001010133767370864, -0.00014694826536655034, -0.0001939628173531734, -0.00026567230086090997, 0.0, -0.0007946977472550036, 0.001339850833813432, -0.000521915631663741, -0.00010559828480293433, 0.0, 0.0008491512458591737, -0.00047608394023927915, 0.0006378572354397298, -0.00025601267008395747, -0.00024659817340914327, 0.0, 6.735565671578805e-05, 0.0, -0.00011419626461280275, -0.00034134715197915857, -0.00013448602293129186, 0.000893606312267108, -3.743171942522763e-05, -0.00010276986485374029, -0.00031422603828169126, -9.597311423902777e-06, 1.6783751044411946e-05, -0.0008227677516139584, -0.00015561029248840717, -1.1634285906067554e-05, 0.00024082747847951056, -0.0001996043151969725, 0.0004975365265059608, 0.0021172308375761173, -0.002255974833131077, 0.0008141355311081934, -0.0012239854934485977, 0.0008193313832763378, -0.0006954236260486252, 0.0015353305390129314, -0.0019305390314076527, 0.0012844841860368615, -8.12846180980624e-05, -0.0009236941544414674, -0.00010214383338612835, 0.00032289231185866863, -0.00028121320935270053, 0.0015525063862246427, -0.00013226553761369264, -0.00014416547350397943, -0.0009489743534003297, -3.313791281385305e-05, 0.0002516584943358664, 0.0002545968630902229, -0.0003310152567407557, 7.528134407773431e-05, 0.00024589308775351025, -0.0001735942572410259, -7.341646795391867e-05, -0.0002990991949301795, -0.000970170081685207, 0.001323305608143811, -0.00014815693242300183, 0.0005455326521554183, 0.0008456542633542458, -0.0004279694305870986, 0.0002981193330154884, -0.0006894837231945442, -0.0009682030416455693, 0.00022013700823193656, 0.0, 0.000579885666572305, 0.00025049701789688127, -0.00020453484640498427, 8.758744930982283e-05, 0.0004810867627592168, -0.0005677048616759731, -0.00013740473853382255, -0.0003514305737677067, -8.44178250806723e-05, 0.00019778460043617021, -0.00020867166690193318, 0.000503165624542645, 0.00015314215113023156, 0.00016651849109293145, -0.0002823563042576385, -5.6871971729769524e-05, -0.0001412981780692907, 0.0005208500998704806, -0.0003850681388555818, -0.00014962991675150828, 0.00022952972207186716, 0.00011192800316040286, 0.00011118449879599314, -0.0002698453555635635, -0.0005457510338134632, 0.0005771312138976895, 0.00031702250474707153, -0.0006444409838531316, 3.7374734697419018e-06, 8.176506905694244e-05, -0.0003291846013539335, 1.3707340613009288e-05, 0.00012488396599907357, 0.000448630263484902, 0.0, 0.0, 6.710777387794742e-05, -0.000269126462776962, 0.0], [-31.818742633572278, 0.0, -7.7974080857796855, 35.73733495934368, -0.21963178839849723, -35.29833686170873, 8.263449262568951, -2.2238386822632394, 1.473884533302486, 0.009027457998484773, 0.03885740054669816, -0.05679980639942214, 0.015407681721431102, 0.006337994669026343, -0.0121014367925335, 0.0, 0.005987974029357094, -0.06511477741796201, 0.00420319624911727, 0.13881069616204048, -0.08525358907678289, 0.0, 0.0, 0.0016797805097634195, 0.15579599830678964, -0.3215568596578269, 0.07247077464517541, 0.00851634994481648, 0.02271668553154353, 0.0, 0.04334506718208241, 0.12092129681681305, -0.04300634513402699, -0.0014199189961804446, -0.019983189960565112, -0.0655268650285299, 0.01223990560313708, -0.007471493082618579, 0.015065171202063415, 0.0158539005685454, 0.0, 0.0, -0.005354981335542925, 0.0009399888653402652, -0.003957553786581734, 0.00010628602743507098, 0.00025861865625251534, -0.0004362280674764374, 0.0, 5.084136313085949e-05, -0.0003167663805216987, 0.0, 0.0, -0.00013080500838130154, 0.0012314658158664765, -0.0009719775770087347, -0.00017362931326445603, 0.0002932654275920858, 0.00023127639094145213, 6.78061630735897e-05, -0.0006781564341342077, 0.0007369104297144483, 9.123537466579728e-05, -5.1095985555145196e-05, -2.6855015371289422e-05, -0.00046618793869973086, 0.0, 5.343636122963127e-06, 5.980415323691601e-05, 6.053419198923076e-05, -0.00011568250887527149, 0.00017983023637026588, -0.00044043099077867764, 0.0005466611373019206, -0.00011908620373886557, 0.0005550010959645623, -0.0010065028493866832, 0.00042389853249374736, 1.9062745318246178e-05, 2.581773352812431e-05, 0.00028763677978129896, -0.0002029609400338848, -0.0006555276816151366, 0.001362264529881926, -0.0006755060762360788, 0.00018960554064297494, 0.0002491759323655079, -0.0002711318530135861, 0.0008587812525538772, -0.0014286336871048983, 0.000745191853678637, -0.0004136186850940362, -0.00016333735057089515, 1.255602032981243e-05, -0.0006469773476697831, 0.0015332866908672718, 0.0, -0.0003155334239056306, 0.0004211330791543438, -0.0006182076626187915, 0.000555947274665296, -0.0006447724499548239, 0.0, -0.00021854095454825332, 0.0004447679757220545, -0.0005826444842412765, -5.3816176284260485e-05, 0.0007928031850515724, -0.000462708612056705, -5.509185332236108e-05, -0.0005395111933532627, -7.024815305840255e-05, 0.00031153800170337397, 0.00018762854223855182, -6.66479780093356e-05, 0.0019476206181242618, -0.002128521994181039, 0.00038997441482421644, -0.0011845436354387961, 0.00048083439412551296, 0.0011408181355680167, -0.001296574807322029, 0.0012542100498561621, -0.0003491262716135255, 7.222541836089681e-05, -4.9002911947113036e-05, 0.0005401526175365504, -9.994176927725535e-05, -0.00039735210989372873, 0.00012797722026766173, -0.00038036687152752055, 0.000170821894160876, 0.00017330427438168113, 8.479881416713711e-05, -0.00014228734548800707, -0.0008446931588884027, 0.0008846927045199472, -0.0005050309346297078, 0.00045294267041574214, -0.00038241955175976044, 0.0006134136654527989, -0.000876394830397876, 0.00017113826609383432, 0.0, 0.00027287235270623993, 0.000297364494120562, 0.0, 0.0, 0.0, -0.00011873912476495235, 0.0, -3.373543675248665e-05, 0.0001283441237920798, 0.0, -0.0001267036151724384, -0.00015065755309764392, 0.0004381287451734186, 0.0, -0.00032633005273695353, -0.00019342171946001662, -7.379585438271362e-07, 4.790750711878674e-05, -0.00025447939131011485, 0.0002927801064303492, -3.2921001115429274e-05], [-44.15180186984711, -1.6817704236920434, 2.1990481077651056, -9.068842948926996, 36.31097066246475, 0.5425668919146767, -35.26494528225996, 7.689963210527694, -0.8774667844132895, 0.001542010902861923, -0.03162009867619004, 0.03571856737865276, -0.024691527031381003, 0.021483060668047924, -0.0034215134164515123, 0.016660363628038525, -0.015615304464749617, 0.027316987685721137, 0.022833702145755943, -0.04550325915458023, 0.00823169023429174, 0.01409065492138349, -0.028668666489900983, 0.010904147659615468, -0.06589276857851191, -0.0015176764989901425, 0.13694146093457776, -0.09937658332470804, 0.02039556586651161, 0.0, 0.15972944941269626, -0.3207511243083506, 0.08231610885502506, -0.0022333187681161802, 0.022616494302074987, 0.03754990371891085, 0.11450341193010453, -0.03701629063650556, -0.010425154650515299, -0.05975425003503306, 0.0057842799556292075, 0.0010822724424378969, 0.01737737321558417, -0.008009977574337685, 0.0, 8.103106857543242e-05, -0.00022353270290406156, 0.00020476845012996043, -4.5639189488761814e-05, -0.00016745149336446375, -8.534334700765303e-05, 0.0003070785551772324, -0.00013338990915445753, 0.00028466353718109366, -0.0009342045738798811, 0.0005192628591062893, 0.00024998399668646427, -0.00016747234322501397, -0.0003299364406246337, 0.0, 0.0004941714678622848, -0.00019769063311450598, -0.0003066536590937293, 0.00035490282144868954, -0.00015102708434491024, 0.0005330563288618137, -0.00015557492586910302, 0.00016870172361820515, -0.00024030204388277208, -0.0001489739640573813, -0.00028929610697626604, -0.0001912220268885766, 0.00030919872494547816, 9.402609375024703e-06, 0.00018561343845639936, 0.0002105247834926001, -0.0004486420868156209, 0.0, 0.00037636950523564714, 1.6302774881677355e-05, 0.0, 6.608507805264675e-05, 0.0005767912309571763, -0.0007683030757781115, 0.0, 6.445353234853475e-05, -0.00018791084955045986, 0.0, -0.00047107132524567305, 0.0017158594863071672, -0.0007700013010784536, -0.0001883718466816512, 0.0001634835289336981, -6.306309649338795e-06, -0.0008563225875331981, 0.0006725394143983342, 0.0001207330870362929, 0.00040455371251653074, -0.00012293220197182075, 8.325453853840635e-05, -0.00014654000034901456, 0.0, -0.00012655742652709938, -2.7807699723069284e-05, 0.0, 0.0007593053527217887, 5.488281481152371e-05, -0.0007022828344207982, 0.0, -0.00013510205245727196, -0.0008130521671877555, 0.0012434628892948926, -0.0007697888036452317, 0.0003257117753174845, 0.00016422723721190195, 0.0009414383857462936, -0.0014354369280439394, 0.0006606514468005038, -0.0006229142007028485, -0.00018839305686630257, -0.0006013696100698942, 0.0015273432162706217, 0.0, -0.00018726742792448705, -0.0005199168759509125, 0.000322153888724901, -0.0006109064270429712, 0.00010251404954737113, -9.079013198533129e-05, 0.00029457448206326683, -7.938772823093265e-05, -0.00041762200764628875, -2.1421362421952936e-05, 0.00038220101239979195, 0.00017668464126948858, 0.0020102347585237456, -0.0022226206589734806, 0.00032543027287449555, -0.0008321743500360693, 0.0011946542309110278, -0.001240841562339148, 0.0009915559654586198, -9.402748874718704e-05, 0.000281341927970756, -0.00027955089775049514, -0.0003786999112920449, 0.000194457927626127, -7.981656170587473e-06, 0.0, -0.0008255044189353752, 0.0008263346985014785, 0.00023479624928579774, -0.0003977733261399617, 0.00023878562013397695, 0.00011144815221587134, 0.00032423600923055815, 0.0, -0.0005120576723277022, -3.74388120827769e-05, 0.0, 0.00014698892422317618, -0.00013064498710616706, 0.000402936462755751, -0.00037838555336944073, 7.076316618158505e-06], [-35.9905058404042, 2.6353210709434136, -2.5445804550244238, 1.7776303565742266, -8.757650951032614, 35.09047060527816, 0.0, -34.43193580481451, 6.784747288525727, 0.0, 0.02268537624653419, -0.02391218697638161, 0.022721414273375238, -0.015135295258443713, -0.01384752634352295, 0.008453731716815679, 0.0, -0.012100188049757397, -0.019020352387172486, 0.02046966301225496, -0.01995270828025597, 0.025137158065687688, 0.0024868010281611894, 0.0, 0.02253658099465711, 0.028681729576199556, -0.03870710364128694, 0.014144566739630774, 0.0, -0.009563885816489204, -0.06364812154374748, -0.004158092079134908, 0.13128437218103028, -0.08542096780188649, 0.0, 0.1640364748124158, -0.31449067064833924, 0.06996240063797915, 0.016173640928295107, 0.03429566821855352, 0.11746830737603864, -0.03999960349997328, -0.060416755064403166, 0.008451867975672116, 0.012674532011462278, -7.942138680020703e-05, 0.00034405431982339324, 0.0, -0.00025416107836049906, 0.0002257386027179976, 0.00021915310462782366, -0.0003563438451964802, -4.8748580276467856e-05, -0.0004089587638715556, 0.0002139671520170214, 0.00042686353594602853, 0.0, -0.0006142910286572476, 0.0005212178753237925, -0.00012001001124320618, 0.0, -0.00046826495151377, -0.0004252538542694304, 0.0005544247980649053, 3.7591534143176826e-05, -2.5964613525619446e-05, 0.0001411674361642616, 0.00046604540531677033, -0.0006702750757022486, 0.0006373782503838436, 0.0, -0.0005863179898069401, 0.0005970265736074776, -0.0003727190860638853, 9.116246321755237e-05, -0.00029886186298219063, 0.0007398014999027128, 0.0, -0.00036290419866560225, -0.0002120724756223649, -0.0001537714742719551, 7.753942611010143e-05, -6.177656465519098e-05, 3.061487085942747e-05, -8.065879509193457e-06, 9.297601356818314e-05, -0.00024256581734202932, 0.000367578882144915, 0.0, -0.0004362103588864046, 0.0003333597534485474, 6.925933991200926e-05, -0.00014523058238404086, -0.00042425722364649205, 0.00028442741712642955, 0.0, 0.0, -0.00028328735151442137, 0.00029396538860372676, -0.00030298571481560897, 8.656914154554203e-05, 0.0, -0.00025282962179783706, -0.00014076403253058734, 0.0, 0.00015808800535836487, 0.0003748189672545044, -0.00030734160135844057, 0.00038206909847275644, 0.00012302262807717694, 0.00040143535907985944, -0.0004862524062792151, 0.0, 7.497894605397316e-05, -0.00017021773986559277, -0.0003219458311256775, 0.0011559719013450795, -0.000642321628127252, -7.309613050719071e-05, 0.00020725993459772796, 0.0, -9.359340684541693e-05, 0.0003641409738229854, -7.544134848175051e-05, 0.00021892422348652026, -0.00016999377864906188, 0.0, -0.00012126676820609695, 0.0002778933907994242, -0.0001446471076753705, -0.00010167745982867151, -0.0006959683819757085, 0.0012849108805055142, -0.0009062574459121441, 0.0002848130750518322, 0.0004929126692593675, -0.0011546546905986373, 0.0006007310119172697, -0.0003606960329515262, -0.0006131525685032403, 0.0014059786036041868, -0.00041317288539589544, -0.00039254025723542077, 0.00024196610882309881, 4.5063028989791665e-05, 0.0001488994683555698, -0.000718833997711588, 9.258835915183497e-05, 0.0003406327023245374, 0.0019639709455027995, -0.0018022538845991435, -3.9469360414757986e-05, 0.0008837416196764099, -0.0006653015809093498, 5.394472348581537e-05, -0.0003653511236577592, 7.564605062895045e-05, 0.00010069946922755665, -0.0007077575283456894, 0.0006524887181567441, -0.00012613923103884929, 0.00029189390349241954, 0.0, -0.00019332539896397687, 1.9621281408603553e-06], [-45.44384272642627, 0.06860592756339494, 2.265044742502453, -2.186932266469033, 2.725956586413552, -7.202443765387877, 36.15511519325068, -1.2093576917650875, -31.434220708425826, 0.008222026038735081, -0.019733087006157377, 0.00030133845589313976, 0.016006273880471284, -0.00690802600157885, 0.013743663086227062, -0.0033853501943987055, -0.00929671214078812, 0.008929840898576149, 0.024407175689281264, -0.03213199164373799, 0.02566038327493265, -0.0275944695533637, -0.013799807776704642, 0.014745728786646864, -0.014789690474784546, -0.010695705317911744, 0.021102298177398834, -0.021920296155816567, 0.032566615372572855, -0.009367866058585504, 0.013243083827054318, 0.03640356135684212, -0.048196030971542965, 0.009748757818991836, 0.009592422762817916, -0.06503929052373289, -0.003164796525087208, 0.12967765730896355, -0.08477320128015152, 0.1747627985343847, -0.3241707208349675, 0.07187948951383072, 0.03928548129677768, 0.08640414144985277, -0.040615053950364015, -5.368784154794497e-07, 0.00021568793803989218, -0.0003007982546702258, 0.00029719791270472004, -0.0004242272792404106, 0.00014087356972009393, -0.00011318607412314752, 0.0001303657058679166, -0.00020546305875590928, 0.00019366068738143046, -0.0002889053916819431, 0.0, 0.00047910806189516657, 6.658497726723847e-05, 8.670806349653141e-05, 0.0, 7.419638607363083e-05, 0.00048541500976370845, -0.0006188487221946886, -3.26774564395644e-05, -0.00012720107628622388, 0.00014242522507065813, -0.0004518140891566137, 0.0, 0.00018101568827685887, 0.0, 0.0001521346546312979, 0.00023560537987893913, -0.00040264641927716626, 7.434422522017952e-05, -0.0001554357964965472, 2.481415653171171e-05, 0.0005332644518460853, -0.00015952691619470406, -0.0001556250551875209, 0.00020226882906152963, -2.8849588657815256e-05, 0.00034936468537696553, -0.0002565693136261845, -7.974352157759673e-05, -0.00014085348386961796, 0.00022896303215676135, -0.0003756389692631487, -0.00029529363271521943, 6.420122050856867e-05, 0.00019446894563384328, 0.000537248746496014, -0.0007928979442778452, 0.0006673036714826048, 0.00013211211577470296, -0.00036752173869149897, -0.00030404308891686984, 0.0006141562774007684, -0.00018261964172291682, 0.00019966830595314865, 0.00021424911335580054, -0.00030446693489354266, 0.00041541105737842875, -0.0005495042769243589, 0.0004577524607941725, -0.0007702381254663221, 0.0, 0.0006336196125674474, -0.000550050853621626, 0.0, 0.0, 0.0001138695324864304, -0.00017168149363068388, 0.00015437320914622887, -8.288978623077668e-05, 0.0, -0.0006675914300076818, 0.0005735930672619301, -3.9786474050648164e-05, -0.00017311704347479413, 0.00023554117199354424, -0.00012603632252963635, 7.553581623277443e-05, 3.4880066229204275e-05, 4.08308709515284e-05, 8.269821982958874e-05, -0.00016884070429226404, -0.00018443460648253244, 0.0, 0.00022057289854929892, 6.449769809116105e-05, 0.00028687232399521323, -0.0007128296756461095, 5.6517793044211756e-05, 1.2993798134139094e-05, 0.0, 0.001573610331045766, -0.0010044121570246174, 0.0002289330634226812, -0.0007517853746571755, 0.0006692729256328019, 5.2219138518621706e-05, 0.00014816435487169082, -0.00013351571304957824, 0.0, -0.0001815154366451418, -0.000800777326566606, 0.0013098251016676337, -0.0007867282239428768, 0.0007861219988329356, -0.001545461776808883, 0.0004823389363699146, -0.0004924732179775378, 0.0014517825081305285, -0.0005725484024850671, 8.761585646960018e-05, -0.0006304403998394425, 8.265692265124284e-05, 0.001819867183493625, -0.0015344505984528779, 0.0006468696469371163, -0.0003392963690834562, -7.792846260323576e-05, -0.000201178151809869, 0.0002043934389747851], [0.0, -0.7489319755266688, 0.0, 2.094729487534465, -6.006371298798319, -3.397651487365549, -10.770305294083736, 40.69931915515528, -16.033014026847162, -0.008670168131832863, 0.005838491638555792, 0.0183818654445915, -0.022106441887329156, -0.0045167476223086376, -0.009018118141554591, 0.0, 0.020886162856537095, -0.003011081119913121, -0.029889951968922166, 0.02251846757180743, 0.020425852572923533, 0.0014746998755887073, 0.024493926108844884, -0.017405815080813274, 0.012241889477104471, 0.002233719670519794, -0.03508986767942349, 0.0523105147227223, -0.04790454480972321, 0.012177969071031053, 0.011421599693274586, -0.03611009726390503, 0.0193369738120389, -0.025213321698630844, 0.021778549376556437, 0.015227972962701118, 0.04653306303515185, -0.046349512191744296, 0.021243950196404904, -0.11184450174580235, 0.02878459505681663, 0.12073678465283029, 0.16423459361241655, -0.24047289840344066, 0.004527628911535635, 0.0, -0.00026669812385086706, 0.00041054051630842183, -4.1452248419622854e-05, 0.00046303844292648535, -0.0003021875305566254, 0.0006518647486080394, -0.0003640400461272215, 3.436669494970564e-05, -5.8830369734833927e-05, 0.0, -0.00016799213730648332, 0.00043946473002474853, -0.0007175861682378816, -5.845765664173298e-05, -5.2552370916036574e-05, 0.00020827556265429643, -0.0005641933297496689, 0.00022492946636765913, 0.00024237076763436438, -0.00010809942638739925, 7.86132174367359e-05, 7.766069406491367e-05, 0.0, -0.0007461841160212811, 0.00028862096418833, -0.0003354560839880789, 0.00017734162579390042, -0.000617125096961686, 0.00027541339480411867, -0.0001232197686448246, 0.0, 0.0003108413544614258, -0.00035027533650802526, 0.0007286968013315191, -0.000290097386629717, 1.645985309704659e-05, 0.0003689904346064852, 1.5263087471200848e-05, 0.0003876511957539288, -0.0005768472174940295, 0.0002891247242454682, 3.911062144953461e-06, -0.0005111574636714349, 0.0002875176509172987, -0.00027610061899407566, 8.799047340249081e-05, 0.0006720361627739992, -0.0004328321517396936, 0.00010550149585155332, -0.0002760155245948573, 0.0003926263410345033, -0.0006006146379663337, -0.0001712198961196196, 0.0001229291432812168, 0.0, 0.00019837523716802343, 0.0002547304199753021, 4.624962298481467e-05, 0.0004255269961690814, -0.0002455023068576846, -0.00022782697879680916, 0.0001907801942421711, 2.3742866268170644e-05, 0.0, 0.0007542692862433196, -0.0003297705662686284, -0.00015495641160164934, -0.0001395230427292497, 0.00011829763554844713, -0.0008891542362196599, 0.0012355574518212674, -1.5662608499263618e-05, 0.0007598284389371827, -0.0012657039624819392, 0.0, -0.0006793337146378541, -0.0009624152721886961, 0.000872569741259703, 0.00024943101241737875, -0.0004501537616276155, 0.00023044185231992976, -0.0004485234379245525, 0.0006024746774151029, 0.00026458671894929005, 0.00033912678101954323, -0.00018049974737689104, 5.1826245250235405e-05, 5.799764714359311e-05, -0.00012910510712831503, 0.0, -0.0006426086201386943, 0.00136756660265648, -0.0011937284106633094, 0.0003389600363001626, -0.0005750511903217898, 0.0006517445543106206, -0.00022607916680568037, 0.0, 0.00011454909333047127, 0.0002446961717969378, 0.0002342626128422818, -0.0008433123417703185, 0.0003811535863738207, -0.00015268983177527473, 0.0024823698837010935, -0.001972190357435679, -0.0006908284935666237, 0.00018478991804767242, 0.0006513819681564961, -0.0002615020073372709, -0.0007596052639762159, 0.0016982052330616918, 0.0012463480367397464, -0.002591450226803301, -0.0002586598913204636, -5.347633617813775e-05, 0.00031001508253309106, 8.212413355556296e-05, -9.0758188754131e-05]]",(x0)' = -36.968 1 +  14.606 x0 + -39.278 x1 +  11.068 x2 +  3.641 x3 +  5.760 x4 + -2.680 x5 +  0.865 x7 +  0.025 x0^2 +  0.073 x0 x1 + -0.043 x0 x2 + -0.034 x0 x3 + -0.034 x0 x4 +  0.013 x0 x5 +  0.021 x0 x6 + -0.021 x1^2 + -0.033 x1 x2 +  0.006 x1 x3 +  0.017 x1 x4 +  0.001 x1 x5 + -0.012 x1 x6 + -0.023 x1 x7 +  0.028 x2^2 +  0.018 x2 x4 + -0.018 x2 x5 + -0.004 x2 x6 +  0.007 x2 x7 + -0.004 x3^2 +  0.012 x3 x4 +  0.007 x3 x5 + -0.012 x3 x6 +  0.018 x3 x7 + -0.008 x4^2 + -0.008 x4 x6 +  0.004 x4 x7 +  0.002 x5^2 + -0.031 x5 x6 +  0.016 x5 x7 +  0.028 x6^2 + -0.017 x6 x7 + -0.002 x7^2 +  0.001 x0^2 x1 + -0.001 x0 x1^2 +  0.001 x0 x1 x2 + -0.001 x0 x1 x3 + -0.001 x0 x1 x6 +  0.001 x0 x1 x7 + -0.001 x0 x2^2 +  0.001 x0 x2 x3 + -0.002 x0 x2 x4 + -0.001 x0 x2 x7 +  0.001 x0 x3 x4 + -0.001 x0 x3 x5 +  0.001 x0 x4 x5 + -0.001 x0 x4 x7 +  0.001 x0 x5 x6 +  0.001 x0 x7^2 +  0.001 x1^2 x6 + -0.001 x1 x2 x3 +  0.001 x1 x2 x4 + -0.001 x1 x2 x6 +  0.001 x1 x2 x7 +  0.001 x1 x3 x6 + -0.001 x1 x4^2 + -0.001 x1 x5^2 +  0.001 x2^2 x6 +  0.001 x2 x3 x5 + -0.001 x2 x4 x5 + -0.001 x2 x4 x7 + -0.001 x2 x5 x6 +  0.001 x2 x5 x7 +  0.001 x2 x6^2 + -0.001 x4 x6^2 + -0.001 x6 x7^2 | (x1)' = -49.644 1 +  31.543 x0 +  1.250 x1 + -36.221 x2 +  7.279 x3 + -2.694 x4 +  2.652 x5 + -2.485 x6 + -0.012 x7 +  0.124 x0^2 + -0.241 x0 x1 +  0.035 x0 x2 + -0.010 x0 x3 +  0.022 x0 x4 +  0.008 x0 x5 + -0.018 x0 x6 + -0.007 x0 x7 +  0.017 x1^2 +  0.143 x1 x2 +  0.002 x1 x4 + -0.031 x1 x5 +  0.019 x1 x6 +  0.025 x1 x7 + -0.066 x2^2 + -0.026 x2 x3 +  0.014 x2 x5 +  0.004 x2 x6 + -0.020 x2 x7 +  0.025 x3^2 + -0.017 x3 x4 +  0.004 x3 x5 +  0.005 x3 x6 + -0.002 x3 x7 + -0.003 x4^2 + -0.004 x5^2 +  0.020 x5 x6 + -0.005 x5 x7 + -0.008 x6^2 + -0.016 x6 x7 +  0.013 x7^2 + -0.001 x0^2 x1 +  0.002 x0 x1^2 + -0.002 x0 x1 x2 +  0.001 x0 x1 x3 + -0.001 x0 x1 x4 +  0.001 x0 x1 x5 +  0.001 x0 x2^2 + -0.002 x0 x2 x3 +  0.001 x0 x2 x4 + -0.001 x0 x2 x6 +  0.001 x0 x3 x7 +  0.001 x0 x6 x7 + -0.001 x1^2 x7 + -0.001 x1 x2^2 +  0.002 x1 x2 x3 +  0.001 x1 x2 x6 + -0.001 x1 x3 x5 + -0.001 x1 x3 x7 + -0.001 x2^2 x3 + -0.001 x2 x3 x7 +  0.001 x5 x6 x7 | (x2)' = -32.100 1 + -7.769 x0 +  35.066 x1 + -35.025 x3 +  8.729 x4 + -2.134 x5 +  2.587 x6 + -1.665 x7 + -0.041 x0^2 + -0.025 x0 x1 +  0.145 x0 x2 + -0.086 x0 x3 +  0.013 x0 x4 +  0.006 x0 x6 +  0.163 x1^2 + -0.328 x1 x2 +  0.070 x1 x3 + -0.005 x1 x4 +  0.023 x1 x5 + -0.010 x1 x7 +  0.045 x2^2 +  0.120 x2 x3 + -0.040 x2 x4 +  0.002 x2 x5 + -0.031 x2 x6 +  0.018 x2 x7 + -0.058 x3^2 +  0.002 x3 x4 + -0.003 x3 x5 +  0.007 x3 x6 +  0.016 x4^2 +  0.001 x4 x6 +  0.005 x4 x7 + -0.005 x5^2 + -0.001 x5 x6 + -0.011 x5 x7 +  0.017 x6 x7 + -0.009 x7^2 +  0.001 x0^2 x2 + -0.001 x0^2 x3 +  0.001 x0 x1^2 + -0.001 x0 x1 x2 +  0.001 x0 x1 x3 + -0.001 x0 x2^2 +  0.001 x0 x2 x3 + -0.001 x0 x2 x4 +  0.001 x0 x2 x7 +  0.001 x0 x3 x4 +  0.001 x0 x5 x6 + -0.001 x1^2 x2 +  0.002 x1 x2^2 + -0.002 x1 x2 x3 +  0.001 x1 x2 x4 + -0.001 x1 x2 x5 +  0.001 x1 x2 x6 + -0.001 x1 x2 x7 +  0.002 x1 x3^2 + -0.002 x1 x3 x4 +  0.001 x1 x3 x5 + -0.001 x1 x3 x7 +  0.002 x1 x4 x7 + -0.001 x1 x5 x7 + -0.001 x2 x3^2 +  0.001 x2 x3 x4 +  0.001 x2 x3 x6 +  0.001 x2 x3 x7 + -0.001 x2 x4 x6 + -0.001 x2 x4 x7 +  0.001 x2 x5 x7 + -0.001 x3^2 x4 +  0.001 x3 x4 x6 +  0.001 x3 x6 x7 + -0.001 x4 x5 x6 +  0.001 x4 x5 x7 + -0.001 x4 x6 x7 | (x3)' = -31.819 1 + -7.797 x1 +  35.737 x2 + -0.220 x3 + -35.298 x4 +  8.263 x5 + -2.224 x6 +  1.474 x7 +  0.009 x0^2 +  0.039 x0 x1 + -0.057 x0 x2 +  0.015 x0 x3 +  0.006 x0 x4 + -0.012 x0 x5 +  0.006 x0 x7 + -0.065 x1^2 +  0.004 x1 x2 +  0.139 x1 x3 + -0.085 x1 x4 +  0.002 x1 x7 +  0.156 x2^2 + -0.322 x2 x3 +  0.072 x2 x4 +  0.009 x2 x5 +  0.023 x2 x6 +  0.043 x3^2 +  0.121 x3 x4 + -0.043 x3 x5 + -0.001 x3 x6 + -0.020 x3 x7 + -0.066 x4^2 +  0.012 x4 x5 + -0.007 x4 x6 +  0.015 x4 x7 +  0.016 x5^2 + -0.005 x6^2 +  0.001 x6 x7 + -0.004 x7^2 +  0.001 x0 x1 x2 + -0.001 x0 x1 x3 + -0.001 x0 x2^2 +  0.001 x0 x2 x3 +  0.001 x0 x4 x6 +  0.001 x0 x5^2 + -0.001 x0 x5 x6 + -0.001 x1^2 x2 +  0.001 x1^2 x3 + -0.001 x1^2 x4 +  0.001 x1 x2^2 + -0.001 x1 x2 x3 +  0.001 x1 x2 x4 + -0.001 x1 x3^2 +  0.002 x1 x3 x4 + -0.001 x1 x4^2 +  0.001 x1 x4 x5 + -0.001 x1 x4 x6 + -0.001 x1 x5 x7 +  0.001 x1 x6 x7 + -0.001 x2^2 x3 +  0.002 x2 x3^2 + -0.002 x2 x3 x4 + -0.001 x2 x3 x6 +  0.001 x2 x4^2 + -0.001 x2 x4 x5 +  0.001 x2 x4 x6 +  0.001 x2 x5 x7 + -0.001 x3 x4^2 +  0.001 x3 x4 x5 + -0.001 x3 x4 x6 +  0.001 x3 x5 x6 + -0.001 x3 x5 x7 | (x4)' = -44.152 1 + -1.682 x0 +  2.199 x1 + -9.069 x2 +  36.311 x3 +  0.543 x4 + -35.265 x5 +  7.690 x6 + -0.877 x7 +  0.002 x0^2 + -0.032 x0 x1 +  0.036 x0 x2 + -0.025 x0 x3 +  0.021 x0 x4 + -0.003 x0 x5 +  0.017 x0 x6 + -0.016 x0 x7 +  0.027 x1^2 +  0.023 x1 x2 + -0.046 x1 x3 +  0.008 x1 x4 +  0.014 x1 x5 + -0.029 x1 x6 +  0.011 x1 x7 + -0.066 x2^2 + -0.002 x2 x3 +  0.137 x2 x4 + -0.099 x2 x5 +  0.020 x2 x6 +  0.160 x3^2 + -0.321 x3 x4 +  0.082 x3 x5 + -0.002 x3 x6 +  0.023 x3 x7 +  0.038 x4^2 +  0.115 x4 x5 + -0.037 x4 x6 + -0.010 x4 x7 + -0.060 x5^2 +  0.006 x5 x6 +  0.001 x5 x7 +  0.017 x6^2 + -0.008 x6 x7 + -0.001 x0 x1 x2 +  0.001 x0 x1 x3 +  0.001 x0 x2 x7 +  0.001 x1^2 x2 + -0.001 x1^2 x3 +  0.002 x1 x2 x3 + -0.001 x1 x2 x4 + -0.001 x1 x3^2 +  0.001 x1 x3 x4 +  0.001 x1 x5 x7 + -0.001 x1 x6 x7 + -0.001 x2^2 x3 +  0.001 x2^2 x4 + -0.001 x2^2 x5 +  0.001 x2 x3^2 + -0.001 x2 x3 x4 +  0.001 x2 x3 x5 + -0.001 x2 x3 x6 + -0.001 x2 x4^2 +  0.002 x2 x4 x5 + -0.001 x2 x5^2 + -0.001 x2 x5 x7 +  0.002 x3 x4^2 + -0.002 x3 x4 x5 + -0.001 x3 x4 x7 +  0.001 x3 x5^2 + -0.001 x3 x5 x6 +  0.001 x3 x5 x7 + -0.001 x4 x5^2 +  0.001 x4 x5 x6 + -0.001 x5^2 x7 | (x5)' = -35.991 1 +  2.635 x0 + -2.545 x1 +  1.778 x2 + -8.758 x3 +  35.090 x4 + -34.432 x6 +  6.785 x7 +  0.023 x0 x1 + -0.024 x0 x2 +  0.023 x0 x3 + -0.015 x0 x4 + -0.014 x0 x5 +  0.008 x0 x6 + -0.012 x1^2 + -0.019 x1 x2 +  0.020 x1 x3 + -0.020 x1 x4 +  0.025 x1 x5 +  0.002 x1 x6 +  0.023 x2^2 +  0.029 x2 x3 + -0.039 x2 x4 +  0.014 x2 x5 + -0.010 x2 x7 + -0.064 x3^2 + -0.004 x3 x4 +  0.131 x3 x5 + -0.085 x3 x6 +  0.164 x4^2 + -0.314 x4 x5 +  0.070 x4 x6 +  0.016 x4 x7 +  0.034 x5^2 +  0.117 x5 x6 + -0.040 x5 x7 + -0.060 x6^2 +  0.008 x6 x7 +  0.013 x7^2 + -0.001 x0 x1 x5 +  0.001 x0 x1 x6 +  0.001 x0 x2 x5 + -0.001 x0 x3 x5 +  0.001 x0 x3 x6 + -0.001 x0 x4^2 +  0.001 x0 x4 x5 +  0.001 x0 x5 x6 +  0.001 x2 x3 x4 + -0.001 x2 x3 x5 + -0.001 x3^2 x4 +  0.001 x3^2 x5 + -0.001 x3^2 x6 + -0.001 x3 x4 x5 +  0.001 x3 x4 x6 + -0.001 x3 x5^2 +  0.001 x3 x5 x6 + -0.001 x4^2 x5 +  0.002 x4 x5^2 + -0.002 x4 x5 x6 +  0.001 x4 x6^2 + -0.001 x4 x6 x7 + -0.001 x5 x6^2 +  0.001 x5 x6 x7 | (x6)' = -45.444 1 +  0.069 x0 +  2.265 x1 + -2.187 x2 +  2.726 x3 + -7.202 x4 +  36.155 x5 + -1.209 x6 + -31.434 x7 +  0.008 x0^2 + -0.020 x0 x1 +  0.016 x0 x3 + -0.007 x0 x4 +  0.014 x0 x5 + -0.003 x0 x6 + -0.009 x0 x7 +  0.009 x1^2 +  0.024 x1 x2 + -0.032 x1 x3 +  0.026 x1 x4 + -0.028 x1 x5 + -0.014 x1 x6 +  0.015 x1 x7 + -0.015 x2^2 + -0.011 x2 x3 +  0.021 x2 x4 + -0.022 x2 x5 +  0.033 x2 x6 + -0.009 x2 x7 +  0.013 x3^2 +  0.036 x3 x4 + -0.048 x3 x5 +  0.010 x3 x6 +  0.010 x3 x7 + -0.065 x4^2 + -0.003 x4 x5 +  0.130 x4 x6 + -0.085 x4 x7 +  0.175 x5^2 + -0.324 x5 x6 +  0.072 x5 x7 +  0.039 x6^2 +  0.086 x6 x7 + -0.041 x7^2 + -0.001 x0 x2 x5 +  0.001 x0 x5 x7 +  0.001 x1 x2 x5 + -0.001 x1 x2 x6 +  0.001 x1 x2 x7 +  0.001 x1 x3 x6 + -0.001 x1 x5^2 + -0.001 x1 x5 x7 +  0.001 x1 x6 x7 + -0.001 x1 x7^2 + -0.001 x2 x3 x4 +  0.001 x2 x3 x5 + -0.001 x3^2 x5 +  0.002 x3 x4 x5 + -0.001 x3 x4 x6 + -0.001 x3 x5^2 +  0.001 x3 x5 x6 + -0.001 x4^2 x5 +  0.001 x4^2 x6 + -0.001 x4^2 x7 +  0.001 x4 x5^2 + -0.002 x4 x5 x6 +  0.001 x4 x6 x7 + -0.001 x4 x7^2 + -0.001 x5^2 x6 +  0.002 x5 x6^2 + -0.002 x5 x6 x7 +  0.001 x5 x7^2 | (x7)' = -0.749 x0 +  2.095 x2 + -6.006 x3 + -3.398 x4 + -10.770 x5 +  40.699 x6 + -16.033 x7 + -0.009 x0^2 +  0.006 x0 x1 +  0.018 x0 x2 + -0.022 x0 x3 + -0.005 x0 x4 + -0.009 x0 x5 +  0.021 x0 x7 + -0.003 x1^2 + -0.030 x1 x2 +  0.023 x1 x3 +  0.020 x1 x4 +  0.001 x1 x5 +  0.024 x1 x6 + -0.017 x1 x7 +  0.012 x2^2 +  0.002 x2 x3 + -0.035 x2 x4 +  0.052 x2 x5 + -0.048 x2 x6 +  0.012 x2 x7 +  0.011 x3^2 + -0.036 x3 x4 +  0.019 x3 x5 + -0.025 x3 x6 +  0.022 x3 x7 +  0.015 x4^2 +  0.047 x4 x5 + -0.046 x4 x6 +  0.021 x4 x7 + -0.112 x5^2 +  0.029 x5 x6 +  0.121 x5 x7 +  0.164 x6^2 + -0.240 x6 x7 +  0.005 x7^2 +  0.001 x0^2 x6 + -0.001 x0 x1 x6 + -0.001 x0 x2 x4 + -0.001 x0 x3 x6 + -0.001 x0 x4 x6 +  0.001 x0 x6 x7 + -0.001 x1^2 x5 + -0.001 x1 x2^2 +  0.001 x1 x2 x6 + -0.001 x1 x3 x6 +  0.001 x2^2 x3 + -0.001 x2 x3^2 +  0.001 x2 x3 x4 +  0.001 x2 x3 x6 + -0.001 x2 x3 x7 + -0.001 x2 x4 x5 + -0.001 x2 x4 x6 +  0.001 x2 x4 x7 +  0.001 x2 x6 x7 + -0.001 x3 x4 x5 +  0.001 x3 x4 x6 + -0.001 x3 x4 x7 + -0.001 x3 x5 x6 +  0.001 x3 x5 x7 + -0.001 x4^2 x6 +  0.002 x4 x5 x6 + -0.002 x4 x5 x7 + -0.001 x4 x6^2 +  0.001 x4 x7^2 + -0.001 x5^2 x6 +  0.002 x5^2 x7 +  0.001 x5 x6^2 + -0.003 x5 x6 x7
35,80.0,1000.0,37.49490932254601,3,8,5,20.0,140.0,5,20.0,smoothed_finite_difference_savgol_order_3,success,,1201,1320,90.98484848484848,42.14039986021817,"[""1"", ""x0"", ""x1"", ""x2"", ""x3"", ""x4"", ""x5"", ""x6"", ""x7"", ""x0^2"", ""x0 x1"", ""x0 x2"", ""x0 x3"", ""x0 x4"", ""x0 x5"", ""x0 x6"", ""x0 x7"", ""x1^2"", ""x1 x2"", ""x1 x3"", ""x1 x4"", ""x1 x5"", ""x1 x6"", ""x1 x7"", ""x2^2"", ""x2 x3"", ""x2 x4"", ""x2 x5"", ""x2 x6"", ""x2 x7"", ""x3^2"", ""x3 x4"", ""x3 x5"", ""x3 x6"", ""x3 x7"", ""x4^2"", ""x4 x5"", ""x4 x6"", ""x4 x7"", ""x5^2"", ""x5 x6"", ""x5 x7"", ""x6^2"", ""x6 x7"", ""x7^2"", ""x0^3"", ""x0^2 x1"", ""x0^2 x2"", ""x0^2 x3"", ""x0^2 x4"", ""x0^2 x5"", ""x0^2 x6"", ""x0^2 x7"", ""x0 x1^2"", ""x0 x1 x2"", ""x0 x1 x3"", ""x0 x1 x4"", ""x0 x1 x5"", ""x0 x1 x6"", ""x0 x1 x7"", ""x0 x2^2"", ""x0 x2 x3"", ""x0 x2 x4"", ""x0 x2 x5"", ""x0 x2 x6"", ""x0 x2 x7"", ""x0 x3^2"", ""x0 x3 x4"", ""x0 x3 x5"", ""x0 x3 x6"", ""x0 x3 x7"", ""x0 x4^2"", ""x0 x4 x5"", ""x0 x4 x6"", ""x0 x4 x7"", ""x0 x5^2"", ""x0 x5 x6"", ""x0 x5 x7"", ""x0 x6^2"", ""x0 x6 x7"", ""x0 x7^2"", ""x1^3"", ""x1^2 x2"", ""x1^2 x3"", ""x1^2 x4"", ""x1^2 x5"", ""x1^2 x6"", ""x1^2 x7"", ""x1 x2^2"", ""x1 x2 x3"", ""x1 x2 x4"", ""x1 x2 x5"", ""x1 x2 x6"", ""x1 x2 x7"", ""x1 x3^2"", ""x1 x3 x4"", ""x1 x3 x5"", ""x1 x3 x6"", ""x1 x3 x7"", ""x1 x4^2"", ""x1 x4 x5"", ""x1 x4 x6"", ""x1 x4 x7"", ""x1 x5^2"", ""x1 x5 x6"", ""x1 x5 x7"", ""x1 x6^2"", ""x1 x6 x7"", ""x1 x7^2"", ""x2^3"", ""x2^2 x3"", ""x2^2 x4"", ""x2^2 x5"", ""x2^2 x6"", ""x2^2 x7"", ""x2 x3^2"", ""x2 x3 x4"", ""x2 x3 x5"", ""x2 x3 x6"", ""x2 x3 x7"", ""x2 x4^2"", ""x2 x4 x5"", ""x2 x4 x6"", ""x2 x4 x7"", ""x2 x5^2"", ""x2 x5 x6"", ""x2 x5 x7"", ""x2 x6^2"", ""x2 x6 x7"", ""x2 x7^2"", ""x3^3"", ""x3^2 x4"", ""x3^2 x5"", ""x3^2 x6"", ""x3^2 x7"", ""x3 x4^2"", ""x3 x4 x5"", ""x3 x4 x6"", ""x3 x4 x7"", ""x3 x5^2"", ""x3 x5 x6"", ""x3 x5 x7"", ""x3 x6^2"", ""x3 x6 x7"", ""x3 x7^2"", ""x4^3"", ""x4^2 x5"", ""x4^2 x6"", ""x4^2 x7"", ""x4 x5^2"", ""x4 x5 x6"", ""x4 x5 x7"", ""x4 x6^2"", ""x4 x6 x7"", ""x4 x7^2"", ""x5^3"", ""x5^2 x6"", ""x5^2 x7"", ""x5 x6^2"", ""x5 x6 x7"", ""x5 x7^2"", ""x6^3"", ""x6^2 x7"", ""x6 x7^2"", ""x7^3""]","[[-34.920097355646234, 15.076591549809118, -39.738502505865924, 11.338839575292582, 3.4886956740827584, 5.802088941003323, -3.0563388178805715, 0.6768252053225412, 0.5716613791652124, 0.024496965549841983, 0.07790908560266427, -0.043690480181312524, -0.03451351325221696, -0.03462127373524815, 0.011281454390165657, 0.02305404213994703, 0.0, -0.02286857811525426, -0.03558105231378434, 0.005167604900451716, 0.016963927094239016, 0.0045927636473879025, -0.014774227143656705, -0.022377902735436665, 0.030419663857676308, 0.0005366407201356198, 0.020503918196676206, -0.022583621606970083, -0.0018667085924976002, 0.006432180196199811, -0.005317381316176132, 0.0119769748944425, 0.008757674945978162, -0.01380880928253728, 0.01940025508176849, -0.008560695859710931, 0.0, -0.0068811686154449025, 0.002306353813559616, 0.0012059349363082788, -0.030045844059915828, 0.016735606203770893, 0.027989506542525005, -0.01711287110276908, -0.0018146968200345205, -0.0001966044066621932, 0.0009470680209105855, 0.00019297502989154235, -0.00038071587140188327, -0.00016874885608792137, -0.00035902123288250273, -0.00011677180266111654, -0.00013054111024608236, -0.001073059829278281, 0.0016021389707115516, -0.0006198333085540293, 0.0005238429753744257, 9.486962612916714e-05, -0.0010804312232374315, 0.0007606227475892966, -0.0006310337006100049, 0.0015652971483141858, -0.0019341102094110668, 0.00019611408053259058, 0.00047237283051148764, -0.0007059717597208993, -0.00011474087400118673, 0.0012818130108437872, -0.0007810952159356574, 0.0001757460385323732, -0.00011002178719829853, 0.00043470376321757404, 0.000985061450009027, -0.00015190311145415808, -0.0007481951822565354, -3.668767436211884e-05, 0.0007904145124723826, -2.8390651217398614e-05, 0.00034013133240344616, -0.0006979693675192051, 0.0007692575273441241, 0.00032523739928177797, -0.000300901660636814, 7.419177682108959e-05, -6.301110837741485e-05, -0.0001275414706894565, 0.0008653999339071953, -0.00020919048455918333, -0.00029470047152285685, -0.0006297438710253774, 0.0007445619987497497, 0.00032283888931329866, -0.0011671644357818722, 0.0005091204643599005, 0.0002982409837365768, -0.00019043013952207345, 0.0004579478351604851, 0.0004126647377391146, -1.050818123647925e-05, -0.0005964895745228163, 2.3805769701881377e-05, 0.0002469547646303551, 0.0002626519613044564, -0.0005266978970177218, -0.00019632015616191802, 0.00011839532707747675, -0.0005683845882741231, 0.00048512443869396405, -0.0006542588652113694, -0.0001058016857757484, 0.00013527131223402088, 0.0, 3.700345347040437e-05, 0.0004923207319446384, -0.0002871106536177434, -0.0002967287773739204, -0.00019196567571466952, 0.00037479191755172825, 0.0002092207062401251, 0.0, 0.0004217919257842919, -0.0007018796100564767, 0.0003687933377596578, -0.0005966198707397728, 0.0, -0.0006436990949575701, 0.0008911349419241852, 0.0006573124048572354, -0.0003513240476385188, 0.00023333819603598262, -0.00013092956662705483, -0.00016102819232633614, 0.00016564229782116386, -0.00022219798804292234, 4.295288527579997e-05, 0.0, 0.0, -0.00012671092874193168, 0.0, -3.308823278008369e-05, -0.00015420452908269952, 0.00025436876738852527, -0.00021515157515545927, -0.00019300655925205335, -0.00010520626121678369, -6.287224463738167e-05, 0.00013667856429388305, -0.0001955116759711535, 0.00034119889448936086, -0.000442173495324582, 0.00033836857752406397, 0.00010828078648677215, -0.0005951691139509023, 0.00015149436670336113, 8.901743913119628e-05, 0.00013296930364801112, -0.00031476320897991066, 0.0, 0.0003842975223582167, -1.7540050948581906e-05, 0.0, 7.624636318966433e-05, 0.00017806854759659695, -0.0005456355192510972, 0.00018336521499809702], [-43.41652933320783, 31.591975208647455, 1.3916462983117852, -36.31671392750318, 7.2279264567028925, -2.6383179017151916, 2.616565864590057, -2.4103685447061713, -0.10188808814073566, 0.12273487486940479, -0.23846857372460276, 0.03136856701208806, -0.011626758190097298, 0.02274798098378257, 0.010157371113827893, -0.017713494373891955, -0.0075862331253746485, 0.014395779357217068, 0.15392883689174072, 0.0, 7.654301376912823e-05, -0.03313797872800172, 0.0180392849862709, 0.025691606805938173, -0.07323108565630938, -0.02338220491709939, 0.0, 0.015166730825636198, 0.0064250178788115755, -0.021228862629993135, 0.02599707620714196, -0.01691251044103303, 0.004450434972823328, 0.0016884698130330566, -0.00047854962668111324, -0.003521754358350382, 0.0, 0.0, 0.0, -0.005162288196726858, 0.02166108131427905, -0.007652463637032669, -0.009873033041665296, -0.011623493041312305, 0.011833615744208253, 7.201862560741117e-06, -0.0006631551050216854, 1.954275638268542e-05, 2.3302938921924023e-05, 0.00022128986152419113, -0.0002438273693626724, 0.00033969537975019835, 0.00020110428410999285, 0.0014863438731386618, -0.0015613125326944162, 0.00044555734569088566, -0.0011079864435850073, 0.0007471079487240613, -7.139357547215474e-05, -1.7679014290429396e-05, 0.0012667224712174117, -0.0014087265281845082, 0.001071943402209868, -0.00020930680641860535, -0.0009010457415490079, 0.0, -0.00011655104124321063, 0.00012759221366071932, -0.000118180789286797, 0.00077773729288125, 0.0004397358306048908, -0.0001466185739364994, -7.102848074076713e-05, -0.0005845480076645776, -0.00019623619475137686, 4.9876293750203085e-05, -0.000206223964129828, -0.00018830540571623122, 6.312491422415793e-05, 0.0006242495876349995, -0.0003741022912111863, -0.0001579960237281612, -0.00019235345924282685, 0.000250182263656703, -0.00021669771051180848, 1.4916310340567654e-05, -0.0003213809826913163, -0.0005718910869521999, -0.000586486260034828, 0.000986170838535679, 0.00019449693004855594, 0.00030525016062169354, 0.0008062336824092013, 0.000514946093709894, -0.0003157571062153838, 0.00025864216339462477, -0.0008177789596882553, -0.0003004683789340578, -0.00034971075202438974, 0.00028730451611316235, 0.0, 0.0, 0.00020597228967633786, 0.00021722190084474328, 0.00021408115854709957, 0.0, 0.0, -8.525850620582403e-05, 0.00028621429752943243, 0.0003096065373520182, 0.0, -0.0006461915857081309, -7.386767577809973e-05, -0.00023695258831684773, 0.00023901774519294804, -7.87943023715568e-05, 0.0003300651599036026, 4.757875941167108e-06, 0.00022056324674123366, -0.0006514474647549394, -3.035110025191641e-05, 0.0001047825508265237, 0.00016006383734014346, 0.0002045938208150321, -0.00011360556203118267, 0.0002514722082732768, 3.114619876823258e-05, -0.0003225108884984011, -0.00018304736897724173, -0.000281201210786808, -5.021190320892215e-05, 0.0, 0.00021550748523813394, 6.083772503448789e-05, 0.00016694549370607802, -0.00019800853094719258, -0.0003518574140237349, -6.448272772603069e-05, 0.0004381743007377898, 0.00022290074477652178, 0.0, -0.00040796095235279153, -0.0001634360719527984, 6.227790049021922e-05, 0.0002657835533845063, 6.094106526585701e-05, -0.00015040064372986382, 0.00018572465864715874, -0.00022909899138996582, 0.00020421925299338983, 0.00015787484901658223, -0.00014674350305992178, 0.00012784331366750542, 3.5901712157154496e-06, 6.966056426420572e-06, -7.053261497185214e-05, 0.0002604485602658214, -0.00013383446455356854, -0.0003719376410822221, 0.0001876973637130456, -0.0002256789452562713, 9.797786436790667e-06, 0.0, 0.00019033676256528223, 2.9178811828968844e-05], [-24.413966767579065, -8.161211065696115, 35.446923170834566, 0.0, -34.86513854836579, 8.643747279980644, -2.3222264443823213, 2.69046547055577, -1.787801283461766, -0.04345032340532783, -0.021133700686300817, 0.14346449636347047, -0.08173695551270099, 0.011705005062835745, 0.0, 0.0056223333366161735, 0.0, 0.161742845530867, -0.3275398552136339, 0.06354985984076254, -0.004213975672841482, 0.023397264259696827, 0.0, -0.01010536574496139, 0.04278917534172975, 0.13382252181851573, -0.04387924981244732, -0.0006311724851914234, -0.030117989363901164, 0.01652385301244759, -0.06671312125454747, 0.00917154119199456, -0.004869030943467462, 0.009797183578931664, 0.0, 0.015631666596135536, 0.0, 0.0026936014949736848, 0.0, -0.005949715946918542, -0.0037977983703621292, 0.0, 0.0, 0.01109444623449958, -0.007109733343301163, -4.220618731798335e-05, -0.00044206053376412603, 0.0009832377891682213, -0.0007391305667944035, 0.0002725183121020319, 0.00024036984067703573, -0.00011495375147032639, -0.0003152248678373385, 0.0005140842989675731, -0.0008190377176699487, 0.001188383488212567, -0.0002251878108930509, -0.00011493329936145097, -0.0002760777272104312, 0.0, -0.0007348769569283064, 0.0009085559576472049, -0.0003180984817953244, -0.00014568543000777708, 0.0, 0.0008270908759718444, 0.0, 0.00014874305838075654, -0.00013436451770744895, -0.000305433785233154, 0.0, 0.00015520464600833018, 0.0, -0.00015448792738959773, -0.00027782518130800224, -0.00013191028136424137, 0.0008985405184880846, -2.2419762908455502e-05, -5.8854815191970855e-05, -0.00034219448102096214, -1.1583943068790838e-05, 4.053511586183891e-05, -0.0007368907991506338, -0.00037910391706470314, 0.0001201614942339131, 0.00012393857274684694, -0.00014060833679730602, 0.0005036580780976555, 0.002023167432376799, -0.0017348845064061864, 0.00043710632239309295, -0.0010270164318752645, 0.0007215594706087884, -0.0006935825197317957, 0.0010026404520354964, -0.0012434026605919535, 0.0010799038122595507, -1.7824118062202475e-06, -0.0008857754402130822, -0.0002628600746338635, 0.0003616111143031272, -0.00023149631957268842, 0.001416871560509913, -0.00014666703819607644, -0.00010971737614734646, -0.0009180020694446393, -6.621853086546696e-05, 0.00021880441403514033, 0.0002587141475678494, -0.0003724704025974801, 6.207731304108045e-05, 0.00036912522078944124, -0.00018220335797871948, -3.344008190518631e-05, -0.0003217875203080496, -0.0007825698309200576, 0.0007806506117788472, -0.00024049893257745104, 0.0005707027375197104, 0.0008853910311060121, -0.00031417940654630426, 0.0004060136412334692, -0.0007409848552598752, -0.0008036590777405722, 0.0001527070229081246, 0.0, 0.000509035640535197, 0.0002630726231624083, -0.00012461599950178062, 4.1909632693030855e-05, 0.00031043393300925865, 0.0, 0.0, -0.00039294202752950734, -0.00011524610462124044, -0.00012162954674473981, -0.00034619721095034873, 0.0005044529294900874, 1.5837365617320407e-05, 0.0002634873873443917, -0.00033035079886157247, 1.0786219421147738e-05, -0.00012860555473875372, 0.0004285682824205052, -0.0003686631069286645, -0.00012144275480472284, 0.0003196346244684029, 0.00013024767086537324, 0.00018186836895911905, -0.00035952012553674826, -0.0004972690222256634, 0.00044379334738346514, 0.00028080319585489273, -0.0004991450161157959, -2.4192494779769163e-05, 0.00010724252216950414, -0.0003513900570869515, 5.00604138905343e-05, 0.0001680899207610348, 0.0003887430681592181, 0.0, -2.2922997261706e-05, 6.936029979245915e-05, -0.0002675495552500877, 2.5492832723796848e-05], [-26.11471408448685, 0.0, -7.874402741880596, 35.78583912088737, -0.06907285532456531, -35.48044236525746, 8.502654610445667, -2.3986447715603627, 1.443285717616434, 0.010681915784692665, 0.04057008903025153, -0.05910593881254676, 0.019441747426688243, 0.0, -0.01529823970623017, 0.0, 0.007337945986603388, -0.07282334146637662, 0.011515861080240478, 0.13749907161690444, -0.08789879195369567, 0.017195409799398934, 0.0, -0.0012342354465457086, 0.15454857567528554, -0.3216254201951126, 0.07221503405409792, 0.001477832979549049, 0.02280965878916949, 0.0, 0.042639620183048184, 0.1261950528121608, -0.04349003914923249, -0.0013164247180933216, -0.021559614875648746, -0.06681412050334522, 0.012422340049241903, -0.007391546887420325, 0.015949497695186204, 0.014821523608457773, 0.0, 0.0, -0.006729843151204801, 0.0018554031129849923, -0.0033595270810322653, 0.00010923186922804444, 0.0002616824365125085, -0.0004999648900829698, 0.0, 4.5709247169350016e-05, -0.0003968065847366507, 0.00019827820980257573, 0.0, -0.00010840472874956415, 0.0012687840611067282, -0.0009194174830576769, -0.00022973724396385315, 0.0002829579126673582, 0.00013358934620830103, 1.7146358827475303e-05, -0.0006202892701199261, 0.00042865088898328915, 0.00032870119691099455, -8.73611758617934e-05, -8.32246745031821e-05, -0.00038205799723169484, 0.00024428165884217055, -0.00022236778395746652, 0.0001252143259592041, 8.516526518914595e-05, -0.00017102848179560527, 0.00021806584378535515, -0.00042484498485314805, 0.0005014717376157309, -0.0001293338851199251, 0.0005700784378975387, -0.0010787420053940892, 0.0004699318488938443, 3.8039649189700565e-05, 1.8777239472132455e-05, 0.00027796228433452476, -0.00024327604103352573, -0.0005985444507881375, 0.001360645678579568, -0.0006425333364929086, 0.00027539439957299994, 0.00017680497257641716, -0.00026818691650342205, 0.0007416558955863367, -0.0012552581396147284, 0.0006407365851587932, -0.00041903434183250066, -1.5985998396957092e-05, -6.094407341492068e-05, -0.0008102036750468742, 0.0016254725087472876, 0.0, -0.0004341921934863292, 0.0005376451179654992, -0.0006256004951521761, 0.00046040397214468736, -0.0005551875969218347, 0.0, -0.0001518509647879907, 0.000412408277724468, -0.0006445926894726162, -4.602073292222564e-05, 0.0008472074013984016, -0.00047380950429772327, -1.745770927307586e-05, -0.0005190660574964454, -0.00016035966058233856, 0.0003504002541040637, 5.0681068656745496e-05, 1.34014295038315e-05, 0.0020039206823724773, -0.0020727273003302337, 0.0003019250495299941, -0.0009668584850142539, 0.00031123396909969617, 0.0011456837479559662, -0.001267319867304983, 0.0011494345332718225, -0.00029367512382403883, 7.431393481866516e-05, -3.6022495952434145e-05, 0.0005913370102821553, -0.00011023978848362807, -0.00038261643103083576, 0.00010655171582983294, -0.0004552919394634818, 0.00023720823973285508, 0.00019798672287655935, 1.3464349431116705e-05, -8.241148550351714e-05, -0.0009188971579511297, 0.0009359688481880156, -0.00046598203800327206, 0.0004518645044718255, -0.0004501668293999377, 0.000648255104761407, -0.0009237821025794464, 0.00015888516693743953, 0.0, 0.0002761808435542239, 0.0003190206290780205, 0.0, 0.0, 0.0, -0.00010040154212786437, 0.0, -4.1823908859343595e-05, 0.00012534547045451268, 0.0, -0.00014189371117519448, -0.0001818014477447379, 0.0004961973599808056, 0.0, -0.0003515697655494975, -0.00021216476508867352, 1.799105206114322e-05, 5.174306661600634e-05, -0.00024826835740262784, 0.0002741796720489717, -1.6269264947347346e-05], [-38.31127792902332, -1.5432704066731302, 1.9713306454485404, -8.764824682614918, 36.15217154616224, 0.5884285896631587, -35.233409081873994, 7.80881165990992, -1.2381031725839753, -0.0003126584491145983, -0.029146409506226257, 0.0349296506200133, -0.023440950688295936, 0.019283175337055633, 0.00677258135347579, 0.0, -0.008833927451125724, 0.025889085389341433, 0.02724861860022229, -0.04848706134934028, 0.007983535606998778, 0.008639411791830786, -0.019147093397919045, 0.008234145974174947, -0.07024875320722065, 0.003445846413355295, 0.13702854278970128, -0.0962024127255931, 0.016368169814351373, 0.0, 0.16116882310371608, -0.3243634665606436, 0.07883324897266515, 0.0008505525975647134, 0.018878569320117663, 0.03786344138183609, 0.12175045851595653, -0.03774156481103786, -0.01104695229902147, -0.06535989408339248, 0.01030665171728026, -0.0031766185093672476, 0.01439569257744143, 0.0, 0.0, 6.447058511687858e-05, -0.00021895809294018414, 0.0002026246321849007, -2.9944664570095755e-05, -0.00010366128956104213, -0.00012328680061297854, 0.00028161152451073446, -0.00011085805741596718, 0.00029538227702489425, -0.0008685856765368902, 0.00039295433200273194, 0.00026319448195432217, -0.00010524788656021584, -0.00038673453217015545, 0.0, 0.0003822550509653881, 0.0001490105091437719, -0.0003877418330596223, 0.0002645298399946997, -2.306006101903063e-05, 0.00043717177856600364, -0.00039549761103761615, 0.00021426133636714937, 0.0, -0.0003068262235923725, -0.00014898683953691106, -0.00015451493215808961, 0.0, 0.00019954730248860215, 0.00010732925658394174, 0.00032908985167253937, -0.0005502721814338269, 0.0, 0.00037747938352341876, 1.9325209935048206e-05, 0.0, 5.6344587837544945e-05, 0.0005663624258162192, -0.0007075526382369188, 0.0, 6.176107051538228e-06, -0.00011327434017749503, 0.0, -0.00039730061869491735, 0.0012359755760397515, -0.0006575549367139231, -0.00021298564483953863, 0.00010183129148262762, 0.0001370636024714076, -0.0002777249836245111, 0.0001974344982737605, 0.0002828138960935425, 0.00035896380705132015, -0.00037523901861471684, 0.00014571679608047918, -0.000127651118028012, 0.0, 0.00013611615042517303, -1.9411229733796298e-05, 0.0, 0.0005140647251442448, 6.410764654531542e-05, -0.0006262853741636976, 8.87974438393076e-06, -0.0001870818797946501, -0.0002879802222725011, 0.0010764880077802558, -0.0006398630553256087, 0.00028668277526446544, 2.529925218809566e-05, 0.0, -0.0007601404295448419, 0.00038155789553396717, -0.0005111847681940554, 4.5971596350380276e-05, -0.0007189911424568049, 0.0016156425684357657, 0.0, -0.0002530287655939726, -0.0005654335353748194, 0.0003155566947227989, -0.0006135345011107082, 0.00012569682371336635, -0.0001471011442545211, 0.00031805206890186526, 0.00016224429560718023, -0.000494966014409343, -0.00010762682354073389, 0.00045659500847975885, 0.00010120353502085955, 0.002001401281310366, -0.0020387425018643895, 0.00012941866869985378, -0.0007598992586551297, 0.0010249001926481629, -0.0010856984979937625, 0.0010537486487768193, -0.00013509012829028316, 0.0003948679458827594, -0.00035785568595816545, -0.0004427062584868712, 0.000345197617285096, 7.898012091665082e-05, 0.0, -0.0009160578142283774, 0.0007843040506284127, -0.00013690196395537888, -0.00028814834511634935, 0.0, 0.0002145967396652222, 0.00030533192863990504, 0.0, 0.0, -0.00013557072492657643, 0.0, 5.6996833904790464e-05, -0.00011822688013189957, 0.00035703919898070287, -0.00032214131677086395, 2.938319500082215e-06], [-28.85664948846024, 2.5179701614285603, -2.3415322814092914, 1.6438148601777112, -8.541519293611275, 34.955411563023375, 0.0, -34.59947502795164, 6.961126146875633, 0.0, 0.025241060728625093, -0.02347617601405393, 0.021096541855188274, -0.015489096429735998, -0.0156683611008104, 0.009162066578860524, 0.0, -0.01650457342041825, -0.016451078943262934, 0.018665129408934708, -0.018693065391777862, 0.028445210470739526, -0.003019022863352414, 0.0053631410470124435, 0.021405885481262144, 0.035345893970072574, -0.04183052580719769, 0.007598635973560765, 0.014122771427172404, -0.02128108519327338, -0.07233625659946445, 0.0017215464080643605, 0.1352172726748359, -0.09735049239721541, 0.019298023191371746, 0.16616243638243297, -0.3203563908147244, 0.07337069599862368, 0.007019290328486285, 0.03532903851044601, 0.12228739946399901, -0.03803061131698914, -0.06333149617855889, 0.006009451202494525, 0.012616789050631275, -9.497790421469614e-05, 0.0003337634075610011, 0.0, -0.0002702874735894556, 0.0002439049894110157, 0.00027450777164650614, -0.00038779689702909275, -5.34446633931309e-05, -0.00030680398024719626, 6.017201010701885e-05, 0.0005097321273202664, 0.0, -0.0007374888613126645, 0.0006281074714069862, -0.00012843878357917768, 0.0001608672443567577, -0.0006764713192330962, -0.00038042157838502725, 0.0006199367107588272, -6.913333416602752e-05, -4.632410318040484e-05, 0.0001619255081217217, 0.0005830915224754473, -0.00073114637024079, 0.0006883937453520499, 0.0, -0.0005897815775470781, 0.0005847666585898267, -0.00035294351054693013, 3.407673676310178e-05, -0.0003038968371242553, 0.0007331792969952232, 0.0, -0.0003695904814282063, -0.00019429921400133948, -0.00012441128340921312, 0.0, -2.707757390078082e-05, 3.383105730135203e-05, -4.4719784092617254e-05, 0.0002164240469334517, -0.0003329508666935071, 0.00039360484889924667, 0.0, -0.00031494061365462363, 0.00041025849687850827, 2.753349210812778e-05, -0.00012590505478579463, -0.0004275223411423878, 0.00012108066632852611, 0.0, -6.663121024990529e-05, -0.00023815925763592057, 0.0003349209320827904, -0.0002976130938030083, 0.00010530080512092399, 0.0, -0.0002112067459402543, -0.00014482716185977348, 0.0, 5.907662296162614e-05, 0.000372503572091103, -0.00024961409191631007, 0.0003208583302283651, 0.0001293863549200306, 0.0002578956019304204, -0.000569372010471994, 0.0, 0.00013566147103091653, -0.0002099962546226381, 0.0, 0.0010821480437715903, -0.0005941123626978221, -0.00018484705539019704, 0.00016041192980658468, 0.0, -0.00022777489408311655, 0.0005927439242038376, -0.00024309766913494603, 0.0002796624156185286, -0.00045490676321563884, 0.00041397184977545276, 2.418165782088593e-05, -5.723445627008606e-06, 0.0, -0.0002282306728380794, -0.00041434882154988144, 0.001220765289647263, -0.0008400557400393519, 0.0002698217069215225, 0.0, -0.0007472558721670908, 0.0003075816220214469, -0.00012193843352272003, -0.0007108726841459431, 0.0016606960735576195, -0.0007426907748715892, -0.0004933500369201859, 0.00037138883845823064, 8.969099797239613e-06, 0.0002707761421812861, -0.0007158367808583579, 9.433122205608802e-05, 0.000342313208077223, 0.0019479332765192066, -0.0018813102353220014, -8.228847143399966e-06, 0.0009532613483335058, -0.0007133616251909003, 8.961676776626263e-05, -0.00041198457986443176, 0.00020710035104261955, 9.3788589809647e-05, -0.0008041427565176148, 0.0007028811180859497, -0.00019255936283303033, 0.00030682346805883297, 0.0, -0.00016947232581608493, -1.8047066193410797e-05], [-39.00625081783246, -0.02854352972036033, 2.389647111460637, -2.206990940482004, 2.7482590516869987, -7.066256215152472, 36.00222542980678, -1.2491488027885966, -31.438959222793233, 0.0066915099455228935, -0.018582462926065777, 0.00010890098221008372, 0.015227287424661987, -0.004008534655646697, 0.012346361698032734, -0.003242013523386865, -0.008586604198358593, 0.008614191730943844, 0.027106699921083645, -0.032224246047221614, 0.023060883102831494, -0.026500957061995244, -0.012901754892022615, 0.011378532410480759, -0.017234368093395434, -0.010177558706342541, 0.01888839764402045, -0.02146190830209515, 0.028565034441823955, 0.0, 0.01321879911315989, 0.0410631016993951, -0.05010137501551483, 0.011565448254178387, 0.004171568879203236, -0.06966469603533104, 0.0016058320799128302, 0.1293975803579498, -0.08142853273453252, 0.17595983844521793, -0.32843878307364366, 0.06949365391093101, 0.040369189647885904, 0.09033121286375914, -0.043660074108470975, -1.1339232102610846e-05, 0.00024041541701841696, -0.00033785733667154964, 0.00035673676344001153, -0.0004125780905476879, 0.0001098788165614281, -7.961315987689799e-05, 0.00012687865428621483, -0.0002226467874641251, 0.0001827514537599551, -0.0003086888631117803, 0.0, 0.0005586197819231616, -3.0987742351846004e-05, 0.00010542746863149231, 0.0, 0.00014053079411048027, 0.0004857326038899249, -0.0006924308670056598, 8.773152965020524e-05, -0.00018273560799547225, 0.0001510197450930393, -0.00048735794765727205, 0.0, 0.0, 0.0, 0.00013683039175730398, 0.0003781391642251047, -0.0004182806653219643, 7.79339642458198e-05, -0.00016381471931730667, 2.96008524180573e-06, 0.0005159774341880098, -0.0001436591424180147, -0.00013848740353579318, 0.00023155170312507152, -3.987699897783193e-05, 0.0003619725733347198, -0.0002555885418722239, -8.906238044049011e-05, -0.00014402344923081941, 0.00030470331477540504, -0.00041917610682333035, -0.0002827761264900035, 5.6388399481079885e-05, 0.0001542696272059919, 0.0006218838977507504, -0.0009598733813156409, 0.000766827260413259, 7.625660119996088e-05, -0.00022740121705002586, -0.00048401732998047735, 0.0008725125401154277, -0.00025546628936133853, 0.00011765501303685759, 0.0002757992903152857, -0.00041314707995054883, 0.0004859699247476691, -0.0005302685393010679, 0.0004538390154592478, -0.0007646925966646817, 0.0, 0.000654570083263689, -0.000602497544996057, 0.0, 0.0, 0.00010826027564434723, -0.0001548796296416729, 0.0002235320640648724, -0.00015977541021400135, 0.0, -0.0006844369852345904, 0.0005311961293402734, -0.000132947901000623, -7.859780948991671e-05, 0.00018153478867361533, 0.00017595551250708014, 4.092050178026708e-05, -2.9786777240346417e-05, -0.0002213464744717812, 0.00024186097553157183, -0.00013381603371422895, -0.00017568195872659078, -0.0002284059762629533, 0.00038285076252665896, 5.536688766018608e-05, 0.0003489724610320964, -0.0007190556932460102, 0.00011029011591610837, 7.262611037793597e-06, 0.0, 0.0012436932099237107, -0.0009478645156714726, 0.0002005047024879322, -0.0002791477140559594, 0.0002875590848870369, 0.00016918830686075276, 0.00016938184979338017, 8.052632467013162e-05, -0.00020579611498842333, -0.00022645654871337786, -0.00038356117025176525, 0.001202336680532932, -0.0007228760699010425, 0.0, -0.0009878754435210342, 0.00029167407075768136, -0.0005616919047395162, 0.0013679756010999123, -0.0004657829267278299, 0.0002890467541745527, -0.0007100738040373194, 6.148551901518764e-05, 0.001805007012781205, -0.0014718468486739087, 0.0006406834500333727, -0.00038529490398273074, 6.964564935837244e-06, -0.0002637377252653088, 0.0002198643074376917], [-14.347368894932686, -0.695901829274104, 0.0, 2.2241771139758817, -6.191792157722702, -3.207293312912702, -11.043235231126713, 41.065652809933944, -16.435961276290392, -0.006393257618904258, 0.0042079104606208935, 0.017966802560184316, -0.022874109446568484, -0.004274579672825654, -0.01021659454883179, 0.0, 0.02045075379531299, -0.001502855195597692, -0.03185940194539638, 0.02456811230316727, 0.017502024375594703, 0.005513838373060004, 0.02241477283586541, -0.017457597964078347, 0.014620507597405323, 0.00046080933391999947, -0.03353554472258884, 0.049807352933113336, -0.046660946652589394, 0.011035913762166042, 0.012817553092623644, -0.03810019293426107, 0.018236893488027425, -0.024256333575364355, 0.022099769154543265, 0.017550683920962422, 0.04987462246919759, -0.0498680121189228, 0.020061483883143393, -0.1156216272109078, 0.03418160056888624, 0.12096542437931694, 0.16509768709530986, -0.2441700380647277, 0.008397642046944664, 0.0, -0.0002843761285051818, 0.000433434965251641, -5.55801361954964e-05, 0.00048203265943507075, -0.0002866523114000967, 0.0006770625027766639, -0.0004056608735822657, 2.7933753306398717e-05, -6.926661722057775e-05, 0.0, -0.00014868680628636613, 0.0003551372655271816, -0.0006463801160842798, -7.944035296507566e-05, -5.150936516059951e-05, 0.00022927335982553753, -0.000677483512880769, 0.00034914200586649635, 6.953792799124942e-05, -7.348408570028917e-06, 7.75784984496204e-05, 0.00010550286525753846, 0.0, -0.0007090626845864098, 0.0002994961899512374, -0.0003038403456297888, 7.443944511806063e-05, -0.0005688163258144655, 0.00024940014060728134, -9.753654195686905e-05, 0.0, 0.0002727514418989316, -0.00037790199739204925, 0.0007956610090900756, -0.0003102294722254344, 2.523883438556517e-05, 0.0003848902869791275, -1.8084988121171307e-05, 0.00041937664982186033, -0.0005407499043302526, 0.0002322119640095906, 4.905338277056926e-05, -0.0005640551069688038, 0.00036592979719266667, -0.000272592011822415, 5.464241671450635e-05, 0.0008549931381420369, -0.0005890917569034976, 4.5113564852626274e-05, -0.00027325244672810045, 0.0004954629525820006, -0.0007442158662383271, -0.00012494423400174744, 5.82719851843397e-05, 0.0, 0.00021022810020405108, 0.00033720323163730315, 8.346439027132811e-05, 0.0004222887547093505, -0.00029124361205551494, -0.0002060378062335887, 0.00011742551380227668, 5.453564185657338e-05, 0.0, 0.0007172947218338723, -0.00030214012048051673, -0.00017215416736359528, -0.00018190580119698332, 0.00020875506399869808, -0.000828281119233138, 0.001259322460325199, -9.924703763872106e-05, 0.0008915623994252294, -0.0014003039285281403, 0.0, -0.0006168147518504046, -0.0011200316319879013, 0.0009509028036281242, 0.00018471784263090785, -0.00039338329474828185, 0.0001648567960823529, -0.0004921966036763468, 0.000803645854659116, 0.00020374170307252865, 0.00032755704654756406, -0.00031621683738176074, 0.00011016977194231394, 5.52688013564487e-05, -6.418936107497125e-05, 0.0002455463132852953, -0.0009055966141819881, 0.0016656522966061332, -0.001425427857355917, 0.00037058923538037453, -0.0007190333523226763, 0.0009549725722793405, -0.00011526346709122851, -0.0004803616710361799, 0.00026726482279411704, 0.00020074217961183, 0.0002950887793010345, -0.0010107153643280544, 0.0004438570982987923, -0.00013277188945066357, 0.0026439644440292647, -0.0021405863660628284, -0.0007713523331278701, 0.0003577468854295303, 0.0006362074960361085, -0.0002860425392129853, -0.0007696050792167361, 0.0018001663071631644, 0.0012066248433156388, -0.002640630607123065, -0.00029775963820927854, -4.209563679258413e-05, 0.0003778815894894928, 6.509840208755976e-05, -0.00010577676194506703]]",(x0)' = -34.920 1 +  15.077 x0 + -39.739 x1 +  11.339 x2 +  3.489 x3 +  5.802 x4 + -3.056 x5 +  0.677 x6 +  0.572 x7 +  0.024 x0^2 +  0.078 x0 x1 + -0.044 x0 x2 + -0.035 x0 x3 + -0.035 x0 x4 +  0.011 x0 x5 +  0.023 x0 x6 + -0.023 x1^2 + -0.036 x1 x2 +  0.005 x1 x3 +  0.017 x1 x4 +  0.005 x1 x5 + -0.015 x1 x6 + -0.022 x1 x7 +  0.030 x2^2 +  0.001 x2 x3 +  0.021 x2 x4 + -0.023 x2 x5 + -0.002 x2 x6 +  0.006 x2 x7 + -0.005 x3^2 +  0.012 x3 x4 +  0.009 x3 x5 + -0.014 x3 x6 +  0.019 x3 x7 + -0.009 x4^2 + -0.007 x4 x6 +  0.002 x4 x7 +  0.001 x5^2 + -0.030 x5 x6 +  0.017 x5 x7 +  0.028 x6^2 + -0.017 x6 x7 + -0.002 x7^2 +  0.001 x0^2 x1 + -0.001 x0 x1^2 +  0.002 x0 x1 x2 + -0.001 x0 x1 x3 +  0.001 x0 x1 x4 + -0.001 x0 x1 x6 +  0.001 x0 x1 x7 + -0.001 x0 x2^2 +  0.002 x0 x2 x3 + -0.002 x0 x2 x4 + -0.001 x0 x2 x7 +  0.001 x0 x3 x4 + -0.001 x0 x3 x5 +  0.001 x0 x4 x5 + -0.001 x0 x4 x7 +  0.001 x0 x5 x6 + -0.001 x0 x6 x7 +  0.001 x0 x7^2 +  0.001 x1^2 x6 + -0.001 x1 x2 x3 +  0.001 x1 x2 x4 + -0.001 x1 x2 x6 +  0.001 x1 x2 x7 + -0.001 x1 x4^2 + -0.001 x1 x5^2 + -0.001 x1 x6^2 + -0.001 x1 x7^2 + -0.001 x2 x4 x5 + -0.001 x2 x4 x7 + -0.001 x2 x5 x6 +  0.001 x2 x5 x7 +  0.001 x2 x6^2 + -0.001 x4 x6^2 + -0.001 x6 x7^2 | (x1)' = -43.417 1 +  31.592 x0 +  1.392 x1 + -36.317 x2 +  7.228 x3 + -2.638 x4 +  2.617 x5 + -2.410 x6 + -0.102 x7 +  0.123 x0^2 + -0.238 x0 x1 +  0.031 x0 x2 + -0.012 x0 x3 +  0.023 x0 x4 +  0.010 x0 x5 + -0.018 x0 x6 + -0.008 x0 x7 +  0.014 x1^2 +  0.154 x1 x2 + -0.033 x1 x5 +  0.018 x1 x6 +  0.026 x1 x7 + -0.073 x2^2 + -0.023 x2 x3 +  0.015 x2 x5 +  0.006 x2 x6 + -0.021 x2 x7 +  0.026 x3^2 + -0.017 x3 x4 +  0.004 x3 x5 +  0.002 x3 x6 + -0.004 x4^2 + -0.005 x5^2 +  0.022 x5 x6 + -0.008 x5 x7 + -0.010 x6^2 + -0.012 x6 x7 +  0.012 x7^2 + -0.001 x0^2 x1 +  0.001 x0 x1^2 + -0.002 x0 x1 x2 + -0.001 x0 x1 x4 +  0.001 x0 x1 x5 +  0.001 x0 x2^2 + -0.001 x0 x2 x3 +  0.001 x0 x2 x4 + -0.001 x0 x2 x6 +  0.001 x0 x3 x6 + -0.001 x0 x4 x6 +  0.001 x0 x6 x7 + -0.001 x1^2 x7 + -0.001 x1 x2^2 +  0.001 x1 x2 x3 +  0.001 x1 x2 x6 +  0.001 x1 x2 x7 + -0.001 x1 x3 x5 + -0.001 x2^2 x4 + -0.001 x2 x3 x7 | (x2)' = -24.414 1 + -8.161 x0 +  35.447 x1 + -34.865 x3 +  8.644 x4 + -2.322 x5 +  2.690 x6 + -1.788 x7 + -0.043 x0^2 + -0.021 x0 x1 +  0.143 x0 x2 + -0.082 x0 x3 +  0.012 x0 x4 +  0.006 x0 x6 +  0.162 x1^2 + -0.328 x1 x2 +  0.064 x1 x3 + -0.004 x1 x4 +  0.023 x1 x5 + -0.010 x1 x7 +  0.043 x2^2 +  0.134 x2 x3 + -0.044 x2 x4 + -0.001 x2 x5 + -0.030 x2 x6 +  0.017 x2 x7 + -0.067 x3^2 +  0.009 x3 x4 + -0.005 x3 x5 +  0.010 x3 x6 +  0.016 x4^2 +  0.003 x4 x6 + -0.006 x5^2 + -0.004 x5 x6 +  0.011 x6 x7 + -0.007 x7^2 +  0.001 x0^2 x2 + -0.001 x0^2 x3 +  0.001 x0 x1^2 + -0.001 x0 x1 x2 +  0.001 x0 x1 x3 + -0.001 x0 x2^2 +  0.001 x0 x2 x3 +  0.001 x0 x2 x7 +  0.001 x0 x5 x6 + -0.001 x1^2 x2 +  0.001 x1^2 x7 +  0.002 x1 x2^2 + -0.002 x1 x2 x3 + -0.001 x1 x2 x5 +  0.001 x1 x2 x6 + -0.001 x1 x2 x7 +  0.001 x1 x3^2 + -0.001 x1 x3 x4 +  0.001 x1 x3 x5 + -0.001 x1 x3 x7 +  0.001 x1 x4 x7 + -0.001 x1 x5 x7 + -0.001 x2 x3^2 +  0.001 x2 x3 x4 +  0.001 x2 x3 x6 +  0.001 x2 x3 x7 + -0.001 x2 x4 x6 + -0.001 x2 x4 x7 +  0.001 x2 x5 x7 +  0.001 x3 x4 x6 | (x3)' = -26.115 1 + -7.874 x1 +  35.786 x2 + -0.069 x3 + -35.480 x4 +  8.503 x5 + -2.399 x6 +  1.443 x7 +  0.011 x0^2 +  0.041 x0 x1 + -0.059 x0 x2 +  0.019 x0 x3 + -0.015 x0 x5 +  0.007 x0 x7 + -0.073 x1^2 +  0.012 x1 x2 +  0.137 x1 x3 + -0.088 x1 x4 +  0.017 x1 x5 + -0.001 x1 x7 +  0.155 x2^2 + -0.322 x2 x3 +  0.072 x2 x4 +  0.001 x2 x5 +  0.023 x2 x6 +  0.043 x3^2 +  0.126 x3 x4 + -0.043 x3 x5 + -0.001 x3 x6 + -0.022 x3 x7 + -0.067 x4^2 +  0.012 x4 x5 + -0.007 x4 x6 +  0.016 x4 x7 +  0.015 x5^2 + -0.007 x6^2 +  0.002 x6 x7 + -0.003 x7^2 +  0.001 x0 x1 x2 + -0.001 x0 x1 x3 + -0.001 x0 x2^2 +  0.001 x0 x4 x6 +  0.001 x0 x5^2 + -0.001 x0 x5 x6 + -0.001 x1^2 x2 +  0.001 x1^2 x3 + -0.001 x1^2 x4 +  0.001 x1 x2^2 + -0.001 x1 x2 x3 +  0.001 x1 x2 x4 + -0.001 x1 x3^2 +  0.002 x1 x3 x4 +  0.001 x1 x3 x7 + -0.001 x1 x4^2 + -0.001 x1 x4 x6 + -0.001 x1 x5 x7 +  0.001 x1 x6 x7 + -0.001 x2^2 x3 +  0.002 x2 x3^2 + -0.002 x2 x3 x4 + -0.001 x2 x3 x6 +  0.001 x2 x4^2 + -0.001 x2 x4 x5 +  0.001 x2 x4 x6 +  0.001 x2 x5 x7 + -0.001 x3 x4^2 +  0.001 x3 x4 x5 +  0.001 x3 x5 x6 + -0.001 x3 x5 x7 | (x4)' = -38.311 1 + -1.543 x0 +  1.971 x1 + -8.765 x2 +  36.152 x3 +  0.588 x4 + -35.233 x5 +  7.809 x6 + -1.238 x7 + -0.029 x0 x1 +  0.035 x0 x2 + -0.023 x0 x3 +  0.019 x0 x4 +  0.007 x0 x5 + -0.009 x0 x7 +  0.026 x1^2 +  0.027 x1 x2 + -0.048 x1 x3 +  0.008 x1 x4 +  0.009 x1 x5 + -0.019 x1 x6 +  0.008 x1 x7 + -0.070 x2^2 +  0.003 x2 x3 +  0.137 x2 x4 + -0.096 x2 x5 +  0.016 x2 x6 +  0.161 x3^2 + -0.324 x3 x4 +  0.079 x3 x5 +  0.001 x3 x6 +  0.019 x3 x7 +  0.038 x4^2 +  0.122 x4 x5 + -0.038 x4 x6 + -0.011 x4 x7 + -0.065 x5^2 +  0.010 x5 x6 + -0.003 x5 x7 +  0.014 x6^2 + -0.001 x0 x1 x2 + -0.001 x0 x5 x6 +  0.001 x1^2 x2 + -0.001 x1^2 x3 +  0.001 x1 x2 x3 + -0.001 x1 x2 x4 +  0.001 x1 x5 x7 + -0.001 x1 x6 x7 +  0.001 x2^2 x4 + -0.001 x2^2 x5 + -0.001 x2 x3 x4 + -0.001 x2 x3 x6 + -0.001 x2 x4^2 +  0.002 x2 x4 x5 + -0.001 x2 x5^2 + -0.001 x2 x5 x7 +  0.002 x3 x4^2 + -0.002 x3 x4 x5 + -0.001 x3 x4 x7 +  0.001 x3 x5^2 + -0.001 x3 x5 x6 +  0.001 x3 x5 x7 + -0.001 x4 x5^2 +  0.001 x4 x5 x6 | (x5)' = -28.857 1 +  2.518 x0 + -2.342 x1 +  1.644 x2 + -8.542 x3 +  34.955 x4 + -34.599 x6 +  6.961 x7 +  0.025 x0 x1 + -0.023 x0 x2 +  0.021 x0 x3 + -0.015 x0 x4 + -0.016 x0 x5 +  0.009 x0 x6 + -0.017 x1^2 + -0.016 x1 x2 +  0.019 x1 x3 + -0.019 x1 x4 +  0.028 x1 x5 + -0.003 x1 x6 +  0.005 x1 x7 +  0.021 x2^2 +  0.035 x2 x3 + -0.042 x2 x4 +  0.008 x2 x5 +  0.014 x2 x6 + -0.021 x2 x7 + -0.072 x3^2 +  0.002 x3 x4 +  0.135 x3 x5 + -0.097 x3 x6 +  0.019 x3 x7 +  0.166 x4^2 + -0.320 x4 x5 +  0.073 x4 x6 +  0.007 x4 x7 +  0.035 x5^2 +  0.122 x5 x6 + -0.038 x5 x7 + -0.063 x6^2 +  0.006 x6 x7 +  0.013 x7^2 +  0.001 x0 x1 x3 + -0.001 x0 x1 x5 +  0.001 x0 x1 x6 + -0.001 x0 x2 x3 +  0.001 x0 x2 x5 +  0.001 x0 x3 x4 + -0.001 x0 x3 x5 +  0.001 x0 x3 x6 + -0.001 x0 x4^2 +  0.001 x0 x4 x5 +  0.001 x0 x5 x6 + -0.001 x2^2 x4 +  0.001 x2 x3 x4 + -0.001 x2 x3 x5 +  0.001 x2 x4 x6 +  0.001 x3^2 x5 + -0.001 x3^2 x6 + -0.001 x3 x4 x5 + -0.001 x3 x5^2 +  0.002 x3 x5 x6 + -0.001 x3 x5 x7 + -0.001 x4^2 x5 +  0.002 x4 x5^2 + -0.002 x4 x5 x6 +  0.001 x4 x6^2 + -0.001 x4 x6 x7 + -0.001 x5 x6^2 +  0.001 x5 x6 x7 | (x6)' = -39.006 1 + -0.029 x0 +  2.390 x1 + -2.207 x2 +  2.748 x3 + -7.066 x4 +  36.002 x5 + -1.249 x6 + -31.439 x7 +  0.007 x0^2 + -0.019 x0 x1 +  0.015 x0 x3 + -0.004 x0 x4 +  0.012 x0 x5 + -0.003 x0 x6 + -0.009 x0 x7 +  0.009 x1^2 +  0.027 x1 x2 + -0.032 x1 x3 +  0.023 x1 x4 + -0.027 x1 x5 + -0.013 x1 x6 +  0.011 x1 x7 + -0.017 x2^2 + -0.010 x2 x3 +  0.019 x2 x4 + -0.021 x2 x5 +  0.029 x2 x6 +  0.013 x3^2 +  0.041 x3 x4 + -0.050 x3 x5 +  0.012 x3 x6 +  0.004 x3 x7 + -0.070 x4^2 +  0.002 x4 x5 +  0.129 x4 x6 + -0.081 x4 x7 +  0.176 x5^2 + -0.328 x5 x6 +  0.069 x5 x7 +  0.040 x6^2 +  0.090 x6 x7 + -0.044 x7^2 +  0.001 x0 x1 x5 + -0.001 x0 x2 x5 +  0.001 x0 x5 x7 +  0.001 x1 x2 x5 + -0.001 x1 x2 x6 +  0.001 x1 x2 x7 +  0.001 x1 x3 x6 + -0.001 x1 x5^2 + -0.001 x1 x5 x7 +  0.001 x1 x6 x7 + -0.001 x1 x7^2 + -0.001 x2 x3 x4 +  0.001 x2 x3 x5 + -0.001 x3^2 x5 +  0.001 x3 x4 x5 + -0.001 x3 x4 x6 +  0.001 x4^2 x6 + -0.001 x4^2 x7 + -0.001 x4 x5 x6 + -0.001 x4 x6^2 +  0.001 x4 x6 x7 + -0.001 x5^2 x6 +  0.002 x5 x6^2 + -0.001 x5 x6 x7 +  0.001 x5 x7^2 | (x7)' = -14.347 1 + -0.696 x0 +  2.224 x2 + -6.192 x3 + -3.207 x4 + -11.043 x5 +  41.066 x6 + -16.436 x7 + -0.006 x0^2 +  0.004 x0 x1 +  0.018 x0 x2 + -0.023 x0 x3 + -0.004 x0 x4 + -0.010 x0 x5 +  0.020 x0 x7 + -0.002 x1^2 + -0.032 x1 x2 +  0.025 x1 x3 +  0.018 x1 x4 +  0.006 x1 x5 +  0.022 x1 x6 + -0.017 x1 x7 +  0.015 x2^2 + -0.034 x2 x4 +  0.050 x2 x5 + -0.047 x2 x6 +  0.011 x2 x7 +  0.013 x3^2 + -0.038 x3 x4 +  0.018 x3 x5 + -0.024 x3 x6 +  0.022 x3 x7 +  0.018 x4^2 +  0.050 x4 x5 + -0.050 x4 x6 +  0.020 x4 x7 + -0.116 x5^2 +  0.034 x5 x6 +  0.121 x5 x7 +  0.165 x6^2 + -0.244 x6 x7 +  0.008 x7^2 +  0.001 x0^2 x6 + -0.001 x0 x1 x6 + -0.001 x0 x2 x4 + -0.001 x0 x3 x6 + -0.001 x0 x4 x6 +  0.001 x0 x6 x7 + -0.001 x1^2 x5 + -0.001 x1 x2^2 +  0.001 x1 x2 x6 + -0.001 x1 x2 x7 + -0.001 x1 x3 x6 +  0.001 x2^2 x3 + -0.001 x2 x3^2 +  0.001 x2 x3 x4 +  0.001 x2 x3 x6 + -0.001 x2 x3 x7 + -0.001 x2 x4 x5 + -0.001 x2 x4 x6 +  0.001 x2 x4 x7 +  0.001 x2 x6 x7 + -0.001 x3 x4 x5 +  0.002 x3 x4 x6 + -0.001 x3 x4 x7 + -0.001 x3 x5 x6 +  0.001 x3 x5 x7 + -0.001 x4^2 x6 +  0.003 x4 x5 x6 + -0.002 x4 x5 x7 + -0.001 x4 x6^2 +  0.001 x4 x7^2 + -0.001 x5^2 x6 +  0.002 x5^2 x7 +  0.001 x5 x6^2 + -0.003 x5 x6 x7
36,80.0,1000.0,37.49490932254601,3,8,5,20.0,140.0,9,36.0,smoothed_finite_difference_savgol_order_3,success,,1202,1320,91.06060606060606,36.037599708884954,"[""1"", ""x0"", ""x1"", ""x2"", ""x3"", ""x4"", ""x5"", ""x6"", ""x7"", ""x0^2"", ""x0 x1"", ""x0 x2"", ""x0 x3"", ""x0 x4"", ""x0 x5"", ""x0 x6"", ""x0 x7"", ""x1^2"", ""x1 x2"", ""x1 x3"", ""x1 x4"", ""x1 x5"", ""x1 x6"", ""x1 x7"", ""x2^2"", ""x2 x3"", ""x2 x4"", ""x2 x5"", ""x2 x6"", ""x2 x7"", ""x3^2"", ""x3 x4"", ""x3 x5"", ""x3 x6"", ""x3 x7"", ""x4^2"", ""x4 x5"", ""x4 x6"", ""x4 x7"", ""x5^2"", ""x5 x6"", ""x5 x7"", ""x6^2"", ""x6 x7"", ""x7^2"", ""x0^3"", ""x0^2 x1"", ""x0^2 x2"", ""x0^2 x3"", ""x0^2 x4"", ""x0^2 x5"", ""x0^2 x6"", ""x0^2 x7"", ""x0 x1^2"", ""x0 x1 x2"", ""x0 x1 x3"", ""x0 x1 x4"", ""x0 x1 x5"", ""x0 x1 x6"", ""x0 x1 x7"", ""x0 x2^2"", ""x0 x2 x3"", ""x0 x2 x4"", ""x0 x2 x5"", ""x0 x2 x6"", ""x0 x2 x7"", ""x0 x3^2"", ""x0 x3 x4"", ""x0 x3 x5"", ""x0 x3 x6"", ""x0 x3 x7"", ""x0 x4^2"", ""x0 x4 x5"", ""x0 x4 x6"", ""x0 x4 x7"", ""x0 x5^2"", ""x0 x5 x6"", ""x0 x5 x7"", ""x0 x6^2"", ""x0 x6 x7"", ""x0 x7^2"", ""x1^3"", ""x1^2 x2"", ""x1^2 x3"", ""x1^2 x4"", ""x1^2 x5"", ""x1^2 x6"", ""x1^2 x7"", ""x1 x2^2"", ""x1 x2 x3"", ""x1 x2 x4"", ""x1 x2 x5"", ""x1 x2 x6"", ""x1 x2 x7"", ""x1 x3^2"", ""x1 x3 x4"", ""x1 x3 x5"", ""x1 x3 x6"", ""x1 x3 x7"", ""x1 x4^2"", ""x1 x4 x5"", ""x1 x4 x6"", ""x1 x4 x7"", ""x1 x5^2"", ""x1 x5 x6"", ""x1 x5 x7"", ""x1 x6^2"", ""x1 x6 x7"", ""x1 x7^2"", ""x2^3"", ""x2^2 x3"", ""x2^2 x4"", ""x2^2 x5"", ""x2^2 x6"", ""x2^2 x7"", ""x2 x3^2"", ""x2 x3 x4"", ""x2 x3 x5"", ""x2 x3 x6"", ""x2 x3 x7"", ""x2 x4^2"", ""x2 x4 x5"", ""x2 x4 x6"", ""x2 x4 x7"", ""x2 x5^2"", ""x2 x5 x6"", ""x2 x5 x7"", ""x2 x6^2"", ""x2 x6 x7"", ""x2 x7^2"", ""x3^3"", ""x3^2 x4"", ""x3^2 x5"", ""x3^2 x6"", ""x3^2 x7"", ""x3 x4^2"", ""x3 x4 x5"", ""x3 x4 x6"", ""x3 x4 x7"", ""x3 x5^2"", ""x3 x5 x6"", ""x3 x5 x7"", ""x3 x6^2"", ""x3 x6 x7"", ""x3 x7^2"", ""x4^3"", ""x4^2 x5"", ""x4^2 x6"", ""x4^2 x7"", ""x4 x5^2"", ""x4 x5 x6"", ""x4 x5 x7"", ""x4 x6^2"", ""x4 x6 x7"", ""x4 x7^2"", ""x5^3"", ""x5^2 x6"", ""x5^2 x7"", ""x5 x6^2"", ""x5 x6 x7"", ""x5 x7^2"", ""x6^3"", ""x6^2 x7"", ""x6 x7^2"", ""x7^3""]","[[-28.848335839003667, 20.24695140845912, -48.68007379338066, 16.41296610500123, 1.0707247809557234, 6.402474821766243, -3.1182115480568053, 1.676100052548586, 0.20987132097659808, 0.004529591798700539, 0.13869829035778383, -0.06466747602095807, -0.02335515802336022, -0.03612609226212025, 0.006286123206434225, 0.020183890541594744, 0.0, -0.03770899456129339, -0.06809958620095305, 0.006940154605487953, 0.012231159397605579, 0.022791393034494983, -0.019573881987038792, -0.020602724677109302, 0.05503853795952747, 0.002708446052015391, 0.023371620898736418, -0.03873165631951464, -0.0044878880510013704, 0.01765744490228561, -0.014734173631595472, 0.010399061290941616, 0.01718442253244348, -0.008069720049570642, 0.011443601279638446, -0.003588748756533166, -0.008577717731058412, -0.00416623653599901, 0.0, -0.0009102099758918533, -0.023993084158489577, 0.01760319717165696, 0.027386541322281036, -0.020343292202524652, -0.0020699645910282885, -0.00030104062032638025, 0.0012491529965781786, 0.0001769200673475136, -0.0003736514960554592, -0.0001814799776203955, -0.00027704235922999397, -0.00021878005626516537, -0.0001712241195781286, -0.0015100170822196675, 0.0021460999815361096, -0.0007651280062482966, 0.0006461984243874358, -0.0002466305361156525, -0.0007205249130362432, 0.0005888838593482791, -0.001113364425052383, 0.0019147222758200645, -0.00235861849378882, 0.0006739651177642973, 0.000435906409569233, -0.0007277275610186003, 5.389605146802867e-05, 0.0013701115737111572, -0.0012002473710087513, 0.00012206128878918179, -0.00026630587239056923, 0.00034866796075227904, 0.001383360122498795, -0.0004179483041823369, -0.00029449987095438965, -0.00017211907691425837, 0.0011520459651921048, -0.0004971440828626568, -4.9158261235502834e-05, 0.0, 0.0006874313046058304, 0.00034932351626863913, -0.0003223644345239816, -1.557789427210587e-05, 3.751493184645555e-05, 0.0, 0.000592329519946586, 0.00023624608384757926, -4.2937319455185773e-05, -0.0007429361627633049, 0.0008127584213803138, -0.00018734740869066864, -0.0009829911183559313, 5.562700874618046e-05, 9.388869227769712e-05, 0.0, 0.0008527346581707802, 0.0006927828552993435, 0.0, -0.0006923287916451605, -0.00033022366447325115, 0.0001119502692493862, -9.397342005056126e-05, -0.00041068063801812094, -5.5740669343988145e-05, 0.0002854325390064857, -0.0004050648938441575, 5.98021650579775e-05, -0.0005566616852907128, -0.00017414319482571231, 0.00019580404815279035, 9.856977601940963e-05, 0.00011432832957688054, 0.0005123101258348257, -0.00031030686281562076, -0.00016231399539108203, -0.000333462213542338, 0.0001459935786852447, -0.00019960964159605307, 0.0003930296646090398, 0.0005758526413580938, -0.0005273369733957931, 0.00040992423342506567, -0.00048588763807479613, 2.762417481604261e-06, -0.0005914765715165627, 0.0006917801318698381, 0.0006854536957054171, -0.0002391206035166554, 0.000319873817595364, -0.00020357209706037906, 3.3461566308232605e-05, 0.00017273963177925257, -0.0001013010208729464, -0.00015674058167346717, -0.0003277570239977043, 0.0002105510630952858, -0.00041878667981668633, 0.00031561324165878924, -7.931095117822466e-05, 5.75872992258741e-05, 5.43475647640764e-05, -0.0005054506154001528, 0.00011666300700469903, -0.00024994460567963, 1.3642639207860036e-06, 0.0, 0.00011084366482650892, 0.0001650450558084448, -0.0003630032942824371, -0.00017180379270671098, 0.0005290733930604321, -0.0001893180855101806, -0.000236212765689614, 1.853599952204069e-05, 0.0001279752077627677, -0.00022850320561931621, -0.00010801718090266204, 0.0003078726992300569, 0.0, 0.0001512014683091474, 1.9215088855545028e-05, 0.00027240435329491716, -0.0006857394403149963, 0.00020587954486742541], [-9.763424827765656, 34.9476566139552, 2.5867631264078645, -42.63396580353813, 10.911130807343449, -5.430506004880199, 2.837316241795103, -1.942657857758968, 0.38370674945472943, 0.08530681290297495, -0.18615033369662726, 0.0, 0.01678362024349746, 0.012905346776709022, 0.01387732658893827, -0.014782369215595453, -0.006215357481910513, -0.01367302511042699, 0.21824164610659907, -0.04573822473162436, 0.019450689951149222, -0.043423144329663946, 0.014391805334579172, 0.021718375668767678, -0.09193190749528166, -0.027573537181148473, -0.007302232362563282, 0.022870825641172626, 0.015055912018918984, -0.01854488499580339, 0.03589460409286011, 0.0, -0.0061460394033451705, -0.0006864529238776161, -0.003921533844525029, -0.01152044753788144, 0.0, 0.000425755907268708, 0.0, 0.0, 0.021013897295046, -0.007127199633884378, -0.015364950582268756, -0.0035664468535958195, 0.008778589384775213, -4.260757453191359e-05, 0.0, -0.0006142876318186018, 0.00042170774391376046, -0.00010562542322091841, -1.681016944738127e-05, 0.00030779484841995345, 0.0002830651963642788, 0.0008040012451488152, -0.0008577820225715128, -0.0001476059901689049, -0.00043070341609520994, 0.0003113629400884986, 0.0, -0.00017544500252536865, 0.0012709648130521103, -0.0016204721102177806, 0.0013102386070863604, -0.00026422719723022105, -0.0005425316172443132, 0.0, 0.00019325864225380916, -0.00025226942611995004, 0.00013456259475855514, 0.0006554611223999591, 0.0, -0.0002564206967093914, -0.00010697167369171432, -0.0003320699344276075, 0.0, -3.285134983554668e-05, -0.00037899482899018575, -2.4753113214356054e-05, -8.363261680206004e-05, 0.0005162986268959584, -0.00036682864540164546, -0.00020494529546252356, -1.0554410155299035e-05, 0.0003700625506277817, -0.00022437573163048083, 0.00010636433471636691, -0.00022285010991676546, -0.0005284464177871763, -0.0009510205378041801, 0.0017913197732241607, -0.0005751238619449107, 0.00043817411856053595, 0.0003821257413566581, 0.0006362759719483949, -0.0008085255422531848, 0.00046613145208624577, -0.000864222168756884, -0.00029038294661183877, -5.141628237606716e-05, 0.00039337407578473417, 0.0, -2.5858306249265283e-06, 0.0, 0.00018087773541850837, 0.00018951346516731305, 0.00012843052331725082, 0.00019533210950309013, -0.00019519851253772775, 0.00020879694994948, 0.0004973360702538021, -0.0008115273801017087, 0.0, -0.00016435832040995248, -0.00016498021501169636, 0.00011540745031322214, 0.0006772918549664135, -0.000253592676555335, 0.0001429899830224845, 0.0, -0.0005206729646747175, -8.643141857597592e-05, 0.0, 0.0002642396968110179, 0.00028343679818629687, 5.418576874343513e-05, 0.0, -0.0002352452271290058, -0.0002736146899423207, -2.225221940175571e-05, -0.00014376482626798613, -0.00013474217185559316, 0.0, 0.00014169374923569353, 0.0, 0.0001237728381655385, -1.8266480053301456e-05, 0.0, -0.0002559251633887988, 0.00044203281447993155, 9.69946871221281e-05, 0.00014488605321961575, -0.00034721024000367647, -7.802687288320293e-06, 0.00010277702812781824, 0.00022229975133231125, 6.517936116669911e-05, -0.00013826850523969943, 0.0001824109725508171, -0.0002791146062277268, 0.0, 0.00025007329121819595, -0.0002877965034426385, 6.037094094637898e-05, 7.230888147898796e-05, -2.2523256743450638e-05, -1.221449463837347e-05, 0.0002000582525977417, 1.435070059986539e-05, -0.00020860869017594186, 0.0, -0.00013950669236662667, -6.137173854031342e-05, 0.0, 0.0002409541842672389, -4.423365394335469e-05], [0.3033956590740539, -10.10716202629291, 39.937791127659125, 0.8684479351379882, -40.87229610848366, 12.949724139876649, -4.612094387715262, 2.459944423309324, -1.1697827764505895, -0.05155565601284475, 0.025422014996571856, 0.10161810187616839, -0.04368408788270233, 0.004840384331753055, -0.01099146163050746, 0.005884511357628714, -4.832479051073066e-05, 0.11576289746248294, -0.26720254862923437, 0.009110150333535958, 0.009739338098551946, 0.02716296860143676, 0.0, -0.006367547327369038, 0.023026505139121682, 0.18519899328637218, -0.052827298536794826, -0.0002153472400892248, -0.03456141535114168, 0.007821948648684391, -0.08013487535786024, -0.018078068547966245, 0.007762324844695849, 0.010404767910334031, 0.012421226402082054, 0.03690677258866632, -0.0076337172012358534, 0.0010254616377025942, -0.007702901746758289, -0.007755878169446971, -0.002517856386627887, 0.0, 0.003648846956293602, 0.01053932240271812, -0.008140559688799462, 9.493527274065183e-06, -0.0001377381451808104, 0.0007108031256483859, -0.0005151750263034942, 0.00013469120154223002, 0.0, 0.0, -0.00022601455797213868, -0.00023532959656244283, -0.00044045305843935084, 0.0010541468735931676, -8.044439292584205e-06, 0.00013483377337199882, -0.0005716801847854837, 0.0, -0.0006084542911872949, 0.00069939211786066, -0.0004241930340025293, -0.00028308876949082487, 0.0007037874356175765, 0.00037498620708504107, -0.00021651827301598947, 0.0003048398485694968, 0.0002240688661807499, -0.0007080065822446531, 0.0, 8.373106704569766e-05, 0.0, -0.00011563733120115605, -0.0001329534373516845, -8.722294061192602e-05, 0.0006279574158738522, 5.52032293874456e-05, 5.722025866086312e-05, -0.0004143484577441559, 0.00010210470437543685, 0.00014269627637382123, 6.08016614608127e-05, -0.0009291361741812404, 0.00047703296834206925, -0.00023727022075691571, 0.00024772658326250126, 0.0005144147157102362, 0.0010604840769183974, -0.0008628452993976225, -0.00030942992102341016, 0.00013601323860758528, -0.00042143994171093554, -0.00038457128823647923, 0.0012052551133931559, -0.0012150392536858722, 0.0, 0.0007663786449812863, -0.0007130384659245686, -0.00013178528794101542, 0.0005419630649521187, -0.00016372222033473238, 0.0009004960329754617, -0.0003531377978235696, 8.809426584228005e-05, -0.00045975853793954073, -0.0002666812409322255, 0.00010656745056152954, 8.110942674343113e-05, -0.0003647143533491886, 0.00018054813342279134, 0.0006006690744713596, -0.0005561919839783859, 0.0003572780845662869, -0.0003125514365787865, -0.0012335428827700888, 0.0012727392830018482, 0.0005848385658878028, -6.301716655818342e-05, 0.0006796862844923635, -0.00065338538542015, 0.0, -0.0006252763003295691, -0.0003272226843317542, 0.0003141077936461026, -0.00010621728117474263, 0.0, 0.00025672111849605147, 0.00012658427389347589, 0.0, 0.0005529612704415938, -0.0006272363256478033, -0.00046274096416985773, 3.7222406537169885e-05, -0.00010705387701437024, 0.0004895677710358134, -1.045919770725155e-05, 0.00026228967045878313, -0.0003639481681435651, 3.7231779434235175e-05, -0.00025008076998133137, 0.000580647948530572, -9.980532979173531e-05, 0.0, -0.00015132984964435166, -0.00025265432063946273, 0.00034024587390179043, 3.3399875999038156e-05, 0.0002991267572691224, -0.00024562650506192624, -0.0001861922068498422, -0.00010478867744007198, 8.388760218450988e-05, 0.0, -9.272226316099108e-05, 0.00012999647072966172, -0.0004178853068342883, 0.0001478047471042008, 0.00026941499514772615, -2.7752724418866288e-05, 0.00011767865576486798, -1.889901105370348e-05, 0.00015699217785435218, -0.0002544214897915861, 1.5482882029181303e-05], [0.0, 3.3343948766887257, -11.674357822358429, 40.626476552931074, 0.12485644747926578, -41.81711706430248, 12.46263916057701, -4.175323136890042, 1.425970746177864, 0.012397286722887976, 0.044944225387284216, -0.07527927666513783, 0.01837337052107441, 0.0, -0.005863619376825186, 0.0, 0.006700489805367812, -0.0929759528923748, 0.0848583584796077, 0.08771889522940288, -0.038498596445493444, -0.0010132425870620426, -0.007851290949540016, -0.002384845960461338, 0.09595440174858443, -0.24246308391907387, 0.0, 0.026912609831685114, 0.02522032388044934, 0.0, 0.01534592329661633, 0.1876044765556236, -0.060872336260747485, -0.0010293804864654043, -0.025864150354822077, -0.08014189082188868, -0.013756538665657273, 0.0050515703203241535, 0.018203698866763037, 0.03244332719351828, -0.005577410781162551, -0.0009732402631416827, -0.006626432158466001, 0.0, 0.0, -4.825044399900296e-05, 0.00028332098306974675, -0.0005361109414034716, 0.00029155457640005385, -4.153667369628826e-05, -8.887306907727004e-05, -3.679476208443819e-05, 0.00012512126159630168, 0.0, 0.0007094423941684244, -0.0009244922422315399, -0.00016329467990365196, 0.00011957903594938139, 0.00041178211253325525, 3.647101030370534e-05, -3.0110330156039536e-05, -0.00018119401324409636, 0.0006400645461101198, -0.0002200107613416954, -0.000306214833069575, -0.000262306163344096, 0.000354324057768291, -0.0006110028129566446, 0.0002394407596275829, 0.00039452454243712673, -0.00025048127636674214, 0.0001869220052043661, -0.0002950561211904449, 0.0002537826070963351, 9.53775036788562e-05, 0.00020431065122525647, -0.0005656372560210557, 0.00016420186313969724, -0.00011332303601747009, 8.874649769469803e-05, 0.0001034171485784303, -0.00022195605538182794, -0.00017687597198009431, 0.0012455622879542075, -0.00045020200043551704, 4.544045668996616e-05, 0.0, -0.00032605193570849425, -0.0002172104692972609, -0.0007506230784997532, 0.000646367361248164, 0.00018993744573346885, 0.00016060759105734546, -0.00012672702289993106, -0.0007354807038715232, 0.0011288057603408483, -0.0005941815096359803, -0.0005314025443188082, 0.001023133590189948, -0.00029623482635918804, 0.00030513372374396083, 0.00011494182163449455, -0.0008940461429782032, -3.169600340503259e-05, 0.0, 0.0, 0.00013839778462602196, 0.00035465115495237254, -0.00020183580976144023, 0.00017747867525193286, 7.3142237105428e-05, -0.000825654309675598, 0.00050785334108397, -0.0002751826762028788, 0.0003058713933569708, 0.001274810377605409, -0.001075826960805684, -8.601958731710758e-06, -0.00011669745264766157, -0.000496209599038231, 0.0011886069765756997, -0.0015159516935355807, 0.0006692205578286539, 0.0002745550455007936, 0.0003726207180125467, -0.00028604442146414137, 0.0004030079131800661, -0.0001610094109588249, -7.955086988925856e-05, -0.00012298434090395212, -0.0004763235968366065, 0.0003303455235532614, 0.0003204479822129744, -0.000316549244840816, 0.00017473216637889976, -0.0012611323530799785, 0.0017543653381841948, -0.00016332233429159902, 0.00034198205352122663, -0.0010733234598731083, 0.0009956654276610482, -0.0010489928275933976, 1.72125988829836e-05, 9.501335758846766e-05, 0.00021270899095523972, 0.0005755824288734305, -0.0008292787074057094, -0.0002255125492645437, -0.00010320745129319898, 0.0008180070593970213, -0.00040008618043368825, 8.275676603412054e-05, 0.000143621063794311, 0.0, -1.7808457135866236e-05, -0.0003727945966100635, 0.0007061208782688794, 0.0, -0.00044649758498164235, 0.0, 1.935299612602271e-05, 0.00010592714176951353, -0.00016169569853355728, 0.0, 7.199933039428342e-05], [0.0, -1.5834976516354609, 4.298878126926425, -12.47517894454953, 41.2282292236039, 0.7791751706170971, -41.279857253038706, 11.88914138347374, -3.1183184148073138, -0.004377320483835558, -0.02955303188655285, 0.033019548551664044, -0.0066715316027727775, 0.008117534014106628, 0.008327694091720048, 0.00244113541497282, -0.010783754350895104, 0.03443813381963053, 0.024482570627154154, -0.07377292340825736, 0.014751989423990478, 0.0008214353171676624, -0.013556668027471063, 0.016627215576175962, -0.08761038506397027, 0.07928989692703534, 0.08894170202078382, -0.05420250922213615, 0.00982011078798557, -0.01820765716735702, 0.09675022591725665, -0.2487161572896026, 0.022856242831560587, 0.013048986427712168, 0.03009008458407388, 0.012332821165860982, 0.17445619647541075, -0.0467716309313781, -0.01577139583303454, -0.07251199821319475, -0.02365475753067438, 0.013468822008350504, 0.035460680965959744, -0.010093873825092975, -0.0033070901669216522, 0.0, -0.000204858383072667, 0.00036995760549519464, -2.483287517314998e-05, 0.0, -3.3953935005757096e-05, 0.0001129567265636211, -7.746207976975032e-05, 0.00024564860463821103, -0.0010193586188935449, 0.0004042240436603685, 9.887280011095241e-05, 0.0, -0.00019843775082907614, 2.0747618857708168e-05, 0.0004434714535908861, -6.486520231793019e-05, -0.00015151011822182091, -6.161523940738845e-06, 0.0, 0.00017090183121381135, -0.00022144320878082532, 0.0, 3.0520941915203495e-06, -0.00011370185267345176, 9.681447359194379e-05, -8.725359660712023e-05, 0.00016156169360288577, -0.000300948285994248, 0.0001947005345101986, 4.919748973486651e-05, 0.00016084735862780726, -9.606340240688801e-05, 0.0, 0.0, 0.0, 1.9106190218162076e-05, 0.000658722483763324, -0.000900489399112158, 0.00024604838983350766, -0.0001233714867144609, -5.1099153382133654e-05, 6.233851600123841e-05, -0.0004354368557010759, 0.0011681959200907585, -0.000824308847235496, 3.4310890407002316e-05, -2.6358077206210982e-05, 0.0003661184659385103, -1.7574350053930038e-05, -0.00011106064183035012, 0.0004887155387892328, 0.00014309827682536347, -0.0005495598152110531, 0.00035489813672383454, -0.0005031331135443479, 0.0002622062589468628, 0.00014488449295162916, 7.553078707165984e-05, 0.0, 0.00016489557932498582, 0.0, -0.0003322715558273663, -5.923489153059631e-06, -0.00011306414748611864, -0.00033070966245480655, 0.0011910203364391108, -0.0006184625341824195, 0.0002472927893928516, -0.00024171861326258484, -0.0002489252260474289, -0.0007930502787182891, 0.0006103811549568825, -3.06035126256853e-05, 0.00018386076481810944, -0.0006045778112274231, 0.0010261326400885624, -0.0005489790431706361, 0.0, -0.0003254210610580672, 0.00019428973543278335, -7.157240243260361e-05, 0.0001314141933186466, -0.0003219667850990713, 0.00030387914256941874, 0.0001993404511489277, 0.00011596653979323933, -0.0006752780471765391, 0.0005407732998006248, -0.00014359334660187824, 0.001221274089685625, -0.000995646383611814, -0.000258259822912808, 1.1956551938818856e-05, 0.0010627559930675291, -0.00103568451797691, 0.0, 1.5225685734631094e-05, 0.0005871240446392352, -0.00041401942147440465, -0.0004442712044458862, 0.0003316628718060411, 0.0003264525428639405, -0.00035453057270019145, -0.0012311246234559192, 0.0012401104606496848, 0.0006094858382627284, -0.0006411230590583432, 0.0, 6.594937276567666e-05, 0.0005702585252323366, -0.0007501864486027555, -0.0004054628441829481, 0.0005589251874016626, -4.07112531312913e-05, 0.0001616183166297644, -0.0002468240378328807, 0.0004570215314305772, -0.0003156436695212481, 2.324616862846085e-05], [0.0, 1.3495105597906951, -2.448243747604805, 4.685220638076561, -12.773829319911474, 40.02486250069123, 0.1409902508739852, -40.302477815598635, 9.87917266385776, 0.0, 0.026182121970716635, -0.021657159595750184, 0.0069197441105596485, -0.007913181461829037, -0.010574799622520586, 0.000402590859115182, 0.007248659882232417, -0.01951120211977387, -0.02052409635668367, 0.02699825322377887, -0.0030631246017955214, 0.008905211336931954, 0.01281375522501526, -0.00933068093199639, 0.03486767064991627, 0.02313923100318071, -0.06882786079078144, 0.02351504524539697, -0.005429921707389935, 0.0, -0.08251956194980567, 0.06956075536117666, 0.08505152848223876, -0.04779827424597319, -0.0036536631933536405, 0.10356410714848546, -0.23658637577170383, 0.011922820039201547, 0.02775978484825526, 0.0, 0.18657673856082013, -0.05424161702645318, -0.07495868087203807, -0.012193150574509386, 0.02408139171363274, -2.808306995505956e-05, 0.0, -3.1016948644269464e-05, -0.00014934033251506255, 0.00018014386219339262, 0.00018480948585787937, -0.0001535901075144536, -8.013480090776773e-05, -4.093510491309811e-06, 0.00026852628315995213, 0.0001322382635752282, -7.748371000282062e-05, -0.00043510489069502524, 0.00032456061153121173, -2.3957177073985958e-05, -6.502330106124022e-05, -0.00015950608718654166, -0.0002786861751502213, 0.0005200699258997825, -0.00018935804339854548, 2.772556045668157e-05, -3.729483275565453e-05, 0.0005476876342087778, -0.0005023466986288738, 0.0003909398137419012, 1.5968192486019098e-05, -0.00019693599749449602, 0.0, 0.0, -0.00013803171016082302, -0.00011149385289082009, 0.0003523737482033381, 4.6880556618051115e-05, -0.0001826790328733685, -0.00013286891872535959, -9.21379322294668e-05, 3.950875862638454e-06, -0.00020875213214629874, 0.0003625120047815478, -2.1631237502483677e-05, 0.0, -0.00013707961460841732, 0.00017148292898642892, 0.0, -0.0007305156366449988, 0.00042911335657359217, 5.2332642566172925e-05, 0.0002895053634054211, -0.0005314815817662152, 0.00035569646475702656, -0.0002140841768152299, 0.0, -0.0004701720607414811, 0.0004002317804119517, -0.00023415690661820825, 0.00024243225614848372, 2.122014417962292e-05, -0.00021570200057091348, -1.279752080273566e-05, -0.00022691531088532335, 0.00018056756094941945, 0.00022101114491419505, -0.0001980580080288363, 0.0003361632981639662, 8.728474492243465e-05, 0.0006396274188686724, -0.0009344777029845007, 0.0003829971038625389, -0.00026892856565126263, 0.00015445615173533293, -0.0004868307287469372, 0.0014772982831086638, -0.0009433551949399884, 0.00024580753532421043, -0.00015628930285620544, -1.914712139603586e-05, -0.00037697115605662187, 0.00043094128305841493, 6.203190410477771e-05, 0.0003498272698459428, -0.00042440164736009877, 0.0, -2.822436351903923e-06, 0.0004342607000775043, -0.0003593677624732994, -5.494758834524598e-05, -0.0004811874940154416, 0.0012413975590311692, -0.0006613133424703617, 0.00018647544356285712, -0.00029101426691819797, -0.0007427899956195072, 0.0006934072863481882, -0.00020366925161357334, -0.0005420087611479137, 0.000880541255669916, -0.00031183123162254367, -0.00029299768290729037, -2.9727426261540468e-05, 0.0002106075301192707, 0.0002555720097946583, -1.8047771683718142e-05, -0.0006212919412382481, 0.0005431682321783494, 0.0012875513382268635, -0.000864255762546155, -0.0004444678454240471, 0.0009680680066324497, -0.0009089627270801316, 0.00024788731206216335, -0.0005286457074357444, 0.00043314187212486495, 0.0002598209633790473, -0.0011775073852792362, 0.0012498560667155195, -0.0005458537573445098, 0.00053788476180854, -0.0007031395767121407, 0.00036822390809119684, -7.848120264573455e-05], [0.0, -0.38008363368710035, 1.6175750082248828, -2.4219590140524208, 5.500375664463384, -10.51078188234974, 41.64138901572443, -2.0021755832030883, -34.884136260813, 0.005799703794051657, -0.019046658478429544, 0.0030474056149170765, 0.006899512270946016, 0.0, 0.015359370407844058, -0.00465579058323645, -0.008451436468030558, 0.010201998394641329, 0.027221588024749083, -0.022701112001101142, 0.0012248470426684107, -0.014534481366415494, -0.018748504567025103, 0.015552800007195286, -0.021763995927005203, -0.019779698486363406, 0.04249607190071675, -0.021430060500671397, 0.026682404293561057, -0.006070938134875476, 0.03683625754907483, 0.0, -0.053886174765674276, 0.011057859522835348, 0.0023239589259017165, -0.0740337576828306, 0.06425846326374884, 0.07769964016450348, -0.03639419135652593, 0.11752692245954113, -0.24188062190091938, 0.0, 0.0, 0.15846013639601345, -0.06181264171229302, 2.063602265558679e-05, 0.0, -0.00014406753652495007, 0.00018562013584566146, -0.00026668062731281084, 3.3524256514960585e-05, -0.00019517522689567262, 0.00021717291931407876, 2.500896112406658e-06, 0.0, -0.00020310838838679505, 0.0, 0.00040810627943478704, 7.488446723363485e-05, 0.00012199215897778446, -9.595230453522025e-05, 0.0003754964344662853, 0.00019321335032721935, -0.0004839129626727299, 0.00011405016449855319, -0.00018418151809183327, -0.00012545424886722053, 0.0, 0.0, 0.0, 0.0, 9.59106760646385e-05, 0.00014081644008191428, 0.0, 7.866413881815278e-06, 2.0219622171349716e-05, -0.00014263310200963552, 0.0, 5.4063912924905276e-05, 3.654623204562402e-05, 2.2961192142870898e-05, -1.908102929769955e-06, 0.0, -8.601473064268694e-05, -0.0002240403972565166, 6.871347143512727e-05, 0.0, -0.00020864192546287338, 0.00021666270626545796, -0.00022477271968664086, 0.00031549067833540724, 0.0, -0.0004061272060794716, 0.0004910697882734761, 5.338846297458845e-05, -0.00013741067795070743, -0.00022608019273995014, 0.0005002744744547873, -0.00022933409578883282, 3.379579216304946e-05, 0.00023201000532322897, 0.0, -5.6137058943300336e-05, -0.0002997336403586928, 0.0001620808708556949, -0.00014884429132396273, -1.687768393500558e-05, 0.0, 0.0, -0.00012982330981990882, 0.0, 0.00026894580099344847, -1.3039862754972305e-05, 0.00011957986346429957, -0.0001433434603084467, 0.0, -0.0010323534048130554, 0.00046410621761206215, 4.567435259446936e-06, 0.00031913747227570855, 0.000447349703852761, 0.0, -0.0003531203196031539, 6.874739347958513e-06, -0.00019699279885180204, 0.0005366406434247804, -0.00024492891131363913, -0.0001331662787682536, -9.269113885826358e-05, -3.24502534613681e-05, 6.121085724593402e-05, 0.0005281775598801826, -0.0007130269341045889, -9.080411936768697e-05, -2.712488177981915e-06, -0.00042934085534376246, 0.0009870720958008623, 0.0, 7.588511427385845e-05, 0.00016821440671055846, -0.000787008611058811, 0.00039326570339107315, 0.0006312378854320891, -0.00038763518017148477, 1.4667388164870072e-05, -8.158750909882174e-05, -0.00026969316213807987, 0.0007368023892961112, -0.00048129535754753365, -0.00039714374875583525, -0.0007468206261341242, 0.0009458483191417717, -0.0005828422192999714, 0.000762275954962561, -0.00045081022331848187, 0.000339067081175504, -0.0001699757833099369, -0.0007610486492134104, 0.0012178388084352354, -0.00023198195173474277, 0.00043063449258815234, -0.0005064839538123379, 0.00010642572461704066, -0.00028540535764564, 0.00022240516302199503], [1.8038368106554237, -0.41759241337382264, -1.0692509375480832, 2.1835820855642374, -6.551733765016239, -1.247958726425125, -15.461466861883205, 48.680140543900805, -20.71254580938771, -0.0038387481127713998, 0.002480716613566243, 0.015608288873450293, -0.020453840642949295, -0.0011272103719668772, -0.013176532089053698, 0.0, 0.02059528685422081, -0.005888018305037876, -0.028371967585550828, 0.02535500935185037, 0.009020924730231365, 0.017203100156875904, 0.019060104981766173, -0.0159397747977346, 0.015394249467957206, -0.0004416763195724868, -0.023264420193102455, 0.023026900215003664, -0.027612163510823535, 0.008175362867101042, 0.014651159766239489, -0.06284074677262651, 0.056949993642543245, -0.036946587991045304, 0.016969761233864084, 0.04920015011191288, 0.0, -0.050287925915933826, 0.019782969295900347, -0.11601902233521504, 0.08251101773841776, 0.10426764519295176, 0.12408131922615281, -0.22130712121536764, 0.012026716417582076, 0.0, -0.0001707116119453361, 0.0002686766144135921, 0.0, 0.0004218819302440788, -0.00017478727814159058, 0.0007560289937494195, -0.0005293123677292137, 5.1858544286655796e-05, -0.00014580311121139585, 0.00023954726062650917, -0.0001025389318556193, -0.00013018815578114476, -0.0004640319361142652, -0.0001672724447123605, -3.087406875560576e-05, 0.00011617872293880078, -0.0007152137040735379, 0.0005829906560477489, -8.123304997334084e-05, 5.104144223758633e-05, 6.6771143651903684e-06, 9.548198998223901e-05, 0.0, -0.0007513251061949141, 0.00045616459525000007, -0.00011351396998181868, -0.0002858680037955916, -6.724127511571713e-05, 0.0, -9.78144960046856e-05, 4.1660651514576065e-05, 0.0002798378278051608, -0.00039829305963275704, 0.0006708919884911485, -0.00020857280475389942, 0.0, 0.00040936149408332673, -0.00013926775310627157, 0.00040157517050476026, -0.00018521346349773145, -5.893633819084538e-05, 0.00017781649417655885, -0.0005264171718767024, 0.00045688854684987595, -0.00017312820501507313, -0.00019576268938586462, 0.001029283172606335, -0.0007955526577735344, -0.00012059928061124858, -0.00017628252511829942, 0.0007326700742634561, -0.0009211942059304856, 4.322859192042485e-05, -4.738275200773602e-05, -0.00017604335352520729, 6.665807220411924e-05, 0.0004303119833749054, 0.0003514078689289738, 0.00019719601315276437, -0.00026488170315840456, -6.722119489225396e-05, 0.00014669973193180472, 3.1480736317091666e-05, 0.0, 0.0005585566385734913, -0.00024114738708110096, -0.0001918435212964907, -0.00017984025779128884, 0.00028948024743385785, -0.0005399772596511916, 0.0013195965797483309, -0.00044288843531471245, 0.0009381439568748198, -0.001563694028251276, -0.00010307903314985766, -0.0002638799768929156, -0.0011741595034548552, 0.0010484784464378496, 0.0, -0.00021119664224897156, 0.00012154498813681551, -0.0002894698565116098, 0.0006502497620271813, 0.0002522402369108418, 0.0003042649508979547, -0.00038889759136634616, 0.00031590081195992766, 0.0001297810115072283, -8.001156472140812e-05, 0.0, -0.0008367420323477364, 0.0015941776937296336, -0.0015147734032919609, 0.000361023987971248, -0.0006675368948541469, 0.0008155812644810262, -0.0004649056731282013, 7.894461099947575e-05, 0.00010409010514347642, 0.000336685593594329, 0.00025995234580707214, -0.0010851879400416327, 0.000564777959638217, -0.00014117670597981572, 0.0021784247813670028, -0.001937063863737151, 0.0003012848856019475, -0.0010848390108902587, 0.0012263547021169122, -0.00018228584291816283, -0.0005318271549743992, 0.001673069498347003, -2.0260343086916965e-05, -0.0012767384142976942, -0.000751420778794212, 0.00036475765801338163, 0.0, 0.00010629459214987508, -0.0001674716921320371]]",(x0)' = -28.848 1 +  20.247 x0 + -48.680 x1 +  16.413 x2 +  1.071 x3 +  6.402 x4 + -3.118 x5 +  1.676 x6 +  0.210 x7 +  0.005 x0^2 +  0.139 x0 x1 + -0.065 x0 x2 + -0.023 x0 x3 + -0.036 x0 x4 +  0.006 x0 x5 +  0.020 x0 x6 + -0.038 x1^2 + -0.068 x1 x2 +  0.007 x1 x3 +  0.012 x1 x4 +  0.023 x1 x5 + -0.020 x1 x6 + -0.021 x1 x7 +  0.055 x2^2 +  0.003 x2 x3 +  0.023 x2 x4 + -0.039 x2 x5 + -0.004 x2 x6 +  0.018 x2 x7 + -0.015 x3^2 +  0.010 x3 x4 +  0.017 x3 x5 + -0.008 x3 x6 +  0.011 x3 x7 + -0.004 x4^2 + -0.009 x4 x5 + -0.004 x4 x6 + -0.001 x5^2 + -0.024 x5 x6 +  0.018 x5 x7 +  0.027 x6^2 + -0.020 x6 x7 + -0.002 x7^2 +  0.001 x0^2 x1 + -0.002 x0 x1^2 +  0.002 x0 x1 x2 + -0.001 x0 x1 x3 +  0.001 x0 x1 x4 + -0.001 x0 x1 x6 +  0.001 x0 x1 x7 + -0.001 x0 x2^2 +  0.002 x0 x2 x3 + -0.002 x0 x2 x4 +  0.001 x0 x2 x5 + -0.001 x0 x2 x7 +  0.001 x0 x3 x4 + -0.001 x0 x3 x5 +  0.001 x0 x4 x5 +  0.001 x0 x5 x6 +  0.001 x0 x7^2 +  0.001 x1^2 x6 + -0.001 x1 x2 x3 +  0.001 x1 x2 x4 + -0.001 x1 x2 x6 +  0.001 x1 x3 x5 +  0.001 x1 x3 x6 + -0.001 x1 x4^2 + -0.001 x1 x7^2 +  0.001 x2^2 x6 +  0.001 x2 x4^2 + -0.001 x2 x4 x5 + -0.001 x2 x5 x6 +  0.001 x2 x5 x7 +  0.001 x2 x6^2 + -0.001 x3 x6^2 +  0.001 x4 x5 x7 + -0.001 x6 x7^2 | (x1)' = -9.763 1 +  34.948 x0 +  2.587 x1 + -42.634 x2 +  10.911 x3 + -5.431 x4 +  2.837 x5 + -1.943 x6 +  0.384 x7 +  0.085 x0^2 + -0.186 x0 x1 +  0.017 x0 x3 +  0.013 x0 x4 +  0.014 x0 x5 + -0.015 x0 x6 + -0.006 x0 x7 + -0.014 x1^2 +  0.218 x1 x2 + -0.046 x1 x3 +  0.019 x1 x4 + -0.043 x1 x5 +  0.014 x1 x6 +  0.022 x1 x7 + -0.092 x2^2 + -0.028 x2 x3 + -0.007 x2 x4 +  0.023 x2 x5 +  0.015 x2 x6 + -0.019 x2 x7 +  0.036 x3^2 + -0.006 x3 x5 + -0.001 x3 x6 + -0.004 x3 x7 + -0.012 x4^2 +  0.021 x5 x6 + -0.007 x5 x7 + -0.015 x6^2 + -0.004 x6 x7 +  0.009 x7^2 + -0.001 x0^2 x2 +  0.001 x0 x1^2 + -0.001 x0 x1 x2 +  0.001 x0 x2^2 + -0.002 x0 x2 x3 +  0.001 x0 x2 x4 + -0.001 x0 x2 x6 +  0.001 x0 x3 x6 +  0.001 x0 x6 x7 + -0.001 x1^2 x7 + -0.001 x1 x2^2 +  0.002 x1 x2 x3 + -0.001 x1 x2 x4 +  0.001 x1 x2 x7 + -0.001 x1 x3^2 + -0.001 x1 x3 x5 + -0.001 x2^2 x3 +  0.001 x2 x3^2 + -0.001 x2 x3 x7 | (x2)' =  0.303 1 + -10.107 x0 +  39.938 x1 +  0.868 x2 + -40.872 x3 +  12.950 x4 + -4.612 x5 +  2.460 x6 + -1.170 x7 + -0.052 x0^2 +  0.025 x0 x1 +  0.102 x0 x2 + -0.044 x0 x3 +  0.005 x0 x4 + -0.011 x0 x5 +  0.006 x0 x6 +  0.116 x1^2 + -0.267 x1 x2 +  0.009 x1 x3 +  0.010 x1 x4 +  0.027 x1 x5 + -0.006 x1 x7 +  0.023 x2^2 +  0.185 x2 x3 + -0.053 x2 x4 + -0.035 x2 x6 +  0.008 x2 x7 + -0.080 x3^2 + -0.018 x3 x4 +  0.008 x3 x5 +  0.010 x3 x6 +  0.012 x3 x7 +  0.037 x4^2 + -0.008 x4 x5 +  0.001 x4 x6 + -0.008 x4 x7 + -0.008 x5^2 + -0.003 x5 x6 +  0.004 x6^2 +  0.011 x6 x7 + -0.008 x7^2 +  0.001 x0^2 x2 + -0.001 x0^2 x3 +  0.001 x0 x1 x3 + -0.001 x0 x1 x6 + -0.001 x0 x2^2 +  0.001 x0 x2 x3 +  0.001 x0 x2 x6 + -0.001 x0 x3 x6 +  0.001 x0 x5 x6 + -0.001 x1^2 x3 +  0.001 x1^2 x7 +  0.001 x1 x2^2 + -0.001 x1 x2 x3 +  0.001 x1 x3^2 + -0.001 x1 x3 x4 +  0.001 x1 x3 x6 + -0.001 x1 x3 x7 +  0.001 x1 x4 x5 +  0.001 x1 x4 x7 +  0.001 x2^2 x4 + -0.001 x2^2 x5 + -0.001 x2 x3^2 +  0.001 x2 x3 x4 +  0.001 x2 x3 x5 +  0.001 x2 x3 x7 + -0.001 x2 x4^2 + -0.001 x2 x4 x6 +  0.001 x3^3 + -0.001 x3^2 x4 +  0.001 x3 x5 x7 | (x3)' =  3.334 x0 + -11.674 x1 +  40.626 x2 +  0.125 x3 + -41.817 x4 +  12.463 x5 + -4.175 x6 +  1.426 x7 +  0.012 x0^2 +  0.045 x0 x1 + -0.075 x0 x2 +  0.018 x0 x3 + -0.006 x0 x5 +  0.007 x0 x7 + -0.093 x1^2 +  0.085 x1 x2 +  0.088 x1 x3 + -0.038 x1 x4 + -0.001 x1 x5 + -0.008 x1 x6 + -0.002 x1 x7 +  0.096 x2^2 + -0.242 x2 x3 +  0.027 x2 x5 +  0.025 x2 x6 +  0.015 x3^2 +  0.188 x3 x4 + -0.061 x3 x5 + -0.001 x3 x6 + -0.026 x3 x7 + -0.080 x4^2 + -0.014 x4 x5 +  0.005 x4 x6 +  0.018 x4 x7 +  0.032 x5^2 + -0.006 x5 x6 + -0.001 x5 x7 + -0.007 x6^2 + -0.001 x0^2 x2 +  0.001 x0 x1 x2 + -0.001 x0 x1 x3 +  0.001 x0 x2 x4 + -0.001 x0 x3 x4 + -0.001 x0 x5 x6 +  0.001 x1^2 x3 + -0.001 x1 x2 x3 +  0.001 x1 x2 x4 + -0.001 x1 x3^2 +  0.001 x1 x3 x4 + -0.001 x1 x3 x5 + -0.001 x1 x3 x6 +  0.001 x1 x3 x7 + -0.001 x1 x4 x7 + -0.001 x2^2 x4 +  0.001 x2^2 x5 +  0.001 x2 x3^2 + -0.001 x2 x3 x4 +  0.001 x2 x4^2 + -0.002 x2 x4 x5 +  0.001 x2 x4 x6 + -0.001 x3 x4^2 +  0.002 x3 x4 x5 + -0.001 x3 x5^2 +  0.001 x3 x5 x6 + -0.001 x3 x5 x7 +  0.001 x4^3 + -0.001 x4^2 x5 +  0.001 x4 x5^2 +  0.001 x5^2 x6 | (x4)' = -1.583 x0 +  4.299 x1 + -12.475 x2 +  41.228 x3 +  0.779 x4 + -41.280 x5 +  11.889 x6 + -3.118 x7 + -0.004 x0^2 + -0.030 x0 x1 +  0.033 x0 x2 + -0.007 x0 x3 +  0.008 x0 x4 +  0.008 x0 x5 +  0.002 x0 x6 + -0.011 x0 x7 +  0.034 x1^2 +  0.024 x1 x2 + -0.074 x1 x3 +  0.015 x1 x4 +  0.001 x1 x5 + -0.014 x1 x6 +  0.017 x1 x7 + -0.088 x2^2 +  0.079 x2 x3 +  0.089 x2 x4 + -0.054 x2 x5 +  0.010 x2 x6 + -0.018 x2 x7 +  0.097 x3^2 + -0.249 x3 x4 +  0.023 x3 x5 +  0.013 x3 x6 +  0.030 x3 x7 +  0.012 x4^2 +  0.174 x4 x5 + -0.047 x4 x6 + -0.016 x4 x7 + -0.073 x5^2 + -0.024 x5 x6 +  0.013 x5 x7 +  0.035 x6^2 + -0.010 x6 x7 + -0.003 x7^2 + -0.001 x0 x1 x2 +  0.001 x1^2 x2 + -0.001 x1^2 x3 +  0.001 x1 x2 x3 + -0.001 x1 x2 x4 + -0.001 x1 x3 x7 + -0.001 x1 x4 x5 +  0.001 x2^2 x4 + -0.001 x2^2 x5 + -0.001 x2 x3 x4 +  0.001 x2 x3 x5 + -0.001 x2 x4^2 +  0.001 x2 x4 x5 + -0.001 x2 x4 x6 + -0.001 x3^2 x5 +  0.001 x3^2 x6 +  0.001 x3 x4^2 + -0.001 x3 x4 x5 +  0.001 x3 x5^2 + -0.001 x3 x5 x6 +  0.001 x3 x6 x7 + -0.001 x4 x5^2 +  0.001 x4 x5 x6 +  0.001 x4 x5 x7 + -0.001 x4 x6^2 +  0.001 x5^3 + -0.001 x5^2 x6 +  0.001 x5 x6^2 | (x5)' =  1.350 x0 + -2.448 x1 +  4.685 x2 + -12.774 x3 +  40.025 x4 +  0.141 x5 + -40.302 x6 +  9.879 x7 +  0.026 x0 x1 + -0.022 x0 x2 +  0.007 x0 x3 + -0.008 x0 x4 + -0.011 x0 x5 +  0.007 x0 x7 + -0.020 x1^2 + -0.021 x1 x2 +  0.027 x1 x3 + -0.003 x1 x4 +  0.009 x1 x5 +  0.013 x1 x6 + -0.009 x1 x7 +  0.035 x2^2 +  0.023 x2 x3 + -0.069 x2 x4 +  0.024 x2 x5 + -0.005 x2 x6 + -0.083 x3^2 +  0.070 x3 x4 +  0.085 x3 x5 + -0.048 x3 x6 + -0.004 x3 x7 +  0.104 x4^2 + -0.237 x4 x5 +  0.012 x4 x6 +  0.028 x4 x7 +  0.187 x5 x6 + -0.054 x5 x7 + -0.075 x6^2 + -0.012 x6 x7 +  0.024 x7^2 +  0.001 x0 x2 x5 +  0.001 x0 x3 x4 + -0.001 x0 x3 x5 + -0.001 x1 x2 x3 + -0.001 x1 x2 x7 +  0.001 x2^2 x3 + -0.001 x2^2 x4 +  0.001 x2 x3 x4 + -0.001 x2 x3 x5 +  0.001 x3^2 x5 + -0.001 x3^2 x6 + -0.001 x3 x4 x5 +  0.001 x3 x4 x6 + -0.001 x3 x5^2 +  0.001 x3 x5 x6 + -0.001 x4^2 x6 +  0.001 x4^2 x7 +  0.001 x4 x5^2 + -0.001 x4 x5 x6 +  0.001 x4 x6^2 + -0.001 x4 x6 x7 + -0.001 x5^3 + -0.001 x5 x6^2 +  0.001 x5 x6 x7 + -0.001 x5 x7^2 +  0.001 x6^3 + -0.001 x6^2 x7 | (x6)' = -0.380 x0 +  1.618 x1 + -2.422 x2 +  5.500 x3 + -10.511 x4 +  41.641 x5 + -2.002 x6 + -34.884 x7 +  0.006 x0^2 + -0.019 x0 x1 +  0.003 x0 x2 +  0.007 x0 x3 +  0.015 x0 x5 + -0.005 x0 x6 + -0.008 x0 x7 +  0.010 x1^2 +  0.027 x1 x2 + -0.023 x1 x3 +  0.001 x1 x4 + -0.015 x1 x5 + -0.019 x1 x6 +  0.016 x1 x7 + -0.022 x2^2 + -0.020 x2 x3 +  0.042 x2 x4 + -0.021 x2 x5 +  0.027 x2 x6 + -0.006 x2 x7 +  0.037 x3^2 + -0.054 x3 x5 +  0.011 x3 x6 +  0.002 x3 x7 + -0.074 x4^2 +  0.064 x4 x5 +  0.078 x4 x6 + -0.036 x4 x7 +  0.118 x5^2 + -0.242 x5 x6 +  0.158 x6 x7 + -0.062 x7^2 +  0.001 x1 x3 x6 + -0.001 x2 x3 x4 +  0.001 x2 x5 x6 +  0.001 x3^2 x4 + -0.001 x3^2 x5 +  0.001 x3 x4 x5 + -0.001 x3 x5 x6 +  0.001 x3 x6^2 +  0.001 x4^2 x6 + -0.001 x4 x5 x6 +  0.001 x4 x5 x7 + -0.001 x4 x6^2 +  0.001 x4 x6 x7 + -0.001 x5^2 x7 +  0.001 x5 x6^2 + -0.001 x6^3 | (x7)' =  1.804 1 + -0.418 x0 + -1.069 x1 +  2.184 x2 + -6.552 x3 + -1.248 x4 + -15.461 x5 +  48.680 x6 + -20.713 x7 + -0.004 x0^2 +  0.002 x0 x1 +  0.016 x0 x2 + -0.020 x0 x3 + -0.001 x0 x4 + -0.013 x0 x5 +  0.021 x0 x7 + -0.006 x1^2 + -0.028 x1 x2 +  0.025 x1 x3 +  0.009 x1 x4 +  0.017 x1 x5 +  0.019 x1 x6 + -0.016 x1 x7 +  0.015 x2^2 + -0.023 x2 x4 +  0.023 x2 x5 + -0.028 x2 x6 +  0.008 x2 x7 +  0.015 x3^2 + -0.063 x3 x4 +  0.057 x3 x5 + -0.037 x3 x6 +  0.017 x3 x7 +  0.049 x4^2 + -0.050 x4 x6 +  0.020 x4 x7 + -0.116 x5^2 +  0.083 x5 x6 +  0.104 x5 x7 +  0.124 x6^2 + -0.221 x6 x7 +  0.012 x7^2 +  0.001 x0^2 x6 + -0.001 x0^2 x7 + -0.001 x0 x2 x4 +  0.001 x0 x2 x5 + -0.001 x0 x3 x6 +  0.001 x0 x6 x7 + -0.001 x1 x2^2 +  0.001 x1 x2 x6 + -0.001 x1 x2 x7 +  0.001 x1 x3 x5 + -0.001 x1 x3 x6 +  0.001 x2^2 x3 + -0.001 x2 x3^2 +  0.001 x2 x3 x4 +  0.001 x2 x3 x6 + -0.002 x2 x3 x7 + -0.001 x2 x4 x6 +  0.001 x2 x4 x7 +  0.001 x2 x6 x7 + -0.001 x3 x4 x5 +  0.002 x3 x4 x6 + -0.002 x3 x4 x7 + -0.001 x3 x5 x6 +  0.001 x3 x5 x7 + -0.001 x4^2 x6 +  0.001 x4^2 x7 +  0.002 x4 x5 x6 + -0.002 x4 x5 x7 + -0.001 x4 x6 x7 +  0.001 x4 x7^2 + -0.001 x5^2 x6 +  0.002 x5^2 x7 + -0.001 x5 x6 x7 + -0.001 x5 x7^2
