configuration_index,lowpass_hz,stlsq_threshold,training_lfp_rms_uv,degree,n_delays,delay_samples,delay_ms,embedding_span_ms,smooth_window_samples,smooth_window_ms,derivative_method,fit_status,fit_failure_reason,nonzero_terms,possible_terms,term_utilization_percent,fit_runtime_s,feature_names_json,coefficients_json,equations
1,80.0,100.0,37.49490932254601,2,2,1,4.0,4.0,0,0.0,finite_difference,success,,12,12,100.0,0.6574100349098444,"[""1"", ""x0"", ""x1"", ""x0^2"", ""x0 x1"", ""x1^2""]","[[-38.925929722958706, 197.23602080606875, -206.35556012942152, -0.062358847946700456, 0.2072309035035465, -0.10817948266424354], [32.12075504941435, 206.29604117212367, -197.11870493053266, 0.1613274333876374, -0.3737465323685158, 0.17325149502951548]]",(x0)' = -38.926 1 +  197.236 x0 + -206.356 x1 + -0.062 x0^2 +  0.207 x0 x1 + -0.108 x1^2 | (x1)' =  32.121 1 +  206.296 x0 + -197.119 x1 +  0.161 x0^2 + -0.374 x0 x1 +  0.173 x1^2
2,80.0,100.0,37.49490932254601,2,2,1,4.0,4.0,5,20.0,smoothed_finite_difference_savgol_order_3,success,,12,12,100.0,0.13511808030307293,"[""1"", ""x0"", ""x1"", ""x0^2"", ""x0 x1"", ""x1^2""]","[[-36.05383428077522, 212.34962724140874, -220.53285218103827, -0.05186408861332366, 0.2026937048880403, -0.117490797125231], [24.473167782224948, 220.52961242123212, -212.26285956951594, 0.23124406150571566, -0.48482689914418925, 0.21826128241220405]]",(x0)' = -36.054 1 +  212.350 x0 + -220.533 x1 + -0.052 x0^2 +  0.203 x0 x1 + -0.117 x1^2 | (x1)' =  24.473 1 +  220.530 x0 + -212.263 x1 +  0.231 x0^2 + -0.485 x0 x1 +  0.218 x1^2
3,80.0,100.0,37.49490932254601,2,2,1,4.0,4.0,9,36.0,smoothed_finite_difference_savgol_order_3,success,,12,12,100.0,0.13039055094122887,"[""1"", ""x0"", ""x1"", ""x0^2"", ""x0 x1"", ""x1^2""]","[[-19.44314178900775, 231.25917843877585, -237.2336468547829, -0.13081725171959466, 0.3115527915186215, -0.1584939836118008], [14.302265966581507, 237.2620798367892, -231.27079518221214, 0.24496592505333564, -0.456355920145747, 0.18976388182962592]]",(x0)' = -19.443 1 +  231.259 x0 + -237.234 x1 + -0.131 x0^2 +  0.312 x0 x1 + -0.158 x1^2 | (x1)' =  14.302 1 +  237.262 x0 + -231.271 x1 +  0.245 x0^2 + -0.456 x0 x1 +  0.190 x1^2
4,80.0,100.0,37.49490932254601,2,2,2,8.0,8.0,0,0.0,finite_difference,success,,12,12,100.0,0.11677735112607479,"[""1"", ""x0"", ""x1"", ""x0^2"", ""x0 x1"", ""x1^2""]","[[-65.7913398464665, 82.13038453631854, -95.76623141323611, 0.0139989923393027, 0.07440585832394574, -0.031357460999691396], [39.04303710268161, 95.87372278887284, -82.04992236145975, 0.09301949571173039, -0.22877942857684297, 0.07569522826895297]]",(x0)' = -65.791 1 +  82.130 x0 + -95.766 x1 +  0.014 x0^2 +  0.074 x0 x1 + -0.031 x1^2 | (x1)' =  39.043 1 +  95.874 x0 + -82.050 x1 +  0.093 x0^2 + -0.229 x0 x1 +  0.076 x1^2
5,80.0,100.0,37.49490932254601,2,2,2,8.0,8.0,5,20.0,smoothed_finite_difference_savgol_order_3,success,,12,12,100.0,0.12527311965823174,"[""1"", ""x0"", ""x1"", ""x0^2"", ""x0 x1"", ""x1^2""]","[[-61.396644682837426, 90.75058834688552, -104.09877842592185, 0.010769468857639426, 0.08915921895021738, -0.04482304501658861], [33.20814568659525, 104.22514992272527, -90.68254006797513, 0.12046401283841798, -0.2661206588034746, 0.0879877901946928]]",(x0)' = -61.397 1 +  90.751 x0 + -104.099 x1 +  0.011 x0^2 +  0.089 x0 x1 + -0.045 x1^2 | (x1)' =  33.208 1 +  104.225 x0 + -90.683 x1 +  0.120 x0^2 + -0.266 x0 x1 +  0.088 x1^2
6,80.0,100.0,37.49490932254601,2,2,2,8.0,8.0,9,36.0,smoothed_finite_difference_savgol_order_3,success,,12,12,100.0,0.11478718928992748,"[""1"", ""x0"", ""x1"", ""x0^2"", ""x0 x1"", ""x1^2""]","[[-34.5434976538293, 105.38668265557645, -116.34892835835264, -0.04880957737139584, 0.16071556042035193, -0.07156203998560885], [26.081555122754285, 116.39314334439295, -105.39283260161599, 0.11713060849356256, -0.21938057634011707, 0.06256869313441817]]",(x0)' = -34.543 1 +  105.387 x0 + -116.349 x1 + -0.049 x0^2 +  0.161 x0 x1 + -0.072 x1^2 | (x1)' =  26.082 1 +  116.393 x0 + -105.393 x1 +  0.117 x0^2 + -0.219 x0 x1 +  0.063 x1^2
7,80.0,100.0,37.49490932254601,2,2,5,20.0,20.0,0,0.0,finite_difference,success,,12,12,100.0,0.10353499092161655,"[""1"", ""x0"", ""x1"", ""x0^2"", ""x0 x1"", ""x1^2""]","[[-56.59298884008622, 18.446725702479725, -32.75697586461517, 0.042374813665989455, -0.0047801538462301785, 0.0008023294672334842], [-21.075736527029214, 33.39091673275949, -18.65310183186451, 0.10109465879869203, -0.1179945084550525, -0.020019450244170834]]",(x0)' = -56.593 1 +  18.447 x0 + -32.757 x1 +  0.042 x0^2 + -0.005 x0 x1 +  0.001 x1^2 | (x1)' = -21.076 1 +  33.391 x0 + -18.653 x1 +  0.101 x0^2 + -0.118 x0 x1 + -0.020 x1^2
8,80.0,100.0,37.49490932254601,2,2,5,20.0,20.0,5,20.0,smoothed_finite_difference_savgol_order_3,success,,12,12,100.0,0.11302721127867699,"[""1"", ""x0"", ""x1"", ""x0^2"", ""x0 x1"", ""x1^2""]","[[-54.69177362409978, 18.773636937271533, -33.00873296218407, 0.04187640917061591, -0.002562802769003522, -0.0008646491485171191], [-18.88481040680268, 33.58749878168516, -18.960124678379714, 0.09902965662257945, -0.11586857174661316, -0.019819515122072584]]",(x0)' = -54.692 1 +  18.774 x0 + -33.009 x1 +  0.042 x0^2 + -0.003 x0 x1 + -0.001 x1^2 | (x1)' = -18.885 1 +  33.587 x0 + -18.960 x1 +  0.099 x0^2 + -0.116 x0 x1 + -0.020 x1^2
9,80.0,100.0,37.49490932254601,2,2,5,20.0,20.0,9,36.0,smoothed_finite_difference_savgol_order_3,success,,11,12,91.66666666666667,0.12565255165100098,"[""1"", ""x0"", ""x1"", ""x0^2"", ""x0 x1"", ""x1^2""]","[[-50.32984580493721, 22.6278440891141, -37.97576060678166, 0.02573695154434477, 0.020500836989372023, 0.0], [8.546070505040774, 38.2990366694908, -22.809301180666836, 0.06899351900140524, -0.08640222406446657, -0.023712753528242182]]",(x0)' = -50.330 1 +  22.628 x0 + -37.976 x1 +  0.026 x0^2 +  0.021 x0 x1 | (x1)' =  8.546 1 +  38.299 x0 + -22.809 x1 +  0.069 x0^2 + -0.086 x0 x1 + -0.024 x1^2
10,80.0,100.0,37.49490932254601,2,4,1,4.0,12.0,0,0.0,finite_difference,success,,60,60,100.0,0.39495183899998665,"[""1"", ""x0"", ""x1"", ""x2"", ""x3"", ""x0^2"", ""x0 x1"", ""x0 x2"", ""x0 x3"", ""x1^2"", ""x1 x2"", ""x1 x3"", ""x2^2"", ""x2 x3"", ""x3^2""]","[[-64.74198763078199, 259.2967651300881, -374.045974109434, 167.96814250288344, -60.391496887766685, -0.4286442953147941, 1.5789360522018105, -1.257180268203072, 0.5569597885493027, -1.0233688595748356, 1.0723793790494516, -0.6134954986686545, 0.2500823444313, -0.25252259095602037, 0.13935862653467349], [-0.3380125291385721, 124.98369802153783, 0.10672724568860534, -125.16008841076243, 0.06896507156656595, -0.003130176512793036, 0.008385924700423193, -0.0004655484149220232, -0.001311195815135282, -0.00111585922187777, -0.02277479468729168, 0.014502033630050327, 0.029967583754319, -0.032735680451373705, 0.008704785814155735], [-0.4715315047515752, -0.068817692395809, 125.13472974346665, -0.060542520941518824, -125.00671277395065, 0.001711689284441349, -0.0012744985884251092, -0.007527375582725123, 0.005935771569240131, 0.0028497417435114276, -0.0067112074106822316, 0.001240471248751588, 0.016405220694317147, -0.017570626212571827, 0.005000152711731921], [41.810952967357224, 60.54713939627412, -167.95812822669998, 374.10986662606865, -259.38586644239564, 0.35688461668772375, -1.1700851919495079, 1.1675782947668178, -0.6428329165750529, 0.6853236226552837, -1.0696663674709088, 0.8113370932350331, 0.1426777449842013, -0.4018013775451843, 0.0975480667398522]]",(x0)' = -64.742 1 +  259.297 x0 + -374.046 x1 +  167.968 x2 + -60.391 x3 + -0.429 x0^2 +  1.579 x0 x1 + -1.257 x0 x2 +  0.557 x0 x3 + -1.023 x1^2 +  1.072 x1 x2 + -0.613 x1 x3 +  0.250 x2^2 + -0.253 x2 x3 +  0.139 x3^2 | (x1)' = -0.338 1 +  124.984 x0 +  0.107 x1 + -125.160 x2 +  0.069 x3 + -0.003 x0^2 +  0.008 x0 x1 + -0.001 x0 x3 + -0.001 x1^2 + -0.023 x1 x2 +  0.015 x1 x3 +  0.030 x2^2 + -0.033 x2 x3 +  0.009 x3^2 | (x2)' = -0.472 1 + -0.069 x0 +  125.135 x1 + -0.061 x2 + -125.007 x3 +  0.002 x0^2 + -0.001 x0 x1 + -0.008 x0 x2 +  0.006 x0 x3 +  0.003 x1^2 + -0.007 x1 x2 +  0.001 x1 x3 +  0.016 x2^2 + -0.018 x2 x3 +  0.005 x3^2 | (x3)' =  41.811 1 +  60.547 x0 + -167.958 x1 +  374.110 x2 + -259.386 x3 +  0.357 x0^2 + -1.170 x0 x1 +  1.168 x0 x2 + -0.643 x0 x3 +  0.685 x1^2 + -1.070 x1 x2 +  0.811 x1 x3 +  0.143 x2^2 + -0.402 x2 x3 +  0.098 x3^2
11,80.0,100.0,37.49490932254601,2,4,1,4.0,12.0,5,20.0,smoothed_finite_difference_savgol_order_3,success,,60,60,100.0,0.3926972523331642,"[""1"", ""x0"", ""x1"", ""x2"", ""x3"", ""x0^2"", ""x0 x1"", ""x0 x2"", ""x0 x3"", ""x1^2"", ""x1 x2"", ""x1 x3"", ""x2^2"", ""x2 x3"", ""x3^2""]","[[-42.936877850060874, 310.3261100533751, -471.35178071519033, 227.77245524855118, -71.73046087191548, -0.6943125002935535, 2.9219405223428905, -2.596102917886831, 1.0967260777587993, -2.5186959853994324, 3.7782070311931113, -1.7076407767554838, -0.9462650425364276, 0.7684813093621372, -0.08744394385034523], [-0.8752680755054756, 124.89492116463242, 0.33689640984770514, -125.38279292894136, 0.1523124854428817, -0.003970361749507576, -0.01274464861936992, 0.0484361211839155, -0.024050820957634698, 0.06088278514370239, -0.22652769968016143, 0.10729135238050798, 0.1784218914126842, -0.1675088844906381, 0.03980145498076645], [-2.025551048239546, -0.17430814326599295, 125.35541513143333, -0.2007380399137396, -124.9749829890694, 0.014224438373564532, -0.07746833981024892, 0.07748673242510622, -0.02624451149182911, 0.14165804245517505, -0.36543496320767643, 0.15699511031472063, 0.2680410567387064, -0.24824481536158796, 0.05904240861672095], [30.688435871381586, 71.77147347497171, -227.84043398692145, 471.6583973817533, -310.52711947062056, 0.5782760728097809, -2.282348132273194, 2.119004442644914, -0.9464439838192679, 1.8272282511410078, -2.8336011488519026, 1.409226971996326, 0.7998337757256732, -0.8570486390895496, 0.17087078979349662]]",(x0)' = -42.937 1 +  310.326 x0 + -471.352 x1 +  227.772 x2 + -71.730 x3 + -0.694 x0^2 +  2.922 x0 x1 + -2.596 x0 x2 +  1.097 x0 x3 + -2.519 x1^2 +  3.778 x1 x2 + -1.708 x1 x3 + -0.946 x2^2 +  0.768 x2 x3 + -0.087 x3^2 | (x1)' = -0.875 1 +  124.895 x0 +  0.337 x1 + -125.383 x2 +  0.152 x3 + -0.004 x0^2 + -0.013 x0 x1 +  0.048 x0 x2 + -0.024 x0 x3 +  0.061 x1^2 + -0.227 x1 x2 +  0.107 x1 x3 +  0.178 x2^2 + -0.168 x2 x3 +  0.040 x3^2 | (x2)' = -2.026 1 + -0.174 x0 +  125.355 x1 + -0.201 x2 + -124.975 x3 +  0.014 x0^2 + -0.077 x0 x1 +  0.077 x0 x2 + -0.026 x0 x3 +  0.142 x1^2 + -0.365 x1 x2 +  0.157 x1 x3 +  0.268 x2^2 + -0.248 x2 x3 +  0.059 x3^2 | (x3)' =  30.688 1 +  71.771 x0 + -227.840 x1 +  471.658 x2 + -310.527 x3 +  0.578 x0^2 + -2.282 x0 x1 +  2.119 x0 x2 + -0.946 x0 x3 +  1.827 x1^2 + -2.834 x1 x2 +  1.409 x1 x3 +  0.800 x2^2 + -0.857 x2 x3 +  0.171 x3^2
12,80.0,100.0,37.49490932254601,2,4,1,4.0,12.0,9,36.0,smoothed_finite_difference_savgol_order_3,success,,60,60,100.0,0.3837962504476309,"[""1"", ""x0"", ""x1"", ""x2"", ""x3"", ""x0^2"", ""x0 x1"", ""x0 x2"", ""x0 x3"", ""x1^2"", ""x1 x2"", ""x1 x3"", ""x2^2"", ""x2 x3"", ""x3^2""]","[[-16.321151777022727, 356.83061198041617, -535.5082090614761, 230.30779691240457, -53.57596706815737, -0.7570494866341725, 4.178754909416058, -4.8794257730093475, 2.27482778290281, -5.753400145762579, 13.263099780712732, -6.060845674567462, -7.087495889140255, 5.892696458647534, -1.0660674708510904], [1.2919525321007284, 126.05719058251914, -3.1643837111740627, -121.43079833011748, -1.4804368179724048, -0.13372785449359448, 0.9707097932260618, -1.3354144157292822, 0.6393987040716795, -1.5999838366407722, 4.144867089220723, -1.9145290248181694, -2.5364236804222204, 2.2410149634386403, -0.47534300888173586], [-1.362255950447924, 0.8226711069229391, 122.75021472411652, 2.1181966670277204, -125.68174980831206, -0.1316660464075383, 0.03533714116360956, 0.6437742874759961, -0.43766150987811836, 1.011414155681242, -4.060838281020911, 2.079015450453109, 3.097345312856105, -2.8681540600634965, 0.6316840884632923], [13.861183029293091, 53.14213046164568, -229.10554033669803, 533.952457757239, -356.02771393167205, -0.11640610549766915, -1.5051387913139225, 4.211402475361043, -2.510764964742801, 4.0864372584347075, -13.921589064831165, 7.320501617441735, 9.062767931211363, -8.405171302094738, 1.7727657533221204]]",(x0)' = -16.321 1 +  356.831 x0 + -535.508 x1 +  230.308 x2 + -53.576 x3 + -0.757 x0^2 +  4.179 x0 x1 + -4.879 x0 x2 +  2.275 x0 x3 + -5.753 x1^2 +  13.263 x1 x2 + -6.061 x1 x3 + -7.087 x2^2 +  5.893 x2 x3 + -1.066 x3^2 | (x1)' =  1.292 1 +  126.057 x0 + -3.164 x1 + -121.431 x2 + -1.480 x3 + -0.134 x0^2 +  0.971 x0 x1 + -1.335 x0 x2 +  0.639 x0 x3 + -1.600 x1^2 +  4.145 x1 x2 + -1.915 x1 x3 + -2.536 x2^2 +  2.241 x2 x3 + -0.475 x3^2 | (x2)' = -1.362 1 +  0.823 x0 +  122.750 x1 +  2.118 x2 + -125.682 x3 + -0.132 x0^2 +  0.035 x0 x1 +  0.644 x0 x2 + -0.438 x0 x3 +  1.011 x1^2 + -4.061 x1 x2 +  2.079 x1 x3 +  3.097 x2^2 + -2.868 x2 x3 +  0.632 x3^2 | (x3)' =  13.861 1 +  53.142 x0 + -229.106 x1 +  533.952 x2 + -356.028 x3 + -0.116 x0^2 + -1.505 x0 x1 +  4.211 x0 x2 + -2.511 x0 x3 +  4.086 x1^2 + -13.922 x1 x2 +  7.321 x1 x3 +  9.063 x2^2 + -8.405 x2 x3 +  1.773 x3^2
13,80.0,100.0,37.49490932254601,2,4,2,8.0,24.0,0,0.0,finite_difference,success,,60,60,100.0,0.3725079149007797,"[""1"", ""x0"", ""x1"", ""x2"", ""x3"", ""x0^2"", ""x0 x1"", ""x0 x2"", ""x0 x3"", ""x1^2"", ""x1 x2"", ""x1 x3"", ""x2^2"", ""x2 x3"", ""x3^2""]","[[-133.89180325536734, 86.10660199445874, -111.34734213031209, 13.041143051668278, 2.571458886421722, -0.05047480666135967, 0.2846401681192678, -0.17761046136056752, 0.07634439339235355, 0.04052504673490376, -0.297612659952469, -0.0434752425118094, 0.2995232117054071, -0.19208907528589905, 0.09028011941164744], [22.615213522530894, 72.85184348784757, 4.767813456745893, -89.7808816943012, 14.745899599771125, 0.06787089295068482, -0.2566290967672476, 0.1314620596430564, -0.02755606329766862, 0.06138787577857271, 0.15321637842039568, -0.03804105014765008, -0.1401643048620986, 0.02817368688613401, 0.011306114414058254], [-13.294893842549563, -14.394888923005336, 89.1100871212115, -4.361642446561406, -72.94985608698273, -0.027331031614211077, 0.17022616442081512, -0.12983303277200497, 0.015737057224019097, -0.045446984695247925, -0.15707350435892556, 0.08249553283367098, 0.12010994801416223, 0.03514248947307059, -0.05572651272536793], [67.6070595248959, -3.6962312415363128, -11.260076617739688, 111.32420273418535, -86.58345972468707, -0.06787046608147693, -0.04926342941760475, 0.19383004081690286, 0.011731032316912398, 0.02116736385832211, 0.20354320925727282, -0.16667745925657057, -0.1536944895105945, -0.1059631892412056, 0.0870348002309341]]",(x0)' = -133.892 1 +  86.107 x0 + -111.347 x1 +  13.041 x2 +  2.571 x3 + -0.050 x0^2 +  0.285 x0 x1 + -0.178 x0 x2 +  0.076 x0 x3 +  0.041 x1^2 + -0.298 x1 x2 + -0.043 x1 x3 +  0.300 x2^2 + -0.192 x2 x3 +  0.090 x3^2 | (x1)' =  22.615 1 +  72.852 x0 +  4.768 x1 + -89.781 x2 +  14.746 x3 +  0.068 x0^2 + -0.257 x0 x1 +  0.131 x0 x2 + -0.028 x0 x3 +  0.061 x1^2 +  0.153 x1 x2 + -0.038 x1 x3 + -0.140 x2^2 +  0.028 x2 x3 +  0.011 x3^2 | (x2)' = -13.295 1 + -14.395 x0 +  89.110 x1 + -4.362 x2 + -72.950 x3 + -0.027 x0^2 +  0.170 x0 x1 + -0.130 x0 x2 +  0.016 x0 x3 + -0.045 x1^2 + -0.157 x1 x2 +  0.082 x1 x3 +  0.120 x2^2 +  0.035 x2 x3 + -0.056 x3^2 | (x3)' =  67.607 1 + -3.696 x0 + -11.260 x1 +  111.324 x2 + -86.583 x3 + -0.068 x0^2 + -0.049 x0 x1 +  0.194 x0 x2 +  0.012 x0 x3 +  0.021 x1^2 +  0.204 x1 x2 + -0.167 x1 x3 + -0.154 x2^2 + -0.106 x2 x3 +  0.087 x3^2
14,80.0,100.0,37.49490932254601,2,4,2,8.0,24.0,5,20.0,smoothed_finite_difference_savgol_order_3,success,,60,60,100.0,0.38388708233833313,"[""1"", ""x0"", ""x1"", ""x2"", ""x3"", ""x0^2"", ""x0 x1"", ""x0 x2"", ""x0 x3"", ""x1^2"", ""x1 x2"", ""x1 x3"", ""x2^2"", ""x2 x3"", ""x3^2""]","[[-111.16979666098334, 103.21990462017484, -143.42750287736612, 39.077387386363995, -7.523814703071087, -0.07032146900635919, 0.37713555752669575, -0.29457484527315025, 0.13912785678131856, -0.04025335590410899, -0.23542171689197874, -0.05675217909952141, 0.32965347702656117, -0.1871284900198132, 0.06538843335068863], [22.787829499676274, 70.46781206971109, 11.341703816857422, -98.1220157257824, 19.14406545899514, 0.0720355688286512, -0.26541673120898523, 0.1735736160294552, -0.06509502466853447, 0.07493185448632284, 0.10317219369975675, -0.0030959987212205177, -0.1405719377835428, 0.03017643860604421, 0.011273567504433646], [-16.24810655182537, -18.81655511564486, 97.45123715313979, -10.904686845587294, -70.57120810345177, -0.04801969556322035, 0.19666470990152918, -0.1460938341348556, 0.044261234428383645, -0.04319318213539746, -0.1332644870461435, 0.03452234494330527, 0.11787901240699242, 0.028301554138665537, -0.042524348279843145], [61.04868406564175, 6.43924073577538, -37.41814049652708, 143.43485996330486, -103.69252847341917, -0.013883424222306135, -0.12882061999125632, 0.18579531048202813, -0.01198786127105748, -0.020326770143394478, 0.286375027751729, -0.1099540177785126, -0.15419931898359157, -0.14709106418152418, 0.09059726532484003]]",(x0)' = -111.170 1 +  103.220 x0 + -143.428 x1 +  39.077 x2 + -7.524 x3 + -0.070 x0^2 +  0.377 x0 x1 + -0.295 x0 x2 +  0.139 x0 x3 + -0.040 x1^2 + -0.235 x1 x2 + -0.057 x1 x3 +  0.330 x2^2 + -0.187 x2 x3 +  0.065 x3^2 | (x1)' =  22.788 1 +  70.468 x0 +  11.342 x1 + -98.122 x2 +  19.144 x3 +  0.072 x0^2 + -0.265 x0 x1 +  0.174 x0 x2 + -0.065 x0 x3 +  0.075 x1^2 +  0.103 x1 x2 + -0.003 x1 x3 + -0.141 x2^2 +  0.030 x2 x3 +  0.011 x3^2 | (x2)' = -16.248 1 + -18.817 x0 +  97.451 x1 + -10.905 x2 + -70.571 x3 + -0.048 x0^2 +  0.197 x0 x1 + -0.146 x0 x2 +  0.044 x0 x3 + -0.043 x1^2 + -0.133 x1 x2 +  0.035 x1 x3 +  0.118 x2^2 +  0.028 x2 x3 + -0.043 x3^2 | (x3)' =  61.049 1 +  6.439 x0 + -37.418 x1 +  143.435 x2 + -103.693 x3 + -0.014 x0^2 + -0.129 x0 x1 +  0.186 x0 x2 + -0.012 x0 x3 + -0.020 x1^2 +  0.286 x1 x2 + -0.110 x1 x3 + -0.154 x2^2 + -0.147 x2 x3 +  0.091 x3^2
15,80.0,100.0,37.49490932254601,2,4,2,8.0,24.0,9,36.0,smoothed_finite_difference_savgol_order_3,success,,60,60,100.0,0.3889235835522413,"[""1"", ""x0"", ""x1"", ""x2"", ""x3"", ""x0^2"", ""x0 x1"", ""x0 x2"", ""x0 x3"", ""x1^2"", ""x1 x2"", ""x1 x3"", ""x2^2"", ""x2 x3"", ""x3^2""]","[[-40.64737743324947, 148.6636502132713, -218.40255153726875, 83.37611462486795, -17.730619288108972, -0.13606066462951388, 0.5536961280162118, -0.5448671840024469, 0.325851081645449, -0.32963079022336483, 0.6688202364286547, -0.6302901218016573, -0.35383641465842636, 0.6095583270301795, -0.1520193757626574], [8.86800516806721, 60.035251495085966, 25.061100559864958, -100.43521526782442, 16.431669563107036, 0.050229611349815, -0.2211746510740339, 0.2464686288550428, -0.13473440058631514, 0.18088368765156537, -0.423324039745852, 0.28436298837866913, 0.24913221613646822, -0.30750797476085767, 0.07236302284882427], [-9.196694941441162, -16.098911040455814, 99.68730143159799, -24.257415570680795, -60.44149634168198, -0.037106492048246904, 0.21716517134179297, -0.2582158207511144, 0.11575205604041236, -0.20756574561522112, 0.43272705769959574, -0.217665803088693, -0.22080923193340168, 0.2262994281079263, -0.04696974546540477], [38.99996159174626, 17.33795574081052, -82.49824380849894, 217.85702866328435, -148.57390018782112, 0.04530177621311067, -0.3312291936443785, 0.40277474746444314, -0.1640033151003805, 0.18519942340209755, -0.24502471529640382, 0.16170252650583594, 0.06968772779289928, -0.16968947683147304, 0.033818723540807435]]",(x0)' = -40.647 1 +  148.664 x0 + -218.403 x1 +  83.376 x2 + -17.731 x3 + -0.136 x0^2 +  0.554 x0 x1 + -0.545 x0 x2 +  0.326 x0 x3 + -0.330 x1^2 +  0.669 x1 x2 + -0.630 x1 x3 + -0.354 x2^2 +  0.610 x2 x3 + -0.152 x3^2 | (x1)' =  8.868 1 +  60.035 x0 +  25.061 x1 + -100.435 x2 +  16.432 x3 +  0.050 x0^2 + -0.221 x0 x1 +  0.246 x0 x2 + -0.135 x0 x3 +  0.181 x1^2 + -0.423 x1 x2 +  0.284 x1 x3 +  0.249 x2^2 + -0.308 x2 x3 +  0.072 x3^2 | (x2)' = -9.197 1 + -16.099 x0 +  99.687 x1 + -24.257 x2 + -60.441 x3 + -0.037 x0^2 +  0.217 x0 x1 + -0.258 x0 x2 +  0.116 x0 x3 + -0.208 x1^2 +  0.433 x1 x2 + -0.218 x1 x3 + -0.221 x2^2 +  0.226 x2 x3 + -0.047 x3^2 | (x3)' =  39.000 1 +  17.338 x0 + -82.498 x1 +  217.857 x2 + -148.574 x3 +  0.045 x0^2 + -0.331 x0 x1 +  0.403 x0 x2 + -0.164 x0 x3 +  0.185 x1^2 + -0.245 x1 x2 +  0.162 x1 x3 +  0.070 x2^2 + -0.170 x2 x3 +  0.034 x3^2
16,80.0,100.0,37.49490932254601,2,4,5,20.0,60.0,0,0.0,finite_difference,success,,60,60,100.0,0.3708712663501501,"[""1"", ""x0"", ""x1"", ""x2"", ""x3"", ""x0^2"", ""x0 x1"", ""x0 x2"", ""x0 x3"", ""x1^2"", ""x1 x2"", ""x1 x3"", ""x2^2"", ""x2 x3"", ""x3^2""]","[[-56.78156124020908, 17.534135987487346, -39.88097308299504, 10.367909190731714, 5.092535044830489, 0.02960229438287843, 0.07496353533166376, -0.028368690554675554, -0.04871253137543544, -0.032373668810346555, -0.018202199932272834, -0.005151741153845794, 0.017126181177923753, 0.006806176128680338, 0.016798997261283016], [-42.06245331369762, 31.980755364485905, 1.143320989195801, -36.64276251463237, 5.6120044430909, 0.13096658070445258, -0.24555069897387713, 0.017852429235169845, 0.0015733937310323568, 0.019044822811874862, 0.1569587372224836, -0.0019247974383948437, -0.07846163029723775, -0.008232434612679472, 0.007192296113290764], [-43.67989557814956, -6.8530311646742295, 37.52152113709955, -1.0250361034958777, -31.528553028161813, -0.03670298705399211, -0.02189829065633823, 0.13713401793650964, -0.06422749037624888, 0.17566785143981367, -0.3471281185789752, 0.056283862510478476, 0.052172500110287276, 0.09747308552409703, -0.04560244839186483], [1.7475550491839018, -4.707688432381775, -12.170067748568272, 41.77504879898766, -18.035159525355702, -0.011940176612983563, 0.0450266690753018, -0.04727341115755166, 0.031050773607192755, -0.09265076775101734, 0.026710576202841903, 0.12446356818297367, 0.16157437341676203, -0.25969242210254945, 0.012701311511047026]]",(x0)' = -56.782 1 +  17.534 x0 + -39.881 x1 +  10.368 x2 +  5.093 x3 +  0.030 x0^2 +  0.075 x0 x1 + -0.028 x0 x2 + -0.049 x0 x3 + -0.032 x1^2 + -0.018 x1 x2 + -0.005 x1 x3 +  0.017 x2^2 +  0.007 x2 x3 +  0.017 x3^2 | (x1)' = -42.062 1 +  31.981 x0 +  1.143 x1 + -36.643 x2 +  5.612 x3 +  0.131 x0^2 + -0.246 x0 x1 +  0.018 x0 x2 +  0.002 x0 x3 +  0.019 x1^2 +  0.157 x1 x2 + -0.002 x1 x3 + -0.078 x2^2 + -0.008 x2 x3 +  0.007 x3^2 | (x2)' = -43.680 1 + -6.853 x0 +  37.522 x1 + -1.025 x2 + -31.529 x3 + -0.037 x0^2 + -0.022 x0 x1 +  0.137 x0 x2 + -0.064 x0 x3 +  0.176 x1^2 + -0.347 x1 x2 +  0.056 x1 x3 +  0.052 x2^2 +  0.097 x2 x3 + -0.046 x3^2 | (x3)' =  1.748 1 + -4.708 x0 + -12.170 x1 +  41.775 x2 + -18.035 x3 + -0.012 x0^2 +  0.045 x0 x1 + -0.047 x0 x2 +  0.031 x0 x3 + -0.093 x1^2 +  0.027 x1 x2 +  0.124 x1 x3 +  0.162 x2^2 + -0.260 x2 x3 +  0.013 x3^2
17,80.0,100.0,37.49490932254601,2,4,5,20.0,60.0,5,20.0,smoothed_finite_difference_savgol_order_3,success,,60,60,100.0,0.3819329869002104,"[""1"", ""x0"", ""x1"", ""x2"", ""x3"", ""x0^2"", ""x0 x1"", ""x0 x2"", ""x0 x3"", ""x1^2"", ""x1 x2"", ""x1 x3"", ""x2^2"", ""x2 x3"", ""x3^2""]","[[-54.83358571925951, 17.941763198496844, -40.40141737343368, 10.690844677369604, 4.9872488397218815, 0.028788214021708333, 0.0797675069430122, -0.028865087607653835, -0.04958399243945897, -0.03496160089358717, -0.019779790086251883, -0.005261570235060198, 0.018320109664556637, 0.007972188598447937, 0.015900945742010467], [-38.50375802665526, 31.93117850526091, 1.2430175067039055, -36.848818782957466, 5.7667936861672535, 0.1285943655269903, -0.2435334976854107, 0.014706465083145864, 0.0038396974761833475, 0.018090789544384787, 0.16355500195286277, -0.003814205106008627, -0.08143867657881518, -0.00857965925132359, 0.007903032582663732], [-38.51218633191327, -6.958947434392576, 37.65115360893449, -1.0856435535457174, -31.513078416072915, -0.03925357858946213, -0.01609600419087062, 0.13594099510935928, -0.06353177807102561, 0.1729119888211286, -0.34735351918400836, 0.05363109383041281, 0.05273344706992023, 0.10151467589901257, -0.047528527170800625], [4.657440657921043, -4.568784739739828, -12.49047497207939, 42.21616167107535, -18.413989649047483, -0.011449638463274804, 0.047374276204774406, -0.04988459461982134, 0.030913764161642807, -0.09773710998511294, 0.03443736357773924, 0.12392399401063517, 0.15915056727677912, -0.26095931333549416, 0.014457411447089145]]",(x0)' = -54.834 1 +  17.942 x0 + -40.401 x1 +  10.691 x2 +  4.987 x3 +  0.029 x0^2 +  0.080 x0 x1 + -0.029 x0 x2 + -0.050 x0 x3 + -0.035 x1^2 + -0.020 x1 x2 + -0.005 x1 x3 +  0.018 x2^2 +  0.008 x2 x3 +  0.016 x3^2 | (x1)' = -38.504 1 +  31.931 x0 +  1.243 x1 + -36.849 x2 +  5.767 x3 +  0.129 x0^2 + -0.244 x0 x1 +  0.015 x0 x2 +  0.004 x0 x3 +  0.018 x1^2 +  0.164 x1 x2 + -0.004 x1 x3 + -0.081 x2^2 + -0.009 x2 x3 +  0.008 x3^2 | (x2)' = -38.512 1 + -6.959 x0 +  37.651 x1 + -1.086 x2 + -31.513 x3 + -0.039 x0^2 + -0.016 x0 x1 +  0.136 x0 x2 + -0.064 x0 x3 +  0.173 x1^2 + -0.347 x1 x2 +  0.054 x1 x3 +  0.053 x2^2 +  0.102 x2 x3 + -0.048 x3^2 | (x3)' =  4.657 1 + -4.569 x0 + -12.490 x1 +  42.216 x2 + -18.414 x3 + -0.011 x0^2 +  0.047 x0 x1 + -0.050 x0 x2 +  0.031 x0 x3 + -0.098 x1^2 +  0.034 x1 x2 +  0.124 x1 x3 +  0.159 x2^2 + -0.261 x2 x3 +  0.014 x3^2
18,80.0,100.0,37.49490932254601,2,4,5,20.0,60.0,9,36.0,smoothed_finite_difference_savgol_order_3,success,,60,60,100.0,0.38176011852920055,"[""1"", ""x0"", ""x1"", ""x2"", ""x3"", ""x0^2"", ""x0 x1"", ""x0 x2"", ""x0 x3"", ""x1^2"", ""x1 x2"", ""x1 x3"", ""x2^2"", ""x2 x3"", ""x3^2""]","[[-49.654022954743795, 22.959920551298595, -48.98193661289381, 16.119051402799467, 2.8976349110623434, 0.005766195203928336, 0.13847815049537018, -0.043876732312908326, -0.04461628704497366, -0.043066255276470525, -0.05940360603387959, -0.001649722910398631, 0.04269915878697986, 0.011760007664790696, 0.007804453221735588], [-5.489644981471829, 34.26876786849867, 2.1284699136669682, -42.15418061255604, 8.327560449343773, 0.0901321552293772, -0.18735844931795348, -0.017934064164829358, 0.024217937614354035, -0.014071870807462103, 0.22622208922446935, -0.028925833129367313, -0.09455420955979957, -0.019139549708628276, 0.01744670659491916], [-1.91869052106841, -8.856508052937533, 42.35538448766027, -1.9502242806836954, -34.04718827274655, -0.05043943206771033, 0.033336357875216195, 0.09415706347758086, -0.037188578199267984, 0.1275016366301122, -0.2886783323372807, 0.0061529173072727575, 0.02794740216063833, 0.15099906019558096, -0.060310073926704004], [32.109539825950286, -2.4220856801695105, -17.240622515035874, 49.85023889026324, -23.270757926565462, -0.0035494311208265593, 0.0560698224066865, -0.07989831639165206, 0.034770708889799745, -0.1280164939766089, 0.11335784763696029, 0.1010454620374402, 0.11023015557248349, -0.23161395312145505, 0.01548739807940984]]",(x0)' = -49.654 1 +  22.960 x0 + -48.982 x1 +  16.119 x2 +  2.898 x3 +  0.006 x0^2 +  0.138 x0 x1 + -0.044 x0 x2 + -0.045 x0 x3 + -0.043 x1^2 + -0.059 x1 x2 + -0.002 x1 x3 +  0.043 x2^2 +  0.012 x2 x3 +  0.008 x3^2 | (x1)' = -5.490 1 +  34.269 x0 +  2.128 x1 + -42.154 x2 +  8.328 x3 +  0.090 x0^2 + -0.187 x0 x1 + -0.018 x0 x2 +  0.024 x0 x3 + -0.014 x1^2 +  0.226 x1 x2 + -0.029 x1 x3 + -0.095 x2^2 + -0.019 x2 x3 +  0.017 x3^2 | (x2)' = -1.919 1 + -8.857 x0 +  42.355 x1 + -1.950 x2 + -34.047 x3 + -0.050 x0^2 +  0.033 x0 x1 +  0.094 x0 x2 + -0.037 x0 x3 +  0.128 x1^2 + -0.289 x1 x2 +  0.006 x1 x3 +  0.028 x2^2 +  0.151 x2 x3 + -0.060 x3^2 | (x3)' =  32.110 1 + -2.422 x0 + -17.241 x1 +  49.850 x2 + -23.271 x3 + -0.004 x0^2 +  0.056 x0 x1 + -0.080 x0 x2 +  0.035 x0 x3 + -0.128 x1^2 +  0.113 x1 x2 +  0.101 x1 x3 +  0.110 x2^2 + -0.232 x2 x3 +  0.015 x3^2
19,80.0,100.0,37.49490932254601,2,6,1,4.0,20.0,0,0.0,finite_difference,success,,168,168,100.0,1.1561833024024963,"[""1"", ""x0"", ""x1"", ""x2"", ""x3"", ""x4"", ""x5"", ""x0^2"", ""x0 x1"", ""x0 x2"", ""x0 x3"", ""x0 x4"", ""x0 x5"", ""x1^2"", ""x1 x2"", ""x1 x3"", ""x1 x4"", ""x1 x5"", ""x2^2"", ""x2 x3"", ""x2 x4"", ""x2 x5"", ""x3^2"", ""x3 x4"", ""x3 x5"", ""x4^2"", ""x4 x5"", ""x5^2""]","[[-72.23863135796006, 302.65698853015357, -502.59773064987337, 365.8354972866985, -278.46369254100154, 148.55953510888352, -41.21117784356264, -0.5996718083274801, 2.666727667094963, -3.1187704823149125, 2.8176860858439445, -1.8427129539749498, 0.7169670434326533, -2.3571640288430924, 4.724933925862031, -4.1204008997742525, 2.4510852366652536, -1.0307730826450847, -1.8797854301322912, 2.999024764703302, -1.6233088837581617, 0.8013049591031426, -0.8601631560787253, 0.4598159151267585, -0.4515402935946154, 0.362714959082503, -0.17538896252809333, 0.07408468983788354], [0.011716016662329541, 124.97979189681318, 0.10865241308196721, -125.15267971075379, 0.06293386952870211, -0.008142171471063307, 0.0061875404573742444, -0.00018161320635333872, -0.0022230765068836735, 0.0039019533400295485, -0.00713815312394202, 0.0077101027922420766, -0.0025631201072131788, 0.0007356883410190877, 0.005114337776952984, 0.007982093811032358, -0.01526775853494879, 0.004965406441382568, -0.009835235167756301, -0.004201517710612197, 0.016409900227808916, -0.004929564907719029, 0.015400519991026687, -0.03289857560040534, 0.01063063918778385, 0.014819584071554015, -0.010982651481927536, 0.002637431615316957], [0.1518409674352532, -0.05384252516834141, 125.13613362478803, -0.06700667182129655, -125.00027125928219, -0.050785428200143104, 0.03758393564410467, 0.0028988805032209397, -0.0010525965657428957, -0.008611103856105968, -0.004737680239714823, 0.018653494066030556, -0.008624869991835009, -0.009556236742609206, 0.03642050009778013, -0.003328005956460694, -0.029577734701490846, 0.015131132018801422, -0.025740764518881687, 0.019340226796292177, 0.011515512091367043, -0.006438034757451413, -0.008520011953944674, 0.014479718335088146, -0.009877861618500258, -0.01636847243305527, 0.018376442021663164, -0.004330976870143013], [-0.22534983389361254, -0.004194125979866036, -0.00490152519226176, 125.0023233501093, 0.12902032194750926, -125.19408304449665, 0.07802447162235192, 0.004226903283422122, -0.01218004306084514, 0.006471825400576064, 0.007924863085056952, -0.02107068562994954, 0.01105269066796356, 0.010155862979778428, -0.015118155115460311, -0.02374551914376362, 0.056654681720351534, -0.027659581903714564, 0.005060545981129671, 0.05001942049335339, -0.08588479045038087, 0.037789795046793404, -0.05748228253986991, 0.11697592050011102, -0.04312275355233368, -0.04283139031006531, 0.026507687980698073, -0.0037970205767482563], [-0.33386838137991154, 0.006856460951797654, -0.020648424760368475, -0.05432566495835164, 125.13489884390877, -0.06563322553654508, -125.0036957460017, 6.777326965030621e-05, -0.0038440499842551127, 0.005031284808634919, 0.009576343958286585, -0.025813870693520206, 0.014112307281756055, 0.00607232896256868, -0.009490608353188469, -0.027049445953175256, 0.06024110660920484, -0.031271121040851196, -0.00043573629684046995, 0.03955080556365259, -0.06213302374562462, 0.027691560583922654, -0.024717037820646368, 0.034285508368316724, -0.007074687909061734, 0.002983601393366063, -0.011996972067978257, 0.004183164626144681], [46.99894503663565, 40.62462716057529, -147.70476166258794, 278.2815057737444, -365.48964177424995, 502.58429544867846, -302.99102182700176, 0.18304493457429555, -0.837255487953688, 1.1880140252915778, -1.1459326650438482, 0.9233608475035068, -0.4555347956502029, 0.49285264840981025, -1.1649764941995335, 1.0679702233786177, -0.8856130507321593, 0.7559683002771082, 0.7044676347217811, -1.2482666864808911, 1.0878525295433559, -1.1495609996978937, 0.4272367344738869, -0.7242563725388195, 1.0778804678754401, 0.18068761119487012, -0.6852417910475977, 0.19360626468228126]]",(x0)' = -72.239 1 +  302.657 x0 + -502.598 x1 +  365.835 x2 + -278.464 x3 +  148.560 x4 + -41.211 x5 + -0.600 x0^2 +  2.667 x0 x1 + -3.119 x0 x2 +  2.818 x0 x3 + -1.843 x0 x4 +  0.717 x0 x5 + -2.357 x1^2 +  4.725 x1 x2 + -4.120 x1 x3 +  2.451 x1 x4 + -1.031 x1 x5 + -1.880 x2^2 +  2.999 x2 x3 + -1.623 x2 x4 +  0.801 x2 x5 + -0.860 x3^2 +  0.460 x3 x4 + -0.452 x3 x5 +  0.363 x4^2 + -0.175 x4 x5 +  0.074 x5^2 | (x1)' =  0.012 1 +  124.980 x0 +  0.109 x1 + -125.153 x2 +  0.063 x3 + -0.008 x4 +  0.006 x5 + -0.002 x0 x1 +  0.004 x0 x2 + -0.007 x0 x3 +  0.008 x0 x4 + -0.003 x0 x5 +  0.001 x1^2 +  0.005 x1 x2 +  0.008 x1 x3 + -0.015 x1 x4 +  0.005 x1 x5 + -0.010 x2^2 + -0.004 x2 x3 +  0.016 x2 x4 + -0.005 x2 x5 +  0.015 x3^2 + -0.033 x3 x4 +  0.011 x3 x5 +  0.015 x4^2 + -0.011 x4 x5 +  0.003 x5^2 | (x2)' =  0.152 1 + -0.054 x0 +  125.136 x1 + -0.067 x2 + -125.000 x3 + -0.051 x4 +  0.038 x5 +  0.003 x0^2 + -0.001 x0 x1 + -0.009 x0 x2 + -0.005 x0 x3 +  0.019 x0 x4 + -0.009 x0 x5 + -0.010 x1^2 +  0.036 x1 x2 + -0.003 x1 x3 + -0.030 x1 x4 +  0.015 x1 x5 + -0.026 x2^2 +  0.019 x2 x3 +  0.012 x2 x4 + -0.006 x2 x5 + -0.009 x3^2 +  0.014 x3 x4 + -0.010 x3 x5 + -0.016 x4^2 +  0.018 x4 x5 + -0.004 x5^2 | (x3)' = -0.225 1 + -0.004 x0 + -0.005 x1 +  125.002 x2 +  0.129 x3 + -125.194 x4 +  0.078 x5 +  0.004 x0^2 + -0.012 x0 x1 +  0.006 x0 x2 +  0.008 x0 x3 + -0.021 x0 x4 +  0.011 x0 x5 +  0.010 x1^2 + -0.015 x1 x2 + -0.024 x1 x3 +  0.057 x1 x4 + -0.028 x1 x5 +  0.005 x2^2 +  0.050 x2 x3 + -0.086 x2 x4 +  0.038 x2 x5 + -0.057 x3^2 +  0.117 x3 x4 + -0.043 x3 x5 + -0.043 x4^2 +  0.027 x4 x5 + -0.004 x5^2 | (x4)' = -0.334 1 +  0.007 x0 + -0.021 x1 + -0.054 x2 +  125.135 x3 + -0.066 x4 + -125.004 x5 + -0.004 x0 x1 +  0.005 x0 x2 +  0.010 x0 x3 + -0.026 x0 x4 +  0.014 x0 x5 +  0.006 x1^2 + -0.009 x1 x2 + -0.027 x1 x3 +  0.060 x1 x4 + -0.031 x1 x5 +  0.040 x2 x3 + -0.062 x2 x4 +  0.028 x2 x5 + -0.025 x3^2 +  0.034 x3 x4 + -0.007 x3 x5 +  0.003 x4^2 + -0.012 x4 x5 +  0.004 x5^2 | (x5)' =  46.999 1 +  40.625 x0 + -147.705 x1 +  278.282 x2 + -365.490 x3 +  502.584 x4 + -302.991 x5 +  0.183 x0^2 + -0.837 x0 x1 +  1.188 x0 x2 + -1.146 x0 x3 +  0.923 x0 x4 + -0.456 x0 x5 +  0.493 x1^2 + -1.165 x1 x2 +  1.068 x1 x3 + -0.886 x1 x4 +  0.756 x1 x5 +  0.704 x2^2 + -1.248 x2 x3 +  1.088 x2 x4 + -1.150 x2 x5 +  0.427 x3^2 + -0.724 x3 x4 +  1.078 x3 x5 +  0.181 x4^2 + -0.685 x4 x5 +  0.194 x5^2
20,80.0,100.0,37.49490932254601,2,6,1,4.0,20.0,5,20.0,smoothed_finite_difference_savgol_order_3,success,,167,168,99.4047619047619,1.2998231556266546,"[""1"", ""x0"", ""x1"", ""x2"", ""x3"", ""x4"", ""x5"", ""x0^2"", ""x0 x1"", ""x0 x2"", ""x0 x3"", ""x0 x4"", ""x0 x5"", ""x1^2"", ""x1 x2"", ""x1 x3"", ""x1 x4"", ""x1 x5"", ""x2^2"", ""x2 x3"", ""x2 x4"", ""x2 x5"", ""x3^2"", ""x3 x4"", ""x3 x5"", ""x4^2"", ""x4 x5"", ""x5^2""]","[[-40.735229621452056, 384.5801583978933, -718.4198972042033, 627.0263578674563, -476.1497049709409, 239.9981151624672, -60.11265305997826, -0.9751706896811057, 5.358495122780666, -7.557080449484904, 7.068595371316632, -4.359343721716794, 1.4786697728143674, -6.560098853303273, 17.372172207923512, -15.785889337170767, 9.500832910814088, -3.3633062932379136, -10.840401323499822, 18.852104426462322, -11.07358976989206, 4.095568027093901, -7.594305804453888, 8.310873839043108, -3.2304692027954154, -1.9776755060521038, 1.5313664017449897, -0.24286875676807343], [-0.25400367603149226, 124.96380558160074, 0.0904663436892792, -124.9645458546116, -0.29927610593429343, 0.3086647249691854, -0.10431205605662587, -0.010788767930476293, 0.10816460774768191, -0.18642657855889355, 0.15769570492991566, -0.09750481286975346, 0.03772334025551824, -0.25050189679271917, 0.8339328139488362, -0.6930503612995964, 0.40916589070313825, -0.14899251760387452, -0.6604171953807115, 1.0058816009448808, -0.5543387709653202, 0.2035722015158069, -0.29183828431800035, 0.23379920198281767, -0.09357752298054002, -0.010219971245352427, 0.005631252064677161, 0.0022651282505518214], [2.337566478467312, -0.11192994378427934, 125.2621726424109, -0.1274025564496199, -124.9924037494344, -0.11060409247970157, 0.07523431631506834, -0.10015080593514988, 0.6358536914299081, -0.87255710612805, 0.6364554069248418, -0.228965546203549, 0.027130636063304306, -0.9725991898789126, 2.6281836497386077, -1.9800182239462754, 0.8198540999247825, -0.14854444675875506, -1.7819391099636768, 2.850227558021097, -1.4033324058448362, 0.34900771732205793, -1.2959122385383275, 1.590341793858414, -0.5029147391243203, -0.6073029630165236, 0.44208245240265354, -0.0848567186756693], [-0.6962599768811809, -0.0340016904556238, 0.179447396945036, 124.5110682861832, 0.861131195984388, -125.7852737442134, 0.2804800077789307, 0.06402339693483212, -0.4138132624050179, 0.5959329829699294, -0.4528902272913413, 0.1705062357025773, -0.022673057942119105, 0.698613948756127, -2.053913946147802, 1.5738264436759855, -0.6290200176433529, 0.10691788369459969, 1.4849539695316165, -2.1396461902370025, 0.7900928998510232, -0.12444336873634362, 0.6156248513340201, -0.23746876251003599, -0.026248777184620906, -0.0728804498859891, 0.0918328534522642, -0.01948773711072825], [-1.8375181451372125, 0.019993282535616726, 0.007519373732290318, -0.29679086267043636, 125.55433524084985, -0.3644440285373702, -124.91682438305814, 0.04784230974950032, -0.22614083112401134, 0.13751238798179055, 0.19273109170105915, -0.379345271375073, 0.18255663433533267, 0.21707313476508983, 0.0, -0.9469830576822051, 1.289982283384824, -0.5611361999623072, -0.4636677670082604, 2.0928629927478744, -2.087974228364062, 0.7971327033918159, -1.3757163200447944, 2.072013189841147, -0.66416492910699, -0.5959165302429589, 0.29467417895520365, -0.023355321241293112], [29.063527358645842, 59.69180075604339, -239.34875132170325, 476.0599466530956, -627.2823732224543, 719.0561209290304, -385.0713720644404, 0.5804869620707026, -3.1826072409581663, 4.7660258680315915, -4.726513522170079, 3.212903293904915, -1.2225327571410762, 3.698141247233546, -10.44281777618886, 10.249587598277143, -7.06246471668778, 3.0060086022036687, 7.235363483201698, -14.109349954337308, 9.751529495301927, -4.352173966177398, 6.69783917909197, -8.967728968995093, 4.0600378622304625, 2.8163768238900153, -2.476312612909984, 0.4602997009335699]]",(x0)' = -40.735 1 +  384.580 x0 + -718.420 x1 +  627.026 x2 + -476.150 x3 +  239.998 x4 + -60.113 x5 + -0.975 x0^2 +  5.358 x0 x1 + -7.557 x0 x2 +  7.069 x0 x3 + -4.359 x0 x4 +  1.479 x0 x5 + -6.560 x1^2 +  17.372 x1 x2 + -15.786 x1 x3 +  9.501 x1 x4 + -3.363 x1 x5 + -10.840 x2^2 +  18.852 x2 x3 + -11.074 x2 x4 +  4.096 x2 x5 + -7.594 x3^2 +  8.311 x3 x4 + -3.230 x3 x5 + -1.978 x4^2 +  1.531 x4 x5 + -0.243 x5^2 | (x1)' = -0.254 1 +  124.964 x0 +  0.090 x1 + -124.965 x2 + -0.299 x3 +  0.309 x4 + -0.104 x5 + -0.011 x0^2 +  0.108 x0 x1 + -0.186 x0 x2 +  0.158 x0 x3 + -0.098 x0 x4 +  0.038 x0 x5 + -0.251 x1^2 +  0.834 x1 x2 + -0.693 x1 x3 +  0.409 x1 x4 + -0.149 x1 x5 + -0.660 x2^2 +  1.006 x2 x3 + -0.554 x2 x4 +  0.204 x2 x5 + -0.292 x3^2 +  0.234 x3 x4 + -0.094 x3 x5 + -0.010 x4^2 +  0.006 x4 x5 +  0.002 x5^2 | (x2)' =  2.338 1 + -0.112 x0 +  125.262 x1 + -0.127 x2 + -124.992 x3 + -0.111 x4 +  0.075 x5 + -0.100 x0^2 +  0.636 x0 x1 + -0.873 x0 x2 +  0.636 x0 x3 + -0.229 x0 x4 +  0.027 x0 x5 + -0.973 x1^2 +  2.628 x1 x2 + -1.980 x1 x3 +  0.820 x1 x4 + -0.149 x1 x5 + -1.782 x2^2 +  2.850 x2 x3 + -1.403 x2 x4 +  0.349 x2 x5 + -1.296 x3^2 +  1.590 x3 x4 + -0.503 x3 x5 + -0.607 x4^2 +  0.442 x4 x5 + -0.085 x5^2 | (x3)' = -0.696 1 + -0.034 x0 +  0.179 x1 +  124.511 x2 +  0.861 x3 + -125.785 x4 +  0.280 x5 +  0.064 x0^2 + -0.414 x0 x1 +  0.596 x0 x2 + -0.453 x0 x3 +  0.171 x0 x4 + -0.023 x0 x5 +  0.699 x1^2 + -2.054 x1 x2 +  1.574 x1 x3 + -0.629 x1 x4 +  0.107 x1 x5 +  1.485 x2^2 + -2.140 x2 x3 +  0.790 x2 x4 + -0.124 x2 x5 +  0.616 x3^2 + -0.237 x3 x4 + -0.026 x3 x5 + -0.073 x4^2 +  0.092 x4 x5 + -0.019 x5^2 | (x4)' = -1.838 1 +  0.020 x0 +  0.008 x1 + -0.297 x2 +  125.554 x3 + -0.364 x4 + -124.917 x5 +  0.048 x0^2 + -0.226 x0 x1 +  0.138 x0 x2 +  0.193 x0 x3 + -0.379 x0 x4 +  0.183 x0 x5 +  0.217 x1^2 + -0.947 x1 x3 +  1.290 x1 x4 + -0.561 x1 x5 + -0.464 x2^2 +  2.093 x2 x3 + -2.088 x2 x4 +  0.797 x2 x5 + -1.376 x3^2 +  2.072 x3 x4 + -0.664 x3 x5 + -0.596 x4^2 +  0.295 x4 x5 + -0.023 x5^2 | (x5)' =  29.064 1 +  59.692 x0 + -239.349 x1 +  476.060 x2 + -627.282 x3 +  719.056 x4 + -385.071 x5 +  0.580 x0^2 + -3.183 x0 x1 +  4.766 x0 x2 + -4.727 x0 x3 +  3.213 x0 x4 + -1.223 x0 x5 +  3.698 x1^2 + -10.443 x1 x2 +  10.250 x1 x3 + -7.062 x1 x4 +  3.006 x1 x5 +  7.235 x2^2 + -14.109 x2 x3 +  9.752 x2 x4 + -4.352 x2 x5 +  6.698 x3^2 + -8.968 x3 x4 +  4.060 x3 x5 +  2.816 x4^2 + -2.476 x4 x5 +  0.460 x5^2
21,80.0,100.0,37.49490932254601,2,6,1,4.0,20.0,9,36.0,smoothed_finite_difference_savgol_order_3,success,,165,168,98.21428571428571,1.2572620883584023,"[""1"", ""x0"", ""x1"", ""x2"", ""x3"", ""x4"", ""x5"", ""x0^2"", ""x0 x1"", ""x0 x2"", ""x0 x3"", ""x0 x4"", ""x0 x5"", ""x1^2"", ""x1 x2"", ""x1 x3"", ""x1 x4"", ""x1 x5"", ""x2^2"", ""x2 x3"", ""x2 x4"", ""x2 x5"", ""x3^2"", ""x3 x4"", ""x3 x5"", ""x4^2"", ""x4 x5"", ""x5^2""]","[[-22.82392279426923, 415.66665577975755, -770.4396146069315, 662.5840328788229, -509.0631876639193, 266.85334066898884, -67.09798899959316, -1.2333882154779405, 7.91040930062234, -12.71303859890386, 12.975828947118664, -8.269577270179742, 2.5920314862479943, -12.3678423224345, 36.94551434345855, -34.264406221411114, 20.901049731013867, -6.7892528751657055, -22.450523140488155, 30.68366073959683, -16.416994972815253, 6.4211965899404415, -3.4444151632785043, -0.5703778814992345, -1.9543998225768497, 2.115867091645519, 0.12748727184277214, -0.19495770709054083], [-8.54521879725031, 126.31395164929059, -4.99546234093638, -118.52786681228459, -1.975323869235463, -2.213305540436976, 1.4444999844103787, 1.065006428932769, -5.165673850386005, 3.4688572386433716, 0.7230096127378173, -1.414227036266109, 0.26169101384778104, 7.090540301895133, -13.57692113560384, 4.936078549255892, -0.9710703136901246, 0.6449335839339191, 10.700128900398173, -18.347615074098904, 9.91939374783829, -2.9778888924935094, 11.19414364366307, -12.747011841786115, 3.0957710836766736, 3.1689226374307746, -1.0758458236271455, 0.0077197176698653915], [6.831796135839363, -0.19048659790995262, 125.36295280205236, -1.4439666799632696, -121.18834912638464, -3.9828967782968525, 1.430981624542317, 0.042753106210632635, -0.2781463014877779, 1.003718098350584, -2.090310607753182, 1.9771033580397053, -0.6860489759392794, 0.6992909819217931, -3.5601169691471553, 5.708174184232881, -5.150222187670995, 1.8731189298628101, 1.5021654462873433, 0.7661535350453712, -1.2015802230026544, 0.0, -7.487841591225674, 15.226559769781353, -4.711870374969181, -8.033358971753355, 5.317779437649112, -0.9172984501968102], [11.078785667838568, -2.0055602574639226, 6.490606850116259, 116.51041430376327, 5.3106113906268915, -126.2696157194451, -0.0897150674215799, -0.7437012167307763, 3.005764089075775, 0.15043573952766004, -4.361506365278551, 3.3731086104324066, -0.6613722234219819, -3.143891482358623, 0.9014357856189643, 6.187545704528883, -4.126331378403243, 0.22232897060573176, -2.7968595193168992, 11.26325631820719, -10.658604841154968, 4.123233955833051, -15.685905001276103, 25.715851235327605, -7.590522352346791, -9.651735887878669, 5.043105004614441, -0.565380469659056], [-2.619487834611018, -1.252730348233939, 3.775595177440613, -3.37516265571951, 124.1613861862017, 2.8897566095742167, -126.22097957196092, 0.3145090591927729, -3.595750488541595, 8.164520298278457, -8.56454910799296, 3.8393445497254053, -0.4628379628337013, 7.274445737155863, -25.7317063994298, 22.18451281185373, -7.481727503636262, 0.0, 16.967187549637952, -21.286971883492026, 3.589887222650403, 1.4636428499956438, 4.478040613543551, -1.3302203909156973, 0.0, 1.875772663116648, -2.4447897957854385, 0.7470967361868277], [5.882498822434206, 67.95423793774313, -268.85175499546415, 511.152043925002, -664.0277830974079, 771.4251548073722, -416.0981057051099, 1.727111042265555, -9.198807035343652, 9.76245223446915, -5.094226378946029, 1.3821676372310645, -0.30335556311183676, 11.850545557652097, -24.349062829544916, 11.944448407192407, -2.8939791355529643, 0.7776120709232613, 12.778650755870615, -15.694108970931744, 8.063792576244214, -3.3365394597002016, 9.056721509300356, -16.33545288947173, 7.077707688013179, 8.394070599431327, -6.965169019639888, 1.3515847421649898]]",(x0)' = -22.824 1 +  415.667 x0 + -770.440 x1 +  662.584 x2 + -509.063 x3 +  266.853 x4 + -67.098 x5 + -1.233 x0^2 +  7.910 x0 x1 + -12.713 x0 x2 +  12.976 x0 x3 + -8.270 x0 x4 +  2.592 x0 x5 + -12.368 x1^2 +  36.946 x1 x2 + -34.264 x1 x3 +  20.901 x1 x4 + -6.789 x1 x5 + -22.451 x2^2 +  30.684 x2 x3 + -16.417 x2 x4 +  6.421 x2 x5 + -3.444 x3^2 + -0.570 x3 x4 + -1.954 x3 x5 +  2.116 x4^2 +  0.127 x4 x5 + -0.195 x5^2 | (x1)' = -8.545 1 +  126.314 x0 + -4.995 x1 + -118.528 x2 + -1.975 x3 + -2.213 x4 +  1.444 x5 +  1.065 x0^2 + -5.166 x0 x1 +  3.469 x0 x2 +  0.723 x0 x3 + -1.414 x0 x4 +  0.262 x0 x5 +  7.091 x1^2 + -13.577 x1 x2 +  4.936 x1 x3 + -0.971 x1 x4 +  0.645 x1 x5 +  10.700 x2^2 + -18.348 x2 x3 +  9.919 x2 x4 + -2.978 x2 x5 +  11.194 x3^2 + -12.747 x3 x4 +  3.096 x3 x5 +  3.169 x4^2 + -1.076 x4 x5 +  0.008 x5^2 | (x2)' =  6.832 1 + -0.190 x0 +  125.363 x1 + -1.444 x2 + -121.188 x3 + -3.983 x4 +  1.431 x5 +  0.043 x0^2 + -0.278 x0 x1 +  1.004 x0 x2 + -2.090 x0 x3 +  1.977 x0 x4 + -0.686 x0 x5 +  0.699 x1^2 + -3.560 x1 x2 +  5.708 x1 x3 + -5.150 x1 x4 +  1.873 x1 x5 +  1.502 x2^2 +  0.766 x2 x3 + -1.202 x2 x4 + -7.488 x3^2 +  15.227 x3 x4 + -4.712 x3 x5 + -8.033 x4^2 +  5.318 x4 x5 + -0.917 x5^2 | (x3)' =  11.079 1 + -2.006 x0 +  6.491 x1 +  116.510 x2 +  5.311 x3 + -126.270 x4 + -0.090 x5 + -0.744 x0^2 +  3.006 x0 x1 +  0.150 x0 x2 + -4.362 x0 x3 +  3.373 x0 x4 + -0.661 x0 x5 + -3.144 x1^2 +  0.901 x1 x2 +  6.188 x1 x3 + -4.126 x1 x4 +  0.222 x1 x5 + -2.797 x2^2 +  11.263 x2 x3 + -10.659 x2 x4 +  4.123 x2 x5 + -15.686 x3^2 +  25.716 x3 x4 + -7.591 x3 x5 + -9.652 x4^2 +  5.043 x4 x5 + -0.565 x5^2 | (x4)' = -2.619 1 + -1.253 x0 +  3.776 x1 + -3.375 x2 +  124.161 x3 +  2.890 x4 + -126.221 x5 +  0.315 x0^2 + -3.596 x0 x1 +  8.165 x0 x2 + -8.565 x0 x3 +  3.839 x0 x4 + -0.463 x0 x5 +  7.274 x1^2 + -25.732 x1 x2 +  22.185 x1 x3 + -7.482 x1 x4 +  16.967 x2^2 + -21.287 x2 x3 +  3.590 x2 x4 +  1.464 x2 x5 +  4.478 x3^2 + -1.330 x3 x4 +  1.876 x4^2 + -2.445 x4 x5 +  0.747 x5^2 | (x5)' =  5.882 1 +  67.954 x0 + -268.852 x1 +  511.152 x2 + -664.028 x3 +  771.425 x4 + -416.098 x5 +  1.727 x0^2 + -9.199 x0 x1 +  9.762 x0 x2 + -5.094 x0 x3 +  1.382 x0 x4 + -0.303 x0 x5 +  11.851 x1^2 + -24.349 x1 x2 +  11.944 x1 x3 + -2.894 x1 x4 +  0.778 x1 x5 +  12.779 x2^2 + -15.694 x2 x3 +  8.064 x2 x4 + -3.337 x2 x5 +  9.057 x3^2 + -16.335 x3 x4 +  7.078 x3 x5 +  8.394 x4^2 + -6.965 x4 x5 +  1.352 x5^2
22,80.0,100.0,37.49490932254601,2,6,2,8.0,40.0,0,0.0,finite_difference,success,,168,168,100.0,1.0473674684762955,"[""1"", ""x0"", ""x1"", ""x2"", ""x3"", ""x4"", ""x5"", ""x0^2"", ""x0 x1"", ""x0 x2"", ""x0 x3"", ""x0 x4"", ""x0 x5"", ""x1^2"", ""x1 x2"", ""x1 x3"", ""x1 x4"", ""x1 x5"", ""x2^2"", ""x2 x3"", ""x2 x4"", ""x2 x5"", ""x3^2"", ""x3 x4"", ""x3 x5"", ""x4^2"", ""x4 x5"", ""x5^2""]","[[-133.9229031495198, 85.28056531047312, -111.0042924912509, 14.618650891026936, -0.5672181317700938, -1.5855244904397932, 4.995463325725005, -0.06150970502826695, 0.30373779085740177, -0.16812178606053935, 0.0399528216523454, 0.06364047470757606, -0.026089655470662255, 0.02597892436694036, -0.2983330378726129, 0.012978354399459725, -0.021413145320292003, -0.04132526141503857, 0.29186710390637804, -0.1960985687802022, -0.0016933964468081424, 0.012910454069070777, 0.11065264666194458, -0.09363286124458871, 0.038139468122748314, 0.04725456373953591, -0.018186361077977383, 0.003363994219809566], [21.068329144254353, 73.46053669998028, 4.265500339537814, -91.13766984387547, 19.5014128452319, -3.418331860079696, -0.9438038977854382, 0.07624779119713454, -0.26642764056671714, 0.11496333815826981, 0.005308857990570655, -0.03732763144295437, 0.004648534853120716, 0.06670037987063734, 0.1589945673819533, -0.08043146845191182, 0.012675788415480869, 0.03869144747031529, -0.12924575849220843, 0.007089672003647305, 0.04641592489449464, -0.03647979054194053, 0.014261628685777026, 0.02652144684531113, -0.009600766958414497, -0.026359358662062467, 0.004945082214599971, 0.002909254522808749], [-3.5388412218442022, -16.028858341800234, 91.03322771873803, -0.01615837044974371, -92.10218134395195, 20.012578823641746, -3.4082742764335414, -0.04717192878705252, 0.18127658026769858, -0.08786763597020589, -0.016986681706114767, 0.038356455204722695, -0.005774444925501605, -0.04703482846221446, -0.14935317780388105, 0.11147240477045231, -0.022587577364281308, -0.03285353329703529, 0.08549238197607646, 0.08313015286032585, -0.08563548817551069, 0.048994902526939145, -0.06596273188745758, -0.03442914040744167, 0.015082804849097419, 0.047390723182797946, -0.0023235817509418494, -0.01143606525215503], [1.576849050906112, 3.404000699863707, -19.99956631548535, 91.78126898717677, 0.43422407920316436, -91.15666325093667, 16.03877527562154, 0.014744823580572882, -0.0849162983215242, 0.053997478248906924, 0.026821928396646356, -0.051536358708546885, 0.018692781419976014, 0.019747002932739472, 0.10907882618029364, -0.11277913089589815, 0.044046276377850524, 0.015550306309215035, -0.04375491614692308, -0.12458609693419938, 0.10833670048836198, -0.05100576674826571, 0.07303217306662575, 0.08392211468963419, -0.04045174779058831, -0.08150807111858231, -0.00990044919700156, 0.03107123896691934], [-11.358048136251556, 0.9255840772794361, 3.595004983846054, -19.214383500544216, 90.4421009221807, -4.052919607272532, -73.41008216008022, 0.007833636948877672, 0.011425758705361165, -0.017807633204955795, -0.03197752830802009, 0.05770264791395724, -0.03442392445580435, 0.007956454149883451, -0.07392408222144414, 0.09679664306333924, -0.06153672390618209, 0.0028579526384918804, 0.03178913764082556, 0.09246458447174817, -0.11090599606797469, 0.04461894107521746, -0.04878299376076679, -0.12686571692364315, 0.0730605304043536, 0.09881872354938029, 0.044345084823728925, -0.05928586000555885], [80.49077697952265, -5.084462316707833, 1.0008124668648815, 0.026295022176587312, -12.656968042674288, 110.82451890478133, -85.78423812258087, -0.05496453216822902, 0.11016675499621444, -0.04607134322181758, 0.028110203682223285, -0.046223252670719875, 0.06806918406984977, -0.10832447895741097, 0.1451368356462632, -0.09455215021361921, 0.09199195947288032, -0.032909249027438026, -0.09405170740457881, -0.016519812835788353, 0.13246897365958893, -0.01459489147247321, 0.044553288087539084, 0.17335660067980022, -0.15162893891694562, -0.12149777420278192, -0.12433189852219603, 0.09166102030352496]]",(x0)' = -133.923 1 +  85.281 x0 + -111.004 x1 +  14.619 x2 + -0.567 x3 + -1.586 x4 +  4.995 x5 + -0.062 x0^2 +  0.304 x0 x1 + -0.168 x0 x2 +  0.040 x0 x3 +  0.064 x0 x4 + -0.026 x0 x5 +  0.026 x1^2 + -0.298 x1 x2 +  0.013 x1 x3 + -0.021 x1 x4 + -0.041 x1 x5 +  0.292 x2^2 + -0.196 x2 x3 + -0.002 x2 x4 +  0.013 x2 x5 +  0.111 x3^2 + -0.094 x3 x4 +  0.038 x3 x5 +  0.047 x4^2 + -0.018 x4 x5 +  0.003 x5^2 | (x1)' =  21.068 1 +  73.461 x0 +  4.266 x1 + -91.138 x2 +  19.501 x3 + -3.418 x4 + -0.944 x5 +  0.076 x0^2 + -0.266 x0 x1 +  0.115 x0 x2 +  0.005 x0 x3 + -0.037 x0 x4 +  0.005 x0 x5 +  0.067 x1^2 +  0.159 x1 x2 + -0.080 x1 x3 +  0.013 x1 x4 +  0.039 x1 x5 + -0.129 x2^2 +  0.007 x2 x3 +  0.046 x2 x4 + -0.036 x2 x5 +  0.014 x3^2 +  0.027 x3 x4 + -0.010 x3 x5 + -0.026 x4^2 +  0.005 x4 x5 +  0.003 x5^2 | (x2)' = -3.539 1 + -16.029 x0 +  91.033 x1 + -0.016 x2 + -92.102 x3 +  20.013 x4 + -3.408 x5 + -0.047 x0^2 +  0.181 x0 x1 + -0.088 x0 x2 + -0.017 x0 x3 +  0.038 x0 x4 + -0.006 x0 x5 + -0.047 x1^2 + -0.149 x1 x2 +  0.111 x1 x3 + -0.023 x1 x4 + -0.033 x1 x5 +  0.085 x2^2 +  0.083 x2 x3 + -0.086 x2 x4 +  0.049 x2 x5 + -0.066 x3^2 + -0.034 x3 x4 +  0.015 x3 x5 +  0.047 x4^2 + -0.002 x4 x5 + -0.011 x5^2 | (x3)' =  1.577 1 +  3.404 x0 + -20.000 x1 +  91.781 x2 +  0.434 x3 + -91.157 x4 +  16.039 x5 +  0.015 x0^2 + -0.085 x0 x1 +  0.054 x0 x2 +  0.027 x0 x3 + -0.052 x0 x4 +  0.019 x0 x5 +  0.020 x1^2 +  0.109 x1 x2 + -0.113 x1 x3 +  0.044 x1 x4 +  0.016 x1 x5 + -0.044 x2^2 + -0.125 x2 x3 +  0.108 x2 x4 + -0.051 x2 x5 +  0.073 x3^2 +  0.084 x3 x4 + -0.040 x3 x5 + -0.082 x4^2 + -0.010 x4 x5 +  0.031 x5^2 | (x4)' = -11.358 1 +  0.926 x0 +  3.595 x1 + -19.214 x2 +  90.442 x3 + -4.053 x4 + -73.410 x5 +  0.008 x0^2 +  0.011 x0 x1 + -0.018 x0 x2 + -0.032 x0 x3 +  0.058 x0 x4 + -0.034 x0 x5 +  0.008 x1^2 + -0.074 x1 x2 +  0.097 x1 x3 + -0.062 x1 x4 +  0.003 x1 x5 +  0.032 x2^2 +  0.092 x2 x3 + -0.111 x2 x4 +  0.045 x2 x5 + -0.049 x3^2 + -0.127 x3 x4 +  0.073 x3 x5 +  0.099 x4^2 +  0.044 x4 x5 + -0.059 x5^2 | (x5)' =  80.491 1 + -5.084 x0 +  1.001 x1 +  0.026 x2 + -12.657 x3 +  110.825 x4 + -85.784 x5 + -0.055 x0^2 +  0.110 x0 x1 + -0.046 x0 x2 +  0.028 x0 x3 + -0.046 x0 x4 +  0.068 x0 x5 + -0.108 x1^2 +  0.145 x1 x2 + -0.095 x1 x3 +  0.092 x1 x4 + -0.033 x1 x5 + -0.094 x2^2 + -0.017 x2 x3 +  0.132 x2 x4 + -0.015 x2 x5 +  0.045 x3^2 +  0.173 x3 x4 + -0.152 x3 x5 + -0.121 x4^2 + -0.124 x4 x5 +  0.092 x5^2
23,80.0,100.0,37.49490932254601,2,6,2,8.0,40.0,5,20.0,smoothed_finite_difference_savgol_order_3,success,,166,168,98.80952380952381,1.164592208340764,"[""1"", ""x0"", ""x1"", ""x2"", ""x3"", ""x4"", ""x5"", ""x0^2"", ""x0 x1"", ""x0 x2"", ""x0 x3"", ""x0 x4"", ""x0 x5"", ""x1^2"", ""x1 x2"", ""x1 x3"", ""x1 x4"", ""x1 x5"", ""x2^2"", ""x2 x3"", ""x2 x4"", ""x2 x5"", ""x3^2"", ""x3 x4"", ""x3 x5"", ""x4^2"", ""x4 x5"", ""x5^2""]","[[-109.45618749806367, 102.61842761622896, -144.01874097024427, 44.14045841257154, -18.90994030195852, 7.298263630662255, 1.8262865098195808, -0.08012939955925877, 0.3871113206304432, -0.2910527681807882, 0.15098991014569763, 0.009112312390700397, -0.011076649769532888, -0.04805373713589599, -0.23555722180204447, 0.005661144671723932, -0.034525673426051395, -0.039596340327507314, 0.3307801939634445, -0.24516153601249766, 0.040131636010549636, 0.01930254722082645, 0.10000103019903131, -0.117003340726632, 0.03602943571965597, 0.07006405989824606, -0.02885421891778239, 0.002087945880907763], [18.496538285731187, 70.65067137650769, 12.358197817400871, -104.12307250475612, 33.85073805281137, -14.148408688493832, 3.23086097678603, 0.07721368593369896, -0.2593376441277649, 0.15480593846953222, -0.059432786567480876, -0.009371407798502525, 0.0007110928649638085, 0.07398412102626188, 0.08795638796104333, -0.030513803503376957, 0.023732849968299986, 0.024354074663863017, -0.1098117829697022, -0.00645769852363539, 0.0516941788847368, -0.040641888648932964, 0.03646204797687483, 0.0, 0.0, -0.030748340410756806, 0.0008226196529834536, 0.009202560499495903], [-7.8726000008390455, -19.049124582859942, 95.25597401598955, 1.3975563341134463, -100.81968474093411, 30.424463112624583, -8.274421014668953, -0.0574309785121755, 0.18094620713069684, -0.10284191625904601, 0.027232804442745034, 0.020652451270683377, -0.003771073846614164, -0.04102927162340469, -0.09719427702720916, 0.06628180052537959, -0.04678556260395262, -0.016895219943078826, 0.07281574853259283, 0.037959334499896, -0.050105458510174075, 0.04814499391764648, -0.03611381440868849, -0.046799138220254916, 0.006620975733661448, 0.05614861884815446, 0.0038514133520998624, -0.01871781048217758], [6.230691261974181, 8.246707450337766, -30.333876332391764, 100.45598214914955, -0.9488312293596113, -95.44571304686286, 19.087337341432338, 0.03381314121824353, -0.10508024790041764, 0.05832385467693329, -0.00023276565148216158, -0.035653075937460386, 0.012386246442289979, 0.005013128403004153, 0.10440584589900184, -0.08357291633674657, 0.06514159487975628, 0.006677879276846368, -0.04486738466198617, -0.06769672205496036, 0.05852359188526624, -0.05002338853446135, 0.03633050775440696, 0.08172549684069969, -0.019105125420144708, -0.07181823051669194, -0.020033330585848427, 0.03304543782974597], [-13.276285455150187, -3.2083017768848907, 14.174233516729528, -33.46126565865359, 103.45755170392101, -12.116275785389604, -70.65542913598597, -0.008283406428806006, 0.031170689340296296, -0.015159989462158088, -0.024221593542812572, 0.049818679194397246, -0.025271292057210425, 0.03260688249955376, -0.11644167008280815, 0.09932148463983284, -0.08470557918018556, 0.006320653884206972, 0.034199982717234206, 0.06633162402642277, -0.05902823489370538, 0.04501336954354791, -0.020909344559655128, -0.1288826787797865, 0.038756439419995216, 0.08355444191509494, 0.05342427187664825, -0.05315476215364308], [69.71017846212484, -1.9581699413512628, -7.5219400574398465, 18.051533003801016, -42.38888234230064, 143.99989015735292, -103.08970612273276, -0.05002680051969437, 0.11596764876951736, -0.0659315916080024, 0.05838139506426638, -0.07561291287365103, 0.06823842568212478, -0.1498296322758217, 0.250117999456211, -0.17350418379401034, 0.14860145276362755, -0.04063861108534844, -0.10004614386577673, -0.009559016943093548, 0.06663739833709684, -0.022558976610537837, -0.018211764335486293, 0.2702631272504234, -0.10100305713441636, -0.11270081158979087, -0.17650945110936744, 0.10064519409365412]]",(x0)' = -109.456 1 +  102.618 x0 + -144.019 x1 +  44.140 x2 + -18.910 x3 +  7.298 x4 +  1.826 x5 + -0.080 x0^2 +  0.387 x0 x1 + -0.291 x0 x2 +  0.151 x0 x3 +  0.009 x0 x4 + -0.011 x0 x5 + -0.048 x1^2 + -0.236 x1 x2 +  0.006 x1 x3 + -0.035 x1 x4 + -0.040 x1 x5 +  0.331 x2^2 + -0.245 x2 x3 +  0.040 x2 x4 +  0.019 x2 x5 +  0.100 x3^2 + -0.117 x3 x4 +  0.036 x3 x5 +  0.070 x4^2 + -0.029 x4 x5 +  0.002 x5^2 | (x1)' =  18.497 1 +  70.651 x0 +  12.358 x1 + -104.123 x2 +  33.851 x3 + -14.148 x4 +  3.231 x5 +  0.077 x0^2 + -0.259 x0 x1 +  0.155 x0 x2 + -0.059 x0 x3 + -0.009 x0 x4 +  0.001 x0 x5 +  0.074 x1^2 +  0.088 x1 x2 + -0.031 x1 x3 +  0.024 x1 x4 +  0.024 x1 x5 + -0.110 x2^2 + -0.006 x2 x3 +  0.052 x2 x4 + -0.041 x2 x5 +  0.036 x3^2 + -0.031 x4^2 +  0.001 x4 x5 +  0.009 x5^2 | (x2)' = -7.873 1 + -19.049 x0 +  95.256 x1 +  1.398 x2 + -100.820 x3 +  30.424 x4 + -8.274 x5 + -0.057 x0^2 +  0.181 x0 x1 + -0.103 x0 x2 +  0.027 x0 x3 +  0.021 x0 x4 + -0.004 x0 x5 + -0.041 x1^2 + -0.097 x1 x2 +  0.066 x1 x3 + -0.047 x1 x4 + -0.017 x1 x5 +  0.073 x2^2 +  0.038 x2 x3 + -0.050 x2 x4 +  0.048 x2 x5 + -0.036 x3^2 + -0.047 x3 x4 +  0.007 x3 x5 +  0.056 x4^2 +  0.004 x4 x5 + -0.019 x5^2 | (x3)' =  6.231 1 +  8.247 x0 + -30.334 x1 +  100.456 x2 + -0.949 x3 + -95.446 x4 +  19.087 x5 +  0.034 x0^2 + -0.105 x0 x1 +  0.058 x0 x2 + -0.036 x0 x4 +  0.012 x0 x5 +  0.005 x1^2 +  0.104 x1 x2 + -0.084 x1 x3 +  0.065 x1 x4 +  0.007 x1 x5 + -0.045 x2^2 + -0.068 x2 x3 +  0.059 x2 x4 + -0.050 x2 x5 +  0.036 x3^2 +  0.082 x3 x4 + -0.019 x3 x5 + -0.072 x4^2 + -0.020 x4 x5 +  0.033 x5^2 | (x4)' = -13.276 1 + -3.208 x0 +  14.174 x1 + -33.461 x2 +  103.458 x3 + -12.116 x4 + -70.655 x5 + -0.008 x0^2 +  0.031 x0 x1 + -0.015 x0 x2 + -0.024 x0 x3 +  0.050 x0 x4 + -0.025 x0 x5 +  0.033 x1^2 + -0.116 x1 x2 +  0.099 x1 x3 + -0.085 x1 x4 +  0.006 x1 x5 +  0.034 x2^2 +  0.066 x2 x3 + -0.059 x2 x4 +  0.045 x2 x5 + -0.021 x3^2 + -0.129 x3 x4 +  0.039 x3 x5 +  0.084 x4^2 +  0.053 x4 x5 + -0.053 x5^2 | (x5)' =  69.710 1 + -1.958 x0 + -7.522 x1 +  18.052 x2 + -42.389 x3 +  144.000 x4 + -103.090 x5 + -0.050 x0^2 +  0.116 x0 x1 + -0.066 x0 x2 +  0.058 x0 x3 + -0.076 x0 x4 +  0.068 x0 x5 + -0.150 x1^2 +  0.250 x1 x2 + -0.174 x1 x3 +  0.149 x1 x4 + -0.041 x1 x5 + -0.100 x2^2 + -0.010 x2 x3 +  0.067 x2 x4 + -0.023 x2 x5 + -0.018 x3^2 +  0.270 x3 x4 + -0.101 x3 x5 + -0.113 x4^2 + -0.177 x4 x5 +  0.101 x5^2
24,80.0,100.0,37.49490932254601,2,6,2,8.0,40.0,9,36.0,smoothed_finite_difference_savgol_order_3,success,,167,168,99.4047619047619,1.1647533681243658,"[""1"", ""x0"", ""x1"", ""x2"", ""x3"", ""x4"", ""x5"", ""x0^2"", ""x0 x1"", ""x0 x2"", ""x0 x3"", ""x0 x4"", ""x0 x5"", ""x1^2"", ""x1 x2"", ""x1 x3"", ""x1 x4"", ""x1 x5"", ""x2^2"", ""x2 x3"", ""x2 x4"", ""x2 x5"", ""x3^2"", ""x3 x4"", ""x3 x5"", ""x4^2"", ""x4 x5"", ""x5^2""]","[[-40.34086077801529, 147.06307707540932, -212.86684671624982, 67.85566250674496, 10.746451183318992, -33.36876900324771, 18.04990142996705, -0.20067716798888136, 0.955523394649278, -1.1691343093875188, 1.0558548606566358, -0.5461790405881709, 0.16887280923888992, -0.8431497867286416, 1.8749312420943123, -1.9011107270923133, 1.0220283395792042, -0.3391634149076894, -0.7180734324870754, 0.9626488039078892, -0.17984937077651708, -0.023941201899155582, 0.029152447074008023, -0.5035057552719581, 0.3297372479386134, 0.31987279950909103, -0.42924999101526456, 0.14180731694172324], [0.0, 59.4532529259272, 27.817594481665928, -104.5082481770524, 18.382241323272293, 3.0071515862618208, -3.706609828712155, 0.07752696008594329, -0.34574129131949916, 0.4222056580101547, -0.3629484565237365, 0.17798819880644653, -0.04811549808836977, 0.3034718939942076, -0.6206016304372128, 0.49314724611336136, -0.20274451250899536, 0.05384374023232911, 0.18302805400936273, -0.08821972380786677, -0.06925621639245402, 0.02220732728788456, -0.0743049595024529, 0.07468763078011537, 0.0056758162911715775, 0.030780160414469255, -0.03405175228354855, 0.001425319510186406], [-6.98901348045705, -12.530643296143136, 84.5594491755316, 5.079320814245442, -94.03954295505883, 19.68288478981371, -2.93444951832382, -0.016616938143032785, 0.0577196628685837, -0.050896885018707594, 0.01789739208476687, -0.0024122529402340184, 0.006214598767098591, 0.032986346501543, -0.31882436639155054, 0.45405837219087386, -0.2957561039874382, 0.05848187620861008, 0.4710076934261158, -1.1512326545185005, 0.6618794817165281, -0.11753517966553817, 0.6125472555877749, -0.5530509669365057, 0.03675557254522763, 0.054101538115424085, 0.06513031341596513, -0.022014305195049804], [3.428546119198526, 2.5287403520683434, -18.261767720407313, 91.61037491569257, -2.7576031472562126, -85.81106877765573, 12.884084906788587, -0.01776385191544766, 0.032210257774971635, 0.017347907896457047, -0.008054631004854906, -0.003988018601070249, 0.0008510708065688733, -0.030820766156493085, 0.12326511374181662, -0.2540296855381874, 0.1832120668639484, -0.034388214516438524, -0.20295683487894822, 0.568757723346829, -0.282564012721658, -1.5586541514924918e-05, -0.26824726019664963, 0.0807115563983454, 0.12786798222825238, 0.12500449819168888, -0.21052261724761726, 0.053537641862381836], [-3.2591447436899554, 3.8577300622747677, -3.2851151349533345, -17.986158845821496, 104.21789742819382, -27.770564444892347, -59.49367358286157, 0.09342605596776551, -0.2704629271332274, 0.11375820773510766, -0.02787670940598885, 0.018709227073276095, -0.01645355641810133, 0.1407259089706607, 0.03221038616231045, -0.06228078569736743, 0.009267681946915312, -0.002557940816518632, -0.2130961111004891, 0.48309688640259685, -0.38774391717660545, 0.1923612942285786, -0.36845158824774765, 0.7314748789297758, -0.38370335156513063, -0.39899115682920494, 0.4090702412838539, -0.09116862471068223], [35.08050588172346, -17.88924727002228, 32.576012685970504, -9.74717797698652, -68.77774360583958, 213.99166064560404, -147.6198459962749, -0.2846392083767973, 0.8573324119837127, -0.5399824344811358, 0.31911719087512314, -0.16928741440436992, 0.08491308013060718, -0.548567891565683, 0.616055249344215, -0.590706305531662, 0.35163331543713106, -0.09575520481412038, -0.09732748695190283, 0.2476769081032321, 0.028447425069509428, -0.17659035247793892, -0.14164439180754188, -0.033871650689918834, 0.30561489395668395, 0.1606070536746933, -0.39910300769109325, 0.09969699027396182]]",(x0)' = -40.341 1 +  147.063 x0 + -212.867 x1 +  67.856 x2 +  10.746 x3 + -33.369 x4 +  18.050 x5 + -0.201 x0^2 +  0.956 x0 x1 + -1.169 x0 x2 +  1.056 x0 x3 + -0.546 x0 x4 +  0.169 x0 x5 + -0.843 x1^2 +  1.875 x1 x2 + -1.901 x1 x3 +  1.022 x1 x4 + -0.339 x1 x5 + -0.718 x2^2 +  0.963 x2 x3 + -0.180 x2 x4 + -0.024 x2 x5 +  0.029 x3^2 + -0.504 x3 x4 +  0.330 x3 x5 +  0.320 x4^2 + -0.429 x4 x5 +  0.142 x5^2 | (x1)' =  59.453 x0 +  27.818 x1 + -104.508 x2 +  18.382 x3 +  3.007 x4 + -3.707 x5 +  0.078 x0^2 + -0.346 x0 x1 +  0.422 x0 x2 + -0.363 x0 x3 +  0.178 x0 x4 + -0.048 x0 x5 +  0.303 x1^2 + -0.621 x1 x2 +  0.493 x1 x3 + -0.203 x1 x4 +  0.054 x1 x5 +  0.183 x2^2 + -0.088 x2 x3 + -0.069 x2 x4 +  0.022 x2 x5 + -0.074 x3^2 +  0.075 x3 x4 +  0.006 x3 x5 +  0.031 x4^2 + -0.034 x4 x5 +  0.001 x5^2 | (x2)' = -6.989 1 + -12.531 x0 +  84.559 x1 +  5.079 x2 + -94.040 x3 +  19.683 x4 + -2.934 x5 + -0.017 x0^2 +  0.058 x0 x1 + -0.051 x0 x2 +  0.018 x0 x3 + -0.002 x0 x4 +  0.006 x0 x5 +  0.033 x1^2 + -0.319 x1 x2 +  0.454 x1 x3 + -0.296 x1 x4 +  0.058 x1 x5 +  0.471 x2^2 + -1.151 x2 x3 +  0.662 x2 x4 + -0.118 x2 x5 +  0.613 x3^2 + -0.553 x3 x4 +  0.037 x3 x5 +  0.054 x4^2 +  0.065 x4 x5 + -0.022 x5^2 | (x3)' =  3.429 1 +  2.529 x0 + -18.262 x1 +  91.610 x2 + -2.758 x3 + -85.811 x4 +  12.884 x5 + -0.018 x0^2 +  0.032 x0 x1 +  0.017 x0 x2 + -0.008 x0 x3 + -0.004 x0 x4 +  0.001 x0 x5 + -0.031 x1^2 +  0.123 x1 x2 + -0.254 x1 x3 +  0.183 x1 x4 + -0.034 x1 x5 + -0.203 x2^2 +  0.569 x2 x3 + -0.283 x2 x4 + -0.268 x3^2 +  0.081 x3 x4 +  0.128 x3 x5 +  0.125 x4^2 + -0.211 x4 x5 +  0.054 x5^2 | (x4)' = -3.259 1 +  3.858 x0 + -3.285 x1 + -17.986 x2 +  104.218 x3 + -27.771 x4 + -59.494 x5 +  0.093 x0^2 + -0.270 x0 x1 +  0.114 x0 x2 + -0.028 x0 x3 +  0.019 x0 x4 + -0.016 x0 x5 +  0.141 x1^2 +  0.032 x1 x2 + -0.062 x1 x3 +  0.009 x1 x4 + -0.003 x1 x5 + -0.213 x2^2 +  0.483 x2 x3 + -0.388 x2 x4 +  0.192 x2 x5 + -0.368 x3^2 +  0.731 x3 x4 + -0.384 x3 x5 + -0.399 x4^2 +  0.409 x4 x5 + -0.091 x5^2 | (x5)' =  35.081 1 + -17.889 x0 +  32.576 x1 + -9.747 x2 + -68.778 x3 +  213.992 x4 + -147.620 x5 + -0.285 x0^2 +  0.857 x0 x1 + -0.540 x0 x2 +  0.319 x0 x3 + -0.169 x0 x4 +  0.085 x0 x5 + -0.549 x1^2 +  0.616 x1 x2 + -0.591 x1 x3 +  0.352 x1 x4 + -0.096 x1 x5 + -0.097 x2^2 +  0.248 x2 x3 +  0.028 x2 x4 + -0.177 x2 x5 + -0.142 x3^2 + -0.034 x3 x4 +  0.306 x3 x5 +  0.161 x4^2 + -0.399 x4 x5 +  0.100 x5^2
25,80.0,100.0,37.49490932254601,2,6,5,20.0,100.0,0,0.0,finite_difference,success,,168,168,100.0,0.9872565362602472,"[""1"", ""x0"", ""x1"", ""x2"", ""x3"", ""x4"", ""x5"", ""x0^2"", ""x0 x1"", ""x0 x2"", ""x0 x3"", ""x0 x4"", ""x0 x5"", ""x1^2"", ""x1 x2"", ""x1 x3"", ""x1 x4"", ""x1 x5"", ""x2^2"", ""x2 x3"", ""x2 x4"", ""x2 x5"", ""x3^2"", ""x3 x4"", ""x3 x5"", ""x4^2"", ""x4 x5"", ""x5^2""]","[[-37.9031328980877, 16.846225673438298, -40.08105080354503, 11.2518981377585, 2.5640825265148295, 5.25725445124236, -2.0955689641879376, 0.032367312164279044, 0.07776085681563875, -0.03802658437877503, -0.026442842731512695, -0.05114823124357658, 0.028946050409973344, -0.03620688940460066, -0.011533581121842457, -0.018277608538897643, 0.026224384055438987, -0.004984446883986722, 0.02210713254413945, 0.009277464658175546, 0.01122136655955926, -0.024724897122519084, 0.0036094157430033224, 0.004644519284791301, 0.018322892529025067, -0.0017021061062180132, -0.0067178717590066625, -0.005698883545336953], [-42.07395619896219, 32.31343677363555, 1.1987723259303038, -37.100227259327255, 6.959960152390941, -2.747030809579443, 1.2247389882297606, 0.12923508717785104, -0.24849489938563538, 0.021481722666942756, -0.008718447553214562, 0.021043724526323963, -0.0004966693429689857, 0.025466334220661954, 0.15585580834633891, -0.003464500054113181, 0.009504470708007176, -0.025271693752792836, -0.08247536854560676, -0.006927556932064987, -0.014814005200652697, 0.02417494456695653, 0.016828885478836507, -0.004791191375947265, -0.003650365252382317, -0.0053870135975312775, 0.003683461913583899, -0.003452778404784593], [-39.52171915099848, -8.320502751404735, 36.82777806477482, 0.14632961201023928, -35.815393012888585, 8.211109076651008, -1.385634888000441, -0.04140587875316357, -0.020544558345153764, 0.14602574424661965, -0.07178332607942806, 0.009743953472245753, -0.006947398038482942, 0.16514056037320382, -0.3452751638870658, 0.06068339476620965, -0.005020447232784411, 0.030072601315352436, 0.05355984013239448, 0.12409737654301861, -0.027897977246508773, -0.021413604120047215, -0.06869105411787835, 0.005864947001520618, 0.004500605133034323, 0.017250903569434636, -0.006851730952330515, 0.0006283639017882582], [-37.18606669435677, 1.4221080305120088, -9.340416509574627, 36.93684598916882, -0.25742374346086627, -35.815673969844404, 7.344322860414931, 0.0076890374051743204, 0.03175834677893905, -0.04690570207453082, 0.017857256380588098, 0.007014966135998227, -0.016207839365931558, -0.059900671593041806, 0.007415802970388142, 0.13085729820263667, -0.08178582456762043, 0.01156747749715699, 0.161339222076808, -0.3338497825114326, 0.068215287857442, 0.01113529583382831, 0.04673753444977536, 0.1215117657129438, -0.03644969699342441, -0.06921733438729272, 0.010718890190239963, 0.011361728577149262], [-45.843376369094855, -1.0937430033298225, 2.8095455077811047, -8.385898963488241, 38.04475263936636, -1.111145601525377, -31.873576979967577, 0.002744109650965625, -0.0276611627270702, 0.02962361555278366, -0.028913628778428895, 0.02677158021496681, -0.005948255847283136, 0.01724629083782, 0.01703765722209188, -0.0357327227625799, 0.010198384686117995, 0.006669035978342214, -0.052231977220318464, 0.0020694304612531586, 0.12232825955458866, -0.07849827518095513, 0.17033454432966194, -0.335633306036363, 0.07402238188319545, 0.04542308447326215, 0.08965078803744307, -0.04558444343980033], [-11.251712673093744, 1.9973167777394931, -5.2160127848558595, -2.0707574466226, -12.940092510277282, 41.85057015722034, -17.355530259663954, -0.00529396821621345, 0.0346995711085437, -0.023946089313744576, 0.05008886557210518, -0.03488714355394399, -0.002721248666166144, -0.004746470163338294, -0.019887724247280743, 0.0034715220171079924, -0.021388814937820255, 0.023873861101145415, 0.00568047796207895, 0.028616741143066966, -0.027482121606723215, 0.020812288618754483, -0.0897478798778616, 0.013028615303185661, 0.11576270772574063, 0.17015670613267556, -0.25123931888313755, 0.00912230067573235]]",(x0)' = -37.903 1 +  16.846 x0 + -40.081 x1 +  11.252 x2 +  2.564 x3 +  5.257 x4 + -2.096 x5 +  0.032 x0^2 +  0.078 x0 x1 + -0.038 x0 x2 + -0.026 x0 x3 + -0.051 x0 x4 +  0.029 x0 x5 + -0.036 x1^2 + -0.012 x1 x2 + -0.018 x1 x3 +  0.026 x1 x4 + -0.005 x1 x5 +  0.022 x2^2 +  0.009 x2 x3 +  0.011 x2 x4 + -0.025 x2 x5 +  0.004 x3^2 +  0.005 x3 x4 +  0.018 x3 x5 + -0.002 x4^2 + -0.007 x4 x5 + -0.006 x5^2 | (x1)' = -42.074 1 +  32.313 x0 +  1.199 x1 + -37.100 x2 +  6.960 x3 + -2.747 x4 +  1.225 x5 +  0.129 x0^2 + -0.248 x0 x1 +  0.021 x0 x2 + -0.009 x0 x3 +  0.021 x0 x4 +  0.025 x1^2 +  0.156 x1 x2 + -0.003 x1 x3 +  0.010 x1 x4 + -0.025 x1 x5 + -0.082 x2^2 + -0.007 x2 x3 + -0.015 x2 x4 +  0.024 x2 x5 +  0.017 x3^2 + -0.005 x3 x4 + -0.004 x3 x5 + -0.005 x4^2 +  0.004 x4 x5 + -0.003 x5^2 | (x2)' = -39.522 1 + -8.321 x0 +  36.828 x1 +  0.146 x2 + -35.815 x3 +  8.211 x4 + -1.386 x5 + -0.041 x0^2 + -0.021 x0 x1 +  0.146 x0 x2 + -0.072 x0 x3 +  0.010 x0 x4 + -0.007 x0 x5 +  0.165 x1^2 + -0.345 x1 x2 +  0.061 x1 x3 + -0.005 x1 x4 +  0.030 x1 x5 +  0.054 x2^2 +  0.124 x2 x3 + -0.028 x2 x4 + -0.021 x2 x5 + -0.069 x3^2 +  0.006 x3 x4 +  0.005 x3 x5 +  0.017 x4^2 + -0.007 x4 x5 +  0.001 x5^2 | (x3)' = -37.186 1 +  1.422 x0 + -9.340 x1 +  36.937 x2 + -0.257 x3 + -35.816 x4 +  7.344 x5 +  0.008 x0^2 +  0.032 x0 x1 + -0.047 x0 x2 +  0.018 x0 x3 +  0.007 x0 x4 + -0.016 x0 x5 + -0.060 x1^2 +  0.007 x1 x2 +  0.131 x1 x3 + -0.082 x1 x4 +  0.012 x1 x5 +  0.161 x2^2 + -0.334 x2 x3 +  0.068 x2 x4 +  0.011 x2 x5 +  0.047 x3^2 +  0.122 x3 x4 + -0.036 x3 x5 + -0.069 x4^2 +  0.011 x4 x5 +  0.011 x5^2 | (x4)' = -45.843 1 + -1.094 x0 +  2.810 x1 + -8.386 x2 +  38.045 x3 + -1.111 x4 + -31.874 x5 +  0.003 x0^2 + -0.028 x0 x1 +  0.030 x0 x2 + -0.029 x0 x3 +  0.027 x0 x4 + -0.006 x0 x5 +  0.017 x1^2 +  0.017 x1 x2 + -0.036 x1 x3 +  0.010 x1 x4 +  0.007 x1 x5 + -0.052 x2^2 +  0.002 x2 x3 +  0.122 x2 x4 + -0.078 x2 x5 +  0.170 x3^2 + -0.336 x3 x4 +  0.074 x3 x5 +  0.045 x4^2 +  0.090 x4 x5 + -0.046 x5^2 | (x5)' = -11.252 1 +  1.997 x0 + -5.216 x1 + -2.071 x2 + -12.940 x3 +  41.851 x4 + -17.356 x5 + -0.005 x0^2 +  0.035 x0 x1 + -0.024 x0 x2 +  0.050 x0 x3 + -0.035 x0 x4 + -0.003 x0 x5 + -0.005 x1^2 + -0.020 x1 x2 +  0.003 x1 x3 + -0.021 x1 x4 +  0.024 x1 x5 +  0.006 x2^2 +  0.029 x2 x3 + -0.027 x2 x4 +  0.021 x2 x5 + -0.090 x3^2 +  0.013 x3 x4 +  0.116 x3 x5 +  0.170 x4^2 + -0.251 x4 x5 +  0.009 x5^2
26,80.0,100.0,37.49490932254601,2,6,5,20.0,100.0,5,20.0,smoothed_finite_difference_savgol_order_3,success,,167,168,99.4047619047619,1.1432444602251053,"[""1"", ""x0"", ""x1"", ""x2"", ""x3"", ""x4"", ""x5"", ""x0^2"", ""x0 x1"", ""x0 x2"", ""x0 x3"", ""x0 x4"", ""x0 x5"", ""x1^2"", ""x1 x2"", ""x1 x3"", ""x1 x4"", ""x1 x5"", ""x2^2"", ""x2 x3"", ""x2 x4"", ""x2 x5"", ""x3^2"", ""x3 x4"", ""x3 x5"", ""x4^2"", ""x4 x5"", ""x5^2""]","[[-35.93329233069204, 17.249638294586426, -40.60290717993317, 11.640822569960143, 2.3717917653907516, 5.343665361558701, -2.1757640872125004, 0.03186396524064793, 0.08258400814528051, -0.039269158438430776, -0.026216449845261947, -0.052564581250976294, 0.0291455157179124, -0.03924430993379849, -0.012386780582952991, -0.019785176699650377, 0.026989507066797647, -0.003565452075528373, 0.02380765536885311, 0.010168031929470382, 0.012703043372633662, -0.02767407824325073, 0.002000593107879189, 0.004931454454212529, 0.020714439086160403, -0.0015788607978702127, -0.00816717658095038, -0.0056017872687693], [-38.1639936397313, 32.28195748135225, 1.3044435411464244, -37.34841853782467, 7.208260820973311, -2.887875036207931, 1.2886411187513303, 0.12666443489025622, -0.2464388015074012, 0.018335908865053516, -0.007123395878163412, 0.021672167433727164, 0.0006414513109898166, 0.025207275773031418, 0.1624422061745307, -0.005201005264733768, 0.009422544873398829, -0.027959681230740423, -0.08588920115111509, -0.007389835345929516, -0.01526262042993242, 0.026010615286387283, 0.01799560634452193, -0.0042851896258206115, -0.003995629362296573, -0.0064921730829354705, 0.004302247233217852, -0.0034385294543103563], [-34.73571318928654, -8.476008210045931, 37.01710295020017, 0.0, -35.901602122592806, 8.436673586160234, -1.466548346268051, -0.043800396294283055, -0.015504534898530393, 0.14599173974606433, -0.0715028965338198, 0.010056935892582521, -0.008081320086997806, 0.16220659378052094, -0.34491614916254615, 0.057346476112763764, -0.004318238171171001, 0.03161071209632171, 0.05339774109845539, 0.12994872835286744, -0.028876257466528707, -0.02278601936902435, -0.07115849708709691, 0.004526026319937247, 0.005308178010952466, 0.01883432993007564, -0.006816264694370986, 0.00014667016614415134], [-32.22510067666819, 1.5475290018051255, -9.574993017301528, 37.049931097796836, -0.249798308604529, -35.990935604318224, 7.521944544939598, 0.007909591368700442, 0.03348532710099195, -0.04862769066800535, 0.01678707210111898, 0.0076081094252624945, -0.015364415941140854, -0.06392038290296663, 0.014802387919968435, 0.1303159297095061, -0.0819531344488459, 0.010755230721725483, 0.1575986832491968, -0.3336347990546194, 0.06569580513450916, 0.012962116144290676, 0.047224828732334724, 0.12699818725539458, -0.03809037576430093, -0.07204871836418153, 0.010130131297857618, 0.012189761258086644], [-40.111076182222014, -1.1590096228683748, 2.985530363224885, -8.608594911473824, 38.228266461179594, -1.1873127618049333, -31.88021684938092, 0.0023930935920865744, -0.027973788117455784, 0.028005861636439602, -0.02712828814994795, 0.025362477904182817, -0.00433919751157632, 0.018092619126553033, 0.01924223885714231, -0.03812542650289754, 0.009754212599716032, 0.006862633907481158, -0.05638783985931071, 0.00995483998515747, 0.12168934727927136, -0.0784835015048463, 0.16676970588991952, -0.335634983185753, 0.07173897064031545, 0.046220109840239484, 0.09350450826438145, -0.04786658536227031], [-7.816926258622166, 2.080863095234017, -5.308799831805243, -1.8463103069086755, -13.315339809862113, 42.29398666851241, -17.736175417383244, -0.005997109393676726, 0.03693901879604886, -0.025048555773261046, 0.05105288476016943, -0.03517364252845859, -0.003305832608687651, -0.005571003263042679, -0.019764316193332104, 0.0014381502172900683, -0.02032946432931941, 0.02351676289984709, 0.0066189110317287836, 0.03171818255010841, -0.030401770613311997, 0.02073140278943409, -0.09510901029613224, 0.020802178428982618, 0.11573624566407467, 0.16775719817107362, -0.2525693016375413, 0.010972667741345412]]",(x0)' = -35.933 1 +  17.250 x0 + -40.603 x1 +  11.641 x2 +  2.372 x3 +  5.344 x4 + -2.176 x5 +  0.032 x0^2 +  0.083 x0 x1 + -0.039 x0 x2 + -0.026 x0 x3 + -0.053 x0 x4 +  0.029 x0 x5 + -0.039 x1^2 + -0.012 x1 x2 + -0.020 x1 x3 +  0.027 x1 x4 + -0.004 x1 x5 +  0.024 x2^2 +  0.010 x2 x3 +  0.013 x2 x4 + -0.028 x2 x5 +  0.002 x3^2 +  0.005 x3 x4 +  0.021 x3 x5 + -0.002 x4^2 + -0.008 x4 x5 + -0.006 x5^2 | (x1)' = -38.164 1 +  32.282 x0 +  1.304 x1 + -37.348 x2 +  7.208 x3 + -2.888 x4 +  1.289 x5 +  0.127 x0^2 + -0.246 x0 x1 +  0.018 x0 x2 + -0.007 x0 x3 +  0.022 x0 x4 +  0.001 x0 x5 +  0.025 x1^2 +  0.162 x1 x2 + -0.005 x1 x3 +  0.009 x1 x4 + -0.028 x1 x5 + -0.086 x2^2 + -0.007 x2 x3 + -0.015 x2 x4 +  0.026 x2 x5 +  0.018 x3^2 + -0.004 x3 x4 + -0.004 x3 x5 + -0.006 x4^2 +  0.004 x4 x5 + -0.003 x5^2 | (x2)' = -34.736 1 + -8.476 x0 +  37.017 x1 + -35.902 x3 +  8.437 x4 + -1.467 x5 + -0.044 x0^2 + -0.016 x0 x1 +  0.146 x0 x2 + -0.072 x0 x3 +  0.010 x0 x4 + -0.008 x0 x5 +  0.162 x1^2 + -0.345 x1 x2 +  0.057 x1 x3 + -0.004 x1 x4 +  0.032 x1 x5 +  0.053 x2^2 +  0.130 x2 x3 + -0.029 x2 x4 + -0.023 x2 x5 + -0.071 x3^2 +  0.005 x3 x4 +  0.005 x3 x5 +  0.019 x4^2 + -0.007 x4 x5 | (x3)' = -32.225 1 +  1.548 x0 + -9.575 x1 +  37.050 x2 + -0.250 x3 + -35.991 x4 +  7.522 x5 +  0.008 x0^2 +  0.033 x0 x1 + -0.049 x0 x2 +  0.017 x0 x3 +  0.008 x0 x4 + -0.015 x0 x5 + -0.064 x1^2 +  0.015 x1 x2 +  0.130 x1 x3 + -0.082 x1 x4 +  0.011 x1 x5 +  0.158 x2^2 + -0.334 x2 x3 +  0.066 x2 x4 +  0.013 x2 x5 +  0.047 x3^2 +  0.127 x3 x4 + -0.038 x3 x5 + -0.072 x4^2 +  0.010 x4 x5 +  0.012 x5^2 | (x4)' = -40.111 1 + -1.159 x0 +  2.986 x1 + -8.609 x2 +  38.228 x3 + -1.187 x4 + -31.880 x5 +  0.002 x0^2 + -0.028 x0 x1 +  0.028 x0 x2 + -0.027 x0 x3 +  0.025 x0 x4 + -0.004 x0 x5 +  0.018 x1^2 +  0.019 x1 x2 + -0.038 x1 x3 +  0.010 x1 x4 +  0.007 x1 x5 + -0.056 x2^2 +  0.010 x2 x3 +  0.122 x2 x4 + -0.078 x2 x5 +  0.167 x3^2 + -0.336 x3 x4 +  0.072 x3 x5 +  0.046 x4^2 +  0.094 x4 x5 + -0.048 x5^2 | (x5)' = -7.817 1 +  2.081 x0 + -5.309 x1 + -1.846 x2 + -13.315 x3 +  42.294 x4 + -17.736 x5 + -0.006 x0^2 +  0.037 x0 x1 + -0.025 x0 x2 +  0.051 x0 x3 + -0.035 x0 x4 + -0.003 x0 x5 + -0.006 x1^2 + -0.020 x1 x2 +  0.001 x1 x3 + -0.020 x1 x4 +  0.024 x1 x5 +  0.007 x2^2 +  0.032 x2 x3 + -0.030 x2 x4 +  0.021 x2 x5 + -0.095 x3^2 +  0.021 x3 x4 +  0.116 x3 x5 +  0.168 x4^2 + -0.253 x4 x5 +  0.011 x5^2
27,80.0,100.0,37.49490932254601,2,6,5,20.0,100.0,9,36.0,smoothed_finite_difference_savgol_order_3,success,,165,168,98.21428571428571,1.1628363020718098,"[""1"", ""x0"", ""x1"", ""x2"", ""x3"", ""x4"", ""x5"", ""x0^2"", ""x0 x1"", ""x0 x2"", ""x0 x3"", ""x0 x4"", ""x0 x5"", ""x1^2"", ""x1 x2"", ""x1 x3"", ""x1 x4"", ""x1 x5"", ""x2^2"", ""x2 x3"", ""x2 x4"", ""x2 x5"", ""x3^2"", ""x3 x4"", ""x3 x5"", ""x4^2"", ""x4 x5"", ""x5^2""]","[[-33.215430710277026, 22.11881207586433, -49.506045701022984, 17.52656352231315, -0.5391547143235018, 6.078398284786122, -1.892369878581011, 0.01072379283158475, 0.14363364845236362, -0.056064105898307626, -0.018475908803750326, -0.05380091786942626, 0.021909783252146126, -0.052786960445962296, -0.04798137428811542, -0.016158079636904448, 0.02177109179124146, 0.010697226446176147, 0.05193049269658876, 0.009266277050941515, 0.021228727583918743, -0.045139423071859884, -0.008565696513763503, 0.004831516566974191, 0.02979250225174104, 0.002482244297144368, -0.01582901976757244, -0.003504994054317508], [-10.10477125732079, 35.05265477225509, 2.46967162944074, -43.31619955292189, 11.406624020259692, -5.573596498698661, 1.910079104154157, 0.08940002068064919, -0.19663793250141537, -0.006426293290857645, -0.0018139386388186605, 0.02832887250952046, 0.0033015608063459096, 0.0, 0.20666779783420958, 0.0, -0.0036964867606467133, -0.03362669870839382, -0.09480919602505788, -0.04083147528260904, 0.00011545118080451165, 0.03452553901448537, 0.04054456222081545, -0.011225843882788666, -0.01276396439933411, -0.009724265918910914, 0.0058437339398726, 0.000508226671238391], [-1.519889262389526, -10.654506672369665, 41.22479608928044, 0.7053782347654801, -41.2250788349702, 12.762173231152655, -3.6097340842376364, -0.055163208355211234, 0.036828948331826025, 0.10253251734622666, -0.04111541225535746, 0.005146876681910666, -0.01110690350103534, 0.10973822704048476, -0.2786777454373286, 0.007020772103220296, 0.007098728090218111, 0.0325667256244103, 0.028176896346295728, 0.18843551851499193, -0.04411251261796802, -0.02313690182860136, -0.0845165020367964, -0.017497320224051996, 0.01671224663229386, 0.0361665209793469, -0.011404252767906438, -0.0025623510724102076], [-4.1412671434875215, 3.7611942659429682, -13.197659889953915, 41.499052656035836, -0.5851740686181943, -41.01135123381537, 10.296136401198108, 0.024985309042882164, 0.0, -0.050601601838490835, 0.010969582464761901, -0.0014987257475955953, 0.0007533091496351763, -0.07050329833488075, 0.07560706195725998, 0.09447863211489772, -0.040468415117134726, -0.005707517364288598, 0.09827764487754911, -0.2615327396722787, 0.011455374213580161, 0.031116349784548917, 0.01783595425124129, 0.18930041025210603, -0.05645486310672496, -0.08492756676816013, -0.005522716544229385, 0.021456713479371465], [-0.9559548010435969, -1.8314092024286912, 5.817051438175508, -12.235339671707102, 43.65827721644366, -2.4012812374429537, -34.82119073450391, 0.00020710484927077206, -0.03192023010505826, 0.028380977132543745, -0.017185792873204594, 0.012855144157592403, 0.0023913595156500015, 0.029676040504923812, 0.017749202183642187, -0.06073464883495231, 0.015828068650810625, 0.0024901701261177273, -0.07764166825963781, 0.08171027799167467, 0.07769780675583957, -0.04983416557848958, 0.11170351037395042, -0.27002641110866415, 0.02585079380799843, 0.02174500817916019, 0.14254518886348702, -0.06139690373570863], [18.979190100501885, 1.8308493628876334, -6.0618786867995205, 1.0753026924868894, -18.468045550631512, 50.22077834867263, -22.437888545719815, -0.008734626673092275, 0.03991950472762327, -0.024087436760220095, 0.04305737225363075, -0.02382535859880559, -0.0051981640094286114, -0.006372640484369647, -0.02697956530387689, 0.012259089462091135, -0.020614343896836456, 0.01601400764634307, 0.021211441114400896, 0.0324152425112821, -0.060786508265258714, 0.0282090737034533, -0.12170250780759836, 0.09611117234903326, 0.0927839372306036, 0.11804460674334034, -0.22330806902014713, 0.01346698561288177]]",(x0)' = -33.215 1 +  22.119 x0 + -49.506 x1 +  17.527 x2 + -0.539 x3 +  6.078 x4 + -1.892 x5 +  0.011 x0^2 +  0.144 x0 x1 + -0.056 x0 x2 + -0.018 x0 x3 + -0.054 x0 x4 +  0.022 x0 x5 + -0.053 x1^2 + -0.048 x1 x2 + -0.016 x1 x3 +  0.022 x1 x4 +  0.011 x1 x5 +  0.052 x2^2 +  0.009 x2 x3 +  0.021 x2 x4 + -0.045 x2 x5 + -0.009 x3^2 +  0.005 x3 x4 +  0.030 x3 x5 +  0.002 x4^2 + -0.016 x4 x5 + -0.004 x5^2 | (x1)' = -10.105 1 +  35.053 x0 +  2.470 x1 + -43.316 x2 +  11.407 x3 + -5.574 x4 +  1.910 x5 +  0.089 x0^2 + -0.197 x0 x1 + -0.006 x0 x2 + -0.002 x0 x3 +  0.028 x0 x4 +  0.003 x0 x5 +  0.207 x1 x2 + -0.004 x1 x4 + -0.034 x1 x5 + -0.095 x2^2 + -0.041 x2 x3 +  0.035 x2 x5 +  0.041 x3^2 + -0.011 x3 x4 + -0.013 x3 x5 + -0.010 x4^2 +  0.006 x4 x5 +  0.001 x5^2 | (x2)' = -1.520 1 + -10.655 x0 +  41.225 x1 +  0.705 x2 + -41.225 x3 +  12.762 x4 + -3.610 x5 + -0.055 x0^2 +  0.037 x0 x1 +  0.103 x0 x2 + -0.041 x0 x3 +  0.005 x0 x4 + -0.011 x0 x5 +  0.110 x1^2 + -0.279 x1 x2 +  0.007 x1 x3 +  0.007 x1 x4 +  0.033 x1 x5 +  0.028 x2^2 +  0.188 x2 x3 + -0.044 x2 x4 + -0.023 x2 x5 + -0.085 x3^2 + -0.017 x3 x4 +  0.017 x3 x5 +  0.036 x4^2 + -0.011 x4 x5 + -0.003 x5^2 | (x3)' = -4.141 1 +  3.761 x0 + -13.198 x1 +  41.499 x2 + -0.585 x3 + -41.011 x4 +  10.296 x5 +  0.025 x0^2 + -0.051 x0 x2 +  0.011 x0 x3 + -0.001 x0 x4 +  0.001 x0 x5 + -0.071 x1^2 +  0.076 x1 x2 +  0.094 x1 x3 + -0.040 x1 x4 + -0.006 x1 x5 +  0.098 x2^2 + -0.262 x2 x3 +  0.011 x2 x4 +  0.031 x2 x5 +  0.018 x3^2 +  0.189 x3 x4 + -0.056 x3 x5 + -0.085 x4^2 + -0.006 x4 x5 +  0.021 x5^2 | (x4)' = -0.956 1 + -1.831 x0 +  5.817 x1 + -12.235 x2 +  43.658 x3 + -2.401 x4 + -34.821 x5 + -0.032 x0 x1 +  0.028 x0 x2 + -0.017 x0 x3 +  0.013 x0 x4 +  0.002 x0 x5 +  0.030 x1^2 +  0.018 x1 x2 + -0.061 x1 x3 +  0.016 x1 x4 +  0.002 x1 x5 + -0.078 x2^2 +  0.082 x2 x3 +  0.078 x2 x4 + -0.050 x2 x5 +  0.112 x3^2 + -0.270 x3 x4 +  0.026 x3 x5 +  0.022 x4^2 +  0.143 x4 x5 + -0.061 x5^2 | (x5)' =  18.979 1 +  1.831 x0 + -6.062 x1 +  1.075 x2 + -18.468 x3 +  50.221 x4 + -22.438 x5 + -0.009 x0^2 +  0.040 x0 x1 + -0.024 x0 x2 +  0.043 x0 x3 + -0.024 x0 x4 + -0.005 x0 x5 + -0.006 x1^2 + -0.027 x1 x2 +  0.012 x1 x3 + -0.021 x1 x4 +  0.016 x1 x5 +  0.021 x2^2 +  0.032 x2 x3 + -0.061 x2 x4 +  0.028 x2 x5 + -0.122 x3^2 +  0.096 x3 x4 +  0.093 x3 x5 +  0.118 x4^2 + -0.223 x4 x5 +  0.013 x5^2
28,80.0,100.0,37.49490932254601,2,8,1,4.0,28.0,0,0.0,finite_difference,success,,358,360,99.44444444444444,3.1972403414547443,"[""1"", ""x0"", ""x1"", ""x2"", ""x3"", ""x4"", ""x5"", ""x6"", ""x7"", ""x0^2"", ""x0 x1"", ""x0 x2"", ""x0 x3"", ""x0 x4"", ""x0 x5"", ""x0 x6"", ""x0 x7"", ""x1^2"", ""x1 x2"", ""x1 x3"", ""x1 x4"", ""x1 x5"", ""x1 x6"", ""x1 x7"", ""x2^2"", ""x2 x3"", ""x2 x4"", ""x2 x5"", ""x2 x6"", ""x2 x7"", ""x3^2"", ""x3 x4"", ""x3 x5"", ""x3 x6"", ""x3 x7"", ""x4^2"", ""x4 x5"", ""x4 x6"", ""x4 x7"", ""x5^2"", ""x5 x6"", ""x5 x7"", ""x6^2"", ""x6 x7"", ""x7^2""]","[[-70.44611697975323, 327.0227442210065, -588.3681365325548, 528.3938274699453, -501.4387087317025, 389.5467200613266, -248.79203557188075, 118.97180468742769, -29.492171730237285, -0.7400539827732502, 3.677478359138987, -5.092045892125427, 5.605442074414619, -4.92846035680962, 3.518781809200406, -1.8662181215813765, 0.6293606243950569, -3.9496535867703373, 10.051852987894149, -10.745126930965464, 9.11354181192761, -6.574665399665195, 3.632322161268229, -1.3499389102217747, -5.789481635909265, 11.767836323877138, -9.639388561168381, 6.9904180574688155, -4.084168314793318, 1.7203068786869702, -5.334503535951917, 7.697908167808883, -5.4027280416643375, 3.2681386609623866, -1.6691503441220394, -2.113193890754341, 2.554827868083548, -1.724355474933826, 1.252624493491866, -0.4743494634375474, 0.5813968211516424, -0.7820088113042444, -0.08790015640150116, 0.3962164738957252, -0.09901261761558743], [-0.2814185199371059, 124.96339405245132, 0.20009611722035195, -125.36097268228576, 0.35265041389697416, -0.3079915976768378, 0.2660869368919845, -0.14335233614319792, 0.031725702286802604, 0.006000896211068452, -0.04381985391212416, 0.07610003449918563, -0.08575050867586745, 0.07352989020179311, -0.04650619422460473, 0.017540814375271507, -0.0034021559631427813, 0.06450648277446032, -0.19870970333350702, 0.2156592023990106, -0.18048840420294476, 0.11389732392289947, -0.04724066364002327, 0.010881558843807558, 0.1398336260496866, -0.28829512517453065, 0.22961140514653036, -0.13912443239945077, 0.05941795004234178, -0.01563355448707154, 0.14106018946270435, -0.2095354888737545, 0.10792524368351128, -0.03676983550142588, 0.01127991289258181, 0.07351431050595589, -0.06391488023170458, 0.013948968115390325, -0.006670359842598278, 0.010650151996910053, -0.00032822478749642463, 0.002186024397547728, -0.000580184846112436, -0.0017705511643772774, 0.0009274360616626079], [-0.33047249447965665, -0.06475987439042467, 125.16631894265748, -0.16029762541478734, -124.8578382881312, -0.18738642808205458, 0.1609279221262121, -0.07249498608716111, 0.020681790758095127, 0.009016415076989366, -0.03923368787362198, 0.04808843629998328, -0.05140080659078187, 0.045223004605176725, -0.020213257326608666, -0.005003306228688289, 0.005348695921035167, 0.04512082328305226, -0.11278816661794801, 0.110939899761889, -0.0930300041172319, 0.042374764276874734, 0.012744943831813118, -0.012342912152442303, 0.07093166270495269, -0.12861822098354236, 0.09680342509129235, -0.0329470822947922, -0.03308619788763288, 0.022045301696687624, 0.053232646432250764, -0.06907097159530734, 0.00047670737693477944, 0.06136196353140407, -0.0336127358159905, 0.020150968647839856, 0.019003384541841983, -0.06961099937870803, 0.03497326759214651, -0.0271727737734643, 0.070071498466921, -0.027564901911248975, -0.02372373843363744, 0.012223986273613385, -0.0006956452231343724], [0.4651031198556203, -0.006603438743195995, -0.047726522037909544, 125.10861739421594, 0.0, -125.06237863978797, -0.02241485521199116, 0.012098754379185665, 0.02192790063246025, -0.0051099651990936445, 0.04110018577335979, -0.07697931023579532, 0.08150178883907348, -0.06084341034122375, 0.032295609513104964, -0.005948624507521365, -0.0002948913662290411, -0.06311310016067873, 0.20751862972670257, -0.21125211378724482, 0.14848801508794537, -0.07100768196353476, 0.009826599866068781, 0.002080404562935334, -0.1554672337234112, 0.304455892895544, -0.20129835931358128, 0.08111691952646403, -0.0008731987176605193, -0.00597363344738058, -0.1435072588447334, 0.16505721768979223, -0.021401878770440756, -0.04710279024678433, 0.01871908505014564, -0.027726493628893904, -0.06208723829670715, 0.09235558131690419, -0.03053931597800184, 0.05772326715728401, -0.09865337623730738, 0.031395302666720665, 0.03157985358321363, -0.018493615482199174, 0.0024930791423213436], [0.17300901914753836, -0.016752388895572512, 0.026112043019343906, -0.06855484665346812, 125.11810517980483, -0.0037449365167146437, -125.10005354821595, 0.04376738391197743, -0.00048024143105171723, -0.0032047219472647907, 0.009996036680580082, -0.009504492003795276, 0.015927059235728847, -0.02060894067796789, 0.007332506828816505, 0.008888526298503879, -0.005666516418994505, -0.0035159702766005834, -0.008716631165775006, 0.0033068723472182105, 0.01097946234663293, 0.004315355993357048, -0.02749289676244267, 0.014224443987497556, 0.025913648924375032, -0.06093324828709095, 0.04802671009012785, -0.05881489960796695, 0.06822693509621369, -0.029426625755969844, 0.04045628593538555, -0.08012553953458224, 0.10536192522243769, -0.10944917475674014, 0.045618709292057795, 0.04116760537849387, -0.11217870550328812, 0.12001772370844849, -0.0506305421224788, 0.06331383307968624, -0.11267850678236734, 0.042003797713133915, 0.035883250500949995, -0.0198560129079529, 0.0018270094224926742], [-0.7106546148918769, -0.021239638906045515, 0.08998906096162504, -0.15187643157555963, 0.1155251542497358, 124.90963553243792, 0.17544848620437067, -125.16124154432433, 0.0380570933950069, 0.003921496134672067, -0.020264659885891816, 0.037375025034234795, -0.046146414536014195, 0.040986285397548734, -0.02406698944413282, -0.0018707220706182025, 0.005485228562650214, 0.021145736303041576, -0.0673263727685077, 0.07702938784007882, -0.05883236158296236, 0.023463814163792118, 0.019603343254949467, -0.015270995773600063, 0.04314984854836559, -0.0866141364023867, 0.05097509847860942, 0.008496118161675975, -0.06020781800611494, 0.030918794765869787, 0.03953631654830014, -0.026257461895056147, -0.06713685420927995, 0.12336406789854557, -0.05230469580578489, -0.020596114470940226, 0.14114308878816012, -0.17036455777545684, 0.06421837726578374, -0.09751498090284179, 0.16186962665980237, -0.053263035898029325, -0.04484782686953048, 0.021338840612195254, -0.0010963882999885286], [-0.35342576934863945, 0.029677733229069428, -0.05418828552907752, 0.0701765830213617, -0.09387001299699632, -0.0026598991932746323, 125.13332288012474, -0.09491457125341853, -124.99091899593648, 0.0009888713882906478, 0.0032153480343148507, -0.006445126139961499, -0.003001119310397527, 0.013223647478942115, -0.009793154807628296, -0.005737677353893238, 0.00624116551334124, -0.01832171397504579, 0.06909903532750417, -0.058897700062112555, 0.030170130570033583, -0.017620537564755803, 0.029332123387968586, -0.01784623510467147, -0.07123313937551955, 0.147737956310539, -0.1130489651523449, 0.0876194783762276, -0.08049772978134538, 0.03687129568488547, -0.08279584791506578, 0.14332732412874447, -0.13791258033388812, 0.1338781438142848, -0.05856388561225615, -0.0687141704566547, 0.1507387164174483, -0.15649314570953937, 0.07002980638077767, -0.07735337655510749, 0.13691700537347945, -0.05688008635910736, -0.04199463593867354, 0.02724623798555997, -0.0034347549479772357], [49.42890880507485, 29.169728713764645, -118.47571491675082, 247.84794791390533, -388.23273689024245, 500.71953454909544, -527.5624151156522, 587.9748360961196, -327.2328103908528, 0.058973744216400836, -0.2286133171138106, 0.4503433889765482, -0.5176321499932218, 0.46575625393784326, -0.29719155594154695, 0.21223244945307643, -0.18806259134083234, -0.21752285616747702, 0.717413769340069, -0.9148263489186231, 0.7302470561468093, -0.4705010861186532, 0.11354705229789913, 0.4124902211511936, -0.6985275062461873, 1.8961602269476823, -1.3050951826158836, 0.6612189207818803, 0.0, -0.8498754795605376, -1.5746406709338512, 2.5186409476719005, -1.6064820670403452, 0.4683616444299885, 1.0625922260184375, -0.8614059938830262, 1.0251820262424998, -0.049265333022812496, -1.385963360387138, -0.3723808983631969, 0.021573623134769293, 1.1877443905047564, 0.08022515672805951, -0.7890356583197634, 0.23330739729592867]]",(x0)' = -70.446 1 +  327.023 x0 + -588.368 x1 +  528.394 x2 + -501.439 x3 +  389.547 x4 + -248.792 x5 +  118.972 x6 + -29.492 x7 + -0.740 x0^2 +  3.677 x0 x1 + -5.092 x0 x2 +  5.605 x0 x3 + -4.928 x0 x4 +  3.519 x0 x5 + -1.866 x0 x6 +  0.629 x0 x7 + -3.950 x1^2 +  10.052 x1 x2 + -10.745 x1 x3 +  9.114 x1 x4 + -6.575 x1 x5 +  3.632 x1 x6 + -1.350 x1 x7 + -5.789 x2^2 +  11.768 x2 x3 + -9.639 x2 x4 +  6.990 x2 x5 + -4.084 x2 x6 +  1.720 x2 x7 + -5.335 x3^2 +  7.698 x3 x4 + -5.403 x3 x5 +  3.268 x3 x6 + -1.669 x3 x7 + -2.113 x4^2 +  2.555 x4 x5 + -1.724 x4 x6 +  1.253 x4 x7 + -0.474 x5^2 +  0.581 x5 x6 + -0.782 x5 x7 + -0.088 x6^2 +  0.396 x6 x7 + -0.099 x7^2 | (x1)' = -0.281 1 +  124.963 x0 +  0.200 x1 + -125.361 x2 +  0.353 x3 + -0.308 x4 +  0.266 x5 + -0.143 x6 +  0.032 x7 +  0.006 x0^2 + -0.044 x0 x1 +  0.076 x0 x2 + -0.086 x0 x3 +  0.074 x0 x4 + -0.047 x0 x5 +  0.018 x0 x6 + -0.003 x0 x7 +  0.065 x1^2 + -0.199 x1 x2 +  0.216 x1 x3 + -0.180 x1 x4 +  0.114 x1 x5 + -0.047 x1 x6 +  0.011 x1 x7 +  0.140 x2^2 + -0.288 x2 x3 +  0.230 x2 x4 + -0.139 x2 x5 +  0.059 x2 x6 + -0.016 x2 x7 +  0.141 x3^2 + -0.210 x3 x4 +  0.108 x3 x5 + -0.037 x3 x6 +  0.011 x3 x7 +  0.074 x4^2 + -0.064 x4 x5 +  0.014 x4 x6 + -0.007 x4 x7 +  0.011 x5^2 +  0.002 x5 x7 + -0.001 x6^2 + -0.002 x6 x7 +  0.001 x7^2 | (x2)' = -0.330 1 + -0.065 x0 +  125.166 x1 + -0.160 x2 + -124.858 x3 + -0.187 x4 +  0.161 x5 + -0.072 x6 +  0.021 x7 +  0.009 x0^2 + -0.039 x0 x1 +  0.048 x0 x2 + -0.051 x0 x3 +  0.045 x0 x4 + -0.020 x0 x5 + -0.005 x0 x6 +  0.005 x0 x7 +  0.045 x1^2 + -0.113 x1 x2 +  0.111 x1 x3 + -0.093 x1 x4 +  0.042 x1 x5 +  0.013 x1 x6 + -0.012 x1 x7 +  0.071 x2^2 + -0.129 x2 x3 +  0.097 x2 x4 + -0.033 x2 x5 + -0.033 x2 x6 +  0.022 x2 x7 +  0.053 x3^2 + -0.069 x3 x4 +  0.061 x3 x6 + -0.034 x3 x7 +  0.020 x4^2 +  0.019 x4 x5 + -0.070 x4 x6 +  0.035 x4 x7 + -0.027 x5^2 +  0.070 x5 x6 + -0.028 x5 x7 + -0.024 x6^2 +  0.012 x6 x7 + -0.001 x7^2 | (x3)' =  0.465 1 + -0.007 x0 + -0.048 x1 +  125.109 x2 + -125.062 x4 + -0.022 x5 +  0.012 x6 +  0.022 x7 + -0.005 x0^2 +  0.041 x0 x1 + -0.077 x0 x2 +  0.082 x0 x3 + -0.061 x0 x4 +  0.032 x0 x5 + -0.006 x0 x6 + -0.063 x1^2 +  0.208 x1 x2 + -0.211 x1 x3 +  0.148 x1 x4 + -0.071 x1 x5 +  0.010 x1 x6 +  0.002 x1 x7 + -0.155 x2^2 +  0.304 x2 x3 + -0.201 x2 x4 +  0.081 x2 x5 + -0.001 x2 x6 + -0.006 x2 x7 + -0.144 x3^2 +  0.165 x3 x4 + -0.021 x3 x5 + -0.047 x3 x6 +  0.019 x3 x7 + -0.028 x4^2 + -0.062 x4 x5 +  0.092 x4 x6 + -0.031 x4 x7 +  0.058 x5^2 + -0.099 x5 x6 +  0.031 x5 x7 +  0.032 x6^2 + -0.018 x6 x7 +  0.002 x7^2 | (x4)' =  0.173 1 + -0.017 x0 +  0.026 x1 + -0.069 x2 +  125.118 x3 + -0.004 x4 + -125.100 x5 +  0.044 x6 + -0.003 x0^2 +  0.010 x0 x1 + -0.010 x0 x2 +  0.016 x0 x3 + -0.021 x0 x4 +  0.007 x0 x5 +  0.009 x0 x6 + -0.006 x0 x7 + -0.004 x1^2 + -0.009 x1 x2 +  0.003 x1 x3 +  0.011 x1 x4 +  0.004 x1 x5 + -0.027 x1 x6 +  0.014 x1 x7 +  0.026 x2^2 + -0.061 x2 x3 +  0.048 x2 x4 + -0.059 x2 x5 +  0.068 x2 x6 + -0.029 x2 x7 +  0.040 x3^2 + -0.080 x3 x4 +  0.105 x3 x5 + -0.109 x3 x6 +  0.046 x3 x7 +  0.041 x4^2 + -0.112 x4 x5 +  0.120 x4 x6 + -0.051 x4 x7 +  0.063 x5^2 + -0.113 x5 x6 +  0.042 x5 x7 +  0.036 x6^2 + -0.020 x6 x7 +  0.002 x7^2 | (x5)' = -0.711 1 + -0.021 x0 +  0.090 x1 + -0.152 x2 +  0.116 x3 +  124.910 x4 +  0.175 x5 + -125.161 x6 +  0.038 x7 +  0.004 x0^2 + -0.020 x0 x1 +  0.037 x0 x2 + -0.046 x0 x3 +  0.041 x0 x4 + -0.024 x0 x5 + -0.002 x0 x6 +  0.005 x0 x7 +  0.021 x1^2 + -0.067 x1 x2 +  0.077 x1 x3 + -0.059 x1 x4 +  0.023 x1 x5 +  0.020 x1 x6 + -0.015 x1 x7 +  0.043 x2^2 + -0.087 x2 x3 +  0.051 x2 x4 +  0.008 x2 x5 + -0.060 x2 x6 +  0.031 x2 x7 +  0.040 x3^2 + -0.026 x3 x4 + -0.067 x3 x5 +  0.123 x3 x6 + -0.052 x3 x7 + -0.021 x4^2 +  0.141 x4 x5 + -0.170 x4 x6 +  0.064 x4 x7 + -0.098 x5^2 +  0.162 x5 x6 + -0.053 x5 x7 + -0.045 x6^2 +  0.021 x6 x7 + -0.001 x7^2 | (x6)' = -0.353 1 +  0.030 x0 + -0.054 x1 +  0.070 x2 + -0.094 x3 + -0.003 x4 +  125.133 x5 + -0.095 x6 + -124.991 x7 +  0.001 x0^2 +  0.003 x0 x1 + -0.006 x0 x2 + -0.003 x0 x3 +  0.013 x0 x4 + -0.010 x0 x5 + -0.006 x0 x6 +  0.006 x0 x7 + -0.018 x1^2 +  0.069 x1 x2 + -0.059 x1 x3 +  0.030 x1 x4 + -0.018 x1 x5 +  0.029 x1 x6 + -0.018 x1 x7 + -0.071 x2^2 +  0.148 x2 x3 + -0.113 x2 x4 +  0.088 x2 x5 + -0.080 x2 x6 +  0.037 x2 x7 + -0.083 x3^2 +  0.143 x3 x4 + -0.138 x3 x5 +  0.134 x3 x6 + -0.059 x3 x7 + -0.069 x4^2 +  0.151 x4 x5 + -0.156 x4 x6 +  0.070 x4 x7 + -0.077 x5^2 +  0.137 x5 x6 + -0.057 x5 x7 + -0.042 x6^2 +  0.027 x6 x7 + -0.003 x7^2 | (x7)' =  49.429 1 +  29.170 x0 + -118.476 x1 +  247.848 x2 + -388.233 x3 +  500.720 x4 + -527.562 x5 +  587.975 x6 + -327.233 x7 +  0.059 x0^2 + -0.229 x0 x1 +  0.450 x0 x2 + -0.518 x0 x3 +  0.466 x0 x4 + -0.297 x0 x5 +  0.212 x0 x6 + -0.188 x0 x7 + -0.218 x1^2 +  0.717 x1 x2 + -0.915 x1 x3 +  0.730 x1 x4 + -0.471 x1 x5 +  0.114 x1 x6 +  0.412 x1 x7 + -0.699 x2^2 +  1.896 x2 x3 + -1.305 x2 x4 +  0.661 x2 x5 + -0.850 x2 x7 + -1.575 x3^2 +  2.519 x3 x4 + -1.606 x3 x5 +  0.468 x3 x6 +  1.063 x3 x7 + -0.861 x4^2 +  1.025 x4 x5 + -0.049 x4 x6 + -1.386 x4 x7 + -0.372 x5^2 +  0.022 x5 x6 +  1.188 x5 x7 +  0.080 x6^2 + -0.789 x6 x7 +  0.233 x7^2
29,80.0,100.0,37.49490932254601,2,8,1,4.0,28.0,5,20.0,smoothed_finite_difference_savgol_order_3,success,,358,360,99.44444444444444,3.2425564099103212,"[""1"", ""x0"", ""x1"", ""x2"", ""x3"", ""x4"", ""x5"", ""x6"", ""x7"", ""x0^2"", ""x0 x1"", ""x0 x2"", ""x0 x3"", ""x0 x4"", ""x0 x5"", ""x0 x6"", ""x0 x7"", ""x1^2"", ""x1 x2"", ""x1 x3"", ""x1 x4"", ""x1 x5"", ""x1 x6"", ""x1 x7"", ""x2^2"", ""x2 x3"", ""x2 x4"", ""x2 x5"", ""x2 x6"", ""x2 x7"", ""x3^2"", ""x3 x4"", ""x3 x5"", ""x3 x6"", ""x3 x7"", ""x4^2"", ""x4 x5"", ""x4 x6"", ""x4 x7"", ""x5^2"", ""x5 x6"", ""x5 x7"", ""x6^2"", ""x6 x7"", ""x7^2""]","[[-28.590599020737702, 438.9647568788118, -936.7981853596474, 1075.101566914371, -1099.8060744117488, 877.6451048446587, -534.4405148915472, 226.4025696426935, -49.19106849397212, -1.4982480975884207, 9.911213485189995, -17.538784714454668, 21.711368826726638, -20.174671532899783, 14.021309230555284, -6.673872814061477, 1.7727874687658411, -15.62815877645696, 54.29663492764045, -66.92995787877001, 62.36454729004161, -43.85583692558206, 21.329234012638018, -5.8959040347234, -46.72506039976531, 115.19449180989393, -108.29526576305973, 77.27181142176882, -38.43209640363193, 10.97807609773582, -71.02927554886949, 134.3740264605143, -96.9584246954555, 49.077955548147024, -14.421522610157332, -63.88217689233366, 92.78074064146803, -47.583193827154545, 14.290417536512361, -33.74329710134088, 34.84589324650056, -10.619980455432435, -9.058147839278108, 5.564826731350593, -0.8358322364048861], [-1.0698427462303446, 124.81270495234996, 0.8109044425166427, -126.6342909095698, 2.2039963285105504, -2.3793891201050097, 2.0210475091756996, -1.136836591912468, 0.3043686181188415, 0.13076603430743858, -0.8781418678549053, 1.6398983672328422, -2.2000753236449624, 2.1104066065523592, -1.4466114886967687, 0.6891314094023921, -0.1714182206137958, 1.3689556911814564, -4.847149533448918, 6.3761238129338, -6.009389938541323, 4.041388257466553, -1.9352483317854334, 0.4960627450023761, 4.068652970646141, -10.384022223608014, 9.54206028680209, -6.227991678714302, 2.9510186391961737, -0.7748684092730578, 6.478568096897397, -11.744415575079934, 7.504595244851058, -3.4751718360990047, 0.9183677921667662, 5.337638328628737, -6.821600293635618, 3.1327202284834943, -0.8361342724789659, 2.1817132409877584, -1.992883991257486, 0.5374409960053741, 0.4497143016417066, -0.24352842555591825, 0.03338739367937634], [-3.8036109733860544, -0.2693935481832214, 125.97101902560142, -1.755338859405243, -122.64166648803, -2.4645531478244083, 1.8368056232732097, -0.8736652496390894, 0.21283742589197394, 0.2521442528787197, -1.7093277634203543, 2.9478403137147904, -3.3365601465537624, 2.6556994029708565, -1.3647027110292278, 0.26758378924757487, 0.051831956733989375, 2.9006999652697947, -10.055101381982205, 11.420630749551602, -9.109311306554563, 4.68951556722675, -0.896374534915537, -0.20278336721816745, 8.8609030827759, -20.59468549134995, 16.87107364033846, -8.991285153665718, 1.8971372766513588, 0.324708450972548, 12.392824457557532, -21.17193394926065, 11.842968266881504, -2.789318995514496, -0.3225168563247063, 9.489842625410875, -11.118909048813215, 2.8050734499603305, 0.25061371652840686, 3.3117101218320424, -1.5257863686085202, -0.26670029050998123, 0.0, 0.2920543341368404, -0.0695301538469903], [2.8207428203052722, 0.13906501646845026, -0.6520180585998816, 126.3434757583526, -1.7336508312694858, -123.13843883344686, -1.7048273380614598, 0.9880607078615093, -0.24217777949982724, -0.290261631484313, 2.052264187965988, -3.8172423492532377, 4.851499831424165, -4.3930603186479695, 2.8083758877952425, -1.1870359913471165, 0.25870259221311637, -3.524577267326575, 12.882860911364011, -16.28028141805718, 14.617690252175391, -9.173301800790009, 3.7914467627741204, -0.8135744194134957, -11.64211564535174, 29.372481853045016, -26.28726605140908, 16.27781523755099, -6.597735776094906, 1.3988180575920754, -18.61220600589494, 33.44501411198851, -20.58857535710243, 8.218194136695574, -1.722698744439142, -15.081768080417968, 18.430582709907934, -7.200006950125288, 1.4736341401661963, -5.4869897541791905, 4.063969961106224, -0.7753210246601195, -0.673157325797108, 0.2150216701550186, -0.011172668382510909], [3.38607531956634, -0.025440277544715905, 0.1151098367501814, -0.28922403085558707, 125.35205244332083, -0.03332732022464103, -125.29829138089215, 0.22674200465662742, -0.06050988018943681, -0.02480693229114312, 0.10695373028205973, -0.1775956577795714, 0.16532678502947865, 0.04286285842669732, -0.3543588533744166, 0.4787697142229802, -0.21808929187016596, -0.08298054132260854, 0.39785502939923195, -0.5406528183132633, 0.0, 1.0464290850575546, -1.5713254235694223, 0.7478700443854884, -0.7242213581047904, 2.735831191239648, -2.335283049174315, 0.0334118956105929, 1.9058312853494122, -1.1562195065195426, -2.9773354943908257, 6.549571916687591, -3.194437709748884, -0.781121269590889, 1.085054370411181, -4.183279166538475, 5.3164939102354944, -0.5816401486149644, -0.6914471108301808, -1.9275882307921597, 0.6655401716695126, 0.3875215269351343, 0.06362518668660996, -0.262548449597896, 0.05597666995000115], [-4.181084244255319, -0.11277789772079795, 0.4796405409760672, -0.9962138275284849, 1.3894063484152421, 123.37559338826055, 1.611283734334962, -126.02322559296506, 0.27780712864092827, 0.30188960774415097, -2.2028100452356867, 4.317477019293368, -5.851946257168046, 5.7573930476993, -3.9986346000695554, 1.74862804051967, -0.37200100339046216, 3.9630797423884645, -15.446702291017676, 20.974027696363688, -20.62416263520734, 14.191640225315815, -6.099793081825805, 1.2738622367854397, 15.03813838481647, -41.01504316007134, 40.42545183772961, -27.67399876145511, 11.759974584641757, -2.4266116267714266, 28.158107484747195, -55.77367876080278, 38.14511567784999, -16.133482467508674, 3.3132377323448603, 27.698684034955864, -37.79409750996419, 15.881822250157672, -3.2312304538806047, 12.773292103876573, -10.559052972619186, 2.095379966047677, 2.119647338665876, -0.8048677179683651, 0.07130137065190884], [-4.485226460884196, 0.27557058370143206, -1.0393107950150717, 1.986956542302333, -2.5060711852473894, 2.033634334508874, 124.04697032774457, 0.2559824124036071, -125.04665852289511, 0.1610434877176652, -1.2374258482241127, 2.7393755740667305, -4.1778247840911265, 4.4844455275651764, -3.2720042639954734, 1.4182705099993387, -0.2785368631169649, 2.3668310201315315, -10.439385791475411, 15.872796564072381, -16.960589704198085, 12.275454624305576, -5.256299013148025, 1.0169373772167463, 11.353029416448532, -34.09366604073073, 36.072317312396166, -25.83884847263198, 10.944010404691252, -2.092709924924982, 25.31405349535933, -53.17373678737156, 37.85208816182163, -15.950039066429184, 3.033965758935954, 27.82495123122689, -39.53193190080158, 16.636763704815426, -3.1565187939921295, 14.016251320211268, -11.746622262656825, 2.2063551730530255, 2.4210861968008843, -0.8747025302269384, 0.07086500261730487], [28.743682656917162, 48.59031053844745, -224.3307309743148, 530.4837870598775, -872.8690163218176, 1096.0203633254796, -1072.9272636978342, 936.2732920337526, -439.11551684815396, 0.3454818771209898, -1.9631051273747242, 3.325360462294099, -3.945993101513944, 3.5935105122136197, -2.673547228839272, 1.7340276749065515, -0.743529741832146, 2.053859822461067, -5.705312643607531, 5.8692358866948435, -5.296649075968695, 4.840409042915705, -4.373859835672093, 2.4249315333399797, 3.1496215534383083, -4.86915575021694, 4.495819878831522, -6.158437628951706, 7.597875195725969, -4.766193519115164, 0.42134628793731127, -0.17137643929119134, 4.345006871444425, -8.666654239384554, 6.276728847492318, -0.22460775791453155, -4.117864503829064, 8.744557644612318, -6.452200281281469, 3.144355336200335, -7.8995448567364335, 5.109578621332481, 3.0279909061383843, -3.033755536441156, 0.5566252028398582]]",(x0)' = -28.591 1 +  438.965 x0 + -936.798 x1 +  1075.102 x2 + -1099.806 x3 +  877.645 x4 + -534.441 x5 +  226.403 x6 + -49.191 x7 + -1.498 x0^2 +  9.911 x0 x1 + -17.539 x0 x2 +  21.711 x0 x3 + -20.175 x0 x4 +  14.021 x0 x5 + -6.674 x0 x6 +  1.773 x0 x7 + -15.628 x1^2 +  54.297 x1 x2 + -66.930 x1 x3 +  62.365 x1 x4 + -43.856 x1 x5 +  21.329 x1 x6 + -5.896 x1 x7 + -46.725 x2^2 +  115.194 x2 x3 + -108.295 x2 x4 +  77.272 x2 x5 + -38.432 x2 x6 +  10.978 x2 x7 + -71.029 x3^2 +  134.374 x3 x4 + -96.958 x3 x5 +  49.078 x3 x6 + -14.422 x3 x7 + -63.882 x4^2 +  92.781 x4 x5 + -47.583 x4 x6 +  14.290 x4 x7 + -33.743 x5^2 +  34.846 x5 x6 + -10.620 x5 x7 + -9.058 x6^2 +  5.565 x6 x7 + -0.836 x7^2 | (x1)' = -1.070 1 +  124.813 x0 +  0.811 x1 + -126.634 x2 +  2.204 x3 + -2.379 x4 +  2.021 x5 + -1.137 x6 +  0.304 x7 +  0.131 x0^2 + -0.878 x0 x1 +  1.640 x0 x2 + -2.200 x0 x3 +  2.110 x0 x4 + -1.447 x0 x5 +  0.689 x0 x6 + -0.171 x0 x7 +  1.369 x1^2 + -4.847 x1 x2 +  6.376 x1 x3 + -6.009 x1 x4 +  4.041 x1 x5 + -1.935 x1 x6 +  0.496 x1 x7 +  4.069 x2^2 + -10.384 x2 x3 +  9.542 x2 x4 + -6.228 x2 x5 +  2.951 x2 x6 + -0.775 x2 x7 +  6.479 x3^2 + -11.744 x3 x4 +  7.505 x3 x5 + -3.475 x3 x6 +  0.918 x3 x7 +  5.338 x4^2 + -6.822 x4 x5 +  3.133 x4 x6 + -0.836 x4 x7 +  2.182 x5^2 + -1.993 x5 x6 +  0.537 x5 x7 +  0.450 x6^2 + -0.244 x6 x7 +  0.033 x7^2 | (x2)' = -3.804 1 + -0.269 x0 +  125.971 x1 + -1.755 x2 + -122.642 x3 + -2.465 x4 +  1.837 x5 + -0.874 x6 +  0.213 x7 +  0.252 x0^2 + -1.709 x0 x1 +  2.948 x0 x2 + -3.337 x0 x3 +  2.656 x0 x4 + -1.365 x0 x5 +  0.268 x0 x6 +  0.052 x0 x7 +  2.901 x1^2 + -10.055 x1 x2 +  11.421 x1 x3 + -9.109 x1 x4 +  4.690 x1 x5 + -0.896 x1 x6 + -0.203 x1 x7 +  8.861 x2^2 + -20.595 x2 x3 +  16.871 x2 x4 + -8.991 x2 x5 +  1.897 x2 x6 +  0.325 x2 x7 +  12.393 x3^2 + -21.172 x3 x4 +  11.843 x3 x5 + -2.789 x3 x6 + -0.323 x3 x7 +  9.490 x4^2 + -11.119 x4 x5 +  2.805 x4 x6 +  0.251 x4 x7 +  3.312 x5^2 + -1.526 x5 x6 + -0.267 x5 x7 +  0.292 x6 x7 + -0.070 x7^2 | (x3)' =  2.821 1 +  0.139 x0 + -0.652 x1 +  126.343 x2 + -1.734 x3 + -123.138 x4 + -1.705 x5 +  0.988 x6 + -0.242 x7 + -0.290 x0^2 +  2.052 x0 x1 + -3.817 x0 x2 +  4.851 x0 x3 + -4.393 x0 x4 +  2.808 x0 x5 + -1.187 x0 x6 +  0.259 x0 x7 + -3.525 x1^2 +  12.883 x1 x2 + -16.280 x1 x3 +  14.618 x1 x4 + -9.173 x1 x5 +  3.791 x1 x6 + -0.814 x1 x7 + -11.642 x2^2 +  29.372 x2 x3 + -26.287 x2 x4 +  16.278 x2 x5 + -6.598 x2 x6 +  1.399 x2 x7 + -18.612 x3^2 +  33.445 x3 x4 + -20.589 x3 x5 +  8.218 x3 x6 + -1.723 x3 x7 + -15.082 x4^2 +  18.431 x4 x5 + -7.200 x4 x6 +  1.474 x4 x7 + -5.487 x5^2 +  4.064 x5 x6 + -0.775 x5 x7 + -0.673 x6^2 +  0.215 x6 x7 + -0.011 x7^2 | (x4)' =  3.386 1 + -0.025 x0 +  0.115 x1 + -0.289 x2 +  125.352 x3 + -0.033 x4 + -125.298 x5 +  0.227 x6 + -0.061 x7 + -0.025 x0^2 +  0.107 x0 x1 + -0.178 x0 x2 +  0.165 x0 x3 +  0.043 x0 x4 + -0.354 x0 x5 +  0.479 x0 x6 + -0.218 x0 x7 + -0.083 x1^2 +  0.398 x1 x2 + -0.541 x1 x3 +  1.046 x1 x5 + -1.571 x1 x6 +  0.748 x1 x7 + -0.724 x2^2 +  2.736 x2 x3 + -2.335 x2 x4 +  0.033 x2 x5 +  1.906 x2 x6 + -1.156 x2 x7 + -2.977 x3^2 +  6.550 x3 x4 + -3.194 x3 x5 + -0.781 x3 x6 +  1.085 x3 x7 + -4.183 x4^2 +  5.316 x4 x5 + -0.582 x4 x6 + -0.691 x4 x7 + -1.928 x5^2 +  0.666 x5 x6 +  0.388 x5 x7 +  0.064 x6^2 + -0.263 x6 x7 +  0.056 x7^2 | (x5)' = -4.181 1 + -0.113 x0 +  0.480 x1 + -0.996 x2 +  1.389 x3 +  123.376 x4 +  1.611 x5 + -126.023 x6 +  0.278 x7 +  0.302 x0^2 + -2.203 x0 x1 +  4.317 x0 x2 + -5.852 x0 x3 +  5.757 x0 x4 + -3.999 x0 x5 +  1.749 x0 x6 + -0.372 x0 x7 +  3.963 x1^2 + -15.447 x1 x2 +  20.974 x1 x3 + -20.624 x1 x4 +  14.192 x1 x5 + -6.100 x1 x6 +  1.274 x1 x7 +  15.038 x2^2 + -41.015 x2 x3 +  40.425 x2 x4 + -27.674 x2 x5 +  11.760 x2 x6 + -2.427 x2 x7 +  28.158 x3^2 + -55.774 x3 x4 +  38.145 x3 x5 + -16.133 x3 x6 +  3.313 x3 x7 +  27.699 x4^2 + -37.794 x4 x5 +  15.882 x4 x6 + -3.231 x4 x7 +  12.773 x5^2 + -10.559 x5 x6 +  2.095 x5 x7 +  2.120 x6^2 + -0.805 x6 x7 +  0.071 x7^2 | (x6)' = -4.485 1 +  0.276 x0 + -1.039 x1 +  1.987 x2 + -2.506 x3 +  2.034 x4 +  124.047 x5 +  0.256 x6 + -125.047 x7 +  0.161 x0^2 + -1.237 x0 x1 +  2.739 x0 x2 + -4.178 x0 x3 +  4.484 x0 x4 + -3.272 x0 x5 +  1.418 x0 x6 + -0.279 x0 x7 +  2.367 x1^2 + -10.439 x1 x2 +  15.873 x1 x3 + -16.961 x1 x4 +  12.275 x1 x5 + -5.256 x1 x6 +  1.017 x1 x7 +  11.353 x2^2 + -34.094 x2 x3 +  36.072 x2 x4 + -25.839 x2 x5 +  10.944 x2 x6 + -2.093 x2 x7 +  25.314 x3^2 + -53.174 x3 x4 +  37.852 x3 x5 + -15.950 x3 x6 +  3.034 x3 x7 +  27.825 x4^2 + -39.532 x4 x5 +  16.637 x4 x6 + -3.157 x4 x7 +  14.016 x5^2 + -11.747 x5 x6 +  2.206 x5 x7 +  2.421 x6^2 + -0.875 x6 x7 +  0.071 x7^2 | (x7)' =  28.744 1 +  48.590 x0 + -224.331 x1 +  530.484 x2 + -872.869 x3 +  1096.020 x4 + -1072.927 x5 +  936.273 x6 + -439.116 x7 +  0.345 x0^2 + -1.963 x0 x1 +  3.325 x0 x2 + -3.946 x0 x3 +  3.594 x0 x4 + -2.674 x0 x5 +  1.734 x0 x6 + -0.744 x0 x7 +  2.054 x1^2 + -5.705 x1 x2 +  5.869 x1 x3 + -5.297 x1 x4 +  4.840 x1 x5 + -4.374 x1 x6 +  2.425 x1 x7 +  3.150 x2^2 + -4.869 x2 x3 +  4.496 x2 x4 + -6.158 x2 x5 +  7.598 x2 x6 + -4.766 x2 x7 +  0.421 x3^2 + -0.171 x3 x4 +  4.345 x3 x5 + -8.667 x3 x6 +  6.277 x3 x7 + -0.225 x4^2 + -4.118 x4 x5 +  8.745 x4 x6 + -6.452 x4 x7 +  3.144 x5^2 + -7.900 x5 x6 +  5.110 x5 x7 +  3.028 x6^2 + -3.034 x6 x7 +  0.557 x7^2
30,80.0,100.0,37.49490932254601,2,8,1,4.0,28.0,9,36.0,smoothed_finite_difference_savgol_order_3,success,,359,360,99.72222222222223,3.276664223521948,"[""1"", ""x0"", ""x1"", ""x2"", ""x3"", ""x4"", ""x5"", ""x6"", ""x7"", ""x0^2"", ""x0 x1"", ""x0 x2"", ""x0 x3"", ""x0 x4"", ""x0 x5"", ""x0 x6"", ""x0 x7"", ""x1^2"", ""x1 x2"", ""x1 x3"", ""x1 x4"", ""x1 x5"", ""x1 x6"", ""x1 x7"", ""x2^2"", ""x2 x3"", ""x2 x4"", ""x2 x5"", ""x2 x6"", ""x2 x7"", ""x3^2"", ""x3 x4"", ""x3 x5"", ""x3 x6"", ""x3 x7"", ""x4^2"", ""x4 x5"", ""x4 x6"", ""x4 x7"", ""x5^2"", ""x5 x6"", ""x5 x7"", ""x6^2"", ""x6 x7"", ""x7^2""]","[[-17.574410117982985, 442.39327494255735, -878.6365772444987, 873.736018507764, -789.0856547381871, 544.6857362352068, -253.57454443849127, 64.11514141161143, -4.604732462496394, -2.005411751321441, 13.964662909387807, -22.71267370558434, 24.143854150556155, -21.933169215232514, 18.67145504278656, -11.123002002108224, 3.0642992676832828, -22.699803316424187, 65.61375256094861, -59.270219000476644, 49.32407983321103, -45.223709272267364, 29.18759530242742, -8.371553012200826, -37.18581354248706, 41.39199328487398, -23.520188524892514, 31.98565261939617, -26.447463821543177, 8.333151382717014, 8.749368636133852, -40.52515698146449, 18.12101237273005, -0.010778940737307108, -1.6711108204300849, 36.96214900769121, -57.30083090278476, 25.748362233031212, -5.440210330903727, 28.39828139910458, -30.886619545726298, 7.68229895140488, 9.389172021301086, -5.1973554249003495, 0.796637331965921], [-1.0300980998745817, 127.00385571440768, -9.102585882306304, -107.6240611515478, -18.67073996791158, 14.559051244240923, -10.856106172754409, 6.437158804221533, -1.7402360735741256, -1.927524635210711, 13.844661182032834, -22.480638128948716, 21.992803735715107, -15.559044664856785, 9.62920386561962, -4.906748644811053, 1.3056926033249823, -22.37318232673819, 64.42795374164788, -55.12260972928995, 33.48459277793006, -18.059540820375837, 8.599017366083268, -2.2315165502194234, -39.03678316450516, 51.7655040124459, -19.498563578914556, 3.182054644081193, 0.3994156596868375, -0.16066787704730448, -8.15356380331929, -15.075948039094007, 26.425389557973944, -17.83257762143786, 4.682873472060897, 21.754513141755908, -51.36892575786259, 32.4593312150971, -8.455561013978473, 28.105557617744626, -34.758974781841985, 9.213308396351504, 10.87259351424856, -6.028490084760578, 0.8868157817985693], [-1.0525813610222303, 0.8199233984285285, 122.08432205259369, 4.105433948567263, -128.0828496960979, 1.85749728789107, -1.519166631956003, 0.9071539539294611, -0.1552137049217536, -0.22992154692170758, 1.073837316695446, -1.7607497883142957, 3.326303257116745, -4.339413625932968, 3.4630378943339264, -1.8602338303673507, 0.572743961713197, -0.2827806476652927, -0.3173947200809157, -4.179353992223139, 8.134097900487443, -6.18294869906304, 3.1167738288805, -1.0923226644461055, 1.5834877206109903, 4.246441095122598, -9.668116952734207, 5.373406553446912, -2.1306366014842073, 1.0613139763789818, -7.031403246020434, 17.431589497516732, -7.821329058612652, 2.128795541964023, -1.0045063345972538, -9.191582307130307, 6.813884846677752, 0.0, -0.12160283615824678, 1.1595743460376018, -6.38885057434282, 2.6498086796889875, 4.170410753617953, -3.4080253510018372, 0.7058561703719743], [-1.665415500026426, -1.0680728702824847, 5.211094737205994, 114.40163261835706, 12.211222441757227, -136.0347892753721, 10.091513361255085, -6.96347800284272, 2.1681682174430326, 0.4115089464789485, -3.712374304391648, 7.012781374142165, -7.048484517827806, 5.2108520833075245, -4.78686173043959, 3.719284846419537, -1.206390357211257, 6.686104590222864, -20.370599289631, 16.038580320005064, -9.781227924347672, 10.948501217662834, -9.987274220382586, 3.417185035038568, 11.296026790100653, -9.168559555686636, 1.5118155748952096, -7.876654886521312, 10.232288738711658, -3.7698179092671547, -4.003874652318352, 12.551098003673731, -3.8582798250601416, -1.9028346344460003, 1.2207333333300507, -8.824487340491933, 13.02107350010718, -5.658953738488112, 0.9103456719873474, -5.734978448925114, 3.7925060240687087, 0.16337839932063522, 0.7682088290297562, -1.6971721036894694, 0.4764308889993666], [1.5438604374733476, -1.5991241326553134, 6.831656457900914, -13.1730959170204, 140.91840003837376, -15.786976090137019, -110.49684561410842, -9.468730665124482, 2.7708014805799124, -0.04181120429824803, 0.46748158364591647, 0.03951073156987539, -2.5593312762390537, 6.004558661028235, -8.318309937201501, 6.664304130201169, -2.223963514339744, -2.6414728105707304, 11.364152031331493, -8.828506448109541, -3.397980670580848, 16.79289062800368, -17.628573515188823, 6.497376731247432, -16.432694285109484, 37.734788753378034, -15.68146899330066, -14.337164108758508, 23.342766562535747, -9.510864776240627, -23.018558196978663, 18.719670292418762, 15.333514050427423, -24.43720460068011, 9.946204677101276, 1.8996158415817155, -24.12406678223002, 23.474033007907178, -8.612801130676212, 13.715089025076356, -19.443409379153326, 6.405296409136912, 5.914886850904711, -3.58276746019186, 0.5046243989873784], [4.011386358427731, -0.2885090011921081, 0.7344973466691784, -1.6049815252150597, 3.01757750986449, 121.89386357973841, 1.8543633919463933, -125.93124261804806, 0.3031702874090221, -0.3881265411352206, 3.5836262071858638, -5.8702224524988305, 3.540334745831811, 0.40851964807207675, -1.2249298881136754, 0.2761725176619299, 0.051585418734920806, -7.75945458888889, 25.591886070058514, -18.52168917160872, 4.421619746966203, 0.23019244826333282, 0.8446563157431064, -0.596562976680955, -21.765135919928326, 33.91145820601564, -9.748980647390404, -1.086767319209633, 0.2195578895694228, 0.4746750936735369, -11.676464183546592, -3.4830003200049804, 14.534594755988437, -8.02248352984918, 1.377773492741124, 12.730739365515998, -28.45268674209562, 14.346548224903753, -2.8316347248482314, 12.569459395814995, -11.505235087435329, 2.1802760916276673, 2.3585084631736466, -0.7423597856601285, 0.023580126239144083], [3.0113723991914703, 1.7765611535360435, -7.687142109348702, 14.593823655968574, -17.9669275954167, 19.266913497823435, 107.18147194762156, 10.51671988457118, -127.69254632783188, -0.9585154599003717, 6.7763655581845565, -10.437330027781558, 9.605192097986636, -8.782120216707508, 10.631609626287828, -8.988514866436526, 3.089843459923387, -10.07801491332008, 23.90154031658259, -13.27503880585351, 9.895836228564775, -22.468020581662035, 24.93381034372793, -9.485748143802013, -6.24806122978553, -17.412467785284566, 21.087003979038776, 12.695421731406784, -31.90749650041952, 14.334566700928724, 28.709656881868217, -51.88284372810914, -0.6834661750690804, 32.905541334653094, -16.461212949859327, 17.190424886203015, 17.26085412258395, -39.33447455549763, 17.226082792965066, -22.24996611193101, 41.97375459959246, -14.748057593400057, -13.989172212604087, 8.249298926265286, -1.0761254472038386], [10.645072383691646, 5.12208167427096, -67.18110987108847, 261.2547471009636, -555.3762620200712, 800.0274856696012, -884.2564676475279, 886.3694524818212, -444.9826254833435, -2.0242114242770515, 11.535499985717964, -15.144505307880543, 14.08408203635216, -12.508557521879371, 11.349436073149112, -7.320878573729898, 2.0607932529776742, -14.718914377446191, 32.15235995651599, -23.671401290492526, 19.938677492615952, -23.191663836741256, 17.883136913158552, -5.229603390716189, -9.13958303448939, -8.260890504399338, 11.738275054680084, 9.713874309968011, -17.65888882607, 5.826716386370554, 24.3209249268495, -45.23631113563385, 3.9673850221310927, 15.843592352348496, -5.600040813470358, 15.538865494124524, 11.556701851670741, -22.572180501224537, 6.293010908203445, -17.421417244229854, 27.273268636477415, -6.015280427955442, -8.122923168946329, 2.8944932078500782, -0.13613782978587163]]",(x0)' = -17.574 1 +  442.393 x0 + -878.637 x1 +  873.736 x2 + -789.086 x3 +  544.686 x4 + -253.575 x5 +  64.115 x6 + -4.605 x7 + -2.005 x0^2 +  13.965 x0 x1 + -22.713 x0 x2 +  24.144 x0 x3 + -21.933 x0 x4 +  18.671 x0 x5 + -11.123 x0 x6 +  3.064 x0 x7 + -22.700 x1^2 +  65.614 x1 x2 + -59.270 x1 x3 +  49.324 x1 x4 + -45.224 x1 x5 +  29.188 x1 x6 + -8.372 x1 x7 + -37.186 x2^2 +  41.392 x2 x3 + -23.520 x2 x4 +  31.986 x2 x5 + -26.447 x2 x6 +  8.333 x2 x7 +  8.749 x3^2 + -40.525 x3 x4 +  18.121 x3 x5 + -0.011 x3 x6 + -1.671 x3 x7 +  36.962 x4^2 + -57.301 x4 x5 +  25.748 x4 x6 + -5.440 x4 x7 +  28.398 x5^2 + -30.887 x5 x6 +  7.682 x5 x7 +  9.389 x6^2 + -5.197 x6 x7 +  0.797 x7^2 | (x1)' = -1.030 1 +  127.004 x0 + -9.103 x1 + -107.624 x2 + -18.671 x3 +  14.559 x4 + -10.856 x5 +  6.437 x6 + -1.740 x7 + -1.928 x0^2 +  13.845 x0 x1 + -22.481 x0 x2 +  21.993 x0 x3 + -15.559 x0 x4 +  9.629 x0 x5 + -4.907 x0 x6 +  1.306 x0 x7 + -22.373 x1^2 +  64.428 x1 x2 + -55.123 x1 x3 +  33.485 x1 x4 + -18.060 x1 x5 +  8.599 x1 x6 + -2.232 x1 x7 + -39.037 x2^2 +  51.766 x2 x3 + -19.499 x2 x4 +  3.182 x2 x5 +  0.399 x2 x6 + -0.161 x2 x7 + -8.154 x3^2 + -15.076 x3 x4 +  26.425 x3 x5 + -17.833 x3 x6 +  4.683 x3 x7 +  21.755 x4^2 + -51.369 x4 x5 +  32.459 x4 x6 + -8.456 x4 x7 +  28.106 x5^2 + -34.759 x5 x6 +  9.213 x5 x7 +  10.873 x6^2 + -6.028 x6 x7 +  0.887 x7^2 | (x2)' = -1.053 1 +  0.820 x0 +  122.084 x1 +  4.105 x2 + -128.083 x3 +  1.857 x4 + -1.519 x5 +  0.907 x6 + -0.155 x7 + -0.230 x0^2 +  1.074 x0 x1 + -1.761 x0 x2 +  3.326 x0 x3 + -4.339 x0 x4 +  3.463 x0 x5 + -1.860 x0 x6 +  0.573 x0 x7 + -0.283 x1^2 + -0.317 x1 x2 + -4.179 x1 x3 +  8.134 x1 x4 + -6.183 x1 x5 +  3.117 x1 x6 + -1.092 x1 x7 +  1.583 x2^2 +  4.246 x2 x3 + -9.668 x2 x4 +  5.373 x2 x5 + -2.131 x2 x6 +  1.061 x2 x7 + -7.031 x3^2 +  17.432 x3 x4 + -7.821 x3 x5 +  2.129 x3 x6 + -1.005 x3 x7 + -9.192 x4^2 +  6.814 x4 x5 + -0.122 x4 x7 +  1.160 x5^2 + -6.389 x5 x6 +  2.650 x5 x7 +  4.170 x6^2 + -3.408 x6 x7 +  0.706 x7^2 | (x3)' = -1.665 1 + -1.068 x0 +  5.211 x1 +  114.402 x2 +  12.211 x3 + -136.035 x4 +  10.092 x5 + -6.963 x6 +  2.168 x7 +  0.412 x0^2 + -3.712 x0 x1 +  7.013 x0 x2 + -7.048 x0 x3 +  5.211 x0 x4 + -4.787 x0 x5 +  3.719 x0 x6 + -1.206 x0 x7 +  6.686 x1^2 + -20.371 x1 x2 +  16.039 x1 x3 + -9.781 x1 x4 +  10.949 x1 x5 + -9.987 x1 x6 +  3.417 x1 x7 +  11.296 x2^2 + -9.169 x2 x3 +  1.512 x2 x4 + -7.877 x2 x5 +  10.232 x2 x6 + -3.770 x2 x7 + -4.004 x3^2 +  12.551 x3 x4 + -3.858 x3 x5 + -1.903 x3 x6 +  1.221 x3 x7 + -8.824 x4^2 +  13.021 x4 x5 + -5.659 x4 x6 +  0.910 x4 x7 + -5.735 x5^2 +  3.793 x5 x6 +  0.163 x5 x7 +  0.768 x6^2 + -1.697 x6 x7 +  0.476 x7^2 | (x4)' =  1.544 1 + -1.599 x0 +  6.832 x1 + -13.173 x2 +  140.918 x3 + -15.787 x4 + -110.497 x5 + -9.469 x6 +  2.771 x7 + -0.042 x0^2 +  0.467 x0 x1 +  0.040 x0 x2 + -2.559 x0 x3 +  6.005 x0 x4 + -8.318 x0 x5 +  6.664 x0 x6 + -2.224 x0 x7 + -2.641 x1^2 +  11.364 x1 x2 + -8.829 x1 x3 + -3.398 x1 x4 +  16.793 x1 x5 + -17.629 x1 x6 +  6.497 x1 x7 + -16.433 x2^2 +  37.735 x2 x3 + -15.681 x2 x4 + -14.337 x2 x5 +  23.343 x2 x6 + -9.511 x2 x7 + -23.019 x3^2 +  18.720 x3 x4 +  15.334 x3 x5 + -24.437 x3 x6 +  9.946 x3 x7 +  1.900 x4^2 + -24.124 x4 x5 +  23.474 x4 x6 + -8.613 x4 x7 +  13.715 x5^2 + -19.443 x5 x6 +  6.405 x5 x7 +  5.915 x6^2 + -3.583 x6 x7 +  0.505 x7^2 | (x5)' =  4.011 1 + -0.289 x0 +  0.734 x1 + -1.605 x2 +  3.018 x3 +  121.894 x4 +  1.854 x5 + -125.931 x6 +  0.303 x7 + -0.388 x0^2 +  3.584 x0 x1 + -5.870 x0 x2 +  3.540 x0 x3 +  0.409 x0 x4 + -1.225 x0 x5 +  0.276 x0 x6 +  0.052 x0 x7 + -7.759 x1^2 +  25.592 x1 x2 + -18.522 x1 x3 +  4.422 x1 x4 +  0.230 x1 x5 +  0.845 x1 x6 + -0.597 x1 x7 + -21.765 x2^2 +  33.911 x2 x3 + -9.749 x2 x4 + -1.087 x2 x5 +  0.220 x2 x6 +  0.475 x2 x7 + -11.676 x3^2 + -3.483 x3 x4 +  14.535 x3 x5 + -8.022 x3 x6 +  1.378 x3 x7 +  12.731 x4^2 + -28.453 x4 x5 +  14.347 x4 x6 + -2.832 x4 x7 +  12.569 x5^2 + -11.505 x5 x6 +  2.180 x5 x7 +  2.359 x6^2 + -0.742 x6 x7 +  0.024 x7^2 | (x6)' =  3.011 1 +  1.777 x0 + -7.687 x1 +  14.594 x2 + -17.967 x3 +  19.267 x4 +  107.181 x5 +  10.517 x6 + -127.693 x7 + -0.959 x0^2 +  6.776 x0 x1 + -10.437 x0 x2 +  9.605 x0 x3 + -8.782 x0 x4 +  10.632 x0 x5 + -8.989 x0 x6 +  3.090 x0 x7 + -10.078 x1^2 +  23.902 x1 x2 + -13.275 x1 x3 +  9.896 x1 x4 + -22.468 x1 x5 +  24.934 x1 x6 + -9.486 x1 x7 + -6.248 x2^2 + -17.412 x2 x3 +  21.087 x2 x4 +  12.695 x2 x5 + -31.907 x2 x6 +  14.335 x2 x7 +  28.710 x3^2 + -51.883 x3 x4 + -0.683 x3 x5 +  32.906 x3 x6 + -16.461 x3 x7 +  17.190 x4^2 +  17.261 x4 x5 + -39.334 x4 x6 +  17.226 x4 x7 + -22.250 x5^2 +  41.974 x5 x6 + -14.748 x5 x7 + -13.989 x6^2 +  8.249 x6 x7 + -1.076 x7^2 | (x7)' =  10.645 1 +  5.122 x0 + -67.181 x1 +  261.255 x2 + -555.376 x3 +  800.027 x4 + -884.256 x5 +  886.369 x6 + -444.983 x7 + -2.024 x0^2 +  11.535 x0 x1 + -15.145 x0 x2 +  14.084 x0 x3 + -12.509 x0 x4 +  11.349 x0 x5 + -7.321 x0 x6 +  2.061 x0 x7 + -14.719 x1^2 +  32.152 x1 x2 + -23.671 x1 x3 +  19.939 x1 x4 + -23.192 x1 x5 +  17.883 x1 x6 + -5.230 x1 x7 + -9.140 x2^2 + -8.261 x2 x3 +  11.738 x2 x4 +  9.714 x2 x5 + -17.659 x2 x6 +  5.827 x2 x7 +  24.321 x3^2 + -45.236 x3 x4 +  3.967 x3 x5 +  15.844 x3 x6 + -5.600 x3 x7 +  15.539 x4^2 +  11.557 x4 x5 + -22.572 x4 x6 +  6.293 x4 x7 + -17.421 x5^2 +  27.273 x5 x6 + -6.015 x5 x7 + -8.123 x6^2 +  2.894 x6 x7 + -0.136 x7^2
31,80.0,100.0,37.49490932254601,2,8,2,8.0,56.0,0,0.0,finite_difference,success,,357,360,99.16666666666667,3.187242740765214,"[""1"", ""x0"", ""x1"", ""x2"", ""x3"", ""x4"", ""x5"", ""x6"", ""x7"", ""x0^2"", ""x0 x1"", ""x0 x2"", ""x0 x3"", ""x0 x4"", ""x0 x5"", ""x0 x6"", ""x0 x7"", ""x1^2"", ""x1 x2"", ""x1 x3"", ""x1 x4"", ""x1 x5"", ""x1 x6"", ""x1 x7"", ""x2^2"", ""x2 x3"", ""x2 x4"", ""x2 x5"", ""x2 x6"", ""x2 x7"", ""x3^2"", ""x3 x4"", ""x3 x5"", ""x3 x6"", ""x3 x7"", ""x4^2"", ""x4 x5"", ""x4 x6"", ""x4 x7"", ""x5^2"", ""x5 x6"", ""x5 x7"", ""x6^2"", ""x6 x7"", ""x7^2""]","[[-129.04553095142919, 84.32240369543102, -110.7078914734902, 14.280139602727067, -0.4843831724847455, 0.3485694881397231, 1.025128036804106, -1.8775481632086946, 6.221933039607286, -0.07212780469032375, 0.3364763281505605, -0.17877560675976384, 0.04179317654267957, 0.059501036377434216, -0.02655903841125664, 0.020792592100311393, -0.019174324406529376, 0.002519935071255188, -0.26979254431430183, 0.001422968585828867, -0.036112228734953566, 0.007276746651276485, 0.004684112390536891, -0.06026172212028576, 0.2726932698596721, -0.17830459260381498, 0.0076029454275108625, -0.01505135523698928, 0.0, 0.03443009048461175, 0.10318241363902264, -0.09219217314517034, 0.06370859616717048, -0.019400784451202933, -0.001930692427547146, 0.048487833601624716, -0.017852959929211494, -0.006959777938195692, 0.010965252367835217, -0.008938669135979202, 0.007415405624814524, -0.02130841594452502, -0.018164500315769928, 0.028585397306222202, 0.010485042182028063], [20.681482068450418, 73.67393549217995, 4.192075067445927, -91.07549575455863, 19.54854652911225, -3.760722062667027, -0.724375054445778, 1.2616969300124572, -1.654239390411762, 0.07823238922835808, -0.2741523735131371, 0.1188550508226822, 0.0016854987257808036, -0.032595625282714216, -0.003464084272288594, 0.003827504166408883, 0.0031911650737578186, 0.07195783294858067, 0.1524438330186051, -0.07541458149971256, 0.013333815194298137, 0.0330790193310798, -0.010374674988799014, 0.018649434724784166, -0.12480446929954968, 0.0011271884827544576, 0.03984890314725332, -0.00753923348640434, -0.020460439892442825, -0.008512820349032266, 0.016483645367022785, 0.032985083589552135, -0.03673944537064979, 0.016059614727977227, 0.009333865044264346, -0.027576518933712452, 0.004779369491994707, 0.01013279281955318, -0.013804426459492996, 0.0037874690282636335, -0.003084003928067642, 0.013483792647802076, 0.007553898174274667, -0.018757429309519687, 0.002158564432650341], [-3.2910234142778205, -16.14680961040095, 91.06785229509066, -0.07125027769027764, -92.10968818384137, 20.195884164374355, -3.4918165991465413, -0.7152088150904858, 0.909283453076967, -0.047556902918533164, 0.18340239463648536, -0.09062980028049795, -0.011368231421214197, 0.033066002633735415, 0.003805480187398239, -0.005535095363463798, -0.004044631983249666, -0.04920391601542193, -0.14608410999600965, 0.10633347506079541, -0.018742233340132267, -0.03389105848676179, 5.319080350055703e-05, 0.0013779922342460017, 0.0829739261749604, 0.08690813762202619, -0.0766657774001604, 0.011521487064111754, 0.03436698315407564, 0.001170117219794883, -0.06673249495153469, -0.044751030776803126, 0.049718927867564974, -0.013465182965090628, -0.022561702083624808, 0.04625149649044463, 0.007052756609425774, -0.02501261217155496, 0.02209411937816902, -0.015361933649472085, 0.0021872306076115614, -0.006212537017074193, -0.0007741699164738512, 0.011209345837168636, -0.003748257087392929], [-1.0772821872393745, 3.706940784880841, -20.04559545097758, 92.00488836738677, 0.1008793528781779, -92.18763600634392, 20.084030843611366, -3.6251367045185634, -0.041520858425756216, 0.017405671845965035, -0.0903393527877349, 0.05917957914826716, 0.018660463426630167, -0.048242733004378376, 0.015079460903308037, -0.002782311125657127, 0.006830449945043036, 0.026147435532156225, 0.100525476172134, -0.10458769519765886, 0.035367457578051466, 0.020459666982698674, 0.006018699036992442, -0.011767584406100711, -0.03775939416134444, -0.12858151981071847, 0.09640358917479247, -0.018350720071543425, -0.03202463803426812, 0.00039308024587556223, 0.07164845669656668, 0.09373173178816532, -0.07665024942368201, 0.010180948929276784, 0.034598462045038816, -0.07311072119809704, -0.03654903352623336, 0.05075355266454901, -0.033449304714333584, 0.04164762376265664, 0.004667774103616547, -0.00289941236940754, -0.014915175491321934, -0.0022862801126433494, 0.004628783593666582], [1.6971296567806744, 0.0024410157593903977, 3.678923208659642, -20.006755540391357, 92.04763712376653, 0.08039344449091004, -92.16793127159163, 20.07103419157178, -3.6974952551451725, -0.003464742538258772, 0.03479441321996676, -0.03208617443060078, -0.02229209228684731, 0.05978437578344136, -0.03839564048672507, 0.01656468034353926, -0.010409886898234973, -0.015346180329289827, -0.047279247802896565, 0.08237379188981547, -0.04227642215282521, -0.012625110077675424, -0.0027494621620306344, 0.014120469604053488, 0.014031539266382235, 0.09798883403009961, -0.09020706550144389, 0.029889563341878343, 0.022685293827028403, -0.0052951129493630684, -0.04129674651515818, -0.12203376013599475, 0.09302220202883967, -0.015522120037924645, -0.03209738980351599, 0.07042007090133152, 0.09178472035984657, -0.08439050902308474, 0.04149922578355681, -0.0710262125161678, -0.03139810048745709, 0.02029227928754874, 0.04512343073853756, -0.0028762402195773545, -0.011545104205885596], [1.137111340060235, -0.8414102523409793, 0.5919194557141141, 3.4578568985385334, -20.123566375769137, 92.08539866094873, 0.0, -90.9170035410258, 16.084342894051275, -8.81045395702909e-05, -0.009361782802619335, 0.013084366092656362, 0.01936364109509506, -0.0556398158573423, 0.0502256285512393, -0.02536154796099758, 0.011645924111849398, 0.0030851538308411764, 0.024848356629007515, -0.05394885678905908, 0.03234397321111111, 0.012978360796927522, -0.006112984723310304, -0.009262938701692395, -0.013720635254935281, -0.04218691083168537, 0.06817058141657777, -0.032590306729662726, -0.021210650291087936, 0.015516361342261782, 0.015896030682014586, 0.09306417571194507, -0.08947581043268285, 0.032871746769953386, 0.015801815769836938, -0.04108391722710768, -0.12091696754924225, 0.10412057982872848, -0.042535364465414366, 0.06903610859563711, 0.08871591893556724, -0.050165111328882725, -0.08238581001607972, -0.0050948393451885204, 0.02987952036650854], [-12.829716946500692, 1.5636426984791083, -1.0779427876236114, 0.7330899980203658, 3.7855165987080004, -19.272762034171272, 90.48030335405275, -4.06770957784149, -73.57995408114239, 0.007880892972485771, -0.016434454650815767, 0.0, -0.013021051160336994, 0.04164913288678898, -0.04200259309835688, 0.014491360328356037, -0.0053716136871710864, 0.02224118737775419, -0.03449800312408548, 0.028454326378931832, -0.017235572374864477, -0.01528680392183075, 0.01746374166262459, -0.0015206496804544552, 0.020889909792545562, 0.0031274622169562374, -0.036399153467903005, 0.02295222123296004, 0.02477529737789721, -0.026359146893327683, 0.00033948282029320733, -0.05456873253310946, 0.07687436005601457, -0.05210353854098305, 0.003351657836578414, 0.027901014667329683, 0.08871402640732307, -0.10612457475940691, 0.03675259953891325, -0.04638683932480495, -0.1304276840030445, 0.08155822762021697, 0.09952978239153527, 0.04064155469147137, -0.05868119925340942], [82.36639402364166, -6.066082461242668, 1.4655642057010438, -1.2498289009394468, -0.6527426461714136, 0.05517180689379134, -12.456582716602624, 110.62526065501513, -84.8197103748303, -0.044664441360923166, 0.08680922833537077, 0.00033314455644101036, 0.0043070161689796995, -0.03850159824768395, 0.008888422636836896, 0.031010573675215366, -0.007692800617673227, -0.0937387497324063, 0.08897248524881231, -0.002349420060846713, 0.00033197134606398186, 0.03061643019626585, -0.024966432987979358, 0.013700790994382298, -0.0573562616574522, 0.05469009130543942, -0.018520955990721823, -0.005459113258891464, -0.045172058535777375, 0.05302927481049297, -0.05549614658392404, 0.08634796593452104, -0.08605311473895563, 0.09606277935811378, -0.03746851838126566, -0.06318568697997597, -0.03447012022638806, 0.13403958061042656, -0.006058472079475476, 0.055122330367442365, 0.16615778486460847, -0.15256703820549777, -0.11769671923190143, -0.13098918836970122, 0.09530892317036092]]",(x0)' = -129.046 1 +  84.322 x0 + -110.708 x1 +  14.280 x2 + -0.484 x3 +  0.349 x4 +  1.025 x5 + -1.878 x6 +  6.222 x7 + -0.072 x0^2 +  0.336 x0 x1 + -0.179 x0 x2 +  0.042 x0 x3 +  0.060 x0 x4 + -0.027 x0 x5 +  0.021 x0 x6 + -0.019 x0 x7 +  0.003 x1^2 + -0.270 x1 x2 +  0.001 x1 x3 + -0.036 x1 x4 +  0.007 x1 x5 +  0.005 x1 x6 + -0.060 x1 x7 +  0.273 x2^2 + -0.178 x2 x3 +  0.008 x2 x4 + -0.015 x2 x5 +  0.034 x2 x7 +  0.103 x3^2 + -0.092 x3 x4 +  0.064 x3 x5 + -0.019 x3 x6 + -0.002 x3 x7 +  0.048 x4^2 + -0.018 x4 x5 + -0.007 x4 x6 +  0.011 x4 x7 + -0.009 x5^2 +  0.007 x5 x6 + -0.021 x5 x7 + -0.018 x6^2 +  0.029 x6 x7 +  0.010 x7^2 | (x1)' =  20.681 1 +  73.674 x0 +  4.192 x1 + -91.075 x2 +  19.549 x3 + -3.761 x4 + -0.724 x5 +  1.262 x6 + -1.654 x7 +  0.078 x0^2 + -0.274 x0 x1 +  0.119 x0 x2 +  0.002 x0 x3 + -0.033 x0 x4 + -0.003 x0 x5 +  0.004 x0 x6 +  0.003 x0 x7 +  0.072 x1^2 +  0.152 x1 x2 + -0.075 x1 x3 +  0.013 x1 x4 +  0.033 x1 x5 + -0.010 x1 x6 +  0.019 x1 x7 + -0.125 x2^2 +  0.001 x2 x3 +  0.040 x2 x4 + -0.008 x2 x5 + -0.020 x2 x6 + -0.009 x2 x7 +  0.016 x3^2 +  0.033 x3 x4 + -0.037 x3 x5 +  0.016 x3 x6 +  0.009 x3 x7 + -0.028 x4^2 +  0.005 x4 x5 +  0.010 x4 x6 + -0.014 x4 x7 +  0.004 x5^2 + -0.003 x5 x6 +  0.013 x5 x7 +  0.008 x6^2 + -0.019 x6 x7 +  0.002 x7^2 | (x2)' = -3.291 1 + -16.147 x0 +  91.068 x1 + -0.071 x2 + -92.110 x3 +  20.196 x4 + -3.492 x5 + -0.715 x6 +  0.909 x7 + -0.048 x0^2 +  0.183 x0 x1 + -0.091 x0 x2 + -0.011 x0 x3 +  0.033 x0 x4 +  0.004 x0 x5 + -0.006 x0 x6 + -0.004 x0 x7 + -0.049 x1^2 + -0.146 x1 x2 +  0.106 x1 x3 + -0.019 x1 x4 + -0.034 x1 x5 +  0.001 x1 x7 +  0.083 x2^2 +  0.087 x2 x3 + -0.077 x2 x4 +  0.012 x2 x5 +  0.034 x2 x6 +  0.001 x2 x7 + -0.067 x3^2 + -0.045 x3 x4 +  0.050 x3 x5 + -0.013 x3 x6 + -0.023 x3 x7 +  0.046 x4^2 +  0.007 x4 x5 + -0.025 x4 x6 +  0.022 x4 x7 + -0.015 x5^2 +  0.002 x5 x6 + -0.006 x5 x7 + -0.001 x6^2 +  0.011 x6 x7 + -0.004 x7^2 | (x3)' = -1.077 1 +  3.707 x0 + -20.046 x1 +  92.005 x2 +  0.101 x3 + -92.188 x4 +  20.084 x5 + -3.625 x6 + -0.042 x7 +  0.017 x0^2 + -0.090 x0 x1 +  0.059 x0 x2 +  0.019 x0 x3 + -0.048 x0 x4 +  0.015 x0 x5 + -0.003 x0 x6 +  0.007 x0 x7 +  0.026 x1^2 +  0.101 x1 x2 + -0.105 x1 x3 +  0.035 x1 x4 +  0.020 x1 x5 +  0.006 x1 x6 + -0.012 x1 x7 + -0.038 x2^2 + -0.129 x2 x3 +  0.096 x2 x4 + -0.018 x2 x5 + -0.032 x2 x6 +  0.072 x3^2 +  0.094 x3 x4 + -0.077 x3 x5 +  0.010 x3 x6 +  0.035 x3 x7 + -0.073 x4^2 + -0.037 x4 x5 +  0.051 x4 x6 + -0.033 x4 x7 +  0.042 x5^2 +  0.005 x5 x6 + -0.003 x5 x7 + -0.015 x6^2 + -0.002 x6 x7 +  0.005 x7^2 | (x4)' =  1.697 1 +  0.002 x0 +  3.679 x1 + -20.007 x2 +  92.048 x3 +  0.080 x4 + -92.168 x5 +  20.071 x6 + -3.697 x7 + -0.003 x0^2 +  0.035 x0 x1 + -0.032 x0 x2 + -0.022 x0 x3 +  0.060 x0 x4 + -0.038 x0 x5 +  0.017 x0 x6 + -0.010 x0 x7 + -0.015 x1^2 + -0.047 x1 x2 +  0.082 x1 x3 + -0.042 x1 x4 + -0.013 x1 x5 + -0.003 x1 x6 +  0.014 x1 x7 +  0.014 x2^2 +  0.098 x2 x3 + -0.090 x2 x4 +  0.030 x2 x5 +  0.023 x2 x6 + -0.005 x2 x7 + -0.041 x3^2 + -0.122 x3 x4 +  0.093 x3 x5 + -0.016 x3 x6 + -0.032 x3 x7 +  0.070 x4^2 +  0.092 x4 x5 + -0.084 x4 x6 +  0.041 x4 x7 + -0.071 x5^2 + -0.031 x5 x6 +  0.020 x5 x7 +  0.045 x6^2 + -0.003 x6 x7 + -0.012 x7^2 | (x5)' =  1.137 1 + -0.841 x0 +  0.592 x1 +  3.458 x2 + -20.124 x3 +  92.085 x4 + -90.917 x6 +  16.084 x7 + -0.009 x0 x1 +  0.013 x0 x2 +  0.019 x0 x3 + -0.056 x0 x4 +  0.050 x0 x5 + -0.025 x0 x6 +  0.012 x0 x7 +  0.003 x1^2 +  0.025 x1 x2 + -0.054 x1 x3 +  0.032 x1 x4 +  0.013 x1 x5 + -0.006 x1 x6 + -0.009 x1 x7 + -0.014 x2^2 + -0.042 x2 x3 +  0.068 x2 x4 + -0.033 x2 x5 + -0.021 x2 x6 +  0.016 x2 x7 +  0.016 x3^2 +  0.093 x3 x4 + -0.089 x3 x5 +  0.033 x3 x6 +  0.016 x3 x7 + -0.041 x4^2 + -0.121 x4 x5 +  0.104 x4 x6 + -0.043 x4 x7 +  0.069 x5^2 +  0.089 x5 x6 + -0.050 x5 x7 + -0.082 x6^2 + -0.005 x6 x7 +  0.030 x7^2 | (x6)' = -12.830 1 +  1.564 x0 + -1.078 x1 +  0.733 x2 +  3.786 x3 + -19.273 x4 +  90.480 x5 + -4.068 x6 + -73.580 x7 +  0.008 x0^2 + -0.016 x0 x1 + -0.013 x0 x3 +  0.042 x0 x4 + -0.042 x0 x5 +  0.014 x0 x6 + -0.005 x0 x7 +  0.022 x1^2 + -0.034 x1 x2 +  0.028 x1 x3 + -0.017 x1 x4 + -0.015 x1 x5 +  0.017 x1 x6 + -0.002 x1 x7 +  0.021 x2^2 +  0.003 x2 x3 + -0.036 x2 x4 +  0.023 x2 x5 +  0.025 x2 x6 + -0.026 x2 x7 + -0.055 x3 x4 +  0.077 x3 x5 + -0.052 x3 x6 +  0.003 x3 x7 +  0.028 x4^2 +  0.089 x4 x5 + -0.106 x4 x6 +  0.037 x4 x7 + -0.046 x5^2 + -0.130 x5 x6 +  0.082 x5 x7 +  0.100 x6^2 +  0.041 x6 x7 + -0.059 x7^2 | (x7)' =  82.366 1 + -6.066 x0 +  1.466 x1 + -1.250 x2 + -0.653 x3 +  0.055 x4 + -12.457 x5 +  110.625 x6 + -84.820 x7 + -0.045 x0^2 +  0.087 x0 x1 +  0.004 x0 x3 + -0.039 x0 x4 +  0.009 x0 x5 +  0.031 x0 x6 + -0.008 x0 x7 + -0.094 x1^2 +  0.089 x1 x2 + -0.002 x1 x3 +  0.031 x1 x5 + -0.025 x1 x6 +  0.014 x1 x7 + -0.057 x2^2 +  0.055 x2 x3 + -0.019 x2 x4 + -0.005 x2 x5 + -0.045 x2 x6 +  0.053 x2 x7 + -0.055 x3^2 +  0.086 x3 x4 + -0.086 x3 x5 +  0.096 x3 x6 + -0.037 x3 x7 + -0.063 x4^2 + -0.034 x4 x5 +  0.134 x4 x6 + -0.006 x4 x7 +  0.055 x5^2 +  0.166 x5 x6 + -0.153 x5 x7 + -0.118 x6^2 + -0.131 x6 x7 +  0.095 x7^2
32,80.0,100.0,37.49490932254601,2,8,2,8.0,56.0,5,20.0,smoothed_finite_difference_savgol_order_3,success,,356,360,98.88888888888889,3.246836632490158,"[""1"", ""x0"", ""x1"", ""x2"", ""x3"", ""x4"", ""x5"", ""x6"", ""x7"", ""x0^2"", ""x0 x1"", ""x0 x2"", ""x0 x3"", ""x0 x4"", ""x0 x5"", ""x0 x6"", ""x0 x7"", ""x1^2"", ""x1 x2"", ""x1 x3"", ""x1 x4"", ""x1 x5"", ""x1 x6"", ""x1 x7"", ""x2^2"", ""x2 x3"", ""x2 x4"", ""x2 x5"", ""x2 x6"", ""x2 x7"", ""x3^2"", ""x3 x4"", ""x3 x5"", ""x3 x6"", ""x3 x7"", ""x4^2"", ""x4 x5"", ""x4 x6"", ""x4 x7"", ""x5^2"", ""x5 x6"", ""x5 x7"", ""x6^2"", ""x6 x7"", ""x7^2""]","[[-104.6926511975539, 101.67218601509337, -143.70866208048878, 44.0216666903088, -19.43529679501561, 10.132274715407021, -3.0871075434177326, -0.7855912985369014, 5.430879353449938, -0.09184294619953434, 0.4255154297747002, -0.3098487606547893, 0.1606363077629809, 0.00018320279451916195, -0.009762793135681963, 0.025250236428461876, -0.026324235671100843, -0.0781308297377922, -0.1955088248017929, -0.009298166462882649, -0.0513810358598128, 0.011789948863097883, -0.011733655370511933, -0.04046310964956534, 0.30864029109980495, -0.23119752283577216, 0.05960629054474757, -0.025743273178744485, 0.014849345985216422, 0.0331943388910446, 0.09754641948828591, -0.12861053144405393, 0.0873897354362042, -0.036188057450881266, -0.011520987061945953, 0.07203933215401699, -0.03117385842251968, -0.005486946638058609, 0.019616868219998536, -0.011908885636538406, 0.0013583048429539992, -0.016601746140478057, -0.011296397901172175, 0.024824183438703164, 0.007505239649021512], [18.295262953492873, 71.012594127902, 12.244394631497384, -104.09868377171205, 34.043242084615734, -15.216599987893245, 5.120961670650534, 0.0, -1.7256540861966656, 0.08248378112539093, -0.2753799159536116, 0.16331050216078905, -0.0669468111977224, -0.003880543168656102, 0.00018612707456643025, -0.005116614408249638, 0.003605463672033316, 0.08582037366414455, 0.07694811733004762, -0.02955571420188465, 0.02835479073999313, 0.01524479347724158, -0.006286242807813304, 0.019869649999247733, -0.11110344172138378, 0.019213553436249507, 0.02322504179106588, -0.018427878151411586, -0.009853282808093946, -0.013086723045312372, 0.011251429450571325, 0.043555032775356016, -0.03673363937987317, 0.019962558810917873, 0.013144721223193228, -0.04170326865247778, 0.0025203436757819026, 0.012680537210965988, -0.020582498911386728, 0.012748747300561013, -0.0019909357753984786, 0.012246161890287304, 0.005431620667267952, -0.016602950710069377, 0.0014807747880294748], [-6.042263743135092, -19.293036371054672, 95.21247601267739, 1.6037432352398064, -101.42173790636225, 33.12542713833441, -14.781564493976205, 6.091069924683278, -1.18986702556536, -0.061993047083069554, 0.1944550956249786, -0.11181110268800665, 0.03669868479184625, 0.014383704580818843, -0.005069476277098313, 0.006602388556697273, -0.0029004010204602875, -0.05306959780360077, -0.08010393673658042, 0.05137095215249625, -0.03608653896830565, -0.012045796338358958, -0.002140894383357615, -0.007829214916516827, 0.06670554912210326, 0.03866162626114435, -0.04569238791723724, 0.03327767095459917, 0.010732228783910483, 0.0073359719491019465, -0.032154463545642234, -0.04938825149423381, 0.04118600310887259, -0.028281263595502967, -0.01255794439879166, 0.047300943453898826, 0.011292993619202977, -0.02271437790427574, 0.028458765716119373, -0.029857700627185506, 0.005532626423452139, -0.012269482496125191, 0.01027299131992675, 0.008833747243366025, -0.0052898483037581365], [-3.308790400606214, 0.0, -19.35398032460506, 95.3595395229564, 1.3545274962755622, -101.30047797913103, 32.97041703206373, -14.09061815360527, 4.56896326548249, -0.009814376679379276, -0.05518155721640062, 0.04784142887001418, 4.1948042472074176e-05, -0.02976235886117333, 0.0270016352332053, -0.02078854981122664, 0.02861947263174726, 0.022658505876615727, 0.07918967216109006, -0.08321549188912762, 0.05377571533781714, -0.0021872751883385846, 0.013265387867081781, -0.02481763003438478, -0.014342543688303361, -0.10502383692287086, 0.057662819055516706, -0.04324687640145405, -0.00695604735038433, -0.0021735915673486055, 0.06944931773070807, 0.03487885514781651, -0.03801362920135247, 0.025066968603118966, 0.01719115166243063, -0.03217549493618651, -0.0541778260120189, 0.04843838890663898, -0.03917749723931494, 0.05154220877435218, 0.0008200892928585562, 0.005293987995962906, -0.027721428515962744, -0.004342040014200703, 0.010898288352120861], [0.0, -3.7925742608574105, 13.670086113557135, -32.37749459501098, 100.72120631437556, -0.07421114860603288, -100.21173725846562, 30.18995936071665, -8.525359649537364, -0.02187190887616644, 0.06594557786162702, -0.03832175393306144, -0.008565519520880699, 0.04624660253833763, -0.03707669090424921, 0.02534270356088619, -0.008567463642679874, -0.002662970660961875, -0.06439517843229865, 0.06146651960530775, -0.05026050920551195, 0.003329018315887148, -0.010050156189765203, -9.495963171301864e-05, 0.012384062128675662, 0.07042562255441678, -0.05290409767460997, 0.03913183795006433, 0.01089373087118125, 0.00423269653507986, -0.01880222264803167, -0.08459244159490166, 0.06094677480162772, -0.04418061240686362, -0.012188345023769153, 0.04108377644862551, 0.06594053087741711, -0.05024469806204191, 0.0407333034484817, -0.0510950494334401, -0.03562801656320022, 0.008222095059124359, 0.04892856283941911, 0.005012635746932188, -0.018174098400308442], [4.732921121412033, 1.2358235085022986, -6.159579668566362, 14.696285885049571, -32.99614795550477, 101.15654560477992, -1.242431652694764, -95.32144963575176, 19.266940445855823, 0.006871228876689181, -0.022191299386340717, 0.012433437547339103, 0.023257243058658915, -0.053705501758728326, 0.045141285009067486, -0.026858365014419634, 0.00848911814594667, -0.014237889910006518, 0.060097468398606906, -0.0611126511092198, 0.046940738694587314, -0.002401737370719262, 0.004055342403553306, 0.001939565027003908, -0.010820554394514056, -0.03841499900134561, 0.03701215417745191, -0.03136505591829709, -0.015352089842649491, 0.0020961297041976745, -0.005476822269956896, 0.0940150845951865, -0.07150468473531395, 0.058587636795909497, 0.003995191076394029, -0.03141523991623108, -0.07420896407536277, 0.05328177230452893, -0.04057882154709039, 0.039432430619149424, 0.08149409979310043, -0.025542454822330963, -0.07003805693516049, -0.01680534863011383, 0.031556697662730865], [-13.147551510911288, 0.5603561628409414, 2.352345769288993, -6.684531707334065, 15.702474525087855, -33.86395127017666, 103.61252574362103, -12.164781991783814, -70.89360428381057, 0.004785123309528879, -0.007528066084527443, 0.0, -0.026625747034590554, 0.05228668695224449, -0.04013524400000207, 0.016108254059340937, -0.004001582992282578, 0.028246454675965756, -0.05901575771470834, 0.0517742033267092, -0.034745829728574575, -0.00835804460353272, 0.00861824685880574, -0.007285496816312782, 0.019155001278434013, 0.0016173859527853474, -0.016945154850848746, 0.019545153277436618, 0.02421423725206671, -0.012304860058925803, 0.027143803616882744, -0.09464924793272465, 0.08138694275700313, -0.07753679004678206, 0.008852234386848568, 0.02316054309993091, 0.0690360631505366, -0.053475068096257496, 0.034851891685370825, -0.02157822823466598, -0.12986322084105004, 0.045309289957114585, 0.08238795949608418, 0.05138395528594872, -0.05262103655924003], [68.67371807960949, -5.257026142475313, 0.44256000186848843, 2.757246248331071, -10.06882623915424, 18.710830257086492, -42.43635623587455, 143.78004650888926, -102.142677951212, -0.03741743104976272, 0.07774381403037704, -0.016628386804874246, 0.03780033154591268, -0.06338683125797369, 0.01895425705648697, 0.011218691773990931, 0.0005310404738227168, -0.09877899067106202, 0.14489403570575946, -0.07177124213301628, 0.034099879476931036, 0.03126691362967888, -0.012395116755369502, 0.0086649777887974, -0.08700732629608597, 0.10256688132249443, -0.04264375602319124, 0.008054434172214277, -0.07097770513503061, 0.05155184735068242, -0.09438381908419193, 0.1659707337465437, -0.14252894640207625, 0.14970658240842666, -0.045613896553655935, -0.055661679182318506, -0.042715457293327874, 0.0694356958980725, -0.01206622930400574, -0.004002332652744939, 0.25886502243212084, -0.1009502793486289, -0.10627683291839568, -0.1845685124660646, 0.10436187159258344]]",(x0)' = -104.693 1 +  101.672 x0 + -143.709 x1 +  44.022 x2 + -19.435 x3 +  10.132 x4 + -3.087 x5 + -0.786 x6 +  5.431 x7 + -0.092 x0^2 +  0.426 x0 x1 + -0.310 x0 x2 +  0.161 x0 x3 + -0.010 x0 x5 +  0.025 x0 x6 + -0.026 x0 x7 + -0.078 x1^2 + -0.196 x1 x2 + -0.009 x1 x3 + -0.051 x1 x4 +  0.012 x1 x5 + -0.012 x1 x6 + -0.040 x1 x7 +  0.309 x2^2 + -0.231 x2 x3 +  0.060 x2 x4 + -0.026 x2 x5 +  0.015 x2 x6 +  0.033 x2 x7 +  0.098 x3^2 + -0.129 x3 x4 +  0.087 x3 x5 + -0.036 x3 x6 + -0.012 x3 x7 +  0.072 x4^2 + -0.031 x4 x5 + -0.005 x4 x6 +  0.020 x4 x7 + -0.012 x5^2 +  0.001 x5 x6 + -0.017 x5 x7 + -0.011 x6^2 +  0.025 x6 x7 +  0.008 x7^2 | (x1)' =  18.295 1 +  71.013 x0 +  12.244 x1 + -104.099 x2 +  34.043 x3 + -15.217 x4 +  5.121 x5 + -1.726 x7 +  0.082 x0^2 + -0.275 x0 x1 +  0.163 x0 x2 + -0.067 x0 x3 + -0.004 x0 x4 + -0.005 x0 x6 +  0.004 x0 x7 +  0.086 x1^2 +  0.077 x1 x2 + -0.030 x1 x3 +  0.028 x1 x4 +  0.015 x1 x5 + -0.006 x1 x6 +  0.020 x1 x7 + -0.111 x2^2 +  0.019 x2 x3 +  0.023 x2 x4 + -0.018 x2 x5 + -0.010 x2 x6 + -0.013 x2 x7 +  0.011 x3^2 +  0.044 x3 x4 + -0.037 x3 x5 +  0.020 x3 x6 +  0.013 x3 x7 + -0.042 x4^2 +  0.003 x4 x5 +  0.013 x4 x6 + -0.021 x4 x7 +  0.013 x5^2 + -0.002 x5 x6 +  0.012 x5 x7 +  0.005 x6^2 + -0.017 x6 x7 +  0.001 x7^2 | (x2)' = -6.042 1 + -19.293 x0 +  95.212 x1 +  1.604 x2 + -101.422 x3 +  33.125 x4 + -14.782 x5 +  6.091 x6 + -1.190 x7 + -0.062 x0^2 +  0.194 x0 x1 + -0.112 x0 x2 +  0.037 x0 x3 +  0.014 x0 x4 + -0.005 x0 x5 +  0.007 x0 x6 + -0.003 x0 x7 + -0.053 x1^2 + -0.080 x1 x2 +  0.051 x1 x3 + -0.036 x1 x4 + -0.012 x1 x5 + -0.002 x1 x6 + -0.008 x1 x7 +  0.067 x2^2 +  0.039 x2 x3 + -0.046 x2 x4 +  0.033 x2 x5 +  0.011 x2 x6 +  0.007 x2 x7 + -0.032 x3^2 + -0.049 x3 x4 +  0.041 x3 x5 + -0.028 x3 x6 + -0.013 x3 x7 +  0.047 x4^2 +  0.011 x4 x5 + -0.023 x4 x6 +  0.028 x4 x7 + -0.030 x5^2 +  0.006 x5 x6 + -0.012 x5 x7 +  0.010 x6^2 +  0.009 x6 x7 + -0.005 x7^2 | (x3)' = -3.309 1 + -19.354 x1 +  95.360 x2 +  1.355 x3 + -101.300 x4 +  32.970 x5 + -14.091 x6 +  4.569 x7 + -0.010 x0^2 + -0.055 x0 x1 +  0.048 x0 x2 + -0.030 x0 x4 +  0.027 x0 x5 + -0.021 x0 x6 +  0.029 x0 x7 +  0.023 x1^2 +  0.079 x1 x2 + -0.083 x1 x3 +  0.054 x1 x4 + -0.002 x1 x5 +  0.013 x1 x6 + -0.025 x1 x7 + -0.014 x2^2 + -0.105 x2 x3 +  0.058 x2 x4 + -0.043 x2 x5 + -0.007 x2 x6 + -0.002 x2 x7 +  0.069 x3^2 +  0.035 x3 x4 + -0.038 x3 x5 +  0.025 x3 x6 +  0.017 x3 x7 + -0.032 x4^2 + -0.054 x4 x5 +  0.048 x4 x6 + -0.039 x4 x7 +  0.052 x5^2 +  0.001 x5 x6 +  0.005 x5 x7 + -0.028 x6^2 + -0.004 x6 x7 +  0.011 x7^2 | (x4)' = -3.793 x0 +  13.670 x1 + -32.377 x2 +  100.721 x3 + -0.074 x4 + -100.212 x5 +  30.190 x6 + -8.525 x7 + -0.022 x0^2 +  0.066 x0 x1 + -0.038 x0 x2 + -0.009 x0 x3 +  0.046 x0 x4 + -0.037 x0 x5 +  0.025 x0 x6 + -0.009 x0 x7 + -0.003 x1^2 + -0.064 x1 x2 +  0.061 x1 x3 + -0.050 x1 x4 +  0.003 x1 x5 + -0.010 x1 x6 +  0.012 x2^2 +  0.070 x2 x3 + -0.053 x2 x4 +  0.039 x2 x5 +  0.011 x2 x6 +  0.004 x2 x7 + -0.019 x3^2 + -0.085 x3 x4 +  0.061 x3 x5 + -0.044 x3 x6 + -0.012 x3 x7 +  0.041 x4^2 +  0.066 x4 x5 + -0.050 x4 x6 +  0.041 x4 x7 + -0.051 x5^2 + -0.036 x5 x6 +  0.008 x5 x7 +  0.049 x6^2 +  0.005 x6 x7 + -0.018 x7^2 | (x5)' =  4.733 1 +  1.236 x0 + -6.160 x1 +  14.696 x2 + -32.996 x3 +  101.157 x4 + -1.242 x5 + -95.321 x6 +  19.267 x7 +  0.007 x0^2 + -0.022 x0 x1 +  0.012 x0 x2 +  0.023 x0 x3 + -0.054 x0 x4 +  0.045 x0 x5 + -0.027 x0 x6 +  0.008 x0 x7 + -0.014 x1^2 +  0.060 x1 x2 + -0.061 x1 x3 +  0.047 x1 x4 + -0.002 x1 x5 +  0.004 x1 x6 +  0.002 x1 x7 + -0.011 x2^2 + -0.038 x2 x3 +  0.037 x2 x4 + -0.031 x2 x5 + -0.015 x2 x6 +  0.002 x2 x7 + -0.005 x3^2 +  0.094 x3 x4 + -0.072 x3 x5 +  0.059 x3 x6 +  0.004 x3 x7 + -0.031 x4^2 + -0.074 x4 x5 +  0.053 x4 x6 + -0.041 x4 x7 +  0.039 x5^2 +  0.081 x5 x6 + -0.026 x5 x7 + -0.070 x6^2 + -0.017 x6 x7 +  0.032 x7^2 | (x6)' = -13.148 1 +  0.560 x0 +  2.352 x1 + -6.685 x2 +  15.702 x3 + -33.864 x4 +  103.613 x5 + -12.165 x6 + -70.894 x7 +  0.005 x0^2 + -0.008 x0 x1 + -0.027 x0 x3 +  0.052 x0 x4 + -0.040 x0 x5 +  0.016 x0 x6 + -0.004 x0 x7 +  0.028 x1^2 + -0.059 x1 x2 +  0.052 x1 x3 + -0.035 x1 x4 + -0.008 x1 x5 +  0.009 x1 x6 + -0.007 x1 x7 +  0.019 x2^2 +  0.002 x2 x3 + -0.017 x2 x4 +  0.020 x2 x5 +  0.024 x2 x6 + -0.012 x2 x7 +  0.027 x3^2 + -0.095 x3 x4 +  0.081 x3 x5 + -0.078 x3 x6 +  0.009 x3 x7 +  0.023 x4^2 +  0.069 x4 x5 + -0.053 x4 x6 +  0.035 x4 x7 + -0.022 x5^2 + -0.130 x5 x6 +  0.045 x5 x7 +  0.082 x6^2 +  0.051 x6 x7 + -0.053 x7^2 | (x7)' =  68.674 1 + -5.257 x0 +  0.443 x1 +  2.757 x2 + -10.069 x3 +  18.711 x4 + -42.436 x5 +  143.780 x6 + -102.143 x7 + -0.037 x0^2 +  0.078 x0 x1 + -0.017 x0 x2 +  0.038 x0 x3 + -0.063 x0 x4 +  0.019 x0 x5 +  0.011 x0 x6 +  0.001 x0 x7 + -0.099 x1^2 +  0.145 x1 x2 + -0.072 x1 x3 +  0.034 x1 x4 +  0.031 x1 x5 + -0.012 x1 x6 +  0.009 x1 x7 + -0.087 x2^2 +  0.103 x2 x3 + -0.043 x2 x4 +  0.008 x2 x5 + -0.071 x2 x6 +  0.052 x2 x7 + -0.094 x3^2 +  0.166 x3 x4 + -0.143 x3 x5 +  0.150 x3 x6 + -0.046 x3 x7 + -0.056 x4^2 + -0.043 x4 x5 +  0.069 x4 x6 + -0.012 x4 x7 + -0.004 x5^2 +  0.259 x5 x6 + -0.101 x5 x7 + -0.106 x6^2 + -0.185 x6 x7 +  0.104 x7^2
33,80.0,100.0,37.49490932254601,2,8,2,8.0,56.0,9,36.0,smoothed_finite_difference_savgol_order_3,success,,356,360,98.88888888888889,3.2387343421578407,"[""1"", ""x0"", ""x1"", ""x2"", ""x3"", ""x4"", ""x5"", ""x6"", ""x7"", ""x0^2"", ""x0 x1"", ""x0 x2"", ""x0 x3"", ""x0 x4"", ""x0 x5"", ""x0 x6"", ""x0 x7"", ""x1^2"", ""x1 x2"", ""x1 x3"", ""x1 x4"", ""x1 x5"", ""x1 x6"", ""x1 x7"", ""x2^2"", ""x2 x3"", ""x2 x4"", ""x2 x5"", ""x2 x6"", ""x2 x7"", ""x3^2"", ""x3 x4"", ""x3 x5"", ""x3 x6"", ""x3 x7"", ""x4^2"", ""x4 x5"", ""x4 x6"", ""x4 x7"", ""x5^2"", ""x5 x6"", ""x5 x7"", ""x6^2"", ""x6 x7"", ""x7^2""]","[[-38.34572456883733, 152.3625946655949, -226.1522960902232, 78.29680248598187, 20.29580813399181, -72.93365880760459, 77.23203712410795, -49.03076079409435, 17.820239792857667, -0.09693338372199205, 0.6090379522985434, -0.8896913626481785, 0.8840715653641015, -0.5393195316779069, 0.22258831014900665, -0.043210243113166846, 0.007716691002586084, -0.5750144465408942, 1.3606643264272906, -1.3693461951169905, 0.7393229042011434, -0.24882958997212704, 0.05086491275113877, -0.06993855388924765, -0.42490467843186286, 0.31594757242697513, 0.29518731839916107, -0.3297773128123683, 0.028107666834085124, 0.12065480339223551, 0.3218719836662481, -1.0161326353038078, 0.6035935259180163, 0.03811236825264188, -0.12202604194910037, 0.629004982432516, -0.7322038722043708, 0.0, 0.011899976963654883, 0.09494315969735762, 0.28035251542633144, 0.0, -0.14504481239403016, -0.0610741484762983, 0.05519751591988185], [8.180919774877186, 57.74808867286242, 32.02256991386409, -107.60422729571552, 14.726163033206165, 16.459826011696546, -23.248577709657376, 15.814523885384604, -5.57420943718183, 0.03768823307190056, -0.19270319778848072, 0.24662268603621382, -0.19092637255099448, 0.06857315889329356, -0.001973868709219589, 0.004043351271002081, -0.009927166202329295, 0.14676083741200216, -0.1902018320145332, -0.0034721857752481205, 0.18102735044298318, -0.16162778186556434, 0.029309071495369144, 0.03449994779915081, -0.1286885393349679, 0.560960079463988, -0.5174101823913347, 0.21209633304388673, 0.043910008151577286, -0.08375922556875119, -0.33591083305408814, 0.32491910119205486, 0.0696666503307326, -0.19557943908645484, 0.10127055630996114, 0.005601881110278242, -0.22197875662281993, 0.18166663056498286, -0.04200864563477773, 0.15339897336536648, -0.18926131000788138, 0.009606669390087004, 0.03257955884826059, 0.044332310060376356, -0.023942682422096122], [-5.012307027538183, -11.842815336001278, 82.61057666074363, 6.70832357115815, -92.90646921671275, 14.326898827316587, 5.514995337297363, -7.615673212080553, 3.158218138573005, 0.0022772718281667908, -0.015937338770379637, 0.059311413011953605, -0.10955151460055053, 0.0750515360034899, -0.01881700343271001, 0.011326706834405908, -0.009140911335192433, 0.09176711071877613, -0.49362266093052687, 0.6571839707493646, -0.39713635244149087, 0.062022749548381446, 0.020075196434179963, -0.003648180595507051, 0.5447460869300614, -1.1430448873909573, 0.42805582070163406, 0.22685132974152689, -0.26940946709847746, 0.08581541913807297, 0.39349987681257254, 0.1542672057605435, -0.6860116457115485, 0.4892895383777984, -0.13522031550505015, -0.3219380958125544, 0.6206819927373124, -0.2987649960523769, 0.05393532361695637, -0.1456948320982842, 0.07180858715930172, 0.015464937192373282, 0.008311246453648315, -0.03783374277364835, 0.014093798986970829], [1.8740477075212065, 3.2084120271689267, -19.044015269688295, 91.0866325526751, 0.5673483445691174, -91.67959635382316, 18.516178143007433, -2.005971472065566, -0.6930830397718888, -0.013327443376819589, 0.012696179379232614, 0.026604235126500363, -0.02522331005305952, 0.04555570636033586, -0.049729260695056406, 0.01073776731125, 0.00775036481407189, 0.007291486190065367, 0.022630930759166383, -0.11925377763925113, 0.0004109038042648875, 0.11979905313914606, -0.0580415133419469, -0.0016779827679623952, -0.10087288286424843, 0.2607155507696141, 0.10515511975446631, -0.38175681861610616, 0.2471870989058948, -0.05970857561473207, -0.04814114448832719, -0.34308620401774986, 0.507302278440868, -0.2777743651829041, 0.06616770426417891, 0.18403809109288205, -0.1489875203495869, -0.02242177644269791, 0.0230168112560394, -0.09579665064291105, 0.1740869149650957, -0.045933867279746105, -0.04255671389218984, 0.016523263399285334, -0.0031636192671074177], [0.6087925896303829, 0.37928758330844453, 2.9171365519202292, -19.56351283038678, 91.97535435025021, 0.37216519675928245, -92.7559252234615, 20.347749877355447, -3.659760819670189, 0.04289917607798603, -0.1174956789781993, 0.009629403667721106, 0.0771476194625452, -0.11166267520747082, 0.11069299574114011, -0.058077089941670934, 0.004366158153852133, 0.029395328215308315, 0.19652859053779398, -0.2753472347358491, 0.2545813938788294, -0.21087190909824757, 0.09228500588567325, 0.0047998082595085345, -0.24399784865674795, 0.49787190512832696, -0.43120262061189385, 0.3317497378842756, -0.1437800846516298, 0.012765589713386356, -0.26141351249854256, 0.4717243380094295, -0.31175916577691076, 0.1221958499939967, -0.03651490546938682, -0.1728373171939123, 0.1250437462908468, -0.04889162614480661, 0.06737925011830269, -0.004807037910189937, 0.10482511089249873, -0.13392332219119593, -0.10791933725235593, 0.1493999617267687, -0.0349393867814182], [-1.6716949160524306, -2.776277845913708, 6.475101921451151, -4.2360914677270225, -14.498639050252386, 91.40730453279949, -4.478610370995809, -84.20530434984234, 12.397134345710507, -0.055393447843108776, 0.18541597763569992, -0.1074128725133033, 0.0, 0.06587016334182844, -0.03928059386313556, -0.031264378980255615, 0.038541460660236046, -0.10566710461063097, 0.023015944248980832, 0.08015703559760436, -0.10390790495598466, -0.027189589623778765, 0.1751638084384189, -0.12441852460974652, 0.06308957445990653, -0.13388653753918311, 0.1606245379295155, 0.0, -0.18725625248309008, 0.125177563819299, 0.08644195499895302, -0.2955008533973085, 0.170530424128076, 0.008265260518184044, -0.007650691996280843, 0.23298055209250051, -0.4390870471866313, 0.35087742020344215, -0.20664375544950045, 0.33977025793441185, -0.7525833655852394, 0.4189465086555901, 0.426439907572986, -0.42633644701271733, 0.09208224904654523], [-0.5870656877322611, 5.50312504565517, -15.683456220645287, 23.200295209489724, -16.573010212868073, -14.306047598468275, 107.21557402085934, -31.943572343443883, -57.77024179171825, 0.055530485837508435, -0.1794117970317501, 0.14141107334538724, -0.08538331296073977, 0.05640727604632107, -0.11195381812715904, 0.14776373564905404, -0.07951026910174733, 0.0665445612219579, -0.00988506293639358, 0.04704751384675639, -0.16629440620969405, 0.4242838349931541, -0.49253337313893725, 0.23769662495289548, 0.016458205862200766, -0.23109897836042592, 0.33036631029060637, -0.5922271287264811, 0.6266646801209557, -0.2835975040683733, 0.17019467812916375, -0.21932175156380873, 0.3676311064932708, -0.3912617843143412, 0.14993952359933926, -0.06124246818610851, 0.22103729150259135, -0.24926232540974497, 0.17093492562201668, -0.36649709718150003, 0.9025587034874603, -0.4938670511694585, -0.5419567425277878, 0.5402462683772704, -0.116530848373333], [24.218350542401826, -17.70006576882466, 48.68372554769691, -76.90755386555321, 72.59462803973916, -20.181584661510122, -78.35985710636618, 226.74716096009877, -152.7480903861758, -0.15635997679799407, 0.48367107965032036, -0.26953814521494746, -0.0500174582976346, 0.24578911851034727, -0.21940611441872454, 0.07590329370937003, 0.02867527523099618, -0.12506038801425465, -0.5049092100410019, 0.9381761017019287, -0.8371376323737852, 0.35721038541585753, 0.015828921746543063, -0.1447555738490342, 0.5864135335722997, -1.194278125834985, 0.7527261608677058, 0.025321736649536943, -0.3554774283486421, 0.2899054700994581, 0.4625500086376312, -0.3524593512172672, -0.5654626205171425, 0.6642145157083318, -0.28989522231782394, -0.05973955002608879, 0.7343589454267356, -0.4776945334023802, 0.03325280472567435, -0.4441762683875093, 0.3307525711960321, 0.18321386742474138, 0.08567453485252859, -0.32916961191603067, 0.07655557442778402]]",(x0)' = -38.346 1 +  152.363 x0 + -226.152 x1 +  78.297 x2 +  20.296 x3 + -72.934 x4 +  77.232 x5 + -49.031 x6 +  17.820 x7 + -0.097 x0^2 +  0.609 x0 x1 + -0.890 x0 x2 +  0.884 x0 x3 + -0.539 x0 x4 +  0.223 x0 x5 + -0.043 x0 x6 +  0.008 x0 x7 + -0.575 x1^2 +  1.361 x1 x2 + -1.369 x1 x3 +  0.739 x1 x4 + -0.249 x1 x5 +  0.051 x1 x6 + -0.070 x1 x7 + -0.425 x2^2 +  0.316 x2 x3 +  0.295 x2 x4 + -0.330 x2 x5 +  0.028 x2 x6 +  0.121 x2 x7 +  0.322 x3^2 + -1.016 x3 x4 +  0.604 x3 x5 +  0.038 x3 x6 + -0.122 x3 x7 +  0.629 x4^2 + -0.732 x4 x5 +  0.012 x4 x7 +  0.095 x5^2 +  0.280 x5 x6 + -0.145 x6^2 + -0.061 x6 x7 +  0.055 x7^2 | (x1)' =  8.181 1 +  57.748 x0 +  32.023 x1 + -107.604 x2 +  14.726 x3 +  16.460 x4 + -23.249 x5 +  15.815 x6 + -5.574 x7 +  0.038 x0^2 + -0.193 x0 x1 +  0.247 x0 x2 + -0.191 x0 x3 +  0.069 x0 x4 + -0.002 x0 x5 +  0.004 x0 x6 + -0.010 x0 x7 +  0.147 x1^2 + -0.190 x1 x2 + -0.003 x1 x3 +  0.181 x1 x4 + -0.162 x1 x5 +  0.029 x1 x6 +  0.034 x1 x7 + -0.129 x2^2 +  0.561 x2 x3 + -0.517 x2 x4 +  0.212 x2 x5 +  0.044 x2 x6 + -0.084 x2 x7 + -0.336 x3^2 +  0.325 x3 x4 +  0.070 x3 x5 + -0.196 x3 x6 +  0.101 x3 x7 +  0.006 x4^2 + -0.222 x4 x5 +  0.182 x4 x6 + -0.042 x4 x7 +  0.153 x5^2 + -0.189 x5 x6 +  0.010 x5 x7 +  0.033 x6^2 +  0.044 x6 x7 + -0.024 x7^2 | (x2)' = -5.012 1 + -11.843 x0 +  82.611 x1 +  6.708 x2 + -92.906 x3 +  14.327 x4 +  5.515 x5 + -7.616 x6 +  3.158 x7 +  0.002 x0^2 + -0.016 x0 x1 +  0.059 x0 x2 + -0.110 x0 x3 +  0.075 x0 x4 + -0.019 x0 x5 +  0.011 x0 x6 + -0.009 x0 x7 +  0.092 x1^2 + -0.494 x1 x2 +  0.657 x1 x3 + -0.397 x1 x4 +  0.062 x1 x5 +  0.020 x1 x6 + -0.004 x1 x7 +  0.545 x2^2 + -1.143 x2 x3 +  0.428 x2 x4 +  0.227 x2 x5 + -0.269 x2 x6 +  0.086 x2 x7 +  0.393 x3^2 +  0.154 x3 x4 + -0.686 x3 x5 +  0.489 x3 x6 + -0.135 x3 x7 + -0.322 x4^2 +  0.621 x4 x5 + -0.299 x4 x6 +  0.054 x4 x7 + -0.146 x5^2 +  0.072 x5 x6 +  0.015 x5 x7 +  0.008 x6^2 + -0.038 x6 x7 +  0.014 x7^2 | (x3)' =  1.874 1 +  3.208 x0 + -19.044 x1 +  91.087 x2 +  0.567 x3 + -91.680 x4 +  18.516 x5 + -2.006 x6 + -0.693 x7 + -0.013 x0^2 +  0.013 x0 x1 +  0.027 x0 x2 + -0.025 x0 x3 +  0.046 x0 x4 + -0.050 x0 x5 +  0.011 x0 x6 +  0.008 x0 x7 +  0.007 x1^2 +  0.023 x1 x2 + -0.119 x1 x3 +  0.120 x1 x5 + -0.058 x1 x6 + -0.002 x1 x7 + -0.101 x2^2 +  0.261 x2 x3 +  0.105 x2 x4 + -0.382 x2 x5 +  0.247 x2 x6 + -0.060 x2 x7 + -0.048 x3^2 + -0.343 x3 x4 +  0.507 x3 x5 + -0.278 x3 x6 +  0.066 x3 x7 +  0.184 x4^2 + -0.149 x4 x5 + -0.022 x4 x6 +  0.023 x4 x7 + -0.096 x5^2 +  0.174 x5 x6 + -0.046 x5 x7 + -0.043 x6^2 +  0.017 x6 x7 + -0.003 x7^2 | (x4)' =  0.609 1 +  0.379 x0 +  2.917 x1 + -19.564 x2 +  91.975 x3 +  0.372 x4 + -92.756 x5 +  20.348 x6 + -3.660 x7 +  0.043 x0^2 + -0.117 x0 x1 +  0.010 x0 x2 +  0.077 x0 x3 + -0.112 x0 x4 +  0.111 x0 x5 + -0.058 x0 x6 +  0.004 x0 x7 +  0.029 x1^2 +  0.197 x1 x2 + -0.275 x1 x3 +  0.255 x1 x4 + -0.211 x1 x5 +  0.092 x1 x6 +  0.005 x1 x7 + -0.244 x2^2 +  0.498 x2 x3 + -0.431 x2 x4 +  0.332 x2 x5 + -0.144 x2 x6 +  0.013 x2 x7 + -0.261 x3^2 +  0.472 x3 x4 + -0.312 x3 x5 +  0.122 x3 x6 + -0.037 x3 x7 + -0.173 x4^2 +  0.125 x4 x5 + -0.049 x4 x6 +  0.067 x4 x7 + -0.005 x5^2 +  0.105 x5 x6 + -0.134 x5 x7 + -0.108 x6^2 +  0.149 x6 x7 + -0.035 x7^2 | (x5)' = -1.672 1 + -2.776 x0 +  6.475 x1 + -4.236 x2 + -14.499 x3 +  91.407 x4 + -4.479 x5 + -84.205 x6 +  12.397 x7 + -0.055 x0^2 +  0.185 x0 x1 + -0.107 x0 x2 +  0.066 x0 x4 + -0.039 x0 x5 + -0.031 x0 x6 +  0.039 x0 x7 + -0.106 x1^2 +  0.023 x1 x2 +  0.080 x1 x3 + -0.104 x1 x4 + -0.027 x1 x5 +  0.175 x1 x6 + -0.124 x1 x7 +  0.063 x2^2 + -0.134 x2 x3 +  0.161 x2 x4 + -0.187 x2 x6 +  0.125 x2 x7 +  0.086 x3^2 + -0.296 x3 x4 +  0.171 x3 x5 +  0.008 x3 x6 + -0.008 x3 x7 +  0.233 x4^2 + -0.439 x4 x5 +  0.351 x4 x6 + -0.207 x4 x7 +  0.340 x5^2 + -0.753 x5 x6 +  0.419 x5 x7 +  0.426 x6^2 + -0.426 x6 x7 +  0.092 x7^2 | (x6)' = -0.587 1 +  5.503 x0 + -15.683 x1 +  23.200 x2 + -16.573 x3 + -14.306 x4 +  107.216 x5 + -31.944 x6 + -57.770 x7 +  0.056 x0^2 + -0.179 x0 x1 +  0.141 x0 x2 + -0.085 x0 x3 +  0.056 x0 x4 + -0.112 x0 x5 +  0.148 x0 x6 + -0.080 x0 x7 +  0.067 x1^2 + -0.010 x1 x2 +  0.047 x1 x3 + -0.166 x1 x4 +  0.424 x1 x5 + -0.493 x1 x6 +  0.238 x1 x7 +  0.016 x2^2 + -0.231 x2 x3 +  0.330 x2 x4 + -0.592 x2 x5 +  0.627 x2 x6 + -0.284 x2 x7 +  0.170 x3^2 + -0.219 x3 x4 +  0.368 x3 x5 + -0.391 x3 x6 +  0.150 x3 x7 + -0.061 x4^2 +  0.221 x4 x5 + -0.249 x4 x6 +  0.171 x4 x7 + -0.366 x5^2 +  0.903 x5 x6 + -0.494 x5 x7 + -0.542 x6^2 +  0.540 x6 x7 + -0.117 x7^2 | (x7)' =  24.218 1 + -17.700 x0 +  48.684 x1 + -76.908 x2 +  72.595 x3 + -20.182 x4 + -78.360 x5 +  226.747 x6 + -152.748 x7 + -0.156 x0^2 +  0.484 x0 x1 + -0.270 x0 x2 + -0.050 x0 x3 +  0.246 x0 x4 + -0.219 x0 x5 +  0.076 x0 x6 +  0.029 x0 x7 + -0.125 x1^2 + -0.505 x1 x2 +  0.938 x1 x3 + -0.837 x1 x4 +  0.357 x1 x5 +  0.016 x1 x6 + -0.145 x1 x7 +  0.586 x2^2 + -1.194 x2 x3 +  0.753 x2 x4 +  0.025 x2 x5 + -0.355 x2 x6 +  0.290 x2 x7 +  0.463 x3^2 + -0.352 x3 x4 + -0.565 x3 x5 +  0.664 x3 x6 + -0.290 x3 x7 + -0.060 x4^2 +  0.734 x4 x5 + -0.478 x4 x6 +  0.033 x4 x7 + -0.444 x5^2 +  0.331 x5 x6 +  0.183 x5 x7 +  0.086 x6^2 + -0.329 x6 x7 +  0.077 x7^2
34,80.0,100.0,37.49490932254601,2,8,5,20.0,140.0,0,0.0,finite_difference,success,,357,360,99.16666666666667,3.1560990754514933,"[""1"", ""x0"", ""x1"", ""x2"", ""x3"", ""x4"", ""x5"", ""x6"", ""x7"", ""x0^2"", ""x0 x1"", ""x0 x2"", ""x0 x3"", ""x0 x4"", ""x0 x5"", ""x0 x6"", ""x0 x7"", ""x1^2"", ""x1 x2"", ""x1 x3"", ""x1 x4"", ""x1 x5"", ""x1 x6"", ""x1 x7"", ""x2^2"", ""x2 x3"", ""x2 x4"", ""x2 x5"", ""x2 x6"", ""x2 x7"", ""x3^2"", ""x3 x4"", ""x3 x5"", ""x3 x6"", ""x3 x7"", ""x4^2"", ""x4 x5"", ""x4 x6"", ""x4 x7"", ""x5^2"", ""x5 x6"", ""x5 x7"", ""x6^2"", ""x6 x7"", ""x7^2""]","[[-40.9512010020078, 16.79865878644623, -40.101094106885625, 11.00814736609611, 2.249556488174519, 5.132142757780387, -2.399744650667612, 0.41529780613716827, 1.1877836458544777, 0.03185186365140045, 0.07671043721373516, -0.04341093690412668, -0.028891778999446952, -0.04787857190627654, 0.0160695627934417, 0.02589713687974367, 0.0019737180930345824, -0.03472427533253623, -0.004612899984850807, -0.011209533232263235, 0.026569626354454947, 0.006525578924692657, -0.01849445343555418, -0.01954778174894677, 0.02317073987044433, 0.007726333108390558, 0.01054182583956545, -0.01807494165653274, -0.01680659198934299, 0.011447430984858602, -0.00039938530071650865, 0.004502942375089892, 0.02328625635369176, -0.012035662397204093, 0.01567440415867734, -0.00431627526681105, 0.0002871351171931915, -0.008242230637210204, -0.0016700854039806352, -0.0025171076586860087, -0.023480760153131736, 0.01801257935868731, 0.019797314090309794, -0.012411421046550684, -0.0043800113990580865], [-44.91014034481987, 32.2927051500037, 1.3918468049244344, -36.8247602589731, 7.225300256171833, -2.9073905307395917, 2.078205267510324, -1.7957545426771349, -0.09711985812764135, 0.12992002309870354, -0.24887026201750137, 0.028136796588555394, -0.005075598055759612, 0.01965950163605115, 0.011389750242892899, -0.024151011014430627, -0.008075830423428233, 0.02237011154539933, 0.14712138870318886, -0.014645429958999309, 0.010978911237533149, -0.0415710605207572, 0.02599970401556844, 0.032502726450916584, -0.07853172033852947, -0.003514167033502037, -0.01248687715244122, 0.02362813457604255, 0.0046631579762762354, -0.023622772162576904, 0.01855097270827302, -0.0031337732522052353, -0.01132027121700867, 0.01179485927648717, -0.00623625710573597, -0.0054245174750855545, 2.284322036279883e-05, 0.001882577933859889, 0.0, -0.0052983758018161605, 0.023646051926548933, -0.010447084303906019, -0.010278041827718359, -0.007517325770881755, 0.008430145876577562], [-33.81084382093743, -8.227823423290397, 36.665674618126594, 0.1200454058784826, -35.73532539805018, 8.524475267961245, -2.1284247975949246, 1.9260147687985147, -1.5363895660185594, -0.04058293945834276, -0.01975025162096075, 0.14246136823974312, -0.07242263255791061, 0.00889394312728347, -0.009470467610855689, 0.007233352163409313, -0.0005143961748337978, 0.16526732084911255, -0.33970333640813455, 0.06382114795691968, -0.004032053099397258, 0.029778771046775745, 0.006512570657029158, -0.022711778289373364, 0.05376406634379971, 0.12123142560707231, -0.03434554289083273, -0.0037113509249159463, -0.04064356424127747, 0.03087697171189093, -0.06936568061277089, 0.006694273658359638, -0.002008841176599515, 0.016270239040976138, -0.003803043114216074, 0.01775363692260182, -0.0009659396216117911, -0.009635533902480729, 0.005599082428765836, -0.0019302343428372407, -0.0034700281417157646, -0.00020592209889834314, -0.002598325227543503, 0.015167646941101585, -0.008531348245080549], [-36.3766249587616, 1.3327435756074895, -9.174222392284738, 37.0394525628403, -0.22942181495905528, -36.14876461553573, 8.224663123177502, -1.9486157994310684, 1.135009456783251, 0.007692923544217289, 0.03093757811531536, -0.047403861692064404, 0.016482362904215273, 0.00754530117460636, -0.021643350567982143, 0.005994801633756346, 0.005686840977359803, -0.05939872930125002, 0.006529911164743235, 0.13325795991363604, -0.08147601143121584, 0.016855990643386404, -0.010974281276003889, 0.0011691724572082506, 0.15757831320659216, -0.3342873244386797, 0.07039701659357327, -0.004346388676197529, 0.03157431945186785, 0.0015999705711582954, 0.05454090535440386, 0.1196088522813219, -0.029796288994034123, -0.007629495795439951, -0.02671670724420817, -0.07175363195431085, 0.008655863445507622, -0.0032830922574487347, 0.015635275273757965, 0.01878172080440134, -0.0035897145303884653, -0.0023762573125360588, -0.0024223573806654406, 0.0, -0.002737938576906968], [-46.587966575640166, -0.9739550808634243, 2.0291639766564864, -9.416615365874542, 37.24690493525501, 0.09112177325397033, -35.921929139869476, 8.044507343937159, -1.3459526654764074, 0.0012727760180888965, -0.026685160088527265, 0.030207789486394267, -0.02265578184003233, 0.02588959868198462, -0.0052366999571113815, 0.008460140253278263, -0.01136977522420963, 0.02181343836008866, 0.013503158756561816, -0.03462168949724232, 0.005943716860225458, 0.012975232010526886, -0.02769561411257112, 0.016832145260681077, -0.054368145338450906, 0.00029677676990298686, 0.13244934286366009, -0.08705003362022981, 0.019061988360938933, -0.014480709314947817, 0.16004805100598812, -0.33533849143571254, 0.07641809772147463, -0.006751380624480555, 0.03403726963959189, 0.04737646382639467, 0.11637155426438554, -0.02635148354367581, -0.021246189211871342, -0.06867938923534278, 0.005755650402823889, 0.004259327119091911, 0.020003041807198408, -0.008824405463437162, 0.001033812953220797], [-36.1150003974423, 1.4768204846563884, -1.9206352928600847, 2.3607008966295195, -9.69843719337746, 36.82129820651653, -0.25745723222077643, -35.701035706224175, 7.318323275462583, 0.0, 0.025178312287722014, -0.02480285582848079, 0.021094572074785982, -0.015860490434865572, -0.01742216061568469, 0.01597268031497791, -0.00172566943759825, -0.01399216539542879, -0.010693238222586993, 0.016231068067986736, -0.01685052566723321, 0.02920249899471058, -0.008908373188107428, 0.0017673842517628808, 0.016471993330687287, 0.020108148209902404, -0.030695620787656492, 0.010126680681126382, 0.011802549278773103, -0.016532175597516817, -0.05734658067186629, -0.0015989412275275333, 0.12723367304504826, -0.08561812773459228, 0.011750114351234459, 0.1663769690813336, -0.32887357163438086, 0.0683351554067338, 0.009263588896757961, 0.04558632051799921, 0.11759539269909867, -0.03422162354266433, -0.06870137637651261, 0.00893194974754101, 0.012264226128631747], [-46.01722846424445, 0.19145315571346186, 1.744356939768539, -2.1780758104924733, 3.0782259256683724, -8.638333467136006, 37.76966965480877, -1.2414679802588495, -31.899059203490726, 0.007737825103643472, -0.022898316363252555, 0.003436717785474003, 0.012174549944865887, -0.0031115754786189592, 0.014098268205354288, -0.004509813217253084, -0.01015603478833408, 0.007940619024883038, 0.026011549842166692, -0.0341661519060036, 0.022414681352994112, -0.02321034213149935, -0.017255740274125304, 0.024231722043400353, -0.01411666399201031, -0.006376293217721124, 0.01722633031719708, -0.021504686103889586, 0.033084055497982164, -0.015798083051086723, 0.010553718795499479, 0.02086693302125779, -0.03504391050177101, 0.011244610587621292, 0.009722835302003898, -0.05396876468770448, -0.002128787077993008, 0.12226992983794795, -0.0762627887031213, 0.17090118335463303, -0.3308190713080963, 0.07057079024862967, 0.04789777051952978, 0.08877877369012, -0.046545755366963634], [-11.050963120222226, -1.4501714019084861, -0.16004058162722, 2.3802252716811445, -5.1955060754733084, -1.7067643681718805, -12.712573841489004, 41.8856641971879, -17.284093903646518, -0.004101907098549638, -5.8012477660292104e-05, 0.025578609919025917, -0.024734105653410703, -0.006143536204453156, -0.007396150071615093, -0.005221805231847481, 0.022738685230217978, -0.0008121289213300412, -0.0329810281163933, 0.027952485935443108, 0.020679621275098654, 0.007378433898811002, 0.023898623409340788, -0.02619422985268018, 0.01105471986803103, 0.016786875998308103, -0.03769165577869557, 0.0466149751584168, -0.04401035776917486, 0.005853224597599336, 0.0006337733335954927, -0.013030043856405592, 0.0052200948360557635, -0.021723002632529246, 0.01935773192220308, 0.004980985059036223, 0.029258582477997914, -0.030225498636063025, 0.017294380182981246, -0.08904523464155417, 0.009929402178107904, 0.11600824827086398, 0.16807852539172397, -0.24923744509420673, 0.0099533802110416]]",(x0)' = -40.951 1 +  16.799 x0 + -40.101 x1 +  11.008 x2 +  2.250 x3 +  5.132 x4 + -2.400 x5 +  0.415 x6 +  1.188 x7 +  0.032 x0^2 +  0.077 x0 x1 + -0.043 x0 x2 + -0.029 x0 x3 + -0.048 x0 x4 +  0.016 x0 x5 +  0.026 x0 x6 +  0.002 x0 x7 + -0.035 x1^2 + -0.005 x1 x2 + -0.011 x1 x3 +  0.027 x1 x4 +  0.007 x1 x5 + -0.018 x1 x6 + -0.020 x1 x7 +  0.023 x2^2 +  0.008 x2 x3 +  0.011 x2 x4 + -0.018 x2 x5 + -0.017 x2 x6 +  0.011 x2 x7 +  0.005 x3 x4 +  0.023 x3 x5 + -0.012 x3 x6 +  0.016 x3 x7 + -0.004 x4^2 + -0.008 x4 x6 + -0.002 x4 x7 + -0.003 x5^2 + -0.023 x5 x6 +  0.018 x5 x7 +  0.020 x6^2 + -0.012 x6 x7 + -0.004 x7^2 | (x1)' = -44.910 1 +  32.293 x0 +  1.392 x1 + -36.825 x2 +  7.225 x3 + -2.907 x4 +  2.078 x5 + -1.796 x6 + -0.097 x7 +  0.130 x0^2 + -0.249 x0 x1 +  0.028 x0 x2 + -0.005 x0 x3 +  0.020 x0 x4 +  0.011 x0 x5 + -0.024 x0 x6 + -0.008 x0 x7 +  0.022 x1^2 +  0.147 x1 x2 + -0.015 x1 x3 +  0.011 x1 x4 + -0.042 x1 x5 +  0.026 x1 x6 +  0.033 x1 x7 + -0.079 x2^2 + -0.004 x2 x3 + -0.012 x2 x4 +  0.024 x2 x5 +  0.005 x2 x6 + -0.024 x2 x7 +  0.019 x3^2 + -0.003 x3 x4 + -0.011 x3 x5 +  0.012 x3 x6 + -0.006 x3 x7 + -0.005 x4^2 +  0.002 x4 x6 + -0.005 x5^2 +  0.024 x5 x6 + -0.010 x5 x7 + -0.010 x6^2 + -0.008 x6 x7 +  0.008 x7^2 | (x2)' = -33.811 1 + -8.228 x0 +  36.666 x1 +  0.120 x2 + -35.735 x3 +  8.524 x4 + -2.128 x5 +  1.926 x6 + -1.536 x7 + -0.041 x0^2 + -0.020 x0 x1 +  0.142 x0 x2 + -0.072 x0 x3 +  0.009 x0 x4 + -0.009 x0 x5 +  0.007 x0 x6 + -0.001 x0 x7 +  0.165 x1^2 + -0.340 x1 x2 +  0.064 x1 x3 + -0.004 x1 x4 +  0.030 x1 x5 +  0.007 x1 x6 + -0.023 x1 x7 +  0.054 x2^2 +  0.121 x2 x3 + -0.034 x2 x4 + -0.004 x2 x5 + -0.041 x2 x6 +  0.031 x2 x7 + -0.069 x3^2 +  0.007 x3 x4 + -0.002 x3 x5 +  0.016 x3 x6 + -0.004 x3 x7 +  0.018 x4^2 + -0.001 x4 x5 + -0.010 x4 x6 +  0.006 x4 x7 + -0.002 x5^2 + -0.003 x5 x6 + -0.003 x6^2 +  0.015 x6 x7 + -0.009 x7^2 | (x3)' = -36.377 1 +  1.333 x0 + -9.174 x1 +  37.039 x2 + -0.229 x3 + -36.149 x4 +  8.225 x5 + -1.949 x6 +  1.135 x7 +  0.008 x0^2 +  0.031 x0 x1 + -0.047 x0 x2 +  0.016 x0 x3 +  0.008 x0 x4 + -0.022 x0 x5 +  0.006 x0 x6 +  0.006 x0 x7 + -0.059 x1^2 +  0.007 x1 x2 +  0.133 x1 x3 + -0.081 x1 x4 +  0.017 x1 x5 + -0.011 x1 x6 +  0.001 x1 x7 +  0.158 x2^2 + -0.334 x2 x3 +  0.070 x2 x4 + -0.004 x2 x5 +  0.032 x2 x6 +  0.002 x2 x7 +  0.055 x3^2 +  0.120 x3 x4 + -0.030 x3 x5 + -0.008 x3 x6 + -0.027 x3 x7 + -0.072 x4^2 +  0.009 x4 x5 + -0.003 x4 x6 +  0.016 x4 x7 +  0.019 x5^2 + -0.004 x5 x6 + -0.002 x5 x7 + -0.002 x6^2 + -0.003 x7^2 | (x4)' = -46.588 1 + -0.974 x0 +  2.029 x1 + -9.417 x2 +  37.247 x3 +  0.091 x4 + -35.922 x5 +  8.045 x6 + -1.346 x7 +  0.001 x0^2 + -0.027 x0 x1 +  0.030 x0 x2 + -0.023 x0 x3 +  0.026 x0 x4 + -0.005 x0 x5 +  0.008 x0 x6 + -0.011 x0 x7 +  0.022 x1^2 +  0.014 x1 x2 + -0.035 x1 x3 +  0.006 x1 x4 +  0.013 x1 x5 + -0.028 x1 x6 +  0.017 x1 x7 + -0.054 x2^2 +  0.132 x2 x4 + -0.087 x2 x5 +  0.019 x2 x6 + -0.014 x2 x7 +  0.160 x3^2 + -0.335 x3 x4 +  0.076 x3 x5 + -0.007 x3 x6 +  0.034 x3 x7 +  0.047 x4^2 +  0.116 x4 x5 + -0.026 x4 x6 + -0.021 x4 x7 + -0.069 x5^2 +  0.006 x5 x6 +  0.004 x5 x7 +  0.020 x6^2 + -0.009 x6 x7 +  0.001 x7^2 | (x5)' = -36.115 1 +  1.477 x0 + -1.921 x1 +  2.361 x2 + -9.698 x3 +  36.821 x4 + -0.257 x5 + -35.701 x6 +  7.318 x7 +  0.025 x0 x1 + -0.025 x0 x2 +  0.021 x0 x3 + -0.016 x0 x4 + -0.017 x0 x5 +  0.016 x0 x6 + -0.002 x0 x7 + -0.014 x1^2 + -0.011 x1 x2 +  0.016 x1 x3 + -0.017 x1 x4 +  0.029 x1 x5 + -0.009 x1 x6 +  0.002 x1 x7 +  0.016 x2^2 +  0.020 x2 x3 + -0.031 x2 x4 +  0.010 x2 x5 +  0.012 x2 x6 + -0.017 x2 x7 + -0.057 x3^2 + -0.002 x3 x4 +  0.127 x3 x5 + -0.086 x3 x6 +  0.012 x3 x7 +  0.166 x4^2 + -0.329 x4 x5 +  0.068 x4 x6 +  0.009 x4 x7 +  0.046 x5^2 +  0.118 x5 x6 + -0.034 x5 x7 + -0.069 x6^2 +  0.009 x6 x7 +  0.012 x7^2 | (x6)' = -46.017 1 +  0.191 x0 +  1.744 x1 + -2.178 x2 +  3.078 x3 + -8.638 x4 +  37.770 x5 + -1.241 x6 + -31.899 x7 +  0.008 x0^2 + -0.023 x0 x1 +  0.003 x0 x2 +  0.012 x0 x3 + -0.003 x0 x4 +  0.014 x0 x5 + -0.005 x0 x6 + -0.010 x0 x7 +  0.008 x1^2 +  0.026 x1 x2 + -0.034 x1 x3 +  0.022 x1 x4 + -0.023 x1 x5 + -0.017 x1 x6 +  0.024 x1 x7 + -0.014 x2^2 + -0.006 x2 x3 +  0.017 x2 x4 + -0.022 x2 x5 +  0.033 x2 x6 + -0.016 x2 x7 +  0.011 x3^2 +  0.021 x3 x4 + -0.035 x3 x5 +  0.011 x3 x6 +  0.010 x3 x7 + -0.054 x4^2 + -0.002 x4 x5 +  0.122 x4 x6 + -0.076 x4 x7 +  0.171 x5^2 + -0.331 x5 x6 +  0.071 x5 x7 +  0.048 x6^2 +  0.089 x6 x7 + -0.047 x7^2 | (x7)' = -11.051 1 + -1.450 x0 + -0.160 x1 +  2.380 x2 + -5.196 x3 + -1.707 x4 + -12.713 x5 +  41.886 x6 + -17.284 x7 + -0.004 x0^2 +  0.026 x0 x2 + -0.025 x0 x3 + -0.006 x0 x4 + -0.007 x0 x5 + -0.005 x0 x6 +  0.023 x0 x7 + -0.001 x1^2 + -0.033 x1 x2 +  0.028 x1 x3 +  0.021 x1 x4 +  0.007 x1 x5 +  0.024 x1 x6 + -0.026 x1 x7 +  0.011 x2^2 +  0.017 x2 x3 + -0.038 x2 x4 +  0.047 x2 x5 + -0.044 x2 x6 +  0.006 x2 x7 +  0.001 x3^2 + -0.013 x3 x4 +  0.005 x3 x5 + -0.022 x3 x6 +  0.019 x3 x7 +  0.005 x4^2 +  0.029 x4 x5 + -0.030 x4 x6 +  0.017 x4 x7 + -0.089 x5^2 +  0.010 x5 x6 +  0.116 x5 x7 +  0.168 x6^2 + -0.249 x6 x7 +  0.010 x7^2
35,80.0,100.0,37.49490932254601,2,8,5,20.0,140.0,5,20.0,smoothed_finite_difference_savgol_order_3,success,,357,360,99.16666666666667,3.2204343043267727,"[""1"", ""x0"", ""x1"", ""x2"", ""x3"", ""x4"", ""x5"", ""x6"", ""x7"", ""x0^2"", ""x0 x1"", ""x0 x2"", ""x0 x3"", ""x0 x4"", ""x0 x5"", ""x0 x6"", ""x0 x7"", ""x1^2"", ""x1 x2"", ""x1 x3"", ""x1 x4"", ""x1 x5"", ""x1 x6"", ""x1 x7"", ""x2^2"", ""x2 x3"", ""x2 x4"", ""x2 x5"", ""x2 x6"", ""x2 x7"", ""x3^2"", ""x3 x4"", ""x3 x5"", ""x3 x6"", ""x3 x7"", ""x4^2"", ""x4 x5"", ""x4 x6"", ""x4 x7"", ""x5^2"", ""x5 x6"", ""x5 x7"", ""x6^2"", ""x6 x7"", ""x7^2""]","[[-38.75093012973909, 17.20558822602981, -40.6243093023125, 11.396494145641446, 2.0579971892442845, 5.2390996782154895, -2.5202081482974754, 0.47802172399641185, 1.1340395903307505, 0.03135229830606115, 0.08150089409864074, -0.04468362030742094, -0.028849940916991654, -0.04890055558691269, 0.015263792337325072, 0.027387599115553093, 0.001503550265327347, -0.037523531573737466, -0.005828849684650396, -0.012158498103142689, 0.026846570130955018, 0.008631786970498382, -0.020036837754478683, -0.019260606213343044, 0.02484714693470355, 0.008306328029368872, 0.012388429406090775, -0.021777047616232635, -0.015450626850501224, 0.011648731770901704, -0.002063356624032229, 0.004597938720390415, 0.026441254826397694, -0.01395504952691668, 0.016724899663040582, -0.004091652632833952, -0.0011001183379164886, -0.008001333573389922, -0.002894297697301534, -0.002627738784677341, -0.023556557642730472, 0.01944863840849676, 0.02049729448852608, -0.01311628541821248, -0.00460186911626913], [-40.8263751027085, 32.260374301352904, 1.5057602030218677, -37.07592554081542, 7.487817439272743, -3.0855780061612124, 2.1939509838158426, -1.8565697608395917, -0.06862431999564965, 0.12741863200327738, -0.2470736310898556, 0.02507657642908111, -0.003329370729983225, 0.019952913542444186, 0.012706580299413942, -0.023474531537857054, -0.009046828269498387, 0.022227184383870478, 0.1533869831233669, -0.016076222847140973, 0.011021517961446384, -0.044331066098590395, 0.02527378994858164, 0.03318100357106511, -0.08215412402347962, -0.003772222278370544, -0.013365821884238929, 0.025472249020632033, 0.00592538451657017, -0.023644254813535888, 0.02032264878759314, -0.003423280458219961, -0.010665806464187359, 0.010194778045056519, -0.0077049354080576836, -0.006861472682440531, 0.0007660009401846573, 0.0013944093834453893, 0.004193704365451458, -0.00505274602068356, 0.024337090273244374, -0.014015943976953403, -0.01128472250381334, -0.005221099338947971, 0.008069211366071681], [-29.019035974872423, -8.363044308661275, 36.75181444687201, 0.15989750804229869, -35.92514491504977, 8.80889639600901, -2.290425682339329, 2.0193045519767736, -1.5713160542037905, -0.04312778872335438, -0.01389345648103645, 0.14179922604124842, -0.07211561225398304, 0.009055147245218156, -0.010206559055258444, 0.005748245756068346, 0.0009203134548498319, 0.16174224224311257, -0.339500801871249, 0.060567757401654064, -0.003103032159495135, 0.030571352869968888, 0.008380328785690392, -0.023307478322333607, 0.054869466154484105, 0.12672994061242515, -0.03579687622323155, -0.00399767677250536, -0.0431278900273499, 0.03057260753434092, -0.07265627682331664, 0.0063474249407978155, -0.0022332723616442763, 0.017451091067999826, -0.0024294994559372887, 0.019211853020445716, -0.0005294976622307715, -0.009210067145188712, 0.003618670379282944, -0.002893792469007418, -0.003563080356889397, 0.0013455581229024642, -0.002049800040409516, 0.014152344568515218, -0.00857130245660257], [-31.123958724589677, 1.4538216648715943, -9.40105904589056, 37.16813596449689, -0.21870351003286592, -36.352400965928645, 8.480745720108665, -2.0761513491780947, 1.1822386567238707, 0.007843465235176242, 0.03306362459588553, -0.04874123565051568, 0.01558530748710108, 0.007180827112437878, -0.018118337847318214, 0.0, 0.008548301948019045, -0.06363704512535849, 0.013932899693783765, 0.1330308361675307, -0.08128564988800245, 0.015558094287680384, -0.008712592687240334, -0.0014717186788184044, 0.1536698738622054, -0.3343097335060141, 0.06789687139444422, -0.003482901548084534, 0.03185664605014092, 0.0035216240349608702, 0.055669987360691495, 0.12540050352815504, -0.03209274088191331, -0.006956896396839075, -0.02926288972972704, -0.07456950060221468, 0.007049445354415666, -0.0016437345245559757, 0.015077496874542781, 0.019757869854888616, -0.003529909486912942, 0.0, -0.0031138589000281425, -0.0008840007752982439, -0.002355487768025239], [-40.97554180452428, -1.0270917699153463, 2.191677413099418, -9.655061109021531, 37.38480204055676, 0.1256244516439067, -36.12308684369319, 8.2845090361612, -1.4390836436375938, 0.0007421647483380089, -0.026566924326245182, 0.02882194199710642, -0.02016684401519939, 0.024016369808539082, -0.0023362767612299805, 0.0060596192900941, -0.010966601454338608, 0.022661478341713368, 0.015135379488219369, -0.037484879419517406, 0.005177909171049199, 0.012478674860727188, -0.02634433126624421, 0.017628681886670862, -0.05819113793151517, 0.008125240949085039, 0.13259451497985184, -0.08708104335704568, 0.018930312488835064, -0.016136430011959687, 0.15580994086723315, -0.3353297046776901, 0.07351448723559982, -0.005558105023209684, 0.03567496627278948, 0.04850996839906789, 0.12138324400387182, -0.026951322802688665, -0.0230022630898624, -0.07193353409494484, 0.005036697075247119, 0.005152462560761101, 0.021219922753636686, -0.008771268438604856, 0.0005866793349298443], [-30.870227986496353, 1.5188318712754887, -2.0175160492690027, 2.5471774313004416, -9.958727967890214, 36.93949079083097, -0.24631387303576907, -35.87216665029801, 7.4974846082401685, 0.0, 0.02678862860274564, -0.02522449243070552, 0.02084989807511094, -0.01622963389588823, -0.01768312354836247, 0.014994339375485737, -0.0013717463739265857, -0.01568131221492169, -0.009870135880934291, 0.014385871350627523, -0.013949156940845387, 0.02736278828460518, -0.005505362339153948, -0.0005662265152565097, 0.01705325480046587, 0.022277413435944426, -0.0336265986581241, 0.009578141141049577, 0.011164404809600815, -0.01473851313319346, -0.061444608629211556, 0.006385890038387107, 0.127055451439109, -0.0851933678534133, 0.01069914560680233, 0.16243491286896505, -0.32882868898405254, 0.06529124739934869, 0.01103803894467081, 0.04638733158759991, 0.12296381931488298, -0.03533181891906524, -0.07187057171148925, 0.008385769481494788, 0.013231714988286944], [-39.533317270836285, 0.16446649430718277, 1.8070015279614116, -2.2935393596391864, 3.2843688733240866, -8.869693156681194, 37.95170383890065, -1.321388774506266, -31.907444817059744, 0.006909464077610813, -0.02230177473867753, 0.003512825487540358, 0.011177106302214586, -0.0004809653442391236, 0.013326960436931143, -0.00471115684058339, -0.010305712711225039, 0.007811845372340717, 0.027962049867102642, -0.03463097234733159, 0.02084147816225935, -0.0230062113015186, -0.017416063293536233, 0.023787607672825548, -0.015749640110619828, -0.005673062836119884, 0.015633826155069513, -0.019856131776699315, 0.03175337604006168, -0.014119535718520553, 0.011194423657544176, 0.023169525843173888, -0.03722795367349118, 0.010712683976646178, 0.010140752325335995, -0.05853809698512124, 0.005727517804561798, 0.12190198322571771, -0.07612200431039251, 0.1675179616866252, -0.3309550885983673, 0.0682880325399463, 0.04880621964179409, 0.09281743128477296, -0.04898343874632162], [-7.192853267938213, -1.3903762903695274, -0.22951775785446488, 2.5009022912659264, -5.305451454552998, -1.4837001200036664, -13.08715113977529, 42.33273073468155, -17.667352938627868, -0.003919769841200893, 0.00035583093787692506, 0.02491874913156599, -0.024950583155095265, -0.005699210363017653, -0.008411297246429977, -0.004674922682284631, 0.02277586225444147, -0.00213227405271636, -0.032551628712387, 0.029329693921914375, 0.01883138892146817, 0.010703808747005474, 0.02293833239632816, -0.026853393143986198, 0.010976152217069986, 0.017799128964046815, -0.03798530117170406, 0.046014379094427724, -0.044107032535301384, 0.005908412226675771, 0.0002590345507509803, -0.013165498569040316, 0.003686934694492816, -0.02080924686289319, 0.018575262315011703, 0.006037950595684285, 0.03227989987936981, -0.032949508993373094, 0.017281901457206796, -0.09466378494636432, 0.017501772454632296, 0.11620153968071265, 0.1657374260380168, -0.2505623208257959, 0.011893484162969162]]",(x0)' = -38.751 1 +  17.206 x0 + -40.624 x1 +  11.396 x2 +  2.058 x3 +  5.239 x4 + -2.520 x5 +  0.478 x6 +  1.134 x7 +  0.031 x0^2 +  0.082 x0 x1 + -0.045 x0 x2 + -0.029 x0 x3 + -0.049 x0 x4 +  0.015 x0 x5 +  0.027 x0 x6 +  0.002 x0 x7 + -0.038 x1^2 + -0.006 x1 x2 + -0.012 x1 x3 +  0.027 x1 x4 +  0.009 x1 x5 + -0.020 x1 x6 + -0.019 x1 x7 +  0.025 x2^2 +  0.008 x2 x3 +  0.012 x2 x4 + -0.022 x2 x5 + -0.015 x2 x6 +  0.012 x2 x7 + -0.002 x3^2 +  0.005 x3 x4 +  0.026 x3 x5 + -0.014 x3 x6 +  0.017 x3 x7 + -0.004 x4^2 + -0.001 x4 x5 + -0.008 x4 x6 + -0.003 x4 x7 + -0.003 x5^2 + -0.024 x5 x6 +  0.019 x5 x7 +  0.020 x6^2 + -0.013 x6 x7 + -0.005 x7^2 | (x1)' = -40.826 1 +  32.260 x0 +  1.506 x1 + -37.076 x2 +  7.488 x3 + -3.086 x4 +  2.194 x5 + -1.857 x6 + -0.069 x7 +  0.127 x0^2 + -0.247 x0 x1 +  0.025 x0 x2 + -0.003 x0 x3 +  0.020 x0 x4 +  0.013 x0 x5 + -0.023 x0 x6 + -0.009 x0 x7 +  0.022 x1^2 +  0.153 x1 x2 + -0.016 x1 x3 +  0.011 x1 x4 + -0.044 x1 x5 +  0.025 x1 x6 +  0.033 x1 x7 + -0.082 x2^2 + -0.004 x2 x3 + -0.013 x2 x4 +  0.025 x2 x5 +  0.006 x2 x6 + -0.024 x2 x7 +  0.020 x3^2 + -0.003 x3 x4 + -0.011 x3 x5 +  0.010 x3 x6 + -0.008 x3 x7 + -0.007 x4^2 +  0.001 x4 x5 +  0.001 x4 x6 +  0.004 x4 x7 + -0.005 x5^2 +  0.024 x5 x6 + -0.014 x5 x7 + -0.011 x6^2 + -0.005 x6 x7 +  0.008 x7^2 | (x2)' = -29.019 1 + -8.363 x0 +  36.752 x1 +  0.160 x2 + -35.925 x3 +  8.809 x4 + -2.290 x5 +  2.019 x6 + -1.571 x7 + -0.043 x0^2 + -0.014 x0 x1 +  0.142 x0 x2 + -0.072 x0 x3 +  0.009 x0 x4 + -0.010 x0 x5 +  0.006 x0 x6 +  0.001 x0 x7 +  0.162 x1^2 + -0.340 x1 x2 +  0.061 x1 x3 + -0.003 x1 x4 +  0.031 x1 x5 +  0.008 x1 x6 + -0.023 x1 x7 +  0.055 x2^2 +  0.127 x2 x3 + -0.036 x2 x4 + -0.004 x2 x5 + -0.043 x2 x6 +  0.031 x2 x7 + -0.073 x3^2 +  0.006 x3 x4 + -0.002 x3 x5 +  0.017 x3 x6 + -0.002 x3 x7 +  0.019 x4^2 + -0.001 x4 x5 + -0.009 x4 x6 +  0.004 x4 x7 + -0.003 x5^2 + -0.004 x5 x6 +  0.001 x5 x7 + -0.002 x6^2 +  0.014 x6 x7 + -0.009 x7^2 | (x3)' = -31.124 1 +  1.454 x0 + -9.401 x1 +  37.168 x2 + -0.219 x3 + -36.352 x4 +  8.481 x5 + -2.076 x6 +  1.182 x7 +  0.008 x0^2 +  0.033 x0 x1 + -0.049 x0 x2 +  0.016 x0 x3 +  0.007 x0 x4 + -0.018 x0 x5 +  0.009 x0 x7 + -0.064 x1^2 +  0.014 x1 x2 +  0.133 x1 x3 + -0.081 x1 x4 +  0.016 x1 x5 + -0.009 x1 x6 + -0.001 x1 x7 +  0.154 x2^2 + -0.334 x2 x3 +  0.068 x2 x4 + -0.003 x2 x5 +  0.032 x2 x6 +  0.004 x2 x7 +  0.056 x3^2 +  0.125 x3 x4 + -0.032 x3 x5 + -0.007 x3 x6 + -0.029 x3 x7 + -0.075 x4^2 +  0.007 x4 x5 + -0.002 x4 x6 +  0.015 x4 x7 +  0.020 x5^2 + -0.004 x5 x6 + -0.003 x6^2 + -0.001 x6 x7 + -0.002 x7^2 | (x4)' = -40.976 1 + -1.027 x0 +  2.192 x1 + -9.655 x2 +  37.385 x3 +  0.126 x4 + -36.123 x5 +  8.285 x6 + -1.439 x7 +  0.001 x0^2 + -0.027 x0 x1 +  0.029 x0 x2 + -0.020 x0 x3 +  0.024 x0 x4 + -0.002 x0 x5 +  0.006 x0 x6 + -0.011 x0 x7 +  0.023 x1^2 +  0.015 x1 x2 + -0.037 x1 x3 +  0.005 x1 x4 +  0.012 x1 x5 + -0.026 x1 x6 +  0.018 x1 x7 + -0.058 x2^2 +  0.008 x2 x3 +  0.133 x2 x4 + -0.087 x2 x5 +  0.019 x2 x6 + -0.016 x2 x7 +  0.156 x3^2 + -0.335 x3 x4 +  0.074 x3 x5 + -0.006 x3 x6 +  0.036 x3 x7 +  0.049 x4^2 +  0.121 x4 x5 + -0.027 x4 x6 + -0.023 x4 x7 + -0.072 x5^2 +  0.005 x5 x6 +  0.005 x5 x7 +  0.021 x6^2 + -0.009 x6 x7 +  0.001 x7^2 | (x5)' = -30.870 1 +  1.519 x0 + -2.018 x1 +  2.547 x2 + -9.959 x3 +  36.939 x4 + -0.246 x5 + -35.872 x6 +  7.497 x7 +  0.027 x0 x1 + -0.025 x0 x2 +  0.021 x0 x3 + -0.016 x0 x4 + -0.018 x0 x5 +  0.015 x0 x6 + -0.001 x0 x7 + -0.016 x1^2 + -0.010 x1 x2 +  0.014 x1 x3 + -0.014 x1 x4 +  0.027 x1 x5 + -0.006 x1 x6 + -0.001 x1 x7 +  0.017 x2^2 +  0.022 x2 x3 + -0.034 x2 x4 +  0.010 x2 x5 +  0.011 x2 x6 + -0.015 x2 x7 + -0.061 x3^2 +  0.006 x3 x4 +  0.127 x3 x5 + -0.085 x3 x6 +  0.011 x3 x7 +  0.162 x4^2 + -0.329 x4 x5 +  0.065 x4 x6 +  0.011 x4 x7 +  0.046 x5^2 +  0.123 x5 x6 + -0.035 x5 x7 + -0.072 x6^2 +  0.008 x6 x7 +  0.013 x7^2 | (x6)' = -39.533 1 +  0.164 x0 +  1.807 x1 + -2.294 x2 +  3.284 x3 + -8.870 x4 +  37.952 x5 + -1.321 x6 + -31.907 x7 +  0.007 x0^2 + -0.022 x0 x1 +  0.004 x0 x2 +  0.011 x0 x3 +  0.013 x0 x5 + -0.005 x0 x6 + -0.010 x0 x7 +  0.008 x1^2 +  0.028 x1 x2 + -0.035 x1 x3 +  0.021 x1 x4 + -0.023 x1 x5 + -0.017 x1 x6 +  0.024 x1 x7 + -0.016 x2^2 + -0.006 x2 x3 +  0.016 x2 x4 + -0.020 x2 x5 +  0.032 x2 x6 + -0.014 x2 x7 +  0.011 x3^2 +  0.023 x3 x4 + -0.037 x3 x5 +  0.011 x3 x6 +  0.010 x3 x7 + -0.059 x4^2 +  0.006 x4 x5 +  0.122 x4 x6 + -0.076 x4 x7 +  0.168 x5^2 + -0.331 x5 x6 +  0.068 x5 x7 +  0.049 x6^2 +  0.093 x6 x7 + -0.049 x7^2 | (x7)' = -7.193 1 + -1.390 x0 + -0.230 x1 +  2.501 x2 + -5.305 x3 + -1.484 x4 + -13.087 x5 +  42.333 x6 + -17.667 x7 + -0.004 x0^2 +  0.025 x0 x2 + -0.025 x0 x3 + -0.006 x0 x4 + -0.008 x0 x5 + -0.005 x0 x6 +  0.023 x0 x7 + -0.002 x1^2 + -0.033 x1 x2 +  0.029 x1 x3 +  0.019 x1 x4 +  0.011 x1 x5 +  0.023 x1 x6 + -0.027 x1 x7 +  0.011 x2^2 +  0.018 x2 x3 + -0.038 x2 x4 +  0.046 x2 x5 + -0.044 x2 x6 +  0.006 x2 x7 + -0.013 x3 x4 +  0.004 x3 x5 + -0.021 x3 x6 +  0.019 x3 x7 +  0.006 x4^2 +  0.032 x4 x5 + -0.033 x4 x6 +  0.017 x4 x7 + -0.095 x5^2 +  0.018 x5 x6 +  0.116 x5 x7 +  0.166 x6^2 + -0.251 x6 x7 +  0.012 x7^2
36,80.0,100.0,37.49490932254601,2,8,5,20.0,140.0,9,36.0,smoothed_finite_difference_savgol_order_3,success,,357,360,99.16666666666667,3.1462570540606976,"[""1"", ""x0"", ""x1"", ""x2"", ""x3"", ""x4"", ""x5"", ""x6"", ""x7"", ""x0^2"", ""x0 x1"", ""x0 x2"", ""x0 x3"", ""x0 x4"", ""x0 x5"", ""x0 x6"", ""x0 x7"", ""x1^2"", ""x1 x2"", ""x1 x3"", ""x1 x4"", ""x1 x5"", ""x1 x6"", ""x1 x7"", ""x2^2"", ""x2 x3"", ""x2 x4"", ""x2 x5"", ""x2 x6"", ""x2 x7"", ""x3^2"", ""x3 x4"", ""x3 x5"", ""x3 x6"", ""x3 x7"", ""x4^2"", ""x4 x5"", ""x4 x6"", ""x4 x7"", ""x5^2"", ""x5 x6"", ""x5 x7"", ""x6^2"", ""x6 x7"", ""x7^2""]","[[-36.489930941545936, 22.072890489778306, -49.582263777544476, 17.241763600682134, -0.8862062182464321, 6.15638518222967, -2.6223307506876714, 1.1089603083603976, 0.8691616688768263, 0.009793560263179847, 0.14310165180144985, -0.06200117357065207, -0.02101437609230424, -0.04835905426058462, 0.006623556079806532, 0.025856765898370052, 0.00449271413292183, -0.05023854832290973, -0.04164012348215527, -0.00729023788195238, 0.01957755144577844, 0.025664066962620663, -0.02212460082463181, -0.023342009099880778, 0.05085099533524892, 0.007016539110002461, 0.01891718510735479, -0.03855234692086862, -0.015893272949426704, 0.021314095415841797, -0.012279144761875705, 0.0071550047680555276, 0.03309840958582476, -0.009986708880142872, 0.010443497800808119, -0.0008486126753800447, -0.006939559745639165, -0.007167950123883279, -0.00691365616221845, -0.002541193692408589, -0.024041033226802993, 0.023466319260110183, 0.025054681182056913, -0.02054975156695771, -0.0025648013171502885], [-10.85000926282379, 34.98789833154325, 2.6623691377942222, -43.236330240940696, 11.709193953982957, -5.882883380660501, 2.747934385477467, -1.5933290759442507, 0.23424014767076726, 0.08868285179082148, -0.1934755536184876, -0.009425601780417845, 0.016489148344129147, 0.018662402916054744, 0.015669852881312278, -0.01742935858057768, -0.008252763015048674, -0.004637028761201073, 0.21623765829409644, -0.040162420836140404, 0.013813896446783788, -0.04932544806504961, 0.013904213544788017, 0.028420779005903285, -0.100092690569639, -0.021046040615056723, -0.002730160393203288, 0.0254899410842539, 0.021505287014914443, -0.024423737771745616, 0.038064158889643006, -0.008366237746788744, -0.011337474621296712, -0.002151519088324524, -0.0032091078470011867, -0.009674189685307455, 0.000297174304318393, 0.005979050844164271, 0.0, -0.0008546176298520019, 0.021404363391362955, -0.012643835395499339, -0.013932577120875346, -0.00045752394870883484, 0.007720495013824331], [1.6486527896888363, -10.583453706878649, 41.01751971673892, 0.5459945925748932, -41.42251739345833, 13.284496040023074, -4.834305476461226, 2.3657852064294445, -0.9907646145474702, -0.05469055684410538, 0.03820270269553297, 0.09997822852910859, -0.04090324827962702, 0.002539137926858401, -0.010807321408055109, -0.0003494770675974432, 0.004699640234725034, 0.10898162068731379, -0.2737781483823791, 0.006899945609714232, 0.01092048385463383, 0.026345446527480425, 0.015544799929689355, -0.019491732841642895, 0.03165559623039298, 0.1888661000104937, -0.05200245468134605, 0.0007674209472880971, -0.0489414977367847, 0.017684223622356506, -0.0912672507993491, -0.012320113077228306, 0.006768351704395972, 0.017800712046998738, 0.011494774358839817, 0.03749757213710509, -0.00532816836683363, -0.006575976289997135, -0.00844117569220598, -0.006811250977326996, -0.005781353491526571, 0.006598699134640197, 0.0038177449254023334, 0.008204488192851403, -0.007247482655280613], [3.0001335596011915, 3.6256202201789227, -12.937767780374688, 41.96499026863284, -0.20706828551319023, -41.96235761604735, 12.711661531302441, -4.504501115443058, 1.6380904157060234, 0.01389728937025339, 0.033327803188300156, -0.0700677852809049, 0.01658409272437966, -0.0007670135003961232, -0.004799937468805934, 0.004466424194960656, 0.005279222238217973, -0.08427020100546363, 0.08821647256577965, 0.08960934357827227, -0.043462135272749, 0.001024606302245842, -0.012091834272834428, -0.005137649285829471, 0.09161059098976004, -0.2613043279766666, 0.014670333080607594, 0.017214593617186014, 0.027589293051752332, 0.012773857733633273, 0.02864319254157129, 0.1858031048407075, -0.054527199123603015, 0.0013825812710576368, -0.03959840910268806, -0.0892784884335691, -0.011554961771823661, 0.0022465469290821856, 0.02487686427199269, 0.0334056294110112, -0.0021796259552453365, -0.006419442184335724, -0.008405086730074915, -0.00044100474486772354, 0.001040104694494057], [-4.496169574503994, -1.5552624353030873, 4.741034998660685, -13.358198506142747, 42.32668537047401, 0.24996282029561626, -41.58287894707177, 12.34668961195872, -3.4976824053937885, -0.002121791299215035, -0.028696835585502418, 0.02907994647383997, -0.005573539093616155, 0.008660413092222043, 0.007370447265548371, -0.0010615706002158574, -0.008928012598114472, 0.033710093096937725, 0.010957912778574124, -0.06398997869674758, 0.012169158693902787, 0.0009243771733908985, -0.00853068961290056, 0.016064958903569716, -0.07741644919417663, 0.0827400980162636, 0.08790028532371018, -0.05103703595837838, 0.005530975025335217, -0.020139352540755613, 0.09324569715796874, -0.26217323480968974, 0.02095275120752604, 0.012588629581685542, 0.03559141386503613, 0.022455166256460636, 0.18173784956124733, -0.04603232932527998, -0.019739039188727388, -0.08483086457500456, -0.017219229955236198, 0.014373352139531016, 0.036176240184624564, -0.011324451417994076, -0.0025785270005734976], [0.0, 0.9576810012762914, -2.369195987584096, 5.129076951005627, -13.81148221671004, 41.695627511515426, -0.43049921937496205, -40.84738564118479, 10.277648851852867, 0.0, 0.025768702573233198, -0.019205883739403174, 0.006804905124590955, -0.00842896474824039, -0.013698643858091794, 0.005831136172239053, 0.00449697600769087, -0.01893574976933843, -0.01421347316643973, 0.020604466222915712, -9.732822341636287e-05, 0.010987883072548093, 0.008937723210073465, -0.011289664642408739, 0.029249966616652093, 0.016014384630037484, -0.06247846154764445, 0.019147921788350574, -0.0036137112047948763, 0.0046489754491751975, -0.07745670450133764, 0.08025855028343697, 0.08342196208857144, -0.045961692030320016, -0.008425501095716294, 0.09902517582915969, -0.25532148799704474, 0.012915560855891049, 0.02938996669864908, 0.0182498841321316, 0.18503601851367688, -0.05360989030899469, -0.08520723510902449, -0.006053779497296337, 0.022899213311816113], [-1.5730395851332246, -0.15128081915409955, 1.5480177897063674, -2.83447303206448, 6.165617127771256, -12.443799682556666, 43.501997118951195, -2.4985578373534203, -34.8483095923402, 0.0060773882931721875, -0.020100387033089657, 0.0022158587994627853, 0.00746559397901604, -0.0001525874374185318, 0.01439084246221314, -0.005766022877028265, -0.007498837267772261, 0.009342905404738899, 0.025482154630246494, -0.027080529485706814, 0.005393103549220536, -0.01495836063837469, -0.01579552518837705, 0.01804765824175736, -0.018030433903168143, -0.010137617629004232, 0.02276602910080004, -0.012570142190467279, 0.020069422679722733, -0.005875745347852516, 0.022899302762967033, 0.02046089137597321, -0.060906394152068624, 0.01567717926944668, 0.005329348533932569, -0.07860249510815916, 0.07984944356665465, 0.07971952998871505, -0.046863948929981636, 0.11056242258772377, -0.26588963051239184, 0.02229462831395977, 0.023429216475509947, 0.14297551260379646, -0.06305296787372981], [19.740069527845183, -1.0466450192079568, -0.9406211243999311, 2.6046998902253415, -6.1926180818763035, 1.4749328881862225, -18.224323587467627, 50.338615084106486, -22.40011737497682, -0.0024933957776728313, 0.0009610478170237911, 0.020987593620049316, -0.018905647655778405, -0.004442206709173285, -0.010559976238666809, -0.0040453012444537344, 0.020742635456333126, -0.005540394982444552, -0.02977391033768003, 0.030719941109103126, 0.013880371863116558, 0.013970001590634537, 0.023541948960279835, -0.027266445292204143, 0.011949868326326296, 0.013969218236336078, -0.03314066951462199, 0.0343311888774051, -0.03380882111836125, 0.005370512159026053, 0.0016749077912168622, -0.023267064545487083, 0.016835455088134815, -0.022384565405270968, 0.011008124932105583, 0.020343421244120644, 0.03296374761178008, -0.06259849764301417, 0.025108334020281405, -0.12164058322369005, 0.09349737907799988, 0.09399704227971548, 0.11589746885636146, -0.22165115107022573, 0.01435638022576079]]",(x0)' = -36.490 1 +  22.073 x0 + -49.582 x1 +  17.242 x2 + -0.886 x3 +  6.156 x4 + -2.622 x5 +  1.109 x6 +  0.869 x7 +  0.010 x0^2 +  0.143 x0 x1 + -0.062 x0 x2 + -0.021 x0 x3 + -0.048 x0 x4 +  0.007 x0 x5 +  0.026 x0 x6 +  0.004 x0 x7 + -0.050 x1^2 + -0.042 x1 x2 + -0.007 x1 x3 +  0.020 x1 x4 +  0.026 x1 x5 + -0.022 x1 x6 + -0.023 x1 x7 +  0.051 x2^2 +  0.007 x2 x3 +  0.019 x2 x4 + -0.039 x2 x5 + -0.016 x2 x6 +  0.021 x2 x7 + -0.012 x3^2 +  0.007 x3 x4 +  0.033 x3 x5 + -0.010 x3 x6 +  0.010 x3 x7 + -0.001 x4^2 + -0.007 x4 x5 + -0.007 x4 x6 + -0.007 x4 x7 + -0.003 x5^2 + -0.024 x5 x6 +  0.023 x5 x7 +  0.025 x6^2 + -0.021 x6 x7 + -0.003 x7^2 | (x1)' = -10.850 1 +  34.988 x0 +  2.662 x1 + -43.236 x2 +  11.709 x3 + -5.883 x4 +  2.748 x5 + -1.593 x6 +  0.234 x7 +  0.089 x0^2 + -0.193 x0 x1 + -0.009 x0 x2 +  0.016 x0 x3 +  0.019 x0 x4 +  0.016 x0 x5 + -0.017 x0 x6 + -0.008 x0 x7 + -0.005 x1^2 +  0.216 x1 x2 + -0.040 x1 x3 +  0.014 x1 x4 + -0.049 x1 x5 +  0.014 x1 x6 +  0.028 x1 x7 + -0.100 x2^2 + -0.021 x2 x3 + -0.003 x2 x4 +  0.025 x2 x5 +  0.022 x2 x6 + -0.024 x2 x7 +  0.038 x3^2 + -0.008 x3 x4 + -0.011 x3 x5 + -0.002 x3 x6 + -0.003 x3 x7 + -0.010 x4^2 +  0.006 x4 x6 + -0.001 x5^2 +  0.021 x5 x6 + -0.013 x5 x7 + -0.014 x6^2 +  0.008 x7^2 | (x2)' =  1.649 1 + -10.583 x0 +  41.018 x1 +  0.546 x2 + -41.423 x3 +  13.284 x4 + -4.834 x5 +  2.366 x6 + -0.991 x7 + -0.055 x0^2 +  0.038 x0 x1 +  0.100 x0 x2 + -0.041 x0 x3 +  0.003 x0 x4 + -0.011 x0 x5 +  0.005 x0 x7 +  0.109 x1^2 + -0.274 x1 x2 +  0.007 x1 x3 +  0.011 x1 x4 +  0.026 x1 x5 +  0.016 x1 x6 + -0.019 x1 x7 +  0.032 x2^2 +  0.189 x2 x3 + -0.052 x2 x4 +  0.001 x2 x5 + -0.049 x2 x6 +  0.018 x2 x7 + -0.091 x3^2 + -0.012 x3 x4 +  0.007 x3 x5 +  0.018 x3 x6 +  0.011 x3 x7 +  0.037 x4^2 + -0.005 x4 x5 + -0.007 x4 x6 + -0.008 x4 x7 + -0.007 x5^2 + -0.006 x5 x6 +  0.007 x5 x7 +  0.004 x6^2 +  0.008 x6 x7 + -0.007 x7^2 | (x3)' =  3.000 1 +  3.626 x0 + -12.938 x1 +  41.965 x2 + -0.207 x3 + -41.962 x4 +  12.712 x5 + -4.505 x6 +  1.638 x7 +  0.014 x0^2 +  0.033 x0 x1 + -0.070 x0 x2 +  0.017 x0 x3 + -0.001 x0 x4 + -0.005 x0 x5 +  0.004 x0 x6 +  0.005 x0 x7 + -0.084 x1^2 +  0.088 x1 x2 +  0.090 x1 x3 + -0.043 x1 x4 +  0.001 x1 x5 + -0.012 x1 x6 + -0.005 x1 x7 +  0.092 x2^2 + -0.261 x2 x3 +  0.015 x2 x4 +  0.017 x2 x5 +  0.028 x2 x6 +  0.013 x2 x7 +  0.029 x3^2 +  0.186 x3 x4 + -0.055 x3 x5 +  0.001 x3 x6 + -0.040 x3 x7 + -0.089 x4^2 + -0.012 x4 x5 +  0.002 x4 x6 +  0.025 x4 x7 +  0.033 x5^2 + -0.002 x5 x6 + -0.006 x5 x7 + -0.008 x6^2 +  0.001 x7^2 | (x4)' = -4.496 1 + -1.555 x0 +  4.741 x1 + -13.358 x2 +  42.327 x3 +  0.250 x4 + -41.583 x5 +  12.347 x6 + -3.498 x7 + -0.002 x0^2 + -0.029 x0 x1 +  0.029 x0 x2 + -0.006 x0 x3 +  0.009 x0 x4 +  0.007 x0 x5 + -0.001 x0 x6 + -0.009 x0 x7 +  0.034 x1^2 +  0.011 x1 x2 + -0.064 x1 x3 +  0.012 x1 x4 +  0.001 x1 x5 + -0.009 x1 x6 +  0.016 x1 x7 + -0.077 x2^2 +  0.083 x2 x3 +  0.088 x2 x4 + -0.051 x2 x5 +  0.006 x2 x6 + -0.020 x2 x7 +  0.093 x3^2 + -0.262 x3 x4 +  0.021 x3 x5 +  0.013 x3 x6 +  0.036 x3 x7 +  0.022 x4^2 +  0.182 x4 x5 + -0.046 x4 x6 + -0.020 x4 x7 + -0.085 x5^2 + -0.017 x5 x6 +  0.014 x5 x7 +  0.036 x6^2 + -0.011 x6 x7 + -0.003 x7^2 | (x5)' =  0.958 x0 + -2.369 x1 +  5.129 x2 + -13.811 x3 +  41.696 x4 + -0.430 x5 + -40.847 x6 +  10.278 x7 +  0.026 x0 x1 + -0.019 x0 x2 +  0.007 x0 x3 + -0.008 x0 x4 + -0.014 x0 x5 +  0.006 x0 x6 +  0.004 x0 x7 + -0.019 x1^2 + -0.014 x1 x2 +  0.021 x1 x3 +  0.011 x1 x5 +  0.009 x1 x6 + -0.011 x1 x7 +  0.029 x2^2 +  0.016 x2 x3 + -0.062 x2 x4 +  0.019 x2 x5 + -0.004 x2 x6 +  0.005 x2 x7 + -0.077 x3^2 +  0.080 x3 x4 +  0.083 x3 x5 + -0.046 x3 x6 + -0.008 x3 x7 +  0.099 x4^2 + -0.255 x4 x5 +  0.013 x4 x6 +  0.029 x4 x7 +  0.018 x5^2 +  0.185 x5 x6 + -0.054 x5 x7 + -0.085 x6^2 + -0.006 x6 x7 +  0.023 x7^2 | (x6)' = -1.573 1 + -0.151 x0 +  1.548 x1 + -2.834 x2 +  6.166 x3 + -12.444 x4 +  43.502 x5 + -2.499 x6 + -34.848 x7 +  0.006 x0^2 + -0.020 x0 x1 +  0.002 x0 x2 +  0.007 x0 x3 +  0.014 x0 x5 + -0.006 x0 x6 + -0.007 x0 x7 +  0.009 x1^2 +  0.025 x1 x2 + -0.027 x1 x3 +  0.005 x1 x4 + -0.015 x1 x5 + -0.016 x1 x6 +  0.018 x1 x7 + -0.018 x2^2 + -0.010 x2 x3 +  0.023 x2 x4 + -0.013 x2 x5 +  0.020 x2 x6 + -0.006 x2 x7 +  0.023 x3^2 +  0.020 x3 x4 + -0.061 x3 x5 +  0.016 x3 x6 +  0.005 x3 x7 + -0.079 x4^2 +  0.080 x4 x5 +  0.080 x4 x6 + -0.047 x4 x7 +  0.111 x5^2 + -0.266 x5 x6 +  0.022 x5 x7 +  0.023 x6^2 +  0.143 x6 x7 + -0.063 x7^2 | (x7)' =  19.740 1 + -1.047 x0 + -0.941 x1 +  2.605 x2 + -6.193 x3 +  1.475 x4 + -18.224 x5 +  50.339 x6 + -22.400 x7 + -0.002 x0^2 +  0.001 x0 x1 +  0.021 x0 x2 + -0.019 x0 x3 + -0.004 x0 x4 + -0.011 x0 x5 + -0.004 x0 x6 +  0.021 x0 x7 + -0.006 x1^2 + -0.030 x1 x2 +  0.031 x1 x3 +  0.014 x1 x4 +  0.014 x1 x5 +  0.024 x1 x6 + -0.027 x1 x7 +  0.012 x2^2 +  0.014 x2 x3 + -0.033 x2 x4 +  0.034 x2 x5 + -0.034 x2 x6 +  0.005 x2 x7 +  0.002 x3^2 + -0.023 x3 x4 +  0.017 x3 x5 + -0.022 x3 x6 +  0.011 x3 x7 +  0.020 x4^2 +  0.033 x4 x5 + -0.063 x4 x6 +  0.025 x4 x7 + -0.122 x5^2 +  0.093 x5 x6 +  0.094 x5 x7 +  0.116 x6^2 + -0.222 x6 x7 +  0.014 x7^2
