configuration_index,lowpass_hz,stlsq_threshold,training_lfp_rms_uv,degree,n_delays,delay_samples,delay_ms,embedding_span_ms,smooth_window_samples,smooth_window_ms,derivative_method,fit_status,fit_failure_reason,nonzero_terms,possible_terms,term_utilization_percent,fit_runtime_s,feature_names_json,coefficients_json,equations
1,35.0,100.0,36.85636440989091,3,2,1,4.0,4.0,0,0.0,finite_difference,success,,20,20,100.0,0.7340932954102755,"[""1"", ""x0"", ""x1"", ""x0^2"", ""x0 x1"", ""x1^2"", ""x0^3"", ""x0^2 x1"", ""x0 x1^2"", ""x1^3""]","[[-11.071707651561294, 233.47063957847288, -240.12249671486924, -0.22342413166362038, 0.4936623730064295, -0.25173469242555985, -0.0033798375723632875, 0.004169679783117877, 0.0018396294238528152, -0.002462880298504225], [5.416246135843362, 239.95382357239393, -233.31929362984934, 0.3363873553264486, -0.6437618910247433, 0.2893010760909219, 0.001290079279376641, 0.0022620176560171853, -0.00857719603770931, 0.004862234616846532]]",(x0)' = -11.072 1 +  233.471 x0 + -240.122 x1 + -0.223 x0^2 +  0.494 x0 x1 + -0.252 x1^2 + -0.003 x0^3 +  0.004 x0^2 x1 +  0.002 x0 x1^2 + -0.002 x1^3 | (x1)' =  5.416 1 +  239.954 x0 + -233.319 x1 +  0.336 x0^2 + -0.644 x0 x1 +  0.289 x1^2 +  0.001 x0^3 +  0.002 x0^2 x1 + -0.009 x0 x1^2 +  0.005 x1^3
2,35.0,100.0,36.85636440989091,3,2,1,4.0,4.0,5,20.0,smoothed_finite_difference_savgol_order_3,success,,20,20,100.0,0.19841540232300758,"[""1"", ""x0"", ""x1"", ""x0^2"", ""x0 x1"", ""x1^2"", ""x0^3"", ""x0^2 x1"", ""x0 x1^2"", ""x1^3""]","[[-10.7390322268392, 233.72886091583817, -240.3168152397096, -0.22359032474579354, 0.4922492635474963, -0.2505391266061803, -0.0033723098359057977, 0.0041393447470662965, 0.0018855571958055868, -0.0024857697685745483], [5.389593909632069, 240.15748555834082, -233.58646985830532, 0.33190144588456816, -0.6342134732076087, 0.28465252850857736, 0.0012680259406310757, 0.0023366145151471063, -0.008656891484231904, 0.0048889375553233]]",(x0)' = -10.739 1 +  233.729 x0 + -240.317 x1 + -0.224 x0^2 +  0.492 x0 x1 + -0.251 x1^2 + -0.003 x0^3 +  0.004 x0^2 x1 +  0.002 x0 x1^2 + -0.002 x1^3 | (x1)' =  5.390 1 +  240.157 x0 + -233.586 x1 +  0.332 x0^2 + -0.634 x0 x1 +  0.285 x1^2 +  0.001 x0^3 +  0.002 x0^2 x1 + -0.009 x0 x1^2 +  0.005 x1^3
3,35.0,100.0,36.85636440989091,3,2,1,4.0,4.0,9,36.0,smoothed_finite_difference_savgol_order_3,success,,20,20,100.0,0.19100764766335487,"[""1"", ""x0"", ""x1"", ""x0^2"", ""x0 x1"", ""x1^2"", ""x0^3"", ""x0^2 x1"", ""x0 x1^2"", ""x1^3""]","[[-8.236993399802019, 235.92683633041204, -241.91105985267913, -0.21420608161777085, 0.45810366087850407, -0.22937238020156037, -0.0030684132892197535, 0.0031519883171358997, 0.0029942919624412942, -0.0029098012075718773], [4.895524470611783, 241.84557933930267, -235.86406795192107, 0.29211654508796947, -0.5492635666876888, 0.2431393583876504, 0.0011048043790343987, 0.0026952459426905326, -0.008879314643193493, 0.004913739237986034]]",(x0)' = -8.237 1 +  235.927 x0 + -241.911 x1 + -0.214 x0^2 +  0.458 x0 x1 + -0.229 x1^2 + -0.003 x0^3 +  0.003 x0^2 x1 +  0.003 x0 x1^2 + -0.003 x1^3 | (x1)' =  4.896 1 +  241.846 x0 + -235.864 x1 +  0.292 x0^2 + -0.549 x0 x1 +  0.243 x1^2 +  0.001 x0^3 +  0.003 x0^2 x1 + -0.009 x0 x1^2 +  0.005 x1^3
4,35.0,100.0,36.85636440989091,3,2,2,8.0,8.0,0,0.0,finite_difference,success,,20,20,100.0,0.180795231834054,"[""1"", ""x0"", ""x1"", ""x0^2"", ""x0 x1"", ""x1^2"", ""x0^3"", ""x0^2 x1"", ""x0 x1^2"", ""x1^3""]","[[-18.807354590302065, 106.0689229665669, -118.54028220338161, -0.09381566307931287, 0.24559754916672144, -0.11867066893909019, -0.0016461746041404885, 0.0020116679293868895, 0.001228980401826467, -0.0012494908754694554], [8.022297854526673, 118.39621401528598, -105.93890557180747, 0.16752628104952785, -0.31925989722091547, 0.11962582356424176, 0.0010234324715431085, -0.00015325793835407344, -0.0032061456710998876, 0.0019958707916220746]]",(x0)' = -18.807 1 +  106.069 x0 + -118.540 x1 + -0.094 x0^2 +  0.246 x0 x1 + -0.119 x1^2 + -0.002 x0^3 +  0.002 x0^2 x1 +  0.001 x0 x1^2 + -0.001 x1^3 | (x1)' =  8.022 1 +  118.396 x0 + -105.939 x1 +  0.168 x0^2 + -0.319 x0 x1 +  0.120 x1^2 +  0.001 x0^3 + -0.003 x0 x1^2 +  0.002 x1^3
5,35.0,100.0,36.85636440989091,3,2,2,8.0,8.0,5,20.0,smoothed_finite_difference_savgol_order_3,success,,20,20,100.0,0.18523534014821053,"[""1"", ""x0"", ""x1"", ""x0^2"", ""x0 x1"", ""x1^2"", ""x0^3"", ""x0^2 x1"", ""x0 x1^2"", ""x1^3""]","[[-18.316920134298456, 106.32560471796981, -118.69267013228568, -0.09418349986136014, 0.2445133224136644, -0.11786018180809998, -0.0016504170057235667, 0.002021795684040069, 0.001227970364399429, -0.0012543385788815358], [8.001824588457287, 118.55558011903169, -106.20108859448894, 0.1657611024775667, -0.314964932459556, 0.11778321273948356, 0.0010153294945730292, -0.00012527702545082363, -0.0032351812511135255, 0.0020046417492594324]]",(x0)' = -18.317 1 +  106.326 x0 + -118.693 x1 + -0.094 x0^2 +  0.245 x0 x1 + -0.118 x1^2 + -0.002 x0^3 +  0.002 x0^2 x1 +  0.001 x0 x1^2 + -0.001 x1^3 | (x1)' =  8.002 1 +  118.556 x0 + -106.201 x1 +  0.166 x0^2 + -0.315 x0 x1 +  0.118 x1^2 +  0.001 x0^3 + -0.003 x0 x1^2 +  0.002 x1^3
6,35.0,100.0,36.85636440989091,3,2,2,8.0,8.0,9,36.0,smoothed_finite_difference_savgol_order_3,success,,20,20,100.0,0.17282653786242008,"[""1"", ""x0"", ""x1"", ""x0^2"", ""x0 x1"", ""x1^2"", ""x0^3"", ""x0^2 x1"", ""x0 x1^2"", ""x1^3""]","[[-14.388919140058583, 108.57958447573586, -119.92523450249762, -0.09362746577828329, 0.22662544644783564, -0.10663653191232382, -0.0016771461577357262, 0.0020616224791582794, 0.0012759019257614205, -0.001316875766705539], [7.476341300180625, 119.84622953806367, -108.48377632837142, 0.14864709107191446, -0.2739553242833118, 0.100176218082547, 0.0009293534548592843, 0.00010318124623137822, -0.0034147589400282405, 0.0020409439130500986]]",(x0)' = -14.389 1 +  108.580 x0 + -119.925 x1 + -0.094 x0^2 +  0.227 x0 x1 + -0.107 x1^2 + -0.002 x0^3 +  0.002 x0^2 x1 +  0.001 x0 x1^2 + -0.001 x1^3 | (x1)' =  7.476 1 +  119.846 x0 + -108.484 x1 +  0.149 x0^2 + -0.274 x0 x1 +  0.100 x1^2 +  0.001 x0^3 + -0.003 x0 x1^2 +  0.002 x1^3
7,35.0,100.0,36.85636440989091,3,2,5,20.0,20.0,0,0.0,finite_difference,success,,20,20,100.0,0.16318689100444317,"[""1"", ""x0"", ""x1"", ""x0^2"", ""x0 x1"", ""x1^2"", ""x0^3"", ""x0^2 x1"", ""x0 x1^2"", ""x1^3""]","[[-12.775969260125946, 21.19758135327376, -39.582404400942295, 0.0032417880742567763, 0.05158016497637007, -0.030725843691701518, -0.0005336817614199863, 0.0011998444281069482, 0.00032896123290665296, -0.0002054396885110748], [-18.657119689473085, 39.81587601497656, -21.207789219490106, 0.0793477332093208, -0.09780071422865007, -0.0015143021487912928, 0.00014787588480511885, -0.0001434598868296937, -0.0013167991205133996, 0.0005185821306708099]]",(x0)' = -12.776 1 +  21.198 x0 + -39.582 x1 +  0.003 x0^2 +  0.052 x0 x1 + -0.031 x1^2 + -0.001 x0^3 +  0.001 x0^2 x1 | (x1)' = -18.657 1 +  39.816 x0 + -21.208 x1 +  0.079 x0^2 + -0.098 x0 x1 + -0.002 x1^2 + -0.001 x0 x1^2 +  0.001 x1^3
8,35.0,100.0,36.85636440989091,3,2,5,20.0,20.0,5,20.0,smoothed_finite_difference_savgol_order_3,success,,20,20,100.0,0.1714274361729622,"[""1"", ""x0"", ""x1"", ""x0^2"", ""x0 x1"", ""x1^2"", ""x0^3"", ""x0^2 x1"", ""x0 x1^2"", ""x1^3""]","[[-12.400980591351496, 21.406455480270047, -39.80508569591565, 0.0024701778681502735, 0.05256871796459617, -0.030916019047620306, -0.0005375571352701504, 0.0012020883803223346, 0.00034060162163849654, -0.00021450495849217158], [-17.780281033417022, 40.038250045428605, -21.41825203446694, 0.0784357990513422, -0.09681350088784917, -0.0015829285213358711, 0.00015226426873814268, -0.00014447893209374964, -0.0013241666503027091, 0.0005215788586084881]]",(x0)' = -12.401 1 +  21.406 x0 + -39.805 x1 +  0.002 x0^2 +  0.053 x0 x1 + -0.031 x1^2 + -0.001 x0^3 +  0.001 x0^2 x1 | (x1)' = -17.780 1 +  40.038 x0 + -21.418 x1 +  0.078 x0^2 + -0.097 x0 x1 + -0.002 x1^2 + -0.001 x0 x1^2 +  0.001 x1^3
9,35.0,100.0,36.85636440989091,3,2,5,20.0,20.0,9,36.0,smoothed_finite_difference_savgol_order_3,success,,20,20,100.0,0.17073441669344902,"[""1"", ""x0"", ""x1"", ""x0^2"", ""x0 x1"", ""x1^2"", ""x0^3"", ""x0^2 x1"", ""x0 x1^2"", ""x1^3""]","[[-9.210161177380604, 23.472557821170923, -41.775914039555325, -0.004627287030480397, 0.059223024862240015, -0.03116887539910164, -0.0005664257635085773, 0.001213154066596379, 0.0004426733883311422, -0.0002971858193909462], [-10.334612685551985, 42.01470212619483, -23.508949471004243, 0.06958610355493747, -0.08614730581836712, -0.0024650317597414593, 0.00019466786371307408, -0.00015963189753264427, -0.0013799049600973462, 0.000547240837047576]]",(x0)' = -9.210 1 +  23.473 x0 + -41.776 x1 + -0.005 x0^2 +  0.059 x0 x1 + -0.031 x1^2 + -0.001 x0^3 +  0.001 x0^2 x1 | (x1)' = -10.335 1 +  42.015 x0 + -23.509 x1 +  0.070 x0^2 + -0.086 x0 x1 + -0.002 x1^2 + -0.001 x0 x1^2 +  0.001 x1^3
10,35.0,100.0,36.85636440989091,3,4,1,4.0,12.0,0,0.0,finite_difference,success,,140,140,100.0,1.1160508319735527,"[""1"", ""x0"", ""x1"", ""x2"", ""x3"", ""x0^2"", ""x0 x1"", ""x0 x2"", ""x0 x3"", ""x1^2"", ""x1 x2"", ""x1 x3"", ""x2^2"", ""x2 x3"", ""x3^2"", ""x0^3"", ""x0^2 x1"", ""x0^2 x2"", ""x0^2 x3"", ""x0 x1^2"", ""x0 x1 x2"", ""x0 x1 x3"", ""x0 x2^2"", ""x0 x2 x3"", ""x0 x3^2"", ""x1^3"", ""x1^2 x2"", ""x1^2 x3"", ""x1 x2^2"", ""x1 x2 x3"", ""x1 x3^2"", ""x2^3"", ""x2^2 x3"", ""x2 x3^2"", ""x3^3""]","[[-6.344594645693326, 432.4340576165223, -727.3515030667836, 401.0033527625395, -107.30659801087776, -2.559523978172084, 14.09074281506056, -14.1346429876919, 5.197276748159513, -18.918704926278522, 37.47185733017686, -13.788326805604202, -18.410262518126498, 13.517379038826899, -2.465051545094052, -0.01009393867737313, 0.041079241371350265, -0.023702440618929257, -0.003088918488441193, -0.0300793233489809, 0.03688558206124884, 0.03175966624689532, -0.051757253309337115, 0.023286479214353985, -0.00800935061754523, -0.03266477444685551, 0.07467277403493297, -0.07474117968772773, 0.0261149834335526, 0.019084927775463886, 0.0030012087945004225, -0.05083846785752594, 0.04704095904851778, -0.020603684154113296, 0.0027134025787221576], [0.030337822787971477, 124.98995607517661, 0.05983515884643374, -125.0849337685955, 0.03612337664834221, -0.002046695212550628, 0.012226224861333205, -0.01540267512854225, 0.007149225444296814, -0.02323237401281392, 0.06446174667094152, -0.03046389074657194, -0.045165220902745606, 0.042077501208614095, -0.009606609459011537, 0.0002618529581962696, -0.0010787303201746984, 0.0007074407975813741, -0.0008829386119469698, 0.0011059419992689656, -0.0012628393596992788, 0.004019755917583311, 0.00019189197666530258, -0.0035133831338857793, 0.0011982549486164, 0.00025421276462798075, -0.0021226715804994988, -0.0038065994735546733, 0.004668599647975105, 0.004530533452970702, -0.0020347081125774006, -0.0031211879242133075, 0.00029513748174035383, 0.0007501881922413305, -0.00016075366241795756], [0.10831935982181956, 0.017171922040978737, 124.96282985228265, 0.041289795490269905, -125.01944392476823, -0.01806240973760805, 0.10092312037654654, -0.10155291171038998, 0.03793065813289556, -0.13884540044046856, 0.2778888386074445, -0.10385998439026832, -0.1399533351149908, 0.10606235066108079, -0.020533559971760706, -0.0009651641235652717, 0.00427366754997154, -0.002274703764071422, 0.0012039209996083302, -0.0045706038964741565, 0.002660094575245562, -0.004170694815868779, 0.00045799393255208055, 0.0032911214364631483, -0.0012104545008144545, -0.0003442154355653915, 0.005307598937134276, 0.0035453939996442215, -0.006884996912112806, -0.006270351366927874, 0.002931668056783196, 0.002326357589566549, 0.0028327118185900307, -0.0025617706737698013, 0.00042226779452947535], [5.516265555302054, 106.07620033626499, -397.33078554417204, 723.9712985765764, -431.5128956724991, 2.415802426160032, -12.948076256229058, 12.879315382396912, -4.728928925763452, 17.087446554385654, -33.88015444231174, 12.530412102549093, 16.78049473581319, -12.40427372805286, 2.2673885882589366, 0.008541564218139088, -0.035647776522845974, 0.059713777762320557, -0.031641629797345736, -0.00015325537722072708, -0.13595814808752058, 0.1030455072105812, 0.14755679462687277, -0.17181176919769334, 0.046430571603304285, 0.1080018027702674, -0.18033989542450535, 0.008227789629920898, 0.0580189547995474, 0.06782068505073138, -0.03623074512582399, -0.006589675946305759, -0.021820941480380718, 0.012761640188244203, 1.4861774926168962e-05]]",(x0)' = -6.345 1 +  432.434 x0 + -727.352 x1 +  401.003 x2 + -107.307 x3 + -2.560 x0^2 +  14.091 x0 x1 + -14.135 x0 x2 +  5.197 x0 x3 + -18.919 x1^2 +  37.472 x1 x2 + -13.788 x1 x3 + -18.410 x2^2 +  13.517 x2 x3 + -2.465 x3^2 + -0.010 x0^3 +  0.041 x0^2 x1 + -0.024 x0^2 x2 + -0.003 x0^2 x3 + -0.030 x0 x1^2 +  0.037 x0 x1 x2 +  0.032 x0 x1 x3 + -0.052 x0 x2^2 +  0.023 x0 x2 x3 + -0.008 x0 x3^2 + -0.033 x1^3 +  0.075 x1^2 x2 + -0.075 x1^2 x3 +  0.026 x1 x2^2 +  0.019 x1 x2 x3 +  0.003 x1 x3^2 + -0.051 x2^3 +  0.047 x2^2 x3 + -0.021 x2 x3^2 +  0.003 x3^3 | (x1)' =  0.030 1 +  124.990 x0 +  0.060 x1 + -125.085 x2 +  0.036 x3 + -0.002 x0^2 +  0.012 x0 x1 + -0.015 x0 x2 +  0.007 x0 x3 + -0.023 x1^2 +  0.064 x1 x2 + -0.030 x1 x3 + -0.045 x2^2 +  0.042 x2 x3 + -0.010 x3^2 + -0.001 x0^2 x1 +  0.001 x0^2 x2 + -0.001 x0^2 x3 +  0.001 x0 x1^2 + -0.001 x0 x1 x2 +  0.004 x0 x1 x3 + -0.004 x0 x2 x3 +  0.001 x0 x3^2 + -0.002 x1^2 x2 + -0.004 x1^2 x3 +  0.005 x1 x2^2 +  0.005 x1 x2 x3 + -0.002 x1 x3^2 + -0.003 x2^3 +  0.001 x2 x3^2 | (x2)' =  0.108 1 +  0.017 x0 +  124.963 x1 +  0.041 x2 + -125.019 x3 + -0.018 x0^2 +  0.101 x0 x1 + -0.102 x0 x2 +  0.038 x0 x3 + -0.139 x1^2 +  0.278 x1 x2 + -0.104 x1 x3 + -0.140 x2^2 +  0.106 x2 x3 + -0.021 x3^2 + -0.001 x0^3 +  0.004 x0^2 x1 + -0.002 x0^2 x2 +  0.001 x0^2 x3 + -0.005 x0 x1^2 +  0.003 x0 x1 x2 + -0.004 x0 x1 x3 +  0.003 x0 x2 x3 + -0.001 x0 x3^2 +  0.005 x1^2 x2 +  0.004 x1^2 x3 + -0.007 x1 x2^2 + -0.006 x1 x2 x3 +  0.003 x1 x3^2 +  0.002 x2^3 +  0.003 x2^2 x3 + -0.003 x2 x3^2 | (x3)' =  5.516 1 +  106.076 x0 + -397.331 x1 +  723.971 x2 + -431.513 x3 +  2.416 x0^2 + -12.948 x0 x1 +  12.879 x0 x2 + -4.729 x0 x3 +  17.087 x1^2 + -33.880 x1 x2 +  12.530 x1 x3 +  16.780 x2^2 + -12.404 x2 x3 +  2.267 x3^2 +  0.009 x0^3 + -0.036 x0^2 x1 +  0.060 x0^2 x2 + -0.032 x0^2 x3 + -0.136 x0 x1 x2 +  0.103 x0 x1 x3 +  0.148 x0 x2^2 + -0.172 x0 x2 x3 +  0.046 x0 x3^2 +  0.108 x1^3 + -0.180 x1^2 x2 +  0.008 x1^2 x3 +  0.058 x1 x2^2 +  0.068 x1 x2 x3 + -0.036 x1 x3^2 + -0.007 x2^3 + -0.022 x2^2 x3 +  0.013 x2 x3^2
11,35.0,100.0,36.85636440989091,3,4,1,4.0,12.0,5,20.0,smoothed_finite_difference_savgol_order_3,success,,140,140,100.0,1.0648400988429785,"[""1"", ""x0"", ""x1"", ""x2"", ""x3"", ""x0^2"", ""x0 x1"", ""x0 x2"", ""x0 x3"", ""x1^2"", ""x1 x2"", ""x1 x3"", ""x2^2"", ""x2 x3"", ""x3^2"", ""x0^3"", ""x0^2 x1"", ""x0^2 x2"", ""x0^2 x3"", ""x0 x1^2"", ""x0 x1 x2"", ""x0 x1 x3"", ""x0 x2^2"", ""x0 x2 x3"", ""x0 x3^2"", ""x1^3"", ""x1^2 x2"", ""x1^2 x3"", ""x1 x2^2"", ""x1 x2 x3"", ""x1 x3^2"", ""x2^3"", ""x2^2 x3"", ""x2 x3^2"", ""x3^3""]","[[-6.083248448216897, 433.94917320504277, -730.6862750120658, 403.38341511065187, -107.82613319631061, -2.5818704610710155, 14.27733302230773, -14.376191096149874, 5.297164854328566, -19.279516181086382, 38.367265782850865, -14.150322390208252, -18.95162077957617, 13.948289066498855, -2.5498478466668937, -0.010114949963778801, 0.041392238450054394, -0.023460032597067595, -0.0038770000057544124, -0.0307882982899527, 0.03616133045649032, 0.035483720093384324, -0.05147856813829932, 0.02052226391129961, -0.0072732425032107795, -0.03224061972703159, 0.07419292642537167, -0.07854593375395909, 0.02936315025640609, 0.022222611413812394, 0.0019838293132811917, -0.053883983294700746, 0.04845921296256919, -0.020741849031149655, 0.0026814649045485343], [0.04907356899390286, 124.96549975112802, 0.1316880858074228, -125.15888642878379, 0.06253326255216074, -0.003256466540947807, 0.020429743982412978, -0.026565649347403488, 0.012680470312963347, -0.0387195769192985, 0.10742936895036462, -0.05132053553834325, -0.07431126160685926, 0.06945493723151483, -0.015828152980644175, 0.00035419461011569435, -0.001393037555898529, 0.000842495653388597, -0.0011333656156947871, 0.0014003590653840989, -0.0016043563884567543, 0.005388788037275232, 0.00035053281136577266, -0.004850927049880249, 0.0016438395624275995, 0.0003252700178611417, -0.002750931615923248, -0.005166504812557806, 0.006243379231988196, 0.006097487039924083, -0.002729348825642946, -0.004313566100663364, 0.000544919930391305, 0.000977291089526769, -0.00022646643675903826], [0.1361374906642503, -0.0006047841978246301, 125.01635283354338, -0.013137645068830242, -125.00062723298242, -0.026363764448232886, 0.14722553618195233, -0.14777963220594822, 0.05451606540937941, -0.2030863474635754, 0.4064048435597492, -0.15030294402108949, -0.2048379796188162, 0.15365279700859963, -0.02943421918256978, -0.0013182312155421362, 0.006006223136977726, -0.0034977528730572123, 0.0018515869441144664, -0.00648040991480137, 0.004592325585710814, -0.006268334762692513, 4.406844756039318e-06, 0.005207425716976636, -0.0018534238796261242, -0.000868481718436444, 0.00824836569109622, 0.0047519337811742215, -0.01008922034866806, -0.008902414808970622, 0.0042969271431058656, 0.003186032903050968, 0.004454129731323524, -0.00399854506323115, 0.0006773093671570703], [5.372337645447892, 106.61015388097529, -399.7668711932655, 727.3674964860305, -433.0484924528413, 2.468686400169417, -13.28024879542074, 13.227498025114851, -4.851849299861973, 17.6052555540186, -34.95637657564295, 12.906041394905705, 17.331845822281426, -12.781729181867274, 2.3303421021225934, 0.008084613588836966, -0.03299603082776488, 0.0583990615119592, -0.030704273460319235, -0.004445231629969379, -0.13456334720236807, 0.09986287436156807, 0.15013505385533876, -0.17077305882511234, 0.04572097735442092, 0.1099586345961128, -0.178285934290479, 0.011731026009244533, 0.050605045434875436, 0.06310068945235926, -0.033373858324592866, -0.003813428721137492, -0.01838635681189635, 0.00879520324469042, 0.0008902146574363175]]",(x0)' = -6.083 1 +  433.949 x0 + -730.686 x1 +  403.383 x2 + -107.826 x3 + -2.582 x0^2 +  14.277 x0 x1 + -14.376 x0 x2 +  5.297 x0 x3 + -19.280 x1^2 +  38.367 x1 x2 + -14.150 x1 x3 + -18.952 x2^2 +  13.948 x2 x3 + -2.550 x3^2 + -0.010 x0^3 +  0.041 x0^2 x1 + -0.023 x0^2 x2 + -0.004 x0^2 x3 + -0.031 x0 x1^2 +  0.036 x0 x1 x2 +  0.035 x0 x1 x3 + -0.051 x0 x2^2 +  0.021 x0 x2 x3 + -0.007 x0 x3^2 + -0.032 x1^3 +  0.074 x1^2 x2 + -0.079 x1^2 x3 +  0.029 x1 x2^2 +  0.022 x1 x2 x3 +  0.002 x1 x3^2 + -0.054 x2^3 +  0.048 x2^2 x3 + -0.021 x2 x3^2 +  0.003 x3^3 | (x1)' =  0.049 1 +  124.965 x0 +  0.132 x1 + -125.159 x2 +  0.063 x3 + -0.003 x0^2 +  0.020 x0 x1 + -0.027 x0 x2 +  0.013 x0 x3 + -0.039 x1^2 +  0.107 x1 x2 + -0.051 x1 x3 + -0.074 x2^2 +  0.069 x2 x3 + -0.016 x3^2 + -0.001 x0^2 x1 +  0.001 x0^2 x2 + -0.001 x0^2 x3 +  0.001 x0 x1^2 + -0.002 x0 x1 x2 +  0.005 x0 x1 x3 + -0.005 x0 x2 x3 +  0.002 x0 x3^2 + -0.003 x1^2 x2 + -0.005 x1^2 x3 +  0.006 x1 x2^2 +  0.006 x1 x2 x3 + -0.003 x1 x3^2 + -0.004 x2^3 +  0.001 x2^2 x3 +  0.001 x2 x3^2 | (x2)' =  0.136 1 + -0.001 x0 +  125.016 x1 + -0.013 x2 + -125.001 x3 + -0.026 x0^2 +  0.147 x0 x1 + -0.148 x0 x2 +  0.055 x0 x3 + -0.203 x1^2 +  0.406 x1 x2 + -0.150 x1 x3 + -0.205 x2^2 +  0.154 x2 x3 + -0.029 x3^2 + -0.001 x0^3 +  0.006 x0^2 x1 + -0.003 x0^2 x2 +  0.002 x0^2 x3 + -0.006 x0 x1^2 +  0.005 x0 x1 x2 + -0.006 x0 x1 x3 +  0.005 x0 x2 x3 + -0.002 x0 x3^2 + -0.001 x1^3 +  0.008 x1^2 x2 +  0.005 x1^2 x3 + -0.010 x1 x2^2 + -0.009 x1 x2 x3 +  0.004 x1 x3^2 +  0.003 x2^3 +  0.004 x2^2 x3 + -0.004 x2 x3^2 +  0.001 x3^3 | (x3)' =  5.372 1 +  106.610 x0 + -399.767 x1 +  727.367 x2 + -433.048 x3 +  2.469 x0^2 + -13.280 x0 x1 +  13.227 x0 x2 + -4.852 x0 x3 +  17.605 x1^2 + -34.956 x1 x2 +  12.906 x1 x3 +  17.332 x2^2 + -12.782 x2 x3 +  2.330 x3^2 +  0.008 x0^3 + -0.033 x0^2 x1 +  0.058 x0^2 x2 + -0.031 x0^2 x3 + -0.004 x0 x1^2 + -0.135 x0 x1 x2 +  0.100 x0 x1 x3 +  0.150 x0 x2^2 + -0.171 x0 x2 x3 +  0.046 x0 x3^2 +  0.110 x1^3 + -0.178 x1^2 x2 +  0.012 x1^2 x3 +  0.051 x1 x2^2 +  0.063 x1 x2 x3 + -0.033 x1 x3^2 + -0.004 x2^3 + -0.018 x2^2 x3 +  0.009 x2 x3^2 +  0.001 x3^3
12,35.0,100.0,36.85636440989091,3,4,1,4.0,12.0,9,36.0,smoothed_finite_difference_savgol_order_3,success,,139,140,99.28571428571429,1.2239410504698753,"[""1"", ""x0"", ""x1"", ""x2"", ""x3"", ""x0^2"", ""x0 x1"", ""x0 x2"", ""x0 x3"", ""x1^2"", ""x1 x2"", ""x1 x3"", ""x2^2"", ""x2 x3"", ""x3^2"", ""x0^3"", ""x0^2 x1"", ""x0^2 x2"", ""x0^2 x3"", ""x0 x1^2"", ""x0 x1 x2"", ""x0 x1 x3"", ""x0 x2^2"", ""x0 x2 x3"", ""x0 x3^2"", ""x1^3"", ""x1^2 x2"", ""x1^2 x3"", ""x1 x2^2"", ""x1 x2 x3"", ""x1 x3^2"", ""x2^3"", ""x2^2 x3"", ""x2 x3^2"", ""x3^3""]","[[-3.8359137215922465, 444.82212498650165, -753.8406175002416, 418.7960238342024, -110.6379415668009, -2.9423988996678334, 16.784654888305052, -17.272243232247494, 6.401405553699434, -23.639431910437192, 48.424007022675774, -17.98828700526058, -24.734269794118642, 18.35238010256985, -3.3855048720897605, 0.002020282590734741, -0.019830269460460632, 0.01597145462880682, -0.03514844553266055, 0.04915263203629591, -0.035929769152110325, 0.17271378941182441, -0.04338198436797453, -0.110909609089256, 0.040982141913957555, -0.03253719650384367, -0.03431555826197976, -0.20335869231434886, 0.24026666337509645, 0.20926057682147983, -0.09299181643900789, -0.16898615778769682, 0.012364885334661662, 0.04500357694743615, -0.010301795281666054], [0.11829173438706779, 125.29537050989987, -0.5835185385271647, -124.58603408047577, -0.11031751253403209, -0.0988357907698407, 0.49838692790812494, -0.45658119908302425, 0.1555310135422873, -0.6336571832790111, 1.1815696275670635, -0.4101856721134024, -0.5640189184931262, 0.3992226072740869, -0.07133432496944601, 0.007335436584918415, -0.04134995301357936, 0.025108739176908645, -0.010966322654335559, 0.05826608662660871, -0.03674495515887054, 0.03266665286114983, -0.008968878922692507, -0.02724408462256464, 0.014441413742723707, -0.008499050688884359, -0.05289541173961689, -0.02369728580989683, 0.08706493485398842, 0.06268693317829409, -0.04227695707165613, -0.02582280092180948, -0.05091027664565233, 0.05234059035044144, -0.01053651144154856], [0.009927320661074946, 1.0464451743938077, 122.40203480751181, 2.3277929090318175, -125.75330314327262, -0.016268500971059495, -0.05647391313578816, 0.19570073815863742, -0.10380371058007665, 0.3170625012551041, -1.0662229756657096, 0.48691190409382074, 0.7597639615396425, -0.6519892276215573, 0.13542142990569966, -0.0093169519489424, 0.04325471267774414, -0.027229147637629916, 0.02008197350736977, -0.055818812726182346, 0.06362776451935921, -0.08957155359312735, -0.018762507698430964, 0.08197957720252155, -0.026016745442023387, -0.003910764538079104, 0.0887739265503473, 0.053093147173455334, -0.1945398515659703, 0.0, 0.017501391735207473, 0.1265261831729271, -0.09589758835767709, 0.031193957275382152, -0.004971067934328618], [3.7738807543841233, 111.05788648072848, -419.7852162172515, 754.9997875591098, -445.41936022425614, 3.034384896203497, -17.031866463091763, 17.341730873363552, -6.351650353891407, 23.728088741817313, -48.2361845727091, 17.71183727863908, 24.45936705299983, -17.895685259106884, 3.2397597143942867, -0.004567934958995782, 0.02948699689601769, 0.02693619694809774, 0.0010472496997297421, -0.09245842032633861, -0.08226374310883039, -0.048521844822405326, 0.1650015527040685, -0.03872217278462337, -0.004975194938543818, 0.12936393357310352, -0.0861571548073815, 0.16321320589388272, -0.1802497675555109, -0.1432536391637456, 0.06875045221404442, 0.13035365436167598, 0.008885788779951765, -0.05553650082130817, 0.013621988720906914]]",(x0)' = -3.836 1 +  444.822 x0 + -753.841 x1 +  418.796 x2 + -110.638 x3 + -2.942 x0^2 +  16.785 x0 x1 + -17.272 x0 x2 +  6.401 x0 x3 + -23.639 x1^2 +  48.424 x1 x2 + -17.988 x1 x3 + -24.734 x2^2 +  18.352 x2 x3 + -3.386 x3^2 +  0.002 x0^3 + -0.020 x0^2 x1 +  0.016 x0^2 x2 + -0.035 x0^2 x3 +  0.049 x0 x1^2 + -0.036 x0 x1 x2 +  0.173 x0 x1 x3 + -0.043 x0 x2^2 + -0.111 x0 x2 x3 +  0.041 x0 x3^2 + -0.033 x1^3 + -0.034 x1^2 x2 + -0.203 x1^2 x3 +  0.240 x1 x2^2 +  0.209 x1 x2 x3 + -0.093 x1 x3^2 + -0.169 x2^3 +  0.012 x2^2 x3 +  0.045 x2 x3^2 + -0.010 x3^3 | (x1)' =  0.118 1 +  125.295 x0 + -0.584 x1 + -124.586 x2 + -0.110 x3 + -0.099 x0^2 +  0.498 x0 x1 + -0.457 x0 x2 +  0.156 x0 x3 + -0.634 x1^2 +  1.182 x1 x2 + -0.410 x1 x3 + -0.564 x2^2 +  0.399 x2 x3 + -0.071 x3^2 +  0.007 x0^3 + -0.041 x0^2 x1 +  0.025 x0^2 x2 + -0.011 x0^2 x3 +  0.058 x0 x1^2 + -0.037 x0 x1 x2 +  0.033 x0 x1 x3 + -0.009 x0 x2^2 + -0.027 x0 x2 x3 +  0.014 x0 x3^2 + -0.008 x1^3 + -0.053 x1^2 x2 + -0.024 x1^2 x3 +  0.087 x1 x2^2 +  0.063 x1 x2 x3 + -0.042 x1 x3^2 + -0.026 x2^3 + -0.051 x2^2 x3 +  0.052 x2 x3^2 + -0.011 x3^3 | (x2)' =  0.010 1 +  1.046 x0 +  122.402 x1 +  2.328 x2 + -125.753 x3 + -0.016 x0^2 + -0.056 x0 x1 +  0.196 x0 x2 + -0.104 x0 x3 +  0.317 x1^2 + -1.066 x1 x2 +  0.487 x1 x3 +  0.760 x2^2 + -0.652 x2 x3 +  0.135 x3^2 + -0.009 x0^3 +  0.043 x0^2 x1 + -0.027 x0^2 x2 +  0.020 x0^2 x3 + -0.056 x0 x1^2 +  0.064 x0 x1 x2 + -0.090 x0 x1 x3 + -0.019 x0 x2^2 +  0.082 x0 x2 x3 + -0.026 x0 x3^2 + -0.004 x1^3 +  0.089 x1^2 x2 +  0.053 x1^2 x3 + -0.195 x1 x2^2 +  0.018 x1 x3^2 +  0.127 x2^3 + -0.096 x2^2 x3 +  0.031 x2 x3^2 + -0.005 x3^3 | (x3)' =  3.774 1 +  111.058 x0 + -419.785 x1 +  755.000 x2 + -445.419 x3 +  3.034 x0^2 + -17.032 x0 x1 +  17.342 x0 x2 + -6.352 x0 x3 +  23.728 x1^2 + -48.236 x1 x2 +  17.712 x1 x3 +  24.459 x2^2 + -17.896 x2 x3 +  3.240 x3^2 + -0.005 x0^3 +  0.029 x0^2 x1 +  0.027 x0^2 x2 +  0.001 x0^2 x3 + -0.092 x0 x1^2 + -0.082 x0 x1 x2 + -0.049 x0 x1 x3 +  0.165 x0 x2^2 + -0.039 x0 x2 x3 + -0.005 x0 x3^2 +  0.129 x1^3 + -0.086 x1^2 x2 +  0.163 x1^2 x3 + -0.180 x1 x2^2 + -0.143 x1 x2 x3 +  0.069 x1 x3^2 +  0.130 x2^3 +  0.009 x2^2 x3 + -0.056 x2 x3^2 +  0.014 x3^3
13,35.0,100.0,36.85636440989091,3,4,2,8.0,24.0,0,0.0,finite_difference,success,,140,140,100.0,1.0489453561604023,"[""1"", ""x0"", ""x1"", ""x2"", ""x3"", ""x0^2"", ""x0 x1"", ""x0 x2"", ""x0 x3"", ""x1^2"", ""x1 x2"", ""x1 x3"", ""x2^2"", ""x2 x3"", ""x3^2"", ""x0^3"", ""x0^2 x1"", ""x0^2 x2"", ""x0^2 x3"", ""x0 x1^2"", ""x0 x1 x2"", ""x0 x1 x3"", ""x0 x2^2"", ""x0 x2 x3"", ""x0 x3^2"", ""x1^3"", ""x1^2 x2"", ""x1^2 x3"", ""x1 x2^2"", ""x1 x2 x3"", ""x1 x3^2"", ""x2^3"", ""x2^2 x3"", ""x2 x3^2"", ""x3^3""]","[[-27.19120909750815, 169.92881905556453, -267.9381429715328, 130.6401936993195, -37.07305103538402, -0.18065930441331568, 0.8975496566464303, -0.9355202264445995, 0.4446181288155709, -0.8100455263628857, 1.5094713430407947, -0.8419216693126708, -0.6847286301327387, 0.8116306148589902, -0.20782658406095, 0.0005638383590346747, -0.007183629205975668, 0.01024674391449177, -0.00593094934028674, 0.017721275498924674, -0.038812368459957516, 0.022717116436859124, 0.015218617257497204, -0.015322958684094203, 0.002920210430196229, -0.012697688095299942, 0.03694380805189867, -0.02216345383288074, -0.02819539443218985, 0.03032020195349078, -0.005747210373494942, 0.005634587170176631, -0.008834836917820658, 0.003294110130536176, -0.00046313401764422476], [5.601079502820741, 56.43698428354771, 33.261820671977766, -107.90090781225734, 19.345473355226744, 0.06880391504542453, -0.2994080603115297, 0.29085527826736784, -0.13600082920622236, 0.25232328451954245, -0.4563893054496119, 0.25513796475881534, 0.2141176671155485, -0.2555222517353858, 0.06535580408432663, -0.00029535554392800113, 0.002789355099238717, -0.0031856499786087076, 0.0015705793218808884, -0.006531873087017527, 0.012284319564603846, -0.00611676250774512, -0.004239865771710528, 0.0034452228674974306, -0.00040384118615626304, 0.004702694939911594, -0.01225064385211194, 0.006329883639592963, 0.008583389057107186, -0.0077958317659659595, 0.001068381108138285, -0.001554550260125151, 0.001974433649065159, -0.0004875990503220957, 5.451756000455302e-05], [-5.398058635669167, -19.151098385524893, 107.23586996200926, -32.62868415821189, -56.582050358304514, -0.06616784401010148, 0.2713890686647542, -0.263149000331351, 0.1258604401530389, -0.21409177229684867, 0.4025959382326218, -0.2397879454692983, -0.20516640826098542, 0.25284962651136067, -0.06365278283705832, 0.0002548270922418325, -0.002492860243580658, 0.0025526137216331634, -0.0011907970877155197, 0.006079889010754049, -0.010379801088659234, 0.004816194695350513, 0.0029646204148311432, -0.0017694605832962655, -0.00012334821506550876, -0.004644741929971978, 0.011434593485079326, -0.0055432608198996, -0.007472563539027899, 0.005874212397228908, -0.00036815949131535554, 0.001230616918033631, -0.0011920315118866172, 2.2066938863613388e-05, 6.00899560952942e-06], [22.83001852112427, 36.418444347354956, -128.5983559892678, 266.33470507605205, -169.81671586440544, 0.1838656213716164, -0.7205773415472625, 0.7220709927227091, -0.35648251702132217, 0.5170995154378564, -1.0709846360956041, 0.6993761369905683, 0.6103649349414376, -0.7677592235047416, 0.18135001555564303, -0.0009884739018477067, 0.00890050332717166, -0.007422860045602551, 0.0027052904053015796, -0.021815252290017382, 0.03295494146007582, -0.01267311529207227, -0.007870170957566385, 0.0018625977330169784, 0.0017702303134168368, 0.017387734567788124, -0.04150155971486249, 0.018128687860279116, 0.028446843368184243, -0.020070976532485386, 0.0007740794004025943, -0.006285027097647192, 0.006694853321488851, -0.0016258560313695777, 0.00039958109061037026]]",(x0)' = -27.191 1 +  169.929 x0 + -267.938 x1 +  130.640 x2 + -37.073 x3 + -0.181 x0^2 +  0.898 x0 x1 + -0.936 x0 x2 +  0.445 x0 x3 + -0.810 x1^2 +  1.509 x1 x2 + -0.842 x1 x3 + -0.685 x2^2 +  0.812 x2 x3 + -0.208 x3^2 +  0.001 x0^3 + -0.007 x0^2 x1 +  0.010 x0^2 x2 + -0.006 x0^2 x3 +  0.018 x0 x1^2 + -0.039 x0 x1 x2 +  0.023 x0 x1 x3 +  0.015 x0 x2^2 + -0.015 x0 x2 x3 +  0.003 x0 x3^2 + -0.013 x1^3 +  0.037 x1^2 x2 + -0.022 x1^2 x3 + -0.028 x1 x2^2 +  0.030 x1 x2 x3 + -0.006 x1 x3^2 +  0.006 x2^3 + -0.009 x2^2 x3 +  0.003 x2 x3^2 | (x1)' =  5.601 1 +  56.437 x0 +  33.262 x1 + -107.901 x2 +  19.345 x3 +  0.069 x0^2 + -0.299 x0 x1 +  0.291 x0 x2 + -0.136 x0 x3 +  0.252 x1^2 + -0.456 x1 x2 +  0.255 x1 x3 +  0.214 x2^2 + -0.256 x2 x3 +  0.065 x3^2 +  0.003 x0^2 x1 + -0.003 x0^2 x2 +  0.002 x0^2 x3 + -0.007 x0 x1^2 +  0.012 x0 x1 x2 + -0.006 x0 x1 x3 + -0.004 x0 x2^2 +  0.003 x0 x2 x3 +  0.005 x1^3 + -0.012 x1^2 x2 +  0.006 x1^2 x3 +  0.009 x1 x2^2 + -0.008 x1 x2 x3 +  0.001 x1 x3^2 + -0.002 x2^3 +  0.002 x2^2 x3 | (x2)' = -5.398 1 + -19.151 x0 +  107.236 x1 + -32.629 x2 + -56.582 x3 + -0.066 x0^2 +  0.271 x0 x1 + -0.263 x0 x2 +  0.126 x0 x3 + -0.214 x1^2 +  0.403 x1 x2 + -0.240 x1 x3 + -0.205 x2^2 +  0.253 x2 x3 + -0.064 x3^2 + -0.002 x0^2 x1 +  0.003 x0^2 x2 + -0.001 x0^2 x3 +  0.006 x0 x1^2 + -0.010 x0 x1 x2 +  0.005 x0 x1 x3 +  0.003 x0 x2^2 + -0.002 x0 x2 x3 + -0.005 x1^3 +  0.011 x1^2 x2 + -0.006 x1^2 x3 + -0.007 x1 x2^2 +  0.006 x1 x2 x3 +  0.001 x2^3 + -0.001 x2^2 x3 | (x3)' =  22.830 1 +  36.418 x0 + -128.598 x1 +  266.335 x2 + -169.817 x3 +  0.184 x0^2 + -0.721 x0 x1 +  0.722 x0 x2 + -0.356 x0 x3 +  0.517 x1^2 + -1.071 x1 x2 +  0.699 x1 x3 +  0.610 x2^2 + -0.768 x2 x3 +  0.181 x3^2 + -0.001 x0^3 +  0.009 x0^2 x1 + -0.007 x0^2 x2 +  0.003 x0^2 x3 + -0.022 x0 x1^2 +  0.033 x0 x1 x2 + -0.013 x0 x1 x3 + -0.008 x0 x2^2 +  0.002 x0 x2 x3 +  0.002 x0 x3^2 +  0.017 x1^3 + -0.042 x1^2 x2 +  0.018 x1^2 x3 +  0.028 x1 x2^2 + -0.020 x1 x2 x3 +  0.001 x1 x3^2 + -0.006 x2^3 +  0.007 x2^2 x3 + -0.002 x2 x3^2
14,35.0,100.0,36.85636440989091,3,4,2,8.0,24.0,5,20.0,smoothed_finite_difference_savgol_order_3,success,,140,140,100.0,1.0512615870684385,"[""1"", ""x0"", ""x1"", ""x2"", ""x3"", ""x0^2"", ""x0 x1"", ""x0 x2"", ""x0 x3"", ""x1^2"", ""x1 x2"", ""x1 x3"", ""x2^2"", ""x2 x3"", ""x3^2"", ""x0^3"", ""x0^2 x1"", ""x0^2 x2"", ""x0^2 x3"", ""x0 x1^2"", ""x0 x1 x2"", ""x0 x1 x3"", ""x0 x2^2"", ""x0 x2 x3"", ""x0 x3^2"", ""x1^3"", ""x1^2 x2"", ""x1^2 x3"", ""x1 x2^2"", ""x1 x2 x3"", ""x1 x3^2"", ""x2^3"", ""x2^2 x3"", ""x2 x3^2"", ""x3^3""]","[[-26.18172273390033, 171.06503349388277, -269.9710848595095, 131.9259712873042, -37.34467650229695, -0.18113314636563468, 0.9017737674746519, -0.9436968588327416, 0.44869438802873174, -0.8228156112526038, 1.5507042691418582, -0.8614902463810956, -0.7156532803183421, 0.8405746782345085, -0.21455230259994784, 0.0006245429097099745, -0.00760319680098954, 0.0106981989571775, -0.006144573181879303, 0.018674384100796873, -0.040704390197119404, 0.023618334301152386, 0.01606291406343624, -0.016099274845607706, 0.003074831744802971, -0.013418108362220729, 0.03894669179665928, -0.02313374984985229, -0.029817816426234104, 0.03180307313666458, -0.006025914548760395, 0.0059830940221310015, -0.009288165587085844, 0.0034501631247126872, -0.00047732467855540544], [5.387412069191025, 56.23234809440651, 33.54919388775224, -107.96518642966285, 19.29146615940016, 0.0683663931600382, -0.2993026674337535, 0.2926905375566668, -0.1369898166212251, 0.2561998171659501, -0.47023438218576086, 0.2612974902036675, 0.22413301074850814, -0.263873473264695, 0.06703603562639655, -0.0003051298101776547, 0.0028752170158938693, -0.003256086970860289, 0.0015944779342041396, -0.0067634262262310715, 0.012655319546412436, -0.006253293735010512, -0.004377056473843972, 0.003545257921913271, -0.0004182752350838772, 0.004901561202976187, -0.012721851363359196, 0.00651244155101693, 0.008918320478408568, -0.008046932630521352, 0.001109238639621603, -0.0016223844483819207, 0.0020605468715397235, -0.00052801860292744, 6.241974613853277e-05], [-5.218260232505375, -19.092795793306443, 107.29914954851058, -32.916278209182906, -56.37973283048228, -0.06621628724458913, 0.2742986466555674, -0.2679519260629633, 0.12806081223747712, -0.22181825072878655, 0.42293911775458465, -0.2480932787687598, -0.21703424311848069, 0.26157151370675275, -0.06511311102130687, 0.000248428388693819, -0.0025015878746293563, 0.002580438847341245, -0.0012145298656553857, 0.006186007967220626, -0.010617786346371432, 0.004949340332918106, 0.0030769629929822398, -0.0018847212219896454, -9.771733740496e-05, -0.004781000910471913, 0.011825409721797513, -0.005721643670994217, -0.007810719463586541, 0.0061665097363309915, -0.0004312954112781736, 0.0013245563393854442, -0.001325254710585497, 9.323181516957377e-05, -7.670182320611565e-06], [22.173460946726383, 36.691730774462464, -129.91412223066956, 268.40029362882007, -170.95640605797175, 0.18758499200603299, -0.7418799788848004, 0.7446295176171164, -0.3655744714227807, 0.548876694154972, -1.1380842830146523, 0.7244348823826052, 0.6430279153995362, -0.7889023148754345, 0.18430618671747223, -0.0010585151910212029, 0.009449272478139845, -0.007937309064775074, 0.0029195917672481106, -0.02314976666046593, 0.03532779732981143, -0.013639192810211935, -0.008852370422377305, 0.002644722444863708, 0.0016199693713884774, 0.018508196650448196, -0.04450144801216709, 0.019318304910399438, 0.031022899753427848, -0.022072191430267705, 0.0011641902705312802, -0.007026598366538229, 0.007586729374256182, -0.0019968244515610146, 0.0004500595167865004]]",(x0)' = -26.182 1 +  171.065 x0 + -269.971 x1 +  131.926 x2 + -37.345 x3 + -0.181 x0^2 +  0.902 x0 x1 + -0.944 x0 x2 +  0.449 x0 x3 + -0.823 x1^2 +  1.551 x1 x2 + -0.861 x1 x3 + -0.716 x2^2 +  0.841 x2 x3 + -0.215 x3^2 +  0.001 x0^3 + -0.008 x0^2 x1 +  0.011 x0^2 x2 + -0.006 x0^2 x3 +  0.019 x0 x1^2 + -0.041 x0 x1 x2 +  0.024 x0 x1 x3 +  0.016 x0 x2^2 + -0.016 x0 x2 x3 +  0.003 x0 x3^2 + -0.013 x1^3 +  0.039 x1^2 x2 + -0.023 x1^2 x3 + -0.030 x1 x2^2 +  0.032 x1 x2 x3 + -0.006 x1 x3^2 +  0.006 x2^3 + -0.009 x2^2 x3 +  0.003 x2 x3^2 | (x1)' =  5.387 1 +  56.232 x0 +  33.549 x1 + -107.965 x2 +  19.291 x3 +  0.068 x0^2 + -0.299 x0 x1 +  0.293 x0 x2 + -0.137 x0 x3 +  0.256 x1^2 + -0.470 x1 x2 +  0.261 x1 x3 +  0.224 x2^2 + -0.264 x2 x3 +  0.067 x3^2 +  0.003 x0^2 x1 + -0.003 x0^2 x2 +  0.002 x0^2 x3 + -0.007 x0 x1^2 +  0.013 x0 x1 x2 + -0.006 x0 x1 x3 + -0.004 x0 x2^2 +  0.004 x0 x2 x3 +  0.005 x1^3 + -0.013 x1^2 x2 +  0.007 x1^2 x3 +  0.009 x1 x2^2 + -0.008 x1 x2 x3 +  0.001 x1 x3^2 + -0.002 x2^3 +  0.002 x2^2 x3 + -0.001 x2 x3^2 | (x2)' = -5.218 1 + -19.093 x0 +  107.299 x1 + -32.916 x2 + -56.380 x3 + -0.066 x0^2 +  0.274 x0 x1 + -0.268 x0 x2 +  0.128 x0 x3 + -0.222 x1^2 +  0.423 x1 x2 + -0.248 x1 x3 + -0.217 x2^2 +  0.262 x2 x3 + -0.065 x3^2 + -0.003 x0^2 x1 +  0.003 x0^2 x2 + -0.001 x0^2 x3 +  0.006 x0 x1^2 + -0.011 x0 x1 x2 +  0.005 x0 x1 x3 +  0.003 x0 x2^2 + -0.002 x0 x2 x3 + -0.005 x1^3 +  0.012 x1^2 x2 + -0.006 x1^2 x3 + -0.008 x1 x2^2 +  0.006 x1 x2 x3 +  0.001 x2^3 + -0.001 x2^2 x3 | (x3)' =  22.173 1 +  36.692 x0 + -129.914 x1 +  268.400 x2 + -170.956 x3 +  0.188 x0^2 + -0.742 x0 x1 +  0.745 x0 x2 + -0.366 x0 x3 +  0.549 x1^2 + -1.138 x1 x2 +  0.724 x1 x3 +  0.643 x2^2 + -0.789 x2 x3 +  0.184 x3^2 + -0.001 x0^3 +  0.009 x0^2 x1 + -0.008 x0^2 x2 +  0.003 x0^2 x3 + -0.023 x0 x1^2 +  0.035 x0 x1 x2 + -0.014 x0 x1 x3 + -0.009 x0 x2^2 +  0.003 x0 x2 x3 +  0.002 x0 x3^2 +  0.019 x1^3 + -0.045 x1^2 x2 +  0.019 x1^2 x3 +  0.031 x1 x2^2 + -0.022 x1 x2 x3 +  0.001 x1 x3^2 + -0.007 x2^3 +  0.008 x2^2 x3 + -0.002 x2 x3^2
15,35.0,100.0,36.85636440989091,3,4,2,8.0,24.0,9,36.0,smoothed_finite_difference_savgol_order_3,success,,137,140,97.85714285714286,1.2045969273895025,"[""1"", ""x0"", ""x1"", ""x2"", ""x3"", ""x0^2"", ""x0 x1"", ""x0 x2"", ""x0 x3"", ""x1^2"", ""x1 x2"", ""x1 x3"", ""x2^2"", ""x2 x3"", ""x3^2"", ""x0^3"", ""x0^2 x1"", ""x0^2 x2"", ""x0^2 x3"", ""x0 x1^2"", ""x0 x1 x2"", ""x0 x1 x3"", ""x0 x2^2"", ""x0 x2 x3"", ""x0 x3^2"", ""x1^3"", ""x1^2 x2"", ""x1^2 x3"", ""x1 x2^2"", ""x1 x2 x3"", ""x1 x3^2"", ""x2^3"", ""x2^2 x3"", ""x2 x3^2"", ""x3^3""]","[[-26.101267048007937, 180.51624636788353, -286.8024384968678, 142.12454921587997, -39.1794539617589, -0.04577339171303486, 0.2384048918377219, -0.2666128768801393, 0.15280535250272625, -0.06234816477842886, 0.05556109317386167, -0.2082753865174411, 0.0, 0.2168434825962539, -0.07922101027588241, 0.0030350662565279936, -0.021381995818111656, 0.022021408921089537, -0.010168173665803767, 0.043213141259134086, -0.07787063300448253, 0.03539923064048814, 0.027818115425882486, -0.02101176011582544, 0.0027717499452839167, -0.026712692873182023, 0.06550044127318749, -0.029632833915466582, -0.04143735192105569, 0.02942714702930111, -0.0022190457343970274, 0.00446219344235981, 0.0, -0.004291416701858995, 0.0012528015989897608], [3.775926004639352, 54.74403855857416, 35.430381636478494, -107.92072699778171, 18.575408355511257, 0.05679933847460369, -0.2628777731276853, 0.27277294513808753, -0.12870056502080068, 0.2515424751328145, -0.5170070135690286, 0.2803709255217798, 0.27756341668200024, -0.3067292836991389, 0.0759993678996705, -0.002381219503799676, 0.016459313547122434, -0.01521341658061614, 0.005897098120985324, -0.03657438856675099, 0.06540293980906245, -0.025924372641485994, -0.02766771390211559, 0.02128679750151381, -0.0038153432416295797, 0.02695489282356033, -0.07191410596462332, 0.029484111589374924, 0.0620711566528788, -0.050243711290443895, 0.009527374969229417, -0.017746534555350357, 0.021872585838477173, -0.008730189654071338, 0.0012096413551826715], [-3.9654548270888474, -18.502993511353203, 107.6601894282513, -35.20301845271825, -54.73057142818151, -0.06741575228408868, 0.3105430507862522, -0.32549398834486454, 0.1532312208095321, -0.3115126739887798, 0.6533163908804449, -0.3387334867068622, -0.3482609691008372, 0.3542209831228007, -0.07946834980955014, -0.000323718986862162, 0.0005321703938416001, 0.00013393849755171465, -0.0007135273440161102, 0.0009972877977157642, -0.0017372721739517157, 0.003031815485687665, -0.0012616830827500486, 0.0007032454808223903, -0.0006282400107112229, -0.0020068255211656222, 0.003933387165884689, -0.0037835722039554535, 0.0009163020001413678, 0.000122850709610123, 0.0009251439924396508, -0.0020645124196905567, 0.002628911138486818, -0.001596284117246465, 0.00023330600223577877], [23.45199138037681, 38.483151729011674, -140.1882723425624, 285.2502522625824, -180.2971092079062, 0.07101069958648604, -0.21467559416580828, 0.21665214132021066, -0.13355758961016725, -0.023026438025708182, 0.0, 0.20339188162677313, 0.061581711585005514, -0.24020348042970957, 0.05783868033259449, -0.0033509729659271406, 0.023855455824554787, -0.02011649572188457, 0.007414033134179498, -0.05236682396405225, 0.08278416769020103, -0.0299332467568357, -0.026261791525471537, 0.012504812627880562, 0.0007803946948908891, 0.03831306849427263, -0.0918966905350739, 0.0341856719690193, 0.06516360082215102, -0.03809140573202716, 0.001388015962378001, -0.013923156101138156, 0.008957686694541986, 0.000994739577887687, -0.0005743874866645162]]",(x0)' = -26.101 1 +  180.516 x0 + -286.802 x1 +  142.125 x2 + -39.179 x3 + -0.046 x0^2 +  0.238 x0 x1 + -0.267 x0 x2 +  0.153 x0 x3 + -0.062 x1^2 +  0.056 x1 x2 + -0.208 x1 x3 +  0.217 x2 x3 + -0.079 x3^2 +  0.003 x0^3 + -0.021 x0^2 x1 +  0.022 x0^2 x2 + -0.010 x0^2 x3 +  0.043 x0 x1^2 + -0.078 x0 x1 x2 +  0.035 x0 x1 x3 +  0.028 x0 x2^2 + -0.021 x0 x2 x3 +  0.003 x0 x3^2 + -0.027 x1^3 +  0.066 x1^2 x2 + -0.030 x1^2 x3 + -0.041 x1 x2^2 +  0.029 x1 x2 x3 + -0.002 x1 x3^2 +  0.004 x2^3 + -0.004 x2 x3^2 +  0.001 x3^3 | (x1)' =  3.776 1 +  54.744 x0 +  35.430 x1 + -107.921 x2 +  18.575 x3 +  0.057 x0^2 + -0.263 x0 x1 +  0.273 x0 x2 + -0.129 x0 x3 +  0.252 x1^2 + -0.517 x1 x2 +  0.280 x1 x3 +  0.278 x2^2 + -0.307 x2 x3 +  0.076 x3^2 + -0.002 x0^3 +  0.016 x0^2 x1 + -0.015 x0^2 x2 +  0.006 x0^2 x3 + -0.037 x0 x1^2 +  0.065 x0 x1 x2 + -0.026 x0 x1 x3 + -0.028 x0 x2^2 +  0.021 x0 x2 x3 + -0.004 x0 x3^2 +  0.027 x1^3 + -0.072 x1^2 x2 +  0.029 x1^2 x3 +  0.062 x1 x2^2 + -0.050 x1 x2 x3 +  0.010 x1 x3^2 + -0.018 x2^3 +  0.022 x2^2 x3 + -0.009 x2 x3^2 +  0.001 x3^3 | (x2)' = -3.965 1 + -18.503 x0 +  107.660 x1 + -35.203 x2 + -54.731 x3 + -0.067 x0^2 +  0.311 x0 x1 + -0.325 x0 x2 +  0.153 x0 x3 + -0.312 x1^2 +  0.653 x1 x2 + -0.339 x1 x3 + -0.348 x2^2 +  0.354 x2 x3 + -0.079 x3^2 +  0.001 x0^2 x1 + -0.001 x0^2 x3 +  0.001 x0 x1^2 + -0.002 x0 x1 x2 +  0.003 x0 x1 x3 + -0.001 x0 x2^2 +  0.001 x0 x2 x3 + -0.001 x0 x3^2 + -0.002 x1^3 +  0.004 x1^2 x2 + -0.004 x1^2 x3 +  0.001 x1 x2^2 +  0.001 x1 x3^2 + -0.002 x2^3 +  0.003 x2^2 x3 + -0.002 x2 x3^2 | (x3)' =  23.452 1 +  38.483 x0 + -140.188 x1 +  285.250 x2 + -180.297 x3 +  0.071 x0^2 + -0.215 x0 x1 +  0.217 x0 x2 + -0.134 x0 x3 + -0.023 x1^2 +  0.203 x1 x3 +  0.062 x2^2 + -0.240 x2 x3 +  0.058 x3^2 + -0.003 x0^3 +  0.024 x0^2 x1 + -0.020 x0^2 x2 +  0.007 x0^2 x3 + -0.052 x0 x1^2 +  0.083 x0 x1 x2 + -0.030 x0 x1 x3 + -0.026 x0 x2^2 +  0.013 x0 x2 x3 +  0.001 x0 x3^2 +  0.038 x1^3 + -0.092 x1^2 x2 +  0.034 x1^2 x3 +  0.065 x1 x2^2 + -0.038 x1 x2 x3 +  0.001 x1 x3^2 + -0.014 x2^3 +  0.009 x2^2 x3 +  0.001 x2 x3^2 + -0.001 x3^3
16,35.0,100.0,36.85636440989091,3,4,5,20.0,60.0,0,0.0,finite_difference,success,,140,140,100.0,1.0553166139870882,"[""1"", ""x0"", ""x1"", ""x2"", ""x3"", ""x0^2"", ""x0 x1"", ""x0 x2"", ""x0 x3"", ""x1^2"", ""x1 x2"", ""x1 x3"", ""x2^2"", ""x2 x3"", ""x3^2"", ""x0^3"", ""x0^2 x1"", ""x0^2 x2"", ""x0^2 x3"", ""x0 x1^2"", ""x0 x1 x2"", ""x0 x1 x3"", ""x0 x2^2"", ""x0 x2 x3"", ""x0 x3^2"", ""x1^3"", ""x1^2 x2"", ""x1^2 x3"", ""x1 x2^2"", ""x1 x2 x3"", ""x1 x3^2"", ""x2^3"", ""x2^2 x3"", ""x2 x3^2"", ""x3^3""]","[[-45.647832998664924, 21.09180045964365, -48.379400697892486, 15.110581883267669, 4.447262539526705, 0.003434056874321412, 0.1288340254848487, -0.037798641934541036, -0.04999219946500145, -0.018983702656518494, -0.10600737981405765, 0.009880231214936778, 0.05290573735875782, 0.016060485349562136, -0.0014114468284917442, -0.0002915177737347071, 0.0010853450673440385, -0.0001602232965013384, -0.0005175271167442635, -0.0013307826083122428, 0.0016949488397980455, -0.00010685622022421097, -0.0004713991193147486, 0.0005339329167248123, 0.0006256894908491364, 0.00026476427481019713, -9.63434750057987e-05, 0.00021891884109793218, -0.0003112211971843184, -0.00032988535785806363, 3.817991449236661e-05, -8.564950482989778e-05, 4.005317562495413e-05, 1.7645721029296564e-06, -0.00027771113761153354], [-10.983744145741685, 34.05893197058588, 2.6105835918777465, -42.11450052886052, 8.21338628536883, 0.081855889567703, -0.17835618499102424, -0.012869148725301328, 0.029972021788480175, -0.024930440161857, 0.22618562015469137, -0.020098635436959778, -0.0753898298844627, -0.05194153517702886, 0.02831016227226094, 3.6526512993286e-05, -0.00021581675608446578, -0.00024860552402263393, 0.00038142279589130866, 0.0008898632130242668, -0.0007499531679812482, -0.00041595322474168603, 0.0007648209312621665, -0.0008958533567820435, 0.00011141269606135541, -0.00024797331242643316, 1.922547557765457e-05, 8.031332689466114e-05, -0.0005646142475437039, 0.0011436461893967, -0.00043095740842083403, 0.00031949293913324106, -0.0004388670789407714, 0.000286952433026734, -3.2643625373294523e-05], [5.407965346347209, -7.929752413147943, 40.902939731045436, -1.378098901314677, -34.50011259021062, -0.055531704531329044, 0.05023750547968317, 0.08472799513433646, -0.04107012702079069, 0.11943094240274481, -0.2716313127438469, -0.007226366583821722, 0.012699975103917181, 0.16079637971426008, -0.05565499031960438, -2.9953608517359328e-05, -0.0001313369213181977, 0.0006158631539284565, -0.0003571419653915294, -0.00022048253433683368, -0.0006942267576705701, 0.0010571416480996674, -0.0002698638182180877, 0.000627978515668151, -0.0003964223076231599, 0.00021177540322801585, -5.369960717571446e-05, -0.0007589466016023901, 0.0008146571441784449, -0.00019359587240277626, 0.0003949496331690457, -0.0003042306175443465, -3.269404323020632e-05, -0.00023638694380108646, 0.00016333554510974296], [28.812942975765225, -4.305948029260612, -14.495856806108325, 48.44012242977735, -21.805136417411966, 0.00728684881625686, 0.047494119330259515, -0.09172487784331312, 0.04096071540557782, -0.13737083626609783, 0.1435564794163012, 0.10131325779768754, 0.09419171561182424, -0.2071544090530941, 0.007034456864970199, 0.00020069457992254454, 1.6698643902926538e-05, -0.0005684177684567381, 3.912924105817277e-05, 0.00015856740893623514, 0.0014910395220079887, -0.001779241292662011, -0.0005956999811505092, 4.185793507332326e-05, 0.0007510135038940377, -0.00028277481170936776, -0.00023015745631023101, 0.0017648106355703207, 0.00029687801247385744, -0.002262572487953998, -7.711423964437132e-05, 1.0650283530676726e-05, 0.0009712409206551343, -0.00047404330266010726, 3.8059324432169653e-06]]",(x0)' = -45.648 1 +  21.092 x0 + -48.379 x1 +  15.111 x2 +  4.447 x3 +  0.003 x0^2 +  0.129 x0 x1 + -0.038 x0 x2 + -0.050 x0 x3 + -0.019 x1^2 + -0.106 x1 x2 +  0.010 x1 x3 +  0.053 x2^2 +  0.016 x2 x3 + -0.001 x3^2 +  0.001 x0^2 x1 + -0.001 x0^2 x3 + -0.001 x0 x1^2 +  0.002 x0 x1 x2 +  0.001 x0 x2 x3 +  0.001 x0 x3^2 | (x1)' = -10.984 1 +  34.059 x0 +  2.611 x1 + -42.115 x2 +  8.213 x3 +  0.082 x0^2 + -0.178 x0 x1 + -0.013 x0 x2 +  0.030 x0 x3 + -0.025 x1^2 +  0.226 x1 x2 + -0.020 x1 x3 + -0.075 x2^2 + -0.052 x2 x3 +  0.028 x3^2 +  0.001 x0 x1^2 + -0.001 x0 x1 x2 +  0.001 x0 x2^2 + -0.001 x0 x2 x3 + -0.001 x1 x2^2 +  0.001 x1 x2 x3 | (x2)' =  5.408 1 + -7.930 x0 +  40.903 x1 + -1.378 x2 + -34.500 x3 + -0.056 x0^2 +  0.050 x0 x1 +  0.085 x0 x2 + -0.041 x0 x3 +  0.119 x1^2 + -0.272 x1 x2 + -0.007 x1 x3 +  0.013 x2^2 +  0.161 x2 x3 + -0.056 x3^2 +  0.001 x0^2 x2 + -0.001 x0 x1 x2 +  0.001 x0 x1 x3 +  0.001 x0 x2 x3 + -0.001 x1^2 x3 +  0.001 x1 x2^2 | (x3)' =  28.813 1 + -4.306 x0 + -14.496 x1 +  48.440 x2 + -21.805 x3 +  0.007 x0^2 +  0.047 x0 x1 + -0.092 x0 x2 +  0.041 x0 x3 + -0.137 x1^2 +  0.144 x1 x2 +  0.101 x1 x3 +  0.094 x2^2 + -0.207 x2 x3 +  0.007 x3^2 + -0.001 x0^2 x2 +  0.001 x0 x1 x2 + -0.002 x0 x1 x3 + -0.001 x0 x2^2 +  0.001 x0 x3^2 +  0.002 x1^2 x3 + -0.002 x1 x2 x3 +  0.001 x2^2 x3
17,35.0,100.0,36.85636440989091,3,4,5,20.0,60.0,5,20.0,smoothed_finite_difference_savgol_order_3,success,,140,140,100.0,1.1070418525487185,"[""1"", ""x0"", ""x1"", ""x2"", ""x3"", ""x0^2"", ""x0 x1"", ""x0 x2"", ""x0 x3"", ""x1^2"", ""x1 x2"", ""x1 x3"", ""x2^2"", ""x2 x3"", ""x3^2"", ""x0^3"", ""x0^2 x1"", ""x0^2 x2"", ""x0^2 x3"", ""x0 x1^2"", ""x0 x1 x2"", ""x0 x1 x3"", ""x0 x2^2"", ""x0 x2 x3"", ""x0 x3^2"", ""x1^3"", ""x1^2 x2"", ""x1^2 x3"", ""x1 x2^2"", ""x1 x2 x3"", ""x1 x3^2"", ""x2^3"", ""x2^2 x3"", ""x2 x3^2"", ""x3^3""]","[[-45.30985984729749, 21.41630319720241, -48.864352432178535, 15.505632286787387, 4.234122373158095, 0.0026074923050690654, 0.1299021458654184, -0.03811495632847502, -0.04945528101460658, -0.01840273286845431, -0.10876872908883156, 0.01059638546970391, 0.05404001926092297, 0.01688369878444658, -0.002362942876102494, -0.00029222809869280356, 0.001086122487179514, -0.00015100176209884331, -0.0005284100151103666, -0.0013344290322398024, 0.0016947317218842081, -9.322924408152501e-05, -0.0004743396647748943, 0.0005167772595049379, 0.0006412038642336673, 0.0002647668934102747, -9.860569808511526e-05, 0.0002103289923703582, -0.0003044904037959574, -0.0003229364861302366, 2.7928571328202237e-05, -8.782642293545857e-05, 4.006115910656448e-05, 9.772828186325975e-06, -0.00028098695505368045], [-10.081297606820817, 34.09628896357326, 2.6860201785492817, -42.359451055040715, 8.387487829373612, 0.0802214378691391, -0.1752329057299393, -0.013043559838213393, 0.029686240033372748, -0.02604547540893471, 0.22605072618099864, -0.02003318350690597, -0.07479568054909101, -0.05291693149003276, 0.02878308117017758, 3.658160651922841e-05, -0.00020704547858006733, -0.00025401577894759025, 0.0003857311968285214, 0.0008752355076578152, -0.000742488199369713, -0.00043024657295106074, 0.0007547103498574625, -0.0008703387813511672, 0.00010312150433099136, -0.0002493358071022396, 2.819643838015624e-05, 9.753075635910581e-05, -0.0005588580179410723, 0.0011028032386339647, -0.00042077866191275927, 0.00031914270948062406, -0.0004330767504344144, 0.00028421817145238856, -3.077209632143772e-05], [5.367869314974251, -8.098356638670356, 41.148630513582766, -1.4650514771898864, -34.52714143853662, -0.05506540622485309, 0.05019681050306088, 0.0832494561870067, -0.03986019291927226, 0.11838515703715534, -0.26899919230901004, -0.00834989707066299, 0.0123671489117559, 0.1601809365198382, -0.05526448715614025, -2.74392279860497e-05, -0.00013188405849334285, 0.0006055481560517396, -0.0003535552138348157, -0.0002295406089638858, -0.0006694013867176218, 0.0010644069798659156, -0.0002668603374793649, 0.0006071200408921566, -0.00039541635709595155, 0.00021344421391146563, -4.281972527455035e-05, -0.0007746351795910433, 0.0007833861311100922, -0.00015734552798537832, 0.0003902123540037784, -0.00030160334664211053, -3.0197061962354527e-05, -0.00023503207725477553, 0.00016056488102041879], [29.026840038157196, -4.112952174133435, -14.869228950967406, 48.91081036522718, -22.126340136210896, 0.007778115739158654, 0.04728928015560759, -0.0919302801017957, 0.04015527091741548, -0.1380325563688393, 0.14557868838832297, 0.10068713044248365, 0.09261289818735442, -0.2060541212415757, 0.0074266729963559965, 0.0002007098071034667, 1.445558798748772e-05, -0.0005607594076694497, 3.313759118007604e-05, 0.0001644798324762582, 0.0014701837150877068, -0.0017795219118830312, -0.0005767168622633733, 2.7015230991989525e-05, 0.0007640470502674086, -0.0002783555934761928, -0.00024462618777958134, 0.001776198514267472, 0.00030131671032904606, -0.002260244633112121, -8.5682796255309e-05, 8.893541214031833e-06, 0.0009786494965361519, -0.00047648636052139575, 1.3306359721674197e-06]]",(x0)' = -45.310 1 +  21.416 x0 + -48.864 x1 +  15.506 x2 +  4.234 x3 +  0.003 x0^2 +  0.130 x0 x1 + -0.038 x0 x2 + -0.049 x0 x3 + -0.018 x1^2 + -0.109 x1 x2 +  0.011 x1 x3 +  0.054 x2^2 +  0.017 x2 x3 + -0.002 x3^2 +  0.001 x0^2 x1 + -0.001 x0^2 x3 + -0.001 x0 x1^2 +  0.002 x0 x1 x2 +  0.001 x0 x2 x3 +  0.001 x0 x3^2 | (x1)' = -10.081 1 +  34.096 x0 +  2.686 x1 + -42.359 x2 +  8.387 x3 +  0.080 x0^2 + -0.175 x0 x1 + -0.013 x0 x2 +  0.030 x0 x3 + -0.026 x1^2 +  0.226 x1 x2 + -0.020 x1 x3 + -0.075 x2^2 + -0.053 x2 x3 +  0.029 x3^2 +  0.001 x0 x1^2 + -0.001 x0 x1 x2 +  0.001 x0 x2^2 + -0.001 x0 x2 x3 + -0.001 x1 x2^2 +  0.001 x1 x2 x3 | (x2)' =  5.368 1 + -8.098 x0 +  41.149 x1 + -1.465 x2 + -34.527 x3 + -0.055 x0^2 +  0.050 x0 x1 +  0.083 x0 x2 + -0.040 x0 x3 +  0.118 x1^2 + -0.269 x1 x2 + -0.008 x1 x3 +  0.012 x2^2 +  0.160 x2 x3 + -0.055 x3^2 +  0.001 x0^2 x2 + -0.001 x0 x1 x2 +  0.001 x0 x1 x3 +  0.001 x0 x2 x3 + -0.001 x1^2 x3 +  0.001 x1 x2^2 | (x3)' =  29.027 1 + -4.113 x0 + -14.869 x1 +  48.911 x2 + -22.126 x3 +  0.008 x0^2 +  0.047 x0 x1 + -0.092 x0 x2 +  0.040 x0 x3 + -0.138 x1^2 +  0.146 x1 x2 +  0.101 x1 x3 +  0.093 x2^2 + -0.206 x2 x3 +  0.007 x3^2 + -0.001 x0^2 x2 +  0.001 x0 x1 x2 + -0.002 x0 x1 x3 + -0.001 x0 x2^2 +  0.001 x0 x3^2 +  0.002 x1^2 x3 + -0.002 x1 x2 x3 +  0.001 x2^2 x3
18,35.0,100.0,36.85636440989091,3,4,5,20.0,60.0,9,36.0,smoothed_finite_difference_savgol_order_3,success,,139,140,99.28571428571429,1.2604777663946152,"[""1"", ""x0"", ""x1"", ""x2"", ""x3"", ""x0^2"", ""x0 x1"", ""x0 x2"", ""x0 x3"", ""x1^2"", ""x1 x2"", ""x1 x3"", ""x2^2"", ""x2 x3"", ""x3^2"", ""x0^3"", ""x0^2 x1"", ""x0^2 x2"", ""x0^2 x3"", ""x0 x1^2"", ""x0 x1 x2"", ""x0 x1 x3"", ""x0 x2^2"", ""x0 x2 x3"", ""x0 x3^2"", ""x1^3"", ""x1^2 x2"", ""x1^2 x3"", ""x1 x2^2"", ""x1 x2 x3"", ""x1 x3^2"", ""x2^3"", ""x2^2 x3"", ""x2 x3^2"", ""x3^3""]","[[-45.75623800116229, 24.935577859943738, -53.81612835309684, 19.596351229643677, 1.8886812596206217, -0.0024528532649289807, 0.1234075360330672, -0.03332750588894822, -0.044048339969395, 0.0, -0.14293850045213752, 0.01826000180687589, 0.06426424899789313, 0.02579683096244194, -0.011723200446602116, -0.0002763933192605496, 0.001082561887009992, -6.398506960303355e-05, -0.0006617620813490386, -0.0014420931760229835, 0.0017201870685843747, 0.00015328853902752952, -0.00045955993640462404, 0.00021932659484346108, 0.0008188752703438127, 0.0003433453816705682, -0.0002033666947202032, 4.0196961771844836e-05, -0.000246785357247085, -7.973742662633917e-05, -0.0001341378739488542, -0.00010698639541072477, -7.665329686398384e-06, 0.00011762434652266146, -0.00031159796659970473], [-2.8540911948710215, 34.03526973582751, 3.5996743364926913, -44.443613236865524, 9.902417278269233, 0.06426421799426095, -0.1421691732246873, -0.013348392043110344, 0.02440967314336311, -0.035168780777657185, 0.2144152188529102, -0.015300373453867472, -0.06526751955671396, -0.06155223703640191, 0.03177899039808359, 3.0194380375619222e-05, -0.0001297584977683685, -0.0002887045792687845, 0.00042261989871005825, 0.0007253145467146274, -0.0006526909535800512, -0.0005802752611753488, 0.0006317961127674212, -0.0005749839876922362, 8.093354953534218e-06, -0.0002558480952234319, 0.00011378721598851403, 0.0002761786729954952, -0.00048600658199640396, 0.0006460117614751114, -0.00029111566216706455, 0.0003125468040843094, -0.00035947023455519387, 0.00024204154119101824, -1.2002454641540269e-05], [3.0743728835805406, -9.602138902401213, 43.27661569816196, -2.51387744161189, -34.33395601686109, -0.04857665446682448, 0.04636949885361294, 0.06780495846902443, -0.02754751730270409, 0.10678989399617143, -0.23679492317839845, -0.018298547213879312, 0.008710143936429453, 0.14817693761082082, -0.04916902348511792, -5.462023676287249e-06, -0.00014570763593007652, 0.0005046174962009468, -0.0003202960594208166, -0.00026278260415466264, -0.000450961553960266, 0.0011068640728916174, -0.00024311457036362268, 0.00042610889975514823, -0.00037803985142453774, 0.00020924903375588492, 5.099895017201833e-05, -0.000910456221218089, 0.0004892691754138839, 0.00017995241429275675, 0.0003387215815703367, -0.000272352953516925, -4.203043436359791e-07, -0.00022992059973764347, 0.0001363040759908458], [29.27822400548272, -1.9319161674167638, -18.777096767298815, 53.741557279017435, -25.63100050152696, 0.012106975127655595, 0.043781303059737695, -0.09012979301812589, 0.03070086552986917, -0.14093595414453075, 0.15900459977440706, 0.09337840237840526, 0.07724826271119059, -0.19079683199576097, 0.010432709006314064, 0.00020187316081974338, -1.0109127681866996e-05, -0.0004528656497203548, -3.396080530888168e-05, 0.00019610408320280468, 0.0012384680399334402, -0.001742987166613734, -0.0003825730656273108, -0.00013595053892456147, 0.0008775913060716208, -0.00020871676875294134, -0.0004406349048034762, 0.0018862125228875815, 0.0004200975933706736, -0.0022529603932575034, -0.00015633233935977777, -2.5277871809585798e-05, 0.0010274950232592925, -0.0004780104021602993, -2.618459249215836e-05]]",(x0)' = -45.756 1 +  24.936 x0 + -53.816 x1 +  19.596 x2 +  1.889 x3 + -0.002 x0^2 +  0.123 x0 x1 + -0.033 x0 x2 + -0.044 x0 x3 + -0.143 x1 x2 +  0.018 x1 x3 +  0.064 x2^2 +  0.026 x2 x3 + -0.012 x3^2 +  0.001 x0^2 x1 + -0.001 x0^2 x3 + -0.001 x0 x1^2 +  0.002 x0 x1 x2 +  0.001 x0 x3^2 | (x1)' = -2.854 1 +  34.035 x0 +  3.600 x1 + -44.444 x2 +  9.902 x3 +  0.064 x0^2 + -0.142 x0 x1 + -0.013 x0 x2 +  0.024 x0 x3 + -0.035 x1^2 +  0.214 x1 x2 + -0.015 x1 x3 + -0.065 x2^2 + -0.062 x2 x3 +  0.032 x3^2 +  0.001 x0 x1^2 + -0.001 x0 x1 x2 + -0.001 x0 x1 x3 +  0.001 x0 x2^2 + -0.001 x0 x2 x3 +  0.001 x1 x2 x3 | (x2)' =  3.074 1 + -9.602 x0 +  43.277 x1 + -2.514 x2 + -34.334 x3 + -0.049 x0^2 +  0.046 x0 x1 +  0.068 x0 x2 + -0.028 x0 x3 +  0.107 x1^2 + -0.237 x1 x2 + -0.018 x1 x3 +  0.009 x2^2 +  0.148 x2 x3 + -0.049 x3^2 +  0.001 x0^2 x2 +  0.001 x0 x1 x3 + -0.001 x1^2 x3 | (x3)' =  29.278 1 + -1.932 x0 + -18.777 x1 +  53.742 x2 + -25.631 x3 +  0.012 x0^2 +  0.044 x0 x1 + -0.090 x0 x2 +  0.031 x0 x3 + -0.141 x1^2 +  0.159 x1 x2 +  0.093 x1 x3 +  0.077 x2^2 + -0.191 x2 x3 +  0.010 x3^2 +  0.001 x0 x1 x2 + -0.002 x0 x1 x3 +  0.001 x0 x3^2 +  0.002 x1^2 x3 + -0.002 x1 x2 x3 +  0.001 x2^2 x3
19,35.0,100.0,36.85636440989091,3,6,1,4.0,20.0,0,0.0,finite_difference,success,,502,504,99.60317460317461,7.046819498762488,"[""1"", ""x0"", ""x1"", ""x2"", ""x3"", ""x4"", ""x5"", ""x0^2"", ""x0 x1"", ""x0 x2"", ""x0 x3"", ""x0 x4"", ""x0 x5"", ""x1^2"", ""x1 x2"", ""x1 x3"", ""x1 x4"", ""x1 x5"", ""x2^2"", ""x2 x3"", ""x2 x4"", ""x2 x5"", ""x3^2"", ""x3 x4"", ""x3 x5"", ""x4^2"", ""x4 x5"", ""x5^2"", ""x0^3"", ""x0^2 x1"", ""x0^2 x2"", ""x0^2 x3"", ""x0^2 x4"", ""x0^2 x5"", ""x0 x1^2"", ""x0 x1 x2"", ""x0 x1 x3"", ""x0 x1 x4"", ""x0 x1 x5"", ""x0 x2^2"", ""x0 x2 x3"", ""x0 x2 x4"", ""x0 x2 x5"", ""x0 x3^2"", ""x0 x3 x4"", ""x0 x3 x5"", ""x0 x4^2"", ""x0 x4 x5"", ""x0 x5^2"", ""x1^3"", ""x1^2 x2"", ""x1^2 x3"", ""x1^2 x4"", ""x1^2 x5"", ""x1 x2^2"", ""x1 x2 x3"", ""x1 x2 x4"", ""x1 x2 x5"", ""x1 x3^2"", ""x1 x3 x4"", ""x1 x3 x5"", ""x1 x4^2"", ""x1 x4 x5"", ""x1 x5^2"", ""x2^3"", ""x2^2 x3"", ""x2^2 x4"", ""x2^2 x5"", ""x2 x3^2"", ""x2 x3 x4"", ""x2 x3 x5"", ""x2 x4^2"", ""x2 x4 x5"", ""x2 x5^2"", ""x3^3"", ""x3^2 x4"", ""x3^2 x5"", ""x3 x4^2"", ""x3 x4 x5"", ""x3 x5^2"", ""x4^3"", ""x4^2 x5"", ""x4 x5^2"", ""x5^3""]","[[-3.2364518542666185, 602.5603784709954, -1422.6352189142099, 1598.6346774630774, -1187.7741923935544, 504.313979102787, -95.4282492991971, -0.7441737302370521, 4.375938692007861, -5.106689741161687, 3.2837948380570894, -1.7012669581972917, 0.7143540835309173, -4.7448100815633865, 6.227934466607503, -1.7649182221614064, 3.152093089678068, -2.8003876183824215, 2.0588159948589535, -5.5156832499253, -5.421217960626856, 6.188274608722797, 0.0, 12.261163766680305, -8.69224386521342, -7.600805764965643, 7.109819284135139, -1.2799243234176487, -0.009359207516108454, 0.04924284858621083, 0.010436269196748869, -0.04013084742913108, 0.012992428898299671, -0.005334335430848045, -0.09418444940990364, -0.00837114971870479, 0.06760218175382099, 0.022575172602146497, 0.013282706804927703, 0.029094709804779424, 0.016655140164641386, -0.020342567358659122, -0.06581140977186598, -0.0642020948183141, 0.011464023959611245, 0.10170353257324266, 0.01950741546426736, -0.06961408125297754, 0.014425464480040472, 0.0589313465527756, -0.0028370227135848677, -0.03585102682762156, -0.07420794964978188, 0.020695860753391915, -0.028629565738362932, 0.024197469876997307, 0.04836979572931081, 0.004097886913835175, 0.030927981545755084, 0.009564379503905427, -0.07175922397741524, 0.01707615499106348, 0.020172312136120897, -0.0022492990860866315, -0.03571500770298021, 0.0360107782809137, 0.04411396329496161, 0.031140875414850572, -0.004477889915847835, -0.07463411271708958, -0.04423641768441915, -0.06484506148388809, 0.07772764537438019, -0.013196536538392884, 0.008772928471340317, -0.008769146878484096, 0.007218160238954939, 0.04793816065492542, 0.036559863496935005, -0.03128220913783898, 0.008473172545244588, -0.08394640064886037, 0.06604226278592956, -0.013007641655553166], [-0.013084871301958284, 124.84575767039816, 0.5020670450705991, -125.6570688748323, 0.4325122541718656, -0.16296041715394982, 0.038888109922548264, 0.04121179992260346, -0.2038216135567414, 0.38883707251190347, -0.6068166331796495, 0.4891762901715135, -0.1523152056186638, 0.044325060688159765, 0.07917081496767538, 0.5714573483233667, -0.8601208006342476, 0.3320181543126838, -0.6008398224053314, 0.5822627221639028, 0.4328492738910999, -0.2900582218234101, -0.25892964679138364, -0.2258595329867551, 0.2020505224194052, 0.15304196849118162, -0.1440681293855042, 0.026431701108713474, 0.0025105833804932747, -0.011360993508256782, 0.013868880527601893, -0.012269605300652556, 0.004768994664682304, -0.00434425717457901, 0.004530793892534247, -0.0013453667379906568, 0.0021630148973689404, 0.005368059138677788, 0.015592260432280033, -0.007022991901616785, 0.0054675582919191095, -0.01159030032048735, -0.018141958988472852, 0.007150490885703837, -0.0011566620727161826, 0.019856031843779355, -0.002511247817761622, -0.010106768089209335, 0.0029118421153634024, 0.005698094867331357, -0.010125248225066698, 0.005291188426147305, -0.006169028071416908, -0.01095150100414862, -0.005848909687380351, 0.009547459623369605, 0.003126127701688283, 0.005975315479161022, -0.009227866344344474, 0.0, -0.00590279013129458, 0.010468235568710451, 0.0021740726884703753, -0.0030325157015710052, 0.004103959288806949, 0.0070748078743775025, 0.004912868240464897, 0.017467846707701108, -0.011913094573454224, -0.01539426550406089, -0.016399553151380926, -0.002593191547665789, -0.0008464715325897369, 0.004941968334010652, 0.0028128650992395115, 0.008544918637315112, -0.006185272506527112, 0.013601101429236203, 0.011159201992073493, -0.008245241864781946, -0.014494289510107507, 0.004180901265842015, 0.0024146116757387493, -0.0005046790713186776], [-0.03367373928297754, -0.00980471335656158, 124.91125827451393, 0.352727922370672, -125.4419736851206, 0.22048697611183343, -0.02946841896263763, 0.04001241762430243, -0.19547153257980032, 0.3685790946520238, -0.6289963312377489, 0.5808541753425416, -0.21027352981690065, 0.05940769123202159, 0.04728266560678062, 0.7105983077277873, -1.2219364223503448, 0.5612544058330234, -0.662784122133418, 0.7421319123454814, 0.7204834842374466, -0.5846769706425022, -0.5160405987862772, -0.11279862448815506, 0.34567075575071915, 0.09726180673470386, -0.1707345899390997, 0.030194059816233215, 0.0023063121451643, -0.01166357482478255, 0.008512346916582885, -0.002626400431219445, -0.0017566936391481265, -0.003098505333589669, 0.011225739612992463, -0.002834111330863549, -0.005040786996157904, 0.011291134328829671, 0.015179398041921489, -0.004772918198816565, 0.0009544402480005403, -0.02151127651832921, -0.008208953228816398, 0.017567343637148288, -0.005272107101809813, 0.008950065675194224, 7.112567855511311e-05, -0.004410949990168516, 0.0011692323941864826, 0.0009834904034241678, -0.009907124063534003, -0.002135389923880199, 0.01042907551797428, -0.021556271932006526, 0.0014027239109038019, 0.0038328756378048774, 0.0025364371461442914, 0.010178019741402599, -0.0046431241947750244, -0.006155099951103194, 0.003364491292811467, 0.007448391851848365, -0.0038081326840116963, -0.00023156220841498304, 0.009764992123774194, -0.0016419248852968921, -0.002016276155644159, 0.016190607878850377, -0.012090232909765282, -0.00875529504970851, -0.01370756405444816, 0.004554188567047297, -0.004556869947929753, 0.003541870170822275, 0.004021174692206171, 0.009797048047635074, -0.010781070494157514, 0.010953834649008962, 0.010911197285993999, -0.005526950195289859, -0.01783496793680887, 0.011735454830845768, -0.0026944252775255493, 0.00036520033872308516], [-0.02836794187339856, 0.06949887733321294, -0.30241704998703856, 125.52413510760486, -0.41263058349909965, -124.86996627933561, -0.003824403809413099, 0.019617092756781314, -0.09318965113884048, 0.1585220289359981, -0.29558113199727865, 0.32418353739547556, -0.13720322796867193, 0.048318350450074925, -0.009808337563028034, 0.4056284634926371, -0.8071390808016657, 0.425335388713816, -0.3439873100776803, 0.4619779303238784, 0.5416286471566166, -0.49290786131166614, -0.4211599384624807, 0.01918239056545346, 0.27335952889025594, 0.007290615345127607, -0.10061041125893444, 0.016560216251608025, 0.0007977950418579657, -0.005251774687800864, -7.394067416640198e-05, 0.00638187656637758, -0.005781373022898846, -0.0006613651536597516, 0.010036590612344468, -0.003767894353244261, -0.008499402464742935, 0.009352222288518144, 0.007556719045316857, 0.0006675011949507196, -0.0017118709327658412, -0.01675115538089925, 0.0023132191718467244, 0.014590830365800712, -0.00598341737423535, -0.002877149131400345, 0.0023003516011439393, 0.00195839374449147, -0.0008099400756170255, -0.002526213608019178, -0.005033168684120579, -0.005469666173092199, 0.017327238403228154, -0.017863204847339997, 0.005808934634953382, -0.002281754501355966, -0.0006184505593854681, 0.007195956210536816, -0.0012331440346191687, -0.001652438050816826, 0.0077707030966991655, -0.0005781769811497363, -0.006626523212752821, 0.0023496736324485155, 0.008826522753753499, -0.006718662894103321, -0.007037216511054265, 0.00782709576403497, -0.005800465366317793, -0.00020510613504642704, -0.00429398971411215, 0.007575267679409253, -0.004180621204690483, 0.00022403255960742706, 0.0035163736417148346, 0.005224694770446122, -0.009560625683703526, 0.003390672368298767, 0.005383163893734797, -0.00038111604480641257, -0.011099649967491906, 0.011532571999819986, -0.005491768959750943, 0.0009124488652107157], [-0.0006221320485454762, 0.13909106320800757, -0.4464522164550884, 0.5719644292764637, 124.66536043200556, 0.08711250114422088, -125.01332650673085, -0.02496987731267728, 0.13004850487894706, -0.24423866877809228, 0.3394347206651654, -0.2268486825849312, 0.05339478897500908, -0.03718562181584015, -0.02354103531051951, -0.25429477373892634, 0.27185644974537804, -0.05460963199166437, 0.3027379566418696, -0.2723398363242782, -0.05789811405664151, -0.00047176711081953557, 0.013350280948868216, 0.21477897956368108, -0.06188235955619834, -0.15063084787140768, 0.10480820498592916, -0.021492082998162826, -0.0017996165525627234, 0.007101267908829168, -0.011524539698714054, 0.015036690264639099, -0.007762664572818577, 0.003019089196100714, 0.0012352879245637733, -0.0037201627917851474, -0.00919190060016341, 0.0007441366369814431, -0.007075251185562259, 0.009611842658699347, -0.003486528900372695, 0.002929251366032343, 0.012775779863728248, -0.00240442891844691, -0.002792314036867027, -0.015297852225972648, 0.005210807087060424, 0.007953248649441037, -0.0028620616475847904, -0.00471040107809813, 0.004389981525668573, -0.0059914224120219475, 0.014533232725048001, -0.0005107684931248695, 0.007891143020680459, -0.007358544884989218, -0.004748274553871096, -0.0022744088368056065, 0.0053655214610530905, 0.004902143111356337, 0.009647806010820915, -0.012479709590088723, -0.0071987628799956216, 0.005254998879712927, -0.00025080346201891576, -0.008613448609224847, -0.010175650177847153, -0.008547426235825275, 0.0076501284473843864, 0.011290760658227978, 0.012131337630774968, 0.007918509245872556, 0.0002487335511965497, -0.0057988311773454326, 0.0006317023020528926, -0.005555734943910599, -0.0027658511864402484, -0.008967758244379738, -0.005365250207248611, 0.007557045378140707, 0.005600967083599696, 0.0033168191238368305, -0.00580067269512658, 0.0010825959982604697], [2.799114691167583, 93.59386938878006, -496.1978535716144, 1172.7095067069708, -1583.907433002828, 1415.157633098739, -601.033967507746, 0.9148176082092709, -5.105387374678502, 5.469188144718657, -2.5496902674909694, 0.8246635123693296, -0.41956537287836587, 5.588952731585541, -7.239388324691265, -0.5574274647633369, -0.360768931286172, 1.8460008452266128, -1.8313609102160677, 9.63404255533248, 0.9966446118906283, -4.698898728551413, -3.7361367920250403, -6.633256134786284, 7.022270673255536, 5.803242626563457, -6.1001205496918764, 1.1321320970692337, 0.0074203100539680005, -0.04042422455880435, 0.009411345802407309, 0.021501701374764603, 0.0005872494110212383, -0.004746762647074846, 0.0656094640185447, -0.02823527965441451, -0.06179009373577382, -0.033328797551091756, 0.02415795880894638, -0.0023458339635235004, 0.033580654907015874, 0.0684705222679358, -0.028116464863411104, -0.023270297652652427, -0.010425642802394063, -0.009724562940795465, 0.0006360861073474784, 0.008667080072135342, 0.0009615811069314901, -0.01692782839545774, -0.02463719593381951, 0.06108656199099122, 0.0015284645596043607, 0.0003111859302744601, 0.0058324667292307935, 0.03346146963410638, -0.02768536537777754, -0.011705078152764392, -0.04331721495922802, -0.02744201404152427, 0.06541798007582127, 0.02501636897427199, -0.02826199014545041, -0.008235412671598085, -0.002226244227199742, 0.00024029948391646611, -0.026646201630967863, -0.011034578107879956, -0.004272738629620958, 0.028842487961404244, 0.019156611630005024, 0.043664364282938975, -0.07111021974211058, 0.03359924290846026, 0.005356675394296746, 0.009314880644963216, -0.004293227747530121, -0.02756028541711061, -0.015664535290763365, 0.00442710925196089, -0.021861277035497034, 0.08048697479604304, -0.055101583683477146, 0.011626021059997528]]",(x0)' = -3.236 1 +  602.560 x0 + -1422.635 x1 +  1598.635 x2 + -1187.774 x3 +  504.314 x4 + -95.428 x5 + -0.744 x0^2 +  4.376 x0 x1 + -5.107 x0 x2 +  3.284 x0 x3 + -1.701 x0 x4 +  0.714 x0 x5 + -4.745 x1^2 +  6.228 x1 x2 + -1.765 x1 x3 +  3.152 x1 x4 + -2.800 x1 x5 +  2.059 x2^2 + -5.516 x2 x3 + -5.421 x2 x4 +  6.188 x2 x5 +  12.261 x3 x4 + -8.692 x3 x5 + -7.601 x4^2 +  7.110 x4 x5 + -1.280 x5^2 + -0.009 x0^3 +  0.049 x0^2 x1 +  0.010 x0^2 x2 + -0.040 x0^2 x3 +  0.013 x0^2 x4 + -0.005 x0^2 x5 + -0.094 x0 x1^2 + -0.008 x0 x1 x2 +  0.068 x0 x1 x3 +  0.023 x0 x1 x4 +  0.013 x0 x1 x5 +  0.029 x0 x2^2 +  0.017 x0 x2 x3 + -0.020 x0 x2 x4 + -0.066 x0 x2 x5 + -0.064 x0 x3^2 +  0.011 x0 x3 x4 +  0.102 x0 x3 x5 +  0.020 x0 x4^2 + -0.070 x0 x4 x5 +  0.014 x0 x5^2 +  0.059 x1^3 + -0.003 x1^2 x2 + -0.036 x1^2 x3 + -0.074 x1^2 x4 +  0.021 x1^2 x5 + -0.029 x1 x2^2 +  0.024 x1 x2 x3 +  0.048 x1 x2 x4 +  0.004 x1 x2 x5 +  0.031 x1 x3^2 +  0.010 x1 x3 x4 + -0.072 x1 x3 x5 +  0.017 x1 x4^2 +  0.020 x1 x4 x5 + -0.002 x1 x5^2 + -0.036 x2^3 +  0.036 x2^2 x3 +  0.044 x2^2 x4 +  0.031 x2^2 x5 + -0.004 x2 x3^2 + -0.075 x2 x3 x4 + -0.044 x2 x3 x5 + -0.065 x2 x4^2 +  0.078 x2 x4 x5 + -0.013 x2 x5^2 +  0.009 x3^3 + -0.009 x3^2 x4 +  0.007 x3^2 x5 +  0.048 x3 x4^2 +  0.037 x3 x4 x5 + -0.031 x3 x5^2 +  0.008 x4^3 + -0.084 x4^2 x5 +  0.066 x4 x5^2 + -0.013 x5^3 | (x1)' = -0.013 1 +  124.846 x0 +  0.502 x1 + -125.657 x2 +  0.433 x3 + -0.163 x4 +  0.039 x5 +  0.041 x0^2 + -0.204 x0 x1 +  0.389 x0 x2 + -0.607 x0 x3 +  0.489 x0 x4 + -0.152 x0 x5 +  0.044 x1^2 +  0.079 x1 x2 +  0.571 x1 x3 + -0.860 x1 x4 +  0.332 x1 x5 + -0.601 x2^2 +  0.582 x2 x3 +  0.433 x2 x4 + -0.290 x2 x5 + -0.259 x3^2 + -0.226 x3 x4 +  0.202 x3 x5 +  0.153 x4^2 + -0.144 x4 x5 +  0.026 x5^2 +  0.003 x0^3 + -0.011 x0^2 x1 +  0.014 x0^2 x2 + -0.012 x0^2 x3 +  0.005 x0^2 x4 + -0.004 x0^2 x5 +  0.005 x0 x1^2 + -0.001 x0 x1 x2 +  0.002 x0 x1 x3 +  0.005 x0 x1 x4 +  0.016 x0 x1 x5 + -0.007 x0 x2^2 +  0.005 x0 x2 x3 + -0.012 x0 x2 x4 + -0.018 x0 x2 x5 +  0.007 x0 x3^2 + -0.001 x0 x3 x4 +  0.020 x0 x3 x5 + -0.003 x0 x4^2 + -0.010 x0 x4 x5 +  0.003 x0 x5^2 +  0.006 x1^3 + -0.010 x1^2 x2 +  0.005 x1^2 x3 + -0.006 x1^2 x4 + -0.011 x1^2 x5 + -0.006 x1 x2^2 +  0.010 x1 x2 x3 +  0.003 x1 x2 x4 +  0.006 x1 x2 x5 + -0.009 x1 x3^2 + -0.006 x1 x3 x5 +  0.010 x1 x4^2 +  0.002 x1 x4 x5 + -0.003 x1 x5^2 +  0.004 x2^3 +  0.007 x2^2 x3 +  0.005 x2^2 x4 +  0.017 x2^2 x5 + -0.012 x2 x3^2 + -0.015 x2 x3 x4 + -0.016 x2 x3 x5 + -0.003 x2 x4^2 + -0.001 x2 x4 x5 +  0.005 x2 x5^2 +  0.003 x3^3 +  0.009 x3^2 x4 + -0.006 x3^2 x5 +  0.014 x3 x4^2 +  0.011 x3 x4 x5 + -0.008 x3 x5^2 + -0.014 x4^3 +  0.004 x4^2 x5 +  0.002 x4 x5^2 + -0.001 x5^3 | (x2)' = -0.034 1 + -0.010 x0 +  124.911 x1 +  0.353 x2 + -125.442 x3 +  0.220 x4 + -0.029 x5 +  0.040 x0^2 + -0.195 x0 x1 +  0.369 x0 x2 + -0.629 x0 x3 +  0.581 x0 x4 + -0.210 x0 x5 +  0.059 x1^2 +  0.047 x1 x2 +  0.711 x1 x3 + -1.222 x1 x4 +  0.561 x1 x5 + -0.663 x2^2 +  0.742 x2 x3 +  0.720 x2 x4 + -0.585 x2 x5 + -0.516 x3^2 + -0.113 x3 x4 +  0.346 x3 x5 +  0.097 x4^2 + -0.171 x4 x5 +  0.030 x5^2 +  0.002 x0^3 + -0.012 x0^2 x1 +  0.009 x0^2 x2 + -0.003 x0^2 x3 + -0.002 x0^2 x4 + -0.003 x0^2 x5 +  0.011 x0 x1^2 + -0.003 x0 x1 x2 + -0.005 x0 x1 x3 +  0.011 x0 x1 x4 +  0.015 x0 x1 x5 + -0.005 x0 x2^2 +  0.001 x0 x2 x3 + -0.022 x0 x2 x4 + -0.008 x0 x2 x5 +  0.018 x0 x3^2 + -0.005 x0 x3 x4 +  0.009 x0 x3 x5 + -0.004 x0 x4 x5 +  0.001 x0 x5^2 +  0.001 x1^3 + -0.010 x1^2 x2 + -0.002 x1^2 x3 +  0.010 x1^2 x4 + -0.022 x1^2 x5 +  0.001 x1 x2^2 +  0.004 x1 x2 x3 +  0.003 x1 x2 x4 +  0.010 x1 x2 x5 + -0.005 x1 x3^2 + -0.006 x1 x3 x4 +  0.003 x1 x3 x5 +  0.007 x1 x4^2 + -0.004 x1 x4 x5 +  0.010 x2^3 + -0.002 x2^2 x3 + -0.002 x2^2 x4 +  0.016 x2^2 x5 + -0.012 x2 x3^2 + -0.009 x2 x3 x4 + -0.014 x2 x3 x5 +  0.005 x2 x4^2 + -0.005 x2 x4 x5 +  0.004 x2 x5^2 +  0.004 x3^3 +  0.010 x3^2 x4 + -0.011 x3^2 x5 +  0.011 x3 x4^2 +  0.011 x3 x4 x5 + -0.006 x3 x5^2 + -0.018 x4^3 +  0.012 x4^2 x5 + -0.003 x4 x5^2 | (x3)' = -0.028 1 +  0.069 x0 + -0.302 x1 +  125.524 x2 + -0.413 x3 + -124.870 x4 + -0.004 x5 +  0.020 x0^2 + -0.093 x0 x1 +  0.159 x0 x2 + -0.296 x0 x3 +  0.324 x0 x4 + -0.137 x0 x5 +  0.048 x1^2 + -0.010 x1 x2 +  0.406 x1 x3 + -0.807 x1 x4 +  0.425 x1 x5 + -0.344 x2^2 +  0.462 x2 x3 +  0.542 x2 x4 + -0.493 x2 x5 + -0.421 x3^2 +  0.019 x3 x4 +  0.273 x3 x5 +  0.007 x4^2 + -0.101 x4 x5 +  0.017 x5^2 +  0.001 x0^3 + -0.005 x0^2 x1 +  0.006 x0^2 x3 + -0.006 x0^2 x4 + -0.001 x0^2 x5 +  0.010 x0 x1^2 + -0.004 x0 x1 x2 + -0.008 x0 x1 x3 +  0.009 x0 x1 x4 +  0.008 x0 x1 x5 +  0.001 x0 x2^2 + -0.002 x0 x2 x3 + -0.017 x0 x2 x4 +  0.002 x0 x2 x5 +  0.015 x0 x3^2 + -0.006 x0 x3 x4 + -0.003 x0 x3 x5 +  0.002 x0 x4^2 +  0.002 x0 x4 x5 + -0.001 x0 x5^2 + -0.003 x1^3 + -0.005 x1^2 x2 + -0.005 x1^2 x3 +  0.017 x1^2 x4 + -0.018 x1^2 x5 +  0.006 x1 x2^2 + -0.002 x1 x2 x3 + -0.001 x1 x2 x4 +  0.007 x1 x2 x5 + -0.001 x1 x3^2 + -0.002 x1 x3 x4 +  0.008 x1 x3 x5 + -0.001 x1 x4^2 + -0.007 x1 x4 x5 +  0.002 x1 x5^2 +  0.009 x2^3 + -0.007 x2^2 x3 + -0.007 x2^2 x4 +  0.008 x2^2 x5 + -0.006 x2 x3^2 + -0.004 x2 x3 x5 +  0.008 x2 x4^2 + -0.004 x2 x4 x5 +  0.004 x3^3 +  0.005 x3^2 x4 + -0.010 x3^2 x5 +  0.003 x3 x4^2 +  0.005 x3 x4 x5 + -0.011 x4^3 +  0.012 x4^2 x5 + -0.005 x4 x5^2 +  0.001 x5^3 | (x4)' = -0.001 1 +  0.139 x0 + -0.446 x1 +  0.572 x2 +  124.665 x3 +  0.087 x4 + -125.013 x5 + -0.025 x0^2 +  0.130 x0 x1 + -0.244 x0 x2 +  0.339 x0 x3 + -0.227 x0 x4 +  0.053 x0 x5 + -0.037 x1^2 + -0.024 x1 x2 + -0.254 x1 x3 +  0.272 x1 x4 + -0.055 x1 x5 +  0.303 x2^2 + -0.272 x2 x3 + -0.058 x2 x4 +  0.013 x3^2 +  0.215 x3 x4 + -0.062 x3 x5 + -0.151 x4^2 +  0.105 x4 x5 + -0.021 x5^2 + -0.002 x0^3 +  0.007 x0^2 x1 + -0.012 x0^2 x2 +  0.015 x0^2 x3 + -0.008 x0^2 x4 +  0.003 x0^2 x5 +  0.001 x0 x1^2 + -0.004 x0 x1 x2 + -0.009 x0 x1 x3 +  0.001 x0 x1 x4 + -0.007 x0 x1 x5 +  0.010 x0 x2^2 + -0.003 x0 x2 x3 +  0.003 x0 x2 x4 +  0.013 x0 x2 x5 + -0.002 x0 x3^2 + -0.003 x0 x3 x4 + -0.015 x0 x3 x5 +  0.005 x0 x4^2 +  0.008 x0 x4 x5 + -0.003 x0 x5^2 + -0.005 x1^3 +  0.004 x1^2 x2 + -0.006 x1^2 x3 +  0.015 x1^2 x4 + -0.001 x1^2 x5 +  0.008 x1 x2^2 + -0.007 x1 x2 x3 + -0.005 x1 x2 x4 + -0.002 x1 x2 x5 +  0.005 x1 x3^2 +  0.005 x1 x3 x4 +  0.010 x1 x3 x5 + -0.012 x1 x4^2 + -0.007 x1 x4 x5 +  0.005 x1 x5^2 + -0.009 x2^2 x3 + -0.010 x2^2 x4 + -0.009 x2^2 x5 +  0.008 x2 x3^2 +  0.011 x2 x3 x4 +  0.012 x2 x3 x5 +  0.008 x2 x4^2 + -0.006 x2 x5^2 +  0.001 x3^3 + -0.006 x3^2 x4 + -0.003 x3^2 x5 + -0.009 x3 x4^2 + -0.005 x3 x4 x5 +  0.008 x3 x5^2 +  0.006 x4^3 +  0.003 x4^2 x5 + -0.006 x4 x5^2 +  0.001 x5^3 | (x5)' =  2.799 1 +  93.594 x0 + -496.198 x1 +  1172.710 x2 + -1583.907 x3 +  1415.158 x4 + -601.034 x5 +  0.915 x0^2 + -5.105 x0 x1 +  5.469 x0 x2 + -2.550 x0 x3 +  0.825 x0 x4 + -0.420 x0 x5 +  5.589 x1^2 + -7.239 x1 x2 + -0.557 x1 x3 + -0.361 x1 x4 +  1.846 x1 x5 + -1.831 x2^2 +  9.634 x2 x3 +  0.997 x2 x4 + -4.699 x2 x5 + -3.736 x3^2 + -6.633 x3 x4 +  7.022 x3 x5 +  5.803 x4^2 + -6.100 x4 x5 +  1.132 x5^2 +  0.007 x0^3 + -0.040 x0^2 x1 +  0.009 x0^2 x2 +  0.022 x0^2 x3 +  0.001 x0^2 x4 + -0.005 x0^2 x5 +  0.066 x0 x1^2 + -0.028 x0 x1 x2 + -0.062 x0 x1 x3 + -0.033 x0 x1 x4 +  0.024 x0 x1 x5 + -0.002 x0 x2^2 +  0.034 x0 x2 x3 +  0.068 x0 x2 x4 + -0.028 x0 x2 x5 + -0.023 x0 x3^2 + -0.010 x0 x3 x4 + -0.010 x0 x3 x5 +  0.001 x0 x4^2 +  0.009 x0 x4 x5 +  0.001 x0 x5^2 + -0.017 x1^3 + -0.025 x1^2 x2 +  0.061 x1^2 x3 +  0.002 x1^2 x4 +  0.006 x1 x2^2 +  0.033 x1 x2 x3 + -0.028 x1 x2 x4 + -0.012 x1 x2 x5 + -0.043 x1 x3^2 + -0.027 x1 x3 x4 +  0.065 x1 x3 x5 +  0.025 x1 x4^2 + -0.028 x1 x4 x5 + -0.008 x1 x5^2 + -0.002 x2^3 + -0.027 x2^2 x4 + -0.011 x2^2 x5 + -0.004 x2 x3^2 +  0.029 x2 x3 x4 +  0.019 x2 x3 x5 +  0.044 x2 x4^2 + -0.071 x2 x4 x5 +  0.034 x2 x5^2 +  0.005 x3^3 +  0.009 x3^2 x4 + -0.004 x3^2 x5 + -0.028 x3 x4^2 + -0.016 x3 x4 x5 +  0.004 x3 x5^2 + -0.022 x4^3 +  0.080 x4^2 x5 + -0.055 x4 x5^2 +  0.012 x5^3
20,35.0,100.0,36.85636440989091,3,6,1,4.0,20.0,5,20.0,smoothed_finite_difference_savgol_order_3,success,,501,504,99.4047619047619,7.0758193749934435,"[""1"", ""x0"", ""x1"", ""x2"", ""x3"", ""x4"", ""x5"", ""x0^2"", ""x0 x1"", ""x0 x2"", ""x0 x3"", ""x0 x4"", ""x0 x5"", ""x1^2"", ""x1 x2"", ""x1 x3"", ""x1 x4"", ""x1 x5"", ""x2^2"", ""x2 x3"", ""x2 x4"", ""x2 x5"", ""x3^2"", ""x3 x4"", ""x3 x5"", ""x4^2"", ""x4 x5"", ""x5^2"", ""x0^3"", ""x0^2 x1"", ""x0^2 x2"", ""x0^2 x3"", ""x0^2 x4"", ""x0^2 x5"", ""x0 x1^2"", ""x0 x1 x2"", ""x0 x1 x3"", ""x0 x1 x4"", ""x0 x1 x5"", ""x0 x2^2"", ""x0 x2 x3"", ""x0 x2 x4"", ""x0 x2 x5"", ""x0 x3^2"", ""x0 x3 x4"", ""x0 x3 x5"", ""x0 x4^2"", ""x0 x4 x5"", ""x0 x5^2"", ""x1^3"", ""x1^2 x2"", ""x1^2 x3"", ""x1^2 x4"", ""x1^2 x5"", ""x1 x2^2"", ""x1 x2 x3"", ""x1 x2 x4"", ""x1 x2 x5"", ""x1 x3^2"", ""x1 x3 x4"", ""x1 x3 x5"", ""x1 x4^2"", ""x1 x4 x5"", ""x1 x5^2"", ""x2^3"", ""x2^2 x3"", ""x2^2 x4"", ""x2^2 x5"", ""x2 x3^2"", ""x2 x3 x4"", ""x2 x3 x5"", ""x2 x4^2"", ""x2 x4 x5"", ""x2 x5^2"", ""x3^3"", ""x3^2 x4"", ""x3^2 x5"", ""x3 x4^2"", ""x3 x4 x5"", ""x3 x5^2"", ""x4^3"", ""x4^2 x5"", ""x4 x5^2"", ""x5^3""]","[[-3.0376860000511705, 608.2812982400799, -1444.7406904571942, 1634.4257896421782, -1217.9980005362063, 517.4982574918171, -97.77110960065721, -0.7222935152829636, 4.431143615990046, -5.27275903654441, 3.279588405953382, -1.6069121944496254, 0.6879444032239848, -5.134922858019254, 7.085729791007064, -1.2009162384060614, 2.1858603658009192, -2.517580390279428, 2.470143103387896, -9.940778979896475, -1.4492899684411347, 5.1012698752079295, 4.335943520922652, 5.759634537312239, -6.968388820091249, -5.298831731503373, 5.889285636037829, -1.1138173728643062, -0.010220091477434443, 0.055255382563365436, 0.00936370779603213, -0.043602800932966486, 0.0140556864020598, -0.005617608785396099, -0.10626785313198518, -0.0058030415045989235, 0.07757340233566562, 0.024716075383945126, 0.013011501371084163, 0.03257832351593052, 0.015139925466715472, -0.02646011169425054, -0.06967224321101802, -0.06945918459888123, 0.014020327966334782, 0.1117701054404775, 0.02314235559787532, -0.0787914946602583, 0.016353857561079013, 0.06531576303018255, -0.001654048145740152, -0.04321379581138111, -0.08051605122495707, 0.02445165847162745, -0.03237886911594539, 0.024106676590377876, 0.05503482503809504, 0.002775500183531328, 0.036660579527072946, 0.011863677824719952, -0.08109106547473505, 0.014363938580212674, 0.024939028934780488, -0.0023548976199281816, -0.03946848845721593, 0.040116437595017394, 0.051624641079269146, 0.031970000005794544, -0.003579568716774446, -0.08224725786805642, -0.04743075595499694, -0.07445906098334225, 0.09132419763815769, -0.016993759200115446, 0.008095327036261785, -0.011344831770188933, 0.008441375866368912, 0.05326370081343936, 0.039941162953581674, -0.034245269736626165, 0.013085527079698853, -0.09872003015357486, 0.07622357185607523, -0.014969063940211346], [0.0020180335504075774, 124.79755873675326, 0.6269796785868358, -125.74117935595427, 0.3858156025347691, -0.08507568660939341, 0.014282992602282527, 0.0675690803930328, -0.34559352269824034, 0.6150266708322653, -0.8843210796933046, 0.6800370841656517, -0.20173104027041014, 0.1448543198256867, -0.0487526959230977, 0.8339236803592208, -1.1362422876054274, 0.40935218372029575, -0.8062706923499673, 0.9433043946127508, 0.3906101089543557, -0.28664383590806347, -0.5181491272257359, 0.0, 0.13872303941910333, 0.0840940515562969, -0.09909305824562914, 0.019305380334593256, 0.003675877180880434, -0.01639492579406963, 0.018903785877913915, -0.015504706618757415, 0.005147938426727086, -0.005333004827091982, 0.006702849950538029, -0.0016513076917139872, 0.001697177645306844, 0.00944868263565278, 0.019875339685749702, -0.0090870311300936, 0.006455086041232341, -0.01611812090432417, -0.022826686785260286, 0.009871180170201159, -0.002837680958460687, 0.02440449452001268, -0.001046402839640231, -0.012896929745508389, 0.0033531666560843894, 0.008158854468578211, -0.014070545284272257, 0.0042477472014386146, -0.006907407070657058, -0.01590613395872016, -0.007130830871032105, 0.013833548242003885, 0.005958769183037215, 0.009874000584947553, -0.0059723529129484575, -0.010996952089941198, -0.0030024929215764387, 0.01439743878947717, 0.00011903524486081725, -0.00265132084816733, 0.004438995502733624, 0.008557508908028194, 0.005929959671669166, 0.020006944143918886, -0.014727433901523162, -0.017787524765697837, -0.020806851276254135, -0.00043759521299174917, -0.0026199650418413586, 0.006061841439024549, 0.001484614091455678, 0.01105217778679296, -0.00740415750919306, 0.018272123758235028, 0.014264443395161766, -0.010768768443189964, -0.019476231868867915, 0.005201222131753362, 0.0038335226218078325, -0.0008649399168291542], [-0.012471633000234083, 0.002657650831893955, 124.79968696303551, 0.6532050266275979, -125.81050340443113, 0.4360611691690879, -0.07810743734726465, 0.04682497819078208, -0.2287629460231769, 0.4662447959122364, -0.8489280275525498, 0.7991305345548989, -0.2887068469175103, 0.04405564252574254, 0.10717923291359682, 0.9996607254803217, -1.7102124869710404, 0.7726161112226659, -0.900886217790836, 0.962280240669774, 1.0100802225601426, -0.788233503625239, -0.7075492434252066, -0.09295402632358289, 0.4290270085221879, 0.08338906360399902, -0.18579065480981455, 0.03155174962725289, 0.004108146100093647, -0.020376002442600568, 0.01351647224287058, -0.0028085561251280765, -0.003581449924309021, -0.0034345393907581436, 0.020157505014065862, -0.0042020450220539105, -0.010242442109715626, 0.016757803415290075, 0.01888305716657438, -0.008334408722173968, 0.0016515401998572809, -0.028752776680420953, -0.007555131858476499, 0.026966612969421957, -0.010347097664645746, 0.006691928258340645, 0.0009042396987752787, -0.0016839192390211773, 0.00017610439096958443, 0.0005604213042774775, -0.01544800384277851, -0.002441394086796036, 0.017921155396591785, -0.03150408025846596, 0.0022617545630875297, 0.005560004444801693, 0.001053070891788365, 0.01614277667930065, -0.005661168501329009, -0.0095471757499483, 0.00933473115142201, 0.008217871924763618, -0.008734634689520916, 0.0013553863000692994, 0.015430494859973597, -0.0029244450088285585, -0.006791828109148525, 0.019889394413507268, -0.01631534607717461, -0.009187062194523636, -0.01712324591732158, 0.01161887141630063, -0.010272873483413273, 0.005079968690037603, 0.0034409126307331605, 0.01409426113966596, -0.014423906318430777, 0.014971583604405033, 0.01361362759139302, -0.007051601310372278, -0.026208398801727317, 0.018738340016283443, -0.004742776082958772, 0.0005979251241573298], [-0.01095725873350205, 0.0893311106143615, -0.3780140768054594, 125.63237767983286, -0.4711648263128187, -124.87393679144625, 0.00669724948393017, 0.012016749006524927, -0.056255618052433655, 0.13517876151938352, -0.3425330662148738, 0.414210050746661, -0.18134045343376273, 0.012009353990080357, 0.030346591120687823, 0.5460741193001449, -1.0915672950094975, 0.5756604226085126, -0.411075927395781, 0.530732525449889, 0.7394676932011446, -0.6599706017568379, -0.573760215373541, 0.12001180308681816, 0.3303624380836635, -0.05228514058305744, -0.09191332481295156, 0.014645332375503937, 0.0014958631114270794, -0.008931195872505246, 8.378779064264797e-05, 0.009464461506200672, -0.009522715349496327, 0.0006288878254907583, 0.01588593308953294, -0.004248393497789187, -0.012002549775916388, 0.015440572286385523, 0.0058111883452233865, -0.0012175001869952397, -0.0036106115487215904, -0.02459384192669929, 0.009416770756912373, 0.02456362686015313, -0.011105860881712762, -0.011234889710956614, 0.003752309237066313, 0.007802297564253601, -0.002569849538063194, -0.0046750919537592184, -0.006408293789560109, -0.009250626272575084, 0.026535491925079233, -0.026696999715665946, 0.008973354776951683, -0.005326286378452424, -0.00250195827446765, 0.018673289687678656, -0.0006310404350568392, -0.003065827105310943, 0.011338704757794445, -0.002206289200295404, -0.012402837663514058, 0.0047893653994863315, 0.014078295114896474, -0.01066966149145386, -0.01011573214522818, 0.0, -0.007245182736872757, 0.002248117499776287, 0.0021140237927345265, 0.013335817176903405, -0.00758951532313267, -0.00013327562483936845, 0.003561142733007129, 0.006193717931048286, -0.011867005386526575, 0.0031678632496499035, 0.004370177301732958, 0.0004910509796329056, -0.014146486014741796, 0.016258502929530207, -0.007714569272804605, 0.001209051052143229], [-0.0047870390871453655, 0.21753982864913354, -0.713066336821013, 0.943273746522455, 124.40286908145956, 0.18522232641295863, -125.03135361193064, -0.041379433878264225, 0.21615745978145262, -0.40347354646647926, 0.560275355025041, -0.3808431303794636, 0.09221639293782803, -0.07227156523034999, 0.0, -0.4554666049596962, 0.4925809865704026, -0.11182708435522258, 0.46934092361097357, -0.42419770355354336, -0.12632511044551226, 0.018324504135788917, 0.05627143707356316, 0.2818828113434264, -0.07851745353156546, -0.1969969624963934, 0.130042716545235, -0.025788016065127872, -0.0023552445410709895, 0.009225636599134264, -0.017072162149900063, 0.02313048854634962, -0.01191576570688769, 0.004601067076158215, 0.003644802899592517, -0.005508243987964361, -0.015104058896855574, 0.00043965430997430815, -0.010048969605235917, 0.013792609336176018, -0.005194188974429721, 0.007370679984176663, 0.017056118403701175, -0.004556946097443927, -0.0029722955147613835, -0.021657660478104225, 0.005892905993746087, 0.012128401678047535, -0.004166450496905439, -0.007861365918349067, 0.006388147929097376, -0.00753387785714345, 0.021014681371648112, -0.00031206940160874983, 0.012169429186985572, -0.010110627188967566, -0.007562127108378371, -0.004136791882146164, 0.007126823045934669, 0.006839941202646244, 0.013333072363386692, -0.016573484584207106, -0.010336904577235009, 0.0073770479748950435, -0.0005429657148569952, -0.013053526136540455, -0.0160997153189931, -0.010696644285317308, 0.01104671342345636, 0.01629854151053345, 0.01793009286922329, 0.011995901703448922, -0.0006305513632821676, -0.00828698937923767, 0.002261805686919553, -0.008112454787497036, -0.004841421918007341, -0.01397005715231114, -0.007977874195912322, 0.011737293157841985, 0.007839231530838157, 0.006791959177204992, -0.010191697152005496, 0.0019498367931438032], [2.6461805753202405, 96.159805836082, -510.2536438136244, 1204.5145775948613, -1621.3743557815678, 1438.2779178087594, -607.0269681731593, 0.9079622617675027, -5.115671825052711, 5.437805545412841, -2.4284918571077045, 0.7348143394791502, -0.3981639598657028, 5.711866707496298, -7.451967868048164, -0.6366258137751427, -0.28278641309615665, 1.8358929751396211, -1.7686339722920257, 9.74051903239066, 1.0003727425502675, -4.713766145838158, -3.7466428074271705, -6.730927248488868, 7.018262432769328, 5.813646809320033, -6.031110368401267, 1.1036098801214418, 0.007402255669639767, -0.04173130139288086, 0.002891237052582139, 0.03302559790434723, -0.0023374538303019016, -0.003937300067079297, 0.07654055568737383, -0.030658259894612128, -0.0776760352255396, -0.04118471942666188, 0.02364380553436315, 0.0009256943211697465, 0.03227902281491596, 0.08923099557173868, -0.02819503524101644, -0.030267652960059, -0.0061691158655212165, -0.018610461526130644, -0.00425210245540118, 0.017285229544892495, -0.0011434468255913902, -0.0270131970917167, -0.020331364497666718, 0.07094756030652949, 0.005121301352844087, 0.0046561653191519465, 0.013029439966672196, 0.03427512158873351, -0.03628149879574225, -0.019223245875920825, -0.046184276235410784, -0.02883032154882655, 0.07246380432783207, 0.022783422670243806, -0.03009508912837435, -0.006740547951541291, -0.006958595778216128, -0.005866388706245904, -0.035244848980028186, -0.012147253760001576, 0.001380660817154801, 0.040245704394924496, 0.02983204833156014, 0.0530749833743213, -0.08043512343378917, 0.03136187441617718, 0.008761112602968323, 0.005588897107104463, -0.008224594375203287, -0.03967373945695901, -0.022262236126917703, 0.014504341569868781, -0.018870024445638647, 0.09402848327234697, -0.06921247185115545, 0.01446185761007418]]",(x0)' = -3.038 1 +  608.281 x0 + -1444.741 x1 +  1634.426 x2 + -1217.998 x3 +  517.498 x4 + -97.771 x5 + -0.722 x0^2 +  4.431 x0 x1 + -5.273 x0 x2 +  3.280 x0 x3 + -1.607 x0 x4 +  0.688 x0 x5 + -5.135 x1^2 +  7.086 x1 x2 + -1.201 x1 x3 +  2.186 x1 x4 + -2.518 x1 x5 +  2.470 x2^2 + -9.941 x2 x3 + -1.449 x2 x4 +  5.101 x2 x5 +  4.336 x3^2 +  5.760 x3 x4 + -6.968 x3 x5 + -5.299 x4^2 +  5.889 x4 x5 + -1.114 x5^2 + -0.010 x0^3 +  0.055 x0^2 x1 +  0.009 x0^2 x2 + -0.044 x0^2 x3 +  0.014 x0^2 x4 + -0.006 x0^2 x5 + -0.106 x0 x1^2 + -0.006 x0 x1 x2 +  0.078 x0 x1 x3 +  0.025 x0 x1 x4 +  0.013 x0 x1 x5 +  0.033 x0 x2^2 +  0.015 x0 x2 x3 + -0.026 x0 x2 x4 + -0.070 x0 x2 x5 + -0.069 x0 x3^2 +  0.014 x0 x3 x4 +  0.112 x0 x3 x5 +  0.023 x0 x4^2 + -0.079 x0 x4 x5 +  0.016 x0 x5^2 +  0.065 x1^3 + -0.002 x1^2 x2 + -0.043 x1^2 x3 + -0.081 x1^2 x4 +  0.024 x1^2 x5 + -0.032 x1 x2^2 +  0.024 x1 x2 x3 +  0.055 x1 x2 x4 +  0.003 x1 x2 x5 +  0.037 x1 x3^2 +  0.012 x1 x3 x4 + -0.081 x1 x3 x5 +  0.014 x1 x4^2 +  0.025 x1 x4 x5 + -0.002 x1 x5^2 + -0.039 x2^3 +  0.040 x2^2 x3 +  0.052 x2^2 x4 +  0.032 x2^2 x5 + -0.004 x2 x3^2 + -0.082 x2 x3 x4 + -0.047 x2 x3 x5 + -0.074 x2 x4^2 +  0.091 x2 x4 x5 + -0.017 x2 x5^2 +  0.008 x3^3 + -0.011 x3^2 x4 +  0.008 x3^2 x5 +  0.053 x3 x4^2 +  0.040 x3 x4 x5 + -0.034 x3 x5^2 +  0.013 x4^3 + -0.099 x4^2 x5 +  0.076 x4 x5^2 + -0.015 x5^3 | (x1)' =  0.002 1 +  124.798 x0 +  0.627 x1 + -125.741 x2 +  0.386 x3 + -0.085 x4 +  0.014 x5 +  0.068 x0^2 + -0.346 x0 x1 +  0.615 x0 x2 + -0.884 x0 x3 +  0.680 x0 x4 + -0.202 x0 x5 +  0.145 x1^2 + -0.049 x1 x2 +  0.834 x1 x3 + -1.136 x1 x4 +  0.409 x1 x5 + -0.806 x2^2 +  0.943 x2 x3 +  0.391 x2 x4 + -0.287 x2 x5 + -0.518 x3^2 +  0.139 x3 x5 +  0.084 x4^2 + -0.099 x4 x5 +  0.019 x5^2 +  0.004 x0^3 + -0.016 x0^2 x1 +  0.019 x0^2 x2 + -0.016 x0^2 x3 +  0.005 x0^2 x4 + -0.005 x0^2 x5 +  0.007 x0 x1^2 + -0.002 x0 x1 x2 +  0.002 x0 x1 x3 +  0.009 x0 x1 x4 +  0.020 x0 x1 x5 + -0.009 x0 x2^2 +  0.006 x0 x2 x3 + -0.016 x0 x2 x4 + -0.023 x0 x2 x5 +  0.010 x0 x3^2 + -0.003 x0 x3 x4 +  0.024 x0 x3 x5 + -0.001 x0 x4^2 + -0.013 x0 x4 x5 +  0.003 x0 x5^2 +  0.008 x1^3 + -0.014 x1^2 x2 +  0.004 x1^2 x3 + -0.007 x1^2 x4 + -0.016 x1^2 x5 + -0.007 x1 x2^2 +  0.014 x1 x2 x3 +  0.006 x1 x2 x4 +  0.010 x1 x2 x5 + -0.006 x1 x3^2 + -0.011 x1 x3 x4 + -0.003 x1 x3 x5 +  0.014 x1 x4^2 + -0.003 x1 x5^2 +  0.004 x2^3 +  0.009 x2^2 x3 +  0.006 x2^2 x4 +  0.020 x2^2 x5 + -0.015 x2 x3^2 + -0.018 x2 x3 x4 + -0.021 x2 x3 x5 + -0.003 x2 x4 x5 +  0.006 x2 x5^2 +  0.001 x3^3 +  0.011 x3^2 x4 + -0.007 x3^2 x5 +  0.018 x3 x4^2 +  0.014 x3 x4 x5 + -0.011 x3 x5^2 + -0.019 x4^3 +  0.005 x4^2 x5 +  0.004 x4 x5^2 + -0.001 x5^3 | (x2)' = -0.012 1 +  0.003 x0 +  124.800 x1 +  0.653 x2 + -125.811 x3 +  0.436 x4 + -0.078 x5 +  0.047 x0^2 + -0.229 x0 x1 +  0.466 x0 x2 + -0.849 x0 x3 +  0.799 x0 x4 + -0.289 x0 x5 +  0.044 x1^2 +  0.107 x1 x2 +  1.000 x1 x3 + -1.710 x1 x4 +  0.773 x1 x5 + -0.901 x2^2 +  0.962 x2 x3 +  1.010 x2 x4 + -0.788 x2 x5 + -0.708 x3^2 + -0.093 x3 x4 +  0.429 x3 x5 +  0.083 x4^2 + -0.186 x4 x5 +  0.032 x5^2 +  0.004 x0^3 + -0.020 x0^2 x1 +  0.014 x0^2 x2 + -0.003 x0^2 x3 + -0.004 x0^2 x4 + -0.003 x0^2 x5 +  0.020 x0 x1^2 + -0.004 x0 x1 x2 + -0.010 x0 x1 x3 +  0.017 x0 x1 x4 +  0.019 x0 x1 x5 + -0.008 x0 x2^2 +  0.002 x0 x2 x3 + -0.029 x0 x2 x4 + -0.008 x0 x2 x5 +  0.027 x0 x3^2 + -0.010 x0 x3 x4 +  0.007 x0 x3 x5 +  0.001 x0 x4^2 + -0.002 x0 x4 x5 +  0.001 x1^3 + -0.015 x1^2 x2 + -0.002 x1^2 x3 +  0.018 x1^2 x4 + -0.032 x1^2 x5 +  0.002 x1 x2^2 +  0.006 x1 x2 x3 +  0.001 x1 x2 x4 +  0.016 x1 x2 x5 + -0.006 x1 x3^2 + -0.010 x1 x3 x4 +  0.009 x1 x3 x5 +  0.008 x1 x4^2 + -0.009 x1 x4 x5 +  0.001 x1 x5^2 +  0.015 x2^3 + -0.003 x2^2 x3 + -0.007 x2^2 x4 +  0.020 x2^2 x5 + -0.016 x2 x3^2 + -0.009 x2 x3 x4 + -0.017 x2 x3 x5 +  0.012 x2 x4^2 + -0.010 x2 x4 x5 +  0.005 x2 x5^2 +  0.003 x3^3 +  0.014 x3^2 x4 + -0.014 x3^2 x5 +  0.015 x3 x4^2 +  0.014 x3 x4 x5 + -0.007 x3 x5^2 + -0.026 x4^3 +  0.019 x4^2 x5 + -0.005 x4 x5^2 +  0.001 x5^3 | (x3)' = -0.011 1 +  0.089 x0 + -0.378 x1 +  125.632 x2 + -0.471 x3 + -124.874 x4 +  0.007 x5 +  0.012 x0^2 + -0.056 x0 x1 +  0.135 x0 x2 + -0.343 x0 x3 +  0.414 x0 x4 + -0.181 x0 x5 +  0.012 x1^2 +  0.030 x1 x2 +  0.546 x1 x3 + -1.092 x1 x4 +  0.576 x1 x5 + -0.411 x2^2 +  0.531 x2 x3 +  0.739 x2 x4 + -0.660 x2 x5 + -0.574 x3^2 +  0.120 x3 x4 +  0.330 x3 x5 + -0.052 x4^2 + -0.092 x4 x5 +  0.015 x5^2 +  0.001 x0^3 + -0.009 x0^2 x1 +  0.009 x0^2 x3 + -0.010 x0^2 x4 +  0.001 x0^2 x5 +  0.016 x0 x1^2 + -0.004 x0 x1 x2 + -0.012 x0 x1 x3 +  0.015 x0 x1 x4 +  0.006 x0 x1 x5 + -0.001 x0 x2^2 + -0.004 x0 x2 x3 + -0.025 x0 x2 x4 +  0.009 x0 x2 x5 +  0.025 x0 x3^2 + -0.011 x0 x3 x4 + -0.011 x0 x3 x5 +  0.004 x0 x4^2 +  0.008 x0 x4 x5 + -0.003 x0 x5^2 + -0.005 x1^3 + -0.006 x1^2 x2 + -0.009 x1^2 x3 +  0.027 x1^2 x4 + -0.027 x1^2 x5 +  0.009 x1 x2^2 + -0.005 x1 x2 x3 + -0.003 x1 x2 x4 +  0.019 x1 x2 x5 + -0.001 x1 x3^2 + -0.003 x1 x3 x4 +  0.011 x1 x3 x5 + -0.002 x1 x4^2 + -0.012 x1 x4 x5 +  0.005 x1 x5^2 +  0.014 x2^3 + -0.011 x2^2 x3 + -0.010 x2^2 x4 + -0.007 x2 x3^2 +  0.002 x2 x3 x4 +  0.002 x2 x3 x5 +  0.013 x2 x4^2 + -0.008 x2 x4 x5 +  0.004 x3^3 +  0.006 x3^2 x4 + -0.012 x3^2 x5 +  0.003 x3 x4^2 +  0.004 x3 x4 x5 + -0.014 x4^3 +  0.016 x4^2 x5 + -0.008 x4 x5^2 +  0.001 x5^3 | (x4)' = -0.005 1 +  0.218 x0 + -0.713 x1 +  0.943 x2 +  124.403 x3 +  0.185 x4 + -125.031 x5 + -0.041 x0^2 +  0.216 x0 x1 + -0.403 x0 x2 +  0.560 x0 x3 + -0.381 x0 x4 +  0.092 x0 x5 + -0.072 x1^2 + -0.455 x1 x3 +  0.493 x1 x4 + -0.112 x1 x5 +  0.469 x2^2 + -0.424 x2 x3 + -0.126 x2 x4 +  0.018 x2 x5 +  0.056 x3^2 +  0.282 x3 x4 + -0.079 x3 x5 + -0.197 x4^2 +  0.130 x4 x5 + -0.026 x5^2 + -0.002 x0^3 +  0.009 x0^2 x1 + -0.017 x0^2 x2 +  0.023 x0^2 x3 + -0.012 x0^2 x4 +  0.005 x0^2 x5 +  0.004 x0 x1^2 + -0.006 x0 x1 x2 + -0.015 x0 x1 x3 + -0.010 x0 x1 x5 +  0.014 x0 x2^2 + -0.005 x0 x2 x3 +  0.007 x0 x2 x4 +  0.017 x0 x2 x5 + -0.005 x0 x3^2 + -0.003 x0 x3 x4 + -0.022 x0 x3 x5 +  0.006 x0 x4^2 +  0.012 x0 x4 x5 + -0.004 x0 x5^2 + -0.008 x1^3 +  0.006 x1^2 x2 + -0.008 x1^2 x3 +  0.021 x1^2 x4 +  0.012 x1 x2^2 + -0.010 x1 x2 x3 + -0.008 x1 x2 x4 + -0.004 x1 x2 x5 +  0.007 x1 x3^2 +  0.007 x1 x3 x4 +  0.013 x1 x3 x5 + -0.017 x1 x4^2 + -0.010 x1 x4 x5 +  0.007 x1 x5^2 + -0.001 x2^3 + -0.013 x2^2 x3 + -0.016 x2^2 x4 + -0.011 x2^2 x5 +  0.011 x2 x3^2 +  0.016 x2 x3 x4 +  0.018 x2 x3 x5 +  0.012 x2 x4^2 + -0.001 x2 x4 x5 + -0.008 x2 x5^2 +  0.002 x3^3 + -0.008 x3^2 x4 + -0.005 x3^2 x5 + -0.014 x3 x4^2 + -0.008 x3 x4 x5 +  0.012 x3 x5^2 +  0.008 x4^3 +  0.007 x4^2 x5 + -0.010 x4 x5^2 +  0.002 x5^3 | (x5)' =  2.646 1 +  96.160 x0 + -510.254 x1 +  1204.515 x2 + -1621.374 x3 +  1438.278 x4 + -607.027 x5 +  0.908 x0^2 + -5.116 x0 x1 +  5.438 x0 x2 + -2.428 x0 x3 +  0.735 x0 x4 + -0.398 x0 x5 +  5.712 x1^2 + -7.452 x1 x2 + -0.637 x1 x3 + -0.283 x1 x4 +  1.836 x1 x5 + -1.769 x2^2 +  9.741 x2 x3 +  1.000 x2 x4 + -4.714 x2 x5 + -3.747 x3^2 + -6.731 x3 x4 +  7.018 x3 x5 +  5.814 x4^2 + -6.031 x4 x5 +  1.104 x5^2 +  0.007 x0^3 + -0.042 x0^2 x1 +  0.003 x0^2 x2 +  0.033 x0^2 x3 + -0.002 x0^2 x4 + -0.004 x0^2 x5 +  0.077 x0 x1^2 + -0.031 x0 x1 x2 + -0.078 x0 x1 x3 + -0.041 x0 x1 x4 +  0.024 x0 x1 x5 +  0.001 x0 x2^2 +  0.032 x0 x2 x3 +  0.089 x0 x2 x4 + -0.028 x0 x2 x5 + -0.030 x0 x3^2 + -0.006 x0 x3 x4 + -0.019 x0 x3 x5 + -0.004 x0 x4^2 +  0.017 x0 x4 x5 + -0.001 x0 x5^2 + -0.027 x1^3 + -0.020 x1^2 x2 +  0.071 x1^2 x3 +  0.005 x1^2 x4 +  0.005 x1^2 x5 +  0.013 x1 x2^2 +  0.034 x1 x2 x3 + -0.036 x1 x2 x4 + -0.019 x1 x2 x5 + -0.046 x1 x3^2 + -0.029 x1 x3 x4 +  0.072 x1 x3 x5 +  0.023 x1 x4^2 + -0.030 x1 x4 x5 + -0.007 x1 x5^2 + -0.007 x2^3 + -0.006 x2^2 x3 + -0.035 x2^2 x4 + -0.012 x2^2 x5 +  0.001 x2 x3^2 +  0.040 x2 x3 x4 +  0.030 x2 x3 x5 +  0.053 x2 x4^2 + -0.080 x2 x4 x5 +  0.031 x2 x5^2 +  0.009 x3^3 +  0.006 x3^2 x4 + -0.008 x3^2 x5 + -0.040 x3 x4^2 + -0.022 x3 x4 x5 +  0.015 x3 x5^2 + -0.019 x4^3 +  0.094 x4^2 x5 + -0.069 x4 x5^2 +  0.014 x5^3
21,35.0,100.0,36.85636440989091,3,6,1,4.0,20.0,9,36.0,smoothed_finite_difference_savgol_order_3,success,,501,504,99.4047619047619,6.961399137973785,"[""1"", ""x0"", ""x1"", ""x2"", ""x3"", ""x4"", ""x5"", ""x0^2"", ""x0 x1"", ""x0 x2"", ""x0 x3"", ""x0 x4"", ""x0 x5"", ""x1^2"", ""x1 x2"", ""x1 x3"", ""x1 x4"", ""x1 x5"", ""x2^2"", ""x2 x3"", ""x2 x4"", ""x2 x5"", ""x3^2"", ""x3 x4"", ""x3 x5"", ""x4^2"", ""x4 x5"", ""x5^2"", ""x0^3"", ""x0^2 x1"", ""x0^2 x2"", ""x0^2 x3"", ""x0^2 x4"", ""x0^2 x5"", ""x0 x1^2"", ""x0 x1 x2"", ""x0 x1 x3"", ""x0 x1 x4"", ""x0 x1 x5"", ""x0 x2^2"", ""x0 x2 x3"", ""x0 x2 x4"", ""x0 x2 x5"", ""x0 x3^2"", ""x0 x3 x4"", ""x0 x3 x5"", ""x0 x4^2"", ""x0 x4 x5"", ""x0 x5^2"", ""x1^3"", ""x1^2 x2"", ""x1^2 x3"", ""x1^2 x4"", ""x1^2 x5"", ""x1 x2^2"", ""x1 x2 x3"", ""x1 x2 x4"", ""x1 x2 x5"", ""x1 x3^2"", ""x1 x3 x4"", ""x1 x3 x5"", ""x1 x4^2"", ""x1 x4 x5"", ""x1 x5^2"", ""x2^3"", ""x2^2 x3"", ""x2^2 x4"", ""x2^2 x5"", ""x2 x3^2"", ""x2 x3 x4"", ""x2 x3 x5"", ""x2 x4^2"", ""x2 x4 x5"", ""x2 x5^2"", ""x3^3"", ""x3^2 x4"", ""x3^2 x5"", ""x3 x4^2"", ""x3 x4 x5"", ""x3 x5^2"", ""x4^3"", ""x4^2 x5"", ""x4 x5^2"", ""x5^3""]","[[-1.7586989415249406, 637.5411199350375, -1554.2702002839299, 1801.9255195655405, -1346.397734631089, 564.8239785068027, -103.80073625497268, 1.380060306028362, -5.908912238875429, 6.683403426440801, -4.706646849096176, 0.0, 1.280708097714992, 2.1530923601404655, 2.1199980089345822, -3.5358157600085636, 10.160940045341874, -7.595062709818861, -4.075259287082547, -1.466456125590368, -9.72188986732081, 11.31381180546765, 10.835458058537451, -5.846306802532291, -6.803984195689163, 1.3178276622754683, 3.0827005018978597, -0.6676815292849902, 0.011776691971025375, -0.05413548841907572, 0.005779768020526703, -0.09082502559053987, 0.07221733148944787, -0.010478007652807673, 0.08149451752732342, 0.1721506981031596, 0.10476534273358118, -0.05719868046444654, -0.04299493006466975, -0.20079343931508664, -0.1232587175776906, -0.002292829238347435, 0.03229682803308901, 0.172359568039407, 0.12563128832015258, -0.01127771117008367, -0.2328866022268808, 0.1396170558876172, -0.03913244314544164, -0.13964548335797133, 0.08111702079735246, 0.041523504468387935, -0.08743774364639463, 0.1056336393348106, 0.019607805167824646, -0.059578197772665445, -0.021755672502001267, -0.057250024715157416, -0.015562269039887094, 0.03945271686419353, -0.2463949263470703, 0.07417052053285322, 0.11745030079027764, 0.006943586652150031, 0.0756908371407087, -0.03184747725208348, 0.0879592875409421, 0.07774572439110712, -0.06772195511324458, 0.037390039226221146, -0.025212304747805274, -0.0509130710177121, -0.047241127274020696, -0.016703701942015068, -0.055776684892573904, 0.05769596928094891, 0.0762085465465679, -0.0027235007925031614, -0.03790506043684606, 0.012607373969810341, 0.011650662717918762, -0.036440298603380016, 0.03329444722914602, -0.008838195407366465], [0.6438690395827161, 123.75903308088452, 6.2568929448503505, -138.35383874498893, 15.125313315361954, -9.123948878945406, 2.337438574638117, 0.903353105729922, -4.547764462962518, 8.002300510090876, -11.246202133996155, 8.257707716943656, -2.3425890066280126, 1.4185471811721573, 0.7848007517073227, 9.883745712026684, -13.250857786048432, 4.5478955939649035, -10.236624812324933, 8.479133696495696, 5.881682642036279, -3.04622079402295, -2.769757472561339, -2.211861968767899, 0.8977927082471165, 0.4682913170010648, 0.3018151997289459, -0.1752560002412678, 0.045409704548805996, -0.21516234831730038, 0.19278943073170282, -0.23432824061387594, 0.005242692320197132, 0.0329752982698919, 0.13990695608538956, 0.18638841584134005, 0.3094253783301097, 0.22676666456748862, -0.13152789656080371, -0.43315241516023456, -0.09723325660455637, -0.5409846269557037, 0.3068362929617933, 0.6822313133698517, -0.15210558805711846, -0.2012267294863312, -0.2066389243832091, 0.2508618604498905, -0.038426385981831984, -0.0292541159742299, -0.07962923422069064, -0.2348557017411994, 0.170378471959047, -0.2135496923929015, -0.02967523634648213, -0.2215632810626668, 0.07956276990420019, 0.29350496080739147, -0.06750829895816221, 0.10008265763876008, -0.14732220436189822, 0.21897500777105203, 0.021799188694191365, -0.10198156928150322, 0.47774258579175205, -0.05819899816328159, 0.04708176799563506, 0.024616246810916103, -0.29520419077574483, -0.0922158041632123, -0.26263779303491874, -0.11459764855273746, -0.17037417428739632, 0.2829765387356781, -0.09689624305499621, 0.29565432974351674, 0.2013529397198494, 0.2078330582038553, 0.044239342441582744, -0.30370185019259766, -0.2323710602643395, -0.0056542546607158874, 0.2116828634906796, -0.04833901080287269], [0.7455289796947003, 2.2427093332211023, 115.29929964652683, 17.99786101523354, -142.7609446253358, 9.303606354141428, -2.0747680844827974, 0.33263729648994095, -2.0137573678069276, 6.247443889469547, -13.329866328852248, 12.954712248147827, -4.669006313239444, -0.4765018657900819, 2.2823489827729757, 17.51355156955492, -29.160053307488848, 12.907563790333075, -13.982841073500706, 14.134403407143097, 17.24599724658767, -12.880322000836989, -12.360784594459096, 1.663265323870917, 5.516319598964911, -1.0276901348635836, -0.9778789826912334, 0.08041308776087182, 0.027700669833639717, -0.13159901961076537, 0.005498173920455553, 0.17500775157769746, -0.26957565078707757, 0.04341850329973924, 0.15701078813842573, -0.043888606211888365, -0.06801600307652679, 0.4633955481110631, 0.09958847969344688, 0.002797414087599886, -0.13913674530129844, -0.509042995456411, -0.08826759781116933, 0.36458090089136674, -0.08068752795827683, 0.19355959748627738, -0.06751242181179425, 0.014201879743550543, -0.02704027597065211, 0.03253382364182685, -0.16696657540235324, -0.4274602715020735, 0.436843242032986, -0.41290968631721375, 0.15818030327205895, -0.08880373159329713, 0.07794398578431849, 0.2017072214088591, 0.15838016367534094, 0.04780538504650787, -0.17638230352705817, 0.06733278217203177, -0.15026295669525214, 0.11365777658392105, 0.3200873436835284, -0.18359985482057295, -0.2541881074496327, 0.4393696914381123, -0.21787514148725143, -0.2321807651597506, -0.19389261677492062, 0.1008014771989351, 0.11982829862404534, -0.11158501342956471, 0.14187733784754747, 0.1586239425771371, -0.2917470092519319, 0.24027882080069088, 0.17843364823238775, -0.01256223960967741, -0.3243799720470089, 0.15919699096379764, -0.03007876603014262, 0.0], [0.835142299202816, -3.8750359061562434, 16.443746614998126, 95.16622278316686, 29.079858965414548, -140.3073451462957, 3.5083963506551274, -0.2648964794497799, 0.8169758450508177, 2.8685867288083506, -10.753832645165835, 12.303811615121207, -4.781000699989928, -2.1601478755125707, 2.97144449061502, 17.71287087607356, -31.203904295679713, 14.30259731816366, -11.819701957494942, 12.53210623034751, 19.70147126800941, -14.836988816378192, -14.847967164301192, 4.542879331416171, 5.928359334440979, -2.321937289458639, -0.768617684178014, 0.07785354339398214, 0.03903647148572895, -0.1737800904751099, 0.25649461087998876, -0.09408931760622105, -0.1341219427154, 0.01899453379567492, -0.018023502057180438, -0.15549421635976798, 0.031197179310041435, 0.46416647428172303, 0.07386276060074073, 0.006270996748046264, 0.10998243756954064, -0.6791672380625414, 0.1181772520685837, 0.38379000882097497, -0.39787818905831485, -0.05644367259451515, 0.3157422619493429, -0.06877746115840462, 0.009953270552856932, 0.29386796182388936, -0.28466021580361506, -0.3462921154901835, 0.3713609869585128, -0.5185097162404794, -0.08229414043004045, -0.029680834997138004, 0.09549480538157933, 0.4330171393941401, 0.0861771065502135, -0.05089340478984766, 0.37225339545882496, -0.1132522352873983, -0.2839497148069276, 0.03746924153447997, 0.2659909315442601, 0.037897757043999857, -0.1243393262480616, -0.02720294643170054, -0.13423335446270712, -0.16511285351758329, -0.246671417107597, 0.1522565983320807, 0.024868625829093455, 0.09729860687809241, -0.07266241708562565, 0.13488831085223832, -0.11517818043200229, 0.329832788256208, 0.23128163057787965, -0.2283276384802459, -0.3190632141526448, 0.012651328450566157, 0.14946115741752933, -0.033637389384822365], [0.24604091073686865, -2.452339585896908, 9.934813984046114, -16.90587314997088, 140.2034900724791, -7.274748906865053, -123.48903741865983, -0.9903582237188915, 4.679188251494594, -4.501783981883155, 0.749963167263484, 2.697606146438496, -1.6548127998838689, -3.560302514221713, 2.8704959046601703, 5.460292646003634, -12.41462261708043, 6.562381036324546, -0.7080237916743931, 1.0383409655156406, 9.498775202306517, -7.529039107370845, -7.764192081883677, 5.973166773231594, 2.306126959829348, -3.05854750747839, 0.38626198061312683, -0.04093276834998821, 0.0003453551254963205, 0.005156365169154179, 0.0893478310115668, 0.06373205327155307, -0.10200283042528721, -0.008640441997211727, -0.11510721237890682, -0.25171729218089617, -0.1730920748130118, 0.22065731110526146, 0.1473745870583169, 0.28670421607709295, 0.1615285329536736, -0.20017445666378175, -0.09657706173629375, -0.1330222289135237, -0.22959555005298216, 0.07221647328308314, 0.4033884958862467, -0.2245066167782075, 0.036647074210446974, 0.2603941857023276, -0.17533791922961273, -0.11470993869179891, 0.18324518595725575, -0.2838443359649508, -0.05248074222757563, 0.12139913687928021, 0.024204646357990082, 0.16595373654679588, 0.10339277680365412, -0.11184573230510962, 0.42405470351190894, -0.24461864705385628, -0.24170836728124342, 0.08934309970487453, -0.10317512159699117, 0.07282019354442622, -0.12153696600138547, -0.05727815474958401, 0.08748174740512658, -0.064274540881863, -0.02906026598220871, 0.19920749634811338, 0.127840247851769, -0.09891258619421615, 0.0014302465831760097, -0.08324802877001228, -0.22571646260514516, 0.12717462012163683, 0.1576108379745335, 0.012582012536125214, -0.10674883663089246, 0.02052848944592021, -0.022247035627953854, 0.005417775980452414], [1.1821413996317214, 105.2932810503905, -570.4649866703205, 1356.30247844191, -1812.2727780668756, 1560.617145455458, -639.3006591112099, -1.3647338706176737, 6.445603161792563, -10.575541642715836, 14.384819596556433, -10.083995436198059, 2.5848425149738805, -1.9048703755391871, -1.5453701194092273, -11.727663676387184, 14.464917923975424, -3.9459250580630933, 12.907231003343016, -9.53070058683403, -5.210411129048354, 1.2743375442207934, 1.553569519805007, 3.397028987826202, 0.1325750241531924, -1.0543827687307066, -0.3209343745793117, 0.11959680533342743, -0.04645921095084939, 0.2140620513676733, -0.1601983933902769, 0.19577175418461984, -0.02021975936464608, -0.015973696560999725, -0.158218663239603, -0.1987108824435862, -0.2301715839571138, -0.16735322260449778, 0.09048968553844977, 0.3827128780492855, 0.12250461377603808, 0.3925703307794997, -0.20686313494997735, -0.5547895757036316, 0.06761712066548703, 0.12680883635775683, 0.2327279782950984, -0.24119396127354356, 0.054627449343693735, 0.06043293678620552, 0.05767306070997595, 0.1680252071019253, -0.10468493808694523, 0.12540076565099476, 0.018924948291078447, 0.14920638414479934, -0.04410115026875901, -0.17795291968081312, 0.011044288870673515, -0.06832820401431432, 0.20840027947375334, -0.15756472866414956, -0.043419574985538216, 0.035912049605410924, -0.3715260939072697, 0.04266384918457884, -0.03940255469350517, -0.0766082766809501, 0.24337094084020755, 0.06670130832357501, 0.18032019562148036, 0.059008557512393305, 0.1334227656372957, -0.1542919380223303, 0.11820100756032835, -0.23949342654269767, -0.15693279582096087, -0.19479193508584486, 0.017817048072499446, 0.180772948124381, 0.19057899731383066, 0.0, -0.1569458871545575, 0.038417072204497284]]",(x0)' = -1.759 1 +  637.541 x0 + -1554.270 x1 +  1801.926 x2 + -1346.398 x3 +  564.824 x4 + -103.801 x5 +  1.380 x0^2 + -5.909 x0 x1 +  6.683 x0 x2 + -4.707 x0 x3 +  1.281 x0 x5 +  2.153 x1^2 +  2.120 x1 x2 + -3.536 x1 x3 +  10.161 x1 x4 + -7.595 x1 x5 + -4.075 x2^2 + -1.466 x2 x3 + -9.722 x2 x4 +  11.314 x2 x5 +  10.835 x3^2 + -5.846 x3 x4 + -6.804 x3 x5 +  1.318 x4^2 +  3.083 x4 x5 + -0.668 x5^2 +  0.012 x0^3 + -0.054 x0^2 x1 +  0.006 x0^2 x2 + -0.091 x0^2 x3 +  0.072 x0^2 x4 + -0.010 x0^2 x5 +  0.081 x0 x1^2 +  0.172 x0 x1 x2 +  0.105 x0 x1 x3 + -0.057 x0 x1 x4 + -0.043 x0 x1 x5 + -0.201 x0 x2^2 + -0.123 x0 x2 x3 + -0.002 x0 x2 x4 +  0.032 x0 x2 x5 +  0.172 x0 x3^2 +  0.126 x0 x3 x4 + -0.011 x0 x3 x5 + -0.233 x0 x4^2 +  0.140 x0 x4 x5 + -0.039 x0 x5^2 + -0.140 x1^3 +  0.081 x1^2 x2 +  0.042 x1^2 x3 + -0.087 x1^2 x4 +  0.106 x1^2 x5 +  0.020 x1 x2^2 + -0.060 x1 x2 x3 + -0.022 x1 x2 x4 + -0.057 x1 x2 x5 + -0.016 x1 x3^2 +  0.039 x1 x3 x4 + -0.246 x1 x3 x5 +  0.074 x1 x4^2 +  0.117 x1 x4 x5 +  0.007 x1 x5^2 +  0.076 x2^3 + -0.032 x2^2 x3 +  0.088 x2^2 x4 +  0.078 x2^2 x5 + -0.068 x2 x3^2 +  0.037 x2 x3 x4 + -0.025 x2 x3 x5 + -0.051 x2 x4^2 + -0.047 x2 x4 x5 + -0.017 x2 x5^2 + -0.056 x3^3 +  0.058 x3^2 x4 +  0.076 x3^2 x5 + -0.003 x3 x4^2 + -0.038 x3 x4 x5 +  0.013 x3 x5^2 +  0.012 x4^3 + -0.036 x4^2 x5 +  0.033 x4 x5^2 + -0.009 x5^3 | (x1)' =  0.644 1 +  123.759 x0 +  6.257 x1 + -138.354 x2 +  15.125 x3 + -9.124 x4 +  2.337 x5 +  0.903 x0^2 + -4.548 x0 x1 +  8.002 x0 x2 + -11.246 x0 x3 +  8.258 x0 x4 + -2.343 x0 x5 +  1.419 x1^2 +  0.785 x1 x2 +  9.884 x1 x3 + -13.251 x1 x4 +  4.548 x1 x5 + -10.237 x2^2 +  8.479 x2 x3 +  5.882 x2 x4 + -3.046 x2 x5 + -2.770 x3^2 + -2.212 x3 x4 +  0.898 x3 x5 +  0.468 x4^2 +  0.302 x4 x5 + -0.175 x5^2 +  0.045 x0^3 + -0.215 x0^2 x1 +  0.193 x0^2 x2 + -0.234 x0^2 x3 +  0.005 x0^2 x4 +  0.033 x0^2 x5 +  0.140 x0 x1^2 +  0.186 x0 x1 x2 +  0.309 x0 x1 x3 +  0.227 x0 x1 x4 + -0.132 x0 x1 x5 + -0.433 x0 x2^2 + -0.097 x0 x2 x3 + -0.541 x0 x2 x4 +  0.307 x0 x2 x5 +  0.682 x0 x3^2 + -0.152 x0 x3 x4 + -0.201 x0 x3 x5 + -0.207 x0 x4^2 +  0.251 x0 x4 x5 + -0.038 x0 x5^2 + -0.029 x1^3 + -0.080 x1^2 x2 + -0.235 x1^2 x3 +  0.170 x1^2 x4 + -0.214 x1^2 x5 + -0.030 x1 x2^2 + -0.222 x1 x2 x3 +  0.080 x1 x2 x4 +  0.294 x1 x2 x5 + -0.068 x1 x3^2 +  0.100 x1 x3 x4 + -0.147 x1 x3 x5 +  0.219 x1 x4^2 +  0.022 x1 x4 x5 + -0.102 x1 x5^2 +  0.478 x2^3 + -0.058 x2^2 x3 +  0.047 x2^2 x4 +  0.025 x2^2 x5 + -0.295 x2 x3^2 + -0.092 x2 x3 x4 + -0.263 x2 x3 x5 + -0.115 x2 x4^2 + -0.170 x2 x4 x5 +  0.283 x2 x5^2 + -0.097 x3^3 +  0.296 x3^2 x4 +  0.201 x3^2 x5 +  0.208 x3 x4^2 +  0.044 x3 x4 x5 + -0.304 x3 x5^2 + -0.232 x4^3 + -0.006 x4^2 x5 +  0.212 x4 x5^2 + -0.048 x5^3 | (x2)' =  0.746 1 +  2.243 x0 +  115.299 x1 +  17.998 x2 + -142.761 x3 +  9.304 x4 + -2.075 x5 +  0.333 x0^2 + -2.014 x0 x1 +  6.247 x0 x2 + -13.330 x0 x3 +  12.955 x0 x4 + -4.669 x0 x5 + -0.477 x1^2 +  2.282 x1 x2 +  17.514 x1 x3 + -29.160 x1 x4 +  12.908 x1 x5 + -13.983 x2^2 +  14.134 x2 x3 +  17.246 x2 x4 + -12.880 x2 x5 + -12.361 x3^2 +  1.663 x3 x4 +  5.516 x3 x5 + -1.028 x4^2 + -0.978 x4 x5 +  0.080 x5^2 +  0.028 x0^3 + -0.132 x0^2 x1 +  0.005 x0^2 x2 +  0.175 x0^2 x3 + -0.270 x0^2 x4 +  0.043 x0^2 x5 +  0.157 x0 x1^2 + -0.044 x0 x1 x2 + -0.068 x0 x1 x3 +  0.463 x0 x1 x4 +  0.100 x0 x1 x5 +  0.003 x0 x2^2 + -0.139 x0 x2 x3 + -0.509 x0 x2 x4 + -0.088 x0 x2 x5 +  0.365 x0 x3^2 + -0.081 x0 x3 x4 +  0.194 x0 x3 x5 + -0.068 x0 x4^2 +  0.014 x0 x4 x5 + -0.027 x0 x5^2 +  0.033 x1^3 + -0.167 x1^2 x2 + -0.427 x1^2 x3 +  0.437 x1^2 x4 + -0.413 x1^2 x5 +  0.158 x1 x2^2 + -0.089 x1 x2 x3 +  0.078 x1 x2 x4 +  0.202 x1 x2 x5 +  0.158 x1 x3^2 +  0.048 x1 x3 x4 + -0.176 x1 x3 x5 +  0.067 x1 x4^2 + -0.150 x1 x4 x5 +  0.114 x1 x5^2 +  0.320 x2^3 + -0.184 x2^2 x3 + -0.254 x2^2 x4 +  0.439 x2^2 x5 + -0.218 x2 x3^2 + -0.232 x2 x3 x4 + -0.194 x2 x3 x5 +  0.101 x2 x4^2 +  0.120 x2 x4 x5 + -0.112 x2 x5^2 +  0.142 x3^3 +  0.159 x3^2 x4 + -0.292 x3^2 x5 +  0.240 x3 x4^2 +  0.178 x3 x4 x5 + -0.013 x3 x5^2 + -0.324 x4^3 +  0.159 x4^2 x5 + -0.030 x4 x5^2 | (x3)' =  0.835 1 + -3.875 x0 +  16.444 x1 +  95.166 x2 +  29.080 x3 + -140.307 x4 +  3.508 x5 + -0.265 x0^2 +  0.817 x0 x1 +  2.869 x0 x2 + -10.754 x0 x3 +  12.304 x0 x4 + -4.781 x0 x5 + -2.160 x1^2 +  2.971 x1 x2 +  17.713 x1 x3 + -31.204 x1 x4 +  14.303 x1 x5 + -11.820 x2^2 +  12.532 x2 x3 +  19.701 x2 x4 + -14.837 x2 x5 + -14.848 x3^2 +  4.543 x3 x4 +  5.928 x3 x5 + -2.322 x4^2 + -0.769 x4 x5 +  0.078 x5^2 +  0.039 x0^3 + -0.174 x0^2 x1 +  0.256 x0^2 x2 + -0.094 x0^2 x3 + -0.134 x0^2 x4 +  0.019 x0^2 x5 + -0.018 x0 x1^2 + -0.155 x0 x1 x2 +  0.031 x0 x1 x3 +  0.464 x0 x1 x4 +  0.074 x0 x1 x5 +  0.006 x0 x2^2 +  0.110 x0 x2 x3 + -0.679 x0 x2 x4 +  0.118 x0 x2 x5 +  0.384 x0 x3^2 + -0.398 x0 x3 x4 + -0.056 x0 x3 x5 +  0.316 x0 x4^2 + -0.069 x0 x4 x5 +  0.010 x0 x5^2 +  0.294 x1^3 + -0.285 x1^2 x2 + -0.346 x1^2 x3 +  0.371 x1^2 x4 + -0.519 x1^2 x5 + -0.082 x1 x2^2 + -0.030 x1 x2 x3 +  0.095 x1 x2 x4 +  0.433 x1 x2 x5 +  0.086 x1 x3^2 + -0.051 x1 x3 x4 +  0.372 x1 x3 x5 + -0.113 x1 x4^2 + -0.284 x1 x4 x5 +  0.037 x1 x5^2 +  0.266 x2^3 +  0.038 x2^2 x3 + -0.124 x2^2 x4 + -0.027 x2^2 x5 + -0.134 x2 x3^2 + -0.165 x2 x3 x4 + -0.247 x2 x3 x5 +  0.152 x2 x4^2 +  0.025 x2 x4 x5 +  0.097 x2 x5^2 + -0.073 x3^3 +  0.135 x3^2 x4 + -0.115 x3^2 x5 +  0.330 x3 x4^2 +  0.231 x3 x4 x5 + -0.228 x3 x5^2 + -0.319 x4^3 +  0.013 x4^2 x5 +  0.149 x4 x5^2 + -0.034 x5^3 | (x4)' =  0.246 1 + -2.452 x0 +  9.935 x1 + -16.906 x2 +  140.203 x3 + -7.275 x4 + -123.489 x5 + -0.990 x0^2 +  4.679 x0 x1 + -4.502 x0 x2 +  0.750 x0 x3 +  2.698 x0 x4 + -1.655 x0 x5 + -3.560 x1^2 +  2.870 x1 x2 +  5.460 x1 x3 + -12.415 x1 x4 +  6.562 x1 x5 + -0.708 x2^2 +  1.038 x2 x3 +  9.499 x2 x4 + -7.529 x2 x5 + -7.764 x3^2 +  5.973 x3 x4 +  2.306 x3 x5 + -3.059 x4^2 +  0.386 x4 x5 + -0.041 x5^2 +  0.005 x0^2 x1 +  0.089 x0^2 x2 +  0.064 x0^2 x3 + -0.102 x0^2 x4 + -0.009 x0^2 x5 + -0.115 x0 x1^2 + -0.252 x0 x1 x2 + -0.173 x0 x1 x3 +  0.221 x0 x1 x4 +  0.147 x0 x1 x5 +  0.287 x0 x2^2 +  0.162 x0 x2 x3 + -0.200 x0 x2 x4 + -0.097 x0 x2 x5 + -0.133 x0 x3^2 + -0.230 x0 x3 x4 +  0.072 x0 x3 x5 +  0.403 x0 x4^2 + -0.225 x0 x4 x5 +  0.037 x0 x5^2 +  0.260 x1^3 + -0.175 x1^2 x2 + -0.115 x1^2 x3 +  0.183 x1^2 x4 + -0.284 x1^2 x5 + -0.052 x1 x2^2 +  0.121 x1 x2 x3 +  0.024 x1 x2 x4 +  0.166 x1 x2 x5 +  0.103 x1 x3^2 + -0.112 x1 x3 x4 +  0.424 x1 x3 x5 + -0.245 x1 x4^2 + -0.242 x1 x4 x5 +  0.089 x1 x5^2 + -0.103 x2^3 +  0.073 x2^2 x3 + -0.122 x2^2 x4 + -0.057 x2^2 x5 +  0.087 x2 x3^2 + -0.064 x2 x3 x4 + -0.029 x2 x3 x5 +  0.199 x2 x4^2 +  0.128 x2 x4 x5 + -0.099 x2 x5^2 +  0.001 x3^3 + -0.083 x3^2 x4 + -0.226 x3^2 x5 +  0.127 x3 x4^2 +  0.158 x3 x4 x5 +  0.013 x3 x5^2 + -0.107 x4^3 +  0.021 x4^2 x5 + -0.022 x4 x5^2 +  0.005 x5^3 | (x5)' =  1.182 1 +  105.293 x0 + -570.465 x1 +  1356.302 x2 + -1812.273 x3 +  1560.617 x4 + -639.301 x5 + -1.365 x0^2 +  6.446 x0 x1 + -10.576 x0 x2 +  14.385 x0 x3 + -10.084 x0 x4 +  2.585 x0 x5 + -1.905 x1^2 + -1.545 x1 x2 + -11.728 x1 x3 +  14.465 x1 x4 + -3.946 x1 x5 +  12.907 x2^2 + -9.531 x2 x3 + -5.210 x2 x4 +  1.274 x2 x5 +  1.554 x3^2 +  3.397 x3 x4 +  0.133 x3 x5 + -1.054 x4^2 + -0.321 x4 x5 +  0.120 x5^2 + -0.046 x0^3 +  0.214 x0^2 x1 + -0.160 x0^2 x2 +  0.196 x0^2 x3 + -0.020 x0^2 x4 + -0.016 x0^2 x5 + -0.158 x0 x1^2 + -0.199 x0 x1 x2 + -0.230 x0 x1 x3 + -0.167 x0 x1 x4 +  0.090 x0 x1 x5 +  0.383 x0 x2^2 +  0.123 x0 x2 x3 +  0.393 x0 x2 x4 + -0.207 x0 x2 x5 + -0.555 x0 x3^2 +  0.068 x0 x3 x4 +  0.127 x0 x3 x5 +  0.233 x0 x4^2 + -0.241 x0 x4 x5 +  0.055 x0 x5^2 +  0.060 x1^3 +  0.058 x1^2 x2 +  0.168 x1^2 x3 + -0.105 x1^2 x4 +  0.125 x1^2 x5 +  0.019 x1 x2^2 +  0.149 x1 x2 x3 + -0.044 x1 x2 x4 + -0.178 x1 x2 x5 +  0.011 x1 x3^2 + -0.068 x1 x3 x4 +  0.208 x1 x3 x5 + -0.158 x1 x4^2 + -0.043 x1 x4 x5 +  0.036 x1 x5^2 + -0.372 x2^3 +  0.043 x2^2 x3 + -0.039 x2^2 x4 + -0.077 x2^2 x5 +  0.243 x2 x3^2 +  0.067 x2 x3 x4 +  0.180 x2 x3 x5 +  0.059 x2 x4^2 +  0.133 x2 x4 x5 + -0.154 x2 x5^2 +  0.118 x3^3 + -0.239 x3^2 x4 + -0.157 x3^2 x5 + -0.195 x3 x4^2 +  0.018 x3 x4 x5 +  0.181 x3 x5^2 +  0.191 x4^3 + -0.157 x4 x5^2 +  0.038 x5^3
22,35.0,100.0,36.85636440989091,3,6,2,8.0,40.0,0,0.0,finite_difference,success,,503,504,99.8015873015873,6.9415514804422855,"[""1"", ""x0"", ""x1"", ""x2"", ""x3"", ""x4"", ""x5"", ""x0^2"", ""x0 x1"", ""x0 x2"", ""x0 x3"", ""x0 x4"", ""x0 x5"", ""x1^2"", ""x1 x2"", ""x1 x3"", ""x1 x4"", ""x1 x5"", ""x2^2"", ""x2 x3"", ""x2 x4"", ""x2 x5"", ""x3^2"", ""x3 x4"", ""x3 x5"", ""x4^2"", ""x4 x5"", ""x5^2"", ""x0^3"", ""x0^2 x1"", ""x0^2 x2"", ""x0^2 x3"", ""x0^2 x4"", ""x0^2 x5"", ""x0 x1^2"", ""x0 x1 x2"", ""x0 x1 x3"", ""x0 x1 x4"", ""x0 x1 x5"", ""x0 x2^2"", ""x0 x2 x3"", ""x0 x2 x4"", ""x0 x2 x5"", ""x0 x3^2"", ""x0 x3 x4"", ""x0 x3 x5"", ""x0 x4^2"", ""x0 x4 x5"", ""x0 x5^2"", ""x1^3"", ""x1^2 x2"", ""x1^2 x3"", ""x1^2 x4"", ""x1^2 x5"", ""x1 x2^2"", ""x1 x2 x3"", ""x1 x2 x4"", ""x1 x2 x5"", ""x1 x3^2"", ""x1 x3 x4"", ""x1 x3 x5"", ""x1 x4^2"", ""x1 x4 x5"", ""x1 x5^2"", ""x2^3"", ""x2^2 x3"", ""x2^2 x4"", ""x2^2 x5"", ""x2 x3^2"", ""x2 x3 x4"", ""x2 x3 x5"", ""x2 x4^2"", ""x2 x4 x5"", ""x2 x5^2"", ""x3^3"", ""x3^2 x4"", ""x3^2 x5"", ""x3 x4^2"", ""x3 x4 x5"", ""x3 x5^2"", ""x4^3"", ""x4^2 x5"", ""x4 x5^2"", ""x5^3""]","[[-21.005087388937643, 197.46565233144867, -358.3307879971385, 277.56528996426835, -184.67735642192326, 86.0625532404913, -20.31383560988468, -0.25072521619439514, 1.525089079822809, -2.195751582171739, 1.9805155605582, -1.1214576282087607, 0.3555421691185925, -1.9154261355048692, 5.067369332794611, -4.610460735117662, 2.7307475947905915, -0.9670905190824021, -3.2140457827784132, 5.898213074009634, -3.6273677123643586, 1.3700887298641278, -2.6609788500493865, 3.3002996780447704, -1.2976802792808908, -1.0646695228405079, 0.8596125793018559, -0.16142988153716617, 0.0026090020137078548, -0.023466452164551208, 0.035145758926235705, -0.03579038735381811, 0.024033791349465265, -0.00938216145721561, 0.062270758252837205, -0.1615239375391187, 0.15175748614067122, -0.09559097698893355, 0.036891248703719216, 0.08227993844477434, -0.1229617292753825, 0.06302802727946132, -0.025908190133287184, 0.028493567299967944, -0.008247711364160693, 0.005783278330278585, -0.01016054786680396, 0.0066992306115751694, -0.0014898686354885492, -0.0523450847039162, 0.1847649444156991, -0.16278238026603853, 0.0947370720234699, -0.03535089308602036, -0.17240006979344388, 0.23434470505528285, -0.09534409432311307, 0.03684002021382665, -0.03801433700588694, -0.03220869939704779, 0.010043899861379569, 0.04555794164986458, -0.035004002750327355, 0.007868472062239042, 0.03315356617636032, -0.009762426970688461, -0.042578798173305926, 0.01271780436264885, -0.0961325236743142, 0.24078441896369981, -0.07930791021637458, -0.1252116904933176, 0.08859537596700476, -0.017132430551713686, 0.06744824583148389, -0.19014332712065993, 0.061731808409351926, 0.16639417301789966, -0.1116519138163136, 0.019586394345099425, -0.04523041400696945, 0.04500689426081785, -0.014739009388281052, 0.0014274599140750737], [3.1968894070082507, 47.36589170724099, 63.00093605988762, -156.16393301087004, 67.69796811771951, -27.969536220624857, 6.471306371438821, 0.06291460159903609, -0.3504401752569604, 0.4804489144975478, -0.42336846319879295, 0.24013047113074168, -0.07887406554636876, 0.41976702703643765, -1.0815135109211005, 0.9719864372033133, -0.5834464088097276, 0.21523319768654428, 0.6880985996746678, -1.2683700959861162, 0.7982273803262266, -0.31385066121521643, 0.5788990624510303, -0.7381180742862081, 0.3027633773354899, 0.24594721900039734, -0.20650580060652213, 0.039992618438517404, -0.0006816439926556121, 0.005823731127750779, -0.008138635077480107, 0.0075926433339853945, -0.004610835671241833, 0.0015869451201897078, -0.015298796523308084, 0.038132540419418486, -0.03266657728487613, 0.018033356474884448, -0.005850114045086175, -0.01934853149666414, 0.026119021265815143, -0.010180657638820038, 0.0027419781977028254, -0.004771214443280571, -0.002569147107923945, 0.0017577909629357968, 0.00435552862590976, -0.0038716180334488464, 0.0009144106065739661, 0.013152941878769017, -0.046138277858095496, 0.03725326217481747, -0.018501278191378014, 0.005401003823008309, 0.04542262977817807, -0.057782504610304423, 0.01689292850227497, -0.00245297562931736, 0.008486892140662264, 0.013752595173052252, -0.008352284616105326, -0.014273202247609711, 0.013038800385799514, -0.003087060086855239, -0.011377650969405488, 0.009586968910331402, 0.009674864600964258, -0.005771593294526566, 0.017024686641179898, -0.05660300348250696, 0.023992352064038956, 0.031637172068451964, -0.02574954696011924, 0.005500969905197108, -0.014159467839982884, 0.04451379155749783, -0.01696441553865538, -0.041034123329873, 0.030893726931738263, -0.006058504350161264, 0.011521658176371559, -0.012637904308792495, 0.004636991634285021, -0.000534907677511994], [-2.1534275399432086, -9.597864185799793, 75.9231995519977, 17.842013564234044, -106.42552108082025, 27.76739024519918, -5.7221912947430065, -0.016094104563777977, 0.07857313918379225, -0.08636016148869367, 0.049288169395407325, -0.007005878205148757, 0.0, -0.06323350548844821, 0.09530237036124668, -0.03441427436916437, -0.011220919366813773, -0.005173660376359753, -0.021746896107469722, 0.00047210545689461373, 0.01474398138302365, 0.020156571756472206, 0.017766546770098517, -0.023346515521485336, -0.025467784036591976, -0.0025075560406869024, 0.02869088928707408, -0.008378071572246562, 0.0005142484824015693, -0.004474038345548229, 0.006096091930998129, -0.005514229836518607, 0.0031894124946244273, -0.001049420095449493, 0.01204361292380139, -0.02991626084539949, 0.02501902250923349, -0.013064908103391818, 0.0038579869406675056, 0.015712104753051535, -0.02124892451535043, 0.007492600936041398, -0.001183966380655118, 0.004371057476520822, 0.0018302814148469621, -0.002245700855309331, -0.0035131870225676353, 0.003805881677881541, -0.000990501012368015, -0.010576494439537015, 0.03752332201976437, -0.02976221141112282, 0.013944193975816734, -0.003448071163804281, -0.038620047742589404, 0.04952263991721289, -0.01308164638044583, -0.000507022488805167, -0.008577014351936611, -0.010506030238417872, 0.009131403486259017, 0.011705948431045795, -0.01252800052751887, 0.0031857279602423446, 0.010708976927383797, -0.010899329228373845, -0.008026994615500771, 0.006880902202282073, -0.011675994915976519, 0.047014938441784476, -0.024596707445871467, -0.027009551363953246, 0.025104434618851836, -0.005778499139235173, 0.011220078522006162, -0.037474845243374966, 0.016861759639552998, 0.03515567082116966, -0.029944595751889815, 0.0064054423369872176, -0.009916090206444121, 0.01207430038721532, -0.0048491924269187265, 0.0006203505562172747], [1.2549200021811981, 5.652797731411976, -27.498251035444994, 105.96970472663587, -17.368445868267724, -76.21139675530324, 9.6720316218613, 0.03065398420355037, -0.16040603950275203, 0.21766708305618696, -0.1928113921928409, 0.11577524591032157, -0.04275861936528127, 0.1837783882060368, -0.4883995287694272, 0.4588269368429234, -0.3041403011881353, 0.1271744592564498, 0.3388735114263285, -0.6669773079023533, 0.46661242573294714, -0.20343886034365408, 0.32295493093915645, -0.45963521588048073, 0.2085093731740895, 0.1715307474182407, -0.155377402462945, 0.03156141501929565, -0.0003489355631092305, 0.0030717487707142103, -0.004106537845760018, 0.0034347057012991, -0.0016557817724981636, 0.00041047590649330093, -0.008488822249614442, 0.020830172948657893, -0.015995499480534046, 0.00653719849711026, -0.0012084644927699264, -0.010806243779346508, 0.012644362770720253, -0.0014825013722768359, -0.0012041969908137184, -0.001106626801155539, -0.005986901281851148, 0.0037241537424828187, 0.004557048653592139, -0.004279204316382564, 0.0009845069904863726, 0.007876890679946607, -0.0283881312043711, 0.02110782369866262, -0.0077261812971182245, 0.0010016881761415214, 0.030874898038814085, -0.03765572466534829, 0.004727221715482923, 0.0036483765451791627, 0.005320870157507738, 0.014409872850076944, -0.01013049303808142, -0.012269695849325477, 0.012065040003952032, -0.002857143840555437, -0.010385513815657598, 0.014014328917847575, 0.005816385899062477, -0.005938223906781091, 0.003316592389849166, -0.03471294761649768, 0.01925837435626278, 0.021942717325084973, -0.02018412030185735, 0.004585188994686408, -0.006322589191658305, 0.026811815922333306, -0.012300237683926274, -0.027043020861548504, 0.022555643970200632, -0.004742835253370158, 0.0077973111357098135, -0.009039992558134119, 0.003421666010648603, -0.00039363364975279665], [-2.7334973131647358, -6.383840495329187, 27.60925289725323, -67.0721637610242, 155.50670786250524, -62.63150849276311, -47.42489046780484, -0.041121011184218174, 0.215591883038051, -0.3016592907443584, 0.2730512298915321, -0.1718712706331065, 0.06763294141387503, -0.24767455314561881, 0.6940626571321779, -0.6777775607406352, 0.4783015542709313, -0.21201663483037722, -0.5118163131557205, 1.0381048911186224, -0.7666058564416668, 0.3483709874467345, -0.512791409362558, 0.7720472218193054, -0.3628776190543472, -0.301863072007176, 0.2757465197881502, -0.054805264174530154, 0.0005192515888119819, -0.004550963692044249, 0.00582268055518743, -0.004661138625351676, 0.002002035160288168, -0.00034000074092859926, 0.01261051885971056, -0.029957351508611254, 0.02214097386966724, -0.007646167216919153, 0.00045224402944422573, 0.015051158877723276, -0.016425091641645895, -0.0008270512295104895, 0.0038895406827438687, 0.0005212748969887089, 0.011713638796395339, -0.007574749913829705, -0.008126136842916656, 0.008036556866364144, -0.0019200742270415686, -0.01182923585433706, 0.04202033562267211, -0.030692226353567765, 0.009695672682005073, -6.016773770249805e-05, -0.04575921479494346, 0.055633809417884046, -0.0030999310870724857, -0.009372986458716513, -0.00830325921954724, -0.02423388252194911, 0.018675171265718153, 0.020331542341497137, -0.02129525949630742, 0.005279736226932943, 0.01599265595839436, -0.023507358429574042, -0.009376602826020848, 0.011050807342439793, -0.00020443312166389493, 0.04974737596744555, -0.03192947170320927, -0.033660594572401135, 0.03369374893512928, -0.008174084330145551, 0.006664538587300311, -0.036103858255914986, 0.018874357517282957, 0.03890209382849324, -0.03545264279995691, 0.008081429791725691, -0.011518684438479464, 0.014298844272503289, -0.005777268607873871, 0.000702031038514813], [16.891435739787916, 19.92786612581394, -84.49908618756395, 181.92353282167284, -274.72054616773937, 357.0305862210139, -197.48717777504464, 0.14276114935600798, -0.7639421741299885, 1.1216264584602171, -1.0537953014269765, 0.7112317164325593, -0.29740679402718406, 0.8869706583070724, -2.656827419055338, 2.743051113498256, -2.1028608182976067, 0.975719364739544, 2.085115361150489, -4.413316982593087, 3.496815388392488, -1.6336750402204487, 2.2533027155658205, -3.627527706525037, 1.729504739723898, 1.4732894411567226, -1.3171377580784278, 0.24718945362840683, -0.0013833697490610503, 0.014044218002823647, -0.017469380441578662, 0.013090492774452503, -0.003890175582544627, -0.0004242371077172616, -0.04266430472297604, 0.09928933723665734, -0.07002057874412052, 0.015529406516703736, 0.0053929318236202554, -0.047649003072277686, 0.043664440139727305, 0.023419220186597544, -0.026477109058607614, 0.007005937556261081, -0.06367418424202431, 0.04026898310630611, 0.03913336796705768, -0.03974030722855241, 0.009773396779198484, 0.043372120550146186, -0.15549956361801012, 0.11395496899538567, -0.02918151233571888, -0.005663325006229817, 0.17408868363826183, -0.2159784404483963, -0.006725708529792241, 0.05412684804599438, 0.036444473946624305, 0.10623008538003967, -0.08857746698683057, -0.0878917663195744, 0.09739793698904566, -0.025180958432710135, -0.06564031028585635, 0.108677854197037, 0.04110618238575123, -0.05424281163793534, -0.026575960834381605, -0.1857011950684424, 0.1406498651616595, 0.1357182123085563, -0.14725543637353913, 0.03763378421962393, -0.011302696714406318, 0.12144718635484061, -0.07524660977031233, -0.1413796198813723, 0.14051806670798067, -0.03402394097541296, 0.041487023367345804, -0.05337473728816337, 0.021710330567530245, -0.0024733782071679703]]",(x0)' = -21.005 1 +  197.466 x0 + -358.331 x1 +  277.565 x2 + -184.677 x3 +  86.063 x4 + -20.314 x5 + -0.251 x0^2 +  1.525 x0 x1 + -2.196 x0 x2 +  1.981 x0 x3 + -1.121 x0 x4 +  0.356 x0 x5 + -1.915 x1^2 +  5.067 x1 x2 + -4.610 x1 x3 +  2.731 x1 x4 + -0.967 x1 x5 + -3.214 x2^2 +  5.898 x2 x3 + -3.627 x2 x4 +  1.370 x2 x5 + -2.661 x3^2 +  3.300 x3 x4 + -1.298 x3 x5 + -1.065 x4^2 +  0.860 x4 x5 + -0.161 x5^2 +  0.003 x0^3 + -0.023 x0^2 x1 +  0.035 x0^2 x2 + -0.036 x0^2 x3 +  0.024 x0^2 x4 + -0.009 x0^2 x5 +  0.062 x0 x1^2 + -0.162 x0 x1 x2 +  0.152 x0 x1 x3 + -0.096 x0 x1 x4 +  0.037 x0 x1 x5 +  0.082 x0 x2^2 + -0.123 x0 x2 x3 +  0.063 x0 x2 x4 + -0.026 x0 x2 x5 +  0.028 x0 x3^2 + -0.008 x0 x3 x4 +  0.006 x0 x3 x5 + -0.010 x0 x4^2 +  0.007 x0 x4 x5 + -0.001 x0 x5^2 + -0.052 x1^3 +  0.185 x1^2 x2 + -0.163 x1^2 x3 +  0.095 x1^2 x4 + -0.035 x1^2 x5 + -0.172 x1 x2^2 +  0.234 x1 x2 x3 + -0.095 x1 x2 x4 +  0.037 x1 x2 x5 + -0.038 x1 x3^2 + -0.032 x1 x3 x4 +  0.010 x1 x3 x5 +  0.046 x1 x4^2 + -0.035 x1 x4 x5 +  0.008 x1 x5^2 +  0.033 x2^3 + -0.010 x2^2 x3 + -0.043 x2^2 x4 +  0.013 x2^2 x5 + -0.096 x2 x3^2 +  0.241 x2 x3 x4 + -0.079 x2 x3 x5 + -0.125 x2 x4^2 +  0.089 x2 x4 x5 + -0.017 x2 x5^2 +  0.067 x3^3 + -0.190 x3^2 x4 +  0.062 x3^2 x5 +  0.166 x3 x4^2 + -0.112 x3 x4 x5 +  0.020 x3 x5^2 + -0.045 x4^3 +  0.045 x4^2 x5 + -0.015 x4 x5^2 +  0.001 x5^3 | (x1)' =  3.197 1 +  47.366 x0 +  63.001 x1 + -156.164 x2 +  67.698 x3 + -27.970 x4 +  6.471 x5 +  0.063 x0^2 + -0.350 x0 x1 +  0.480 x0 x2 + -0.423 x0 x3 +  0.240 x0 x4 + -0.079 x0 x5 +  0.420 x1^2 + -1.082 x1 x2 +  0.972 x1 x3 + -0.583 x1 x4 +  0.215 x1 x5 +  0.688 x2^2 + -1.268 x2 x3 +  0.798 x2 x4 + -0.314 x2 x5 +  0.579 x3^2 + -0.738 x3 x4 +  0.303 x3 x5 +  0.246 x4^2 + -0.207 x4 x5 +  0.040 x5^2 + -0.001 x0^3 +  0.006 x0^2 x1 + -0.008 x0^2 x2 +  0.008 x0^2 x3 + -0.005 x0^2 x4 +  0.002 x0^2 x5 + -0.015 x0 x1^2 +  0.038 x0 x1 x2 + -0.033 x0 x1 x3 +  0.018 x0 x1 x4 + -0.006 x0 x1 x5 + -0.019 x0 x2^2 +  0.026 x0 x2 x3 + -0.010 x0 x2 x4 +  0.003 x0 x2 x5 + -0.005 x0 x3^2 + -0.003 x0 x3 x4 +  0.002 x0 x3 x5 +  0.004 x0 x4^2 + -0.004 x0 x4 x5 +  0.001 x0 x5^2 +  0.013 x1^3 + -0.046 x1^2 x2 +  0.037 x1^2 x3 + -0.019 x1^2 x4 +  0.005 x1^2 x5 +  0.045 x1 x2^2 + -0.058 x1 x2 x3 +  0.017 x1 x2 x4 + -0.002 x1 x2 x5 +  0.008 x1 x3^2 +  0.014 x1 x3 x4 + -0.008 x1 x3 x5 + -0.014 x1 x4^2 +  0.013 x1 x4 x5 + -0.003 x1 x5^2 + -0.011 x2^3 +  0.010 x2^2 x3 +  0.010 x2^2 x4 + -0.006 x2^2 x5 +  0.017 x2 x3^2 + -0.057 x2 x3 x4 +  0.024 x2 x3 x5 +  0.032 x2 x4^2 + -0.026 x2 x4 x5 +  0.006 x2 x5^2 + -0.014 x3^3 +  0.045 x3^2 x4 + -0.017 x3^2 x5 + -0.041 x3 x4^2 +  0.031 x3 x4 x5 + -0.006 x3 x5^2 +  0.012 x4^3 + -0.013 x4^2 x5 +  0.005 x4 x5^2 + -0.001 x5^3 | (x2)' = -2.153 1 + -9.598 x0 +  75.923 x1 +  17.842 x2 + -106.426 x3 +  27.767 x4 + -5.722 x5 + -0.016 x0^2 +  0.079 x0 x1 + -0.086 x0 x2 +  0.049 x0 x3 + -0.007 x0 x4 + -0.063 x1^2 +  0.095 x1 x2 + -0.034 x1 x3 + -0.011 x1 x4 + -0.005 x1 x5 + -0.022 x2^2 +  0.015 x2 x4 +  0.020 x2 x5 +  0.018 x3^2 + -0.023 x3 x4 + -0.025 x3 x5 + -0.003 x4^2 +  0.029 x4 x5 + -0.008 x5^2 +  0.001 x0^3 + -0.004 x0^2 x1 +  0.006 x0^2 x2 + -0.006 x0^2 x3 +  0.003 x0^2 x4 + -0.001 x0^2 x5 +  0.012 x0 x1^2 + -0.030 x0 x1 x2 +  0.025 x0 x1 x3 + -0.013 x0 x1 x4 +  0.004 x0 x1 x5 +  0.016 x0 x2^2 + -0.021 x0 x2 x3 +  0.007 x0 x2 x4 + -0.001 x0 x2 x5 +  0.004 x0 x3^2 +  0.002 x0 x3 x4 + -0.002 x0 x3 x5 + -0.004 x0 x4^2 +  0.004 x0 x4 x5 + -0.001 x0 x5^2 + -0.011 x1^3 +  0.038 x1^2 x2 + -0.030 x1^2 x3 +  0.014 x1^2 x4 + -0.003 x1^2 x5 + -0.039 x1 x2^2 +  0.050 x1 x2 x3 + -0.013 x1 x2 x4 + -0.001 x1 x2 x5 + -0.009 x1 x3^2 + -0.011 x1 x3 x4 +  0.009 x1 x3 x5 +  0.012 x1 x4^2 + -0.013 x1 x4 x5 +  0.003 x1 x5^2 +  0.011 x2^3 + -0.011 x2^2 x3 + -0.008 x2^2 x4 +  0.007 x2^2 x5 + -0.012 x2 x3^2 +  0.047 x2 x3 x4 + -0.025 x2 x3 x5 + -0.027 x2 x4^2 +  0.025 x2 x4 x5 + -0.006 x2 x5^2 +  0.011 x3^3 + -0.037 x3^2 x4 +  0.017 x3^2 x5 +  0.035 x3 x4^2 + -0.030 x3 x4 x5 +  0.006 x3 x5^2 + -0.010 x4^3 +  0.012 x4^2 x5 + -0.005 x4 x5^2 +  0.001 x5^3 | (x3)' =  1.255 1 +  5.653 x0 + -27.498 x1 +  105.970 x2 + -17.368 x3 + -76.211 x4 +  9.672 x5 +  0.031 x0^2 + -0.160 x0 x1 +  0.218 x0 x2 + -0.193 x0 x3 +  0.116 x0 x4 + -0.043 x0 x5 +  0.184 x1^2 + -0.488 x1 x2 +  0.459 x1 x3 + -0.304 x1 x4 +  0.127 x1 x5 +  0.339 x2^2 + -0.667 x2 x3 +  0.467 x2 x4 + -0.203 x2 x5 +  0.323 x3^2 + -0.460 x3 x4 +  0.209 x3 x5 +  0.172 x4^2 + -0.155 x4 x5 +  0.032 x5^2 +  0.003 x0^2 x1 + -0.004 x0^2 x2 +  0.003 x0^2 x3 + -0.002 x0^2 x4 + -0.008 x0 x1^2 +  0.021 x0 x1 x2 + -0.016 x0 x1 x3 +  0.007 x0 x1 x4 + -0.001 x0 x1 x5 + -0.011 x0 x2^2 +  0.013 x0 x2 x3 + -0.001 x0 x2 x4 + -0.001 x0 x2 x5 + -0.001 x0 x3^2 + -0.006 x0 x3 x4 +  0.004 x0 x3 x5 +  0.005 x0 x4^2 + -0.004 x0 x4 x5 +  0.001 x0 x5^2 +  0.008 x1^3 + -0.028 x1^2 x2 +  0.021 x1^2 x3 + -0.008 x1^2 x4 +  0.001 x1^2 x5 +  0.031 x1 x2^2 + -0.038 x1 x2 x3 +  0.005 x1 x2 x4 +  0.004 x1 x2 x5 +  0.005 x1 x3^2 +  0.014 x1 x3 x4 + -0.010 x1 x3 x5 + -0.012 x1 x4^2 +  0.012 x1 x4 x5 + -0.003 x1 x5^2 + -0.010 x2^3 +  0.014 x2^2 x3 +  0.006 x2^2 x4 + -0.006 x2^2 x5 +  0.003 x2 x3^2 + -0.035 x2 x3 x4 +  0.019 x2 x3 x5 +  0.022 x2 x4^2 + -0.020 x2 x4 x5 +  0.005 x2 x5^2 + -0.006 x3^3 +  0.027 x3^2 x4 + -0.012 x3^2 x5 + -0.027 x3 x4^2 +  0.023 x3 x4 x5 + -0.005 x3 x5^2 +  0.008 x4^3 + -0.009 x4^2 x5 +  0.003 x4 x5^2 | (x4)' = -2.733 1 + -6.384 x0 +  27.609 x1 + -67.072 x2 +  155.507 x3 + -62.632 x4 + -47.425 x5 + -0.041 x0^2 +  0.216 x0 x1 + -0.302 x0 x2 +  0.273 x0 x3 + -0.172 x0 x4 +  0.068 x0 x5 + -0.248 x1^2 +  0.694 x1 x2 + -0.678 x1 x3 +  0.478 x1 x4 + -0.212 x1 x5 + -0.512 x2^2 +  1.038 x2 x3 + -0.767 x2 x4 +  0.348 x2 x5 + -0.513 x3^2 +  0.772 x3 x4 + -0.363 x3 x5 + -0.302 x4^2 +  0.276 x4 x5 + -0.055 x5^2 +  0.001 x0^3 + -0.005 x0^2 x1 +  0.006 x0^2 x2 + -0.005 x0^2 x3 +  0.002 x0^2 x4 +  0.013 x0 x1^2 + -0.030 x0 x1 x2 +  0.022 x0 x1 x3 + -0.008 x0 x1 x4 +  0.015 x0 x2^2 + -0.016 x0 x2 x3 + -0.001 x0 x2 x4 +  0.004 x0 x2 x5 +  0.001 x0 x3^2 +  0.012 x0 x3 x4 + -0.008 x0 x3 x5 + -0.008 x0 x4^2 +  0.008 x0 x4 x5 + -0.002 x0 x5^2 + -0.012 x1^3 +  0.042 x1^2 x2 + -0.031 x1^2 x3 +  0.010 x1^2 x4 + -0.046 x1 x2^2 +  0.056 x1 x2 x3 + -0.003 x1 x2 x4 + -0.009 x1 x2 x5 + -0.008 x1 x3^2 + -0.024 x1 x3 x4 +  0.019 x1 x3 x5 +  0.020 x1 x4^2 + -0.021 x1 x4 x5 +  0.005 x1 x5^2 +  0.016 x2^3 + -0.024 x2^2 x3 + -0.009 x2^2 x4 +  0.011 x2^2 x5 +  0.050 x2 x3 x4 + -0.032 x2 x3 x5 + -0.034 x2 x4^2 +  0.034 x2 x4 x5 + -0.008 x2 x5^2 +  0.007 x3^3 + -0.036 x3^2 x4 +  0.019 x3^2 x5 +  0.039 x3 x4^2 + -0.035 x3 x4 x5 +  0.008 x3 x5^2 + -0.012 x4^3 +  0.014 x4^2 x5 + -0.006 x4 x5^2 +  0.001 x5^3 | (x5)' =  16.891 1 +  19.928 x0 + -84.499 x1 +  181.924 x2 + -274.721 x3 +  357.031 x4 + -197.487 x5 +  0.143 x0^2 + -0.764 x0 x1 +  1.122 x0 x2 + -1.054 x0 x3 +  0.711 x0 x4 + -0.297 x0 x5 +  0.887 x1^2 + -2.657 x1 x2 +  2.743 x1 x3 + -2.103 x1 x4 +  0.976 x1 x5 +  2.085 x2^2 + -4.413 x2 x3 +  3.497 x2 x4 + -1.634 x2 x5 +  2.253 x3^2 + -3.628 x3 x4 +  1.730 x3 x5 +  1.473 x4^2 + -1.317 x4 x5 +  0.247 x5^2 + -0.001 x0^3 +  0.014 x0^2 x1 + -0.017 x0^2 x2 +  0.013 x0^2 x3 + -0.004 x0^2 x4 + -0.043 x0 x1^2 +  0.099 x0 x1 x2 + -0.070 x0 x1 x3 +  0.016 x0 x1 x4 +  0.005 x0 x1 x5 + -0.048 x0 x2^2 +  0.044 x0 x2 x3 +  0.023 x0 x2 x4 + -0.026 x0 x2 x5 +  0.007 x0 x3^2 + -0.064 x0 x3 x4 +  0.040 x0 x3 x5 +  0.039 x0 x4^2 + -0.040 x0 x4 x5 +  0.010 x0 x5^2 +  0.043 x1^3 + -0.155 x1^2 x2 +  0.114 x1^2 x3 + -0.029 x1^2 x4 + -0.006 x1^2 x5 +  0.174 x1 x2^2 + -0.216 x1 x2 x3 + -0.007 x1 x2 x4 +  0.054 x1 x2 x5 +  0.036 x1 x3^2 +  0.106 x1 x3 x4 + -0.089 x1 x3 x5 + -0.088 x1 x4^2 +  0.097 x1 x4 x5 + -0.025 x1 x5^2 + -0.066 x2^3 +  0.109 x2^2 x3 +  0.041 x2^2 x4 + -0.054 x2^2 x5 + -0.027 x2 x3^2 + -0.186 x2 x3 x4 +  0.141 x2 x3 x5 +  0.136 x2 x4^2 + -0.147 x2 x4 x5 +  0.038 x2 x5^2 + -0.011 x3^3 +  0.121 x3^2 x4 + -0.075 x3^2 x5 + -0.141 x3 x4^2 +  0.141 x3 x4 x5 + -0.034 x3 x5^2 +  0.041 x4^3 + -0.053 x4^2 x5 +  0.022 x4 x5^2 + -0.002 x5^3
23,35.0,100.0,36.85636440989091,3,6,2,8.0,40.0,5,20.0,smoothed_finite_difference_savgol_order_3,success,,502,504,99.60317460317461,6.975082891061902,"[""1"", ""x0"", ""x1"", ""x2"", ""x3"", ""x4"", ""x5"", ""x0^2"", ""x0 x1"", ""x0 x2"", ""x0 x3"", ""x0 x4"", ""x0 x5"", ""x1^2"", ""x1 x2"", ""x1 x3"", ""x1 x4"", ""x1 x5"", ""x2^2"", ""x2 x3"", ""x2 x4"", ""x2 x5"", ""x3^2"", ""x3 x4"", ""x3 x5"", ""x4^2"", ""x4 x5"", ""x5^2"", ""x0^3"", ""x0^2 x1"", ""x0^2 x2"", ""x0^2 x3"", ""x0^2 x4"", ""x0^2 x5"", ""x0 x1^2"", ""x0 x1 x2"", ""x0 x1 x3"", ""x0 x1 x4"", ""x0 x1 x5"", ""x0 x2^2"", ""x0 x2 x3"", ""x0 x2 x4"", ""x0 x2 x5"", ""x0 x3^2"", ""x0 x3 x4"", ""x0 x3 x5"", ""x0 x4^2"", ""x0 x4 x5"", ""x0 x5^2"", ""x1^3"", ""x1^2 x2"", ""x1^2 x3"", ""x1^2 x4"", ""x1^2 x5"", ""x1 x2^2"", ""x1 x2 x3"", ""x1 x2 x4"", ""x1 x2 x5"", ""x1 x3^2"", ""x1 x3 x4"", ""x1 x3 x5"", ""x1 x4^2"", ""x1 x4 x5"", ""x1 x5^2"", ""x2^3"", ""x2^2 x3"", ""x2^2 x4"", ""x2^2 x5"", ""x2 x3^2"", ""x2 x3 x4"", ""x2 x3 x5"", ""x2 x4^2"", ""x2 x4 x5"", ""x2 x5^2"", ""x3^3"", ""x3^2 x4"", ""x3^2 x5"", ""x3 x4^2"", ""x3 x4 x5"", ""x3 x5^2"", ""x4^3"", ""x4^2 x5"", ""x4 x5^2"", ""x5^3""]","[[-19.847755326271383, 199.6854623450956, -364.2552031852002, 285.1693213412032, -190.62524269385705, 88.82636442869554, -20.931546310936586, -0.253632201409688, 1.5649635939046167, -2.2853214937379462, 2.0793174808003227, -1.1868637655855696, 0.3768438338530403, -2.010570632420466, 5.423637130900954, -4.9729782176977455, 2.9636954857961975, -1.0437835896735157, -3.522320304457519, 6.506476094245734, -4.01495748748335, 1.501221358537765, -2.9614545151959466, 3.6916470521302687, -1.434321236344979, -1.1964855661690843, 0.9525184445103434, -0.17728800094039304, 0.0025705133709723214, -0.023273356118377112, 0.03518981275166544, -0.036079579384724864, 0.02441132588854703, -0.009611427481525719, 0.06223251042722771, -0.16275817991390237, 0.15378540409524477, -0.09768032961599463, 0.038155113753675814, 0.08343951752316012, -0.12517560032251987, 0.06509718306038789, -0.02746418635511927, 0.029122883021722095, -0.009588306638894775, 0.0071924469608285425, -0.00941602452589834, 0.005480936809209437, -0.0011726572593746553, -0.0527819953039973, 0.18773348963856443, -0.1660774786221345, 0.09756109178167179, -0.03705531187187072, -0.17636131901121319, 0.2401647086495626, -0.09998524439050795, 0.04071628064801901, -0.03876272903926767, -0.030878047695217545, 0.007080353622993728, 0.04478916748239831, -0.032674883827697024, 0.007204205766202326, 0.03415802292727888, -0.009664448259659777, -0.04265592196520059, 0.010998591968215891, -0.10045617697230698, 0.2471124599723475, -0.07772427835028768, -0.12732685782535708, 0.08745585579589875, -0.016582996691608103, 0.07046683244242487, -0.19653982137976087, 0.061883622597619474, 0.17068082434879173, -0.11175437943888092, 0.019198843082432072, -0.04610343146898536, 0.044839588756755595, -0.014317050771347626, 0.0013281362422325651], [3.014898858745742, 46.98113426262455, 63.988230374145964, -157.344804838907, 68.51003703541214, -28.25378766107287, 6.500093290582092, 0.062663238023349, -0.35583056520180434, 0.49594106289490825, -0.4410078769366235, 0.25197947493199874, -0.0825739673602414, 0.4380753637758646, -1.1527229271863084, 1.0430878533461345, -0.6284083757539051, 0.2292268311231671, 0.7494143763946671, -1.3852760745472152, 0.871072207416522, -0.33713991704393836, 0.6350800504691594, -0.8105777207116098, 0.32669573706567634, 0.270080395282668, -0.2222102574613033, 0.04236479548321768, -0.0006566198391812602, 0.005665002553558387, -0.00798184065500797, 0.0074871754084885, -0.004567929938156243, 0.0015875121037266528, -0.015021931907886116, 0.03770778019842644, -0.03243512211666303, 0.017980971316567226, -0.005921376891184884, -0.019252101324112394, 0.026062170218892726, -0.01024910399080355, 0.0029082633285826315, -0.004780856826366357, -0.002394769391170419, 0.0015280953744088385, 0.004190054201447608, -0.00362356381520998, 0.0008526016129146785, 0.013038176689706003, -0.04604629956939783, 0.03728396157815834, -0.018599816584018526, 0.0055657875525188675, 0.04565572982039025, -0.058214794808365604, 0.017285354896895224, -0.0029872501726575513, 0.008594530550681578, 0.01343634467092276, -0.007796646189587188, -0.01400329198516159, 0.012519897996126418, -0.002954582363541905, -0.011541570570793658, 0.009766091410066383, 0.009626035381015847, -0.0054818342091695876, 0.017299624694399753, -0.057129127726634595, 0.023601109290813993, 0.03175973619419954, -0.0254242162034262, 0.00539820981313654, -0.014436169177176212, 0.045163490839795296, -0.016892253023395098, -0.0414422308045772, 0.030753712029192835, -0.005982967714249403, 0.011585983880896482, -0.012543963545242377, 0.0045543472378758556, -0.000518575021625133], [-2.0614089009975376, -9.444999092635289, 75.56907933115143, 18.18267115769424, -106.54796795220524, 27.704736410309646, -5.662622162701556, -0.01511883184686878, 0.07570336747215015, -0.0845087020658575, 0.0481785638638836, -0.006759372791855182, 0.0, -0.06299461014676554, 0.09809776568297532, -0.03575619682078332, -0.010314228753742178, -0.005407560280947307, -0.023979933877444903, 0.00047358929067041586, 0.014836288538577849, 0.02016373723598534, 0.01888114230064498, -0.022868214271485707, -0.025835323601867962, -0.003520998119328307, 0.02895529977468041, -0.008183061519349716, 0.0004827804884079506, -0.004378661741758693, 0.00609705277632986, -0.0055701661960777344, 0.0032149323644478202, -0.0010580930127769613, 0.012150951654945211, -0.030755273816361253, 0.02592767818458065, -0.013476244023229616, 0.003956949404991485, 0.016509737503279526, -0.022607711570569, 0.007939546873984326, -0.001214581193779459, 0.004848406275179467, 0.0016899487733144025, -0.00234668266931044, -0.003616914038296442, 0.003978875976677953, -0.0010394437666480718, -0.010930157125619113, 0.03944917810926099, -0.03147820444220804, 0.014632133173531126, -0.003559937948339332, -0.041429458843676305, 0.0536503202252988, -0.014008861055403879, -0.0007353663195297775, -0.00969780851116754, -0.010920786989485856, 0.009878280305463734, 0.012423073690190148, -0.013406913223650093, 0.0034031039719807396, 0.011803181781521161, -0.012501191702873244, -0.008626989443931667, 0.007611886464992927, -0.011964781542819441, 0.05072391167980917, -0.026942974157011922, -0.029199388971000387, 0.027238878182587203, -0.0062424802179244605, 0.011980544263283564, -0.04056206510936898, 0.018436033870001815, 0.038045204218463365, -0.03248868500628688, 0.00691997862474789, -0.010685015838818897, 0.012999715059150473, -0.005196837997258277, 0.0006615089676977689], [1.1555177236501541, 5.597159356265262, -27.441542590218994, 106.0926270920153, -17.704636781365778, -75.86021281150933, 9.520379186175807, 0.03149531208181261, -0.1681355181574934, 0.23146393628515824, -0.20698734100294533, 0.12476308755041977, -0.045348354832751736, 0.19873347102750494, -0.5364127401952639, 0.5054255958395647, -0.33315789160142645, 0.13554345716402114, 0.3751963473499815, -0.736158241479221, 0.509928405947603, -0.21613441428375166, 0.3570657616090775, -0.5041580683172828, 0.22165631669356473, 0.18606404238620863, -0.1633110625914221, 0.032448468738365176, -0.000361195333377217, 0.0031797436880552175, -0.004287856831166287, 0.003580350920445985, -0.001690869588355407, 0.00040589582659676, -0.008813263620714079, 0.021863377704385054, -0.01678268622708292, 0.006673712978621142, -0.0011366318710653537, -0.011526650731429345, 0.013564570757983646, -0.0014544574490304065, -0.0014068290605488256, -0.001286979079806591, -0.006305227555146063, 0.00399231677301937, 0.004767518330915631, -0.004482739035720731, 0.0010246725766005244, 0.008217908108418404, -0.029957475713047493, 0.02225882067568656, -0.007879515299647045, 0.0008458971095163849, 0.033051901947224384, -0.040409190403653615, 0.004576455081440085, 0.004360009384545965, 0.005865620887392019, 0.01546334585072421, -0.011047570326002865, -0.01301161006066539, 0.01282023445190483, -0.00301621042918926, -0.011319008953668625, 0.015478337037922478, 0.006398347650431483, -0.006647288342312466, 0.003152982981142336, -0.037282722816018056, 0.02099215350353135, 0.023443534590552356, -0.02159569929624858, 0.004871702092482185, -0.006671598081249542, 0.02874125697065179, -0.01330763973465891, -0.02887387635752648, 0.024076272821546958, -0.0050200989817554146, 0.008258595379880548, -0.009519670128644292, 0.0035574825478678846, -0.00040084808066310123], [-2.5777012223892735, -6.4180684424202195, 27.899620723090347, -67.88410179603697, 156.69201982733566, -63.629063391016274, -47.03539045200413, -0.04404621931189217, 0.23536643116955416, -0.33283298686017176, 0.30368294321766426, -0.19069112502294328, 0.07320844384292563, -0.27941360515643937, 0.7889991318288034, -0.7683732734685176, 0.533656391284476, -0.22832741343813928, -0.5801683885885395, 1.167643934503864, -0.8465525834005752, 0.3720559210519638, -0.576562116974029, 0.8534785246611022, -0.3865500928556346, -0.32718367062680853, 0.28858733837609574, -0.05595243688995023, 0.0005363446090502929, -0.004701431326364478, 0.006054187545705309, -0.004810764816003611, 0.001987436884022999, -0.0002988371516499202, 0.013082371115677166, -0.03132201003749506, 0.022985543907658373, -0.007535228240862837, 0.00018828469627454937, 0.01588311374529115, -0.017150559334370694, -0.0013193437709852686, 0.004377736138912032, 0.00042939559194248576, 0.012617227880235797, -0.008144829486405429, -0.008568579824709871, 0.00845569214491462, -0.0020072997116940424, -0.012366053364467928, 0.04431581180202934, -0.03220119323031138, 0.009726909402607328, 0.00027054369808361423, -0.04874041154139509, 0.0590160187873337, -0.002584351887967943, -0.010497873210457176, -0.008801061962519887, -0.0258491606740224, 0.02000294391912344, 0.02134569935666483, -0.022360179011570853, 0.005516365399356269, 0.017209188471077046, -0.025254778615966225, -0.010155673398892317, 0.011965601939289444, -0.00010547738313975138, 0.05281113317905923, -0.03402085521235734, -0.03536331732097267, 0.035340069276143235, -0.008520653784913469, 0.007071281146257116, -0.03818479003406413, 0.019994034641616386, 0.04076081886213842, -0.0370350482558859, 0.008372599406480295, -0.011942472633291531, 0.014730922351207133, -0.005886156225883473, 0.0007039867603717798], [16.06990375018654, 20.72337491558738, -87.76524073393071, 188.65281775184334, -283.1771733399095, 363.56020694490115, -199.91952895384108, 0.15992618467489741, -0.8652586827157589, 1.2720975402021704, -1.198871975162701, 0.8011444969883025, -0.3263032016953716, 1.0333884780285678, -3.0865042293448455, 3.160773323949009, -2.368357354262239, 1.0624733680880956, 2.4007607797242723, -5.037740557958584, 3.902900818551027, -1.7676456821467217, 2.5733730715444327, -4.0513489605115245, 1.864232427978817, 1.6073330102137133, -1.3919258024393204, 0.255637260095716, -0.0023934585664957177, 0.024232805101109305, -0.034821888227044316, 0.0317007102829508, -0.01660523445470433, 0.0040433630009175, -0.07618506490450269, 0.21109973842851612, -0.1885269678941945, 0.095978833820208, -0.022785802424197407, -0.13907693618801617, 0.2351851155911574, -0.10602028619241703, 0.018872173441464385, -0.09252173451442594, 0.07055466185878043, -0.0067848331539717985, -0.006065985775857004, -0.008124057448748718, 0.004292770183880833, 0.0796504276566333, -0.33453179606994315, 0.3020479812437052, -0.1561379215454243, 0.03869205872100694, 0.4645384084649279, -0.8206119724712403, 0.39949068561874296, -0.08773618238575279, 0.34888561912568467, -0.31218412207611157, 0.057598938005663826, 0.05182778721024157, 0.0, -0.008361977947467214, -0.22118750286390984, 0.5906816413361025, -0.2809772504302781, 0.05806012530905779, -0.5211780579558117, 0.47260881210140226, -0.08882499611030069, -0.0826475148374689, 0.004686521826124885, 0.011414392677861353, 0.1568427520169524, -0.2128365096391291, 0.04117491893217151, 0.07952460463471726, -0.013173069478301458, -0.007441637998428541, -0.0071206104731476256, -0.0025947728625063827, 0.004086999663929609, -0.00044156642511217014]]",(x0)' = -19.848 1 +  199.685 x0 + -364.255 x1 +  285.169 x2 + -190.625 x3 +  88.826 x4 + -20.932 x5 + -0.254 x0^2 +  1.565 x0 x1 + -2.285 x0 x2 +  2.079 x0 x3 + -1.187 x0 x4 +  0.377 x0 x5 + -2.011 x1^2 +  5.424 x1 x2 + -4.973 x1 x3 +  2.964 x1 x4 + -1.044 x1 x5 + -3.522 x2^2 +  6.506 x2 x3 + -4.015 x2 x4 +  1.501 x2 x5 + -2.961 x3^2 +  3.692 x3 x4 + -1.434 x3 x5 + -1.196 x4^2 +  0.953 x4 x5 + -0.177 x5^2 +  0.003 x0^3 + -0.023 x0^2 x1 +  0.035 x0^2 x2 + -0.036 x0^2 x3 +  0.024 x0^2 x4 + -0.010 x0^2 x5 +  0.062 x0 x1^2 + -0.163 x0 x1 x2 +  0.154 x0 x1 x3 + -0.098 x0 x1 x4 +  0.038 x0 x1 x5 +  0.083 x0 x2^2 + -0.125 x0 x2 x3 +  0.065 x0 x2 x4 + -0.027 x0 x2 x5 +  0.029 x0 x3^2 + -0.010 x0 x3 x4 +  0.007 x0 x3 x5 + -0.009 x0 x4^2 +  0.005 x0 x4 x5 + -0.001 x0 x5^2 + -0.053 x1^3 +  0.188 x1^2 x2 + -0.166 x1^2 x3 +  0.098 x1^2 x4 + -0.037 x1^2 x5 + -0.176 x1 x2^2 +  0.240 x1 x2 x3 + -0.100 x1 x2 x4 +  0.041 x1 x2 x5 + -0.039 x1 x3^2 + -0.031 x1 x3 x4 +  0.007 x1 x3 x5 +  0.045 x1 x4^2 + -0.033 x1 x4 x5 +  0.007 x1 x5^2 +  0.034 x2^3 + -0.010 x2^2 x3 + -0.043 x2^2 x4 +  0.011 x2^2 x5 + -0.100 x2 x3^2 +  0.247 x2 x3 x4 + -0.078 x2 x3 x5 + -0.127 x2 x4^2 +  0.087 x2 x4 x5 + -0.017 x2 x5^2 +  0.070 x3^3 + -0.197 x3^2 x4 +  0.062 x3^2 x5 +  0.171 x3 x4^2 + -0.112 x3 x4 x5 +  0.019 x3 x5^2 + -0.046 x4^3 +  0.045 x4^2 x5 + -0.014 x4 x5^2 +  0.001 x5^3 | (x1)' =  3.015 1 +  46.981 x0 +  63.988 x1 + -157.345 x2 +  68.510 x3 + -28.254 x4 +  6.500 x5 +  0.063 x0^2 + -0.356 x0 x1 +  0.496 x0 x2 + -0.441 x0 x3 +  0.252 x0 x4 + -0.083 x0 x5 +  0.438 x1^2 + -1.153 x1 x2 +  1.043 x1 x3 + -0.628 x1 x4 +  0.229 x1 x5 +  0.749 x2^2 + -1.385 x2 x3 +  0.871 x2 x4 + -0.337 x2 x5 +  0.635 x3^2 + -0.811 x3 x4 +  0.327 x3 x5 +  0.270 x4^2 + -0.222 x4 x5 +  0.042 x5^2 + -0.001 x0^3 +  0.006 x0^2 x1 + -0.008 x0^2 x2 +  0.007 x0^2 x3 + -0.005 x0^2 x4 +  0.002 x0^2 x5 + -0.015 x0 x1^2 +  0.038 x0 x1 x2 + -0.032 x0 x1 x3 +  0.018 x0 x1 x4 + -0.006 x0 x1 x5 + -0.019 x0 x2^2 +  0.026 x0 x2 x3 + -0.010 x0 x2 x4 +  0.003 x0 x2 x5 + -0.005 x0 x3^2 + -0.002 x0 x3 x4 +  0.002 x0 x3 x5 +  0.004 x0 x4^2 + -0.004 x0 x4 x5 +  0.001 x0 x5^2 +  0.013 x1^3 + -0.046 x1^2 x2 +  0.037 x1^2 x3 + -0.019 x1^2 x4 +  0.006 x1^2 x5 +  0.046 x1 x2^2 + -0.058 x1 x2 x3 +  0.017 x1 x2 x4 + -0.003 x1 x2 x5 +  0.009 x1 x3^2 +  0.013 x1 x3 x4 + -0.008 x1 x3 x5 + -0.014 x1 x4^2 +  0.013 x1 x4 x5 + -0.003 x1 x5^2 + -0.012 x2^3 +  0.010 x2^2 x3 +  0.010 x2^2 x4 + -0.005 x2^2 x5 +  0.017 x2 x3^2 + -0.057 x2 x3 x4 +  0.024 x2 x3 x5 +  0.032 x2 x4^2 + -0.025 x2 x4 x5 +  0.005 x2 x5^2 + -0.014 x3^3 +  0.045 x3^2 x4 + -0.017 x3^2 x5 + -0.041 x3 x4^2 +  0.031 x3 x4 x5 + -0.006 x3 x5^2 +  0.012 x4^3 + -0.013 x4^2 x5 +  0.005 x4 x5^2 + -0.001 x5^3 | (x2)' = -2.061 1 + -9.445 x0 +  75.569 x1 +  18.183 x2 + -106.548 x3 +  27.705 x4 + -5.663 x5 + -0.015 x0^2 +  0.076 x0 x1 + -0.085 x0 x2 +  0.048 x0 x3 + -0.007 x0 x4 + -0.063 x1^2 +  0.098 x1 x2 + -0.036 x1 x3 + -0.010 x1 x4 + -0.005 x1 x5 + -0.024 x2^2 +  0.015 x2 x4 +  0.020 x2 x5 +  0.019 x3^2 + -0.023 x3 x4 + -0.026 x3 x5 + -0.004 x4^2 +  0.029 x4 x5 + -0.008 x5^2 + -0.004 x0^2 x1 +  0.006 x0^2 x2 + -0.006 x0^2 x3 +  0.003 x0^2 x4 + -0.001 x0^2 x5 +  0.012 x0 x1^2 + -0.031 x0 x1 x2 +  0.026 x0 x1 x3 + -0.013 x0 x1 x4 +  0.004 x0 x1 x5 +  0.017 x0 x2^2 + -0.023 x0 x2 x3 +  0.008 x0 x2 x4 + -0.001 x0 x2 x5 +  0.005 x0 x3^2 +  0.002 x0 x3 x4 + -0.002 x0 x3 x5 + -0.004 x0 x4^2 +  0.004 x0 x4 x5 + -0.001 x0 x5^2 + -0.011 x1^3 +  0.039 x1^2 x2 + -0.031 x1^2 x3 +  0.015 x1^2 x4 + -0.004 x1^2 x5 + -0.041 x1 x2^2 +  0.054 x1 x2 x3 + -0.014 x1 x2 x4 + -0.001 x1 x2 x5 + -0.010 x1 x3^2 + -0.011 x1 x3 x4 +  0.010 x1 x3 x5 +  0.012 x1 x4^2 + -0.013 x1 x4 x5 +  0.003 x1 x5^2 +  0.012 x2^3 + -0.013 x2^2 x3 + -0.009 x2^2 x4 +  0.008 x2^2 x5 + -0.012 x2 x3^2 +  0.051 x2 x3 x4 + -0.027 x2 x3 x5 + -0.029 x2 x4^2 +  0.027 x2 x4 x5 + -0.006 x2 x5^2 +  0.012 x3^3 + -0.041 x3^2 x4 +  0.018 x3^2 x5 +  0.038 x3 x4^2 + -0.032 x3 x4 x5 +  0.007 x3 x5^2 + -0.011 x4^3 +  0.013 x4^2 x5 + -0.005 x4 x5^2 +  0.001 x5^3 | (x3)' =  1.156 1 +  5.597 x0 + -27.442 x1 +  106.093 x2 + -17.705 x3 + -75.860 x4 +  9.520 x5 +  0.031 x0^2 + -0.168 x0 x1 +  0.231 x0 x2 + -0.207 x0 x3 +  0.125 x0 x4 + -0.045 x0 x5 +  0.199 x1^2 + -0.536 x1 x2 +  0.505 x1 x3 + -0.333 x1 x4 +  0.136 x1 x5 +  0.375 x2^2 + -0.736 x2 x3 +  0.510 x2 x4 + -0.216 x2 x5 +  0.357 x3^2 + -0.504 x3 x4 +  0.222 x3 x5 +  0.186 x4^2 + -0.163 x4 x5 +  0.032 x5^2 +  0.003 x0^2 x1 + -0.004 x0^2 x2 +  0.004 x0^2 x3 + -0.002 x0^2 x4 + -0.009 x0 x1^2 +  0.022 x0 x1 x2 + -0.017 x0 x1 x3 +  0.007 x0 x1 x4 + -0.001 x0 x1 x5 + -0.012 x0 x2^2 +  0.014 x0 x2 x3 + -0.001 x0 x2 x4 + -0.001 x0 x2 x5 + -0.001 x0 x3^2 + -0.006 x0 x3 x4 +  0.004 x0 x3 x5 +  0.005 x0 x4^2 + -0.004 x0 x4 x5 +  0.001 x0 x5^2 +  0.008 x1^3 + -0.030 x1^2 x2 +  0.022 x1^2 x3 + -0.008 x1^2 x4 +  0.001 x1^2 x5 +  0.033 x1 x2^2 + -0.040 x1 x2 x3 +  0.005 x1 x2 x4 +  0.004 x1 x2 x5 +  0.006 x1 x3^2 +  0.015 x1 x3 x4 + -0.011 x1 x3 x5 + -0.013 x1 x4^2 +  0.013 x1 x4 x5 + -0.003 x1 x5^2 + -0.011 x2^3 +  0.015 x2^2 x3 +  0.006 x2^2 x4 + -0.007 x2^2 x5 +  0.003 x2 x3^2 + -0.037 x2 x3 x4 +  0.021 x2 x3 x5 +  0.023 x2 x4^2 + -0.022 x2 x4 x5 +  0.005 x2 x5^2 + -0.007 x3^3 +  0.029 x3^2 x4 + -0.013 x3^2 x5 + -0.029 x3 x4^2 +  0.024 x3 x4 x5 + -0.005 x3 x5^2 +  0.008 x4^3 + -0.010 x4^2 x5 +  0.004 x4 x5^2 | (x4)' = -2.578 1 + -6.418 x0 +  27.900 x1 + -67.884 x2 +  156.692 x3 + -63.629 x4 + -47.035 x5 + -0.044 x0^2 +  0.235 x0 x1 + -0.333 x0 x2 +  0.304 x0 x3 + -0.191 x0 x4 +  0.073 x0 x5 + -0.279 x1^2 +  0.789 x1 x2 + -0.768 x1 x3 +  0.534 x1 x4 + -0.228 x1 x5 + -0.580 x2^2 +  1.168 x2 x3 + -0.847 x2 x4 +  0.372 x2 x5 + -0.577 x3^2 +  0.853 x3 x4 + -0.387 x3 x5 + -0.327 x4^2 +  0.289 x4 x5 + -0.056 x5^2 +  0.001 x0^3 + -0.005 x0^2 x1 +  0.006 x0^2 x2 + -0.005 x0^2 x3 +  0.002 x0^2 x4 +  0.013 x0 x1^2 + -0.031 x0 x1 x2 +  0.023 x0 x1 x3 + -0.008 x0 x1 x4 +  0.016 x0 x2^2 + -0.017 x0 x2 x3 + -0.001 x0 x2 x4 +  0.004 x0 x2 x5 +  0.013 x0 x3 x4 + -0.008 x0 x3 x5 + -0.009 x0 x4^2 +  0.008 x0 x4 x5 + -0.002 x0 x5^2 + -0.012 x1^3 +  0.044 x1^2 x2 + -0.032 x1^2 x3 +  0.010 x1^2 x4 + -0.049 x1 x2^2 +  0.059 x1 x2 x3 + -0.003 x1 x2 x4 + -0.010 x1 x2 x5 + -0.009 x1 x3^2 + -0.026 x1 x3 x4 +  0.020 x1 x3 x5 +  0.021 x1 x4^2 + -0.022 x1 x4 x5 +  0.006 x1 x5^2 +  0.017 x2^3 + -0.025 x2^2 x3 + -0.010 x2^2 x4 +  0.012 x2^2 x5 +  0.053 x2 x3 x4 + -0.034 x2 x3 x5 + -0.035 x2 x4^2 +  0.035 x2 x4 x5 + -0.009 x2 x5^2 +  0.007 x3^3 + -0.038 x3^2 x4 +  0.020 x3^2 x5 +  0.041 x3 x4^2 + -0.037 x3 x4 x5 +  0.008 x3 x5^2 + -0.012 x4^3 +  0.015 x4^2 x5 + -0.006 x4 x5^2 +  0.001 x5^3 | (x5)' =  16.070 1 +  20.723 x0 + -87.765 x1 +  188.653 x2 + -283.177 x3 +  363.560 x4 + -199.920 x5 +  0.160 x0^2 + -0.865 x0 x1 +  1.272 x0 x2 + -1.199 x0 x3 +  0.801 x0 x4 + -0.326 x0 x5 +  1.033 x1^2 + -3.087 x1 x2 +  3.161 x1 x3 + -2.368 x1 x4 +  1.062 x1 x5 +  2.401 x2^2 + -5.038 x2 x3 +  3.903 x2 x4 + -1.768 x2 x5 +  2.573 x3^2 + -4.051 x3 x4 +  1.864 x3 x5 +  1.607 x4^2 + -1.392 x4 x5 +  0.256 x5^2 + -0.002 x0^3 +  0.024 x0^2 x1 + -0.035 x0^2 x2 +  0.032 x0^2 x3 + -0.017 x0^2 x4 +  0.004 x0^2 x5 + -0.076 x0 x1^2 +  0.211 x0 x1 x2 + -0.189 x0 x1 x3 +  0.096 x0 x1 x4 + -0.023 x0 x1 x5 + -0.139 x0 x2^2 +  0.235 x0 x2 x3 + -0.106 x0 x2 x4 +  0.019 x0 x2 x5 + -0.093 x0 x3^2 +  0.071 x0 x3 x4 + -0.007 x0 x3 x5 + -0.006 x0 x4^2 + -0.008 x0 x4 x5 +  0.004 x0 x5^2 +  0.080 x1^3 + -0.335 x1^2 x2 +  0.302 x1^2 x3 + -0.156 x1^2 x4 +  0.039 x1^2 x5 +  0.465 x1 x2^2 + -0.821 x1 x2 x3 +  0.399 x1 x2 x4 + -0.088 x1 x2 x5 +  0.349 x1 x3^2 + -0.312 x1 x3 x4 +  0.058 x1 x3 x5 +  0.052 x1 x4^2 + -0.008 x1 x5^2 + -0.221 x2^3 +  0.591 x2^2 x3 + -0.281 x2^2 x4 +  0.058 x2^2 x5 + -0.521 x2 x3^2 +  0.473 x2 x3 x4 + -0.089 x2 x3 x5 + -0.083 x2 x4^2 +  0.005 x2 x4 x5 +  0.011 x2 x5^2 +  0.157 x3^3 + -0.213 x3^2 x4 +  0.041 x3^2 x5 +  0.080 x3 x4^2 + -0.013 x3 x4 x5 + -0.007 x3 x5^2 + -0.007 x4^3 + -0.003 x4^2 x5 +  0.004 x4 x5^2
24,35.0,100.0,36.85636440989091,3,6,2,8.0,40.0,9,36.0,smoothed_finite_difference_savgol_order_3,success,,504,504,100.0,6.299449346959591,"[""1"", ""x0"", ""x1"", ""x2"", ""x3"", ""x4"", ""x5"", ""x0^2"", ""x0 x1"", ""x0 x2"", ""x0 x3"", ""x0 x4"", ""x0 x5"", ""x1^2"", ""x1 x2"", ""x1 x3"", ""x1 x4"", ""x1 x5"", ""x2^2"", ""x2 x3"", ""x2 x4"", ""x2 x5"", ""x3^2"", ""x3 x4"", ""x3 x5"", ""x4^2"", ""x4 x5"", ""x5^2"", ""x0^3"", ""x0^2 x1"", ""x0^2 x2"", ""x0^2 x3"", ""x0^2 x4"", ""x0^2 x5"", ""x0 x1^2"", ""x0 x1 x2"", ""x0 x1 x3"", ""x0 x1 x4"", ""x0 x1 x5"", ""x0 x2^2"", ""x0 x2 x3"", ""x0 x2 x4"", ""x0 x2 x5"", ""x0 x3^2"", ""x0 x3 x4"", ""x0 x3 x5"", ""x0 x4^2"", ""x0 x4 x5"", ""x0 x5^2"", ""x1^3"", ""x1^2 x2"", ""x1^2 x3"", ""x1^2 x4"", ""x1^2 x5"", ""x1 x2^2"", ""x1 x2 x3"", ""x1 x2 x4"", ""x1 x2 x5"", ""x1 x3^2"", ""x1 x3 x4"", ""x1 x3 x5"", ""x1 x4^2"", ""x1 x4 x5"", ""x1 x5^2"", ""x2^3"", ""x2^2 x3"", ""x2^2 x4"", ""x2^2 x5"", ""x2 x3^2"", ""x2 x3 x4"", ""x2 x3 x5"", ""x2 x4^2"", ""x2 x4 x5"", ""x2 x5^2"", ""x3^3"", ""x3^2 x4"", ""x3^2 x5"", ""x3 x4^2"", ""x3 x4 x5"", ""x3 x5^2"", ""x4^3"", ""x4^2 x5"", ""x4 x5^2"", ""x5^3""]","[[-10.454990742888947, 216.7804106936337, -410.8963199308628, 344.74243170771393, -235.0539242022651, 107.1836410436867, -24.144934822744844, -0.34907944843635125, 2.3692608404372173, -3.7983009817195565, 3.6677018477337096, -2.1816761927922244, 0.6731711300376987, -3.6194989378277826, 11.113464243259838, -10.732418416672452, 6.531881617782454, -2.117558718536879, -8.369758637300448, 16.159269815405107, -9.989477693309006, 3.334833323144577, -7.780683862129289, 9.74860558909458, -3.330488694095951, -3.1347786220069116, 2.1703864759405125, -0.36484128984762393, 0.0026646932405592584, -0.021444388444688826, 0.03619210504238042, -0.04735392420793711, 0.042911198884448554, -0.01924320016284169, 0.048416875187352555, -0.13144963066747878, 0.18034417640533143, -0.18897815117645808, 0.09332217934733163, 0.05437870700759361, -0.1386149334927153, 0.18733404768926418, -0.10982942908171361, 0.06230949454831333, -0.15746699991284288, 0.09779686434212975, 0.06836017733771903, -0.07023086669481868, 0.014522858453712354, -0.029392619967314865, 0.07598044132522608, -0.1333785693795726, 0.1970746657006011, -0.11309835479071831, 0.042816157254704924, -0.006578466126607398, -0.3111051044705728, 0.2543035916530771, 0.01798415885918502, 0.23526498992045786, -0.22274210421770424, -0.13519686309184023, 0.16760855177028156, -0.036431819583207306, -0.12101053740895522, 0.33850333357325485, 0.021175741528229736, -0.1299754484246877, -0.36616821882155254, 0.05490177703141861, 0.22313363146779458, 0.08264213254167657, -0.187355796535039, 0.046403427429349844, 0.1383543172629477, -0.07423828111579128, -0.09755965117294561, -0.05115661899205031, 0.173430917830633, -0.04617411622155763, 0.029225284134319136, -0.07130512216453133, 0.03548766717667692, -0.005280399879336065], [1.4552556208872571, 44.68352871144536, 69.95388693064278, -164.1943748488456, 72.56103380263016, -29.03057139454859, 6.276958521190051, 0.0775892650599598, -0.5304542587279226, 0.8642459165462646, -0.8449099402487079, 0.5115860103029722, -0.15702420287492255, 0.8368603996103785, -2.64146613597498, 2.5782270050044866, -1.5823236893311072, 0.5027035271660534, 2.056610363729553, -4.0069506076480135, 2.477790262778362, -0.8009210717892138, 1.9448346171321298, -2.420811124332854, 0.7925785989085963, 0.7635005249365964, -0.501131846648249, 0.07958698492428712, -0.004356382697464333, 0.03169246403160689, -0.03636398587404978, 0.02928049588621294, -0.017958303823113243, 0.006095024251516406, -0.07291537033398421, 0.15100161157383446, -0.11638504627280148, 0.0780149150748913, -0.030202068148235575, -0.0639592243447994, 0.09278434918513086, -0.08164807211965676, 0.040453387863131435, -0.03758030267590923, 0.08177218491283836, -0.044373548410688336, -0.03887537333485401, 0.03704826416810973, -0.007698458725822377, 0.050854677741873834, -0.12441719248478418, 0.08207015099657622, -0.07079303038261996, 0.03603084677514881, 0.03132286649776211, 0.02012725014542623, 0.09421056818686675, -0.09183187968602832, -0.02869367571418268, -0.10168361315946862, 0.10582974539383923, 0.08070667557628278, -0.09882986997081378, 0.02251431026429809, 0.06294162242011526, -0.22296206538762997, 0.02465997301264971, 0.055388267340259034, 0.23083286678051482, -0.024564318748602293, -0.13368837822079951, -0.07848095878102013, 0.1374088213443604, -0.033960026282491174, -0.07417082535210703, -0.002289143747818641, 0.07673860127162029, 0.08744309726193232, -0.1460402771667263, 0.03524206634385701, -0.03426361446967698, 0.05833023180062926, -0.0249720291763656, 0.003145766511019971], [-1.7121462585326892, -8.098344180324185, 72.367663631596, 21.464040692631393, -108.10761982847616, 27.688439958600906, -5.4022315608686355, -0.01891517708555385, 0.08908975383068687, -0.10587483662409365, 0.09304810527935264, -0.06660339983883039, 0.0331678759544068, -0.06675652600175605, 0.08045694229651519, -0.059054057272943696, 0.08933946052264356, -0.0797638271296322, 0.039087283618629655, -0.09854030063357874, -0.04338756208845314, 0.10506021542570317, 0.06327941518592035, 0.030929829574615042, -0.10337975472305744, -0.046176851147580765, 0.08473113393725347, -0.01965238048408569, -0.005514972393168254, 0.039047788683940474, -0.051230132358497424, 0.05097490712760008, -0.037832985587621874, 0.013941437990987002, -0.08354477669258693, 0.19758970933056239, -0.19933761641025763, 0.16867480550648437, -0.06897140560265053, -0.10178611880942037, 0.2085717115521757, -0.20511296194510995, 0.09255531622694209, -0.1069551380451551, 0.20672688557578014, -0.09271001819692627, -0.08530879694097902, 0.06937029041894448, -0.013109872708079283, 0.04628766568315136, -0.10673837033374803, 0.1094940452458257, -0.1467077983904016, 0.07607298275047258, -0.022716605903133662, 0.03906168541215658, 0.2376690484577911, -0.1792322386634592, -0.018466258130759104, -0.23238386869278294, 0.1767111696045079, 0.1452359131047162, -0.15060761168973202, 0.032010949740847276, 0.12155814312675939, -0.36387136996185515, 0.007859069116905402, 0.0888506035258225, 0.3671095299611538, -0.02959067299891152, -0.17289424375828605, -0.11306612564465263, 0.17588655439533643, -0.042370774826804306, -0.12476879660176708, 0.02413401818662109, 0.08356873725911347, 0.1037358985789041, -0.16974926798409004, 0.04119018198849366, -0.043492650069953946, 0.07030311979228994, -0.029876716918839148, 0.0037615964039487216], [0.419951249317102, 4.880642748805144, -26.180772736870768, 105.96026743038067, -19.527993457098013, -73.45884990948826, 8.430354180142947, 0.03859212583813451, -0.20649488543360725, 0.25598694854409154, -0.1993786560808291, 0.11156491780421166, -0.040381411468934356, 0.24680022971743315, -0.5589577155669553, 0.4238876338831488, -0.2613635008254804, 0.11188988304447575, 0.28756686633374917, -0.41724192409167876, 0.2995472703970439, -0.15715843876269572, 0.15068461661655677, -0.26760999155986737, 0.16189239253497006, 0.12489145324463624, -0.1339008631245735, 0.02915563865665253, 0.0017168652165749085, -0.01293697090851694, 0.01592638530307838, -0.012623140915323065, 0.007832638475320888, -0.003203190943187832, 0.030556509996235385, -0.07064419492485007, 0.05415048755047175, -0.03693390101976828, 0.01729282254990339, 0.03999220473983424, -0.06654764461083695, 0.055771134765773354, -0.0289463885477002, 0.033232517191083104, -0.06297957747121355, 0.03260852771954841, 0.027653372907412332, -0.025688212031079728, 0.005338237741261397, -0.02001268341019189, 0.05152569441824823, -0.028067007486293892, 0.027129899038716314, -0.019468312441626258, -0.01777836047740732, -0.012340371298233283, -0.04897050071504116, 0.05858735574600364, 0.013291458505617356, 0.06205759840894314, -0.0680875555362222, -0.04865059140014258, 0.06247982332106221, -0.014849013285160827, -0.026947980935912344, 0.1111761957995414, -0.00945853678686091, -0.03763056401754146, -0.12685672807928788, 0.015742686018070835, 0.08272448720716158, 0.043861522978156924, -0.08298962323327393, 0.02143019740298152, 0.046937114948123894, -0.013435535878605239, -0.04051327343232593, -0.03635166699775518, 0.07521166991097437, -0.018972319824908337, 0.01473500417341432, -0.027054025933804616, 0.011151143091785162, -0.001182316638354396], [-0.8685840352669766, -6.420821683665429, 29.386547109488912, -73.29146080912118, 165.33531062171008, -71.096809697298, -44.14051590989584, -0.08526037925251317, 0.5692605017012751, -0.9212293631268671, 0.887911226496792, -0.5189976980165053, 0.15445767212896938, -0.9106798202046062, 2.9294515848094194, -2.8687871967224483, 1.727497151459363, -0.5345865717534857, -2.364097304153973, 4.6782278520000995, -2.870679942423832, 0.9021369755298594, -2.336726133521279, 2.922650023740875, -0.928961456386585, -0.933846738105319, 0.5907765109369625, -0.08850568838531322, 0.00269672919241287, -0.019801527565297336, 0.027084016426401587, -0.027896328169049692, 0.021895314519753666, -0.009137019821339559, 0.0442011430408098, -0.10633413020020945, 0.10886671568022324, -0.0973808477824243, 0.04525207908612005, 0.05037534565827292, -0.09833160429838231, 0.10723221027326811, -0.05654425489636253, 0.045753617542062065, -0.09959354569993249, 0.05272951500017455, 0.04205652708502043, -0.03774718951029364, 0.007165861511478876, -0.027771113415257908, 0.07110369376534878, -0.07165519449487151, 0.09396330563886923, -0.05411022874871818, 0.0010551248611518056, -0.014808264067619698, -0.1490973926990417, 0.12645179667160766, 0.01904734840168004, 0.1257402066836078, -0.11612869914857338, -0.07854860407824114, 0.09089378062815465, -0.019078517273086845, -0.06579515160272321, 0.21035648538749194, 0.001181444337747918, -0.06737807588114579, -0.22522560356527133, 0.023829328662750456, 0.12508421300200004, 0.061879454801809085, -0.11235370613113106, 0.026487068629929205, 0.07878588642066753, -0.01999571589761913, -0.06049699740759169, -0.057152399383704755, 0.1107846309484128, -0.02655916252418449, 0.024441408142607538, -0.043962346887934114, 0.018889714675979323, -0.0023859548280886923], [9.892461209205429, 24.095176763925686, -106.44399995833255, 233.50136986938517, -343.3836369319738, 410.69061102017054, -217.13309263409795, 0.3428779396782488, -2.075892142445671, 3.168289973724108, -3.030654481115291, 1.878166223152199, -0.624465971207054, 2.9825995261927676, -9.073198040548345, 8.930600896672454, -5.804504194246186, 2.0282093324355746, 6.973146040121151, -13.936267158351265, 9.275348902086481, -3.289098807696742, 6.994102884258363, -9.426275240462608, 3.343843327624023, 3.1816406639013137, -2.1729035643464556, 0.3345107257857462, 0.003386689946468957, -0.021253384292446713, 0.030744598014039358, -0.03577683102451536, 0.029767498693791136, -0.0117137873818465, 0.03657442306717607, -0.10466374222478338, 0.13697869403386753, -0.13189412290885194, 0.05623928545798188, 0.07863974653832957, -0.21120035701834802, 0.20495326563272864, -0.08818549118755954, 0.1314741416159838, -0.23182668489512342, 0.09467412794556643, 0.09180055038465487, -0.0719895929295624, 0.014617542384577478, -0.0032682455529597343, -0.013859555946644184, -0.027430731804286262, 0.08495355816954991, -0.048318154192609174, 0.08124321068541802, -0.04908996914280545, -0.17422483590053092, 0.12055713634818256, -0.023817637058494132, 0.2178823633042256, -0.12718733876287133, -0.1232373070266531, 0.11559335296625468, -0.027129316674415357, -0.09348819130918229, 0.2277389027106318, 0.004515968429002968, -0.0483892702663889, -0.20573409594586936, 0.0021184265182566087, 0.0771585785362686, 0.07134194934323981, -0.09300918510326603, 0.02612560662152344, 0.07796430664296518, -0.048444320977518544, -0.011932603022828848, -0.01523811440541068, 0.036464901422949364, -0.012450947638554276, 0.006413369565264066, -0.007859646070343007, 0.0024612071727001077, 0.00014785039602308473]]",(x0)' = -10.455 1 +  216.780 x0 + -410.896 x1 +  344.742 x2 + -235.054 x3 +  107.184 x4 + -24.145 x5 + -0.349 x0^2 +  2.369 x0 x1 + -3.798 x0 x2 +  3.668 x0 x3 + -2.182 x0 x4 +  0.673 x0 x5 + -3.619 x1^2 +  11.113 x1 x2 + -10.732 x1 x3 +  6.532 x1 x4 + -2.118 x1 x5 + -8.370 x2^2 +  16.159 x2 x3 + -9.989 x2 x4 +  3.335 x2 x5 + -7.781 x3^2 +  9.749 x3 x4 + -3.330 x3 x5 + -3.135 x4^2 +  2.170 x4 x5 + -0.365 x5^2 +  0.003 x0^3 + -0.021 x0^2 x1 +  0.036 x0^2 x2 + -0.047 x0^2 x3 +  0.043 x0^2 x4 + -0.019 x0^2 x5 +  0.048 x0 x1^2 + -0.131 x0 x1 x2 +  0.180 x0 x1 x3 + -0.189 x0 x1 x4 +  0.093 x0 x1 x5 +  0.054 x0 x2^2 + -0.139 x0 x2 x3 +  0.187 x0 x2 x4 + -0.110 x0 x2 x5 +  0.062 x0 x3^2 + -0.157 x0 x3 x4 +  0.098 x0 x3 x5 +  0.068 x0 x4^2 + -0.070 x0 x4 x5 +  0.015 x0 x5^2 + -0.029 x1^3 +  0.076 x1^2 x2 + -0.133 x1^2 x3 +  0.197 x1^2 x4 + -0.113 x1^2 x5 +  0.043 x1 x2^2 + -0.007 x1 x2 x3 + -0.311 x1 x2 x4 +  0.254 x1 x2 x5 +  0.018 x1 x3^2 +  0.235 x1 x3 x4 + -0.223 x1 x3 x5 + -0.135 x1 x4^2 +  0.168 x1 x4 x5 + -0.036 x1 x5^2 + -0.121 x2^3 +  0.339 x2^2 x3 +  0.021 x2^2 x4 + -0.130 x2^2 x5 + -0.366 x2 x3^2 +  0.055 x2 x3 x4 +  0.223 x2 x3 x5 +  0.083 x2 x4^2 + -0.187 x2 x4 x5 +  0.046 x2 x5^2 +  0.138 x3^3 + -0.074 x3^2 x4 + -0.098 x3^2 x5 + -0.051 x3 x4^2 +  0.173 x3 x4 x5 + -0.046 x3 x5^2 +  0.029 x4^3 + -0.071 x4^2 x5 +  0.035 x4 x5^2 + -0.005 x5^3 | (x1)' =  1.455 1 +  44.684 x0 +  69.954 x1 + -164.194 x2 +  72.561 x3 + -29.031 x4 +  6.277 x5 +  0.078 x0^2 + -0.530 x0 x1 +  0.864 x0 x2 + -0.845 x0 x3 +  0.512 x0 x4 + -0.157 x0 x5 +  0.837 x1^2 + -2.641 x1 x2 +  2.578 x1 x3 + -1.582 x1 x4 +  0.503 x1 x5 +  2.057 x2^2 + -4.007 x2 x3 +  2.478 x2 x4 + -0.801 x2 x5 +  1.945 x3^2 + -2.421 x3 x4 +  0.793 x3 x5 +  0.764 x4^2 + -0.501 x4 x5 +  0.080 x5^2 + -0.004 x0^3 +  0.032 x0^2 x1 + -0.036 x0^2 x2 +  0.029 x0^2 x3 + -0.018 x0^2 x4 +  0.006 x0^2 x5 + -0.073 x0 x1^2 +  0.151 x0 x1 x2 + -0.116 x0 x1 x3 +  0.078 x0 x1 x4 + -0.030 x0 x1 x5 + -0.064 x0 x2^2 +  0.093 x0 x2 x3 + -0.082 x0 x2 x4 +  0.040 x0 x2 x5 + -0.038 x0 x3^2 +  0.082 x0 x3 x4 + -0.044 x0 x3 x5 + -0.039 x0 x4^2 +  0.037 x0 x4 x5 + -0.008 x0 x5^2 +  0.051 x1^3 + -0.124 x1^2 x2 +  0.082 x1^2 x3 + -0.071 x1^2 x4 +  0.036 x1^2 x5 +  0.031 x1 x2^2 +  0.020 x1 x2 x3 +  0.094 x1 x2 x4 + -0.092 x1 x2 x5 + -0.029 x1 x3^2 + -0.102 x1 x3 x4 +  0.106 x1 x3 x5 +  0.081 x1 x4^2 + -0.099 x1 x4 x5 +  0.023 x1 x5^2 +  0.063 x2^3 + -0.223 x2^2 x3 +  0.025 x2^2 x4 +  0.055 x2^2 x5 +  0.231 x2 x3^2 + -0.025 x2 x3 x4 + -0.134 x2 x3 x5 + -0.078 x2 x4^2 +  0.137 x2 x4 x5 + -0.034 x2 x5^2 + -0.074 x3^3 + -0.002 x3^2 x4 +  0.077 x3^2 x5 +  0.087 x3 x4^2 + -0.146 x3 x4 x5 +  0.035 x3 x5^2 + -0.034 x4^3 +  0.058 x4^2 x5 + -0.025 x4 x5^2 +  0.003 x5^3 | (x2)' = -1.712 1 + -8.098 x0 +  72.368 x1 +  21.464 x2 + -108.108 x3 +  27.688 x4 + -5.402 x5 + -0.019 x0^2 +  0.089 x0 x1 + -0.106 x0 x2 +  0.093 x0 x3 + -0.067 x0 x4 +  0.033 x0 x5 + -0.067 x1^2 +  0.080 x1 x2 + -0.059 x1 x3 +  0.089 x1 x4 + -0.080 x1 x5 +  0.039 x2^2 + -0.099 x2 x3 + -0.043 x2 x4 +  0.105 x2 x5 +  0.063 x3^2 +  0.031 x3 x4 + -0.103 x3 x5 + -0.046 x4^2 +  0.085 x4 x5 + -0.020 x5^2 + -0.006 x0^3 +  0.039 x0^2 x1 + -0.051 x0^2 x2 +  0.051 x0^2 x3 + -0.038 x0^2 x4 +  0.014 x0^2 x5 + -0.084 x0 x1^2 +  0.198 x0 x1 x2 + -0.199 x0 x1 x3 +  0.169 x0 x1 x4 + -0.069 x0 x1 x5 + -0.102 x0 x2^2 +  0.209 x0 x2 x3 + -0.205 x0 x2 x4 +  0.093 x0 x2 x5 + -0.107 x0 x3^2 +  0.207 x0 x3 x4 + -0.093 x0 x3 x5 + -0.085 x0 x4^2 +  0.069 x0 x4 x5 + -0.013 x0 x5^2 +  0.046 x1^3 + -0.107 x1^2 x2 +  0.109 x1^2 x3 + -0.147 x1^2 x4 +  0.076 x1^2 x5 + -0.023 x1 x2^2 +  0.039 x1 x2 x3 +  0.238 x1 x2 x4 + -0.179 x1 x2 x5 + -0.018 x1 x3^2 + -0.232 x1 x3 x4 +  0.177 x1 x3 x5 +  0.145 x1 x4^2 + -0.151 x1 x4 x5 +  0.032 x1 x5^2 +  0.122 x2^3 + -0.364 x2^2 x3 +  0.008 x2^2 x4 +  0.089 x2^2 x5 +  0.367 x2 x3^2 + -0.030 x2 x3 x4 + -0.173 x2 x3 x5 + -0.113 x2 x4^2 +  0.176 x2 x4 x5 + -0.042 x2 x5^2 + -0.125 x3^3 +  0.024 x3^2 x4 +  0.084 x3^2 x5 +  0.104 x3 x4^2 + -0.170 x3 x4 x5 +  0.041 x3 x5^2 + -0.043 x4^3 +  0.070 x4^2 x5 + -0.030 x4 x5^2 +  0.004 x5^3 | (x3)' =  0.420 1 +  4.881 x0 + -26.181 x1 +  105.960 x2 + -19.528 x3 + -73.459 x4 +  8.430 x5 +  0.039 x0^2 + -0.206 x0 x1 +  0.256 x0 x2 + -0.199 x0 x3 +  0.112 x0 x4 + -0.040 x0 x5 +  0.247 x1^2 + -0.559 x1 x2 +  0.424 x1 x3 + -0.261 x1 x4 +  0.112 x1 x5 +  0.288 x2^2 + -0.417 x2 x3 +  0.300 x2 x4 + -0.157 x2 x5 +  0.151 x3^2 + -0.268 x3 x4 +  0.162 x3 x5 +  0.125 x4^2 + -0.134 x4 x5 +  0.029 x5^2 +  0.002 x0^3 + -0.013 x0^2 x1 +  0.016 x0^2 x2 + -0.013 x0^2 x3 +  0.008 x0^2 x4 + -0.003 x0^2 x5 +  0.031 x0 x1^2 + -0.071 x0 x1 x2 +  0.054 x0 x1 x3 + -0.037 x0 x1 x4 +  0.017 x0 x1 x5 +  0.040 x0 x2^2 + -0.067 x0 x2 x3 +  0.056 x0 x2 x4 + -0.029 x0 x2 x5 +  0.033 x0 x3^2 + -0.063 x0 x3 x4 +  0.033 x0 x3 x5 +  0.028 x0 x4^2 + -0.026 x0 x4 x5 +  0.005 x0 x5^2 + -0.020 x1^3 +  0.052 x1^2 x2 + -0.028 x1^2 x3 +  0.027 x1^2 x4 + -0.019 x1^2 x5 + -0.018 x1 x2^2 + -0.012 x1 x2 x3 + -0.049 x1 x2 x4 +  0.059 x1 x2 x5 +  0.013 x1 x3^2 +  0.062 x1 x3 x4 + -0.068 x1 x3 x5 + -0.049 x1 x4^2 +  0.062 x1 x4 x5 + -0.015 x1 x5^2 + -0.027 x2^3 +  0.111 x2^2 x3 + -0.009 x2^2 x4 + -0.038 x2^2 x5 + -0.127 x2 x3^2 +  0.016 x2 x3 x4 +  0.083 x2 x3 x5 +  0.044 x2 x4^2 + -0.083 x2 x4 x5 +  0.021 x2 x5^2 +  0.047 x3^3 + -0.013 x3^2 x4 + -0.041 x3^2 x5 + -0.036 x3 x4^2 +  0.075 x3 x4 x5 + -0.019 x3 x5^2 +  0.015 x4^3 + -0.027 x4^2 x5 +  0.011 x4 x5^2 + -0.001 x5^3 | (x4)' = -0.869 1 + -6.421 x0 +  29.387 x1 + -73.291 x2 +  165.335 x3 + -71.097 x4 + -44.141 x5 + -0.085 x0^2 +  0.569 x0 x1 + -0.921 x0 x2 +  0.888 x0 x3 + -0.519 x0 x4 +  0.154 x0 x5 + -0.911 x1^2 +  2.929 x1 x2 + -2.869 x1 x3 +  1.727 x1 x4 + -0.535 x1 x5 + -2.364 x2^2 +  4.678 x2 x3 + -2.871 x2 x4 +  0.902 x2 x5 + -2.337 x3^2 +  2.923 x3 x4 + -0.929 x3 x5 + -0.934 x4^2 +  0.591 x4 x5 + -0.089 x5^2 +  0.003 x0^3 + -0.020 x0^2 x1 +  0.027 x0^2 x2 + -0.028 x0^2 x3 +  0.022 x0^2 x4 + -0.009 x0^2 x5 +  0.044 x0 x1^2 + -0.106 x0 x1 x2 +  0.109 x0 x1 x3 + -0.097 x0 x1 x4 +  0.045 x0 x1 x5 +  0.050 x0 x2^2 + -0.098 x0 x2 x3 +  0.107 x0 x2 x4 + -0.057 x0 x2 x5 +  0.046 x0 x3^2 + -0.100 x0 x3 x4 +  0.053 x0 x3 x5 +  0.042 x0 x4^2 + -0.038 x0 x4 x5 +  0.007 x0 x5^2 + -0.028 x1^3 +  0.071 x1^2 x2 + -0.072 x1^2 x3 +  0.094 x1^2 x4 + -0.054 x1^2 x5 +  0.001 x1 x2^2 + -0.015 x1 x2 x3 + -0.149 x1 x2 x4 +  0.126 x1 x2 x5 +  0.019 x1 x3^2 +  0.126 x1 x3 x4 + -0.116 x1 x3 x5 + -0.079 x1 x4^2 +  0.091 x1 x4 x5 + -0.019 x1 x5^2 + -0.066 x2^3 +  0.210 x2^2 x3 +  0.001 x2^2 x4 + -0.067 x2^2 x5 + -0.225 x2 x3^2 +  0.024 x2 x3 x4 +  0.125 x2 x3 x5 +  0.062 x2 x4^2 + -0.112 x2 x4 x5 +  0.026 x2 x5^2 +  0.079 x3^3 + -0.020 x3^2 x4 + -0.060 x3^2 x5 + -0.057 x3 x4^2 +  0.111 x3 x4 x5 + -0.027 x3 x5^2 +  0.024 x4^3 + -0.044 x4^2 x5 +  0.019 x4 x5^2 + -0.002 x5^3 | (x5)' =  9.892 1 +  24.095 x0 + -106.444 x1 +  233.501 x2 + -343.384 x3 +  410.691 x4 + -217.133 x5 +  0.343 x0^2 + -2.076 x0 x1 +  3.168 x0 x2 + -3.031 x0 x3 +  1.878 x0 x4 + -0.624 x0 x5 +  2.983 x1^2 + -9.073 x1 x2 +  8.931 x1 x3 + -5.805 x1 x4 +  2.028 x1 x5 +  6.973 x2^2 + -13.936 x2 x3 +  9.275 x2 x4 + -3.289 x2 x5 +  6.994 x3^2 + -9.426 x3 x4 +  3.344 x3 x5 +  3.182 x4^2 + -2.173 x4 x5 +  0.335 x5^2 +  0.003 x0^3 + -0.021 x0^2 x1 +  0.031 x0^2 x2 + -0.036 x0^2 x3 +  0.030 x0^2 x4 + -0.012 x0^2 x5 +  0.037 x0 x1^2 + -0.105 x0 x1 x2 +  0.137 x0 x1 x3 + -0.132 x0 x1 x4 +  0.056 x0 x1 x5 +  0.079 x0 x2^2 + -0.211 x0 x2 x3 +  0.205 x0 x2 x4 + -0.088 x0 x2 x5 +  0.131 x0 x3^2 + -0.232 x0 x3 x4 +  0.095 x0 x3 x5 +  0.092 x0 x4^2 + -0.072 x0 x4 x5 +  0.015 x0 x5^2 + -0.003 x1^3 + -0.014 x1^2 x2 + -0.027 x1^2 x3 +  0.085 x1^2 x4 + -0.048 x1^2 x5 +  0.081 x1 x2^2 + -0.049 x1 x2 x3 + -0.174 x1 x2 x4 +  0.121 x1 x2 x5 + -0.024 x1 x3^2 +  0.218 x1 x3 x4 + -0.127 x1 x3 x5 + -0.123 x1 x4^2 +  0.116 x1 x4 x5 + -0.027 x1 x5^2 + -0.093 x2^3 +  0.228 x2^2 x3 +  0.005 x2^2 x4 + -0.048 x2^2 x5 + -0.206 x2 x3^2 +  0.002 x2 x3 x4 +  0.077 x2 x3 x5 +  0.071 x2 x4^2 + -0.093 x2 x4 x5 +  0.026 x2 x5^2 +  0.078 x3^3 + -0.048 x3^2 x4 + -0.012 x3^2 x5 + -0.015 x3 x4^2 +  0.036 x3 x4 x5 + -0.012 x3 x5^2 +  0.006 x4^3 + -0.008 x4^2 x5 +  0.002 x4 x5^2
25,35.0,100.0,36.85636440989091,3,6,5,20.0,100.0,0,0.0,finite_difference,success,,501,504,99.4047619047619,6.895572904497385,"[""1"", ""x0"", ""x1"", ""x2"", ""x3"", ""x4"", ""x5"", ""x0^2"", ""x0 x1"", ""x0 x2"", ""x0 x3"", ""x0 x4"", ""x0 x5"", ""x1^2"", ""x1 x2"", ""x1 x3"", ""x1 x4"", ""x1 x5"", ""x2^2"", ""x2 x3"", ""x2 x4"", ""x2 x5"", ""x3^2"", ""x3 x4"", ""x3 x5"", ""x4^2"", ""x4 x5"", ""x5^2"", ""x0^3"", ""x0^2 x1"", ""x0^2 x2"", ""x0^2 x3"", ""x0^2 x4"", ""x0^2 x5"", ""x0 x1^2"", ""x0 x1 x2"", ""x0 x1 x3"", ""x0 x1 x4"", ""x0 x1 x5"", ""x0 x2^2"", ""x0 x2 x3"", ""x0 x2 x4"", ""x0 x2 x5"", ""x0 x3^2"", ""x0 x3 x4"", ""x0 x3 x5"", ""x0 x4^2"", ""x0 x4 x5"", ""x0 x5^2"", ""x1^3"", ""x1^2 x2"", ""x1^2 x3"", ""x1^2 x4"", ""x1^2 x5"", ""x1 x2^2"", ""x1 x2 x3"", ""x1 x2 x4"", ""x1 x2 x5"", ""x1 x3^2"", ""x1 x3 x4"", ""x1 x3 x5"", ""x1 x4^2"", ""x1 x4 x5"", ""x1 x5^2"", ""x2^3"", ""x2^2 x3"", ""x2^2 x4"", ""x2^2 x5"", ""x2 x3^2"", ""x2 x3 x4"", ""x2 x3 x5"", ""x2 x4^2"", ""x2 x4 x5"", ""x2 x5^2"", ""x3^3"", ""x3^2 x4"", ""x3^2 x5"", ""x3 x4^2"", ""x3 x4 x5"", ""x3 x5^2"", ""x4^3"", ""x4^2 x5"", ""x4 x5^2"", ""x5^3""]","[[-29.377784968206104, 18.956435065752704, -47.604092326793065, 16.14385122508327, 1.9846876096107486, 5.815053240210576, -1.7561498870562737, 0.005104673944451287, 0.13708115445254637, -0.04756907563727274, -0.03520342095091909, -0.040835151161558364, 0.019916510277969188, -0.028384826822399404, -0.09629746767829948, 0.008609976031259693, 0.010520786300661625, 0.009902132844067432, 0.05894302031897205, 0.012756625125295276, 0.024513840204656093, -0.03787242565567423, -0.012851655480270924, 0.00796689081765301, 0.012969869381949868, 0.0025257900261872854, -0.01538069719583731, -0.002345572763297829, -0.0002453758323348118, 0.0010568679091794099, 0.00017669515921661918, -0.0004868960653363616, -0.00019438708775854598, -0.00047535455880486126, -0.001161744284200716, 0.0017939183179692308, -0.0006505411772574303, 0.0007122964695585604, -0.0004886381688819227, -0.0009502642570669655, 0.0017838055847638106, -0.00229897252760927, 0.0005538995398244139, -5.925779285063817e-06, 0.0013010933579935798, -0.0009589806071097247, 0.0004080528346665891, 0.0008725174446799, 0.0004974674364742141, 0.00022546930782416878, -0.0001068579891351924, 0.0002157999522325144, -7.223884416874056e-05, 0.00023687522516460723, -0.00013494387948033337, -0.0012095606185102685, 0.0010028195048765926, -0.00038045599383579044, 0.0003969611435124663, -0.0004845733758594233, 0.0011755837261023612, -0.0005684023411221041, -0.00014143589428063723, -0.0006046837005067774, -0.00015901572775113787, 0.0003372062807509352, -9.863697424373507e-05, 0.0003530358064871089, -0.00041716891800723624, 0.0, 0.0003867762594511837, 0.0003896666511280075, -0.00041225335498102836, 8.25103764410877e-05, -0.0001505411323908832, -0.00016287041127514143, -2.4993489806164828e-05, -0.0001984682866304717, 0.0003263495111938195, -0.00028679270781365536, 1.8221549176247304e-05, 8.007715752465024e-06, -0.0003754345498730042, 6.996560787236433e-05], [-12.936095684165116, 35.41558315302315, 2.333930410919397, -43.08896218383404, 10.660771335708262, -4.775163719059953, 1.3027546037525939, 0.08055359093833823, -0.18186104273689166, -0.011811919924428121, 0.02273682630329255, 0.020372144363368594, -0.0004461724957972632, -0.012664759151912, 0.2187834326833571, -0.02428402477131236, 0.0023052511463024132, -0.02815605131755176, -0.07837764899938197, -0.0599474440895807, 0.002438459998234385, 0.026223191383434014, 0.040198972514513966, -0.003003772427861773, -0.004909291998595638, -0.014472756092917354, 0.006680224401719236, 0.0023801443255734227, 2.476598031109054e-05, -0.00015021757055326342, -0.00043682002312439767, 0.0004688843870630924, -0.0001082614244022457, 0.00022888308473323037, 0.0008545203578206617, -0.0009387161010236692, -7.201949878144375e-05, -0.00046297823208238105, 0.00029408591177448, 0.001095207298871276, -0.0015217792902972682, 0.0011975122471249227, -0.00044237037002443967, 0.00025519774483637354, -0.00047770883911490053, 0.0004975511330239538, -0.00017974432439100185, -0.00023651147890953625, -0.00030520219750743583, -0.00019990755297203528, -0.0001275712105448108, 0.0002053583874297976, -0.0002674320240441172, -0.00011376568009263438, -0.0006428895960276355, 0.001700339865094719, -0.00030647879369390596, 0.0005789147449263932, -0.0009076372046715025, 0.0008216805156952554, -0.001030511615897885, 0.00016194015052649162, 0.00012983993414946528, 0.0003745051819764632, 0.0003648653006484534, -0.0006055339590459251, -0.00016420864149554882, -0.00016785019451063334, 0.0006429192612175856, -0.00027771899941599114, -0.00022100940550800295, 2.8230062100364804e-05, 0.00021792618975361266, -0.0001337931907359452, -0.0002018709860959853, 0.0004016316598639089, 0.00016577364733922113, -0.0001545033079375026, -0.00037010116710119173, 0.00024573764705819017, 6.168479702872525e-05, 1.6895359568809952e-06, 0.0, 5.0872972222039654e-05], [0.6636118678569989, -10.362205813372542, 40.37927920570436, 1.2301892770565612, -41.1384175873735, 12.318610718871303, -3.127007914387049, -0.05932590918865408, 0.053054572779178896, 0.09098957892795463, -0.04266513079320771, -0.0011162236272972516, -0.0025527613353266815, 0.09745015808277517, -0.25300929818042833, -0.001105607611262677, 0.016492802204585804, 0.022962376767935885, 0.013209260089142782, 0.1864990948977469, -0.036671017685639316, -0.023988386834949603, -0.06014667092393902, -0.05102870193348893, 0.02067211984853875, 0.042532560134883816, -0.0063222684463392406, -0.006913110781614623, 1.4406364503294261e-05, -0.0002588308947750852, 0.0007238346729913441, -0.0005227235639908556, 0.00014182648640801457, -1.8655379397124625e-05, -0.00015049043919944074, -0.00045818446283983866, 0.0007563397861662181, 0.0002242834808218477, -0.0002747358879724048, -0.0005620113244912838, 0.0009929337799171887, -0.0007562066249448432, 0.00033376349652873273, -0.00039962325056702074, 0.00048471535612910075, -0.0002904129006720259, 4.133880161564472e-05, -0.00013310443192546305, 0.00027162876386535996, 0.00011623014711874812, 0.00017924522686531264, -0.0007223563668215198, 0.00042296386553989913, 4.394372789536977e-05, 0.0009685705584373478, -0.0010453667411584764, -4.504660968004472e-05, -0.00045507960682709465, 0.0010982473982748694, -0.0012799677534326421, 0.0007586617440222902, 9.86651590502922e-05, 7.123971649972049e-05, -0.0003000925595372821, -0.0003659767003097091, 0.0002852406366968607, 0.00028525433383091395, -0.00011445596513198488, -0.0010527293486475814, 0.0010978562707274122, 0.00023158218651474902, -0.0006322247921518889, 0.00032345356458254735, 7.55151616593711e-06, 0.00045452972713894, -0.0005570354515924221, -0.0002447131777202439, 0.0005251323059283434, -0.000293120354673544, 0.00013427224307466373, -0.00023430429493117512, 0.0004132342241572283, -0.00030406793413870176, 3.1916691636057885e-05], [-2.993577508548929, 3.4064212238358222, -12.201470377710521, 40.23317106088793, 0.0435219686768188, -40.929791745182754, 10.212606717208798, 0.021039169843542847, 0.025783364865336132, -0.0776276544300766, 0.02846382972214323, 0.0011989535763295078, -0.006021217690345037, -0.08595636987925413, 0.0975941403485982, 0.07956069710520354, -0.04666143813939177, -0.0037199829617358595, 0.08731166188625873, -0.23583664257957884, 0.012082567768813317, 0.03479766956261463, -0.0017557981003725705, 0.18631434038363212, -0.04672987953247995, -0.06336075348989548, -0.03612931458215672, 0.030747112203686495, -4.3577367828667454e-05, 0.00043165676351523713, -0.0006315878509802504, 0.0003297944480596207, -5.789397378238626e-05, -8.446359238843199e-05, -0.00024224541948936795, 0.0011141171634226846, -0.0008458991983682374, -0.00017655092786973854, 0.00018906469829596995, -0.00017063750388423201, -0.0003029837844669781, 0.0005117281107986689, -0.00024048365096362485, 0.0003815109990755506, -0.0005612430681672059, 0.0002679969972498289, 0.0001059787491963717, 0.00013127811597329116, -0.00015006089793500704, -8.080652899053018e-05, -0.0004428795481889742, 0.0011218938119538912, -0.00046774300071291536, 7.971560873378105e-05, -0.00013685837095123792, -0.0006112568846402272, 0.0006391156811249122, 6.7151879272168375e-06, -0.0006144354059287271, 0.0009900946949237645, -0.0004982099429549494, -0.00033926484813011414, 0.00011676696997044337, 0.00012657538604837006, 0.0001826548572255182, -5.938115076406451e-06, -0.0006228607292507712, 0.0004022287769106322, 0.0011317652010818342, -0.0006848673439686805, -0.000371303599980764, 0.0008429958364157141, -0.0009208315882630022, 0.0002590344968183691, -0.0004570430652237506, 0.00031039346880325225, 0.00030473874174653245, -0.0009444453075690131, 0.0009710354087984474, -0.0004626936296649467, 0.00041375132129983956, -0.0005111398789717296, 0.00036331769741347755, -0.0001075934865049199], [3.3845918237388557, -1.6331672583529546, 5.17105957945207, -10.4868035013288, 42.0045064261088, -1.7123905350583104, -35.37426138637765, -0.0034539074473502692, -0.033068062947301184, 0.040694283754593524, -0.022962929065956487, 0.00781240183192824, 0.006568465255029402, 0.03665203925269238, 0.013238574323261296, -0.07152184017374862, 0.028731030789988413, -0.0034753065108851133, -0.08259849110726701, 0.09223299890700072, 0.06755970327568726, -0.05293839670348408, 0.10857491914557958, -0.2495333305019845, 0.016050640100058088, 0.004327906670123956, 0.15019429626369646, -0.05571951316352467, 6.881446399979111e-05, -0.000426856052860624, 0.0004048717465921133, -6.154819511283392e-05, -8.466097960332479e-05, 7.210286328567832e-05, 0.0003136897876893045, -0.0011532036341841574, 0.00038223817127311794, 0.00014373261677190925, 0.00026107864564541326, 0.00042887974075793113, 0.0001926589074691492, 1.016588821271255e-05, -0.000168058223500477, -0.0003139720292095525, 0.00033951278954047134, -0.00018404459709622616, -3.266989731154191e-05, -0.00018991909381999676, 4.039854488106009e-06, -3.576447290834206e-05, 0.0005889592513319027, -0.0008098840685978997, 0.00017988742561352987, -0.0001006029512329214, -0.00035560815272948936, 0.0011822721969660583, -0.0009705729220047393, 0.00048459941500321083, -9.168509652694747e-05, -4.914761878510202e-05, 8.171944659156184e-05, 0.0003696761085153847, -0.00017438289357899742, -5.203529660626023e-05, -0.00011839176854344245, -0.00032245798144813517, 0.0010615922334329404, -0.0005670179846741125, -0.00026157778894716924, -0.0010502231500887087, 0.0009592704420928115, -0.00042025739169059776, 0.0008272743658457765, -0.0004977988174148724, 0.00029956363180438873, -7.43204059259721e-05, -0.000748045093687074, 0.0009607073297277618, -0.00023242006095236203, 0.0004947627053442945, -0.0003704204028059239, 1.7242711702839242e-05, -0.00024908061060087693, 0.00018894266586688943], [15.540527191346397, 1.717727342990282, -6.161454080860194, -1.8264534115270359, -14.99322259280019, 47.64359924168889, -19.867510094959364, -0.005271660747141204, 0.028471233766814878, -0.02547954694282135, 0.04017821840141625, -0.020585714726554023, 0.000395888153406094, 0.0017857290652961955, -0.04693022934236993, 0.036095938601027736, -0.03153998437348739, 0.015956755490047964, 0.03529876018557893, 0.022175050944967314, -0.06946523067052186, 0.044002061843728305, -0.13061165823380746, 0.1223335206731352, 0.08329506703972499, 0.10273088158963416, -0.1969125168446992, 0.001801405585542314, -0.00010122046445485585, 0.0006738045990421029, -0.00028315893636562055, -0.00020601039661669428, 0.00032448477612533473, -0.00018080831670131098, -0.000496161700460721, 0.0012947499633053844, 5.3424405611013623e-05, -1.3403242060263086e-05, -0.0013320457699761896, -0.0004120537785845086, -0.000475792040398947, -0.0005418773799126696, 0.0008887973042503011, 0.00019123547722857737, -0.0003632068341712838, 0.00028744928095071804, -0.00018385596563174372, 0.00042808457712332376, 0.0003853326089839423, 0.00025179038032630447, -0.0003537501048196045, 9.610661759626422e-06, 0.0007441125110610011, -0.00021064759565818684, 0.00027008920273375415, -0.0004572682655775699, 0.0, -0.0010904198180410672, 0.00020941752621078734, 6.55979325247827e-06, 0.0005976383029223662, -0.0007333668923768437, 0.0001303048645164929, 0.00019219725319218056, 0.00018204489497408567, 0.00013232581975557378, -0.0006820860665525399, 0.0005256571261107045, 0.00011769267431162262, 0.0018587868513021413, -0.002007677117540118, -6.429746329239185e-05, -0.00022417692585720043, 0.0008934866938323064, -0.0003066574944912936, -0.00025691659547453876, 0.001708413168645361, 0.00015827293157343067, -0.0020691609924188632, -0.0003863370580503042, 0.00012192665511752014, 0.0008985237773313748, -0.0005154283318864931, -6.922211423195772e-05]]",(x0)' = -29.378 1 +  18.956 x0 + -47.604 x1 +  16.144 x2 +  1.985 x3 +  5.815 x4 + -1.756 x5 +  0.005 x0^2 +  0.137 x0 x1 + -0.048 x0 x2 + -0.035 x0 x3 + -0.041 x0 x4 +  0.020 x0 x5 + -0.028 x1^2 + -0.096 x1 x2 +  0.009 x1 x3 +  0.011 x1 x4 +  0.010 x1 x5 +  0.059 x2^2 +  0.013 x2 x3 +  0.025 x2 x4 + -0.038 x2 x5 + -0.013 x3^2 +  0.008 x3 x4 +  0.013 x3 x5 +  0.003 x4^2 + -0.015 x4 x5 + -0.002 x5^2 +  0.001 x0^2 x1 + -0.001 x0 x1^2 +  0.002 x0 x1 x2 + -0.001 x0 x1 x3 +  0.001 x0 x1 x4 + -0.001 x0 x2^2 +  0.002 x0 x2 x3 + -0.002 x0 x2 x4 +  0.001 x0 x2 x5 +  0.001 x0 x3 x4 + -0.001 x0 x3 x5 +  0.001 x0 x4 x5 + -0.001 x1 x2 x3 +  0.001 x1 x2 x4 +  0.001 x1 x3 x5 + -0.001 x1 x4^2 + -0.001 x1 x5^2 | (x1)' = -12.936 1 +  35.416 x0 +  2.334 x1 + -43.089 x2 +  10.661 x3 + -4.775 x4 +  1.303 x5 +  0.081 x0^2 + -0.182 x0 x1 + -0.012 x0 x2 +  0.023 x0 x3 +  0.020 x0 x4 + -0.013 x1^2 +  0.219 x1 x2 + -0.024 x1 x3 +  0.002 x1 x4 + -0.028 x1 x5 + -0.078 x2^2 + -0.060 x2 x3 +  0.002 x2 x4 +  0.026 x2 x5 +  0.040 x3^2 + -0.003 x3 x4 + -0.005 x3 x5 + -0.014 x4^2 +  0.007 x4 x5 +  0.002 x5^2 +  0.001 x0 x1^2 + -0.001 x0 x1 x2 +  0.001 x0 x2^2 + -0.002 x0 x2 x3 +  0.001 x0 x2 x4 + -0.001 x1 x2^2 +  0.002 x1 x2 x3 +  0.001 x1 x2 x5 + -0.001 x1 x3^2 +  0.001 x1 x3 x4 + -0.001 x1 x3 x5 + -0.001 x2^2 x3 +  0.001 x2 x3^2 | (x2)' =  0.664 1 + -10.362 x0 +  40.379 x1 +  1.230 x2 + -41.138 x3 +  12.319 x4 + -3.127 x5 + -0.059 x0^2 +  0.053 x0 x1 +  0.091 x0 x2 + -0.043 x0 x3 + -0.001 x0 x4 + -0.003 x0 x5 +  0.097 x1^2 + -0.253 x1 x2 + -0.001 x1 x3 +  0.016 x1 x4 +  0.023 x1 x5 +  0.013 x2^2 +  0.186 x2 x3 + -0.037 x2 x4 + -0.024 x2 x5 + -0.060 x3^2 + -0.051 x3 x4 +  0.021 x3 x5 +  0.043 x4^2 + -0.006 x4 x5 + -0.007 x5^2 +  0.001 x0^2 x2 + -0.001 x0^2 x3 +  0.001 x0 x1 x3 + -0.001 x0 x2^2 +  0.001 x0 x2 x3 + -0.001 x0 x2 x4 + -0.001 x1^2 x3 +  0.001 x1 x2^2 + -0.001 x1 x2 x3 +  0.001 x1 x3^2 + -0.001 x1 x3 x4 +  0.001 x1 x3 x5 + -0.001 x2 x3^2 +  0.001 x2 x3 x4 + -0.001 x2 x4^2 + -0.001 x3^2 x4 +  0.001 x3 x4^2 | (x3)' = -2.994 1 +  3.406 x0 + -12.201 x1 +  40.233 x2 +  0.044 x3 + -40.930 x4 +  10.213 x5 +  0.021 x0^2 +  0.026 x0 x1 + -0.078 x0 x2 +  0.028 x0 x3 +  0.001 x0 x4 + -0.006 x0 x5 + -0.086 x1^2 +  0.098 x1 x2 +  0.080 x1 x3 + -0.047 x1 x4 + -0.004 x1 x5 +  0.087 x2^2 + -0.236 x2 x3 +  0.012 x2 x4 +  0.035 x2 x5 + -0.002 x3^2 +  0.186 x3 x4 + -0.047 x3 x5 + -0.063 x4^2 + -0.036 x4 x5 +  0.031 x5^2 + -0.001 x0^2 x2 +  0.001 x0 x1 x2 + -0.001 x0 x1 x3 +  0.001 x0 x2 x4 + -0.001 x0 x3 x4 +  0.001 x1^2 x3 + -0.001 x1 x2 x3 +  0.001 x1 x2 x4 + -0.001 x1 x3^2 +  0.001 x1 x3 x4 + -0.001 x2^2 x4 +  0.001 x2 x3^2 + -0.001 x2 x3 x4 +  0.001 x2 x4^2 + -0.001 x2 x4 x5 + -0.001 x3 x4^2 +  0.001 x3 x4 x5 + -0.001 x4^2 x5 | (x4)' =  3.385 1 + -1.633 x0 +  5.171 x1 + -10.487 x2 +  42.005 x3 + -1.712 x4 + -35.374 x5 + -0.003 x0^2 + -0.033 x0 x1 +  0.041 x0 x2 + -0.023 x0 x3 +  0.008 x0 x4 +  0.007 x0 x5 +  0.037 x1^2 +  0.013 x1 x2 + -0.072 x1 x3 +  0.029 x1 x4 + -0.003 x1 x5 + -0.083 x2^2 +  0.092 x2 x3 +  0.068 x2 x4 + -0.053 x2 x5 +  0.109 x3^2 + -0.250 x3 x4 +  0.016 x3 x5 +  0.004 x4^2 +  0.150 x4 x5 + -0.056 x5^2 + -0.001 x0 x1 x2 +  0.001 x1^2 x2 + -0.001 x1^2 x3 +  0.001 x1 x2 x3 + -0.001 x1 x2 x4 +  0.001 x2^2 x4 + -0.001 x2^2 x5 + -0.001 x2 x3 x4 +  0.001 x2 x3 x5 +  0.001 x2 x4 x5 + -0.001 x3^2 x5 +  0.001 x3 x4^2 | (x5)' =  15.541 1 +  1.718 x0 + -6.161 x1 + -1.826 x2 + -14.993 x3 +  47.644 x4 + -19.868 x5 + -0.005 x0^2 +  0.028 x0 x1 + -0.025 x0 x2 +  0.040 x0 x3 + -0.021 x0 x4 +  0.002 x1^2 + -0.047 x1 x2 +  0.036 x1 x3 + -0.032 x1 x4 +  0.016 x1 x5 +  0.035 x2^2 +  0.022 x2 x3 + -0.069 x2 x4 +  0.044 x2 x5 + -0.131 x3^2 +  0.122 x3 x4 +  0.083 x3 x5 +  0.103 x4^2 + -0.197 x4 x5 +  0.002 x5^2 +  0.001 x0^2 x1 +  0.001 x0 x1 x2 + -0.001 x0 x1 x5 + -0.001 x0 x2 x4 +  0.001 x0 x2 x5 +  0.001 x1^2 x4 + -0.001 x1 x2 x5 +  0.001 x1 x3 x5 + -0.001 x1 x4^2 + -0.001 x2^2 x4 +  0.001 x2^2 x5 +  0.002 x2 x3 x4 + -0.002 x2 x3 x5 +  0.001 x2 x5^2 +  0.002 x3^2 x5 + -0.002 x3 x4 x5 +  0.001 x4^2 x5 + -0.001 x4 x5^2
26,35.0,100.0,36.85636440989091,3,6,5,20.0,100.0,5,20.0,smoothed_finite_difference_savgol_order_3,success,,501,504,99.4047619047619,6.858760746195912,"[""1"", ""x0"", ""x1"", ""x2"", ""x3"", ""x4"", ""x5"", ""x0^2"", ""x0 x1"", ""x0 x2"", ""x0 x3"", ""x0 x4"", ""x0 x5"", ""x1^2"", ""x1 x2"", ""x1 x3"", ""x1 x4"", ""x1 x5"", ""x2^2"", ""x2 x3"", ""x2 x4"", ""x2 x5"", ""x3^2"", ""x3 x4"", ""x3 x5"", ""x4^2"", ""x4 x5"", ""x5^2"", ""x0^3"", ""x0^2 x1"", ""x0^2 x2"", ""x0^2 x3"", ""x0^2 x4"", ""x0^2 x5"", ""x0 x1^2"", ""x0 x1 x2"", ""x0 x1 x3"", ""x0 x1 x4"", ""x0 x1 x5"", ""x0 x2^2"", ""x0 x2 x3"", ""x0 x2 x4"", ""x0 x2 x5"", ""x0 x3^2"", ""x0 x3 x4"", ""x0 x3 x5"", ""x0 x4^2"", ""x0 x4 x5"", ""x0 x5^2"", ""x1^3"", ""x1^2 x2"", ""x1^2 x3"", ""x1^2 x4"", ""x1^2 x5"", ""x1 x2^2"", ""x1 x2 x3"", ""x1 x2 x4"", ""x1 x2 x5"", ""x1 x3^2"", ""x1 x3 x4"", ""x1 x3 x5"", ""x1 x4^2"", ""x1 x4 x5"", ""x1 x5^2"", ""x2^3"", ""x2^2 x3"", ""x2^2 x4"", ""x2^2 x5"", ""x2 x3^2"", ""x2 x3 x4"", ""x2 x3 x5"", ""x2 x4^2"", ""x2 x4 x5"", ""x2 x5^2"", ""x3^3"", ""x3^2 x4"", ""x3^2 x5"", ""x3 x4^2"", ""x3 x4 x5"", ""x3 x5^2"", ""x4^3"", ""x4^2 x5"", ""x4 x5^2"", ""x5^3""]","[[-29.11927749803814, 19.24340584675767, -48.00454190345268, 16.47609139346972, 1.774001659465371, 5.790284443711047, -1.7284607837187889, 0.004200638898894535, 0.13830619277487083, -0.04826919040093251, -0.03425308324175325, -0.0403004303732867, 0.019466879703568092, -0.02804887138326766, -0.09805934289144141, 0.008490924095620078, 0.009244951072128242, 0.01130345753463154, 0.059748240059102675, 0.013936270705911084, 0.02572547995305885, -0.03955863232668228, -0.014161432798425534, 0.008001309651473394, 0.013478166483203598, 0.0027526454886496344, -0.01568687512195423, -0.0022452982187782782, -0.0002460293148082156, 0.0010600266235140103, 0.00017796284081899395, -0.00048687950313204813, -0.00018842521603240183, -0.00047998840589918784, -0.0011705544408010039, 0.0018180193963649807, -0.0006585991053361524, 0.0006760112335088284, -0.0004709793691120449, -0.0009762980670734535, 0.001783986341882964, -0.0022132966626091377, 0.0005170138583037408, 4.7967327640924906e-05, 0.001134522257805344, -0.0008986773291966958, 0.0004709813114298977, 0.000833112450038138, 0.0005054877745216096, 0.0002250902617902648, -0.00010194279574420299, 0.0001635780516203794, 6.6765259005797e-06, 0.0002121773105511211, -0.00013571431330613293, -0.0010792505685026375, 0.0007310881144312861, -0.0002808845279740805, 0.00023000194813976965, 0.0, 0.0010088587698521719, -0.000763817859961476, -4.622882296916161e-05, -0.0006186489680498983, -0.0001613672291455973, 0.0002732417154917094, 7.996179167243466e-05, 0.0002787872955464663, -0.0002675135073563288, -0.0004967480544426858, 0.0005628496559561683, 0.0005918768746020381, -0.000517646050453374, 0.00010766129584872261, -0.00019410047291459797, 1.7537568171595223e-05, -9.101702095882288e-05, -0.00032470769900864793, 0.00039722136498864213, -0.0003036409235137692, 4.3111199770742904e-05, -9.699556368048468e-06, -0.000366721230494172, 6.84688982877692e-05], [-11.835107845669093, 35.49621985211424, 2.4166902039061275, -43.44200515783738, 11.059369428034188, -5.158987175818947, 1.5070612511473422, 0.0790380376708644, -0.17890748631725936, -0.01172295560565863, 0.022338381964326085, 0.02042373398186612, -0.0009086950590503973, -0.01344829710729512, 0.21817040341526744, -0.02459467790053263, 0.002549760005361555, -0.02806382257820477, -0.07785750913507271, -0.06122732694288394, 0.002631360714623787, 0.027017189022081115, 0.04112754425259114, -0.0026718779524140712, -0.005274859843513978, -0.015319259624071522, 0.007493144680750257, 0.001866698470390849, 2.3908998503830517e-05, -0.00013960240667279885, -0.0004436743705689979, 0.00047815426667943033, -0.00011783885764296627, 0.0002341307769571996, 0.0008366128052531274, -0.0009333479303362764, -8.265241901297054e-05, -0.0004473184552303145, 0.00029351955105812443, 0.001094957562250479, -0.0015212168158274546, 0.001220790116541239, -0.0004576235713096917, 0.0002574670274553721, -0.0005102244598092382, 0.0005248337740028784, -0.00016403825780522094, -0.00025625797064570083, -0.00031359241224447555, -0.0001988751504798668, -0.00012010148639101, 0.00021799812167004652, -0.00027227108342275024, -0.00011321593033993448, -0.0006427696640229932, 0.0016764707288793963, -0.00029120438519829143, 0.0005568436994336584, -0.0009034637943454792, 0.0007987131396019489, -0.0009902648134929172, 0.00018798676817727587, 7.549539300517458e-05, 0.00038878219491231806, 0.0003667848726420534, -0.0006130701156654958, -0.00015368540041457604, -0.00017164917226682286, 0.0006621741938158442, -0.0003179592497905607, -0.00017529640110294884, 6.259627749521654e-05, 9.364905404968923e-05, -6.0807366497720656e-05, -0.00020402564700274504, 0.00040531170116357143, 0.00014626159415939596, -0.00016808453339213974, -0.00021665013690452857, 9.607291603799701e-05, 7.735427365173286e-05, -0.0001610796999829399, 0.00024972897141345684, -2.0360904753554528e-05], [0.9513426096355563, -10.56191061572449, 40.605020229820184, 1.2600488797225868, -41.37900066823134, 12.642652143127071, -3.3024012131625993, -0.05887222663945484, 0.053519793383785645, 0.08899776969291508, -0.04130867312036449, -0.001093055398936957, -0.002762552212468042, 0.09587584018186972, -0.24966357776363185, -0.0018673801104123315, 0.015967097873837106, 0.022936447153393193, 0.012900787153957434, 0.18527025815159073, -0.03601317107851524, -0.02404978489182561, -0.05920424209105213, -0.05274524934246311, 0.02132193466539138, 0.04295879788244815, -0.005756251535457115, -0.007435384656956158, 2.0091651222074755e-05, -0.0002622842888171214, 0.0007146683428522172, -0.0005223934190951055, 0.00014246942381125374, -2.5176442546872335e-05, -0.00015519407428960248, -0.00043083194054302287, 0.000753118328235354, 0.0002160564225123514, -0.0002711468855588039, -0.0005651517042408136, 0.0009886664780990996, -0.0007611376788803634, 0.00033886412775275735, -0.0004033624140020018, 0.0004977570809754161, -0.0002990045758075637, 4.052057226184938e-05, -0.00012570777930618363, 0.00027224744464854914, 0.00011437565492984906, 0.00019124244510829443, -0.0007295048008963937, 0.0004287616680565924, 4.383824551508345e-05, 0.0009394859720055503, -0.0010278681051622011, -6.212046304925298e-05, -0.00043926868618974075, 0.0010939389196436286, -0.0012578926346263038, 0.0007510233342206806, 9.747433778494657e-05, 6.568088875762939e-05, -0.00030137157229480913, -0.0003653733170542527, 0.00029759482020872373, 0.00029790328607051956, -0.00012105404699570135, -0.001058960927381353, 0.0010749033286844545, 0.00024081047812516952, -0.0006255717107741584, 0.00031880991831063796, 6.994385367306728e-06, 0.0004579432458065215, -0.0005656506996810699, -0.0002442603575965516, 0.0005363858247376701, -0.0002954997671396403, 0.0001322241956295923, -0.00024116031043952592, 0.00041892102490580945, -0.00030535389936417457, 3.345079303709905e-05], [-2.6963390932695925, 3.569046506733867, -12.508104803135614, 40.464994742284915, 0.010261905714656626, -41.157989417033995, 10.418881077714495, 0.021268544746022123, 0.02498496578174611, -0.0772174238671678, 0.028104309308976214, 0.0006743023508411375, -0.005295203158164846, -0.08568766480563761, 0.09862401076386464, 0.07781731560918649, -0.04480327901154527, -0.004192363826213172, 0.08507091007713838, -0.23178084316457717, 0.010927043028728925, 0.034521486573733766, -0.0025394442889168957, 0.18560286998002917, -0.046205054507043805, -0.062480383473585976, -0.03731065375093048, 0.031041757139581128, -4.8634915617730224e-05, 0.00043660435340320275, -0.0006296488473625552, 0.0003332599752781474, -5.7538257368667594e-05, -8.084822510267677e-05, -0.0002412618663409578, 0.001093251259210079, -0.0008402420548585813, -0.00016868454146172295, 0.00017943780662000517, -0.00014886386296566746, -0.00032721002611061116, 0.0005082103485687856, -0.0002331929647319724, 0.0003949540111825981, -0.0005715798896031418, 0.0002686654243531442, 0.00010342209308616211, 0.00013009021269590562, -0.00014818620970316412, -7.234273597013682e-05, -0.0004502729905764414, 0.001110567884614068, -0.0004645611882927487, 7.621616341352231e-05, -0.00014244050458570338, -0.0005731723981789827, 0.0006448612318470688, -5.49294084657585e-06, -0.0006258001152788467, 0.0009738787722040733, -0.00048448337892740634, -0.0003412801271084031, 0.00011701614597772008, 0.00012937648318647792, 0.00018480679800016148, -5.168489913212719e-06, -0.0006377452958976341, 0.00040685668954248315, 0.0011176284636124822, -0.0006565879386561484, -0.00039786763413756076, 0.0008354988496472679, -0.0008966951667239807, 0.0002593756492813036, -0.0004609103549701547, 0.0003252230927424829, 0.0003199644079770109, -0.0009467112625679643, 0.0009380840187145946, -0.0004561483927718843, 0.00041724886010465444, -0.0005101791154345477, 0.0003641065824249991, -0.00010916354694678888], [1.8410222106044818, -1.5094553817069867, 5.15579589284337, -10.6516564197957, 42.135449719559986, -1.6103398339832435, -35.52945651105109, -0.003027424380670353, -0.03581757134909887, 0.0432431919292428, -0.02455412139731104, 0.010384269903334858, 0.005173699479606853, 0.040951712234553204, 0.0067634351525116, -0.06832317055499852, 0.02519558231423715, -0.002262996219849457, -0.08093561557589608, 0.09301580200176901, 0.06459395513162317, -0.0507122479662116, 0.10647460775554365, -0.24506174266909503, 0.013920489060113938, 0.003848839245643701, 0.14988507525908606, -0.05528828045630838, 5.6391142176473254e-05, -0.000254040796510992, 0.00034345077149065665, -2.4928204488422217e-05, -0.0001305124109975539, 6.180963363842899e-05, 0.0, -0.0009230471049368795, 0.00020434113594951372, 0.0003618716508539951, 0.0002380536708686593, 0.0003601729063166496, 0.0004173507460398035, -0.00041599609279627367, -1.1847269664973115e-05, -0.0004058729879710755, 0.0005772310716441858, -0.0002841042842972484, -9.597203385128066e-05, -0.00011471606426312685, -2.3426181723978946e-05, 5.471846221751282e-05, 0.0004602309366309901, -0.0005818654057765911, -0.0001430914307670525, 5.132699074082607e-05, -0.00023105280864464857, 0.0006573889975029011, 0.0, 6.610114602942069e-05, 0.00014009855428825097, -0.0006235778817704053, 0.00030094592299625316, 0.0005551801614065011, -0.00033519693642282357, -2.410650389846329e-05, -0.0001394960709060446, -0.00017033522255654413, 0.0007052324603941654, -0.0004294877557455873, -0.00039288568490337207, -0.0006895741324310134, 0.0008954405041312724, -0.0005279630835297678, 0.0008132424700247026, -0.0004832682786740255, 0.00033414339498088525, -0.0001611652924722213, -0.0007643245613683663, 0.0009933673882167268, -0.00016496213068506457, 0.0004733402849733685, -0.0003829091059726741, 7.80622169255012e-06, -0.00023586599337140478, 0.00018832586174882276], [15.423583909482879, 1.743555145202939, -6.3171371595217485, -1.4895062700815418, -15.544526276916919, 48.40379906499223, -20.27774397159577, -0.005551201613507618, 0.028261631368254107, -0.024398842016306512, 0.038131042527810736, -0.01745778829252988, -0.0004582343370568844, 0.0025182286318707592, -0.0493497601300425, 0.03960899261921098, -0.03499948387491074, 0.0167659105233338, 0.0366506214749301, 0.021847107237761624, -0.071635324798465, 0.044178965381103066, -0.131452986380538, 0.12533849747161943, 0.08169200421259076, 0.10137392337680946, -0.19554171648553012, 0.002123172200484317, -0.000107627483728263, 0.0006764309932059888, -0.000248083989517061, -0.00021504905484269528, 0.00030663029695778574, -0.00017540553820438173, -0.00048127014785885537, 0.001227003902317938, -1.9256834268779783e-06, 0.00021814652334584218, -0.0014116004639218827, -0.00041902973489440246, -0.00028595378968670305, -0.0010516897831074712, 0.0011054225743649714, 0.00011412764421116606, -8.461598283844027e-05, 0.00015242881962852496, -0.00025552267804517404, 0.0005095184684388327, 0.00036108767627073294, 0.0002711996286164802, -0.0004558640500388841, 0.00020612877399828233, 0.00031391972849469584, -5.231168835911462e-05, 0.00041895491233516003, -0.0010060970006048632, 0.001252718012015977, -0.0015860996156420253, 0.0004204418057623213, -0.0006833153607841154, 0.000897165362177504, -0.000537191945380571, -4.204295735367801e-05, 0.00023021060083600167, 0.00014964441143010295, 0.0003101515149413606, -0.001139119126600659, 0.000688842137223951, -4.59754835756787e-06, 0.002266811077107219, -0.0021365005554148772, -0.0001621495786344664, -0.00023522866110028685, 0.0009259734096795353, -0.00027285610621658753, -0.00037447919811240234, 0.0017368474295254782, 0.00021572600430712615, -0.002027760621235478, -0.0004233539147106445, 0.00010760369144598545, 0.0008870261007576027, -0.0004991351229499854, -7.277573598874916e-05]]",(x0)' = -29.119 1 +  19.243 x0 + -48.005 x1 +  16.476 x2 +  1.774 x3 +  5.790 x4 + -1.728 x5 +  0.004 x0^2 +  0.138 x0 x1 + -0.048 x0 x2 + -0.034 x0 x3 + -0.040 x0 x4 +  0.019 x0 x5 + -0.028 x1^2 + -0.098 x1 x2 +  0.008 x1 x3 +  0.009 x1 x4 +  0.011 x1 x5 +  0.060 x2^2 +  0.014 x2 x3 +  0.026 x2 x4 + -0.040 x2 x5 + -0.014 x3^2 +  0.008 x3 x4 +  0.013 x3 x5 +  0.003 x4^2 + -0.016 x4 x5 + -0.002 x5^2 +  0.001 x0^2 x1 + -0.001 x0 x1^2 +  0.002 x0 x1 x2 + -0.001 x0 x1 x3 +  0.001 x0 x1 x4 + -0.001 x0 x2^2 +  0.002 x0 x2 x3 + -0.002 x0 x2 x4 +  0.001 x0 x2 x5 +  0.001 x0 x3 x4 + -0.001 x0 x3 x5 +  0.001 x0 x4 x5 +  0.001 x0 x5^2 + -0.001 x1 x2 x3 +  0.001 x1 x2 x4 +  0.001 x1 x3 x5 + -0.001 x1 x4^2 + -0.001 x1 x5^2 +  0.001 x2 x3 x5 +  0.001 x2 x4^2 + -0.001 x2 x4 x5 | (x1)' = -11.835 1 +  35.496 x0 +  2.417 x1 + -43.442 x2 +  11.059 x3 + -5.159 x4 +  1.507 x5 +  0.079 x0^2 + -0.179 x0 x1 + -0.012 x0 x2 +  0.022 x0 x3 +  0.020 x0 x4 + -0.001 x0 x5 + -0.013 x1^2 +  0.218 x1 x2 + -0.025 x1 x3 +  0.003 x1 x4 + -0.028 x1 x5 + -0.078 x2^2 + -0.061 x2 x3 +  0.003 x2 x4 +  0.027 x2 x5 +  0.041 x3^2 + -0.003 x3 x4 + -0.005 x3 x5 + -0.015 x4^2 +  0.007 x4 x5 +  0.002 x5^2 +  0.001 x0 x1^2 + -0.001 x0 x1 x2 +  0.001 x0 x2^2 + -0.002 x0 x2 x3 +  0.001 x0 x2 x4 + -0.001 x0 x3 x4 +  0.001 x0 x3 x5 + -0.001 x1 x2^2 +  0.002 x1 x2 x3 +  0.001 x1 x2 x5 + -0.001 x1 x3^2 +  0.001 x1 x3 x4 + -0.001 x1 x3 x5 + -0.001 x2^2 x3 +  0.001 x2 x3^2 | (x2)' =  0.951 1 + -10.562 x0 +  40.605 x1 +  1.260 x2 + -41.379 x3 +  12.643 x4 + -3.302 x5 + -0.059 x0^2 +  0.054 x0 x1 +  0.089 x0 x2 + -0.041 x0 x3 + -0.001 x0 x4 + -0.003 x0 x5 +  0.096 x1^2 + -0.250 x1 x2 + -0.002 x1 x3 +  0.016 x1 x4 +  0.023 x1 x5 +  0.013 x2^2 +  0.185 x2 x3 + -0.036 x2 x4 + -0.024 x2 x5 + -0.059 x3^2 + -0.053 x3 x4 +  0.021 x3 x5 +  0.043 x4^2 + -0.006 x4 x5 + -0.007 x5^2 +  0.001 x0^2 x2 + -0.001 x0^2 x3 +  0.001 x0 x1 x3 + -0.001 x0 x2^2 +  0.001 x0 x2 x3 + -0.001 x0 x2 x4 + -0.001 x1^2 x3 +  0.001 x1 x2^2 + -0.001 x1 x2 x3 +  0.001 x1 x3^2 + -0.001 x1 x3 x4 +  0.001 x1 x3 x5 + -0.001 x2 x3^2 +  0.001 x2 x3 x4 + -0.001 x2 x4^2 + -0.001 x3^2 x4 +  0.001 x3 x4^2 | (x3)' = -2.696 1 +  3.569 x0 + -12.508 x1 +  40.465 x2 +  0.010 x3 + -41.158 x4 +  10.419 x5 +  0.021 x0^2 +  0.025 x0 x1 + -0.077 x0 x2 +  0.028 x0 x3 +  0.001 x0 x4 + -0.005 x0 x5 + -0.086 x1^2 +  0.099 x1 x2 +  0.078 x1 x3 + -0.045 x1 x4 + -0.004 x1 x5 +  0.085 x2^2 + -0.232 x2 x3 +  0.011 x2 x4 +  0.035 x2 x5 + -0.003 x3^2 +  0.186 x3 x4 + -0.046 x3 x5 + -0.062 x4^2 + -0.037 x4 x5 +  0.031 x5^2 + -0.001 x0^2 x2 +  0.001 x0 x1 x2 + -0.001 x0 x1 x3 +  0.001 x0 x2 x4 + -0.001 x0 x3 x4 +  0.001 x1^2 x3 + -0.001 x1 x2 x3 +  0.001 x1 x2 x4 + -0.001 x1 x3^2 +  0.001 x1 x3 x4 + -0.001 x2^2 x4 +  0.001 x2 x3^2 + -0.001 x2 x3 x4 +  0.001 x2 x4^2 + -0.001 x2 x4 x5 + -0.001 x3 x4^2 +  0.001 x3 x4 x5 + -0.001 x4^2 x5 | (x4)' =  1.841 1 + -1.509 x0 +  5.156 x1 + -10.652 x2 +  42.135 x3 + -1.610 x4 + -35.529 x5 + -0.003 x0^2 + -0.036 x0 x1 +  0.043 x0 x2 + -0.025 x0 x3 +  0.010 x0 x4 +  0.005 x0 x5 +  0.041 x1^2 +  0.007 x1 x2 + -0.068 x1 x3 +  0.025 x1 x4 + -0.002 x1 x5 + -0.081 x2^2 +  0.093 x2 x3 +  0.065 x2 x4 + -0.051 x2 x5 +  0.106 x3^2 + -0.245 x3 x4 +  0.014 x3 x5 +  0.004 x4^2 +  0.150 x4 x5 + -0.055 x5^2 + -0.001 x0 x1 x2 +  0.001 x0 x3 x4 + -0.001 x1^2 x3 +  0.001 x1 x2 x3 + -0.001 x1 x3 x4 +  0.001 x1 x4^2 +  0.001 x2^2 x4 + -0.001 x2 x3 x4 +  0.001 x2 x3 x5 + -0.001 x2 x4^2 +  0.001 x2 x4 x5 + -0.001 x3^2 x5 +  0.001 x3 x4^2 | (x5)' =  15.424 1 +  1.744 x0 + -6.317 x1 + -1.490 x2 + -15.545 x3 +  48.404 x4 + -20.278 x5 + -0.006 x0^2 +  0.028 x0 x1 + -0.024 x0 x2 +  0.038 x0 x3 + -0.017 x0 x4 +  0.003 x1^2 + -0.049 x1 x2 +  0.040 x1 x3 + -0.035 x1 x4 +  0.017 x1 x5 +  0.037 x2^2 +  0.022 x2 x3 + -0.072 x2 x4 +  0.044 x2 x5 + -0.131 x3^2 +  0.125 x3 x4 +  0.082 x3 x5 +  0.101 x4^2 + -0.196 x4 x5 +  0.002 x5^2 +  0.001 x0^2 x1 +  0.001 x0 x1 x2 + -0.001 x0 x1 x5 + -0.001 x0 x2 x4 +  0.001 x0 x2 x5 +  0.001 x0 x4 x5 + -0.001 x1 x2 x3 +  0.001 x1 x2 x4 + -0.002 x1 x2 x5 + -0.001 x1 x3 x4 +  0.001 x1 x3 x5 + -0.001 x1 x4^2 + -0.001 x2^2 x4 +  0.001 x2^2 x5 +  0.002 x2 x3 x4 + -0.002 x2 x3 x5 +  0.001 x2 x5^2 +  0.002 x3^2 x5 + -0.002 x3 x4 x5 +  0.001 x4^2 x5
27,35.0,100.0,36.85636440989091,3,6,5,20.0,100.0,9,36.0,smoothed_finite_difference_savgol_order_3,success,,504,504,100.0,6.174095042049885,"[""1"", ""x0"", ""x1"", ""x2"", ""x3"", ""x4"", ""x5"", ""x0^2"", ""x0 x1"", ""x0 x2"", ""x0 x3"", ""x0 x4"", ""x0 x5"", ""x1^2"", ""x1 x2"", ""x1 x3"", ""x1 x4"", ""x1 x5"", ""x2^2"", ""x2 x3"", ""x2 x4"", ""x2 x5"", ""x3^2"", ""x3 x4"", ""x3 x5"", ""x4^2"", ""x4 x5"", ""x5^2"", ""x0^3"", ""x0^2 x1"", ""x0^2 x2"", ""x0^2 x3"", ""x0^2 x4"", ""x0^2 x5"", ""x0 x1^2"", ""x0 x1 x2"", ""x0 x1 x3"", ""x0 x1 x4"", ""x0 x1 x5"", ""x0 x2^2"", ""x0 x2 x3"", ""x0 x2 x4"", ""x0 x2 x5"", ""x0 x3^2"", ""x0 x3 x4"", ""x0 x3 x5"", ""x0 x4^2"", ""x0 x4 x5"", ""x0 x5^2"", ""x1^3"", ""x1^2 x2"", ""x1^2 x3"", ""x1^2 x4"", ""x1^2 x5"", ""x1 x2^2"", ""x1 x2 x3"", ""x1 x2 x4"", ""x1 x2 x5"", ""x1 x3^2"", ""x1 x3 x4"", ""x1 x3 x5"", ""x1 x4^2"", ""x1 x4 x5"", ""x1 x5^2"", ""x2^3"", ""x2^2 x3"", ""x2^2 x4"", ""x2^2 x5"", ""x2 x3^2"", ""x2 x3 x4"", ""x2 x3 x5"", ""x2 x4^2"", ""x2 x4 x5"", ""x2 x5^2"", ""x3^3"", ""x3^2 x4"", ""x3^2 x5"", ""x3 x4^2"", ""x3 x4 x5"", ""x3 x5^2"", ""x4^3"", ""x4^2 x5"", ""x4 x5^2"", ""x5^3""]","[[-29.049060416907217, 22.797992195016015, -53.21042926171838, 21.07171692735346, -1.566543846584026, 6.848355559265854, -2.047187933700222, -0.0032029142626811636, 0.14281372078597868, -0.050669164139276676, -0.02574603334922482, -0.03904166107092103, 0.017927184749039895, -0.02363421662218365, -0.11812580390123606, 0.014090167168026618, 0.009593737411890223, 0.014854621369154275, 0.07076597770462496, 0.020654093959254972, 0.023831976563497538, -0.04723239690039879, -0.023042813698656642, 0.002405789451223881, 0.020250082997828236, 0.00894688481010847, -0.020565138654294154, -0.0005830348159195229, -0.00023821885542002022, 0.0010568003256198604, 0.00021539020697990043, -0.000555496204644001, -0.00017879936719131923, -0.00048579095585580217, -0.0011959224599940232, 0.001876181622867224, -0.0006374070505187602, 0.0007467613752434883, -0.00048133471802594673, -0.0011395577800089214, 0.001962946663674322, -0.0024391282779542642, 0.0006556344875443891, -2.3067591729034486e-05, 0.0014570614015542787, -0.001069623679286206, 0.0003783741739704921, 0.00084103505008467, 0.0005002307502686236, 0.00021505948614331547, -0.0001643327164440658, 0.00011538007269553458, 5.3602959100469156e-05, 0.00021830157274322878, 4.684370130875772e-05, -0.001287778035770631, 0.0008797772171583067, -0.0003341033029222261, 0.00039014816898056136, -0.00040154398080947614, 0.0012158522326469134, -0.0007680182533956257, -0.00014590075174038676, -0.0005986277774704369, -0.00021542506926795755, 0.00039634558558034706, 4.398303006975039e-05, 0.0001985353102248969, -0.0003965095639162024, -0.0002614955286924095, 0.0005233045272161277, 0.0006387715864116561, -0.0005628103961155028, 0.00022275811498972058, -0.00014485714944316574, -2.4110596386190617e-05, -0.00018578243252240548, -0.00036424603278118844, 0.000553767230563341, -0.00041868054392440746, 5.315315592545938e-05, -4.167218845766467e-05, -0.0003225369519476534, 7.371806628380184e-05], [-4.653577917711578, 35.66265157249608, 3.61606898455027, -46.3479490270399, 14.213057670275424, -7.553909062382636, 2.4097683958298064, 0.06419852199262269, -0.14964653922210147, -0.008445239018988398, 0.0163836178478808, 0.018954605048872898, -0.0016248114794266176, -0.018212319393480152, 0.20048772600884807, -0.021804835399354804, 0.00273220409992906, -0.026894943125255675, -0.06919937927566995, -0.06752735780142934, 0.0028987103520206415, 0.029993503671167245, 0.04135082873836646, 0.01026018960070243, -0.01188542059082115, -0.02149720376421283, 0.007406072981520051, 0.0044286317761755714, 4.726735053617499e-06, -5.6802938351946515e-05, -0.00046770475227617933, 0.0005453807911179722, -0.0001744854845198347, 0.0002812080267015359, 0.000647587770052103, -0.0008674718773110647, -0.00018248225524181058, -0.00026248743840011823, 0.00022084470047410053, 0.0010697222942521395, -0.0014420629897119322, 0.0012642256100318604, -0.0004940302010288443, 0.0002787844866618499, -0.0007121560077301184, 0.0006029060537952151, -0.00013093394394045286, -0.0002595382052032206, -0.0003329968972443443, -0.0001719038157285829, -4.6986692268529414e-05, 0.00031411251556527566, -0.0003376322917456529, -9.461344270342317e-05, -0.0006275136679910777, 0.001469274616903483, -0.00022563516272760905, 0.0004372489914294289, -0.0008799701577921483, 0.0007649382073206855, -0.000895114928221765, 0.00021833583397017577, 5.603100066178821e-05, 0.0003975117050341978, 0.00038053785448885594, -0.0006687192573373795, -0.00018407473960933618, -7.404067857398187e-05, 0.0008174239268781149, -0.00036161476708897834, -0.0002846379910349117, 5.718749344045876e-06, 0.00015831770872046157, -0.00010295509176072015, -0.00028168711274532434, 0.0004988012277188976, 0.00018144987728076166, -0.00021318458686877092, -0.00019647418847938404, 0.00010619231639935497, 0.00011554269503853658, -0.0002017769663210942, 0.0002681433639915638, -3.2831029346823716e-05], [2.036048644722834, -12.174025072886849, 42.34220365203682, 1.6180372493686421, -43.447428286280676, 15.563316202196207, -4.9515576663214675, -0.052395691984435444, 0.05546938980136482, 0.0664539415200999, -0.027641484986309032, -0.000834516742365786, -0.003964039127351816, 0.07852176825684634, -0.21011592032606258, -0.006197132991081581, 0.008286649602713464, 0.0224753519641992, 0.010962238898131348, 0.16043084822963058, -0.02346859921638957, -0.02471046075453553, -0.04506801572758201, -0.06742669598990723, 0.024709110202934526, 0.043635855593025415, 0.001560355636885299, -0.011949006214754771, 7.047283651777573e-05, -0.00029932587117559664, 0.000616667005566451, -0.000523908762284809, 0.00016503716257637688, -8.688893578872289e-05, -0.0001488369350520943, -0.00017469208805654914, 0.0006868428943178535, 9.804015586996212e-05, -0.00020004028645116697, -0.0006038089935839384, 0.000978584758572599, -0.0007605879219424066, 0.00033393455553014763, -0.00044251429432232907, 0.0006315870703234058, -0.00037017151966187324, 1.9983147529036264e-05, -5.3993596350307965e-05, 0.0002690629974826097, 7.300772885997281e-05, 0.0002811277056434861, -0.0007497420455360176, 0.00047854897601708597, 2.950241728776109e-05, 0.000672594400068655, -0.0008849968692457798, -0.00023649240294161802, -0.00024620192945715787, 0.0010460562407247319, -0.0010403579782946922, 0.0006316653138479115, 8.871041182073875e-05, 3.011912667507538e-05, -0.00031021654755334006, -0.0003505267339738724, 0.00042112747654092535, 0.0004088282651519308, -0.00019804690026247387, -0.0011214082453636937, 0.000826000839722026, 0.00039922821425538633, -0.0005206931030514979, 0.0002087453958660579, 8.631813089748533e-06, 0.0005055315108122573, -0.000662275315885947, -0.00028184131345039955, 0.0006335361831133286, -0.00024169692020867725, 0.00010496516289504902, -0.00030785282643090576, 0.00045361064626856055, -0.0003206237730711442, 5.11575413054266e-05], [-0.9238594180353883, 5.12845528530284, -15.296595403759083, 42.50595992246451, -0.4332878812683698, -42.87647797656429, 12.061354809026682, 0.022385382807847097, 0.01591806036809391, -0.06899602667598531, 0.02455443579182554, -0.004433213438756605, 0.000554754728304185, -0.07904904877533396, 0.10303988197093619, 0.05742571639372308, -0.025452587261280638, -0.00815949704559634, 0.061963927751626464, -0.1840181476752983, -0.00100670220302701, 0.029978736826089755, -0.010340721461798666, 0.16855755415203041, -0.03610629380033587, -0.049838480300431476, -0.04743767412076916, 0.03178225170549655, -9.63916460469691e-05, 0.00047805776802508184, -0.0005909483951015774, 0.00036224720098257347, -6.431005462546028e-05, -3.773911596050549e-05, -0.00024422781991540864, 0.0008752581879866391, -0.000768583955033993, -5.959802573336236e-05, 5.776490078366881e-05, 4.9554159097446175e-05, -0.0005460812176191094, 0.00044603360575211094, -0.00013221145292540386, 0.0005021181265434943, -0.0006524292141331425, 0.00027408649292595775, 8.030500724156347e-05, 0.00010989783116353243, -0.00013169590910141189, 2.037486335112747e-05, -0.000535564913062891, 0.0009877815611443273, -0.0004547664932768582, 7.139182019828975e-05, -0.00013644095407371404, -0.00022861612519448418, 0.0007023701652188283, -0.00017019174731333422, -0.0007300551671396385, 0.0008420175134649492, -0.0003282622425713058, -0.000359218354154916, 0.00010793731454652746, 0.0001584143820134774, 0.00018608611360861017, -2.8586366130933843e-05, -0.0007427321770334537, 0.0004520458169526371, 0.001004012236488017, -0.0004103361851573086, -0.0006661887415175069, 0.0007382687600324434, -0.0006204474518447128, 0.0002489497760713388, -0.0005000241927937261, 0.000481475204054457, 0.0004685228729935807, -0.0009537494602896125, 0.0005625904763425003, -0.00036901234510681714, 0.000449247045978552, -0.0004875366748530511, 0.00036840646405177573, -0.00012412842657945182], [2.5613591713046926, -2.558521308765638, 7.604732575435896, -13.711231715027873, 45.21565221971395, -3.1349260838212043, -35.535742990114386, -0.003987268593355022, -0.032128993734960816, 0.04356683213517222, -0.0230573255991205, 0.00839054937941739, 0.0027693188580805946, 0.041726637422986594, -0.003108955693036072, -0.06277419451094542, 0.023694084914183823, -0.00392638357541042, -0.07298458984812778, 0.08997211013717892, 0.05170133183372515, -0.03588497995493186, 0.08994810947622252, -0.2058828347457395, 0.001142917789114904, -0.0024542738473044283, 0.13813331718616137, -0.04750577519314319, 0.00011014644056023543, -0.0005098770881980667, 0.0004228689566284274, -0.00010159922195804105, -8.915149501962792e-05, 7.792363848301835e-05, 0.00035903359085336903, -0.0010751025498504621, 0.0004494747557952935, 1.4821345787766462e-05, 0.0003862778997805286, 0.0002603710180714618, 0.00035036515829732365, 7.865083805167561e-05, -0.00030540992077849666, -0.0004182061674574766, 0.00041949323770325444, -0.00015565793304658513, -1.9412783638754584e-05, -0.00016211581262335278, -5.606628059252608e-05, -0.0001205663471561764, 0.0006833710606179016, -0.0007942937061556733, 0.0002351537374883142, -0.00013456040132958346, -0.0003528376427712844, 0.0008935123642277319, -0.0010430461253415951, 0.0007095912946543299, 0.00019458752507458928, -0.00022612406156317645, -0.0001126368592327184, 0.0004977298726966973, -0.00020331350737653008, -4.9859511984313924e-05, -6.888194999098637e-05, -0.00032465957205033856, 0.0010646266648651457, -0.0006029693636171685, -0.00039600596845057836, -0.000822843833855627, 0.0012333460355476082, -0.0004944803418757453, 0.0006111394842864886, -0.0005491320683861705, 0.0003513200144977714, -8.859433172400653e-05, -0.0009707433828541502, 0.0007734086708666367, 0.00013155199790432977, 0.0004824670496707968, -0.00038563424841335606, 8.144594780923031e-05, -0.00027247104497414793, 0.0001927666526907478], [17.458377933291892, 2.072298225207307, -7.2457868318433185, 1.5413334550890962, -20.021961049796886, 53.57503354044566, -23.80133324744879, -0.006330036711564623, 0.028687975882278324, -0.028876305264117306, 0.03945686593293937, -0.01340962478260025, 0.000794330278624856, -0.0016202677298092557, -0.04483525396144652, 0.04391701431263528, -0.03658392616625808, 0.014483446410531339, 0.043386992195715485, 0.011832057930045926, -0.06662130117365081, 0.03425563318518239, -0.13001524597511685, 0.1298821749771587, 0.07578407662013113, 0.08837301091299186, -0.18040895646483704, 0.004899944381806163, -0.00014357702903287356, 0.0007469272933423713, -0.00027406722836711874, -0.00017277589151904054, 0.0002847317971369567, -0.00016138539066789737, -0.0005737033969337741, 0.0013482323702843414, -0.0002360444810665689, 0.0003740270155498612, -0.0014334475879526074, -0.00040893656109920685, -0.00026038109455056693, -0.0011397177803643905, 0.0011416290229264887, 0.00021475090868438283, -0.0001491247594576699, 0.00017103579511770433, -0.00016384322844738947, 0.00036070635309107073, 0.0004039282155622511, 0.0003353052033604282, -0.0006407802399596776, 0.0003312982278186521, 0.00018146715386388148, 7.057872308177721e-05, 0.0005107645425106035, -0.0010332066117078721, 0.001558662896179593, -0.0018672049088327728, 0.00023671319982685992, -0.0005686548725894831, 0.0010924027257257212, -0.00070698371728835, -2.132954558896602e-06, 0.00018083117462583463, 0.00010562516038555116, 0.00038114848195152013, -0.0012915731699346393, 0.0008199507705277096, 5.648147765914988e-05, 0.0021640914565031165, -0.002420826743716898, 9.729637797966781e-05, -0.00033308392244892093, 0.0010861629707383227, -0.00023745978494214392, -0.0005428467858949963, 0.0019464088277816914, 0.00024314029723628765, -0.002047399263186665, -0.0005328388114437877, 0.00010168699542348911, 0.0009300796021730949, -0.00047124910975032897, -0.00011206198193586634]]",(x0)' = -29.049 1 +  22.798 x0 + -53.210 x1 +  21.072 x2 + -1.567 x3 +  6.848 x4 + -2.047 x5 + -0.003 x0^2 +  0.143 x0 x1 + -0.051 x0 x2 + -0.026 x0 x3 + -0.039 x0 x4 +  0.018 x0 x5 + -0.024 x1^2 + -0.118 x1 x2 +  0.014 x1 x3 +  0.010 x1 x4 +  0.015 x1 x5 +  0.071 x2^2 +  0.021 x2 x3 +  0.024 x2 x4 + -0.047 x2 x5 + -0.023 x3^2 +  0.002 x3 x4 +  0.020 x3 x5 +  0.009 x4^2 + -0.021 x4 x5 + -0.001 x5^2 +  0.001 x0^2 x1 + -0.001 x0^2 x3 + -0.001 x0 x1^2 +  0.002 x0 x1 x2 + -0.001 x0 x1 x3 +  0.001 x0 x1 x4 + -0.001 x0 x2^2 +  0.002 x0 x2 x3 + -0.002 x0 x2 x4 +  0.001 x0 x2 x5 +  0.001 x0 x3 x4 + -0.001 x0 x3 x5 +  0.001 x0 x4 x5 +  0.001 x0 x5^2 + -0.001 x1 x2 x3 +  0.001 x1 x2 x4 +  0.001 x1 x3 x5 + -0.001 x1 x4^2 + -0.001 x1 x5^2 +  0.001 x2 x3 x5 +  0.001 x2 x4^2 + -0.001 x2 x4 x5 +  0.001 x3 x4 x5 | (x1)' = -4.654 1 +  35.663 x0 +  3.616 x1 + -46.348 x2 +  14.213 x3 + -7.554 x4 +  2.410 x5 +  0.064 x0^2 + -0.150 x0 x1 + -0.008 x0 x2 +  0.016 x0 x3 +  0.019 x0 x4 + -0.002 x0 x5 + -0.018 x1^2 +  0.200 x1 x2 + -0.022 x1 x3 +  0.003 x1 x4 + -0.027 x1 x5 + -0.069 x2^2 + -0.068 x2 x3 +  0.003 x2 x4 +  0.030 x2 x5 +  0.041 x3^2 +  0.010 x3 x4 + -0.012 x3 x5 + -0.021 x4^2 +  0.007 x4 x5 +  0.004 x5^2 +  0.001 x0^2 x3 +  0.001 x0 x1^2 + -0.001 x0 x1 x2 +  0.001 x0 x2^2 + -0.001 x0 x2 x3 +  0.001 x0 x2 x4 + -0.001 x0 x3 x4 +  0.001 x0 x3 x5 + -0.001 x1 x2^2 +  0.001 x1 x2 x3 + -0.001 x1 x3^2 +  0.001 x1 x3 x4 + -0.001 x1 x3 x5 + -0.001 x2^2 x3 +  0.001 x2 x3^2 | (x2)' =  2.036 1 + -12.174 x0 +  42.342 x1 +  1.618 x2 + -43.447 x3 +  15.563 x4 + -4.952 x5 + -0.052 x0^2 +  0.055 x0 x1 +  0.066 x0 x2 + -0.028 x0 x3 + -0.001 x0 x4 + -0.004 x0 x5 +  0.079 x1^2 + -0.210 x1 x2 + -0.006 x1 x3 +  0.008 x1 x4 +  0.022 x1 x5 +  0.011 x2^2 +  0.160 x2 x3 + -0.023 x2 x4 + -0.025 x2 x5 + -0.045 x3^2 + -0.067 x3 x4 +  0.025 x3 x5 +  0.044 x4^2 +  0.002 x4 x5 + -0.012 x5^2 +  0.001 x0^2 x2 + -0.001 x0^2 x3 +  0.001 x0 x1 x3 + -0.001 x0 x2^2 +  0.001 x0 x2 x3 + -0.001 x0 x2 x4 +  0.001 x0 x3 x4 + -0.001 x1^2 x3 +  0.001 x1 x2^2 + -0.001 x1 x2 x3 +  0.001 x1 x3^2 + -0.001 x1 x3 x4 +  0.001 x1 x3 x5 + -0.001 x2 x3^2 +  0.001 x2 x3 x4 + -0.001 x2 x4^2 +  0.001 x3^3 + -0.001 x3^2 x4 +  0.001 x3 x4^2 | (x3)' = -0.924 1 +  5.128 x0 + -15.297 x1 +  42.506 x2 + -0.433 x3 + -42.876 x4 +  12.061 x5 +  0.022 x0^2 +  0.016 x0 x1 + -0.069 x0 x2 +  0.025 x0 x3 + -0.004 x0 x4 +  0.001 x0 x5 + -0.079 x1^2 +  0.103 x1 x2 +  0.057 x1 x3 + -0.025 x1 x4 + -0.008 x1 x5 +  0.062 x2^2 + -0.184 x2 x3 + -0.001 x2 x4 +  0.030 x2 x5 + -0.010 x3^2 +  0.169 x3 x4 + -0.036 x3 x5 + -0.050 x4^2 + -0.047 x4 x5 +  0.032 x5^2 + -0.001 x0^2 x2 +  0.001 x0 x1 x2 + -0.001 x0 x1 x3 + -0.001 x0 x2 x3 +  0.001 x0 x3^2 + -0.001 x0 x3 x4 + -0.001 x1^2 x2 +  0.001 x1^2 x3 +  0.001 x1 x2 x4 + -0.001 x1 x3^2 +  0.001 x1 x3 x4 + -0.001 x2^2 x4 +  0.001 x2 x3^2 + -0.001 x2 x3 x5 +  0.001 x2 x4^2 + -0.001 x2 x4 x5 + -0.001 x3^3 + -0.001 x3 x4^2 +  0.001 x3 x4 x5 | (x4)' =  2.561 1 + -2.559 x0 +  7.605 x1 + -13.711 x2 +  45.216 x3 + -3.135 x4 + -35.536 x5 + -0.004 x0^2 + -0.032 x0 x1 +  0.044 x0 x2 + -0.023 x0 x3 +  0.008 x0 x4 +  0.003 x0 x5 +  0.042 x1^2 + -0.003 x1 x2 + -0.063 x1 x3 +  0.024 x1 x4 + -0.004 x1 x5 + -0.073 x2^2 +  0.090 x2 x3 +  0.052 x2 x4 + -0.036 x2 x5 +  0.090 x3^2 + -0.206 x3 x4 +  0.001 x3 x5 + -0.002 x4^2 +  0.138 x4 x5 + -0.048 x5^2 + -0.001 x0^2 x1 + -0.001 x0 x1 x2 +  0.001 x1^2 x2 + -0.001 x1^2 x3 +  0.001 x1 x2 x3 + -0.001 x1 x2 x4 +  0.001 x1 x2 x5 +  0.001 x2^2 x4 + -0.001 x2^2 x5 + -0.001 x2 x3 x4 +  0.001 x2 x3 x5 +  0.001 x2 x4 x5 + -0.001 x2 x5^2 + -0.001 x3^2 x5 +  0.001 x3 x4^2 | (x5)' =  17.458 1 +  2.072 x0 + -7.246 x1 +  1.541 x2 + -20.022 x3 +  53.575 x4 + -23.801 x5 + -0.006 x0^2 +  0.029 x0 x1 + -0.029 x0 x2 +  0.039 x0 x3 + -0.013 x0 x4 +  0.001 x0 x5 + -0.002 x1^2 + -0.045 x1 x2 +  0.044 x1 x3 + -0.037 x1 x4 +  0.014 x1 x5 +  0.043 x2^2 +  0.012 x2 x3 + -0.067 x2 x4 +  0.034 x2 x5 + -0.130 x3^2 +  0.130 x3 x4 +  0.076 x3 x5 +  0.088 x4^2 + -0.180 x4 x5 +  0.005 x5^2 +  0.001 x0^2 x1 + -0.001 x0 x1^2 +  0.001 x0 x1 x2 + -0.001 x0 x1 x5 + -0.001 x0 x2 x4 +  0.001 x0 x2 x5 + -0.001 x1^2 x2 +  0.001 x1 x2^2 + -0.001 x1 x2 x3 +  0.002 x1 x2 x4 + -0.002 x1 x2 x5 + -0.001 x1 x3 x4 +  0.001 x1 x3 x5 + -0.001 x1 x4^2 + -0.001 x2^2 x4 +  0.001 x2^2 x5 +  0.002 x2 x3 x4 + -0.002 x2 x3 x5 +  0.001 x2 x5^2 + -0.001 x3^2 x4 +  0.002 x3^2 x5 + -0.002 x3 x4 x5 + -0.001 x3 x5^2 +  0.001 x4^2 x5
28,35.0,100.0,36.85636440989091,3,8,1,4.0,28.0,0,0.0,finite_difference,success,,1304,1320,98.78787878787878,19.164132554084063,"[""1"", ""x0"", ""x1"", ""x2"", ""x3"", ""x4"", ""x5"", ""x6"", ""x7"", ""x0^2"", ""x0 x1"", ""x0 x2"", ""x0 x3"", ""x0 x4"", ""x0 x5"", ""x0 x6"", ""x0 x7"", ""x1^2"", ""x1 x2"", ""x1 x3"", ""x1 x4"", ""x1 x5"", ""x1 x6"", ""x1 x7"", ""x2^2"", ""x2 x3"", ""x2 x4"", ""x2 x5"", ""x2 x6"", ""x2 x7"", ""x3^2"", ""x3 x4"", ""x3 x5"", ""x3 x6"", ""x3 x7"", ""x4^2"", ""x4 x5"", ""x4 x6"", ""x4 x7"", ""x5^2"", ""x5 x6"", ""x5 x7"", ""x6^2"", ""x6 x7"", ""x7^2"", ""x0^3"", ""x0^2 x1"", ""x0^2 x2"", ""x0^2 x3"", ""x0^2 x4"", ""x0^2 x5"", ""x0^2 x6"", ""x0^2 x7"", ""x0 x1^2"", ""x0 x1 x2"", ""x0 x1 x3"", ""x0 x1 x4"", ""x0 x1 x5"", ""x0 x1 x6"", ""x0 x1 x7"", ""x0 x2^2"", ""x0 x2 x3"", ""x0 x2 x4"", ""x0 x2 x5"", ""x0 x2 x6"", ""x0 x2 x7"", ""x0 x3^2"", ""x0 x3 x4"", ""x0 x3 x5"", ""x0 x3 x6"", ""x0 x3 x7"", ""x0 x4^2"", ""x0 x4 x5"", ""x0 x4 x6"", ""x0 x4 x7"", ""x0 x5^2"", ""x0 x5 x6"", ""x0 x5 x7"", ""x0 x6^2"", ""x0 x6 x7"", ""x0 x7^2"", ""x1^3"", ""x1^2 x2"", ""x1^2 x3"", ""x1^2 x4"", ""x1^2 x5"", ""x1^2 x6"", ""x1^2 x7"", ""x1 x2^2"", ""x1 x2 x3"", ""x1 x2 x4"", ""x1 x2 x5"", ""x1 x2 x6"", ""x1 x2 x7"", ""x1 x3^2"", ""x1 x3 x4"", ""x1 x3 x5"", ""x1 x3 x6"", ""x1 x3 x7"", ""x1 x4^2"", ""x1 x4 x5"", ""x1 x4 x6"", ""x1 x4 x7"", ""x1 x5^2"", ""x1 x5 x6"", ""x1 x5 x7"", ""x1 x6^2"", ""x1 x6 x7"", ""x1 x7^2"", ""x2^3"", ""x2^2 x3"", ""x2^2 x4"", ""x2^2 x5"", ""x2^2 x6"", ""x2^2 x7"", ""x2 x3^2"", ""x2 x3 x4"", ""x2 x3 x5"", ""x2 x3 x6"", ""x2 x3 x7"", ""x2 x4^2"", ""x2 x4 x5"", ""x2 x4 x6"", ""x2 x4 x7"", ""x2 x5^2"", ""x2 x5 x6"", ""x2 x5 x7"", ""x2 x6^2"", ""x2 x6 x7"", ""x2 x7^2"", ""x3^3"", ""x3^2 x4"", ""x3^2 x5"", ""x3^2 x6"", ""x3^2 x7"", ""x3 x4^2"", ""x3 x4 x5"", ""x3 x4 x6"", ""x3 x4 x7"", ""x3 x5^2"", ""x3 x5 x6"", ""x3 x5 x7"", ""x3 x6^2"", ""x3 x6 x7"", ""x3 x7^2"", ""x4^3"", ""x4^2 x5"", ""x4^2 x6"", ""x4^2 x7"", ""x4 x5^2"", ""x4 x5 x6"", ""x4 x5 x7"", ""x4 x6^2"", ""x4 x6 x7"", ""x4 x7^2"", ""x5^3"", ""x5^2 x6"", ""x5^2 x7"", ""x5 x6^2"", ""x5 x6 x7"", ""x5 x7^2"", ""x6^3"", ""x6^2 x7"", ""x6 x7^2"", ""x7^3""]","[[-1.7868700799453265, 726.4711268846759, -2109.136200639639, 3329.6039023719536, -3756.9051416019456, 2919.6263453532747, -1526.0435117920333, 490.1255566139529, -73.87326359945628, -0.16856575600579915, 1.3050285004335764, -2.2954514052635573, 2.1026725463170366, -0.30019534383899765, -1.530247116442887, 1.797406984293076, -0.6303134301505842, -1.251746658787937, 1.7782699671979727, -0.8445083464345634, -0.4407498638030594, 2.730759310860421, -4.168273777790399, 1.6100854971738636, 1.3819823364427608, -2.5758016298777027, -1.63324542694184, 1.8214831164494896, 2.5882174500512027, -1.306000610206201, 0.8962368702817527, 1.568696463154939, -2.8849343301975887, -0.42738068159311243, -0.1551779190897791, 1.3163442215714167, -2.3886027027897185, 0.12457140798122808, 1.5509412857576519, 1.2229389894344973, 1.4429258992180802, -2.1795172390123185, -1.4575269589779645, 1.7072400346949415, -0.3075433217614767, -0.003498556524364814, 0.01597041746276229, 0.012870794888676759, -0.03276969132740629, 0.02333387466400362, -0.008365678822374267, 0.005054220258016841, -0.005781160228529683, -0.029548043199920233, -0.0012992407267847646, 0.009911360131097318, 0.023150441498632955, -0.0204380901157723, -0.006369036144876915, 0.024916998366848638, 0.005259512743875895, 0.005124523149345367, 0.009792473760472915, 0.0023279778716481098, -0.022788381908385974, 0.0, -0.017576000067065094, -0.012951095978454598, 0.028114970130085973, -0.00987904228587785, -0.0020930399971780967, -0.01640868973949773, 0.02374370288188697, 0.0196895408800804, -0.005093226128724971, -0.007696368785696814, -0.01142650498641423, -0.0009644776541260921, -0.005113609860057204, 0.013440073613120943, -0.005855671134830096, 0.009170239389496262, 0.012049826094271123, -0.003175059498960502, -0.023979777021422174, -0.016021872493605746, 0.04080620856972272, -0.039914181121220596, -0.0003075936722660135, 0.004806629222388581, -0.004177151811479306, 0.008047256091800292, 0.014910194585000657, 0.016119426808829298, 0.022811352855011523, 0.00824569908819702, 0.009456407144565995, -0.021192141143428725, -0.0034448794231806577, -0.0132994007651384, -0.006865841713369628, -0.0026648169765618513, 0.010996135099266292, -0.012244704929605691, 0.006801958624407782, 0.005492145966078219, 0.009976169436704369, -0.021500793995280026, 0.014198626217007033, -0.02285619454463238, -0.0016407870208983036, -0.001542302718899878, 0.005544373914591073, -0.016138784286198127, 0.019620406909063567, 0.013455456081528264, 0.003425770777545824, 0.004203555394714521, -0.02670068350861392, -0.007187140801168601, -0.004526373431441991, 0.007301912228395429, 0.0074888025710119245, -0.004462401505146244, 0.007370697586014205, 0.012368178359117599, -0.008216161031979599, 0.008336766888368312, -0.01134783972370641, -0.012751139807431271, 0.0030850628954877325, -0.00968859824831876, 0.0036237119133041198, -0.0023630612869673167, -0.001794996882615079, -0.01103143366558434, 0.006673055393650065, 0.019889888852158175, 0.0029177863164002358, -0.0110813548365609, -0.011828602006555236, 0.0021623004541216537, -0.017605383541575568, 0.030793323729195625, 0.011782942678745812, -0.0008012328645650048, 0.01030320752975676, 0.020499618396995992, -0.006280310443952193, -0.007889385425192364, -0.01194009679037336, -0.008878645768683571, -0.019001197462060696, 0.014240966498752478, -0.019356994143033695, -0.0017324190476243981, 0.007382424128685056, -0.0003453032079453711, 0.01485651878140321, 0.006142176613285919, 0.003270239908597232, 0.0006261097868696075, -0.02190500718226999, 0.014984221036135096, -0.0033329582152487555], [0.002013873151159637, 125.00365665094405, 0.21448101757715818, -126.33947160438831, 3.597995708646022, -5.438950690258954, 4.844618034327631, -2.409161423829045, 0.527335600704981, 0.02670030763184018, -0.13754713644208702, 0.06912551928886522, 0.13488215980830823, -0.16714670571685342, 0.0, 0.07318816597313642, -0.025402200073352015, 0.18345256483006908, -0.22678036924465889, -0.2903777738495581, 0.37226612408150006, 0.044200783264232414, -0.15444807678847505, 0.024149431852955917, 0.13320192085158253, 0.022994213270016686, 0.019691743632205036, -0.35452129445713126, 0.125803212145399, 0.07465738882749531, 0.004438427681433154, 0.005560183049700015, 0.10352869990028332, 0.2849043470349653, -0.25553831843662056, -0.10095286966649233, 0.03533542651621182, -0.31823013029038716, 0.2306974414319987, 0.20839728266100693, -0.24048099870623366, 0.01533868953179749, 0.1623861199944877, -0.10526137606152719, 0.021768943227045784, -0.00041266083778648854, 0.0020786892072133262, 0.0016088706739105247, -0.008858607368126081, 0.013204507122224743, -0.012360220187451837, 0.006334787450582809, -0.002114645168914304, -0.003400730420483378, 0.004656193786823129, -0.003136134881151093, 0.007730872683390296, -0.0030030823374482215, 0.000873052799356483, 0.003154287176405056, 0.001427123556654797, -0.006959737254937517, -0.011111540840353944, -0.005779694960884756, 0.002423921433886958, -0.0016561713593074901, 0.01054569761786747, 0.005883981064188239, 0.013657219628251002, 0.005895246896888918, -0.0029562437017705274, -0.012973416678903463, -0.004940124849464583, -0.01553616633642701, 5.4846333274722784e-05, 0.014323694234569298, 0.0023849868958104466, 0.01012744938265528, -0.007733014937423047, -0.0028381482951890455, 0.00026535741655290916, -0.0026561301797555065, 0.005533447334683988, -0.0031352180478325335, 0.005660092835001437, 0.005322513215512161, -0.005398535255919059, -0.0019097228877173358, 0.0016528072317398077, -0.006938002124969691, -0.006882203248550948, -0.00013590268586369044, -0.002121470877521701, 0.0016309001835937435, 0.0032754353164357133, 0.0028469558922458917, 0.006848562454806819, 0.0013818111923595124, 1.887056623678601e-05, -0.006399768590293034, -0.004198889885513586, -0.003994409959931431, 0.002654601718369028, -0.0008420803329078654, -0.0008497235694222151, -0.0138630071171236, 0.011550836661067765, 0.0021507680222240698, 0.0028905623132612873, 0.0006429256383533887, -0.002521328547785492, -0.003480990572347556, 0.001002534113035852, 0.00017406465232071836, 0.0040166959528384885, 0.004212332680668642, 0.003809317950446551, 0.0031136912764315986, -0.0004136555062767918, -0.0014820739820695956, 0.004433610114112466, 0.004665593407022024, 0.007860306162689446, 0.01562785485655578, -0.00119049043664464, -0.004277967548557568, -0.006605096139686903, -0.0034989947140674892, -0.0010376123127452028, -0.006978930952211429, 0.0003432406777405035, -0.0036703067743091566, -0.006850360380014567, -0.008312344625533787, -0.01406641155852738, -0.0026285386369548094, -0.000863317324533331, 0.005405464891838739, 0.006598122850965987, -0.00326338093266753, -0.001543098226404586, 0.000719265674710418, 0.001321582357985994, 0.011083049399470015, 0.006358464810594307, 0.0020317755959706183, 0.0038955662971895872, 0.008713272826041412, 0.0023622976857842833, -0.0009113212873088526, -0.0022431612486266688, -0.009008637941249701, -0.005907657992204829, -0.006459130406460925, -0.005230379631602953, -0.002986360733505411, 0.0005307779785720926, -0.00019399404893836731, 0.005840850526654929, 0.012019369149961602, 0.0, -0.0014392232041553963, -0.007131191909988429, 0.0028058815063325675, -0.00034538893283187584], [-0.03407313916927926, -0.23404024927496922, 126.7882552190952, -6.0297508471663726, -113.3434583963182, -14.033405581816886, 10.58987863196172, -4.680896916821795, 0.9471172935357531, 0.0264285561303679, -0.12995426270033, 0.37153311310293846, -0.6892309893532899, 0.7478058947678062, -0.49392327144598197, 0.15642303446000771, -0.006301645667477005, -0.06974477099951279, 0.22765629617459526, -0.029527597715323185, 0.06784056609770947, -0.13469958164877555, 0.2463607714359313, -0.16192002463865882, -0.17846094885845695, -0.025751568262592735, -0.213306879298395, 0.12607434281376625, -0.2594905610500704, 0.27389780058267665, 0.3102524107019416, -0.07854967092522357, 0.39809685428975367, -0.22929898695959153, -0.19348126304040097, -0.3899239555751363, 0.18214301201260633, 0.1680858961550269, 0.13382144507221388, -0.021658949456798998, -0.10868269978044644, -0.06983217422419068, 0.029389124265789962, 0.020367995190576704, -0.0024298488908983244, 0.000631029520037056, -0.0032147286589101817, 0.0044183637335130765, -0.002135131643054211, 0.006032033595181988, -0.012264649964628895, 0.00784455667686026, -0.0035374522504206503, 0.0004098445816968046, -0.0033299366709576305, -0.00972043341010204, 0.010567049708812169, 0.004090136954115458, 0.001152430449568681, 0.0070389567674461586, 0.006571533387174129, -0.0006889800886522298, -0.01439855870112037, -0.015183448197273576, 0.0011846094485687296, -0.006924585224782748, 0.013074249469232727, 0.0008197712059990786, 0.015636717384713356, 0.016392195601598422, -0.0016469830208852608, -0.015883774669041565, -0.0007009474585770293, -0.025415067161679607, 0.000531574783377889, 0.02019656620364478, -0.006358580781520857, 0.015238468582124333, -0.0017521670706084362, -0.009377523634767827, 0.0022447219712778315, 0.005923487546609614, -0.005580293890959513, -0.011077954070927277, 0.01827651192647236, 0.007294103777255907, -0.01789949591838983, -0.0022182571014388573, -0.0017269712622133772, -0.006844368699908465, -0.000577134735974409, -0.004295047475542562, 0.0024179458553232934, 0.007900482038067218, -0.0002458700729338187, 0.0, 0.009003830950435398, 0.011038934988387199, -0.0020928327130919824, -0.001958936206412653, -0.0009705650067081588, -0.013888288804520527, -0.0014663601422812667, 0.00031243262878533925, -0.009421091735059256, -0.009530604306631071, 0.019754006096336714, -0.00032536148557486805, 0.0004537058662136144, 0.008889668576077828, 0.0007998426020205197, -0.004117011765000805, -0.010892809520966216, 0.00740663181129667, 0.003032828557234557, 0.0004698392704023237, 0.00044283096663570503, -0.002371624958846275, 0.004761610239051536, -0.009632718322355856, 0.005748854432920095, 0.00456332224130488, 0.002710676333555845, 0.02072036865785415, 7.5959425559009134e-06, -0.00838488521678132, 0.0020810704088972173, -0.0008377724556483799, -0.006216491269877595, -0.0019095400850328006, -0.002257162013056846, -0.0009908283933621877, -0.004208625915355636, -0.0032131486795153627, -0.018600420417491725, 0.0029475943702222704, 0.0023415177527704853, 0.0031429155035064544, 0.013380526984535174, 0.00012966249402620225, -0.0042575695829773115, -0.0015982325363381956, 0.0013775503582641475, 0.0008356874447810642, 0.005017845395700049, -0.00013755125985704368, -0.0012659764058551046, 0.001250171138711259, 0.007120518541753185, -0.0025100855897248536, -0.0035028815861288744, -0.015357769594085188, 0.005059323060763401, 0.0012295106518789684, -0.003649425703525953, 0.0018865396569768534, 0.0006886074336436028, 0.0, 0.005089120996100726, 0.0045145383247324694, -0.0008700186291304482, -0.007802487566155596, 0.0039422305466653195, -0.0009493811573411523, 0.00014733113378956875], [-0.06261609179414697, -0.5395055234847704, 3.486068514937797, 114.68497056562212, 17.935301697215785, -144.7687236250457, 13.894620982954669, -5.8275272797172715, 1.1401408008370846, 0.04217836971227053, -0.23297560761193495, 0.8259172133977204, -1.7282872742522635, 1.857231276658622, -0.9667633649682753, 0.13789985388677833, 0.03422361708263741, -0.1698535200023321, 0.47343686565999893, 0.7698328539570405, -1.1788197248792232, 0.0, 0.7543250567609233, -0.3126634955311022, -0.9372648452650336, 0.7816397021423671, 0.0, 0.4897703250908149, -0.7246068690225334, 0.2063883346813152, 0.0, -0.2818917543011772, 0.5386020661390901, -0.8250840345224075, 0.462799715121593, -0.43300530771051987, 0.6082803564350467, 0.8179737036676121, -0.6731307972705286, -0.614860839691814, 0.03450294993491876, 0.34629012884562427, -0.0064757970325440666, -0.11709072018074954, 0.021509859625319795, 0.0027797877217046823, -0.013501271068616405, 0.011671583566532024, -5.8606182322381674e-05, 0.002445548886403387, -0.01300462140642114, 0.011296736258281094, -0.00639816151663261, 0.008209662744082212, -0.009671610025751757, -0.01817027350084703, 0.013369632388973252, 0.0062069099489850624, -0.0044952183880864836, 0.016094496318743406, 0.007503481622621411, 0.006265792076713339, -0.006627486221825152, -0.01551085565596411, -0.00520792952261968, -0.009855972401598731, 0.009641171751180093, -0.007354409586717061, 0.013767664044098325, 0.022323030093793123, -0.002916420196876439, -0.017110005497951462, 0.00721056545617928, -0.019214781763883526, -0.00335446258604046, 0.018608475862961976, -0.014163895778764247, 0.01860456479351126, -0.0022178800281972715, -0.006685883967448, 0.001513312518391126, 0.012735762540352634, -0.017342958071361346, -0.014110027685367439, 0.023616372597247, 0.008725384923939636, -0.015465020593052993, -0.009713789667715581, -0.004616902385162308, 0.000580191695995437, 0.00036956219199402537, -0.008991077533232547, 0.0, 0.01314361023915824, 0.0031056225762198194, -0.0014544919015687294, 0.004120809390966781, 0.014750623078377554, 0.00889925604461485, -0.00044274222359470036, 0.001307390896390624, -0.024069445529943098, -0.005226955742146115, 0.0019782591317788188, -0.013663153661583487, -0.006739705956249517, 0.030311996909317736, -0.009779872972642486, 0.0005457309462388653, 0.012489393676227405, 0.00472450752544606, -0.011466748979728662, -0.016991985368410834, 0.017388224343972813, -0.0005790524615879175, -0.0014245297699940669, -0.004133326491217529, -0.0015858425366317228, 0.007329770283050118, -0.014634360780805867, 0.010493790458966035, 0.009248082438076915, -0.00805750618089046, 0.015082843079717863, 0.0018621943873082896, -0.011766618489207552, 0.013643857764095164, 0.004679486262090508, -0.01300306750413055, 0.0037446019622490783, -0.005924903871266322, -0.00047665741410486494, 0.002389356618324489, -0.0002484318478057118, -0.020021695838638807, 0.007010485318758267, 0.0043167764759926945, -0.0013058180203296388, 0.0159899963777577, -0.00401360447140624, -0.007505156961280468, 0.00791865926279445, -0.001234049810498394, -0.009183689307130321, 0.00258582947323069, -0.0014316491013045786, -0.005317168077259614, 0.0008392255813195932, 0.009144993553214163, -0.005858163222810988, 0.0006889651820688292, -0.013064935742708244, 0.010215754055581592, 0.0021607919663319836, -0.0010276883649583553, 0.004241100077240549, 0.006501000123894568, -0.01854909041544252, 0.005907610375739379, 0.01482391663677472, -0.002831235213377816, -0.01875154477812035, 0.017132749284730495, -0.008357807268462534, 0.0016249001313256293], [-0.08808267395827508, -0.6945885974174387, 4.010782548203187, -10.770453836435713, 142.2503128412709, -17.754072082835425, -113.1758152745554, -4.7761186128501345, 0.9145674271404305, -0.038408463681892616, 0.20311955584268715, 0.0, -0.457707761467704, 0.653343669918749, -0.3506510734329425, -0.018920568027712817, 0.051747221486688616, -0.32108094487709493, 0.3150083205840299, 0.27328292344863503, -0.3014121053911538, -0.2867780445144913, 0.7472006516380609, -0.33347115473624994, 0.1154899611520693, -0.3736822788210364, 0.040556092514678316, 0.20443260410008493, -0.7488296453952362, 0.40452037641719274, -0.1398827656006027, 0.46781453310180005, 0.6578423852148458, -0.3388258551257795, -0.07379099034425649, -0.3861907981163818, -0.3101180330502432, 0.36323710368963114, -0.006298726063968938, -0.12722073065882256, 0.44968879101736603, -0.20155569976949683, -0.31836365268863076, 0.2191378631340048, -0.03320612687412464, 0.0022664308707673027, -0.010922417232540798, 0.010044861128887809, 0.0018963889314629102, -0.001348682594851507, -0.008300983969145033, 0.007242973017264667, -0.004721434207086034, 0.005664471419860789, -0.011557488813785615, -0.01460237578141118, 0.010934724150013432, 0.007752800866538997, -0.0003921518650406278, 0.012769075110127717, 0.00802124262888141, 0.00907688163238065, -0.0026248266486084367, -0.013575473177145388, -0.011780151879937114, -0.007948723873994874, 0.003199698052674006, -0.009660986432657392, 0.013146431695698433, 0.017615235247357697, 0.00046793792698425257, -0.013010592342138914, 0.010904864960753949, -0.013664003388183596, -0.0047070606980539696, 0.012584813097621533, -0.014952340443570933, 0.014965271838253141, 0.0004068648347248555, -0.004918578377169679, 0.0013332573807808888, 0.013852337391559872, -0.016860461841214758, -0.012126797524017166, 0.017466379686252354, 0.0017730654905719397, -0.011201857036370546, -0.010004313344864253, -0.004687649062580935, 0.0034406223342297215, 0.004466102908494118, -0.009025913550440662, 0.008404426516190175, 0.013136607018795446, 0.0019033274778570898, -0.0012578911447329866, 0.0036712171926371875, 0.013679110306099881, 0.0072135869548352076, -0.0011246340846869894, 0.0008724419486177599, -0.019189385632929185, -0.008041460174052918, -0.00020048448226866328, -0.010189353182911252, 0.0005512915201891379, 0.02375280482178281, -0.011284150085367225, -0.0011602141577264405, 0.008772016926279467, 0.005068584140790534, -0.00525200991976905, -0.01605772611525243, 0.009707807689128775, -0.0015072262194984446, -0.0027760754576544237, -0.0031213727572984807, -0.0021487589939823792, 0.00463386424833301, -0.013868206447871758, 0.007809955695148036, 0.006441197562608449, -0.007931023638628595, 0.007258992087899083, 0.0017952298500290515, -0.007067689988267405, 0.014872688940975194, 0.0051476591137407345, -0.01130048721801738, 0.008131363093291431, -0.007128766167706402, 0.000667934639536349, 0.0049790976935578345, 0.0, -0.009871408053664583, 0.0069580227454890875, 0.004944999572858726, 0.0007372643096111117, 0.013684912000171964, -0.002896756316468931, -0.006495413923023289, 0.003887363289311611, -0.0037752327565166712, -0.01204423494233182, -0.0023190518283411217, -0.0020661258018446894, -0.005827349578271507, -0.0010444566096383429, 0.0021555905685565614, -0.0059939737648539645, -0.0008060893131817892, 0.0, 0.010535557615209058, 0.005471504653138271, 0.0023501103487254048, 0.005172002734721275, 0.006038441673327777, -0.023148492663179816, 0.0064516913577349014, 0.013756921660424293, -0.005241997839149231, -0.018298995655205864, 0.016323008602893523, -0.006382159126871412, 0.0011823371599764246], [-0.06510328361428429, -0.4400991873990924, 2.2704313854938554, -5.385767472084923, 7.601878165594295, 118.05979618785092, 4.191984990439519, -126.59551660704895, 0.2998174045422518, -0.028358790892237206, 0.14641574302175667, -0.1199124358158235, 0.007174952615516911, 0.06796870743112286, 0.034744415854349536, -0.12750800146844632, 0.048172129147286545, -0.15345475319759083, 0.14190991893812202, 0.01692462843054588, -0.10914940607127832, -0.22874247183352295, 0.5133586454662187, -0.1736507441008018, 0.09368637683887346, -0.10095206247780142, 0.28397778088680453, -0.06377307564015726, -0.466904223284787, 0.13484681102984628, -0.2599498147235293, 0.19547935099763805, 0.31375672120988024, -0.01082858268761451, 0.10617628320743976, -0.12332585933386148, -0.08783123557792281, 0.0943016696656235, -0.2064730689860743, -0.1141171972857594, 0.1612038219780672, 0.10328705721028499, -0.06635590392568234, -0.03177567623776359, 0.009693295763816372, 0.0004941475402798288, -0.0026463502308013975, 0.002873636750429482, 0.0030794642368111285, -0.004212931945028089, 0.0018282057414448483, -0.0016508500598372989, -0.00027476100802777115, 0.0010324480818673478, -0.006953388998666462, -0.004265409329371815, 0.0005888913960934764, 0.0037245755943923885, 0.0042382453226739395, 0.0027233026303579697, 0.003930785515115051, 0.006942837975108252, 0.004926996524344424, -0.0025396775993688538, -0.011877385036777363, -0.0017860573987577956, -0.00561508816357063, -0.0061093089206143295, 0.004981082493867248, 0.0024930598899473, 0.003962337896779316, -0.001712470275978205, 0.00782832147281184, -0.0003484558627893763, -0.004645568300921614, -0.0010578899243725256, -0.006396665008960748, 0.004265374664036201, 0.0027802726465205535, -0.000991935945811447, 0.0004189984770859456, 0.0065344443057043415, -0.0071349771251968345, -0.0014618628151371218, 0.0022457053658651582, -0.006592418628377531, 0.0037046180267249046, -0.0061398423787570626, -0.0024399115133469118, 0.00511393216620501, 0.005833878666176149, -0.0048075996167941904, 0.004245888066217423, 0.0059085156750589285, -0.0014144276042192025, -0.002117835271278101, 0.0007196444627797223, 0.008058977708215504, 0.003988207530599526, 0.0, 0.00033332234906121195, -0.0025580515024096256, -0.007559772375147645, -0.0017728213328981348, -0.0012927449757996362, 0.007030983980172948, 0.0029184023246923187, -0.007039098323091457, -0.0015175616720551996, -0.00017959310768045868, 0.003112325741626163, 0.0037235966847426628, -0.006139633955769509, -0.001144527652379941, -0.0006253553436337171, -0.002430627638352006, -0.00048790089768626727, -0.0009080992294793248, -0.000895654775911564, -0.005419674135911621, 0.0009813656455645154, 0.0004512176385844287, -0.005851444354340134, -0.006619533463922916, 0.0009360181948346648, 0.0006858093188867279, 0.00957456368013925, 0.003755622116317745, -0.0020311240226585947, 0.007199942556064186, -0.004279745512768246, 0.0013795693551930859, 0.004740390308920727, 0.0030127750243473116, 0.003001283975279272, 0.0028714575997583545, 0.002422581932407521, -0.0011903622720537007, 0.003708267527609413, -0.0002767725005350692, -0.0022111549546853025, 0.001748268912778648, -0.0038578285586596825, -0.009218346589076451, -0.007007782078512192, -0.0015964144119583888, -0.002848703368429997, -0.0021411120267185923, 0.0018128140041731165, -0.0021791330921309177, 0.00029603479837352786, -0.00295785489151642, 0.005895602199881859, 0.006323574364386444, 0.007210430972240275, 0.0023209816597539465, 0.0024181263936293856, -0.00789261025059452, 0.0018812944330732838, 0.003956700015596642, -0.006605499072139454, -0.007550193855305158, 0.006900131162913967, -0.000716632504713903, 0.0001261240681523436], [-0.0059497674045887695, -0.03930505742376454, -0.191967079623565, 1.7125505182692342, -4.5887065346675096, 6.46323840240028, 119.71388908516913, 2.433693881025463, -125.50442541359337, -0.0027590869505651956, -0.007019580660157881, -0.12389225181829548, 0.3967000383069178, -0.507325501180897, 0.38434605095786617, -0.1459591104400593, 0.004772277022713638, 0.15148987423317575, -0.3095670657469697, -0.023677236795017494, 0.004520425608780168, 0.029705441743033186, -0.1321768972683241, 0.16034336682664943, 0.10497398568769237, 0.20480191954918558, 0.22976995166141417, -0.13640965175395484, 0.18738802934370996, -0.33356993809774926, -0.28290422912305263, -0.13099000261290153, -0.33717917787003693, 0.2481951559385086, 0.32698984647630835, 0.37064061505643753, 0.037037730696987826, -0.19256496889395583, -0.307088384217314, -0.06243856155810426, -0.031079952901139307, 0.26161523442694307, 0.0999427506326987, -0.16539966189675023, 0.028765812170430023, -0.000479456707137279, 0.0010885173931499985, 0.0, -0.0011511109209902846, -0.004530867021820885, 0.013034962118438425, -0.009784714068190436, 0.004227926341372281, 0.0020856917633731036, -0.0033423748158488203, 0.010806548085128204, -0.011916800475145208, -0.004410538772650389, 0.0025798563736166426, -0.008005555910648719, -0.005405110046493641, 0.004900267662339335, 0.013455945321494129, 0.013671085794630831, -0.00409629605383297, 0.006639346198159985, -0.01340470309477816, -0.0026694756160995374, -0.011538318838139121, -0.015433575660264365, 0.0037292408796081714, 0.014924659717903231, 0.0026054748100462237, 0.021827147976722052, -0.00328385828948318, -0.021392624001802477, 0.005088015851993367, -0.011758440514599676, 0.005802152132147413, 0.005744805011706777, -0.0015116025177593796, -0.004011383042393243, 0.002223431398073765, 0.013398931381279589, -0.016982647912883828, -0.009559268619322997, 0.019642842252005518, 0.0008713059667070434, 0.0006752818905120687, 0.00806136714788622, 0.0021958890772610083, 0.002712680234236855, -0.002556991032410403, -0.00592802426533769, -0.0034544645776984806, -0.004638706194945983, -0.006947454540649707, -0.008009745475263712, 0.0027672797865280923, 0.003405101243911288, 0.003828230013992999, 0.013929282671457982, -0.0008422888198393534, 0.00026210195516132296, 0.008360775323277565, 0.014690919850674484, -0.02345408476477117, -0.003331418794359294, -5.609717706333477e-06, -0.00783034942337437, 0.0005898628287357564, 0.007310381985029432, 0.008923347398933667, -0.00947934018295528, -0.0030986066281748037, -0.0020077599547127702, 0.0004931813922722943, 0.0015850141640920577, -0.004892117726560208, 0.00747181430404384, -0.004335857913558391, -0.005558111837868437, -0.004702922240122963, -0.025405165908029114, -0.0018473146880545808, 0.008527855565015044, 0.000351339358870006, 0.004464006770835835, 0.009088121561013808, 0.003779357402913901, 0.0003870237516286367, 0.0020829099296548613, 0.004352409236607762, 0.006159280042234955, 0.02196917573420664, -0.0017491270007296497, -0.003056128729342848, -0.0025197785859669346, -0.012053452038283445, -0.0013947308307650855, 0.003976760498721224, -0.0003459882698546971, -0.00024261972411097123, -0.003322136238549372, -0.011283161926241205, -1.4623780918807825e-05, 0.0002192483528705771, -0.0018573979246795508, -0.006812915210032351, 0.0028060621270717886, 0.002638094447167185, 0.010246235910912624, -0.003846801092455733, 0.0003526863747074209, 0.011778117868194118, 0.000852503858920504, -0.0025504521894873194, 0.007271145798263611, -0.0073288712431216815, -0.010545132172841778, -0.0034551570885910433, 0.009050523272689842, -0.0020772109522250175, 0.001750654062705307, -0.00026332759931357077], [1.5319375706897833, 72.58499044738558, -482.52844623999704, 1505.814702885137, -2888.021869858622, 3725.7056497422473, -3310.3306506391914, 2102.4173722532914, -725.5191822747555, 0.29159354437729884, -1.724757909892098, 1.387077340328787, 1.1918799577913657, -3.3821197995912216, 3.6896335396132978, -2.2317934419425205, 0.515567167357014, 2.298742949166482, -3.377120221751569, -0.7975493950712608, 1.1449676835003966, -2.014968190662247, 2.450530666109323, -0.4979414955621448, 0.01124464429389791, 3.1029984497579117, 4.25581065666413, -3.3647420184914143, -0.9233857412952304, -0.37029413117752796, -3.282710935511748, -1.7124710684457027, -0.44570871517983257, 2.5869727419459454, 1.2378950946654186, 1.5224086543357584, 2.167781536541982, -1.0957765168381546, -2.7442726592675317, -1.3467813146223817, -2.078426197253551, 3.4673655837745123, 2.2541553470754474, -2.64597797991391, 0.4601350097245327, -7.529127035237809e-05, 0.0003562768383377861, -0.0117622175619504, 0.011344818311062413, -0.005483131035234476, 0.009991182605555723, -0.008737824880447543, 0.009177656675906852, 0.010388963898115517, 0.008292270514836988, 0.0, -0.02732664633363377, 0.003874106929372571, -0.0004309462059783026, -0.03158578473702554, -0.00929935458447295, 4.837689140912909e-05, 0.0005174045132930422, 0.02634567801826957, 0.04459151883095284, 0.005718468551974552, 0.001605501182314631, 0.00010002949593547769, -0.05666000247396706, -0.03554898170107297, -0.00375913835782733, 0.04686342059364949, -0.007774588114228023, 0.02265735240163414, 0.014063168279467691, -0.028656277393297038, 0.014036344967979949, -0.016374165495719434, 0.013851494320197097, -0.010801406865831382, 0.005642602994635445, -0.015371525491444772, 0.0064908767185882935, 0.030023541932067428, -0.008782756324346289, 0.007266747832698585, -0.021612433366172506, 0.038132597984727276, -0.002231946192327449, 0.0037923149617743817, -0.011496133092981765, 0.011569158228596535, -0.01145683928441026, -0.011258987994237867, -0.01398245165150203, -0.019472508892920744, -0.012552001098610507, 0.003146371919521477, 0.006852055859406214, 0.011432364873389562, 0.012934759645019571, 0.02968787431142813, -0.012039000075307806, -0.004131084456489974, 0.0020290414632858304, 0.007748596854266403, -0.02782428363561374, 0.019448330580787508, -0.01319655507784868, -0.005277381852250678, 0.003726130805233826, -0.002087821760891288, 0.02139574511462555, -0.006706036480693631, -0.03370898783415968, 0.003789249823178424, -0.0028590323821319715, 0.008321736526340075, 0.0, 0.02018299305369227, -0.0010801015700992484, -0.002582254369782589, -0.003113080650731962, -0.03724153612892632, -0.005898141858288538, 0.002750591152716377, 0.007667022412040646, -0.0053069181551207, 0.017215932625858316, 0.011872929435869239, 0.008227055815023799, -0.0031334997458000503, -0.005205995978340187, 0.008503393418313158, 0.05234485091288242, -0.007369390805468545, -0.0136202354374638, -0.018584232433843013, -0.02297445522494694, 0.0012313781043460056, 0.013770128918086518, 0.012283617363513664, 0.007127696983561209, -0.027204340260325484, -0.01780974263415816, 0.006467073250741391, 0.004841789992406105, -0.012795130017316286, -0.030966580580842264, 0.016614045910223953, 0.018104774483009574, 0.02405292084266554, 0.01212920305680206, -0.015842225782974742, 0.027947255989805072, -0.009616907954840454, -0.014218949091152032, 0.025611388793921136, -0.022260644354689853, -0.020857252317226217, -0.008178620165575244, 0.01703439174626009, 0.006756314580188303, -0.005700539737029645, 0.0018858970012407916]]",(x0)' = -1.787 1 +  726.471 x0 + -2109.136 x1 +  3329.604 x2 + -3756.905 x3 +  2919.626 x4 + -1526.044 x5 +  490.126 x6 + -73.873 x7 + -0.169 x0^2 +  1.305 x0 x1 + -2.295 x0 x2 +  2.103 x0 x3 + -0.300 x0 x4 + -1.530 x0 x5 +  1.797 x0 x6 + -0.630 x0 x7 + -1.252 x1^2 +  1.778 x1 x2 + -0.845 x1 x3 + -0.441 x1 x4 +  2.731 x1 x5 + -4.168 x1 x6 +  1.610 x1 x7 +  1.382 x2^2 + -2.576 x2 x3 + -1.633 x2 x4 +  1.821 x2 x5 +  2.588 x2 x6 + -1.306 x2 x7 +  0.896 x3^2 +  1.569 x3 x4 + -2.885 x3 x5 + -0.427 x3 x6 + -0.155 x3 x7 +  1.316 x4^2 + -2.389 x4 x5 +  0.125 x4 x6 +  1.551 x4 x7 +  1.223 x5^2 +  1.443 x5 x6 + -2.180 x5 x7 + -1.458 x6^2 +  1.707 x6 x7 + -0.308 x7^2 + -0.003 x0^3 +  0.016 x0^2 x1 +  0.013 x0^2 x2 + -0.033 x0^2 x3 +  0.023 x0^2 x4 + -0.008 x0^2 x5 +  0.005 x0^2 x6 + -0.006 x0^2 x7 + -0.030 x0 x1^2 + -0.001 x0 x1 x2 +  0.010 x0 x1 x3 +  0.023 x0 x1 x4 + -0.020 x0 x1 x5 + -0.006 x0 x1 x6 +  0.025 x0 x1 x7 +  0.005 x0 x2^2 +  0.005 x0 x2 x3 +  0.010 x0 x2 x4 +  0.002 x0 x2 x5 + -0.023 x0 x2 x6 + -0.018 x0 x3^2 + -0.013 x0 x3 x4 +  0.028 x0 x3 x5 + -0.010 x0 x3 x6 + -0.002 x0 x3 x7 + -0.016 x0 x4^2 +  0.024 x0 x4 x5 +  0.020 x0 x4 x6 + -0.005 x0 x4 x7 + -0.008 x0 x5^2 + -0.011 x0 x5 x6 + -0.001 x0 x5 x7 + -0.005 x0 x6^2 +  0.013 x0 x6 x7 + -0.006 x0 x7^2 +  0.009 x1^3 +  0.012 x1^2 x2 + -0.003 x1^2 x3 + -0.024 x1^2 x4 + -0.016 x1^2 x5 +  0.041 x1^2 x6 + -0.040 x1^2 x7 +  0.005 x1 x2 x3 + -0.004 x1 x2 x4 +  0.008 x1 x2 x5 +  0.015 x1 x2 x6 +  0.016 x1 x2 x7 +  0.023 x1 x3^2 +  0.008 x1 x3 x4 +  0.009 x1 x3 x5 + -0.021 x1 x3 x6 + -0.003 x1 x3 x7 + -0.013 x1 x4^2 + -0.007 x1 x4 x5 + -0.003 x1 x4 x6 +  0.011 x1 x4 x7 + -0.012 x1 x5^2 +  0.007 x1 x5 x6 +  0.005 x1 x5 x7 +  0.010 x1 x6^2 + -0.022 x1 x6 x7 +  0.014 x1 x7^2 + -0.023 x2^3 + -0.002 x2^2 x3 + -0.002 x2^2 x4 +  0.006 x2^2 x5 + -0.016 x2^2 x6 +  0.020 x2^2 x7 +  0.013 x2 x3^2 +  0.003 x2 x3 x4 +  0.004 x2 x3 x5 + -0.027 x2 x3 x6 + -0.007 x2 x3 x7 + -0.005 x2 x4^2 +  0.007 x2 x4 x5 +  0.007 x2 x4 x6 + -0.004 x2 x4 x7 +  0.007 x2 x5^2 +  0.012 x2 x5 x6 + -0.008 x2 x5 x7 +  0.008 x2 x6^2 + -0.011 x2 x6 x7 + -0.013 x2 x7^2 +  0.003 x3^3 + -0.010 x3^2 x4 +  0.004 x3^2 x5 + -0.002 x3^2 x6 + -0.002 x3^2 x7 + -0.011 x3 x4^2 +  0.007 x3 x4 x5 +  0.020 x3 x4 x6 +  0.003 x3 x4 x7 + -0.011 x3 x5^2 + -0.012 x3 x5 x6 +  0.002 x3 x5 x7 + -0.018 x3 x6^2 +  0.031 x3 x6 x7 +  0.012 x3 x7^2 + -0.001 x4^3 +  0.010 x4^2 x5 +  0.020 x4^2 x6 + -0.006 x4^2 x7 + -0.008 x4 x5^2 + -0.012 x4 x5 x6 + -0.009 x4 x5 x7 + -0.019 x4 x6^2 +  0.014 x4 x6 x7 + -0.019 x4 x7^2 + -0.002 x5^3 +  0.007 x5^2 x6 +  0.015 x5 x6^2 +  0.006 x5 x6 x7 +  0.003 x5 x7^2 +  0.001 x6^3 + -0.022 x6^2 x7 +  0.015 x6 x7^2 + -0.003 x7^3 | (x1)' =  0.002 1 +  125.004 x0 +  0.214 x1 + -126.339 x2 +  3.598 x3 + -5.439 x4 +  4.845 x5 + -2.409 x6 +  0.527 x7 +  0.027 x0^2 + -0.138 x0 x1 +  0.069 x0 x2 +  0.135 x0 x3 + -0.167 x0 x4 +  0.073 x0 x6 + -0.025 x0 x7 +  0.183 x1^2 + -0.227 x1 x2 + -0.290 x1 x3 +  0.372 x1 x4 +  0.044 x1 x5 + -0.154 x1 x6 +  0.024 x1 x7 +  0.133 x2^2 +  0.023 x2 x3 +  0.020 x2 x4 + -0.355 x2 x5 +  0.126 x2 x6 +  0.075 x2 x7 +  0.004 x3^2 +  0.006 x3 x4 +  0.104 x3 x5 +  0.285 x3 x6 + -0.256 x3 x7 + -0.101 x4^2 +  0.035 x4 x5 + -0.318 x4 x6 +  0.231 x4 x7 +  0.208 x5^2 + -0.240 x5 x6 +  0.015 x5 x7 +  0.162 x6^2 + -0.105 x6 x7 +  0.022 x7^2 +  0.002 x0^2 x1 +  0.002 x0^2 x2 + -0.009 x0^2 x3 +  0.013 x0^2 x4 + -0.012 x0^2 x5 +  0.006 x0^2 x6 + -0.002 x0^2 x7 + -0.003 x0 x1^2 +  0.005 x0 x1 x2 + -0.003 x0 x1 x3 +  0.008 x0 x1 x4 + -0.003 x0 x1 x5 +  0.001 x0 x1 x6 +  0.003 x0 x1 x7 +  0.001 x0 x2^2 + -0.007 x0 x2 x3 + -0.011 x0 x2 x4 + -0.006 x0 x2 x5 +  0.002 x0 x2 x6 + -0.002 x0 x2 x7 +  0.011 x0 x3^2 +  0.006 x0 x3 x4 +  0.014 x0 x3 x5 +  0.006 x0 x3 x6 + -0.003 x0 x3 x7 + -0.013 x0 x4^2 + -0.005 x0 x4 x5 + -0.016 x0 x4 x6 +  0.014 x0 x5^2 +  0.002 x0 x5 x6 +  0.010 x0 x5 x7 + -0.008 x0 x6^2 + -0.003 x0 x6 x7 + -0.003 x1^3 +  0.006 x1^2 x2 + -0.003 x1^2 x3 +  0.006 x1^2 x4 +  0.005 x1^2 x5 + -0.005 x1^2 x6 + -0.002 x1^2 x7 +  0.002 x1 x2^2 + -0.007 x1 x2 x3 + -0.007 x1 x2 x4 + -0.002 x1 x2 x6 +  0.002 x1 x2 x7 +  0.003 x1 x3^2 +  0.003 x1 x3 x4 +  0.007 x1 x3 x5 +  0.001 x1 x3 x6 + -0.006 x1 x4^2 + -0.004 x1 x4 x5 + -0.004 x1 x4 x6 +  0.003 x1 x4 x7 + -0.001 x1 x5^2 + -0.001 x1 x5 x6 + -0.014 x1 x5 x7 +  0.012 x1 x6^2 +  0.002 x1 x6 x7 +  0.003 x1 x7^2 +  0.001 x2^3 + -0.003 x2^2 x3 + -0.003 x2^2 x4 +  0.001 x2^2 x5 +  0.004 x2^2 x7 +  0.004 x2 x3^2 +  0.004 x2 x3 x4 +  0.003 x2 x3 x5 + -0.001 x2 x3 x7 +  0.004 x2 x4^2 +  0.005 x2 x4 x5 +  0.008 x2 x4 x6 +  0.016 x2 x4 x7 + -0.001 x2 x5^2 + -0.004 x2 x5 x6 + -0.007 x2 x5 x7 + -0.003 x2 x6^2 + -0.001 x2 x6 x7 + -0.007 x2 x7^2 + -0.004 x3^2 x4 + -0.007 x3^2 x5 + -0.008 x3^2 x6 + -0.014 x3^2 x7 + -0.003 x3 x4^2 + -0.001 x3 x4 x5 +  0.005 x3 x4 x6 +  0.007 x3 x4 x7 + -0.003 x3 x5^2 + -0.002 x3 x5 x6 +  0.001 x3 x5 x7 +  0.001 x3 x6^2 +  0.011 x3 x6 x7 +  0.006 x3 x7^2 +  0.002 x4^3 +  0.004 x4^2 x5 +  0.009 x4^2 x6 +  0.002 x4^2 x7 + -0.001 x4 x5^2 + -0.002 x4 x5 x6 + -0.009 x4 x5 x7 + -0.006 x4 x6^2 + -0.006 x4 x6 x7 + -0.005 x4 x7^2 + -0.003 x5^3 +  0.001 x5^2 x6 +  0.006 x5 x6^2 +  0.012 x5 x6 x7 + -0.001 x6^3 + -0.007 x6^2 x7 +  0.003 x6 x7^2 | (x2)' = -0.034 1 + -0.234 x0 +  126.788 x1 + -6.030 x2 + -113.343 x3 + -14.033 x4 +  10.590 x5 + -4.681 x6 +  0.947 x7 +  0.026 x0^2 + -0.130 x0 x1 +  0.372 x0 x2 + -0.689 x0 x3 +  0.748 x0 x4 + -0.494 x0 x5 +  0.156 x0 x6 + -0.006 x0 x7 + -0.070 x1^2 +  0.228 x1 x2 + -0.030 x1 x3 +  0.068 x1 x4 + -0.135 x1 x5 +  0.246 x1 x6 + -0.162 x1 x7 + -0.178 x2^2 + -0.026 x2 x3 + -0.213 x2 x4 +  0.126 x2 x5 + -0.259 x2 x6 +  0.274 x2 x7 +  0.310 x3^2 + -0.079 x3 x4 +  0.398 x3 x5 + -0.229 x3 x6 + -0.193 x3 x7 + -0.390 x4^2 +  0.182 x4 x5 +  0.168 x4 x6 +  0.134 x4 x7 + -0.022 x5^2 + -0.109 x5 x6 + -0.070 x5 x7 +  0.029 x6^2 +  0.020 x6 x7 + -0.002 x7^2 +  0.001 x0^3 + -0.003 x0^2 x1 +  0.004 x0^2 x2 + -0.002 x0^2 x3 +  0.006 x0^2 x4 + -0.012 x0^2 x5 +  0.008 x0^2 x6 + -0.004 x0^2 x7 + -0.003 x0 x1 x2 + -0.010 x0 x1 x3 +  0.011 x0 x1 x4 +  0.004 x0 x1 x5 +  0.001 x0 x1 x6 +  0.007 x0 x1 x7 +  0.007 x0 x2^2 + -0.001 x0 x2 x3 + -0.014 x0 x2 x4 + -0.015 x0 x2 x5 +  0.001 x0 x2 x6 + -0.007 x0 x2 x7 +  0.013 x0 x3^2 +  0.001 x0 x3 x4 +  0.016 x0 x3 x5 +  0.016 x0 x3 x6 + -0.002 x0 x3 x7 + -0.016 x0 x4^2 + -0.001 x0 x4 x5 + -0.025 x0 x4 x6 +  0.001 x0 x4 x7 +  0.020 x0 x5^2 + -0.006 x0 x5 x6 +  0.015 x0 x5 x7 + -0.002 x0 x6^2 + -0.009 x0 x6 x7 +  0.002 x0 x7^2 +  0.006 x1^3 + -0.006 x1^2 x2 + -0.011 x1^2 x3 +  0.018 x1^2 x4 +  0.007 x1^2 x5 + -0.018 x1^2 x6 + -0.002 x1^2 x7 + -0.002 x1 x2^2 + -0.007 x1 x2 x3 + -0.001 x1 x2 x4 + -0.004 x1 x2 x5 +  0.002 x1 x2 x6 +  0.008 x1 x2 x7 +  0.009 x1 x3 x5 +  0.011 x1 x3 x6 + -0.002 x1 x3 x7 + -0.002 x1 x4^2 + -0.001 x1 x4 x5 + -0.014 x1 x4 x6 + -0.001 x1 x4 x7 + -0.009 x1 x5 x6 + -0.010 x1 x5 x7 +  0.020 x1 x6^2 +  0.009 x2^3 +  0.001 x2^2 x3 + -0.004 x2^2 x4 + -0.011 x2^2 x5 +  0.007 x2^2 x6 +  0.003 x2^2 x7 + -0.002 x2 x3 x5 +  0.005 x2 x3 x6 + -0.010 x2 x3 x7 +  0.006 x2 x4^2 +  0.005 x2 x4 x5 +  0.003 x2 x4 x6 +  0.021 x2 x4 x7 + -0.008 x2 x5 x6 +  0.002 x2 x5 x7 + -0.001 x2 x6^2 + -0.006 x2 x6 x7 + -0.002 x2 x7^2 + -0.002 x3^3 + -0.001 x3^2 x4 + -0.004 x3^2 x5 + -0.003 x3^2 x6 + -0.019 x3^2 x7 +  0.003 x3 x4^2 +  0.002 x3 x4 x5 +  0.003 x3 x4 x6 +  0.013 x3 x4 x7 + -0.004 x3 x5 x6 + -0.002 x3 x5 x7 +  0.001 x3 x6^2 +  0.001 x3 x6 x7 +  0.005 x3 x7^2 + -0.001 x4^2 x5 +  0.001 x4^2 x6 +  0.007 x4^2 x7 + -0.003 x4 x5^2 + -0.004 x4 x5 x6 + -0.015 x4 x5 x7 +  0.005 x4 x6^2 +  0.001 x4 x6 x7 + -0.004 x4 x7^2 +  0.002 x5^3 +  0.001 x5^2 x6 +  0.005 x5 x6^2 +  0.005 x5 x6 x7 + -0.001 x5 x7^2 + -0.008 x6^3 +  0.004 x6^2 x7 + -0.001 x6 x7^2 | (x3)' = -0.063 1 + -0.540 x0 +  3.486 x1 +  114.685 x2 +  17.935 x3 + -144.769 x4 +  13.895 x5 + -5.828 x6 +  1.140 x7 +  0.042 x0^2 + -0.233 x0 x1 +  0.826 x0 x2 + -1.728 x0 x3 +  1.857 x0 x4 + -0.967 x0 x5 +  0.138 x0 x6 +  0.034 x0 x7 + -0.170 x1^2 +  0.473 x1 x2 +  0.770 x1 x3 + -1.179 x1 x4 +  0.754 x1 x6 + -0.313 x1 x7 + -0.937 x2^2 +  0.782 x2 x3 +  0.490 x2 x5 + -0.725 x2 x6 +  0.206 x2 x7 + -0.282 x3 x4 +  0.539 x3 x5 + -0.825 x3 x6 +  0.463 x3 x7 + -0.433 x4^2 +  0.608 x4 x5 +  0.818 x4 x6 + -0.673 x4 x7 + -0.615 x5^2 +  0.035 x5 x6 +  0.346 x5 x7 + -0.006 x6^2 + -0.117 x6 x7 +  0.022 x7^2 +  0.003 x0^3 + -0.014 x0^2 x1 +  0.012 x0^2 x2 +  0.002 x0^2 x4 + -0.013 x0^2 x5 +  0.011 x0^2 x6 + -0.006 x0^2 x7 +  0.008 x0 x1^2 + -0.010 x0 x1 x2 + -0.018 x0 x1 x3 +  0.013 x0 x1 x4 +  0.006 x0 x1 x5 + -0.004 x0 x1 x6 +  0.016 x0 x1 x7 +  0.008 x0 x2^2 +  0.006 x0 x2 x3 + -0.007 x0 x2 x4 + -0.016 x0 x2 x5 + -0.005 x0 x2 x6 + -0.010 x0 x2 x7 +  0.010 x0 x3^2 + -0.007 x0 x3 x4 +  0.014 x0 x3 x5 +  0.022 x0 x3 x6 + -0.003 x0 x3 x7 + -0.017 x0 x4^2 +  0.007 x0 x4 x5 + -0.019 x0 x4 x6 + -0.003 x0 x4 x7 +  0.019 x0 x5^2 + -0.014 x0 x5 x6 +  0.019 x0 x5 x7 + -0.002 x0 x6^2 + -0.007 x0 x6 x7 +  0.002 x0 x7^2 +  0.013 x1^3 + -0.017 x1^2 x2 + -0.014 x1^2 x3 +  0.024 x1^2 x4 +  0.009 x1^2 x5 + -0.015 x1^2 x6 + -0.010 x1^2 x7 + -0.005 x1 x2^2 +  0.001 x1 x2 x3 + -0.009 x1 x2 x5 +  0.013 x1 x2 x7 +  0.003 x1 x3^2 + -0.001 x1 x3 x4 +  0.004 x1 x3 x5 +  0.015 x1 x3 x6 +  0.009 x1 x3 x7 +  0.001 x1 x4 x5 + -0.024 x1 x4 x6 + -0.005 x1 x4 x7 +  0.002 x1 x5^2 + -0.014 x1 x5 x6 + -0.007 x1 x5 x7 +  0.030 x1 x6^2 + -0.010 x1 x6 x7 +  0.001 x1 x7^2 +  0.012 x2^3 +  0.005 x2^2 x3 + -0.011 x2^2 x4 + -0.017 x2^2 x5 +  0.017 x2^2 x6 + -0.001 x2^2 x7 + -0.001 x2 x3^2 + -0.004 x2 x3 x4 + -0.002 x2 x3 x5 +  0.007 x2 x3 x6 + -0.015 x2 x3 x7 +  0.010 x2 x4^2 +  0.009 x2 x4 x5 + -0.008 x2 x4 x6 +  0.015 x2 x4 x7 +  0.002 x2 x5^2 + -0.012 x2 x5 x6 +  0.014 x2 x5 x7 +  0.005 x2 x6^2 + -0.013 x2 x6 x7 +  0.004 x2 x7^2 + -0.006 x3^3 +  0.002 x3^2 x5 + -0.020 x3^2 x7 +  0.007 x3 x4^2 +  0.004 x3 x4 x5 + -0.001 x3 x4 x6 +  0.016 x3 x4 x7 + -0.004 x3 x5^2 + -0.008 x3 x5 x6 +  0.008 x3 x5 x7 + -0.001 x3 x6^2 + -0.009 x3 x6 x7 +  0.003 x3 x7^2 + -0.001 x4^3 + -0.005 x4^2 x5 +  0.001 x4^2 x6 +  0.009 x4^2 x7 + -0.006 x4 x5^2 +  0.001 x4 x5 x6 + -0.013 x4 x5 x7 +  0.010 x4 x6^2 +  0.002 x4 x6 x7 + -0.001 x4 x7^2 +  0.004 x5^3 +  0.007 x5^2 x6 + -0.019 x5^2 x7 +  0.006 x5 x6^2 +  0.015 x5 x6 x7 + -0.003 x5 x7^2 + -0.019 x6^3 +  0.017 x6^2 x7 + -0.008 x6 x7^2 +  0.002 x7^3 | (x4)' = -0.088 1 + -0.695 x0 +  4.011 x1 + -10.770 x2 +  142.250 x3 + -17.754 x4 + -113.176 x5 + -4.776 x6 +  0.915 x7 + -0.038 x0^2 +  0.203 x0 x1 + -0.458 x0 x3 +  0.653 x0 x4 + -0.351 x0 x5 + -0.019 x0 x6 +  0.052 x0 x7 + -0.321 x1^2 +  0.315 x1 x2 +  0.273 x1 x3 + -0.301 x1 x4 + -0.287 x1 x5 +  0.747 x1 x6 + -0.333 x1 x7 +  0.115 x2^2 + -0.374 x2 x3 +  0.041 x2 x4 +  0.204 x2 x5 + -0.749 x2 x6 +  0.405 x2 x7 + -0.140 x3^2 +  0.468 x3 x4 +  0.658 x3 x5 + -0.339 x3 x6 + -0.074 x3 x7 + -0.386 x4^2 + -0.310 x4 x5 +  0.363 x4 x6 + -0.006 x4 x7 + -0.127 x5^2 +  0.450 x5 x6 + -0.202 x5 x7 + -0.318 x6^2 +  0.219 x6 x7 + -0.033 x7^2 +  0.002 x0^3 + -0.011 x0^2 x1 +  0.010 x0^2 x2 +  0.002 x0^2 x3 + -0.001 x0^2 x4 + -0.008 x0^2 x5 +  0.007 x0^2 x6 + -0.005 x0^2 x7 +  0.006 x0 x1^2 + -0.012 x0 x1 x2 + -0.015 x0 x1 x3 +  0.011 x0 x1 x4 +  0.008 x0 x1 x5 +  0.013 x0 x1 x7 +  0.008 x0 x2^2 +  0.009 x0 x2 x3 + -0.003 x0 x2 x4 + -0.014 x0 x2 x5 + -0.012 x0 x2 x6 + -0.008 x0 x2 x7 +  0.003 x0 x3^2 + -0.010 x0 x3 x4 +  0.013 x0 x3 x5 +  0.018 x0 x3 x6 + -0.013 x0 x4^2 +  0.011 x0 x4 x5 + -0.014 x0 x4 x6 + -0.005 x0 x4 x7 +  0.013 x0 x5^2 + -0.015 x0 x5 x6 +  0.015 x0 x5 x7 + -0.005 x0 x6 x7 +  0.001 x0 x7^2 +  0.014 x1^3 + -0.017 x1^2 x2 + -0.012 x1^2 x3 +  0.017 x1^2 x4 +  0.002 x1^2 x5 + -0.011 x1^2 x6 + -0.010 x1^2 x7 + -0.005 x1 x2^2 +  0.003 x1 x2 x3 +  0.004 x1 x2 x4 + -0.009 x1 x2 x5 +  0.008 x1 x2 x6 +  0.013 x1 x2 x7 +  0.002 x1 x3^2 + -0.001 x1 x3 x4 +  0.004 x1 x3 x5 +  0.014 x1 x3 x6 +  0.007 x1 x3 x7 + -0.001 x1 x4^2 +  0.001 x1 x4 x5 + -0.019 x1 x4 x6 + -0.008 x1 x4 x7 + -0.010 x1 x5 x6 +  0.001 x1 x5 x7 +  0.024 x1 x6^2 + -0.011 x1 x6 x7 + -0.001 x1 x7^2 +  0.009 x2^3 +  0.005 x2^2 x3 + -0.005 x2^2 x4 + -0.016 x2^2 x5 +  0.010 x2^2 x6 + -0.002 x2^2 x7 + -0.003 x2 x3^2 + -0.003 x2 x3 x4 + -0.002 x2 x3 x5 +  0.005 x2 x3 x6 + -0.014 x2 x3 x7 +  0.008 x2 x4^2 +  0.006 x2 x4 x5 + -0.008 x2 x4 x6 +  0.007 x2 x4 x7 +  0.002 x2 x5^2 + -0.007 x2 x5 x6 +  0.015 x2 x5 x7 +  0.005 x2 x6^2 + -0.011 x2 x6 x7 +  0.008 x2 x7^2 + -0.007 x3^3 +  0.001 x3^2 x4 +  0.005 x3^2 x5 + -0.010 x3^2 x7 +  0.007 x3 x4^2 +  0.005 x3 x4 x5 +  0.001 x3 x4 x6 +  0.014 x3 x4 x7 + -0.003 x3 x5^2 + -0.006 x3 x5 x6 +  0.004 x3 x5 x7 + -0.004 x3 x6^2 + -0.012 x3 x6 x7 + -0.002 x3 x7^2 + -0.002 x4^3 + -0.006 x4^2 x5 + -0.001 x4^2 x6 +  0.002 x4^2 x7 + -0.006 x4 x5^2 + -0.001 x4 x5 x6 +  0.011 x4 x6^2 +  0.005 x4 x6 x7 +  0.002 x4 x7^2 +  0.005 x5^3 +  0.006 x5^2 x6 + -0.023 x5^2 x7 +  0.006 x5 x6^2 +  0.014 x5 x6 x7 + -0.005 x5 x7^2 + -0.018 x6^3 +  0.016 x6^2 x7 + -0.006 x6 x7^2 +  0.001 x7^3 | (x5)' = -0.065 1 + -0.440 x0 +  2.270 x1 + -5.386 x2 +  7.602 x3 +  118.060 x4 +  4.192 x5 + -126.596 x6 +  0.300 x7 + -0.028 x0^2 +  0.146 x0 x1 + -0.120 x0 x2 +  0.007 x0 x3 +  0.068 x0 x4 +  0.035 x0 x5 + -0.128 x0 x6 +  0.048 x0 x7 + -0.153 x1^2 +  0.142 x1 x2 +  0.017 x1 x3 + -0.109 x1 x4 + -0.229 x1 x5 +  0.513 x1 x6 + -0.174 x1 x7 +  0.094 x2^2 + -0.101 x2 x3 +  0.284 x2 x4 + -0.064 x2 x5 + -0.467 x2 x6 +  0.135 x2 x7 + -0.260 x3^2 +  0.195 x3 x4 +  0.314 x3 x5 + -0.011 x3 x6 +  0.106 x3 x7 + -0.123 x4^2 + -0.088 x4 x5 +  0.094 x4 x6 + -0.206 x4 x7 + -0.114 x5^2 +  0.161 x5 x6 +  0.103 x5 x7 + -0.066 x6^2 + -0.032 x6 x7 +  0.010 x7^2 + -0.003 x0^2 x1 +  0.003 x0^2 x2 +  0.003 x0^2 x3 + -0.004 x0^2 x4 +  0.002 x0^2 x5 + -0.002 x0^2 x6 +  0.001 x0 x1^2 + -0.007 x0 x1 x2 + -0.004 x0 x1 x3 +  0.001 x0 x1 x4 +  0.004 x0 x1 x5 +  0.004 x0 x1 x6 +  0.003 x0 x1 x7 +  0.004 x0 x2^2 +  0.007 x0 x2 x3 +  0.005 x0 x2 x4 + -0.003 x0 x2 x5 + -0.012 x0 x2 x6 + -0.002 x0 x2 x7 + -0.006 x0 x3^2 + -0.006 x0 x3 x4 +  0.005 x0 x3 x5 +  0.002 x0 x3 x6 +  0.004 x0 x3 x7 + -0.002 x0 x4^2 +  0.008 x0 x4 x5 + -0.005 x0 x4 x7 + -0.001 x0 x5^2 + -0.006 x0 x5 x6 +  0.004 x0 x5 x7 +  0.003 x0 x6^2 + -0.001 x0 x6 x7 +  0.007 x1^3 + -0.007 x1^2 x2 + -0.001 x1^2 x3 +  0.002 x1^2 x4 + -0.007 x1^2 x5 +  0.004 x1^2 x6 + -0.006 x1^2 x7 + -0.002 x1 x2^2 +  0.005 x1 x2 x3 +  0.006 x1 x2 x4 + -0.005 x1 x2 x5 +  0.004 x1 x2 x6 +  0.006 x1 x2 x7 + -0.001 x1 x3^2 + -0.002 x1 x3 x4 +  0.001 x1 x3 x5 +  0.008 x1 x3 x6 +  0.004 x1 x3 x7 + -0.003 x1 x4 x6 + -0.008 x1 x4 x7 + -0.002 x1 x5^2 + -0.001 x1 x5 x6 +  0.007 x1 x5 x7 +  0.003 x1 x6^2 + -0.007 x1 x6 x7 + -0.002 x1 x7^2 +  0.003 x2^2 x3 +  0.004 x2^2 x4 + -0.006 x2^2 x5 + -0.001 x2^2 x6 + -0.001 x2^2 x7 + -0.002 x2 x3^2 + -0.001 x2 x3 x5 + -0.001 x2 x3 x6 + -0.005 x2 x3 x7 +  0.001 x2 x4^2 + -0.006 x2 x4 x6 + -0.007 x2 x4 x7 +  0.001 x2 x5^2 +  0.001 x2 x5 x6 +  0.010 x2 x5 x7 +  0.004 x2 x6^2 + -0.002 x2 x6 x7 +  0.007 x2 x7^2 + -0.004 x3^3 +  0.001 x3^2 x4 +  0.005 x3^2 x5 +  0.003 x3^2 x6 +  0.003 x3^2 x7 +  0.003 x3 x4^2 +  0.002 x3 x4 x5 + -0.001 x3 x4 x6 +  0.004 x3 x4 x7 + -0.002 x3 x5 x6 +  0.002 x3 x5 x7 + -0.004 x3 x6^2 + -0.009 x3 x6 x7 + -0.007 x3 x7^2 + -0.002 x4^3 + -0.003 x4^2 x5 + -0.002 x4^2 x6 +  0.002 x4^2 x7 + -0.002 x4 x5^2 + -0.003 x4 x5 x7 +  0.006 x4 x6^2 +  0.006 x4 x6 x7 +  0.007 x4 x7^2 +  0.002 x5^3 +  0.002 x5^2 x6 + -0.008 x5^2 x7 +  0.002 x5 x6^2 +  0.004 x5 x6 x7 + -0.007 x5 x7^2 + -0.008 x6^3 +  0.007 x6^2 x7 + -0.001 x6 x7^2 | (x6)' = -0.006 1 + -0.039 x0 + -0.192 x1 +  1.713 x2 + -4.589 x3 +  6.463 x4 +  119.714 x5 +  2.434 x6 + -125.504 x7 + -0.003 x0^2 + -0.007 x0 x1 + -0.124 x0 x2 +  0.397 x0 x3 + -0.507 x0 x4 +  0.384 x0 x5 + -0.146 x0 x6 +  0.005 x0 x7 +  0.151 x1^2 + -0.310 x1 x2 + -0.024 x1 x3 +  0.005 x1 x4 +  0.030 x1 x5 + -0.132 x1 x6 +  0.160 x1 x7 +  0.105 x2^2 +  0.205 x2 x3 +  0.230 x2 x4 + -0.136 x2 x5 +  0.187 x2 x6 + -0.334 x2 x7 + -0.283 x3^2 + -0.131 x3 x4 + -0.337 x3 x5 +  0.248 x3 x6 +  0.327 x3 x7 +  0.371 x4^2 +  0.037 x4 x5 + -0.193 x4 x6 + -0.307 x4 x7 + -0.062 x5^2 + -0.031 x5 x6 +  0.262 x5 x7 +  0.100 x6^2 + -0.165 x6 x7 +  0.029 x7^2 +  0.001 x0^2 x1 + -0.001 x0^2 x3 + -0.005 x0^2 x4 +  0.013 x0^2 x5 + -0.010 x0^2 x6 +  0.004 x0^2 x7 +  0.002 x0 x1^2 + -0.003 x0 x1 x2 +  0.011 x0 x1 x3 + -0.012 x0 x1 x4 + -0.004 x0 x1 x5 +  0.003 x0 x1 x6 + -0.008 x0 x1 x7 + -0.005 x0 x2^2 +  0.005 x0 x2 x3 +  0.013 x0 x2 x4 +  0.014 x0 x2 x5 + -0.004 x0 x2 x6 +  0.007 x0 x2 x7 + -0.013 x0 x3^2 + -0.003 x0 x3 x4 + -0.012 x0 x3 x5 + -0.015 x0 x3 x6 +  0.004 x0 x3 x7 +  0.015 x0 x4^2 +  0.003 x0 x4 x5 +  0.022 x0 x4 x6 + -0.003 x0 x4 x7 + -0.021 x0 x5^2 +  0.005 x0 x5 x6 + -0.012 x0 x5 x7 +  0.006 x0 x6^2 +  0.006 x0 x6 x7 + -0.002 x0 x7^2 + -0.004 x1^3 +  0.002 x1^2 x2 +  0.013 x1^2 x3 + -0.017 x1^2 x4 + -0.010 x1^2 x5 +  0.020 x1^2 x6 +  0.001 x1^2 x7 +  0.001 x1 x2^2 +  0.008 x1 x2 x3 +  0.002 x1 x2 x4 +  0.003 x1 x2 x5 + -0.003 x1 x2 x6 + -0.006 x1 x2 x7 + -0.003 x1 x3^2 + -0.005 x1 x3 x4 + -0.007 x1 x3 x5 + -0.008 x1 x3 x6 +  0.003 x1 x3 x7 +  0.003 x1 x4^2 +  0.004 x1 x4 x5 +  0.014 x1 x4 x6 + -0.001 x1 x4 x7 +  0.008 x1 x5 x6 +  0.015 x1 x5 x7 + -0.023 x1 x6^2 + -0.003 x1 x6 x7 + -0.008 x2^3 +  0.001 x2^2 x3 +  0.007 x2^2 x4 +  0.009 x2^2 x5 + -0.009 x2^2 x6 + -0.003 x2^2 x7 + -0.002 x2 x3^2 +  0.002 x2 x3 x5 + -0.005 x2 x3 x6 +  0.007 x2 x3 x7 + -0.004 x2 x4^2 + -0.006 x2 x4 x5 + -0.005 x2 x4 x6 + -0.025 x2 x4 x7 + -0.002 x2 x5^2 +  0.009 x2 x5 x6 +  0.004 x2 x6^2 +  0.009 x2 x6 x7 +  0.004 x2 x7^2 +  0.002 x3^2 x4 +  0.004 x3^2 x5 +  0.006 x3^2 x6 +  0.022 x3^2 x7 + -0.002 x3 x4^2 + -0.003 x3 x4 x5 + -0.003 x3 x4 x6 + -0.012 x3 x4 x7 + -0.001 x3 x5^2 +  0.004 x3 x5 x6 + -0.003 x3 x6 x7 + -0.011 x3 x7^2 + -0.002 x4^2 x6 + -0.007 x4^2 x7 +  0.003 x4 x5^2 +  0.003 x4 x5 x6 +  0.010 x4 x5 x7 + -0.004 x4 x6^2 +  0.012 x4 x7^2 +  0.001 x5^3 + -0.003 x5^2 x6 +  0.007 x5^2 x7 + -0.007 x5 x6^2 + -0.011 x5 x6 x7 + -0.003 x5 x7^2 +  0.009 x6^3 + -0.002 x6^2 x7 +  0.002 x6 x7^2 | (x7)' =  1.532 1 +  72.585 x0 + -482.528 x1 +  1505.815 x2 + -2888.022 x3 +  3725.706 x4 + -3310.331 x5 +  2102.417 x6 + -725.519 x7 +  0.292 x0^2 + -1.725 x0 x1 +  1.387 x0 x2 +  1.192 x0 x3 + -3.382 x0 x4 +  3.690 x0 x5 + -2.232 x0 x6 +  0.516 x0 x7 +  2.299 x1^2 + -3.377 x1 x2 + -0.798 x1 x3 +  1.145 x1 x4 + -2.015 x1 x5 +  2.451 x1 x6 + -0.498 x1 x7 +  0.011 x2^2 +  3.103 x2 x3 +  4.256 x2 x4 + -3.365 x2 x5 + -0.923 x2 x6 + -0.370 x2 x7 + -3.283 x3^2 + -1.712 x3 x4 + -0.446 x3 x5 +  2.587 x3 x6 +  1.238 x3 x7 +  1.522 x4^2 +  2.168 x4 x5 + -1.096 x4 x6 + -2.744 x4 x7 + -1.347 x5^2 + -2.078 x5 x6 +  3.467 x5 x7 +  2.254 x6^2 + -2.646 x6 x7 +  0.460 x7^2 + -0.012 x0^2 x2 +  0.011 x0^2 x3 + -0.005 x0^2 x4 +  0.010 x0^2 x5 + -0.009 x0^2 x6 +  0.009 x0^2 x7 +  0.010 x0 x1^2 +  0.008 x0 x1 x2 + -0.027 x0 x1 x4 +  0.004 x0 x1 x5 + -0.032 x0 x1 x7 + -0.009 x0 x2^2 +  0.001 x0 x2 x4 +  0.026 x0 x2 x5 +  0.045 x0 x2 x6 +  0.006 x0 x2 x7 +  0.002 x0 x3^2 + -0.057 x0 x3 x5 + -0.036 x0 x3 x6 + -0.004 x0 x3 x7 +  0.047 x0 x4^2 + -0.008 x0 x4 x5 +  0.023 x0 x4 x6 +  0.014 x0 x4 x7 + -0.029 x0 x5^2 +  0.014 x0 x5 x6 + -0.016 x0 x5 x7 +  0.014 x0 x6^2 + -0.011 x0 x6 x7 +  0.006 x0 x7^2 + -0.015 x1^3 +  0.006 x1^2 x2 +  0.030 x1^2 x3 + -0.009 x1^2 x4 +  0.007 x1^2 x5 + -0.022 x1^2 x6 +  0.038 x1^2 x7 + -0.002 x1 x2^2 +  0.004 x1 x2 x3 + -0.011 x1 x2 x4 +  0.012 x1 x2 x5 + -0.011 x1 x2 x6 + -0.011 x1 x2 x7 + -0.014 x1 x3^2 + -0.019 x1 x3 x4 + -0.013 x1 x3 x5 +  0.003 x1 x3 x6 +  0.007 x1 x3 x7 +  0.011 x1 x4^2 +  0.013 x1 x4 x5 +  0.030 x1 x4 x6 + -0.012 x1 x4 x7 + -0.004 x1 x5^2 +  0.002 x1 x5 x6 +  0.008 x1 x5 x7 + -0.028 x1 x6^2 +  0.019 x1 x6 x7 + -0.013 x1 x7^2 + -0.005 x2^3 +  0.004 x2^2 x3 + -0.002 x2^2 x4 +  0.021 x2^2 x5 + -0.007 x2^2 x6 + -0.034 x2^2 x7 +  0.004 x2 x3^2 + -0.003 x2 x3 x4 +  0.008 x2 x3 x5 +  0.020 x2 x3 x7 + -0.001 x2 x4^2 + -0.003 x2 x4 x5 + -0.003 x2 x4 x6 + -0.037 x2 x4 x7 + -0.006 x2 x5^2 +  0.003 x2 x5 x6 +  0.008 x2 x5 x7 + -0.005 x2 x6^2 +  0.017 x2 x6 x7 +  0.012 x2 x7^2 +  0.008 x3^3 + -0.003 x3^2 x4 + -0.005 x3^2 x5 +  0.009 x3^2 x6 +  0.052 x3^2 x7 + -0.007 x3 x4^2 + -0.014 x3 x4 x5 + -0.019 x3 x4 x6 + -0.023 x3 x4 x7 +  0.001 x3 x5^2 +  0.014 x3 x5 x6 +  0.012 x3 x5 x7 +  0.007 x3 x6^2 + -0.027 x3 x6 x7 + -0.018 x3 x7^2 +  0.006 x4^3 +  0.005 x4^2 x5 + -0.013 x4^2 x6 + -0.031 x4^2 x7 +  0.017 x4 x5^2 +  0.018 x4 x5 x6 +  0.024 x4 x5 x7 +  0.012 x4 x6^2 + -0.016 x4 x6 x7 +  0.028 x4 x7^2 + -0.010 x5^3 + -0.014 x5^2 x6 +  0.026 x5^2 x7 + -0.022 x5 x6^2 + -0.021 x5 x6 x7 + -0.008 x5 x7^2 +  0.017 x6^3 +  0.007 x6^2 x7 + -0.006 x6 x7^2 +  0.002 x7^3
29,35.0,100.0,36.85636440989091,3,8,1,4.0,28.0,5,20.0,smoothed_finite_difference_savgol_order_3,success,,1305,1320,98.86363636363636,17.217620564624667,"[""1"", ""x0"", ""x1"", ""x2"", ""x3"", ""x4"", ""x5"", ""x6"", ""x7"", ""x0^2"", ""x0 x1"", ""x0 x2"", ""x0 x3"", ""x0 x4"", ""x0 x5"", ""x0 x6"", ""x0 x7"", ""x1^2"", ""x1 x2"", ""x1 x3"", ""x1 x4"", ""x1 x5"", ""x1 x6"", ""x1 x7"", ""x2^2"", ""x2 x3"", ""x2 x4"", ""x2 x5"", ""x2 x6"", ""x2 x7"", ""x3^2"", ""x3 x4"", ""x3 x5"", ""x3 x6"", ""x3 x7"", ""x4^2"", ""x4 x5"", ""x4 x6"", ""x4 x7"", ""x5^2"", ""x5 x6"", ""x5 x7"", ""x6^2"", ""x6 x7"", ""x7^2"", ""x0^3"", ""x0^2 x1"", ""x0^2 x2"", ""x0^2 x3"", ""x0^2 x4"", ""x0^2 x5"", ""x0^2 x6"", ""x0^2 x7"", ""x0 x1^2"", ""x0 x1 x2"", ""x0 x1 x3"", ""x0 x1 x4"", ""x0 x1 x5"", ""x0 x1 x6"", ""x0 x1 x7"", ""x0 x2^2"", ""x0 x2 x3"", ""x0 x2 x4"", ""x0 x2 x5"", ""x0 x2 x6"", ""x0 x2 x7"", ""x0 x3^2"", ""x0 x3 x4"", ""x0 x3 x5"", ""x0 x3 x6"", ""x0 x3 x7"", ""x0 x4^2"", ""x0 x4 x5"", ""x0 x4 x6"", ""x0 x4 x7"", ""x0 x5^2"", ""x0 x5 x6"", ""x0 x5 x7"", ""x0 x6^2"", ""x0 x6 x7"", ""x0 x7^2"", ""x1^3"", ""x1^2 x2"", ""x1^2 x3"", ""x1^2 x4"", ""x1^2 x5"", ""x1^2 x6"", ""x1^2 x7"", ""x1 x2^2"", ""x1 x2 x3"", ""x1 x2 x4"", ""x1 x2 x5"", ""x1 x2 x6"", ""x1 x2 x7"", ""x1 x3^2"", ""x1 x3 x4"", ""x1 x3 x5"", ""x1 x3 x6"", ""x1 x3 x7"", ""x1 x4^2"", ""x1 x4 x5"", ""x1 x4 x6"", ""x1 x4 x7"", ""x1 x5^2"", ""x1 x5 x6"", ""x1 x5 x7"", ""x1 x6^2"", ""x1 x6 x7"", ""x1 x7^2"", ""x2^3"", ""x2^2 x3"", ""x2^2 x4"", ""x2^2 x5"", ""x2^2 x6"", ""x2^2 x7"", ""x2 x3^2"", ""x2 x3 x4"", ""x2 x3 x5"", ""x2 x3 x6"", ""x2 x3 x7"", ""x2 x4^2"", ""x2 x4 x5"", ""x2 x4 x6"", ""x2 x4 x7"", ""x2 x5^2"", ""x2 x5 x6"", ""x2 x5 x7"", ""x2 x6^2"", ""x2 x6 x7"", ""x2 x7^2"", ""x3^3"", ""x3^2 x4"", ""x3^2 x5"", ""x3^2 x6"", ""x3^2 x7"", ""x3 x4^2"", ""x3 x4 x5"", ""x3 x4 x6"", ""x3 x4 x7"", ""x3 x5^2"", ""x3 x5 x6"", ""x3 x5 x7"", ""x3 x6^2"", ""x3 x6 x7"", ""x3 x7^2"", ""x4^3"", ""x4^2 x5"", ""x4^2 x6"", ""x4^2 x7"", ""x4 x5^2"", ""x4 x5 x6"", ""x4 x5 x7"", ""x4 x6^2"", ""x4 x6 x7"", ""x4 x7^2"", ""x5^3"", ""x5^2 x6"", ""x5^2 x7"", ""x5 x6^2"", ""x5 x6 x7"", ""x5 x7^2"", ""x6^3"", ""x6^2 x7"", ""x6 x7^2"", ""x7^3""]","[[-1.5261857637526735, 747.8394708372474, -2221.3865602318965, 3597.3333907032347, -4132.346637785914, 3253.3899175640827, -1713.8201742497192, 551.9302008717312, -83.04805402338562, 0.050789043267988734, 0.15717175953276258, -1.2632518124922394, 1.8780096125203478, -0.6150197092339876, -1.282733403886576, 1.7440369708263508, -0.6300974027828103, -0.08172930616671155, 0.6742685199767644, -1.2765642490436695, 0.13879960089815876, 2.7702419573623134, -4.384959809869398, 1.6654221751146547, 0.818186559231794, -1.4407851831365002, -1.487660622869392, 1.1830493333735432, 2.8433239035616107, -1.2829728279493742, 1.282170356061981, 0.5022019931521333, -2.9079720452702165, 0.0799910730465376, -0.4034076460581211, 1.0772763232002776, -1.2953374734787722, -0.3007563840950648, 1.6015206973195963, 1.3403820998449665, 0.23327702722967134, -1.6536208516299096, -0.6438692727491312, 1.116495777316079, -0.20587264743204456, -0.004820407054449584, 0.02275965087993207, 0.007366259648876566, -0.03898988307483088, 0.036365391942020917, -0.01771986793345813, 0.004189891168382201, -0.0021421204468505656, -0.033984883842367634, 0.007914438742029472, 0.012762078994922179, 0.023480455640140136, -0.019940346775125392, 0.006854868183524934, 0.0076655682328925796, 0.0050575962800732755, -0.005292368049443843, -0.001489831166270539, 0.001789565509357278, -0.026835617814828388, 0.01714669651164286, -0.011579373757296948, -0.003961863884809324, 0.038228641455714585, -0.013205724738479535, -0.015127553009671611, -0.020371164886798014, 0.01757774333069436, 0.013683387738111221, 0.004953801457048289, -0.0039014907333194864, -0.0067971514659504574, -0.0030700183350933687, -0.007177250794787361, 0.012410988115463886, -0.005926801455645395, 0.0005309749353461295, 0.023396351719798952, -0.0009949493322945412, -0.029619660237878084, -0.019128938757721894, 0.040233395155674215, -0.03007693387890745, 0.004029042661343545, 0.0005411989513515879, -0.006668677148719044, 0.012803370125776063, 0.007111723999589961, 0.006978109435821196, 0.02525835465399298, 0.011708875744544472, 0.016271437235472183, -0.020625124584565696, -0.004763789178346922, -0.023449006605365766, -0.01317970529703541, 0.003028650402832166, 0.01430454741003944, -0.01198616226298535, 0.011136541664724569, -0.004863771527491705, 0.005679105267605366, -0.011371256466719777, 0.015393746638636, -0.028428613482660996, -0.006264829406027025, 0.0038109969260111043, 0.01538245754223389, -0.02097482757356609, 0.020305120891329253, 0.015285304548864651, 0.007682067162524022, 0.005868615339078335, -0.027164316605645198, -0.001094119747871922, -0.0074970646843528065, 0.005700877427074561, 0.017828614707038677, -0.00011055489774799248, 0.011132335317538392, 0.017676938124164755, -0.018881825884839817, -0.0005190028890229751, -0.007055589116166385, -0.02152329759894018, 0.0052305018442769845, -0.011000496340823928, -0.00794048211415489, -0.010490536732589706, -0.0024783263933838774, -0.01321168117781882, 0.0011243405966639265, 0.023002508277826586, 0.0009278972078746977, -0.0121422817008769, -0.008866756302911344, -4.031037836559813e-05, -0.020362690421000904, 0.04384844209889008, 0.021152498584616312, 0.006127062172722261, 0.013716021495828267, 0.02753514456856443, -0.00920047648432129, -0.00792209151818526, -0.010793358853918822, -0.009765316861144529, -0.024781807830950478, 0.010612571242237469, -0.03068369136277995, -0.008369531767978867, 0.007175747286050817, 0.005706078641735206, 0.017355555781809487, 0.005791001730766583, 0.010085015281911029, 0.005562104921496329, -0.03165991776875178, 0.01801876987243162, -0.003964810317147327], [-0.015172076585991408, 125.08236764797671, -0.1770929738578127, -125.54680450895664, 2.8382151330295637, -5.231499921353664, 5.081215651474285, -2.631955533602679, 0.5861886271362996, 0.04638705521753076, -0.22554230387541988, 0.07156749252974645, 0.29465954886458257, -0.3024292677866393, -0.07849510606959002, 0.21843649573010684, -0.07018700588230886, 0.298478788148392, -0.3313057102353231, -0.5509777953505683, 0.6448848166606268, 0.29477593658324575, -0.5370071256981973, 0.10716409701149998, 0.2542458104432199, -0.07307824823314506, -0.07401292774332426, -0.6508776749770301, 0.396188875337076, 0.14349547309678445, 0.1276072797267363, 0.1063472158612361, 0.09872355239261563, 0.5217905695330292, -0.621089471350708, -0.22078931346388433, -0.03780850399342812, -0.5935356832588731, 0.6547364273232507, 0.5145600714605773, -0.4476583930495348, -0.1751219092767028, 0.24528623691928117, -0.06249903586245058, 0.013057229137891181, -0.0004469395247128638, 0.0022603010476325612, 0.0038281746745235305, -0.016533479690349802, 0.023974556027971335, -0.0209857421585213, 0.009956667776713963, -0.003152139875690714, -0.004620891571062453, 0.008894239622415399, -0.006361063505539049, 0.011705383720483744, -0.005032350109100787, 0.0020148519239710236, 0.004528882859508038, 0.0015675387259961081, -0.011888780932828268, -0.015901560617949853, -0.006488984215984706, 0.001993638342624842, -0.001935796486133761, 0.015639315794402246, 0.009272152174075295, 0.021060623587220977, 0.0067967844243528, -0.003980448662662011, -0.019530761185575375, -0.007165326258292053, -0.020456559722808788, -0.0004204700705161441, 0.01964335442008576, 0.004398314819505669, 0.013762023934998653, -0.012273857649751389, -0.002320729539491588, -0.0004016150099554483, -0.005467335244694139, 0.009617822361434063, -0.002679850253660071, 0.006458440740279345, 0.00776872691538072, -0.0060251257043831144, -0.0034745458386259364, 0.0026714517159349568, -0.008612251315940934, -0.012630169459633075, -0.0002043687071351064, -0.004492511885552511, 0.002072729674260941, 0.008067826854776474, 0.0030354459375165205, 0.009482459686451438, -0.00020119108137956688, 0.0016724660088726212, -0.011729670299449546, -0.006377231059997465, -0.0046541499837171, 0.00410779159024042, -0.0008115329781684283, 7.348186945009545e-05, -0.021270239314067504, 0.01608486910041718, 0.003112230789970627, 0.005703844756114372, -0.0019135338559082777, -0.003602034335331684, -0.006746168117346535, 0.00462220759516881, 0.0005153722135531633, 0.005812207571489201, 0.008202195004025222, 0.005707036029529049, 0.006978885848980001, -0.0010835199708154608, -0.001702947253663644, 0.00704160474179649, 0.008854090566702461, 0.012546403533735019, 0.021516067295230878, -0.0013208691614071308, -0.006120871748430558, -0.01024845422071669, -0.006050824106323499, -0.0016877014174334827, -0.01277695160532351, 0.000819461785139725, -0.0073967109360404595, -0.011443347261173482, -0.014537325084960879, -0.020241670323027053, -0.005400845077708427, -0.0025204643886242964, 0.007884421413052243, 0.00976704738451619, -0.007865056303212858, -0.00267252625243293, 0.0036142444851697797, 0.0028272125997941444, 0.019213737311692857, 0.011603282916367565, 0.005310119312580003, 0.007857358748322416, 0.015939207161092574, 0.002218473831268239, -0.001516519224727325, -0.002539809634301034, -0.014859059043237298, -0.010153630686038948, -0.014217641092053241, -0.008734939007058268, -0.006777672086920381, 0.0010099711276475708, 0.001169830003987716, 0.010051662930669773, 0.020878310505150204, 0.0, -0.0019753697334218287, -0.013263927735058422, 0.005459561765101448, -0.0007481549279189679], [-0.024980131109426523, -0.49234979966203996, 128.47027177120927, -10.988713633729823, -104.80739095016932, -23.287610285156163, 16.90875070839686, -7.202945340659939, 1.403316642720391, 0.030393932793206874, -0.12618402016472477, 0.4395752077975003, -0.8885101816752126, 0.9980771192989641, -0.6671375227802785, 0.16821520883257043, 0.035580305788844004, -0.19643672640014914, 0.49863839677885924, -0.12607242410536795, 0.026505964077293852, 0.0, 0.4192334595342885, -0.4174520918690954, -0.17992187182446367, -0.29337016297478774, 0.10189383524141812, -0.5370291047228744, -0.3455999788359566, 0.8092816182585084, 0.28975047504911144, 0.386389477247928, 0.981407425655538, -0.19985899567802118, -0.9320338526107427, -0.9979663356322196, 0.03480306879369946, 0.08809282131538253, 0.8532385635287257, 0.3163836743327451, -0.2384501381906596, -0.5197889432969642, -0.006870767197449163, 0.2386118683845065, -0.04338327194893544, 0.0028720425586508747, -0.013537785920144499, 0.012893014041926488, -0.005101791003335554, 0.00899569534243074, -0.018026029231106605, 0.01346675861508743, -0.006729057416575669, 0.006959814650678433, -0.005967689346403245, -0.018681851689637975, 0.01592431203211881, 0.004223486559834312, -0.0030155975362291913, 0.015195282106339822, 0.006937303199862009, 0.001957213618204958, -0.01597961933997367, -0.020332322211060922, 0.003393459716033025, -0.012280178319532507, 0.019185608561599097, -0.0027871613175747788, 0.01714184520448254, 0.02546417170001191, -0.004272336051687955, -0.022070959886636245, 0.0019590827349880574, -0.030994764818780093, 0.0001980651709486108, 0.02721676191047193, -0.011970771325316574, 0.02210518869746591, -0.0021960142680428783, -0.012712303164884638, 0.0027417557108195875, 0.011426426900559087, -0.014660198943870226, -0.014943203099709495, 0.029130923534728598, 0.014146470973544692, -0.026900332207585045, -0.004950907576630503, -0.005671060703474887, -0.00541556994164131, -0.004233736676103447, -0.007326932735864903, 0.003956820621253692, 0.011014435288212396, 0.002208104731323638, 0.0, 0.010075717705966917, 0.013880323976266961, 0.003985511818632174, -0.00332655126677521, 0.0015303819458241715, -0.026672266872615927, -0.0037189207731909116, 0.00217222688132814, -0.017565811581648376, -0.01099926891644807, 0.03184148551967633, -0.0031349741415151494, 0.002128737712859955, 0.01498970764963346, 0.004726092048737792, -0.014584111573084377, -0.016024068069185674, 0.013829948498614386, 0.0015966734231023206, 0.001648614663640635, -0.004190464498851905, 0.00035884808632270136, 0.00925665427402786, -0.011919310960067977, 0.010002274682972453, 0.011978233832396264, 0.00015686553826275548, 0.029183672865012802, 0.0022302287888547817, -0.01160946060489407, 0.0, 0.0029157528337018855, -0.010686356488914013, -0.005038479136509858, -0.0037323128898146406, -0.0033582044225155786, -0.0028525755341709358, -0.004595548974963466, -0.02834491789874638, 0.004958366654806217, 0.0023991166359741793, 0.00044024579022817697, 0.016276466603623453, -0.007291499273814972, -0.008405165703165657, 0.0096126619425493, -6.067342692580085e-05, -0.002585513508501564, 0.012329383841220195, 0.0027597526457155902, -0.00214691776266572, 0.004511701491947253, 0.008345683245103217, -0.0062014807283162065, 0.00037450472539796864, -0.013644508463171263, 0.007579231801800214, -0.0041004462322077485, -0.008883398454571598, 0.0008435148329105592, 0.006685089278943058, -0.014007112350176059, 0.007803804573284706, 0.01451676985495746, 0.001786249464999555, -0.01672312811531824, 0.01257417994247424, -0.007144050011213258, 0.0013067563904988872], [-0.02490101525779924, -1.013433353500913, 6.4130934951768275, 106.41961068893103, 31.66726853363151, -159.22112223981208, 23.52717568000366, -9.601956980943978, 1.8140905219629957, 0.02149082982776317, -0.11840786816759315, 0.8967425035041366, -2.1339405171181407, 2.3568683566742155, -1.2145063844536246, 0.07860528928532669, 0.11506343977133461, -0.4379902262372288, 0.8497726136117955, 0.8006179168791815, -1.369023138398545, 0.0, 1.2848174220452768, -0.708906206747044, -1.0025178951867002, 0.9434982643701141, 0.0, -0.0725734935520983, -1.0912736215175742, 0.84909499238414, -0.7109714939661871, 1.0547411566045162, 1.366735565549637, -0.9947533859875359, -0.20618030909734691, -1.21053760609936, 0.06913417266555082, 0.92228855013831, -0.013489108435654469, -0.29860358915916274, 0.3156698259897192, -0.2519270744145628, -0.3352395344453925, 0.2990751420334411, -0.053345968867670984, 0.004524976069374816, -0.021255620826993997, 0.01740586044375931, 0.0023363214995745715, 0.00046216158946036284, -0.017620443091877134, 0.015857175798143067, -0.009135619533516133, 0.012042505651171483, -0.01508503517381562, -0.02734403398539682, 0.018599429437882592, 0.012482697986084026, -0.004927605565199787, 0.0227102045413156, 0.012157238857837073, 0.009621952597575287, -0.014578833178669691, -0.026428743073780125, -0.003887286702268496, -0.01801240958738749, 0.018503295486125084, -0.010049000761377824, 0.019309382184347655, 0.034972376558004295, -0.0026357948457270807, -0.025567358971571506, 0.008906382027581341, -0.03479301062745128, -0.00044932400409713867, 0.03095653682685285, -0.022194050900349236, 0.02529549518815372, 0.0015659759400797125, -0.014878722926450818, 0.0040112678355546175, 0.02130915904681583, -0.027298334313086623, -0.02204861345979531, 0.040392333916927405, 0.014286406041008528, -0.03537674770026719, -0.009060461978018776, -0.009555496150457799, -0.0022615522619924503, 0.002006498299976418, -0.014310715301846558, 0.010685252965602965, 0.01809891973163039, 0.0008540746209966946, -0.00207221474572534, 0.008074913707670871, 0.023466827900015374, 0.006527013104642899, 0.00038548424902477255, 0.0040652654730196644, -0.03570840749034978, -0.008194878095633922, 0.0033157598303734876, -0.024689112138077552, -0.008157962209204759, 0.042855682066496856, -0.008137826826022564, -0.002011132630859511, 0.02120022474750969, 0.00888302414982723, -0.01534525411853269, -0.028462943436763772, 0.02346023346720442, 0.00018829941776459362, -0.0017242926958950706, -0.007188842255490519, -0.004690945129815971, 0.013051976420900044, -0.02196493380016422, 0.013584786350717281, 0.013146450753350782, -0.009974010706431839, 0.02550729525038157, 0.003419916450937271, -0.018839711817577813, 0.019932409431481217, 0.005525656391350394, -0.01867376170677262, 0.005623991891696701, -0.00833866483644857, -0.0013376230891739612, 0.0020809373770312232, 0.0007335323338625139, -0.03020090959639305, 0.010782560513147459, 0.007485010456631882, -0.0025009936878266185, 0.02387163853780154, -0.002271081862028058, -0.01041447275245085, 0.0081286258278615, 0.0007147407292883814, -0.01748888583593648, 0.005477893814030031, -0.000924480594693456, -0.007902914791897928, -0.0033147542515541664, 0.014813751525162622, -0.008877279315521968, -0.0007434527146772897, -0.018314002086196483, 0.01793382846654038, 0.0019869021004359517, -0.0005737683713185522, 0.004918139737648758, 0.009365842038549056, -0.02436060876228933, 0.010624645723786628, 0.020476125103299905, -0.006484039199306957, -0.028240369369702555, 0.023000665225248358, -0.008563632138514911, 0.0014786871251849746], [-0.0448143508656083, -1.1099393867627385, 6.508161268488155, -17.61681446213589, 153.3112529261986, -29.12733638779883, -105.7163110735286, -7.678716377746782, 1.4343298527190809, -0.0695178782671409, 0.37789788853036327, 0.0, -0.841878822694976, 1.1295564078845495, -0.49720769946856747, -0.14063612761455335, 0.11870674142823277, -0.6616474226833728, 0.8200459953937523, 0.40329343228298553, -0.529865151746628, -0.6799628746094121, 1.489114131344569, -0.6026326275692007, 0.008333577939171116, -0.5847747222659812, 0.2638438281297385, 0.37797171322963596, -1.3684133790004684, 0.6042947769631279, -0.22841704865907916, 0.7042021243741768, 1.0607894590368296, -0.6132763395696679, 0.11014380884991036, -0.6673932936525014, -0.4197011359550176, 0.7032330354012727, -0.283789244065109, -0.2875960691710642, 0.7656483083347497, -0.1890727686631223, -0.558626743218466, 0.34297005747925824, -0.05560760897075446, 0.0037199423688570247, -0.01744591027430874, 0.015112823587033235, 0.00517200787683219, -0.005875789718274282, -0.00938274494063613, 0.009315058482162936, -0.00676345911239127, 0.00864855230925634, -0.017950289693769737, -0.02140555020400022, 0.01534070833619107, 0.013323525681342638, 0.00015937169336738922, 0.019048680380055014, 0.012043804810178693, 0.013985923350393462, -0.006366080193842833, -0.022950955359938754, -0.01419100761484858, -0.014548124632370487, 0.007534733692462827, -0.013681455280714266, 0.018122343470395177, 0.028043686681387434, 0.001232688913543563, -0.01958376137886506, 0.014743119873984762, -0.024659126005562707, -0.003484783954023314, 0.021402265073272888, -0.02328010402394774, 0.020856058106761794, 0.003926158604747489, -0.011118182692646857, 0.0034352340025884196, 0.022511860353678203, -0.026647040516826637, -0.01902398296032637, 0.029706727205899477, 0.0026559090628276386, -0.02257026620585891, -0.012515028758985563, -0.00890286855990808, 0.003010153046577367, 0.008680133735402393, -0.013324613891805991, 0.013866209327708615, 0.019879683840499627, -0.0003716130605629416, -0.0016353772365819983, 0.006871758082497165, 0.024061095362722842, 0.006566342833897911, -0.0006038010904548826, 0.0028063533339813813, -0.028773652288814105, -0.012406449117100772, 0.00023795966140669576, -0.01897625516761051, 0.0011954006012276028, 0.03462416928470676, -0.01179580604967389, -0.004293085064989238, 0.01559694087499284, 0.008768715986669312, -0.0063544460040169, -0.02656791750104193, 0.016120427254011777, -0.0012547387682449757, -0.004735016194025503, -0.005813377837439392, -0.0060897854816563445, 0.007958532292838312, -0.0220513499488497, 0.010077917664076619, 0.008621549833139713, -0.011742132922855423, 0.013619642468793375, 0.003366545325088729, -0.012264248552927775, 0.022370743562547053, 0.006478135322040816, -0.01561633549589513, 0.012704350374484408, -0.01038632451755989, 0.0013995566143609381, 0.006615468174542086, 0.0, -0.01585702020560369, 0.01170416402619366, 0.009039816829263603, 0.0010392297810250663, 0.021801454275861283, -4.841439712880185e-05, -0.008439366570554238, 0.0029592725531048117, -0.004211741298006526, -0.02182781268244136, -0.003138224700764194, -0.0031480453541288637, -0.009832945998947674, -0.00488903696326009, 0.004721348046898725, -0.009847448427609824, -0.002425359936286475, 0.0, 0.017619194654024773, 0.007434724303061835, 0.0055977825852401115, 0.006909575645348038, 0.009745489687950453, -0.03332231019881658, 0.011518858326501707, 0.02036608353690089, -0.010594259733432731, -0.028997065334050654, 0.02386377904463022, -0.007030831615238963, 0.0011527284095746778], [-0.04465548328144831, -0.5757985378875886, 3.01364120464954, -7.187727565729732, 10.145613914089129, 115.76078183012228, 5.557913272262438, -127.1042196650844, 0.39302210000197363, -0.042148581443085774, 0.21077930697457095, -0.11996984098203416, -0.13050990106335308, 0.24115689304979337, 0.024598733106859474, -0.21416186667415213, 0.06872839989035746, -0.24196224915993098, 0.2261060443711943, 0.182717903735852, -0.38034236590766873, -0.3990480413261734, 0.8702323476584278, -0.20215638032459024, 0.023993736002344408, -0.0004798899584395301, 0.47453453782607957, 0.15261829413426836, -0.8150048597320091, -0.03540888684085497, -0.45589013877187223, 0.12259086908127124, 0.298604756028607, -0.074780126265289, 0.6278999712715214, 0.01983027000773822, -0.06063208682330422, 0.25622973535458565, -0.8103005574015036, -0.37469965110826686, 0.3747442756708973, 0.43355506472993416, -0.14317992575681032, -0.13885604315443897, 0.030627071047924163, 0.0008921974371455263, -0.004619976410614725, 0.005162136785279326, 0.004659818651901597, -0.008602394713943095, 0.006601522818611954, -0.004441633108649442, -0.00037467588539806263, 0.0015503578059978766, -0.01129554540368004, -0.004312452818795086, 0.0005092755271449555, 6.849603711509277e-05, 0.008250869187510144, 0.0057940497942895455, 0.004725906189252807, 0.012067644046422845, 0.011777602199118413, -0.004570823345608094, -0.016171379499075017, -0.0037424825412173675, -0.011369118429437141, -0.00909907736854645, 0.008103439926312437, 0.0029982853517051163, 0.002947216526558431, -0.0023927559070383328, 0.011837489628442817, -0.0034757338014853242, 0.00011765675913863531, -0.0013204425801669353, -0.008211037863395483, 0.0, 0.004702234639324662, 0.0007069354298315278, 0.0004128211369522717, 0.011029465580036651, -0.012092319769225836, -0.00068283529103227, -0.0013101249488666187, 0.0, 0.002603395983961116, -0.011503623048983365, -0.005046954612609087, 0.009130824526586376, 0.009051278888288314, -0.019472577229060314, 0.008481912687429604, 0.01174852778698783, -0.0025488493755471977, -0.001536161583362201, -0.0005564125431523001, 0.01841748762042761, 0.005182166455638874, 0.0, 0.0020851201877017233, -0.001978281968312804, -0.014600911099993449, -0.00355824742349489, -0.0026993328716783073, 0.015526114404255973, 0.002558735834493001, -0.01231486250830846, -0.002743749201452284, 0.00014952999661588975, 0.006086462947468696, 0.005451880976777321, 0.0, -0.005817844597756778, 0.0005649365805590514, -0.004485228104798086, -0.0007675868011635503, -0.007249135806314563, -0.002758650651353861, -0.009856545273704921, 0.0031521566665565106, -0.0005951643275400567, -0.010776105814056107, -0.014228767564318729, 0.0003228998920345017, 0.0006764475200904373, 0.01658157327682527, 0.007439409136808655, -0.0019866294812430378, 0.012545243256002247, -0.00860039968241072, 0.002762909091331185, 0.006997779057457274, 0.006775942734008895, 0.006939128553180279, 0.00643215391356332, 0.005400116991684528, -0.0007103433618555206, 0.0063007113577033804, 0.0016615047317258098, -0.002339337612376196, 0.002723924124680043, -0.005922062161105615, -0.017343392739460433, -0.01367838987834559, -0.0032328244224997544, -0.005973858217822203, -0.005241370574891474, 0.002625889276191768, -0.004649545114365683, -0.0006089831232313865, -0.004770869131398009, 0.008789092258304553, 0.010433476256411027, 0.01570247181254727, 0.0046444763806100355, 0.005088388512107492, -0.012064245975011881, 0.0035329180899984045, 0.0059093171275434436, -0.01372189062059223, -0.01312958379600199, 0.011814313932984967, -2.073099945221996e-05, -3.185737931481691e-05], [-0.013678357233158536, 0.13146563973105835, -1.3658686027216813, 5.370387697662071, -11.190638598245975, 13.898157913489328, 114.48294605338101, 4.572026195199946, -125.89918630425163, 0.012562675316905325, -0.11522239352076451, -0.04393175586147126, 0.4454605358587097, -0.6241202689928923, 0.48830798308365186, -0.15611970857970492, -0.028711962985783147, 0.35042046834503776, -0.6314322273230907, 0.10972661125540635, -0.18820907049474292, 0.12635419078332502, -0.33915900815507033, 0.3947205808329745, -0.0032773082016618158, 0.6531655332917908, 0.24612560714814566, 0.11941799197848862, 0.33265567454128225, -0.8311774854776773, -0.40037893138882447, -0.6270228098542538, -0.8288733833736093, 0.3154070208291603, 0.9996193977168374, 0.8940498181227725, 0.3273364529747046, -0.19589556922064424, -1.0060516725337914, -0.37989583741148886, -0.07297426877071499, 0.7864846604425932, 0.2574623376808469, -0.4712758207587353, 0.08445100684576494, -0.0011740318463342458, 0.003135358154433684, 0.0, -0.0023637032266672284, -0.008128157147249257, 0.022615653278938032, -0.017911287452354735, 0.008010582274511253, 0.0032124340600951837, -0.010233690884319184, 0.02316582314709118, -0.020737581983347693, -0.0064233806893642595, 0.007542944188256912, -0.016248821400617616, -0.007889501524694574, 0.010170143040951334, 0.01820444413077996, 0.020873012685363335, -0.006206070620481393, 0.011781546736892351, -0.022102196725920675, -0.0050527936832467524, -0.017157076593993147, -0.026261117281601676, 0.007349537429091332, 0.025243612845305914, 0.0047633057313428715, 0.031815350935932595, -0.005143981484073946, -0.033999224043526156, 0.008318376010272839, -0.018670338485759427, 0.010684033444182683, 0.007475832912815676, -0.0016078400506085548, -0.006097831750584002, 0.003509720686528875, 0.022093250883866204, -0.029313545504872494, -0.017183678683732814, 0.031169565240878633, 0.0030498387441296603, 0.0018463570519556326, 0.011348911372592044, 0.005755505004755546, 0.006136704625388756, -0.004550597729921199, -0.009769190642215297, -0.009794207253297904, -0.005820826200438504, -0.008990897553284853, -0.01058244624163741, 6.894614578444794e-05, 0.006991005291911148, 0.005263860534107906, 0.02614396823378431, -0.001629985851553831, -0.003030760887736743, 0.015006536892771299, 0.026533118882768863, -0.03969095939208889, -0.00433001951509886, -0.0022802560882093426, -0.011244986676456193, -6.352544805275486e-05, 0.016684836669779345, 0.014029606803576, -0.01816540863336486, -0.003242102737693358, -0.005859595709571826, 0.002382669928355402, -0.0005114165255658462, -0.008910203256981697, 0.011855807577563044, -0.007765029446836831, -0.013143946344477176, -0.005788324262385499, -0.04135699603091972, -0.005050352568411425, 0.01637151585131805, -0.0018684432202094536, 0.006319022506198127, 0.013429728421148033, 0.011368941301007131, -0.0002483184852714965, 0.005947378274063894, 0.0057503040296645715, 0.011050329130977064, 0.03725365911357091, -0.0008189241579778911, -0.004525469590994392, -0.0022612108227621506, -0.019488195754284583, 0.0028636080499017864, 0.010207709586719257, -0.00560456053981623, -0.002585958885754686, 0.0, -0.02630112133634582, -0.0015543839486901242, -0.0022151509393516047, -0.006832187787068, -0.010410219055616479, 0.004801839188997302, 0.0026282512340279696, 0.01745794052969773, -0.008085322141880175, 0.0023575588883947046, 0.024878078188669377, 0.003646926943138972, -0.004432225510167795, 0.012807440399086172, -0.012524069603402369, -0.018755456456298548, -0.008956652050136734, 0.016050972041929297, -0.004428537122719615, 0.004687632024811788, -0.0007366675937726003], [1.3305644902337561, 81.65602813621283, -543.877631692251, 1693.0645616899487, -3222.4207426696726, 4103.698871817101, -3581.2566686862983, 2216.6062041175705, -747.3713140760412, 0.25067936550992825, -1.5743555977722565, 1.2554770286755084, 1.116804871007586, -3.1115682792008235, 3.3666751509306825, -1.9230393696163723, 0.3905968190157499, 2.269386557818073, -3.398859673342932, -0.3118050124474427, 0.5167536319230249, -1.5398363551527858, 1.6242205519335937, -0.04252181848242626, -0.30801183379583474, 3.4604710702021992, 3.6032091702697735, -2.198188159522753, -0.3615198452979478, -1.0825551459717127, -2.846019101671643, -2.431811081783581, -1.4794565673363516, 2.019996149283559, 2.016971965996295, 2.1717581875831673, 2.4713935165224603, -0.5945498471752293, -3.22074393510785, -1.6359420636629916, -1.9923451219414794, 3.4473659708249453, 2.0823234745529127, -2.404337942574561, 0.39334804489753294, -0.0030460868729858433, 0.01362622980370776, -0.02676419718069021, 0.020350234423540958, -0.016867091930622323, 0.02792446650846413, -0.022315843245829983, 0.01570866227241466, 0.006139470236861847, 0.01142634476906449, 0.022311224137354188, -0.046730775078184315, 0.00177875943957126, 0.006028979581869901, -0.04641928076915611, -0.014790279470949868, -0.004606376614685289, 0.0046276721034066125, 0.03739858628283655, 0.042146040665879146, 0.016013251633358306, -0.005594880581910998, 0.008850141714005545, -0.05892873781090053, -0.05043994030292175, 0.001230440661248426, 0.05526211305781536, -0.016043568415366066, 0.03301273911738916, 0.013853720287652055, -0.04286713169955024, 0.026588065952293263, -0.03140437594690976, 0.01890319630030491, -0.007552750360235873, 0.005629651918596322, -0.02614217356274487, 0.01812298530603222, 0.03787858953333058, -0.023529008500836317, -0.000800099212943705, -0.0032492599029316487, 0.04322233338958, 0.0034912774777473023, 0.0005753662897794918, -0.004031242390118645, 0.01357772975976258, -0.018445456593496033, -0.019337910332739506, -0.0263798415292839, -0.01590295812142574, -0.01793729956793165, -0.006345657664476343, -0.006904129254127469, 0.016645845891145355, 0.013063076893166957, 0.051420545121797855, -0.0037398167071904737, -0.0027181252508723546, 0.013875849914401949, 0.020817354388023897, -0.05999651790503674, 0.02576621691569701, -0.017216657635852135, -0.008663368619077584, -0.0013685282685525623, 0.017066207470854702, 0.02619080581378101, -0.01871616896773316, -0.027201479331548973, -0.00290545538271988, 0.0037749596808064963, 0.0010113003222507386, 0.006541229329641559, 0.0243911408443946, -0.00715267287561271, -0.017446113346555003, -0.0019932174402156363, -0.052380341831068836, -0.012177661361047564, 0.00958382123798234, -0.0072436074821915115, -0.006279694013601844, 0.032768956612322056, 0.01803260256662349, 0.008200527157194866, 0.004497695505269372, -0.0063540264247496795, 0.012159283829000202, 0.06598776370953424, -0.006349722387601518, -0.015268031839595691, -0.01676879198740559, -0.030894888837576646, 0.012773496491626894, 0.02459413359471143, -4.6348330735436255e-05, 0.013805491566039885, -0.025260237289313512, -0.034212618244605635, 0.0022363137683648667, 0.0015202925464166694, -0.023341312537408086, -0.029293971572805406, 0.02115923881655131, 0.012290788291856756, 0.033724104184680054, 0.0014771560015427356, -0.012241765532266717, 0.04122344255638737, -0.0025020761943603032, -0.01970120897800683, 0.03555709088719119, -0.030123432813254296, -0.03329205752214907, -0.011655595129885208, 0.031277706013044915, -0.0013522673487795253, -0.0009484541974713777, 0.0010636983567231884]]",(x0)' = -1.526 1 +  747.839 x0 + -2221.387 x1 +  3597.333 x2 + -4132.347 x3 +  3253.390 x4 + -1713.820 x5 +  551.930 x6 + -83.048 x7 +  0.051 x0^2 +  0.157 x0 x1 + -1.263 x0 x2 +  1.878 x0 x3 + -0.615 x0 x4 + -1.283 x0 x5 +  1.744 x0 x6 + -0.630 x0 x7 + -0.082 x1^2 +  0.674 x1 x2 + -1.277 x1 x3 +  0.139 x1 x4 +  2.770 x1 x5 + -4.385 x1 x6 +  1.665 x1 x7 +  0.818 x2^2 + -1.441 x2 x3 + -1.488 x2 x4 +  1.183 x2 x5 +  2.843 x2 x6 + -1.283 x2 x7 +  1.282 x3^2 +  0.502 x3 x4 + -2.908 x3 x5 +  0.080 x3 x6 + -0.403 x3 x7 +  1.077 x4^2 + -1.295 x4 x5 + -0.301 x4 x6 +  1.602 x4 x7 +  1.340 x5^2 +  0.233 x5 x6 + -1.654 x5 x7 + -0.644 x6^2 +  1.116 x6 x7 + -0.206 x7^2 + -0.005 x0^3 +  0.023 x0^2 x1 +  0.007 x0^2 x2 + -0.039 x0^2 x3 +  0.036 x0^2 x4 + -0.018 x0^2 x5 +  0.004 x0^2 x6 + -0.002 x0^2 x7 + -0.034 x0 x1^2 +  0.008 x0 x1 x2 +  0.013 x0 x1 x3 +  0.023 x0 x1 x4 + -0.020 x0 x1 x5 +  0.007 x0 x1 x6 +  0.008 x0 x1 x7 +  0.005 x0 x2^2 + -0.005 x0 x2 x3 + -0.001 x0 x2 x4 +  0.002 x0 x2 x5 + -0.027 x0 x2 x6 +  0.017 x0 x2 x7 + -0.012 x0 x3^2 + -0.004 x0 x3 x4 +  0.038 x0 x3 x5 + -0.013 x0 x3 x6 + -0.015 x0 x3 x7 + -0.020 x0 x4^2 +  0.018 x0 x4 x5 +  0.014 x0 x4 x6 +  0.005 x0 x4 x7 + -0.004 x0 x5^2 + -0.007 x0 x5 x6 + -0.003 x0 x5 x7 + -0.007 x0 x6^2 +  0.012 x0 x6 x7 + -0.006 x0 x7^2 +  0.001 x1^3 +  0.023 x1^2 x2 + -0.001 x1^2 x3 + -0.030 x1^2 x4 + -0.019 x1^2 x5 +  0.040 x1^2 x6 + -0.030 x1^2 x7 +  0.004 x1 x2^2 +  0.001 x1 x2 x3 + -0.007 x1 x2 x4 +  0.013 x1 x2 x5 +  0.007 x1 x2 x6 +  0.007 x1 x2 x7 +  0.025 x1 x3^2 +  0.012 x1 x3 x4 +  0.016 x1 x3 x5 + -0.021 x1 x3 x6 + -0.005 x1 x3 x7 + -0.023 x1 x4^2 + -0.013 x1 x4 x5 +  0.003 x1 x4 x6 +  0.014 x1 x4 x7 + -0.012 x1 x5^2 +  0.011 x1 x5 x6 + -0.005 x1 x5 x7 +  0.006 x1 x6^2 + -0.011 x1 x6 x7 +  0.015 x1 x7^2 + -0.028 x2^3 + -0.006 x2^2 x3 +  0.004 x2^2 x4 +  0.015 x2^2 x5 + -0.021 x2^2 x6 +  0.020 x2^2 x7 +  0.015 x2 x3^2 +  0.008 x2 x3 x4 +  0.006 x2 x3 x5 + -0.027 x2 x3 x6 + -0.001 x2 x3 x7 + -0.007 x2 x4^2 +  0.006 x2 x4 x5 +  0.018 x2 x4 x6 +  0.011 x2 x5^2 +  0.018 x2 x5 x6 + -0.019 x2 x5 x7 + -0.001 x2 x6^2 + -0.007 x2 x6 x7 + -0.022 x2 x7^2 +  0.005 x3^3 + -0.011 x3^2 x4 + -0.008 x3^2 x5 + -0.010 x3^2 x6 + -0.002 x3^2 x7 + -0.013 x3 x4^2 +  0.001 x3 x4 x5 +  0.023 x3 x4 x6 +  0.001 x3 x4 x7 + -0.012 x3 x5^2 + -0.009 x3 x5 x6 + -0.020 x3 x6^2 +  0.044 x3 x6 x7 +  0.021 x3 x7^2 +  0.006 x4^3 +  0.014 x4^2 x5 +  0.028 x4^2 x6 + -0.009 x4^2 x7 + -0.008 x4 x5^2 + -0.011 x4 x5 x6 + -0.010 x4 x5 x7 + -0.025 x4 x6^2 +  0.011 x4 x6 x7 + -0.031 x4 x7^2 + -0.008 x5^3 +  0.007 x5^2 x6 +  0.006 x5^2 x7 +  0.017 x5 x6^2 +  0.006 x5 x6 x7 +  0.010 x5 x7^2 +  0.006 x6^3 + -0.032 x6^2 x7 +  0.018 x6 x7^2 + -0.004 x7^3 | (x1)' = -0.015 1 +  125.082 x0 + -0.177 x1 + -125.547 x2 +  2.838 x3 + -5.231 x4 +  5.081 x5 + -2.632 x6 +  0.586 x7 +  0.046 x0^2 + -0.226 x0 x1 +  0.072 x0 x2 +  0.295 x0 x3 + -0.302 x0 x4 + -0.078 x0 x5 +  0.218 x0 x6 + -0.070 x0 x7 +  0.298 x1^2 + -0.331 x1 x2 + -0.551 x1 x3 +  0.645 x1 x4 +  0.295 x1 x5 + -0.537 x1 x6 +  0.107 x1 x7 +  0.254 x2^2 + -0.073 x2 x3 + -0.074 x2 x4 + -0.651 x2 x5 +  0.396 x2 x6 +  0.143 x2 x7 +  0.128 x3^2 +  0.106 x3 x4 +  0.099 x3 x5 +  0.522 x3 x6 + -0.621 x3 x7 + -0.221 x4^2 + -0.038 x4 x5 + -0.594 x4 x6 +  0.655 x4 x7 +  0.515 x5^2 + -0.448 x5 x6 + -0.175 x5 x7 +  0.245 x6^2 + -0.062 x6 x7 +  0.013 x7^2 +  0.002 x0^2 x1 +  0.004 x0^2 x2 + -0.017 x0^2 x3 +  0.024 x0^2 x4 + -0.021 x0^2 x5 +  0.010 x0^2 x6 + -0.003 x0^2 x7 + -0.005 x0 x1^2 +  0.009 x0 x1 x2 + -0.006 x0 x1 x3 +  0.012 x0 x1 x4 + -0.005 x0 x1 x5 +  0.002 x0 x1 x6 +  0.005 x0 x1 x7 +  0.002 x0 x2^2 + -0.012 x0 x2 x3 + -0.016 x0 x2 x4 + -0.006 x0 x2 x5 +  0.002 x0 x2 x6 + -0.002 x0 x2 x7 +  0.016 x0 x3^2 +  0.009 x0 x3 x4 +  0.021 x0 x3 x5 +  0.007 x0 x3 x6 + -0.004 x0 x3 x7 + -0.020 x0 x4^2 + -0.007 x0 x4 x5 + -0.020 x0 x4 x6 +  0.020 x0 x5^2 +  0.004 x0 x5 x6 +  0.014 x0 x5 x7 + -0.012 x0 x6^2 + -0.002 x0 x6 x7 + -0.005 x1^3 +  0.010 x1^2 x2 + -0.003 x1^2 x3 +  0.006 x1^2 x4 +  0.008 x1^2 x5 + -0.006 x1^2 x6 + -0.003 x1^2 x7 +  0.003 x1 x2^2 + -0.009 x1 x2 x3 + -0.013 x1 x2 x4 + -0.004 x1 x2 x6 +  0.002 x1 x2 x7 +  0.008 x1 x3^2 +  0.003 x1 x3 x4 +  0.009 x1 x3 x5 +  0.002 x1 x3 x7 + -0.012 x1 x4^2 + -0.006 x1 x4 x5 + -0.005 x1 x4 x6 +  0.004 x1 x4 x7 + -0.001 x1 x5^2 + -0.021 x1 x5 x7 +  0.016 x1 x6^2 +  0.003 x1 x6 x7 +  0.006 x1 x7^2 + -0.002 x2^3 + -0.004 x2^2 x3 + -0.007 x2^2 x4 +  0.005 x2^2 x5 +  0.001 x2^2 x6 +  0.006 x2^2 x7 +  0.008 x2 x3^2 +  0.006 x2 x3 x4 +  0.007 x2 x3 x5 + -0.001 x2 x3 x6 + -0.002 x2 x3 x7 +  0.007 x2 x4^2 +  0.009 x2 x4 x5 +  0.013 x2 x4 x6 +  0.022 x2 x4 x7 + -0.001 x2 x5^2 + -0.006 x2 x5 x6 + -0.010 x2 x5 x7 + -0.006 x2 x6^2 + -0.002 x2 x6 x7 + -0.013 x2 x7^2 +  0.001 x3^3 + -0.007 x3^2 x4 + -0.011 x3^2 x5 + -0.015 x3^2 x6 + -0.020 x3^2 x7 + -0.005 x3 x4^2 + -0.003 x3 x4 x5 +  0.008 x3 x4 x6 +  0.010 x3 x4 x7 + -0.008 x3 x5^2 + -0.003 x3 x5 x6 +  0.004 x3 x5 x7 +  0.003 x3 x6^2 +  0.019 x3 x6 x7 +  0.012 x3 x7^2 +  0.005 x4^3 +  0.008 x4^2 x5 +  0.016 x4^2 x6 +  0.002 x4^2 x7 + -0.002 x4 x5^2 + -0.003 x4 x5 x6 + -0.015 x4 x5 x7 + -0.010 x4 x6^2 + -0.014 x4 x6 x7 + -0.009 x4 x7^2 + -0.007 x5^3 +  0.001 x5^2 x6 +  0.001 x5^2 x7 +  0.010 x5 x6^2 +  0.021 x5 x6 x7 + -0.002 x6^3 + -0.013 x6^2 x7 +  0.005 x6 x7^2 + -0.001 x7^3 | (x2)' = -0.025 1 + -0.492 x0 +  128.470 x1 + -10.989 x2 + -104.807 x3 + -23.288 x4 +  16.909 x5 + -7.203 x6 +  1.403 x7 +  0.030 x0^2 + -0.126 x0 x1 +  0.440 x0 x2 + -0.889 x0 x3 +  0.998 x0 x4 + -0.667 x0 x5 +  0.168 x0 x6 +  0.036 x0 x7 + -0.196 x1^2 +  0.499 x1 x2 + -0.126 x1 x3 +  0.027 x1 x4 +  0.419 x1 x6 + -0.417 x1 x7 + -0.180 x2^2 + -0.293 x2 x3 +  0.102 x2 x4 + -0.537 x2 x5 + -0.346 x2 x6 +  0.809 x2 x7 +  0.290 x3^2 +  0.386 x3 x4 +  0.981 x3 x5 + -0.200 x3 x6 + -0.932 x3 x7 + -0.998 x4^2 +  0.035 x4 x5 +  0.088 x4 x6 +  0.853 x4 x7 +  0.316 x5^2 + -0.238 x5 x6 + -0.520 x5 x7 + -0.007 x6^2 +  0.239 x6 x7 + -0.043 x7^2 +  0.003 x0^3 + -0.014 x0^2 x1 +  0.013 x0^2 x2 + -0.005 x0^2 x3 +  0.009 x0^2 x4 + -0.018 x0^2 x5 +  0.013 x0^2 x6 + -0.007 x0^2 x7 +  0.007 x0 x1^2 + -0.006 x0 x1 x2 + -0.019 x0 x1 x3 +  0.016 x0 x1 x4 +  0.004 x0 x1 x5 + -0.003 x0 x1 x6 +  0.015 x0 x1 x7 +  0.007 x0 x2^2 +  0.002 x0 x2 x3 + -0.016 x0 x2 x4 + -0.020 x0 x2 x5 +  0.003 x0 x2 x6 + -0.012 x0 x2 x7 +  0.019 x0 x3^2 + -0.003 x0 x3 x4 +  0.017 x0 x3 x5 +  0.025 x0 x3 x6 + -0.004 x0 x3 x7 + -0.022 x0 x4^2 +  0.002 x0 x4 x5 + -0.031 x0 x4 x6 +  0.027 x0 x5^2 + -0.012 x0 x5 x6 +  0.022 x0 x5 x7 + -0.002 x0 x6^2 + -0.013 x0 x6 x7 +  0.003 x0 x7^2 +  0.011 x1^3 + -0.015 x1^2 x2 + -0.015 x1^2 x3 +  0.029 x1^2 x4 +  0.014 x1^2 x5 + -0.027 x1^2 x6 + -0.005 x1^2 x7 + -0.006 x1 x2^2 + -0.005 x1 x2 x3 + -0.004 x1 x2 x4 + -0.007 x1 x2 x5 +  0.004 x1 x2 x6 +  0.011 x1 x2 x7 +  0.002 x1 x3^2 +  0.010 x1 x3 x5 +  0.014 x1 x3 x6 +  0.004 x1 x3 x7 + -0.003 x1 x4^2 +  0.002 x1 x4 x5 + -0.027 x1 x4 x6 + -0.004 x1 x4 x7 +  0.002 x1 x5^2 + -0.018 x1 x5 x6 + -0.011 x1 x5 x7 +  0.032 x1 x6^2 + -0.003 x1 x6 x7 +  0.002 x1 x7^2 +  0.015 x2^3 +  0.005 x2^2 x3 + -0.015 x2^2 x4 + -0.016 x2^2 x5 +  0.014 x2^2 x6 +  0.002 x2^2 x7 +  0.002 x2 x3^2 + -0.004 x2 x3 x4 +  0.009 x2 x3 x6 + -0.012 x2 x3 x7 +  0.010 x2 x4^2 +  0.012 x2 x4 x5 +  0.029 x2 x4 x7 +  0.002 x2 x5^2 + -0.012 x2 x5 x6 +  0.003 x2 x6^2 + -0.011 x2 x6 x7 + -0.005 x2 x7^2 + -0.004 x3^3 + -0.003 x3^2 x4 + -0.003 x3^2 x5 + -0.005 x3^2 x6 + -0.028 x3^2 x7 +  0.005 x3 x4^2 +  0.002 x3 x4 x5 +  0.016 x3 x4 x7 + -0.007 x3 x5^2 + -0.008 x3 x5 x6 +  0.010 x3 x5 x7 + -0.003 x3 x6 x7 +  0.012 x3 x7^2 +  0.003 x4^3 + -0.002 x4^2 x5 +  0.005 x4^2 x6 +  0.008 x4^2 x7 + -0.006 x4 x5^2 + -0.014 x4 x5 x7 +  0.008 x4 x6^2 + -0.004 x4 x6 x7 + -0.009 x4 x7^2 +  0.001 x5^3 +  0.007 x5^2 x6 + -0.014 x5^2 x7 +  0.008 x5 x6^2 +  0.015 x5 x6 x7 +  0.002 x5 x7^2 + -0.017 x6^3 +  0.013 x6^2 x7 + -0.007 x6 x7^2 +  0.001 x7^3 | (x3)' = -0.025 1 + -1.013 x0 +  6.413 x1 +  106.420 x2 +  31.667 x3 + -159.221 x4 +  23.527 x5 + -9.602 x6 +  1.814 x7 +  0.021 x0^2 + -0.118 x0 x1 +  0.897 x0 x2 + -2.134 x0 x3 +  2.357 x0 x4 + -1.215 x0 x5 +  0.079 x0 x6 +  0.115 x0 x7 + -0.438 x1^2 +  0.850 x1 x2 +  0.801 x1 x3 + -1.369 x1 x4 +  1.285 x1 x6 + -0.709 x1 x7 + -1.003 x2^2 +  0.943 x2 x3 + -0.073 x2 x5 + -1.091 x2 x6 +  0.849 x2 x7 + -0.711 x3^2 +  1.055 x3 x4 +  1.367 x3 x5 + -0.995 x3 x6 + -0.206 x3 x7 + -1.211 x4^2 +  0.069 x4 x5 +  0.922 x4 x6 + -0.013 x4 x7 + -0.299 x5^2 +  0.316 x5 x6 + -0.252 x5 x7 + -0.335 x6^2 +  0.299 x6 x7 + -0.053 x7^2 +  0.005 x0^3 + -0.021 x0^2 x1 +  0.017 x0^2 x2 +  0.002 x0^2 x3 + -0.018 x0^2 x5 +  0.016 x0^2 x6 + -0.009 x0^2 x7 +  0.012 x0 x1^2 + -0.015 x0 x1 x2 + -0.027 x0 x1 x3 +  0.019 x0 x1 x4 +  0.012 x0 x1 x5 + -0.005 x0 x1 x6 +  0.023 x0 x1 x7 +  0.012 x0 x2^2 +  0.010 x0 x2 x3 + -0.015 x0 x2 x4 + -0.026 x0 x2 x5 + -0.004 x0 x2 x6 + -0.018 x0 x2 x7 +  0.019 x0 x3^2 + -0.010 x0 x3 x4 +  0.019 x0 x3 x5 +  0.035 x0 x3 x6 + -0.003 x0 x3 x7 + -0.026 x0 x4^2 +  0.009 x0 x4 x5 + -0.035 x0 x4 x6 +  0.031 x0 x5^2 + -0.022 x0 x5 x6 +  0.025 x0 x5 x7 +  0.002 x0 x6^2 + -0.015 x0 x6 x7 +  0.004 x0 x7^2 +  0.021 x1^3 + -0.027 x1^2 x2 + -0.022 x1^2 x3 +  0.040 x1^2 x4 +  0.014 x1^2 x5 + -0.035 x1^2 x6 + -0.009 x1^2 x7 + -0.010 x1 x2^2 + -0.002 x1 x2 x3 +  0.002 x1 x2 x4 + -0.014 x1 x2 x5 +  0.011 x1 x2 x6 +  0.018 x1 x2 x7 +  0.001 x1 x3^2 + -0.002 x1 x3 x4 +  0.008 x1 x3 x5 +  0.023 x1 x3 x6 +  0.007 x1 x3 x7 +  0.004 x1 x4 x5 + -0.036 x1 x4 x6 + -0.008 x1 x4 x7 +  0.003 x1 x5^2 + -0.025 x1 x5 x6 + -0.008 x1 x5 x7 +  0.043 x1 x6^2 + -0.008 x1 x6 x7 + -0.002 x1 x7^2 +  0.021 x2^3 +  0.009 x2^2 x3 + -0.015 x2^2 x4 + -0.028 x2^2 x5 +  0.023 x2^2 x6 + -0.002 x2 x3^2 + -0.007 x2 x3 x4 + -0.005 x2 x3 x5 +  0.013 x2 x3 x6 + -0.022 x2 x3 x7 +  0.014 x2 x4^2 +  0.013 x2 x4 x5 + -0.010 x2 x4 x6 +  0.026 x2 x4 x7 +  0.003 x2 x5^2 + -0.019 x2 x5 x6 +  0.020 x2 x5 x7 +  0.006 x2 x6^2 + -0.019 x2 x6 x7 +  0.006 x2 x7^2 + -0.008 x3^3 + -0.001 x3^2 x4 +  0.002 x3^2 x5 +  0.001 x3^2 x6 + -0.030 x3^2 x7 +  0.011 x3 x4^2 +  0.007 x3 x4 x5 + -0.003 x3 x4 x6 +  0.024 x3 x4 x7 + -0.002 x3 x5^2 + -0.010 x3 x5 x6 +  0.008 x3 x5 x7 +  0.001 x3 x6^2 + -0.017 x3 x6 x7 +  0.005 x3 x7^2 + -0.001 x4^3 + -0.008 x4^2 x5 + -0.003 x4^2 x6 +  0.015 x4^2 x7 + -0.009 x4 x5^2 + -0.001 x4 x5 x6 + -0.018 x4 x5 x7 +  0.018 x4 x6^2 +  0.002 x4 x6 x7 + -0.001 x4 x7^2 +  0.005 x5^3 +  0.009 x5^2 x6 + -0.024 x5^2 x7 +  0.011 x5 x6^2 +  0.020 x5 x6 x7 + -0.006 x5 x7^2 + -0.028 x6^3 +  0.023 x6^2 x7 + -0.009 x6 x7^2 +  0.001 x7^3 | (x4)' = -0.045 1 + -1.110 x0 +  6.508 x1 + -17.617 x2 +  153.311 x3 + -29.127 x4 + -105.716 x5 + -7.679 x6 +  1.434 x7 + -0.070 x0^2 +  0.378 x0 x1 + -0.842 x0 x3 +  1.130 x0 x4 + -0.497 x0 x5 + -0.141 x0 x6 +  0.119 x0 x7 + -0.662 x1^2 +  0.820 x1 x2 +  0.403 x1 x3 + -0.530 x1 x4 + -0.680 x1 x5 +  1.489 x1 x6 + -0.603 x1 x7 +  0.008 x2^2 + -0.585 x2 x3 +  0.264 x2 x4 +  0.378 x2 x5 + -1.368 x2 x6 +  0.604 x2 x7 + -0.228 x3^2 +  0.704 x3 x4 +  1.061 x3 x5 + -0.613 x3 x6 +  0.110 x3 x7 + -0.667 x4^2 + -0.420 x4 x5 +  0.703 x4 x6 + -0.284 x4 x7 + -0.288 x5^2 +  0.766 x5 x6 + -0.189 x5 x7 + -0.559 x6^2 +  0.343 x6 x7 + -0.056 x7^2 +  0.004 x0^3 + -0.017 x0^2 x1 +  0.015 x0^2 x2 +  0.005 x0^2 x3 + -0.006 x0^2 x4 + -0.009 x0^2 x5 +  0.009 x0^2 x6 + -0.007 x0^2 x7 +  0.009 x0 x1^2 + -0.018 x0 x1 x2 + -0.021 x0 x1 x3 +  0.015 x0 x1 x4 +  0.013 x0 x1 x5 +  0.019 x0 x1 x7 +  0.012 x0 x2^2 +  0.014 x0 x2 x3 + -0.006 x0 x2 x4 + -0.023 x0 x2 x5 + -0.014 x0 x2 x6 + -0.015 x0 x2 x7 +  0.008 x0 x3^2 + -0.014 x0 x3 x4 +  0.018 x0 x3 x5 +  0.028 x0 x3 x6 +  0.001 x0 x3 x7 + -0.020 x0 x4^2 +  0.015 x0 x4 x5 + -0.025 x0 x4 x6 + -0.003 x0 x4 x7 +  0.021 x0 x5^2 + -0.023 x0 x5 x6 +  0.021 x0 x5 x7 +  0.004 x0 x6^2 + -0.011 x0 x6 x7 +  0.003 x0 x7^2 +  0.023 x1^3 + -0.027 x1^2 x2 + -0.019 x1^2 x3 +  0.030 x1^2 x4 +  0.003 x1^2 x5 + -0.023 x1^2 x6 + -0.013 x1^2 x7 + -0.009 x1 x2^2 +  0.003 x1 x2 x3 +  0.009 x1 x2 x4 + -0.013 x1 x2 x5 +  0.014 x1 x2 x6 +  0.020 x1 x2 x7 + -0.002 x1 x3 x4 +  0.007 x1 x3 x5 +  0.024 x1 x3 x6 +  0.007 x1 x3 x7 + -0.001 x1 x4^2 +  0.003 x1 x4 x5 + -0.029 x1 x4 x6 + -0.012 x1 x4 x7 + -0.019 x1 x5 x6 +  0.001 x1 x5 x7 +  0.035 x1 x6^2 + -0.012 x1 x6 x7 + -0.004 x1 x7^2 +  0.016 x2^3 +  0.009 x2^2 x3 + -0.006 x2^2 x4 + -0.027 x2^2 x5 +  0.016 x2^2 x6 + -0.001 x2^2 x7 + -0.005 x2 x3^2 + -0.006 x2 x3 x4 + -0.006 x2 x3 x5 +  0.008 x2 x3 x6 + -0.022 x2 x3 x7 +  0.010 x2 x4^2 +  0.009 x2 x4 x5 + -0.012 x2 x4 x6 +  0.014 x2 x4 x7 +  0.003 x2 x5^2 + -0.012 x2 x5 x6 +  0.022 x2 x5 x7 +  0.006 x2 x6^2 + -0.016 x2 x6 x7 +  0.013 x2 x7^2 + -0.010 x3^3 +  0.001 x3^2 x4 +  0.007 x3^2 x5 + -0.016 x3^2 x7 +  0.012 x3 x4^2 +  0.009 x3 x4 x5 +  0.001 x3 x4 x6 +  0.022 x3 x4 x7 + -0.008 x3 x5 x6 +  0.003 x3 x5 x7 + -0.004 x3 x6^2 + -0.022 x3 x6 x7 + -0.003 x3 x7^2 + -0.003 x4^3 + -0.010 x4^2 x5 + -0.005 x4^2 x6 +  0.005 x4^2 x7 + -0.010 x4 x5^2 + -0.002 x4 x5 x6 +  0.018 x4 x6^2 +  0.007 x4 x6 x7 +  0.006 x4 x7^2 +  0.007 x5^3 +  0.010 x5^2 x6 + -0.033 x5^2 x7 +  0.012 x5 x6^2 +  0.020 x5 x6 x7 + -0.011 x5 x7^2 + -0.029 x6^3 +  0.024 x6^2 x7 + -0.007 x6 x7^2 +  0.001 x7^3 | (x5)' = -0.045 1 + -0.576 x0 +  3.014 x1 + -7.188 x2 +  10.146 x3 +  115.761 x4 +  5.558 x5 + -127.104 x6 +  0.393 x7 + -0.042 x0^2 +  0.211 x0 x1 + -0.120 x0 x2 + -0.131 x0 x3 +  0.241 x0 x4 +  0.025 x0 x5 + -0.214 x0 x6 +  0.069 x0 x7 + -0.242 x1^2 +  0.226 x1 x2 +  0.183 x1 x3 + -0.380 x1 x4 + -0.399 x1 x5 +  0.870 x1 x6 + -0.202 x1 x7 +  0.024 x2^2 +  0.475 x2 x4 +  0.153 x2 x5 + -0.815 x2 x6 + -0.035 x2 x7 + -0.456 x3^2 +  0.123 x3 x4 +  0.299 x3 x5 + -0.075 x3 x6 +  0.628 x3 x7 +  0.020 x4^2 + -0.061 x4 x5 +  0.256 x4 x6 + -0.810 x4 x7 + -0.375 x5^2 +  0.375 x5 x6 +  0.434 x5 x7 + -0.143 x6^2 + -0.139 x6 x7 +  0.031 x7^2 +  0.001 x0^3 + -0.005 x0^2 x1 +  0.005 x0^2 x2 +  0.005 x0^2 x3 + -0.009 x0^2 x4 +  0.007 x0^2 x5 + -0.004 x0^2 x6 +  0.002 x0 x1^2 + -0.011 x0 x1 x2 + -0.004 x0 x1 x3 +  0.001 x0 x1 x4 +  0.008 x0 x1 x6 +  0.006 x0 x1 x7 +  0.005 x0 x2^2 +  0.012 x0 x2 x3 +  0.012 x0 x2 x4 + -0.005 x0 x2 x5 + -0.016 x0 x2 x6 + -0.004 x0 x2 x7 + -0.011 x0 x3^2 + -0.009 x0 x3 x4 +  0.008 x0 x3 x5 +  0.003 x0 x3 x6 +  0.003 x0 x3 x7 + -0.002 x0 x4^2 +  0.012 x0 x4 x5 + -0.003 x0 x4 x6 + -0.001 x0 x5^2 + -0.008 x0 x5 x6 +  0.005 x0 x6^2 +  0.001 x0 x6 x7 +  0.011 x1^3 + -0.012 x1^2 x2 + -0.001 x1^2 x3 + -0.001 x1^2 x4 +  0.003 x1^2 x6 + -0.012 x1^2 x7 + -0.005 x1 x2^2 +  0.009 x1 x2 x3 +  0.009 x1 x2 x4 + -0.019 x1 x2 x5 +  0.008 x1 x2 x6 +  0.012 x1 x2 x7 + -0.003 x1 x3^2 + -0.002 x1 x3 x4 + -0.001 x1 x3 x5 +  0.018 x1 x3 x6 +  0.005 x1 x3 x7 +  0.002 x1 x4 x5 + -0.002 x1 x4 x6 + -0.015 x1 x4 x7 + -0.004 x1 x5^2 + -0.003 x1 x5 x6 +  0.016 x1 x5 x7 +  0.003 x1 x6^2 + -0.012 x1 x6 x7 + -0.003 x1 x7^2 +  0.006 x2^2 x3 +  0.005 x2^2 x4 + -0.006 x2^2 x6 +  0.001 x2^2 x7 + -0.004 x2 x3^2 + -0.001 x2 x3 x4 + -0.007 x2 x3 x5 + -0.003 x2 x3 x6 + -0.010 x2 x3 x7 +  0.003 x2 x4^2 + -0.001 x2 x4 x5 + -0.011 x2 x4 x6 + -0.014 x2 x4 x7 +  0.001 x2 x5 x6 +  0.017 x2 x5 x7 +  0.007 x2 x6^2 + -0.002 x2 x6 x7 +  0.013 x2 x7^2 + -0.009 x3^3 +  0.003 x3^2 x4 +  0.007 x3^2 x5 +  0.007 x3^2 x6 +  0.007 x3^2 x7 +  0.006 x3 x4^2 +  0.005 x3 x4 x5 + -0.001 x3 x4 x6 +  0.006 x3 x4 x7 +  0.002 x3 x5^2 + -0.002 x3 x5 x6 +  0.003 x3 x5 x7 + -0.006 x3 x6^2 + -0.017 x3 x6 x7 + -0.014 x3 x7^2 + -0.003 x4^3 + -0.006 x4^2 x5 + -0.005 x4^2 x6 +  0.003 x4^2 x7 + -0.005 x4 x5^2 + -0.001 x4 x5 x6 + -0.005 x4 x5 x7 +  0.009 x4 x6^2 +  0.010 x4 x6 x7 +  0.016 x4 x7^2 +  0.005 x5^3 +  0.005 x5^2 x6 + -0.012 x5^2 x7 +  0.004 x5 x6^2 +  0.006 x5 x6 x7 + -0.014 x5 x7^2 + -0.013 x6^3 +  0.012 x6^2 x7 | (x6)' = -0.014 1 +  0.131 x0 + -1.366 x1 +  5.370 x2 + -11.191 x3 +  13.898 x4 +  114.483 x5 +  4.572 x6 + -125.899 x7 +  0.013 x0^2 + -0.115 x0 x1 + -0.044 x0 x2 +  0.445 x0 x3 + -0.624 x0 x4 +  0.488 x0 x5 + -0.156 x0 x6 + -0.029 x0 x7 +  0.350 x1^2 + -0.631 x1 x2 +  0.110 x1 x3 + -0.188 x1 x4 +  0.126 x1 x5 + -0.339 x1 x6 +  0.395 x1 x7 + -0.003 x2^2 +  0.653 x2 x3 +  0.246 x2 x4 +  0.119 x2 x5 +  0.333 x2 x6 + -0.831 x2 x7 + -0.400 x3^2 + -0.627 x3 x4 + -0.829 x3 x5 +  0.315 x3 x6 +  1.000 x3 x7 +  0.894 x4^2 +  0.327 x4 x5 + -0.196 x4 x6 + -1.006 x4 x7 + -0.380 x5^2 + -0.073 x5 x6 +  0.786 x5 x7 +  0.257 x6^2 + -0.471 x6 x7 +  0.084 x7^2 + -0.001 x0^3 +  0.003 x0^2 x1 + -0.002 x0^2 x3 + -0.008 x0^2 x4 +  0.023 x0^2 x5 + -0.018 x0^2 x6 +  0.008 x0^2 x7 +  0.003 x0 x1^2 + -0.010 x0 x1 x2 +  0.023 x0 x1 x3 + -0.021 x0 x1 x4 + -0.006 x0 x1 x5 +  0.008 x0 x1 x6 + -0.016 x0 x1 x7 + -0.008 x0 x2^2 +  0.010 x0 x2 x3 +  0.018 x0 x2 x4 +  0.021 x0 x2 x5 + -0.006 x0 x2 x6 +  0.012 x0 x2 x7 + -0.022 x0 x3^2 + -0.005 x0 x3 x4 + -0.017 x0 x3 x5 + -0.026 x0 x3 x6 +  0.007 x0 x3 x7 +  0.025 x0 x4^2 +  0.005 x0 x4 x5 +  0.032 x0 x4 x6 + -0.005 x0 x4 x7 + -0.034 x0 x5^2 +  0.008 x0 x5 x6 + -0.019 x0 x5 x7 +  0.011 x0 x6^2 +  0.007 x0 x6 x7 + -0.002 x0 x7^2 + -0.006 x1^3 +  0.004 x1^2 x2 +  0.022 x1^2 x3 + -0.029 x1^2 x4 + -0.017 x1^2 x5 +  0.031 x1^2 x6 +  0.003 x1^2 x7 +  0.002 x1 x2^2 +  0.011 x1 x2 x3 +  0.006 x1 x2 x4 +  0.006 x1 x2 x5 + -0.005 x1 x2 x6 + -0.010 x1 x2 x7 + -0.010 x1 x3^2 + -0.006 x1 x3 x4 + -0.009 x1 x3 x5 + -0.011 x1 x3 x6 +  0.007 x1 x4^2 +  0.005 x1 x4 x5 +  0.026 x1 x4 x6 + -0.002 x1 x4 x7 + -0.003 x1 x5^2 +  0.015 x1 x5 x6 +  0.027 x1 x5 x7 + -0.040 x1 x6^2 + -0.004 x1 x6 x7 + -0.002 x1 x7^2 + -0.011 x2^3 +  0.017 x2^2 x4 +  0.014 x2^2 x5 + -0.018 x2^2 x6 + -0.003 x2^2 x7 + -0.006 x2 x3^2 +  0.002 x2 x3 x4 + -0.001 x2 x3 x5 + -0.009 x2 x3 x6 +  0.012 x2 x3 x7 + -0.008 x2 x4^2 + -0.013 x2 x4 x5 + -0.006 x2 x4 x6 + -0.041 x2 x4 x7 + -0.005 x2 x5^2 +  0.016 x2 x5 x6 + -0.002 x2 x5 x7 +  0.006 x2 x6^2 +  0.013 x2 x6 x7 +  0.011 x2 x7^2 +  0.006 x3^2 x4 +  0.006 x3^2 x5 +  0.011 x3^2 x6 +  0.037 x3^2 x7 + -0.001 x3 x4^2 + -0.005 x3 x4 x5 + -0.002 x3 x4 x6 + -0.019 x3 x4 x7 +  0.003 x3 x5^2 +  0.010 x3 x5 x6 + -0.006 x3 x5 x7 + -0.003 x3 x6^2 + -0.026 x3 x7^2 + -0.002 x4^3 + -0.002 x4^2 x5 + -0.007 x4^2 x6 + -0.010 x4^2 x7 +  0.005 x4 x5^2 +  0.003 x4 x5 x6 +  0.017 x4 x5 x7 + -0.008 x4 x6^2 +  0.002 x4 x6 x7 +  0.025 x4 x7^2 +  0.004 x5^3 + -0.004 x5^2 x6 +  0.013 x5^2 x7 + -0.013 x5 x6^2 + -0.019 x5 x6 x7 + -0.009 x5 x7^2 +  0.016 x6^3 + -0.004 x6^2 x7 +  0.005 x6 x7^2 + -0.001 x7^3 | (x7)' =  1.331 1 +  81.656 x0 + -543.878 x1 +  1693.065 x2 + -3222.421 x3 +  4103.699 x4 + -3581.257 x5 +  2216.606 x6 + -747.371 x7 +  0.251 x0^2 + -1.574 x0 x1 +  1.255 x0 x2 +  1.117 x0 x3 + -3.112 x0 x4 +  3.367 x0 x5 + -1.923 x0 x6 +  0.391 x0 x7 +  2.269 x1^2 + -3.399 x1 x2 + -0.312 x1 x3 +  0.517 x1 x4 + -1.540 x1 x5 +  1.624 x1 x6 + -0.043 x1 x7 + -0.308 x2^2 +  3.460 x2 x3 +  3.603 x2 x4 + -2.198 x2 x5 + -0.362 x2 x6 + -1.083 x2 x7 + -2.846 x3^2 + -2.432 x3 x4 + -1.479 x3 x5 +  2.020 x3 x6 +  2.017 x3 x7 +  2.172 x4^2 +  2.471 x4 x5 + -0.595 x4 x6 + -3.221 x4 x7 + -1.636 x5^2 + -1.992 x5 x6 +  3.447 x5 x7 +  2.082 x6^2 + -2.404 x6 x7 +  0.393 x7^2 + -0.003 x0^3 +  0.014 x0^2 x1 + -0.027 x0^2 x2 +  0.020 x0^2 x3 + -0.017 x0^2 x4 +  0.028 x0^2 x5 + -0.022 x0^2 x6 +  0.016 x0^2 x7 +  0.006 x0 x1^2 +  0.011 x0 x1 x2 +  0.022 x0 x1 x3 + -0.047 x0 x1 x4 +  0.002 x0 x1 x5 +  0.006 x0 x1 x6 + -0.046 x0 x1 x7 + -0.015 x0 x2^2 + -0.005 x0 x2 x3 +  0.005 x0 x2 x4 +  0.037 x0 x2 x5 +  0.042 x0 x2 x6 +  0.016 x0 x2 x7 + -0.006 x0 x3^2 +  0.009 x0 x3 x4 + -0.059 x0 x3 x5 + -0.050 x0 x3 x6 +  0.001 x0 x3 x7 +  0.055 x0 x4^2 + -0.016 x0 x4 x5 +  0.033 x0 x4 x6 +  0.014 x0 x4 x7 + -0.043 x0 x5^2 +  0.027 x0 x5 x6 + -0.031 x0 x5 x7 +  0.019 x0 x6^2 + -0.008 x0 x6 x7 +  0.006 x0 x7^2 + -0.026 x1^3 +  0.018 x1^2 x2 +  0.038 x1^2 x3 + -0.024 x1^2 x4 + -0.001 x1^2 x5 + -0.003 x1^2 x6 +  0.043 x1^2 x7 +  0.003 x1 x2^2 +  0.001 x1 x2 x3 + -0.004 x1 x2 x4 +  0.014 x1 x2 x5 + -0.018 x1 x2 x6 + -0.019 x1 x2 x7 + -0.026 x1 x3^2 + -0.016 x1 x3 x4 + -0.018 x1 x3 x5 + -0.006 x1 x3 x6 + -0.007 x1 x3 x7 +  0.017 x1 x4^2 +  0.013 x1 x4 x5 +  0.051 x1 x4 x6 + -0.004 x1 x4 x7 + -0.003 x1 x5^2 +  0.014 x1 x5 x6 +  0.021 x1 x5 x7 + -0.060 x1 x6^2 +  0.026 x1 x6 x7 + -0.017 x1 x7^2 + -0.009 x2^3 + -0.001 x2^2 x3 +  0.017 x2^2 x4 +  0.026 x2^2 x5 + -0.019 x2^2 x6 + -0.027 x2^2 x7 + -0.003 x2 x3^2 +  0.004 x2 x3 x4 +  0.001 x2 x3 x5 +  0.007 x2 x3 x6 +  0.024 x2 x3 x7 + -0.007 x2 x4^2 + -0.017 x2 x4 x5 + -0.002 x2 x4 x6 + -0.052 x2 x4 x7 + -0.012 x2 x5^2 +  0.010 x2 x5 x6 + -0.007 x2 x5 x7 + -0.006 x2 x6^2 +  0.033 x2 x6 x7 +  0.018 x2 x7^2 +  0.008 x3^3 +  0.004 x3^2 x4 + -0.006 x3^2 x5 +  0.012 x3^2 x6 +  0.066 x3^2 x7 + -0.006 x3 x4^2 + -0.015 x3 x4 x5 + -0.017 x3 x4 x6 + -0.031 x3 x4 x7 +  0.013 x3 x5^2 +  0.025 x3 x5 x6 +  0.014 x3 x6^2 + -0.025 x3 x6 x7 + -0.034 x3 x7^2 +  0.002 x4^3 +  0.002 x4^2 x5 + -0.023 x4^2 x6 + -0.029 x4^2 x7 +  0.021 x4 x5^2 +  0.012 x4 x5 x6 +  0.034 x4 x5 x7 +  0.001 x4 x6^2 + -0.012 x4 x6 x7 +  0.041 x4 x7^2 + -0.003 x5^3 + -0.020 x5^2 x6 +  0.036 x5^2 x7 + -0.030 x5 x6^2 + -0.033 x5 x6 x7 + -0.012 x5 x7^2 +  0.031 x6^3 + -0.001 x6^2 x7 + -0.001 x6 x7^2 +  0.001 x7^3
30,35.0,100.0,36.85636440989091,3,8,1,4.0,28.0,9,36.0,smoothed_finite_difference_savgol_order_3,success,,1300,1320,98.48484848484848,17.60233249887824,"[""1"", ""x0"", ""x1"", ""x2"", ""x3"", ""x4"", ""x5"", ""x6"", ""x7"", ""x0^2"", ""x0 x1"", ""x0 x2"", ""x0 x3"", ""x0 x4"", ""x0 x5"", ""x0 x6"", ""x0 x7"", ""x1^2"", ""x1 x2"", ""x1 x3"", ""x1 x4"", ""x1 x5"", ""x1 x6"", ""x1 x7"", ""x2^2"", ""x2 x3"", ""x2 x4"", ""x2 x5"", ""x2 x6"", ""x2 x7"", ""x3^2"", ""x3 x4"", ""x3 x5"", ""x3 x6"", ""x3 x7"", ""x4^2"", ""x4 x5"", ""x4 x6"", ""x4 x7"", ""x5^2"", ""x5 x6"", ""x5 x7"", ""x6^2"", ""x6 x7"", ""x7^2"", ""x0^3"", ""x0^2 x1"", ""x0^2 x2"", ""x0^2 x3"", ""x0^2 x4"", ""x0^2 x5"", ""x0^2 x6"", ""x0^2 x7"", ""x0 x1^2"", ""x0 x1 x2"", ""x0 x1 x3"", ""x0 x1 x4"", ""x0 x1 x5"", ""x0 x1 x6"", ""x0 x1 x7"", ""x0 x2^2"", ""x0 x2 x3"", ""x0 x2 x4"", ""x0 x2 x5"", ""x0 x2 x6"", ""x0 x2 x7"", ""x0 x3^2"", ""x0 x3 x4"", ""x0 x3 x5"", ""x0 x3 x6"", ""x0 x3 x7"", ""x0 x4^2"", ""x0 x4 x5"", ""x0 x4 x6"", ""x0 x4 x7"", ""x0 x5^2"", ""x0 x5 x6"", ""x0 x5 x7"", ""x0 x6^2"", ""x0 x6 x7"", ""x0 x7^2"", ""x1^3"", ""x1^2 x2"", ""x1^2 x3"", ""x1^2 x4"", ""x1^2 x5"", ""x1^2 x6"", ""x1^2 x7"", ""x1 x2^2"", ""x1 x2 x3"", ""x1 x2 x4"", ""x1 x2 x5"", ""x1 x2 x6"", ""x1 x2 x7"", ""x1 x3^2"", ""x1 x3 x4"", ""x1 x3 x5"", ""x1 x3 x6"", ""x1 x3 x7"", ""x1 x4^2"", ""x1 x4 x5"", ""x1 x4 x6"", ""x1 x4 x7"", ""x1 x5^2"", ""x1 x5 x6"", ""x1 x5 x7"", ""x1 x6^2"", ""x1 x6 x7"", ""x1 x7^2"", ""x2^3"", ""x2^2 x3"", ""x2^2 x4"", ""x2^2 x5"", ""x2^2 x6"", ""x2^2 x7"", ""x2 x3^2"", ""x2 x3 x4"", ""x2 x3 x5"", ""x2 x3 x6"", ""x2 x3 x7"", ""x2 x4^2"", ""x2 x4 x5"", ""x2 x4 x6"", ""x2 x4 x7"", ""x2 x5^2"", ""x2 x5 x6"", ""x2 x5 x7"", ""x2 x6^2"", ""x2 x6 x7"", ""x2 x7^2"", ""x3^3"", ""x3^2 x4"", ""x3^2 x5"", ""x3^2 x6"", ""x3^2 x7"", ""x3 x4^2"", ""x3 x4 x5"", ""x3 x4 x6"", ""x3 x4 x7"", ""x3 x5^2"", ""x3 x5 x6"", ""x3 x5 x7"", ""x3 x6^2"", ""x3 x6 x7"", ""x3 x7^2"", ""x4^3"", ""x4^2 x5"", ""x4^2 x6"", ""x4^2 x7"", ""x4 x5^2"", ""x4 x5 x6"", ""x4 x5 x7"", ""x4 x6^2"", ""x4 x6 x7"", ""x4 x7^2"", ""x5^3"", ""x5^2 x6"", ""x5^2 x7"", ""x5 x6^2"", ""x5 x6 x7"", ""x5 x7^2"", ""x6^3"", ""x6^2 x7"", ""x6 x7^2"", ""x7^3""]","[[-0.05913802662059575, 802.5196455550314, -2486.6554302316795, 4154.144784986015, -4771.0821935557215, 3659.758142855427, -1829.328280531993, 544.2534558673266, -73.6684438436072, 0.4146776940704574, -1.966609402163896, 1.3486095390195285, 0.0052756020768508745, -2.9304283172328742, 4.0984031452551575, -2.0679346708568627, 0.9373810259241115, 1.6621525433134825, -0.028068834583861793, 3.331705241901815, -1.701203261200951, -1.59824209980414, -0.7029192718713778, -2.0542263595427377, -5.140168781404484, 1.9122891108236661, 0.3392455211337406, 1.4019846588715, 5.209360857434065, 3.4856819380909867, 3.3091745660876284, -2.1915856258144366, -4.001765889429795, -4.856945974703347, -5.529751979505679, -1.002260137555915, 3.6259716882274438, 2.9874865455821196, 5.910997206599215, 0.0, -1.2992283327167924, -4.341575837864766, -0.589111490569616, 2.5304026526505874, -0.5087741805355547, -0.024779148678664036, 0.10949969138895929, -0.161706324236598, 0.08442309854096995, 0.0704593290115249, -0.01431754818750114, -0.12502395470120442, 0.07665494611885884, 0.009331439230073195, -0.04083709976147654, 0.019490137165677317, -0.14619690648267503, 0.030678715953922252, 0.24178291821444078, -0.15340281074020992, 0.0631403553078585, 0.038016207864132436, -0.19599246955032348, -0.052254531706168644, 0.1384582072470253, -0.04390728278426976, 0.07742934643626252, -0.023167568587330423, 0.0474807233358853, 0.008521449026198292, 0.01627265942342334, 0.02443150262772193, 0.04001519575134633, -0.16414508783956283, -0.06729394370167119, 0.06719739853313694, -0.04873801085575263, 0.15675267127106793, -0.054956773982285816, 0.029416857428041142, -0.028367232739238146, -0.049084991833768285, 0.01742485534544319, 0.09248948380963483, -0.007441245153173781, 0.010252632257142746, -0.04127136100869945, 0.005933296074028684, 0.020576687445977942, 0.015340340870597203, -0.011908330478360435, -0.014003852921700992, -0.15094172409417925, 0.11607696677007102, -0.05061678503847739, -0.04010998722874212, -0.0030529975150528433, 0.0, 0.13265323156963024, -0.04629118992057365, -0.01971071524811057, -0.005745556166517264, -0.04440899332897702, 0.026406920997968784, 0.10462011278461437, -0.08889074626287054, 0.09468672428430445, -0.19721915050623387, 0.10599703477259964, -0.04331728675563509, -0.01788098842460535, 0.13008685317916963, 0.11982467158879785, -0.15276111618480612, -0.012207433420574782, -0.03745586091732715, 0.08397312315203376, 0.08695367972800379, -0.01957371264999154, -0.029947951059735713, 0.04796103920327495, -0.023234579009535905, 0.05167446037126797, -0.017341494430892074, -0.1283539830510418, 0.03711789168016594, 0.05424778670196154, 0.060083705980767746, -0.01965173505056382, -0.05153642267104411, -0.09092918647548738, 0.0013941754682378442, 0.004122948599738987, 0.05230828399574836, -0.055097142895413904, 0.0, -0.07184037567068785, 0.07722015708718409, 0.00015615207158796055, -0.19421895953992252, -0.04006618691752967, 0.1022051416487628, -0.04890473460411202, 0.10271261508863172, -0.01074229377523746, 0.04953791527927674, 0.023763989706913746, 0.11882640079717731, -0.045020791732487596, -0.007801486075468086, 0.006777565661647316, -0.03137509534135743, -0.08709562910344039, 0.010745666632366854, -0.016889756209044492, 0.05415851396160315, 0.01280863849303561, -0.051900861877340276, -0.02575356258885054, 0.025749445942345434, 0.03980708313501015, 0.013065262233089271, 0.033725595614996294, -0.060489549901668556, 0.014255677909225472], [0.34652430256117883, 133.0934387636065, -35.601706083539405, -66.24049877946234, -28.72277340203261, -40.89585286469632, 73.33443777015101, -46.09571997774304, 11.132535110985053, 0.20370394433981012, -1.4099004463797338, 1.1060046375160415, 0.536104316842496, -1.4902526147220407, 1.7100186417412413, -0.5702469031404424, -0.19918388829290798, 2.2545832961316066, -2.8373177176760187, -1.7740807455123695, 2.061104243311267, -3.145685746906733, 0.3654087447257763, 1.5362699834408418, -0.11146008659824834, 2.4526783793849023, 5.5166533974476355, -2.4910824040278308, 2.650607487606068, -3.9534918841569344, -2.8024154152643, -1.5724285885120113, -3.696672785278787, 2.6131328644351375, 3.110414931959777, 1.44104818071514, 1.2233401771674683, -3.0670726240919475, -1.3227667070324978, 2.6338000433530357, -2.578761293472878, 0.9371623686179228, 0.8528844130233113, -0.08795704744689249, -0.09421429080349722, -0.018941123151972463, 0.07166725731219137, -0.15534099958256378, 0.1364252697670505, -0.0007724012598972389, -0.10278758753572656, 0.12279064192366197, -0.02037114802149453, 0.05409393566002376, -0.08472862085011142, 0.06993687575104736, -0.03706065279164116, -0.05235596557193478, -0.12301469585728161, -0.03672803950609037, 0.00907198303753727, 0.06837838818989056, -0.11877161997643916, -0.008841691189392363, 0.08448204252747174, 0.13449505300975453, 0.0943857902334384, -0.029300333158988875, 0.08228761256967543, 0.07825365065043376, -0.0954788216629318, -0.06297417982518197, -0.027500992233249595, -0.11206285395668908, -0.13644050906391383, -0.0011237933105638642, 0.06227560059394002, 0.24311106788043116, 0.06487435451655847, -0.22002667023360342, 0.051358708160100366, 0.01431461701895971, -0.07960732567410717, 0.00031980267088662083, 0.07248067193431178, 0.25562588360452343, -0.055577618082578495, 0.011877598658192302, -0.037339230026821484, -0.08617878880658277, -0.1535993931272715, 0.029576848601472333, -0.09988684198201017, -0.0015411096443440964, -0.10078300580764965, -0.052120274562276116, 0.10711411239375841, -0.029999350207971835, 0.009227014612446599, 0.1194082214482884, 0.12793673705437067, -0.11518462584375842, 0.03625563396084926, -0.026578995152110832, -0.14400428958987763, 0.15929306583842648, -0.053788091767559464, -0.07562622718707329, 0.03903598644398179, 0.18043410319968456, 0.0642221083480782, -0.1492930806476678, -0.0576065236653845, -0.047523359396541356, -0.006269171592258691, 0.033874531917941854, -0.03965343086545085, 0.04121033267505138, 0.07984968323253193, 0.028183887298533637, 0.06746756039314228, 0.06522567887842003, 0.009906043770520042, -0.04393270574815093, -0.06239115320726396, -0.028864254718330578, -0.03749896601400664, 0.2511111755695912, 0.023599817463413875, -0.07018768969688206, -0.0065557524116858085, -0.05682553201141422, -0.01304732664032078, 0.09275610315409193, 0.007162626057915034, -0.01597878156193088, -0.039138140618438726, -0.009607634928399566, -0.0589473691585776, -0.1586386774663135, -0.10260539412957102, -0.11910742185661292, 0.10465431928334314, -0.04797853429574055, 0.028693855653071115, 0.07281946593156371, 0.04525765904932496, 0.023884671523152497, 0.07641278098125681, 0.0016458256819692513, -0.0271583389419414, 0.05764724754504516, -0.01330352196143376, -0.062350975174843545, 0.0652218057249108, 0.03315589076203514, -0.016515549602276042, 0.07988436579114477, -0.04487550083211933, -0.07475638814889565, -0.044009253286477236, 0.043433346641222934, 0.003261406509624921, 0.02646795609340149, -0.0067395039150825314], [0.012122818782128167, 8.682633786830687, 79.52359946415004, 103.54590625185662, -252.38358766831558, 83.25108333537811, -18.95802218583653, -7.968492505420488, 4.323038235196879, 0.11917401419170745, -1.0281400022388412, 1.0807253093007692, 0.38236630022473117, 0.4925421330717746, -1.0488824042388931, 1.1859855145442455, -1.418894999429215, 1.869642831216266, -3.2244202818666983, -6.15652451210212, 4.390611665583264, -2.9055765981031585, 0.0, 5.673189074793191, 3.865231128543892, 1.4472422338537574, 9.568330614477437, -6.135705816385917, 1.145769698187496, -12.425411560292519, -7.383558609539434, 0.49045849179223544, -3.0701554678374827, 8.798814898771186, 13.44135145104246, 2.97513155145384, -1.5312315976230475, -9.39163650753552, -9.92023109419335, 4.133712793217978, -0.17942600828083016, 6.2668640263757585, 0.49541994270536305, -2.3494952639192834, 0.3466631682994246, -0.010761862214289356, 0.03164204806922056, -0.0725370522852627, 0.11113501475442203, -0.03032676385972377, -0.14220645387991188, 0.2611808965219915, -0.09545807834232936, 0.030695409977851366, -0.11835487346390385, 0.040960378912725845, 0.055131817754286605, -0.1035098278744146, -0.32188460763725213, 0.09951627789434038, -0.0014157817259343492, 0.09694151060634502, 0.0026121358402287163, 0.027557351856977195, 0.0025871304503624275, 0.14367626280887114, 0.07291961370885092, -0.049376100425597126, 0.08533926852642704, 0.12151525222817255, -0.08900108626416446, -0.14352909400149114, -0.05010229846696079, -0.056626567414634794, -0.12117238192854768, -0.0024400325358137896, 0.08070457651653856, 0.16642670567450701, 0.12468280299542306, -0.25999737570415726, 0.07153740766519132, 0.0891867006850313, -0.11413827456879387, -0.07407995222939379, 0.12756944837587103, 0.32391451979610375, -0.05845785651872035, 0.03547901525826157, -0.07056512660714134, -0.13165289556405485, -0.17998918527148833, 0.037117347252629905, -0.04790413035371438, -0.129445656135944, -0.11320853282602694, -0.0461787022959746, 0.13621376373998176, -0.006607719292067117, -0.07544925054404106, 0.19679677889472938, 0.20080769337337104, -0.18406989831979087, 0.07646900705657726, -0.005221578148416841, -0.2814564273203651, 0.27691473391175286, -0.16457631891567426, 0.043870011177490356, -0.021203916502467675, 0.24762674302683457, 0.09353649533473575, -0.2708354759751816, -0.16145788628330812, 0.07895741795293403, 0.0046147771722314344, 0.07751228304080435, -0.1055173589919786, -0.02454120582969659, 0.14003323354451713, 0.08114738802183541, 0.04858203893049954, 0.07795837980189564, -0.043778802819799054, -0.05087674987652666, 0.006272871667190774, -0.05854572851442739, -0.0653371330702264, 0.3007705317878987, 0.037068546952166555, -0.04736649658130967, 0.07306319785674097, -0.0726421961299043, -0.055217895200017186, 0.08995221207682534, 0.043640214120972576, -0.015723564364886554, -0.028761812011872157, -0.077401002620037, -0.10261226702871307, -0.07896164580320773, -0.08802785501662831, -0.2180794522064531, 0.1915001976974927, -0.17214817630330997, 0.035049912676656324, 0.08035260877084356, 0.049794679743112455, -0.04232358644900313, 0.12351109708301432, 0.01990154551086023, -0.022515145940317508, 0.11958430457796923, 0.05012229567450787, -0.11090085805678908, 0.12310301292016959, -0.01073713756080401, -0.050710802886655665, 0.15737118475179487, -0.06348278537459248, -0.13086302123162077, -0.08779201684576866, 0.06915622473694016, -0.007580759108995858, 0.06075210705959953, -0.014391353215626802], [-0.31825557322737363, 3.4480512604110087, -22.231161032417535, 189.41461696302957, -105.09260477019834, -22.760524586895194, -57.65970215829685, 16.33771412966182, -1.4137515700810728, -0.010819119799354248, -0.08193473098093831, 3.742064413104141, -8.160241639771531, 10.720339363109886, -7.837876270654705, 2.960441231939382, -1.5165359285862523, -2.4114289704998995, 3.2520338398131594, -7.267300747642797, 6.601640659173946, -5.774972806755165, 5.510027410421676, 3.6235011100608747, 4.667569345846876, -4.269722878213472, 5.308849663835596, -4.225366621555193, -6.137015297368112, -9.466910469900156, -4.1890025852843, 4.675851447944812, 6.242998991787565, 7.5382271903182545, 12.947114676567297, -3.101633077766169, -4.629351791322166, -9.145526201693793, -10.09212040190853, 4.069316981092507, 4.001277297438701, 5.4881937684136375, -1.7720081964003802, -1.5887410776228919, 0.32904671460974, -0.0004532988532924989, -0.012464092575538451, 0.016484685281527686, 0.009784308905676596, -0.027011625340623038, -0.09867037225416798, 0.222542163499475, -0.12536312543390427, 0.018424329942157775, -0.026972938140280657, 0.041581231300344544, 0.13447987399254574, -0.08816934303043075, -0.2596484596189823, 0.24867564301001588, -0.08055430546247598, 0.008641079439258233, 0.16810762449105338, 0.07904732192509535, -0.21153540738769142, 0.006381552845467353, -0.026826790040418966, 0.007664970001063376, 0.09007351181575786, 0.030135235893911115, 0.040770376220889325, -0.17383360470799314, -0.06829338597997821, 0.023276947116952416, -0.04709253536079271, 0.0534979267981709, 0.11828168877879533, -0.0016377331208416298, 0.008175713428714265, -0.10865107807394538, 0.048270965813098574, 0.0323322334174563, -0.033906005970759184, -0.09663458485218156, -0.022064205890689637, 0.058561102819500076, 0.056702051914461975, -0.0525934630319033, 0.007902305122614445, -0.04361729274442105, -0.055785781737908, 0.04928244226218327, 0.11696848759024177, -0.1595904981452545, 0.008719037294215616, 0.031821266011539305, 0.11171794611752668, 0.12467216628715322, -0.026243129561327502, 0.05551061204537281, 0.04450642607496839, -0.09215797960976524, -0.0513974142308694, -0.03156140832241715, -0.1718750172075802, 0.12617179459954334, -0.16616857381439187, 0.22283963343750687, -0.1001166809116008, 0.1317716992049196, 0.009834108203446145, -0.21697868332191483, 0.0, 0.030109375067326857, 0.012498500348112299, 0.018117335490628654, -0.09407569557601157, -0.1367133399625306, -0.012350890145782611, 0.11582973676328184, 0.022700415942531704, 0.03850312290795712, -0.04598337093615866, -0.027001143645773794, 0.13884894392889074, 0.03221883400334377, -0.019383032161188665, 0.06457939572522585, 0.0821046711997137, -0.0012277091361248263, 0.08043801574646028, 0.0026669615379562002, -0.128175758203479, 0.0, 0.07193260705437914, 0.06246059099696031, -0.00721792619982291, -0.07441880862198359, -0.07610527176883242, 0.056263407117297846, 0.015817334738411012, -0.1821068198765298, 0.0205116981698457, -0.19099882322262213, 0.026865540768941883, 0.05650355803966229, -0.027749066130311768, 0.00681653294902593, 0.0581362532468093, -0.04164072950983289, 0.07139961303458123, 0.0664531243167614, 0.10326654453213763, -0.04543828562491202, 0.10923707057157041, -0.11787674860615559, 0.021336678373545817, 0.09642076845637787, 0.004241423041612247, -0.07081681922651119, -0.11995605689398103, -0.019619828141016562, 0.0013932356880999555, 0.0855220683526037, -0.020079456084734545], [-0.6069326033435869, -4.138274475273499, 22.341005616171746, -49.92801444813266, 184.37278267401948, -38.66622768630216, -113.19540540125914, -0.21224670325979514, -0.5450602480159625, -0.0960143360415932, 0.4188394817472312, 1.9206438879570047, -5.05240819043102, 10.862338060285216, -12.04910881024228, 5.968979702374006, -2.131267107758444, -1.6771964013902252, 1.0195754437576463, -11.137025517246261, 8.002527229495096, 0.7241914824302922, 2.034206891061975, 3.8319014860314526, 9.08040124437136, -4.57288213829669, 1.873061880773606, -5.3884281634205085, -9.118039577611578, -8.071471243418562, -4.72631743865362, 4.421937628894663, 7.689231973790658, 11.07771745603115, 13.568868323805196, -1.0669794796241818, -4.96601070072099, -9.984719412835837, -14.454296652406086, 1.3179225138672455, 4.80225746891185, 10.42456899887477, -0.5542305033188156, -5.031717397494923, 1.0389911897963096, 0.002922336639825002, -0.002066626474443564, 0.0, 0.09108064710843673, -0.1200938844403497, 0.007819310502627822, 0.02936669295681684, 0.0, -0.055019459748533665, 0.009864790913430248, -0.04857192555337774, 0.08378800242816486, 0.07760513279825114, 0.0019661113172654084, -0.06830545958497312, -0.03230596876551243, 0.01544819844836225, 0.16885418078148565, 0.03151422543502853, -0.20452876663463826, -0.008555879389845094, -0.04318154168591596, -0.03495643683402907, -0.016351338634445812, 0.006203378973960936, 0.20522287866118225, -0.1399525287419332, 0.008801457971960447, 0.054125980441458436, -0.06149839810040073, 0.15646142775982022, -0.004423714137316521, -0.18338822284632833, -0.11893787152961897, 0.2311959231904168, -0.05011229791575953, 0.08471879338424103, -0.008534836520458059, -0.11981365598587411, -0.06283528830847938, -0.10791421980617805, 0.019673835724628237, 0.1613417007886432, -0.0015948770133582134, 0.0370621231280643, 0.08918273324515023, -0.01391800273988491, 0.01744083908399502, -0.1492187687476154, 0.09807436398150216, 0.059499306307616295, -0.00988171641897277, 0.06908760862426133, -0.07310723827897588, 0.0, -0.05890848596219055, 0.0007782048139804641, -0.06177822271152116, 0.03127639340204226, -0.0011156199897745611, 0.055620351647005135, -0.11433307949882565, 0.13140842098835404, -0.07744576708584437, -0.034682978073739115, -0.004883983040540776, 0.025459832512268684, -0.01634448019374635, 0.1300766643162231, -0.08846696979501072, -0.009462923004091777, -0.029789757390987028, -0.06068589631757607, 0.07730036866301032, 0.0618496573907822, -0.0748976113256933, -0.061665804616164895, -0.0061684467449349785, 0.059942325498822634, 0.06322975212383891, 0.05913681970351403, 0.05348699425717731, -0.04493112973489588, -0.07584924847878831, 0.10421084078347786, -0.004435713507460076, 0.004538224940742394, -0.0668704723439237, -0.060330522994052, 0.06399495200471743, 0.043846970374066596, -0.014828108594680771, -0.10643144418045698, -0.016577957360760613, 0.06401481893675538, 0.033495356281256286, -0.06254218478460917, 0.047535802987925826, -0.18837238618773786, -0.007574868670185124, 0.10826690735640919, 0.011350173956409084, -0.09984880928947253, -0.005218047353170255, -0.0029294539508924315, 0.032562238526519974, 0.03970132150272826, 0.18272735136908044, 0.015121071294552169, 0.031908746375767516, -0.11321279122387704, -0.02696295890063115, 0.03782592680991124, 0.037467934994270195, -0.018051637495946512, -0.062179375014351, -0.037107620382728176, -0.028479783669061867, 0.07287915714402948, -0.01690251573796236], [-0.38988311575676865, -23.899220454715792, 136.28610190980618, -350.6049993924597, 526.8148256104149, -374.15127506755465, 298.72617939258686, -229.89428733710625, 16.736289374375218, -0.22022543925554855, 0.5739353019094112, 3.7088489490295844, -10.004208906363289, 16.560439259641683, -16.309472088012548, 7.538616134714485, -1.7171398734874843, -1.024184632562113, -4.91403456978167, 0.0, 0.0, 6.2048634789518315, 0.0, 0.7909375631445096, 12.456178347860929, -10.498196497062622, -4.256314054713077, -1.5318359369493506, -7.865910739807563, -1.3536094924990316, -0.971480762284166, 6.495351599547551, 10.728092147468596, 0.0, 8.210998292738816, -3.354021093133998, -5.354589826370772, 2.8032644274387755, -12.536495918239941, -0.9454863713088784, 0.0, 9.960318162503224, 1.2169654945101924, -5.514653937849777, 1.123066885644816, 0.03399300767123307, -0.13707149014952458, 0.1446914526731724, -0.06561485022935372, -0.057286122022164786, 0.06194531430094987, 0.011963316980609356, -0.042236833210396264, 0.015434894782964111, 0.0623833681648941, -0.03180801990831108, 0.0651818430255479, -0.003632006688645647, -0.05400014953651428, 0.1401475483886101, -0.07941477367080586, -0.04398582044771783, 0.18532823240271343, 0.07587144481272233, -0.17630785913411157, -0.17755578091775545, -0.06398197922792795, 0.025432820228104686, 0.03232228597015804, 0.006880923882656538, 0.21611144766550536, -0.11038406427692662, -0.03262643982792746, -0.019873980405326667, 0.018630972794984855, 0.1299341898217225, 0.010880058990007135, -0.17924055600160427, -0.058522004139594665, 0.12239865338137677, -0.008223913982760855, 0.04701339491576164, -0.006218685246828754, -0.05101486262304008, -0.0492103295105664, -0.184045228554353, 0.0861238034377865, 0.0383601624120219, -0.028480329797691075, 0.06272028850932164, 0.12332251167005005, -0.03111310992585983, 0.12042190118490527, -0.14014729361838602, 0.10688694096276921, 0.05425310938082788, -0.062313931978931515, 0.08475996487905874, 0.027538721144539077, -0.09245882546506592, -0.09938644045641137, -0.03480484850933885, -0.07775963136383855, 0.07502847893575935, 0.03423537911388159, -0.0035681294731004045, -0.06073829947536802, 0.16262008293592733, -0.11432345822509443, -0.07561044036597739, 0.009871927272991405, 0.0697507594262213, -0.056273380189191514, 0.12138145354667976, -0.05646450074371285, 0.00138969216097511, -0.002851375999320402, -0.09800081875535614, 0.01599086658914259, 0.06375112701849607, -0.011445716947608545, -0.007644432617398712, -0.02736760184022034, -0.004850612609780563, 0.15102797086780045, 0.029694386426343162, 0.02879917694159016, -0.17316667915346756, 0.027212037624975326, 0.10597565039617984, -0.029225049434499786, -0.005906414594886548, -0.08936696699976872, -0.0745917357775039, 0.056532261263943624, 0.04682113363493703, 0.01616964654333474, -0.04600475158364467, -0.0196475087795151, 0.10213636612829616, 0.03231460945887956, -0.02359089921718211, -0.07368573212474215, -0.07031931654709314, -0.03168518053470302, 0.05787240566308803, -0.009105816824461668, -0.006336974247121151, -0.019310713303469677, -0.03641316267184382, 0.05984884453064092, 0.015953462672605147, 0.14336951383439928, 0.04959400135357809, -0.025599117400989656, -0.1504555259762016, 0.012158551707873019, -0.01345397367387423, 0.07573977138653394, -0.008876594376313633, -0.005724952977889351, -0.03260369515849629, -0.07097462841964507, 0.07590941693995922, -0.018177331222447333], [-0.09475362437518872, -26.16773955080681, 150.21592401778017, -390.674898332099, 594.1676573945292, -569.1148035029906, 467.86922037733234, -120.26119269784886, -106.0511295790313, -0.5191494640263444, 2.4079310353459267, -3.546695588689469, 3.339030648170683, 2.287536107720714, -6.8230144886433886, 3.815552509165061, -0.38734681572325047, 0.0, -3.6196220438484947, -3.276571405680211, 0.5957601624212043, 7.355970193486863, -1.6681393210077482, -2.083662347430033, 7.230901797911251, -0.5571364702578735, -5.543539509569443, -0.14799032181984234, -6.171412428298295, 5.807882371751444, -1.8816312295394455, -0.2548572641938338, 4.779988903954907, 1.2594851021935185, -2.4952039623866424, 2.2652381326858904, 0.6407194413553479, 2.276547089118754, -3.6154226075295424, -6.467051278329719, 1.3695968004147685, 5.164134067071603, 1.776017394596915, -4.189414823853494, 0.8755381791569359, 0.03456969339421483, -0.1339084265188691, 0.11554460152552291, -0.043899567383732775, -0.06287266184069519, 0.09166668527525701, -0.05451003348959868, 0.02748561223452612, 0.028059986685160705, 0.06412444752710143, -0.028243480165586837, 0.0043855848995647834, 0.036663100580800315, -0.012513621621328491, -0.056369159266514056, -0.041112091502446366, -0.039195229718044525, 0.05225704214011109, 0.0266853630006663, 0.021346738132611287, -0.047388917290180195, -0.02192986529719007, 0.013172134410502717, -0.04855673126943849, -0.005817637167512758, 0.0723979710327979, 0.02190837337146563, -0.0005080159325180903, 0.004194609328030095, 0.04237079105004634, 0.02276795572733161, -0.0422590169450805, -0.12929199588495038, 0.006639227369181382, 0.09150167891027301, -0.015128137617790685, 0.036765862960131526, -0.02385813335746744, -0.00014790030032197523, 0.005536321841061717, -0.09801377961508098, 0.01866991431222641, 0.08724381216067026, -0.057694809493436, 0.049800973395537386, 0.06811909788447405, -0.06642819738828845, 0.031064082649977932, -0.024657774953053872, 0.082535723843297, 0.014688732950295462, -0.11635307066511898, -0.04064022958476448, -0.03177878207422762, -0.03484952085115317, -0.043731481319135616, 0.004167731075563622, 0.04002792638694301, 0.0732587150756339, 0.049981097373126324, 0.0005934329554800953, 0.004829935971365379, 0.0, -0.03926736159491331, -0.0688725421187442, 0.03713850402852256, 0.06608128753309883, -0.002136453482515884, 0.10213611034736447, -0.062321916031383186, 0.02401889814246352, -0.007051710817392613, -0.032841831899665185, 0.03380123967908943, -0.03307903496065171, -0.034090993319939845, -0.006157791801406139, -0.011240805580316354, 0.02012828921009867, 0.04735430343780987, 0.0, -0.015857568168163007, -0.11343926783365386, -0.015845928400232953, 0.08556816771702642, -0.033224012673311376, -0.03476033110008536, 0.003538333472730533, 0.01525882348601027, 0.018183097262677122, -0.008909273996359157, 0.034683300716095905, -0.03002387893826311, 0.03347958535226691, 0.05953983628876968, -0.027071064987189964, 0.013113529140898942, -0.010174096990338458, 0.03548800083349281, -0.04293659671521248, 0.01829787708659358, 0.02420605493966381, -0.07283229549847897, -0.00044442812372173015, 0.008002952762050831, -0.036426312041041395, -0.00953632275632163, 0.0735128997492252, 0.06201106135173673, -0.0708388259173217, -0.028590878420737136, -0.0184782710730497, -0.0380808264504735, 0.058105300982648, 0.010055879841883225, 0.05082835067156464, -0.004478887290467091, -0.07760203824143372, 0.03805463717394767, -0.009340664407625052], [0.7369790024832586, 70.91112593489572, -522.9417309677301, 1754.7935360784338, -3512.613469341305, 4595.531156274328, -4027.637366219561, 2435.6662746144148, -793.6948548327451, -0.6262966865793288, 2.769099867139091, -5.871135876537705, 8.887202422679199, -8.365739196026357, 4.686724627185814, -1.86579609459256, 1.2959365831815162, 1.1272892111945108, -4.6367546655376515, 4.093309799666887, -4.901519398967592, 5.815234424899518, -3.0610641662500275, -4.1362515263219075, 0.4571785067986262, 4.521984604183882, -3.4714799705226373, 0.8684956226397653, 3.0240885473645513, 9.778337853770049, -0.4912122119335359, -5.720100577559145, 0.0, -8.03928131004662, -11.208415617465727, 5.28111183514087, 3.4901424448610103, 9.967230502218698, 7.156348542817561, -7.241903953268977, -2.803384339220417, -3.2210170916051446, 2.4054721900476035, 0.10217791705270986, -0.06609030682107928, 0.01641683155419874, -0.0608357155069049, 0.04446848267043629, -0.0359996331581997, -0.04613062737143936, 0.0878789822211336, -0.09700183296513362, 0.0803986995337633, 0.02195238629907065, 0.0736574340372109, 0.02465585672050422, -0.02155837523627751, 0.07731191042742146, 0.029500906045996735, -0.21693784509231046, -0.021483042922181866, -0.05508061455763355, -0.07687912756924205, -0.01762365420031923, 0.14868489140829627, 0.17815527822288063, -0.001988335806925088, 0.018474627529150047, -0.12748095269659457, -0.11333692255149282, -0.16881547985110945, 0.183519704182392, 0.0391146317563779, 0.10992258094713928, 0.10298667247066229, -0.14128995568462677, -0.04233425033475454, -0.035393366806132004, 0.045232154412531415, -0.001593358974404553, -0.002892489890159412, -0.03477705375420351, 0.0043821516886076925, 0.05160472174026653, -0.013519778714532324, -0.018578381953801834, -0.02383762558903683, 0.03752334427830892, -0.020463058490915943, 0.03208255098602914, -0.012153377149146213, -0.0366794567185752, -0.020650839490954535, 0.14113306894789102, 0.04774257146525912, -0.01593793546141561, -0.10774172541982492, 0.0, -0.13949435128843876, -0.0007450304880178738, -0.019305495470178555, 0.1000598648210157, 0.10793712509249287, -0.05292223681550607, 0.06465662408194205, -0.051719109723360836, 0.10899386964354287, -0.09129532104401715, 0.025763802306538682, -0.04176390124554372, 0.018354130444897795, 0.027989953797348914, 0.0654496353097094, -0.028727292801659005, -0.009723220169624503, 0.013641425763689716, -0.0033818570908321394, 0.051150596033415575, -0.056436340813228666, -0.12956134808331612, -0.03814452774489242, 0.01609706234710292, 0.026210455121757077, 0.0715890558805307, -0.04584272658745992, -0.061941597382042544, -0.049712324818705154, -0.05445248067467918, -0.05090294468407985, 0.02779995966242289, -0.026110846735314344, 0.0, 0.12020418541193996, 0.024915718104562973, -0.007843005131090387, -0.0524566816130924, 0.07251705199834604, 0.017265125025446852, 0.11246069468163208, 0.06220882711447262, -0.0257197885047045, 0.05244867648571629, 0.01533583673051581, 0.11782842764138558, -0.025117131020551315, -0.09723966224843136, 0.0071913081018745465, -0.10556211726408465, -0.012341787727703545, 0.035721185592094876, -0.0984623328048663, -0.07316921325188547, -0.036354278592842314, 0.06466593377637912, -0.0770074866222091, 0.10867204629735072, -0.010773624501786825, -0.060935348360776694, 0.025182487110831455, 0.06760647111294375, 0.05397427416593163, -0.02407845002937379, -0.014917107823354814, -0.022679911656825407, 0.005141887472324191]]",(x0)' = -0.059 1 +  802.520 x0 + -2486.655 x1 +  4154.145 x2 + -4771.082 x3 +  3659.758 x4 + -1829.328 x5 +  544.253 x6 + -73.668 x7 +  0.415 x0^2 + -1.967 x0 x1 +  1.349 x0 x2 +  0.005 x0 x3 + -2.930 x0 x4 +  4.098 x0 x5 + -2.068 x0 x6 +  0.937 x0 x7 +  1.662 x1^2 + -0.028 x1 x2 +  3.332 x1 x3 + -1.701 x1 x4 + -1.598 x1 x5 + -0.703 x1 x6 + -2.054 x1 x7 + -5.140 x2^2 +  1.912 x2 x3 +  0.339 x2 x4 +  1.402 x2 x5 +  5.209 x2 x6 +  3.486 x2 x7 +  3.309 x3^2 + -2.192 x3 x4 + -4.002 x3 x5 + -4.857 x3 x6 + -5.530 x3 x7 + -1.002 x4^2 +  3.626 x4 x5 +  2.987 x4 x6 +  5.911 x4 x7 + -1.299 x5 x6 + -4.342 x5 x7 + -0.589 x6^2 +  2.530 x6 x7 + -0.509 x7^2 + -0.025 x0^3 +  0.109 x0^2 x1 + -0.162 x0^2 x2 +  0.084 x0^2 x3 +  0.070 x0^2 x4 + -0.014 x0^2 x5 + -0.125 x0^2 x6 +  0.077 x0^2 x7 +  0.009 x0 x1^2 + -0.041 x0 x1 x2 +  0.019 x0 x1 x3 + -0.146 x0 x1 x4 +  0.031 x0 x1 x5 +  0.242 x0 x1 x6 + -0.153 x0 x1 x7 +  0.063 x0 x2^2 +  0.038 x0 x2 x3 + -0.196 x0 x2 x4 + -0.052 x0 x2 x5 +  0.138 x0 x2 x6 + -0.044 x0 x2 x7 +  0.077 x0 x3^2 + -0.023 x0 x3 x4 +  0.047 x0 x3 x5 +  0.009 x0 x3 x6 +  0.016 x0 x3 x7 +  0.024 x0 x4^2 +  0.040 x0 x4 x5 + -0.164 x0 x4 x6 + -0.067 x0 x4 x7 +  0.067 x0 x5^2 + -0.049 x0 x5 x6 +  0.157 x0 x5 x7 + -0.055 x0 x6^2 +  0.029 x0 x6 x7 + -0.028 x0 x7^2 + -0.049 x1^3 +  0.017 x1^2 x2 +  0.092 x1^2 x3 + -0.007 x1^2 x4 +  0.010 x1^2 x5 + -0.041 x1^2 x6 +  0.006 x1^2 x7 +  0.021 x1 x2^2 +  0.015 x1 x2 x3 + -0.012 x1 x2 x4 + -0.014 x1 x2 x5 + -0.151 x1 x2 x6 +  0.116 x1 x2 x7 + -0.051 x1 x3^2 + -0.040 x1 x3 x4 + -0.003 x1 x3 x5 +  0.133 x1 x3 x7 + -0.046 x1 x4^2 + -0.020 x1 x4 x5 + -0.006 x1 x4 x6 + -0.044 x1 x4 x7 +  0.026 x1 x5^2 +  0.105 x1 x5 x6 + -0.089 x1 x5 x7 +  0.095 x1 x6^2 + -0.197 x1 x6 x7 +  0.106 x1 x7^2 + -0.043 x2^3 + -0.018 x2^2 x3 +  0.130 x2^2 x4 +  0.120 x2^2 x5 + -0.153 x2^2 x6 + -0.012 x2^2 x7 + -0.037 x2 x3^2 +  0.084 x2 x3 x4 +  0.087 x2 x3 x5 + -0.020 x2 x3 x6 + -0.030 x2 x3 x7 +  0.048 x2 x4^2 + -0.023 x2 x4 x5 +  0.052 x2 x4 x6 + -0.017 x2 x4 x7 + -0.128 x2 x5^2 +  0.037 x2 x5 x6 +  0.054 x2 x5 x7 +  0.060 x2 x6^2 + -0.020 x2 x6 x7 + -0.052 x2 x7^2 + -0.091 x3^3 +  0.001 x3^2 x4 +  0.004 x3^2 x5 +  0.052 x3^2 x6 + -0.055 x3^2 x7 + -0.072 x3 x4 x5 +  0.077 x3 x4 x6 + -0.194 x3 x5^2 + -0.040 x3 x5 x6 +  0.102 x3 x5 x7 + -0.049 x3 x6^2 +  0.103 x3 x6 x7 + -0.011 x3 x7^2 +  0.050 x4^3 +  0.024 x4^2 x5 +  0.119 x4^2 x6 + -0.045 x4^2 x7 + -0.008 x4 x5^2 +  0.007 x4 x5 x6 + -0.031 x4 x5 x7 + -0.087 x4 x6^2 +  0.011 x4 x6 x7 + -0.017 x4 x7^2 +  0.054 x5^3 +  0.013 x5^2 x6 + -0.052 x5^2 x7 + -0.026 x5 x6^2 +  0.026 x5 x6 x7 +  0.040 x5 x7^2 +  0.013 x6^3 +  0.034 x6^2 x7 + -0.060 x6 x7^2 +  0.014 x7^3 | (x1)' =  0.347 1 +  133.093 x0 + -35.602 x1 + -66.240 x2 + -28.723 x3 + -40.896 x4 +  73.334 x5 + -46.096 x6 +  11.133 x7 +  0.204 x0^2 + -1.410 x0 x1 +  1.106 x0 x2 +  0.536 x0 x3 + -1.490 x0 x4 +  1.710 x0 x5 + -0.570 x0 x6 + -0.199 x0 x7 +  2.255 x1^2 + -2.837 x1 x2 + -1.774 x1 x3 +  2.061 x1 x4 + -3.146 x1 x5 +  0.365 x1 x6 +  1.536 x1 x7 + -0.111 x2^2 +  2.453 x2 x3 +  5.517 x2 x4 + -2.491 x2 x5 +  2.651 x2 x6 + -3.953 x2 x7 + -2.802 x3^2 + -1.572 x3 x4 + -3.697 x3 x5 +  2.613 x3 x6 +  3.110 x3 x7 +  1.441 x4^2 +  1.223 x4 x5 + -3.067 x4 x6 + -1.323 x4 x7 +  2.634 x5^2 + -2.579 x5 x6 +  0.937 x5 x7 +  0.853 x6^2 + -0.088 x6 x7 + -0.094 x7^2 + -0.019 x0^3 +  0.072 x0^2 x1 + -0.155 x0^2 x2 +  0.136 x0^2 x3 + -0.001 x0^2 x4 + -0.103 x0^2 x5 +  0.123 x0^2 x6 + -0.020 x0^2 x7 +  0.054 x0 x1^2 + -0.085 x0 x1 x2 +  0.070 x0 x1 x3 + -0.037 x0 x1 x4 + -0.052 x0 x1 x5 + -0.123 x0 x1 x6 + -0.037 x0 x1 x7 +  0.009 x0 x2^2 +  0.068 x0 x2 x3 + -0.119 x0 x2 x4 + -0.009 x0 x2 x5 +  0.084 x0 x2 x6 +  0.134 x0 x2 x7 +  0.094 x0 x3^2 + -0.029 x0 x3 x4 +  0.082 x0 x3 x5 +  0.078 x0 x3 x6 + -0.095 x0 x3 x7 + -0.063 x0 x4^2 + -0.028 x0 x4 x5 + -0.112 x0 x4 x6 + -0.136 x0 x4 x7 + -0.001 x0 x5^2 +  0.062 x0 x5 x6 +  0.243 x0 x5 x7 +  0.065 x0 x6^2 + -0.220 x0 x6 x7 +  0.051 x0 x7^2 +  0.014 x1^3 + -0.080 x1^2 x2 +  0.072 x1^2 x4 +  0.256 x1^2 x5 + -0.056 x1^2 x6 +  0.012 x1^2 x7 + -0.037 x1 x2^2 + -0.086 x1 x2 x3 + -0.154 x1 x2 x4 +  0.030 x1 x2 x5 + -0.100 x1 x2 x6 + -0.002 x1 x2 x7 + -0.101 x1 x3^2 + -0.052 x1 x3 x4 +  0.107 x1 x3 x5 + -0.030 x1 x3 x6 +  0.009 x1 x3 x7 +  0.119 x1 x4^2 +  0.128 x1 x4 x5 + -0.115 x1 x4 x6 +  0.036 x1 x4 x7 + -0.027 x1 x5^2 + -0.144 x1 x5 x6 +  0.159 x1 x5 x7 + -0.054 x1 x6^2 + -0.076 x1 x6 x7 +  0.039 x1 x7^2 +  0.180 x2^3 +  0.064 x2^2 x3 + -0.149 x2^2 x4 + -0.058 x2^2 x5 + -0.048 x2^2 x6 + -0.006 x2^2 x7 +  0.034 x2 x3^2 + -0.040 x2 x3 x4 +  0.041 x2 x3 x5 +  0.080 x2 x3 x6 +  0.028 x2 x3 x7 +  0.067 x2 x4^2 +  0.065 x2 x4 x5 +  0.010 x2 x4 x6 + -0.044 x2 x4 x7 + -0.062 x2 x5^2 + -0.029 x2 x5 x6 + -0.037 x2 x5 x7 +  0.251 x2 x6^2 +  0.024 x2 x6 x7 + -0.070 x2 x7^2 + -0.007 x3^3 + -0.057 x3^2 x4 + -0.013 x3^2 x5 +  0.093 x3^2 x6 +  0.007 x3^2 x7 + -0.016 x3 x4^2 + -0.039 x3 x4 x5 + -0.010 x3 x4 x6 + -0.059 x3 x4 x7 + -0.159 x3 x5^2 + -0.103 x3 x5 x6 + -0.119 x3 x5 x7 +  0.105 x3 x6^2 + -0.048 x3 x6 x7 +  0.029 x3 x7^2 +  0.073 x4^3 +  0.045 x4^2 x5 +  0.024 x4^2 x6 +  0.076 x4^2 x7 +  0.002 x4 x5^2 + -0.027 x4 x5 x6 +  0.058 x4 x5 x7 + -0.013 x4 x6^2 + -0.062 x4 x6 x7 +  0.065 x4 x7^2 +  0.033 x5^3 + -0.017 x5^2 x6 +  0.080 x5^2 x7 + -0.045 x5 x6^2 + -0.075 x5 x6 x7 + -0.044 x5 x7^2 +  0.043 x6^3 +  0.003 x6^2 x7 +  0.026 x6 x7^2 + -0.007 x7^3 | (x2)' =  0.012 1 +  8.683 x0 +  79.524 x1 +  103.546 x2 + -252.384 x3 +  83.251 x4 + -18.958 x5 + -7.968 x6 +  4.323 x7 +  0.119 x0^2 + -1.028 x0 x1 +  1.081 x0 x2 +  0.382 x0 x3 +  0.493 x0 x4 + -1.049 x0 x5 +  1.186 x0 x6 + -1.419 x0 x7 +  1.870 x1^2 + -3.224 x1 x2 + -6.157 x1 x3 +  4.391 x1 x4 + -2.906 x1 x5 +  5.673 x1 x7 +  3.865 x2^2 +  1.447 x2 x3 +  9.568 x2 x4 + -6.136 x2 x5 +  1.146 x2 x6 + -12.425 x2 x7 + -7.384 x3^2 +  0.490 x3 x4 + -3.070 x3 x5 +  8.799 x3 x6 +  13.441 x3 x7 +  2.975 x4^2 + -1.531 x4 x5 + -9.392 x4 x6 + -9.920 x4 x7 +  4.134 x5^2 + -0.179 x5 x6 +  6.267 x5 x7 +  0.495 x6^2 + -2.349 x6 x7 +  0.347 x7^2 + -0.011 x0^3 +  0.032 x0^2 x1 + -0.073 x0^2 x2 +  0.111 x0^2 x3 + -0.030 x0^2 x4 + -0.142 x0^2 x5 +  0.261 x0^2 x6 + -0.095 x0^2 x7 +  0.031 x0 x1^2 + -0.118 x0 x1 x2 +  0.041 x0 x1 x3 +  0.055 x0 x1 x4 + -0.104 x0 x1 x5 + -0.322 x0 x1 x6 +  0.100 x0 x1 x7 + -0.001 x0 x2^2 +  0.097 x0 x2 x3 +  0.003 x0 x2 x4 +  0.028 x0 x2 x5 +  0.003 x0 x2 x6 +  0.144 x0 x2 x7 +  0.073 x0 x3^2 + -0.049 x0 x3 x4 +  0.085 x0 x3 x5 +  0.122 x0 x3 x6 + -0.089 x0 x3 x7 + -0.144 x0 x4^2 + -0.050 x0 x4 x5 + -0.057 x0 x4 x6 + -0.121 x0 x4 x7 + -0.002 x0 x5^2 +  0.081 x0 x5 x6 +  0.166 x0 x5 x7 +  0.125 x0 x6^2 + -0.260 x0 x6 x7 +  0.072 x0 x7^2 +  0.089 x1^3 + -0.114 x1^2 x2 + -0.074 x1^2 x3 +  0.128 x1^2 x4 +  0.324 x1^2 x5 + -0.058 x1^2 x6 +  0.035 x1^2 x7 + -0.071 x1 x2^2 + -0.132 x1 x2 x3 + -0.180 x1 x2 x4 +  0.037 x1 x2 x5 + -0.048 x1 x2 x6 + -0.129 x1 x2 x7 + -0.113 x1 x3^2 + -0.046 x1 x3 x4 +  0.136 x1 x3 x5 + -0.007 x1 x3 x6 + -0.075 x1 x3 x7 +  0.197 x1 x4^2 +  0.201 x1 x4 x5 + -0.184 x1 x4 x6 +  0.076 x1 x4 x7 + -0.005 x1 x5^2 + -0.281 x1 x5 x6 +  0.277 x1 x5 x7 + -0.165 x1 x6^2 +  0.044 x1 x6 x7 + -0.021 x1 x7^2 +  0.248 x2^3 +  0.094 x2^2 x3 + -0.271 x2^2 x4 + -0.161 x2^2 x5 +  0.079 x2^2 x6 +  0.005 x2^2 x7 +  0.078 x2 x3^2 + -0.106 x2 x3 x4 + -0.025 x2 x3 x5 +  0.140 x2 x3 x6 +  0.081 x2 x3 x7 +  0.049 x2 x4^2 +  0.078 x2 x4 x5 + -0.044 x2 x4 x6 + -0.051 x2 x4 x7 +  0.006 x2 x5^2 + -0.059 x2 x5 x6 + -0.065 x2 x5 x7 +  0.301 x2 x6^2 +  0.037 x2 x6 x7 + -0.047 x2 x7^2 +  0.073 x3^3 + -0.073 x3^2 x4 + -0.055 x3^2 x5 +  0.090 x3^2 x6 +  0.044 x3^2 x7 + -0.016 x3 x4^2 + -0.029 x3 x4 x5 + -0.077 x3 x4 x6 + -0.103 x3 x4 x7 + -0.079 x3 x5^2 + -0.088 x3 x5 x6 + -0.218 x3 x5 x7 +  0.192 x3 x6^2 + -0.172 x3 x6 x7 +  0.035 x3 x7^2 +  0.080 x4^3 +  0.050 x4^2 x5 + -0.042 x4^2 x6 +  0.124 x4^2 x7 +  0.020 x4 x5^2 + -0.023 x4 x5 x6 +  0.120 x4 x5 x7 +  0.050 x4 x6^2 + -0.111 x4 x6 x7 +  0.123 x4 x7^2 + -0.011 x5^3 + -0.051 x5^2 x6 +  0.157 x5^2 x7 + -0.063 x5 x6^2 + -0.131 x5 x6 x7 + -0.088 x5 x7^2 +  0.069 x6^3 + -0.008 x6^2 x7 +  0.061 x6 x7^2 + -0.014 x7^3 | (x3)' = -0.318 1 +  3.448 x0 + -22.231 x1 +  189.415 x2 + -105.093 x3 + -22.761 x4 + -57.660 x5 +  16.338 x6 + -1.414 x7 + -0.011 x0^2 + -0.082 x0 x1 +  3.742 x0 x2 + -8.160 x0 x3 +  10.720 x0 x4 + -7.838 x0 x5 +  2.960 x0 x6 + -1.517 x0 x7 + -2.411 x1^2 +  3.252 x1 x2 + -7.267 x1 x3 +  6.602 x1 x4 + -5.775 x1 x5 +  5.510 x1 x6 +  3.624 x1 x7 +  4.668 x2^2 + -4.270 x2 x3 +  5.309 x2 x4 + -4.225 x2 x5 + -6.137 x2 x6 + -9.467 x2 x7 + -4.189 x3^2 +  4.676 x3 x4 +  6.243 x3 x5 +  7.538 x3 x6 +  12.947 x3 x7 + -3.102 x4^2 + -4.629 x4 x5 + -9.146 x4 x6 + -10.092 x4 x7 +  4.069 x5^2 +  4.001 x5 x6 +  5.488 x5 x7 + -1.772 x6^2 + -1.589 x6 x7 +  0.329 x7^2 + -0.012 x0^2 x1 +  0.016 x0^2 x2 +  0.010 x0^2 x3 + -0.027 x0^2 x4 + -0.099 x0^2 x5 +  0.223 x0^2 x6 + -0.125 x0^2 x7 +  0.018 x0 x1^2 + -0.027 x0 x1 x2 +  0.042 x0 x1 x3 +  0.134 x0 x1 x4 + -0.088 x0 x1 x5 + -0.260 x0 x1 x6 +  0.249 x0 x1 x7 + -0.081 x0 x2^2 +  0.009 x0 x2 x3 +  0.168 x0 x2 x4 +  0.079 x0 x2 x5 + -0.212 x0 x2 x6 +  0.006 x0 x2 x7 + -0.027 x0 x3^2 +  0.008 x0 x3 x4 +  0.090 x0 x3 x5 +  0.030 x0 x3 x6 +  0.041 x0 x3 x7 + -0.174 x0 x4^2 + -0.068 x0 x4 x5 +  0.023 x0 x4 x6 + -0.047 x0 x4 x7 +  0.053 x0 x5^2 +  0.118 x0 x5 x6 + -0.002 x0 x5 x7 +  0.008 x0 x6^2 + -0.109 x0 x6 x7 +  0.048 x0 x7^2 +  0.032 x1^3 + -0.034 x1^2 x2 + -0.097 x1^2 x3 + -0.022 x1^2 x4 +  0.059 x1^2 x5 +  0.057 x1^2 x6 + -0.053 x1^2 x7 +  0.008 x1 x2^2 + -0.044 x1 x2 x3 + -0.056 x1 x2 x4 +  0.049 x1 x2 x5 +  0.117 x1 x2 x6 + -0.160 x1 x2 x7 +  0.009 x1 x3^2 +  0.032 x1 x3 x4 +  0.112 x1 x3 x5 +  0.125 x1 x3 x6 + -0.026 x1 x3 x7 +  0.056 x1 x4^2 +  0.045 x1 x4 x5 + -0.092 x1 x4 x6 + -0.051 x1 x4 x7 + -0.032 x1 x5^2 + -0.172 x1 x5 x6 +  0.126 x1 x5 x7 + -0.166 x1 x6^2 +  0.223 x1 x6 x7 + -0.100 x1 x7^2 +  0.132 x2^3 +  0.010 x2^2 x3 + -0.217 x2^2 x4 +  0.030 x2^2 x6 +  0.012 x2^2 x7 +  0.018 x2 x3^2 + -0.094 x2 x3 x4 + -0.137 x2 x3 x5 + -0.012 x2 x3 x6 +  0.116 x2 x3 x7 +  0.023 x2 x4^2 +  0.039 x2 x4 x5 + -0.046 x2 x4 x6 + -0.027 x2 x4 x7 +  0.139 x2 x5^2 +  0.032 x2 x5 x6 + -0.019 x2 x5 x7 +  0.065 x2 x6^2 +  0.082 x2 x6 x7 + -0.001 x2 x7^2 +  0.080 x3^3 +  0.003 x3^2 x4 + -0.128 x3^2 x5 +  0.072 x3^2 x7 +  0.062 x3 x4^2 + -0.007 x3 x4 x5 + -0.074 x3 x4 x6 + -0.076 x3 x4 x7 +  0.056 x3 x5^2 +  0.016 x3 x5 x6 + -0.182 x3 x5 x7 +  0.021 x3 x6^2 + -0.191 x3 x6 x7 +  0.027 x3 x7^2 +  0.057 x4^3 + -0.028 x4^2 x5 +  0.007 x4^2 x6 +  0.058 x4^2 x7 + -0.042 x4 x5^2 +  0.071 x4 x5 x6 +  0.066 x4 x5 x7 +  0.103 x4 x6^2 + -0.045 x4 x6 x7 +  0.109 x4 x7^2 + -0.118 x5^3 +  0.021 x5^2 x6 +  0.096 x5^2 x7 +  0.004 x5 x6^2 + -0.071 x5 x6 x7 + -0.120 x5 x7^2 + -0.020 x6^3 +  0.001 x6^2 x7 +  0.086 x6 x7^2 + -0.020 x7^3 | (x4)' = -0.607 1 + -4.138 x0 +  22.341 x1 + -49.928 x2 +  184.373 x3 + -38.666 x4 + -113.195 x5 + -0.212 x6 + -0.545 x7 + -0.096 x0^2 +  0.419 x0 x1 +  1.921 x0 x2 + -5.052 x0 x3 +  10.862 x0 x4 + -12.049 x0 x5 +  5.969 x0 x6 + -2.131 x0 x7 + -1.677 x1^2 +  1.020 x1 x2 + -11.137 x1 x3 +  8.003 x1 x4 +  0.724 x1 x5 +  2.034 x1 x6 +  3.832 x1 x7 +  9.080 x2^2 + -4.573 x2 x3 +  1.873 x2 x4 + -5.388 x2 x5 + -9.118 x2 x6 + -8.071 x2 x7 + -4.726 x3^2 +  4.422 x3 x4 +  7.689 x3 x5 +  11.078 x3 x6 +  13.569 x3 x7 + -1.067 x4^2 + -4.966 x4 x5 + -9.985 x4 x6 + -14.454 x4 x7 +  1.318 x5^2 +  4.802 x5 x6 +  10.425 x5 x7 + -0.554 x6^2 + -5.032 x6 x7 +  1.039 x7^2 +  0.003 x0^3 + -0.002 x0^2 x1 +  0.091 x0^2 x3 + -0.120 x0^2 x4 +  0.008 x0^2 x5 +  0.029 x0^2 x6 + -0.055 x0 x1^2 +  0.010 x0 x1 x2 + -0.049 x0 x1 x3 +  0.084 x0 x1 x4 +  0.078 x0 x1 x5 +  0.002 x0 x1 x6 + -0.068 x0 x1 x7 + -0.032 x0 x2^2 +  0.015 x0 x2 x3 +  0.169 x0 x2 x4 +  0.032 x0 x2 x5 + -0.205 x0 x2 x6 + -0.009 x0 x2 x7 + -0.043 x0 x3^2 + -0.035 x0 x3 x4 + -0.016 x0 x3 x5 +  0.006 x0 x3 x6 +  0.205 x0 x3 x7 + -0.140 x0 x4^2 +  0.009 x0 x4 x5 +  0.054 x0 x4 x6 + -0.061 x0 x4 x7 +  0.156 x0 x5^2 + -0.004 x0 x5 x6 + -0.183 x0 x5 x7 + -0.119 x0 x6^2 +  0.231 x0 x6 x7 + -0.050 x0 x7^2 +  0.085 x1^3 + -0.009 x1^2 x2 + -0.120 x1^2 x3 + -0.063 x1^2 x4 + -0.108 x1^2 x5 +  0.020 x1^2 x6 +  0.161 x1^2 x7 + -0.002 x1 x2^2 +  0.037 x1 x2 x3 +  0.089 x1 x2 x4 + -0.014 x1 x2 x5 +  0.017 x1 x2 x6 + -0.149 x1 x2 x7 +  0.098 x1 x3^2 +  0.059 x1 x3 x4 + -0.010 x1 x3 x5 +  0.069 x1 x3 x6 + -0.073 x1 x3 x7 + -0.059 x1 x4 x5 +  0.001 x1 x4 x6 + -0.062 x1 x4 x7 +  0.031 x1 x5^2 + -0.001 x1 x5 x6 +  0.056 x1 x5 x7 + -0.114 x1 x6^2 +  0.131 x1 x6 x7 + -0.077 x1 x7^2 + -0.035 x2^3 + -0.005 x2^2 x3 +  0.025 x2^2 x4 + -0.016 x2^2 x5 +  0.130 x2^2 x6 + -0.088 x2^2 x7 + -0.009 x2 x3^2 + -0.030 x2 x3 x4 + -0.061 x2 x3 x5 +  0.077 x2 x3 x6 +  0.062 x2 x3 x7 + -0.075 x2 x4^2 + -0.062 x2 x4 x5 + -0.006 x2 x4 x6 +  0.060 x2 x4 x7 +  0.063 x2 x5^2 +  0.059 x2 x5 x6 +  0.053 x2 x5 x7 + -0.045 x2 x6^2 + -0.076 x2 x6 x7 +  0.104 x2 x7^2 + -0.004 x3^3 +  0.005 x3^2 x4 + -0.067 x3^2 x5 + -0.060 x3^2 x6 +  0.064 x3^2 x7 +  0.044 x3 x4^2 + -0.015 x3 x4 x5 + -0.106 x3 x4 x6 + -0.017 x3 x4 x7 +  0.064 x3 x5^2 +  0.033 x3 x5 x6 + -0.063 x3 x5 x7 +  0.048 x3 x6^2 + -0.188 x3 x6 x7 + -0.008 x3 x7^2 +  0.108 x4^3 +  0.011 x4^2 x5 + -0.100 x4^2 x6 + -0.005 x4^2 x7 + -0.003 x4 x5^2 +  0.033 x4 x5 x6 +  0.040 x4 x5 x7 +  0.183 x4 x6^2 +  0.015 x4 x6 x7 +  0.032 x4 x7^2 + -0.113 x5^3 + -0.027 x5^2 x6 +  0.038 x5^2 x7 +  0.037 x5 x6^2 + -0.018 x5 x6 x7 + -0.062 x5 x7^2 + -0.037 x6^3 + -0.028 x6^2 x7 +  0.073 x6 x7^2 + -0.017 x7^3 | (x5)' = -0.390 1 + -23.899 x0 +  136.286 x1 + -350.605 x2 +  526.815 x3 + -374.151 x4 +  298.726 x5 + -229.894 x6 +  16.736 x7 + -0.220 x0^2 +  0.574 x0 x1 +  3.709 x0 x2 + -10.004 x0 x3 +  16.560 x0 x4 + -16.309 x0 x5 +  7.539 x0 x6 + -1.717 x0 x7 + -1.024 x1^2 + -4.914 x1 x2 +  6.205 x1 x5 +  0.791 x1 x7 +  12.456 x2^2 + -10.498 x2 x3 + -4.256 x2 x4 + -1.532 x2 x5 + -7.866 x2 x6 + -1.354 x2 x7 + -0.971 x3^2 +  6.495 x3 x4 +  10.728 x3 x5 +  8.211 x3 x7 + -3.354 x4^2 + -5.355 x4 x5 +  2.803 x4 x6 + -12.536 x4 x7 + -0.945 x5^2 +  9.960 x5 x7 +  1.217 x6^2 + -5.515 x6 x7 +  1.123 x7^2 +  0.034 x0^3 + -0.137 x0^2 x1 +  0.145 x0^2 x2 + -0.066 x0^2 x3 + -0.057 x0^2 x4 +  0.062 x0^2 x5 +  0.012 x0^2 x6 + -0.042 x0^2 x7 +  0.015 x0 x1^2 +  0.062 x0 x1 x2 + -0.032 x0 x1 x3 +  0.065 x0 x1 x4 + -0.004 x0 x1 x5 + -0.054 x0 x1 x6 +  0.140 x0 x1 x7 + -0.079 x0 x2^2 + -0.044 x0 x2 x3 +  0.185 x0 x2 x4 +  0.076 x0 x2 x5 + -0.176 x0 x2 x6 + -0.178 x0 x2 x7 + -0.064 x0 x3^2 +  0.025 x0 x3 x4 +  0.032 x0 x3 x5 +  0.007 x0 x3 x6 +  0.216 x0 x3 x7 + -0.110 x0 x4^2 + -0.033 x0 x4 x5 + -0.020 x0 x4 x6 +  0.019 x0 x4 x7 +  0.130 x0 x5^2 +  0.011 x0 x5 x6 + -0.179 x0 x5 x7 + -0.059 x0 x6^2 +  0.122 x0 x6 x7 + -0.008 x0 x7^2 +  0.047 x1^3 + -0.006 x1^2 x2 + -0.051 x1^2 x3 + -0.049 x1^2 x4 + -0.184 x1^2 x5 +  0.086 x1^2 x6 +  0.038 x1^2 x7 + -0.028 x1 x2^2 +  0.063 x1 x2 x3 +  0.123 x1 x2 x4 + -0.031 x1 x2 x5 +  0.120 x1 x2 x6 + -0.140 x1 x2 x7 +  0.107 x1 x3^2 +  0.054 x1 x3 x4 + -0.062 x1 x3 x5 +  0.085 x1 x3 x6 +  0.028 x1 x3 x7 + -0.092 x1 x4^2 + -0.099 x1 x4 x5 + -0.035 x1 x4 x6 + -0.078 x1 x4 x7 +  0.075 x1 x5^2 +  0.034 x1 x5 x6 + -0.004 x1 x5 x7 + -0.061 x1 x6^2 +  0.163 x1 x6 x7 + -0.114 x1 x7^2 + -0.076 x2^3 +  0.010 x2^2 x3 +  0.070 x2^2 x4 + -0.056 x2^2 x5 +  0.121 x2^2 x6 + -0.056 x2^2 x7 +  0.001 x2 x3^2 + -0.003 x2 x3 x4 + -0.098 x2 x3 x5 +  0.016 x2 x3 x6 +  0.064 x2 x3 x7 + -0.011 x2 x4^2 + -0.008 x2 x4 x5 + -0.027 x2 x4 x6 + -0.005 x2 x4 x7 +  0.151 x2 x5^2 +  0.030 x2 x5 x6 +  0.029 x2 x5 x7 + -0.173 x2 x6^2 +  0.027 x2 x6 x7 +  0.106 x2 x7^2 + -0.029 x3^3 + -0.006 x3^2 x4 + -0.089 x3^2 x5 + -0.075 x3^2 x6 +  0.057 x3^2 x7 +  0.047 x3 x4^2 +  0.016 x3 x4 x5 + -0.046 x3 x4 x6 + -0.020 x3 x4 x7 +  0.102 x3 x5^2 +  0.032 x3 x5 x6 + -0.024 x3 x5 x7 + -0.074 x3 x6^2 + -0.070 x3 x6 x7 + -0.032 x3 x7^2 +  0.058 x4^3 + -0.009 x4^2 x5 + -0.006 x4^2 x6 + -0.019 x4^2 x7 + -0.036 x4 x5^2 +  0.060 x4 x5 x6 +  0.016 x4 x5 x7 +  0.143 x4 x6^2 +  0.050 x4 x6 x7 + -0.026 x4 x7^2 + -0.150 x5^3 +  0.012 x5^2 x6 + -0.013 x5^2 x7 +  0.076 x5 x6^2 + -0.009 x5 x6 x7 + -0.006 x5 x7^2 + -0.033 x6^3 + -0.071 x6^2 x7 +  0.076 x6 x7^2 + -0.018 x7^3 | (x6)' = -0.095 1 + -26.168 x0 +  150.216 x1 + -390.675 x2 +  594.168 x3 + -569.115 x4 +  467.869 x5 + -120.261 x6 + -106.051 x7 + -0.519 x0^2 +  2.408 x0 x1 + -3.547 x0 x2 +  3.339 x0 x3 +  2.288 x0 x4 + -6.823 x0 x5 +  3.816 x0 x6 + -0.387 x0 x7 + -3.620 x1 x2 + -3.277 x1 x3 +  0.596 x1 x4 +  7.356 x1 x5 + -1.668 x1 x6 + -2.084 x1 x7 +  7.231 x2^2 + -0.557 x2 x3 + -5.544 x2 x4 + -0.148 x2 x5 + -6.171 x2 x6 +  5.808 x2 x7 + -1.882 x3^2 + -0.255 x3 x4 +  4.780 x3 x5 +  1.259 x3 x6 + -2.495 x3 x7 +  2.265 x4^2 +  0.641 x4 x5 +  2.277 x4 x6 + -3.615 x4 x7 + -6.467 x5^2 +  1.370 x5 x6 +  5.164 x5 x7 +  1.776 x6^2 + -4.189 x6 x7 +  0.876 x7^2 +  0.035 x0^3 + -0.134 x0^2 x1 +  0.116 x0^2 x2 + -0.044 x0^2 x3 + -0.063 x0^2 x4 +  0.092 x0^2 x5 + -0.055 x0^2 x6 +  0.027 x0^2 x7 +  0.028 x0 x1^2 +  0.064 x0 x1 x2 + -0.028 x0 x1 x3 +  0.004 x0 x1 x4 +  0.037 x0 x1 x5 + -0.013 x0 x1 x6 + -0.056 x0 x1 x7 + -0.041 x0 x2^2 + -0.039 x0 x2 x3 +  0.052 x0 x2 x4 +  0.027 x0 x2 x5 +  0.021 x0 x2 x6 + -0.047 x0 x2 x7 + -0.022 x0 x3^2 +  0.013 x0 x3 x4 + -0.049 x0 x3 x5 + -0.006 x0 x3 x6 +  0.072 x0 x3 x7 +  0.022 x0 x4^2 + -0.001 x0 x4 x5 +  0.004 x0 x4 x6 +  0.042 x0 x4 x7 +  0.023 x0 x5^2 + -0.042 x0 x5 x6 + -0.129 x0 x5 x7 +  0.007 x0 x6^2 +  0.092 x0 x6 x7 + -0.015 x0 x7^2 +  0.037 x1^3 + -0.024 x1^2 x2 +  0.006 x1^2 x4 + -0.098 x1^2 x5 +  0.019 x1^2 x6 +  0.087 x1^2 x7 + -0.058 x1 x2^2 +  0.050 x1 x2 x3 +  0.068 x1 x2 x4 + -0.066 x1 x2 x5 +  0.031 x1 x2 x6 + -0.025 x1 x2 x7 +  0.083 x1 x3^2 +  0.015 x1 x3 x4 + -0.116 x1 x3 x5 + -0.041 x1 x3 x6 + -0.032 x1 x3 x7 + -0.035 x1 x4^2 + -0.044 x1 x4 x5 +  0.004 x1 x4 x6 +  0.040 x1 x4 x7 +  0.073 x1 x5^2 +  0.050 x1 x5 x6 +  0.001 x1 x5 x7 +  0.005 x1 x6^2 + -0.039 x1 x7^2 + -0.069 x2^3 +  0.037 x2^2 x3 +  0.066 x2^2 x4 + -0.002 x2^2 x5 +  0.102 x2^2 x6 + -0.062 x2^2 x7 +  0.024 x2 x3^2 + -0.007 x2 x3 x4 + -0.033 x2 x3 x5 +  0.034 x2 x3 x6 + -0.033 x2 x3 x7 + -0.034 x2 x4^2 + -0.006 x2 x4 x5 + -0.011 x2 x4 x6 +  0.020 x2 x4 x7 +  0.047 x2 x5^2 + -0.016 x2 x5 x7 + -0.113 x2 x6^2 + -0.016 x2 x6 x7 +  0.086 x2 x7^2 + -0.033 x3^3 + -0.035 x3^2 x4 +  0.004 x3^2 x5 +  0.015 x3^2 x6 +  0.018 x3^2 x7 + -0.009 x3 x4^2 +  0.035 x3 x4 x5 + -0.030 x3 x4 x6 +  0.033 x3 x4 x7 +  0.060 x3 x5^2 + -0.027 x3 x5 x6 +  0.013 x3 x5 x7 + -0.010 x3 x6^2 +  0.035 x3 x6 x7 + -0.043 x3 x7^2 +  0.018 x4^3 +  0.024 x4^2 x5 + -0.073 x4^2 x6 +  0.008 x4 x5^2 + -0.036 x4 x5 x6 + -0.010 x4 x5 x7 +  0.074 x4 x6^2 +  0.062 x4 x6 x7 + -0.071 x4 x7^2 + -0.029 x5^3 + -0.018 x5^2 x6 + -0.038 x5^2 x7 +  0.058 x5 x6^2 +  0.010 x5 x6 x7 +  0.051 x5 x7^2 + -0.004 x6^3 + -0.078 x6^2 x7 +  0.038 x6 x7^2 + -0.009 x7^3 | (x7)' =  0.737 1 +  70.911 x0 + -522.942 x1 +  1754.794 x2 + -3512.613 x3 +  4595.531 x4 + -4027.637 x5 +  2435.666 x6 + -793.695 x7 + -0.626 x0^2 +  2.769 x0 x1 + -5.871 x0 x2 +  8.887 x0 x3 + -8.366 x0 x4 +  4.687 x0 x5 + -1.866 x0 x6 +  1.296 x0 x7 +  1.127 x1^2 + -4.637 x1 x2 +  4.093 x1 x3 + -4.902 x1 x4 +  5.815 x1 x5 + -3.061 x1 x6 + -4.136 x1 x7 +  0.457 x2^2 +  4.522 x2 x3 + -3.471 x2 x4 +  0.868 x2 x5 +  3.024 x2 x6 +  9.778 x2 x7 + -0.491 x3^2 + -5.720 x3 x4 + -8.039 x3 x6 + -11.208 x3 x7 +  5.281 x4^2 +  3.490 x4 x5 +  9.967 x4 x6 +  7.156 x4 x7 + -7.242 x5^2 + -2.803 x5 x6 + -3.221 x5 x7 +  2.405 x6^2 +  0.102 x6 x7 + -0.066 x7^2 +  0.016 x0^3 + -0.061 x0^2 x1 +  0.044 x0^2 x2 + -0.036 x0^2 x3 + -0.046 x0^2 x4 +  0.088 x0^2 x5 + -0.097 x0^2 x6 +  0.080 x0^2 x7 +  0.022 x0 x1^2 +  0.074 x0 x1 x2 +  0.025 x0 x1 x3 + -0.022 x0 x1 x4 +  0.077 x0 x1 x5 +  0.030 x0 x1 x6 + -0.217 x0 x1 x7 + -0.021 x0 x2^2 + -0.055 x0 x2 x3 + -0.077 x0 x2 x4 + -0.018 x0 x2 x5 +  0.149 x0 x2 x6 +  0.178 x0 x2 x7 + -0.002 x0 x3^2 +  0.018 x0 x3 x4 + -0.127 x0 x3 x5 + -0.113 x0 x3 x6 + -0.169 x0 x3 x7 +  0.184 x0 x4^2 +  0.039 x0 x4 x5 +  0.110 x0 x4 x6 +  0.103 x0 x4 x7 + -0.141 x0 x5^2 + -0.042 x0 x5 x6 + -0.035 x0 x5 x7 +  0.045 x0 x6^2 + -0.002 x0 x6 x7 + -0.003 x0 x7^2 + -0.035 x1^3 +  0.004 x1^2 x2 +  0.052 x1^2 x3 + -0.014 x1^2 x4 + -0.019 x1^2 x5 + -0.024 x1^2 x6 +  0.038 x1^2 x7 + -0.020 x1 x2^2 +  0.032 x1 x2 x3 + -0.012 x1 x2 x4 + -0.037 x1 x2 x5 + -0.021 x1 x2 x6 +  0.141 x1 x2 x7 +  0.048 x1 x3^2 + -0.016 x1 x3 x4 + -0.108 x1 x3 x5 + -0.139 x1 x3 x7 + -0.001 x1 x4^2 + -0.019 x1 x4 x5 +  0.100 x1 x4 x6 +  0.108 x1 x4 x7 + -0.053 x1 x5^2 +  0.065 x1 x5 x6 + -0.052 x1 x5 x7 +  0.109 x1 x6^2 + -0.091 x1 x6 x7 +  0.026 x1 x7^2 + -0.042 x2^3 +  0.018 x2^2 x3 +  0.028 x2^2 x4 +  0.065 x2^2 x5 + -0.029 x2^2 x6 + -0.010 x2^2 x7 +  0.014 x2 x3^2 + -0.003 x2 x3 x4 +  0.051 x2 x3 x5 + -0.056 x2 x3 x6 + -0.130 x2 x3 x7 + -0.038 x2 x4^2 +  0.016 x2 x4 x5 +  0.026 x2 x4 x6 +  0.072 x2 x4 x7 + -0.046 x2 x5^2 + -0.062 x2 x5 x6 + -0.050 x2 x5 x7 + -0.054 x2 x6^2 + -0.051 x2 x6 x7 +  0.028 x2 x7^2 + -0.026 x3^3 +  0.120 x3^2 x5 +  0.025 x3^2 x6 + -0.008 x3^2 x7 + -0.052 x3 x4^2 +  0.073 x3 x4 x5 +  0.017 x3 x4 x6 +  0.112 x3 x4 x7 +  0.062 x3 x5^2 + -0.026 x3 x5 x6 +  0.052 x3 x5 x7 +  0.015 x3 x6^2 +  0.118 x3 x6 x7 + -0.025 x3 x7^2 + -0.097 x4^3 +  0.007 x4^2 x5 + -0.106 x4^2 x6 + -0.012 x4^2 x7 +  0.036 x4 x5^2 + -0.098 x4 x5 x6 + -0.073 x4 x5 x7 + -0.036 x4 x6^2 +  0.065 x4 x6 x7 + -0.077 x4 x7^2 +  0.109 x5^3 + -0.011 x5^2 x6 + -0.061 x5^2 x7 +  0.025 x5 x6^2 +  0.068 x5 x6 x7 +  0.054 x5 x7^2 + -0.024 x6^3 + -0.015 x6^2 x7 + -0.023 x6 x7^2 +  0.005 x7^3
31,35.0,100.0,36.85636440989091,3,8,2,8.0,56.0,0,0.0,finite_difference,success,,1311,1320,99.31818181818181,17.36139290779829,"[""1"", ""x0"", ""x1"", ""x2"", ""x3"", ""x4"", ""x5"", ""x6"", ""x7"", ""x0^2"", ""x0 x1"", ""x0 x2"", ""x0 x3"", ""x0 x4"", ""x0 x5"", ""x0 x6"", ""x0 x7"", ""x1^2"", ""x1 x2"", ""x1 x3"", ""x1 x4"", ""x1 x5"", ""x1 x6"", ""x1 x7"", ""x2^2"", ""x2 x3"", ""x2 x4"", ""x2 x5"", ""x2 x6"", ""x2 x7"", ""x3^2"", ""x3 x4"", ""x3 x5"", ""x3 x6"", ""x3 x7"", ""x4^2"", ""x4 x5"", ""x4 x6"", ""x4 x7"", ""x5^2"", ""x5 x6"", ""x5 x7"", ""x6^2"", ""x6 x7"", ""x7^2"", ""x0^3"", ""x0^2 x1"", ""x0^2 x2"", ""x0^2 x3"", ""x0^2 x4"", ""x0^2 x5"", ""x0^2 x6"", ""x0^2 x7"", ""x0 x1^2"", ""x0 x1 x2"", ""x0 x1 x3"", ""x0 x1 x4"", ""x0 x1 x5"", ""x0 x1 x6"", ""x0 x1 x7"", ""x0 x2^2"", ""x0 x2 x3"", ""x0 x2 x4"", ""x0 x2 x5"", ""x0 x2 x6"", ""x0 x2 x7"", ""x0 x3^2"", ""x0 x3 x4"", ""x0 x3 x5"", ""x0 x3 x6"", ""x0 x3 x7"", ""x0 x4^2"", ""x0 x4 x5"", ""x0 x4 x6"", ""x0 x4 x7"", ""x0 x5^2"", ""x0 x5 x6"", ""x0 x5 x7"", ""x0 x6^2"", ""x0 x6 x7"", ""x0 x7^2"", ""x1^3"", ""x1^2 x2"", ""x1^2 x3"", ""x1^2 x4"", ""x1^2 x5"", ""x1^2 x6"", ""x1^2 x7"", ""x1 x2^2"", ""x1 x2 x3"", ""x1 x2 x4"", ""x1 x2 x5"", ""x1 x2 x6"", ""x1 x2 x7"", ""x1 x3^2"", ""x1 x3 x4"", ""x1 x3 x5"", ""x1 x3 x6"", ""x1 x3 x7"", ""x1 x4^2"", ""x1 x4 x5"", ""x1 x4 x6"", ""x1 x4 x7"", ""x1 x5^2"", ""x1 x5 x6"", ""x1 x5 x7"", ""x1 x6^2"", ""x1 x6 x7"", ""x1 x7^2"", ""x2^3"", ""x2^2 x3"", ""x2^2 x4"", ""x2^2 x5"", ""x2^2 x6"", ""x2^2 x7"", ""x2 x3^2"", ""x2 x3 x4"", ""x2 x3 x5"", ""x2 x3 x6"", ""x2 x3 x7"", ""x2 x4^2"", ""x2 x4 x5"", ""x2 x4 x6"", ""x2 x4 x7"", ""x2 x5^2"", ""x2 x5 x6"", ""x2 x5 x7"", ""x2 x6^2"", ""x2 x6 x7"", ""x2 x7^2"", ""x3^3"", ""x3^2 x4"", ""x3^2 x5"", ""x3^2 x6"", ""x3^2 x7"", ""x3 x4^2"", ""x3 x4 x5"", ""x3 x4 x6"", ""x3 x4 x7"", ""x3 x5^2"", ""x3 x5 x6"", ""x3 x5 x7"", ""x3 x6^2"", ""x3 x6 x7"", ""x3 x7^2"", ""x4^3"", ""x4^2 x5"", ""x4^2 x6"", ""x4^2 x7"", ""x4 x5^2"", ""x4 x5 x6"", ""x4 x5 x7"", ""x4 x6^2"", ""x4 x6 x7"", ""x4 x7^2"", ""x5^3"", ""x5^2 x6"", ""x5^2 x7"", ""x5 x6^2"", ""x5 x6 x7"", ""x5 x7^2"", ""x6^3"", ""x6^2 x7"", ""x6 x7^2"", ""x7^3""]","[[-14.829284492340909, 209.72295991841239, -407.7755962562175, 380.84121063940916, -332.4452655362385, 241.44609457778796, -138.62007229259456, 57.018388017396326, -11.516690833559247, -0.32870800034640085, 2.1211871039740613, -3.4674335944620145, 3.9281090625819894, -3.2860411242700684, 2.11929497674229, -0.9535001935779983, 0.23132413849555405, -2.9390100824948457, 8.851885165020883, -9.790891525224179, 8.103835287251798, -5.242826580495761, 2.3507149956703937, -0.5987070070365101, -6.332536750083369, 13.818243127481987, -11.438460586639875, 7.499213561968947, -3.4341914794349964, 0.9451444472087115, -7.435694038055597, 12.262489397757056, -8.157835212945212, 3.8949601822405797, -1.1875788896194441, -5.115817165055796, 7.018304890945055, -3.5490212295205734, 1.1946542701366585, -2.4761207568455745, 2.6295149565584275, -0.9553641392141667, -0.7553423664900876, 0.5860090719671274, -0.10982136929115048, 0.0016335764215415843, -0.015855801505353755, 0.02575883342701146, -0.027847810695208152, 0.020944658703719376, -0.011440016655871903, 0.004325161171439824, -0.0030741710506968084, 0.04720861803217656, -0.127758196767082, 0.11706499050484465, -0.07006309469202258, 0.030659153209274724, -0.009711331684379085, 0.01213531030207208, 0.05766554914765949, -0.042366034251632795, -0.03616785542913935, 0.047982303258256524, -0.0238661305590172, -0.010970131574672621, -0.051022284563062535, 0.20523773037606288, -0.16927761717726325, 0.0745493189053212, 0.005735639577365383, -0.15446904134929457, 0.2441211571142815, -0.10616782746121747, -0.0005800700732762189, -0.09966140376357198, 0.0915542582787383, -0.0016735694923338319, -0.02251132573968486, -0.0005263601974720417, 0.002535058421559316, -0.0491878726183543, 0.19429295061739102, -0.17915198139998, 0.1108188629191903, -0.059860416567859516, 0.029217664077498796, -0.02127536723656558, -0.21314240215078317, 0.30303305802684427, -0.1005833249692412, 0.047424886930887034, -0.05254699664570517, 0.06489669461518807, -0.034173163581262794, -0.17749961293729666, 0.13716919198407276, -0.00713789529122955, -0.07140063471967562, 0.2099215895120045, -0.3155663134770624, 0.08588306041885538, 0.056579304324976404, 0.13089564129362538, -0.08972382254087223, -0.03715705444200706, 0.01775411983696189, 0.02229124822436591, -0.008354173407318153, 0.07021064309681042, -0.12599843820641568, 0.00734000082014629, -0.026368777108964625, 0.06226354307150887, -0.06357744109777667, 0.029962857289757394, 0.16864340345568676, -0.020498634276037295, -0.14395561130034457, 0.16653763254430579, -0.19063337760869686, 0.19199611868776167, 0.056238042264373615, -0.14584566735568658, -0.06824498556457702, -0.00970163704249196, 0.09809111751966806, 0.006977442238760665, -0.04874863213896329, 0.013081130939927153, -0.0007051540387410489, -0.060422655986133327, -0.061994240676160134, 0.14231851650197663, -0.1209882032290764, 0.09226899905047047, 0.06391450800577053, -0.2378626968233505, 0.22467996225197973, -0.056111138167627396, 0.15229253890587793, -0.15211848312893508, -0.037525895187737635, 0.06745689510899043, -0.015010608240661872, -0.024455652761224994, -0.04797835805900752, 0.11588006936681844, -0.10618903803983404, 0.07572696186553554, -0.15473385869529893, 0.1415180298025256, 0.03178106975122954, -0.05593552453107501, 0.011652681480827381, -0.022000517484028603, 0.04267246036749248, -0.04384389336362068, -0.006471955970069113, 0.026849961108347344, -0.005714033427124816, -0.004706395643821323, 0.0, 0.0008353389074992813, -0.00027683990498406704], [2.2723807374294647, 44.23108049994254, 75.51717384424292, -182.27044270401373, 105.1077969098189, -67.46360494235869, 36.77538101689244, -14.872541046872557, 3.179046813892753, 0.059760274720230364, -0.34565186675762366, 0.5079335956147099, -0.5160328950842867, 0.37630509628327635, -0.20417181917464677, 0.06883043021500013, -0.010783840721682682, 0.4237108253709211, -1.1042092029224906, 1.0429956422286188, -0.6924168405903367, 0.3325244335082145, -0.07814531981666038, 0.005823501410246815, 0.6445858397761446, -1.1140562982662554, 0.6391359637018617, -0.23753168443534753, 0.0, 0.010147062684007486, 0.4136672840207193, -0.3327277384515498, 0.02486880307496179, 0.08702655525652245, -0.01193740386768339, -0.009019060239138536, 0.14019164959989383, -0.11219893307904608, -0.004264877218705611, -0.07542638376796407, 0.07464551448440733, 0.021660026965419178, -0.004346188659023557, -0.030960578203961257, 0.010050773971120476, -0.0002899955798196454, 0.002493379887894447, -0.003551993580787159, 0.003314276433179014, -0.002270974777832653, 0.0013226183617442641, -0.0006072631615510609, 0.0004323528514215866, -0.006755639376857413, 0.015455437348945274, -0.01063502798035017, 0.004114636036997483, -0.0019041333702389353, 0.0014070649286771618, -0.0018268286196461952, -0.0038853556957506347, -0.007868205590121498, 0.017524912009699533, -0.011960903246341434, 0.0034527464491752474, 0.0017254494867330894, 0.017297158315056023, -0.04674946881555026, 0.031645320212606555, -0.011123611698983085, -0.0008806788252949551, 0.029915460565521707, -0.042222875773802286, 0.01639067903300027, -0.0003078780653350266, 0.016193024792280686, -0.014310679000116368, 0.0009733527309620596, 0.0037479705664299223, -0.000725496554876274, -0.0001110388413450371, 0.006897791704430257, -0.02459128263917109, 0.01912768446415204, -0.010070536786380169, 0.007326753752870634, -0.005713836621744898, 0.003677448375613631, 0.023870537140364263, -0.02384252211423413, -0.0001438682961168625, -0.007397798513791539, 0.015621592594116284, -0.012162661142238738, -0.007501794066823792, 0.043705011280560306, -0.019419076976413704, -0.008423600538310195, 0.013332564589794534, -0.0381361205146024, 0.048482233903946834, -0.007874815280416775, -0.008899766697295346, -0.019821257096208748, 0.013288958529470403, 0.003711428344557749, -0.0039063637510846905, -0.0006094263207990434, 0.00034526149348269457, -0.008077117211858463, 0.013369287098846378, -0.0014939791798894062, 0.013308082263764396, -0.020127917861753053, 0.012517072746462523, -0.00410969036672924, -0.014953397340054356, -0.022687348746434553, 0.04713076280846486, -0.030942313879011238, 0.02365810295852637, -0.01522049057362474, -0.020658387927388524, 0.022178686053091468, 0.009036706445998422, -0.0007314793970912073, -0.009646706331331276, 0.0029455838696436634, 0.0008709814027948997, -4.4279225379242864e-05, 0.003066264891772598, -0.0027675578845752125, 0.024983124983207705, -0.034582366528747244, 0.02016212731143878, -0.007439306165943442, -0.01621656165165647, 0.03966499141493462, -0.028770289957352316, 0.0015045316325673957, -0.006522535806160773, 0.010996923113244402, -0.004217100203239847, 0.001518986580044588, -0.0007589571070451084, 0.00605329761652396, -0.007604752522978717, -0.005385484134062284, 0.00826130198858857, 0.014576664740334429, -0.019109053131250865, -0.000349519710295503, 0.013242671811894707, -0.008608541567613518, 0.00209850938809892, -0.008618351240015578, 0.020914316679502106, -0.005332053674522131, -0.019793248840508752, 0.013557597586365119, -0.0027928407391947852, 0.005728325104097322, -0.006088341202605931, 0.002253629509122461, -0.000252636216771083], [-0.6620082425177196, -7.478471360351053, 67.46868856731112, 35.48984231272706, -131.7271226877781, 54.49556228953247, -26.244542961521198, 10.078499849435389, -2.1638655643321836, -0.03231296365010795, 0.18618983473350123, -0.28439243565614497, 0.30816223213421046, -0.25066572384769215, 0.15908828449548454, -0.06921928889686632, 0.0168979457786279, -0.23805943450446887, 0.6850025491804402, -0.735482087198805, 0.6023304103811836, -0.3917140461602881, 0.1747384877806441, -0.04738412134156129, -0.48488584694118053, 1.0541105307866625, -0.8852302140574047, 0.5964398708100817, -0.28060486138400836, 0.08583112557074928, -0.5741806423522489, 0.9806782467466866, -0.6859966925027455, 0.34755964019198116, -0.12006916452565736, -0.4388378430073119, 0.6524676853171019, -0.35944433138754084, 0.13548807020463172, -0.252092703737629, 0.29269763056037196, -0.1164889648220309, -0.09144905903316024, 0.07532626184287136, -0.014465980661784719, -0.0001424462841135406, 0.0005127298626880771, -0.0005700422069982648, 0.001097091810502498, -0.0016909981527610683, 0.0013951344913586037, -0.0007525430557366396, 0.00010779790208026937, 0.0003341266103216005, -0.000700337440860858, -0.002903541002746848, 0.007000464900159826, -0.005642417331544238, 0.0025289682189775366, -7.533688772653465e-05, -0.0012252153520244586, 0.010617934898495681, -0.01678197931807431, 0.011539994512767866, -0.003920239691238479, -0.00021924195839400956, -0.011468292593572557, 0.029724906450525924, -0.01962936472001605, 0.006449590434723454, 0.00019150032171732711, -0.01794631933933427, 0.02410604575081989, -0.0084722834687272, 0.00021833732322870032, -0.008390553792301202, 0.0060830846865827, -1.526072359946169e-06, -0.001033054250653352, -0.00038580539408808483, 0.00022767061621711772, -0.002296156497928195, 0.010074120630950811, -0.006363766901912511, -0.00033194469919499095, 0.00045900503197068105, 0.0010152883390674087, -0.0012485723898546565, -0.013609198149805164, 0.014081115207391453, 0.005593513273801327, -0.0004842384035131498, -0.007347262464864045, 0.005872845609704282, 0.0025954008653808584, -0.02652009686033505, 0.012021287095194554, 0.005575890256057996, -0.007024040338828778, 0.022992839192034927, -0.026981969691605424, 0.002211575273501374, 0.00504500666724202, 0.008894204191009369, -0.002058357227957003, -0.003809279525943444, -0.0007236088294468363, 0.002736514752477218, -0.0007459307865155344, 0.00738250712844929, -0.016180774975582613, 0.0030962505249521304, -0.008431974327155011, 0.01253392684210924, -0.006889518940741309, 0.010921066675000526, 0.004236151424220613, 0.015023776790631566, -0.028968192870978782, 0.016773518690109006, -0.014489731288493348, 0.007750665514181175, 0.013974930916403545, -0.012098722880617089, -0.001990909220490651, -0.006549208154533204, 0.007747763712166286, 0.0022923966100008393, -0.00407016267754991, 0.0009252120899424109, -0.0038787156059285795, 0.0005601292975360338, -0.012658116201824948, 0.018706129588983343, -0.010223373687900569, 0.00941656782677366, 0.0031111302465006065, -0.0192704068613601, 0.01384427995780958, -0.0010611999376357783, 0.006252113955751131, -0.007128623846783488, -0.00022703696059260623, 0.002111553804513513, -0.0004485440804622567, -0.005728002381535689, 0.007511414826421013, 0.0012064353108639158, -0.0035025522723097927, -0.0077992112490416305, 0.008857794051501217, 0.0008965231526548417, -0.005493834645819224, 0.00243412197505335, -0.00044017219825015686, 0.0038363164374993737, -0.009263361859311084, 0.0018825711073318168, 0.008716874021331221, -0.004991194136591831, 0.0008629912149173192, -0.0025286864584743557, 0.0022953242455972245, -0.0007092518922139343, 5.864878381662879e-05], [0.36233507306795737, 3.263530621896848, -17.96240505503101, 86.11982259236817, 10.996471436480109, -106.04583224853032, 32.427245543908946, -11.03245044610744, 2.292772050831199, 0.02050098990181361, -0.11589472094753332, 0.1739652432432283, -0.18403707895401486, 0.1473551635551747, -0.09339400229008443, 0.041402300442614906, -0.01133154623468014, 0.14623540422988007, -0.4189884981824567, 0.4449925499496237, -0.3665335626710666, 0.2450919244541457, -0.11644643911765361, 0.037245665786509424, 0.30176201196660185, -0.6580517776529754, 0.5659372277890297, -0.39972596563687096, 0.20461030542677375, -0.07323482028257765, 0.3606217690392849, -0.637662370071186, 0.47282060074574506, -0.2612384273751858, 0.10299837795358485, 0.3012043885086473, -0.4769602800679604, 0.2824280985384721, -0.11675857588342153, 0.1940606415080556, -0.23792298883777158, 0.10099567565188625, 0.07700676815318136, -0.06568453269096725, 0.012636878735263112, 6.967060421766341e-05, -0.0004554736078008717, 0.0008383402204655042, -0.0010526195610706757, 0.0009617290260053443, -0.0007281265844063645, 0.0005051688157879341, -0.0001696594579656113, 0.0008349026369258574, -0.0038697797824183643, 0.005206815507062007, -0.004657865147323985, 0.003046782935595923, -0.001931325633002566, 0.0006618371457492311, 0.004693161528008332, -0.01239718520623738, 0.010709103024041659, -0.006246586461155952, 0.003331320330552714, -0.001131720060322551, 0.007898097444867533, -0.013138925385342875, 0.006974623164430993, -0.0032738656035725196, 0.0010367247664571626, 0.00539125733857693, -0.005565398793236953, 0.0024124481626337205, -0.0006360573886430894, 0.001702104414031191, -0.002016634238099016, 0.0005706181046339782, 0.0008545302248053556, -0.0005873386257876362, 0.00011874331460784494, 0.0, 0.0013906202890657546, -0.0023313499992221164, 0.0017897515809410488, -0.00024304205475383296, 0.0001526947011657335, -0.0001312440778641696, -0.004708816607364248, 0.012734817918419777, -0.009530118956524143, 0.0014366129704138297, 0.00014571089116175985, 0.00028320966342882704, -0.007743428229880579, 0.010694269058888877, 0.0, -0.0017922939543754855, 0.0002886376515589526, -0.003790296134281983, -0.000448374005313269, 0.0018730904854956578, -0.0006040911918525881, 0.0005010737085607169, 0.00037669464859728147, -0.00028287582021025337, -0.0012971684688553595, 0.0013110648276912229, -0.00038391772642074913, 0.003076078977335457, -0.01014606010417528, 0.006698637482664832, 0.00041180111251676576, -0.0010288436441772378, -0.00016591249908434183, 0.008934001638864245, -0.00903498673258666, -0.006099063372698153, 0.00458931847542588, -1.005423792639572e-05, 0.0024369558239240516, 0.004072528597869166, -0.0018481445159578252, -0.000653088324444565, -0.0002962890846234316, -0.004613535766747227, 0.0029323499961656668, 0.004590733063672669, -0.004636864121653457, 0.0012237355708511017, -0.0010670004115801801, -0.0023676593370703684, 0.008645208320246048, -0.0041598803594052125, 0.0, 0.004920470905546196, -0.013767765043641673, 0.0030898555983857596, 0.001807529570585875, 0.0019222522976252159, 0.007964839027823257, -0.0055769120660403276, -0.0077505478246449565, 0.00792125947179377, -0.0020190513650874225, -0.0017738499396438684, 0.004148089306816199, 0.0016221303700405946, -0.00206172943735472, 0.0016148197395969414, -0.013824331630905422, 0.007609586566185508, 0.009837498080886607, -0.009340004894610118, 0.0022644726740608185, -0.0024595081917017396, 0.01039297484547008, -0.004710854561350521, -0.010964455805373363, 0.009372601216963846, -0.002085179791494839, 0.003213681548240194, -0.003866342338575129, 0.0015559107522125286, -0.00019619749013092137], [-0.44090535168813044, -2.23280268156331, 10.799014929176368, -31.989632487507112, 105.46774299770091, -10.388821664102041, -86.62313796406258, 18.24075063483629, -3.3351439560604317, -0.01551495130769267, 0.08588049020544009, -0.12676181146091745, 0.1310295828609487, -0.10394891341647676, 0.06631999190012501, -0.030340394295205023, 0.009029020663782274, -0.10494220874429579, 0.29621511154997704, -0.3120510792528178, 0.2635720265799339, -0.18538040139722853, 0.09603061021604942, -0.034126457645880105, -0.21199744013126837, 0.46429138244915996, -0.42113945343317427, 0.3209964899542465, -0.18352273399185315, 0.07226290442851972, -0.25777085342166256, 0.4964461316695975, -0.4077629606357488, 0.2555371999423344, -0.10880997344599708, -0.2646494317800903, 0.4635823534234883, -0.30419355547648136, 0.13078546328463453, -0.20301918096811764, 0.2680247106298436, -0.11574177491956877, -0.09062089206718267, 0.07683260061729245, -0.014563212230244454, 0.00011364872118816857, -0.0009368616632525068, 0.0010774283883002312, -0.0005704722794745886, -6.738330190984824e-05, 0.00025082797623000717, -0.00014130182287203628, 1.3301145197490643e-05, 0.0026094263873753807, -0.005444746031437979, 0.0021203100279840177, 0.0015167946600546788, -0.0016651701547267083, 0.00020745110613786907, 0.00030935036625533727, 0.0014735600396540397, 0.003870918438138683, -0.009131152296508974, 0.006687128380644475, -0.0016225682257856552, -0.0002907424985245308, -0.006700313669708709, 0.018935842847825773, -0.01308437131985044, 0.00390863440569328, -5.2877786267279273e-05, -0.011905051008810636, 0.016801443701131524, -0.005956050719473553, 0.0006306064703835829, -0.006566986215089148, 0.005756743716849153, -0.0010425215532393016, -0.0016359655432063248, 0.0008407773809557396, -0.00015251723920868193, -0.002751032643392925, 0.009745530346512193, -0.005964615637996073, 0.0008558631815223264, -0.0007368066236089702, 0.002423251435497413, -0.00162549430881314, -0.010763726811865265, 0.009608441633703477, 0.004878219495566737, -0.0007546651379201041, -0.008431200293120026, 0.006045632220608361, 0.002710871127051389, -0.020638263904010988, 0.010031953894560375, 0.006858952236940518, -0.006690039323357986, 0.017463217989814105, -0.02222473372695363, 0.0006932415567793621, 0.004287006941361418, 0.009380223949158113, -0.005271394086579107, -0.001069995646202411, 0.0017329553229817058, -0.0005315052008281853, 0.00020266852616897238, 0.004937814501628294, -0.009717487075090412, 0.00016980534267542951, -0.004144031716719289, 0.01073568111581692, -0.0064754742064859734, 0.006838735698983969, 0.00502474524104807, 0.007801706284224605, -0.025862769657669243, 0.01579798684556278, -0.011875288371654158, 0.010792007920571625, 0.012590653805018842, -0.011116285251486932, -0.00664146144267309, 0.0007928831656995127, 0.0036889017580706606, -0.0017719439313556731, 0.0008664967702673028, -0.0005132752573131849, -0.0038203288467695117, 0.003721133865212338, -0.010590760694115825, 0.01867067144086498, -0.010250145588055381, 0.003780752304331606, 0.003651064712913645, -0.02265989737488631, 0.014784699056670823, 0.00200837510723532, 0.0032291894081000467, -0.004729654077681695, 0.002147394206260516, -0.0018711565847098965, 0.0009200446655128295, -0.003350802122343061, 0.005236322697444463, 0.005023758363861645, -0.004816618946425856, -0.008121370706292628, 0.0063508501700125725, 0.0009757916682727161, -0.005394483947234376, 0.0042530817714003435, -0.001349553712875696, 0.0041859528288980055, -0.008791788344179645, 0.0021862788607888654, 0.008734565513375878, -0.006531519900286582, 0.0015928530283561902, -0.0027090842791746834, 0.003158982497885834, -0.0013423777845568614, 0.00018105244984935404], [0.43415784977120137, 2.1284628207226692, -9.909893188682974, 25.906632015999577, -54.03655911758642, 131.2246278973476, -35.063618120438214, -67.68475691536878, 7.519242669593965, 0.019268291505815376, -0.10573529887616649, 0.15683502027563118, -0.16733782233660713, 0.1422501257573516, -0.09648091013087122, 0.047036067057511316, -0.01497759507665045, 0.13175220356139716, -0.385131668347967, 0.4305570645160817, -0.3991251307043547, 0.29754549885724446, -0.16140150999705147, 0.058346716620957084, 0.29283068993801903, -0.692010439399224, 0.6905440947291277, -0.5475675634854935, 0.320205707176013, -0.1242847192698049, 0.4215311883604962, -0.8891589797068671, 0.7439106345080406, -0.4671436232987381, 0.1912945894796107, 0.49931549647453194, -0.8647612745155527, 0.5613965122676855, -0.23160791420283972, 0.37246506482112796, -0.4892180746226968, 0.204341171224264, 0.16518068992727244, -0.13625290656068914, 0.025609113979322428, 4.691804957327118e-05, -1.4811485608327004e-05, 8.43105917747498e-05, -0.0007639771578022918, 0.0013230518017128493, -0.0009085718382117043, 0.0003366197006197588, -5.608393525539112e-05, -0.0009408685908601256, 0.001877237213866003, 0.0019392181073664251, -0.005287070598002619, 0.002726866616390862, 0.0001620743017953984, -0.0004884784294882867, -8.09452199867457e-05, -0.006838450798105686, 0.011787335222644474, -0.005385065393230994, -0.0008364587622636705, 0.001122271871506774, 0.008325838107439969, -0.022023106742155362, 0.01146247530197347, -0.0009648406523830354, -0.0008847816474634333, 0.013569076681877705, -0.015971231398848235, 0.0037360120091169927, 4.032798696864216e-05, 0.0052067495716948435, -0.003011643528816897, 0.00011062729646359992, 0.0005143278449746714, 0.0, -1.5282986936053777e-05, 0.0020202379522602713, -0.008273706133370579, 0.004209547283978641, 0.0007859855334070806, 0.0020641336419256863, -0.004390761422392175, 0.002260517159767533, 0.011468714815213136, -0.010709172548538499, -0.0041427560821232536, -0.009006662160414009, 0.018194013310368084, -0.009068456873534404, -0.0028210000410292617, 0.021725115782098122, 0.0, -0.017259312789691554, 0.009755487268437576, -0.018624212402771723, 0.014554808890996855, 0.007553647582935578, -0.006604439398246266, -0.003319744641113997, -0.0044867299077281635, 0.004351044639403239, 0.002014101787587432, -0.0023914063020058075, 0.00041356744034864025, -0.006573557436462655, 0.013832200407860193, -0.002931005428497294, 0.014057685979439051, -0.019806923652254893, 0.00921286420861099, -0.008328857896405022, -0.006496766648521671, -0.024156282803355206, 0.04184555562807496, -0.020207373449284975, 0.015018454002359917, -0.0011022141290831144, -0.022538883298204544, 0.013378529054208818, -0.0016874919033226302, 0.01190800168997848, -0.007912121386534235, -0.003280991169960848, 0.003463580836506486, -0.0004972650422112424, 0.002403164789965156, 0.0038965581951138206, 0.013975499217543113, -0.022980898869708267, 0.010913679580667468, -0.01460464537199403, -0.0013923413710958408, 0.022251896008871987, -0.012653239839675319, 0.0011778895621853127, -0.006874263708241844, 0.005351858797577058, -0.0003316675554870793, -0.00034746932633829253, -0.0002085999235777289, 0.007674354439957006, -0.009791319206998798, -0.0004855816802316674, 0.0018281100333153904, 0.00894245639685318, -0.01160122305948644, 0.0024556072002147465, 0.007497416753194777, -0.005362021552434687, 0.0013276372653634291, -0.0041204872817734136, 0.0110839393970093, -0.0034637685769161137, -0.011030001178807114, 0.007708192357034985, -0.0016142752841830346, 0.00324025874267762, -0.003259174174569211, 0.0011251600197141243, -0.00010805892757105927], [-1.3157063638851607, -3.078896118140304, 14.452277281753165, -35.95986632454285, 66.37624837741029, -103.96220208148038, 181.32391174367245, -75.03975736539705, -44.30495105372551, -0.033088173636929404, 0.18702153540082664, -0.2830341734888067, 0.3107557068220296, -0.2763025497667429, 0.1920276481057957, -0.09716026871212612, 0.03201259832361446, -0.24554873419682058, 0.748254779856647, -0.8763072858308669, 0.8538340818431119, -0.6475141577774043, 0.3627913344950747, -0.1323887005641774, -0.597060958191934, 1.475956332420339, -1.5318643242780445, 1.2209201360604878, -0.7301101356330584, 0.2826694609704449, -0.9386355951874901, 2.03941371045093, -1.6952909579904818, 1.0749180392845608, -0.4348391017471231, -1.1579226658515482, 1.9693828018436577, -1.2802749602617338, 0.5206558345976189, -0.833310380810057, 1.1009236832913103, -0.4544204016226753, -0.3726512560242295, 0.30034740932768017, -0.05418732211005399, -0.0001702178845607393, 0.0005094074371974019, -0.0012532904183640507, 0.003071909676700253, -0.004514831705198689, 0.00389539092457654, -0.002238668434037333, 0.0006794819538414246, 0.0010350371582121991, 0.0, -0.009066245356545807, 0.01746176387563619, -0.014740417978169043, 0.007271152563774583, -0.0015532938164723874, -0.0033850991987706323, 0.022545089405673895, -0.034699491697042964, 0.02646499473789549, -0.011735027384713877, 0.0022588275880859247, -0.021538591301495973, 0.055565443655529546, -0.04076327067347027, 0.0180375970672901, -0.0036937993298595422, -0.03309108604296289, 0.049188164168500026, -0.022821024086770846, 0.004991598616112067, -0.01952268243073911, 0.01985080474124295, -0.0046722901360656335, -0.005764686484642444, 0.00316753350796096, -0.0005633117273563783, -0.0037415975913400574, 0.014460072100273445, -0.005617290318629241, -0.006622302216691557, 0.005752215274223135, -0.00010581958120426443, -0.002025413166095104, -0.019161041216072924, 0.01313221730421157, 0.022381404288962705, -0.013517005131781907, -0.006416963502947606, 0.009813968433296528, 0.008410578091666144, -0.053411109666213, 0.03319194418641178, 0.0, -0.009942547801952572, 0.04269529589803159, -0.06047224363249346, 0.01736815291737446, 0.004492696373563441, 0.025811366755826372, -0.02237755523850138, 0.00013157924185144102, 0.007473084597575076, -0.002652978078401967, 0.0006228989963528195, 0.011243571542468498, -0.02329936710706733, -0.0012673356892026948, -0.005813119766843501, 0.016686325088645173, -0.012453204404808795, 0.01812355836613379, 0.010736390897812857, 0.01107653340141407, -0.037549937790133756, 0.029184218094705453, -0.025676997811328733, 0.028291095752021354, 0.0076888556714133915, -0.018554613530979914, -0.01581411469834177, 0.01277221681281604, 0.0063591370729886585, -0.00832139986195345, 0.003162709987993418, -0.0012324122140917626, -0.009969385396156771, 0.011827604235262135, -0.02206024428012708, 0.02828347281652358, -0.018610442721056396, 0.0006040720698700952, 0.014644915159572005, -0.02665240723429931, 0.024772439978415207, 0.00021355588024316198, -0.004480953929410401, -0.007865475148523036, 0.010775248492504755, -0.006624984012030323, 0.002429577014418243, -0.0012134575592029726, -0.002587323798677293, 0.0037315709573337357, -0.00731625174919301, -0.002685254834588047, 0.016501327531482833, 0.0007364447010565034, -0.01648542200707232, 0.012115093942041735, -0.0036398271262123036, 0.0028521912758803195, -0.014663968355549575, 0.0033090218593539167, 0.018703898129273207, -0.013555422569645013, 0.003491644163589675, -0.005915731390393936, 0.006414251215021371, -0.0026018705442961763, 0.0003132046787758301], [9.739106509735132, 11.095602915934933, -55.1830052061444, 134.96066757664414, -236.42260587304713, 327.093468946703, -376.4864180287971, 405.8698906955354, -209.6628689392502, 0.16157873106412726, -0.9329936761627531, 1.4361332943225935, -1.6055858969957986, 1.4598533834513208, -1.0253951677405924, 0.5336627727955496, -0.1780828630355189, 1.275297087476003, -3.994108653522883, 4.784131791817574, -4.75983074111753, 3.647081228542233, -2.1058665799290535, 0.7675334671689464, 3.260786818649194, -8.205900213903588, 8.663259966558295, -6.975371692253622, 4.297908908902971, -1.6496892383718313, 5.31601283629493, -11.723541128087692, 9.829168076424024, -6.39083331352346, 2.5428833565786424, 6.700117341216104, -11.434418152199953, 7.577263017989807, -3.019507903768792, 4.85633612718663, -6.523015872448365, 2.6213584994833883, 2.2087825552197144, -1.7026069811774376, 0.28799168966398786, 0.0011991175859811863, -0.004536492159703019, 0.009167890468937841, -0.0184234445345149, 0.024148979758602734, -0.018507042423232013, 0.009873942050571308, -0.003036359387976742, -0.0022936561099271696, -0.006249569626001645, 0.04992608059128595, -0.08439196346306485, 0.05865829407210527, -0.021787839035788254, 0.0021897478176631136, 0.021170594580740016, -0.12377876693543832, 0.17779736285699327, -0.11761008119868788, 0.04031664466160446, -0.003773304196630846, 0.11925081353135837, -0.30057445213692013, 0.20438396513174412, -0.07936473944703266, 0.013126361058214122, 0.1800764945274764, -0.2565418723098336, 0.11078718239216288, -0.02219158421507876, 0.09853944096563894, -0.09455096917548814, 0.021180168338604713, 0.02637187300768539, -0.01465452941101801, 0.0029248249953528925, 0.01885076848037242, -0.079750991111426, 0.041683220580276854, 0.00975511767974454, 0.00849590745342531, -0.031702509329172464, 0.023916377228910008, 0.11561181265012031, -0.11405824324937561, -0.045973370068843875, -0.040045111177620565, 0.129913988468909, -0.09286972862917275, -0.024791951545546035, 0.23435752222413847, -0.08597800939194111, -0.08509642999527263, 0.09134393669814514, -0.20902058186507083, 0.25689050642949796, -0.02983264964298229, -0.053248832615616026, -0.10103351113274962, 0.06163488481755318, 0.022578547065230475, -0.019698948457483007, 0.00021919661652844836, -0.0013809374230316304, -0.07019603994909926, 0.15773900389746667, -0.039723352877107335, 0.10867066398146645, -0.15960861120335304, 0.09816193833910053, -0.11068193727991454, -0.034435411160206535, -0.16008174555113475, 0.3148254525159218, -0.21304434367213984, 0.14437071160443127, -0.09803874082941832, -0.11553273354957276, 0.13921962711922156, 0.041020400670058445, 0.011342408685527012, -0.06776092876968617, 0.013704533322744258, 0.004905346067618741, 0.003533378202132078, 0.03940533678398101, -0.00035834223188165314, 0.11440930441046336, -0.18160064601762907, 0.12085630461690892, -0.10127732729131418, -0.005612812643867235, 0.15484629884790704, -0.15407734484261276, 0.004516907134450433, -0.02414661329536005, 0.06642955765320319, -0.030833526142932194, 0.015572836678457649, -0.010298768535240825, 0.05347870858117125, -0.05542472294413236, -0.00407913415574403, 0.04017770999014808, 0.02869249211186478, -0.06268798303706966, -0.018113126625417274, 0.06571133208621091, -0.048087572023902056, 0.017159744746673415, -0.005176480049393207, 0.040177760199052795, -0.0036378276317320817, -0.061575802419420685, 0.04497223640004454, -0.01412169704661774, 0.019563933934095893, -0.020597208079240016, 0.008574274403212259, -0.0009103646494057505]]",(x0)' = -14.829 1 +  209.723 x0 + -407.776 x1 +  380.841 x2 + -332.445 x3 +  241.446 x4 + -138.620 x5 +  57.018 x6 + -11.517 x7 + -0.329 x0^2 +  2.121 x0 x1 + -3.467 x0 x2 +  3.928 x0 x3 + -3.286 x0 x4 +  2.119 x0 x5 + -0.954 x0 x6 +  0.231 x0 x7 + -2.939 x1^2 +  8.852 x1 x2 + -9.791 x1 x3 +  8.104 x1 x4 + -5.243 x1 x5 +  2.351 x1 x6 + -0.599 x1 x7 + -6.333 x2^2 +  13.818 x2 x3 + -11.438 x2 x4 +  7.499 x2 x5 + -3.434 x2 x6 +  0.945 x2 x7 + -7.436 x3^2 +  12.262 x3 x4 + -8.158 x3 x5 +  3.895 x3 x6 + -1.188 x3 x7 + -5.116 x4^2 +  7.018 x4 x5 + -3.549 x4 x6 +  1.195 x4 x7 + -2.476 x5^2 +  2.630 x5 x6 + -0.955 x5 x7 + -0.755 x6^2 +  0.586 x6 x7 + -0.110 x7^2 +  0.002 x0^3 + -0.016 x0^2 x1 +  0.026 x0^2 x2 + -0.028 x0^2 x3 +  0.021 x0^2 x4 + -0.011 x0^2 x5 +  0.004 x0^2 x6 + -0.003 x0^2 x7 +  0.047 x0 x1^2 + -0.128 x0 x1 x2 +  0.117 x0 x1 x3 + -0.070 x0 x1 x4 +  0.031 x0 x1 x5 + -0.010 x0 x1 x6 +  0.012 x0 x1 x7 +  0.058 x0 x2^2 + -0.042 x0 x2 x3 + -0.036 x0 x2 x4 +  0.048 x0 x2 x5 + -0.024 x0 x2 x6 + -0.011 x0 x2 x7 + -0.051 x0 x3^2 +  0.205 x0 x3 x4 + -0.169 x0 x3 x5 +  0.075 x0 x3 x6 +  0.006 x0 x3 x7 + -0.154 x0 x4^2 +  0.244 x0 x4 x5 + -0.106 x0 x4 x6 + -0.001 x0 x4 x7 + -0.100 x0 x5^2 +  0.092 x0 x5 x6 + -0.002 x0 x5 x7 + -0.023 x0 x6^2 + -0.001 x0 x6 x7 +  0.003 x0 x7^2 + -0.049 x1^3 +  0.194 x1^2 x2 + -0.179 x1^2 x3 +  0.111 x1^2 x4 + -0.060 x1^2 x5 +  0.029 x1^2 x6 + -0.021 x1^2 x7 + -0.213 x1 x2^2 +  0.303 x1 x2 x3 + -0.101 x1 x2 x4 +  0.047 x1 x2 x5 + -0.053 x1 x2 x6 +  0.065 x1 x2 x7 + -0.034 x1 x3^2 + -0.177 x1 x3 x4 +  0.137 x1 x3 x5 + -0.007 x1 x3 x6 + -0.071 x1 x3 x7 +  0.210 x1 x4^2 + -0.316 x1 x4 x5 +  0.086 x1 x4 x6 +  0.057 x1 x4 x7 +  0.131 x1 x5^2 + -0.090 x1 x5 x6 + -0.037 x1 x5 x7 +  0.018 x1 x6^2 +  0.022 x1 x6 x7 + -0.008 x1 x7^2 +  0.070 x2^3 + -0.126 x2^2 x3 +  0.007 x2^2 x4 + -0.026 x2^2 x5 +  0.062 x2^2 x6 + -0.064 x2^2 x7 +  0.030 x2 x3^2 +  0.169 x2 x3 x4 + -0.020 x2 x3 x5 + -0.144 x2 x3 x6 +  0.167 x2 x3 x7 + -0.191 x2 x4^2 +  0.192 x2 x4 x5 +  0.056 x2 x4 x6 + -0.146 x2 x4 x7 + -0.068 x2 x5^2 + -0.010 x2 x5 x6 +  0.098 x2 x5 x7 +  0.007 x2 x6^2 + -0.049 x2 x6 x7 +  0.013 x2 x7^2 + -0.001 x3^3 + -0.060 x3^2 x4 + -0.062 x3^2 x5 +  0.142 x3^2 x6 + -0.121 x3^2 x7 +  0.092 x3 x4^2 +  0.064 x3 x4 x5 + -0.238 x3 x4 x6 +  0.225 x3 x4 x7 + -0.056 x3 x5^2 +  0.152 x3 x5 x6 + -0.152 x3 x5 x7 + -0.038 x3 x6^2 +  0.067 x3 x6 x7 + -0.015 x3 x7^2 + -0.024 x4^3 + -0.048 x4^2 x5 +  0.116 x4^2 x6 + -0.106 x4^2 x7 +  0.076 x4 x5^2 + -0.155 x4 x5 x6 +  0.142 x4 x5 x7 +  0.032 x4 x6^2 + -0.056 x4 x6 x7 +  0.012 x4 x7^2 + -0.022 x5^3 +  0.043 x5^2 x6 + -0.044 x5^2 x7 + -0.006 x5 x6^2 +  0.027 x5 x6 x7 + -0.006 x5 x7^2 + -0.005 x6^3 +  0.001 x6 x7^2 | (x1)' =  2.272 1 +  44.231 x0 +  75.517 x1 + -182.270 x2 +  105.108 x3 + -67.464 x4 +  36.775 x5 + -14.873 x6 +  3.179 x7 +  0.060 x0^2 + -0.346 x0 x1 +  0.508 x0 x2 + -0.516 x0 x3 +  0.376 x0 x4 + -0.204 x0 x5 +  0.069 x0 x6 + -0.011 x0 x7 +  0.424 x1^2 + -1.104 x1 x2 +  1.043 x1 x3 + -0.692 x1 x4 +  0.333 x1 x5 + -0.078 x1 x6 +  0.006 x1 x7 +  0.645 x2^2 + -1.114 x2 x3 +  0.639 x2 x4 + -0.238 x2 x5 +  0.010 x2 x7 +  0.414 x3^2 + -0.333 x3 x4 +  0.025 x3 x5 +  0.087 x3 x6 + -0.012 x3 x7 + -0.009 x4^2 +  0.140 x4 x5 + -0.112 x4 x6 + -0.004 x4 x7 + -0.075 x5^2 +  0.075 x5 x6 +  0.022 x5 x7 + -0.004 x6^2 + -0.031 x6 x7 +  0.010 x7^2 +  0.002 x0^2 x1 + -0.004 x0^2 x2 +  0.003 x0^2 x3 + -0.002 x0^2 x4 +  0.001 x0^2 x5 + -0.001 x0^2 x6 + -0.007 x0 x1^2 +  0.015 x0 x1 x2 + -0.011 x0 x1 x3 +  0.004 x0 x1 x4 + -0.002 x0 x1 x5 +  0.001 x0 x1 x6 + -0.002 x0 x1 x7 + -0.004 x0 x2^2 + -0.008 x0 x2 x3 +  0.018 x0 x2 x4 + -0.012 x0 x2 x5 +  0.003 x0 x2 x6 +  0.002 x0 x2 x7 +  0.017 x0 x3^2 + -0.047 x0 x3 x4 +  0.032 x0 x3 x5 + -0.011 x0 x3 x6 + -0.001 x0 x3 x7 +  0.030 x0 x4^2 + -0.042 x0 x4 x5 +  0.016 x0 x4 x6 +  0.016 x0 x5^2 + -0.014 x0 x5 x6 +  0.001 x0 x5 x7 +  0.004 x0 x6^2 + -0.001 x0 x6 x7 +  0.007 x1^3 + -0.025 x1^2 x2 +  0.019 x1^2 x3 + -0.010 x1^2 x4 +  0.007 x1^2 x5 + -0.006 x1^2 x6 +  0.004 x1^2 x7 +  0.024 x1 x2^2 + -0.024 x1 x2 x3 + -0.007 x1 x2 x5 +  0.016 x1 x2 x6 + -0.012 x1 x2 x7 + -0.008 x1 x3^2 +  0.044 x1 x3 x4 + -0.019 x1 x3 x5 + -0.008 x1 x3 x6 +  0.013 x1 x3 x7 + -0.038 x1 x4^2 +  0.048 x1 x4 x5 + -0.008 x1 x4 x6 + -0.009 x1 x4 x7 + -0.020 x1 x5^2 +  0.013 x1 x5 x6 +  0.004 x1 x5 x7 + -0.004 x1 x6^2 + -0.001 x1 x6 x7 + -0.008 x2^3 +  0.013 x2^2 x3 + -0.001 x2^2 x4 +  0.013 x2^2 x5 + -0.020 x2^2 x6 +  0.013 x2^2 x7 + -0.004 x2 x3^2 + -0.015 x2 x3 x4 + -0.023 x2 x3 x5 +  0.047 x2 x3 x6 + -0.031 x2 x3 x7 +  0.024 x2 x4^2 + -0.015 x2 x4 x5 + -0.021 x2 x4 x6 +  0.022 x2 x4 x7 +  0.009 x2 x5^2 + -0.001 x2 x5 x6 + -0.010 x2 x5 x7 +  0.003 x2 x6^2 +  0.001 x2 x6 x7 +  0.003 x3^3 + -0.003 x3^2 x4 +  0.025 x3^2 x5 + -0.035 x3^2 x6 +  0.020 x3^2 x7 + -0.007 x3 x4^2 + -0.016 x3 x4 x5 +  0.040 x3 x4 x6 + -0.029 x3 x4 x7 +  0.002 x3 x5^2 + -0.007 x3 x5 x6 +  0.011 x3 x5 x7 + -0.004 x3 x6^2 +  0.002 x3 x6 x7 + -0.001 x3 x7^2 +  0.006 x4^3 + -0.008 x4^2 x5 + -0.005 x4^2 x6 +  0.008 x4^2 x7 +  0.015 x4 x5^2 + -0.019 x4 x5 x6 +  0.013 x4 x6^2 + -0.009 x4 x6 x7 +  0.002 x4 x7^2 + -0.009 x5^3 +  0.021 x5^2 x6 + -0.005 x5^2 x7 + -0.020 x5 x6^2 +  0.014 x5 x6 x7 + -0.003 x5 x7^2 +  0.006 x6^3 + -0.006 x6^2 x7 +  0.002 x6 x7^2 | (x2)' = -0.662 1 + -7.478 x0 +  67.469 x1 +  35.490 x2 + -131.727 x3 +  54.496 x4 + -26.245 x5 +  10.078 x6 + -2.164 x7 + -0.032 x0^2 +  0.186 x0 x1 + -0.284 x0 x2 +  0.308 x0 x3 + -0.251 x0 x4 +  0.159 x0 x5 + -0.069 x0 x6 +  0.017 x0 x7 + -0.238 x1^2 +  0.685 x1 x2 + -0.735 x1 x3 +  0.602 x1 x4 + -0.392 x1 x5 +  0.175 x1 x6 + -0.047 x1 x7 + -0.485 x2^2 +  1.054 x2 x3 + -0.885 x2 x4 +  0.596 x2 x5 + -0.281 x2 x6 +  0.086 x2 x7 + -0.574 x3^2 +  0.981 x3 x4 + -0.686 x3 x5 +  0.348 x3 x6 + -0.120 x3 x7 + -0.439 x4^2 +  0.652 x4 x5 + -0.359 x4 x6 +  0.135 x4 x7 + -0.252 x5^2 +  0.293 x5 x6 + -0.116 x5 x7 + -0.091 x6^2 +  0.075 x6 x7 + -0.014 x7^2 +  0.001 x0^2 x1 + -0.001 x0^2 x2 +  0.001 x0^2 x3 + -0.002 x0^2 x4 +  0.001 x0^2 x5 + -0.001 x0^2 x6 + -0.001 x0 x1 x2 + -0.003 x0 x1 x3 +  0.007 x0 x1 x4 + -0.006 x0 x1 x5 +  0.003 x0 x1 x6 + -0.001 x0 x2^2 +  0.011 x0 x2 x3 + -0.017 x0 x2 x4 +  0.012 x0 x2 x5 + -0.004 x0 x2 x6 + -0.011 x0 x3^2 +  0.030 x0 x3 x4 + -0.020 x0 x3 x5 +  0.006 x0 x3 x6 + -0.018 x0 x4^2 +  0.024 x0 x4 x5 + -0.008 x0 x4 x6 + -0.008 x0 x5^2 +  0.006 x0 x5 x6 + -0.001 x0 x6^2 + -0.002 x1^3 +  0.010 x1^2 x2 + -0.006 x1^2 x3 +  0.001 x1^2 x6 + -0.001 x1^2 x7 + -0.014 x1 x2^2 +  0.014 x1 x2 x3 +  0.006 x1 x2 x4 + -0.007 x1 x2 x6 +  0.006 x1 x2 x7 +  0.003 x1 x3^2 + -0.027 x1 x3 x4 +  0.012 x1 x3 x5 +  0.006 x1 x3 x6 + -0.007 x1 x3 x7 +  0.023 x1 x4^2 + -0.027 x1 x4 x5 +  0.002 x1 x4 x6 +  0.005 x1 x4 x7 +  0.009 x1 x5^2 + -0.002 x1 x5 x6 + -0.004 x1 x5 x7 + -0.001 x1 x6^2 +  0.003 x1 x6 x7 + -0.001 x1 x7^2 +  0.007 x2^3 + -0.016 x2^2 x3 +  0.003 x2^2 x4 + -0.008 x2^2 x5 +  0.013 x2^2 x6 + -0.007 x2^2 x7 +  0.011 x2 x3^2 +  0.004 x2 x3 x4 +  0.015 x2 x3 x5 + -0.029 x2 x3 x6 +  0.017 x2 x3 x7 + -0.014 x2 x4^2 +  0.008 x2 x4 x5 +  0.014 x2 x4 x6 + -0.012 x2 x4 x7 + -0.002 x2 x5^2 + -0.007 x2 x5 x6 +  0.008 x2 x5 x7 +  0.002 x2 x6^2 + -0.004 x2 x6 x7 +  0.001 x2 x7^2 + -0.004 x3^3 +  0.001 x3^2 x4 + -0.013 x3^2 x5 +  0.019 x3^2 x6 + -0.010 x3^2 x7 +  0.009 x3 x4^2 +  0.003 x3 x4 x5 + -0.019 x3 x4 x6 +  0.014 x3 x4 x7 + -0.001 x3 x5^2 +  0.006 x3 x5 x6 + -0.007 x3 x5 x7 +  0.002 x3 x6 x7 + -0.006 x4^3 +  0.008 x4^2 x5 +  0.001 x4^2 x6 + -0.004 x4^2 x7 + -0.008 x4 x5^2 +  0.009 x4 x5 x6 +  0.001 x4 x5 x7 + -0.005 x4 x6^2 +  0.002 x4 x6 x7 +  0.004 x5^3 + -0.009 x5^2 x6 +  0.002 x5^2 x7 +  0.009 x5 x6^2 + -0.005 x5 x6 x7 +  0.001 x5 x7^2 + -0.003 x6^3 +  0.002 x6^2 x7 + -0.001 x6 x7^2 | (x3)' =  0.362 1 +  3.264 x0 + -17.962 x1 +  86.120 x2 +  10.996 x3 + -106.046 x4 +  32.427 x5 + -11.032 x6 +  2.293 x7 +  0.021 x0^2 + -0.116 x0 x1 +  0.174 x0 x2 + -0.184 x0 x3 +  0.147 x0 x4 + -0.093 x0 x5 +  0.041 x0 x6 + -0.011 x0 x7 +  0.146 x1^2 + -0.419 x1 x2 +  0.445 x1 x3 + -0.367 x1 x4 +  0.245 x1 x5 + -0.116 x1 x6 +  0.037 x1 x7 +  0.302 x2^2 + -0.658 x2 x3 +  0.566 x2 x4 + -0.400 x2 x5 +  0.205 x2 x6 + -0.073 x2 x7 +  0.361 x3^2 + -0.638 x3 x4 +  0.473 x3 x5 + -0.261 x3 x6 +  0.103 x3 x7 +  0.301 x4^2 + -0.477 x4 x5 +  0.282 x4 x6 + -0.117 x4 x7 +  0.194 x5^2 + -0.238 x5 x6 +  0.101 x5 x7 +  0.077 x6^2 + -0.066 x6 x7 +  0.013 x7^2 +  0.001 x0^2 x2 + -0.001 x0^2 x3 +  0.001 x0^2 x4 + -0.001 x0^2 x5 +  0.001 x0^2 x6 +  0.001 x0 x1^2 + -0.004 x0 x1 x2 +  0.005 x0 x1 x3 + -0.005 x0 x1 x4 +  0.003 x0 x1 x5 + -0.002 x0 x1 x6 +  0.001 x0 x1 x7 +  0.005 x0 x2^2 + -0.012 x0 x2 x3 +  0.011 x0 x2 x4 + -0.006 x0 x2 x5 +  0.003 x0 x2 x6 + -0.001 x0 x2 x7 +  0.008 x0 x3^2 + -0.013 x0 x3 x4 +  0.007 x0 x3 x5 + -0.003 x0 x3 x6 +  0.001 x0 x3 x7 +  0.005 x0 x4^2 + -0.006 x0 x4 x5 +  0.002 x0 x4 x6 + -0.001 x0 x4 x7 +  0.002 x0 x5^2 + -0.002 x0 x5 x6 +  0.001 x0 x5 x7 +  0.001 x0 x6^2 + -0.001 x0 x6 x7 +  0.001 x1^2 x2 + -0.002 x1^2 x3 +  0.002 x1^2 x4 + -0.005 x1 x2^2 +  0.013 x1 x2 x3 + -0.010 x1 x2 x4 +  0.001 x1 x2 x5 + -0.008 x1 x3^2 +  0.011 x1 x3 x4 + -0.002 x1 x3 x6 + -0.004 x1 x4^2 +  0.002 x1 x4 x6 + -0.001 x1 x4 x7 +  0.001 x1 x5^2 + -0.001 x1 x6^2 +  0.001 x1 x6 x7 +  0.003 x2^3 + -0.010 x2^2 x3 +  0.007 x2^2 x4 + -0.001 x2^2 x6 +  0.009 x2 x3^2 + -0.009 x2 x3 x4 + -0.006 x2 x3 x5 +  0.005 x2 x3 x6 +  0.002 x2 x4^2 +  0.004 x2 x4 x5 + -0.002 x2 x4 x6 + -0.001 x2 x4 x7 + -0.005 x2 x5 x6 +  0.003 x2 x5 x7 +  0.005 x2 x6^2 + -0.005 x2 x6 x7 +  0.001 x2 x7^2 + -0.001 x3^3 + -0.002 x3^2 x4 +  0.009 x3^2 x5 + -0.004 x3^2 x6 +  0.005 x3 x4^2 + -0.014 x3 x4 x5 +  0.003 x3 x4 x6 +  0.002 x3 x4 x7 +  0.002 x3 x5^2 +  0.008 x3 x5 x6 + -0.006 x3 x5 x7 + -0.008 x3 x6^2 +  0.008 x3 x6 x7 + -0.002 x3 x7^2 + -0.002 x4^3 +  0.004 x4^2 x5 +  0.002 x4^2 x6 + -0.002 x4^2 x7 +  0.002 x4 x5^2 + -0.014 x4 x5 x6 +  0.008 x4 x5 x7 +  0.010 x4 x6^2 + -0.009 x4 x6 x7 +  0.002 x4 x7^2 + -0.002 x5^3 +  0.010 x5^2 x6 + -0.005 x5^2 x7 + -0.011 x5 x6^2 +  0.009 x5 x6 x7 + -0.002 x5 x7^2 +  0.003 x6^3 + -0.004 x6^2 x7 +  0.002 x6 x7^2 | (x4)' = -0.441 1 + -2.233 x0 +  10.799 x1 + -31.990 x2 +  105.468 x3 + -10.389 x4 + -86.623 x5 +  18.241 x6 + -3.335 x7 + -0.016 x0^2 +  0.086 x0 x1 + -0.127 x0 x2 +  0.131 x0 x3 + -0.104 x0 x4 +  0.066 x0 x5 + -0.030 x0 x6 +  0.009 x0 x7 + -0.105 x1^2 +  0.296 x1 x2 + -0.312 x1 x3 +  0.264 x1 x4 + -0.185 x1 x5 +  0.096 x1 x6 + -0.034 x1 x7 + -0.212 x2^2 +  0.464 x2 x3 + -0.421 x2 x4 +  0.321 x2 x5 + -0.184 x2 x6 +  0.072 x2 x7 + -0.258 x3^2 +  0.496 x3 x4 + -0.408 x3 x5 +  0.256 x3 x6 + -0.109 x3 x7 + -0.265 x4^2 +  0.464 x4 x5 + -0.304 x4 x6 +  0.131 x4 x7 + -0.203 x5^2 +  0.268 x5 x6 + -0.116 x5 x7 + -0.091 x6^2 +  0.077 x6 x7 + -0.015 x7^2 + -0.001 x0^2 x1 +  0.001 x0^2 x2 + -0.001 x0^2 x3 +  0.003 x0 x1^2 + -0.005 x0 x1 x2 +  0.002 x0 x1 x3 +  0.002 x0 x1 x4 + -0.002 x0 x1 x5 +  0.001 x0 x2^2 +  0.004 x0 x2 x3 + -0.009 x0 x2 x4 +  0.007 x0 x2 x5 + -0.002 x0 x2 x6 + -0.007 x0 x3^2 +  0.019 x0 x3 x4 + -0.013 x0 x3 x5 +  0.004 x0 x3 x6 + -0.012 x0 x4^2 +  0.017 x0 x4 x5 + -0.006 x0 x4 x6 +  0.001 x0 x4 x7 + -0.007 x0 x5^2 +  0.006 x0 x5 x6 + -0.001 x0 x5 x7 + -0.002 x0 x6^2 +  0.001 x0 x6 x7 + -0.003 x1^3 +  0.010 x1^2 x2 + -0.006 x1^2 x3 +  0.001 x1^2 x4 + -0.001 x1^2 x5 +  0.002 x1^2 x6 + -0.002 x1^2 x7 + -0.011 x1 x2^2 +  0.010 x1 x2 x3 +  0.005 x1 x2 x4 + -0.001 x1 x2 x5 + -0.008 x1 x2 x6 +  0.006 x1 x2 x7 +  0.003 x1 x3^2 + -0.021 x1 x3 x4 +  0.010 x1 x3 x5 +  0.007 x1 x3 x6 + -0.007 x1 x3 x7 +  0.017 x1 x4^2 + -0.022 x1 x4 x5 +  0.001 x1 x4 x6 +  0.004 x1 x4 x7 +  0.009 x1 x5^2 + -0.005 x1 x5 x6 + -0.001 x1 x5 x7 +  0.002 x1 x6^2 + -0.001 x1 x6 x7 +  0.005 x2^3 + -0.010 x2^2 x3 + -0.004 x2^2 x5 +  0.011 x2^2 x6 + -0.006 x2^2 x7 +  0.007 x2 x3^2 +  0.005 x2 x3 x4 +  0.008 x2 x3 x5 + -0.026 x2 x3 x6 +  0.016 x2 x3 x7 + -0.012 x2 x4^2 +  0.011 x2 x4 x5 +  0.013 x2 x4 x6 + -0.011 x2 x4 x7 + -0.007 x2 x5^2 +  0.001 x2 x5 x6 +  0.004 x2 x5 x7 + -0.002 x2 x6^2 +  0.001 x2 x6 x7 + -0.001 x2 x7^2 + -0.004 x3^3 +  0.004 x3^2 x4 + -0.011 x3^2 x5 +  0.019 x3^2 x6 + -0.010 x3^2 x7 +  0.004 x3 x4^2 +  0.004 x3 x4 x5 + -0.023 x3 x4 x6 +  0.015 x3 x4 x7 +  0.002 x3 x5^2 +  0.003 x3 x5 x6 + -0.005 x3 x5 x7 +  0.002 x3 x6^2 + -0.002 x3 x6 x7 +  0.001 x3 x7^2 + -0.003 x4^3 +  0.005 x4^2 x5 +  0.005 x4^2 x6 + -0.005 x4^2 x7 + -0.008 x4 x5^2 +  0.006 x4 x5 x6 +  0.001 x4 x5 x7 + -0.005 x4 x6^2 +  0.004 x4 x6 x7 + -0.001 x4 x7^2 +  0.004 x5^3 + -0.009 x5^2 x6 +  0.002 x5^2 x7 +  0.009 x5 x6^2 + -0.007 x5 x6 x7 +  0.002 x5 x7^2 + -0.003 x6^3 +  0.003 x6^2 x7 + -0.001 x6 x7^2 | (x5)' =  0.434 1 +  2.128 x0 + -9.910 x1 +  25.907 x2 + -54.037 x3 +  131.225 x4 + -35.064 x5 + -67.685 x6 +  7.519 x7 +  0.019 x0^2 + -0.106 x0 x1 +  0.157 x0 x2 + -0.167 x0 x3 +  0.142 x0 x4 + -0.096 x0 x5 +  0.047 x0 x6 + -0.015 x0 x7 +  0.132 x1^2 + -0.385 x1 x2 +  0.431 x1 x3 + -0.399 x1 x4 +  0.298 x1 x5 + -0.161 x1 x6 +  0.058 x1 x7 +  0.293 x2^2 + -0.692 x2 x3 +  0.691 x2 x4 + -0.548 x2 x5 +  0.320 x2 x6 + -0.124 x2 x7 +  0.422 x3^2 + -0.889 x3 x4 +  0.744 x3 x5 + -0.467 x3 x6 +  0.191 x3 x7 +  0.499 x4^2 + -0.865 x4 x5 +  0.561 x4 x6 + -0.232 x4 x7 +  0.372 x5^2 + -0.489 x5 x6 +  0.204 x5 x7 +  0.165 x6^2 + -0.136 x6 x7 +  0.026 x7^2 + -0.001 x0^2 x3 +  0.001 x0^2 x4 + -0.001 x0^2 x5 + -0.001 x0 x1^2 +  0.002 x0 x1 x2 +  0.002 x0 x1 x3 + -0.005 x0 x1 x4 +  0.003 x0 x1 x5 + -0.007 x0 x2 x3 +  0.012 x0 x2 x4 + -0.005 x0 x2 x5 + -0.001 x0 x2 x6 +  0.001 x0 x2 x7 +  0.008 x0 x3^2 + -0.022 x0 x3 x4 +  0.011 x0 x3 x5 + -0.001 x0 x3 x6 + -0.001 x0 x3 x7 +  0.014 x0 x4^2 + -0.016 x0 x4 x5 +  0.004 x0 x4 x6 +  0.005 x0 x5^2 + -0.003 x0 x5 x6 +  0.001 x0 x6^2 +  0.002 x1^3 + -0.008 x1^2 x2 +  0.004 x1^2 x3 +  0.001 x1^2 x4 +  0.002 x1^2 x5 + -0.004 x1^2 x6 +  0.002 x1^2 x7 +  0.011 x1 x2^2 + -0.011 x1 x2 x3 + -0.004 x1 x2 x4 + -0.009 x1 x2 x5 +  0.018 x1 x2 x6 + -0.009 x1 x2 x7 + -0.003 x1 x3^2 +  0.022 x1 x3 x4 + -0.017 x1 x3 x6 +  0.010 x1 x3 x7 + -0.019 x1 x4^2 +  0.015 x1 x4 x5 +  0.008 x1 x4 x6 + -0.007 x1 x4 x7 + -0.003 x1 x5^2 + -0.004 x1 x5 x6 +  0.004 x1 x5 x7 +  0.002 x1 x6^2 + -0.002 x1 x6 x7 + -0.007 x2^3 +  0.014 x2^2 x3 + -0.003 x2^2 x4 +  0.014 x2^2 x5 + -0.020 x2^2 x6 +  0.009 x2^2 x7 + -0.008 x2 x3^2 + -0.006 x2 x3 x4 + -0.024 x2 x3 x5 +  0.042 x2 x3 x6 + -0.020 x2 x3 x7 +  0.015 x2 x4^2 + -0.001 x2 x4 x5 + -0.023 x2 x4 x6 +  0.013 x2 x4 x7 + -0.002 x2 x5^2 +  0.012 x2 x5 x6 + -0.008 x2 x5 x7 + -0.003 x2 x6^2 +  0.003 x2 x6 x7 +  0.002 x3^3 +  0.004 x3^2 x4 +  0.014 x3^2 x5 + -0.023 x3^2 x6 +  0.011 x3^2 x7 + -0.015 x3 x4^2 + -0.001 x3 x4 x5 +  0.022 x3 x4 x6 + -0.013 x3 x4 x7 +  0.001 x3 x5^2 + -0.007 x3 x5 x6 +  0.005 x3 x5 x7 +  0.008 x4^3 + -0.010 x4^2 x5 +  0.002 x4^2 x7 +  0.009 x4 x5^2 + -0.012 x4 x5 x6 +  0.002 x4 x5 x7 +  0.007 x4 x6^2 + -0.005 x4 x6 x7 +  0.001 x4 x7^2 + -0.004 x5^3 +  0.011 x5^2 x6 + -0.003 x5^2 x7 + -0.011 x5 x6^2 +  0.008 x5 x6 x7 + -0.002 x5 x7^2 +  0.003 x6^3 + -0.003 x6^2 x7 +  0.001 x6 x7^2 | (x6)' = -1.316 1 + -3.079 x0 +  14.452 x1 + -35.960 x2 +  66.376 x3 + -103.962 x4 +  181.324 x5 + -75.040 x6 + -44.305 x7 + -0.033 x0^2 +  0.187 x0 x1 + -0.283 x0 x2 +  0.311 x0 x3 + -0.276 x0 x4 +  0.192 x0 x5 + -0.097 x0 x6 +  0.032 x0 x7 + -0.246 x1^2 +  0.748 x1 x2 + -0.876 x1 x3 +  0.854 x1 x4 + -0.648 x1 x5 +  0.363 x1 x6 + -0.132 x1 x7 + -0.597 x2^2 +  1.476 x2 x3 + -1.532 x2 x4 +  1.221 x2 x5 + -0.730 x2 x6 +  0.283 x2 x7 + -0.939 x3^2 +  2.039 x3 x4 + -1.695 x3 x5 +  1.075 x3 x6 + -0.435 x3 x7 + -1.158 x4^2 +  1.969 x4 x5 + -1.280 x4 x6 +  0.521 x4 x7 + -0.833 x5^2 +  1.101 x5 x6 + -0.454 x5 x7 + -0.373 x6^2 +  0.300 x6 x7 + -0.054 x7^2 +  0.001 x0^2 x1 + -0.001 x0^2 x2 +  0.003 x0^2 x3 + -0.005 x0^2 x4 +  0.004 x0^2 x5 + -0.002 x0^2 x6 +  0.001 x0^2 x7 +  0.001 x0 x1^2 + -0.009 x0 x1 x3 +  0.017 x0 x1 x4 + -0.015 x0 x1 x5 +  0.007 x0 x1 x6 + -0.002 x0 x1 x7 + -0.003 x0 x2^2 +  0.023 x0 x2 x3 + -0.035 x0 x2 x4 +  0.026 x0 x2 x5 + -0.012 x0 x2 x6 +  0.002 x0 x2 x7 + -0.022 x0 x3^2 +  0.056 x0 x3 x4 + -0.041 x0 x3 x5 +  0.018 x0 x3 x6 + -0.004 x0 x3 x7 + -0.033 x0 x4^2 +  0.049 x0 x4 x5 + -0.023 x0 x4 x6 +  0.005 x0 x4 x7 + -0.020 x0 x5^2 +  0.020 x0 x5 x6 + -0.005 x0 x5 x7 + -0.006 x0 x6^2 +  0.003 x0 x6 x7 + -0.001 x0 x7^2 + -0.004 x1^3 +  0.014 x1^2 x2 + -0.006 x1^2 x3 + -0.007 x1^2 x4 +  0.006 x1^2 x5 + -0.002 x1^2 x7 + -0.019 x1 x2^2 +  0.013 x1 x2 x3 +  0.022 x1 x2 x4 + -0.014 x1 x2 x5 + -0.006 x1 x2 x6 +  0.010 x1 x2 x7 +  0.008 x1 x3^2 + -0.053 x1 x3 x4 +  0.033 x1 x3 x5 + -0.010 x1 x3 x7 +  0.043 x1 x4^2 + -0.060 x1 x4 x5 +  0.017 x1 x4 x6 +  0.004 x1 x4 x7 +  0.026 x1 x5^2 + -0.022 x1 x5 x6 +  0.007 x1 x6^2 + -0.003 x1 x6 x7 +  0.001 x1 x7^2 +  0.011 x2^3 + -0.023 x2^2 x3 + -0.001 x2^2 x4 + -0.006 x2^2 x5 +  0.017 x2^2 x6 + -0.012 x2^2 x7 +  0.018 x2 x3^2 +  0.011 x2 x3 x4 +  0.011 x2 x3 x5 + -0.038 x2 x3 x6 +  0.029 x2 x3 x7 + -0.026 x2 x4^2 +  0.028 x2 x4 x5 +  0.008 x2 x4 x6 + -0.019 x2 x4 x7 + -0.016 x2 x5^2 +  0.013 x2 x5 x6 +  0.006 x2 x5 x7 + -0.008 x2 x6^2 +  0.003 x2 x6 x7 + -0.001 x2 x7^2 + -0.010 x3^3 +  0.012 x3^2 x4 + -0.022 x3^2 x5 +  0.028 x3^2 x6 + -0.019 x3^2 x7 +  0.001 x3 x4^2 +  0.015 x3 x4 x5 + -0.027 x3 x4 x6 +  0.025 x3 x4 x7 + -0.004 x3 x5 x6 + -0.008 x3 x5 x7 +  0.011 x3 x6^2 + -0.007 x3 x6 x7 +  0.002 x3 x7^2 + -0.001 x4^3 + -0.003 x4^2 x5 +  0.004 x4^2 x6 + -0.007 x4^2 x7 + -0.003 x4 x5^2 +  0.017 x4 x5 x6 +  0.001 x4 x5 x7 + -0.016 x4 x6^2 +  0.012 x4 x6 x7 + -0.004 x4 x7^2 +  0.003 x5^3 + -0.015 x5^2 x6 +  0.003 x5^2 x7 +  0.019 x5 x6^2 + -0.014 x5 x6 x7 +  0.003 x5 x7^2 + -0.006 x6^3 +  0.006 x6^2 x7 + -0.003 x6 x7^2 | (x7)' =  9.739 1 +  11.096 x0 + -55.183 x1 +  134.961 x2 + -236.423 x3 +  327.093 x4 + -376.486 x5 +  405.870 x6 + -209.663 x7 +  0.162 x0^2 + -0.933 x0 x1 +  1.436 x0 x2 + -1.606 x0 x3 +  1.460 x0 x4 + -1.025 x0 x5 +  0.534 x0 x6 + -0.178 x0 x7 +  1.275 x1^2 + -3.994 x1 x2 +  4.784 x1 x3 + -4.760 x1 x4 +  3.647 x1 x5 + -2.106 x1 x6 +  0.768 x1 x7 +  3.261 x2^2 + -8.206 x2 x3 +  8.663 x2 x4 + -6.975 x2 x5 +  4.298 x2 x6 + -1.650 x2 x7 +  5.316 x3^2 + -11.724 x3 x4 +  9.829 x3 x5 + -6.391 x3 x6 +  2.543 x3 x7 +  6.700 x4^2 + -11.434 x4 x5 +  7.577 x4 x6 + -3.020 x4 x7 +  4.856 x5^2 + -6.523 x5 x6 +  2.621 x5 x7 +  2.209 x6^2 + -1.703 x6 x7 +  0.288 x7^2 +  0.001 x0^3 + -0.005 x0^2 x1 +  0.009 x0^2 x2 + -0.018 x0^2 x3 +  0.024 x0^2 x4 + -0.019 x0^2 x5 +  0.010 x0^2 x6 + -0.003 x0^2 x7 + -0.002 x0 x1^2 + -0.006 x0 x1 x2 +  0.050 x0 x1 x3 + -0.084 x0 x1 x4 +  0.059 x0 x1 x5 + -0.022 x0 x1 x6 +  0.002 x0 x1 x7 +  0.021 x0 x2^2 + -0.124 x0 x2 x3 +  0.178 x0 x2 x4 + -0.118 x0 x2 x5 +  0.040 x0 x2 x6 + -0.004 x0 x2 x7 +  0.119 x0 x3^2 + -0.301 x0 x3 x4 +  0.204 x0 x3 x5 + -0.079 x0 x3 x6 +  0.013 x0 x3 x7 +  0.180 x0 x4^2 + -0.257 x0 x4 x5 +  0.111 x0 x4 x6 + -0.022 x0 x4 x7 +  0.099 x0 x5^2 + -0.095 x0 x5 x6 +  0.021 x0 x5 x7 +  0.026 x0 x6^2 + -0.015 x0 x6 x7 +  0.003 x0 x7^2 +  0.019 x1^3 + -0.080 x1^2 x2 +  0.042 x1^2 x3 +  0.010 x1^2 x4 +  0.008 x1^2 x5 + -0.032 x1^2 x6 +  0.024 x1^2 x7 +  0.116 x1 x2^2 + -0.114 x1 x2 x3 + -0.046 x1 x2 x4 + -0.040 x1 x2 x5 +  0.130 x1 x2 x6 + -0.093 x1 x2 x7 + -0.025 x1 x3^2 +  0.234 x1 x3 x4 + -0.086 x1 x3 x5 + -0.085 x1 x3 x6 +  0.091 x1 x3 x7 + -0.209 x1 x4^2 +  0.257 x1 x4 x5 + -0.030 x1 x4 x6 + -0.053 x1 x4 x7 + -0.101 x1 x5^2 +  0.062 x1 x5 x6 +  0.023 x1 x5 x7 + -0.020 x1 x6^2 + -0.001 x1 x7^2 + -0.070 x2^3 +  0.158 x2^2 x3 + -0.040 x2^2 x4 +  0.109 x2^2 x5 + -0.160 x2^2 x6 +  0.098 x2^2 x7 + -0.111 x2 x3^2 + -0.034 x2 x3 x4 + -0.160 x2 x3 x5 +  0.315 x2 x3 x6 + -0.213 x2 x3 x7 +  0.144 x2 x4^2 + -0.098 x2 x4 x5 + -0.116 x2 x4 x6 +  0.139 x2 x4 x7 +  0.041 x2 x5^2 +  0.011 x2 x5 x6 + -0.068 x2 x5 x7 +  0.014 x2 x6^2 +  0.005 x2 x6 x7 +  0.004 x2 x7^2 +  0.039 x3^3 +  0.114 x3^2 x5 + -0.182 x3^2 x6 +  0.121 x3^2 x7 + -0.101 x3 x4^2 + -0.006 x3 x4 x5 +  0.155 x3 x4 x6 + -0.154 x3 x4 x7 +  0.005 x3 x5^2 + -0.024 x3 x5 x6 +  0.066 x3 x5 x7 + -0.031 x3 x6^2 +  0.016 x3 x6 x7 + -0.010 x3 x7^2 +  0.053 x4^3 + -0.055 x4^2 x5 + -0.004 x4^2 x6 +  0.040 x4^2 x7 +  0.029 x4 x5^2 + -0.063 x4 x5 x6 + -0.018 x4 x5 x7 +  0.066 x4 x6^2 + -0.048 x4 x6 x7 +  0.017 x4 x7^2 + -0.005 x5^3 +  0.040 x5^2 x6 + -0.004 x5^2 x7 + -0.062 x5 x6^2 +  0.045 x5 x6 x7 + -0.014 x5 x7^2 +  0.020 x6^3 + -0.021 x6^2 x7 +  0.009 x6 x7^2 + -0.001 x7^3
32,35.0,100.0,36.85636440989091,3,8,2,8.0,56.0,5,20.0,smoothed_finite_difference_savgol_order_3,success,,1310,1320,99.24242424242425,17.259467720985413,"[""1"", ""x0"", ""x1"", ""x2"", ""x3"", ""x4"", ""x5"", ""x6"", ""x7"", ""x0^2"", ""x0 x1"", ""x0 x2"", ""x0 x3"", ""x0 x4"", ""x0 x5"", ""x0 x6"", ""x0 x7"", ""x1^2"", ""x1 x2"", ""x1 x3"", ""x1 x4"", ""x1 x5"", ""x1 x6"", ""x1 x7"", ""x2^2"", ""x2 x3"", ""x2 x4"", ""x2 x5"", ""x2 x6"", ""x2 x7"", ""x3^2"", ""x3 x4"", ""x3 x5"", ""x3 x6"", ""x3 x7"", ""x4^2"", ""x4 x5"", ""x4 x6"", ""x4 x7"", ""x5^2"", ""x5 x6"", ""x5 x7"", ""x6^2"", ""x6 x7"", ""x7^2"", ""x0^3"", ""x0^2 x1"", ""x0^2 x2"", ""x0^2 x3"", ""x0^2 x4"", ""x0^2 x5"", ""x0^2 x6"", ""x0^2 x7"", ""x0 x1^2"", ""x0 x1 x2"", ""x0 x1 x3"", ""x0 x1 x4"", ""x0 x1 x5"", ""x0 x1 x6"", ""x0 x1 x7"", ""x0 x2^2"", ""x0 x2 x3"", ""x0 x2 x4"", ""x0 x2 x5"", ""x0 x2 x6"", ""x0 x2 x7"", ""x0 x3^2"", ""x0 x3 x4"", ""x0 x3 x5"", ""x0 x3 x6"", ""x0 x3 x7"", ""x0 x4^2"", ""x0 x4 x5"", ""x0 x4 x6"", ""x0 x4 x7"", ""x0 x5^2"", ""x0 x5 x6"", ""x0 x5 x7"", ""x0 x6^2"", ""x0 x6 x7"", ""x0 x7^2"", ""x1^3"", ""x1^2 x2"", ""x1^2 x3"", ""x1^2 x4"", ""x1^2 x5"", ""x1^2 x6"", ""x1^2 x7"", ""x1 x2^2"", ""x1 x2 x3"", ""x1 x2 x4"", ""x1 x2 x5"", ""x1 x2 x6"", ""x1 x2 x7"", ""x1 x3^2"", ""x1 x3 x4"", ""x1 x3 x5"", ""x1 x3 x6"", ""x1 x3 x7"", ""x1 x4^2"", ""x1 x4 x5"", ""x1 x4 x6"", ""x1 x4 x7"", ""x1 x5^2"", ""x1 x5 x6"", ""x1 x5 x7"", ""x1 x6^2"", ""x1 x6 x7"", ""x1 x7^2"", ""x2^3"", ""x2^2 x3"", ""x2^2 x4"", ""x2^2 x5"", ""x2^2 x6"", ""x2^2 x7"", ""x2 x3^2"", ""x2 x3 x4"", ""x2 x3 x5"", ""x2 x3 x6"", ""x2 x3 x7"", ""x2 x4^2"", ""x2 x4 x5"", ""x2 x4 x6"", ""x2 x4 x7"", ""x2 x5^2"", ""x2 x5 x6"", ""x2 x5 x7"", ""x2 x6^2"", ""x2 x6 x7"", ""x2 x7^2"", ""x3^3"", ""x3^2 x4"", ""x3^2 x5"", ""x3^2 x6"", ""x3^2 x7"", ""x3 x4^2"", ""x3 x4 x5"", ""x3 x4 x6"", ""x3 x4 x7"", ""x3 x5^2"", ""x3 x5 x6"", ""x3 x5 x7"", ""x3 x6^2"", ""x3 x6 x7"", ""x3 x7^2"", ""x4^3"", ""x4^2 x5"", ""x4^2 x6"", ""x4^2 x7"", ""x4 x5^2"", ""x4 x5 x6"", ""x4 x5 x7"", ""x4 x6^2"", ""x4 x6 x7"", ""x4 x7^2"", ""x5^3"", ""x5^2 x6"", ""x5^2 x7"", ""x5 x6^2"", ""x5 x6 x7"", ""x5 x7^2"", ""x6^3"", ""x6^2 x7"", ""x6 x7^2"", ""x7^3""]","[[-13.694518054552217, 213.3418089934631, -419.30210463387226, 400.19477267426805, -354.7553790136988, 260.35783872751733, -150.3784779819968, 61.99088628634788, -12.697968039252176, -0.3345378643442607, 2.2114007066438024, -3.696399635951237, 4.259266042398135, -3.619762565190783, 2.3557166329873125, -1.0696465935087787, 0.26326074880784833, -3.1685694464811545, 9.818466006288896, -11.058744324242102, 9.31761032810794, -6.088247827453933, 2.7655678981417764, -0.71266710748023, -7.2631221453373165, 16.153074497417723, -13.622541240011012, 9.014808862056585, -4.1827449543373305, 1.1552217626128394, -8.879838554657903, 14.96152720415794, -10.04785890922775, 4.845272870071032, -1.4629053569996946, -6.389097517933683, 8.826051979296777, -4.478444976138994, 1.472843810238505, -3.126966213089168, 3.3166048806707993, -1.1673528759042335, -0.942484025916345, 0.7027259656187649, -0.12753342893753092, 0.001153090744206362, -0.011918089177618755, 0.02008816927688562, -0.02186841876853797, 0.016164799872674825, -0.008812002602293492, 0.003401603428613305, -0.0029858851517289607, 0.03746784361175911, -0.10176290114625948, 0.09043800860804717, -0.04865647493446177, 0.019698164140920033, -0.006891632445930233, 0.012710758413688012, 0.040857350388007294, -0.006337159678128975, -0.06817666356879488, 0.06500472846449346, -0.027689041009636445, -0.01263584051667901, -0.07273244529072691, 0.24963831139593376, -0.19656782900508307, 0.08275181305102822, 0.007172811906181014, -0.17993655591820926, 0.27941132639191735, -0.11898086651738894, -0.0009922887809131677, -0.11270661410072466, 0.10104433025005485, -0.001074715883471354, -0.023831129870610503, -0.001557130317228863, 0.002918968484119885, -0.042394170317391865, 0.17178054022139358, -0.1592912349153124, 0.09627146486305974, -0.05587156027032333, 0.0317936982829981, -0.02443655840903347, -0.19397781914155468, 0.27483421415325904, -0.07820010872427083, 0.050048587282449035, -0.07019278696676672, 0.0793242407917746, -0.021943873984085264, -0.21146327948941762, 0.14682817447267743, 0.00687053488613231, -0.08811342990787321, 0.2403031056770226, -0.356141045241862, 0.09027030746862955, 0.0687941912354441, 0.14785027791006194, -0.09612716149899879, -0.04614373574990521, 0.016520992947110402, 0.0289054204170463, -0.010173100373478893, 0.07033890489228758, -0.14069377311553996, 0.019586697161569907, -0.049515653100923665, 0.08842270409411226, -0.07992664480694198, 0.05994693646228906, 0.1363267219858564, 0.025897060273704958, -0.20007062567898562, 0.20605706937018053, -0.20086078123337772, 0.20361428728395045, 0.07634698660786492, -0.17563617157933495, -0.07837733391997283, -0.014321162159738292, 0.11808015306651698, 0.011216392973979637, -0.06103408230186707, 0.016266877305731592, -0.01806665187691707, -0.03302209759391332, -0.09057480423477589, 0.1745917162998881, -0.14537322516480441, 0.09967918074614208, 0.05033275731064036, -0.2576348508912434, 0.2605451585479119, -0.04168144146795463, 0.1504846788433817, -0.17441775979407778, -0.03848146397361287, 0.07949668652912195, -0.01828718528188168, -0.03972029529779719, -0.006854232451489393, 0.10441545432300905, -0.11771128392671842, 0.03369294666319373, -0.11961069523548423, 0.1535794316452645, 0.022644043751450186, -0.061534236997292574, 0.013834954727643616, -0.007794583673811295, 0.021940172436312265, -0.04621060902471449, 0.005073773183034525, 0.02838971073789962, -0.006951500676976967, -0.00706225771986428, 0.0, 0.0013316784124626716, -0.00035719887566218104], [2.1335104877962094, 43.62415122079019, 77.42912846365324, -185.41459675344962, 108.61800036762784, -70.29968232801302, 38.422172805907884, -15.504507486813504, 3.314183909400501, 0.05699788747014394, -0.3386316385873358, 0.5077601336192104, -0.5221458896537737, 0.38426678583470303, -0.2081763423554309, 0.07004101875418194, -0.010924480934493129, 0.4290919005078513, -1.1458765453522297, 1.0952568759239825, -0.735693256885683, 0.35237262153106363, -0.08360283842523948, 0.006018433757536217, 0.6866354784018188, -1.1967641656313386, 0.6942583574639952, -0.2539741582710814, 0.0, 0.012127724610580684, 0.44756676637485154, -0.36816889671835246, 0.02477631563003307, 0.09416342080496058, -0.014873085631897086, -0.0037040530124517615, 0.15271085557061528, -0.12134812266158825, -0.0024782665955611475, -0.08536106119431727, 0.0830925628511213, 0.020958604531238816, -0.005047495893083431, -0.03151681184808161, 0.010175905157207453, -0.0003302233822197514, 0.0028325336418435296, -0.004228824745065444, 0.004446929502785062, -0.003746388554477813, 0.00253870130102727, -0.001063859477246926, 0.00045807990797378987, -0.007622492577969474, 0.0185899613081303, -0.01584594192348637, 0.01119056783347453, -0.007651302042315789, 0.003034000745620499, -0.0015595268813419587, -0.006203705738630855, -0.000930158463375738, 0.008066144042471062, -0.004496648479498564, 0.002256487372444078, 0.0006840141775521298, 0.012783476116007041, -0.035337971098910625, 0.02299593868993356, -0.010201986056879053, 0.0006674520402035458, 0.023378378421764268, -0.03264363419952437, 0.014923516373251403, -0.001633153344498954, 0.012717672023261021, -0.013188209150385643, 0.0018871729478324507, 0.00406590875245905, -0.0015377199414554651, 9.647846160632863e-05, 0.0074825019329571975, -0.027051389692303016, 0.023548836629361223, -0.017182268797718805, 0.013032103880608001, -0.006109008776615029, 0.002481764805423778, 0.02553413134335059, -0.0299069594019206, 0.013851128205447998, -0.018292707447054846, 0.011357444445235027, -0.00600032425741796, -0.0036749055912248386, 0.027726014048308212, -0.007773334888886613, -0.001421693023773492, 0.0048964247249030516, -0.026885952331878342, 0.03274764417354914, -0.012480456528306604, -0.0014061498021917757, -0.014430881211816725, 0.016836175638825304, -0.0016626619230495794, -0.007103592750902918, 0.003420056505864963, -0.000535043601120478, -0.0067075109074506535, 0.008274474507203335, -0.002878538832458558, 0.014349968053695601, -0.011279896513730672, 0.005349538440657853, 0.0030276340017236945, -0.013729211722811137, -0.023199990052045583, 0.022992132279014987, -0.012015801773910666, 0.01606671640693301, -0.004906546655186814, -0.002214584018352113, 0.005349104514790231, 0.0056063000475551576, -0.014315954150827518, 0.0024225701670154668, 0.010830071895696656, -0.007796887579866727, 0.0017738946754604797, 0.0, -0.004312604667803336, 0.026409157956421795, -0.019634967924102527, 0.00811632708161193, 0.005199191541358233, -0.03628794472166736, 0.01983334102570228, -0.008184235472618257, 0.009744649456096679, 0.006649216008010706, -0.0033512364364768113, -0.013243628523455146, 0.01212122748465105, -0.0030528495439009194, -0.0024031101603450094, 0.013020758984269552, -0.001736144366796882, 7.82018937730141e-05, -0.0028077098334991246, -0.021452813109089607, 0.01044339084826874, 0.01912720651517801, -0.01721205246506086, 0.004094067962553278, -0.0035176318728009303, 0.020086607501524148, -0.008663375527523887, -0.022987635619507327, 0.0190525578623846, -0.00411707557903834, 0.006874728273476961, -0.007991695814092821, 0.003062787180157964, -0.000355428370978989], [-0.5998514762491749, -7.240270755143769, 66.73377569274295, 36.65293551497581, -132.9431950390186, 55.37186994734266, -26.65664253857166, 10.177771928930431, -2.1697549023109186, -0.03211985595521953, 0.19091451739609688, -0.29977946869925165, 0.3318808384726222, -0.27507736342748457, 0.17600494234775468, -0.077146463877919, 0.018687948067897413, -0.25450195530593844, 0.7575475214358823, -0.8314384915987676, 0.693568893094392, -0.4525581248005919, 0.20261319022781618, -0.05354323500196384, -0.5555507694251427, 1.232201118557668, -1.0508883980510162, 0.7065301655998093, -0.3316733038083793, 0.09764146447428845, -0.6865596078144328, 1.1919905752511701, -0.8289256587170158, 0.4161411605131628, -0.13702037319459126, -0.5389312532352306, 0.788900366263321, -0.4266473275776954, 0.1528964782177707, -0.29913680943088605, 0.34082331467490323, -0.12939736306191765, -0.10422659206767443, 0.08212078003944417, -0.015305812386138425, -0.00015302399940635204, 0.0004475502255590196, -0.0001360064989630941, 6.443194129159695e-05, -0.00026826543445315537, 0.00011507191800004361, -0.00013149571813782422, -4.729234541725671e-06, 0.0007173258592067079, -0.0030415604030888605, 0.002256968495796751, -0.00011315347252125248, 0.0006781010673317277, -0.00020905235059477458, 0.00018830476426337546, 0.0009669897428952782, 0.0023808745750493834, -0.005810530956684487, 0.002005754945573268, -0.00023964262649718245, -0.00021869263481894346, -0.004895090677634634, 0.013457415540033343, -0.006027053294231861, 0.0012126006129232329, 0.00026254754398139147, -0.008292242702061735, 0.008263203154399604, -0.0020249784192907824, -0.00024591061779133714, -0.001891200254032993, 0.0005113681202683635, 0.0006462578226843059, 0.00015933522018880868, -0.0006210344487893865, 0.00020504839441193475, -0.002497065704925456, 0.01099145560662305, -0.009629265020324249, 0.005316693377887931, -0.004811052244739699, 0.002432897387378156, -0.0006361125594232804, -0.012646693117073511, 0.01566823382826652, -0.002809768618951007, 0.008401574812960408, -0.006236593314976246, 0.0014887178258460576, -0.00015863984946651495, -0.012696802871723818, -0.0011712228738406732, 0.004418782126387276, -0.001248668721666307, 0.011649377870584447, -0.006837707917294932, -0.0004779382282452148, 0.0005829925141504375, -0.00010178181455044628, 0.002015761523528636, -0.001392883874273302, -0.000596807326344368, 0.0009894399241540076, -0.00029156484311659516, 0.004063543861177323, -0.004701447950300745, -0.003081460956333261, -0.0053924913422147246, 0.004830006013104175, -0.0006439174757427275, -0.0029569570200957446, 0.01777117591669132, 0.008529405979797983, -0.008420290126274519, 8.234380772200394e-05, -0.013097605995549374, 0.001080438721252803, 0.0006010141770629847, 0.002144450567630615, 0.002754902542461494, 0.0002033085618995585, -0.0013637120739792325, -0.0021804617794491995, 0.001861704047611556, -0.0003401716761556941, 0.0018243910172701554, -0.006483499373665681, -0.00957021795500929, 0.004994103489331187, 0.0009461374227490934, 0.004704526713043457, 0.015907039247723184, -0.0019944125751791665, -0.005135960449735254, -0.008643820206507828, -0.002751544006279974, 0.005223967624091328, 0.006156140567085769, -0.006201915850163261, 0.0013350390943335166, 0.0003518997280832983, -0.009648438311411782, -0.001787055821870764, 0.004211955157084153, 0.008199185936363523, 0.009251045828890416, -0.008878381044856654, -0.009747801142293662, 0.009533871513529635, -0.0020643828816253834, -0.001045418903291773, -0.007767996618399602, 0.004877936233291054, 0.010918443744450263, -0.00954772400076276, 0.001943021305461385, -0.003378949763633102, 0.0037968355297767556, -0.0013302587831910447, 0.00013266566167008812], [0.3295539055899741, 3.149605455924905, -17.627106064428595, 85.63948611393545, 11.41773747163969, -106.24256517214873, 32.404516404213645, -10.929181403940161, 2.2415539441803167, 0.019606886527732344, -0.11495033987990402, 0.1779272258986161, -0.192832604703471, 0.15766095791975315, -0.1013881573324371, 0.04608030402241864, -0.012746556093578009, 0.15133062176049672, -0.4481492362370044, 0.4866852529798239, -0.4080137896906786, 0.2751484397581698, -0.13352900971739057, 0.042540695783176784, 0.33253692224493225, -0.7386277895082151, 0.6437353331347965, -0.45636553473111907, 0.23727447819654954, -0.08373851809260277, 0.41374744584639134, -0.7420571844999294, 0.5500087587338007, -0.30574143848261265, 0.11724694968492279, 0.35245847093033394, -0.5520034686478758, 0.32511657141368905, -0.1301464104406175, 0.22176184714082478, -0.26997464481631256, 0.11081485979582852, 0.08611443447835718, -0.07071087130092114, 0.013189032781848506, -0.00011025713454389187, 0.0010092044800168014, -0.0014283715178727476, 0.0015624786431784228, -0.0012904123181083518, 0.0006465083544834685, -0.00011551760105485782, 4.4399023098673046e-05, -0.0029234587277236906, 0.007110341047470509, -0.006968858403614951, 0.0053690330894955165, -0.002653744490124781, 0.0006241079422479577, -0.0004059858938680421, -0.0027626448394241247, 0.0034132859848823947, -0.001765107312355585, 0.00024307867656269075, 0.0004234397921583988, 0.00042899977915858894, -0.0004371674327409182, 0.0001282889512240638, 0.0002179815538984711, -0.00015398295478017543, -0.0008627442173239436, 0.0, -0.00018998023404663634, -0.00012192210741626222, 0.0010907231848125817, 0.0005930317148344808, -0.0010585013752075442, -0.0004014056485060568, 0.0006961098439344684, -0.00018969312998476856, 2.9870465649009162e-05, 0.002927586702106731, -0.010108424939242642, 0.009403483012097395, -0.0069532248112171265, 0.0038860407120109683, -0.0017596189017659723, 0.0011519955512469112, 0.008099310717407882, -0.010362117176258182, 0.0051557023093396475, -0.0025921801230817474, 0.0024484707712683442, -0.003464559135539417, 0.0022024142103519912, -0.0016375366177275477, 0.0020645199476925385, -0.0038654297582337124, 0.005091965489824351, 4.181517578736909e-05, -0.00042946127067045915, 0.003156340118492747, -0.005097013310070621, -0.0014333784235501484, 0.001638242290754638, 0.0021870258395724875, -0.0016381984353216062, 0.00026094600397894496, -9.995171776846176e-05, -5.622069351208718e-05, -0.005097916108485375, 0.006538459073243493, -0.003921166339816039, 5.544109924773805e-05, 0.002686653530341661, 0.00825178513611299, -0.013718328816349627, 0.005414714146579558, 0.0028744181074497437, -0.00801462804380927, 0.005251823771883868, -0.005865273876431213, -0.0012171294186763167, 0.007357246201885866, 0.005376173981876499, -0.00788339849552781, -0.0016353794876809615, 0.0052637623592047605, -0.002658445980597139, 0.0006971425929157564, -0.00173805801737648, -0.0006629173349970847, 0.004333355592757697, -0.00535892965362868, 0.005965317098091269, 0.006428665304613926, -0.01225847647113847, 0.009108091118889971, -0.010577634858782112, -0.00011173440185052184, 0.006366124447308022, 0.001912277272207056, -0.007136153629787325, 0.004627156883805659, -0.0012602478476533357, -0.004115070425943805, 0.008284474469538708, -0.003686013242281407, 0.004436645314865971, -0.00035608368488597203, -0.008616873034424552, -0.0003573971796174136, 0.00845391030635897, -0.00589052766506155, 0.0015214930908022057, -0.0023432535817392887, 0.009617971509366977, -0.002419216657077041, -0.010824583617033284, 0.007651474997635165, -0.0016981106809295713, 0.003327930675131421, -0.0036665625360367553, 0.001462334378160251, -0.00018879293018346822], [-0.5316131447940489, -2.1813364016533576, 10.682202995264932, -31.92976517314369, 105.61625690674857, -10.772659619090758, -86.15926364244963, 17.908946670182328, -3.2216480617664414, -0.009765524306248287, 0.05048591805958722, -0.06315550487719025, 0.047029482642589895, -0.018195940875818748, 0.0, 0.004854126635202967, -0.0011386061738564714, -0.05009956399294816, 0.0955566067251206, -0.044852561095270534, -0.00883945480477728, 0.023940786607129675, -0.014289883425190891, -0.0022055209870325584, -0.027488128535313038, -0.02253458245817335, 0.06796404215229795, -0.048871230832598395, 0.008941302845137264, 0.01674995725126671, 0.05717033270751564, -0.12463129429038562, 0.05446899160572167, 0.017554383102029954, -0.04006824147935283, 0.036956570173490286, 0.020167336662936443, -0.07759523410984617, 0.0649337317406484, -0.04238784601938925, 0.10550040913654452, -0.06794377432756725, -0.04930055927947681, 0.05160437587602461, -0.010539820734420212, 0.00026815397712616837, -0.0020693176691127784, 0.0027356131972074795, -0.002653519420798325, 0.0021240423311565245, -0.0014138766575854578, 0.0006059861510070129, -0.00011193381831346347, 0.005112569541833018, -0.0119927204792978, 0.010210196946108918, -0.007417183341139841, 0.00524527962107156, -0.002624774155949792, 0.0005539115226052279, 0.004971917015851724, -0.004101822873655475, 0.0003012942113552016, -0.0007612157716361963, 0.0008804900021247591, 0.0, -0.002496079216140188, 0.008867386312331626, -0.005112889514903222, 0.0015086987368668338, -0.000659688071695694, -0.006153450615895228, 0.007862485058136547, -0.0030129920734765204, 0.0010501454045375668, -0.003133658128413703, 0.00347388338847235, -0.0013444385812408882, -0.0014084745543205077, 0.0012480349441376405, -0.0002951711780755721, -0.004279309418015702, 0.014290266454950113, -0.011556767770796198, 0.008283766311505562, -0.006909556178025178, 0.004464791867330337, -0.0013186983745428838, -0.012243948236895785, 0.012258830836828532, -0.004867730679503221, 0.008991489804432814, -0.009331478865406292, 0.003115180610252988, 0.002104417443186227, -0.010696378232918243, -0.0003788179676736751, 0.006887269187124671, -0.0025502723723056665, 0.008635155098822516, -0.006684598979351315, -0.0019292079913530184, 0.000905687763660636, 0.002973212582270176, -0.002962898157481639, 0.0014830044243215378, 0.0024395490938225626, -0.0027882211987194914, 0.0008245420705876826, 0.002084009291533461, 0.001734668801830725, -0.004049661816295042, -0.003529562220412467, 0.006667297414550224, -0.0024120812576418566, -0.008411155646117024, 0.01712070507572673, 0.004987345584487109, -0.014541879763716651, 0.004876284102106867, -0.009655617091173237, 0.0025984073907476105, 0.006635774076438063, -0.0016166874468613824, -0.0024054615065770375, 0.004769066516516342, -0.003614453630278109, -0.00538588209565587, 0.006531691893817499, -0.0019131521172708315, 0.002746495704415202, -0.00407053739124053, -0.008552298111429522, 0.01102357703226504, -0.002905408277067207, 0.0007719828092951468, 0.013994272303999591, -0.014280024584239418, 0.0018523269990478053, -0.0032015105324427057, -0.0026713930916172877, 0.005295548847754892, 0.007174370961840367, -0.009610020265192766, 0.0028287516423867115, 0.0009294975836247817, -0.006529384985240666, 0.003983656479367961, 0.0008494696768985114, 0.0015769371898789984, 0.007876487659025228, -0.007886485066228388, -0.009309967737619568, 0.01136108859053401, -0.0031662151089555707, 0.0016671239030246027, -0.009431688598655556, 0.005629179243962917, 0.011733347732181577, -0.011949084882295003, 0.0029684907703819052, -0.0037204801151477142, 0.005053287560533012, -0.002211479492125058, 0.0002982593531703118], [0.3806948843497406, 2.1443187813260876, -10.049666346528356, 26.404079572779445, -55.029518023534955, 132.5586626686024, -36.32138341112243, -66.89640962735861, 7.267028298054781, 0.020878873848778262, -0.11713995611867674, 0.1779605154794666, -0.19446156224482786, 0.1673079155573993, -0.11336153476910944, 0.05473177046099591, -0.01663567071717284, 0.15049783335083725, -0.45042616390518103, 0.5116688129572226, -0.4729511678537577, 0.3472746864506592, -0.18413177090088728, 0.06308114221677397, 0.34877490475957035, -0.8332759829387646, 0.8221971906464474, -0.639596141898017, 0.36444568914578124, -0.1341912417868645, 0.5139972379361212, -1.0659433746711706, 0.8711335809275448, -0.5307672791418455, 0.20617464308219363, 0.5838365959464842, -0.9870395369702829, 0.623460993819668, -0.24581756213487158, 0.41786958443487926, -0.5364355206752566, 0.21446466850183235, 0.17691682850630136, -0.13997668143950157, 0.025498771559934533, -1.45970477620501e-05, 0.00047480157092148956, -0.0008637754844701119, 0.0006007185410755453, -0.00011748665731087955, 0.00023297255215836722, -0.00018794151747542214, 2.3367349237679366e-05, -0.0020040230785017123, 0.005584520149483621, -0.0032316725475542256, -1.312229698934827e-05, -0.0012980020523298064, 0.0015180708109341632, -0.0003094184881046866, -0.002970584161541306, 0.000748527058444651, 0.004400862658036712, 0.0, -0.0020652849629908907, 0.0003688783638632391, 0.0035570624562500297, -0.012966224670302125, 0.00504835482029458, 0.0001929324152509856, 0.0002325409531049482, 0.009292523765282066, -0.009964612673156915, 0.0027749370904420444, -0.00106424539892254, 0.003069062053267108, -0.002274523461734986, 0.0008250338533150744, 0.0006356305736417736, -0.0004643982163707558, 9.005474643384078e-05, 0.0024448411701592228, -0.009650077387656128, 0.006025461014262971, -0.0007775111222605307, 0.0028820210103559967, -0.003167440664022443, 0.0008160982325583583, 0.011594857890249374, -0.010491723616700387, -0.005670776372633057, -0.005979177267399592, 0.00993405086643977, -0.0024739068177572774, -0.0032671175395602454, 0.02397324488614011, -0.004262634351285709, -0.005970807074160914, 0.0009584800081763702, -0.020028282930662583, 0.01888291974202445, -0.003626808336665386, 0.001964571569154408, -0.005514036280619169, 0.003963470205897526, -0.0017356998770039606, -0.0015119504968960377, 0.0012304892337620093, -0.0002753058789020078, -0.005100337077739869, 0.008168202237644084, 0.003421130724288351, 0.007405533474793828, -0.009689997870818213, 0.0022101353998497347, -0.0025907338178409816, -0.016937176437022507, -0.012141514314445047, 0.017694434963510246, -0.002394741463170776, 0.018117727001886397, -0.008481725249609568, -0.001186971421940587, -0.0033458716329060473, 0.0014255436597978171, -0.003374680474570423, 0.0037714642777554415, 0.0032718203883044194, -0.0035084514930406653, 0.0008543286536345274, 0.0018735416835951408, 0.0015107062999372837, 0.014241778413582405, -0.011246924315313591, 0.00028557059796176253, -0.004903555995046361, -0.016130621176160386, 0.0070521265241806465, 0.005901740203229422, 0.00802062155775068, 0.0015170798401175848, -0.006876378263815765, -0.005791070491013641, 0.007151249113876873, -0.0017791702383620012, 0.000531478810373694, 0.008553596566665104, 0.0008234557030288169, -0.00551890584010808, -0.008021082090667021, -0.008525941848641196, 0.011302937079287891, 0.009747908490632867, -0.011030875519819058, 0.002648930994867907, 0.0013265851865867523, 0.007410631522879212, -0.005827344051815176, -0.011064318241294653, 0.010780054260334883, -0.0023992035712187454, 0.0034658870629322444, -0.004091563014864304, 0.0014860275235073735, -0.00014672841982438359], [-1.8688096526475668, -3.211652787357649, 15.069915268909766, -37.561273092803255, 69.14080501411182, -107.40358554115447, 184.43004151943998, -76.93878200344045, -43.703111976204795, -0.009789519776249702, 0.03243910785488252, 0.0, -0.055092981944053696, 0.08278597902438094, -0.0744450532925348, 0.04162893965138688, -0.00785257246409552, 0.011703766994620796, -0.19670745592959657, 0.3470787006763112, -0.347884193881132, 0.24500715568982875, -0.10277204754448134, 0.0017497164360819341, 0.2689569118350922, -0.7585719600975005, 0.6564479974718002, -0.39985163739683743, 0.11341354398409527, 0.03985048538698445, 0.4962364683262951, -0.7620855178474079, 0.37418815945452955, 0.0, -0.12497272083341202, 0.207425808872126, -0.04360484009288352, -0.23655445593255006, 0.21880200385590828, -0.09568755160782583, 0.3395492309489864, -0.23266317695618707, -0.17526735524927797, 0.1828738106427391, -0.036339739990267246, 0.00016260484241921626, -0.0019991138528982857, 0.0025238335397002507, -0.0019367990227944778, 0.000907002441424578, -0.00026351198966637415, -0.0002808250450607261, 0.0002270186526802078, 0.00672625266970315, -0.015614785756417462, 0.012225585140072765, -0.007129465908719843, 0.004497951268439826, -0.0013084005963258899, 0.00012480795683618488, 0.006050966019714337, -0.0037301303917308976, -0.0017138886064284207, -0.00017688282735880728, -0.0003392051559570492, 0.0004373341831398034, -0.0033007103681066494, 0.00974545496774243, -0.003447779600846127, 0.0015997253390336228, -0.0008652394537987156, -0.005387681277737548, 0.004543993909763674, -0.0024092979445211877, 0.0010359740526011184, -0.0014739046008817216, 0.002949838895758481, -0.001299325584907728, -0.0018572156256565623, 0.0017995392734688155, -0.0005131169230357199, -0.007182720386078664, 0.024937258608247474, -0.021152538331170936, 0.014918023519342773, -0.011773426953483905, 0.0064928805134246035, -0.0025341438547324016, -0.022443714469851946, 0.027429196482674837, -0.014792317814483633, 0.019939069066031143, -0.014757980445787135, 0.007043148702723797, -0.004037170886215441, 0.001864972516215188, -0.016249246491488598, 0.014321670568013305, -0.007257485108046056, 0.0, 0.011552379532960956, -0.009007568715239257, 0.005141955893161767, -0.004607397252077839, 0.001638381993604378, -0.0013604684353454614, 0.0032082737369715365, -0.003371660902341268, 0.0012586056839577109, 0.0030173423809954003, 0.005868016893069105, -0.010074536823571855, -0.0038161319622983473, 0.006998256197924249, -0.004758677107438133, -0.018708537690810528, 0.03337005649691714, 0.005377016140830642, -0.011720308397845356, 0.008619874827523659, -0.012901169648814284, -0.0008537070150654361, -9.052936958866933e-05, -0.00279124211758432, -0.0006796578822407871, 0.013203980587932084, -0.004346968458023362, -0.012633148011094034, 0.01178165226201453, -0.0034962636590634877, 0.00732655833646484, -0.00974766145964861, -0.011702472329917791, 0.007241978678728213, -0.003675901878376795, -0.005110348938807547, 0.03190335319957153, -0.003603260992754095, -0.0002246266338390476, -0.00980126761211723, -0.017006181096192664, 0.01008672090213509, 0.019993367441153525, -0.020170007005028634, 0.00573899658183982, 0.008519202682818803, -0.026943902731179477, -0.00016629492954925326, 0.0032962876778494404, 0.017505629301212484, 0.01938973714209257, -0.014846055645990747, -0.02336409666024415, 0.0243871975848637, -0.006743232086392018, -0.002684871371524147, -0.01456198863036267, 0.008959511752946084, 0.022873800168399887, -0.022184561164560843, 0.005694273913251621, -0.00726902043556335, 0.009203478847797854, -0.0038724865814958242, 0.0004766376696078451], [8.9542592510281, 12.29648215697772, -60.12099614766792, 146.5275943401092, -255.0636338175394, 349.23021086658684, -395.8206409764377, 417.39527866635865, -213.25120794996639, 0.1920775230297689, -1.1308078477483923, 1.7834758835413307, -2.0274872159751585, 1.838775920904794, -1.2833836697862777, 0.6578115688152676, -0.2116693412282416, 1.5884487937610121, -5.08682515622803, 6.123647463106011, -5.988658954903633, 4.508265528338948, -2.5331857973795957, 0.8860723780550155, 4.227739862254133, -10.6335251804589, 10.95620133604668, -8.637135965699127, 5.152133047122853, -1.8929257563813495, 6.879471606309163, -14.749307411734607, 12.074808035067358, -7.569915212430828, 2.8793613820976436, 8.187718816560087, -13.674238058564162, 8.762964988748765, -3.3513695982017646, 5.715302315017234, -7.434618640186236, 2.8631360766815215, 2.438264747277778, -1.8064692888085356, 0.29622343572534265, 0.0008366150191449062, -0.0012429595777712131, 0.0035151828419037706, -0.008829824459206145, 0.011702486660942354, -0.008416072075773877, 0.005962843063616041, -0.002803623141250507, -0.011411820609210947, 0.020533030315165044, 0.004077237811985448, -0.021268707233694978, 0.006962478103383868, -0.0045454353510530265, 0.0035276803304940215, 0.0059245157316754815, -0.06840299706995336, 0.09171286159112196, -0.04513097466332822, 0.020935465746681346, -0.00997130542098261, 0.07429171772713333, -0.17134631647512544, 0.09703230766409095, -0.04734228248606592, 0.01900704216699102, 0.09600623952720867, -0.11941922519033375, 0.06186794766026155, -0.022318654474526817, 0.042461831232923714, -0.05154584376797654, 0.018732087851487552, 0.018650953523748192, -0.014966442478989461, 0.0035756378977663166, 0.025915809502175202, -0.10065385931095781, 0.08029531775588784, -0.05398513622431397, 0.06184219221826782, -0.042167075633239626, 0.016098637754165496, 0.11074111705721869, -0.12823547679458708, 0.05533076995145689, -0.13381207793637648, 0.11186736838205069, -0.04712697249366652, -0.002286265933876133, 0.07883211781497448, 0.0526986787645626, -0.06871818150296401, 0.034180014665985095, -0.0767840316282764, 0.035063116791019915, 0.0006207457535426972, -0.011955298604399055, -0.007427453545995293, 0.02367513211166761, -0.002050802254224147, -0.023734245229263377, 0.019957843188118714, -0.00658845736277607, -0.0350127381224873, 0.03188032575887273, 0.011873177637163383, 0.08201332525171103, -0.07965392578065614, 0.036767972535480115, 0.044738582582688785, -0.15670854298560807, -0.0957385318492502, 0.1035651237595293, -0.051803124576982676, 0.1119591373698324, -0.019269487981818264, 0.01583199673307978, 0.004648224332317402, -0.002901752332002669, -0.06480570636601837, 0.023464979107395985, 0.06261694618710345, -0.057606033496417276, 0.017310999884857108, -0.026224437754030876, 0.07408821398891847, 0.07456667113489526, -0.040720383823593186, 0.014098279383639625, -0.05068154070608155, -0.12119061838142982, -0.017535482428706686, 0.02349954765596907, 0.06824212474892141, 0.07336443976756561, -0.05328667012803776, -0.09533165511225028, 0.09813138156105895, -0.028525921302533147, -0.007473050668885038, 0.10857374550892808, 0.02183914343859525, -0.02892671260300728, -0.12253196694013103, -0.05915155071607233, 0.06844357603941294, 0.10050289064132129, -0.11084970299129716, 0.03204002287245292, 0.0425568162508235, 0.01693023288163629, -0.027578628750415203, -0.07171704934620905, 0.07975710918676208, -0.022889818751935374, 0.02404309634584199, -0.030858526567450622, 0.013036321469252083, -0.0014424484160047001]]",(x0)' = -13.695 1 +  213.342 x0 + -419.302 x1 +  400.195 x2 + -354.755 x3 +  260.358 x4 + -150.378 x5 +  61.991 x6 + -12.698 x7 + -0.335 x0^2 +  2.211 x0 x1 + -3.696 x0 x2 +  4.259 x0 x3 + -3.620 x0 x4 +  2.356 x0 x5 + -1.070 x0 x6 +  0.263 x0 x7 + -3.169 x1^2 +  9.818 x1 x2 + -11.059 x1 x3 +  9.318 x1 x4 + -6.088 x1 x5 +  2.766 x1 x6 + -0.713 x1 x7 + -7.263 x2^2 +  16.153 x2 x3 + -13.623 x2 x4 +  9.015 x2 x5 + -4.183 x2 x6 +  1.155 x2 x7 + -8.880 x3^2 +  14.962 x3 x4 + -10.048 x3 x5 +  4.845 x3 x6 + -1.463 x3 x7 + -6.389 x4^2 +  8.826 x4 x5 + -4.478 x4 x6 +  1.473 x4 x7 + -3.127 x5^2 +  3.317 x5 x6 + -1.167 x5 x7 + -0.942 x6^2 +  0.703 x6 x7 + -0.128 x7^2 +  0.001 x0^3 + -0.012 x0^2 x1 +  0.020 x0^2 x2 + -0.022 x0^2 x3 +  0.016 x0^2 x4 + -0.009 x0^2 x5 +  0.003 x0^2 x6 + -0.003 x0^2 x7 +  0.037 x0 x1^2 + -0.102 x0 x1 x2 +  0.090 x0 x1 x3 + -0.049 x0 x1 x4 +  0.020 x0 x1 x5 + -0.007 x0 x1 x6 +  0.013 x0 x1 x7 +  0.041 x0 x2^2 + -0.006 x0 x2 x3 + -0.068 x0 x2 x4 +  0.065 x0 x2 x5 + -0.028 x0 x2 x6 + -0.013 x0 x2 x7 + -0.073 x0 x3^2 +  0.250 x0 x3 x4 + -0.197 x0 x3 x5 +  0.083 x0 x3 x6 +  0.007 x0 x3 x7 + -0.180 x0 x4^2 +  0.279 x0 x4 x5 + -0.119 x0 x4 x6 + -0.001 x0 x4 x7 + -0.113 x0 x5^2 +  0.101 x0 x5 x6 + -0.001 x0 x5 x7 + -0.024 x0 x6^2 + -0.002 x0 x6 x7 +  0.003 x0 x7^2 + -0.042 x1^3 +  0.172 x1^2 x2 + -0.159 x1^2 x3 +  0.096 x1^2 x4 + -0.056 x1^2 x5 +  0.032 x1^2 x6 + -0.024 x1^2 x7 + -0.194 x1 x2^2 +  0.275 x1 x2 x3 + -0.078 x1 x2 x4 +  0.050 x1 x2 x5 + -0.070 x1 x2 x6 +  0.079 x1 x2 x7 + -0.022 x1 x3^2 + -0.211 x1 x3 x4 +  0.147 x1 x3 x5 +  0.007 x1 x3 x6 + -0.088 x1 x3 x7 +  0.240 x1 x4^2 + -0.356 x1 x4 x5 +  0.090 x1 x4 x6 +  0.069 x1 x4 x7 +  0.148 x1 x5^2 + -0.096 x1 x5 x6 + -0.046 x1 x5 x7 +  0.017 x1 x6^2 +  0.029 x1 x6 x7 + -0.010 x1 x7^2 +  0.070 x2^3 + -0.141 x2^2 x3 +  0.020 x2^2 x4 + -0.050 x2^2 x5 +  0.088 x2^2 x6 + -0.080 x2^2 x7 +  0.060 x2 x3^2 +  0.136 x2 x3 x4 +  0.026 x2 x3 x5 + -0.200 x2 x3 x6 +  0.206 x2 x3 x7 + -0.201 x2 x4^2 +  0.204 x2 x4 x5 +  0.076 x2 x4 x6 + -0.176 x2 x4 x7 + -0.078 x2 x5^2 + -0.014 x2 x5 x6 +  0.118 x2 x5 x7 +  0.011 x2 x6^2 + -0.061 x2 x6 x7 +  0.016 x2 x7^2 + -0.018 x3^3 + -0.033 x3^2 x4 + -0.091 x3^2 x5 +  0.175 x3^2 x6 + -0.145 x3^2 x7 +  0.100 x3 x4^2 +  0.050 x3 x4 x5 + -0.258 x3 x4 x6 +  0.261 x3 x4 x7 + -0.042 x3 x5^2 +  0.150 x3 x5 x6 + -0.174 x3 x5 x7 + -0.038 x3 x6^2 +  0.079 x3 x6 x7 + -0.018 x3 x7^2 + -0.040 x4^3 + -0.007 x4^2 x5 +  0.104 x4^2 x6 + -0.118 x4^2 x7 +  0.034 x4 x5^2 + -0.120 x4 x5 x6 +  0.154 x4 x5 x7 +  0.023 x4 x6^2 + -0.062 x4 x6 x7 +  0.014 x4 x7^2 + -0.008 x5^3 +  0.022 x5^2 x6 + -0.046 x5^2 x7 +  0.005 x5 x6^2 +  0.028 x5 x6 x7 + -0.007 x5 x7^2 + -0.007 x6^3 +  0.001 x6 x7^2 | (x1)' =  2.134 1 +  43.624 x0 +  77.429 x1 + -185.415 x2 +  108.618 x3 + -70.300 x4 +  38.422 x5 + -15.505 x6 +  3.314 x7 +  0.057 x0^2 + -0.339 x0 x1 +  0.508 x0 x2 + -0.522 x0 x3 +  0.384 x0 x4 + -0.208 x0 x5 +  0.070 x0 x6 + -0.011 x0 x7 +  0.429 x1^2 + -1.146 x1 x2 +  1.095 x1 x3 + -0.736 x1 x4 +  0.352 x1 x5 + -0.084 x1 x6 +  0.006 x1 x7 +  0.687 x2^2 + -1.197 x2 x3 +  0.694 x2 x4 + -0.254 x2 x5 +  0.012 x2 x7 +  0.448 x3^2 + -0.368 x3 x4 +  0.025 x3 x5 +  0.094 x3 x6 + -0.015 x3 x7 + -0.004 x4^2 +  0.153 x4 x5 + -0.121 x4 x6 + -0.002 x4 x7 + -0.085 x5^2 +  0.083 x5 x6 +  0.021 x5 x7 + -0.005 x6^2 + -0.032 x6 x7 +  0.010 x7^2 +  0.003 x0^2 x1 + -0.004 x0^2 x2 +  0.004 x0^2 x3 + -0.004 x0^2 x4 +  0.003 x0^2 x5 + -0.001 x0^2 x6 + -0.008 x0 x1^2 +  0.019 x0 x1 x2 + -0.016 x0 x1 x3 +  0.011 x0 x1 x4 + -0.008 x0 x1 x5 +  0.003 x0 x1 x6 + -0.002 x0 x1 x7 + -0.006 x0 x2^2 + -0.001 x0 x2 x3 +  0.008 x0 x2 x4 + -0.004 x0 x2 x5 +  0.002 x0 x2 x6 +  0.001 x0 x2 x7 +  0.013 x0 x3^2 + -0.035 x0 x3 x4 +  0.023 x0 x3 x5 + -0.010 x0 x3 x6 +  0.001 x0 x3 x7 +  0.023 x0 x4^2 + -0.033 x0 x4 x5 +  0.015 x0 x4 x6 + -0.002 x0 x4 x7 +  0.013 x0 x5^2 + -0.013 x0 x5 x6 +  0.002 x0 x5 x7 +  0.004 x0 x6^2 + -0.002 x0 x6 x7 +  0.007 x1^3 + -0.027 x1^2 x2 +  0.024 x1^2 x3 + -0.017 x1^2 x4 +  0.013 x1^2 x5 + -0.006 x1^2 x6 +  0.002 x1^2 x7 +  0.026 x1 x2^2 + -0.030 x1 x2 x3 +  0.014 x1 x2 x4 + -0.018 x1 x2 x5 +  0.011 x1 x2 x6 + -0.006 x1 x2 x7 + -0.004 x1 x3^2 +  0.028 x1 x3 x4 + -0.008 x1 x3 x5 + -0.001 x1 x3 x6 +  0.005 x1 x3 x7 + -0.027 x1 x4^2 +  0.033 x1 x4 x5 + -0.012 x1 x4 x6 + -0.001 x1 x4 x7 + -0.014 x1 x5^2 +  0.017 x1 x5 x6 + -0.002 x1 x5 x7 + -0.007 x1 x6^2 +  0.003 x1 x6 x7 + -0.001 x1 x7^2 + -0.007 x2^3 +  0.008 x2^2 x3 + -0.003 x2^2 x4 +  0.014 x2^2 x5 + -0.011 x2^2 x6 +  0.005 x2^2 x7 +  0.003 x2 x3^2 + -0.014 x2 x3 x4 + -0.023 x2 x3 x5 +  0.023 x2 x3 x6 + -0.012 x2 x3 x7 +  0.016 x2 x4^2 + -0.005 x2 x4 x5 + -0.002 x2 x4 x6 +  0.005 x2 x4 x7 +  0.006 x2 x5^2 + -0.014 x2 x5 x6 +  0.002 x2 x5 x7 +  0.011 x2 x6^2 + -0.008 x2 x6 x7 +  0.002 x2 x7^2 + -0.004 x3^2 x4 +  0.026 x3^2 x5 + -0.020 x3^2 x6 +  0.008 x3^2 x7 +  0.005 x3 x4^2 + -0.036 x3 x4 x5 +  0.020 x3 x4 x6 + -0.008 x3 x4 x7 +  0.010 x3 x5^2 +  0.007 x3 x5 x6 + -0.003 x3 x5 x7 + -0.013 x3 x6^2 +  0.012 x3 x6 x7 + -0.003 x3 x7^2 + -0.002 x4^3 +  0.013 x4^2 x5 + -0.002 x4^2 x6 + -0.003 x4 x5^2 + -0.021 x4 x5 x6 +  0.010 x4 x5 x7 +  0.019 x4 x6^2 + -0.017 x4 x6 x7 +  0.004 x4 x7^2 + -0.004 x5^3 +  0.020 x5^2 x6 + -0.009 x5^2 x7 + -0.023 x5 x6^2 +  0.019 x5 x6 x7 + -0.004 x5 x7^2 +  0.007 x6^3 + -0.008 x6^2 x7 +  0.003 x6 x7^2 | (x2)' = -0.600 1 + -7.240 x0 +  66.734 x1 +  36.653 x2 + -132.943 x3 +  55.372 x4 + -26.657 x5 +  10.178 x6 + -2.170 x7 + -0.032 x0^2 +  0.191 x0 x1 + -0.300 x0 x2 +  0.332 x0 x3 + -0.275 x0 x4 +  0.176 x0 x5 + -0.077 x0 x6 +  0.019 x0 x7 + -0.255 x1^2 +  0.758 x1 x2 + -0.831 x1 x3 +  0.694 x1 x4 + -0.453 x1 x5 +  0.203 x1 x6 + -0.054 x1 x7 + -0.556 x2^2 +  1.232 x2 x3 + -1.051 x2 x4 +  0.707 x2 x5 + -0.332 x2 x6 +  0.098 x2 x7 + -0.687 x3^2 +  1.192 x3 x4 + -0.829 x3 x5 +  0.416 x3 x6 + -0.137 x3 x7 + -0.539 x4^2 +  0.789 x4 x5 + -0.427 x4 x6 +  0.153 x4 x7 + -0.299 x5^2 +  0.341 x5 x6 + -0.129 x5 x7 + -0.104 x6^2 +  0.082 x6 x7 + -0.015 x7^2 +  0.001 x0 x1^2 + -0.003 x0 x1 x2 +  0.002 x0 x1 x3 +  0.001 x0 x1 x5 +  0.001 x0 x2^2 +  0.002 x0 x2 x3 + -0.006 x0 x2 x4 +  0.002 x0 x2 x5 + -0.005 x0 x3^2 +  0.013 x0 x3 x4 + -0.006 x0 x3 x5 +  0.001 x0 x3 x6 + -0.008 x0 x4^2 +  0.008 x0 x4 x5 + -0.002 x0 x4 x6 + -0.002 x0 x5^2 +  0.001 x0 x5 x6 +  0.001 x0 x5 x7 + -0.001 x0 x6 x7 + -0.002 x1^3 +  0.011 x1^2 x2 + -0.010 x1^2 x3 +  0.005 x1^2 x4 + -0.005 x1^2 x5 +  0.002 x1^2 x6 + -0.001 x1^2 x7 + -0.013 x1 x2^2 +  0.016 x1 x2 x3 + -0.003 x1 x2 x4 +  0.008 x1 x2 x5 + -0.006 x1 x2 x6 +  0.001 x1 x2 x7 + -0.013 x1 x3 x4 + -0.001 x1 x3 x5 +  0.004 x1 x3 x6 + -0.001 x1 x3 x7 +  0.012 x1 x4^2 + -0.007 x1 x4 x5 +  0.001 x1 x4 x7 +  0.002 x1 x5 x6 + -0.001 x1 x5 x7 + -0.001 x1 x6^2 +  0.001 x1 x6 x7 +  0.004 x2^3 + -0.005 x2^2 x3 + -0.003 x2^2 x4 + -0.005 x2^2 x5 +  0.005 x2^2 x6 + -0.001 x2^2 x7 + -0.003 x2 x3^2 +  0.018 x2 x3 x4 +  0.009 x2 x3 x5 + -0.008 x2 x3 x6 + -0.013 x2 x4^2 +  0.001 x2 x4 x5 +  0.001 x2 x4 x6 +  0.002 x2 x4 x7 +  0.003 x2 x5^2 + -0.001 x2 x5 x7 + -0.002 x2 x6^2 +  0.002 x2 x6 x7 +  0.002 x3^3 + -0.006 x3^2 x4 + -0.010 x3^2 x5 +  0.005 x3^2 x6 +  0.001 x3^2 x7 +  0.005 x3 x4^2 +  0.016 x3 x4 x5 + -0.002 x3 x4 x6 + -0.005 x3 x4 x7 + -0.009 x3 x5^2 + -0.003 x3 x5 x6 +  0.005 x3 x5 x7 +  0.006 x3 x6^2 + -0.006 x3 x6 x7 +  0.001 x3 x7^2 + -0.010 x4^2 x5 + -0.002 x4^2 x6 +  0.004 x4^2 x7 +  0.008 x4 x5^2 +  0.009 x4 x5 x6 + -0.009 x4 x5 x7 + -0.010 x4 x6^2 +  0.010 x4 x6 x7 + -0.002 x4 x7^2 + -0.001 x5^3 + -0.008 x5^2 x6 +  0.005 x5^2 x7 +  0.011 x5 x6^2 + -0.010 x5 x6 x7 +  0.002 x5 x7^2 + -0.003 x6^3 +  0.004 x6^2 x7 + -0.001 x6 x7^2 | (x3)' =  0.330 1 +  3.150 x0 + -17.627 x1 +  85.639 x2 +  11.418 x3 + -106.243 x4 +  32.405 x5 + -10.929 x6 +  2.242 x7 +  0.020 x0^2 + -0.115 x0 x1 +  0.178 x0 x2 + -0.193 x0 x3 +  0.158 x0 x4 + -0.101 x0 x5 +  0.046 x0 x6 + -0.013 x0 x7 +  0.151 x1^2 + -0.448 x1 x2 +  0.487 x1 x3 + -0.408 x1 x4 +  0.275 x1 x5 + -0.134 x1 x6 +  0.043 x1 x7 +  0.333 x2^2 + -0.739 x2 x3 +  0.644 x2 x4 + -0.456 x2 x5 +  0.237 x2 x6 + -0.084 x2 x7 +  0.414 x3^2 + -0.742 x3 x4 +  0.550 x3 x5 + -0.306 x3 x6 +  0.117 x3 x7 +  0.352 x4^2 + -0.552 x4 x5 +  0.325 x4 x6 + -0.130 x4 x7 +  0.222 x5^2 + -0.270 x5 x6 +  0.111 x5 x7 +  0.086 x6^2 + -0.071 x6 x7 +  0.013 x7^2 +  0.001 x0^2 x1 + -0.001 x0^2 x2 +  0.002 x0^2 x3 + -0.001 x0^2 x4 +  0.001 x0^2 x5 + -0.003 x0 x1^2 +  0.007 x0 x1 x2 + -0.007 x0 x1 x3 +  0.005 x0 x1 x4 + -0.003 x0 x1 x5 +  0.001 x0 x1 x6 + -0.003 x0 x2^2 +  0.003 x0 x2 x3 + -0.002 x0 x2 x4 + -0.001 x0 x3 x7 +  0.001 x0 x4 x7 +  0.001 x0 x5^2 + -0.001 x0 x5 x6 +  0.001 x0 x6^2 +  0.003 x1^3 + -0.010 x1^2 x2 +  0.009 x1^2 x3 + -0.007 x1^2 x4 +  0.004 x1^2 x5 + -0.002 x1^2 x6 +  0.001 x1^2 x7 +  0.008 x1 x2^2 + -0.010 x1 x2 x3 +  0.005 x1 x2 x4 + -0.003 x1 x2 x5 +  0.002 x1 x2 x6 + -0.003 x1 x2 x7 +  0.002 x1 x3^2 + -0.002 x1 x3 x4 +  0.002 x1 x3 x5 + -0.004 x1 x3 x6 +  0.005 x1 x3 x7 +  0.003 x1 x4 x6 + -0.005 x1 x4 x7 + -0.001 x1 x5^2 +  0.002 x1 x5 x6 +  0.002 x1 x5 x7 + -0.002 x1 x6^2 + -0.005 x2^2 x3 +  0.007 x2^2 x4 + -0.004 x2^2 x5 +  0.003 x2^2 x7 +  0.008 x2 x3^2 + -0.014 x2 x3 x4 +  0.005 x2 x3 x5 +  0.003 x2 x3 x6 + -0.008 x2 x3 x7 +  0.005 x2 x4^2 + -0.006 x2 x4 x5 + -0.001 x2 x4 x6 +  0.007 x2 x4 x7 +  0.005 x2 x5^2 + -0.008 x2 x5 x6 + -0.002 x2 x5 x7 +  0.005 x2 x6^2 + -0.003 x2 x6 x7 +  0.001 x2 x7^2 + -0.002 x3^3 + -0.001 x3^2 x4 +  0.004 x3^2 x5 + -0.005 x3^2 x6 +  0.006 x3^2 x7 +  0.006 x3 x4^2 + -0.012 x3 x4 x5 +  0.009 x3 x4 x6 + -0.011 x3 x4 x7 +  0.006 x3 x5 x6 +  0.002 x3 x5 x7 + -0.007 x3 x6^2 +  0.005 x3 x6 x7 + -0.001 x3 x7^2 + -0.004 x4^3 +  0.008 x4^2 x5 + -0.004 x4^2 x6 +  0.004 x4^2 x7 + -0.009 x4 x5 x6 +  0.008 x4 x6^2 + -0.006 x4 x6 x7 +  0.002 x4 x7^2 + -0.002 x5^3 +  0.010 x5^2 x6 + -0.002 x5^2 x7 + -0.011 x5 x6^2 +  0.008 x5 x6 x7 + -0.002 x5 x7^2 +  0.003 x6^3 + -0.004 x6^2 x7 +  0.001 x6 x7^2 | (x4)' = -0.532 1 + -2.181 x0 +  10.682 x1 + -31.930 x2 +  105.616 x3 + -10.773 x4 + -86.159 x5 +  17.909 x6 + -3.222 x7 + -0.010 x0^2 +  0.050 x0 x1 + -0.063 x0 x2 +  0.047 x0 x3 + -0.018 x0 x4 +  0.005 x0 x6 + -0.001 x0 x7 + -0.050 x1^2 +  0.096 x1 x2 + -0.045 x1 x3 + -0.009 x1 x4 +  0.024 x1 x5 + -0.014 x1 x6 + -0.002 x1 x7 + -0.027 x2^2 + -0.023 x2 x3 +  0.068 x2 x4 + -0.049 x2 x5 +  0.009 x2 x6 +  0.017 x2 x7 +  0.057 x3^2 + -0.125 x3 x4 +  0.054 x3 x5 +  0.018 x3 x6 + -0.040 x3 x7 +  0.037 x4^2 +  0.020 x4 x5 + -0.078 x4 x6 +  0.065 x4 x7 + -0.042 x5^2 +  0.106 x5 x6 + -0.068 x5 x7 + -0.049 x6^2 +  0.052 x6 x7 + -0.011 x7^2 + -0.002 x0^2 x1 +  0.003 x0^2 x2 + -0.003 x0^2 x3 +  0.002 x0^2 x4 + -0.001 x0^2 x5 +  0.001 x0^2 x6 +  0.005 x0 x1^2 + -0.012 x0 x1 x2 +  0.010 x0 x1 x3 + -0.007 x0 x1 x4 +  0.005 x0 x1 x5 + -0.003 x0 x1 x6 +  0.001 x0 x1 x7 +  0.005 x0 x2^2 + -0.004 x0 x2 x3 + -0.001 x0 x2 x5 +  0.001 x0 x2 x6 + -0.002 x0 x3^2 +  0.009 x0 x3 x4 + -0.005 x0 x3 x5 +  0.002 x0 x3 x6 + -0.001 x0 x3 x7 + -0.006 x0 x4^2 +  0.008 x0 x4 x5 + -0.003 x0 x4 x6 +  0.001 x0 x4 x7 + -0.003 x0 x5^2 +  0.003 x0 x5 x6 + -0.001 x0 x5 x7 + -0.001 x0 x6^2 +  0.001 x0 x6 x7 + -0.004 x1^3 +  0.014 x1^2 x2 + -0.012 x1^2 x3 +  0.008 x1^2 x4 + -0.007 x1^2 x5 +  0.004 x1^2 x6 + -0.001 x1^2 x7 + -0.012 x1 x2^2 +  0.012 x1 x2 x3 + -0.005 x1 x2 x4 +  0.009 x1 x2 x5 + -0.009 x1 x2 x6 +  0.003 x1 x2 x7 +  0.002 x1 x3^2 + -0.011 x1 x3 x4 +  0.007 x1 x3 x6 + -0.003 x1 x3 x7 +  0.009 x1 x4^2 + -0.007 x1 x4 x5 + -0.002 x1 x4 x6 +  0.001 x1 x4 x7 +  0.003 x1 x5^2 + -0.003 x1 x5 x6 +  0.001 x1 x5 x7 +  0.002 x1 x6^2 + -0.003 x1 x6 x7 +  0.001 x1 x7^2 +  0.002 x2^3 +  0.002 x2^2 x3 + -0.004 x2^2 x4 + -0.004 x2^2 x5 +  0.007 x2^2 x6 + -0.002 x2^2 x7 + -0.008 x2 x3^2 +  0.017 x2 x3 x4 +  0.005 x2 x3 x5 + -0.015 x2 x3 x6 +  0.005 x2 x3 x7 + -0.010 x2 x4^2 +  0.003 x2 x4 x5 +  0.007 x2 x4 x6 + -0.002 x2 x4 x7 + -0.002 x2 x5^2 +  0.005 x2 x5 x6 + -0.004 x2 x5 x7 + -0.005 x2 x6^2 +  0.007 x2 x6 x7 + -0.002 x2 x7^2 +  0.003 x3^3 + -0.004 x3^2 x4 + -0.009 x3^2 x5 +  0.011 x3^2 x6 + -0.003 x3^2 x7 +  0.001 x3 x4^2 +  0.014 x3 x4 x5 + -0.014 x3 x4 x6 +  0.002 x3 x4 x7 + -0.003 x3 x5^2 + -0.003 x3 x5 x6 +  0.005 x3 x5 x7 +  0.007 x3 x6^2 + -0.010 x3 x6 x7 +  0.003 x3 x7^2 +  0.001 x4^3 + -0.007 x4^2 x5 +  0.004 x4^2 x6 +  0.001 x4^2 x7 +  0.002 x4 x5^2 +  0.008 x4 x5 x6 + -0.008 x4 x5 x7 + -0.009 x4 x6^2 +  0.011 x4 x6 x7 + -0.003 x4 x7^2 +  0.002 x5^3 + -0.009 x5^2 x6 +  0.006 x5^2 x7 +  0.012 x5 x6^2 + -0.012 x5 x6 x7 +  0.003 x5 x7^2 + -0.004 x6^3 +  0.005 x6^2 x7 + -0.002 x6 x7^2 | (x5)' =  0.381 1 +  2.144 x0 + -10.050 x1 +  26.404 x2 + -55.030 x3 +  132.559 x4 + -36.321 x5 + -66.896 x6 +  7.267 x7 +  0.021 x0^2 + -0.117 x0 x1 +  0.178 x0 x2 + -0.194 x0 x3 +  0.167 x0 x4 + -0.113 x0 x5 +  0.055 x0 x6 + -0.017 x0 x7 +  0.150 x1^2 + -0.450 x1 x2 +  0.512 x1 x3 + -0.473 x1 x4 +  0.347 x1 x5 + -0.184 x1 x6 +  0.063 x1 x7 +  0.349 x2^2 + -0.833 x2 x3 +  0.822 x2 x4 + -0.640 x2 x5 +  0.364 x2 x6 + -0.134 x2 x7 +  0.514 x3^2 + -1.066 x3 x4 +  0.871 x3 x5 + -0.531 x3 x6 +  0.206 x3 x7 +  0.584 x4^2 + -0.987 x4 x5 +  0.623 x4 x6 + -0.246 x4 x7 +  0.418 x5^2 + -0.536 x5 x6 +  0.214 x5 x7 +  0.177 x6^2 + -0.140 x6 x7 +  0.025 x7^2 + -0.001 x0^2 x2 +  0.001 x0^2 x3 + -0.002 x0 x1^2 +  0.006 x0 x1 x2 + -0.003 x0 x1 x3 + -0.001 x0 x1 x5 +  0.002 x0 x1 x6 + -0.003 x0 x2^2 +  0.001 x0 x2 x3 +  0.004 x0 x2 x4 + -0.002 x0 x2 x6 +  0.004 x0 x3^2 + -0.013 x0 x3 x4 +  0.005 x0 x3 x5 +  0.009 x0 x4^2 + -0.010 x0 x4 x5 +  0.003 x0 x4 x6 + -0.001 x0 x4 x7 +  0.003 x0 x5^2 + -0.002 x0 x5 x6 +  0.001 x0 x5 x7 +  0.001 x0 x6^2 +  0.002 x1^3 + -0.010 x1^2 x2 +  0.006 x1^2 x3 + -0.001 x1^2 x4 +  0.003 x1^2 x5 + -0.003 x1^2 x6 +  0.001 x1^2 x7 +  0.012 x1 x2^2 + -0.010 x1 x2 x3 + -0.006 x1 x2 x4 + -0.006 x1 x2 x5 +  0.010 x1 x2 x6 + -0.002 x1 x2 x7 + -0.003 x1 x3^2 +  0.024 x1 x3 x4 + -0.004 x1 x3 x5 + -0.006 x1 x3 x6 +  0.001 x1 x3 x7 + -0.020 x1 x4^2 +  0.019 x1 x4 x5 + -0.004 x1 x4 x6 +  0.002 x1 x4 x7 + -0.006 x1 x5^2 +  0.004 x1 x5 x6 + -0.002 x1 x5 x7 + -0.002 x1 x6^2 +  0.001 x1 x6 x7 + -0.005 x2^3 +  0.008 x2^2 x3 +  0.003 x2^2 x4 +  0.007 x2^2 x5 + -0.010 x2^2 x6 +  0.002 x2^2 x7 + -0.003 x2 x3^2 + -0.017 x2 x3 x4 + -0.012 x2 x3 x5 +  0.018 x2 x3 x6 + -0.002 x2 x3 x7 +  0.018 x2 x4^2 + -0.008 x2 x4 x5 + -0.001 x2 x4 x6 + -0.003 x2 x4 x7 +  0.001 x2 x5^2 + -0.003 x2 x5 x6 +  0.004 x2 x5 x7 +  0.003 x2 x6^2 + -0.004 x2 x6 x7 +  0.001 x2 x7^2 +  0.002 x3^3 +  0.002 x3^2 x4 +  0.014 x3^2 x5 + -0.011 x3^2 x6 + -0.005 x3 x4^2 + -0.016 x3 x4 x5 +  0.007 x3 x4 x6 +  0.006 x3 x4 x7 +  0.008 x3 x5^2 +  0.002 x3 x5 x6 + -0.007 x3 x5 x7 + -0.006 x3 x6^2 +  0.007 x3 x6 x7 + -0.002 x3 x7^2 +  0.001 x4^3 +  0.009 x4^2 x5 +  0.001 x4^2 x6 + -0.006 x4^2 x7 + -0.008 x4 x5^2 + -0.009 x4 x5 x6 +  0.011 x4 x5 x7 +  0.010 x4 x6^2 + -0.011 x4 x6 x7 +  0.003 x4 x7^2 +  0.001 x5^3 +  0.007 x5^2 x6 + -0.006 x5^2 x7 + -0.011 x5 x6^2 +  0.011 x5 x6 x7 + -0.002 x5 x7^2 +  0.003 x6^3 + -0.004 x6^2 x7 +  0.001 x6 x7^2 | (x6)' = -1.869 1 + -3.212 x0 +  15.070 x1 + -37.561 x2 +  69.141 x3 + -107.404 x4 +  184.430 x5 + -76.939 x6 + -43.703 x7 + -0.010 x0^2 +  0.032 x0 x1 + -0.055 x0 x3 +  0.083 x0 x4 + -0.074 x0 x5 +  0.042 x0 x6 + -0.008 x0 x7 +  0.012 x1^2 + -0.197 x1 x2 +  0.347 x1 x3 + -0.348 x1 x4 +  0.245 x1 x5 + -0.103 x1 x6 +  0.002 x1 x7 +  0.269 x2^2 + -0.759 x2 x3 +  0.656 x2 x4 + -0.400 x2 x5 +  0.113 x2 x6 +  0.040 x2 x7 +  0.496 x3^2 + -0.762 x3 x4 +  0.374 x3 x5 + -0.125 x3 x7 +  0.207 x4^2 + -0.044 x4 x5 + -0.237 x4 x6 +  0.219 x4 x7 + -0.096 x5^2 +  0.340 x5 x6 + -0.233 x5 x7 + -0.175 x6^2 +  0.183 x6 x7 + -0.036 x7^2 + -0.002 x0^2 x1 +  0.003 x0^2 x2 + -0.002 x0^2 x3 +  0.001 x0^2 x4 +  0.007 x0 x1^2 + -0.016 x0 x1 x2 +  0.012 x0 x1 x3 + -0.007 x0 x1 x4 +  0.004 x0 x1 x5 + -0.001 x0 x1 x6 +  0.006 x0 x2^2 + -0.004 x0 x2 x3 + -0.002 x0 x2 x4 + -0.003 x0 x3^2 +  0.010 x0 x3 x4 + -0.003 x0 x3 x5 +  0.002 x0 x3 x6 + -0.001 x0 x3 x7 + -0.005 x0 x4^2 +  0.005 x0 x4 x5 + -0.002 x0 x4 x6 +  0.001 x0 x4 x7 + -0.001 x0 x5^2 +  0.003 x0 x5 x6 + -0.001 x0 x5 x7 + -0.002 x0 x6^2 +  0.002 x0 x6 x7 + -0.001 x0 x7^2 + -0.007 x1^3 +  0.025 x1^2 x2 + -0.021 x1^2 x3 +  0.015 x1^2 x4 + -0.012 x1^2 x5 +  0.006 x1^2 x6 + -0.003 x1^2 x7 + -0.022 x1 x2^2 +  0.027 x1 x2 x3 + -0.015 x1 x2 x4 +  0.020 x1 x2 x5 + -0.015 x1 x2 x6 +  0.007 x1 x2 x7 + -0.004 x1 x3^2 +  0.002 x1 x3 x4 + -0.016 x1 x3 x5 +  0.014 x1 x3 x6 + -0.007 x1 x3 x7 +  0.012 x1 x4 x5 + -0.009 x1 x4 x6 +  0.005 x1 x4 x7 + -0.005 x1 x5^2 +  0.002 x1 x5 x6 + -0.001 x1 x5 x7 +  0.003 x1 x6^2 + -0.003 x1 x6 x7 +  0.001 x1 x7^2 +  0.003 x2^3 +  0.006 x2^2 x3 + -0.010 x2^2 x4 + -0.004 x2^2 x5 +  0.007 x2^2 x6 + -0.005 x2^2 x7 + -0.019 x2 x3^2 +  0.033 x2 x3 x4 +  0.005 x2 x3 x5 + -0.012 x2 x3 x6 +  0.009 x2 x3 x7 + -0.013 x2 x4^2 + -0.001 x2 x4 x5 + -0.003 x2 x4 x7 + -0.001 x2 x5^2 +  0.013 x2 x5 x6 + -0.004 x2 x5 x7 + -0.013 x2 x6^2 +  0.012 x2 x6 x7 + -0.003 x2 x7^2 +  0.007 x3^3 + -0.010 x3^2 x4 + -0.012 x3^2 x5 +  0.007 x3^2 x6 + -0.004 x3^2 x7 + -0.005 x3 x4^2 +  0.032 x3 x4 x5 + -0.004 x3 x4 x6 + -0.010 x3 x5^2 + -0.017 x3 x5 x6 +  0.010 x3 x5 x7 +  0.020 x3 x6^2 + -0.020 x3 x6 x7 +  0.006 x3 x7^2 +  0.009 x4^3 + -0.027 x4^2 x5 +  0.003 x4^2 x7 +  0.018 x4 x5^2 +  0.019 x4 x5 x6 + -0.015 x4 x5 x7 + -0.023 x4 x6^2 +  0.024 x4 x6 x7 + -0.007 x4 x7^2 + -0.003 x5^3 + -0.015 x5^2 x6 +  0.009 x5^2 x7 +  0.023 x5 x6^2 + -0.022 x5 x6 x7 +  0.006 x5 x7^2 + -0.007 x6^3 +  0.009 x6^2 x7 + -0.004 x6 x7^2 | (x7)' =  8.954 1 +  12.296 x0 + -60.121 x1 +  146.528 x2 + -255.064 x3 +  349.230 x4 + -395.821 x5 +  417.395 x6 + -213.251 x7 +  0.192 x0^2 + -1.131 x0 x1 +  1.783 x0 x2 + -2.027 x0 x3 +  1.839 x0 x4 + -1.283 x0 x5 +  0.658 x0 x6 + -0.212 x0 x7 +  1.588 x1^2 + -5.087 x1 x2 +  6.124 x1 x3 + -5.989 x1 x4 +  4.508 x1 x5 + -2.533 x1 x6 +  0.886 x1 x7 +  4.228 x2^2 + -10.634 x2 x3 +  10.956 x2 x4 + -8.637 x2 x5 +  5.152 x2 x6 + -1.893 x2 x7 +  6.879 x3^2 + -14.749 x3 x4 +  12.075 x3 x5 + -7.570 x3 x6 +  2.879 x3 x7 +  8.188 x4^2 + -13.674 x4 x5 +  8.763 x4 x6 + -3.351 x4 x7 +  5.715 x5^2 + -7.435 x5 x6 +  2.863 x5 x7 +  2.438 x6^2 + -1.806 x6 x7 +  0.296 x7^2 +  0.001 x0^3 + -0.001 x0^2 x1 +  0.004 x0^2 x2 + -0.009 x0^2 x3 +  0.012 x0^2 x4 + -0.008 x0^2 x5 +  0.006 x0^2 x6 + -0.003 x0^2 x7 + -0.011 x0 x1^2 +  0.021 x0 x1 x2 +  0.004 x0 x1 x3 + -0.021 x0 x1 x4 +  0.007 x0 x1 x5 + -0.005 x0 x1 x6 +  0.004 x0 x1 x7 +  0.006 x0 x2^2 + -0.068 x0 x2 x3 +  0.092 x0 x2 x4 + -0.045 x0 x2 x5 +  0.021 x0 x2 x6 + -0.010 x0 x2 x7 +  0.074 x0 x3^2 + -0.171 x0 x3 x4 +  0.097 x0 x3 x5 + -0.047 x0 x3 x6 +  0.019 x0 x3 x7 +  0.096 x0 x4^2 + -0.119 x0 x4 x5 +  0.062 x0 x4 x6 + -0.022 x0 x4 x7 +  0.042 x0 x5^2 + -0.052 x0 x5 x6 +  0.019 x0 x5 x7 +  0.019 x0 x6^2 + -0.015 x0 x6 x7 +  0.004 x0 x7^2 +  0.026 x1^3 + -0.101 x1^2 x2 +  0.080 x1^2 x3 + -0.054 x1^2 x4 +  0.062 x1^2 x5 + -0.042 x1^2 x6 +  0.016 x1^2 x7 +  0.111 x1 x2^2 + -0.128 x1 x2 x3 +  0.055 x1 x2 x4 + -0.134 x1 x2 x5 +  0.112 x1 x2 x6 + -0.047 x1 x2 x7 + -0.002 x1 x3^2 +  0.079 x1 x3 x4 +  0.053 x1 x3 x5 + -0.069 x1 x3 x6 +  0.034 x1 x3 x7 + -0.077 x1 x4^2 +  0.035 x1 x4 x5 +  0.001 x1 x4 x6 + -0.012 x1 x4 x7 + -0.007 x1 x5^2 +  0.024 x1 x5 x6 + -0.002 x1 x5 x7 + -0.024 x1 x6^2 +  0.020 x1 x6 x7 + -0.007 x1 x7^2 + -0.035 x2^3 +  0.032 x2^2 x3 +  0.012 x2^2 x4 +  0.082 x2^2 x5 + -0.080 x2^2 x6 +  0.037 x2^2 x7 +  0.045 x2 x3^2 + -0.157 x2 x3 x4 + -0.096 x2 x3 x5 +  0.104 x2 x3 x6 + -0.052 x2 x3 x7 +  0.112 x2 x4^2 + -0.019 x2 x4 x5 +  0.016 x2 x4 x6 +  0.005 x2 x4 x7 + -0.003 x2 x5^2 + -0.065 x2 x5 x6 +  0.023 x2 x5 x7 +  0.063 x2 x6^2 + -0.058 x2 x6 x7 +  0.017 x2 x7^2 + -0.026 x3^3 +  0.074 x3^2 x4 +  0.075 x3^2 x5 + -0.041 x3^2 x6 +  0.014 x3^2 x7 + -0.051 x3 x4^2 + -0.121 x3 x4 x5 + -0.018 x3 x4 x6 +  0.023 x3 x4 x7 +  0.068 x3 x5^2 +  0.073 x3 x5 x6 + -0.053 x3 x5 x7 + -0.095 x3 x6^2 +  0.098 x3 x6 x7 + -0.029 x3 x7^2 + -0.007 x4^3 +  0.109 x4^2 x5 +  0.022 x4^2 x6 + -0.029 x4^2 x7 + -0.123 x4 x5^2 + -0.059 x4 x5 x6 +  0.068 x4 x5 x7 +  0.101 x4 x6^2 + -0.111 x4 x6 x7 +  0.032 x4 x7^2 +  0.043 x5^3 +  0.017 x5^2 x6 + -0.028 x5^2 x7 + -0.072 x5 x6^2 +  0.080 x5 x6 x7 + -0.023 x5 x7^2 +  0.024 x6^3 + -0.031 x6^2 x7 +  0.013 x6 x7^2 + -0.001 x7^3
33,35.0,100.0,36.85636440989091,3,8,2,8.0,56.0,9,36.0,smoothed_finite_difference_savgol_order_3,success,,1312,1320,99.39393939393939,17.356901360675693,"[""1"", ""x0"", ""x1"", ""x2"", ""x3"", ""x4"", ""x5"", ""x6"", ""x7"", ""x0^2"", ""x0 x1"", ""x0 x2"", ""x0 x3"", ""x0 x4"", ""x0 x5"", ""x0 x6"", ""x0 x7"", ""x1^2"", ""x1 x2"", ""x1 x3"", ""x1 x4"", ""x1 x5"", ""x1 x6"", ""x1 x7"", ""x2^2"", ""x2 x3"", ""x2 x4"", ""x2 x5"", ""x2 x6"", ""x2 x7"", ""x3^2"", ""x3 x4"", ""x3 x5"", ""x3 x6"", ""x3 x7"", ""x4^2"", ""x4 x5"", ""x4 x6"", ""x4 x7"", ""x5^2"", ""x5 x6"", ""x5 x7"", ""x6^2"", ""x6 x7"", ""x7^2"", ""x0^3"", ""x0^2 x1"", ""x0^2 x2"", ""x0^2 x3"", ""x0^2 x4"", ""x0^2 x5"", ""x0^2 x6"", ""x0^2 x7"", ""x0 x1^2"", ""x0 x1 x2"", ""x0 x1 x3"", ""x0 x1 x4"", ""x0 x1 x5"", ""x0 x1 x6"", ""x0 x1 x7"", ""x0 x2^2"", ""x0 x2 x3"", ""x0 x2 x4"", ""x0 x2 x5"", ""x0 x2 x6"", ""x0 x2 x7"", ""x0 x3^2"", ""x0 x3 x4"", ""x0 x3 x5"", ""x0 x3 x6"", ""x0 x3 x7"", ""x0 x4^2"", ""x0 x4 x5"", ""x0 x4 x6"", ""x0 x4 x7"", ""x0 x5^2"", ""x0 x5 x6"", ""x0 x5 x7"", ""x0 x6^2"", ""x0 x6 x7"", ""x0 x7^2"", ""x1^3"", ""x1^2 x2"", ""x1^2 x3"", ""x1^2 x4"", ""x1^2 x5"", ""x1^2 x6"", ""x1^2 x7"", ""x1 x2^2"", ""x1 x2 x3"", ""x1 x2 x4"", ""x1 x2 x5"", ""x1 x2 x6"", ""x1 x2 x7"", ""x1 x3^2"", ""x1 x3 x4"", ""x1 x3 x5"", ""x1 x3 x6"", ""x1 x3 x7"", ""x1 x4^2"", ""x1 x4 x5"", ""x1 x4 x6"", ""x1 x4 x7"", ""x1 x5^2"", ""x1 x5 x6"", ""x1 x5 x7"", ""x1 x6^2"", ""x1 x6 x7"", ""x1 x7^2"", ""x2^3"", ""x2^2 x3"", ""x2^2 x4"", ""x2^2 x5"", ""x2^2 x6"", ""x2^2 x7"", ""x2 x3^2"", ""x2 x3 x4"", ""x2 x3 x5"", ""x2 x3 x6"", ""x2 x3 x7"", ""x2 x4^2"", ""x2 x4 x5"", ""x2 x4 x6"", ""x2 x4 x7"", ""x2 x5^2"", ""x2 x5 x6"", ""x2 x5 x7"", ""x2 x6^2"", ""x2 x6 x7"", ""x2 x7^2"", ""x3^3"", ""x3^2 x4"", ""x3^2 x5"", ""x3^2 x6"", ""x3^2 x7"", ""x3 x4^2"", ""x3 x4 x5"", ""x3 x4 x6"", ""x3 x4 x7"", ""x3 x5^2"", ""x3 x5 x6"", ""x3 x5 x7"", ""x3 x6^2"", ""x3 x6 x7"", ""x3 x7^2"", ""x4^3"", ""x4^2 x5"", ""x4^2 x6"", ""x4^2 x7"", ""x4 x5^2"", ""x4 x5 x6"", ""x4 x5 x7"", ""x4 x6^2"", ""x4 x6 x7"", ""x4 x7^2"", ""x5^3"", ""x5^2 x6"", ""x5^2 x7"", ""x5 x6^2"", ""x5 x6 x7"", ""x5 x7^2"", ""x6^3"", ""x6^2 x7"", ""x6 x7^2"", ""x7^3""]","[[-6.557721263927548, 239.99706850755024, -509.2144142744184, 556.5355383981678, -536.2978193600657, 410.70654308539065, -238.4363275244441, 95.45695284474252, -19.475807476049912, -0.41249906249083407, 3.1917325363964673, -6.119032295562669, 7.736728274111361, -7.039184426520073, 4.690779083438674, -2.1737443492805535, 0.5639899905731779, -5.6671877597395275, 20.689148008611795, -25.551080550342334, 23.00040606901423, -15.300855912363744, 7.125615089182315, -1.8976292050696792, -18.25483120540166, 44.233635129399566, -39.48459714675618, 26.28312598019776, -12.398114519828981, 3.42476163073522, -26.43631010036386, 47.007638057056454, -31.45887710661261, 15.159495239650793, -4.375884476939067, -21.005656598050404, 28.45147618857478, -14.084163605765035, 4.24102160838145, -9.782699523436468, 9.982632072219042, -3.117433221930341, -2.64351957903087, 1.6797127760693071, -0.25871515713444676, -0.0013304465031831697, 0.011419748704991255, -0.01189379995409201, 0.011649729323940775, -0.017641780793899827, 0.021849269712632974, -0.01788215543253206, 0.0036383849969770414, -0.026737368196584132, 0.05213857852947892, -0.038793082391801105, 0.06147525603041528, -0.08537183694122556, 0.08465066734876954, -0.01780562649594757, -0.02898040272657847, 0.04157578851424741, -0.06411913284361037, 0.0696733960490542, -0.08115246878638654, 0.00825192222767845, -0.015672110738561763, 0.06481996807496417, -0.030363834725167356, 0.029754300643942168, 0.020517217661064097, -0.05296698368305293, 0.023002370387287707, 0.02650585682175436, -0.05069824342422903, 0.034615916262178095, -0.10676480136362729, 0.07393629038811117, 0.05921301904291379, -0.06234904300020296, 0.013641031958269195, 0.011301592162608867, -0.010763763527506673, -0.03839956526594891, 0.028027880209873093, 0.01686623588138992, -0.07237943411168417, 0.014522647141300887, 0.004938784030317829, 0.10573506291849202, -0.10717516013002976, 0.07572126560155473, 0.11894958700259474, -0.0024320781062660015, -0.09698433813747058, 0.1084446523498399, -0.14758903857853287, -0.03046221370595964, -0.05226654593918518, 0.0696514910176288, -0.02876149680505788, 0.006940257038015487, 0.0904045681140791, -0.04784908968548187, 0.15832656983724383, -0.14238184856768338, -0.10571485340450029, 0.1274068044362532, -0.029333334035620703, -0.03644394730558768, 0.07297730244682832, -0.035348668394748796, -0.05829586983507986, -0.07870686087334122, -0.006237295658319102, -0.04100291974302712, 0.12288533097355, 0.17371234664080226, 0.11004354556731782, 0.04595426981365903, -0.2632686707634275, 0.2428488258154547, -0.22380534602445953, -0.03405542134141711, -0.044298596443206294, 0.01397398010829279, 0.09629519073817576, 0.04875593695498897, -0.09886331721007809, 0.025670087973512282, -0.035863020711815435, 0.09430515781502696, -0.2728372749347199, 0.01834986074803912, -0.03456378126323873, 0.059930274779281645, 0.18042623108721498, 0.09812343682567809, 0.018431140534214994, -0.1328524797575977, 0.06453777858756732, -0.0645079191689812, -0.03128494404347119, 0.054385780683257855, -0.01357238319840418, -0.07447773062042788, 0.052353101387641675, -0.11583225411653296, 0.028871071648651863, 0.025230122163342427, 0.07093475925183337, -0.016271857999763738, -0.027255755239338413, 0.0092029622621976, -0.0006300609833551641, -0.018706421327187524, -0.004782392127906687, 0.003588626263064553, 0.017191874903227673, -0.012220332972243599, 0.002511875478872297, -0.006379632569998767, 0.006018799988041139, -0.0016553923925921822, 8.497951726687307e-06], [0.9144197303761749, 39.90949852614872, 89.96102717110396, -206.96113835723585, 133.11203036713226, -89.8055507891768, 49.03424381522122, -18.936587751049316, 3.799809589927368, 0.004145924678686585, -0.11674332520912334, 0.23814714340633888, -0.22708816244199131, 0.10291820994107287, 0.022372112845314044, -0.053329060966701876, 0.021190607556173587, 0.333608443384613, -1.2495540880857998, 1.2982604382911491, -0.8330043460421854, 0.2647820353256115, 0.0170587811441122, -0.03041658883675016, 1.1230017124559, -2.2924009384971753, 1.5120471431917497, -0.5916423531259273, 0.09695224249603847, 0.0015665287716770029, 1.1325353900207389, -1.5306318588955767, 0.7367686453543211, -0.2785354905765291, 0.08519510149571587, 0.6133025200180211, -0.8634213255226422, 0.5294013573226525, -0.20201721598184774, 0.4292350433597414, -0.6341060619315679, 0.2492409018898054, 0.24489963789794947, -0.18751610242397995, 0.033895617962640186, -0.004638494783887607, 0.03160510986630908, -0.03467006323920555, 0.02197011158304413, -0.008252224309606385, 0.003317267552413821, -0.003269951997272701, 0.0014115137233359498, -0.06740780872631084, 0.12926871331323428, -0.05712229974158294, -0.0028267219069684517, 0.014661813912420593, -0.0004491742967561734, -0.002016804268254659, -0.04932954326164873, 0.0170386808138329, 0.015888443870664494, 0.0, -0.018795703470991455, 0.008149893754708072, 0.0187168118479842, -0.019887606182862602, -0.03712177419667226, 0.05640786183309144, -0.018829906780105515, -0.012485532092827626, 0.086283685964579, -0.08704891602878866, 0.02501960711976297, -0.058141637738464196, 0.08654685081143967, -0.020501255499095747, -0.025521200656917802, 0.00909143093103151, -1.0927270176019976e-05, 0.04635526423473834, -0.11708308755641118, 0.029169138515230453, 0.03089338537135275, -0.04823460759420856, 0.02629164745731731, -0.006268885051673632, 0.07071311009746932, 0.02569164463201756, -0.05339246412984977, 0.06547085018585792, -0.03792967843749401, 0.009537745093596797, -0.06027360609032697, 0.053329785986295127, -0.013474621081471691, -0.011482263550846458, 0.001623260078754949, 0.0017985429996305328, -0.025170890453745313, 0.03496618817139172, 0.0012468848035247248, 0.008005055417278275, -0.005860631716491162, -0.01979838689754318, -0.009216672656613667, 0.025726499383085643, -0.008157630015001999, -0.0006059460269811128, -0.05243761177392269, -0.02477852259793439, 0.013571824472009832, 0.005407031003586878, -0.0007840465061729119, 0.07106078054611054, 0.07872657340569364, -0.06992313235948075, 0.0320744830537617, -0.009936618025378131, -0.07009992968323583, 0.04093617772623103, -0.009893178003325653, -0.012318794596259047, 0.04270942571131384, -0.09458034477815508, 0.06143394267495068, 0.05721006891406086, -0.06743587414947158, 0.017624029021733205, -0.033112066767050495, -0.005886672470699145, 0.013080715763620469, -0.026184502841530122, 0.012383796612132979, 0.003440166927815922, 0.047076242818297975, 0.025855516344265726, -0.007334354342405382, -0.06559434704224497, 0.07225364586756627, -0.0443977341535254, -0.04464488031015532, 0.058339842599742536, -0.01698732726332448, 0.015547230856902298, -0.03992737189361369, -0.03461906838466415, 0.013492398347967218, 0.016009480178433982, 0.06117556739586999, -0.01135470456056317, -0.017804209556936464, -0.009067640502111503, 0.007607857296020965, 0.016399969241591556, -0.06847042078533455, 0.017857048703592834, 0.051361283259178304, -0.020218468573405653, -0.0004980022677063548, -0.011999195450977438, 0.007646586342553799, -0.000909664870205221, -1.0634717224915391e-05], [0.06360221758364387, -5.841168213588134, 62.6287550581045, 42.627802290766404, -138.2456778959209, 57.81100655309618, -26.241916341216797, 8.809726906358978, -1.5571004210000612, -0.05665026763750861, 0.44985213316758205, -1.0003847212422197, 1.542995754792905, -1.696079294392255, 1.3192463232871803, -0.6594633747597743, 0.1616870899711814, -0.8782303658530005, 3.9178979364988114, -6.090476245392821, 6.756113654807695, -5.311049649883201, 2.692546493612043, -0.6741369169542242, -4.379751189471192, 13.59771236295928, -15.076213325416036, 11.857406811884738, -6.044437626927974, 1.5337507952716904, -10.468152728963863, 23.04410843536844, -18.03637128401305, 9.207293227127026, -2.357139750503939, -12.588181339614923, 19.594733993429404, -9.998968900942499, 2.5736933176250187, -7.585598115917703, 7.7301825019619645, -1.993933680034353, -1.9695425096572161, 1.0154960238446191, -0.129891040212006, -0.001713329414392676, 0.010490721976770555, -0.0057730807219417936, -0.009115343278487675, 0.021204306999429864, -0.024333402217796955, 0.016076468530577176, -0.003441029206611451, -0.024724313559899097, 0.031839694460910097, 0.03172211668720782, -0.07576011300695355, 0.09309117658717447, -0.06797665237844296, 0.010918013791694029, -0.0020729378810711878, -0.057904212632229855, 0.07234105242639789, -0.0713464042991694, 0.05408701587091143, 0.003305626329055118, 0.043017480315574584, -0.05863486673662115, 0.01346312643382206, 0.0031391549348870717, -0.028974162398650062, 0.012205815491414826, 0.0431284786084406, -0.06103484326926058, 0.045929369091782364, -0.056191223172833454, 0.108608934527565, -0.05065372731308782, -0.04611670470946318, 0.034867719034588816, -0.005453616742292486, 0.026415863254891987, -0.07793620514929739, 0.019354973954410597, 0.010717713883728082, -0.0476632398843906, 0.057986379465844944, -0.001759060647433772, 0.06777176642319163, -0.02188990478895447, 0.054587358714465656, -0.0044715031943039765, -0.08277326652875304, -0.036619968550214585, -0.0218270349219249, -0.030572600503942768, 0.062493343898920924, 0.009408051522724298, 0.07884050316467049, -0.01463746651001378, -0.0107337239274038, 0.0162389969474367, -0.07706190163308356, 0.03660452948491516, -0.09193287509797463, 0.06871226884763239, 0.050807181407106494, -0.04405360609372954, 0.005904352685114783, -0.0024332229232219083, -0.06267051295405913, -0.039236418500082665, 0.04647522273118349, 0.047425330519436974, 0.04042218027260195, 0.1074177804251412, 0.003926232093210019, -0.10458444674263621, -0.0689080573564381, -0.10554896573257747, 0.07063168636401752, -0.12052245880821967, 0.14485937029720192, 0.04833266133802282, 0.05200926386629336, -0.06632130828194388, -0.01624250673748394, 0.00304487583152772, 0.0011920082978458754, 0.003860918493030545, -0.024603098180976054, -0.060331798329358144, 0.136112008463671, -0.005395517173298964, 0.060022589752911984, 0.006918237631511195, -0.06517489776553097, -0.0669019768767345, -0.036281867390170634, 0.04384460109432302, -0.02107254472252175, 0.0013106731162936542, 0.018403285741652745, 0.010912275674119183, -0.009298763989373815, 0.04248010706817839, -0.07563595216186884, 0.06649797683949256, -0.021481410512974752, 0.011555284656392755, 0.010133296094511567, 0.04014691885756625, -0.028628076761974625, -0.019952875779813698, 0.01107970478586289, 0.021364619156451513, -0.06697038921576384, -0.00853726626565623, 0.06582356185642582, -0.0009806192552023645, -0.006533568166149735, -0.018279353374208687, 0.004163884198364997, 0.0027240447418804786, -0.0006890422824107795], [0.36511124099092185, 2.3385105689373114, -15.308472976016903, 82.56478766655897, 13.542199785573834, -106.36567913881858, 31.110192698886145, -9.664612670349873, 1.8028558979946303, 0.03245553210182386, -0.18265317601938422, 0.27823047826442826, -0.33554622761025077, 0.3322548408615791, -0.25616500567587264, 0.12578597409753747, -0.03035088481904976, 0.2047192805823631, -0.4848769420000997, 0.5342318228477461, -0.5644781003708043, 0.48798446396087575, -0.2523603865041706, 0.06382449014354118, 0.1784883914545686, -0.2968529408387595, 0.37063825886845914, -0.3921148561300753, 0.19698783666230424, -0.046027580617912275, 0.07051986596373273, -0.14144795838387292, 0.1359267501909042, 0.0, -0.02228690925070999, -0.02278434875827558, 0.1825892532038994, -0.24416520584858997, 0.10419226396734285, -0.19485039060839687, 0.36757981419629904, -0.1385237141545669, -0.14692240054983183, 0.10478062798390832, -0.01880959583066592, 0.002733134906931853, -0.01932841209483269, 0.025304883689782454, -0.023732108055253383, 0.017541987884604624, -0.012822945372223114, 0.008188668434453717, -0.0022511474279982846, 0.04005958157150358, -0.0880257236672719, 0.06668899731778499, -0.037704512675531675, 0.02574226841433027, -0.02082347555786485, 0.00470897931132511, 0.03660673686371045, -0.03217779321518924, 0.0006568373367012571, -0.0009864624576770246, 0.015695152951244205, -0.00309098722445944, -0.007964799778911132, 0.03539575070074096, -0.012068308022984715, -0.02291857594521838, 0.006866855963184719, -0.019823399648359233, 0.006900944944892177, 0.03082994487751903, -0.009933263758311875, 0.005136732844722366, -0.027939289202340685, 0.007875626387035255, 0.011269832353639828, -0.00567607472268505, 0.0007575491772834835, -0.023048027385278336, 0.0558333000771584, -0.02458913217328045, 0.001366025225660603, 0.006403888277004067, 9.828415117362593e-05, 0.00430326085618282, -0.019898437867831877, -0.030170569245870398, 0.04200932047840036, -0.050808393362315865, 0.018929104556799727, -0.020402766540231997, 0.040252541536553936, -0.049911208407984506, 0.03527339824356162, 0.013867578703814727, 0.009397866509775475, 0.002617701277931086, 0.006297226455759385, -0.04867366355826838, 0.003858256685848188, -0.0006805944737368339, 0.027810034138945568, -2.947505585033661e-05, -0.01119739239048977, 0.0026204884412111985, -0.0004420022739453412, -0.007065236309694562, 0.030492380567645725, 0.008555065111319081, 0.015414652868237825, -0.01198094973907331, 0.01707034518077334, -0.023134590839129013, -0.06806753522008853, 0.010494145296853866, -0.025103979208437818, -0.017459500687964025, 0.07252520259798217, -0.05546841999716807, 0.06514748470584403, 0.0, -0.014221241898621069, 0.0009510859476291751, -0.013321714594424149, -0.0008484829377625187, 0.004680426137215761, 0.00014802029746732877, 0.014099876901048546, 0.0012081155982984274, 0.026713063647580273, 0.015856856676030373, 0.0034911912084696797, -0.006047527752648306, -0.058570230904926156, -0.0522823397910039, 0.00867058272113042, 0.06160630408601374, -0.019135664927360345, 0.008435461874594876, 0.0, 0.0014907166200491182, -0.0021175695951008195, -0.0027328821736781117, 0.02221408537270542, 0.04871590717414509, -0.01732585809237031, -0.0220929513542141, -0.060781951635298266, 0.02538020920638456, 0.030967786933452732, -0.024037141362316508, 0.0056734631138417434, -0.0006036191091079775, 0.034910498437631124, -0.014508180311367426, -0.03239341894029964, 0.02500187645683921, -0.005400318888549901, 0.007891150735453345, -0.009239164814224193, 0.003913831831035093, -0.0005602609768358315], [-0.868642382744124, -1.684708511240891, 9.248886517183559, -30.320103090401286, 105.2355123977191, -12.084585040626799, -84.17801237157795, 16.541721340607296, -2.785433393108155, 0.04277682906109408, -0.32518679503371956, 0.7709770312769606, -1.2954799270519055, 1.501066042013686, -1.1678497495826656, 0.5572876919132163, -0.13156587016802476, 0.642555367319513, -3.0941617271644164, 5.185563625891104, -5.976659662792032, 4.639574035067196, -2.218833745393397, 0.5256413065039566, 3.667222539065602, -11.974458899528326, 13.515874204309963, -10.360908365322832, 4.93337267221517, -1.1670523717639802, 9.471907736612831, -20.855692757526707, 15.742194489804206, -7.44691347592712, 1.75575866173319, 11.245162107150707, -16.748313832884858, 7.866935563909331, -1.8455334419983034, 6.175171395802723, -5.759128927385762, 1.340088191222887, 1.330574506689204, -0.6106564920393565, 0.06862592787655142, 0.0010461514900741871, -0.006693327516465263, 0.004363556260563948, -0.0016662017045402523, 0.0015657506705441153, -0.0005881316332117971, -0.0028717764676721076, 0.0015461765743621796, 0.015875274282034526, -0.014827889657778773, -0.001173806361316574, -0.0030300468002067947, 0.0025356317608365925, 0.01788750125273269, -0.008596961909704454, -0.0228532266564062, 0.08841141713498406, -0.06824173311495417, 0.028610918500313224, -0.032876114759583165, 0.009759634005864638, -0.07301058074000079, 0.11233298187123227, -0.015324895576216411, -0.00845432549338244, 0.013709672134372129, -0.04032939295479701, -0.03542586163913566, 0.06984444460145897, -0.04080715441599593, 0.05701631747145686, -0.10898638324887223, 0.04755348419816706, 0.041972811953587374, -0.03071920796693425, 0.004755193926269791, -0.01861957917817138, 0.051512198568446244, -0.04364386463246195, 0.051906053438250124, -0.03620003905887744, -0.017782023389377434, 0.01022769176781181, -0.023042845253832784, 0.006846720143244043, -0.05189397014607705, 0.06095546651321389, 0.07723955136688074, -0.028173118753845885, 0.02761474210078677, -0.026550695511375545, -0.08158368899491368, -0.0025790668919379216, -0.022249064697361702, 0.04616928502479503, 0.05085499106014975, -0.06648509162379948, 0.06755991671888276, -0.06414360972304757, 0.11460058598876864, -0.06854921737663341, -0.04222314979759884, 0.03654747203824975, -0.005114256166112644, -0.007578091017641263, 0.031613522567930125, 0.010225450633019509, -0.021924612353626638, -0.0969904434566229, 0.03028440014071691, -0.022974898741051197, 0.015253157595647581, 0.08777274805987371, 0.12564579953898614, -0.006654389759061491, -0.10582412245597493, 0.0956532355953739, -0.11540629794577968, -0.02766453705781244, -0.040967277964601076, 0.0898147876710674, 0.010830261814942793, -0.0415044805950045, 0.01765298041124979, -0.004952508948185361, -0.021979434244538285, 0.06615542802872605, -0.14114704341081757, 0.0012189599031909577, -0.02935577597924962, 0.04288592098532846, 0.07644766748004915, 0.008008228776794043, 0.07746575060987991, -0.03903029350476663, -0.01548214735376798, -0.035586753619262536, 0.0326093172125166, -0.016293017384171878, 0.0059745001719421625, -0.06378768061062277, 0.06165872670529566, -0.013056556876325663, -0.04216994851627673, -0.00521984126951705, -0.005408265062623078, 0.050356323358321256, -0.010612705330691391, -0.0021580458885731707, -0.0019041990756013098, -0.010843695646324323, 0.020744127156350753, -0.018998933705310184, -0.004405918089215538, 0.006078787885479586, 0.0005937215206120334, -0.0012834617076549894, 0.0020287590311241247, -0.0016260689750991289, 0.0003104055131608192], [-0.14390387314205055, 2.134700926827217, -10.623406079287436, 29.096949765567874, -60.87741541909618, 140.73655978562093, -44.245624252157796, -61.83312588375487, 5.64163340436683, 0.046936194089127546, -0.3490754765286405, 0.6958097798534028, -0.9200228374157182, 0.8655145515712676, -0.5949775937337867, 0.29497678034748365, -0.08486890551021943, 0.6374764125464354, -2.5170879501197394, 3.3169290636358753, -3.1375607069678764, 2.189108157512622, -1.111489423964254, 0.32873588252413666, 2.4731551213051923, -6.51544339265504, 6.208503368567316, -4.403093136224335, 2.2940847004653495, -0.6969329437144121, 4.294425913627109, -8.242550402415356, 5.953124370113448, -3.197078646062055, 0.9993966487265078, 4.001448451792942, -5.90280884944523, 3.266615766611569, -1.0458935162746748, 2.231925356784347, -2.535376034739065, 0.8230426217759348, 0.7299701243222656, -0.4707839326914712, 0.07389873002100344, -0.0011624585563662763, 0.0075851813615696, -0.011435207893155748, 0.011890453247678325, -0.008589597624297061, 0.007083728047032646, -0.004333025992436669, 0.0009661227329271917, -0.012632823569898314, 0.03172040335798477, -0.02762334136781196, 0.012353678152406195, -0.015587022381612383, 0.012292854055954597, -0.0009430738503098678, -0.016039429243776968, 0.018219084800940335, 0.010138299723051343, 0.0, -0.007731429211699839, -0.0011036692934157865, 0.0020971101912857578, -0.038568251136387205, 0.025778882319434947, -0.00590372955214872, 0.0038731878769518897, 0.03333012678551524, -0.05036716114826916, 0.019295373035243733, -0.004227360783119076, 0.020912072576509996, -0.014821910302156594, -0.0008516828170856664, -5.5648238052586656e-06, 0.005955078100961548, -0.0024209641481818815, 0.0032812844009270582, -0.005782341372894287, 0.0027982012832757216, 0.006732792137550284, 0.009232009628961578, -0.010194497286525345, -0.0031499469308042547, -0.001721490657438023, 0.004701988457346566, -0.032842068020392946, -0.016123294021907677, 0.026613201655195387, 0.01036543047180281, 0.004114096235417824, 0.01647646389329467, 0.01777214675209184, -0.022430982915808948, -0.009685403628124777, -0.008004560453657106, -0.010335158490611477, 0.019438655555894944, -0.0033933441318410897, 0.010137100776311275, -0.035035290181922654, 0.02656137917189547, 0.02624347366405566, -0.03820192896748972, 0.011745773744586812, 0.001945464154257215, 0.00221647841316004, 0.021444467139295556, 0.009164255645019492, -0.01859311574121742, -0.007912687528823249, -0.018260319485361873, -0.015026916664186143, -0.007996795409771908, 0.016316158972904473, 0.01933071589781897, 0.011452141802745444, -0.012788407658906056, -0.0036457421771008036, 0.0, 0.006455549761595976, 0.02820104207261794, -0.0415559245799982, -0.03846776028725251, 0.06842635535178164, -0.022234214587706875, 0.012597035023178906, -0.010634336304484664, -0.006924540028575909, 0.012401115998657208, -0.015673246901770525, 0.01912028540794199, 0.01113574498593199, -0.031729731221640856, 0.012654317527079536, -0.02352148193358745, 0.017106952440715376, 0.030116501096582843, 0.022889194626411927, -0.06576341884746903, 0.02396398674915434, -0.0252232104484151, 0.03704447860009569, 0.0045705530512165716, -0.00017867557112625089, -0.006395094378796425, -0.020519806789188296, -0.020138507544677012, -0.005015367707525754, 0.04301323019007772, -0.01760603876308762, -0.007548489535784686, 0.027592702125029105, 0.005512430722172436, -0.015310704656202212, -0.01994855737977592, 0.01046305901551502, 0.00217588362833974, 0.008934254488221417, -0.007475601547770148, 0.001384251580725293], [-0.615111434209916, -3.5302752394424846, 17.690719990742632, -46.428570087421946, 86.36809358673901, -130.20328908155048, 205.61661462863236, -89.91683810318213, -39.68570514639712, -0.09779630676435148, 0.6649213250619092, -1.1916227051987478, 1.502298779176761, -1.3444376257458845, 0.7773452390238997, -0.23032369271958444, 0.01747710862586706, -1.1071012038834263, 3.946126643795606, -5.015238381669984, 4.511640490167391, -2.579433972797121, 0.7234613807733508, -0.03546790249157465, -3.536391287670787, 9.101899065417243, -8.237834848087427, 4.662100224678965, -1.2403774381864838, 0.025739637100093526, -5.921657196337817, 10.781575610745948, -6.111981279107849, 1.6317779560789207, -0.03474765039636505, -4.905561103413287, 5.502029663122467, -1.4180789255745887, 0.0, -1.459266885337417, 0.5847085100128296, 0.1000654778348958, 0.040456793055617044, -0.14446585652560207, 0.03822717603896925, -0.0021066058170874165, 0.012444088347489486, -0.013314393094090377, 0.013953452199980391, -0.014761413204955186, 0.013002076119448263, -0.004456731456514928, -0.00046960383351172727, -0.020432839845239286, 0.028812402963538607, -0.02558194876732667, 0.03266442743213695, -0.0409269658948757, 0.007902728826519344, 0.009524352222324754, 0.010148195280974695, -0.04963437159496105, 0.046459016099574285, -0.0019458234404532142, 0.01656694621118428, -0.02128492005961614, 0.05270168977165747, -0.10857499905583726, 0.021818253677805984, -0.006111465473397045, 0.010395749963251589, 0.054633917264495145, -0.007875428313556872, -0.024162383601609567, 0.012476665877514318, -0.020778279608214656, 0.03902086077263016, -0.019618819399676905, -0.012275528583299024, 0.012422985171288868, -0.0028173933121538224, 0.009484297196548782, -0.013149779302910412, 0.02115481577609765, -0.033171150376478026, 0.05220994106901197, -0.0033452901401810806, -0.020242795587441433, -0.015152447198550013, 0.011719633287473344, -0.011633788583692939, -0.0737054073313787, -0.04050261730577882, 0.07765407319112168, 0.0008612353149987976, 0.0305641722481494, 0.11369557082603686, -0.022036703601187927, -0.039801505221823304, -0.03510877274333357, -0.1074258314817149, 0.08428680394672658, -0.02706248786324299, 0.07345074811186163, -0.07496719717936723, 0.039843967311306655, 0.01050695806779948, -0.02129898301215027, 0.0067390915870031085, 0.008711999343706204, 0.011934748066064368, 0.038905106801656465, 0.005870200157822874, 0.0814917467111477, -0.0785013885137312, -0.07013680842412624, -0.052638826796505125, -0.07043239647609749, -0.09826764543011116, 0.10957164987563696, 0.12913519347110625, -0.060117363026416654, 0.06373451323474934, -0.01464032123018005, 0.032641618201530956, -0.11071455536291139, 0.0, 0.06459844804874514, -0.007483123340324624, -0.006688639953098975, 0.06208053673619007, -0.04384909077544536, 0.1112302831712438, -0.007177368497351235, -0.020640236539372952, -0.08319855551484681, -0.0662480080124137, 0.04096146641879796, -0.05775794819458887, 0.015971994550756857, 0.05903766337334183, 0.045929270241540816, -0.05780640858058467, -0.014640171159461379, 0.013577548529247281, 0.056643493779250334, -0.007147186408603218, -0.042510989979309494, 0.06912940714459216, -0.01193915775100688, -0.0034434331184314618, -0.10053749309540788, 0.029507417143169158, 0.04633797464547242, -0.019606180076070952, -0.006311123083426436, 0.042632662979646276, 0.029575870893633463, -0.054786154391666654, -0.01838666244813081, 0.012257632048589357, 0.01731692794977006, -0.0007100401356025784, -0.0048254267614331455, 0.0009780073184363605], [4.343179034206385, 18.72545600191212, -92.31644191293631, 232.39626483296547, -403.2684918187654, 529.8570063839625, -552.653047786678, 508.00310830847593, -240.0745749793245, 0.4870912823325952, -3.3251041326543826, 5.940617126108772, -7.314287036938969, 6.709869176841072, -4.58964675339747, 2.2088539589296006, -0.5946102844769408, 5.544231084704281, -19.794062318277938, 24.76843932714263, -23.323905019969235, 16.48064008576273, -8.25538746901793, 2.31305550312514, 17.880743679498966, -45.65561614857628, 44.0895074234639, -32.00848661964465, 16.54980633953358, -4.76775629857778, 29.757410810173475, -58.80647139612792, 43.6649696259778, -23.14778235632453, 6.788924755864356, 29.66697547831719, -44.78796546134551, 24.11669243058059, -7.107000254223459, 17.074726074322434, -18.5206406103897, 5.415835785492311, 4.9908264390216255, -2.8128907582755813, 0.36260836083236686, 0.0032894724500648316, -0.0182189606032196, 0.02120969106580611, -0.010644700990617647, -0.0027232955687945338, 0.005788643665376604, 0.002797624508137239, -0.004101005644228668, 0.02364500617320373, -0.05142153829463958, 0.0034085156030902847, 0.04849428716835575, -0.05073605774372681, -0.002847339120873079, 0.015913033007533675, 0.05149622220405145, -0.08138819007686399, 0.022093208504703015, 0.0107693300019762, 0.03190949692206876, -0.030534027438117325, 0.049572287076013244, -0.059990767714298426, -0.000591117392154631, -0.020809664369404495, 0.023112612754989676, 0.020217927943951608, 0.03617151072922059, -0.03422733167232756, 0.006227956727087118, -0.05221604588326357, 0.09077115782835803, -0.03033622935339788, -0.038529240158599674, 0.02481911771134121, -0.003148365242945977, 0.006157089486479918, -0.039874547397348664, 0.09181180415470545, -0.1233339479063894, 0.09994014189652056, -0.018507096386558647, -0.006659758414437676, 0.01694051190657007, -0.07087938192108621, 0.10803204808284077, -0.11587356476076746, -0.019655039744937285, 0.028601074812733704, 0.0006696345808752533, 0.053363819417548704, 0.025940993521517033, 0.02563483645063766, -0.00976255245465825, -0.0962107565711451, 0.04172712134480902, 0.02540026628241065, -0.03747811541771207, 0.05354253160113965, -0.1487070424159067, 0.07924940100615786, 0.07253457914355116, -0.05613968992724877, 0.006067064441421124, 0.022022566736472092, -0.05115126497037792, 0.03510766353410439, 0.01064251852122379, 0.0517233427991827, -0.023467968984996312, 0.020003797179241892, -0.09588691967254366, -0.034147132784736536, -0.08458767170216223, 0.021197805206265876, 0.15598601129297368, -0.12496236514128592, 0.08523530646206075, 0.012604650083777844, -0.018138867945648184, 0.0579588634606794, -0.053472386614569295, -0.02742211323183169, 0.016951486449952865, 0.006924719173006659, 0.05591205555549642, -0.1296078272071497, 0.16156747180848827, -0.005831041289978887, 0.004841908789592434, 0.012351124255028219, -0.1177310179218156, -0.05852080606124167, -0.009995373772746188, 0.0939821914483487, -0.04049173665018097, 0.033460646091517325, -0.01127862302616929, 0.021808165628185806, -0.018373278239788807, 0.053569325896201114, -0.08445754138280931, 0.10440285628367653, -0.011718790127745073, 0.015464499991147887, -0.0749514857512043, -0.010786301518258955, 0.038548719583009275, -0.02627214296857385, 0.01628713556198804, 0.02132564314102463, -0.03867594671094711, 0.031308241161067035, 0.03399677562591576, -0.03597123622343511, 0.00046346287593084786, -0.014742409984885902, 0.021279461039406596, -0.007010659625100637, 0.0009030404933812845]]",(x0)' = -6.558 1 +  239.997 x0 + -509.214 x1 +  556.536 x2 + -536.298 x3 +  410.707 x4 + -238.436 x5 +  95.457 x6 + -19.476 x7 + -0.412 x0^2 +  3.192 x0 x1 + -6.119 x0 x2 +  7.737 x0 x3 + -7.039 x0 x4 +  4.691 x0 x5 + -2.174 x0 x6 +  0.564 x0 x7 + -5.667 x1^2 +  20.689 x1 x2 + -25.551 x1 x3 +  23.000 x1 x4 + -15.301 x1 x5 +  7.126 x1 x6 + -1.898 x1 x7 + -18.255 x2^2 +  44.234 x2 x3 + -39.485 x2 x4 +  26.283 x2 x5 + -12.398 x2 x6 +  3.425 x2 x7 + -26.436 x3^2 +  47.008 x3 x4 + -31.459 x3 x5 +  15.159 x3 x6 + -4.376 x3 x7 + -21.006 x4^2 +  28.451 x4 x5 + -14.084 x4 x6 +  4.241 x4 x7 + -9.783 x5^2 +  9.983 x5 x6 + -3.117 x5 x7 + -2.644 x6^2 +  1.680 x6 x7 + -0.259 x7^2 + -0.001 x0^3 +  0.011 x0^2 x1 + -0.012 x0^2 x2 +  0.012 x0^2 x3 + -0.018 x0^2 x4 +  0.022 x0^2 x5 + -0.018 x0^2 x6 +  0.004 x0^2 x7 + -0.027 x0 x1^2 +  0.052 x0 x1 x2 + -0.039 x0 x1 x3 +  0.061 x0 x1 x4 + -0.085 x0 x1 x5 +  0.085 x0 x1 x6 + -0.018 x0 x1 x7 + -0.029 x0 x2^2 +  0.042 x0 x2 x3 + -0.064 x0 x2 x4 +  0.070 x0 x2 x5 + -0.081 x0 x2 x6 +  0.008 x0 x2 x7 + -0.016 x0 x3^2 +  0.065 x0 x3 x4 + -0.030 x0 x3 x5 +  0.030 x0 x3 x6 +  0.021 x0 x3 x7 + -0.053 x0 x4^2 +  0.023 x0 x4 x5 +  0.027 x0 x4 x6 + -0.051 x0 x4 x7 +  0.035 x0 x5^2 + -0.107 x0 x5 x6 +  0.074 x0 x5 x7 +  0.059 x0 x6^2 + -0.062 x0 x6 x7 +  0.014 x0 x7^2 +  0.011 x1^3 + -0.011 x1^2 x2 + -0.038 x1^2 x3 +  0.028 x1^2 x4 +  0.017 x1^2 x5 + -0.072 x1^2 x6 +  0.015 x1^2 x7 +  0.005 x1 x2^2 +  0.106 x1 x2 x3 + -0.107 x1 x2 x4 +  0.076 x1 x2 x5 +  0.119 x1 x2 x6 + -0.002 x1 x2 x7 + -0.097 x1 x3^2 +  0.108 x1 x3 x4 + -0.148 x1 x3 x5 + -0.030 x1 x3 x6 + -0.052 x1 x3 x7 +  0.070 x1 x4^2 + -0.029 x1 x4 x5 +  0.007 x1 x4 x6 +  0.090 x1 x4 x7 + -0.048 x1 x5^2 +  0.158 x1 x5 x6 + -0.142 x1 x5 x7 + -0.106 x1 x6^2 +  0.127 x1 x6 x7 + -0.029 x1 x7^2 + -0.036 x2^3 +  0.073 x2^2 x3 + -0.035 x2^2 x4 + -0.058 x2^2 x5 + -0.079 x2^2 x6 + -0.006 x2^2 x7 + -0.041 x2 x3^2 +  0.123 x2 x3 x4 +  0.174 x2 x3 x5 +  0.110 x2 x3 x6 +  0.046 x2 x3 x7 + -0.263 x2 x4^2 +  0.243 x2 x4 x5 + -0.224 x2 x4 x6 + -0.034 x2 x4 x7 + -0.044 x2 x5^2 +  0.014 x2 x5 x6 +  0.096 x2 x5 x7 +  0.049 x2 x6^2 + -0.099 x2 x6 x7 +  0.026 x2 x7^2 + -0.036 x3^3 +  0.094 x3^2 x4 + -0.273 x3^2 x5 +  0.018 x3^2 x6 + -0.035 x3^2 x7 +  0.060 x3 x4^2 +  0.180 x3 x4 x5 +  0.098 x3 x4 x6 +  0.018 x3 x4 x7 + -0.133 x3 x5^2 +  0.065 x3 x5 x6 + -0.065 x3 x5 x7 + -0.031 x3 x6^2 +  0.054 x3 x6 x7 + -0.014 x3 x7^2 + -0.074 x4^3 +  0.052 x4^2 x5 + -0.116 x4^2 x6 +  0.029 x4^2 x7 +  0.025 x4 x5^2 +  0.071 x4 x5 x6 + -0.016 x4 x5 x7 + -0.027 x4 x6^2 +  0.009 x4 x6 x7 + -0.001 x4 x7^2 + -0.019 x5^3 + -0.005 x5^2 x6 +  0.004 x5^2 x7 +  0.017 x5 x6^2 + -0.012 x5 x6 x7 +  0.003 x5 x7^2 + -0.006 x6^3 +  0.006 x6^2 x7 + -0.002 x6 x7^2 | (x1)' =  0.914 1 +  39.909 x0 +  89.961 x1 + -206.961 x2 +  133.112 x3 + -89.806 x4 +  49.034 x5 + -18.937 x6 +  3.800 x7 +  0.004 x0^2 + -0.117 x0 x1 +  0.238 x0 x2 + -0.227 x0 x3 +  0.103 x0 x4 +  0.022 x0 x5 + -0.053 x0 x6 +  0.021 x0 x7 +  0.334 x1^2 + -1.250 x1 x2 +  1.298 x1 x3 + -0.833 x1 x4 +  0.265 x1 x5 +  0.017 x1 x6 + -0.030 x1 x7 +  1.123 x2^2 + -2.292 x2 x3 +  1.512 x2 x4 + -0.592 x2 x5 +  0.097 x2 x6 +  0.002 x2 x7 +  1.133 x3^2 + -1.531 x3 x4 +  0.737 x3 x5 + -0.279 x3 x6 +  0.085 x3 x7 +  0.613 x4^2 + -0.863 x4 x5 +  0.529 x4 x6 + -0.202 x4 x7 +  0.429 x5^2 + -0.634 x5 x6 +  0.249 x5 x7 +  0.245 x6^2 + -0.188 x6 x7 +  0.034 x7^2 + -0.005 x0^3 +  0.032 x0^2 x1 + -0.035 x0^2 x2 +  0.022 x0^2 x3 + -0.008 x0^2 x4 +  0.003 x0^2 x5 + -0.003 x0^2 x6 +  0.001 x0^2 x7 + -0.067 x0 x1^2 +  0.129 x0 x1 x2 + -0.057 x0 x1 x3 + -0.003 x0 x1 x4 +  0.015 x0 x1 x5 + -0.002 x0 x1 x7 + -0.049 x0 x2^2 +  0.017 x0 x2 x3 +  0.016 x0 x2 x4 + -0.019 x0 x2 x6 +  0.008 x0 x2 x7 +  0.019 x0 x3^2 + -0.020 x0 x3 x4 + -0.037 x0 x3 x5 +  0.056 x0 x3 x6 + -0.019 x0 x3 x7 + -0.012 x0 x4^2 +  0.086 x0 x4 x5 + -0.087 x0 x4 x6 +  0.025 x0 x4 x7 + -0.058 x0 x5^2 +  0.087 x0 x5 x6 + -0.021 x0 x5 x7 + -0.026 x0 x6^2 +  0.009 x0 x6 x7 +  0.046 x1^3 + -0.117 x1^2 x2 +  0.029 x1^2 x3 +  0.031 x1^2 x4 + -0.048 x1^2 x5 +  0.026 x1^2 x6 + -0.006 x1^2 x7 +  0.071 x1 x2^2 +  0.026 x1 x2 x3 + -0.053 x1 x2 x4 +  0.065 x1 x2 x5 + -0.038 x1 x2 x6 +  0.010 x1 x2 x7 + -0.060 x1 x3^2 +  0.053 x1 x3 x4 + -0.013 x1 x3 x5 + -0.011 x1 x3 x6 +  0.002 x1 x3 x7 +  0.002 x1 x4^2 + -0.025 x1 x4 x5 +  0.035 x1 x4 x6 +  0.001 x1 x4 x7 +  0.008 x1 x5^2 + -0.006 x1 x5 x6 + -0.020 x1 x5 x7 + -0.009 x1 x6^2 +  0.026 x1 x6 x7 + -0.008 x1 x7^2 + -0.001 x2^3 + -0.052 x2^2 x3 + -0.025 x2^2 x4 +  0.014 x2^2 x5 +  0.005 x2^2 x6 + -0.001 x2^2 x7 +  0.071 x2 x3^2 +  0.079 x2 x3 x4 + -0.070 x2 x3 x5 +  0.032 x2 x3 x6 + -0.010 x2 x3 x7 + -0.070 x2 x4^2 +  0.041 x2 x4 x5 + -0.010 x2 x4 x6 + -0.012 x2 x4 x7 +  0.043 x2 x5^2 + -0.095 x2 x5 x6 +  0.061 x2 x5 x7 +  0.057 x2 x6^2 + -0.067 x2 x6 x7 +  0.018 x2 x7^2 + -0.033 x3^3 + -0.006 x3^2 x4 +  0.013 x3^2 x5 + -0.026 x3^2 x6 +  0.012 x3^2 x7 +  0.003 x3 x4^2 +  0.047 x3 x4 x5 +  0.026 x3 x4 x6 + -0.007 x3 x4 x7 + -0.066 x3 x5^2 +  0.072 x3 x5 x6 + -0.044 x3 x5 x7 + -0.045 x3 x6^2 +  0.058 x3 x6 x7 + -0.017 x3 x7^2 +  0.016 x4^3 + -0.040 x4^2 x5 + -0.035 x4^2 x6 +  0.013 x4^2 x7 +  0.016 x4 x5^2 +  0.061 x4 x5 x6 + -0.011 x4 x5 x7 + -0.018 x4 x6^2 + -0.009 x4 x6 x7 +  0.008 x4 x7^2 +  0.016 x5^3 + -0.068 x5^2 x6 +  0.018 x5^2 x7 +  0.051 x5 x6^2 + -0.020 x5 x6 x7 + -0.012 x6^3 +  0.008 x6^2 x7 + -0.001 x6 x7^2 | (x2)' =  0.064 1 + -5.841 x0 +  62.629 x1 +  42.628 x2 + -138.246 x3 +  57.811 x4 + -26.242 x5 +  8.810 x6 + -1.557 x7 + -0.057 x0^2 +  0.450 x0 x1 + -1.000 x0 x2 +  1.543 x0 x3 + -1.696 x0 x4 +  1.319 x0 x5 + -0.659 x0 x6 +  0.162 x0 x7 + -0.878 x1^2 +  3.918 x1 x2 + -6.090 x1 x3 +  6.756 x1 x4 + -5.311 x1 x5 +  2.693 x1 x6 + -0.674 x1 x7 + -4.380 x2^2 +  13.598 x2 x3 + -15.076 x2 x4 +  11.857 x2 x5 + -6.044 x2 x6 +  1.534 x2 x7 + -10.468 x3^2 +  23.044 x3 x4 + -18.036 x3 x5 +  9.207 x3 x6 + -2.357 x3 x7 + -12.588 x4^2 +  19.595 x4 x5 + -9.999 x4 x6 +  2.574 x4 x7 + -7.586 x5^2 +  7.730 x5 x6 + -1.994 x5 x7 + -1.970 x6^2 +  1.015 x6 x7 + -0.130 x7^2 + -0.002 x0^3 +  0.010 x0^2 x1 + -0.006 x0^2 x2 + -0.009 x0^2 x3 +  0.021 x0^2 x4 + -0.024 x0^2 x5 +  0.016 x0^2 x6 + -0.003 x0^2 x7 + -0.025 x0 x1^2 +  0.032 x0 x1 x2 +  0.032 x0 x1 x3 + -0.076 x0 x1 x4 +  0.093 x0 x1 x5 + -0.068 x0 x1 x6 +  0.011 x0 x1 x7 + -0.002 x0 x2^2 + -0.058 x0 x2 x3 +  0.072 x0 x2 x4 + -0.071 x0 x2 x5 +  0.054 x0 x2 x6 +  0.003 x0 x2 x7 +  0.043 x0 x3^2 + -0.059 x0 x3 x4 +  0.013 x0 x3 x5 +  0.003 x0 x3 x6 + -0.029 x0 x3 x7 +  0.012 x0 x4^2 +  0.043 x0 x4 x5 + -0.061 x0 x4 x6 +  0.046 x0 x4 x7 + -0.056 x0 x5^2 +  0.109 x0 x5 x6 + -0.051 x0 x5 x7 + -0.046 x0 x6^2 +  0.035 x0 x6 x7 + -0.005 x0 x7^2 +  0.026 x1^3 + -0.078 x1^2 x2 +  0.019 x1^2 x3 +  0.011 x1^2 x4 + -0.048 x1^2 x5 +  0.058 x1^2 x6 + -0.002 x1^2 x7 +  0.068 x1 x2^2 + -0.022 x1 x2 x3 +  0.055 x1 x2 x4 + -0.004 x1 x2 x5 + -0.083 x1 x2 x6 + -0.037 x1 x2 x7 + -0.022 x1 x3^2 + -0.031 x1 x3 x4 +  0.062 x1 x3 x5 +  0.009 x1 x3 x6 +  0.079 x1 x3 x7 + -0.015 x1 x4^2 + -0.011 x1 x4 x5 +  0.016 x1 x4 x6 + -0.077 x1 x4 x7 +  0.037 x1 x5^2 + -0.092 x1 x5 x6 +  0.069 x1 x5 x7 +  0.051 x1 x6^2 + -0.044 x1 x6 x7 +  0.006 x1 x7^2 + -0.002 x2^3 + -0.063 x2^2 x3 + -0.039 x2^2 x4 +  0.046 x2^2 x5 +  0.047 x2^2 x6 +  0.040 x2^2 x7 +  0.107 x2 x3^2 +  0.004 x2 x3 x4 + -0.105 x2 x3 x5 + -0.069 x2 x3 x6 + -0.106 x2 x3 x7 +  0.071 x2 x4^2 + -0.121 x2 x4 x5 +  0.145 x2 x4 x6 +  0.048 x2 x4 x7 +  0.052 x2 x5^2 + -0.066 x2 x5 x6 + -0.016 x2 x5 x7 +  0.003 x2 x6^2 +  0.001 x2 x6 x7 +  0.004 x2 x7^2 + -0.025 x3^3 + -0.060 x3^2 x4 +  0.136 x3^2 x5 + -0.005 x3^2 x6 +  0.060 x3^2 x7 +  0.007 x3 x4^2 + -0.065 x3 x4 x5 + -0.067 x3 x4 x6 + -0.036 x3 x4 x7 +  0.044 x3 x5^2 + -0.021 x3 x5 x6 +  0.001 x3 x5 x7 +  0.018 x3 x6^2 +  0.011 x3 x6 x7 + -0.009 x3 x7^2 +  0.042 x4^3 + -0.076 x4^2 x5 +  0.066 x4^2 x6 + -0.021 x4^2 x7 +  0.012 x4 x5^2 +  0.010 x4 x5 x6 +  0.040 x4 x5 x7 + -0.029 x4 x6^2 + -0.020 x4 x6 x7 +  0.011 x4 x7^2 +  0.021 x5^3 + -0.067 x5^2 x6 + -0.009 x5^2 x7 +  0.066 x5 x6^2 + -0.001 x5 x6 x7 + -0.007 x5 x7^2 + -0.018 x6^3 +  0.004 x6^2 x7 +  0.003 x6 x7^2 + -0.001 x7^3 | (x3)' =  0.365 1 +  2.339 x0 + -15.308 x1 +  82.565 x2 +  13.542 x3 + -106.366 x4 +  31.110 x5 + -9.665 x6 +  1.803 x7 +  0.032 x0^2 + -0.183 x0 x1 +  0.278 x0 x2 + -0.336 x0 x3 +  0.332 x0 x4 + -0.256 x0 x5 +  0.126 x0 x6 + -0.030 x0 x7 +  0.205 x1^2 + -0.485 x1 x2 +  0.534 x1 x3 + -0.564 x1 x4 +  0.488 x1 x5 + -0.252 x1 x6 +  0.064 x1 x7 +  0.178 x2^2 + -0.297 x2 x3 +  0.371 x2 x4 + -0.392 x2 x5 +  0.197 x2 x6 + -0.046 x2 x7 +  0.071 x3^2 + -0.141 x3 x4 +  0.136 x3 x5 + -0.022 x3 x7 + -0.023 x4^2 +  0.183 x4 x5 + -0.244 x4 x6 +  0.104 x4 x7 + -0.195 x5^2 +  0.368 x5 x6 + -0.139 x5 x7 + -0.147 x6^2 +  0.105 x6 x7 + -0.019 x7^2 +  0.003 x0^3 + -0.019 x0^2 x1 +  0.025 x0^2 x2 + -0.024 x0^2 x3 +  0.018 x0^2 x4 + -0.013 x0^2 x5 +  0.008 x0^2 x6 + -0.002 x0^2 x7 +  0.040 x0 x1^2 + -0.088 x0 x1 x2 +  0.067 x0 x1 x3 + -0.038 x0 x1 x4 +  0.026 x0 x1 x5 + -0.021 x0 x1 x6 +  0.005 x0 x1 x7 +  0.037 x0 x2^2 + -0.032 x0 x2 x3 +  0.001 x0 x2 x4 + -0.001 x0 x2 x5 +  0.016 x0 x2 x6 + -0.003 x0 x2 x7 + -0.008 x0 x3^2 +  0.035 x0 x3 x4 + -0.012 x0 x3 x5 + -0.023 x0 x3 x6 +  0.007 x0 x3 x7 + -0.020 x0 x4^2 +  0.007 x0 x4 x5 +  0.031 x0 x4 x6 + -0.010 x0 x4 x7 +  0.005 x0 x5^2 + -0.028 x0 x5 x6 +  0.008 x0 x5 x7 +  0.011 x0 x6^2 + -0.006 x0 x6 x7 +  0.001 x0 x7^2 + -0.023 x1^3 +  0.056 x1^2 x2 + -0.025 x1^2 x3 +  0.001 x1^2 x4 +  0.006 x1^2 x5 +  0.004 x1^2 x7 + -0.020 x1 x2^2 + -0.030 x1 x2 x3 +  0.042 x1 x2 x4 + -0.051 x1 x2 x5 +  0.019 x1 x2 x6 + -0.020 x1 x2 x7 +  0.040 x1 x3^2 + -0.050 x1 x3 x4 +  0.035 x1 x3 x5 +  0.014 x1 x3 x6 +  0.009 x1 x3 x7 +  0.003 x1 x4^2 +  0.006 x1 x4 x5 + -0.049 x1 x4 x6 +  0.004 x1 x4 x7 + -0.001 x1 x5^2 +  0.028 x1 x5 x6 + -0.011 x1 x6^2 +  0.003 x1 x6 x7 + -0.007 x2^3 +  0.030 x2^2 x3 +  0.009 x2^2 x4 +  0.015 x2^2 x5 + -0.012 x2^2 x6 +  0.017 x2^2 x7 + -0.023 x2 x3^2 + -0.068 x2 x3 x4 +  0.010 x2 x3 x5 + -0.025 x2 x3 x6 + -0.017 x2 x3 x7 +  0.073 x2 x4^2 + -0.055 x2 x4 x5 +  0.065 x2 x4 x6 + -0.014 x2 x5^2 +  0.001 x2 x5 x6 + -0.013 x2 x5 x7 + -0.001 x2 x6^2 +  0.005 x2 x6 x7 +  0.014 x3^3 +  0.001 x3^2 x4 +  0.027 x3^2 x5 +  0.016 x3^2 x6 +  0.003 x3^2 x7 + -0.006 x3 x4^2 + -0.059 x3 x4 x5 + -0.052 x3 x4 x6 +  0.009 x3 x4 x7 +  0.062 x3 x5^2 + -0.019 x3 x5 x6 +  0.008 x3 x5 x7 +  0.001 x3 x6 x7 + -0.002 x3 x7^2 + -0.003 x4^3 +  0.022 x4^2 x5 +  0.049 x4^2 x6 + -0.017 x4^2 x7 + -0.022 x4 x5^2 + -0.061 x4 x5 x6 +  0.025 x4 x5 x7 +  0.031 x4 x6^2 + -0.024 x4 x6 x7 +  0.006 x4 x7^2 + -0.001 x5^3 +  0.035 x5^2 x6 + -0.015 x5^2 x7 + -0.032 x5 x6^2 +  0.025 x5 x6 x7 + -0.005 x5 x7^2 +  0.008 x6^3 + -0.009 x6^2 x7 +  0.004 x6 x7^2 + -0.001 x7^3 | (x4)' = -0.869 1 + -1.685 x0 +  9.249 x1 + -30.320 x2 +  105.236 x3 + -12.085 x4 + -84.178 x5 +  16.542 x6 + -2.785 x7 +  0.043 x0^2 + -0.325 x0 x1 +  0.771 x0 x2 + -1.295 x0 x3 +  1.501 x0 x4 + -1.168 x0 x5 +  0.557 x0 x6 + -0.132 x0 x7 +  0.643 x1^2 + -3.094 x1 x2 +  5.186 x1 x3 + -5.977 x1 x4 +  4.640 x1 x5 + -2.219 x1 x6 +  0.526 x1 x7 +  3.667 x2^2 + -11.974 x2 x3 +  13.516 x2 x4 + -10.361 x2 x5 +  4.933 x2 x6 + -1.167 x2 x7 +  9.472 x3^2 + -20.856 x3 x4 +  15.742 x3 x5 + -7.447 x3 x6 +  1.756 x3 x7 +  11.245 x4^2 + -16.748 x4 x5 +  7.867 x4 x6 + -1.846 x4 x7 +  6.175 x5^2 + -5.759 x5 x6 +  1.340 x5 x7 +  1.331 x6^2 + -0.611 x6 x7 +  0.069 x7^2 +  0.001 x0^3 + -0.007 x0^2 x1 +  0.004 x0^2 x2 + -0.002 x0^2 x3 +  0.002 x0^2 x4 + -0.001 x0^2 x5 + -0.003 x0^2 x6 +  0.002 x0^2 x7 +  0.016 x0 x1^2 + -0.015 x0 x1 x2 + -0.001 x0 x1 x3 + -0.003 x0 x1 x4 +  0.003 x0 x1 x5 +  0.018 x0 x1 x6 + -0.009 x0 x1 x7 + -0.023 x0 x2^2 +  0.088 x0 x2 x3 + -0.068 x0 x2 x4 +  0.029 x0 x2 x5 + -0.033 x0 x2 x6 +  0.010 x0 x2 x7 + -0.073 x0 x3^2 +  0.112 x0 x3 x4 + -0.015 x0 x3 x5 + -0.008 x0 x3 x6 +  0.014 x0 x3 x7 + -0.040 x0 x4^2 + -0.035 x0 x4 x5 +  0.070 x0 x4 x6 + -0.041 x0 x4 x7 +  0.057 x0 x5^2 + -0.109 x0 x5 x6 +  0.048 x0 x5 x7 +  0.042 x0 x6^2 + -0.031 x0 x6 x7 +  0.005 x0 x7^2 + -0.019 x1^3 +  0.052 x1^2 x2 + -0.044 x1^2 x3 +  0.052 x1^2 x4 + -0.036 x1^2 x5 + -0.018 x1^2 x6 +  0.010 x1^2 x7 + -0.023 x1 x2^2 +  0.007 x1 x2 x3 + -0.052 x1 x2 x4 +  0.061 x1 x2 x5 +  0.077 x1 x2 x6 + -0.028 x1 x2 x7 +  0.028 x1 x3^2 + -0.027 x1 x3 x4 + -0.082 x1 x3 x5 + -0.003 x1 x3 x6 + -0.022 x1 x3 x7 +  0.046 x1 x4^2 +  0.051 x1 x4 x5 + -0.066 x1 x4 x6 +  0.068 x1 x4 x7 + -0.064 x1 x5^2 +  0.115 x1 x5 x6 + -0.069 x1 x5 x7 + -0.042 x1 x6^2 +  0.037 x1 x6 x7 + -0.005 x1 x7^2 + -0.008 x2^3 +  0.032 x2^2 x3 +  0.010 x2^2 x4 + -0.022 x2^2 x5 + -0.097 x2^2 x6 +  0.030 x2^2 x7 + -0.023 x2 x3^2 +  0.015 x2 x3 x4 +  0.088 x2 x3 x5 +  0.126 x2 x3 x6 + -0.007 x2 x3 x7 + -0.106 x2 x4^2 +  0.096 x2 x4 x5 + -0.115 x2 x4 x6 + -0.028 x2 x4 x7 + -0.041 x2 x5^2 +  0.090 x2 x5 x6 +  0.011 x2 x5 x7 + -0.042 x2 x6^2 +  0.018 x2 x6 x7 + -0.005 x2 x7^2 + -0.022 x3^3 +  0.066 x3^2 x4 + -0.141 x3^2 x5 +  0.001 x3^2 x6 + -0.029 x3^2 x7 +  0.043 x3 x4^2 +  0.076 x3 x4 x5 +  0.008 x3 x4 x6 +  0.077 x3 x4 x7 + -0.039 x3 x5^2 + -0.015 x3 x5 x6 + -0.036 x3 x5 x7 +  0.033 x3 x6^2 + -0.016 x3 x6 x7 +  0.006 x3 x7^2 + -0.064 x4^3 +  0.062 x4^2 x5 + -0.013 x4^2 x6 + -0.042 x4^2 x7 + -0.005 x4 x5^2 + -0.005 x4 x5 x6 +  0.050 x4 x5 x7 + -0.011 x4 x6^2 + -0.002 x4 x6 x7 + -0.002 x4 x7^2 + -0.011 x5^3 +  0.021 x5^2 x6 + -0.019 x5^2 x7 + -0.004 x5 x6^2 +  0.006 x5 x6 x7 +  0.001 x5 x7^2 + -0.001 x6^3 +  0.002 x6^2 x7 + -0.002 x6 x7^2 | (x5)' = -0.144 1 +  2.135 x0 + -10.623 x1 +  29.097 x2 + -60.877 x3 +  140.737 x4 + -44.246 x5 + -61.833 x6 +  5.642 x7 +  0.047 x0^2 + -0.349 x0 x1 +  0.696 x0 x2 + -0.920 x0 x3 +  0.866 x0 x4 + -0.595 x0 x5 +  0.295 x0 x6 + -0.085 x0 x7 +  0.637 x1^2 + -2.517 x1 x2 +  3.317 x1 x3 + -3.138 x1 x4 +  2.189 x1 x5 + -1.111 x1 x6 +  0.329 x1 x7 +  2.473 x2^2 + -6.515 x2 x3 +  6.209 x2 x4 + -4.403 x2 x5 +  2.294 x2 x6 + -0.697 x2 x7 +  4.294 x3^2 + -8.243 x3 x4 +  5.953 x3 x5 + -3.197 x3 x6 +  0.999 x3 x7 +  4.001 x4^2 + -5.903 x4 x5 +  3.267 x4 x6 + -1.046 x4 x7 +  2.232 x5^2 + -2.535 x5 x6 +  0.823 x5 x7 +  0.730 x6^2 + -0.471 x6 x7 +  0.074 x7^2 + -0.001 x0^3 +  0.008 x0^2 x1 + -0.011 x0^2 x2 +  0.012 x0^2 x3 + -0.009 x0^2 x4 +  0.007 x0^2 x5 + -0.004 x0^2 x6 +  0.001 x0^2 x7 + -0.013 x0 x1^2 +  0.032 x0 x1 x2 + -0.028 x0 x1 x3 +  0.012 x0 x1 x4 + -0.016 x0 x1 x5 +  0.012 x0 x1 x6 + -0.001 x0 x1 x7 + -0.016 x0 x2^2 +  0.018 x0 x2 x3 +  0.010 x0 x2 x4 + -0.008 x0 x2 x6 + -0.001 x0 x2 x7 +  0.002 x0 x3^2 + -0.039 x0 x3 x4 +  0.026 x0 x3 x5 + -0.006 x0 x3 x6 +  0.004 x0 x3 x7 +  0.033 x0 x4^2 + -0.050 x0 x4 x5 +  0.019 x0 x4 x6 + -0.004 x0 x4 x7 +  0.021 x0 x5^2 + -0.015 x0 x5 x6 + -0.001 x0 x5 x7 +  0.006 x0 x6 x7 + -0.002 x0 x7^2 +  0.003 x1^3 + -0.006 x1^2 x2 +  0.003 x1^2 x3 +  0.007 x1^2 x4 +  0.009 x1^2 x5 + -0.010 x1^2 x6 + -0.003 x1^2 x7 + -0.002 x1 x2^2 +  0.005 x1 x2 x3 + -0.033 x1 x2 x4 + -0.016 x1 x2 x5 +  0.027 x1 x2 x6 +  0.010 x1 x2 x7 +  0.004 x1 x3^2 +  0.016 x1 x3 x4 +  0.018 x1 x3 x5 + -0.022 x1 x3 x6 + -0.010 x1 x3 x7 + -0.008 x1 x4^2 + -0.010 x1 x4 x5 +  0.019 x1 x4 x6 + -0.003 x1 x4 x7 +  0.010 x1 x5^2 + -0.035 x1 x5 x6 +  0.027 x1 x5 x7 +  0.026 x1 x6^2 + -0.038 x1 x6 x7 +  0.012 x1 x7^2 +  0.002 x2^3 +  0.002 x2^2 x3 +  0.021 x2^2 x4 +  0.009 x2^2 x5 + -0.019 x2^2 x6 + -0.008 x2^2 x7 + -0.018 x2 x3^2 + -0.015 x2 x3 x4 + -0.008 x2 x3 x5 +  0.016 x2 x3 x6 +  0.019 x2 x3 x7 +  0.011 x2 x4^2 + -0.013 x2 x4 x5 + -0.004 x2 x4 x6 +  0.006 x2 x5^2 +  0.028 x2 x5 x6 + -0.042 x2 x5 x7 + -0.038 x2 x6^2 +  0.068 x2 x6 x7 + -0.022 x2 x7^2 +  0.013 x3^3 + -0.011 x3^2 x4 + -0.007 x3^2 x5 +  0.012 x3^2 x6 + -0.016 x3^2 x7 +  0.019 x3 x4^2 +  0.011 x3 x4 x5 + -0.032 x3 x4 x6 +  0.013 x3 x4 x7 + -0.024 x3 x5^2 +  0.017 x3 x5 x6 +  0.030 x3 x5 x7 +  0.023 x3 x6^2 + -0.066 x3 x6 x7 +  0.024 x3 x7^2 + -0.025 x4^3 +  0.037 x4^2 x5 +  0.005 x4^2 x6 + -0.006 x4 x5^2 + -0.021 x4 x5 x6 + -0.020 x4 x5 x7 + -0.005 x4 x6^2 +  0.043 x4 x6 x7 + -0.018 x4 x7^2 + -0.008 x5^3 +  0.028 x5^2 x6 +  0.006 x5^2 x7 + -0.015 x5 x6^2 + -0.020 x5 x6 x7 +  0.010 x5 x7^2 +  0.002 x6^3 +  0.009 x6^2 x7 + -0.007 x6 x7^2 +  0.001 x7^3 | (x6)' = -0.615 1 + -3.530 x0 +  17.691 x1 + -46.429 x2 +  86.368 x3 + -130.203 x4 +  205.617 x5 + -89.917 x6 + -39.686 x7 + -0.098 x0^2 +  0.665 x0 x1 + -1.192 x0 x2 +  1.502 x0 x3 + -1.344 x0 x4 +  0.777 x0 x5 + -0.230 x0 x6 +  0.017 x0 x7 + -1.107 x1^2 +  3.946 x1 x2 + -5.015 x1 x3 +  4.512 x1 x4 + -2.579 x1 x5 +  0.723 x1 x6 + -0.035 x1 x7 + -3.536 x2^2 +  9.102 x2 x3 + -8.238 x2 x4 +  4.662 x2 x5 + -1.240 x2 x6 +  0.026 x2 x7 + -5.922 x3^2 +  10.782 x3 x4 + -6.112 x3 x5 +  1.632 x3 x6 + -0.035 x3 x7 + -4.906 x4^2 +  5.502 x4 x5 + -1.418 x4 x6 + -1.459 x5^2 +  0.585 x5 x6 +  0.100 x5 x7 +  0.040 x6^2 + -0.144 x6 x7 +  0.038 x7^2 + -0.002 x0^3 +  0.012 x0^2 x1 + -0.013 x0^2 x2 +  0.014 x0^2 x3 + -0.015 x0^2 x4 +  0.013 x0^2 x5 + -0.004 x0^2 x6 + -0.020 x0 x1^2 +  0.029 x0 x1 x2 + -0.026 x0 x1 x3 +  0.033 x0 x1 x4 + -0.041 x0 x1 x5 +  0.008 x0 x1 x6 +  0.010 x0 x1 x7 +  0.010 x0 x2^2 + -0.050 x0 x2 x3 +  0.046 x0 x2 x4 + -0.002 x0 x2 x5 +  0.017 x0 x2 x6 + -0.021 x0 x2 x7 +  0.053 x0 x3^2 + -0.109 x0 x3 x4 +  0.022 x0 x3 x5 + -0.006 x0 x3 x6 +  0.010 x0 x3 x7 +  0.055 x0 x4^2 + -0.008 x0 x4 x5 + -0.024 x0 x4 x6 +  0.012 x0 x4 x7 + -0.021 x0 x5^2 +  0.039 x0 x5 x6 + -0.020 x0 x5 x7 + -0.012 x0 x6^2 +  0.012 x0 x6 x7 + -0.003 x0 x7^2 +  0.009 x1^3 + -0.013 x1^2 x2 +  0.021 x1^2 x3 + -0.033 x1^2 x4 +  0.052 x1^2 x5 + -0.003 x1^2 x6 + -0.020 x1^2 x7 + -0.015 x1 x2^2 +  0.012 x1 x2 x3 + -0.012 x1 x2 x4 + -0.074 x1 x2 x5 + -0.041 x1 x2 x6 +  0.078 x1 x2 x7 +  0.001 x1 x3^2 +  0.031 x1 x3 x4 +  0.114 x1 x3 x5 + -0.022 x1 x3 x6 + -0.040 x1 x3 x7 + -0.035 x1 x4^2 + -0.107 x1 x4 x5 +  0.084 x1 x4 x6 + -0.027 x1 x4 x7 +  0.073 x1 x5^2 + -0.075 x1 x5 x6 +  0.040 x1 x5 x7 +  0.011 x1 x6^2 + -0.021 x1 x6 x7 +  0.007 x1 x7^2 +  0.009 x2^3 +  0.012 x2^2 x3 +  0.039 x2^2 x4 +  0.006 x2^2 x5 +  0.081 x2^2 x6 + -0.079 x2^2 x7 + -0.070 x2 x3^2 + -0.053 x2 x3 x4 + -0.070 x2 x3 x5 + -0.098 x2 x3 x6 +  0.110 x2 x3 x7 +  0.129 x2 x4^2 + -0.060 x2 x4 x5 +  0.064 x2 x4 x6 + -0.015 x2 x4 x7 +  0.033 x2 x5^2 + -0.111 x2 x5 x6 +  0.065 x2 x6^2 + -0.007 x2 x6 x7 + -0.007 x2 x7^2 +  0.062 x3^3 + -0.044 x3^2 x4 +  0.111 x3^2 x5 + -0.007 x3^2 x6 + -0.021 x3^2 x7 + -0.083 x3 x4^2 + -0.066 x3 x4 x5 +  0.041 x3 x4 x6 + -0.058 x3 x4 x7 +  0.016 x3 x5^2 +  0.059 x3 x5 x6 +  0.046 x3 x5 x7 + -0.058 x3 x6^2 + -0.015 x3 x6 x7 +  0.014 x3 x7^2 +  0.057 x4^3 + -0.007 x4^2 x5 + -0.043 x4^2 x6 +  0.069 x4^2 x7 + -0.012 x4 x5^2 + -0.003 x4 x5 x6 + -0.101 x4 x5 x7 +  0.030 x4 x6^2 +  0.046 x4 x6 x7 + -0.020 x4 x7^2 + -0.006 x5^3 +  0.043 x5^2 x6 +  0.030 x5^2 x7 + -0.055 x5 x6^2 + -0.018 x5 x6 x7 +  0.012 x5 x7^2 +  0.017 x6^3 + -0.001 x6^2 x7 + -0.005 x6 x7^2 +  0.001 x7^3 | (x7)' =  4.343 1 +  18.725 x0 + -92.316 x1 +  232.396 x2 + -403.268 x3 +  529.857 x4 + -552.653 x5 +  508.003 x6 + -240.075 x7 +  0.487 x0^2 + -3.325 x0 x1 +  5.941 x0 x2 + -7.314 x0 x3 +  6.710 x0 x4 + -4.590 x0 x5 +  2.209 x0 x6 + -0.595 x0 x7 +  5.544 x1^2 + -19.794 x1 x2 +  24.768 x1 x3 + -23.324 x1 x4 +  16.481 x1 x5 + -8.255 x1 x6 +  2.313 x1 x7 +  17.881 x2^2 + -45.656 x2 x3 +  44.090 x2 x4 + -32.008 x2 x5 +  16.550 x2 x6 + -4.768 x2 x7 +  29.757 x3^2 + -58.806 x3 x4 +  43.665 x3 x5 + -23.148 x3 x6 +  6.789 x3 x7 +  29.667 x4^2 + -44.788 x4 x5 +  24.117 x4 x6 + -7.107 x4 x7 +  17.075 x5^2 + -18.521 x5 x6 +  5.416 x5 x7 +  4.991 x6^2 + -2.813 x6 x7 +  0.363 x7^2 +  0.003 x0^3 + -0.018 x0^2 x1 +  0.021 x0^2 x2 + -0.011 x0^2 x3 + -0.003 x0^2 x4 +  0.006 x0^2 x5 +  0.003 x0^2 x6 + -0.004 x0^2 x7 +  0.024 x0 x1^2 + -0.051 x0 x1 x2 +  0.003 x0 x1 x3 +  0.048 x0 x1 x4 + -0.051 x0 x1 x5 + -0.003 x0 x1 x6 +  0.016 x0 x1 x7 +  0.051 x0 x2^2 + -0.081 x0 x2 x3 +  0.022 x0 x2 x4 +  0.011 x0 x2 x5 +  0.032 x0 x2 x6 + -0.031 x0 x2 x7 +  0.050 x0 x3^2 + -0.060 x0 x3 x4 + -0.001 x0 x3 x5 + -0.021 x0 x3 x6 +  0.023 x0 x3 x7 +  0.020 x0 x4^2 +  0.036 x0 x4 x5 + -0.034 x0 x4 x6 +  0.006 x0 x4 x7 + -0.052 x0 x5^2 +  0.091 x0 x5 x6 + -0.030 x0 x5 x7 + -0.039 x0 x6^2 +  0.025 x0 x6 x7 + -0.003 x0 x7^2 +  0.006 x1^3 + -0.040 x1^2 x2 +  0.092 x1^2 x3 + -0.123 x1^2 x4 +  0.100 x1^2 x5 + -0.019 x1^2 x6 + -0.007 x1^2 x7 +  0.017 x1 x2^2 + -0.071 x1 x2 x3 +  0.108 x1 x2 x4 + -0.116 x1 x2 x5 + -0.020 x1 x2 x6 +  0.029 x1 x2 x7 +  0.001 x1 x3^2 +  0.053 x1 x3 x4 +  0.026 x1 x3 x5 +  0.026 x1 x3 x6 + -0.010 x1 x3 x7 + -0.096 x1 x4^2 +  0.042 x1 x4 x5 +  0.025 x1 x4 x6 + -0.037 x1 x4 x7 +  0.054 x1 x5^2 + -0.149 x1 x5 x6 +  0.079 x1 x5 x7 +  0.073 x1 x6^2 + -0.056 x1 x6 x7 +  0.006 x1 x7^2 +  0.022 x2^3 + -0.051 x2^2 x3 +  0.035 x2^2 x4 +  0.011 x2^2 x5 +  0.052 x2^2 x6 + -0.023 x2^2 x7 +  0.020 x2 x3^2 + -0.096 x2 x3 x4 + -0.034 x2 x3 x5 + -0.085 x2 x3 x6 +  0.021 x2 x3 x7 +  0.156 x2 x4^2 + -0.125 x2 x4 x5 +  0.085 x2 x4 x6 +  0.013 x2 x4 x7 + -0.018 x2 x5^2 +  0.058 x2 x5 x6 + -0.053 x2 x5 x7 + -0.027 x2 x6^2 +  0.017 x2 x6 x7 +  0.007 x2 x7^2 +  0.056 x3^3 + -0.130 x3^2 x4 +  0.162 x3^2 x5 + -0.006 x3^2 x6 +  0.005 x3^2 x7 +  0.012 x3 x4^2 + -0.118 x3 x4 x5 + -0.059 x3 x4 x6 + -0.010 x3 x4 x7 +  0.094 x3 x5^2 + -0.040 x3 x5 x6 +  0.033 x3 x5 x7 + -0.011 x3 x6^2 +  0.022 x3 x6 x7 + -0.018 x3 x7^2 +  0.054 x4^3 + -0.084 x4^2 x5 +  0.104 x4^2 x6 + -0.012 x4^2 x7 +  0.015 x4 x5^2 + -0.075 x4 x5 x6 + -0.011 x4 x5 x7 +  0.039 x4 x6^2 + -0.026 x4 x6 x7 +  0.016 x4 x7^2 +  0.021 x5^3 + -0.039 x5^2 x6 +  0.031 x5^2 x7 +  0.034 x5 x6^2 + -0.036 x5 x6 x7 + -0.015 x6^3 +  0.021 x6^2 x7 + -0.007 x6 x7^2 +  0.001 x7^3
34,35.0,100.0,36.85636440989091,3,8,5,20.0,140.0,0,0.0,finite_difference,success,,1305,1320,98.86363636363636,19.474591482430696,"[""1"", ""x0"", ""x1"", ""x2"", ""x3"", ""x4"", ""x5"", ""x6"", ""x7"", ""x0^2"", ""x0 x1"", ""x0 x2"", ""x0 x3"", ""x0 x4"", ""x0 x5"", ""x0 x6"", ""x0 x7"", ""x1^2"", ""x1 x2"", ""x1 x3"", ""x1 x4"", ""x1 x5"", ""x1 x6"", ""x1 x7"", ""x2^2"", ""x2 x3"", ""x2 x4"", ""x2 x5"", ""x2 x6"", ""x2 x7"", ""x3^2"", ""x3 x4"", ""x3 x5"", ""x3 x6"", ""x3 x7"", ""x4^2"", ""x4 x5"", ""x4 x6"", ""x4 x7"", ""x5^2"", ""x5 x6"", ""x5 x7"", ""x6^2"", ""x6 x7"", ""x7^2"", ""x0^3"", ""x0^2 x1"", ""x0^2 x2"", ""x0^2 x3"", ""x0^2 x4"", ""x0^2 x5"", ""x0^2 x6"", ""x0^2 x7"", ""x0 x1^2"", ""x0 x1 x2"", ""x0 x1 x3"", ""x0 x1 x4"", ""x0 x1 x5"", ""x0 x1 x6"", ""x0 x1 x7"", ""x0 x2^2"", ""x0 x2 x3"", ""x0 x2 x4"", ""x0 x2 x5"", ""x0 x2 x6"", ""x0 x2 x7"", ""x0 x3^2"", ""x0 x3 x4"", ""x0 x3 x5"", ""x0 x3 x6"", ""x0 x3 x7"", ""x0 x4^2"", ""x0 x4 x5"", ""x0 x4 x6"", ""x0 x4 x7"", ""x0 x5^2"", ""x0 x5 x6"", ""x0 x5 x7"", ""x0 x6^2"", ""x0 x6 x7"", ""x0 x7^2"", ""x1^3"", ""x1^2 x2"", ""x1^2 x3"", ""x1^2 x4"", ""x1^2 x5"", ""x1^2 x6"", ""x1^2 x7"", ""x1 x2^2"", ""x1 x2 x3"", ""x1 x2 x4"", ""x1 x2 x5"", ""x1 x2 x6"", ""x1 x2 x7"", ""x1 x3^2"", ""x1 x3 x4"", ""x1 x3 x5"", ""x1 x3 x6"", ""x1 x3 x7"", ""x1 x4^2"", ""x1 x4 x5"", ""x1 x4 x6"", ""x1 x4 x7"", ""x1 x5^2"", ""x1 x5 x6"", ""x1 x5 x7"", ""x1 x6^2"", ""x1 x6 x7"", ""x1 x7^2"", ""x2^3"", ""x2^2 x3"", ""x2^2 x4"", ""x2^2 x5"", ""x2^2 x6"", ""x2^2 x7"", ""x2 x3^2"", ""x2 x3 x4"", ""x2 x3 x5"", ""x2 x3 x6"", ""x2 x3 x7"", ""x2 x4^2"", ""x2 x4 x5"", ""x2 x4 x6"", ""x2 x4 x7"", ""x2 x5^2"", ""x2 x5 x6"", ""x2 x5 x7"", ""x2 x6^2"", ""x2 x6 x7"", ""x2 x7^2"", ""x3^3"", ""x3^2 x4"", ""x3^2 x5"", ""x3^2 x6"", ""x3^2 x7"", ""x3 x4^2"", ""x3 x4 x5"", ""x3 x4 x6"", ""x3 x4 x7"", ""x3 x5^2"", ""x3 x5 x6"", ""x3 x5 x7"", ""x3 x6^2"", ""x3 x6 x7"", ""x3 x7^2"", ""x4^3"", ""x4^2 x5"", ""x4^2 x6"", ""x4^2 x7"", ""x4 x5^2"", ""x4 x5 x6"", ""x4 x5 x7"", ""x4 x6^2"", ""x4 x6 x7"", ""x4 x7^2"", ""x5^3"", ""x5^2 x6"", ""x5^2 x7"", ""x5 x6^2"", ""x5 x6 x7"", ""x5 x7^2"", ""x6^3"", ""x6^2 x7"", ""x6 x7^2"", ""x7^3""]","[[-32.492576228732915, 18.340731656359157, -46.97044880091763, 15.153899504603116, 2.209633891542686, 6.1120738075166345, -2.7414396188657273, 1.6740566525174732, 0.13342062268566102, 0.0048239199411420205, 0.13476441972390676, -0.05023803127974412, -0.037877884793906004, -0.03306460368811187, 0.0032551539648952004, 0.01957808086769262, 0.004687413801682174, -0.025560186272344645, -0.09340588266509305, 0.015628889168317704, 0.010783893419809279, 0.023983926214339975, -0.016805797971873915, -0.024619990041859604, 0.05875679817240601, 0.00830213354410039, 0.022398103761862145, -0.036583092609521695, -0.009780664036118169, 0.018869258596690978, -0.01645751720047131, 0.012182315395596058, 0.01564645701739546, -0.006971450845601487, 0.012380595658381873, -0.0029283794238035912, -0.008308596853064627, -0.005642853889894218, -0.002630535668928236, -0.0020236974667498307, -0.02123101298995491, 0.01821902932200667, 0.024395889964509497, -0.01533515376212706, -0.004703831415406723, -0.0002960904940652771, 0.0011653997046750344, 0.0002589841811341891, -0.00034708272713742365, -0.0002519636017693248, -0.00011739677533410056, -0.0004999881303374359, -5.927457122497752e-05, -0.0012926956698067434, 0.0017525073382232406, -0.0006819182790615614, 0.0006587344389887223, -0.000526004001267911, 0.0, 0.000232299021215263, -0.0008927457982748446, 0.0017861859194538401, -0.002127458875157725, 0.0005353735084504195, 0.00013752683174181083, -0.000481463712067923, 9.01294468260889e-06, 0.0013174357357827913, -0.0010864067773927865, 0.0002560757168858474, -0.0003741348460129482, 0.0004757260068462622, 0.0011103349668745038, -0.0001911275412943581, -0.000501212241215463, -2.9464680979325932e-05, 0.0008808399683331772, -0.00013342520231164604, 0.00013056515493163636, -0.0005168565639620073, 0.0008733554213450964, 0.0002477562342026791, -8.741135788536278e-05, 1.3598309220802164e-06, 1.6401335080509256e-05, 1.5997767791410077e-05, 0.00029219746003238383, 0.0003731945600835984, -0.00014844247530814827, -0.0008738594371966639, 0.0007196757685715553, -6.308398154545613e-05, -0.0006657158456695856, -0.00012298115671677975, 0.0003066709343592614, -0.00015381251523618274, 0.0008066025482293574, 0.0005183658894797848, 0.0, -0.0007226090331447848, -4.3789940548296585e-05, -0.0001293616879638768, 0.00022610512770023016, -0.0005154577423234299, 5.992874712711066e-05, 4.9803601383329254e-05, -0.00044179743394427603, 0.0003303759612702646, -0.000666189332866809, -0.00014743230622652615, 0.00014300198008987847, 0.00015728113212311857, 4.069880501601267e-05, 0.00039846309542224904, -0.00022993625634413396, -0.00021646836701842, -0.00029727223661223394, 0.00036579227208106664, -0.00011402593155168654, 0.0003707145440169988, 0.0005183451050721538, -0.0006823640745374461, 0.00039678526676275645, -0.000501729243659775, 4.1343198705489786e-05, -0.0005071129370128714, 0.0006479017023564407, 0.0006049588484508837, -0.00019514249616214122, 0.0002920523772579397, -0.00017243268669318902, 1.3181785282130991e-05, 4.7452306675759636e-05, -0.00011694810987595207, -0.00015152350998023996, -0.0003358189409312299, 0.00037716606375804004, -0.00035355433641612446, 0.00019940063967909373, -0.00015531737491862049, -4.003405601814805e-07, 0.00020399998043586271, -0.0004006179244563681, -2.0095700061208147e-05, -0.00019314937377394663, -6.995462270126125e-06, 0.0, 4.2073637674464104e-05, 0.0002765342034016247, -0.00035928150667754224, -8.249804131517232e-05, 0.0002756695668092442, -0.00032374551937714287, 3.4449096878401766e-05, -5.7969583454053036e-05, 0.00010477182400077376, -0.00025861643600536504, 6.511543931159173e-05, 0.0004220911839119919, -0.0002914029458456929, 0.00018500185761624626, -2.1494442437941428e-05, 0.0003301992779105376, -0.0006252064682712916, 0.00017614858137626055], [-12.755289218153868, 35.583852275026686, 2.207676280507885, -42.59097959319015, 10.63651606786926, -5.2463008813781995, 2.3985897819378788, -1.7106807792056609, 0.47235635825212646, 0.08039111029152683, -0.18000635846769567, -0.008794857672142291, 0.024691766438507973, 0.017382598690833355, 0.009098052622184926, -0.01139236328215871, -0.007038837618859317, -0.0156923634060389, 0.2165393952803015, -0.030502565210750933, 0.002602876239292271, -0.03622332497747211, 0.006721171895009468, 0.023744324826313598, -0.07933789159303832, -0.057312606129732074, 0.005823551472933951, 0.019321337554975532, 0.0185262363109702, -0.016077989258193925, 0.044181548794025416, -0.0068485235956204865, -0.004087197353417261, -0.0008576180919694504, -0.008233043248749908, -0.013523237659973403, 0.006902865017668334, -0.002197763758509872, 0.004840723507605139, -0.0007195372432504926, 0.018718262927461555, -0.009371724261035263, -0.012389852569671223, -0.004052421409924235, 0.008296831274614225, 4.726063774019119e-05, -0.0002346063797338354, -0.000471199904212772, 0.0003224772570114595, -5.952999354169236e-05, -5.818369510439902e-06, 0.00031336027917814745, 0.0002063612880533848, 0.0009409694031015528, -0.0009545670983023262, -0.00011839917490029645, -0.00037736862926839504, 0.0002400416430189575, 0.00016325669531548498, -0.00015089708570953486, 0.0011533543994798519, -0.0014740923423314893, 0.0011526104191060611, -0.0001960574644866913, -0.0006017741738732934, 4.546903543794101e-06, 0.0001554113755757364, -0.00041771296162049416, 0.0003455888179330966, 0.00040135728637949236, 0.0002658956737098665, -0.00021606184283018773, -0.00027719471391423266, -0.0002452629943933801, 0.0001712838549878095, -7.379648464242271e-06, -0.0004160419672007643, -0.0001294133976391726, -8.908740768324066e-05, 0.0005962932252671847, -0.0004471692368312856, -0.00021106671971055142, -7.745185667251782e-05, 0.00040464317012450205, -0.0002793241529127511, 8.87817869416878e-05, -0.00025415110911471383, -0.0005223208134276381, -0.0006998232219551, 0.0014731621399353717, -0.0002481161659145519, 0.0003198657144452925, 0.0004747829350213893, 0.0004980789731346611, -0.0008774339639689172, 0.0008180184565315352, -0.0009368132356425002, -0.00023928184642476533, -3.904078347853616e-05, 0.00022657226650781533, 8.849023478043626e-05, 2.7886029149946197e-05, -0.0003585091727137937, 0.00022569135393471403, 0.0001025959713147404, 0.00031345882266607715, 0.00020525404512697796, -0.00026926668459509746, 0.0002854688438887285, 0.0003592576205122755, -0.0004685128629124838, -0.00032083514446190625, 5.631821758253896e-06, -0.00021508409917067923, 0.00015115468829631932, 0.0006476312935656505, -0.00048370981425152875, 0.00014896465593245407, -0.00021619596811154153, -0.0004345820298028666, 0.00010747135376239082, -4.213242363979618e-05, 0.00033074286137580524, 0.000466655850748166, -4.005626705415082e-07, 0.00015335454903414914, -0.0004280981797640522, -0.00032849131459202895, 9.183811822668777e-05, -0.0001855102389748333, -0.000207859270632705, 0.00035908963982779284, 3.755403832734166e-05, 0.0001757202540930982, 6.448749034309448e-05, -0.00017963697987755773, -9.224401704869807e-05, -0.00018739005686695457, 0.00023946025560825083, 5.518728341551412e-05, 0.00013033863066447027, -0.0002882679644132287, 3.904668984371345e-05, 2.5487701224696478e-05, 0.00022197100422176555, 0.00010407699521069685, -0.00018393542633365407, 0.000104673872462248, -0.0002479657602089764, 0.00021102924323129307, 0.0001857494261518793, -0.00022599731064737954, 7.404067493400349e-05, 5.833125797693936e-05, 2.2938244019702434e-05, -7.187973197234204e-05, 0.0002341977030154066, -1.3124965482657962e-05, -0.00023121761379209203, 2.1208565782084363e-06, -0.00014121802073263181, -2.6355180974017603e-05, -0.00010120886301199791, 0.00031111544014267593, -5.821497297954867e-05], [3.5337383914078426, -10.324739586360769, 40.21985128494227, 0.8314122748231707, -41.012539551130025, 12.756689746120218, -4.179665336325587, 2.065339545069937, -0.9165460765275819, -0.05844787888629913, 0.05065120882122154, 0.09070512619634824, -0.04281192219589494, 0.0010391527545481791, -0.006379026608234873, 0.002371628520171361, 0.001005643392790953, 0.0995675899820038, -0.2526123856840875, -0.0005490610602508393, 0.01638311220787018, 0.02181469912611283, 0.007002801819958255, -0.009966334604505623, 0.016686724484167425, 0.1869471151897675, -0.041224644319857146, -0.008082217856543636, -0.03317203436299279, 0.006906028672876664, -0.067108152187028, -0.046858936435515273, 0.01643339823161453, 0.008456454590810224, 0.015084713239776207, 0.04281211064663163, -0.0034184341136034584, -0.00045238084056455535, -0.008104571850381175, -0.010478070508146468, -0.0019360880057892472, -0.00029353873579171736, 0.003660275089172958, 0.009824993707811848, -0.006917257500714016, 1.16307206374135e-05, -0.00017494420410189853, 0.0007133762124830539, -0.00046636015798819406, 0.00017597443660827936, 0.0, -0.00011640659952335152, -0.00019219672370878713, -0.0002367599785586243, -0.0003566112428853129, 0.0009703649678825242, 7.232765207603314e-05, -1.5243769711108677e-05, -0.00032879614938457097, -0.00010894295238883361, -0.0006525156766308611, 0.0007948998717672304, -0.0006472913053857843, -3.750716802388456e-05, 0.000545176203539396, 0.0004324834799356989, -0.00026478673063226214, 0.00038138529638013656, -3.4473470713877056e-05, -0.0005656030765231183, 0.0, 7.231150045378884e-05, 2.5028526500893838e-06, 8.239998340454797e-06, -0.00017576061666151055, -3.8159526060466705e-05, 0.0005752096394690069, 7.727793217997511e-05, 4.287306193225779e-05, -0.0004050154201692449, 0.00010599629449148699, 0.00014924453876890548, 4.796919022485996e-05, -0.0008896900883521075, 0.00038372724082951675, -9.697615439281097e-05, 0.00012027572673357739, 0.0005794087103624741, 0.0010363310429960092, -0.0008830231012403762, -5.778005117200666e-05, -0.00035811451659450305, -0.00012847295064821393, -0.00047507084969905983, 0.0011438024950264128, -0.0014115283118109855, 0.0008035842794892608, 0.0002831393323754193, -0.0005610602087466909, 2.939154495248628e-05, 6.707401815466149e-06, 2.7598147582017247e-05, 0.0008423225593146578, -0.00016036423191267976, -0.00014907117661199111, -0.00037643224444889293, -0.00014522318102201537, 1.7016072861959766e-05, 6.312685133577509e-05, -0.0003565179832683361, 0.00016451700722888514, 0.0005039934548132583, -0.0002689523359729079, 0.0001787687015717989, -0.00024357910516071646, -0.0010972645973754895, 0.0013242228155104082, -0.00011746031634030278, 0.00034612474434817826, 0.0005223936062374824, -0.0007880162606019097, 0.0007325223878279943, -0.0008725097903310546, -0.00033491044414124717, -1.8684540385358656e-05, 0.00014264853514532147, -2.1745711013331337e-05, 0.0001763615945280956, 0.00014096214319722367, 6.14883555878266e-05, 0.00045685014980629613, -0.0005134199760375615, -0.00023162333554052654, -6.311555913584499e-05, -7.617218695161981e-05, 0.0005763650840196539, -0.0005431103740658978, 0.0004149101426255091, -0.0003962401883961165, 0.0002713527594838132, -0.0004535071637749011, 0.0006667632678385636, -8.358586545888277e-07, -0.00010425403100186853, -0.0001763848768189697, -0.0002773778503919776, 0.00047151918127837864, -1.002684051992434e-05, 0.0002709440641812401, -0.00033945578214515285, -0.00013299720455086777, -2.8310430458531916e-05, 3.6277301779347305e-05, -2.5876465508770883e-06, -6.803676607269021e-05, 0.00013928868537350887, -0.0003635174610433732, 4.653384948122171e-05, 0.0002168274485948274, 0.00010333118350543045, 7.689137125987006e-05, -1.0685770529621865e-05, 0.0001328728440487197, -0.00023489430236805914, 1.0521603466273224e-05], [-0.9799142607335739, 3.358094808212582, -11.869761058195417, 41.006662670307506, 0.04016210595892559, -41.82669543407456, 12.27387069853966, -3.9615308751761917, 1.2322298694569374, 0.020316762949164985, 0.028244059005675146, -0.07989457395256458, 0.024364427896079295, 0.0009613808141405696, -0.006377687836222407, -0.0010032039887426733, 0.008298798131447918, -0.08820299421301986, 0.10059043651372016, 0.08300824862109195, -0.04632209800069424, 0.0002666652576746215, -0.0038144054938787832, -0.008021255163879443, 0.0836662688862409, -0.2389502912858014, 0.011862131936913343, 0.023063273446480514, 0.02101782822533325, 0.011382749962555153, 0.012279408173237817, 0.1786881069348055, -0.043235661532246374, -0.006678912653228278, -0.03130554149608639, -0.06470183971205458, -0.04780275142634563, 0.014957293492741712, 0.016723587254502674, 0.040072957542658064, -0.0013981693578329097, -0.0019489615500772645, -0.012070927785600307, 0.0004101768832830732, 0.0020014981353209775, -4.5408022094076395e-05, 0.0003522361118137539, -0.0005846995926005732, 0.0003017176279917048, -7.106045875309969e-05, -9.643130780071593e-05, -8.419142874881209e-06, 0.00014134029704536386, -0.0001697615611228857, 0.0009543142592397027, -0.0010432752736727524, -6.212975906595754e-05, 5.215319070777372e-05, 0.00036437085080721405, 0.00010670078274431472, -9.380902430454312e-05, -7.068539887717796e-05, 0.00046415956198855385, -9.476157524717755e-05, -0.00021034499724606497, -0.00047379474441815964, 0.00026228364445288964, -0.00040713545685530433, 6.614376307736377e-05, 0.000403735176876203, -9.333640378958371e-05, 9.107454425466614e-05, -8.867984763648212e-05, 0.00016287497331969204, 1.941504316007375e-05, 0.00010298907593846525, -0.0004449371952311563, 0.0001532742896848588, -0.0001588963406726564, 0.00012755067179954328, 6.739882933464619e-05, -0.00012929520997243695, -0.00033053833731074483, 0.0012512590482003545, -0.0005008308007696033, 0.00018109631874016786, -7.329216921128014e-05, -0.0003397847093787093, -0.00020200954676260786, -0.0006655552319025894, 0.0006899663710931669, 4.045324443973413e-05, 0.00019353128077774116, -6.0810151082852916e-05, -0.0006578095995841012, 0.0009910310718814353, -0.0004585648009651002, -0.0005963293277160287, 0.0009013435376398795, -0.0001858748777128242, 5.887252736909349e-05, 0.0002940507724489318, -0.0008302411425305181, 7.134766881505115e-05, -8.869949449362718e-05, -4.4256381421065696e-05, 0.00016649505472538046, 0.00039097140889165393, -0.00019015776544274233, 0.00018657785013553957, 4.748358921377642e-05, -0.0007515286275041764, 0.0004953786103497253, -0.00026731155409176786, 0.0003120280347565226, 0.0011509685370729098, -0.0008887129147053691, -0.00022185245059715874, 9.176498383176963e-05, -0.00046816553334604966, 0.000930031216404785, -0.0009309456775110005, 0.0, 0.0004467146354648005, 7.621096933143432e-05, 0.00023254067173208268, 0.00025235379635467613, -0.00028886269179414587, -6.510006296008036e-05, -0.00012052424444238566, -0.00040902509087985034, 0.00012866083819806977, 0.00048026839644165517, -0.00038893922020577813, 0.00012033428257081845, -0.0009609437036543603, 0.0011818243168566181, 0.00018090948440990546, 0.00034016143306200136, -0.000773225355791694, 0.0006892430965160285, -0.0009411779543653854, 4.8557021285231915e-05, 5.140966729716108e-05, 0.00022264319093475985, 0.0004332998688154749, -0.0005332064069590981, -0.0002687289334441946, -8.766792924942841e-05, 0.0005930119576286504, -0.00032882262691566374, 2.567001467893664e-05, 0.00027655359000218987, -8.872113438384997e-05, -2.3466658582405603e-05, -0.00028431040848550776, 0.000525520035754444, 0.00012155250728037902, -0.00034220140174493705, -0.00015805014819106258, 1.3408625074455362e-05, 0.0001084176668573842, -0.0002775289795360427, 0.0002308668005541425, 2.958031883316843e-06], [0.0, -1.49633061044954, 4.023570839998013, -12.307422767316496, 41.32902974003733, 0.7503790306466185, -41.35709942217482, 11.89158017775224, -3.064602224107673, -0.00467583464135679, -0.03344386621661861, 0.04288741218339227, -0.011788275958020204, 0.005312894219417914, 0.00931028556298209, 0.0025300174122386172, -0.011390084024333698, 0.042703721577505224, 0.004941986990111806, -0.07493295209966155, 0.025795352453669207, -0.0012965127793856045, -0.010854019821942434, 0.013793296427772593, -0.08352374999769065, 0.09673315630193047, 0.07268464588010558, -0.05106385798751682, 0.00263234687252776, -0.01234661545251373, 0.08359441177209542, -0.22758326154606867, 0.012997930843360588, 0.021498665229731085, 0.025980468488549808, 0.0, 0.18209429956653972, -0.041002943388456996, -0.018558252068358275, -0.06209025255782429, -0.04985907541146221, 0.019994524044057067, 0.041529531175666136, -0.005532399458487352, -0.007226418049203893, 7.006622805113392e-05, -0.00028573849682882006, 0.0003566868130126383, -9.797612866343314e-05, -2.324017491569975e-06, -9.887809912748271e-05, 0.00017865983570751343, -9.283790490068628e-05, 0.0002110779498667619, -0.0009174254738060784, 0.000501315737515769, 7.960576174129434e-05, 0.00020301774303974987, -0.00033893978824615727, -8.988722903539345e-06, 0.00036167622319434377, -1.698356880580627e-05, -0.00018863888927370893, -4.919092108880747e-05, 0.0, 0.0002908434715890939, -0.00019597842383163382, 7.772973760686082e-05, 9.230611641335424e-05, -0.00020401789182803806, -4.459381008591082e-05, -7.440305250506098e-05, 0.00014816092956992228, -0.00036491080431797976, 0.00032879922138146216, 1.5051427998553979e-05, 0.00022129019870689582, -0.0004095409389295254, 0.0, 0.00037423766417437183, -0.00010746851575950277, 5.91535824318742e-05, 0.0005103874804535518, -0.0008928072285708532, 0.00026769860054692656, -0.00017919998229567785, -3.551302658618546e-06, 9.651130792790393e-05, -0.0002896960626872447, 0.0011391757092001277, -0.0007593441267998527, 4.921621653554906e-06, -1.4067377465737928e-05, 0.0002795411301522977, -3.242922639834013e-05, -0.00021583183722409562, 0.0003745473008958573, 0.0002571319851095553, -0.0005495133998650862, 0.0003086785531723968, -0.00046167647155814534, 0.00029141645988483607, 0.00016773780321485126, 9.422265239510347e-05, -0.00016049804689947356, 0.0004469219964369435, 3.838438097790768e-05, -0.0006044360140845185, 5.6127516291375774e-05, -0.00011700258485021496, -0.0003953350805784665, 0.00108929096824417, -0.0005435843684107284, 0.00019774212449241363, -0.00017009580212438527, -0.00021623287448129685, -0.0006682145897982264, 0.0005581604743608574, 5.96165252879139e-05, 9.530201220505963e-05, -0.0005991715580242268, 0.0011454836697996676, -0.000712567083971997, 0.00010024776423934111, -0.00039434928558008665, 0.00045447224421088744, -0.0005390526551502005, 3.378955791545183e-05, 2.940335034551807e-05, 0.0002049190101428279, 0.00018759465655073993, 0.0001498303105126044, -0.0007470275839585396, 0.000490563322034713, -5.198490982681352e-05, 0.001190019098079735, -0.0010466357003289853, 1.7585356079765945e-06, -0.0004500275051682799, 0.0010432847359216084, -0.0013313368242831715, 0.000962709969446588, 0.0001569139251380508, -5.303311984798413e-05, -0.0002300052845460219, -0.0004573970239024303, 0.0003166952878423148, 0.00027696150352195383, -0.00014546718234471694, -0.001061434655981142, 0.0011959792680312639, 7.045275434850003e-05, -0.000705001740515509, 0.00040292142212023166, -6.34376632597191e-06, 0.0004598932273108188, -0.0006143576836919329, -0.000203620903726493, 0.0006037869937661022, -0.00038792696877595553, 0.00019051964864663724, -0.00025863241018617616, 0.0005092411643542751, -0.00031575982486825284, 2.7530700678437826e-05], [0.6012536799344035, 1.2733764929352445, -2.2459709236480405, 4.360547832141011, -12.688416200615762, 40.185048796969234, 0.1550542814906961, -40.571086049205924, 10.13409517966451, -0.0028469953016794854, 0.030046846848642474, -0.02267191673000087, 0.004222709385241802, -0.003773297664264737, -0.012832144768416792, 0.0016371067774017293, 0.008336588436788774, -0.02202219096546951, -0.02236125210274729, 0.03882852340699384, -0.01032975120904478, 0.007755264570097896, 0.013428188891103466, -0.009943407040392153, 0.04176154356922137, 0.004189342646667772, -0.06794509130835501, 0.030500804376181037, -0.004463836349401906, -0.000561390446749067, -0.08038591652526933, 0.08795794888731934, 0.07338447466528449, -0.04797502217463815, -0.0057061534157389375, 0.09074107674017501, -0.2301866737570197, 0.011803298978161299, 0.031517511431536464, -0.000790366209284565, 0.1839343079314407, -0.04626790287732486, -0.06425355795273686, -0.03552693071609824, 0.03126487517668457, -6.472398800922329e-05, 0.00014030318340348195, -0.00010217296717685713, -8.336780881655064e-05, 0.0001391950007962158, 0.000162120914064736, -0.0001636313451006344, -3.876434277662781e-05, -7.832894067464704e-05, 0.0004411260820891783, 1.5282204957760498e-05, -9.807132223230454e-05, -0.0004009316017642466, 0.00028884489431163827, -7.542082576777483e-05, -0.00019573788621063976, -3.183304093484236e-05, -0.0002881309537061549, 0.0005043407094005002, -0.00010872745923013664, -3.3936108479587486e-06, -3.4121406158701805e-05, 0.0005090607628297308, -0.0004924851708199922, 0.00022886065794206083, 6.394490209686922e-05, -0.00021927464921247237, 0.00014609731115144685, 0.00017911321912797345, -0.00024865458323180384, -0.00018415200064108623, 0.00025241794288755916, 0.00013033768768484693, -0.00014790473185285704, -0.0001741780107546645, -8.555898834382715e-05, -5.316243353211035e-06, -0.00032180197576767877, 0.0004154007445283325, 7.050650167428518e-06, 0.0, -8.758883974397848e-05, 0.00016967108494300977, 0.00018816844828059893, -0.0008725936296540779, 0.00046500312960014005, -3.7134121884797415e-05, 0.00026559217399570536, -0.00048080799485274037, 0.00034258899386191427, -0.00024364527824809583, 9.284698881025701e-05, -0.00041933724721806176, 0.0003598107121823877, -0.00012774225216783763, 5.3846486092371635e-05, -5.235439258012049e-05, -0.00010497450490775661, 0.00010071865246867437, -0.00015396988978035706, -4.695312090184891e-05, 0.00014902040654231398, -1.6007797650115952e-05, 0.00027761678590521385, 6.425697709956904e-05, 0.0005650484011681337, -0.000871517316575354, 0.00035262501697499733, -0.0002208532023170034, 9.639578332392476e-05, -0.0003594828743987887, 0.0014058678843451935, -0.0008527309933951065, 0.000151162414107022, -6.798778827951776e-05, -7.32118038915932e-05, -0.00034114049858138313, 0.0004347037162080993, -7.516333952885773e-05, 0.00027128702430636784, -0.00046278654342472245, 0.0003099402606655326, 2.3233710864454685e-05, 0.00022422373301792109, -0.0002732028308681815, -6.171895723278083e-05, -0.0005097672098892897, 0.0011458312361717292, -0.0006057481342381684, 0.00013835772244182279, -0.00027536561423935287, -0.0006254659002506824, 0.0006498230382517, -5.643236817385848e-05, -0.0005193983038664557, 0.0009368499104954841, -0.0005566859489830715, -0.00029566229294795125, 9.160087606112587e-05, 0.00018405475487679086, 0.0002481305584561192, -1.2261835744460279e-05, -0.0006276927486643604, 0.00048237416770141166, 0.001155855923422868, -0.0007683473338729969, -0.000326453499560963, 0.0008653735398050797, -0.0008690844690152179, 0.00022210277994573997, -0.0004443132665692254, 0.00029393999890172577, 0.00028545704654992583, -0.0009504884171338614, 0.0010114769849189182, -0.0004893916078677247, 0.0004099572199201403, -0.0005178181460827336, 0.0003287443389242285, -9.795490243882446e-05], [0.0, -0.5621617308847138, 1.705061273744238, -2.2953008724279824, 5.468996891202622, -10.313567481042313, 41.74461674659451, -1.9530119292119483, -35.38684960202703, 0.0050577103511173244, -0.018844743500423342, 0.0030370146433390207, 0.009511353903575883, 7.107938939850217e-05, 0.014160667993375136, -0.004741052201449879, -0.008942451733230437, 0.010553351640555667, 0.02854936135593019, -0.02878650404827261, 0.0041839555452833, -0.012829505880812482, -0.017343993964322207, 0.012496018696872136, -0.022841357402102885, -0.014484244112620762, 0.036293987949406775, -0.019069089208778096, 0.017245210814433944, 0.00029484776797093906, 0.0313981738662027, 0.016367741002049487, -0.07111083421190452, 0.02777716417133882, -0.00098926438595837, -0.08289281711608817, 0.08783672210746513, 0.07012372719618057, -0.05015840649576086, 0.10790987639287976, -0.24719823705065516, 0.01567945043124719, 0.006630860570979083, 0.14941247311179404, -0.05654871324872478, 3.240264366959332e-06, 0.00010962024715139028, -0.0001714455106258562, 0.0001935427038094815, -0.0002930171100586459, -2.7576361070336974e-06, -0.00016055060087639836, 0.0002208353024921881, -9.216085905977275e-05, -8.817664355879528e-05, -0.0002059677740511884, 7.31742798474658e-05, 0.0004383408927424506, 1.121876186968476e-06, 0.00012960021734173478, 0.0001136529958218631, -8.725476581139165e-05, 0.0006364812037123306, -0.0007989580624743257, 0.00018232706165484543, -0.0002346677471742867, 0.0001520881629191437, -0.0006740011884025051, 0.0005291535597949855, 7.013248100254823e-06, 0.0, 0.0003274897475928112, -0.0001600021566490551, 0.0, -3.070349024619653e-05, 0.00015304208493105672, -0.0002697638970011459, 0.00011881000780820368, 0.0001372257845709527, -0.00016146987142217733, 0.00021147791593391919, -1.4980174989309598e-05, 0.00014064171011252116, -0.00017509013856470266, -0.00010482650916268675, -8.452697566560486e-05, 0.00020214939537434285, -0.00027986011505705887, -9.410968266401583e-06, 0.000416328378622258, -0.00022743737565436323, 0.00042013571005793284, -0.0007923309282941769, 0.0006519005908090897, -0.0002594872266598931, 0.0004150331456399208, -0.0007119343118011912, 0.0008171034776878287, -0.00029910810259713844, -0.00015588826239513104, 0.0005067716043320072, -0.00038591934827348625, 0.00015516567756445476, -0.0003799387121633368, 0.0003700531304830834, -0.00025564119743064597, -0.0001635229591348138, 0.0003201133924612282, -0.0003634572096990111, -1.6718859468206296e-05, -0.00048109095724601617, 0.0005128116964489623, -0.00019619538294085104, 0.00029016054455046215, -0.00018640438664117417, 0.0004168500321157408, -0.001410950095851621, 0.0007752412551127896, -0.00044417961886291806, 0.0004988377999201058, 0.0003998918734740906, -8.43360421440117e-05, 0.00028945627830807906, -0.00030806565281227353, -5.376745447359246e-05, 0.00014839286585365007, -5.0288438660899526e-05, 7.677716154983335e-05, -0.00041916992007956684, 0.00019571468018162613, -6.907073418876072e-05, 0.0006592780782902962, -0.0009429639100532831, 0.00037217384909201616, -0.00014603306990217997, -0.00029823044108474595, 0.0013559196286115369, -0.0011772293006394904, 0.0005657498849372436, -0.00015862671361771004, 1.419748790433018e-05, 2.854304498888529e-05, 0.0002723530646707547, -7.155070849021859e-05, -0.00015735167894983984, -0.00014610592418504685, -0.0003706456214939664, 0.001115542347661976, -0.0006240730744596974, -0.00030944565173026463, -0.0010028685840958338, 0.0009549610317957096, -0.0003974108331567375, 0.0007553217491965915, -0.00043902720674194543, 0.0003099502741734857, -4.536877086938462e-05, -0.0007456652837425814, 0.0009519776616833058, -0.00023846602976698069, 0.0004993491459499674, -0.00035637250831453893, -7.00267003788661e-06, -0.00019202835010354052, 0.0001712757574725489], [15.226731968226561, -0.35704059555351236, -1.191997497509378, 2.020767918020307, -6.382367602212843, -2.0370426076188646, -14.510419623881205, 47.71087493948709, -19.606879892223773, -0.0016247229815403135, 0.0004196187291101908, 0.01451477386785786, -0.018184180288438205, -0.004667457823432515, -0.01481942364507946, 0.0, 0.021356783046532202, -0.006068759558703784, -0.02660126755460424, 0.021145344881601687, 0.012842127606961693, 0.016448767160281878, 0.021222486978378478, -0.01630172272557694, 0.013942862241656436, 0.007625652173179431, -0.03231135638450921, 0.027682202388374797, -0.029822567838319464, 0.009420203813220366, 0.009271291403226358, -0.04616470540723956, 0.04377386402308987, -0.032620858881586, 0.011329771623034108, 0.03596814139821551, 0.025936343533648903, -0.07319465835769841, 0.03845982866735977, -0.12947640114931386, 0.12226450881871098, 0.07995508539201675, 0.10043035668399734, -0.1969839383043289, 0.0032397482017015628, 1.6835366089994715e-05, -0.0001979048520830906, 0.00032908816403125077, -0.00017161952759274263, 0.0004763169497203965, -0.00014461652714286354, 0.0006922231156893525, -0.0005106195514100065, 4.2503492589204116e-05, -0.0001812333621280029, 0.0004689740426167316, -0.00014520871494305243, -0.00014078567440045905, -0.00044285077339749807, -0.0001562944726079398, -2.0104557548208485e-05, 9.509220855567545e-05, -0.0008117749323241279, 0.0007198402140945623, -8.839577322978583e-05, -1.3114166152764178e-05, -2.761347225586452e-05, 0.00037500752126013196, -0.0004174153525855539, -0.0005607946285488418, 0.0004866329825891433, -0.00028375028971622685, 6.506690429892263e-05, -0.00021813730291843483, -2.899539689502224e-05, -0.00028762235422314855, 0.00020678697502222781, 0.00031999337809038303, -0.0004385238771986536, 0.0006657584349681621, -0.00024173495412712088, 3.5310664149884705e-05, 0.00033841566956269875, -0.00011564252722952514, 0.0003388609733794802, -0.00018478950190707873, -7.476270065998985e-05, 0.0001616900047245739, -0.0004458866324851422, 0.00027052112099476566, 3.624058830956032e-05, -0.00027251059998485244, 0.000956334400216, -0.0006926362064012295, -2.119974171833225e-05, -0.000531728800448899, 0.0010498420998768122, -0.0009720744705816277, -1.8206487006208078e-05, 0.00015305257348639255, -0.0005497909502540576, 0.00022777508866874972, 0.0003785456866963925, 0.000546356236425789, -3.887229217962621e-05, -9.112623253193549e-05, 0.00012581928604767038, -0.0001686027210932208, 0.00019335875602342586, -2.095854802472835e-06, 0.000562347964697508, -0.00030843570881769613, -0.00012416302101220307, -0.00013428706879261803, 0.0002135005449030232, -0.000500002493649039, 0.001549053706744622, -0.0006169090157826544, 0.0009081971498280821, -0.0015151168467592907, -0.00035584998221599955, 6.903094950034087e-05, -0.001195921185623988, 0.001007348762361138, -0.00026255907708385714, -7.936301696457516e-05, 0.0001841361288389363, -0.0003596810005753024, 0.0006796375913382237, 0.00020368765205694487, 0.0002816256574431876, -0.0005501774955445688, 0.00041678862516308446, 0.00011929284197428417, -9.914011155476036e-05, 0.00043220692530219156, -0.0012289548055060978, 0.001576551097438851, -0.001555329367604201, 0.000463228417377542, -0.0006471771825941265, 0.0008095325866612583, -0.0003821425678450757, -0.00010153936974419464, 0.0002830367370335305, 0.00016698011255337453, 0.0003722630204116782, -0.0011271619184842045, 0.000684391487052701, 1.614596625737281e-05, 0.002243540817382286, -0.0021564470565665415, -0.00011818246088256012, -0.0003328554348753048, 0.0008582034616023524, -0.00026148933427468834, -0.0004511847694594488, 0.0016892206433305641, 0.00022322640461485427, -0.002015913934058643, -0.00041399265092300383, 8.977045779937796e-05, 0.0008782935776354551, -0.0005406541538649285, -3.412934876048865e-05]]",(x0)' = -32.493 1 +  18.341 x0 + -46.970 x1 +  15.154 x2 +  2.210 x3 +  6.112 x4 + -2.741 x5 +  1.674 x6 +  0.133 x7 +  0.005 x0^2 +  0.135 x0 x1 + -0.050 x0 x2 + -0.038 x0 x3 + -0.033 x0 x4 +  0.003 x0 x5 +  0.020 x0 x6 +  0.005 x0 x7 + -0.026 x1^2 + -0.093 x1 x2 +  0.016 x1 x3 +  0.011 x1 x4 +  0.024 x1 x5 + -0.017 x1 x6 + -0.025 x1 x7 +  0.059 x2^2 +  0.008 x2 x3 +  0.022 x2 x4 + -0.037 x2 x5 + -0.010 x2 x6 +  0.019 x2 x7 + -0.016 x3^2 +  0.012 x3 x4 +  0.016 x3 x5 + -0.007 x3 x6 +  0.012 x3 x7 + -0.003 x4^2 + -0.008 x4 x5 + -0.006 x4 x6 + -0.003 x4 x7 + -0.002 x5^2 + -0.021 x5 x6 +  0.018 x5 x7 +  0.024 x6^2 + -0.015 x6 x7 + -0.005 x7^2 +  0.001 x0^2 x1 + -0.001 x0 x1^2 +  0.002 x0 x1 x2 + -0.001 x0 x1 x3 +  0.001 x0 x1 x4 + -0.001 x0 x1 x5 + -0.001 x0 x2^2 +  0.002 x0 x2 x3 + -0.002 x0 x2 x4 +  0.001 x0 x2 x5 +  0.001 x0 x3 x4 + -0.001 x0 x3 x5 +  0.001 x0 x4 x5 + -0.001 x0 x4 x7 +  0.001 x0 x5 x6 + -0.001 x0 x6 x7 +  0.001 x0 x7^2 + -0.001 x1 x2 x3 +  0.001 x1 x2 x4 + -0.001 x1 x2 x6 +  0.001 x1 x3 x5 +  0.001 x1 x3 x6 + -0.001 x1 x4^2 + -0.001 x1 x5^2 + -0.001 x1 x7^2 +  0.001 x2 x4^2 + -0.001 x2 x4 x5 + -0.001 x2 x4 x7 + -0.001 x2 x5 x6 +  0.001 x2 x5 x7 +  0.001 x2 x6^2 + -0.001 x6 x7^2 | (x1)' = -12.755 1 +  35.584 x0 +  2.208 x1 + -42.591 x2 +  10.637 x3 + -5.246 x4 +  2.399 x5 + -1.711 x6 +  0.472 x7 +  0.080 x0^2 + -0.180 x0 x1 + -0.009 x0 x2 +  0.025 x0 x3 +  0.017 x0 x4 +  0.009 x0 x5 + -0.011 x0 x6 + -0.007 x0 x7 + -0.016 x1^2 +  0.217 x1 x2 + -0.031 x1 x3 +  0.003 x1 x4 + -0.036 x1 x5 +  0.007 x1 x6 +  0.024 x1 x7 + -0.079 x2^2 + -0.057 x2 x3 +  0.006 x2 x4 +  0.019 x2 x5 +  0.019 x2 x6 + -0.016 x2 x7 +  0.044 x3^2 + -0.007 x3 x4 + -0.004 x3 x5 + -0.001 x3 x6 + -0.008 x3 x7 + -0.014 x4^2 +  0.007 x4 x5 + -0.002 x4 x6 +  0.005 x4 x7 + -0.001 x5^2 +  0.019 x5 x6 + -0.009 x5 x7 + -0.012 x6^2 + -0.004 x6 x7 +  0.008 x7^2 +  0.001 x0 x1^2 + -0.001 x0 x1 x2 +  0.001 x0 x2^2 + -0.001 x0 x2 x3 +  0.001 x0 x2 x4 + -0.001 x0 x2 x6 +  0.001 x0 x6 x7 + -0.001 x1^2 x7 + -0.001 x1 x2^2 +  0.001 x1 x2 x3 + -0.001 x1 x3^2 +  0.001 x1 x3 x4 + -0.001 x1 x3 x5 +  0.001 x2 x3^2 | (x2)' =  3.534 1 + -10.325 x0 +  40.220 x1 +  0.831 x2 + -41.013 x3 +  12.757 x4 + -4.180 x5 +  2.065 x6 + -0.917 x7 + -0.058 x0^2 +  0.051 x0 x1 +  0.091 x0 x2 + -0.043 x0 x3 +  0.001 x0 x4 + -0.006 x0 x5 +  0.002 x0 x6 +  0.001 x0 x7 +  0.100 x1^2 + -0.253 x1 x2 + -0.001 x1 x3 +  0.016 x1 x4 +  0.022 x1 x5 +  0.007 x1 x6 + -0.010 x1 x7 +  0.017 x2^2 +  0.187 x2 x3 + -0.041 x2 x4 + -0.008 x2 x5 + -0.033 x2 x6 +  0.007 x2 x7 + -0.067 x3^2 + -0.047 x3 x4 +  0.016 x3 x5 +  0.008 x3 x6 +  0.015 x3 x7 +  0.043 x4^2 + -0.003 x4 x5 + -0.008 x4 x7 + -0.010 x5^2 + -0.002 x5 x6 +  0.004 x6^2 +  0.010 x6 x7 + -0.007 x7^2 +  0.001 x0^2 x2 +  0.001 x0 x1 x3 + -0.001 x0 x2^2 +  0.001 x0 x2 x3 + -0.001 x0 x2 x4 +  0.001 x0 x2 x6 + -0.001 x0 x3 x6 +  0.001 x0 x5 x6 + -0.001 x1^2 x3 +  0.001 x1^2 x7 +  0.001 x1 x2^2 + -0.001 x1 x2 x3 +  0.001 x1 x3^2 + -0.001 x1 x3 x4 +  0.001 x1 x3 x5 + -0.001 x1 x3 x7 +  0.001 x1 x4 x7 +  0.001 x2^2 x4 + -0.001 x2 x3^2 +  0.001 x2 x3 x4 +  0.001 x2 x3 x7 + -0.001 x2 x4^2 +  0.001 x2 x4 x5 + -0.001 x2 x4 x6 + -0.001 x3^2 x4 +  0.001 x3 x4^2 + -0.001 x3 x4 x5 +  0.001 x3 x5 x7 | (x3)' = -0.980 1 +  3.358 x0 + -11.870 x1 +  41.007 x2 +  0.040 x3 + -41.827 x4 +  12.274 x5 + -3.962 x6 +  1.232 x7 +  0.020 x0^2 +  0.028 x0 x1 + -0.080 x0 x2 +  0.024 x0 x3 +  0.001 x0 x4 + -0.006 x0 x5 + -0.001 x0 x6 +  0.008 x0 x7 + -0.088 x1^2 +  0.101 x1 x2 +  0.083 x1 x3 + -0.046 x1 x4 + -0.004 x1 x6 + -0.008 x1 x7 +  0.084 x2^2 + -0.239 x2 x3 +  0.012 x2 x4 +  0.023 x2 x5 +  0.021 x2 x6 +  0.011 x2 x7 +  0.012 x3^2 +  0.179 x3 x4 + -0.043 x3 x5 + -0.007 x3 x6 + -0.031 x3 x7 + -0.065 x4^2 + -0.048 x4 x5 +  0.015 x4 x6 +  0.017 x4 x7 +  0.040 x5^2 + -0.001 x5 x6 + -0.002 x5 x7 + -0.012 x6^2 +  0.002 x7^2 + -0.001 x0^2 x2 +  0.001 x0 x1 x2 + -0.001 x0 x1 x3 +  0.001 x1^2 x3 + -0.001 x1^2 x4 + -0.001 x1 x2 x3 +  0.001 x1 x2 x4 + -0.001 x1 x3^2 +  0.001 x1 x3 x4 + -0.001 x1 x3 x6 +  0.001 x1 x3 x7 + -0.001 x1 x4 x7 + -0.001 x2^2 x4 +  0.001 x2 x3^2 + -0.001 x2 x3 x4 +  0.001 x2 x4^2 + -0.001 x2 x4 x5 + -0.001 x3 x4^2 +  0.001 x3 x4 x5 + -0.001 x3 x5^2 +  0.001 x3 x5 x6 + -0.001 x3 x5 x7 + -0.001 x4^2 x5 +  0.001 x4 x5^2 +  0.001 x5^2 x6 | (x4)' = -1.496 x0 +  4.024 x1 + -12.307 x2 +  41.329 x3 +  0.750 x4 + -41.357 x5 +  11.892 x6 + -3.065 x7 + -0.005 x0^2 + -0.033 x0 x1 +  0.043 x0 x2 + -0.012 x0 x3 +  0.005 x0 x4 +  0.009 x0 x5 +  0.003 x0 x6 + -0.011 x0 x7 +  0.043 x1^2 +  0.005 x1 x2 + -0.075 x1 x3 +  0.026 x1 x4 + -0.001 x1 x5 + -0.011 x1 x6 +  0.014 x1 x7 + -0.084 x2^2 +  0.097 x2 x3 +  0.073 x2 x4 + -0.051 x2 x5 +  0.003 x2 x6 + -0.012 x2 x7 +  0.084 x3^2 + -0.228 x3 x4 +  0.013 x3 x5 +  0.021 x3 x6 +  0.026 x3 x7 +  0.182 x4 x5 + -0.041 x4 x6 + -0.019 x4 x7 + -0.062 x5^2 + -0.050 x5 x6 +  0.020 x5 x7 +  0.042 x6^2 + -0.006 x6 x7 + -0.007 x7^2 + -0.001 x0 x1 x2 +  0.001 x0 x1 x3 +  0.001 x1^2 x2 + -0.001 x1^2 x3 +  0.001 x1 x2 x3 + -0.001 x1 x2 x4 + -0.001 x1 x3 x7 + -0.001 x1 x6 x7 +  0.001 x2^2 x4 + -0.001 x2^2 x5 + -0.001 x2 x3 x4 +  0.001 x2 x3 x5 + -0.001 x2 x4^2 +  0.001 x2 x4 x5 + -0.001 x2 x4 x6 + -0.001 x2 x5 x7 + -0.001 x3^2 x5 +  0.001 x3 x4^2 + -0.001 x3 x4 x5 +  0.001 x3 x5^2 + -0.001 x3 x5 x6 +  0.001 x3 x5 x7 + -0.001 x4 x5^2 +  0.001 x4 x5 x6 + -0.001 x4 x6^2 + -0.001 x5^2 x6 +  0.001 x5 x6^2 +  0.001 x6^2 x7 | (x5)' =  0.601 1 +  1.273 x0 + -2.246 x1 +  4.361 x2 + -12.688 x3 +  40.185 x4 +  0.155 x5 + -40.571 x6 +  10.134 x7 + -0.003 x0^2 +  0.030 x0 x1 + -0.023 x0 x2 +  0.004 x0 x3 + -0.004 x0 x4 + -0.013 x0 x5 +  0.002 x0 x6 +  0.008 x0 x7 + -0.022 x1^2 + -0.022 x1 x2 +  0.039 x1 x3 + -0.010 x1 x4 +  0.008 x1 x5 +  0.013 x1 x6 + -0.010 x1 x7 +  0.042 x2^2 +  0.004 x2 x3 + -0.068 x2 x4 +  0.031 x2 x5 + -0.004 x2 x6 + -0.001 x2 x7 + -0.080 x3^2 +  0.088 x3 x4 +  0.073 x3 x5 + -0.048 x3 x6 + -0.006 x3 x7 +  0.091 x4^2 + -0.230 x4 x5 +  0.012 x4 x6 +  0.032 x4 x7 + -0.001 x5^2 +  0.184 x5 x6 + -0.046 x5 x7 + -0.064 x6^2 + -0.036 x6 x7 +  0.031 x7^2 +  0.001 x0 x2 x5 +  0.001 x0 x3 x4 + -0.001 x1 x2 x3 +  0.001 x2^2 x3 + -0.001 x2^2 x4 +  0.001 x2 x3 x4 + -0.001 x2 x3 x5 + -0.001 x3^2 x4 +  0.001 x3^2 x5 + -0.001 x3^2 x6 + -0.001 x3 x4 x5 +  0.001 x3 x4 x6 + -0.001 x3 x5^2 +  0.001 x3 x5 x6 + -0.001 x3 x5 x7 + -0.001 x4^2 x6 +  0.001 x4 x5^2 + -0.001 x4 x5 x6 +  0.001 x4 x6^2 + -0.001 x4 x6 x7 + -0.001 x5 x6^2 +  0.001 x5 x6 x7 + -0.001 x6^2 x7 | (x6)' = -0.562 x0 +  1.705 x1 + -2.295 x2 +  5.469 x3 + -10.314 x4 +  41.745 x5 + -1.953 x6 + -35.387 x7 +  0.005 x0^2 + -0.019 x0 x1 +  0.003 x0 x2 +  0.010 x0 x3 +  0.014 x0 x5 + -0.005 x0 x6 + -0.009 x0 x7 +  0.011 x1^2 +  0.029 x1 x2 + -0.029 x1 x3 +  0.004 x1 x4 + -0.013 x1 x5 + -0.017 x1 x6 +  0.012 x1 x7 + -0.023 x2^2 + -0.014 x2 x3 +  0.036 x2 x4 + -0.019 x2 x5 +  0.017 x2 x6 +  0.031 x3^2 +  0.016 x3 x4 + -0.071 x3 x5 +  0.028 x3 x6 + -0.001 x3 x7 + -0.083 x4^2 +  0.088 x4 x5 +  0.070 x4 x6 + -0.050 x4 x7 +  0.108 x5^2 + -0.247 x5 x6 +  0.016 x5 x7 +  0.007 x6^2 +  0.149 x6 x7 + -0.057 x7^2 +  0.001 x0 x2 x4 + -0.001 x0 x2 x5 + -0.001 x0 x3 x4 +  0.001 x0 x3 x5 + -0.001 x1 x2 x6 +  0.001 x1 x2 x7 + -0.001 x1 x3 x5 +  0.001 x1 x3 x6 +  0.001 x1 x4 x5 +  0.001 x2^2 x4 + -0.001 x2 x3 x4 +  0.001 x2 x3 x5 +  0.001 x3^2 x4 + -0.001 x3^2 x5 +  0.001 x3 x4 x5 + -0.001 x3 x4 x6 +  0.001 x3 x4 x7 +  0.001 x4^2 x6 + -0.001 x4^2 x7 + -0.001 x4 x5 x6 +  0.001 x4 x5 x7 +  0.001 x4 x6 x7 + -0.001 x5^2 x7 +  0.001 x5 x6^2 | (x7)' =  15.227 1 + -0.357 x0 + -1.192 x1 +  2.021 x2 + -6.382 x3 + -2.037 x4 + -14.510 x5 +  47.711 x6 + -19.607 x7 + -0.002 x0^2 +  0.015 x0 x2 + -0.018 x0 x3 + -0.005 x0 x4 + -0.015 x0 x5 +  0.021 x0 x7 + -0.006 x1^2 + -0.027 x1 x2 +  0.021 x1 x3 +  0.013 x1 x4 +  0.016 x1 x5 +  0.021 x1 x6 + -0.016 x1 x7 +  0.014 x2^2 +  0.008 x2 x3 + -0.032 x2 x4 +  0.028 x2 x5 + -0.030 x2 x6 +  0.009 x2 x7 +  0.009 x3^2 + -0.046 x3 x4 +  0.044 x3 x5 + -0.033 x3 x6 +  0.011 x3 x7 +  0.036 x4^2 +  0.026 x4 x5 + -0.073 x4 x6 +  0.038 x4 x7 + -0.129 x5^2 +  0.122 x5 x6 +  0.080 x5 x7 +  0.100 x6^2 + -0.197 x6 x7 +  0.003 x7^2 +  0.001 x0^2 x6 + -0.001 x0^2 x7 + -0.001 x0 x2 x4 +  0.001 x0 x2 x5 + -0.001 x0 x3 x6 +  0.001 x0 x6 x7 +  0.001 x1 x2 x6 + -0.001 x1 x2 x7 + -0.001 x1 x3 x4 +  0.001 x1 x3 x5 + -0.001 x1 x3 x6 + -0.001 x1 x4 x5 +  0.001 x1 x5^2 +  0.001 x2^2 x3 + -0.001 x2 x3^2 +  0.002 x2 x3 x4 + -0.001 x2 x3 x5 +  0.001 x2 x3 x6 + -0.002 x2 x3 x7 + -0.001 x2 x4 x6 +  0.001 x2 x4 x7 +  0.001 x2 x6 x7 + -0.001 x3^2 x4 + -0.001 x3 x4 x5 +  0.002 x3 x4 x6 + -0.002 x3 x4 x7 + -0.001 x3 x5 x6 +  0.001 x3 x5 x7 + -0.001 x4^2 x6 +  0.001 x4^2 x7 +  0.002 x4 x5 x6 + -0.002 x4 x5 x7 +  0.001 x4 x7^2 +  0.002 x5^2 x7 + -0.002 x5 x6 x7 +  0.001 x6^2 x7 + -0.001 x6 x7^2
35,35.0,100.0,36.85636440989091,3,8,5,20.0,140.0,5,20.0,smoothed_finite_difference_savgol_order_3,success,,1309,1320,99.16666666666667,17.551896132528782,"[""1"", ""x0"", ""x1"", ""x2"", ""x3"", ""x4"", ""x5"", ""x6"", ""x7"", ""x0^2"", ""x0 x1"", ""x0 x2"", ""x0 x3"", ""x0 x4"", ""x0 x5"", ""x0 x6"", ""x0 x7"", ""x1^2"", ""x1 x2"", ""x1 x3"", ""x1 x4"", ""x1 x5"", ""x1 x6"", ""x1 x7"", ""x2^2"", ""x2 x3"", ""x2 x4"", ""x2 x5"", ""x2 x6"", ""x2 x7"", ""x3^2"", ""x3 x4"", ""x3 x5"", ""x3 x6"", ""x3 x7"", ""x4^2"", ""x4 x5"", ""x4 x6"", ""x4 x7"", ""x5^2"", ""x5 x6"", ""x5 x7"", ""x6^2"", ""x6 x7"", ""x7^2"", ""x0^3"", ""x0^2 x1"", ""x0^2 x2"", ""x0^2 x3"", ""x0^2 x4"", ""x0^2 x5"", ""x0^2 x6"", ""x0^2 x7"", ""x0 x1^2"", ""x0 x1 x2"", ""x0 x1 x3"", ""x0 x1 x4"", ""x0 x1 x5"", ""x0 x1 x6"", ""x0 x1 x7"", ""x0 x2^2"", ""x0 x2 x3"", ""x0 x2 x4"", ""x0 x2 x5"", ""x0 x2 x6"", ""x0 x2 x7"", ""x0 x3^2"", ""x0 x3 x4"", ""x0 x3 x5"", ""x0 x3 x6"", ""x0 x3 x7"", ""x0 x4^2"", ""x0 x4 x5"", ""x0 x4 x6"", ""x0 x4 x7"", ""x0 x5^2"", ""x0 x5 x6"", ""x0 x5 x7"", ""x0 x6^2"", ""x0 x6 x7"", ""x0 x7^2"", ""x1^3"", ""x1^2 x2"", ""x1^2 x3"", ""x1^2 x4"", ""x1^2 x5"", ""x1^2 x6"", ""x1^2 x7"", ""x1 x2^2"", ""x1 x2 x3"", ""x1 x2 x4"", ""x1 x2 x5"", ""x1 x2 x6"", ""x1 x2 x7"", ""x1 x3^2"", ""x1 x3 x4"", ""x1 x3 x5"", ""x1 x3 x6"", ""x1 x3 x7"", ""x1 x4^2"", ""x1 x4 x5"", ""x1 x4 x6"", ""x1 x4 x7"", ""x1 x5^2"", ""x1 x5 x6"", ""x1 x5 x7"", ""x1 x6^2"", ""x1 x6 x7"", ""x1 x7^2"", ""x2^3"", ""x2^2 x3"", ""x2^2 x4"", ""x2^2 x5"", ""x2^2 x6"", ""x2^2 x7"", ""x2 x3^2"", ""x2 x3 x4"", ""x2 x3 x5"", ""x2 x3 x6"", ""x2 x3 x7"", ""x2 x4^2"", ""x2 x4 x5"", ""x2 x4 x6"", ""x2 x4 x7"", ""x2 x5^2"", ""x2 x5 x6"", ""x2 x5 x7"", ""x2 x6^2"", ""x2 x6 x7"", ""x2 x7^2"", ""x3^3"", ""x3^2 x4"", ""x3^2 x5"", ""x3^2 x6"", ""x3^2 x7"", ""x3 x4^2"", ""x3 x4 x5"", ""x3 x4 x6"", ""x3 x4 x7"", ""x3 x5^2"", ""x3 x5 x6"", ""x3 x5 x7"", ""x3 x6^2"", ""x3 x6 x7"", ""x3 x7^2"", ""x4^3"", ""x4^2 x5"", ""x4^2 x6"", ""x4^2 x7"", ""x4 x5^2"", ""x4 x5 x6"", ""x4 x5 x7"", ""x4 x6^2"", ""x4 x6 x7"", ""x4 x7^2"", ""x5^3"", ""x5^2 x6"", ""x5^2 x7"", ""x5 x6^2"", ""x5 x6 x7"", ""x5 x7^2"", ""x6^3"", ""x6^2 x7"", ""x6 x7^2"", ""x7^3""]","[[-32.484541272365696, 18.619396379951443, -47.41992231117265, 15.58889109651767, 1.9528502697740058, 6.161543162599101, -2.658312706115303, 1.4670138746342427, 0.20382895234537543, 0.004131337184436888, 0.13489709084585896, -0.05003077622178065, -0.03696925450025516, -0.03282757727355192, 0.002794058557389601, 0.020232153947317144, 0.004020846113265219, -0.02462823398972404, -0.09729321512470179, 0.016106170615163586, 0.01143857441492421, 0.02321539819273257, -0.014199167458281734, -0.02552365673562117, 0.06081481189776735, 0.008569087772890083, 0.02183496187135115, -0.036508240407277175, -0.011691388148392866, 0.02018425943888546, -0.01748253731035017, 0.012174182909613132, 0.016256584276839518, -0.006503206288811336, 0.012183335652114925, -0.0028072328526031016, -0.008264604045499589, -0.006519117025538238, -0.002527433624591483, -0.0021351159502194204, -0.020524878082200302, 0.018252643835966337, 0.024075671946683308, -0.01562646657539954, -0.004563956497697459, -0.00028997460974227303, 0.0011380957727885723, 0.00023580493190513893, -0.00036994459968525727, -0.00021140377426513398, -0.0002532080237169303, -0.00020950890605873915, -0.00017338813135753223, -0.001266084988747596, 0.001846541778399743, -0.0006168573048916444, 0.0005070968880571828, -9.226091114775824e-05, -0.000870530927133872, 0.0005949019916000695, -0.0009653110264084538, 0.0018003411424789468, -0.0020844142165623533, 0.00033687714831365836, 0.0005760468118436976, -0.0006407755344403924, 3.0040519796855315e-05, 0.0012893673578949995, -0.0009921584277151068, 3.1318158228357534e-05, -0.00032135760412767685, 0.00047842349833205006, 0.0011203219496906038, -0.00016236199705410993, -0.0004992565932247074, -4.663644792007961e-05, 0.0008540926049439364, -0.0001322167372379141, 0.00021567199315641555, -0.0006095922020637126, 0.000905737552633486, 0.000239113521128217, -0.0001222096863054311, -4.5610741822259916e-05, 8.583134301629715e-05, -0.00013839114788884128, 0.0006128890414367314, 0.0002479289395758835, -0.00010842236500187398, -0.0008700867216820492, 0.0006855714252477597, 2.095393104950848e-05, -0.000887875926042174, -7.426743734256064e-05, 0.0002792784114254778, -0.00011515210246753696, 0.000718118346615723, 0.0006891767420175709, 0.0, -0.0007224629725009296, -8.32456900149501e-05, -6.863118845764145e-05, 0.00016433616288177494, -0.00054538331742977, 0.00016452563539830724, 1.943209816794054e-05, -0.0005166504381669927, 0.0004253174812166515, -0.0007074814069218099, -0.00015589326554400594, 0.0001560049316765047, 0.00016453945823887106, 2.4337936146668842e-05, 0.00044343551592087986, -0.00023163322009698054, -0.00021335172318260635, -0.00030900244256866147, 0.00039941374864273563, -0.00018076095346788787, 0.0003529560036161433, 0.000518097525186285, -0.0006533229731247707, 0.00033123811296180243, -0.0004561474813140327, 6.999134976106988e-05, -0.0005487760928985469, 0.0006516041042298093, 0.000623459379182527, -0.0002296982102550132, 0.00031726538613529947, -0.00017580750031990727, 2.4491150926779717e-05, 2.9935318841398183e-05, -8.569562088152204e-05, -0.00014976315114087065, -0.0003401902819670714, 0.0003662212846310425, -0.0003361681177363981, 0.00018886785805189308, -0.0001583297651714682, 2.0146014878235074e-05, 0.0001993665463614827, -0.0004265916474373265, -5.886331034509526e-06, -0.00020266809131538711, -8.464497810366177e-06, 0.0, 3.863340571822126e-05, 0.0002742985591508736, -0.0003574298264380992, -8.516837004336453e-05, 0.00028254324990320214, -0.00032467139907684623, 5.4090179225406806e-05, -5.767541878456079e-05, 0.00010822279243459596, -0.0002665620576243769, 6.947982658124673e-05, 0.0004205590555125744, -0.00030931614860042614, 0.00018700856794155878, -1.763215001206102e-05, 0.0003373220524988476, -0.0006290968814730162, 0.00017571379076760973], [-11.825760303876105, 35.66612844410162, 2.293982757019593, -42.89688296001516, 10.949135318339874, -5.490289333460753, 2.4811223110213194, -1.715388307541963, 0.48007763608602105, 0.07886308090127286, -0.17718105413331856, -0.008847796695099023, 0.024376380939697857, 0.017180122351897024, 0.008978666136996986, -0.011182644268759161, -0.0069991430220373175, -0.016429575272070222, 0.21599914952970684, -0.030514705660451745, 0.0026646778568840527, -0.036100202244754624, 0.006537737455771719, 0.02347177931843788, -0.07886338641644017, -0.0584991507126867, 0.00624759716307491, 0.01947025746514684, 0.018929389770352977, -0.01604830603492017, 0.04486155747839574, -0.006095417459737862, -0.004532929433213423, -0.001388939787349274, -0.008395578663401584, -0.014203868743870909, 0.006907183834263921, -0.001996191089953687, 0.0053282078945834565, -0.00030798651016730207, 0.01846246750882777, -0.009631968249271195, -0.01252911029225913, -0.0035457372538098266, 0.008080466936274407, 4.608960163056021e-05, -0.00022562376901876243, -0.00047612954004516055, 0.00033234327286026083, -6.519186283489157e-05, 2.422509880134131e-06, 0.00030601605374938726, 0.00020407875176706573, 0.0009235620085198501, -0.0009485384454664937, -0.00013486720907170173, -0.000355386570700987, 0.00022761674172311566, 0.00017521722229083293, -0.0001497816184499185, 0.0011476511446119704, -0.0014596206423709635, 0.0011558938523872175, -0.0002027029922299068, -0.0005967144147558552, 9.790734697345536e-06, 0.0001556110718027344, -0.000434027230103509, 0.0003554916576361592, 0.0003982300104990565, 0.0002563116358183789, -0.00021656797785942028, -0.0002809645479844812, -0.0002394077958854161, 0.0001809251187941517, -9.267301462697548e-06, -0.00041609834836944776, -0.00012689648036796024, -9.409464565420067e-05, 0.000592724008834026, -0.0004502207718511433, -0.00021073578912043833, -7.064019075594563e-05, 0.00041893454874994244, -0.0002881903264361564, 9.311607570490759e-05, -0.00025585837849268015, -0.0005221511115284797, -0.0006951139881829839, 0.001446795895593819, -0.0002448378047857473, 0.0003107719777008604, 0.00047167067020094556, 0.0004991522913393564, -0.0008739350371812072, 0.0008163489525146418, -0.0009290288997553288, -0.00024313160212018759, -3.382494489478194e-05, 0.00023301777931252762, 8.34412513191233e-05, 3.4507360876637906e-05, -0.00037117438934649883, 0.00022971762833584673, 9.058891686966928e-05, 0.0003183550167024216, 0.00021420637448889336, -0.00027509649215843825, 0.0002889485927446026, 0.00035992240756448757, -0.00047119569311458747, -0.0003221477238684807, 1.6792266652134043e-05, -0.0002212735933880896, 0.0001478608604491823, 0.0006585037932038068, -0.0004912161655513578, 0.00014225150540109796, -0.00021187679736843428, -0.00042554816844005307, 0.00010446681578156147, -3.930280062411581e-05, 0.00032893958313880367, 0.00046726766525606106, -4.849472091868115e-06, 0.00015134979837370596, -0.00043096629691370913, -0.0003290089169801143, 9.966686015538709e-05, -0.00018693396582854954, -0.00021209586445025994, 0.0003692234580464965, 3.629552685764504e-05, 0.00016802060307008972, 6.625056586140686e-05, -0.00018309734184268424, -8.438110081633952e-05, -0.00018340568028342455, 0.0002259224798888485, 5.164416089398949e-05, 0.00013674332200077575, -0.0002899949758541405, 4.665652448067206e-05, 2.7874085771229025e-05, 0.00021835473414168451, 0.00010777144184268521, -0.00018808182476090184, 0.0001026858232223263, -0.0002436143355426079, 0.00021327426134602162, 0.0001789001902228662, -0.00021980617895279102, 7.166408571082155e-05, 5.2155371590225507e-05, 2.565547234353656e-05, -7.381257619929862e-05, 0.00023743002214342325, -1.4392696103056855e-05, -0.00023239302707021652, 8.589466749932587e-06, -0.00013912378201194267, -2.490620229073874e-05, -0.00010605420491341489, 0.00031317104828525817, -6.043010232014949e-05], [3.393178772447314, -10.529359311799482, 40.457210854985384, 0.8721807153045092, -41.27605403313484, 13.129552444194521, -4.425110776784343, 2.0628482370159276, -0.8881688679349048, -0.05780993176789387, 0.050710753302164464, 0.08882453385904852, -0.041103413269960136, 0.00043232628707737627, -0.0064932751315064435, 0.0031771149701065385, 0.0007372122688238523, 0.09822689314725508, -0.24955622140121472, -0.001319807875418381, 0.016200496436861212, 0.021690331424594058, 0.006622341643667512, -0.009773571471866525, 0.016495128364201424, 0.1857855922221424, -0.040651297374070854, -0.008211051206424033, -0.03304747564252315, 0.0067160198716051545, -0.06653874557431642, -0.04824335597541889, 0.016994120657068006, 0.008284965984791549, 0.01565872988968665, 0.04339590363036244, -0.0028093423584278545, -0.0009246199417498729, -0.008573625207235445, -0.010929079475355154, -0.002226706421955455, 0.0002685605710406799, 0.004265191502589647, 0.00915990225062808, -0.006849676619047933, 1.5827283078120484e-05, -0.0001882206630629304, 0.000671232555626932, -0.0004486020235686819, 0.00013900696124934692, 2.5024409977615133e-05, 0.0, -0.00023915203388772427, -0.00023152474611035055, -0.0002927718206426126, 0.0009503821648484674, 0.00010774574404067906, -4.7051881107149164e-05, -0.0004419844058363607, -7.944889332288419e-05, -0.0006696312407069393, 0.0007965385402441906, -0.0006687051178631047, -5.865675651107176e-06, 0.0005582692086998498, 0.0004586919408734294, -0.0002532260994268684, 0.0003981818456631731, -6.080582564084865e-05, -0.0005330280455682705, -0.00011705751232600629, 7.179299046761788e-05, 2.661924575322391e-05, -4.604932469088833e-05, -9.657684740139954e-05, -4.835180550122671e-05, 0.0005499318701791873, 6.785006143090944e-05, 5.436238195750555e-05, -0.00041466677786948844, 0.00012986503274610095, 0.00014810080997439893, 5.152996514963304e-05, -0.0008984514019938376, 0.00038614264672973955, -9.834969508791739e-05, 0.0001422998573409737, 0.0005763730784691254, 0.0010153574812634223, -0.0008668216642333187, -7.056329962964311e-05, -0.0003444981797369468, -0.00014771928311805633, -0.00048609621938476474, 0.0011281809035528338, -0.001388819740841772, 0.0008041155717959505, 0.0002698664296078618, -0.00048243427957954713, 2.5542012288330666e-05, -9.38457599211671e-06, 5.476151373323198e-05, 0.0007915190266091473, -0.00015088024757950601, -0.00012868284021624228, -0.00036495593720349534, -0.00015321469336253827, 3.1387629624263286e-05, 3.944603351131109e-05, -0.00035805263254176715, 0.0001786092006827262, 0.0005089958389968194, -0.00027332279829786623, 0.00018034868852086916, -0.00023287261885774276, -0.001097137202410114, 0.0013079897858544443, -0.00011357320103925876, 0.0003483693548332397, 0.0004811624582241385, -0.0007793415241093121, 0.0007314517588154053, -0.0008644726892954605, -0.0003220645977066559, -2.770086350864475e-05, 0.0001381415635521157, -2.902727612507137e-05, 0.00017985495504442282, 0.00013598626269577404, 6.645931128466299e-05, 0.0004562291646106115, -0.0005248551495673242, -0.0002287702629889049, -5.9134665022432725e-05, -5.961151422589738e-05, 0.0005898113061427123, -0.0005567792132450651, 0.00040555313068199047, -0.0003902467278329569, 0.00028138397552988995, -0.00045890856149735773, 0.0006817340189529464, -5.375420889295035e-06, -0.00011112541376333164, -0.0001728036964408489, -0.00028352438450160504, 0.0004808457836386224, -8.704852152915648e-06, 0.00025712149909674914, -0.00035333920928378934, -0.00011164943817789195, -3.890817542537266e-05, 2.6731905780391598e-05, 1.2938933683053953e-05, -6.852288706421933e-05, 0.00014658830184118604, -0.00037154427954704265, 4.999264366310641e-05, 0.0002173152224432493, 9.479218504157149e-05, 7.644918112947799e-05, -1.0810332164799574e-05, 0.00013407042222641753, -0.0002377543081307157, 1.4119721361520986e-05], [-0.7350638616969051, 3.506703887289294, -12.113278101685887, 41.172443722090634, 0.07820511403680244, -42.13466818336517, 12.623934010910316, -4.202153368680086, 1.3213871247494444, 0.02055942477868941, 0.027505058484422206, -0.07960444810369148, 0.02416008982747838, 0.0002898897022153937, -0.005425004193518073, -0.0010368711865213862, 0.007948972100836666, -0.08805248646888833, 0.10171512881125971, 0.08100338500912097, -0.044525559445924484, -0.00046263762761813873, -0.0033200238773838753, -0.00799139533600277, 0.08148119473172363, -0.23460654934256336, 0.010519583632902988, 0.023883490540349883, 0.01944470017865929, 0.011613558949760395, 0.011255559836194631, 0.17832871865564728, -0.04401314917036842, -0.005039647057714574, -0.03159913802973564, -0.06370073117535928, -0.04880160434977038, 0.014240093614152158, 0.017144282719499332, 0.04015739850564724, -2.3934126596002265e-05, -0.002762292752961416, -0.012657860902012394, 0.00044581199324109354, 0.002340514236401273, -4.9662956839766734e-05, 0.0003556231999459804, -0.0005923129309359635, 0.00031030983095873963, -7.258843745071621e-05, -8.30007505160717e-05, -1.7631041480261772e-05, 0.00014483824145235821, -0.0001672135748538269, 0.0009370452359575461, -0.0010344423283591567, -6.041130341229268e-05, 2.6213319296569566e-05, 0.000404006626789319, 8.988528508842331e-05, -6.883324902823205e-05, -9.415439048359215e-05, 0.0004648591883242097, -4.9908918479468246e-05, -0.0002988486395918316, -0.0004275391250183189, 0.00027777988929861296, -0.0004261965126693828, 7.091734068368048e-05, 0.00039436346778847896, -8.277667266852114e-05, 9.992212472011347e-05, -0.0001393751783210505, 0.0002465083806096638, -2.7775553448664767e-05, 0.00011641677320245817, -0.00048722593069443475, 0.0001702628587568403, -0.0001346880534072441, 0.00011052107066780239, 6.739139636868488e-05, -0.00012718883432125908, -0.0003227184153168205, 0.0012171309308021867, -0.00044897209655378126, 0.00015449533101734924, -5.758108139533019e-05, -0.0003547575293842121, -0.00021310707288927798, -0.0006074169963624725, 0.0006216184438271921, 9.574537359203164e-05, 0.00011644632836174791, -2.0617445960461355e-05, -0.0006955300415857973, 0.0010789435263420365, -0.0005759581886709723, -0.0003814344311124977, 0.0008147756256956806, -0.000265987483721261, 0.00026942012604124334, -0.00012139236372354485, -0.0006520621478525155, 9.671990633068213e-06, 0.00010536416967152888, -0.00011977501150856934, 0.00010841903064616649, 0.0004435304737688305, -0.0002060597643233164, 0.00018746784588830715, 5.645320397961638e-05, -0.000790418560179874, 0.0004712159566357643, -0.0001906358828499189, 0.0002831273172855224, 0.0011644447251033245, -0.0009525537673783432, -5.057495326961549e-05, -0.00030191682058307745, -0.0003292636870916325, 0.001049037342623108, -0.0013347623632680634, 0.0008780041473958994, 7.449310404613865e-05, 0.00022765803210122234, -0.0002236998861912909, 0.0004642312529827686, -0.00015243627342973864, -0.0002206435055356193, -7.205871616193686e-05, -0.00042530361911087555, 0.00018320419615213207, 0.00042432261904697577, -0.0002483245156187958, 7.696028280405758e-05, -0.001030380722613912, 0.0013725579161648165, -0.0002562952136404081, 0.0005152406560001509, -0.0008503015828059253, 0.0008986261169978525, -0.0010517154356623256, 1.3668493316680325e-05, 0.00015662474884740377, 0.00017482054126171734, 0.00045927379517472794, -0.0006144074803969856, -0.00014550372885370155, -0.00014838587319678456, 0.0006690881623862985, -0.0004366983300436599, 0.0001238935501266167, 0.00024275852830286048, -0.00016781466054630845, 2.5302476470719785e-05, -0.00030594743565896945, 0.0005577704101939021, 8.570476487269324e-05, -0.00033223238324043967, -0.0001023708898380094, -2.097628732183455e-05, 0.00010311745615964265, -0.00028653156232287904, 0.0002491642602197602, -4.208697846216387e-06], [0.0, -1.6613301614025051, 4.282767903335857, -12.635183015356507, 41.622418452975374, 0.7654021922886097, -41.60937411999515, 12.186565508293862, -3.223890279799377, -0.0046911568561073475, -0.03357288249998841, 0.04315487963336184, -0.011399696785608157, 0.004766581416980365, 0.008342088711831133, 0.003805324938682269, -0.011620620184566563, 0.043463917278597344, 0.0031991804663911013, -0.07457825594254862, 0.025372045385592453, -0.0012370992363674716, -0.010726936223171082, 0.01394172046513841, -0.08282221612382741, 0.09759191274370063, 0.07100568072944798, -0.04944923399620166, 0.0025393609746261468, -0.012686736777836886, 0.08148387541005218, -0.22402505680137666, 0.01198003294124215, 0.02109576204674452, 0.02597936156244413, 0.0, 0.18096211927990305, -0.04090267773903074, -0.018463596614078946, -0.060867276365720056, -0.05166875365166537, 0.020573481370070666, 0.041749619025363574, -0.004777257176426075, -0.007740591593119355, 7.123788946298994e-05, -0.0002862211866444612, 0.0003577626140795502, -0.00010671889920730325, 2.1622831981528122e-06, -9.8458584378558e-05, 0.00018506070996328236, -9.60003223762336e-05, 0.0002070810660739019, -0.0009051205908893298, 0.0005215573365852825, 5.800416263380577e-05, 0.00023421496661824503, -0.00039497609258823434, 1.3960366043614014e-05, 0.00034432692135251126, -3.728174122671928e-06, -0.00018982549138543136, -4.8282957381524206e-05, 0.0, 0.0002882585032467795, -0.00020317206786465582, 7.041810260255177e-05, 0.0001226802732580011, -0.0002550726753657397, -1.644337316459741e-05, -6.53284952539364e-05, 0.00011036933125013682, -0.000264088925190758, 0.00028192724982749166, 4.3057900667007234e-05, 2.202871694268095e-05, -0.0003158413083176592, 0.00021149410537077735, 0.00019428447606190666, -7.483143626724503e-05, 5.417515274722292e-05, 0.0005139441722070103, -0.0009028242390479028, 0.00028434895481909106, -0.00019998814312840416, 3.711691543628411e-05, 8.198487882069398e-05, -0.0002846190558214393, 0.001112859091051308, -0.0007621855640352839, 1.960477009365858e-05, -3.2170120720771465e-05, 0.00028661009841022834, -6.720247320506267e-06, -0.00022018902623196007, 0.0003411128168260883, 0.0003068822190102407, -0.0005778356491239277, 0.0003117734699998661, -0.00044230622506443064, 0.00023052082190824996, 0.00019711446034288366, 7.842684870003923e-05, -5.1432847662356e-05, 0.0003876628687828335, -8.569008381737566e-05, -0.0004964321820680198, 3.8894474935747005e-05, -0.00011083108496245726, -0.00039422118863577057, 0.0010829134321406714, -0.0005396990881566883, 0.0001972677566146252, -0.0001766516784473279, -0.00023064980080156046, -0.0006384790182832448, 0.0005719070503023636, 3.3817568388791056e-05, 0.00011439056600140885, -0.0006076060858200218, 0.0011253792205650536, -0.0006847351830251436, 9.236397088273504e-05, -0.00039492026390606193, 0.00042227446828309437, -0.000521282901821376, 7.8744486498362e-05, -6.73290377844075e-06, 0.00021110831745906747, 0.00019080572979145443, 0.00015087415401071166, -0.0007617019995870235, 0.0005033712693678922, -6.049638380166833e-05, 0.0011696092386586268, -0.0010181389148361747, -3.576381097689572e-05, -0.00042377235415994973, 0.001030280492939565, -0.0012722706769480012, 0.0009313107063790143, 0.00012680364482216475, -2.946947136480262e-05, -0.00023426997933763153, -0.00045784607125714285, 0.00032956260785893776, 0.0002818307458937018, -0.00015254010603432848, -0.0010646145802460589, 0.0011820667652307018, 7.873129428078236e-05, -0.0007197675432288827, 0.0004141874885391018, -1.0356533789164022e-05, 0.0004606718955346091, -0.00059935054003745, -0.00021360438346051112, 0.0005882223998102132, -0.00036465576590570705, 0.0001845136078282205, -0.00025918766198513806, 0.0005032896524753379, -0.0003107242660298159, 2.802397029069859e-05], [0.853273408430279, 1.2551773746858697, -2.309190115478631, 4.583802024306209, -13.031954541524506, 40.45152876841937, 0.12832012302118653, -40.799905905000514, 10.331919754303573, -0.0028079694901605575, 0.03002368048908382, -0.02275445559044618, 0.003989962326690322, -0.0035346267683347347, -0.012609364037589369, 0.0014762003488896526, 0.008389831962918787, -0.02244357457966134, -0.021745455751868255, 0.039080424759284534, -0.009749421298087929, 0.0073071338416649655, 0.013694899791353648, -0.010630503696663436, 0.04216187889212252, 0.002594153475420792, -0.0679491610950237, 0.030455852417631307, -0.005662639952992015, 0.0011250872717075188, -0.07968286753782333, 0.08882178581549927, 0.07177981441059082, -0.04585166575785659, -0.0065284912163727895, 0.0884653445322177, -0.22622366594160673, 0.010536526160959753, 0.03131488012505286, -0.0016586931427855112, 0.1833992076315302, -0.04581930864134231, -0.06331172937453246, -0.03668860074831949, 0.03151806914202928, -6.268681191110657e-05, 0.00013354924637758387, -0.00010064401207003413, -8.027120722491535e-05, 0.0001390360560987639, 0.00015070166431889527, -0.0001519454444047566, -3.821020980022858e-05, -6.919699192823242e-05, 0.00043368376711146975, 8.248906898117655e-06, -9.621823341026863e-05, -0.00039911526212055043, 0.0002862845636296361, -8.058764398415331e-05, -0.00019582192047774122, -3.1276966813260604e-05, -0.0002955974999253964, 0.0005259811167667791, -0.0001367186813205167, 2.9108982422140515e-05, -2.6672969470957402e-05, 0.0005019220429644734, -0.0004944877232802286, 0.00022996215134523482, 4.772069656577013e-05, -0.00021692957560800265, 0.0001516135514954858, 0.0001656636268213747, -0.00022231206954097563, -0.00018359780598940577, 0.00025799205082924697, 9.155466536254793e-05, -0.0001493683235743289, -0.000150068903324606, -8.946774013621432e-05, -4.9058593482628845e-06, -0.00032321734661188334, 0.00042032804885762474, 4.272954096258592e-06, 0.0, -7.739884252180663e-05, 0.00015395856900400978, 0.00019017277658741895, -0.0008612431085542207, 0.00048086415296718596, -7.177898797118513e-05, 0.0002831700922244349, -0.0004893660962716278, 0.0003192129766412259, -0.00022047310318554488, 8.344397436622005e-05, -0.00042595786886566613, 0.0003807619889886854, -0.00012568338617359554, 2.8593507871646592e-05, -1.1581194139497069e-05, -0.0001837954731968826, 0.00012044588095014583, -0.00021697901620723416, 0.00010491314221568636, 0.00016009236673691433, -7.952403369154007e-05, 0.00029195296045486966, 5.501904173840981e-05, 0.0005759097924039683, -0.0008933351556150602, 0.00039965222792010837, -0.00025176387294756196, 0.000128939198693582, -0.00034951736356224003, 0.0013779910494332573, -0.0008537347728568165, 0.00018910813449323505, -0.00013856460607294995, -7.539675471260911e-05, -0.00028267597062535887, 0.0003245029479377708, 9.68186411370341e-05, 0.0002363020198352458, -0.0003098347626705127, 0.0, -2.6884825724794735e-05, 0.0003737973138398307, -0.00031330568764265305, -5.740041628921497e-05, -0.0005047875023234227, 0.001124075014107134, -0.0006053050713074236, 0.00015518809469197237, -0.0002765853692523124, -0.0006200507637096076, 0.0007080634880877831, -0.00015412812148072504, -0.0005091047592301177, 0.0008448334115146158, -0.0003841831990768379, -0.00027669792894040963, 1.5620066627071857e-05, 0.000209719865826121, 0.0002465700710878901, 1.1801680171174546e-09, -0.0006607336321350842, 0.000521472225124535, 0.0011314011031012092, -0.0007075373762140974, -0.0004250317957567433, 0.0008551376689450304, -0.0008180273604708429, 0.00020097958484243758, -0.00044776495052448114, 0.0003040698000986768, 0.00032000040914881625, -0.0009593289721476679, 0.0009684540798113576, -0.0004556696642587635, 0.00041797795989231026, -0.0005219495570738238, 0.0003192444870589001, -9.533223363839521e-05], [0.0, -0.5634171031816704, 1.69413948367912, -2.3581452555548035, 5.686133022281827, -10.602768837846114, 42.04245332313667, -2.032106521994747, -35.4837057603409, 0.0049912617449465405, -0.018710875430560145, 0.0031761050068198865, 0.009271628498045695, -0.0001660395771462468, 0.013925165526037783, -0.004129708757211388, -0.009018088435380288, 0.010675359597155558, 0.028311856698421227, -0.02868166116642587, 0.003980692256345809, -0.012455334718718415, -0.0175438208950426, 0.012434992133177374, -0.023020454749369236, -0.014262695105819782, 0.0367374009512699, -0.019077950911092382, 0.01721215142195042, -0.0001934576022706471, 0.031868735077644636, 0.015083849151943312, -0.07075202545966763, 0.027499491624373068, -0.000897923192223292, -0.08233763532969582, 0.08826181573218213, 0.0685900431927696, -0.04854646157805463, 0.10630571502258737, -0.24417551634861034, 0.014621224747929942, 0.0063859993008890765, 0.1484549965584116, -0.055996177920989945, 3.0091334711153147e-06, 0.00011004480155679753, -0.00017535036724774744, 0.00019837832335244018, -0.0002989799392406069, -3.872264041668795e-06, -0.00016853115129344994, 0.00023826072103057255, -9.400727341087328e-05, -8.571288535596903e-05, -0.0002190246428484429, 0.00010226396159196509, 0.00042385491866302427, 3.680089415806949e-05, 7.734939460281578e-05, 0.00010971412263710016, -9.310295751391611e-05, 0.0006214008221001488, -0.0007749199364614279, 0.00011378368174836355, -0.00011198820208319801, 0.0001772365327755526, -0.0006400003875169286, 0.00046954513817941754, 0.00020571520357720854, -0.00027197391953762823, 0.00028990159906596937, -7.336834625470112e-05, -0.00021128320506832491, 0.0001560369571322007, 0.00012914879697689525, -0.00016303540266496437, 2.657342904202108e-05, 0.00010416894801186214, -0.00013049355989730538, 0.00021752797986958805, -1.2207652628411545e-05, 0.0001359132556020368, -0.0001678634167002173, -0.00011477473537013306, -8.060451412599316e-05, 0.00017735706509392675, -0.00025226868680869926, -3.359640783935052e-06, 0.0004159963121584889, -0.00023362767863088522, 0.00041237748695701704, -0.0007521791976046374, 0.0005892094464534484, -0.00026685246848062277, 0.00039260089567159505, -0.0006791893315228104, 0.0007103587781236051, -0.00014832449223488154, -0.00013055917428990787, 0.00045216272843166973, -0.00027151364257590603, 5.59929274189511e-05, -0.00036112978273560167, 0.00030801994496144127, -0.0002001641543555353, -0.00013920521933701705, 0.00028991441632435086, -0.0003610659540175848, -1.4226847737078371e-05, -0.0004946421840836794, 0.0005238663301339521, -0.0001978232663638528, 0.00027684142036657705, -0.000167035737953703, 0.00042788257288305, -0.001401672717934062, 0.0007692938603450949, -0.0004094333706228804, 0.000446056009297905, 0.00038213694984971287, -5.5571381408716846e-05, 0.00026901910380559813, -0.0003035316844102679, -7.131667225651217e-05, 0.00018042197667488444, -7.364838842353246e-05, 6.854527291067736e-05, -0.0004015114762329544, 0.00018321683838907628, -7.967861675694587e-05, 0.000660196699977985, -0.0009366423752132939, 0.0003498124521862487, -0.00011108884846591484, -0.0002943714040793014, 0.0013211926920450134, -0.0011795732102691482, 0.000587859388543067, -0.0001212304018642723, -3.9120799636329636e-05, 5.195516636051969e-05, 0.0003017840473941984, -9.939234191252532e-05, -0.00014872964130029903, -0.00013929531720590008, -0.0003743738115139035, 0.001136598947247673, -0.0006465595129580708, -0.0003345081060138743, -0.0009613476211301609, 0.000964919749045253, -0.00041770263530446154, 0.0007580889432808406, -0.00045280877481817985, 0.00032005081621083563, -6.165646927820306e-05, -0.0007544269025650046, 0.0009459161956899939, -0.00022222934696901, 0.0005034066485141761, -0.00035889992606559084, 1.4056347012985485e-06, -0.00019795817311396227, 0.00017449612099677364], [15.81380463040881, -0.31823550079012625, -1.2385924246741369, 2.0966764209115967, -6.567045671063856, -1.7228364107337422, -14.951748394257258, 48.22188913197838, -19.915588695765457, -0.0019696166368614113, 0.0010146289248653669, 0.013865270932135415, -0.017205507880459478, -0.004898209294930273, -0.014816466960621126, 0.0, 0.02131855276783814, -0.006422287981175841, -0.026218860125718706, 0.021214523887329615, 0.012477052049936876, 0.01627953413311189, 0.021105383040612866, -0.016110217264909382, 0.01405819172309083, 0.0074297595388433234, -0.03232884302704544, 0.027549101138009863, -0.02933340774849269, 0.009526927169308988, 0.0088056390490178, -0.04629601112291111, 0.04464995067962485, -0.032918549852307334, 0.010892738201276366, 0.036947435162031715, 0.024888593499602214, -0.07307583484554465, 0.03781702914315794, -0.12961560605368658, 0.12368150874387099, 0.0792662403306291, 0.09899140188082822, -0.1959250975809373, 0.003672459124376417, 8.716415627949974e-06, -0.0001644786263569327, 0.00024336937739875814, 0.0, 0.0003961881393830763, -0.00010693761829376571, 0.0006818128598990355, -0.0005306900180747392, 2.7202043756011836e-05, -0.00011128717490553143, 0.0002915140264148757, -7.111296260133028e-05, -0.00019474872688783414, -0.0004188128122687395, -0.00014183249567874243, -4.578527223500625e-05, 0.00018081188218579904, -0.000817939463713357, 0.0007547973665729319, -0.00011106420742091588, -4.950991252873289e-06, -7.448856452735722e-05, 0.00035615571827451683, -0.0004771283205847867, -0.0005362537857742906, 0.00047300726497377193, -0.0002601315782786129, 8.476685910640653e-05, -0.00022805317061313514, -1.9488678132399288e-05, -0.00030616334164102876, 0.00023519311928774008, 0.0003147437162510007, -0.00044946129196482754, 0.0006682280560141733, -0.00023577466345954358, 3.406843244976299e-05, 0.0003331319735896035, -8.524279427061234e-05, 0.00032151705447568894, -0.00016318687313613778, -8.617744932491489e-05, 0.000163238686837352, -0.0004348351325160312, 0.00022496988757755675, 4.9183372843756906e-05, -0.0002977906532706634, 0.0009681644631380638, -0.0007062650928621759, 2.277650390507993e-06, -0.0005174165989873669, 0.0010943958951476543, -0.000982044237669216, 1.2969754302897987e-05, 0.00013221421731045196, -0.0005583146947192579, 0.00023838867591291233, 0.0003547980953577169, 0.0005564421953540977, -7.092268225429654e-05, -7.20918285249221e-05, 0.00014100972194505297, -0.0001854288072157679, 0.00018988461144448042, -5.491607215210532e-06, 0.0005766897653997939, -0.0003135158215362389, -0.0001135990655323978, -0.00014323216824891033, 0.00021779198868951232, -0.0005153748314449598, 0.0015607382051641778, -0.0006657272215365965, 0.0009327891712537287, -0.0015286939900279637, -0.0003524712706430311, 8.116107681745125e-05, -0.001208162850572806, 0.0010165135558911206, -0.00026064366360814236, -6.477718008466324e-05, 0.000175069558859869, -0.0003552498022894663, 0.0006734720160044846, 0.00021066051223092217, 0.00028953742664441427, -0.0005658690397992645, 0.00044180368877125205, 0.00010525229294881729, -8.751450847174464e-05, 0.0004382840093333419, -0.0012387879788555494, 0.0015995092264611643, -0.0015770853871658853, 0.0004566187474822986, -0.0006494171844002113, 0.0008282717659112113, -0.00039927311398073654, -9.20624689626848e-05, 0.00027188661751233943, 0.0001637164372744444, 0.00037834793234538353, -0.0011396881842439194, 0.0006958818270062021, 2.0717806408010726e-05, 0.0022337187345198807, -0.0021826258887183646, -9.377891599176223e-05, -0.00034417099121050086, 0.0008775769214162233, -0.00025754494644248484, -0.0004637421231855088, 0.0017080623224584863, 0.00022116586470247534, -0.0020162013195444803, -0.0004263634872923374, 8.774269925955778e-05, 0.0008903943523454279, -0.0005451394844652394, -3.540244221175458e-05]]",(x0)' = -32.485 1 +  18.619 x0 + -47.420 x1 +  15.589 x2 +  1.953 x3 +  6.162 x4 + -2.658 x5 +  1.467 x6 +  0.204 x7 +  0.004 x0^2 +  0.135 x0 x1 + -0.050 x0 x2 + -0.037 x0 x3 + -0.033 x0 x4 +  0.003 x0 x5 +  0.020 x0 x6 +  0.004 x0 x7 + -0.025 x1^2 + -0.097 x1 x2 +  0.016 x1 x3 +  0.011 x1 x4 +  0.023 x1 x5 + -0.014 x1 x6 + -0.026 x1 x7 +  0.061 x2^2 +  0.009 x2 x3 +  0.022 x2 x4 + -0.037 x2 x5 + -0.012 x2 x6 +  0.020 x2 x7 + -0.017 x3^2 +  0.012 x3 x4 +  0.016 x3 x5 + -0.007 x3 x6 +  0.012 x3 x7 + -0.003 x4^2 + -0.008 x4 x5 + -0.007 x4 x6 + -0.003 x4 x7 + -0.002 x5^2 + -0.021 x5 x6 +  0.018 x5 x7 +  0.024 x6^2 + -0.016 x6 x7 + -0.005 x7^2 +  0.001 x0^2 x1 + -0.001 x0 x1^2 +  0.002 x0 x1 x2 + -0.001 x0 x1 x3 +  0.001 x0 x1 x4 + -0.001 x0 x1 x6 +  0.001 x0 x1 x7 + -0.001 x0 x2^2 +  0.002 x0 x2 x3 + -0.002 x0 x2 x4 +  0.001 x0 x2 x6 + -0.001 x0 x2 x7 +  0.001 x0 x3 x4 + -0.001 x0 x3 x5 +  0.001 x0 x4 x5 +  0.001 x0 x5 x6 + -0.001 x0 x6 x7 +  0.001 x0 x7^2 +  0.001 x1^2 x6 + -0.001 x1 x2 x3 +  0.001 x1 x2 x4 + -0.001 x1 x2 x6 +  0.001 x1 x3 x5 +  0.001 x1 x3 x6 + -0.001 x1 x4^2 + -0.001 x1 x5^2 + -0.001 x1 x6^2 + -0.001 x1 x7^2 +  0.001 x2 x4^2 + -0.001 x2 x4 x5 + -0.001 x2 x5 x6 +  0.001 x2 x5 x7 +  0.001 x2 x6^2 + -0.001 x6 x7^2 | (x1)' = -11.826 1 +  35.666 x0 +  2.294 x1 + -42.897 x2 +  10.949 x3 + -5.490 x4 +  2.481 x5 + -1.715 x6 +  0.480 x7 +  0.079 x0^2 + -0.177 x0 x1 + -0.009 x0 x2 +  0.024 x0 x3 +  0.017 x0 x4 +  0.009 x0 x5 + -0.011 x0 x6 + -0.007 x0 x7 + -0.016 x1^2 +  0.216 x1 x2 + -0.031 x1 x3 +  0.003 x1 x4 + -0.036 x1 x5 +  0.007 x1 x6 +  0.023 x1 x7 + -0.079 x2^2 + -0.058 x2 x3 +  0.006 x2 x4 +  0.019 x2 x5 +  0.019 x2 x6 + -0.016 x2 x7 +  0.045 x3^2 + -0.006 x3 x4 + -0.005 x3 x5 + -0.001 x3 x6 + -0.008 x3 x7 + -0.014 x4^2 +  0.007 x4 x5 + -0.002 x4 x6 +  0.005 x4 x7 +  0.018 x5 x6 + -0.010 x5 x7 + -0.013 x6^2 + -0.004 x6 x7 +  0.008 x7^2 +  0.001 x0 x1^2 + -0.001 x0 x1 x2 +  0.001 x0 x2^2 + -0.001 x0 x2 x3 +  0.001 x0 x2 x4 + -0.001 x0 x2 x6 +  0.001 x0 x6 x7 + -0.001 x1^2 x7 + -0.001 x1 x2^2 +  0.001 x1 x2 x3 + -0.001 x1 x3^2 +  0.001 x1 x3 x4 + -0.001 x1 x3 x5 +  0.001 x2 x3^2 | (x2)' =  3.393 1 + -10.529 x0 +  40.457 x1 +  0.872 x2 + -41.276 x3 +  13.130 x4 + -4.425 x5 +  2.063 x6 + -0.888 x7 + -0.058 x0^2 +  0.051 x0 x1 +  0.089 x0 x2 + -0.041 x0 x3 + -0.006 x0 x5 +  0.003 x0 x6 +  0.001 x0 x7 +  0.098 x1^2 + -0.250 x1 x2 + -0.001 x1 x3 +  0.016 x1 x4 +  0.022 x1 x5 +  0.007 x1 x6 + -0.010 x1 x7 +  0.016 x2^2 +  0.186 x2 x3 + -0.041 x2 x4 + -0.008 x2 x5 + -0.033 x2 x6 +  0.007 x2 x7 + -0.067 x3^2 + -0.048 x3 x4 +  0.017 x3 x5 +  0.008 x3 x6 +  0.016 x3 x7 +  0.043 x4^2 + -0.003 x4 x5 + -0.001 x4 x6 + -0.009 x4 x7 + -0.011 x5^2 + -0.002 x5 x6 +  0.004 x6^2 +  0.009 x6 x7 + -0.007 x7^2 +  0.001 x0^2 x2 +  0.001 x0 x1 x3 + -0.001 x0 x2^2 +  0.001 x0 x2 x3 + -0.001 x0 x2 x4 +  0.001 x0 x2 x6 + -0.001 x0 x3 x6 +  0.001 x0 x5 x6 + -0.001 x1^2 x3 +  0.001 x1^2 x7 +  0.001 x1 x2^2 + -0.001 x1 x2 x3 +  0.001 x1 x3^2 + -0.001 x1 x3 x4 +  0.001 x1 x3 x5 +  0.001 x1 x4 x7 +  0.001 x2^2 x4 + -0.001 x2 x3^2 +  0.001 x2 x3 x4 + -0.001 x2 x4^2 +  0.001 x2 x4 x5 + -0.001 x2 x4 x6 + -0.001 x3^2 x4 +  0.001 x3 x4^2 + -0.001 x3 x4 x5 +  0.001 x3 x5 x7 | (x3)' = -0.735 1 +  3.507 x0 + -12.113 x1 +  41.172 x2 +  0.078 x3 + -42.135 x4 +  12.624 x5 + -4.202 x6 +  1.321 x7 +  0.021 x0^2 +  0.028 x0 x1 + -0.080 x0 x2 +  0.024 x0 x3 + -0.005 x0 x5 + -0.001 x0 x6 +  0.008 x0 x7 + -0.088 x1^2 +  0.102 x1 x2 +  0.081 x1 x3 + -0.045 x1 x4 + -0.003 x1 x6 + -0.008 x1 x7 +  0.081 x2^2 + -0.235 x2 x3 +  0.011 x2 x4 +  0.024 x2 x5 +  0.019 x2 x6 +  0.012 x2 x7 +  0.011 x3^2 +  0.178 x3 x4 + -0.044 x3 x5 + -0.005 x3 x6 + -0.032 x3 x7 + -0.064 x4^2 + -0.049 x4 x5 +  0.014 x4 x6 +  0.017 x4 x7 +  0.040 x5^2 + -0.003 x5 x7 + -0.013 x6^2 +  0.002 x7^2 + -0.001 x0^2 x2 +  0.001 x0 x1 x2 + -0.001 x0 x1 x3 +  0.001 x1^2 x3 + -0.001 x1 x2 x3 +  0.001 x1 x2 x4 + -0.001 x1 x3^2 +  0.001 x1 x3 x4 + -0.001 x1 x3 x5 +  0.001 x1 x3 x7 + -0.001 x1 x4 x7 + -0.001 x2^2 x4 +  0.001 x2 x3^2 + -0.001 x2 x3 x4 +  0.001 x2 x4^2 + -0.001 x2 x4 x5 +  0.001 x2 x4 x6 + -0.001 x3 x4^2 +  0.001 x3 x4 x5 +  0.001 x3 x4 x7 + -0.001 x3 x5^2 +  0.001 x3 x5 x6 + -0.001 x3 x5 x7 + -0.001 x4^2 x5 +  0.001 x4 x5^2 +  0.001 x5^2 x6 | (x4)' = -1.661 x0 +  4.283 x1 + -12.635 x2 +  41.622 x3 +  0.765 x4 + -41.609 x5 +  12.187 x6 + -3.224 x7 + -0.005 x0^2 + -0.034 x0 x1 +  0.043 x0 x2 + -0.011 x0 x3 +  0.005 x0 x4 +  0.008 x0 x5 +  0.004 x0 x6 + -0.012 x0 x7 +  0.043 x1^2 +  0.003 x1 x2 + -0.075 x1 x3 +  0.025 x1 x4 + -0.001 x1 x5 + -0.011 x1 x6 +  0.014 x1 x7 + -0.083 x2^2 +  0.098 x2 x3 +  0.071 x2 x4 + -0.049 x2 x5 +  0.003 x2 x6 + -0.013 x2 x7 +  0.081 x3^2 + -0.224 x3 x4 +  0.012 x3 x5 +  0.021 x3 x6 +  0.026 x3 x7 +  0.181 x4 x5 + -0.041 x4 x6 + -0.018 x4 x7 + -0.061 x5^2 + -0.052 x5 x6 +  0.021 x5 x7 +  0.042 x6^2 + -0.005 x6 x7 + -0.008 x7^2 + -0.001 x0 x1 x2 +  0.001 x0 x1 x3 +  0.001 x1^2 x2 + -0.001 x1^2 x3 +  0.001 x1 x2 x3 + -0.001 x1 x2 x4 + -0.001 x1 x3 x7 +  0.001 x2^2 x4 + -0.001 x2^2 x5 + -0.001 x2 x3 x4 +  0.001 x2 x3 x5 + -0.001 x2 x4^2 +  0.001 x2 x4 x5 + -0.001 x2 x4 x6 + -0.001 x2 x5 x7 + -0.001 x3^2 x5 +  0.001 x3^2 x6 +  0.001 x3 x4^2 + -0.001 x3 x4 x5 +  0.001 x3 x5^2 + -0.001 x3 x5 x6 +  0.001 x3 x5 x7 + -0.001 x4 x5^2 +  0.001 x4 x5 x6 + -0.001 x4 x6^2 + -0.001 x5^2 x6 +  0.001 x5 x6^2 +  0.001 x6^2 x7 | (x5)' =  0.853 1 +  1.255 x0 + -2.309 x1 +  4.584 x2 + -13.032 x3 +  40.452 x4 +  0.128 x5 + -40.800 x6 +  10.332 x7 + -0.003 x0^2 +  0.030 x0 x1 + -0.023 x0 x2 +  0.004 x0 x3 + -0.004 x0 x4 + -0.013 x0 x5 +  0.001 x0 x6 +  0.008 x0 x7 + -0.022 x1^2 + -0.022 x1 x2 +  0.039 x1 x3 + -0.010 x1 x4 +  0.007 x1 x5 +  0.014 x1 x6 + -0.011 x1 x7 +  0.042 x2^2 +  0.003 x2 x3 + -0.068 x2 x4 +  0.030 x2 x5 + -0.006 x2 x6 +  0.001 x2 x7 + -0.080 x3^2 +  0.089 x3 x4 +  0.072 x3 x5 + -0.046 x3 x6 + -0.007 x3 x7 +  0.088 x4^2 + -0.226 x4 x5 +  0.011 x4 x6 +  0.031 x4 x7 + -0.002 x5^2 +  0.183 x5 x6 + -0.046 x5 x7 + -0.063 x6^2 + -0.037 x6 x7 +  0.032 x7^2 +  0.001 x0 x2 x5 +  0.001 x0 x3 x4 + -0.001 x1 x2 x3 +  0.001 x2^2 x3 + -0.001 x2^2 x4 +  0.001 x2 x3 x4 + -0.001 x2 x3 x5 + -0.001 x3^2 x4 +  0.001 x3^2 x5 + -0.001 x3^2 x6 + -0.001 x3 x4 x5 +  0.001 x3 x4 x6 + -0.001 x3 x5^2 +  0.001 x3 x5 x6 + -0.001 x4^2 x6 +  0.001 x4^2 x7 +  0.001 x4 x5^2 + -0.001 x4 x5 x6 +  0.001 x4 x6^2 + -0.001 x4 x6 x7 + -0.001 x5 x6^2 +  0.001 x5 x6 x7 + -0.001 x6^2 x7 | (x6)' = -0.563 x0 +  1.694 x1 + -2.358 x2 +  5.686 x3 + -10.603 x4 +  42.042 x5 + -2.032 x6 + -35.484 x7 +  0.005 x0^2 + -0.019 x0 x1 +  0.003 x0 x2 +  0.009 x0 x3 +  0.014 x0 x5 + -0.004 x0 x6 + -0.009 x0 x7 +  0.011 x1^2 +  0.028 x1 x2 + -0.029 x1 x3 +  0.004 x1 x4 + -0.012 x1 x5 + -0.018 x1 x6 +  0.012 x1 x7 + -0.023 x2^2 + -0.014 x2 x3 +  0.037 x2 x4 + -0.019 x2 x5 +  0.017 x2 x6 +  0.032 x3^2 +  0.015 x3 x4 + -0.071 x3 x5 +  0.027 x3 x6 + -0.001 x3 x7 + -0.082 x4^2 +  0.088 x4 x5 +  0.069 x4 x6 + -0.049 x4 x7 +  0.106 x5^2 + -0.244 x5 x6 +  0.015 x5 x7 +  0.006 x6^2 +  0.148 x6 x7 + -0.056 x7^2 +  0.001 x0 x2 x4 + -0.001 x0 x2 x5 + -0.001 x0 x3 x4 + -0.001 x1 x2 x6 +  0.001 x1 x2 x7 + -0.001 x1 x3 x5 +  0.001 x1 x3 x6 +  0.001 x2^2 x4 + -0.001 x2 x3 x4 +  0.001 x2 x3 x5 +  0.001 x3^2 x4 + -0.001 x3^2 x5 +  0.001 x3 x4 x5 + -0.001 x3 x4 x6 +  0.001 x3 x4 x7 +  0.001 x4^2 x6 + -0.001 x4^2 x7 + -0.001 x4 x5 x6 +  0.001 x4 x5 x7 +  0.001 x4 x6 x7 + -0.001 x5^2 x7 +  0.001 x5 x6^2 +  0.001 x5 x7^2 | (x7)' =  15.814 1 + -0.318 x0 + -1.239 x1 +  2.097 x2 + -6.567 x3 + -1.723 x4 + -14.952 x5 +  48.222 x6 + -19.916 x7 + -0.002 x0^2 +  0.001 x0 x1 +  0.014 x0 x2 + -0.017 x0 x3 + -0.005 x0 x4 + -0.015 x0 x5 +  0.021 x0 x7 + -0.006 x1^2 + -0.026 x1 x2 +  0.021 x1 x3 +  0.012 x1 x4 +  0.016 x1 x5 +  0.021 x1 x6 + -0.016 x1 x7 +  0.014 x2^2 +  0.007 x2 x3 + -0.032 x2 x4 +  0.028 x2 x5 + -0.029 x2 x6 +  0.010 x2 x7 +  0.009 x3^2 + -0.046 x3 x4 +  0.045 x3 x5 + -0.033 x3 x6 +  0.011 x3 x7 +  0.037 x4^2 +  0.025 x4 x5 + -0.073 x4 x6 +  0.038 x4 x7 + -0.130 x5^2 +  0.124 x5 x6 +  0.079 x5 x7 +  0.099 x6^2 + -0.196 x6 x7 +  0.004 x7^2 +  0.001 x0^2 x6 + -0.001 x0^2 x7 + -0.001 x0 x2 x4 +  0.001 x0 x2 x5 + -0.001 x0 x3 x6 +  0.001 x0 x6 x7 +  0.001 x1 x2 x6 + -0.001 x1 x2 x7 + -0.001 x1 x3 x4 +  0.001 x1 x3 x5 + -0.001 x1 x3 x6 + -0.001 x1 x4 x5 +  0.001 x1 x5^2 +  0.001 x2^2 x3 + -0.001 x2 x3^2 +  0.002 x2 x3 x4 + -0.001 x2 x3 x5 +  0.001 x2 x3 x6 + -0.002 x2 x3 x7 + -0.001 x2 x4 x6 +  0.001 x2 x4 x7 +  0.001 x2 x6 x7 + -0.001 x3^2 x4 + -0.001 x3 x4 x5 +  0.002 x3 x4 x6 + -0.002 x3 x4 x7 + -0.001 x3 x5 x6 +  0.001 x3 x5 x7 + -0.001 x4^2 x6 +  0.001 x4^2 x7 +  0.002 x4 x5 x6 + -0.002 x4 x5 x7 +  0.001 x4 x7^2 +  0.002 x5^2 x7 + -0.002 x5 x6 x7 +  0.001 x6^2 x7 + -0.001 x6 x7^2
36,35.0,100.0,36.85636440989091,3,8,5,20.0,140.0,9,36.0,smoothed_finite_difference_savgol_order_3,success,,1304,1320,98.78787878787878,17.376177459955215,"[""1"", ""x0"", ""x1"", ""x2"", ""x3"", ""x4"", ""x5"", ""x6"", ""x7"", ""x0^2"", ""x0 x1"", ""x0 x2"", ""x0 x3"", ""x0 x4"", ""x0 x5"", ""x0 x6"", ""x0 x7"", ""x1^2"", ""x1 x2"", ""x1 x3"", ""x1 x4"", ""x1 x5"", ""x1 x6"", ""x1 x7"", ""x2^2"", ""x2 x3"", ""x2 x4"", ""x2 x5"", ""x2 x6"", ""x2 x7"", ""x3^2"", ""x3 x4"", ""x3 x5"", ""x3 x6"", ""x3 x7"", ""x4^2"", ""x4 x5"", ""x4 x6"", ""x4 x7"", ""x5^2"", ""x5 x6"", ""x5 x7"", ""x6^2"", ""x6 x7"", ""x7^2"", ""x0^3"", ""x0^2 x1"", ""x0^2 x2"", ""x0^2 x3"", ""x0^2 x4"", ""x0^2 x5"", ""x0^2 x6"", ""x0^2 x7"", ""x0 x1^2"", ""x0 x1 x2"", ""x0 x1 x3"", ""x0 x1 x4"", ""x0 x1 x5"", ""x0 x1 x6"", ""x0 x1 x7"", ""x0 x2^2"", ""x0 x2 x3"", ""x0 x2 x4"", ""x0 x2 x5"", ""x0 x2 x6"", ""x0 x2 x7"", ""x0 x3^2"", ""x0 x3 x4"", ""x0 x3 x5"", ""x0 x3 x6"", ""x0 x3 x7"", ""x0 x4^2"", ""x0 x4 x5"", ""x0 x4 x6"", ""x0 x4 x7"", ""x0 x5^2"", ""x0 x5 x6"", ""x0 x5 x7"", ""x0 x6^2"", ""x0 x6 x7"", ""x0 x7^2"", ""x1^3"", ""x1^2 x2"", ""x1^2 x3"", ""x1^2 x4"", ""x1^2 x5"", ""x1^2 x6"", ""x1^2 x7"", ""x1 x2^2"", ""x1 x2 x3"", ""x1 x2 x4"", ""x1 x2 x5"", ""x1 x2 x6"", ""x1 x2 x7"", ""x1 x3^2"", ""x1 x3 x4"", ""x1 x3 x5"", ""x1 x3 x6"", ""x1 x3 x7"", ""x1 x4^2"", ""x1 x4 x5"", ""x1 x4 x6"", ""x1 x4 x7"", ""x1 x5^2"", ""x1 x5 x6"", ""x1 x5 x7"", ""x1 x6^2"", ""x1 x6 x7"", ""x1 x7^2"", ""x2^3"", ""x2^2 x3"", ""x2^2 x4"", ""x2^2 x5"", ""x2^2 x6"", ""x2^2 x7"", ""x2 x3^2"", ""x2 x3 x4"", ""x2 x3 x5"", ""x2 x3 x6"", ""x2 x3 x7"", ""x2 x4^2"", ""x2 x4 x5"", ""x2 x4 x6"", ""x2 x4 x7"", ""x2 x5^2"", ""x2 x5 x6"", ""x2 x5 x7"", ""x2 x6^2"", ""x2 x6 x7"", ""x2 x7^2"", ""x3^3"", ""x3^2 x4"", ""x3^2 x5"", ""x3^2 x6"", ""x3^2 x7"", ""x3 x4^2"", ""x3 x4 x5"", ""x3 x4 x6"", ""x3 x4 x7"", ""x3 x5^2"", ""x3 x5 x6"", ""x3 x5 x7"", ""x3 x6^2"", ""x3 x6 x7"", ""x3 x7^2"", ""x4^3"", ""x4^2 x5"", ""x4^2 x6"", ""x4^2 x7"", ""x4 x5^2"", ""x4 x5 x6"", ""x4 x5 x7"", ""x4 x6^2"", ""x4 x6 x7"", ""x4 x7^2"", ""x5^3"", ""x5^2 x6"", ""x5^2 x7"", ""x5 x6^2"", ""x5 x6 x7"", ""x5 x7^2"", ""x6^3"", ""x6^2 x7"", ""x6 x7^2"", ""x7^3""]","[[-29.458875469380995, 22.197886540958418, -52.565046967391346, 20.06776411198399, -1.286260889865604, 7.247766952044689, -3.2032091886573957, 1.9020920994195967, -0.08311082953250763, -0.004294163246883117, 0.14342265474764507, -0.05792216136142494, -0.018158020192367112, -0.035497901180432015, 0.0027207175134584304, 0.017176344796095314, 0.0037632476907365616, -0.02385676456986941, -0.10517168152416856, 0.0, 0.02003803364270778, 0.025801643384836637, -0.014799301867405844, -0.022354561900497304, 0.06598554289753544, 0.028705829791510918, 0.013054765794974839, -0.04220376203286943, -0.015490496760403778, 0.023778954914898, -0.0323643718783939, 0.012559838198889239, 0.02137008788730513, 0.001853908149950238, 0.008738176271400083, 0.0020985292875968457, -0.013424975964829786, -0.006063278626008865, -0.005475195431683742, -0.0010527729344710873, -0.019616058663284152, 0.019039902307249158, 0.024749153002428963, -0.019084495185987215, -0.0031933937902487767, -0.0002929058653719504, 0.0011643356058507039, 0.00027548386463733843, -0.00042073004381556984, -0.00019773177407424254, -0.00024389030907660437, -0.00021396031817175516, -0.00018998527604649362, -0.0012996930265506568, 0.00183499338183603, -0.0005049572304268073, 0.000472946204368118, -0.00011356051380533803, -0.0007779428662373548, 0.0005480409462652182, -0.0010943843550720058, 0.0018511018895463725, -0.0022406717510710192, 0.0004947355273179544, 0.0005220800820189242, -0.0005609494448702932, 8.451052673824261e-05, 0.001400395266698814, -0.0011093416684051368, -2.6735319667181693e-05, -0.0003799751560860314, 0.00039988398534931827, 0.0012135748533546869, -0.0001552563374896486, -0.0004430851316704115, -0.00014371971651435932, 0.0009536766842979738, -0.00019912725585990816, 0.00016672823296860572, -0.0005677029115530994, 0.0009292551668036342, 0.00022023947363339772, -0.00013040040536247018, -0.0002314195310384824, 0.0002351266807820916, -0.00017791889361953438, 0.0005629047345182481, 0.0003638469102381563, 3.976220746791287e-05, -0.0007955301609906189, 0.0006597940838595974, 4.902818607064444e-06, -0.0007914642043309513, -0.0003270060322265013, 0.00018006151186959036, -0.0001344518401879496, 0.0008274053175396404, 0.0007022695282586782, 0.00016566634472617704, -0.0008331304547636028, -0.0001410070795061616, -0.0001806203406644569, 0.00017208803091291105, -0.0004990385102592251, 0.00024021882438402057, -1.860151335787534e-05, -0.0005978881612368149, 0.0005270281638165958, -0.0007850381264418834, -0.0002171067659318741, 0.00021382175987934594, 0.00021080612626978658, -8.125328445536435e-05, 0.0004915638616317237, -0.0001802947082468424, -0.0001837431965800439, -0.00036056590068561607, 0.0004536297354080208, -0.0003674027743691978, 0.00030026351744081404, 0.0006727460564575378, -0.0007393309702907387, 0.0003631192397121905, -0.0004583502723794099, 0.00018315110613467475, -0.0004947725196829104, 0.000570947777700623, 0.0006237165642476819, -0.0002948020262607521, 0.0004290194657199397, -0.00018379967480447435, 8.883096721518766e-05, -0.00010407911239652571, 7.443695807792393e-05, -0.0001738379960238152, -0.0004764379668009821, 0.000616056996865546, -0.0004712519102634374, 0.000303773604573078, -0.0002628855786331381, 9.465755184205235e-06, 0.0002569777609358906, -0.0004758093477257937, 1.1621320900865406e-05, -0.00027638215364783543, 3.9461626521210184e-05, -0.00015255676332402577, 0.00012192817684232375, 0.0002048451707316302, -0.0002793235146573595, -5.255159431874618e-05, 0.00023148356551440586, -0.00024864553410864195, 7.34791432877787e-05, -1.5523008337246153e-05, 0.00014165947789343317, -0.00040036454245400826, 0.00015305101230369294, 0.0005487359518413878, -0.0005505124880280516, 0.00020607080042445335, -8.391285666835334e-05, 0.0004848733330023255, -0.0006769439939811108, 0.00017845149190866518], [-4.8808878747853734, 35.8699104995601, 3.463075081425382, -45.752068435987866, 14.125249654433208, -8.07681029008061, 3.7419674748812506, -2.1961891385215764, 0.6660569526076456, 0.06484856408916347, -0.15150100544910955, 0.0, 0.0141219467488812, 0.01672465959786295, 0.007024242378975789, -0.009686793339521165, -0.006725627021836742, -0.019646404364726634, 0.19531798655843516, -0.024645854454419577, 0.0032231911966631825, -0.03371980085182337, 0.005739261759465109, 0.02080631556379684, -0.06908629259968396, -0.06829636581010734, 0.00794060703115802, 0.01898858863528809, 0.02307988977193247, -0.01702804802880675, 0.04865001832356771, 0.003784689680813653, -0.008253496822476149, -0.006498135666425582, -0.009006735348088496, -0.02051673909093703, 0.006029270872192329, -0.000635825694117879, 0.009671816305058964, 0.0034706290618887778, 0.0174261124686992, -0.01202766180128757, -0.014753618681621889, 0.0015626611757574578, 0.006178529893805085, 2.9706963166717854e-05, -0.0001373705485015829, -0.0005031108675318651, 0.00041025888023408895, -0.00012351880003244137, 7.843885705247273e-05, 0.00022563658473384528, 0.0001865900012001996, 0.0007261337096699102, -0.0008825941340820874, -0.00023586131440491646, -0.0001613699928758665, 0.00012990185238847735, 0.00023370089195093232, -0.00013260576391199285, 0.0010923006344147703, -0.001334181469593623, 0.00120760548343542, -0.0003340975881962588, -0.00042305066735575346, 4.298163074300897e-06, 0.00014850090076393344, -0.0005683692529861505, 0.000453462319789676, 0.00034425518652060903, 0.00017493553952277458, -0.00019540632559785244, -0.00033633001750946895, -0.00019652934673328038, 0.00025035182516378594, -3.875675820826395e-06, -0.00039574844709706165, -0.00010962405768545795, -0.00014917670247362484, 0.0005611253798874739, -0.00046362679079792483, -0.00018520840162620088, -7.446734661146673e-06, 0.0005155829408628752, -0.0003591764493179108, 0.00012022222658043027, -0.00022700033691931264, -0.0005149470668894241, -0.0006526234247516107, 0.0012221464737925103, -0.00025781390514743684, 0.00035068774188412675, 0.0001841216832746398, 0.0005981771929887595, -0.0008142227794394988, 0.0007664400758915869, -0.000891686108977516, -0.00019315841065976078, -2.4404339956842054e-05, 0.0002845915321027265, 8.014490849362024e-05, 9.488192698540439e-05, -0.0004554134911019307, 0.0002327832313352865, -3.615075513924171e-05, 0.00035117756992953975, 0.00033350528566073584, -0.0003305366222038721, 0.00030734929064895754, 0.0003572144354997174, -0.0005305636807271555, -0.0002732143671741213, -2.6621552990001648e-05, 0.0, 1.2555037907071924e-05, 0.000783665435607769, -0.0006059300948672461, 0.0002092444615187463, -0.00038836885645156656, -0.00024246635586707078, 7.95456066284963e-05, -7.580631780243186e-05, 0.00036751234842459415, 0.000426498600810196, -4.632966322496254e-06, 0.00010283798430691068, -0.00039813581222256626, -0.00037065767790263256, 0.0001475477437233872, -0.0001896528297058806, -0.0002637969142390906, 0.00047508540226823856, 2.3253149627458995e-05, 0.00011036896581976039, 7.326396341665125e-05, -0.00024797841518374745, 5.091667240117481e-06, -0.0001193259820798013, 9.50636546862357e-05, 4.913573353419176e-06, 0.00016958831308763964, -0.0003002900758046539, 0.0001559911563590973, 3.4139510208531056e-05, 0.00018215487871023757, 0.0001523334620953177, -0.00023966202145798578, 7.479977712270954e-05, -0.00017598484548722216, 0.0002662916671331091, 9.875530592628395e-05, -0.0001799702942685872, 3.0511804470715727e-05, 6.908731025155299e-06, 4.5701795878767636e-05, -0.00011590206850721444, 0.0003024978727172767, -2.721075641627207e-05, -0.0002628421880057147, 8.970441770847521e-05, -0.00013637621285968307, 1.5369299988470484e-06, -0.0001723781548761358, 0.0003467544955855454, -7.986763784085712e-05], [2.8657051545376393, -12.213855025025714, 42.261138796597976, 1.0875531384643828, -43.50593960292132, 16.37865311975805, -6.809837462235034, 3.215115818098478, -1.1740041615430639, -0.05162917361617737, 0.05368655169932401, 0.06621673958388866, -0.026638730395411238, 0.0005479005933443612, -0.007980752342346827, 0.0023309764512582857, 0.0021957284118385547, 0.08080701348718175, -0.21137967631874865, -0.0047406408154358985, 0.007088494523252867, 0.022943875118288087, 0.004829088363276226, -0.008809050211938273, 0.014614388467092869, 0.16224942164598402, -0.028273787594465794, -0.010180545447473465, -0.029929214723495426, 0.005090110147737999, -0.0556002638665304, -0.05985141960827761, 0.021281786371762205, 0.007759864253247735, 0.018243973246711787, 0.04478090881235058, 0.004688877051680614, -0.0020427932173558093, -0.014540839903415509, -0.015482713738734237, -0.008110824727983391, 0.006319238058794457, 0.010198257944954952, 0.004587596127308594, -0.006562130237914398, 6.198593559374321e-05, -0.00021183210955541616, 0.0006190221465405413, -0.0005095893971384268, 0.0001633711186689023, -4.086127997469069e-06, -0.00013502942125198162, -0.000104567324860848, -0.00025370282637638005, -9.850659163034855e-05, 0.0009184322941022575, -6.231290415677574e-05, 6.212602041635598e-05, -0.0002557669443557115, -0.00018665159763229158, -0.0006083595618067146, 0.0006102276394317648, -0.0005271874342530533, -0.0001347813970452367, 0.00040413260284297175, 0.00035631167820241545, -0.00020042361076388706, 0.00027653390005558977, 0.00019745159140253097, -0.00035839327492637527, -0.00013772542010846638, 0.00014780427643242908, -0.00010699878073492816, 1.6139078688914765e-05, -0.00014354224771923505, 1.4729567882222218e-05, 0.00041925475640357664, 4.281365339679013e-05, 0.00010238902704641929, -0.0003693621792976356, 0.00018442670379241637, 0.00012586946615793332, 0.0001424586606028131, -0.0008506830344095842, 0.0004855057057523844, -0.00022921924255264506, 9.543815907462217e-05, 0.000576277989755808, 0.0006583040766474302, -0.0005490414937920664, -0.0004422446051870429, 0.00021235484101705018, 0.0, -0.0005326097906510064, 0.0009204323523829985, -0.0007425622596920791, 0.0, 0.0, -0.00020321392195881696, -0.0001521183697926099, 0.0003497299756593796, 7.17369342590436e-05, 0.0006189471605576485, -0.0002656980429758059, -1.1262788460102409e-05, -0.0002727547513958332, -0.00021924203298884793, 7.641517443779912e-05, -5.466140379571367e-05, -0.00030758758027506434, 0.00020518428255263276, 0.0006664600421410514, -0.000496299400159562, 0.00015910330427544914, -0.00018052735420540444, -0.0010201644598910112, 0.0008259900190489886, 0.0004176216669470684, 0.00035666659613449165, 0.00033037060472028017, -0.0005919115893898326, 0.0004081115824932826, -0.0007397319085996653, -0.00023923419513918414, 3.635387375706533e-06, 7.730007309141837e-05, -1.0161535125475232e-05, 0.00017014879148069228, 7.903485726962524e-05, 0.0001076477292347802, 0.0004457598564462362, -0.0005001179173574471, -0.00037138355111006793, 1.9032494252375454e-06, -5.3887965133137995e-05, 0.0006401993420713277, -0.0004974600202675131, 0.0003139544775251095, -0.00031809846967350436, 0.00031604238573022987, -0.00039855159752649397, 0.0006060105394648093, -1.9749855311297516e-05, -0.00015315603546620917, -0.00014322135381202172, -0.00034631262463423554, 0.0005642805140929047, -3.471018180251582e-05, 0.00018635917049733398, -0.0004850852236195321, 2.946250154641842e-05, -4.240487008563638e-06, -1.092545383270561e-05, 3.829406355126605e-05, -4.700223177049965e-05, 0.00022136701169209462, -0.0004496002969652806, 4.201258367074068e-05, 0.0002624383310250674, 8.779417698514757e-06, 7.63182370664283e-05, -3.023879256274165e-05, 0.0001728846146119919, -0.00024524592380188476, 2.3605096947142028e-05], [1.38496613187607, 4.932761248519766, -14.659605774559807, 43.173382722649755, 0.1910555215619616, -44.69547447107631, 15.744274125591536, -6.348850609936572, 2.086717562574252, 0.023011624821765008, 0.016071388783118933, -0.06884776295013072, 0.018407388618693888, -0.004172857478030805, 0.0008688804315709681, -0.0012516112384197296, 0.005384000780749441, -0.08203939820488447, 0.1089100117210321, 0.05625184745921612, -0.02216874842252712, -0.0056605123245389456, -0.003585307162719398, -0.0051486728029192215, 0.05808148091159377, -0.188028537397433, -0.00088219134196556, 0.019857623104157188, 0.017399277648543997, 0.009970884209474078, 0.006970794736398366, 0.15796687741992324, -0.036346020034424324, -0.0026855537903017397, -0.029908159131164715, -0.05179580152744297, -0.057780578824694125, 0.014517773354604024, 0.018646119661483686, 0.037723966607763317, 0.014055885059110308, -0.008784589929888249, -0.019251243664517775, -0.0008212750005261747, 0.005483250690639777, -6.28141447158028e-05, 0.00022830475194039244, -0.0003370396091708059, 8.386685516194962e-06, 7.723523507583601e-05, -9.388974833966633e-05, -2.529714512112758e-07, 0.0001304903845869517, 3.250584268046412e-05, 0.00017264003970594174, 0.0, -0.00040842192144026807, 0.00012545379927923135, 0.00037243869508402094, -4.098584465961075e-06, 0.00034380783773081816, -0.0009249643099141345, 0.0006889249996972106, -7.128911554952627e-05, -0.00036351489557476686, -0.0002063738466871062, 0.000612219896205766, -0.0006181034257790902, 0.00011782429978281041, 0.0003657962975349373, -8.387205514367061e-05, 8.700778130469832e-05, -0.00016412852320026722, 0.00016910776481890742, 2.26708379283493e-05, 0.00010646568215703078, -0.0003894569661168138, 8.571043966576486e-05, -0.00011730820601032231, 0.00011465831406718712, 1.225521590789733e-06, -8.499221300393692e-05, -0.00022113511755023825, 0.000720624143455059, -0.00032467901320908283, 0.00010959459605083377, -0.00014222541302913965, -0.0002570816756522383, -0.00035183850567599027, 0.00016133830125096395, 0.000529808127734911, 2.9040440591555837e-05, 0.0002857366820346432, -0.00014970017125883262, -0.0009878804265298431, 0.0009840769197263265, -0.0006041853119218465, -0.0003689343431377155, 0.0007383295825152041, -0.00023677088608347246, 0.00032958312604988797, -8.52968664464251e-05, -0.0006219610668026257, -3.4314250369829826e-05, 0.00011572617003029919, 3.783237806608712e-05, 0.00012862588795566532, 0.0002564510036838806, -9.27693111499328e-05, 0.00021493729579065315, -9.281137152527265e-05, -0.0008209093991443076, 0.0005069926682137926, -0.0003165694523905077, 0.0003541323166857618, 0.0011315781884677176, -0.0007440471831683096, -0.000177307259315961, -3.3999509631122314e-05, -0.00042212270625834253, 0.0009381332065597298, -0.001146980868096669, 0.0007324529214946546, 8.690091254897155e-05, 0.00028406848476229146, -0.0003169297248050663, 0.0003350511557216296, -0.00012334246633607026, -0.0001167813775481253, -0.00011902387899706477, -0.0004635206360762717, 0.0003315886571863036, 0.0004551213420467827, -0.0003198748871038259, 0.0001083584498147412, -0.0010501077269679667, 0.0011931260745402597, -0.00013666901772479468, 0.00034445245982602315, -0.0008242624207270019, 0.0008466868548395235, -0.0008364492739710665, -4.439243581765781e-07, 9.626556560589116e-05, 0.00017637959898658627, 0.0004992166324495535, -0.0007155110691503296, -0.00013979685689325565, -4.0994565410068226e-05, 0.0008579753127037496, -0.0005619585200874885, 2.8404589721618094e-05, 0.0002603530403326733, -0.00013003390863276624, 2.009424438685912e-05, -0.0004080196192665695, 0.0006932863572675604, 5.967889010147008e-05, -0.0004477800863956407, 3.8767298260038036e-05, -7.000188730883004e-05, 0.0001531565935474257, -0.0003407529540074593, 0.00027400062955849544, -1.7037541885527813e-05], [-3.388944478806517, -2.316758811513765, 6.1890548537309344, -15.37976772997149, 43.93424535742312, 0.9797864296973283, -44.00706227736945, 15.025744524527326, -4.825507571122211, -0.0052376049558641195, -0.032610483420345164, 0.04358711451778681, -0.009477246851813457, 0.005605906320251108, 0.004834502043783372, 0.002479825667668991, -0.009399577543451706, 0.04985384194523558, -0.015346093724015809, -0.06309467550459193, 0.014868288940378208, -0.001244368759625092, -0.005857102165508074, 0.012519759363094362, -0.07205104126960125, 0.09943559826064928, 0.053375494415738724, -0.032647324129732085, 0.0007808075489537126, -0.014246921666535545, 0.06011229499160545, -0.18299173297232885, 0.004504180077455031, 0.013359049409240327, 0.025878407370625096, 0.0008587351072868876, 0.15375316608220507, -0.02825791350258882, -0.019208936846933797, -0.04359332335610847, -0.06803226903362067, 0.02343368811340075, 0.0423529878726265, 0.004002302379134223, -0.012425357861607573, 8.026432463286664e-05, -0.00028641775016273284, 0.00035150980651726775, -0.00013049161758552292, -4.8894479204069475e-05, 1.9152474712906797e-05, 8.45430788345318e-05, -6.0342522811514024e-05, 0.0001920836631783058, -0.000732181924136671, 0.00045144407272549117, 0.0002478969455052791, 0.0, -0.0003159446534849762, 1.6193374707950576e-05, 0.00011924718780475712, 0.00030544956894525084, -0.0005141910588084426, 2.436479337358193e-05, 0.00021279379808343692, 0.00011177226669437944, -0.00034169971422713636, 0.00031752349459238593, 5.774792159900211e-05, -0.0003323118949105467, 6.908826092578525e-05, -0.00011413115983670425, 0.00016559895234495307, -0.00018218017373387957, 0.00019112501488386337, -2.2582316390326774e-05, 8.128201746312319e-05, -0.00022593168738308656, 0.0001593799085197608, 9.927384563753983e-05, -2.7635492992094534e-05, 1.3224691788540216e-05, 0.0004487503125853361, -0.0007440923420435431, 4.3941893869453856e-05, -2.956317578813806e-05, 5.286661312877691e-05, 7.934038889518462e-05, -9.432487795752518e-05, 0.0004183714382788457, 0.0, -0.00020137300547975695, -0.00019043311055449207, 0.00036403940432782564, 0.0003978187006934578, -0.0008233874113180765, 0.0004662407119307191, 0.0004036766431208694, -0.0006345404328862753, 0.0005241997325369564, -0.0005685246308917817, 0.0001529820836671307, 0.00024974378191232023, 0.0001302921513070462, -8.273924152486262e-05, 0.00020403768576508622, -7.666205033793943e-05, -0.0003206377066934149, -8.491333236343279e-07, -9.000198665454879e-05, -0.000237723761813798, 0.0007162983538121978, -0.00042031253154312624, 0.0002699188279875852, -0.00027196885573755567, -0.00044449422563641795, -2.3982825556698505e-06, 0.0005074005778905056, -0.00015024455926507688, 0.0002749866472687064, -0.0008015782112362092, 0.001097139567499151, -0.0006278854487545912, 6.16725863989644e-05, -0.0004544380451363402, 0.0004933973497757949, -0.0004362878746061046, 4.241746659724577e-05, -1.3048941891260929e-05, 0.0002035432587509153, 0.00023401391463719986, 2.2170587950381923e-05, -0.0007935371809648631, 0.0005499685098247192, -0.00011658595917262733, 0.0010411621668303147, -0.0008392125944757106, -0.0002127869132747047, -0.00019178915605261415, 0.0009815337989648937, -0.001080753772998776, 0.0007406227595406171, 0.00015431378642820419, -5.241695247930915e-05, -0.00022250008238163842, -0.0004622015772203483, 0.0004648218324656357, 0.0003616959763615941, -0.00024780509013255385, -0.0011576291241602375, 0.0010099707841740684, 0.00019983317626336104, -0.0006623673180419063, 0.00035833159861663514, -3.779980535171797e-05, 0.0005449854997244879, -0.0007517245210368038, -0.00019895984930070037, 0.0007434301682190512, -0.00038728922512736496, 0.00019339108578307217, -0.00033215449881059686, 0.0005460141233765389, -0.0003302356813701685, 4.520185886355621e-05], [1.3710779147172458, 1.2878902247883188, -3.1107545587474896, 6.684852835551773, -16.124785009675772, 42.72458760555847, -0.14343141111627336, -42.57829338367787, 12.010382781057167, -0.0021901292781788674, 0.028367536080490065, -0.022073246436201583, 0.002699215207741813, -0.0024038013079273296, -0.009829827272596516, -0.0003340803085174943, 0.008543819657014243, -0.025425112061587686, -0.016787571826789673, 0.0399140026360731, -0.006323955694251161, 0.006125460633372153, 0.012496420305227525, -0.011936111522448539, 0.045401304591278974, -0.013251077750493298, -0.06085130702140288, 0.025181933174348265, -0.009763547064669894, 0.008114401557088683, -0.06888436002570562, 0.08983924316560801, 0.053092509215007584, -0.02681065768317511, -0.01081349757869145, 0.06623661986291912, -0.17947963743717413, -0.0005197686577961621, 0.02585391798639177, -0.010159262023490157, 0.1674535472908703, -0.035002495911680837, -0.050395891501971816, -0.0481257153781683, 0.03281374970462013, -5.2522527976564036e-05, 0.00010756818064801076, -0.00010768285778950867, -2.5306027782104296e-05, 0.0001314106644543132, 6.559002648078276e-05, -4.337218772930094e-05, -5.939791281024014e-05, -5.389294146607084e-05, 0.0004365894260771751, -0.00014128395408590506, -7.416514241570375e-05, -0.0002955309811756319, 0.00022651230955133086, -8.418408493681146e-05, -0.00016528795918924064, 0.0, -0.00026527939969245686, 0.0004952631503320118, -0.00024250943078915285, 8.822222134123563e-05, 2.7158094224787826e-05, 0.0003567003973720962, -0.0004049474730606795, 0.00016116376206277907, 4.36340406933955e-05, -0.00013453085992230017, 6.257129153332261e-05, 0.00018247784602479423, -0.0002017881726081088, -0.00012340091053321764, 0.0001122379720872395, 0.00013238788779100743, -0.00011083916116488237, -8.487456413175902e-05, -7.371093264818378e-05, 2.0677975123012477e-05, -0.0003797603198707906, 0.0005034346512490357, -5.503766706166005e-05, 0.0, -6.028378007958769e-05, 0.0001163987302100385, 0.0001944271762311555, -0.0007467285577117557, 0.0004971985060783161, -8.521080510784253e-05, 0.00042384235920262127, -0.0005788309020106293, 0.00011502598806608279, 2.0473559475614375e-05, 0.0, -0.00048197038536213887, 0.0004674824641660067, -0.0002682847388880436, 0.00020383617529340158, -4.014809464025104e-05, -0.0001634248716194756, 5.987965182455582e-05, -8.075126001885049e-05, 2.439271821825089e-05, 6.846578034162795e-05, 1.2200592715310286e-06, 0.00021723254026979256, -1.5479291727937266e-06, 0.0006081268630379244, -0.0008741377349683766, 0.00039243763229019984, -0.0003169663355975346, 0.0002287312525402261, -0.00028444090381849363, 0.0010702146382313986, -0.0008103739017818713, 0.0003626683228197519, -0.00033582002572671657, 0.00020199870182103288, -0.0005733781295046656, 0.0002902918482588742, 9.21765189379893e-05, 0.00039059354644804844, -0.0005066179967517701, 0.00021897249196890716, 3.3093657554726045e-05, 0.0002138456804287376, -0.00023258903999879419, 1.8161874168034895e-06, -0.0005149257095312715, 0.0010451872447096663, -0.0005993792381989378, 0.00017989879335968218, -0.0003483683773884779, -0.0002606219807898371, 0.0007621170306702736, -0.00026996899833941666, -0.0006326341364415803, 0.0008115697929783244, -0.0003574096202487143, -0.00034631800841508663, 9.118511477012892e-05, 0.00018620117577543058, 0.00026678975697928993, -5.321802643827612e-05, -0.0007445058445189855, 0.0005471252972168134, 0.0010324692998678708, -0.0005291447025423735, -0.0006043216490620668, 0.000805458932671323, -0.0006261856909758802, 0.00021510253192342328, -0.0005028934897280554, 0.0005044337377500661, 0.0004177952914197519, -0.00100835550594635, 0.0006490180459929913, -0.0004001471088264794, 0.0004609645013876434, -0.0005207371643214427, 0.0003369050815552364, -0.00010754953920398994], [1.8460805360050325, -0.5905055833808172, 1.8978604561852372, -3.430004875263068, 8.066017030832288, -13.699652760973512, 44.95510958646292, -3.2918926324080555, -35.59424239923509, 0.003681160127704541, -0.016745229960299764, 0.003777145101073304, 0.006233033477776084, 0.0, 0.012062845869679721, -0.0011374838951341707, -0.009102207932838117, 0.012043821799949988, 0.02454112490339204, -0.02679487317189104, 0.0013956453901732859, -0.009281263547227457, -0.016920189895938898, 0.011402447004252131, -0.024884419548506953, -0.00998044106905414, 0.040040766661771775, -0.01888326493485215, 0.017505602022885657, -0.0038813147856842653, 0.03445867875654971, 0.0022862027861643014, -0.0635720036946181, 0.022651531189262372, -0.00116066290367873, -0.0741597849861439, 0.08683598861818899, 0.05326704167060982, -0.03197878123270435, 0.08872243205398936, -0.20450700935986163, 0.0007994184971552185, -0.0006172770876604582, 0.13831185841180607, -0.04897420244895787, 1.8296260056866706e-06, 8.376949355005218e-05, -0.00011716227514834774, 0.00013980566344318551, -0.00027357663893019357, 3.2059676966934557e-06, -0.00020526298330031015, 0.0002366509526219366, -7.383254714918175e-05, -0.00010220388483910769, -0.00013951066789487618, 6.112900173615891e-05, 0.00042734883269271456, -2.1728196290930043e-05, 0.00011637576060534562, 8.917982186425248e-05, -7.602340581372926e-05, 0.0006270056334057562, -0.0007936367967146041, 0.00025945893392460113, -0.00017001687126804485, 0.00011126392978119039, -0.0005756555629973299, 0.0005341279369930597, 0.00011056481132299664, -0.00022591862660506599, 0.00026768033832483875, -0.0001611627139372363, -0.0001018589341050894, 0.00014494638347500483, 0.0001823885753011048, -0.00017204744172468023, -6.555168680082468e-05, 0.00013672969884435227, -0.0001269742059714278, 0.000150906721791005, -1.1691904394406042e-05, 0.00011820986867083705, -0.00020154959923711612, -3.530275830331626e-05, -0.0001274789105792817, 0.00017026328040978362, -0.0002169698512375798, 9.84543321962612e-06, 0.00041812657032543234, -0.0004214088295289381, 0.0004863356265951117, -0.0008243846430470972, 0.0006684754506127961, -0.00019031445778475552, 0.0003848511061180299, -0.0007379986394428637, 0.0008078823204377025, -0.00029413125745948553, -5.632227342402073e-05, 0.0004208269725205417, -0.0003049793010922987, 8.535003181490546e-05, -0.0003358319269386683, 0.00030646233739560177, -0.00018937774950438516, -0.00013042055186720362, 0.00021523592833204072, -0.00025782354605603385, 2.7435348509845092e-05, -0.0006033305994294502, 0.0006476164118372562, -0.0002831355789733079, 0.0003442734403009136, -0.00023680288351698314, 0.0004717298445740617, -0.0014230857603275897, 0.0009591613473278806, -0.0006781211433504496, 0.0007019551422228207, 0.0002415061408588321, 0.0, 0.0004216707882111126, -0.00048502855616270647, -0.00013967753119301882, 0.0001768999715984645, 7.680409516465082e-06, 8.135915544242478e-05, -0.00037196182715090357, 9.658532320033681e-05, -0.00015175170751564377, 0.0007683000464367088, -0.0009838484377314167, 0.00045261087448857, -0.00018942899014456535, -0.0002992113823521838, 0.0011245603297939646, -0.001308061883210611, 0.0008279774217320239, 9.684799691570781e-05, -0.00015213045575409396, -0.00015598423150792488, 0.00041948046228026535, -0.0001214807923071424, -0.00011536927274844372, -9.885110082698938e-05, -0.00038167436953561595, 0.0011374454984443894, -0.0007042928513580418, -0.0004185396823702733, -0.0007751009550322851, 0.0012487511978460561, -0.000506036063633908, 0.0005753156737871288, -0.0004899482755480903, 0.0003510550616081878, -8.220837077930175e-05, -0.0009401590579905853, 0.0007986965961074116, 9.210594161893604e-05, 0.0004874383572664491, -0.0003801513257918295, 7.072831768502648e-05, -0.00021667861168165985, 0.00016670271663368728], [19.1235741460457, -0.24547967163280732, -1.324646805062156, 2.3353634399929857, -7.02937210393886, 1.1630576433096125, -19.426583661158066, 53.420310391043145, -23.554406246366042, -2.4586128946642536e-05, 0.0006647936478670968, 0.009986016167735123, -0.013016812980856681, -0.0035948233610455433, -0.01546026301100016, 0.0, 0.01917653490765992, -0.0077328726749655505, -0.02254512155703675, 0.021085467179297972, 0.00861253138543665, 0.01510182689399644, 0.018641511094795653, -0.012990050886130628, 0.01330585539196827, 0.010596793253979463, -0.036141942697313065, 0.029104839975888794, -0.02523069065338633, 0.009527057728454866, -0.00031236474760494337, -0.039490201983449415, 0.04799370971116366, -0.033332810840256785, 0.010231160539773845, 0.04302762525228527, 0.015446120963484633, -0.06829670175029737, 0.027025594502489775, -0.1282392129072152, 0.12964735463214916, 0.07384500713800576, 0.0861748221175318, -0.18150232729500898, 0.006454423160122249, 3.127896969629598e-05, -0.00021407357694224583, 0.00035127526024336826, -0.00029997851430275143, 0.000542421616382728, -0.00013991889892068588, 0.0007113049141458769, -0.0005191992400286501, 0.00011007170085234464, -0.0003947172082297161, 0.0007266145300045247, -0.00023545286885158837, -0.0002488343997184291, -0.00028931557933214183, -0.00020591619486384595, 9.96591682033361e-05, -0.0002734011539413139, -0.0006348758650532353, 0.0007575659541918892, -0.00024895639526120814, 7.623565189979423e-05, 0.0002372372321008041, 0.00012139275713169216, -0.00041440612452328635, -0.00042833453556345057, 0.0004223438425350192, -0.00021194720513070198, 0.00013763898064066905, -0.0003104736311090306, -5.041894269383593e-06, -0.00039680174475495, 0.0004020564596002654, 0.0002319042375122854, -0.0005080929102309709, 0.0006716430797239223, -0.00017540449107378704, 6.975186707403841e-06, 0.0004050751568937194, -0.00018336638307217505, 0.000268119116424425, -5.1861321765367264e-05, -0.0001982931806080363, 0.00023812698859461832, -0.0005038719345866618, 0.0005920013689792992, 2.929102359473425e-05, -0.0003249777768954519, 0.0011035800060237974, -0.0009207856326302467, -0.00047363621229709434, -7.54504343907154e-05, 0.0008961819136404679, -0.0010052005876291935, 0.00028062721875790256, -4.282118831917381e-05, -0.00044676863277310854, 0.0003208335769100485, 0.00011535497312879955, 0.0005792229515897234, -0.0002991283820645537, 0.00017828381587586595, 0.00022898382412730114, -0.00030584656805340144, 0.00014506294702496867, -1.3626513189297731e-05, 0.0004259565003721828, -0.0003317547744295512, -6.676903109875471e-05, -0.00024882102326229626, 0.0003575083293445251, -2.4084918084671473e-05, 0.001235298695594183, -0.0007408141666686436, 0.001101873296323382, -0.0017976249183639242, -0.00023933037065519344, 4.9944448577361266e-05, -0.0013165108085933038, 0.0012308922284124284, -0.00020017148408987365, 2.0940410609369896e-05, 1.6931886960444856e-05, -0.00030487960672423393, 0.0006453793275826772, 0.00025897157433917023, 0.0, -0.00030995208997257784, 0.0004456311216321003, 2.665395701688887e-05, 0.0001304687600355044, 0.00035974372383130196, -0.001221632721628222, 0.0018527403034304395, -0.0019575408522305433, 0.00035404462808132146, -0.0006631128365703765, 0.0011218629174855278, -0.0005462166190131106, -0.00014537143570111713, 0.00022075398527616715, 0.00014063597414191667, 0.0004485050943747975, -0.0012870677098112224, 0.000865833331401601, 3.242837931693014e-05, 0.0021734454484610656, -0.002484061132728328, 0.0001299887071917821, -0.0003650278648490292, 0.0010137001910780037, -0.00019890471234967292, -0.0006461281946809262, 0.00191399724176664, 0.0002721777074694701, -0.002070837455442953, -0.0005253352258145196, 6.82201808813458e-05, 0.0009730894287964368, -0.0005407613600113219, -6.726423381991983e-05]]",(x0)' = -29.459 1 +  22.198 x0 + -52.565 x1 +  20.068 x2 + -1.286 x3 +  7.248 x4 + -3.203 x5 +  1.902 x6 + -0.083 x7 + -0.004 x0^2 +  0.143 x0 x1 + -0.058 x0 x2 + -0.018 x0 x3 + -0.035 x0 x4 +  0.003 x0 x5 +  0.017 x0 x6 +  0.004 x0 x7 + -0.024 x1^2 + -0.105 x1 x2 +  0.020 x1 x4 +  0.026 x1 x5 + -0.015 x1 x6 + -0.022 x1 x7 +  0.066 x2^2 +  0.029 x2 x3 +  0.013 x2 x4 + -0.042 x2 x5 + -0.015 x2 x6 +  0.024 x2 x7 + -0.032 x3^2 +  0.013 x3 x4 +  0.021 x3 x5 +  0.002 x3 x6 +  0.009 x3 x7 +  0.002 x4^2 + -0.013 x4 x5 + -0.006 x4 x6 + -0.005 x4 x7 + -0.001 x5^2 + -0.020 x5 x6 +  0.019 x5 x7 +  0.025 x6^2 + -0.019 x6 x7 + -0.003 x7^2 +  0.001 x0^2 x1 + -0.001 x0 x1^2 +  0.002 x0 x1 x2 + -0.001 x0 x1 x3 + -0.001 x0 x1 x6 +  0.001 x0 x1 x7 + -0.001 x0 x2^2 +  0.002 x0 x2 x3 + -0.002 x0 x2 x4 +  0.001 x0 x2 x6 + -0.001 x0 x2 x7 +  0.001 x0 x3 x4 + -0.001 x0 x3 x5 +  0.001 x0 x4 x5 +  0.001 x0 x5 x6 + -0.001 x0 x6 x7 +  0.001 x0 x7^2 +  0.001 x1^2 x6 + -0.001 x1 x2 x3 +  0.001 x1 x2 x4 + -0.001 x1 x2 x6 +  0.001 x1 x3 x5 +  0.001 x1 x3 x6 + -0.001 x1 x4^2 + -0.001 x1 x6^2 +  0.001 x1 x6 x7 + -0.001 x1 x7^2 +  0.001 x2 x4^2 + -0.001 x2 x4 x5 +  0.001 x2 x5 x7 +  0.001 x2 x6^2 +  0.001 x3 x4 x5 +  0.001 x5 x6^2 + -0.001 x5 x6 x7 + -0.001 x6 x7^2 | (x1)' = -4.881 1 +  35.870 x0 +  3.463 x1 + -45.752 x2 +  14.125 x3 + -8.077 x4 +  3.742 x5 + -2.196 x6 +  0.666 x7 +  0.065 x0^2 + -0.152 x0 x1 +  0.014 x0 x3 +  0.017 x0 x4 +  0.007 x0 x5 + -0.010 x0 x6 + -0.007 x0 x7 + -0.020 x1^2 +  0.195 x1 x2 + -0.025 x1 x3 +  0.003 x1 x4 + -0.034 x1 x5 +  0.006 x1 x6 +  0.021 x1 x7 + -0.069 x2^2 + -0.068 x2 x3 +  0.008 x2 x4 +  0.019 x2 x5 +  0.023 x2 x6 + -0.017 x2 x7 +  0.049 x3^2 +  0.004 x3 x4 + -0.008 x3 x5 + -0.006 x3 x6 + -0.009 x3 x7 + -0.021 x4^2 +  0.006 x4 x5 + -0.001 x4 x6 +  0.010 x4 x7 +  0.003 x5^2 +  0.017 x5 x6 + -0.012 x5 x7 + -0.015 x6^2 +  0.002 x6 x7 +  0.006 x7^2 + -0.001 x0^2 x2 +  0.001 x0 x1^2 + -0.001 x0 x1 x2 +  0.001 x0 x2^2 + -0.001 x0 x2 x3 +  0.001 x0 x2 x4 + -0.001 x0 x3 x4 +  0.001 x0 x6 x7 +  0.001 x1^2 x3 + -0.001 x1^2 x7 + -0.001 x1 x2^2 +  0.001 x1 x2 x3 +  0.001 x1 x2 x7 + -0.001 x1 x3^2 +  0.001 x1 x3 x4 + -0.001 x1 x3 x5 + -0.001 x2^2 x3 +  0.001 x2 x3^2 + -0.001 x2 x3 x4 | (x2)' =  2.866 1 + -12.214 x0 +  42.261 x1 +  1.088 x2 + -43.506 x3 +  16.379 x4 + -6.810 x5 +  3.215 x6 + -1.174 x7 + -0.052 x0^2 +  0.054 x0 x1 +  0.066 x0 x2 + -0.027 x0 x3 +  0.001 x0 x4 + -0.008 x0 x5 +  0.002 x0 x6 +  0.002 x0 x7 +  0.081 x1^2 + -0.211 x1 x2 + -0.005 x1 x3 +  0.007 x1 x4 +  0.023 x1 x5 +  0.005 x1 x6 + -0.009 x1 x7 +  0.015 x2^2 +  0.162 x2 x3 + -0.028 x2 x4 + -0.010 x2 x5 + -0.030 x2 x6 +  0.005 x2 x7 + -0.056 x3^2 + -0.060 x3 x4 +  0.021 x3 x5 +  0.008 x3 x6 +  0.018 x3 x7 +  0.045 x4^2 +  0.005 x4 x5 + -0.002 x4 x6 + -0.015 x4 x7 + -0.015 x5^2 + -0.008 x5 x6 +  0.006 x5 x7 +  0.010 x6^2 +  0.005 x6 x7 + -0.007 x7^2 +  0.001 x0^2 x2 + -0.001 x0^2 x3 +  0.001 x0 x1 x3 + -0.001 x0 x2^2 +  0.001 x0 x2 x3 + -0.001 x0 x2 x4 + -0.001 x1^2 x3 +  0.001 x1^2 x7 +  0.001 x1 x2^2 + -0.001 x1 x2 x3 + -0.001 x1 x2 x7 +  0.001 x1 x3^2 + -0.001 x1 x3 x4 +  0.001 x1 x4 x7 +  0.001 x2^2 x4 + -0.001 x2 x3^2 +  0.001 x2 x3 x4 + -0.001 x2 x4^2 + -0.001 x2 x4 x6 + -0.001 x3^2 x4 +  0.001 x3 x4^2 +  0.001 x3 x5 x7 +  0.001 x4^2 x5 | (x3)' =  1.385 1 +  4.933 x0 + -14.660 x1 +  43.173 x2 +  0.191 x3 + -44.695 x4 +  15.744 x5 + -6.349 x6 +  2.087 x7 +  0.023 x0^2 +  0.016 x0 x1 + -0.069 x0 x2 +  0.018 x0 x3 + -0.004 x0 x4 +  0.001 x0 x5 + -0.001 x0 x6 +  0.005 x0 x7 + -0.082 x1^2 +  0.109 x1 x2 +  0.056 x1 x3 + -0.022 x1 x4 + -0.006 x1 x5 + -0.004 x1 x6 + -0.005 x1 x7 +  0.058 x2^2 + -0.188 x2 x3 + -0.001 x2 x4 +  0.020 x2 x5 +  0.017 x2 x6 +  0.010 x2 x7 +  0.007 x3^2 +  0.158 x3 x4 + -0.036 x3 x5 + -0.003 x3 x6 + -0.030 x3 x7 + -0.052 x4^2 + -0.058 x4 x5 +  0.015 x4 x6 +  0.019 x4 x7 +  0.038 x5^2 +  0.014 x5 x6 + -0.009 x5 x7 + -0.019 x6^2 + -0.001 x6 x7 +  0.005 x7^2 + -0.001 x0 x2 x3 +  0.001 x0 x2 x4 +  0.001 x0 x3^2 + -0.001 x0 x3 x4 +  0.001 x1^2 x3 +  0.001 x1 x2 x4 + -0.001 x1 x3^2 +  0.001 x1 x3 x4 + -0.001 x1 x3 x5 +  0.001 x1 x3 x7 + -0.001 x1 x4 x7 + -0.001 x2^2 x4 +  0.001 x2^2 x5 +  0.001 x2 x3^2 + -0.001 x2 x3 x4 +  0.001 x2 x4^2 + -0.001 x2 x4 x5 +  0.001 x2 x4 x6 + -0.001 x3 x4^2 +  0.001 x3 x4 x5 + -0.001 x3 x5^2 +  0.001 x3 x5 x6 + -0.001 x3 x5 x7 + -0.001 x4^2 x5 +  0.001 x4 x5^2 + -0.001 x4 x5 x6 +  0.001 x5^2 x6 | (x4)' = -3.389 1 + -2.317 x0 +  6.189 x1 + -15.380 x2 +  43.934 x3 +  0.980 x4 + -44.007 x5 +  15.026 x6 + -4.826 x7 + -0.005 x0^2 + -0.033 x0 x1 +  0.044 x0 x2 + -0.009 x0 x3 +  0.006 x0 x4 +  0.005 x0 x5 +  0.002 x0 x6 + -0.009 x0 x7 +  0.050 x1^2 + -0.015 x1 x2 + -0.063 x1 x3 +  0.015 x1 x4 + -0.001 x1 x5 + -0.006 x1 x6 +  0.013 x1 x7 + -0.072 x2^2 +  0.099 x2 x3 +  0.053 x2 x4 + -0.033 x2 x5 +  0.001 x2 x6 + -0.014 x2 x7 +  0.060 x3^2 + -0.183 x3 x4 +  0.005 x3 x5 +  0.013 x3 x6 +  0.026 x3 x7 +  0.001 x4^2 +  0.154 x4 x5 + -0.028 x4 x6 + -0.019 x4 x7 + -0.044 x5^2 + -0.068 x5 x6 +  0.023 x5 x7 +  0.042 x6^2 +  0.004 x6 x7 + -0.012 x7^2 + -0.001 x0 x1 x2 + -0.001 x0 x2 x4 + -0.001 x1^2 x3 + -0.001 x1 x3 x4 + -0.001 x1 x3 x7 +  0.001 x1 x4^2 + -0.001 x1 x4 x5 +  0.001 x2^2 x4 +  0.001 x2 x3 x5 + -0.001 x2 x4^2 +  0.001 x2 x4 x5 + -0.001 x2 x4 x6 + -0.001 x3^2 x5 +  0.001 x3^2 x6 +  0.001 x3 x4^2 + -0.001 x3 x4 x5 +  0.001 x3 x5^2 + -0.001 x3 x5 x6 +  0.001 x3 x5 x7 + -0.001 x4 x5^2 +  0.001 x4 x5 x6 + -0.001 x4 x6^2 +  0.001 x5^3 + -0.001 x5^2 x6 +  0.001 x5 x6^2 +  0.001 x6^2 x7 | (x5)' =  1.371 1 +  1.288 x0 + -3.111 x1 +  6.685 x2 + -16.125 x3 +  42.725 x4 + -0.143 x5 + -42.578 x6 +  12.010 x7 + -0.002 x0^2 +  0.028 x0 x1 + -0.022 x0 x2 +  0.003 x0 x3 + -0.002 x0 x4 + -0.010 x0 x5 +  0.009 x0 x7 + -0.025 x1^2 + -0.017 x1 x2 +  0.040 x1 x3 + -0.006 x1 x4 +  0.006 x1 x5 +  0.012 x1 x6 + -0.012 x1 x7 +  0.045 x2^2 + -0.013 x2 x3 + -0.061 x2 x4 +  0.025 x2 x5 + -0.010 x2 x6 +  0.008 x2 x7 + -0.069 x3^2 +  0.090 x3 x4 +  0.053 x3 x5 + -0.027 x3 x6 + -0.011 x3 x7 +  0.066 x4^2 + -0.179 x4 x5 + -0.001 x4 x6 +  0.026 x4 x7 + -0.010 x5^2 +  0.167 x5 x6 + -0.035 x5 x7 + -0.050 x6^2 + -0.048 x6 x7 +  0.033 x7^2 +  0.001 x1^2 x3 + -0.001 x1 x2 x3 + -0.001 x1 x2 x7 +  0.001 x2^2 x3 + -0.001 x2^2 x4 +  0.001 x2 x3 x4 + -0.001 x2 x3 x5 + -0.001 x2 x4 x5 + -0.001 x2 x5 x6 + -0.001 x3^2 x4 +  0.001 x3^2 x5 + -0.001 x3^2 x6 +  0.001 x3 x4 x6 + -0.001 x3 x5^2 +  0.001 x3 x5 x6 + -0.001 x4^2 x6 +  0.001 x4^2 x7 +  0.001 x4 x5^2 + -0.001 x4 x5 x6 + -0.001 x4 x5 x7 +  0.001 x4 x6^2 + -0.001 x4 x6 x7 + -0.001 x5^3 +  0.001 x5^2 x6 + -0.001 x5 x6^2 +  0.001 x5 x6 x7 + -0.001 x6^2 x7 | (x6)' =  1.846 1 + -0.591 x0 +  1.898 x1 + -3.430 x2 +  8.066 x3 + -13.700 x4 +  44.955 x5 + -3.292 x6 + -35.594 x7 +  0.004 x0^2 + -0.017 x0 x1 +  0.004 x0 x2 +  0.006 x0 x3 +  0.012 x0 x5 + -0.001 x0 x6 + -0.009 x0 x7 +  0.012 x1^2 +  0.025 x1 x2 + -0.027 x1 x3 +  0.001 x1 x4 + -0.009 x1 x5 + -0.017 x1 x6 +  0.011 x1 x7 + -0.025 x2^2 + -0.010 x2 x3 +  0.040 x2 x4 + -0.019 x2 x5 +  0.018 x2 x6 + -0.004 x2 x7 +  0.034 x3^2 +  0.002 x3 x4 + -0.064 x3 x5 +  0.023 x3 x6 + -0.001 x3 x7 + -0.074 x4^2 +  0.087 x4 x5 +  0.053 x4 x6 + -0.032 x4 x7 +  0.089 x5^2 + -0.205 x5 x6 +  0.001 x5 x7 + -0.001 x6^2 +  0.138 x6 x7 + -0.049 x7^2 +  0.001 x0 x2 x4 + -0.001 x0 x2 x5 + -0.001 x0 x3 x4 +  0.001 x0 x3 x5 + -0.001 x1 x2 x6 +  0.001 x1 x2 x7 + -0.001 x1 x3 x5 +  0.001 x1 x3 x6 + -0.001 x2^2 x3 +  0.001 x2^2 x4 + -0.001 x2 x3 x4 +  0.001 x2 x3 x5 + -0.001 x2 x3 x6 +  0.001 x2 x3 x7 +  0.001 x3^2 x4 + -0.001 x3^2 x5 +  0.001 x3 x4 x5 + -0.001 x3 x4 x6 +  0.001 x3 x4 x7 +  0.001 x4^2 x6 + -0.001 x4^2 x7 + -0.001 x4 x5 x6 +  0.001 x4 x5 x7 + -0.001 x4 x6^2 +  0.001 x4 x6 x7 + -0.001 x5^2 x7 +  0.001 x5 x6^2 | (x7)' =  19.124 1 + -0.245 x0 + -1.325 x1 +  2.335 x2 + -7.029 x3 +  1.163 x4 + -19.427 x5 +  53.420 x6 + -23.554 x7 +  0.001 x0 x1 +  0.010 x0 x2 + -0.013 x0 x3 + -0.004 x0 x4 + -0.015 x0 x5 +  0.019 x0 x7 + -0.008 x1^2 + -0.023 x1 x2 +  0.021 x1 x3 +  0.009 x1 x4 +  0.015 x1 x5 +  0.019 x1 x6 + -0.013 x1 x7 +  0.013 x2^2 +  0.011 x2 x3 + -0.036 x2 x4 +  0.029 x2 x5 + -0.025 x2 x6 +  0.010 x2 x7 + -0.039 x3 x4 +  0.048 x3 x5 + -0.033 x3 x6 +  0.010 x3 x7 +  0.043 x4^2 +  0.015 x4 x5 + -0.068 x4 x6 +  0.027 x4 x7 + -0.128 x5^2 +  0.130 x5 x6 +  0.074 x5 x7 +  0.086 x6^2 + -0.182 x6 x7 +  0.006 x7^2 +  0.001 x0^2 x4 +  0.001 x0^2 x6 + -0.001 x0^2 x7 +  0.001 x0 x1 x3 + -0.001 x0 x2 x4 +  0.001 x0 x2 x5 + -0.001 x0 x6^2 +  0.001 x0 x6 x7 + -0.001 x1 x2^2 +  0.001 x1 x2 x3 +  0.001 x1 x2 x6 + -0.001 x1 x2 x7 +  0.001 x1 x3 x5 + -0.001 x1 x3 x6 +  0.001 x1 x5^2 +  0.001 x2 x3 x4 + -0.001 x2 x3 x5 +  0.001 x2 x3 x6 + -0.002 x2 x3 x7 + -0.001 x2 x4 x6 +  0.001 x2 x4 x7 +  0.001 x2 x6 x7 + -0.001 x3 x4 x5 +  0.002 x3 x4 x6 + -0.002 x3 x4 x7 + -0.001 x3 x5 x6 +  0.001 x3 x5 x7 + -0.001 x3 x6^2 + -0.001 x4^2 x6 +  0.001 x4^2 x7 +  0.002 x4 x5 x6 + -0.002 x4 x5 x7 +  0.001 x4 x7^2 + -0.001 x5^2 x6 +  0.002 x5^2 x7 + -0.002 x5 x6 x7 + -0.001 x5 x7^2 +  0.001 x6^2 x7 + -0.001 x6 x7^2
