configuration_index,test_trial_id,simulation_status,failure_reason,requested_duration_s,reached_duration_s,simulation_runtime_s,rhs_evaluations
21,4,success,,14.068,14.068,81.61946017481387,105921
21,1088,success,,14.18,14.18,72.767417864874,99862
21,622,success,,14.176,14.176,84.51691325195134,116652
21,620,success,,14.176,14.176,77.59052660502493,103130
21,2,success,,14.176,14.176,74.36817065812647,101797
21,3,success,,14.176,14.176,74.85699537023902,103764
21,1244,success,,14.068,14.068,63.43741316907108,87968
21,778,success,,14.176,14.176,60.398459665477276,82503
21,312,success,,14.176,14.176,80.47724447399378,111239
