configuration_index,test_trial_id,simulation_status,failure_reason,requested_duration_s,reached_duration_s,simulation_runtime_s,rhs_evaluations
8,4,success,,14.068,14.068,4.562140818685293,11101
8,1088,success,,14.18,14.18,4.3743821401149035,11012
8,622,success,,14.176,14.176,4.450754230841994,11145
8,620,success,,14.176,14.176,4.243962401524186,10356
8,2,success,,14.176,14.176,4.651660481467843,11445
8,3,success,,14.176,14.176,4.65634985640645,11727
8,1244,success,,14.068,14.068,4.224470628425479,10750
8,778,success,,14.176,14.176,4.425163019448519,11331
8,312,success,,14.176,14.176,4.208104345947504,10785
