configuration_index,test_trial_id,simulation_status,failure_reason,requested_duration_s,reached_duration_s,simulation_runtime_s,rhs_evaluations
80,4,success,,14.068,14.068,14.064890196546912,13029
80,1088,success,,14.18,14.18,17.33600647933781,16201
80,622,success,,14.176,14.176,18.188810668885708,17095
80,620,success,,14.176,14.176,12.821248039603233,11848
80,2,success,,14.176,14.176,18.919137321412563,17795
80,3,success,,14.176,14.176,17.073896944522858,16053
80,1244,success,,14.068,14.068,18.066706432029605,17000
80,778,success,,14.176,14.176,17.33098204061389,16236
80,312,success,,14.176,14.176,16.49525265954435,15506
