configuration_index,test_trial_id,simulation_status,failure_reason,requested_duration_s,reached_duration_s,simulation_runtime_s,rhs_evaluations
4,4,success,,14.08,14.08,6.908073271624744,17807
4,1088,success,,14.192,14.192,7.026801144704223,17810
4,622,success,,14.188,14.188,6.839761598967016,17654
4,620,success,,14.188,14.188,6.79762614518404,17981
4,2,success,,14.188,14.188,6.779524331912398,17891
4,3,success,,14.188,14.188,6.776942441239953,17853
4,1244,success,,14.08,14.08,6.794005851261318,18059
4,778,success,,14.188,14.188,6.934737882576883,18485
4,312,success,,14.188,14.188,6.882533227093518,18329
