configuration_index,test_trial_id,simulation_status,failure_reason,requested_duration_s,reached_duration_s,simulation_runtime_s,rhs_evaluations
19,4,success,,14.068,14.068,61.46615379303694,82094
19,1088,success,,14.18,14.18,38.686028411611915,53378
19,622,success,,14.176,14.176,65.1529038362205,90625
19,620,success,,14.176,14.176,45.18899896927178,63247
19,2,success,,14.176,14.176,43.0608813483268,60179
19,3,success,,14.176,14.176,44.14176214672625,61529
19,1244,success,,14.068,14.068,47.92422718182206,67040
19,778,success,,14.176,14.176,40.64502282254398,56911
19,312,success,,14.176,14.176,52.09163174405694,72744
