configuration_index,test_trial_id,simulation_status,failure_reason,requested_duration_s,reached_duration_s,simulation_runtime_s,rhs_evaluations
9,4,success,,14.068,14.068,4.217765519395471,10851
9,1088,success,,14.18,14.18,4.348550854250789,11191
9,622,success,,14.176,14.176,4.276987820863724,11050
9,620,success,,14.176,14.176,4.038195196539164,10447
9,2,success,,14.176,14.176,4.29628673940897,11185
9,3,success,,14.176,14.176,4.403687998652458,11433
9,1244,success,,14.068,14.068,4.325779819861054,11226
9,778,success,,14.176,14.176,4.133678864687681,10768
9,312,success,,14.176,14.176,4.319894654676318,11339
