configuration_index,test_trial_id,simulation_status,failure_reason,requested_duration_s,reached_duration_s,simulation_runtime_s,rhs_evaluations
52,4,success,,14.028,14.028,46.65960196219385,31592
52,1088,success,,14.14,14.14,41.11968832463026,28133
52,622,success,,14.136000000000001,14.136000000000001,45.00804751738906,30933
52,620,success,,14.136000000000001,14.136000000000001,44.379290759563446,30559
52,2,success,,14.136000000000001,14.136000000000001,42.22886744141579,29071
52,3,success,,14.136000000000001,14.136000000000001,37.50289013981819,25715
52,1244,failed,integration error: model derivative became non-finite,14.028,2.1976577795617316,24.33496073074639,16814
52,778,success,,14.136000000000001,14.136000000000001,39.00087402947247,26589
52,312,success,,14.136000000000001,14.136000000000001,34.99424475803971,23877
