configuration_index,test_trial_id,simulation_status,failure_reason,requested_duration_s,reached_duration_s,simulation_runtime_s,rhs_evaluations
88,4,success,,14.028,14.028,124.27763266675174,37724
88,1088,success,,14.14,14.14,138.3917849417776,41688
88,622,success,,14.136000000000001,14.136000000000001,152.31155753694475,46099
88,620,success,,14.136000000000001,14.136000000000001,129.36694171093404,39181
88,2,failed,integration error: model derivative became non-finite,14.136000000000001,4.523565654659642,113.37801015004516,34422
88,3,failed,integration error: model derivative became non-finite,14.136000000000001,4.382143734513327,115.6118652112782,34818
88,1244,failed,integration error: model derivative became non-finite,14.028,1.7613132457745742,81.26622464507818,24239
88,778,failed,integration error: model derivative became non-finite,14.136000000000001,6.120073634329235,105.74647125042975,31307
88,312,failed,integration error: model derivative became non-finite,14.136000000000001,1.0341632766176416,102.25493834167719,30633
