configuration_index,test_trial_id,simulation_status,failure_reason,requested_duration_s,reached_duration_s,simulation_runtime_s,rhs_evaluations
12,4,success,,14.076,14.076,25.8205372877419,46607
12,1088,success,,14.188,14.188,20.1065290607512,35912
12,622,success,,14.184000000000001,14.184000000000001,16.950979061424732,30514
12,620,success,,14.184000000000001,14.184000000000001,36.24383575282991,64962
12,2,success,,14.184000000000001,14.184000000000001,17.46494418568909,31358
12,3,success,,14.184000000000001,14.184000000000001,17.509573752060533,31813
12,1244,success,,14.076,14.076,19.70118453539908,35553
12,778,success,,14.184000000000001,14.184000000000001,22.00922879949212,39599
12,312,success,,14.184000000000001,14.184000000000001,18.042055865749717,32485
