configuration_index,test_trial_id,simulation_status,failure_reason,requested_duration_s,reached_duration_s,simulation_runtime_s,rhs_evaluations
6,4,success,,14.08,14.08,7.496081962250173,16867
6,1088,success,,14.192,14.192,7.717520548962057,17280
6,622,success,,14.188,14.188,7.728487698361278,17387
6,620,success,,14.188,14.188,7.230435884557664,16265
6,2,success,,14.188,14.188,7.752255235798657,17428
6,3,success,,14.188,14.188,7.7739067282527685,17600
6,1244,success,,14.08,14.08,6.6318950690329075,16451
6,778,success,,14.188,14.188,6.739903395995498,17265
6,312,success,,14.188,14.188,6.545844634063542,16787
