configuration_index,test_trial_id,simulation_status,failure_reason,requested_duration_s,reached_duration_s,simulation_runtime_s,rhs_evaluations
77,4,success,,14.08,14.08,28.67310187034309,22350
77,1088,success,,14.192,14.192,39.221773874014616,29667
77,622,success,,14.188,14.188,38.38171150814742,29349
77,620,success,,14.188,14.188,28.39913901593536,21497
77,2,success,,14.188,14.188,40.18569150287658,30303
77,3,success,,14.188,14.188,36.95729119796306,28450
77,1244,success,,14.08,14.08,36.393442266620696,28174
77,778,success,,14.188,14.188,35.20182505622506,26470
77,312,success,,14.188,14.188,34.809937234036624,26457
