configuration_index,test_trial_id,simulation_status,failure_reason,requested_duration_s,reached_duration_s,simulation_runtime_s,rhs_evaluations
22,4,success,,14.048,14.048,54.823530218563974,63776
22,1088,success,,14.16,14.16,42.32912329211831,48969
22,622,success,,14.156,14.156,39.74218934122473,45638
22,620,success,,14.156,14.156,52.458749417215586,61323
22,2,success,,14.156,14.156,38.26350189652294,44322
22,3,success,,14.156,14.156,33.77688594069332,38658
22,1244,success,,14.048,14.048,49.60343805514276,58062
22,778,success,,14.156,14.156,44.383508237078786,51027
22,312,success,,14.156,14.156,43.26368626393378,50403
