configuration_index,test_trial_id,simulation_status,failure_reason,requested_duration_s,reached_duration_s,simulation_runtime_s,rhs_evaluations
73,4,success,,14.084,14.084,24.347558284178376,23839
73,1088,success,,14.196,14.196,33.8960571102798,33348
73,622,success,,14.192,14.192,32.91389331407845,32531
73,620,success,,14.192,14.192,25.058956963941455,24728
73,2,success,,14.192,14.192,33.65039403177798,33448
73,3,success,,14.192,14.192,31.596584115177393,31394
73,1244,success,,14.084,14.084,31.727395929396152,31581
73,778,success,,14.192,14.192,30.355263989418745,30220
73,312,success,,14.192,14.192,29.155189936980605,29047
