configuration_index,test_trial_id,simulation_status,failure_reason,requested_duration_s,reached_duration_s,simulation_runtime_s,rhs_evaluations
70,4,success,,13.948,13.948,172.9976773802191,39457
70,1088,success,,14.06,14.06,154.22222765907645,36063
70,622,failed,integration error: model derivative became non-finite,14.056000000000001,5.436873810840733,117.24538257159293,27486
70,620,success,,14.056000000000001,14.056000000000001,150.42192118614912,35129
70,2,success,,14.056000000000001,14.056000000000001,143.2283012829721,33485
70,3,success,,14.056000000000001,14.056000000000001,141.2620064355433,33118
70,1244,failed,integration error: model derivative became non-finite,13.948,4.52146573703473,101.65599579364061,23888
70,778,success,,14.056000000000001,14.056000000000001,149.17223708890378,35061
70,312,failed,integration error: model derivative became non-finite,14.056000000000001,7.772016683346412,137.27179975435138,32308
