configuration_index,test_trial_id,simulation_status,failure_reason,requested_duration_s,reached_duration_s,simulation_runtime_s,rhs_evaluations
3,4,success,,14.084,14.084,7.400243982672691,19341
3,1088,success,,14.196,14.196,7.79673619940877,20457
3,622,success,,14.192,14.192,7.794465923681855,20502
3,620,success,,14.192,14.192,7.54121214337647,19810
3,2,success,,14.192,14.192,7.812875950708985,20594
3,3,success,,14.192,14.192,7.92479139380157,20940
3,1244,success,,14.084,14.084,7.900093499571085,20919
3,778,success,,14.192,14.192,7.7261953838169575,20434
3,312,success,,14.192,14.192,7.611085072159767,20235
