configuration_index,test_trial_id,simulation_status,failure_reason,requested_duration_s,reached_duration_s,simulation_runtime_s,rhs_evaluations
49,4,success,,14.064,14.064,84.82658621668816,57965
49,1088,success,,14.176,14.176,57.467444281093776,39058
49,622,success,,14.172,14.172,64.68160990998149,44025
49,620,success,,14.172,14.172,79.38856438919902,54207
49,2,success,,14.172,14.172,63.50932939350605,43205
49,3,success,,14.172,14.172,56.52169534377754,38644
49,1244,success,,14.064,14.064,57.92503543384373,39637
49,778,success,,14.172,14.172,66.3295065946877,45694
49,312,success,,14.172,14.172,67.53087829053402,48231
