configuration_index,test_trial_id,simulation_status,failure_reason,requested_duration_s,reached_duration_s,simulation_runtime_s,rhs_evaluations
17,4,success,,14.028,14.028,10.572975667193532,18840
17,1088,success,,14.14,14.14,12.070679042488337,21589
17,622,success,,14.136000000000001,14.136000000000001,16.407875332981348,29634
17,620,success,,14.136000000000001,14.136000000000001,10.6111383959651,18915
17,2,success,,14.136000000000001,14.136000000000001,8.970498006790876,15949
17,3,success,,14.136000000000001,14.136000000000001,10.361081404611468,18503
17,1244,success,,14.028,14.028,14.143697464838624,25497
17,778,success,,14.136000000000001,14.136000000000001,10.255176991224289,18349
17,312,success,,14.136000000000001,14.136000000000001,9.290635673329234,16559
