configuration_index,test_trial_id,simulation_status,failure_reason,requested_duration_s,reached_duration_s,simulation_runtime_s,rhs_evaluations
54,4,success,,14.028,14.028,48.676401214674115,32695
54,1088,success,,14.14,14.14,47.94430543016642,32901
54,622,success,,14.136000000000001,14.136000000000001,51.78419496677816,35560
54,620,success,,14.136000000000001,14.136000000000001,47.2354430006817,32509
54,2,success,,14.136000000000001,14.136000000000001,42.77421012427658,29409
54,3,success,,14.136000000000001,14.136000000000001,43.49291157629341,29864
54,1244,failed,integration error: model derivative became non-finite,14.028,3.2950536285227656,26.607911520637572,18488
54,778,success,,14.136000000000001,14.136000000000001,42.92058895062655,29591
54,312,success,,14.136000000000001,14.136000000000001,36.889495820738375,25425
