configuration_index,test_trial_id,simulation_status,failure_reason,requested_duration_s,reached_duration_s,simulation_runtime_s,rhs_evaluations
71,4,success,,13.948,13.948,164.8687549047172,38556
71,1088,success,,14.06,14.06,159.12662678398192,37198
71,622,failed,integration error: model derivative became non-finite,14.056000000000001,5.279911907693438,119.71673391014338,28067
71,620,success,,14.056000000000001,14.056000000000001,150.39185420051217,35000
71,2,success,,14.056000000000001,14.056000000000001,145.37796066887677,33923
71,3,success,,14.056000000000001,14.056000000000001,142.9219308272004,33427
71,1244,failed,integration error: model derivative became non-finite,13.948,4.5487143844765425,104.3466001432389,24400
71,778,success,,14.056000000000001,14.056000000000001,148.8516096584499,34877
71,312,failed,integration error: model derivative became non-finite,14.056000000000001,5.868354618782439,129.21819272264838,29294
