configuration_index,test_trial_id,simulation_status,failure_reason,requested_duration_s,reached_duration_s,simulation_runtime_s,rhs_evaluations
78,4,success,,14.08,14.08,27.778098207898438,21737
78,1088,success,,14.192,14.192,39.735204556025565,29733
78,622,success,,14.188,14.188,38.68521218653768,29351
78,620,success,,14.188,14.188,26.870774518698454,20118
78,2,success,,14.188,14.188,41.08892285823822,30721
78,3,success,,14.188,14.188,36.90794693399221,28181
78,1244,success,,14.08,14.08,35.47291729506105,27335
78,778,success,,14.188,14.188,35.05258558038622,26026
78,312,success,,14.188,14.188,34.33321752026677,25548
