configuration_index,test_trial_id,simulation_status,failure_reason,requested_duration_s,reached_duration_s,simulation_runtime_s,rhs_evaluations
47,4,success,,14.076,14.076,50.28766200132668,35306
47,1088,success,,14.188,14.188,49.957384917885065,35051
47,622,success,,14.184000000000001,14.184000000000001,43.809295289218426,30734
47,620,success,,14.184000000000001,14.184000000000001,63.12482315674424,44547
47,2,success,,14.184000000000001,14.184000000000001,41.73756765387952,29272
47,3,success,,14.184000000000001,14.184000000000001,42.34462454728782,29733
47,1244,success,,14.076,14.076,44.99099825695157,31758
47,778,success,,14.184000000000001,14.184000000000001,52.39023978821933,37131
47,312,success,,14.184000000000001,14.184000000000001,45.71748013049364,32579
