configuration_index,test_trial_id,simulation_status,failure_reason,requested_duration_s,reached_duration_s,simulation_runtime_s,rhs_evaluations
32,4,success,,14.032,14.032,85.08137093670666,94126
32,1088,success,,14.144,14.144,58.95140933804214,64966
32,622,success,,14.14,14.14,82.5582774002105,91447
32,620,success,,14.14,14.14,70.49390477314591,78446
32,2,success,,14.14,14.14,58.67752352356911,65103
32,3,success,,14.14,14.14,76.65977368876338,84109
32,1244,success,,14.032,14.032,76.1817025076598,84094
32,778,success,,14.14,14.14,55.822581984102726,61467
32,312,success,,14.14,14.14,49.67958667129278,54989
