configuration_index,test_trial_id,simulation_status,failure_reason,requested_duration_s,reached_duration_s,simulation_runtime_s,rhs_evaluations
40,4,success,,14.08,14.08,11.610523929819465,18001
40,1088,success,,14.192,14.192,13.704944169148803,21166
40,622,success,,14.188,14.188,13.448289269581437,20880
40,620,success,,14.188,14.188,11.363045850768685,17623
40,2,success,,14.188,14.188,13.742069195955992,21343
40,3,success,,14.188,14.188,13.365267638117075,20830
40,1244,success,,14.08,14.08,12.976400882005692,20254
40,778,success,,14.188,14.188,13.030692745000124,20439
40,312,success,,14.188,14.188,12.93440961651504,20304
