configuration_index,test_trial_id,simulation_status,failure_reason,requested_duration_s,reached_duration_s,simulation_runtime_s,rhs_evaluations
2,4,success,,14.084,14.084,8.124100930988789,21277
2,1088,success,,14.196,14.196,7.729673687368631,20513
2,622,success,,14.192,14.192,7.4234443083405495,20082
2,620,success,,14.192,14.192,7.8796837870031595,21438
2,2,success,,14.192,14.192,8.148490566760302,22179
2,3,success,,14.192,14.192,7.99782676436007,21732
2,1244,success,,14.084,14.084,8.132945911958814,22376
2,778,success,,14.192,14.192,8.065294176340103,22476
2,312,success,,14.192,14.192,8.24437347985804,22763
