configuration_index,test_trial_id,simulation_status,failure_reason,requested_duration_s,reached_duration_s,simulation_runtime_s,rhs_evaluations
48,4,success,,14.076,14.076,73.4534191666171,49982
48,1088,success,,14.188,14.188,56.635303064249456,38403
48,622,success,,14.184000000000001,14.184000000000001,48.470814877189696,32853
48,620,success,,14.184000000000001,14.184000000000001,86.33589837234467,58876
48,2,success,,14.184000000000001,14.184000000000001,43.69989324454218,29781
48,3,success,,14.184000000000001,14.184000000000001,47.037839719094336,31992
48,1244,success,,14.076,14.076,50.11393836606294,34190
48,778,success,,14.184000000000001,14.184000000000001,65.89605007506907,45126
48,312,success,,14.184000000000001,14.184000000000001,52.60555253922939,36094
