configuration_index,test_trial_id,simulation_status,failure_reason,requested_duration_s,reached_duration_s,simulation_runtime_s,rhs_evaluations
23,4,success,,14.048,14.048,54.71404707618058,63350
23,1088,success,,14.16,14.16,43.46467255894095,50683
23,622,success,,14.156,14.156,38.73423009738326,44745
23,620,success,,14.156,14.156,52.121524604037404,60590
23,2,success,,14.156,14.156,39.01501885801554,45450
23,3,success,,14.156,14.156,36.95108902081847,43020
23,1244,success,,14.048,14.048,50.09798370208591,58686
23,778,success,,14.156,14.156,44.949175195768476,52444
23,312,success,,14.156,14.156,40.86602050438523,47953
