configuration_index,test_trial_id,simulation_status,failure_reason,requested_duration_s,reached_duration_s,simulation_runtime_s,rhs_evaluations
26,4,success,,13.988,13.988,20.136826675385237,26379
26,1088,success,,14.1,14.1,22.291861167177558,30032
26,622,success,,14.096,14.096,22.685066739097238,30712
26,620,success,,14.096,14.096,15.350421296432614,20850
26,2,success,,14.096,14.096,14.043904716148973,19295
26,3,success,,14.096,14.096,19.80722809396684,27700
26,1244,success,,13.988,13.988,22.214815279468894,31068
26,778,success,,14.096,14.096,15.904950821772218,22186
26,312,success,,14.096,14.096,20.645482156425714,28978
