configuration_index,test_trial_id,simulation_status,failure_reason,requested_duration_s,reached_duration_s,simulation_runtime_s,rhs_evaluations
10,4,success,,14.076,14.076,21.666379187256098,38484
10,1088,success,,14.188,14.188,19.292413337156177,34298
10,622,success,,14.184000000000001,14.184000000000001,18.754503531381488,33545
10,620,success,,14.184000000000001,14.184000000000001,33.88680942542851,61603
10,2,success,,14.184000000000001,14.184000000000001,19.11526783555746,34285
10,3,success,,14.184000000000001,14.184000000000001,17.803413588553667,32027
10,1244,success,,14.076,14.076,18.63316486403346,33538
10,778,success,,14.184000000000001,14.184000000000001,20.71537801809609,37521
10,312,success,,14.184000000000001,14.184000000000001,18.068914560601115,32719
