configuration_index,test_trial_id,simulation_status,failure_reason,requested_duration_s,reached_duration_s,simulation_runtime_s,rhs_evaluations
7,4,success,,14.068,14.068,5.1018998539075255,11022
7,1088,success,,14.18,14.18,4.938053851947188,10672
7,622,success,,14.176,14.176,5.140456915833056,11119
7,620,success,,14.176,14.176,5.090696993283927,11070
7,2,success,,14.176,14.176,5.012958611361682,10902
7,3,success,,14.176,14.176,5.06098563130945,11054
7,1244,success,,14.068,14.068,5.096213770098984,11169
7,778,success,,14.176,14.176,5.125240195542574,11231
7,312,success,,14.176,14.176,5.018955668434501,11016
