configuration_index,test_trial_id,simulation_status,failure_reason,requested_duration_s,reached_duration_s,simulation_runtime_s,rhs_evaluations
11,4,success,,14.076,14.076,21.24977163411677,38231
11,1088,success,,14.188,14.188,18.992925377562642,34433
11,622,success,,14.184000000000001,14.184000000000001,18.008932383731008,32684
11,620,success,,14.184000000000001,14.184000000000001,33.90796673297882,61921
11,2,success,,14.184000000000001,14.184000000000001,18.20978957042098,33107
11,3,success,,14.184000000000001,14.184000000000001,16.600301161408424,29973
11,1244,success,,14.076,14.076,18.913793731480837,34172
11,778,success,,14.184000000000001,14.184000000000001,20.768009435385466,37594
11,312,success,,14.184000000000001,14.184000000000001,19.294812420383096,34897
