configuration_index,test_trial_id,simulation_status,failure_reason,requested_duration_s,reached_duration_s,simulation_runtime_s,rhs_evaluations
50,4,success,,14.064,14.064,86.11191977187991,58919
50,1088,success,,14.176,14.176,57.56306239403784,39312
50,622,success,,14.172,14.172,64.37178031913936,44092
50,620,success,,14.172,14.172,79.1909159552306,54311
50,2,success,,14.172,14.172,61.45190767943859,42217
50,3,success,,14.172,14.172,57.39835864678025,39185
50,1244,success,,14.064,14.064,59.42305072769523,40871
50,778,success,,14.172,14.172,66.61264997534454,45788
50,312,success,,14.172,14.172,71.24097819067538,48990
