configuration_index,test_trial_id,simulation_status,failure_reason,requested_duration_s,reached_duration_s,simulation_runtime_s,rhs_evaluations
33,4,success,,14.032,14.032,100.84635764732957,108082
33,1088,success,,14.144,14.144,92.18951318971813,97668
33,622,success,,14.14,14.14,108.69212759844959,116970
33,620,success,,14.14,14.14,103.33848515152931,110530
33,2,success,,14.14,14.14,97.67105220258236,104370
33,3,success,,14.14,14.14,95.71086813695729,102788
33,1244,success,,14.032,14.032,101.0628815907985,108485
33,778,success,,14.14,14.14,72.99621459841728,79029
33,312,success,,14.14,14.14,76.46963817253709,83019
