configuration_index,test_trial_id,simulation_status,failure_reason,requested_duration_s,reached_duration_s,simulation_runtime_s,rhs_evaluations
31,4,success,,14.032,14.032,92.19504594057798,100535
31,1088,success,,14.144,14.144,62.50878274068236,68237
31,622,success,,14.14,14.14,87.24315888434649,96222
31,620,success,,14.14,14.14,67.79993252083659,73624
31,2,success,,14.14,14.14,53.73388911411166,58029
31,3,success,,14.14,14.14,78.13460961170495,85700
31,1244,success,,14.032,14.032,76.91147045604885,85630
31,778,success,,14.14,14.14,60.821291549131274,67690
31,312,success,,14.14,14.14,53.30278139561415,59458
