configuration_index,test_trial_id,simulation_status,failure_reason,requested_duration_s,reached_duration_s,simulation_runtime_s,rhs_evaluations
5,4,success,,14.08,14.08,7.006182311102748,17739
5,1088,success,,14.192,14.192,7.2049284018576145,18473
5,622,success,,14.188,14.188,6.986788680776954,18219
5,620,success,,14.188,14.188,6.731280218809843,17958
5,2,success,,14.188,14.188,6.899119153618813,18543
5,3,success,,14.188,14.188,6.949644157662988,18570
5,1244,success,,14.08,14.08,6.711117452010512,17617
5,778,success,,14.188,14.188,6.542397078126669,17575
5,312,success,,14.188,14.188,6.756847094744444,18252
