configuration_index,test_trial_id,simulation_status,failure_reason,requested_duration_s,reached_duration_s,simulation_runtime_s,rhs_evaluations
82,4,success,,14.076,14.076,136.22279535979033,42894
82,1088,success,,14.188,14.188,122.42404104024172,38582
82,622,success,,14.184000000000001,14.184000000000001,123.24504462629557,38845
82,620,success,,14.184000000000001,14.184000000000001,162.00936254300177,51016
82,2,success,,14.184000000000001,14.184000000000001,122.06868435256183,38454
82,3,success,,14.184000000000001,14.184000000000001,121.9458824917674,38538
82,1244,success,,14.076,14.076,122.28287122398615,38313
82,778,success,,14.184000000000001,14.184000000000001,123.97709953598678,38991
82,312,success,,14.184000000000001,14.184000000000001,126.94377607107162,39917
