configuration_index,test_trial_id,simulation_status,failure_reason,requested_duration_s,reached_duration_s,simulation_runtime_s,rhs_evaluations
20,4,success,,14.068,14.068,55.838927837088704,74190
20,1088,success,,14.18,14.18,42.25047621503472,55929
20,622,success,,14.176,14.176,70.12031641695648,94833
20,620,success,,14.176,14.176,50.631412143819034,67679
20,2,success,,14.176,14.176,47.290823390707374,63283
20,3,success,,14.176,14.176,43.38611180707812,60436
20,1244,success,,14.068,14.068,43.90166645497084,59082
20,778,success,,14.176,14.176,45.71218368783593,61747
20,312,success,,14.176,14.176,59.9985770219937,80743
