configuration_index,test_trial_id,simulation_status,failure_reason,requested_duration_s,reached_duration_s,simulation_runtime_s,rhs_evaluations
74,4,success,,14.084,14.084,24.797754051163793,23487
74,1088,success,,14.196,14.196,35.435479713603854,33195
74,622,success,,14.192,14.192,34.000360855832696,32304
74,620,success,,14.192,14.192,25.06254556030035,23696
74,2,success,,14.192,14.192,35.12889036908746,33481
74,3,success,,14.192,14.192,32.98773338086903,31548
74,1244,success,,14.084,14.084,32.77496444620192,31160
74,778,success,,14.192,14.192,31.414202138781548,30120
74,312,success,,14.192,14.192,30.31056184694171,28988
