configuration_index,test_trial_id,simulation_status,failure_reason,requested_duration_s,reached_duration_s,simulation_runtime_s,rhs_evaluations
76,4,success,,14.08,14.08,22.658088291063905,22964
76,1088,success,,14.192,14.192,29.928199127316475,30195
76,622,success,,14.188,14.188,29.621690470725298,29684
76,620,success,,14.188,14.188,21.54435227997601,21419
76,2,success,,14.188,14.188,30.803777216002345,30767
76,3,success,,14.188,14.188,28.15197811089456,28208
76,1244,success,,14.08,14.08,27.77315890043974,27883
76,778,success,,14.188,14.188,26.6378503292799,26785
76,312,success,,14.188,14.188,26.232080964371562,26425
