configuration_index,test_trial_id,simulation_status,failure_reason,requested_duration_s,reached_duration_s,simulation_runtime_s,rhs_evaluations
30,4,success,,14.06,14.06,149.6797539908439,161352
30,1088,success,,14.172,14.172,147.58331979066133,156136
30,622,success,,14.168000000000001,14.168000000000001,153.74289848282933,162534
30,620,success,,14.168000000000001,14.168000000000001,160.04929942823946,172140
30,2,success,,14.168000000000001,14.168000000000001,141.2424333896488,153401
30,3,success,,14.168000000000001,14.168000000000001,139.33867378905416,151889
30,1244,success,,14.06,14.06,151.4167066346854,165416
30,778,success,,14.168000000000001,14.168000000000001,148.27210115268826,162393
30,312,success,,14.168000000000001,14.168000000000001,152.30884837545455,166425
