configuration_index,test_trial_id,simulation_status,failure_reason,requested_duration_s,reached_duration_s,simulation_runtime_s,rhs_evaluations
24,4,success,,14.048,14.048,57.639577159658074,75628
24,1088,success,,14.16,14.16,49.01376540772617,62646
24,622,success,,14.156,14.156,36.52366610430181,49291
24,620,success,,14.156,14.156,50.923496847972274,65680
24,2,success,,14.156,14.156,37.75238428451121,48617
24,3,success,,14.156,14.156,31.590619567781687,40529
24,1244,success,,14.048,14.048,52.927296252921224,68739
24,778,success,,14.156,14.156,36.10321361012757,46414
24,312,success,,14.156,14.156,43.983219562098384,56985
