configuration_index,lowpass_hz,stlsq_threshold,training_lfp_rms_uv,degree,n_delays,delay_samples,delay_ms,embedding_span_ms,smooth_window_samples,smooth_window_ms,derivative_method,fit_status,fit_failure_reason,nonzero_terms,possible_terms,term_utilization_percent,fit_runtime_s,feature_names_json,coefficients_json,equations
1,35.0,1000.0,36.85636440989091,2,2,1,4.0,4.0,0,0.0,finite_difference,success,,12,12,100.0,0.6828182870522141,"[""1"", ""x0"", ""x1"", ""x0^2"", ""x0 x1"", ""x1^2""]","[[-20.2891785413, 233.21263319950663, -239.40643140145735, -0.12590340068675007, 0.30275247282608464, -0.15423767055809282], [14.685434004305188, 239.47327443765553, -233.25609684521189, 0.23960052643513086, -0.44822226418265004, 0.18639321243521534]]",(x0)' = -20.289 1 +  233.213 x0 + -239.406 x1 + -0.126 x0^2 +  0.303 x0 x1 + -0.154 x1^2 | (x1)' =  14.685 1 +  239.473 x0 + -233.256 x1 +  0.240 x0^2 + -0.448 x0 x1 +  0.186 x1^2
2,35.0,1000.0,36.85636440989091,2,2,1,4.0,4.0,5,20.0,smoothed_finite_difference_savgol_order_3,success,,12,12,100.0,0.1352625386789441,"[""1"", ""x0"", ""x1"", ""x0^2"", ""x0 x1"", ""x1^2""]","[[-19.79126865393761, 233.48789991795405, -239.61332137976322, -0.12777141994549476, 0.3043671137651775, -0.15437788578087291], [14.497382225346733, 239.6798861667611, -233.53297912433564, 0.23657806767362452, -0.44153751549864756, 0.18315809557770335]]",(x0)' = -19.791 1 +  233.488 x0 + -239.613 x1 + -0.128 x0^2 +  0.304 x0 x1 + -0.154 x1^2 | (x1)' =  14.497 1 +  239.680 x0 + -233.533 x1 +  0.237 x0^2 + -0.442 x0 x1 +  0.183 x1^2
3,35.0,1000.0,36.85636440989091,2,2,1,4.0,4.0,9,36.0,smoothed_finite_difference_savgol_order_3,success,,12,12,100.0,0.1269508535042405,"[""1"", ""x0"", ""x1"", ""x0^2"", ""x0 x1"", ""x1^2""]","[[-15.856852293816058, 235.85780427275262, -241.3414668092461, -0.134381180385012, 0.29944177127148003, -0.1465123645729501], [12.476126485659844, 241.386715956666, -235.89104740466107, 0.21303030530570252, -0.3887463068289136, 0.15771114228641475]]",(x0)' = -15.857 1 +  235.858 x0 + -241.341 x1 + -0.134 x0^2 +  0.299 x0 x1 + -0.147 x1^2 | (x1)' =  12.476 1 +  241.387 x0 + -235.891 x1 +  0.213 x0^2 + -0.389 x0 x1 +  0.158 x1^2
4,35.0,1000.0,36.85636440989091,2,2,2,8.0,8.0,0,0.0,finite_difference,success,,12,12,100.0,0.11285596527159214,"[""1"", ""x0"", ""x1"", ""x0^2"", ""x0 x1"", ""x1^2""]","[[-36.85601524489294, 106.04627555496936, -117.5466202320111, -0.044717486392542666, 0.15554798651169052, -0.06878555082054974], [26.074650600231298, 117.65156918097921, -106.10910395238771, 0.12067218553964272, -0.22768554734369495, 0.06590105867208476]]",(x0)' = -36.856 1 +  106.046 x0 + -117.547 x1 + -0.045 x0^2 +  0.156 x0 x1 + -0.069 x1^2 | (x1)' =  26.075 1 +  117.652 x0 + -106.109 x1 +  0.121 x0^2 + -0.228 x0 x1 +  0.066 x1^2
5,35.0,1000.0,36.85636440989091,2,2,2,8.0,8.0,5,20.0,smoothed_finite_difference_savgol_order_3,success,,12,12,100.0,0.12243158463388681,"[""1"", ""x0"", ""x1"", ""x0^2"", ""x0 x1"", ""x1^2""]","[[-36.070766157046336, 106.31501418605531, -117.70533668385647, -0.045930611357658795, 0.1558500983346473, -0.06854492823249954], [25.760089176763, 117.80782822410697, -106.37849486331109, 0.11962978695321029, -0.22476105877732994, 0.06474166502134263]]",(x0)' = -36.071 1 +  106.315 x0 + -117.705 x1 + -0.046 x0^2 +  0.156 x0 x1 + -0.069 x1^2 | (x1)' =  25.760 1 +  117.808 x0 + -106.378 x1 +  0.120 x0^2 + -0.225 x0 x1 +  0.065 x1^2
6,35.0,1000.0,36.85636440989091,2,2,2,8.0,8.0,9,36.0,smoothed_finite_difference_savgol_order_3,success,,12,12,100.0,0.12716213893145323,"[""1"", ""x0"", ""x1"", ""x0^2"", ""x0 x1"", ""x1^2""]","[[-29.548434626364166, 108.68326476557706, -119.00737908294353, -0.053231592527409624, 0.15129175501577885, -0.0630403728129592], [22.523186773769158, 119.08091667221282, -108.73622821104391, 0.10986726852475046, -0.19810151873428683, 0.05448232430165546]]",(x0)' = -29.548 1 +  108.683 x0 + -119.007 x1 + -0.053 x0^2 +  0.151 x0 x1 + -0.063 x1^2 | (x1)' =  22.523 1 +  119.081 x0 + -108.736 x1 +  0.110 x0^2 + -0.198 x0 x1 +  0.054 x1^2
7,35.0,1000.0,36.85636440989091,2,2,5,20.0,20.0,0,0.0,finite_difference,success,,11,12,91.66666666666667,0.12470725830644369,"[""1"", ""x0"", ""x1"", ""x0^2"", ""x0 x1"", ""x1^2""]","[[-51.87470009906623, 21.677759684666185, -37.495429821658085, 0.022745217241152454, 0.026643733548223334, 0.0], [10.507335113633367, 37.81709685716452, -21.85761600520778, 0.0658430087310119, -0.08572814358339065, -0.023874795455031687]]",(x0)' = -51.875 1 +  21.678 x0 + -37.495 x1 +  0.023 x0^2 +  0.027 x0 x1 | (x1)' =  10.507 1 +  37.817 x0 + -21.858 x1 +  0.066 x0^2 + -0.086 x0 x1 + -0.024 x1^2
8,35.0,1000.0,36.85636440989091,2,2,5,20.0,20.0,5,20.0,smoothed_finite_difference_savgol_order_3,success,,11,12,91.66666666666667,0.13190301414579153,"[""1"", ""x0"", ""x1"", ""x0^2"", ""x0 x1"", ""x1^2""]","[[-51.43787196833786, 21.900139378249023, -37.73514153985737, 0.021918582330016048, 0.02751616025238717, 0.0], [11.304311376955505, 38.0473176487984, -22.078539548045352, 0.06489377934685947, -0.08477271461272717, -0.023882822144783017]]",(x0)' = -51.438 1 +  21.900 x0 + -37.735 x1 +  0.022 x0^2 +  0.028 x0 x1 | (x1)' =  11.304 1 +  38.047 x0 + -22.079 x1 +  0.065 x0^2 + -0.085 x0 x1 + -0.024 x1^2
9,35.0,1000.0,36.85636440989091,2,2,5,20.0,20.0,9,36.0,smoothed_finite_difference_savgol_order_3,success,,12,12,100.0,0.1221090778708458,"[""1"", ""x0"", ""x1"", ""x0^2"", ""x0 x1"", ""x1^2""]","[[-36.77777812813008, 24.16071848804369, -39.96089423996571, 0.010749322382411474, 0.04950991260408782, -0.013131984418895992], [17.592420065890845, 40.116496867223965, -24.27215835055817, 0.055953090331647706, -0.07473287617991103, -0.023890080637208426]]",(x0)' = -36.778 1 +  24.161 x0 + -39.961 x1 +  0.011 x0^2 +  0.050 x0 x1 + -0.013 x1^2 | (x1)' =  17.592 1 +  40.116 x0 + -24.272 x1 +  0.056 x0^2 + -0.075 x0 x1 + -0.024 x1^2
10,35.0,1000.0,36.85636440989091,2,4,1,4.0,12.0,0,0.0,finite_difference,success,,57,60,95.0,0.49758083559572697,"[""1"", ""x0"", ""x1"", ""x2"", ""x3"", ""x0^2"", ""x0 x1"", ""x0 x2"", ""x0 x3"", ""x1^2"", ""x1 x2"", ""x1 x3"", ""x2^2"", ""x2 x3"", ""x3^2""]","[[-12.458437912983225, 431.7754563141283, -725.0156151320979, 398.51783763725103, -106.34157116183438, -0.4037527352368866, 1.8252112968458785, -1.5526744963673074, 0.565062546877652, -1.4432223277256584, 1.6114069773208843, -0.5819512926491054, -0.03746522292722153, 0.0, 0.020147754297214066], [0.036688935082070696, 125.01527208961278, 0.002435571134573658, -125.03969908497159, 0.022725644742782932, -0.0021300887655655385, 0.00427467742358439, 0.0, -0.0004105534508719033, -0.0015548285909176343, 0.0021588401275265076, -0.00278545465842809, -0.005325726764186574, 0.008498676348974813, -0.002730665766285517], [0.03609736110220915, -0.03387372486369307, 125.06712556443615, -0.026499114533358577, -125.00660583805471, 0.0029500695275287174, -0.00863526062390223, 0.004081092768521929, 0.0, 0.006333013584794842, -0.005824207899007062, -0.0011987869214961622, 0.00026262273456200373, 0.003731878803386529, -0.001698335310146023], [7.52487842601394, 106.46250681899697, -398.70122618931754, 725.131106073553, -431.818121319997, 2.4053090966005706, -12.887683586699653, 12.797934718961404, -4.692294304584492, 16.949933750189242, -33.487019325892796, 12.349996940242942, 16.510329766090656, -12.156297134293037, 2.207177916537137]]",(x0)' = -12.458 1 +  431.775 x0 + -725.016 x1 +  398.518 x2 + -106.342 x3 + -0.404 x0^2 +  1.825 x0 x1 + -1.553 x0 x2 +  0.565 x0 x3 + -1.443 x1^2 +  1.611 x1 x2 + -0.582 x1 x3 + -0.037 x2^2 +  0.020 x3^2 | (x1)' =  0.037 1 +  125.015 x0 +  0.002 x1 + -125.040 x2 +  0.023 x3 + -0.002 x0^2 +  0.004 x0 x1 + -0.002 x1^2 +  0.002 x1 x2 + -0.003 x1 x3 + -0.005 x2^2 +  0.008 x2 x3 + -0.003 x3^2 | (x2)' =  0.036 1 + -0.034 x0 +  125.067 x1 + -0.026 x2 + -125.007 x3 +  0.003 x0^2 + -0.009 x0 x1 +  0.004 x0 x2 +  0.006 x1^2 + -0.006 x1 x2 + -0.001 x1 x3 +  0.004 x2 x3 + -0.002 x3^2 | (x3)' =  7.525 1 +  106.463 x0 + -398.701 x1 +  725.131 x2 + -431.818 x3 +  2.405 x0^2 + -12.888 x0 x1 +  12.798 x0 x2 + -4.692 x0 x3 +  16.950 x1^2 + -33.487 x1 x2 +  12.350 x1 x3 +  16.510 x2^2 + -12.156 x2 x3 +  2.207 x3^2
11,35.0,1000.0,36.85636440989091,2,4,1,4.0,12.0,5,20.0,smoothed_finite_difference_savgol_order_3,success,,58,60,96.66666666666667,0.48536232858896255,"[""1"", ""x0"", ""x1"", ""x2"", ""x3"", ""x0^2"", ""x0 x1"", ""x0 x2"", ""x0 x3"", ""x1^2"", ""x1 x2"", ""x1 x3"", ""x2^2"", ""x2 x3"", ""x3^2""]","[[-8.238349769139846, 433.26388205996767, -728.4582704443698, 401.2366245178454, -107.07647494149238, -2.491713184470031, 13.830396215404454, -13.970812039658655, 5.171434526393175, -18.661139595757113, 37.152395057006224, -13.743299569403234, -18.328209543406476, 13.511191160619816, -2.4676274326975456], [0.05449118546282603, 124.99916894312285, 0.05821676306612171, -125.10259850601868, 0.046061298073018876, -0.003189094906380617, 0.006432189894698748, 0.0, -0.0005450938136479783, -0.001875031824154521, 0.001240377358313874, -0.0033556532823876568, -0.00598034590432006, 0.010910948204396255, -0.003647550079699839], [0.04420368873002696, -0.059727473890267356, 125.13666677925934, -0.08898493415468378, -124.98791701992627, 0.0023914415108477038, -0.005975719774990015, 0.002506201364776053, 0.0, 0.00395677789205224, -0.004244519798835967, -0.0005089833159111758, 0.0005620978917625386, 0.002915026147771863, -0.0016010097740893573], [7.313708398583232, 106.99272994408933, -401.09710506785575, 728.4777694106949, -433.3361378461832, 2.461508654125131, -13.23541329424377, 13.158452495369485, -4.81862781005695, 17.4845896062947, -34.586471458473824, 12.730732365488949, 17.067386085802575, -12.534408009356104, 2.269738891733637]]",(x0)' = -8.238 1 +  433.264 x0 + -728.458 x1 +  401.237 x2 + -107.076 x3 + -2.492 x0^2 +  13.830 x0 x1 + -13.971 x0 x2 +  5.171 x0 x3 + -18.661 x1^2 +  37.152 x1 x2 + -13.743 x1 x3 + -18.328 x2^2 +  13.511 x2 x3 + -2.468 x3^2 | (x1)' =  0.054 1 +  124.999 x0 +  0.058 x1 + -125.103 x2 +  0.046 x3 + -0.003 x0^2 +  0.006 x0 x1 + -0.001 x0 x3 + -0.002 x1^2 +  0.001 x1 x2 + -0.003 x1 x3 + -0.006 x2^2 +  0.011 x2 x3 + -0.004 x3^2 | (x2)' =  0.044 1 + -0.060 x0 +  125.137 x1 + -0.089 x2 + -124.988 x3 +  0.002 x0^2 + -0.006 x0 x1 +  0.003 x0 x2 +  0.004 x1^2 + -0.004 x1 x2 + -0.001 x1 x3 +  0.001 x2^2 +  0.003 x2 x3 + -0.002 x3^2 | (x3)' =  7.314 1 +  106.993 x0 + -401.097 x1 +  728.478 x2 + -433.336 x3 +  2.462 x0^2 + -13.235 x0 x1 +  13.158 x0 x2 + -4.819 x0 x3 +  17.485 x1^2 + -34.586 x1 x2 +  12.731 x1 x3 +  17.067 x2^2 + -12.534 x2 x3 +  2.270 x3^2
12,35.0,1000.0,36.85636440989091,2,4,1,4.0,12.0,9,36.0,smoothed_finite_difference_savgol_order_3,success,,57,60,95.0,0.5632730973884463,"[""1"", ""x0"", ""x1"", ""x2"", ""x3"", ""x0^2"", ""x0 x1"", ""x0 x2"", ""x0 x3"", ""x1^2"", ""x1 x2"", ""x1 x3"", ""x2^2"", ""x2 x3"", ""x3^2""]","[[-8.396147062485, 444.76562636305204, -752.8879750444364, 417.31760863879606, -109.9336208444214, -0.03583194647869359, 0.0, -0.07653021817064755, 0.17203079598423793, 0.6038695311679649, -1.236052498175114, 0.0, 0.6709041896066155, -0.038398231364839344, -0.058234812429228476], [0.10366128855257982, 125.47856477041915, -1.1857380273204272, -123.960401023556, -0.3277721744370618, -0.07183873046139386, 0.37905446115300645, -0.37975439664777644, 0.1487091015990511, -0.5061435401222517, 1.0411830139710967, -0.4178045239101689, -0.5506402630404826, 0.447634865208228, -0.09034087238357706], [-0.0803385734511719, 0.618866106474243, 123.05392355925076, 2.168983408901786, -125.84489100675268, 0.07375986293368368, -0.4166228836176835, 0.4372112665107939, -0.16049195041089404, 0.6318458780726068, -1.3728654731858907, 0.5114492494115069, 0.7496938731529893, -0.5546134230837763, 0.10074960674411468], [8.147993611087415, 110.70488443707946, -419.5694274732037, 755.2680145611785, -445.661922694753, 0.3096185143643167, -1.1596690450112612, 0.9538210592295472, -0.37350171066064275, 0.6217622756857623, -0.5632542278310795, 0.3260966283442704, -0.09625715404283244, 0.0, -0.020327111448325896]]",(x0)' = -8.396 1 +  444.766 x0 + -752.888 x1 +  417.318 x2 + -109.934 x3 + -0.036 x0^2 + -0.077 x0 x2 +  0.172 x0 x3 +  0.604 x1^2 + -1.236 x1 x2 +  0.671 x2^2 + -0.038 x2 x3 + -0.058 x3^2 | (x1)' =  0.104 1 +  125.479 x0 + -1.186 x1 + -123.960 x2 + -0.328 x3 + -0.072 x0^2 +  0.379 x0 x1 + -0.380 x0 x2 +  0.149 x0 x3 + -0.506 x1^2 +  1.041 x1 x2 + -0.418 x1 x3 + -0.551 x2^2 +  0.448 x2 x3 + -0.090 x3^2 | (x2)' = -0.080 1 +  0.619 x0 +  123.054 x1 +  2.169 x2 + -125.845 x3 +  0.074 x0^2 + -0.417 x0 x1 +  0.437 x0 x2 + -0.160 x0 x3 +  0.632 x1^2 + -1.373 x1 x2 +  0.511 x1 x3 +  0.750 x2^2 + -0.555 x2 x3 +  0.101 x3^2 | (x3)' =  8.148 1 +  110.705 x0 + -419.569 x1 +  755.268 x2 + -445.662 x3 +  0.310 x0^2 + -1.160 x0 x1 +  0.954 x0 x2 + -0.374 x0 x3 +  0.622 x1^2 + -0.563 x1 x2 +  0.326 x1 x3 + -0.096 x2^2 + -0.020 x3^2
13,35.0,1000.0,36.85636440989091,2,4,2,8.0,24.0,0,0.0,finite_difference,success,,56,60,93.33333333333333,0.4707017783075571,"[""1"", ""x0"", ""x1"", ""x2"", ""x3"", ""x0^2"", ""x0 x1"", ""x0 x2"", ""x0 x3"", ""x1^2"", ""x1 x2"", ""x1 x3"", ""x2^2"", ""x2 x3"", ""x3^2""]","[[-35.68601322683037, 169.5066080885142, -266.68561901687485, 130.18110484636077, -36.93266092654686, -0.16899975924561428, 0.8837998900293784, -0.9266214385779762, 0.44211103402824276, -0.7989921111552105, 1.464568430519271, -0.8208783924981157, -0.6518601276469594, 0.7875144162251623, -0.20013180239998313], [0.0, 56.52161860536721, 32.949965229379195, -107.74068061156937, 19.294666511831956, 0.034176522638533706, -0.11613358853979851, 0.0733296221573663, -0.02840568767952926, 0.022772324257793845, 0.06457849857262837, 0.0, -0.057165447298143275, -0.006430910937398191, 0.01203343021088798], [0.0, -19.191995911392915, 107.50471926004153, -32.75138226160755, -56.58481023010607, -0.012041709196647179, 0.020434212066760795, 0.0, 0.010289318003693924, 0.06216667765839787, -0.15380577320702024, 0.0026522827726774257, 0.05322392607882572, 0.042169686403175234, -0.023861565883711713], [29.576479037150442, 36.7361621910952, -129.78616753186458, 266.6255670567691, -169.63971583965835, 0.19274615110432783, -0.7767496737070239, 0.7622207964655446, -0.36545072826649316, 0.5724702470895443, -1.1317229832482838, 0.7062441733078534, 0.626053071249984, -0.7712840509541005, 0.17567799407099474]]",(x0)' = -35.686 1 +  169.507 x0 + -266.686 x1 +  130.181 x2 + -36.933 x3 + -0.169 x0^2 +  0.884 x0 x1 + -0.927 x0 x2 +  0.442 x0 x3 + -0.799 x1^2 +  1.465 x1 x2 + -0.821 x1 x3 + -0.652 x2^2 +  0.788 x2 x3 + -0.200 x3^2 | (x1)' =  56.522 x0 +  32.950 x1 + -107.741 x2 +  19.295 x3 +  0.034 x0^2 + -0.116 x0 x1 +  0.073 x0 x2 + -0.028 x0 x3 +  0.023 x1^2 +  0.065 x1 x2 + -0.057 x2^2 + -0.006 x2 x3 +  0.012 x3^2 | (x2)' = -19.192 x0 +  107.505 x1 + -32.751 x2 + -56.585 x3 + -0.012 x0^2 +  0.020 x0 x1 +  0.010 x0 x3 +  0.062 x1^2 + -0.154 x1 x2 +  0.003 x1 x3 +  0.053 x2^2 +  0.042 x2 x3 + -0.024 x3^2 | (x3)' =  29.576 1 +  36.736 x0 + -129.786 x1 +  266.626 x2 + -169.640 x3 +  0.193 x0^2 + -0.777 x0 x1 +  0.762 x0 x2 + -0.365 x0 x3 +  0.572 x1^2 + -1.132 x1 x2 +  0.706 x1 x3 +  0.626 x2^2 + -0.771 x2 x3 +  0.176 x3^2
14,35.0,1000.0,36.85636440989091,2,4,2,8.0,24.0,5,20.0,smoothed_finite_difference_savgol_order_3,success,,56,60,93.33333333333333,0.4821317670866847,"[""1"", ""x0"", ""x1"", ""x2"", ""x3"", ""x0^2"", ""x0 x1"", ""x0 x2"", ""x0 x3"", ""x1^2"", ""x1 x2"", ""x1 x3"", ""x2^2"", ""x2 x3"", ""x3^2""]","[[-34.51532339088586, 170.6457542849707, -268.7191804815949, 131.44922587503257, -37.20165962939525, -0.16991673820266992, 0.8885309926931113, -0.9345910674910726, 0.4460928555230606, -0.8113615036765109, 1.50360275321129, -0.8395178913311854, -0.6805446088616686, 0.8141820703237634, -0.20631069761993773], [0.0, 56.31716127352623, 33.23954323601715, -107.80491790819093, 19.242120602670674, 0.03264118750397791, -0.1101310403204351, 0.06921070950212993, -0.027169546260780598, 0.018715094797361158, 0.06692224876180568, 0.0, -0.05569243718836449, -0.0080195009642183, 0.012336084264740964], [0.0, -19.138522431273632, 107.56661017100762, -33.03527892758427, -56.38472624663511, -0.011159230638373095, 0.01831384864581399, 0.0, 0.010756922962600847, 0.061425822375562066, -0.1473395640900378, -0.0004370934973294825, 0.04860041205397383, 0.045179582472127854, -0.024163314579715454], [28.79188608892782, 37.014833803528, -131.0684478247695, 268.65940762570267, -170.77455764124574, 0.19681917163229973, -0.7991986509511038, 0.7854500336441037, -0.37474363453512693, 0.6047479255160523, -1.1982423961705597, 0.7307803872689951, 0.6573869920948436, -0.7908848988815409, 0.17837983449184255]]",(x0)' = -34.515 1 +  170.646 x0 + -268.719 x1 +  131.449 x2 + -37.202 x3 + -0.170 x0^2 +  0.889 x0 x1 + -0.935 x0 x2 +  0.446 x0 x3 + -0.811 x1^2 +  1.504 x1 x2 + -0.840 x1 x3 + -0.681 x2^2 +  0.814 x2 x3 + -0.206 x3^2 | (x1)' =  56.317 x0 +  33.240 x1 + -107.805 x2 +  19.242 x3 +  0.033 x0^2 + -0.110 x0 x1 +  0.069 x0 x2 + -0.027 x0 x3 +  0.019 x1^2 +  0.067 x1 x2 + -0.056 x2^2 + -0.008 x2 x3 +  0.012 x3^2 | (x2)' = -19.139 x0 +  107.567 x1 + -33.035 x2 + -56.385 x3 + -0.011 x0^2 +  0.018 x0 x1 +  0.011 x0 x3 +  0.061 x1^2 + -0.147 x1 x2 +  0.049 x2^2 +  0.045 x2 x3 + -0.024 x3^2 | (x3)' =  28.792 1 +  37.015 x0 + -131.068 x1 +  268.659 x2 + -170.775 x3 +  0.197 x0^2 + -0.799 x0 x1 +  0.785 x0 x2 + -0.375 x0 x3 +  0.605 x1^2 + -1.198 x1 x2 +  0.731 x1 x3 +  0.657 x2^2 + -0.791 x2 x3 +  0.178 x3^2
15,35.0,1000.0,36.85636440989091,2,4,2,8.0,24.0,9,36.0,smoothed_finite_difference_savgol_order_3,success,,57,60,95.0,0.48510515317320824,"[""1"", ""x0"", ""x1"", ""x2"", ""x3"", ""x0^2"", ""x0 x1"", ""x0 x2"", ""x0 x3"", ""x1^2"", ""x1 x2"", ""x1 x3"", ""x2^2"", ""x2 x3"", ""x3^2""]","[[-24.98804209362726, 180.1843197436695, -285.65958617212186, 141.48968216407565, -38.94280592070706, -0.179390539076479, 0.9391018974649972, -1.004812654461445, 0.4741951273019406, -0.9368131810214004, 1.8626173945048643, -0.990423437390166, -0.9287038755200386, 1.0212670611725998, -0.24972230011496258], [5.107159933960401, 54.631305079634636, 35.65115251979215, -108.33074865772875, 18.782219797785555, 0.0649184090631372, -0.29534030488939356, 0.2953284362998818, -0.13623926721791238, 0.27661042536981145, -0.5422895557257914, 0.2874347539911413, 0.28073422433464906, -0.30804410434208374, 0.07506758599384883], [0.0, -18.67915486132642, 108.10808034654691, -35.460703852182675, -54.704813651356396, -0.0017189737671660403, -0.00465264170599713, 0.0, 0.015398618930491593, 0.05400584471409248, -0.07907829629993293, -0.03182394341953841, -0.0010858554374898728, 0.07716368653329947, -0.027367712797060448], [29.50057644041296, 38.656394715332794, -140.9330624214369, 285.50303479033903, -180.30197236710774, 0.025257969632669356, -0.019305497904473095, -0.023259959588361932, 0.0, -0.23939047797020066, 0.5182616330077596, -0.08114450508604375, -0.21038145610150008, 0.02953528123684992, -0.0063136697078549926]]",(x0)' = -24.988 1 +  180.184 x0 + -285.660 x1 +  141.490 x2 + -38.943 x3 + -0.179 x0^2 +  0.939 x0 x1 + -1.005 x0 x2 +  0.474 x0 x3 + -0.937 x1^2 +  1.863 x1 x2 + -0.990 x1 x3 + -0.929 x2^2 +  1.021 x2 x3 + -0.250 x3^2 | (x1)' =  5.107 1 +  54.631 x0 +  35.651 x1 + -108.331 x2 +  18.782 x3 +  0.065 x0^2 + -0.295 x0 x1 +  0.295 x0 x2 + -0.136 x0 x3 +  0.277 x1^2 + -0.542 x1 x2 +  0.287 x1 x3 +  0.281 x2^2 + -0.308 x2 x3 +  0.075 x3^2 | (x2)' = -18.679 x0 +  108.108 x1 + -35.461 x2 + -54.705 x3 + -0.002 x0^2 + -0.005 x0 x1 +  0.015 x0 x3 +  0.054 x1^2 + -0.079 x1 x2 + -0.032 x1 x3 + -0.001 x2^2 +  0.077 x2 x3 + -0.027 x3^2 | (x3)' =  29.501 1 +  38.656 x0 + -140.933 x1 +  285.503 x2 + -180.302 x3 +  0.025 x0^2 + -0.019 x0 x1 + -0.023 x0 x2 + -0.239 x1^2 +  0.518 x1 x2 + -0.081 x1 x3 + -0.210 x2^2 +  0.030 x2 x3 + -0.006 x3^2
16,35.0,1000.0,36.85636440989091,2,4,5,20.0,60.0,0,0.0,finite_difference,success,,59,60,98.33333333333333,0.48403925634920597,"[""1"", ""x0"", ""x1"", ""x2"", ""x3"", ""x0^2"", ""x0 x1"", ""x0 x2"", ""x0 x3"", ""x1^2"", ""x1 x2"", ""x1 x3"", ""x2^2"", ""x2 x3"", ""x3^2""]","[[-57.78711060452088, 21.293652539733127, -47.43703137001203, 15.20701320319325, 3.634954753792466, 0.006534223690515543, 0.13258778559025772, -0.02990002392755453, -0.05307556576327168, -0.026248328623253294, -0.0912434141998161, 0.005487429256347667, 0.04980200165939952, 0.014927861931260025, 0.0058231343778063], [-10.75323187072103, 34.963024183833646, 1.6077854581311988, -42.193936956608866, 8.33523213370742, 0.0874266529753936, -0.1926646891218112, -0.010086341535339808, 0.01894541092812736, -0.013207934086397305, 0.21082488584716796, 0.0, -0.07518710086987561, -0.058698613113313855, 0.02915238588068804], [3.912432555316549, -8.85455737259967, 42.37092557759168, -1.442664270241407, -34.730509436767896, -0.05713115965435481, 0.059540949242064684, 0.08282059982063933, -0.04029501363080097, 0.11171490727832685, -0.27414666475535693, -0.001493781693798395, 0.019918687289601264, 0.161270899628053, -0.058533309725488585], [36.20698099778648, -3.198056318581461, -16.174371994809732, 48.20998254155827, -21.616918338047938, 0.003519833569836815, 0.0371987975249301, -0.08211222582466679, 0.04287839186726771, -0.12336113054469391, 0.13479989073064846, 0.08938764011920056, 0.09308052464609967, -0.21654731469602326, 0.008533973599109566]]",(x0)' = -57.787 1 +  21.294 x0 + -47.437 x1 +  15.207 x2 +  3.635 x3 +  0.007 x0^2 +  0.133 x0 x1 + -0.030 x0 x2 + -0.053 x0 x3 + -0.026 x1^2 + -0.091 x1 x2 +  0.005 x1 x3 +  0.050 x2^2 +  0.015 x2 x3 +  0.006 x3^2 | (x1)' = -10.753 1 +  34.963 x0 +  1.608 x1 + -42.194 x2 +  8.335 x3 +  0.087 x0^2 + -0.193 x0 x1 + -0.010 x0 x2 +  0.019 x0 x3 + -0.013 x1^2 +  0.211 x1 x2 + -0.075 x2^2 + -0.059 x2 x3 +  0.029 x3^2 | (x2)' =  3.912 1 + -8.855 x0 +  42.371 x1 + -1.443 x2 + -34.731 x3 + -0.057 x0^2 +  0.060 x0 x1 +  0.083 x0 x2 + -0.040 x0 x3 +  0.112 x1^2 + -0.274 x1 x2 + -0.001 x1 x3 +  0.020 x2^2 +  0.161 x2 x3 + -0.059 x3^2 | (x3)' =  36.207 1 + -3.198 x0 + -16.174 x1 +  48.210 x2 + -21.617 x3 +  0.004 x0^2 +  0.037 x0 x1 + -0.082 x0 x2 +  0.043 x0 x3 + -0.123 x1^2 +  0.135 x1 x2 +  0.089 x1 x3 +  0.093 x2^2 + -0.217 x2 x3 +  0.009 x3^2
17,35.0,1000.0,36.85636440989091,2,4,5,20.0,60.0,5,20.0,smoothed_finite_difference_savgol_order_3,success,,59,60,98.33333333333333,0.4974130569025874,"[""1"", ""x0"", ""x1"", ""x2"", ""x3"", ""x0^2"", ""x0 x1"", ""x0 x2"", ""x0 x3"", ""x1^2"", ""x1 x2"", ""x1 x3"", ""x2^2"", ""x2 x3"", ""x3^2""]","[[-57.411129047166106, 21.63239634908915, -47.94379136188295, 15.621780307132921, 3.4095445035645753, 0.0055869320684314066, 0.13378748088329367, -0.03019495780729263, -0.05256106719526841, -0.02561955179984076, -0.09425274234361371, 0.006320180654170607, 0.0511017279746348, 0.01562980789138559, 0.004853310513364602], [-9.896864534234778, 34.976595827473055, 1.6931801702468021, -42.44000556427471, 8.520885766323213, 0.08578427324402335, -0.18977292161387557, -0.010036042071097697, 0.01872015323440455, -0.01416899799236897, 0.21044619913080034, 0.0, -0.074340850690263, -0.06003815127808862, 0.02975204348829161], [3.9717294465558046, -9.015671013481178, 42.599622782603014, -1.5287888725893524, -34.75289337943694, -0.05678688233992993, 0.05971489476929504, 0.08143648856455418, -0.03923726895703889, 0.11047260883133088, -0.2712244459525225, -0.0026154192049189003, 0.019319291792132112, 0.1607696391420034, -0.05804169146069034], [36.3402983249151, -2.9807754739821952, -16.55343832390091, 48.684470747777574, -21.950812281411494, 0.0042271416557252165, 0.036908933115262235, -0.0826490713253309, 0.04218838171351859, -0.12415818325264973, 0.13696768725762343, 0.08887801304314054, 0.09158513636668623, -0.2154766724988601, 0.00890048373605642]]",(x0)' = -57.411 1 +  21.632 x0 + -47.944 x1 +  15.622 x2 +  3.410 x3 +  0.006 x0^2 +  0.134 x0 x1 + -0.030 x0 x2 + -0.053 x0 x3 + -0.026 x1^2 + -0.094 x1 x2 +  0.006 x1 x3 +  0.051 x2^2 +  0.016 x2 x3 +  0.005 x3^2 | (x1)' = -9.897 1 +  34.977 x0 +  1.693 x1 + -42.440 x2 +  8.521 x3 +  0.086 x0^2 + -0.190 x0 x1 + -0.010 x0 x2 +  0.019 x0 x3 + -0.014 x1^2 +  0.210 x1 x2 + -0.074 x2^2 + -0.060 x2 x3 +  0.030 x3^2 | (x2)' =  3.972 1 + -9.016 x0 +  42.600 x1 + -1.529 x2 + -34.753 x3 + -0.057 x0^2 +  0.060 x0 x1 +  0.081 x0 x2 + -0.039 x0 x3 +  0.110 x1^2 + -0.271 x1 x2 + -0.003 x1 x3 +  0.019 x2^2 +  0.161 x2 x3 + -0.058 x3^2 | (x3)' =  36.340 1 + -2.981 x0 + -16.553 x1 +  48.684 x2 + -21.951 x3 +  0.004 x0^2 +  0.037 x0 x1 + -0.083 x0 x2 +  0.042 x0 x3 + -0.124 x1^2 +  0.137 x1 x2 +  0.089 x1 x3 +  0.092 x2^2 + -0.215 x2 x3 +  0.009 x3^2
18,35.0,1000.0,36.85636440989091,2,4,5,20.0,60.0,9,36.0,smoothed_finite_difference_savgol_order_3,success,,57,60,95.0,0.48895833268761635,"[""1"", ""x0"", ""x1"", ""x2"", ""x3"", ""x0^2"", ""x0 x1"", ""x0 x2"", ""x0 x3"", ""x1^2"", ""x1 x2"", ""x1 x3"", ""x2^2"", ""x2 x3"", ""x3^2""]","[[-52.61459006499319, 25.32530407175285, -53.07626238250792, 19.823912356114242, 0.957402975243098, -0.0026053660273501447, 0.13785739267578231, -0.03076160315294662, -0.0456503698131272, -0.01660849316396648, -0.12103787372542434, 0.012355416705886465, 0.06079243838326303, 0.02488677280183521, -0.0052583918169617294], [0.0, 34.62785503659447, 2.757302596478099, -44.52772977992369, 10.148031827083043, 0.06704850662446407, -0.1512828905311291, -0.01674031753041067, 0.025339924458427542, -0.026381372657235863, 0.21074159956968264, -0.017052903853873085, -0.06866489580660629, -0.058455928646087375, 0.029934059845052062], [0.0, -10.395468976379883, 44.57649325271973, -2.684468961787957, -34.4721891021288, -0.049510917670074456, 0.05735846744944797, 0.06029744179798316, -0.02561019475353913, 0.09679744974853267, -0.2223449322176142, -0.020858913797176915, 0.0, 0.16212140432588137, -0.05238591246024961], [35.79505759732381, -0.6261501586270595, -20.428109402865307, 53.550675155197965, -25.59868647401324, 0.010463089205374847, 0.033188455762165225, -0.08422975043555815, 0.03368770331347185, -0.1287384738157949, 0.15198533469578066, 0.08272903040487614, 0.07725803965878209, -0.20040089448962234, 0.011604899974185772]]",(x0)' = -52.615 1 +  25.325 x0 + -53.076 x1 +  19.824 x2 +  0.957 x3 + -0.003 x0^2 +  0.138 x0 x1 + -0.031 x0 x2 + -0.046 x0 x3 + -0.017 x1^2 + -0.121 x1 x2 +  0.012 x1 x3 +  0.061 x2^2 +  0.025 x2 x3 + -0.005 x3^2 | (x1)' =  34.628 x0 +  2.757 x1 + -44.528 x2 +  10.148 x3 +  0.067 x0^2 + -0.151 x0 x1 + -0.017 x0 x2 +  0.025 x0 x3 + -0.026 x1^2 +  0.211 x1 x2 + -0.017 x1 x3 + -0.069 x2^2 + -0.058 x2 x3 +  0.030 x3^2 | (x2)' = -10.395 x0 +  44.576 x1 + -2.684 x2 + -34.472 x3 + -0.050 x0^2 +  0.057 x0 x1 +  0.060 x0 x2 + -0.026 x0 x3 +  0.097 x1^2 + -0.222 x1 x2 + -0.021 x1 x3 +  0.162 x2 x3 + -0.052 x3^2 | (x3)' =  35.795 1 + -0.626 x0 + -20.428 x1 +  53.551 x2 + -25.599 x3 +  0.010 x0^2 +  0.033 x0 x1 + -0.084 x0 x2 +  0.034 x0 x3 + -0.129 x1^2 +  0.152 x1 x2 +  0.083 x1 x3 +  0.077 x2^2 + -0.200 x2 x3 +  0.012 x3^2
19,35.0,1000.0,36.85636440989091,2,6,1,4.0,20.0,0,0.0,finite_difference,success,,158,168,94.04761904761905,1.5458811009302735,"[""1"", ""x0"", ""x1"", ""x2"", ""x3"", ""x4"", ""x5"", ""x0^2"", ""x0 x1"", ""x0 x2"", ""x0 x3"", ""x0 x4"", ""x0 x5"", ""x1^2"", ""x1 x2"", ""x1 x3"", ""x1 x4"", ""x1 x5"", ""x2^2"", ""x2 x3"", ""x2 x4"", ""x2 x5"", ""x3^2"", ""x3 x4"", ""x3 x5"", ""x4^2"", ""x4 x5"", ""x5^2""]","[[-3.5727862512744393, 601.4362198279242, -1417.5254082936374, 1589.0872986204745, -1178.1873135308542, 499.07755154321546, -94.1709715632806, -1.4213014482007187, 9.12381926164329, -11.672278268166988, 7.358908814638633, -2.4206323062454937, 0.5268376591578722, -12.299804686812355, 23.686507496527135, -7.821036233932864, -0.2103212631737052, -0.44479857961824487, -3.717359049645539, -15.998292084366843, 12.869503936443827, -1.0468264351508971, 16.552895671280172, -18.43248389042083, 1.465117373632485, 4.163001995461478, 0.0, -0.260790481117044], [-0.014406100167976471, 125.30700425484379, -1.3666747873090257, -122.28963841358411, -2.913156538520993, 1.6521649524960118, -0.3890966583217479, 0.12601433590549424, -0.7839120599643954, 1.1331763559390897, -0.9696882445846513, 0.4481735026433394, -0.08117872122376894, 0.9460579493753938, -1.8053590297585766, 0.822639324798971, 0.0, -0.12258119476489639, -0.19110954083999424, 2.7036522549370274, -2.4990869923184924, 0.8489305561679978, -2.7302716849397273, 4.172065019589505, -1.2702563497567447, -1.4930778995715412, 0.8670194508581148, -0.12121030929742348], [0.0, 0.476700234909161, 122.85892217759971, 4.129315449761326, -129.23820776871537, 2.3053532421728002, -0.5316877719431309, -0.08845319534519537, 0.6962239015941355, -1.0411284293983643, 0.6927036367800241, -0.17896499154065496, 0.0, -1.345739472511667, 4.020485827250449, -2.692011672128834, 0.7023599965207165, 0.0, -3.031221041171199, 4.094036314877681, -1.0755188053560343, 0.0, -1.3500008275755455, 0.6292460040271266, 0.0375288364082846, -0.030344635639483374, -0.04777248781421856, 0.008581985644770685], [-0.03722157052425001, 0.3397857344457692, -1.5013261879651565, 127.77137930901105, -2.6812247278911525, -123.6185782985559, -0.3099989848089639, -0.06368909330289278, 0.5146139012613411, -0.758071139211354, 0.4324175391899628, 0.0, -0.06717290557109727, -0.9930763039108395, 2.8895864487755145, -1.6563878944321218, 0.0, 0.26454652755102764, -2.1280695510877043, 2.494985412133625, 0.0, -0.41821045327962586, -0.6938796839780805, -0.2172426336862063, 0.378033666341096, 0.20798683109586724, -0.21968138780084673, 0.033328962702469295], [-0.003201104253077679, -0.09716695287182338, 0.445945479495699, -0.9914739606042838, 126.2117455179192, -0.7500247648684412, -124.81938832804511, -0.030136576881997394, 0.1761233373310687, -0.30177842807192684, 0.34159531719159836, -0.18283883122766356, 0.028834009179298983, -0.11199317549047244, 0.12326742811694652, -0.21074384736011342, 0.09818328835442, 0.03350743373445591, 0.22843720072979, -0.2883793608052374, 0.12245597470184395, -0.1083503163845578, -0.007357479963250247, 0.168026792506922, 0.0, -0.1368557970728408, 0.07123405726290313, -0.01321801666265175], [3.1346715071157942, 93.25658685098058, -495.11853732485434, 1170.9076112444254, -1582.0515656171233, 1413.9678128739367, -600.6788187464273, 0.1023485928320241, 0.4086144545846836, -2.0545722961289155, 2.4176178937736514, -0.5482111551048067, -0.3972445729640441, -3.186943630626302, 13.930265691162282, -11.00912106071647, -0.1510119101314912, 3.017525996719221, -11.094305495649303, 8.775961062859086, 11.15132594994688, -9.205625965624076, 6.079213073261873, -26.475737081023098, 13.644084570575046, 13.504904184941566, -10.67536078881823, 1.7656127994229471]]",(x0)' = -3.573 1 +  601.436 x0 + -1417.525 x1 +  1589.087 x2 + -1178.187 x3 +  499.078 x4 + -94.171 x5 + -1.421 x0^2 +  9.124 x0 x1 + -11.672 x0 x2 +  7.359 x0 x3 + -2.421 x0 x4 +  0.527 x0 x5 + -12.300 x1^2 +  23.687 x1 x2 + -7.821 x1 x3 + -0.210 x1 x4 + -0.445 x1 x5 + -3.717 x2^2 + -15.998 x2 x3 +  12.870 x2 x4 + -1.047 x2 x5 +  16.553 x3^2 + -18.432 x3 x4 +  1.465 x3 x5 +  4.163 x4^2 + -0.261 x5^2 | (x1)' = -0.014 1 +  125.307 x0 + -1.367 x1 + -122.290 x2 + -2.913 x3 +  1.652 x4 + -0.389 x5 +  0.126 x0^2 + -0.784 x0 x1 +  1.133 x0 x2 + -0.970 x0 x3 +  0.448 x0 x4 + -0.081 x0 x5 +  0.946 x1^2 + -1.805 x1 x2 +  0.823 x1 x3 + -0.123 x1 x5 + -0.191 x2^2 +  2.704 x2 x3 + -2.499 x2 x4 +  0.849 x2 x5 + -2.730 x3^2 +  4.172 x3 x4 + -1.270 x3 x5 + -1.493 x4^2 +  0.867 x4 x5 + -0.121 x5^2 | (x2)' =  0.477 x0 +  122.859 x1 +  4.129 x2 + -129.238 x3 +  2.305 x4 + -0.532 x5 + -0.088 x0^2 +  0.696 x0 x1 + -1.041 x0 x2 +  0.693 x0 x3 + -0.179 x0 x4 + -1.346 x1^2 +  4.020 x1 x2 + -2.692 x1 x3 +  0.702 x1 x4 + -3.031 x2^2 +  4.094 x2 x3 + -1.076 x2 x4 + -1.350 x3^2 +  0.629 x3 x4 +  0.038 x3 x5 + -0.030 x4^2 + -0.048 x4 x5 +  0.009 x5^2 | (x3)' = -0.037 1 +  0.340 x0 + -1.501 x1 +  127.771 x2 + -2.681 x3 + -123.619 x4 + -0.310 x5 + -0.064 x0^2 +  0.515 x0 x1 + -0.758 x0 x2 +  0.432 x0 x3 + -0.067 x0 x5 + -0.993 x1^2 +  2.890 x1 x2 + -1.656 x1 x3 +  0.265 x1 x5 + -2.128 x2^2 +  2.495 x2 x3 + -0.418 x2 x5 + -0.694 x3^2 + -0.217 x3 x4 +  0.378 x3 x5 +  0.208 x4^2 + -0.220 x4 x5 +  0.033 x5^2 | (x4)' = -0.003 1 + -0.097 x0 +  0.446 x1 + -0.991 x2 +  126.212 x3 + -0.750 x4 + -124.819 x5 + -0.030 x0^2 +  0.176 x0 x1 + -0.302 x0 x2 +  0.342 x0 x3 + -0.183 x0 x4 +  0.029 x0 x5 + -0.112 x1^2 +  0.123 x1 x2 + -0.211 x1 x3 +  0.098 x1 x4 +  0.034 x1 x5 +  0.228 x2^2 + -0.288 x2 x3 +  0.122 x2 x4 + -0.108 x2 x5 + -0.007 x3^2 +  0.168 x3 x4 + -0.137 x4^2 +  0.071 x4 x5 + -0.013 x5^2 | (x5)' =  3.135 1 +  93.257 x0 + -495.119 x1 +  1170.908 x2 + -1582.052 x3 +  1413.968 x4 + -600.679 x5 +  0.102 x0^2 +  0.409 x0 x1 + -2.055 x0 x2 +  2.418 x0 x3 + -0.548 x0 x4 + -0.397 x0 x5 + -3.187 x1^2 +  13.930 x1 x2 + -11.009 x1 x3 + -0.151 x1 x4 +  3.018 x1 x5 + -11.094 x2^2 +  8.776 x2 x3 +  11.151 x2 x4 + -9.206 x2 x5 +  6.079 x3^2 + -26.476 x3 x4 +  13.644 x3 x5 +  13.505 x4^2 + -10.675 x4 x5 +  1.766 x5^2
20,35.0,1000.0,36.85636440989091,2,6,1,4.0,20.0,5,20.0,smoothed_finite_difference_savgol_order_3,success,,159,168,94.64285714285714,1.4970513824373484,"[""1"", ""x0"", ""x1"", ""x2"", ""x3"", ""x4"", ""x5"", ""x0^2"", ""x0 x1"", ""x0 x2"", ""x0 x3"", ""x0 x4"", ""x0 x5"", ""x1^2"", ""x1 x2"", ""x1 x3"", ""x1 x4"", ""x1 x5"", ""x2^2"", ""x2 x3"", ""x2 x4"", ""x2 x5"", ""x3^2"", ""x3 x4"", ""x3 x5"", ""x4^2"", ""x4 x5"", ""x5^2""]","[[-3.3607620695114107, 607.2185336875791, -1439.8246163703434, 1625.17548433621, -1208.7202129110303, 512.4653482606968, -96.57467461101126, -1.7386125412012154, 11.82361134334896, -15.990709279802342, 10.493013899174512, -3.3279241843813274, 0.5416510133746726, -17.753715454567736, 39.89084390197744, -18.003050637890347, 1.5083643583340915, 0.07135984035387975, -14.12156405051365, -7.814708844638055, 16.068147910004175, -3.6002831406992635, 19.33837735303019, -29.52148199870528, 5.946525038966129, 9.439182456695441, -3.530545560382268, 0.2821273155442618], [-0.001983757785943876, 125.37476773410903, -1.7361772114142595, -121.44127408090118, -3.9215473841230613, 2.268085763408861, -0.5434304563894728, 0.20935442207475455, -1.3334151390654856, 1.920727356714749, -1.581715956758278, 0.6843566796043035, -0.10814342242596854, 1.7186587315997985, -3.520372814404274, 1.6602830103821011, 0.0, -0.24990181891630525, 0.20280194920833416, 3.7551037129329767, -3.9875719775941723, 1.4431942441606707, -4.2624405789369195, 6.811417213342283, -2.1403956168248017, -2.481443068442848, 1.4664789615463127, -0.20698040395290135], [0.0, 0.6488603630992554, 122.0660363562652, 5.6862448644436, -130.8582223612376, 3.1952377736029938, -0.7376576277459815, -0.022209474656637293, 0.180116189892918, -0.19682042679323627, 0.01032046847419909, 0.0439795920459785, 0.0, -0.3361949786700638, 0.7003819125402507, 0.008050451471209702, -0.18548311212367574, 0.0, -0.28192810882101776, -0.41783817242180393, 0.42209853526673524, 0.0, 0.5127518057403352, -0.5826363838972687, 0.00997172463498757, 0.12620189123946976, 0.02245230968413713, -0.013204027927182066], [-0.02902922399402115, 0.4699725573810509, -2.0506501841579903, 128.74228908525544, -3.5800250049753752, -123.18035439175209, -0.40105552746952416, -0.1008434867407846, 0.7846915261348973, -1.1360527595661614, 0.6439668716468373, 0.0, -0.09938561181727185, -1.4818716775753877, 4.270523560363439, -2.441728577641913, 0.0, 0.3883768383053956, -3.1291208166010276, 3.669790066229903, 0.0, -0.6140202097507287, -1.021513544846741, -0.32941730474781694, 0.5619681279881115, 0.31759858490663073, -0.33455716038657735, 0.0516118755555891], [-0.002017239966351041, -0.142706861910809, 0.7125600904983741, -1.6388744577772447, 127.01740737799736, -1.260244752480276, -124.6882590608257, -0.05177706955067519, 0.2958991104882388, -0.5002821680294172, 0.5757754764194589, -0.3268492624210862, 0.06050655139108326, -0.18943021468899168, 0.2110791112521964, -0.38930169906899775, 0.2516316392768406, 0.007177334525159568, 0.39138821519966344, -0.5092765759592547, 0.14614067123168445, -0.12906738395684544, 0.05801008605187429, 0.20511805264666477, 0.0, -0.18373566055234217, 0.09370345701616621, -0.01669654607373898], [2.9713897687685535, 95.54501425869765, -507.9446730575738, 1200.3328617632524, -1617.0089312632206, 1435.6630983253713, -606.326930558202, 0.13767842172326195, 0.08580966714104807, -1.6229624503679003, 2.217114541601808, -0.5466232949499231, -0.3780162164100413, -2.5044499591887717, 12.197277934596098, -10.25628352985391, -0.11239238472827212, 2.9177238329405775, -10.216144181919093, 8.720168358536789, 10.372685561390865, -8.827930924557364, 5.3123979459353965, -24.783313899542172, 12.991625989503417, 12.747224042855477, -10.116938317247582, 1.6647468937891106]]",(x0)' = -3.361 1 +  607.219 x0 + -1439.825 x1 +  1625.175 x2 + -1208.720 x3 +  512.465 x4 + -96.575 x5 + -1.739 x0^2 +  11.824 x0 x1 + -15.991 x0 x2 +  10.493 x0 x3 + -3.328 x0 x4 +  0.542 x0 x5 + -17.754 x1^2 +  39.891 x1 x2 + -18.003 x1 x3 +  1.508 x1 x4 +  0.071 x1 x5 + -14.122 x2^2 + -7.815 x2 x3 +  16.068 x2 x4 + -3.600 x2 x5 +  19.338 x3^2 + -29.521 x3 x4 +  5.947 x3 x5 +  9.439 x4^2 + -3.531 x4 x5 +  0.282 x5^2 | (x1)' = -0.002 1 +  125.375 x0 + -1.736 x1 + -121.441 x2 + -3.922 x3 +  2.268 x4 + -0.543 x5 +  0.209 x0^2 + -1.333 x0 x1 +  1.921 x0 x2 + -1.582 x0 x3 +  0.684 x0 x4 + -0.108 x0 x5 +  1.719 x1^2 + -3.520 x1 x2 +  1.660 x1 x3 + -0.250 x1 x5 +  0.203 x2^2 +  3.755 x2 x3 + -3.988 x2 x4 +  1.443 x2 x5 + -4.262 x3^2 +  6.811 x3 x4 + -2.140 x3 x5 + -2.481 x4^2 +  1.466 x4 x5 + -0.207 x5^2 | (x2)' =  0.649 x0 +  122.066 x1 +  5.686 x2 + -130.858 x3 +  3.195 x4 + -0.738 x5 + -0.022 x0^2 +  0.180 x0 x1 + -0.197 x0 x2 +  0.010 x0 x3 +  0.044 x0 x4 + -0.336 x1^2 +  0.700 x1 x2 +  0.008 x1 x3 + -0.185 x1 x4 + -0.282 x2^2 + -0.418 x2 x3 +  0.422 x2 x4 +  0.513 x3^2 + -0.583 x3 x4 +  0.010 x3 x5 +  0.126 x4^2 +  0.022 x4 x5 + -0.013 x5^2 | (x3)' = -0.029 1 +  0.470 x0 + -2.051 x1 +  128.742 x2 + -3.580 x3 + -123.180 x4 + -0.401 x5 + -0.101 x0^2 +  0.785 x0 x1 + -1.136 x0 x2 +  0.644 x0 x3 + -0.099 x0 x5 + -1.482 x1^2 +  4.271 x1 x2 + -2.442 x1 x3 +  0.388 x1 x5 + -3.129 x2^2 +  3.670 x2 x3 + -0.614 x2 x5 + -1.022 x3^2 + -0.329 x3 x4 +  0.562 x3 x5 +  0.318 x4^2 + -0.335 x4 x5 +  0.052 x5^2 | (x4)' = -0.002 1 + -0.143 x0 +  0.713 x1 + -1.639 x2 +  127.017 x3 + -1.260 x4 + -124.688 x5 + -0.052 x0^2 +  0.296 x0 x1 + -0.500 x0 x2 +  0.576 x0 x3 + -0.327 x0 x4 +  0.061 x0 x5 + -0.189 x1^2 +  0.211 x1 x2 + -0.389 x1 x3 +  0.252 x1 x4 +  0.007 x1 x5 +  0.391 x2^2 + -0.509 x2 x3 +  0.146 x2 x4 + -0.129 x2 x5 +  0.058 x3^2 +  0.205 x3 x4 + -0.184 x4^2 +  0.094 x4 x5 + -0.017 x5^2 | (x5)' =  2.971 1 +  95.545 x0 + -507.945 x1 +  1200.333 x2 + -1617.009 x3 +  1435.663 x4 + -606.327 x5 +  0.138 x0^2 +  0.086 x0 x1 + -1.623 x0 x2 +  2.217 x0 x3 + -0.547 x0 x4 + -0.378 x0 x5 + -2.504 x1^2 +  12.197 x1 x2 + -10.256 x1 x3 + -0.112 x1 x4 +  2.918 x1 x5 + -10.216 x2^2 +  8.720 x2 x3 +  10.373 x2 x4 + -8.828 x2 x5 +  5.312 x3^2 + -24.783 x3 x4 +  12.992 x3 x5 +  12.747 x4^2 + -10.117 x4 x5 +  1.665 x5^2
21,35.0,1000.0,36.85636440989091,2,6,1,4.0,20.0,9,36.0,smoothed_finite_difference_savgol_order_3,success,,157,168,93.45238095238095,1.652912720106542,"[""1"", ""x0"", ""x1"", ""x2"", ""x3"", ""x4"", ""x5"", ""x0^2"", ""x0 x1"", ""x0 x2"", ""x0 x3"", ""x0 x4"", ""x0 x5"", ""x1^2"", ""x1 x2"", ""x1 x3"", ""x1 x4"", ""x1 x5"", ""x2^2"", ""x2 x3"", ""x2 x4"", ""x2 x5"", ""x3^2"", ""x3 x4"", ""x3 x5"", ""x4^2"", ""x4 x5"", ""x5^2""]","[[-1.8164501156393893, 640.3166815421301, -1566.8640667075022, 1827.241053469246, -1373.965822448297, 580.8089882912819, -107.6689993649887, 0.4665526028454532, 0.14409335218433805, -0.6385144435978362, -1.4837531062686944, 0.316171056551299, 0.8109518238013218, -7.7602945546300015, 24.44812933250316, -10.153923541507314, 5.746910117167896, -4.98723245561352, -13.21320808410004, -9.041289013004889, 7.4354943120616745, 4.733772156340026, 25.86211353759563, -33.09387154065275, 1.6475337221962623, 10.98415472685423, -2.2235618970080218, 0.0], [-0.25488003301365025, 134.72686350505094, -43.06121639765224, -44.17995064844055, -80.26148941139932, 42.0687724371681, -9.283842163898615, 0.45444759178313926, -1.091240180615817, 0.0, 0.0, -0.301426203437366, 0.35543012114493966, -2.689418294576487, 14.220857856582464, -9.427665381986442, 3.905213999528152, -1.648953874116019, -12.85911171435452, 8.695047936332537, 1.2872384076730996, 0.4189602865378243, 7.561802202662704, -16.922320896456384, 3.622650453687227, 7.445826109181116, -3.435061976228386, 0.40772541134239737], [-0.13659243314001204, 10.88037404533163, 76.42519531220275, 91.56746411065792, -216.11189561704538, 47.86605683819026, -10.62342873769651, -0.6910011674022444, 4.49504617497058, -5.554466295006537, 2.479954385018632, -0.3481282261543678, 0.16023865162797488, -6.432791925865355, 12.931198506145051, -1.362338765372997, -2.53847629813257, 0.0, -3.9595790111748417, -8.336543824618527, 7.6728305392820015, 0.0, 9.10597982010469, -9.393742751034054, -0.44781073231567825, 1.4045102648761323, 1.2187819539690206, -0.40359102094598653], [-0.031673481314974196, 6.530399015369036, -29.415540728497202, 180.85059197391192, -55.97665302422117, -95.28037019594173, -6.712607573297777, -0.4082840755567854, 0.8128010991584831, -0.11421199982157618, 0.0, 0.0, 0.0, 3.725082202211487, -15.75731555478514, 10.930911547815423, -2.919766080264492, 0.0, 10.751299014496102, 0.06556402566437262, -12.151454369738937, 5.525414498979272, -17.542615960888007, 38.02584518432456, -13.06825694404913, -17.24158451405809, 11.101625316955623, -1.7349337857174025], [0.005112438238016428, -1.249403555724563, 5.477819295590464, -10.416691790734252, 135.52928355886291, -5.484418131719973, -123.8652700230252, -0.5407755208385296, 2.055511697923995, -1.5153375122050066, -0.8413564815654231, 3.1039125041842057, -1.7369221722493813, 0.13846370754801912, -4.451017002210095, 7.793366168187475, -11.999194790750359, 6.377265064523073, 0.9563835317264728, 6.071576943465833, 3.967217789166147, -6.037931080672885, -14.124470461477634, 15.22500888380257, 0.0, -6.014100350356223, 1.7602219970633155, -0.18775795539211868], [1.720519965380345, 95.85694198282334, -527.9806525422463, 1274.396126421954, -1728.184951535838, 1514.826844001444, -628.778905295574, -1.002794017825112, 3.7324329962673852, -6.490491949331278, 11.643250953460411, -9.373904614544841, 2.5726916670058437, 3.4948976565104477, -18.61630868206865, 0.0, 11.633197543685883, -4.122958173740295, 26.442840228534227, -26.47161296641754, -3.1714413199010734, 2.6509700464605714, 4.499215517496732, 7.9870482185729985, -3.0086834106246316, -4.529927717576424, 2.476132713994018, -0.3448448510881794]]",(x0)' = -1.816 1 +  640.317 x0 + -1566.864 x1 +  1827.241 x2 + -1373.966 x3 +  580.809 x4 + -107.669 x5 +  0.467 x0^2 +  0.144 x0 x1 + -0.639 x0 x2 + -1.484 x0 x3 +  0.316 x0 x4 +  0.811 x0 x5 + -7.760 x1^2 +  24.448 x1 x2 + -10.154 x1 x3 +  5.747 x1 x4 + -4.987 x1 x5 + -13.213 x2^2 + -9.041 x2 x3 +  7.435 x2 x4 +  4.734 x2 x5 +  25.862 x3^2 + -33.094 x3 x4 +  1.648 x3 x5 +  10.984 x4^2 + -2.224 x4 x5 | (x1)' = -0.255 1 +  134.727 x0 + -43.061 x1 + -44.180 x2 + -80.261 x3 +  42.069 x4 + -9.284 x5 +  0.454 x0^2 + -1.091 x0 x1 + -0.301 x0 x4 +  0.355 x0 x5 + -2.689 x1^2 +  14.221 x1 x2 + -9.428 x1 x3 +  3.905 x1 x4 + -1.649 x1 x5 + -12.859 x2^2 +  8.695 x2 x3 +  1.287 x2 x4 +  0.419 x2 x5 +  7.562 x3^2 + -16.922 x3 x4 +  3.623 x3 x5 +  7.446 x4^2 + -3.435 x4 x5 +  0.408 x5^2 | (x2)' = -0.137 1 +  10.880 x0 +  76.425 x1 +  91.567 x2 + -216.112 x3 +  47.866 x4 + -10.623 x5 + -0.691 x0^2 +  4.495 x0 x1 + -5.554 x0 x2 +  2.480 x0 x3 + -0.348 x0 x4 +  0.160 x0 x5 + -6.433 x1^2 +  12.931 x1 x2 + -1.362 x1 x3 + -2.538 x1 x4 + -3.960 x2^2 + -8.337 x2 x3 +  7.673 x2 x4 +  9.106 x3^2 + -9.394 x3 x4 + -0.448 x3 x5 +  1.405 x4^2 +  1.219 x4 x5 + -0.404 x5^2 | (x3)' = -0.032 1 +  6.530 x0 + -29.416 x1 +  180.851 x2 + -55.977 x3 + -95.280 x4 + -6.713 x5 + -0.408 x0^2 +  0.813 x0 x1 + -0.114 x0 x2 +  3.725 x1^2 + -15.757 x1 x2 +  10.931 x1 x3 + -2.920 x1 x4 +  10.751 x2^2 +  0.066 x2 x3 + -12.151 x2 x4 +  5.525 x2 x5 + -17.543 x3^2 +  38.026 x3 x4 + -13.068 x3 x5 + -17.242 x4^2 +  11.102 x4 x5 + -1.735 x5^2 | (x4)' =  0.005 1 + -1.249 x0 +  5.478 x1 + -10.417 x2 +  135.529 x3 + -5.484 x4 + -123.865 x5 + -0.541 x0^2 +  2.056 x0 x1 + -1.515 x0 x2 + -0.841 x0 x3 +  3.104 x0 x4 + -1.737 x0 x5 +  0.138 x1^2 + -4.451 x1 x2 +  7.793 x1 x3 + -11.999 x1 x4 +  6.377 x1 x5 +  0.956 x2^2 +  6.072 x2 x3 +  3.967 x2 x4 + -6.038 x2 x5 + -14.124 x3^2 +  15.225 x3 x4 + -6.014 x4^2 +  1.760 x4 x5 + -0.188 x5^2 | (x5)' =  1.721 1 +  95.857 x0 + -527.981 x1 +  1274.396 x2 + -1728.185 x3 +  1514.827 x4 + -628.779 x5 + -1.003 x0^2 +  3.732 x0 x1 + -6.490 x0 x2 +  11.643 x0 x3 + -9.374 x0 x4 +  2.573 x0 x5 +  3.495 x1^2 + -18.616 x1 x2 +  11.633 x1 x4 + -4.123 x1 x5 +  26.443 x2^2 + -26.472 x2 x3 + -3.171 x2 x4 +  2.651 x2 x5 +  4.499 x3^2 +  7.987 x3 x4 + -3.009 x3 x5 + -4.530 x4^2 +  2.476 x4 x5 + -0.345 x5^2
22,35.0,1000.0,36.85636440989091,2,6,2,8.0,40.0,0,0.0,finite_difference,success,,162,168,96.42857142857143,1.384268019348383,"[""1"", ""x0"", ""x1"", ""x2"", ""x3"", ""x4"", ""x5"", ""x0^2"", ""x0 x1"", ""x0 x2"", ""x0 x3"", ""x0 x4"", ""x0 x5"", ""x1^2"", ""x1 x2"", ""x1 x3"", ""x1 x4"", ""x1 x5"", ""x2^2"", ""x2 x3"", ""x2 x4"", ""x2 x5"", ""x3^2"", ""x3 x4"", ""x3 x5"", ""x4^2"", ""x4 x5"", ""x5^2""]","[[-23.91721004889034, 197.13471726658813, -357.13051433318975, 276.55427545889006, -184.23033151541432, 86.06989888950964, -20.422083961518876, -0.250746214585209, 1.5608451293328003, -2.2852061852394114, 2.092803388043849, -1.1981305583154749, 0.38306479434400603, -1.9738972486767623, 5.28885316917059, -4.861379484033788, 2.88890582566014, -1.0238694718350985, -3.4246562605834585, 6.376439003669978, -3.914485506159696, 1.466911268835398, -2.933250259966775, 3.621281062440086, -1.4000190711849534, -1.156516828441243, 0.9154955884335498, -0.1673593478960709], [0.0, 47.443761976574415, 62.74793503765356, -155.9165356122874, 67.53794794715165, -27.907994511685143, 6.461593581085289, 0.048813761256004305, -0.2447387247443714, 0.28764524230450794, -0.20953002962027445, 0.093442242114045, -0.030670642801896655, 0.23496403193033802, -0.4364131874221724, 0.26800665528713163, -0.10351346993948703, 0.056227019369381244, 0.15432802109216606, -0.13944332053241554, 0.038586861316732425, -0.06305906559193321, 0.0, 0.024024879890280414, 0.05365601235000899, 0.0037347639286373353, -0.053766984414643025, 0.01735094031058761], [-2.5053612322550287, -9.679903338083609, 76.14980306707508, 17.59914303679598, -106.24772458620636, 27.685299769314533, -5.706452218248451, -0.016967696378560177, 0.08050922525225011, -0.09251268199511825, 0.06734179483197791, -0.031735802623136154, 0.014320603735412236, -0.05541508006621936, 0.07065127833803803, -0.03513833686872887, 0.020659650634799298, -0.03188314144274548, 0.0, -0.011377162397316412, -0.01620833441131112, 0.05199100962804786, 0.01173842677572842, 0.014706634936913989, -0.05662347202589657, -0.022102893458599674, 0.052319596058495337, -0.0137270082678959], [2.109124460949176, 5.696117816940779, -27.620299144527444, 106.0971702421577, -17.46054830965608, -76.19514274766331, 9.682220598383978, 0.018004798419676424, -0.08094103696203743, 0.08905133453922852, -0.05752480458315187, 0.02386507802150914, -0.011940566446496156, 0.05591679343440293, -0.07398475142083401, 0.022979696626261696, -0.008389267536599949, 0.028272685983588498, 0.007834963189482652, 0.022435955319990722, 0.0, -0.04743505502288909, -0.032151993788839844, 0.017919892973182142, 0.04879379835753817, 0.012639614473561395, -0.049698317177878794, 0.013843420316397523], [-4.136933832403097, -6.463909525873542, 27.862492278003415, -67.38665786825175, 155.77970569722137, -62.73852717165371, -47.42034532174869, -0.025807545187314318, 0.11527801810804274, -0.12274414335297251, 0.059166685714644326, -0.0025674619012809397, 2.9479084117094666e-06, -0.07853677207252599, 0.09649507099638625, 0.026641729280923204, -0.07112947996843376, 0.004341832229633089, 0.0, -0.13612929517825864, 0.13143095170829378, 0.0, 0.1396335508325322, -0.19765564086658888, 0.00604451842830772, 0.04618351994633919, 0.01819686834635614, -0.007939710432803537], [19.448130203072466, 20.387423047315146, -85.82699858120729, 183.51548742043235, -276.025481181967, 357.29938258819607, -197.32716661564635, 0.1489423947020576, -0.8177057514385574, 1.220778562318335, -1.1530295182183827, 0.7766107269781594, -0.32392835024994443, 0.9548332266738798, -2.873687140717526, 2.9257935686543894, -2.207931903880899, 1.0270660447928817, 2.2690377317511152, -4.738246794760276, 3.667869422471123, -1.7113434767316846, 2.4010943042132977, -3.764068601973765, 1.7843800277342448, 1.4949262653675155, -1.331866448644337, 0.24570280019741936]]",(x0)' = -23.917 1 +  197.135 x0 + -357.131 x1 +  276.554 x2 + -184.230 x3 +  86.070 x4 + -20.422 x5 + -0.251 x0^2 +  1.561 x0 x1 + -2.285 x0 x2 +  2.093 x0 x3 + -1.198 x0 x4 +  0.383 x0 x5 + -1.974 x1^2 +  5.289 x1 x2 + -4.861 x1 x3 +  2.889 x1 x4 + -1.024 x1 x5 + -3.425 x2^2 +  6.376 x2 x3 + -3.914 x2 x4 +  1.467 x2 x5 + -2.933 x3^2 +  3.621 x3 x4 + -1.400 x3 x5 + -1.157 x4^2 +  0.915 x4 x5 + -0.167 x5^2 | (x1)' =  47.444 x0 +  62.748 x1 + -155.917 x2 +  67.538 x3 + -27.908 x4 +  6.462 x5 +  0.049 x0^2 + -0.245 x0 x1 +  0.288 x0 x2 + -0.210 x0 x3 +  0.093 x0 x4 + -0.031 x0 x5 +  0.235 x1^2 + -0.436 x1 x2 +  0.268 x1 x3 + -0.104 x1 x4 +  0.056 x1 x5 +  0.154 x2^2 + -0.139 x2 x3 +  0.039 x2 x4 + -0.063 x2 x5 +  0.024 x3 x4 +  0.054 x3 x5 +  0.004 x4^2 + -0.054 x4 x5 +  0.017 x5^2 | (x2)' = -2.505 1 + -9.680 x0 +  76.150 x1 +  17.599 x2 + -106.248 x3 +  27.685 x4 + -5.706 x5 + -0.017 x0^2 +  0.081 x0 x1 + -0.093 x0 x2 +  0.067 x0 x3 + -0.032 x0 x4 +  0.014 x0 x5 + -0.055 x1^2 +  0.071 x1 x2 + -0.035 x1 x3 +  0.021 x1 x4 + -0.032 x1 x5 + -0.011 x2 x3 + -0.016 x2 x4 +  0.052 x2 x5 +  0.012 x3^2 +  0.015 x3 x4 + -0.057 x3 x5 + -0.022 x4^2 +  0.052 x4 x5 + -0.014 x5^2 | (x3)' =  2.109 1 +  5.696 x0 + -27.620 x1 +  106.097 x2 + -17.461 x3 + -76.195 x4 +  9.682 x5 +  0.018 x0^2 + -0.081 x0 x1 +  0.089 x0 x2 + -0.058 x0 x3 +  0.024 x0 x4 + -0.012 x0 x5 +  0.056 x1^2 + -0.074 x1 x2 +  0.023 x1 x3 + -0.008 x1 x4 +  0.028 x1 x5 +  0.008 x2^2 +  0.022 x2 x3 + -0.047 x2 x5 + -0.032 x3^2 +  0.018 x3 x4 +  0.049 x3 x5 +  0.013 x4^2 + -0.050 x4 x5 +  0.014 x5^2 | (x4)' = -4.137 1 + -6.464 x0 +  27.862 x1 + -67.387 x2 +  155.780 x3 + -62.739 x4 + -47.420 x5 + -0.026 x0^2 +  0.115 x0 x1 + -0.123 x0 x2 +  0.059 x0 x3 + -0.003 x0 x4 + -0.079 x1^2 +  0.096 x1 x2 +  0.027 x1 x3 + -0.071 x1 x4 +  0.004 x1 x5 + -0.136 x2 x3 +  0.131 x2 x4 +  0.140 x3^2 + -0.198 x3 x4 +  0.006 x3 x5 +  0.046 x4^2 +  0.018 x4 x5 + -0.008 x5^2 | (x5)' =  19.448 1 +  20.387 x0 + -85.827 x1 +  183.515 x2 + -276.025 x3 +  357.299 x4 + -197.327 x5 +  0.149 x0^2 + -0.818 x0 x1 +  1.221 x0 x2 + -1.153 x0 x3 +  0.777 x0 x4 + -0.324 x0 x5 +  0.955 x1^2 + -2.874 x1 x2 +  2.926 x1 x3 + -2.208 x1 x4 +  1.027 x1 x5 +  2.269 x2^2 + -4.738 x2 x3 +  3.668 x2 x4 + -1.711 x2 x5 +  2.401 x3^2 + -3.764 x3 x4 +  1.784 x3 x5 +  1.495 x4^2 + -1.332 x4 x5 +  0.246 x5^2
23,35.0,1000.0,36.85636440989091,2,6,2,8.0,40.0,5,20.0,smoothed_finite_difference_savgol_order_3,success,,163,168,97.02380952380952,1.378008609637618,"[""1"", ""x0"", ""x1"", ""x2"", ""x3"", ""x4"", ""x5"", ""x0^2"", ""x0 x1"", ""x0 x2"", ""x0 x3"", ""x0 x4"", ""x0 x5"", ""x1^2"", ""x1 x2"", ""x1 x3"", ""x1 x4"", ""x1 x5"", ""x2^2"", ""x2 x3"", ""x2 x4"", ""x2 x5"", ""x3^2"", ""x3 x4"", ""x3 x5"", ""x4^2"", ""x4 x5"", ""x5^2""]","[[-22.422570534207782, 187.45934922756965, -324.7055350297109, 218.181438500793, -115.79297560967589, 33.610872217717045, 0.0, -0.359434530653963, 2.0140360678907214, -2.6952482123929786, 2.2933238470283737, -1.184852067244664, 0.32663447881334484, -2.415453053409424, 5.991802337062292, -5.113139838271492, 2.699636515005225, -0.798188089309436, -3.539183130247206, 5.925990289853664, -3.020151727786295, 0.8549565970856585, -2.3701300013833766, 2.2965277131915083, -0.5841955257171615, -0.5188389338904933, 0.16690448858983006, 0.03267418415297993], [0.0, 47.070779379483376, 63.712089285806044, -157.078560785649, 68.34909865651119, -28.210487831648273, 6.506208716158442, 0.07547262784675567, -0.4272500821825194, 0.6006411956927371, -0.5415665409460745, 0.31395936335566293, -0.10354462641874258, 0.5370864047564603, -1.4467092069426308, 1.3253790229226354, -0.8015342299331868, 0.2874378654179646, 0.9804626979000391, -1.8463018372079776, 1.1580631434557125, -0.4339751952164532, 0.8734102403099057, -1.1147848470947646, 0.43033736611324525, 0.3714355450522594, -0.29415562269117274, 0.05566345095805211], [-2.4114089556519875, -9.531822812835008, 75.80895840207668, 17.918963114168875, -106.35249054960292, 27.613669026172353, -5.64514326214809, -0.015434423551612274, 0.07538046463643537, -0.08833434121865814, 0.06475819557265429, -0.031027580569612776, 0.014185986493721802, -0.053010670060533505, 0.06909855734277887, -0.03434609160710274, 0.02192576459352557, -0.03252722527507801, 0.0, -0.012765470185207396, -0.018159028271496812, 0.05333881286607975, 0.012118378963836862, 0.018902070730315943, -0.05888768815989968, -0.025029791200238675, 0.05414554645123777, -0.013815057322918866], [1.9962171989119968, 5.636980838604882, -27.554736948697983, 106.20955564445823, -17.784968636443462, -75.85415613492644, 9.534995263794153, 0.017946501506246937, -0.08231601732008141, 0.09172605413581245, -0.060034318148007734, 0.025653772475740494, -0.01238194174784188, 0.059732831644437726, -0.08323471607258832, 0.0290531621107179, -0.012230587350601528, 0.029042618671560164, 0.010686046017682752, 0.022882375887986646, 0.0, -0.04695021815883674, -0.034122908285938766, 0.018251353228645448, 0.048254807149842545, 0.013250603322815444, -0.0491003947991662, 0.013416133696788318], [-3.9094012731117087, -6.483852195339265, 28.116868494359835, -68.1324136725528, 156.87620323406708, -63.65615007738461, -47.06671100751472, -0.019355933320882607, 0.0828547108174996, -0.0945317983410393, 0.06789507102513291, -0.043376147888227023, 0.027383327060027208, -0.03926585638080733, 0.03723588509294471, -0.021303891973682956, 0.06417568725205824, -0.08209275802717798, 0.0, 0.024305341008643903, -0.12772321283257945, 0.14805981751912534, -0.017525534656045904, 0.15125006262312207, -0.16689687778681564, -0.10739861267129718, 0.15134498717442113, -0.034163834368667524], [18.612107433526884, 21.046001522489977, -88.65158692254468, 189.51289547805428, -283.68062588047604, 363.28204147301705, -199.5756424354736, 0.16780157861381062, -0.928132145728799, 1.383480781337282, -1.3094126174533276, 0.8720518841139075, -0.3531733516126606, 1.1112096651034966, -3.323351566478388, 3.3581322689743636, -2.4760849589644134, 1.109918062842695, 2.589218213466061, -5.35995728743592, 4.0592095547413685, -1.8325207872257117, 2.7115529258691247, -4.159555632449825, 1.9015698530703473, 1.6140489128215687, -1.391378687850624, 0.25080651158205275]]",(x0)' = -22.423 1 +  187.459 x0 + -324.706 x1 +  218.181 x2 + -115.793 x3 +  33.611 x4 + -0.359 x0^2 +  2.014 x0 x1 + -2.695 x0 x2 +  2.293 x0 x3 + -1.185 x0 x4 +  0.327 x0 x5 + -2.415 x1^2 +  5.992 x1 x2 + -5.113 x1 x3 +  2.700 x1 x4 + -0.798 x1 x5 + -3.539 x2^2 +  5.926 x2 x3 + -3.020 x2 x4 +  0.855 x2 x5 + -2.370 x3^2 +  2.297 x3 x4 + -0.584 x3 x5 + -0.519 x4^2 +  0.167 x4 x5 +  0.033 x5^2 | (x1)' =  47.071 x0 +  63.712 x1 + -157.079 x2 +  68.349 x3 + -28.210 x4 +  6.506 x5 +  0.075 x0^2 + -0.427 x0 x1 +  0.601 x0 x2 + -0.542 x0 x3 +  0.314 x0 x4 + -0.104 x0 x5 +  0.537 x1^2 + -1.447 x1 x2 +  1.325 x1 x3 + -0.802 x1 x4 +  0.287 x1 x5 +  0.980 x2^2 + -1.846 x2 x3 +  1.158 x2 x4 + -0.434 x2 x5 +  0.873 x3^2 + -1.115 x3 x4 +  0.430 x3 x5 +  0.371 x4^2 + -0.294 x4 x5 +  0.056 x5^2 | (x2)' = -2.411 1 + -9.532 x0 +  75.809 x1 +  17.919 x2 + -106.352 x3 +  27.614 x4 + -5.645 x5 + -0.015 x0^2 +  0.075 x0 x1 + -0.088 x0 x2 +  0.065 x0 x3 + -0.031 x0 x4 +  0.014 x0 x5 + -0.053 x1^2 +  0.069 x1 x2 + -0.034 x1 x3 +  0.022 x1 x4 + -0.033 x1 x5 + -0.013 x2 x3 + -0.018 x2 x4 +  0.053 x2 x5 +  0.012 x3^2 +  0.019 x3 x4 + -0.059 x3 x5 + -0.025 x4^2 +  0.054 x4 x5 + -0.014 x5^2 | (x3)' =  1.996 1 +  5.637 x0 + -27.555 x1 +  106.210 x2 + -17.785 x3 + -75.854 x4 +  9.535 x5 +  0.018 x0^2 + -0.082 x0 x1 +  0.092 x0 x2 + -0.060 x0 x3 +  0.026 x0 x4 + -0.012 x0 x5 +  0.060 x1^2 + -0.083 x1 x2 +  0.029 x1 x3 + -0.012 x1 x4 +  0.029 x1 x5 +  0.011 x2^2 +  0.023 x2 x3 + -0.047 x2 x5 + -0.034 x3^2 +  0.018 x3 x4 +  0.048 x3 x5 +  0.013 x4^2 + -0.049 x4 x5 +  0.013 x5^2 | (x4)' = -3.909 1 + -6.484 x0 +  28.117 x1 + -68.132 x2 +  156.876 x3 + -63.656 x4 + -47.067 x5 + -0.019 x0^2 +  0.083 x0 x1 + -0.095 x0 x2 +  0.068 x0 x3 + -0.043 x0 x4 +  0.027 x0 x5 + -0.039 x1^2 +  0.037 x1 x2 + -0.021 x1 x3 +  0.064 x1 x4 + -0.082 x1 x5 +  0.024 x2 x3 + -0.128 x2 x4 +  0.148 x2 x5 + -0.018 x3^2 +  0.151 x3 x4 + -0.167 x3 x5 + -0.107 x4^2 +  0.151 x4 x5 + -0.034 x5^2 | (x5)' =  18.612 1 +  21.046 x0 + -88.652 x1 +  189.513 x2 + -283.681 x3 +  363.282 x4 + -199.576 x5 +  0.168 x0^2 + -0.928 x0 x1 +  1.383 x0 x2 + -1.309 x0 x3 +  0.872 x0 x4 + -0.353 x0 x5 +  1.111 x1^2 + -3.323 x1 x2 +  3.358 x1 x3 + -2.476 x1 x4 +  1.110 x1 x5 +  2.589 x2^2 + -5.360 x2 x3 +  4.059 x2 x4 + -1.833 x2 x5 +  2.712 x3^2 + -4.160 x3 x4 +  1.902 x3 x5 +  1.614 x4^2 + -1.391 x4 x5 +  0.251 x5^2
24,35.0,1000.0,36.85636440989091,2,6,2,8.0,40.0,9,36.0,smoothed_finite_difference_savgol_order_3,success,,159,168,94.64285714285714,1.3210801910609007,"[""1"", ""x0"", ""x1"", ""x2"", ""x3"", ""x4"", ""x5"", ""x0^2"", ""x0 x1"", ""x0 x2"", ""x0 x3"", ""x0 x4"", ""x0 x5"", ""x1^2"", ""x1 x2"", ""x1 x3"", ""x1 x4"", ""x1 x5"", ""x2^2"", ""x2 x3"", ""x2 x4"", ""x2 x5"", ""x3^2"", ""x3 x4"", ""x3 x5"", ""x4^2"", ""x4 x5"", ""x5^2""]","[[-13.50795960576691, 216.72535578304968, -410.1957917925168, 344.0586180250549, -235.0786989344054, 107.94743573436102, -24.704945702711854, -0.33116421295619175, 2.2724024690116273, -3.6710633045404277, 3.5711335213229245, -2.133072743473626, 0.6630597239135245, -3.4446273486333117, 10.566951814541039, -10.229871593623061, 6.226790495772098, -2.0343924296964246, -7.929292504549828, 15.324059081932434, -9.452302698933385, 3.178831550207417, -7.369576746175629, 9.187874722820544, -3.157079776301365, -2.935538418074378, 2.0406830718876083, -0.34080800082706386], [0.0, 44.30357976363532, 70.73044424537174, -164.94445049831623, 72.98231123700856, -29.18565542971518, 6.31712485022222, 0.004672669257209008, -0.020342430300574855, 0.0, 0.03523514954432314, -0.03915559165986291, 0.012631117380575737, -0.022094907501530613, 0.19396065733619156, -0.26999026662818965, 0.1885686435911994, -0.043029675319745574, -0.23347767453150697, 0.5380052722229554, -0.33020875950932915, 0.061867246356343206, -0.2906588806194878, 0.32170960142070715, -0.045824007524216157, -0.06744572528000214, 0.0, 0.0055427950612591355], [-2.091167863353678, -8.407408682256404, 73.03024699201085, 20.783950235207623, -107.54579168455562, 27.237348793854757, -5.206805812169814, -0.007565349777050487, 0.05518322191439246, -0.07965401886709988, 0.05519953395314642, -0.02166154757219815, 0.00871409539453597, -0.05891660065961055, 0.1053873436066919, -0.02014147357227167, -0.011562820847408508, -0.013157276280710327, 0.0, -0.14155012928248353, 0.11110738837670223, 0.0, 0.14503077944006657, -0.19543907109944716, 0.022229200783764894, 0.06209740100921386, -0.016082766649630865, 0.0011161764276229184], [0.7051735157055381, 4.996056019351738, -26.408857087350423, 106.08494856376151, -19.370210974706428, -73.80046007678747, 8.607632484788187, 0.017857855840145254, -0.09787436780449085, 0.114820805496664, -0.06722952655885461, 0.014662416061890775, -0.0020529897003022913, 0.10429852775593978, -0.19607746891660416, 0.0841524364133112, -0.00280764124123581, 0.006178155451808438, 0.07385698641725945, -0.04097621778381572, 0.0, -0.024990555710186872, 0.0, -0.029667128831132948, 0.051242611782281136, 0.040299001126638125, -0.06016148221247296, 0.01419429905961959], [0.0, -6.5039483967175595, 29.82544402144348, -74.01258733536982, 165.95688650220063, -71.3320094104281, -44.14073034810669, -0.052438029400757265, 0.2944937420471583, -0.382583735628835, 0.2702175221163478, -0.09139401593391014, 0.011970650025699324, -0.3726974434952655, 0.9141102910742742, -0.6158191611260647, 0.18754929318341265, -0.023356242256299165, -0.546552605467634, 0.7071227631055103, -0.19321826971080772, 0.02064411607107409, -0.20159873324433566, 0.07731684609496646, 0.0, 0.0005626477233200799, -0.010518376493107804, 0.006423124766094436], [12.621915830677409, 24.85121386584711, -108.38771476521114, 235.67991094527451, -344.9185558270045, 411.136397246357, -217.11284016881902, 0.31962451507908773, -1.9443723912423567, 2.996024658301143, -2.8877496068725845, 1.8071406921815967, -0.6107798748029549, 2.7505004778494913, -8.382660210027385, 8.284665254555382, -5.432535456856766, 1.9370304785268555, 6.45223249839671, -12.940349089332294, 8.66606859221457, -3.130080623969215, 6.5001248466208965, -8.778476235723033, 3.158416262139143, 2.9559941916140615, -2.0330495750606907, 0.3092668414995083]]",(x0)' = -13.508 1 +  216.725 x0 + -410.196 x1 +  344.059 x2 + -235.079 x3 +  107.947 x4 + -24.705 x5 + -0.331 x0^2 +  2.272 x0 x1 + -3.671 x0 x2 +  3.571 x0 x3 + -2.133 x0 x4 +  0.663 x0 x5 + -3.445 x1^2 +  10.567 x1 x2 + -10.230 x1 x3 +  6.227 x1 x4 + -2.034 x1 x5 + -7.929 x2^2 +  15.324 x2 x3 + -9.452 x2 x4 +  3.179 x2 x5 + -7.370 x3^2 +  9.188 x3 x4 + -3.157 x3 x5 + -2.936 x4^2 +  2.041 x4 x5 + -0.341 x5^2 | (x1)' =  44.304 x0 +  70.730 x1 + -164.944 x2 +  72.982 x3 + -29.186 x4 +  6.317 x5 +  0.005 x0^2 + -0.020 x0 x1 +  0.035 x0 x3 + -0.039 x0 x4 +  0.013 x0 x5 + -0.022 x1^2 +  0.194 x1 x2 + -0.270 x1 x3 +  0.189 x1 x4 + -0.043 x1 x5 + -0.233 x2^2 +  0.538 x2 x3 + -0.330 x2 x4 +  0.062 x2 x5 + -0.291 x3^2 +  0.322 x3 x4 + -0.046 x3 x5 + -0.067 x4^2 +  0.006 x5^2 | (x2)' = -2.091 1 + -8.407 x0 +  73.030 x1 +  20.784 x2 + -107.546 x3 +  27.237 x4 + -5.207 x5 + -0.008 x0^2 +  0.055 x0 x1 + -0.080 x0 x2 +  0.055 x0 x3 + -0.022 x0 x4 +  0.009 x0 x5 + -0.059 x1^2 +  0.105 x1 x2 + -0.020 x1 x3 + -0.012 x1 x4 + -0.013 x1 x5 + -0.142 x2 x3 +  0.111 x2 x4 +  0.145 x3^2 + -0.195 x3 x4 +  0.022 x3 x5 +  0.062 x4^2 + -0.016 x4 x5 +  0.001 x5^2 | (x3)' =  0.705 1 +  4.996 x0 + -26.409 x1 +  106.085 x2 + -19.370 x3 + -73.800 x4 +  8.608 x5 +  0.018 x0^2 + -0.098 x0 x1 +  0.115 x0 x2 + -0.067 x0 x3 +  0.015 x0 x4 + -0.002 x0 x5 +  0.104 x1^2 + -0.196 x1 x2 +  0.084 x1 x3 + -0.003 x1 x4 +  0.006 x1 x5 +  0.074 x2^2 + -0.041 x2 x3 + -0.025 x2 x5 + -0.030 x3 x4 +  0.051 x3 x5 +  0.040 x4^2 + -0.060 x4 x5 +  0.014 x5^2 | (x4)' = -6.504 x0 +  29.825 x1 + -74.013 x2 +  165.957 x3 + -71.332 x4 + -44.141 x5 + -0.052 x0^2 +  0.294 x0 x1 + -0.383 x0 x2 +  0.270 x0 x3 + -0.091 x0 x4 +  0.012 x0 x5 + -0.373 x1^2 +  0.914 x1 x2 + -0.616 x1 x3 +  0.188 x1 x4 + -0.023 x1 x5 + -0.547 x2^2 +  0.707 x2 x3 + -0.193 x2 x4 +  0.021 x2 x5 + -0.202 x3^2 +  0.077 x3 x4 +  0.001 x4^2 + -0.011 x4 x5 +  0.006 x5^2 | (x5)' =  12.622 1 +  24.851 x0 + -108.388 x1 +  235.680 x2 + -344.919 x3 +  411.136 x4 + -217.113 x5 +  0.320 x0^2 + -1.944 x0 x1 +  2.996 x0 x2 + -2.888 x0 x3 +  1.807 x0 x4 + -0.611 x0 x5 +  2.751 x1^2 + -8.383 x1 x2 +  8.285 x1 x3 + -5.433 x1 x4 +  1.937 x1 x5 +  6.452 x2^2 + -12.940 x2 x3 +  8.666 x2 x4 + -3.130 x2 x5 +  6.500 x3^2 + -8.778 x3 x4 +  3.158 x3 x5 +  2.956 x4^2 + -2.033 x4 x5 +  0.309 x5^2
25,35.0,1000.0,36.85636440989091,2,6,5,20.0,100.0,0,0.0,finite_difference,success,,161,168,95.83333333333333,1.3256585635244846,"[""1"", ""x0"", ""x1"", ""x2"", ""x3"", ""x4"", ""x5"", ""x0^2"", ""x0 x1"", ""x0 x2"", ""x0 x3"", ""x0 x4"", ""x0 x5"", ""x1^2"", ""x1 x2"", ""x1 x3"", ""x1 x4"", ""x1 x5"", ""x2^2"", ""x2 x3"", ""x2 x4"", ""x2 x5"", ""x3^2"", ""x3 x4"", ""x3 x5"", ""x4^2"", ""x4 x5"", ""x5^2""]","[[-39.7338623852362, 20.402258630246138, -47.829534168477885, 16.267370982495326, 0.6409656802562038, 5.672056756627691, -1.6007113964093596, 0.011520270190604169, 0.13595317322610614, -0.038105727699056305, -0.032577568024768834, -0.04738032192923077, 0.017856844168767712, -0.03506876589926396, -0.08150292110633087, -0.006328874812552194, 0.015919572341335182, 0.015025214554952674, 0.057359953527689245, 0.013776887807557611, 0.019805231003820412, -0.04390985019702196, -0.010232638772231833, 0.007570635824262603, 0.028828850329111894, 0.0008248925602808343, -0.014306667370230263, -0.004396941230336301], [-11.119917462864334, 35.728125688295236, 1.9691022651399819, -43.155122602115235, 11.15281333792484, -5.2589479759033075, 1.5784661001470912, 0.08259903082383786, -0.18882846093535424, -0.018257186080979496, 0.01944212931734502, 0.023992635968118167, 0.0027622924304629526, -0.005130798301137582, 0.21780642730376198, -0.018249762369090306, 0.0019004035013246003, -0.03361259509599663, -0.08407193206514578, -0.05631042317519653, 0.0018045770049081133, 0.03230705506504662, 0.042055209029798944, -0.0034839292403794427, -0.013808623544404522, -0.014613493817039953, 0.009128872692105662, 0.0], [2.193724034343979, -10.866213436216336, 41.46622821703046, 0.5948999100064968, -41.30564964257214, 12.767252076366328, -3.442623733847701, -0.062040135235508644, 0.06079435870850887, 0.0899669054654169, -0.03743120816919382, -0.005341973623490093, 0.0, 0.09479288602394695, -0.26263833344594917, -0.0027188144856020433, 0.015172086345668826, 0.0258795254145018, 0.021228020084124118, 0.1898485343540144, -0.03416574893068515, -0.02660579853803311, -0.06986037380746522, -0.04809054356696564, 0.02302636392132769, 0.044765772919091035, -0.007717029110339667, -0.007611809457615184], [-2.7621869598651854, 3.5697212363759396, -13.18605147845162, 41.58499601262801, -0.4689798498230086, -41.33669888025611, 10.570155535775292, 0.02137428215463888, 0.018473385171113077, -0.07180834484551413, 0.02419226026986029, 0.0, -0.0016109325477019752, -0.08254717549045514, 0.10796257623409954, 0.07531090322248103, -0.04255368769384009, -0.009047381986258232, 0.08204819410293902, -0.24649777818142754, 0.011085476145060624, 0.03526304793931805, 0.01019416290291424, 0.18911478485151098, -0.04826945130062413, -0.07199467620452814, -0.03288076258448614, 0.03146523212773236], [0.0, -1.5498439289824602, 5.4595160599589265, -11.795773376938012, 43.41703167067018, -1.9294812693248167, -35.511746113799916, -0.0019032090077412231, -0.03385673099018534, 0.035761157788456545, -0.020385808678736524, 0.012672478420340073, 0.003891325528820856, 0.038643688126638265, -0.002560709088956283, -0.05972765322679666, 0.024885719646362676, -0.002739497029970239, -0.07516740539195602, 0.10587293415692704, 0.053729800475144245, -0.0406465377803962, 0.09582005708493556, -0.23745234282392327, 0.0, 0.0, 0.16819390324767666, -0.06234043638160042], [19.784604438530675, 1.4889585011461755, -5.594991616121034, -0.14352810388862003, -17.13358835461508, 48.5073101502944, -20.73249776637318, -0.006426746800465327, 0.034128130672067145, -0.02019920366849481, 0.036520939210218914, -0.0220532511040428, -0.004253427360950222, 0.0, -0.03432563096582591, 0.026809715099338875, -0.028050813693425204, 0.011968055645668208, 0.027850470411438944, 0.009354442309876695, -0.060738140227222744, 0.041055976321135834, -0.11603621401630777, 0.11774308305467394, 0.07711632140924733, 0.10100455775633654, -0.20657303051687587, 0.006526398432317836]]",(x0)' = -39.734 1 +  20.402 x0 + -47.830 x1 +  16.267 x2 +  0.641 x3 +  5.672 x4 + -1.601 x5 +  0.012 x0^2 +  0.136 x0 x1 + -0.038 x0 x2 + -0.033 x0 x3 + -0.047 x0 x4 +  0.018 x0 x5 + -0.035 x1^2 + -0.082 x1 x2 + -0.006 x1 x3 +  0.016 x1 x4 +  0.015 x1 x5 +  0.057 x2^2 +  0.014 x2 x3 +  0.020 x2 x4 + -0.044 x2 x5 + -0.010 x3^2 +  0.008 x3 x4 +  0.029 x3 x5 +  0.001 x4^2 + -0.014 x4 x5 + -0.004 x5^2 | (x1)' = -11.120 1 +  35.728 x0 +  1.969 x1 + -43.155 x2 +  11.153 x3 + -5.259 x4 +  1.578 x5 +  0.083 x0^2 + -0.189 x0 x1 + -0.018 x0 x2 +  0.019 x0 x3 +  0.024 x0 x4 +  0.003 x0 x5 + -0.005 x1^2 +  0.218 x1 x2 + -0.018 x1 x3 +  0.002 x1 x4 + -0.034 x1 x5 + -0.084 x2^2 + -0.056 x2 x3 +  0.002 x2 x4 +  0.032 x2 x5 +  0.042 x3^2 + -0.003 x3 x4 + -0.014 x3 x5 + -0.015 x4^2 +  0.009 x4 x5 | (x2)' =  2.194 1 + -10.866 x0 +  41.466 x1 +  0.595 x2 + -41.306 x3 +  12.767 x4 + -3.443 x5 + -0.062 x0^2 +  0.061 x0 x1 +  0.090 x0 x2 + -0.037 x0 x3 + -0.005 x0 x4 +  0.095 x1^2 + -0.263 x1 x2 + -0.003 x1 x3 +  0.015 x1 x4 +  0.026 x1 x5 +  0.021 x2^2 +  0.190 x2 x3 + -0.034 x2 x4 + -0.027 x2 x5 + -0.070 x3^2 + -0.048 x3 x4 +  0.023 x3 x5 +  0.045 x4^2 + -0.008 x4 x5 + -0.008 x5^2 | (x3)' = -2.762 1 +  3.570 x0 + -13.186 x1 +  41.585 x2 + -0.469 x3 + -41.337 x4 +  10.570 x5 +  0.021 x0^2 +  0.018 x0 x1 + -0.072 x0 x2 +  0.024 x0 x3 + -0.002 x0 x5 + -0.083 x1^2 +  0.108 x1 x2 +  0.075 x1 x3 + -0.043 x1 x4 + -0.009 x1 x5 +  0.082 x2^2 + -0.246 x2 x3 +  0.011 x2 x4 +  0.035 x2 x5 +  0.010 x3^2 +  0.189 x3 x4 + -0.048 x3 x5 + -0.072 x4^2 + -0.033 x4 x5 +  0.031 x5^2 | (x4)' = -1.550 x0 +  5.460 x1 + -11.796 x2 +  43.417 x3 + -1.929 x4 + -35.512 x5 + -0.002 x0^2 + -0.034 x0 x1 +  0.036 x0 x2 + -0.020 x0 x3 +  0.013 x0 x4 +  0.004 x0 x5 +  0.039 x1^2 + -0.003 x1 x2 + -0.060 x1 x3 +  0.025 x1 x4 + -0.003 x1 x5 + -0.075 x2^2 +  0.106 x2 x3 +  0.054 x2 x4 + -0.041 x2 x5 +  0.096 x3^2 + -0.237 x3 x4 +  0.168 x4 x5 + -0.062 x5^2 | (x5)' =  19.785 1 +  1.489 x0 + -5.595 x1 + -0.144 x2 + -17.134 x3 +  48.507 x4 + -20.732 x5 + -0.006 x0^2 +  0.034 x0 x1 + -0.020 x0 x2 +  0.037 x0 x3 + -0.022 x0 x4 + -0.004 x0 x5 + -0.034 x1 x2 +  0.027 x1 x3 + -0.028 x1 x4 +  0.012 x1 x5 +  0.028 x2^2 +  0.009 x2 x3 + -0.061 x2 x4 +  0.041 x2 x5 + -0.116 x3^2 +  0.118 x3 x4 +  0.077 x3 x5 +  0.101 x4^2 + -0.207 x4 x5 +  0.007 x5^2
26,35.0,1000.0,36.85636440989091,2,6,5,20.0,100.0,5,20.0,smoothed_finite_difference_savgol_order_3,success,,159,168,94.64285714285714,1.3514801310375333,"[""1"", ""x0"", ""x1"", ""x2"", ""x3"", ""x4"", ""x5"", ""x0^2"", ""x0 x1"", ""x0 x2"", ""x0 x3"", ""x0 x4"", ""x0 x5"", ""x1^2"", ""x1 x2"", ""x1 x3"", ""x1 x4"", ""x1 x5"", ""x2^2"", ""x2 x3"", ""x2 x4"", ""x2 x5"", ""x3^2"", ""x3 x4"", ""x3 x5"", ""x4^2"", ""x4 x5"", ""x5^2""]","[[-57.558343196905746, 20.597130494693197, -48.04727049810871, 16.613043735362353, 0.3310121104589612, 5.718391302736958, -1.6277560817874237, 0.013886031716584311, 0.11083786493862637, -0.025714270293334174, -0.036934296479194856, -0.04524751931573951, 0.0217633070162516, 0.0, -0.11546411315496292, 0.0062633318343445375, 0.013168639898212521, 0.005779657877923344, 0.06402375481491732, 0.010645873443562862, 0.020950937306812262, -0.03940821190284344, -0.01107587155327639, 0.007946719366745762, 0.027037803327957785, 0.0007993399881116746, -0.01381265018035398, -0.004116975946479942], [-10.104698451138892, 35.76920681245558, 2.0783047768764296, -43.465133463805266, 11.483067381748336, -5.491881229829189, 1.6548759240903719, 0.08106900684024874, -0.18604597162584696, -0.018239346856968725, 0.01932797698792496, 0.023625750398235654, 0.0028100108414989473, -0.005973709087070551, 0.21730003317492816, -0.01852477954228205, 0.0020437251890392917, -0.033485052279164915, -0.08338718425255699, -0.057753615750268765, 0.0021868133169345924, 0.0326206097289814, 0.04271215898412201, -0.0025572179823782114, -0.014532676257171051, -0.015398404146535632, 0.00956539929311994, 0.0], [2.4857871419378563, -11.043233655088262, 41.66094549715762, 0.6307359972139337, -41.54131597684998, 13.08608935723444, -3.6130603421924965, -0.061715178038236125, 0.061331733107728714, 0.08811790196916996, -0.036160527915067166, -0.005385561486960141, 0.0, 0.09316725188230537, -0.2591618765007163, -0.0034416929855539888, 0.014794971593411576, 0.02558069591142623, 0.0207181340905805, 0.1888403243430279, -0.03384663563159116, -0.026430551759908247, -0.0688469553132748, -0.049958116192097016, 0.023693954104212493, 0.04536640776251238, -0.007195579534310674, -0.008167240914064657], [2.2910465516160143, 3.7350815134103814, -13.461648704014396, 41.82816872498022, -0.5733457734706466, -41.52787458521413, 10.768502416800398, 0.02153072798955668, 0.018259659706022398, -0.07300105607377887, 0.02547236567281138, 0.0, -0.001373855111185083, -0.08254969147858869, 0.1104827561993921, 0.07006284373258717, -0.039593732415375726, -0.009550268778256675, 0.07803898518936797, -0.23301080131766672, 0.005689317468943501, 0.03602966883418717, 0.0, 0.19694014844341987, -0.04984968199691646, -0.07275772965971104, -0.03380683486373648, 0.03193659776805526], [0.0, -1.6317793506841862, 5.690311760835944, -12.095523776194582, 43.70543511287607, -2.0317488809825965, -35.564427659710454, -0.0020912203552643444, -0.03394251419926251, 0.03632298776947266, -0.020359631393962418, 0.012546040132491177, 0.0036634008652395664, 0.03942402190152631, -0.0037322491562582385, -0.059838486575549237, 0.024498574602801464, -0.0026815471079611225, -0.07493431280443, 0.10647955433248407, 0.05286178947676714, -0.0399359525408704, 0.09417342071114361, -0.23490639167378294, 0.0, 0.0, 0.16685298381023891, -0.0616677129488442], [19.86894509703708, 1.5122114690304624, -5.682487634767982, 0.14616775287597908, -17.55654731158647, 49.00214885846142, -21.05890260975601, -0.006391806851968912, 0.033830207016317726, -0.020370238865656122, 0.03645146176426415, -0.02161094387443721, -0.004138646624331569, 0.0, -0.03468764121086856, 0.027789955640832517, -0.028216413581169407, 0.011610373002527513, 0.02900702718460113, 0.008310574640636656, -0.061055950492507644, 0.04052218780286894, -0.11652657468466449, 0.11941508245416646, 0.07650638047533699, 0.09958990047233061, -0.20550833691355808, 0.006923093803903164]]",(x0)' = -57.558 1 +  20.597 x0 + -48.047 x1 +  16.613 x2 +  0.331 x3 +  5.718 x4 + -1.628 x5 +  0.014 x0^2 +  0.111 x0 x1 + -0.026 x0 x2 + -0.037 x0 x3 + -0.045 x0 x4 +  0.022 x0 x5 + -0.115 x1 x2 +  0.006 x1 x3 +  0.013 x1 x4 +  0.006 x1 x5 +  0.064 x2^2 +  0.011 x2 x3 +  0.021 x2 x4 + -0.039 x2 x5 + -0.011 x3^2 +  0.008 x3 x4 +  0.027 x3 x5 +  0.001 x4^2 + -0.014 x4 x5 + -0.004 x5^2 | (x1)' = -10.105 1 +  35.769 x0 +  2.078 x1 + -43.465 x2 +  11.483 x3 + -5.492 x4 +  1.655 x5 +  0.081 x0^2 + -0.186 x0 x1 + -0.018 x0 x2 +  0.019 x0 x3 +  0.024 x0 x4 +  0.003 x0 x5 + -0.006 x1^2 +  0.217 x1 x2 + -0.019 x1 x3 +  0.002 x1 x4 + -0.033 x1 x5 + -0.083 x2^2 + -0.058 x2 x3 +  0.002 x2 x4 +  0.033 x2 x5 +  0.043 x3^2 + -0.003 x3 x4 + -0.015 x3 x5 + -0.015 x4^2 +  0.010 x4 x5 | (x2)' =  2.486 1 + -11.043 x0 +  41.661 x1 +  0.631 x2 + -41.541 x3 +  13.086 x4 + -3.613 x5 + -0.062 x0^2 +  0.061 x0 x1 +  0.088 x0 x2 + -0.036 x0 x3 + -0.005 x0 x4 +  0.093 x1^2 + -0.259 x1 x2 + -0.003 x1 x3 +  0.015 x1 x4 +  0.026 x1 x5 +  0.021 x2^2 +  0.189 x2 x3 + -0.034 x2 x4 + -0.026 x2 x5 + -0.069 x3^2 + -0.050 x3 x4 +  0.024 x3 x5 +  0.045 x4^2 + -0.007 x4 x5 + -0.008 x5^2 | (x3)' =  2.291 1 +  3.735 x0 + -13.462 x1 +  41.828 x2 + -0.573 x3 + -41.528 x4 +  10.769 x5 +  0.022 x0^2 +  0.018 x0 x1 + -0.073 x0 x2 +  0.025 x0 x3 + -0.001 x0 x5 + -0.083 x1^2 +  0.110 x1 x2 +  0.070 x1 x3 + -0.040 x1 x4 + -0.010 x1 x5 +  0.078 x2^2 + -0.233 x2 x3 +  0.006 x2 x4 +  0.036 x2 x5 +  0.197 x3 x4 + -0.050 x3 x5 + -0.073 x4^2 + -0.034 x4 x5 +  0.032 x5^2 | (x4)' = -1.632 x0 +  5.690 x1 + -12.096 x2 +  43.705 x3 + -2.032 x4 + -35.564 x5 + -0.002 x0^2 + -0.034 x0 x1 +  0.036 x0 x2 + -0.020 x0 x3 +  0.013 x0 x4 +  0.004 x0 x5 +  0.039 x1^2 + -0.004 x1 x2 + -0.060 x1 x3 +  0.024 x1 x4 + -0.003 x1 x5 + -0.075 x2^2 +  0.106 x2 x3 +  0.053 x2 x4 + -0.040 x2 x5 +  0.094 x3^2 + -0.235 x3 x4 +  0.167 x4 x5 + -0.062 x5^2 | (x5)' =  19.869 1 +  1.512 x0 + -5.682 x1 +  0.146 x2 + -17.557 x3 +  49.002 x4 + -21.059 x5 + -0.006 x0^2 +  0.034 x0 x1 + -0.020 x0 x2 +  0.036 x0 x3 + -0.022 x0 x4 + -0.004 x0 x5 + -0.035 x1 x2 +  0.028 x1 x3 + -0.028 x1 x4 +  0.012 x1 x5 +  0.029 x2^2 +  0.008 x2 x3 + -0.061 x2 x4 +  0.041 x2 x5 + -0.117 x3^2 +  0.119 x3 x4 +  0.077 x3 x5 +  0.100 x4^2 + -0.206 x4 x5 +  0.007 x5^2
27,35.0,1000.0,36.85636440989091,2,6,5,20.0,100.0,9,36.0,smoothed_finite_difference_savgol_order_3,success,,163,168,97.02380952380952,1.3183915885165334,"[""1"", ""x0"", ""x1"", ""x2"", ""x3"", ""x4"", ""x5"", ""x0^2"", ""x0 x1"", ""x0 x2"", ""x0 x3"", ""x0 x4"", ""x0 x5"", ""x1^2"", ""x1 x2"", ""x1 x3"", ""x1 x4"", ""x1 x5"", ""x2^2"", ""x2 x3"", ""x2 x4"", ""x2 x5"", ""x3^2"", ""x3 x4"", ""x3 x5"", ""x4^2"", ""x4 x5"", ""x5^2""]","[[-38.46189719962799, 24.385815760326526, -53.75887545611606, 21.563905531166615, -3.138081984256951, 6.955297963850007, -2.069656734826236, 0.001519944685917826, 0.14340627240887116, -0.04045876523055821, -0.025013114638445726, -0.04306629700188355, 0.014808046699602935, -0.029063381816727997, -0.10762619852787049, 0.0018391817942502765, 0.012697436318580646, 0.01970235128038127, 0.07111403558638967, 0.02104063277414272, 0.0205743589742259, -0.05305951267389337, -0.022035260962213594, 0.0034089899364922074, 0.034766733042668856, 0.007128995613372732, -0.019224172131508493, -0.0026464532039657293], [0.0, 35.618032796004165, 3.4477798050734654, -46.37604543380197, 14.67295735975753, -7.836526812257402, 2.593566170778652, 0.06533818611681283, -0.15583827148163776, -0.01453627917944721, 0.015005263199109515, 0.02070393937259932, 0.002300053082478132, -0.013025020200898204, 0.20242341719540605, -0.01904200453006312, 0.005940818173385241, -0.03313430222069622, -0.07477547105812105, -0.06490823414872113, 0.0, 0.03577956881922339, 0.04331273891480151, 0.012062855819471955, -0.02063563309376864, -0.023348589942845714, 0.008844542524730848, 0.004040599338698517], [3.3198010116839676, -12.40571598536046, 43.063685072075096, 1.0636461752780586, -43.51724182378407, 15.879424939856664, -5.198706748257698, -0.055886509993454125, 0.06305536699747137, 0.06670783121243053, -0.023031686773598157, -0.005421834058945068, 0.0, 0.07609193443681671, -0.218267043753157, -0.00763730480316158, 0.007940259824992364, 0.022998031790987958, 0.01648358714524786, 0.1667315310368241, -0.024441143077557664, -0.025106170486252466, -0.054330001019877706, -0.06588135836632796, 0.027342792863000225, 0.04739787662956695, 9.304080064269757e-05, -0.013040059115788835], [-0.6538031218635616, 5.27759525639635, -16.070563064964798, 43.617364403770615, -0.9485112375649388, -43.0625375529531, 12.268635299852674, 0.023536354912572763, 0.010325107742645178, -0.06556626453719591, 0.017755264209804503, 0.0, 0.0015164913506176823, -0.07799290819538097, 0.11325761631221272, 0.05679637491330101, -0.024942603437692754, -0.011412374816414913, 0.05780047608376498, -0.19639010770301418, 0.00089830400543713, 0.030062672356180327, 0.0010855864674018968, 0.1712443254372217, -0.03870103220688278, -0.05776112101897013, -0.04661771719291622, 0.03375757487002596], [0.0, -2.5845864558523917, 7.9874393466767195, -15.042552751779846, 46.439307714868015, -3.3320252342529373, -35.51080171553916, -0.004215088752152432, -0.03242285503252665, 0.040895096388572104, -0.020617278560612032, 0.011715330294858165, 0.0012314564354975112, 0.04424534701071048, -0.01607781202057875, -0.0554755920168897, 0.01798632722303429, -0.0004555261867232, -0.06849794466828105, 0.10241396668261211, 0.04882157514588681, -0.03518633469716687, 0.0796427710535311, -0.21088711907062063, 0.00500514482305911, 0.0046982948085039465, 0.14134939600482274, -0.051453689492030386], [24.43155021562357, 2.0181371924310234, -6.967536834733101, 3.5192538857931215, -22.061693426968734, 54.16256298862732, -24.666657022983898, -0.007223826645680962, 0.03928397540386547, -0.027708679846679244, 0.039044009524637206, -0.018540350842124912, -0.003835150305092579, -0.01192881551951498, -0.02459911119404039, 0.030931189279513382, -0.028264846730532103, 0.011358327272952317, 0.037007217883294745, -0.00102288773879336, -0.060199754178359786, 0.03087994777678082, -0.11762178722635795, 0.1273489295203824, 0.07114562759237508, 0.0870579400038636, -0.19120529253401283, 0.009854311750899247]]",(x0)' = -38.462 1 +  24.386 x0 + -53.759 x1 +  21.564 x2 + -3.138 x3 +  6.955 x4 + -2.070 x5 +  0.002 x0^2 +  0.143 x0 x1 + -0.040 x0 x2 + -0.025 x0 x3 + -0.043 x0 x4 +  0.015 x0 x5 + -0.029 x1^2 + -0.108 x1 x2 +  0.002 x1 x3 +  0.013 x1 x4 +  0.020 x1 x5 +  0.071 x2^2 +  0.021 x2 x3 +  0.021 x2 x4 + -0.053 x2 x5 + -0.022 x3^2 +  0.003 x3 x4 +  0.035 x3 x5 +  0.007 x4^2 + -0.019 x4 x5 + -0.003 x5^2 | (x1)' =  35.618 x0 +  3.448 x1 + -46.376 x2 +  14.673 x3 + -7.837 x4 +  2.594 x5 +  0.065 x0^2 + -0.156 x0 x1 + -0.015 x0 x2 +  0.015 x0 x3 +  0.021 x0 x4 +  0.002 x0 x5 + -0.013 x1^2 +  0.202 x1 x2 + -0.019 x1 x3 +  0.006 x1 x4 + -0.033 x1 x5 + -0.075 x2^2 + -0.065 x2 x3 +  0.036 x2 x5 +  0.043 x3^2 +  0.012 x3 x4 + -0.021 x3 x5 + -0.023 x4^2 +  0.009 x4 x5 +  0.004 x5^2 | (x2)' =  3.320 1 + -12.406 x0 +  43.064 x1 +  1.064 x2 + -43.517 x3 +  15.879 x4 + -5.199 x5 + -0.056 x0^2 +  0.063 x0 x1 +  0.067 x0 x2 + -0.023 x0 x3 + -0.005 x0 x4 +  0.076 x1^2 + -0.218 x1 x2 + -0.008 x1 x3 +  0.008 x1 x4 +  0.023 x1 x5 +  0.016 x2^2 +  0.167 x2 x3 + -0.024 x2 x4 + -0.025 x2 x5 + -0.054 x3^2 + -0.066 x3 x4 +  0.027 x3 x5 +  0.047 x4^2 + -0.013 x5^2 | (x3)' = -0.654 1 +  5.278 x0 + -16.071 x1 +  43.617 x2 + -0.949 x3 + -43.063 x4 +  12.269 x5 +  0.024 x0^2 +  0.010 x0 x1 + -0.066 x0 x2 +  0.018 x0 x3 +  0.002 x0 x5 + -0.078 x1^2 +  0.113 x1 x2 +  0.057 x1 x3 + -0.025 x1 x4 + -0.011 x1 x5 +  0.058 x2^2 + -0.196 x2 x3 +  0.001 x2 x4 +  0.030 x2 x5 +  0.001 x3^2 +  0.171 x3 x4 + -0.039 x3 x5 + -0.058 x4^2 + -0.047 x4 x5 +  0.034 x5^2 | (x4)' = -2.585 x0 +  7.987 x1 + -15.043 x2 +  46.439 x3 + -3.332 x4 + -35.511 x5 + -0.004 x0^2 + -0.032 x0 x1 +  0.041 x0 x2 + -0.021 x0 x3 +  0.012 x0 x4 +  0.001 x0 x5 +  0.044 x1^2 + -0.016 x1 x2 + -0.055 x1 x3 +  0.018 x1 x4 + -0.068 x2^2 +  0.102 x2 x3 +  0.049 x2 x4 + -0.035 x2 x5 +  0.080 x3^2 + -0.211 x3 x4 +  0.005 x3 x5 +  0.005 x4^2 +  0.141 x4 x5 + -0.051 x5^2 | (x5)' =  24.432 1 +  2.018 x0 + -6.968 x1 +  3.519 x2 + -22.062 x3 +  54.163 x4 + -24.667 x5 + -0.007 x0^2 +  0.039 x0 x1 + -0.028 x0 x2 +  0.039 x0 x3 + -0.019 x0 x4 + -0.004 x0 x5 + -0.012 x1^2 + -0.025 x1 x2 +  0.031 x1 x3 + -0.028 x1 x4 +  0.011 x1 x5 +  0.037 x2^2 + -0.001 x2 x3 + -0.060 x2 x4 +  0.031 x2 x5 + -0.118 x3^2 +  0.127 x3 x4 +  0.071 x3 x5 +  0.087 x4^2 + -0.191 x4 x5 +  0.010 x5^2
28,35.0,1000.0,36.85636440989091,2,8,1,4.0,28.0,0,0.0,finite_difference,success,,335,360,93.05555555555556,3.9746783431619406,"[""1"", ""x0"", ""x1"", ""x2"", ""x3"", ""x4"", ""x5"", ""x6"", ""x7"", ""x0^2"", ""x0 x1"", ""x0 x2"", ""x0 x3"", ""x0 x4"", ""x0 x5"", ""x0 x6"", ""x0 x7"", ""x1^2"", ""x1 x2"", ""x1 x3"", ""x1 x4"", ""x1 x5"", ""x1 x6"", ""x1 x7"", ""x2^2"", ""x2 x3"", ""x2 x4"", ""x2 x5"", ""x2 x6"", ""x2 x7"", ""x3^2"", ""x3 x4"", ""x3 x5"", ""x3 x6"", ""x3 x7"", ""x4^2"", ""x4 x5"", ""x4 x6"", ""x4 x7"", ""x5^2"", ""x5 x6"", ""x5 x7"", ""x6^2"", ""x6 x7"", ""x7^2""]","[[-1.8576809827531504, 725.2689597675766, -2102.731736016116, 3314.734845021903, -3736.866052921449, 2902.58685067298, -1516.9320048872437, 487.3096039610114, -73.48591637484805, -0.23927839292564834, 1.855339745817678, -3.8912100411239376, 5.074246578615336, -3.371055387363682, 0.31676717619478967, 0.9957257990245484, -0.37273260770947886, -1.4980456342285031, 2.1679914423885567, -2.751413597025456, 1.369569604919145, 2.5149761015994545, -3.6618211657966917, 0.8903800967799319, 3.015860625411735, -4.978688356084647, 0.5736545660552044, -1.6745913965813444, 2.7969015103976473, 0.2832954644331142, 0.16950614754271268, 5.017769826094983, -2.6480439078670686, 1.2583685492792, -2.9428337823794637, -2.172269103604496, 0.0, -2.3747384956718403, 4.396536370723601, 1.258322629066934, 2.1242744446009714, -3.7522883156873177, -1.6272210624946752, 2.2717037116348693, -0.39466652583857365], [-0.010847348759692173, 125.07551191021975, -0.4240195955657604, -123.76074846412564, -2.0991436149183222, 2.128909759984637, -1.306808591469447, 0.4526570475828454, -0.06498677893311919, 0.052806165383203485, -0.2769625063819056, 0.2183817395129974, 0.12712122980440896, -0.2821653357745898, 0.004350689799274091, 0.17762230042194266, -0.07297769964288425, 0.2963745097875588, -0.2897484794282913, -0.7469005488352056, 1.2013326886991833, -0.1652462667797505, -0.532676832350896, 0.21420062023258638, 0.2089545449362445, -0.07791625201450636, -0.3559961150317503, -0.6988726930784281, 1.0942766873727587, -0.30997549354596604, 0.5539377063528553, -0.6490863309876563, 0.9849986720383987, -0.8494951210399437, 0.12394594813689368, -0.060705479401543166, 0.0, 0.04609528360798152, 0.1240289894280846, 0.0, 0.0, -0.09164238162284533, 0.013933305068988641, 0.020209512160770056, -0.002219567532102399], [0.0, 0.20026886367787014, 124.0932568926248, 1.9364007349471555, -127.6043900213776, 2.5223781172807294, -1.8013753778062738, 0.8321456580671017, -0.17735677631018854, 0.016668266665585293, -0.06362651927289982, 0.4503558973504883, -1.1685578722813963, 1.4220979412662729, -0.9820366573407232, 0.3825427949597485, -0.06994230927223719, -0.2910626064173522, 0.6969680940676467, 0.2689108585762454, -0.5311114909966924, 0.11359578361543458, 0.10803210209484249, -0.03559093279886704, -0.58528003943443, 0.021990022440233757, -0.3389910684591039, 0.9016057629230031, -0.6033540375146013, 0.11229804695928218, 0.6562442056103879, -0.3912072670967478, -0.36952620064384056, 0.1674174518637509, 0.041011989830408116, -0.21237196842486802, 0.4892980901749475, 0.0, -0.1020080130140521, -0.13760745632690802, 0.0, 0.04144924261325313, -0.023751542966082687, 0.023295010596324606, -0.007758513270728556], [-0.10376002447319972, 0.26542240612878054, -1.2890789328586914, 127.9985027067656, -4.578785195051059, -119.86692167250526, -4.076766760329686, 1.9832673671075458, -0.43534642503545395, -0.010484127457324417, 0.09540016803788476, 0.15888361837991316, -0.7037011088233718, 0.9328927777524998, -0.6275487194213474, 0.17946886940891987, -0.011686541512731994, -0.3657861872403021, 0.6490782453146896, 0.04431642567138536, -0.2354390110500609, 0.0, 0.3195288327276939, -0.15965432962652867, -0.17323300427275515, -0.23055075803239763, 0.0, -0.17252174055318203, -0.18519188365974587, 0.18742569094308392, 0.0, 0.6906469786933804, 0.6897566957304858, -0.606029008455691, 0.0, -0.8488806088422495, -0.10636473216233269, 0.5497539090671846, 0.0, 0.2547934791038496, -0.31386267307498883, -0.07315909715887083, 0.0, 0.09362649376540902, -0.02145656747656588], [0.0, 0.23597215831377305, -1.3369184283292055, 3.6217354500832504, 118.74368962041923, 7.434379783607748, -130.87554590913226, 2.7602711088228573, -0.5847460550434354, -0.042952487114023906, 0.250707926136398, 0.0, -0.6538854160744066, 0.9647822171283091, -0.5706915197241704, 0.06852591131566294, 0.02322235566228716, -0.48259312253137104, 0.7464402770230878, 0.2997457159031993, -0.7135631056430388, 0.0, 0.6426683561382102, -0.2435831890605946, -0.27624360112104046, -0.1262076321297938, 0.3766641866761054, 0.0, -0.7094585870533457, 0.22777660855854945, -0.05155918967272997, -0.13347781846066495, 0.9374322774409446, -0.320022765477682, 0.14296149887824405, 0.0, -0.6700976534964718, 0.30482010115379515, -0.15789792075519848, -0.0327988881445223, 0.5408771987523266, -0.16197105113994226, -0.3942399101781183, 0.2598208352233387, -0.04518617365105537], [-0.07479584692332791, 0.10793526878483603, -0.7999748779529747, 2.5287024726321805, -4.685550646041075, 130.56038698197597, -4.1804430748945745, -123.17096665175553, -0.3617676869558518, -0.010980664228002375, 0.04411154587920101, 0.04442915352493934, -0.17805828275030858, 0.21427366735114828, -0.0746147490393524, -0.026030229353807447, -0.007402536189456433, -0.05615350237592219, 0.0, 0.03657114089194885, 0.0, -0.23494096277564405, 0.22924261166712284, 0.06864979923781012, 0.008046694394548113, 0.1716435952733094, -0.01510598023712468, 0.0, 0.09910653141169563, -0.3980812308246973, -0.1379525727846254, -0.2921812183090507, 0.5711983830551663, -0.6705786024747574, 0.7610624400973912, 0.1377223345435388, 0.25740265141027535, 0.0, -0.5567752953472965, -0.8095344170582484, 1.1426020111260635, 0.026578431188405808, -0.47187347400246316, 0.14572209570505457, -0.01808026397029972], [0.0032698227179790013, -0.12237431884169889, 0.5353869044224858, -1.2578298599885953, 2.08546125346618, -2.574432977884691, 127.22531602401455, -1.1564846690957797, -124.7360602125807, 0.037840249722625605, -0.29512410980909715, 0.27340634856107027, 0.18346155219886975, -0.6029460990499217, 0.6578494631571766, -0.3532998455241593, 0.05846503961819079, 0.6334595243383835, -1.5009393927351813, 0.533405320112325, 0.2195608428469783, -0.6228065138052804, 0.37789070672833525, 0.03804497633889433, 0.6537116964453744, 0.0, 0.0, 0.36546138943378736, -0.20825112211886784, -0.2857846478903248, -0.2920499735712719, -0.5879440129277694, -0.16936628413062813, 0.2830402132310228, 0.42133946870069183, 0.7944299514310561, 0.25793419175156357, -0.6647545487722465, -0.2922662659408297, -0.863567203921241, 1.2900628774965455, 0.0, -0.40052679154533066, 0.0573800329172273, 0.0028854060305150463], [1.6390136916635307, 72.63612323507735, -482.29960058498847, 1503.1494206946916, -2879.9984499938637, 3713.1430419800868, -3298.777065574711, 2096.35623621377, -724.0934007392236, 0.3657824411493094, -2.187255614015051, 2.5262351018547533, -0.8133452700674508, -1.366461861710921, 2.5547900886622728, -1.7980890471879294, 0.3829134875849274, 2.3973836194763947, -3.229800556937116, 0.217276539559052, -0.11017766004139849, -1.867359101490838, 2.2529786052177014, -0.11167021018397891, -1.2670911003344776, 4.34017555953754, 3.4746470393150646, -1.3436663600764402, -1.0584769698497833, -1.359263741855111, -2.545879402683893, -3.4448582708871083, -1.5935414322248491, 1.7208036655583445, 3.09699116347811, 2.4337026873571355, 3.2289242742236066, -0.05390893578424111, -4.709068139310856, -2.506526537164518, -1.976830742188061, 4.573103817512614, 2.3116181749285625, -3.0607731421492046, 0.5264028592878129]]",(x0)' = -1.858 1 +  725.269 x0 + -2102.732 x1 +  3314.735 x2 + -3736.866 x3 +  2902.587 x4 + -1516.932 x5 +  487.310 x6 + -73.486 x7 + -0.239 x0^2 +  1.855 x0 x1 + -3.891 x0 x2 +  5.074 x0 x3 + -3.371 x0 x4 +  0.317 x0 x5 +  0.996 x0 x6 + -0.373 x0 x7 + -1.498 x1^2 +  2.168 x1 x2 + -2.751 x1 x3 +  1.370 x1 x4 +  2.515 x1 x5 + -3.662 x1 x6 +  0.890 x1 x7 +  3.016 x2^2 + -4.979 x2 x3 +  0.574 x2 x4 + -1.675 x2 x5 +  2.797 x2 x6 +  0.283 x2 x7 +  0.170 x3^2 +  5.018 x3 x4 + -2.648 x3 x5 +  1.258 x3 x6 + -2.943 x3 x7 + -2.172 x4^2 + -2.375 x4 x6 +  4.397 x4 x7 +  1.258 x5^2 +  2.124 x5 x6 + -3.752 x5 x7 + -1.627 x6^2 +  2.272 x6 x7 + -0.395 x7^2 | (x1)' = -0.011 1 +  125.076 x0 + -0.424 x1 + -123.761 x2 + -2.099 x3 +  2.129 x4 + -1.307 x5 +  0.453 x6 + -0.065 x7 +  0.053 x0^2 + -0.277 x0 x1 +  0.218 x0 x2 +  0.127 x0 x3 + -0.282 x0 x4 +  0.004 x0 x5 +  0.178 x0 x6 + -0.073 x0 x7 +  0.296 x1^2 + -0.290 x1 x2 + -0.747 x1 x3 +  1.201 x1 x4 + -0.165 x1 x5 + -0.533 x1 x6 +  0.214 x1 x7 +  0.209 x2^2 + -0.078 x2 x3 + -0.356 x2 x4 + -0.699 x2 x5 +  1.094 x2 x6 + -0.310 x2 x7 +  0.554 x3^2 + -0.649 x3 x4 +  0.985 x3 x5 + -0.849 x3 x6 +  0.124 x3 x7 + -0.061 x4^2 +  0.046 x4 x6 +  0.124 x4 x7 + -0.092 x5 x7 +  0.014 x6^2 +  0.020 x6 x7 + -0.002 x7^2 | (x2)' =  0.200 x0 +  124.093 x1 +  1.936 x2 + -127.604 x3 +  2.522 x4 + -1.801 x5 +  0.832 x6 + -0.177 x7 +  0.017 x0^2 + -0.064 x0 x1 +  0.450 x0 x2 + -1.169 x0 x3 +  1.422 x0 x4 + -0.982 x0 x5 +  0.383 x0 x6 + -0.070 x0 x7 + -0.291 x1^2 +  0.697 x1 x2 +  0.269 x1 x3 + -0.531 x1 x4 +  0.114 x1 x5 +  0.108 x1 x6 + -0.036 x1 x7 + -0.585 x2^2 +  0.022 x2 x3 + -0.339 x2 x4 +  0.902 x2 x5 + -0.603 x2 x6 +  0.112 x2 x7 +  0.656 x3^2 + -0.391 x3 x4 + -0.370 x3 x5 +  0.167 x3 x6 +  0.041 x3 x7 + -0.212 x4^2 +  0.489 x4 x5 + -0.102 x4 x7 + -0.138 x5^2 +  0.041 x5 x7 + -0.024 x6^2 +  0.023 x6 x7 + -0.008 x7^2 | (x3)' = -0.104 1 +  0.265 x0 + -1.289 x1 +  127.999 x2 + -4.579 x3 + -119.867 x4 + -4.077 x5 +  1.983 x6 + -0.435 x7 + -0.010 x0^2 +  0.095 x0 x1 +  0.159 x0 x2 + -0.704 x0 x3 +  0.933 x0 x4 + -0.628 x0 x5 +  0.179 x0 x6 + -0.012 x0 x7 + -0.366 x1^2 +  0.649 x1 x2 +  0.044 x1 x3 + -0.235 x1 x4 +  0.320 x1 x6 + -0.160 x1 x7 + -0.173 x2^2 + -0.231 x2 x3 + -0.173 x2 x5 + -0.185 x2 x6 +  0.187 x2 x7 +  0.691 x3 x4 +  0.690 x3 x5 + -0.606 x3 x6 + -0.849 x4^2 + -0.106 x4 x5 +  0.550 x4 x6 +  0.255 x5^2 + -0.314 x5 x6 + -0.073 x5 x7 +  0.094 x6 x7 + -0.021 x7^2 | (x4)' =  0.236 x0 + -1.337 x1 +  3.622 x2 +  118.744 x3 +  7.434 x4 + -130.876 x5 +  2.760 x6 + -0.585 x7 + -0.043 x0^2 +  0.251 x0 x1 + -0.654 x0 x3 +  0.965 x0 x4 + -0.571 x0 x5 +  0.069 x0 x6 +  0.023 x0 x7 + -0.483 x1^2 +  0.746 x1 x2 +  0.300 x1 x3 + -0.714 x1 x4 +  0.643 x1 x6 + -0.244 x1 x7 + -0.276 x2^2 + -0.126 x2 x3 +  0.377 x2 x4 + -0.709 x2 x6 +  0.228 x2 x7 + -0.052 x3^2 + -0.133 x3 x4 +  0.937 x3 x5 + -0.320 x3 x6 +  0.143 x3 x7 + -0.670 x4 x5 +  0.305 x4 x6 + -0.158 x4 x7 + -0.033 x5^2 +  0.541 x5 x6 + -0.162 x5 x7 + -0.394 x6^2 +  0.260 x6 x7 + -0.045 x7^2 | (x5)' = -0.075 1 +  0.108 x0 + -0.800 x1 +  2.529 x2 + -4.686 x3 +  130.560 x4 + -4.180 x5 + -123.171 x6 + -0.362 x7 + -0.011 x0^2 +  0.044 x0 x1 +  0.044 x0 x2 + -0.178 x0 x3 +  0.214 x0 x4 + -0.075 x0 x5 + -0.026 x0 x6 + -0.007 x0 x7 + -0.056 x1^2 +  0.037 x1 x3 + -0.235 x1 x5 +  0.229 x1 x6 +  0.069 x1 x7 +  0.008 x2^2 +  0.172 x2 x3 + -0.015 x2 x4 +  0.099 x2 x6 + -0.398 x2 x7 + -0.138 x3^2 + -0.292 x3 x4 +  0.571 x3 x5 + -0.671 x3 x6 +  0.761 x3 x7 +  0.138 x4^2 +  0.257 x4 x5 + -0.557 x4 x7 + -0.810 x5^2 +  1.143 x5 x6 +  0.027 x5 x7 + -0.472 x6^2 +  0.146 x6 x7 + -0.018 x7^2 | (x6)' =  0.003 1 + -0.122 x0 +  0.535 x1 + -1.258 x2 +  2.085 x3 + -2.574 x4 +  127.225 x5 + -1.156 x6 + -124.736 x7 +  0.038 x0^2 + -0.295 x0 x1 +  0.273 x0 x2 +  0.183 x0 x3 + -0.603 x0 x4 +  0.658 x0 x5 + -0.353 x0 x6 +  0.058 x0 x7 +  0.633 x1^2 + -1.501 x1 x2 +  0.533 x1 x3 +  0.220 x1 x4 + -0.623 x1 x5 +  0.378 x1 x6 +  0.038 x1 x7 +  0.654 x2^2 +  0.365 x2 x5 + -0.208 x2 x6 + -0.286 x2 x7 + -0.292 x3^2 + -0.588 x3 x4 + -0.169 x3 x5 +  0.283 x3 x6 +  0.421 x3 x7 +  0.794 x4^2 +  0.258 x4 x5 + -0.665 x4 x6 + -0.292 x4 x7 + -0.864 x5^2 +  1.290 x5 x6 + -0.401 x6^2 +  0.057 x6 x7 +  0.003 x7^2 | (x7)' =  1.639 1 +  72.636 x0 + -482.300 x1 +  1503.149 x2 + -2879.998 x3 +  3713.143 x4 + -3298.777 x5 +  2096.356 x6 + -724.093 x7 +  0.366 x0^2 + -2.187 x0 x1 +  2.526 x0 x2 + -0.813 x0 x3 + -1.366 x0 x4 +  2.555 x0 x5 + -1.798 x0 x6 +  0.383 x0 x7 +  2.397 x1^2 + -3.230 x1 x2 +  0.217 x1 x3 + -0.110 x1 x4 + -1.867 x1 x5 +  2.253 x1 x6 + -0.112 x1 x7 + -1.267 x2^2 +  4.340 x2 x3 +  3.475 x2 x4 + -1.344 x2 x5 + -1.058 x2 x6 + -1.359 x2 x7 + -2.546 x3^2 + -3.445 x3 x4 + -1.594 x3 x5 +  1.721 x3 x6 +  3.097 x3 x7 +  2.434 x4^2 +  3.229 x4 x5 + -0.054 x4 x6 + -4.709 x4 x7 + -2.507 x5^2 + -1.977 x5 x6 +  4.573 x5 x7 +  2.312 x6^2 + -3.061 x6 x7 +  0.526 x7^2
29,35.0,1000.0,36.85636440989091,2,8,1,4.0,28.0,5,20.0,smoothed_finite_difference_savgol_order_3,success,,335,360,93.05555555555556,4.089090331457555,"[""1"", ""x0"", ""x1"", ""x2"", ""x3"", ""x4"", ""x5"", ""x6"", ""x7"", ""x0^2"", ""x0 x1"", ""x0 x2"", ""x0 x3"", ""x0 x4"", ""x0 x5"", ""x0 x6"", ""x0 x7"", ""x1^2"", ""x1 x2"", ""x1 x3"", ""x1 x4"", ""x1 x5"", ""x1 x6"", ""x1 x7"", ""x2^2"", ""x2 x3"", ""x2 x4"", ""x2 x5"", ""x2 x6"", ""x2 x7"", ""x3^2"", ""x3 x4"", ""x3 x5"", ""x3 x6"", ""x3 x7"", ""x4^2"", ""x4 x5"", ""x4 x6"", ""x4 x7"", ""x5^2"", ""x5 x6"", ""x5 x7"", ""x6^2"", ""x6 x7"", ""x7^2""]","[[-1.5731906980345314, 746.5982962288857, -2214.711218538693, 3581.9046647591313, -4112.031854733901, 3236.9208779562564, -1705.7200105509621, 549.7683140074062, -82.82410160168652, 0.021517276237217445, 0.4535294131408138, -2.4687858959063327, 4.478074023210822, -3.464562856938554, 0.44910361802318244, 0.9896614903145439, -0.3689271949299996, -0.09315707564599113, 0.731737569002357, -3.130172511954319, 2.1050483202432813, 2.523674904323211, -3.882938474229658, 0.8620116159260427, 2.316517115563731, -3.4119183898897734, 0.3751850539909113, -2.3395581094439972, 2.9924870917006725, 0.5802792087904468, 0.6253730654017842, 3.440514712622362, -2.0484385450987563, 1.7554351694574588, -3.6303382353902016, -1.9166108159041022, 0.0, -2.5089364240467558, 4.80707855728524, 2.058121178603322, 0.24528742670727838, -3.3141346392563804, -0.5887019623228977, 1.6467615517237049, -0.28998232343720787], [-0.016724915116810887, 125.11739889108208, -0.7965782647049828, -122.44800871668971, -4.598527939616168, 5.008244179808314, -3.3691309158785194, 1.3176995878659148, -0.2296481162040161, 0.09082786030827732, -0.47338777690491635, 0.39038072923103156, 0.1445527717327575, -0.3937761477161501, -0.05977056972853388, 0.3534942170051629, -0.14139945685598673, 0.4865657937024305, -0.4440434224468257, -1.1677348173064563, 1.917799545293042, -0.17700247871330915, -1.0623644352676545, 0.42924894175128697, 0.26975243945841443, -0.11823316466487085, -0.7537590313304593, -0.9848112089717577, 1.9614094448705535, -0.598402916935045, 1.062826907372422, -1.1555875070406734, 1.5052335575149347, -1.5403494784913818, 0.24864649826325846, -0.04576762275406521, 0.0, 0.1775360369622532, 0.23081178109115327, 0.0, 0.0, -0.22578877013675805, -0.0065643020488333, 0.09733251305258407, -0.017695102571038714], [0.0, 0.07542094078987874, 124.87491367558793, -0.21675077074415391, -124.22886578432329, -0.6910982190511384, 0.017014437349561273, 0.2866207016657964, -0.11576803350077002, 0.02124208062919602, -0.07854264833878206, 0.7228692034836192, -1.9025512304916408, 2.295726825076146, -1.5736804276204086, 0.6064105922582317, -0.10130448917617979, -0.5114666013177093, 1.1857918284099391, 0.40502057089041504, -0.7985534053351482, 0.17894191169391335, 0.15506807988750454, -0.09296169097394143, -0.9273326541139385, -0.05163639795605878, -0.5785789739115794, 1.3993488048504399, -0.9073947229662045, 0.27178918456849643, 1.1092866058886244, -0.5493010403697769, -0.5550685700170942, 0.23547203444299966, -0.10527689000662549, -0.4182713201445382, 0.743824276129348, 0.0, 0.0372985139984641, -0.1554891539171641, 0.0, -0.08677874758532153, -0.06683789348519012, 0.12193501696950909, -0.029003065125446616], [-0.09146151814826844, 0.10783946808409481, -0.2396177594462513, 124.99994969871474, 0.19715545105084464, -124.41588016229778, -1.5271003081333077, 1.2314540726852248, -0.3535120461331221, -0.047768777211875814, 0.31921931528152747, 0.0845666895012711, -1.0233497077914444, 1.4443105142483819, -0.9960129032944791, 0.2844067912721942, -0.009189695825590772, -0.7843040520078907, 1.3091514579278098, -0.061546054734186034, -0.24855433420275752, 0.0, 0.47500943479894525, -0.28020917181183325, -0.15334224531893825, -0.6911113367950829, 0.0, -0.44855990298301585, -0.09464956779932848, 0.31695336028750326, 0.0, 1.5422121450299273, 1.2174314866430898, -1.2844654889970113, 0.0, -1.6384097630273886, -0.33973428162521446, 1.210176692102301, 0.0, 0.5992455350565237, -0.7067328437443933, -0.15223411468413625, 0.0, 0.20608333113626792, -0.048571627454978165], [0.0, 0.23223527922848067, -1.2283307200984679, 3.23077915817456, 119.28770756335004, 7.204098486509208, -131.08141402574716, 3.0233054995963853, -0.6697733018474281, -0.07640321251930456, 0.3898453899939054, 0.0, -0.9059678927869624, 1.3178924515607748, -0.6807104677695063, -0.09486522251027815, 0.12140704977970311, -0.5468544823510039, 0.34024090752941344, 1.045533099053382, -1.4692444435168848, 0.0, 1.5180388928990163, -0.7047442706768892, 0.21059752171091947, -0.451280358005965, 0.7188081937420431, 0.0, -2.1442293849590137, 1.0618085138938709, -1.0001517177071024, 1.083671118222293, 1.1280320081535042, 0.9009499868042548, -0.7420717322450306, 0.0, -2.0052524561710565, -0.21309378823406996, 0.5328699416716938, 0.6584006577644841, 0.9217153740191051, -0.6727060867624682, -0.7471705008636742, 0.6072538206199226, -0.10230017295794308], [-0.07047115472899972, 0.27947492071435864, -1.7765775536644253, 5.0836718207534, -8.671909771397756, 134.5448811433475, -6.709008589187441, -122.23448424690696, -0.5179130604757628, -0.04342723635199549, 0.21753666235950644, -0.21213753944719874, 0.13138756148886366, -0.07128320199634368, 0.20064718542395257, -0.24009463655178703, 0.048455611533393686, -0.15752476396488577, 0.0, 0.03142369063680567, 0.0, -0.5444022941457921, 0.7421270496458502, -0.05927299299140673, 0.2565192292852464, -0.014007773749907243, 0.28788181522838086, 0.0, -0.4069159025620189, -0.35742868731690464, -0.5364343261314235, 0.06961576333777666, 0.6314504757220886, -0.4364069060792357, 0.9493799705943825, 0.16469259957840862, -0.04611374879000908, 0.0, -0.8496082429751934, -0.7733939758935114, 1.2942535593145996, 0.18215301682804563, -0.5668834639228386, 0.11936361813504226, -0.011530833172913677], [-0.005573610532843599, 0.0543881877591571, -0.46648467898957857, 1.2224757455966535, -1.3496292398814018, 0.1923377688533253, 126.05651546002282, -1.0114839321455606, -124.69898576419939, 0.08873850423919906, -0.6544604976460883, 0.6147641564007799, 0.2979109759792775, -1.0924719719978528, 1.1530824024609971, -0.5883750047404023, 0.08530777079952788, 1.3277081052923296, -3.0646414225265253, 1.0657521633599905, 0.4025859642007005, -1.0704206875432174, 0.5918680403367361, 0.11747017853943587, 1.2988856442695877, 0.0, 0.0, 0.6509406754772858, -0.3488076769255199, -0.5725863517311123, -0.4692312507885343, -1.3598487663692458, -0.27064758042915427, 0.5970384966819612, 0.807443154420932, 1.618351869699775, 0.596791356070888, -1.4398299688496603, -0.5474679101022499, -1.783779622886879, 2.639076817240692, 0.0, -0.7975669166720706, 0.09472345337166144, 0.01169965592892986], [1.4331801082653575, 81.46778003975655, -541.8325981648169, 1684.1653913880416, -3202.0264872057173, 4075.776275056398, -3557.728747638428, 2205.111199933015, -744.8367391033122, 0.31154149766943534, -1.957501006656746, 2.3165341966468023, -0.8703174251810557, -1.1069138027324033, 2.334245568654458, -1.6234190684975016, 0.3116806392878918, 2.277832113521026, -3.158221416878614, 0.8464742710177278, -0.9556396492977606, -1.492527420988388, 1.7463762348465557, 0.1845974451568734, -1.6142271223355449, 4.688231787019226, 2.9938085619804404, -0.151356442340325, -0.7671285805216921, -1.89168856034116, -2.269921131486683, -4.066465381608611, -2.516925223222151, 1.0674815986660058, 3.8322840632373487, 3.059553541846704, 3.5005578422873906, 0.6296835451880225, -5.236303268061417, -2.9230737857166336, -1.8214099592363733, 4.571443665593585, 2.117740648592612, -2.8329990079375675, 0.465704802933667]]",(x0)' = -1.573 1 +  746.598 x0 + -2214.711 x1 +  3581.905 x2 + -4112.032 x3 +  3236.921 x4 + -1705.720 x5 +  549.768 x6 + -82.824 x7 +  0.022 x0^2 +  0.454 x0 x1 + -2.469 x0 x2 +  4.478 x0 x3 + -3.465 x0 x4 +  0.449 x0 x5 +  0.990 x0 x6 + -0.369 x0 x7 + -0.093 x1^2 +  0.732 x1 x2 + -3.130 x1 x3 +  2.105 x1 x4 +  2.524 x1 x5 + -3.883 x1 x6 +  0.862 x1 x7 +  2.317 x2^2 + -3.412 x2 x3 +  0.375 x2 x4 + -2.340 x2 x5 +  2.992 x2 x6 +  0.580 x2 x7 +  0.625 x3^2 +  3.441 x3 x4 + -2.048 x3 x5 +  1.755 x3 x6 + -3.630 x3 x7 + -1.917 x4^2 + -2.509 x4 x6 +  4.807 x4 x7 +  2.058 x5^2 +  0.245 x5 x6 + -3.314 x5 x7 + -0.589 x6^2 +  1.647 x6 x7 + -0.290 x7^2 | (x1)' = -0.017 1 +  125.117 x0 + -0.797 x1 + -122.448 x2 + -4.599 x3 +  5.008 x4 + -3.369 x5 +  1.318 x6 + -0.230 x7 +  0.091 x0^2 + -0.473 x0 x1 +  0.390 x0 x2 +  0.145 x0 x3 + -0.394 x0 x4 + -0.060 x0 x5 +  0.353 x0 x6 + -0.141 x0 x7 +  0.487 x1^2 + -0.444 x1 x2 + -1.168 x1 x3 +  1.918 x1 x4 + -0.177 x1 x5 + -1.062 x1 x6 +  0.429 x1 x7 +  0.270 x2^2 + -0.118 x2 x3 + -0.754 x2 x4 + -0.985 x2 x5 +  1.961 x2 x6 + -0.598 x2 x7 +  1.063 x3^2 + -1.156 x3 x4 +  1.505 x3 x5 + -1.540 x3 x6 +  0.249 x3 x7 + -0.046 x4^2 +  0.178 x4 x6 +  0.231 x4 x7 + -0.226 x5 x7 + -0.007 x6^2 +  0.097 x6 x7 + -0.018 x7^2 | (x2)' =  0.075 x0 +  124.875 x1 + -0.217 x2 + -124.229 x3 + -0.691 x4 +  0.017 x5 +  0.287 x6 + -0.116 x7 +  0.021 x0^2 + -0.079 x0 x1 +  0.723 x0 x2 + -1.903 x0 x3 +  2.296 x0 x4 + -1.574 x0 x5 +  0.606 x0 x6 + -0.101 x0 x7 + -0.511 x1^2 +  1.186 x1 x2 +  0.405 x1 x3 + -0.799 x1 x4 +  0.179 x1 x5 +  0.155 x1 x6 + -0.093 x1 x7 + -0.927 x2^2 + -0.052 x2 x3 + -0.579 x2 x4 +  1.399 x2 x5 + -0.907 x2 x6 +  0.272 x2 x7 +  1.109 x3^2 + -0.549 x3 x4 + -0.555 x3 x5 +  0.235 x3 x6 + -0.105 x3 x7 + -0.418 x4^2 +  0.744 x4 x5 +  0.037 x4 x7 + -0.155 x5^2 + -0.087 x5 x7 + -0.067 x6^2 +  0.122 x6 x7 + -0.029 x7^2 | (x3)' = -0.091 1 +  0.108 x0 + -0.240 x1 +  125.000 x2 +  0.197 x3 + -124.416 x4 + -1.527 x5 +  1.231 x6 + -0.354 x7 + -0.048 x0^2 +  0.319 x0 x1 +  0.085 x0 x2 + -1.023 x0 x3 +  1.444 x0 x4 + -0.996 x0 x5 +  0.284 x0 x6 + -0.009 x0 x7 + -0.784 x1^2 +  1.309 x1 x2 + -0.062 x1 x3 + -0.249 x1 x4 +  0.475 x1 x6 + -0.280 x1 x7 + -0.153 x2^2 + -0.691 x2 x3 + -0.449 x2 x5 + -0.095 x2 x6 +  0.317 x2 x7 +  1.542 x3 x4 +  1.217 x3 x5 + -1.284 x3 x6 + -1.638 x4^2 + -0.340 x4 x5 +  1.210 x4 x6 +  0.599 x5^2 + -0.707 x5 x6 + -0.152 x5 x7 +  0.206 x6 x7 + -0.049 x7^2 | (x4)' =  0.232 x0 + -1.228 x1 +  3.231 x2 +  119.288 x3 +  7.204 x4 + -131.081 x5 +  3.023 x6 + -0.670 x7 + -0.076 x0^2 +  0.390 x0 x1 + -0.906 x0 x3 +  1.318 x0 x4 + -0.681 x0 x5 + -0.095 x0 x6 +  0.121 x0 x7 + -0.547 x1^2 +  0.340 x1 x2 +  1.046 x1 x3 + -1.469 x1 x4 +  1.518 x1 x6 + -0.705 x1 x7 +  0.211 x2^2 + -0.451 x2 x3 +  0.719 x2 x4 + -2.144 x2 x6 +  1.062 x2 x7 + -1.000 x3^2 +  1.084 x3 x4 +  1.128 x3 x5 +  0.901 x3 x6 + -0.742 x3 x7 + -2.005 x4 x5 + -0.213 x4 x6 +  0.533 x4 x7 +  0.658 x5^2 +  0.922 x5 x6 + -0.673 x5 x7 + -0.747 x6^2 +  0.607 x6 x7 + -0.102 x7^2 | (x5)' = -0.070 1 +  0.279 x0 + -1.777 x1 +  5.084 x2 + -8.672 x3 +  134.545 x4 + -6.709 x5 + -122.234 x6 + -0.518 x7 + -0.043 x0^2 +  0.218 x0 x1 + -0.212 x0 x2 +  0.131 x0 x3 + -0.071 x0 x4 +  0.201 x0 x5 + -0.240 x0 x6 +  0.048 x0 x7 + -0.158 x1^2 +  0.031 x1 x3 + -0.544 x1 x5 +  0.742 x1 x6 + -0.059 x1 x7 +  0.257 x2^2 + -0.014 x2 x3 +  0.288 x2 x4 + -0.407 x2 x6 + -0.357 x2 x7 + -0.536 x3^2 +  0.070 x3 x4 +  0.631 x3 x5 + -0.436 x3 x6 +  0.949 x3 x7 +  0.165 x4^2 + -0.046 x4 x5 + -0.850 x4 x7 + -0.773 x5^2 +  1.294 x5 x6 +  0.182 x5 x7 + -0.567 x6^2 +  0.119 x6 x7 + -0.012 x7^2 | (x6)' = -0.006 1 +  0.054 x0 + -0.466 x1 +  1.222 x2 + -1.350 x3 +  0.192 x4 +  126.057 x5 + -1.011 x6 + -124.699 x7 +  0.089 x0^2 + -0.654 x0 x1 +  0.615 x0 x2 +  0.298 x0 x3 + -1.092 x0 x4 +  1.153 x0 x5 + -0.588 x0 x6 +  0.085 x0 x7 +  1.328 x1^2 + -3.065 x1 x2 +  1.066 x1 x3 +  0.403 x1 x4 + -1.070 x1 x5 +  0.592 x1 x6 +  0.117 x1 x7 +  1.299 x2^2 +  0.651 x2 x5 + -0.349 x2 x6 + -0.573 x2 x7 + -0.469 x3^2 + -1.360 x3 x4 + -0.271 x3 x5 +  0.597 x3 x6 +  0.807 x3 x7 +  1.618 x4^2 +  0.597 x4 x5 + -1.440 x4 x6 + -0.547 x4 x7 + -1.784 x5^2 +  2.639 x5 x6 + -0.798 x6^2 +  0.095 x6 x7 +  0.012 x7^2 | (x7)' =  1.433 1 +  81.468 x0 + -541.833 x1 +  1684.165 x2 + -3202.026 x3 +  4075.776 x4 + -3557.729 x5 +  2205.111 x6 + -744.837 x7 +  0.312 x0^2 + -1.958 x0 x1 +  2.317 x0 x2 + -0.870 x0 x3 + -1.107 x0 x4 +  2.334 x0 x5 + -1.623 x0 x6 +  0.312 x0 x7 +  2.278 x1^2 + -3.158 x1 x2 +  0.846 x1 x3 + -0.956 x1 x4 + -1.493 x1 x5 +  1.746 x1 x6 +  0.185 x1 x7 + -1.614 x2^2 +  4.688 x2 x3 +  2.994 x2 x4 + -0.151 x2 x5 + -0.767 x2 x6 + -1.892 x2 x7 + -2.270 x3^2 + -4.066 x3 x4 + -2.517 x3 x5 +  1.067 x3 x6 +  3.832 x3 x7 +  3.060 x4^2 +  3.501 x4 x5 +  0.630 x4 x6 + -5.236 x4 x7 + -2.923 x5^2 + -1.821 x5 x6 +  4.571 x5 x7 +  2.118 x6^2 + -2.833 x6 x7 +  0.466 x7^2
30,35.0,1000.0,36.85636440989091,2,8,1,4.0,28.0,9,36.0,smoothed_finite_difference_savgol_order_3,success,,328,360,91.11111111111111,3.417793033644557,"[""1"", ""x0"", ""x1"", ""x2"", ""x3"", ""x4"", ""x5"", ""x6"", ""x7"", ""x0^2"", ""x0 x1"", ""x0 x2"", ""x0 x3"", ""x0 x4"", ""x0 x5"", ""x0 x6"", ""x0 x7"", ""x1^2"", ""x1 x2"", ""x1 x3"", ""x1 x4"", ""x1 x5"", ""x1 x6"", ""x1 x7"", ""x2^2"", ""x2 x3"", ""x2 x4"", ""x2 x5"", ""x2 x6"", ""x2 x7"", ""x3^2"", ""x3 x4"", ""x3 x5"", ""x3 x6"", ""x3 x7"", ""x4^2"", ""x4 x5"", ""x4 x6"", ""x4 x7"", ""x5^2"", ""x5 x6"", ""x5 x7"", ""x6^2"", ""x6 x7"", ""x7^2""]","[[-0.5693213744316874, 799.3479573516739, -2476.967760176294, 4155.209219263473, -4815.490331773766, 3744.800441756847, -1907.0030136942185, 581.1915680202835, -81.11740743919351, 3.9610152800533984, -21.911527336092817, 22.294967994962995, -6.4076165620764165, -5.65949064265116, 2.706906245148614, 1.6602602720054178, -0.170125000578756, 23.521257694445133, -27.487028886841642, -11.441040046294681, 20.993188250306943, 2.0331994857096465, -10.426027099515027, -1.122810434370912, -4.94997577028243, 22.520863855423936, -4.667714474174562, -19.204585694679533, 11.115283830408709, 10.810409090000489, 6.843579555341757, -22.470534254648143, 9.918995459161057, 11.822026285035257, -25.064791287545887, 2.551522730683447, 0.0, -7.09270229545733, 20.00474388344761, 18.287482271146807, -37.384512605387265, 2.1905134362867793, 20.61919010457125, -10.035371694484194, 1.6405748369441802], [-0.031154357211171383, 131.20454207262074, -27.972789076543865, -71.55599612403842, -52.80612890543198, 24.193591791502048, 0.5929174387488058, -5.152064810809985, 1.5092013266519126, 0.18974680778231456, -0.1371852285189218, 0.0, 0.9680345714729709, 0.0, -4.909398214896733, 5.899050098310273, -1.9625380954536398, -3.0884030616527784, 9.981431626250096, -21.035181418746408, 26.938983547648014, -5.266643387222967, -9.810489055671082, 3.873641268969381, 5.334487784540858, -13.733546354054683, -8.165607658753531, -5.435821165858414, 12.75602022363112, -1.145231568673291, 12.457067562743138, 7.046818168478282, 0.0, 3.9468277576907833, -10.61129758058258, -10.672743991347858, -0.8941808880249007, -12.24596301183076, 17.761409117380488, 11.45712342551158, 0.0, -12.455040169608019, -2.3709655109666725, 6.518831102696415, -1.1893507872296134], [0.0, 11.190565832884513, 64.69506476798469, 149.43772156087573, -346.5420173340431, 212.77598133152148, -132.4727503191364, 49.377502710475696, -8.45274828049665, 0.43823148384660404, -2.3692892481906282, 8.553229581146523, -16.520531240052357, 16.637674720247237, -7.114113772148173, 0.0, -0.049980893352264, -2.4295699901705867, 5.84651397488135, -0.505336958115658, 0.0, -10.605724738206648, 12.962696987331052, -0.7833491516864105, -2.154443820479789, -4.15617487273428, 12.169578393195774, -4.891512997156538, -7.202657203882371, -4.544327877092415, -2.5004223101503404, 5.1416069704381435, 8.001357300104937, 0.671560916463865, 9.143967123342442, -9.407362037107713, -3.7302244999892507, 0.0, -7.393047091028117, 8.375060473155749, -5.121517921581389, 3.774062089958665, 0.0, -0.11278548513919617, -0.12327575621519117], [-0.5506864803168455, 9.833160474230228, -62.604849190334825, 309.50013059786625, -323.6708130918289, 237.290636081464, -256.9745270275136, 106.33084432207433, -19.706466292445064, -2.868342657139718, 17.270812833273173, -12.204942181651148, -11.59087727383401, 28.258693462629346, -22.753584680170942, 9.536862707936221, -3.095639060858483, -27.037056924903503, 42.980215249254144, -2.0490956043358106, -14.218993552239368, 4.443228249173791, 0.0, 7.297237214166185, -1.2608142644434848, -25.296391996459505, 0.0, 18.101451168619608, -7.599052907949751, -17.280586484262844, 0.0, 37.52472065815613, -16.640017337669665, -4.703405967513829, 27.820540935438384, -12.974426005414596, -28.607718482012125, 24.793431882829083, -25.929158775518957, 29.22464493733561, -22.854847016388916, 11.913917373589122, 0.0, 0.2584422420925359, -0.45929775049966504], [0.0, -0.34279220775381747, -9.879960293716268, 63.75772396458148, -41.761204307976215, 239.4311752215737, -325.928760097533, 93.66754914272467, -18.958196319832158, -5.059054819997971, 28.73407458529385, -26.8350485762655, 1.135654798421472, 20.19449739081435, -17.97622031075411, 6.669927762072571, -2.315024059418859, -34.44561990745108, 43.49463198132502, 7.880858683477347, -27.797067213875593, 12.566040802900174, 0.0, 6.929618039215576, 9.511728623930775, -35.59451815695455, 12.155046285168778, 0.0, 0.6859790816202602, -20.4513439818778, -12.102880288843341, 36.7032993343021, 11.362851029864858, -19.376203757603285, 33.393028193417365, 0.0, -39.33346706689621, 7.349918781331722, -19.912370446526385, 0.07196809958030204, 50.74013980890201, -11.238192774114868, -34.605503077921554, 21.00926730640302, -3.5460473497668143], [0.0, -15.183029138325866, 79.04856784017609, -178.61509624850854, 221.9521043601899, -30.85902292024689, 53.32059271053465, -126.83937853061606, -2.843634632212646, -3.2447727506938593, 12.685937734925007, -1.8838200618946672, -16.965614080875444, 24.782819696946643, -13.202940334069728, 0.0, 0.6162753162623503, 0.0, -56.03686628226135, 79.79374006366753, -63.291725674473206, 18.808940057518146, 14.041515978796271, -3.3401586648654495, 57.50500756317268, -47.4799186009166, 6.894789504944417, 0.0, -23.521986565444625, 0.0, -56.55905008740515, 72.75127368034144, 27.362096135357195, 0.0, 8.450381508050803, 23.922886093078954, -101.79004294443276, 0.0, 2.4036683223105584, 16.676895365832404, 71.65872544101093, -29.927659696801932, -48.483431167911725, 32.61245245343029, -5.239388023388844], [0.23262625046330376, -23.33060432631204, 137.09758721120156, -363.9273242721706, 564.7843486168953, -552.5567170750165, 465.3487436057982, -122.05430695832653, -105.37244746574882, -0.4139708729511634, 0.9184313950905699, 2.984346157697016, -8.331670106786532, 8.180291111035569, -0.888769510973532, -4.957336122436938, 3.0972667863138907, 0.0, -5.415093253329832, 10.272909316802808, -7.2509261354589825, -7.73469723773327, 20.931040695716614, -12.721845758700233, 0.0, 5.0072985088869695, 0.0, 0.1787442772639759, -17.892254391089633, 17.698080241784965, -5.35408523013024, -2.4984615246185866, 22.812519208607533, -11.301897805686256, -9.077387605631646, -6.44283986601291, 6.815143960681103, 9.729411220684751, 1.5255438583779455, -14.525363694736512, 5.7023864058677844, 0.0, 0.0, -1.4521965855593637, 0.40541667707797213], [1.0133867843381235, 64.59024261287796, -470.1125625649461, 1568.4258233375992, -3142.5906711861917, 4143.175852045045, -3684.8545288725063, 2286.0669691834273, -764.6611554447244, 0.16829498454354486, -2.955187205707506, 0.0, 7.892043242325622, -11.937731370956355, 9.529703304204117, -3.879047422228172, 1.2550799373137578, 11.813509591986497, -27.236162451026285, 18.805649806205224, -13.52002147299011, 4.635516666010557, -3.1884088352153817, -1.7492413196465233, 3.8775483627308733, 8.730591556581816, -1.2670706531393436, 12.176669052360884, 0.6899367556013314, 3.750756535498106, 0.0, -24.609807711990506, -11.416036505956765, -6.542722777904578, -0.5878871137433758, 20.18646576605618, 13.323358769451495, 11.790661761404598, -6.03394596732139, -18.63721710687251, -4.068240029638681, 7.7475894845536635, 7.279280495134249, -7.3129971499717055, 1.2889196570581771]]",(x0)' = -0.569 1 +  799.348 x0 + -2476.968 x1 +  4155.209 x2 + -4815.490 x3 +  3744.800 x4 + -1907.003 x5 +  581.192 x6 + -81.117 x7 +  3.961 x0^2 + -21.912 x0 x1 +  22.295 x0 x2 + -6.408 x0 x3 + -5.659 x0 x4 +  2.707 x0 x5 +  1.660 x0 x6 + -0.170 x0 x7 +  23.521 x1^2 + -27.487 x1 x2 + -11.441 x1 x3 +  20.993 x1 x4 +  2.033 x1 x5 + -10.426 x1 x6 + -1.123 x1 x7 + -4.950 x2^2 +  22.521 x2 x3 + -4.668 x2 x4 + -19.205 x2 x5 +  11.115 x2 x6 +  10.810 x2 x7 +  6.844 x3^2 + -22.471 x3 x4 +  9.919 x3 x5 +  11.822 x3 x6 + -25.065 x3 x7 +  2.552 x4^2 + -7.093 x4 x6 +  20.005 x4 x7 +  18.287 x5^2 + -37.385 x5 x6 +  2.191 x5 x7 +  20.619 x6^2 + -10.035 x6 x7 +  1.641 x7^2 | (x1)' = -0.031 1 +  131.205 x0 + -27.973 x1 + -71.556 x2 + -52.806 x3 +  24.194 x4 +  0.593 x5 + -5.152 x6 +  1.509 x7 +  0.190 x0^2 + -0.137 x0 x1 +  0.968 x0 x3 + -4.909 x0 x5 +  5.899 x0 x6 + -1.963 x0 x7 + -3.088 x1^2 +  9.981 x1 x2 + -21.035 x1 x3 +  26.939 x1 x4 + -5.267 x1 x5 + -9.810 x1 x6 +  3.874 x1 x7 +  5.334 x2^2 + -13.734 x2 x3 + -8.166 x2 x4 + -5.436 x2 x5 +  12.756 x2 x6 + -1.145 x2 x7 +  12.457 x3^2 +  7.047 x3 x4 +  3.947 x3 x6 + -10.611 x3 x7 + -10.673 x4^2 + -0.894 x4 x5 + -12.246 x4 x6 +  17.761 x4 x7 +  11.457 x5^2 + -12.455 x5 x7 + -2.371 x6^2 +  6.519 x6 x7 + -1.189 x7^2 | (x2)' =  11.191 x0 +  64.695 x1 +  149.438 x2 + -346.542 x3 +  212.776 x4 + -132.473 x5 +  49.378 x6 + -8.453 x7 +  0.438 x0^2 + -2.369 x0 x1 +  8.553 x0 x2 + -16.521 x0 x3 +  16.638 x0 x4 + -7.114 x0 x5 + -0.050 x0 x7 + -2.430 x1^2 +  5.847 x1 x2 + -0.505 x1 x3 + -10.606 x1 x5 +  12.963 x1 x6 + -0.783 x1 x7 + -2.154 x2^2 + -4.156 x2 x3 +  12.170 x2 x4 + -4.892 x2 x5 + -7.203 x2 x6 + -4.544 x2 x7 + -2.500 x3^2 +  5.142 x3 x4 +  8.001 x3 x5 +  0.672 x3 x6 +  9.144 x3 x7 + -9.407 x4^2 + -3.730 x4 x5 + -7.393 x4 x7 +  8.375 x5^2 + -5.122 x5 x6 +  3.774 x5 x7 + -0.113 x6 x7 + -0.123 x7^2 | (x3)' = -0.551 1 +  9.833 x0 + -62.605 x1 +  309.500 x2 + -323.671 x3 +  237.291 x4 + -256.975 x5 +  106.331 x6 + -19.706 x7 + -2.868 x0^2 +  17.271 x0 x1 + -12.205 x0 x2 + -11.591 x0 x3 +  28.259 x0 x4 + -22.754 x0 x5 +  9.537 x0 x6 + -3.096 x0 x7 + -27.037 x1^2 +  42.980 x1 x2 + -2.049 x1 x3 + -14.219 x1 x4 +  4.443 x1 x5 +  7.297 x1 x7 + -1.261 x2^2 + -25.296 x2 x3 +  18.101 x2 x5 + -7.599 x2 x6 + -17.281 x2 x7 +  37.525 x3 x4 + -16.640 x3 x5 + -4.703 x3 x6 +  27.821 x3 x7 + -12.974 x4^2 + -28.608 x4 x5 +  24.793 x4 x6 + -25.929 x4 x7 +  29.225 x5^2 + -22.855 x5 x6 +  11.914 x5 x7 +  0.258 x6 x7 + -0.459 x7^2 | (x4)' = -0.343 x0 + -9.880 x1 +  63.758 x2 + -41.761 x3 +  239.431 x4 + -325.929 x5 +  93.668 x6 + -18.958 x7 + -5.059 x0^2 +  28.734 x0 x1 + -26.835 x0 x2 +  1.136 x0 x3 +  20.194 x0 x4 + -17.976 x0 x5 +  6.670 x0 x6 + -2.315 x0 x7 + -34.446 x1^2 +  43.495 x1 x2 +  7.881 x1 x3 + -27.797 x1 x4 +  12.566 x1 x5 +  6.930 x1 x7 +  9.512 x2^2 + -35.595 x2 x3 +  12.155 x2 x4 +  0.686 x2 x6 + -20.451 x2 x7 + -12.103 x3^2 +  36.703 x3 x4 +  11.363 x3 x5 + -19.376 x3 x6 +  33.393 x3 x7 + -39.333 x4 x5 +  7.350 x4 x6 + -19.912 x4 x7 +  0.072 x5^2 +  50.740 x5 x6 + -11.238 x5 x7 + -34.606 x6^2 +  21.009 x6 x7 + -3.546 x7^2 | (x5)' = -15.183 x0 +  79.049 x1 + -178.615 x2 +  221.952 x3 + -30.859 x4 +  53.321 x5 + -126.839 x6 + -2.844 x7 + -3.245 x0^2 +  12.686 x0 x1 + -1.884 x0 x2 + -16.966 x0 x3 +  24.783 x0 x4 + -13.203 x0 x5 +  0.616 x0 x7 + -56.037 x1 x2 +  79.794 x1 x3 + -63.292 x1 x4 +  18.809 x1 x5 +  14.042 x1 x6 + -3.340 x1 x7 +  57.505 x2^2 + -47.480 x2 x3 +  6.895 x2 x4 + -23.522 x2 x6 + -56.559 x3^2 +  72.751 x3 x4 +  27.362 x3 x5 +  8.450 x3 x7 +  23.923 x4^2 + -101.790 x4 x5 +  2.404 x4 x7 +  16.677 x5^2 +  71.659 x5 x6 + -29.928 x5 x7 + -48.483 x6^2 +  32.612 x6 x7 + -5.239 x7^2 | (x6)' =  0.233 1 + -23.331 x0 +  137.098 x1 + -363.927 x2 +  564.784 x3 + -552.557 x4 +  465.349 x5 + -122.054 x6 + -105.372 x7 + -0.414 x0^2 +  0.918 x0 x1 +  2.984 x0 x2 + -8.332 x0 x3 +  8.180 x0 x4 + -0.889 x0 x5 + -4.957 x0 x6 +  3.097 x0 x7 + -5.415 x1 x2 +  10.273 x1 x3 + -7.251 x1 x4 + -7.735 x1 x5 +  20.931 x1 x6 + -12.722 x1 x7 +  5.007 x2 x3 +  0.179 x2 x5 + -17.892 x2 x6 +  17.698 x2 x7 + -5.354 x3^2 + -2.498 x3 x4 +  22.813 x3 x5 + -11.302 x3 x6 + -9.077 x3 x7 + -6.443 x4^2 +  6.815 x4 x5 +  9.729 x4 x6 +  1.526 x4 x7 + -14.525 x5^2 +  5.702 x5 x6 + -1.452 x6 x7 +  0.405 x7^2 | (x7)' =  1.013 1 +  64.590 x0 + -470.113 x1 +  1568.426 x2 + -3142.591 x3 +  4143.176 x4 + -3684.855 x5 +  2286.067 x6 + -764.661 x7 +  0.168 x0^2 + -2.955 x0 x1 +  7.892 x0 x3 + -11.938 x0 x4 +  9.530 x0 x5 + -3.879 x0 x6 +  1.255 x0 x7 +  11.814 x1^2 + -27.236 x1 x2 +  18.806 x1 x3 + -13.520 x1 x4 +  4.636 x1 x5 + -3.188 x1 x6 + -1.749 x1 x7 +  3.878 x2^2 +  8.731 x2 x3 + -1.267 x2 x4 +  12.177 x2 x5 +  0.690 x2 x6 +  3.751 x2 x7 + -24.610 x3 x4 + -11.416 x3 x5 + -6.543 x3 x6 + -0.588 x3 x7 +  20.186 x4^2 +  13.323 x4 x5 +  11.791 x4 x6 + -6.034 x4 x7 + -18.637 x5^2 + -4.068 x5 x6 +  7.748 x5 x7 +  7.279 x6^2 + -7.313 x6 x7 +  1.289 x7^2
31,35.0,1000.0,36.85636440989091,2,8,2,8.0,56.0,0,0.0,finite_difference,success,,328,360,91.11111111111111,3.8532041301950812,"[""1"", ""x0"", ""x1"", ""x2"", ""x3"", ""x4"", ""x5"", ""x6"", ""x7"", ""x0^2"", ""x0 x1"", ""x0 x2"", ""x0 x3"", ""x0 x4"", ""x0 x5"", ""x0 x6"", ""x0 x7"", ""x1^2"", ""x1 x2"", ""x1 x3"", ""x1 x4"", ""x1 x5"", ""x1 x6"", ""x1 x7"", ""x2^2"", ""x2 x3"", ""x2 x4"", ""x2 x5"", ""x2 x6"", ""x2 x7"", ""x3^2"", ""x3 x4"", ""x3 x5"", ""x3 x6"", ""x3 x7"", ""x4^2"", ""x4 x5"", ""x4 x6"", ""x4 x7"", ""x5^2"", ""x5 x6"", ""x5 x7"", ""x6^2"", ""x6 x7"", ""x7^2""]","[[-19.23232780403623, 209.5237801857141, -406.49546321051605, 379.2094451002119, -331.1305693659476, 240.6432210479054, -138.3526731181574, 57.19084454574665, -11.87388849635169, -0.24250937085934812, 1.5415070763481427, -2.391951428214924, 2.4931060912222875, -1.7928358022506448, 0.9339293305341372, -0.2921809408356222, 0.03685880767705949, -1.924450020924782, 5.041127124971404, -4.698553030447911, 2.843722841514978, -1.1166680843296042, 0.07986271694003856, 0.06357052936007825, -2.784926346881111, 4.418763136852794, -1.8025175792500603, 0.0, 0.65953829217466, -0.23852611246084957, -1.2718161990737253, -0.2381850085871755, 1.4857783097900736, -1.3374593912670851, 0.316316717602378, 1.130464462037308, -2.501770744280089, 1.5812780347188917, -0.2773717723668055, 1.1135671328880685, -1.217533398248007, 0.14937554339237338, 0.2712662345953135, -0.003637366978614679, -0.023955867141397028], [0.0, 44.306401595472764, 75.21945419868858, -181.87991842688197, 104.75424666894585, -67.2101380309779, 36.64393773517245, -14.85533130793741, 3.2204274894864735, 0.0562934290677611, -0.31103877766965543, 0.4330241064997983, -0.410178264858994, 0.2663290857991641, -0.12278347572477581, 0.028269606125528375, -0.0012142832119463617, 0.35065276060908546, -0.813376494287461, 0.650323859886702, -0.300617136188237, 0.053139150556920804, 0.05585137645141096, -0.025293497333183385, 0.37809003965241994, -0.43196468985322234, -0.015804407824962275, 0.21160545231141595, -0.2053634007284047, 0.05410564410175383, 0.0, 0.4206902476169652, -0.46563588789325555, 0.29871269420045804, -0.05235275122917736, -0.32610086826026197, 0.5141688853826173, -0.25456421587451467, 0.0156744783929219, -0.16699146073379584, 0.12148366539830666, 0.025298904464121308, 0.0, -0.045047804632794515, 0.01441330338053348], [-1.371972860757692, -7.528313435332017, 67.62788809638988, 35.28421618926181, -131.54900687667353, 54.372134137487194, -26.188692459929676, 10.079386387682558, -2.182979449154167, -0.011197486318732902, 0.0585550789928534, -0.07426538034328356, 0.06299678374632176, -0.03386717497253896, 0.015309135406328249, 0.0, -0.0037189798688126822, -0.04722559335629763, 0.06968519569346422, -0.034859165875891156, 0.0011624475146577576, -0.008077071096331436, -0.003700318836988687, 0.006413062072192748, 0.0, -0.035774226066333084, 0.04493371234706141, 0.003148126839161904, 0.0, -0.0028146130324682994, 0.04263004669864437, -0.0980133978948807, 0.03275760351959845, -0.016094194606942083, 0.0018694586579178288, 0.054213014495877475, -0.04895770974675653, 0.02490381067784003, 0.0, 0.01734421510700198, -0.024794117647332626, -0.0009051688593164206, 0.006450853701884851, 0.0038537300206210527, -0.001711315008798283], [0.9569250629300269, 3.2975264243460094, -18.089083515927513, 86.32503336199997, 10.768190234716766, -105.84325374189494, 32.28251314289942, -10.959244175847074, 2.275875740263537, 0.0028475955824928297, -0.014120084985847013, 0.021292825272396076, -0.02478032782396532, 0.019091337139622116, -0.010340468128928975, 0.0, 0.0011143423015510378, 0.0, 0.016758689184383772, -0.0084216474179033, 0.0, 0.005113295985385434, 0.005271129338500326, 0.00010117746963010788, -0.020145799350471047, 0.016304461104409102, 0.005530570969527533, -0.01587045268364505, 0.0004313700809201592, -0.009593864956043146, -0.0032745634986733087, 0.0008688442443641318, 0.0048299288694402176, 0.0023594062722890104, 0.01922934615239794, 0.0010943475497941619, -0.0064571069962705415, 0.0047711709968407895, -0.027323041496740714, 0.0, -0.0027976695603694882, 0.024929281718814412, 0.005526198362617583, -0.019821296563515344, 0.005324548827135522], [0.0, -2.239707155227822, 10.844332703543602, -32.076872243423956, 105.58852308332152, -10.519809027682602, -86.51212675682906, 18.182839390161583, -3.3263996852097626, 0.0008413271436281208, 0.0, -0.00413468684208239, 0.0058726701075377166, -0.002224380216072139, -0.002232177644984182, 0.004949471463434782, -0.0022486406384386506, 0.0033327714941978376, -0.006663483847562464, -0.000312232354074293, 0.0, 0.00382903249342885, -0.007245689572227434, 0.0, 0.0, 0.009289557944797657, -0.006678861021440187, 0.0, 0.0, 0.011997795773808707, 0.003727472172051837, -0.014978878140484748, 0.008787111187453196, 0.012421603692832897, -0.03064549315077765, -0.004912974515399922, 0.03651624068109328, -0.056575916331299964, 0.05358472496643606, -0.030754524532197684, 0.0736675734418167, -0.05755035932695395, -0.03823170009347894, 0.047532636775034325, -0.010919508683870262], [0.0, 2.1705685476704577, -10.031099403490847, 26.083061432757592, -54.23338426699832, 131.4108750969429, -35.185308375040414, -67.6637116932223, 7.53458364250695, 0.003180449972062733, -0.016322010425823805, 0.013360079256113579, 0.0, -0.009035368384068182, 0.010711995912729238, -0.008773803856404801, 0.0016636376212865618, 0.01523125029719626, -0.024296097505012316, 0.011110368720786237, -0.006897198028090214, 0.0, 0.006161210974931115, 0.005007214087877377, 0.014083292866866683, -0.02203537094988681, 0.02260155597002895, 0.0, -0.007801588917953934, -0.016929570506179718, 0.0, -0.008259696174783348, -0.009861287076654866, -0.0035412841709009536, 0.03905798715668819, 0.029654578326230478, -0.05511193815838003, 0.06365908680771891, -0.06994555857257095, 0.027874947498451562, -0.07312520988397833, 0.07199638494298648, 0.04308311766937972, -0.06103286276752109, 0.014426964159083051], [-2.310317558808968, -3.2088974807553803, 14.791534989671428, -36.492683742960054, 67.0415347049934, -104.62617367732058, 181.8234702800316, -75.25459601269635, -44.27224582071609, -0.015225689740418158, 0.07904814842271944, -0.09251678373677784, 0.052073463450460156, 0.010572866786455533, -0.06176765245243876, 0.06575705739496437, -0.02436144691551445, -0.0833451665241888, 0.1835831408031784, -0.11293501138134032, 0.0, 0.12458143551384485, -0.14730245148632873, 0.04860152881656637, -0.11049253907110233, 0.15690553265444396, -0.035827324307930106, -0.16271439101627397, 0.20462669711506098, -0.05443440635681284, -0.04079842662531231, -0.006353868455499879, 0.21250102482603805, -0.22297081231451663, 0.03560694255303302, 0.0, -0.17122872356691976, 0.1635682016210184, 0.0, 0.13674828573022094, -0.17931230860709588, 0.0, 0.037633066020298554, 0.016276341181881315, -0.006001386171437705], [15.455704239562314, 11.795583935519582, -56.87013390516191, 137.59035566596197, -239.75473757937104, 330.43774228883694, -378.9891735195204, 406.7865482822137, -209.71442400255575, 0.04153669836496232, -0.19476646413332574, 0.2335419439521897, -0.2217483940154968, 0.16401772965333597, -0.02159015404949576, -0.037589600614350106, -0.0019588791930941064, 0.0952862762190832, 0.0, 0.0, -0.13479428320035577, 0.0, -0.021713371300483852, 0.13210704867610934, -0.24600899699585232, 0.5195705059239959, -0.031809624338439736, 0.0, 0.30096923012443766, -0.4484669847878718, -0.2921587224748111, -0.30245406495810856, 0.553332224233746, -1.059100128968599, 0.9547375574400535, 0.8461241504226734, -1.9365797489769965, 2.1327581177316084, -1.4055939010848508, 1.0412376766460847, -2.1838933045172526, 1.3374625131932787, 0.9859740580291887, -0.9812161538033056, 0.17980487471456733]]",(x0)' = -19.232 1 +  209.524 x0 + -406.495 x1 +  379.209 x2 + -331.131 x3 +  240.643 x4 + -138.353 x5 +  57.191 x6 + -11.874 x7 + -0.243 x0^2 +  1.542 x0 x1 + -2.392 x0 x2 +  2.493 x0 x3 + -1.793 x0 x4 +  0.934 x0 x5 + -0.292 x0 x6 +  0.037 x0 x7 + -1.924 x1^2 +  5.041 x1 x2 + -4.699 x1 x3 +  2.844 x1 x4 + -1.117 x1 x5 +  0.080 x1 x6 +  0.064 x1 x7 + -2.785 x2^2 +  4.419 x2 x3 + -1.803 x2 x4 +  0.660 x2 x6 + -0.239 x2 x7 + -1.272 x3^2 + -0.238 x3 x4 +  1.486 x3 x5 + -1.337 x3 x6 +  0.316 x3 x7 +  1.130 x4^2 + -2.502 x4 x5 +  1.581 x4 x6 + -0.277 x4 x7 +  1.114 x5^2 + -1.218 x5 x6 +  0.149 x5 x7 +  0.271 x6^2 + -0.004 x6 x7 + -0.024 x7^2 | (x1)' =  44.306 x0 +  75.219 x1 + -181.880 x2 +  104.754 x3 + -67.210 x4 +  36.644 x5 + -14.855 x6 +  3.220 x7 +  0.056 x0^2 + -0.311 x0 x1 +  0.433 x0 x2 + -0.410 x0 x3 +  0.266 x0 x4 + -0.123 x0 x5 +  0.028 x0 x6 + -0.001 x0 x7 +  0.351 x1^2 + -0.813 x1 x2 +  0.650 x1 x3 + -0.301 x1 x4 +  0.053 x1 x5 +  0.056 x1 x6 + -0.025 x1 x7 +  0.378 x2^2 + -0.432 x2 x3 + -0.016 x2 x4 +  0.212 x2 x5 + -0.205 x2 x6 +  0.054 x2 x7 +  0.421 x3 x4 + -0.466 x3 x5 +  0.299 x3 x6 + -0.052 x3 x7 + -0.326 x4^2 +  0.514 x4 x5 + -0.255 x4 x6 +  0.016 x4 x7 + -0.167 x5^2 +  0.121 x5 x6 +  0.025 x5 x7 + -0.045 x6 x7 +  0.014 x7^2 | (x2)' = -1.372 1 + -7.528 x0 +  67.628 x1 +  35.284 x2 + -131.549 x3 +  54.372 x4 + -26.189 x5 +  10.079 x6 + -2.183 x7 + -0.011 x0^2 +  0.059 x0 x1 + -0.074 x0 x2 +  0.063 x0 x3 + -0.034 x0 x4 +  0.015 x0 x5 + -0.004 x0 x7 + -0.047 x1^2 +  0.070 x1 x2 + -0.035 x1 x3 +  0.001 x1 x4 + -0.008 x1 x5 + -0.004 x1 x6 +  0.006 x1 x7 + -0.036 x2 x3 +  0.045 x2 x4 +  0.003 x2 x5 + -0.003 x2 x7 +  0.043 x3^2 + -0.098 x3 x4 +  0.033 x3 x5 + -0.016 x3 x6 +  0.002 x3 x7 +  0.054 x4^2 + -0.049 x4 x5 +  0.025 x4 x6 +  0.017 x5^2 + -0.025 x5 x6 + -0.001 x5 x7 +  0.006 x6^2 +  0.004 x6 x7 + -0.002 x7^2 | (x3)' =  0.957 1 +  3.298 x0 + -18.089 x1 +  86.325 x2 +  10.768 x3 + -105.843 x4 +  32.283 x5 + -10.959 x6 +  2.276 x7 +  0.003 x0^2 + -0.014 x0 x1 +  0.021 x0 x2 + -0.025 x0 x3 +  0.019 x0 x4 + -0.010 x0 x5 +  0.001 x0 x7 +  0.017 x1 x2 + -0.008 x1 x3 +  0.005 x1 x5 +  0.005 x1 x6 + -0.020 x2^2 +  0.016 x2 x3 +  0.006 x2 x4 + -0.016 x2 x5 + -0.010 x2 x7 + -0.003 x3^2 +  0.001 x3 x4 +  0.005 x3 x5 +  0.002 x3 x6 +  0.019 x3 x7 +  0.001 x4^2 + -0.006 x4 x5 +  0.005 x4 x6 + -0.027 x4 x7 + -0.003 x5 x6 +  0.025 x5 x7 +  0.006 x6^2 + -0.020 x6 x7 +  0.005 x7^2 | (x4)' = -2.240 x0 +  10.844 x1 + -32.077 x2 +  105.589 x3 + -10.520 x4 + -86.512 x5 +  18.183 x6 + -3.326 x7 +  0.001 x0^2 + -0.004 x0 x2 +  0.006 x0 x3 + -0.002 x0 x4 + -0.002 x0 x5 +  0.005 x0 x6 + -0.002 x0 x7 +  0.003 x1^2 + -0.007 x1 x2 +  0.004 x1 x5 + -0.007 x1 x6 +  0.009 x2 x3 + -0.007 x2 x4 +  0.012 x2 x7 +  0.004 x3^2 + -0.015 x3 x4 +  0.009 x3 x5 +  0.012 x3 x6 + -0.031 x3 x7 + -0.005 x4^2 +  0.037 x4 x5 + -0.057 x4 x6 +  0.054 x4 x7 + -0.031 x5^2 +  0.074 x5 x6 + -0.058 x5 x7 + -0.038 x6^2 +  0.048 x6 x7 + -0.011 x7^2 | (x5)' =  2.171 x0 + -10.031 x1 +  26.083 x2 + -54.233 x3 +  131.411 x4 + -35.185 x5 + -67.664 x6 +  7.535 x7 +  0.003 x0^2 + -0.016 x0 x1 +  0.013 x0 x2 + -0.009 x0 x4 +  0.011 x0 x5 + -0.009 x0 x6 +  0.002 x0 x7 +  0.015 x1^2 + -0.024 x1 x2 +  0.011 x1 x3 + -0.007 x1 x4 +  0.006 x1 x6 +  0.005 x1 x7 +  0.014 x2^2 + -0.022 x2 x3 +  0.023 x2 x4 + -0.008 x2 x6 + -0.017 x2 x7 + -0.008 x3 x4 + -0.010 x3 x5 + -0.004 x3 x6 +  0.039 x3 x7 +  0.030 x4^2 + -0.055 x4 x5 +  0.064 x4 x6 + -0.070 x4 x7 +  0.028 x5^2 + -0.073 x5 x6 +  0.072 x5 x7 +  0.043 x6^2 + -0.061 x6 x7 +  0.014 x7^2 | (x6)' = -2.310 1 + -3.209 x0 +  14.792 x1 + -36.493 x2 +  67.042 x3 + -104.626 x4 +  181.823 x5 + -75.255 x6 + -44.272 x7 + -0.015 x0^2 +  0.079 x0 x1 + -0.093 x0 x2 +  0.052 x0 x3 +  0.011 x0 x4 + -0.062 x0 x5 +  0.066 x0 x6 + -0.024 x0 x7 + -0.083 x1^2 +  0.184 x1 x2 + -0.113 x1 x3 +  0.125 x1 x5 + -0.147 x1 x6 +  0.049 x1 x7 + -0.110 x2^2 +  0.157 x2 x3 + -0.036 x2 x4 + -0.163 x2 x5 +  0.205 x2 x6 + -0.054 x2 x7 + -0.041 x3^2 + -0.006 x3 x4 +  0.213 x3 x5 + -0.223 x3 x6 +  0.036 x3 x7 + -0.171 x4 x5 +  0.164 x4 x6 +  0.137 x5^2 + -0.179 x5 x6 +  0.038 x6^2 +  0.016 x6 x7 + -0.006 x7^2 | (x7)' =  15.456 1 +  11.796 x0 + -56.870 x1 +  137.590 x2 + -239.755 x3 +  330.438 x4 + -378.989 x5 +  406.787 x6 + -209.714 x7 +  0.042 x0^2 + -0.195 x0 x1 +  0.234 x0 x2 + -0.222 x0 x3 +  0.164 x0 x4 + -0.022 x0 x5 + -0.038 x0 x6 + -0.002 x0 x7 +  0.095 x1^2 + -0.135 x1 x4 + -0.022 x1 x6 +  0.132 x1 x7 + -0.246 x2^2 +  0.520 x2 x3 + -0.032 x2 x4 +  0.301 x2 x6 + -0.448 x2 x7 + -0.292 x3^2 + -0.302 x3 x4 +  0.553 x3 x5 + -1.059 x3 x6 +  0.955 x3 x7 +  0.846 x4^2 + -1.937 x4 x5 +  2.133 x4 x6 + -1.406 x4 x7 +  1.041 x5^2 + -2.184 x5 x6 +  1.337 x5 x7 +  0.986 x6^2 + -0.981 x6 x7 +  0.180 x7^2
32,35.0,1000.0,36.85636440989091,2,8,2,8.0,56.0,5,20.0,smoothed_finite_difference_savgol_order_3,success,,332,360,92.22222222222223,3.4563925014808774,"[""1"", ""x0"", ""x1"", ""x2"", ""x3"", ""x4"", ""x5"", ""x6"", ""x7"", ""x0^2"", ""x0 x1"", ""x0 x2"", ""x0 x3"", ""x0 x4"", ""x0 x5"", ""x0 x6"", ""x0 x7"", ""x1^2"", ""x1 x2"", ""x1 x3"", ""x1 x4"", ""x1 x5"", ""x1 x6"", ""x1 x7"", ""x2^2"", ""x2 x3"", ""x2 x4"", ""x2 x5"", ""x2 x6"", ""x2 x7"", ""x3^2"", ""x3 x4"", ""x3 x5"", ""x3 x6"", ""x3 x7"", ""x4^2"", ""x4 x5"", ""x4 x6"", ""x4 x7"", ""x5^2"", ""x5 x6"", ""x5 x7"", ""x6^2"", ""x6 x7"", ""x7^2""]","[[-18.074700704324567, 213.15754297381153, -418.0312776585048, 398.4360392462878, -353.16922433195595, 259.24701919945835, -149.869226775138, 62.025646084841995, -13.003144898089152, -0.233572926869214, 1.523293258622607, -2.409771258642917, 2.5405273060225864, -1.8453809773313112, 0.9639430766535418, -0.3047352288123699, 0.04152639948058063, -1.9563911795524909, 5.235269242916539, -4.923138057068613, 3.01587129405735, -1.1905730973637694, 0.10359641494277677, 0.053733427410731525, -2.95849816384467, 4.708339807663612, -1.9438975612484048, 0.0, 0.6810633298757698, -0.2339619742270104, -1.3360056803341878, -0.2933153995136874, 1.6379300858270365, -1.424062693253084, 0.3173406015307193, 1.2292637489310356, -2.723869274857376, 1.6795124697252648, -0.2718134028192457, 1.2107201258210258, -1.2845765325635694, 0.13618418036008553, 0.27292791112632736, 0.014608122755849877, -0.029114132254426817], [0.0, 43.68082841199131, 77.16911944823114, -185.04601477591115, 108.25728901161747, -70.02295547546171, 38.26879973726156, -15.46402477072782, 3.3403215261496935, 0.04151861352481004, -0.22817695958359638, 0.3118278292875151, -0.2968483735235299, 0.19996513964287743, -0.09516163182836204, 0.01609200021773258, 0.004112558765378397, 0.24180491969051165, -0.5110726167135392, 0.39591320983005013, -0.19567105898910264, 0.04318983968632169, 0.0584019046524967, -0.03460415876978397, 0.18516982779618313, -0.18050961717390707, -0.003921280774294872, 0.09193327385599609, -0.15249094723096354, 0.05983064607454453, 0.0, 0.09755062106361051, -0.10884431169422856, 0.14873135988283787, -0.044051116882352276, -0.026019038543345818, 0.0, -0.054710955431321824, 0.0019481072702358239, 0.02461600923244454, 0.0034482992555510206, 0.018060918878322126, 0.0, -0.018230481108777105, 0.0060404159486057004], [-1.2890696392660912, -7.286370377396964, 66.88294361378648, 36.4562302711118, -132.7746608717794, 55.26281595891361, -26.613902362318186, 10.181707753635452, -2.1866797692852766, -0.008848668252650288, 0.04952540858008731, -0.0651984347299436, 0.056740290438336935, -0.03169142898298993, 0.014767841528934615, 0.0, -0.003920071756005329, -0.04173154054393685, 0.06370482969266328, -0.0339782978266043, 0.005668252755102279, -0.010941641591156381, -0.0028528080816155187, 0.007262765171013876, 0.0, -0.03256587441485704, 0.03713294663513996, 0.0060005929933795235, 0.0, -0.004543677272413509, 0.03901791529769656, -0.08527888684717455, 0.02711034017997028, -0.014060794714022266, 0.0027579101963450146, 0.046318443175354926, -0.04279173942529145, 0.022077808084701007, 0.0, 0.017431997330705835, -0.02414768283100497, -0.0009175184896104136, 0.005725215941408994, 0.004176526316937096, -0.0017167225828656197], [0.5660668612187048, 3.1877287438871034, -17.763563338306536, 85.86796373596972, 11.153262622859229, -106.00248866071679, 32.22726888712668, -10.838225203675313, 2.2205849270227196, 0.012394544736983763, -0.06480278786960161, 0.08488679796607367, -0.07123630058319397, 0.03758403251660612, -0.012476886298424875, 0.0, -8.881107465241714e-05, 0.06344461068859493, -0.12481601679856875, 0.06882731597609781, 0.0, -0.023703499760170037, 0.019963812457583767, 0.0005513553204735867, 0.04005560528703405, 0.00807487872385602, -0.07909416805974284, 0.06978343049853201, -0.031668293414057275, -0.010623974776902996, -0.0583323413547312, 0.1642529393839818, -0.10606260003381146, 0.02855656867283712, 0.0267884097386681, -0.07819863363844938, 0.06714722345814104, 0.010508712387413991, -0.04520517241269065, 0.0, -0.04454552100039522, 0.04988715009489923, 0.02883590431141062, -0.0398177434692824, 0.00900125384038686], [0.0, -2.2121771422261816, 10.794158412551381, -32.12394201112124, 105.85747933223449, -11.0012300571775, -85.9843104243781, 17.81398441903571, -3.1983438884738935, -0.010285796352460758, 0.050906377979979704, -0.06297817122208361, 0.04642221309846745, -0.01757405128864137, -0.0010124541161086742, 0.007248515227920661, -0.0017419822450672887, -0.04847757598349598, 0.09603858549831557, -0.05103761578307511, 0.0, 0.019835742949861724, -0.02012723297330977, 0.0, -0.042715994579076225, 0.040351439576717524, -0.004459555099722255, 0.0, 0.0, 0.017529918567358426, -0.005343595496129859, 0.020789807630957426, -0.04932447929983877, 0.05000237701847436, -0.046671132437159486, -0.05053243775228021, 0.15165069677700105, -0.12713543599745217, 0.0768769306658091, -0.0944496114415423, 0.14878663646949622, -0.07954036372070693, -0.059125863284628224, 0.057927402331503834, -0.011772740500843003], [0.0, 2.165687610433841, -10.118728995537232, 26.494577037368742, -55.111248977848064, 132.62492793011262, -36.348071195683865, -66.92439917667937, 7.294911543717338, 0.0, -0.003898736235103168, 0.004075923335895863, 0.0, -0.0031206992602489988, 0.005302086347079114, -0.006380676491353939, 0.0016855468238514914, 0.0021172608989678855, 0.0005369095282055622, 8.154675309934033e-05, -0.005575121618225966, 0.0, 0.006945590614718683, 0.003265871251847683, 0.00027083523336071555, -0.007768985876004861, 0.01865580223707986, 0.0, -0.00607501585916455, -0.016503923740386506, 0.0, -0.01722934386656278, 0.0024514656971576934, -0.015424269222083205, 0.042761194023990055, 0.03670940002415157, -0.07203002084410397, 0.0800004735230025, -0.07547584292331895, 0.038596417005558985, -0.0924874410457417, 0.0779502625578522, 0.05023342209847348, -0.06434752865783969, 0.014591472658721657], [-2.1556338257267935, -3.338651519168421, 15.422248244197974, -38.14941547725123, 69.88514676907825, -108.13861298448356, 184.98005981140327, -77.18581369792257, -43.657794664249856, -0.01662987945023851, 0.08702943331927462, -0.10393423256162229, 0.06334806386310454, 0.004378829133972597, -0.06085174432065802, 0.06614583830237783, -0.024430255644209534, -0.0927252381685495, 0.20424205792015998, -0.12800380775742065, 0.0, 0.13554653562339997, -0.15523221939612478, 0.05061852839082915, -0.11951964183727602, 0.17041094284358918, -0.031906002977687815, -0.17893111208524, 0.21391445353435598, -0.056041327979423516, -0.05130011072074319, 0.002406813119469416, 0.21680521965309593, -0.22359065862148572, 0.034677164586006226, 0.0, -0.17863300554393932, 0.16412793604426668, 0.0, 0.1383393424436138, -0.17494117277850382, 0.0, 0.03577004777195646, 0.014200565582410002, -0.004834152859467787], [13.13206516086683, 12.939903221325103, -61.712931737054106, 149.15426628322285, -258.44295008437723, 352.5236594099664, -398.21778751687583, 418.2892212900587, -213.32637429012925, 0.0593884863542365, -0.2640154183772986, 0.24897357790505859, -0.110639504811758, 0.028129113818890085, 0.012629297486550322, 0.005669115923570813, -0.034642184729513914, 0.15439904937407684, 0.0, -0.22364076301967395, -0.011884259768505625, 0.24117067279951096, -0.3945050473929135, 0.3121146079362376, -0.26290829819375333, 0.5322626915476085, 0.4758478180375192, -1.1681012905941486, 1.4276929576418849, -0.9097067823165501, -0.03975041074875903, -1.8007911999980306, 2.8377522131558512, -2.959408168517637, 1.6711469586959324, 2.1615109576957514, -5.086584430179468, 4.460486535949348, -2.2213276893069924, 2.6527610496695946, -4.341609404214803, 2.0402324153496503, 1.648429985484632, -1.3794827425422345, 0.23565506654358104]]",(x0)' = -18.075 1 +  213.158 x0 + -418.031 x1 +  398.436 x2 + -353.169 x3 +  259.247 x4 + -149.869 x5 +  62.026 x6 + -13.003 x7 + -0.234 x0^2 +  1.523 x0 x1 + -2.410 x0 x2 +  2.541 x0 x3 + -1.845 x0 x4 +  0.964 x0 x5 + -0.305 x0 x6 +  0.042 x0 x7 + -1.956 x1^2 +  5.235 x1 x2 + -4.923 x1 x3 +  3.016 x1 x4 + -1.191 x1 x5 +  0.104 x1 x6 +  0.054 x1 x7 + -2.958 x2^2 +  4.708 x2 x3 + -1.944 x2 x4 +  0.681 x2 x6 + -0.234 x2 x7 + -1.336 x3^2 + -0.293 x3 x4 +  1.638 x3 x5 + -1.424 x3 x6 +  0.317 x3 x7 +  1.229 x4^2 + -2.724 x4 x5 +  1.680 x4 x6 + -0.272 x4 x7 +  1.211 x5^2 + -1.285 x5 x6 +  0.136 x5 x7 +  0.273 x6^2 +  0.015 x6 x7 + -0.029 x7^2 | (x1)' =  43.681 x0 +  77.169 x1 + -185.046 x2 +  108.257 x3 + -70.023 x4 +  38.269 x5 + -15.464 x6 +  3.340 x7 +  0.042 x0^2 + -0.228 x0 x1 +  0.312 x0 x2 + -0.297 x0 x3 +  0.200 x0 x4 + -0.095 x0 x5 +  0.016 x0 x6 +  0.004 x0 x7 +  0.242 x1^2 + -0.511 x1 x2 +  0.396 x1 x3 + -0.196 x1 x4 +  0.043 x1 x5 +  0.058 x1 x6 + -0.035 x1 x7 +  0.185 x2^2 + -0.181 x2 x3 + -0.004 x2 x4 +  0.092 x2 x5 + -0.152 x2 x6 +  0.060 x2 x7 +  0.098 x3 x4 + -0.109 x3 x5 +  0.149 x3 x6 + -0.044 x3 x7 + -0.026 x4^2 + -0.055 x4 x6 +  0.002 x4 x7 +  0.025 x5^2 +  0.003 x5 x6 +  0.018 x5 x7 + -0.018 x6 x7 +  0.006 x7^2 | (x2)' = -1.289 1 + -7.286 x0 +  66.883 x1 +  36.456 x2 + -132.775 x3 +  55.263 x4 + -26.614 x5 +  10.182 x6 + -2.187 x7 + -0.009 x0^2 +  0.050 x0 x1 + -0.065 x0 x2 +  0.057 x0 x3 + -0.032 x0 x4 +  0.015 x0 x5 + -0.004 x0 x7 + -0.042 x1^2 +  0.064 x1 x2 + -0.034 x1 x3 +  0.006 x1 x4 + -0.011 x1 x5 + -0.003 x1 x6 +  0.007 x1 x7 + -0.033 x2 x3 +  0.037 x2 x4 +  0.006 x2 x5 + -0.005 x2 x7 +  0.039 x3^2 + -0.085 x3 x4 +  0.027 x3 x5 + -0.014 x3 x6 +  0.003 x3 x7 +  0.046 x4^2 + -0.043 x4 x5 +  0.022 x4 x6 +  0.017 x5^2 + -0.024 x5 x6 + -0.001 x5 x7 +  0.006 x6^2 +  0.004 x6 x7 + -0.002 x7^2 | (x3)' =  0.566 1 +  3.188 x0 + -17.764 x1 +  85.868 x2 +  11.153 x3 + -106.002 x4 +  32.227 x5 + -10.838 x6 +  2.221 x7 +  0.012 x0^2 + -0.065 x0 x1 +  0.085 x0 x2 + -0.071 x0 x3 +  0.038 x0 x4 + -0.012 x0 x5 +  0.063 x1^2 + -0.125 x1 x2 +  0.069 x1 x3 + -0.024 x1 x5 +  0.020 x1 x6 +  0.001 x1 x7 +  0.040 x2^2 +  0.008 x2 x3 + -0.079 x2 x4 +  0.070 x2 x5 + -0.032 x2 x6 + -0.011 x2 x7 + -0.058 x3^2 +  0.164 x3 x4 + -0.106 x3 x5 +  0.029 x3 x6 +  0.027 x3 x7 + -0.078 x4^2 +  0.067 x4 x5 +  0.011 x4 x6 + -0.045 x4 x7 + -0.045 x5 x6 +  0.050 x5 x7 +  0.029 x6^2 + -0.040 x6 x7 +  0.009 x7^2 | (x4)' = -2.212 x0 +  10.794 x1 + -32.124 x2 +  105.857 x3 + -11.001 x4 + -85.984 x5 +  17.814 x6 + -3.198 x7 + -0.010 x0^2 +  0.051 x0 x1 + -0.063 x0 x2 +  0.046 x0 x3 + -0.018 x0 x4 + -0.001 x0 x5 +  0.007 x0 x6 + -0.002 x0 x7 + -0.048 x1^2 +  0.096 x1 x2 + -0.051 x1 x3 +  0.020 x1 x5 + -0.020 x1 x6 + -0.043 x2^2 +  0.040 x2 x3 + -0.004 x2 x4 +  0.018 x2 x7 + -0.005 x3^2 +  0.021 x3 x4 + -0.049 x3 x5 +  0.050 x3 x6 + -0.047 x3 x7 + -0.051 x4^2 +  0.152 x4 x5 + -0.127 x4 x6 +  0.077 x4 x7 + -0.094 x5^2 +  0.149 x5 x6 + -0.080 x5 x7 + -0.059 x6^2 +  0.058 x6 x7 + -0.012 x7^2 | (x5)' =  2.166 x0 + -10.119 x1 +  26.495 x2 + -55.111 x3 +  132.625 x4 + -36.348 x5 + -66.924 x6 +  7.295 x7 + -0.004 x0 x1 +  0.004 x0 x2 + -0.003 x0 x4 +  0.005 x0 x5 + -0.006 x0 x6 +  0.002 x0 x7 +  0.002 x1^2 +  0.001 x1 x2 + -0.006 x1 x4 +  0.007 x1 x6 +  0.003 x1 x7 + -0.008 x2 x3 +  0.019 x2 x4 + -0.006 x2 x6 + -0.017 x2 x7 + -0.017 x3 x4 +  0.002 x3 x5 + -0.015 x3 x6 +  0.043 x3 x7 +  0.037 x4^2 + -0.072 x4 x5 +  0.080 x4 x6 + -0.075 x4 x7 +  0.039 x5^2 + -0.092 x5 x6 +  0.078 x5 x7 +  0.050 x6^2 + -0.064 x6 x7 +  0.015 x7^2 | (x6)' = -2.156 1 + -3.339 x0 +  15.422 x1 + -38.149 x2 +  69.885 x3 + -108.139 x4 +  184.980 x5 + -77.186 x6 + -43.658 x7 + -0.017 x0^2 +  0.087 x0 x1 + -0.104 x0 x2 +  0.063 x0 x3 +  0.004 x0 x4 + -0.061 x0 x5 +  0.066 x0 x6 + -0.024 x0 x7 + -0.093 x1^2 +  0.204 x1 x2 + -0.128 x1 x3 +  0.136 x1 x5 + -0.155 x1 x6 +  0.051 x1 x7 + -0.120 x2^2 +  0.170 x2 x3 + -0.032 x2 x4 + -0.179 x2 x5 +  0.214 x2 x6 + -0.056 x2 x7 + -0.051 x3^2 +  0.002 x3 x4 +  0.217 x3 x5 + -0.224 x3 x6 +  0.035 x3 x7 + -0.179 x4 x5 +  0.164 x4 x6 +  0.138 x5^2 + -0.175 x5 x6 +  0.036 x6^2 +  0.014 x6 x7 + -0.005 x7^2 | (x7)' =  13.132 1 +  12.940 x0 + -61.713 x1 +  149.154 x2 + -258.443 x3 +  352.524 x4 + -398.218 x5 +  418.289 x6 + -213.326 x7 +  0.059 x0^2 + -0.264 x0 x1 +  0.249 x0 x2 + -0.111 x0 x3 +  0.028 x0 x4 +  0.013 x0 x5 +  0.006 x0 x6 + -0.035 x0 x7 +  0.154 x1^2 + -0.224 x1 x3 + -0.012 x1 x4 +  0.241 x1 x5 + -0.395 x1 x6 +  0.312 x1 x7 + -0.263 x2^2 +  0.532 x2 x3 +  0.476 x2 x4 + -1.168 x2 x5 +  1.428 x2 x6 + -0.910 x2 x7 + -0.040 x3^2 + -1.801 x3 x4 +  2.838 x3 x5 + -2.959 x3 x6 +  1.671 x3 x7 +  2.162 x4^2 + -5.087 x4 x5 +  4.460 x4 x6 + -2.221 x4 x7 +  2.653 x5^2 + -4.342 x5 x6 +  2.040 x5 x7 +  1.648 x6^2 + -1.379 x6 x7 +  0.236 x7^2
33,35.0,1000.0,36.85636440989091,2,8,2,8.0,56.0,9,36.0,smoothed_finite_difference_savgol_order_3,success,,332,360,92.22222222222223,3.889664643444121,"[""1"", ""x0"", ""x1"", ""x2"", ""x3"", ""x4"", ""x5"", ""x6"", ""x7"", ""x0^2"", ""x0 x1"", ""x0 x2"", ""x0 x3"", ""x0 x4"", ""x0 x5"", ""x0 x6"", ""x0 x7"", ""x1^2"", ""x1 x2"", ""x1 x3"", ""x1 x4"", ""x1 x5"", ""x1 x6"", ""x1 x7"", ""x2^2"", ""x2 x3"", ""x2 x4"", ""x2 x5"", ""x2 x6"", ""x2 x7"", ""x3^2"", ""x3 x4"", ""x3 x5"", ""x3 x6"", ""x3 x7"", ""x4^2"", ""x4 x5"", ""x4 x6"", ""x4 x7"", ""x5^2"", ""x5 x6"", ""x5 x7"", ""x6^2"", ""x6 x7"", ""x7^2""]","[[-9.53699481383802, 240.13142048473054, -508.4834279766687, 554.3506653699268, -532.9206751466252, 407.0610741050118, -235.55649282320522, 93.92808213034976, -19.179505889260465, -0.2987442188480486, 2.3252511844576786, -4.342147619993818, 5.205387089202227, -4.333097874041601, 2.5433004205667387, -1.0078691867443812, 0.2328025633965237, -3.98705316796774, 13.751587289457936, -15.657650746979778, 12.448635381705579, -6.957014455486533, 2.6170066728998904, -0.6192079666660579, -11.096451064075731, 23.852557047224504, -17.79756225968492, 9.157790419303733, -3.1544791517138653, 0.8042389123207034, -11.946724099787632, 16.22016724578275, -7.154186066604125, 2.0252477809898335, -0.6440784154223148, -4.692481941328535, 2.7375027223135966, -0.18135952467136054, 0.28066501751425793, 0.33308745869772327, -0.9491072889140135, 0.0, 0.3049697788254428, 0.0, -0.01937542042705701], [0.0, 39.87777173415934, 89.56658004118195, -205.46293646307788, 130.4007965110153, -86.75504764460791, 46.738392913925786, -17.864158672778203, 3.591865399141196, 0.055207850762159935, -0.3894673090766777, 0.6232855281330949, -0.599935079973159, 0.33803581020167517, -0.07152416300779689, -0.033737392881969884, 0.023512232777945122, 0.6858209915704588, -2.223127319832383, 2.2319129430460958, -1.3911031080672935, 0.4543152802166301, 0.0, -0.05223304812750522, 1.7876774096392753, -3.5583599126776413, 2.2014286587792955, -0.7297037769305065, 0.02126242658572489, 0.0786813820799571, 1.726018488287328, -2.0548542556178075, 0.6343654879096637, 0.0, -0.0839382500160018, 0.5692183769011462, -0.282533570763977, -0.03891961299674058, 0.06595263395254018, 0.0, 0.04419132501217015, -0.03217292525574558, 0.0, 0.0, 0.0006880465680501876], [-1.3325941939622743, -5.80240712713826, 62.148534164941005, 43.86434836249565, -139.96010200207436, 59.480535391643244, -27.61124706500719, 9.714930130138914, -1.8674888188088352, 0.03821117063713814, -0.2335430818320881, 0.3546309957582849, -0.3157787541632986, 0.15906097395897761, -0.032810198566166786, 0.0, 0.0, 0.3856776744973111, -1.2430009057509712, 1.1666749708984778, -0.6407311609057814, 0.1823508890979261, -0.036746546496437056, 0.008620233995780545, 1.0158020660405138, -1.8391880496881032, 0.895744493849265, -0.15941520857752042, 0.0, 0.0, 0.6908062588161603, -0.25869004782854815, -0.36589556287568914, 0.25503610230939183, -0.06703438187166444, -0.32886771520159525, 0.8779099769173093, -0.4628304816473368, 0.1185604740335342, -0.3993226698238008, 0.3689390103858079, -0.08558730533309603, -0.07515291450508489, 0.02676298815546497, 0.0], [0.3455362029843547, 2.423047304406789, -15.539941697854426, 82.90146408124261, 13.22284590215615, -106.06459299158261, 30.778643335790143, -9.373015748205269, 1.6690756792726904, 0.0034652608641354376, -0.02134325780239807, 0.02623812267100097, -0.03444752512480875, 0.03737065731520243, -0.01967046011638715, -0.004060358538472406, 0.00497239519728984, 0.005377620604056925, 0.05809371994790644, -0.05471371722678822, 0.0, 0.0, 0.040017092546060756, -0.021304726226899016, -0.1101348226405452, 0.1679373033406938, -0.010954975445526548, 0.002792578579227784, -0.08505095196297681, 0.044745500030226024, 0.0, -0.18741868984276777, 0.08470133653041036, 0.10498083300511765, -0.06632672981879845, 0.13980589504321772, -0.05662794962220504, -0.1598772707707954, 0.0901698559436209, -0.0692295926458703, 0.22884534988599697, -0.10055876882573489, -0.09872209631459426, 0.07465625585154345, -0.013789848110456478], [0.0, -1.9090270657130266, 10.187708446642006, -32.14381546387879, 107.45069467889103, -14.062759905469452, -82.66460920747556, 15.56374012844518, -2.4492239341956923, -0.004621879212354168, 0.063221828221499, -0.10318369463874714, 0.007098229553176391, 0.15140175474133039, -0.18825834315548087, 0.10900252169611914, -0.034905252611956615, -0.1755529056476344, 0.6720764638793979, -0.5130446440389814, 0.0, 0.2543917259559456, -0.17378082991320962, 0.0677978336787995, -0.714750323891103, 1.3505596459595117, -0.5244223457255367, -0.013131299241577458, 0.056963055385107375, -0.04943469476302708, -0.6582260388210791, 0.4949544544004399, 0.0, 0.0, 0.03180844197647601, 0.000661712973793202, -0.17445660079391853, 0.020427129862812005, -0.02331157652728157, 0.07211974934177408, 0.015926616750790275, -0.001245606938105879, -0.03213624016265651, 0.019025638556839565, -0.002966083722197167], [0.24230154764742898, 1.872748248881597, -9.664578973758893, 27.199383782182302, -58.344803893689054, 138.21498314442258, -42.2125991260202, -63.10429541052472, 6.076391685077833, 0.016151507940276793, -0.10905581406195383, 0.19460991646544826, -0.204194493412175, 0.11785818824646457, -0.013629720959739104, -0.02409584433447647, 0.008982860963277455, 0.17358499585007334, -0.598528624564824, 0.5988145145448786, -0.3127487788614946, 0.0, 0.08490120312385141, -0.02103383297345305, 0.5069081273756242, -0.9847832971147485, 0.4959360188703645, 0.0, -0.10029134792480751, 0.0, 0.43199299437446875, -0.3184680205310206, -0.11886827287964873, 0.08728052823488071, 0.04829535348072758, -0.032340189970423074, 0.24015349510686085, -0.03645534981986516, -0.0945039944884311, -0.0935445391010236, -0.05019521074399538, 0.1108850495983279, 0.07141368392910179, -0.09552775286348185, 0.02043675952559892], [0.0, -3.4132071008578007, 17.197064843340033, -45.56685836486994, 85.56905888844648, -129.69083662647589, 205.28194377074396, -89.65094192506068, -39.81389502994236, -0.0007584629150302303, 0.0, 0.02498984395574662, -0.0058005032383669376, 0.0, -0.07242132408007936, 0.10101391217119021, -0.04073122136131393, 0.017426640285797934, -0.09503291790768084, -0.12072530433308643, 0.28602375796002366, -0.032161142595237134, -0.18162246610826283, 0.08931580670693558, 0.0, 0.8230386947646612, -1.4285625998549922, 0.8604207782268313, -0.11137241794006769, -0.03596127260894759, -1.301356644791291, 3.7258592955114955, -2.6744080397694705, 1.0002822553856643, -0.1966085817424697, -2.5593051112515024, 3.902739603682526, -1.7315801301755251, 0.4138098756508387, -1.575820523291153, 1.5227887971832734, -0.38787798990390177, -0.39536974490216276, 0.20251802427534935, -0.022608130684244117], [7.898225813922302, 19.4731030395418, -94.86166869102092, 237.31432764263582, -409.70108784782985, 536.0043066218715, -557.1262696366514, 510.26991887649854, -240.70223323379062, 0.27076512091328264, -1.6429321540666444, 2.4777232788552133, -2.4585149462088918, 1.7211674934905494, -0.8594601299166766, 0.32813026189634803, -0.09826171395758432, 2.2187982788375757, -6.000293047849855, 5.359104326163509, -3.354874605972095, 1.542522117267056, -0.7379719274965585, 0.33984517111579693, 3.535382018111133, -5.199430492935219, 2.4127332501910836, -0.8104056705088847, 0.8684765005079739, -0.6699055931592781, 1.1701757419776253, 0.17664355691876973, -0.5326369016939048, -0.9253636728888344, 0.9883199372374111, -0.7672658293284327, 0.8189607789549749, 1.1771407048323461, -1.115214606765047, 0.0, -1.3446427582565668, 0.9242991302106646, 0.6724950465632389, -0.5523300744844657, 0.06530001480185388]]",(x0)' = -9.537 1 +  240.131 x0 + -508.483 x1 +  554.351 x2 + -532.921 x3 +  407.061 x4 + -235.556 x5 +  93.928 x6 + -19.180 x7 + -0.299 x0^2 +  2.325 x0 x1 + -4.342 x0 x2 +  5.205 x0 x3 + -4.333 x0 x4 +  2.543 x0 x5 + -1.008 x0 x6 +  0.233 x0 x7 + -3.987 x1^2 +  13.752 x1 x2 + -15.658 x1 x3 +  12.449 x1 x4 + -6.957 x1 x5 +  2.617 x1 x6 + -0.619 x1 x7 + -11.096 x2^2 +  23.853 x2 x3 + -17.798 x2 x4 +  9.158 x2 x5 + -3.154 x2 x6 +  0.804 x2 x7 + -11.947 x3^2 +  16.220 x3 x4 + -7.154 x3 x5 +  2.025 x3 x6 + -0.644 x3 x7 + -4.692 x4^2 +  2.738 x4 x5 + -0.181 x4 x6 +  0.281 x4 x7 +  0.333 x5^2 + -0.949 x5 x6 +  0.305 x6^2 + -0.019 x7^2 | (x1)' =  39.878 x0 +  89.567 x1 + -205.463 x2 +  130.401 x3 + -86.755 x4 +  46.738 x5 + -17.864 x6 +  3.592 x7 +  0.055 x0^2 + -0.389 x0 x1 +  0.623 x0 x2 + -0.600 x0 x3 +  0.338 x0 x4 + -0.072 x0 x5 + -0.034 x0 x6 +  0.024 x0 x7 +  0.686 x1^2 + -2.223 x1 x2 +  2.232 x1 x3 + -1.391 x1 x4 +  0.454 x1 x5 + -0.052 x1 x7 +  1.788 x2^2 + -3.558 x2 x3 +  2.201 x2 x4 + -0.730 x2 x5 +  0.021 x2 x6 +  0.079 x2 x7 +  1.726 x3^2 + -2.055 x3 x4 +  0.634 x3 x5 + -0.084 x3 x7 +  0.569 x4^2 + -0.283 x4 x5 + -0.039 x4 x6 +  0.066 x4 x7 +  0.044 x5 x6 + -0.032 x5 x7 +  0.001 x7^2 | (x2)' = -1.333 1 + -5.802 x0 +  62.149 x1 +  43.864 x2 + -139.960 x3 +  59.481 x4 + -27.611 x5 +  9.715 x6 + -1.867 x7 +  0.038 x0^2 + -0.234 x0 x1 +  0.355 x0 x2 + -0.316 x0 x3 +  0.159 x0 x4 + -0.033 x0 x5 +  0.386 x1^2 + -1.243 x1 x2 +  1.167 x1 x3 + -0.641 x1 x4 +  0.182 x1 x5 + -0.037 x1 x6 +  0.009 x1 x7 +  1.016 x2^2 + -1.839 x2 x3 +  0.896 x2 x4 + -0.159 x2 x5 +  0.691 x3^2 + -0.259 x3 x4 + -0.366 x3 x5 +  0.255 x3 x6 + -0.067 x3 x7 + -0.329 x4^2 +  0.878 x4 x5 + -0.463 x4 x6 +  0.119 x4 x7 + -0.399 x5^2 +  0.369 x5 x6 + -0.086 x5 x7 + -0.075 x6^2 +  0.027 x6 x7 | (x3)' =  0.346 1 +  2.423 x0 + -15.540 x1 +  82.901 x2 +  13.223 x3 + -106.065 x4 +  30.779 x5 + -9.373 x6 +  1.669 x7 +  0.003 x0^2 + -0.021 x0 x1 +  0.026 x0 x2 + -0.034 x0 x3 +  0.037 x0 x4 + -0.020 x0 x5 + -0.004 x0 x6 +  0.005 x0 x7 +  0.005 x1^2 +  0.058 x1 x2 + -0.055 x1 x3 +  0.040 x1 x6 + -0.021 x1 x7 + -0.110 x2^2 +  0.168 x2 x3 + -0.011 x2 x4 +  0.003 x2 x5 + -0.085 x2 x6 +  0.045 x2 x7 + -0.187 x3 x4 +  0.085 x3 x5 +  0.105 x3 x6 + -0.066 x3 x7 +  0.140 x4^2 + -0.057 x4 x5 + -0.160 x4 x6 +  0.090 x4 x7 + -0.069 x5^2 +  0.229 x5 x6 + -0.101 x5 x7 + -0.099 x6^2 +  0.075 x6 x7 + -0.014 x7^2 | (x4)' = -1.909 x0 +  10.188 x1 + -32.144 x2 +  107.451 x3 + -14.063 x4 + -82.665 x5 +  15.564 x6 + -2.449 x7 + -0.005 x0^2 +  0.063 x0 x1 + -0.103 x0 x2 +  0.007 x0 x3 +  0.151 x0 x4 + -0.188 x0 x5 +  0.109 x0 x6 + -0.035 x0 x7 + -0.176 x1^2 +  0.672 x1 x2 + -0.513 x1 x3 +  0.254 x1 x5 + -0.174 x1 x6 +  0.068 x1 x7 + -0.715 x2^2 +  1.351 x2 x3 + -0.524 x2 x4 + -0.013 x2 x5 +  0.057 x2 x6 + -0.049 x2 x7 + -0.658 x3^2 +  0.495 x3 x4 +  0.032 x3 x7 +  0.001 x4^2 + -0.174 x4 x5 +  0.020 x4 x6 + -0.023 x4 x7 +  0.072 x5^2 +  0.016 x5 x6 + -0.001 x5 x7 + -0.032 x6^2 +  0.019 x6 x7 + -0.003 x7^2 | (x5)' =  0.242 1 +  1.873 x0 + -9.665 x1 +  27.199 x2 + -58.345 x3 +  138.215 x4 + -42.213 x5 + -63.104 x6 +  6.076 x7 +  0.016 x0^2 + -0.109 x0 x1 +  0.195 x0 x2 + -0.204 x0 x3 +  0.118 x0 x4 + -0.014 x0 x5 + -0.024 x0 x6 +  0.009 x0 x7 +  0.174 x1^2 + -0.599 x1 x2 +  0.599 x1 x3 + -0.313 x1 x4 +  0.085 x1 x6 + -0.021 x1 x7 +  0.507 x2^2 + -0.985 x2 x3 +  0.496 x2 x4 + -0.100 x2 x6 +  0.432 x3^2 + -0.318 x3 x4 + -0.119 x3 x5 +  0.087 x3 x6 +  0.048 x3 x7 + -0.032 x4^2 +  0.240 x4 x5 + -0.036 x4 x6 + -0.095 x4 x7 + -0.094 x5^2 + -0.050 x5 x6 +  0.111 x5 x7 +  0.071 x6^2 + -0.096 x6 x7 +  0.020 x7^2 | (x6)' = -3.413 x0 +  17.197 x1 + -45.567 x2 +  85.569 x3 + -129.691 x4 +  205.282 x5 + -89.651 x6 + -39.814 x7 + -0.001 x0^2 +  0.025 x0 x2 + -0.006 x0 x3 + -0.072 x0 x5 +  0.101 x0 x6 + -0.041 x0 x7 +  0.017 x1^2 + -0.095 x1 x2 + -0.121 x1 x3 +  0.286 x1 x4 + -0.032 x1 x5 + -0.182 x1 x6 +  0.089 x1 x7 +  0.823 x2 x3 + -1.429 x2 x4 +  0.860 x2 x5 + -0.111 x2 x6 + -0.036 x2 x7 + -1.301 x3^2 +  3.726 x3 x4 + -2.674 x3 x5 +  1.000 x3 x6 + -0.197 x3 x7 + -2.559 x4^2 +  3.903 x4 x5 + -1.732 x4 x6 +  0.414 x4 x7 + -1.576 x5^2 +  1.523 x5 x6 + -0.388 x5 x7 + -0.395 x6^2 +  0.203 x6 x7 + -0.023 x7^2 | (x7)' =  7.898 1 +  19.473 x0 + -94.862 x1 +  237.314 x2 + -409.701 x3 +  536.004 x4 + -557.126 x5 +  510.270 x6 + -240.702 x7 +  0.271 x0^2 + -1.643 x0 x1 +  2.478 x0 x2 + -2.459 x0 x3 +  1.721 x0 x4 + -0.859 x0 x5 +  0.328 x0 x6 + -0.098 x0 x7 +  2.219 x1^2 + -6.000 x1 x2 +  5.359 x1 x3 + -3.355 x1 x4 +  1.543 x1 x5 + -0.738 x1 x6 +  0.340 x1 x7 +  3.535 x2^2 + -5.199 x2 x3 +  2.413 x2 x4 + -0.810 x2 x5 +  0.868 x2 x6 + -0.670 x2 x7 +  1.170 x3^2 +  0.177 x3 x4 + -0.533 x3 x5 + -0.925 x3 x6 +  0.988 x3 x7 + -0.767 x4^2 +  0.819 x4 x5 +  1.177 x4 x6 + -1.115 x4 x7 + -1.345 x5 x6 +  0.924 x5 x7 +  0.672 x6^2 + -0.552 x6 x7 +  0.065 x7^2
34,35.0,1000.0,36.85636440989091,2,8,5,20.0,140.0,0,0.0,finite_difference,success,,337,360,93.61111111111111,3.9792203968390822,"[""1"", ""x0"", ""x1"", ""x2"", ""x3"", ""x4"", ""x5"", ""x6"", ""x7"", ""x0^2"", ""x0 x1"", ""x0 x2"", ""x0 x3"", ""x0 x4"", ""x0 x5"", ""x0 x6"", ""x0 x7"", ""x1^2"", ""x1 x2"", ""x1 x3"", ""x1 x4"", ""x1 x5"", ""x1 x6"", ""x1 x7"", ""x2^2"", ""x2 x3"", ""x2 x4"", ""x2 x5"", ""x2 x6"", ""x2 x7"", ""x3^2"", ""x3 x4"", ""x3 x5"", ""x3 x6"", ""x3 x7"", ""x4^2"", ""x4 x5"", ""x4 x6"", ""x4 x7"", ""x5^2"", ""x5 x6"", ""x5 x7"", ""x6^2"", ""x6 x7"", ""x7^2""]","[[-58.62512369199286, 20.231001200481714, -47.61738632900349, 15.893343550469869, 0.2810481660463881, 5.641957140702521, -2.193993932616112, 0.8973576569323631, 0.9772215833828434, 0.014055754440582453, 0.11014859020717424, -0.032909921022213025, -0.03942539610720983, -0.041431483020301085, 0.0056412674489374655, 0.030051448335523805, 0.0026395722629847396, 0.0, -0.10256574445850669, 0.013537803082159468, 0.012517294442533128, 0.021651672206834, -0.02619955703251961, -0.022689327107774635, 0.06153916507046637, 0.0078048875739740965, 0.01874159488152606, -0.032127095567070246, -0.017843810372355204, 0.02214914543819654, -0.013527680699527528, 0.010272348540955037, 0.028385323063709205, -0.009715717914531794, 0.010738129767432021, -0.003660615851393794, 0.0, -0.011451958668009597, -0.00445502814805019, -0.0054219402092069895, -0.020260968819659546, 0.021768601391170855, 0.022905999782140633, -0.016620755691701537, -0.004977096664723552], [-13.148124432732484, 35.705479308788455, 2.0719173432414797, -43.00231972525764, 11.30294111730408, -5.378671045795564, 2.1758253534214353, -1.227091841302473, 0.10041847354174725, 0.08276988191505534, -0.18927386467644872, -0.012571574521289897, 0.020960140722277136, 0.02122008938431033, 0.013535740323434485, -0.020517605059509555, 0.0, -0.00632684990237332, 0.21144457256526347, -0.02622975014462424, 0.0053396279663561535, -0.04377361715911574, 0.010079540368469152, 0.024451197951509983, -0.08471603272265672, -0.051378538975391824, 0.0, 0.02403981787504951, 0.023414233142133888, -0.019588218372565747, 0.04436341587768755, -0.0018867487343069084, -0.013230324486730909, 0.0, -0.009034459562143653, -0.013155758041763176, 0.0, 0.008679894062960868, 0.0, 0.0, 0.01897838989831702, -0.012764727371435403, -0.011260949314930144, -0.0028242257190543496, 0.008081413518975959], [4.090225696058412, -10.810119203035317, 41.30117040358043, 0.4396857760881283, -41.426558527545055, 13.095083707598599, -4.334029693214167, 1.870647401653815, -0.7425890321012409, -0.06149567862029936, 0.06193519128325383, 0.08856961234511383, -0.03972216156504004, -0.0005098211990129455, -0.010710268846415764, 0.006307162653269971, 0.0016813928611550428, 0.09447526938789948, -0.2583064031977889, -0.00031171147757546225, 0.012634483472173925, 0.032033042227243284, 0.0, -0.013479830481887828, 0.024512003097753143, 0.1878269775144365, -0.036693085182311444, -0.011765885749999271, -0.03594815368167405, 0.011186614224848975, -0.07565212488517421, -0.04583606871589588, 0.017708624393583543, 0.009607870569160123, 0.017680590818660656, 0.04540997450032719, -0.001745779421183653, -0.0050450630490624215, -0.010426313451475839, -0.010873302644539357, -0.005145863323941924, 0.006896384763021429, 0.005562938808827367, 0.006385973207669907, -0.006450779405547813], [0.0, 3.464487250160013, -12.820730171801403, 42.00369636997953, -0.16418104443316797, -42.060869397895985, 12.65430882158891, -4.127277080580855, 1.3223202418353284, 0.021919487422587296, 0.017758798370348605, -0.07162337450293128, 0.023010849926783247, 0.0, -0.002499723772074605, 0.0, 0.0, -0.08278787369791597, 0.10821131015576715, 0.07692862978029609, -0.043003555213596244, -0.0038006196859633754, -0.0073321579677089405, 0.0003518409577459741, 0.07746525078241878, -0.24584403800827745, 0.00839232493192079, 0.022380728309661452, 0.02617033611364328, 0.009314386599112802, 0.02094746093042497, 0.18525273615014418, -0.04170044347122244, -0.0072234533646743735, -0.03410409251613417, -0.07400292907893476, -0.04602297331608179, 0.014485459268599052, 0.022028498589565272, 0.0423233449294618, 7.238084154958408e-05, -0.006836564230263631, -0.01124371221612017, 0.0, 0.0], [0.0, -1.261563275867287, 4.344760648026057, -13.15875887988533, 42.291757849453674, 0.2249705675745227, -41.75075421333522, 12.411907572672318, -3.368712009514672, -0.004608895113540152, -0.028856936716181607, 0.036080396991623104, -0.008808300451466305, 0.005391735107409004, 0.008737794936024201, -0.003098954755188451, -0.005538865669331382, 0.03964607942444746, -0.0041797064501406, -0.06473402597845923, 0.02288264540381383, -0.0009475361087175944, -0.0035689769943741552, 0.005474842861083208, -0.07768502801117137, 0.10219783863177953, 0.07013039807881268, -0.045616573780539134, -0.008377727638825327, 0.0, 0.0799100401271761, -0.24412357849725042, 0.012010415464236838, 0.022881816257399667, 0.025415567082497797, 0.014486810862019103, 0.18357375138733173, -0.037194260399013634, -0.022044956488278342, -0.07155389163058472, -0.04779121399613616, 0.02151724724273629, 0.04390373244962845, -0.006270583530401899, -0.008871926483152529], [0.0, 0.7039718138932722, -1.904572827808941, 4.648255237750111, -13.564609055095993, 41.68702406095882, -0.33028580210185493, -41.21179717121745, 10.555062478372873, 0.0, 0.026300962465846546, -0.01879671107274611, 0.003553801646929075, -0.005602497557385414, -0.014760322379143202, 0.0095054754037305, 0.0, -0.01991194840762149, -0.016955760433643212, 0.03305645079461775, -0.007774814934254491, 0.010054416609543756, 0.008173865188344683, -0.009379088229313586, 0.036457464988417655, -0.0030832487878778756, -0.06259715221639539, 0.027501981458345856, -0.003368577426933562, 0.0037926158662781504, -0.07614031876883198, 0.10108422267465984, 0.06930726812183056, -0.044736666691051655, -0.010342179394749788, 0.08443879318770084, -0.24199426136119329, 0.009125458170644083, 0.03463601788716078, 0.01096916741845576, 0.18635497395929077, -0.04603089050821038, -0.07288455534156629, -0.03256824760019491, 0.03184801559839517], [0.0, -0.056996651296535465, 1.1912674636960048, -2.2981414899486654, 5.666577227885558, -11.956975869852524, 43.23869140959179, -1.9215792377440521, -35.54955259917759, 0.0, -0.014135984657264027, -0.00039370674846376114, 0.010364973180104712, 0.0028152401508083286, 0.01563274789205968, -0.007105440072028782, -0.006498831147214788, 0.009027440715575147, 0.026627301167070797, -0.028757088491271288, 0.0013393044569473477, -0.0143665705839306, -0.016114633585361395, 0.01837600590632839, -0.019004589320781168, -0.013715118113786225, 0.032195972807041555, -0.015326759254726013, 0.015592435463698606, -0.002041419131253009, 0.03201886966281672, -0.00071324193568696, -0.058387254659056274, 0.02500448024067584, 9.898704713821647e-05, -0.07673616744084306, 0.10249128691330167, 0.060818714907323615, -0.040421141406552945, 0.09590511651305449, -0.24308269354236073, 0.0, 0.01292383573042602, 0.159464976802883, -0.06241812117577898], [24.172640503375437, -1.1385163838557282, -0.7318627778011177, 2.1426820694526487, -5.709163480264893, 0.24545435050294476, -16.852581603586227, 48.58579055639774, -20.680895288017002, -0.0021118353580162406, 0.0013393815701126406, 0.018949915933877782, -0.016113829705478155, -0.0073066177869449975, -0.010287596070323504, -0.004810180809240874, 0.02146219850330135, -0.007154027929533827, -0.02579797215601521, 0.025853060268416377, 0.017467094301282182, 0.01667813700759116, 0.022214603759780495, -0.026925224672694717, 0.010298019415375441, 0.018687856929860813, -0.03351383252154827, 0.02891327093405447, -0.031393456836079005, 0.004816461898125173, 0.0002070095720681016, -0.02474825847817659, 0.026940778109221714, -0.028221497732337078, 0.00857108020903795, 0.02690678759626009, 0.010810396974047272, -0.06294918258087356, 0.03680420357398186, -0.11619403076656885, 0.11442051890551722, 0.07842872305879091, 0.09919364707860556, -0.20464249588483072, 0.007193531737177283]]",(x0)' = -58.625 1 +  20.231 x0 + -47.617 x1 +  15.893 x2 +  0.281 x3 +  5.642 x4 + -2.194 x5 +  0.897 x6 +  0.977 x7 +  0.014 x0^2 +  0.110 x0 x1 + -0.033 x0 x2 + -0.039 x0 x3 + -0.041 x0 x4 +  0.006 x0 x5 +  0.030 x0 x6 +  0.003 x0 x7 + -0.103 x1 x2 +  0.014 x1 x3 +  0.013 x1 x4 +  0.022 x1 x5 + -0.026 x1 x6 + -0.023 x1 x7 +  0.062 x2^2 +  0.008 x2 x3 +  0.019 x2 x4 + -0.032 x2 x5 + -0.018 x2 x6 +  0.022 x2 x7 + -0.014 x3^2 +  0.010 x3 x4 +  0.028 x3 x5 + -0.010 x3 x6 +  0.011 x3 x7 + -0.004 x4^2 + -0.011 x4 x6 + -0.004 x4 x7 + -0.005 x5^2 + -0.020 x5 x6 +  0.022 x5 x7 +  0.023 x6^2 + -0.017 x6 x7 + -0.005 x7^2 | (x1)' = -13.148 1 +  35.705 x0 +  2.072 x1 + -43.002 x2 +  11.303 x3 + -5.379 x4 +  2.176 x5 + -1.227 x6 +  0.100 x7 +  0.083 x0^2 + -0.189 x0 x1 + -0.013 x0 x2 +  0.021 x0 x3 +  0.021 x0 x4 +  0.014 x0 x5 + -0.021 x0 x6 + -0.006 x1^2 +  0.211 x1 x2 + -0.026 x1 x3 +  0.005 x1 x4 + -0.044 x1 x5 +  0.010 x1 x6 +  0.024 x1 x7 + -0.085 x2^2 + -0.051 x2 x3 +  0.024 x2 x5 +  0.023 x2 x6 + -0.020 x2 x7 +  0.044 x3^2 + -0.002 x3 x4 + -0.013 x3 x5 + -0.009 x3 x7 + -0.013 x4^2 +  0.009 x4 x6 +  0.019 x5 x6 + -0.013 x5 x7 + -0.011 x6^2 + -0.003 x6 x7 +  0.008 x7^2 | (x2)' =  4.090 1 + -10.810 x0 +  41.301 x1 +  0.440 x2 + -41.427 x3 +  13.095 x4 + -4.334 x5 +  1.871 x6 + -0.743 x7 + -0.061 x0^2 +  0.062 x0 x1 +  0.089 x0 x2 + -0.040 x0 x3 + -0.001 x0 x4 + -0.011 x0 x5 +  0.006 x0 x6 +  0.002 x0 x7 +  0.094 x1^2 + -0.258 x1 x2 +  0.013 x1 x4 +  0.032 x1 x5 + -0.013 x1 x7 +  0.025 x2^2 +  0.188 x2 x3 + -0.037 x2 x4 + -0.012 x2 x5 + -0.036 x2 x6 +  0.011 x2 x7 + -0.076 x3^2 + -0.046 x3 x4 +  0.018 x3 x5 +  0.010 x3 x6 +  0.018 x3 x7 +  0.045 x4^2 + -0.002 x4 x5 + -0.005 x4 x6 + -0.010 x4 x7 + -0.011 x5^2 + -0.005 x5 x6 +  0.007 x5 x7 +  0.006 x6^2 +  0.006 x6 x7 + -0.006 x7^2 | (x3)' =  3.464 x0 + -12.821 x1 +  42.004 x2 + -0.164 x3 + -42.061 x4 +  12.654 x5 + -4.127 x6 +  1.322 x7 +  0.022 x0^2 +  0.018 x0 x1 + -0.072 x0 x2 +  0.023 x0 x3 + -0.002 x0 x5 + -0.083 x1^2 +  0.108 x1 x2 +  0.077 x1 x3 + -0.043 x1 x4 + -0.004 x1 x5 + -0.007 x1 x6 +  0.077 x2^2 + -0.246 x2 x3 +  0.008 x2 x4 +  0.022 x2 x5 +  0.026 x2 x6 +  0.009 x2 x7 +  0.021 x3^2 +  0.185 x3 x4 + -0.042 x3 x5 + -0.007 x3 x6 + -0.034 x3 x7 + -0.074 x4^2 + -0.046 x4 x5 +  0.014 x4 x6 +  0.022 x4 x7 +  0.042 x5^2 + -0.007 x5 x7 + -0.011 x6^2 | (x4)' = -1.262 x0 +  4.345 x1 + -13.159 x2 +  42.292 x3 +  0.225 x4 + -41.751 x5 +  12.412 x6 + -3.369 x7 + -0.005 x0^2 + -0.029 x0 x1 +  0.036 x0 x2 + -0.009 x0 x3 +  0.005 x0 x4 +  0.009 x0 x5 + -0.003 x0 x6 + -0.006 x0 x7 +  0.040 x1^2 + -0.004 x1 x2 + -0.065 x1 x3 +  0.023 x1 x4 + -0.001 x1 x5 + -0.004 x1 x6 +  0.005 x1 x7 + -0.078 x2^2 +  0.102 x2 x3 +  0.070 x2 x4 + -0.046 x2 x5 + -0.008 x2 x6 +  0.080 x3^2 + -0.244 x3 x4 +  0.012 x3 x5 +  0.023 x3 x6 +  0.025 x3 x7 +  0.014 x4^2 +  0.184 x4 x5 + -0.037 x4 x6 + -0.022 x4 x7 + -0.072 x5^2 + -0.048 x5 x6 +  0.022 x5 x7 +  0.044 x6^2 + -0.006 x6 x7 + -0.009 x7^2 | (x5)' =  0.704 x0 + -1.905 x1 +  4.648 x2 + -13.565 x3 +  41.687 x4 + -0.330 x5 + -41.212 x6 +  10.555 x7 +  0.026 x0 x1 + -0.019 x0 x2 +  0.004 x0 x3 + -0.006 x0 x4 + -0.015 x0 x5 +  0.010 x0 x6 + -0.020 x1^2 + -0.017 x1 x2 +  0.033 x1 x3 + -0.008 x1 x4 +  0.010 x1 x5 +  0.008 x1 x6 + -0.009 x1 x7 +  0.036 x2^2 + -0.003 x2 x3 + -0.063 x2 x4 +  0.028 x2 x5 + -0.003 x2 x6 +  0.004 x2 x7 + -0.076 x3^2 +  0.101 x3 x4 +  0.069 x3 x5 + -0.045 x3 x6 + -0.010 x3 x7 +  0.084 x4^2 + -0.242 x4 x5 +  0.009 x4 x6 +  0.035 x4 x7 +  0.011 x5^2 +  0.186 x5 x6 + -0.046 x5 x7 + -0.073 x6^2 + -0.033 x6 x7 +  0.032 x7^2 | (x6)' = -0.057 x0 +  1.191 x1 + -2.298 x2 +  5.667 x3 + -11.957 x4 +  43.239 x5 + -1.922 x6 + -35.550 x7 + -0.014 x0 x1 +  0.010 x0 x3 +  0.003 x0 x4 +  0.016 x0 x5 + -0.007 x0 x6 + -0.006 x0 x7 +  0.009 x1^2 +  0.027 x1 x2 + -0.029 x1 x3 +  0.001 x1 x4 + -0.014 x1 x5 + -0.016 x1 x6 +  0.018 x1 x7 + -0.019 x2^2 + -0.014 x2 x3 +  0.032 x2 x4 + -0.015 x2 x5 +  0.016 x2 x6 + -0.002 x2 x7 +  0.032 x3^2 + -0.001 x3 x4 + -0.058 x3 x5 +  0.025 x3 x6 + -0.077 x4^2 +  0.102 x4 x5 +  0.061 x4 x6 + -0.040 x4 x7 +  0.096 x5^2 + -0.243 x5 x6 +  0.013 x6^2 +  0.159 x6 x7 + -0.062 x7^2 | (x7)' =  24.173 1 + -1.139 x0 + -0.732 x1 +  2.143 x2 + -5.709 x3 +  0.245 x4 + -16.853 x5 +  48.586 x6 + -20.681 x7 + -0.002 x0^2 +  0.001 x0 x1 +  0.019 x0 x2 + -0.016 x0 x3 + -0.007 x0 x4 + -0.010 x0 x5 + -0.005 x0 x6 +  0.021 x0 x7 + -0.007 x1^2 + -0.026 x1 x2 +  0.026 x1 x3 +  0.017 x1 x4 +  0.017 x1 x5 +  0.022 x1 x6 + -0.027 x1 x7 +  0.010 x2^2 +  0.019 x2 x3 + -0.034 x2 x4 +  0.029 x2 x5 + -0.031 x2 x6 +  0.005 x2 x7 + -0.025 x3 x4 +  0.027 x3 x5 + -0.028 x3 x6 +  0.009 x3 x7 +  0.027 x4^2 +  0.011 x4 x5 + -0.063 x4 x6 +  0.037 x4 x7 + -0.116 x5^2 +  0.114 x5 x6 +  0.078 x5 x7 +  0.099 x6^2 + -0.205 x6 x7 +  0.007 x7^2
35,35.0,1000.0,36.85636440989091,2,8,5,20.0,140.0,5,20.0,smoothed_finite_difference_savgol_order_3,success,,336,360,93.33333333333333,3.963543073274195,"[""1"", ""x0"", ""x1"", ""x2"", ""x3"", ""x4"", ""x5"", ""x6"", ""x7"", ""x0^2"", ""x0 x1"", ""x0 x2"", ""x0 x3"", ""x0 x4"", ""x0 x5"", ""x0 x6"", ""x0 x7"", ""x1^2"", ""x1 x2"", ""x1 x3"", ""x1 x4"", ""x1 x5"", ""x1 x6"", ""x1 x7"", ""x2^2"", ""x2 x3"", ""x2 x4"", ""x2 x5"", ""x2 x6"", ""x2 x7"", ""x3^2"", ""x3 x4"", ""x3 x5"", ""x3 x6"", ""x3 x7"", ""x4^2"", ""x4 x5"", ""x4 x6"", ""x4 x7"", ""x5^2"", ""x5 x6"", ""x5 x7"", ""x6^2"", ""x6 x7"", ""x7^2""]","[[-58.154672303442894, 20.566004827862955, -48.152610321305225, 16.356104193810662, -0.021651983757302595, 5.740994728382861, -2.2328172456734006, 0.9240287935621009, 0.9570657663561852, 0.013125974928770283, 0.1116104582717812, -0.033152581779323134, -0.039077390014050896, -0.04093368636363145, 0.005154140742234263, 0.029909456941942355, 0.0027243669629980595, 0.0, -0.10536794450475753, 0.01471849773511516, 0.011948813694507787, 0.022471689416782827, -0.026118391823930564, -0.02281999042809338, 0.06309104856191494, 0.008165209480164004, 0.018608185435329456, -0.03282905114845029, -0.01803749896156062, 0.022631683080259746, -0.014610120029864507, 0.010422001673789262, 0.02856497826563851, -0.009247254541368361, 0.010373158135166571, -0.0034483041601010237, 0.0, -0.011535805545527269, -0.00446340782972624, -0.005476800846846191, -0.020161477730439786, 0.02169151797297669, 0.023094296527801275, -0.01697578509688382, -0.004834447092436195], [-12.032295738793056, 35.746797763338606, 2.1814970584962556, -43.31194120238977, 11.637441789750268, -5.619984847104281, 2.268012023818059, -1.2449949303971715, 0.10486331352672876, 0.0812418427572198, -0.18656173731984377, -0.012554905122064815, 0.02085570903455432, 0.020710562402009105, 0.013748405874586048, -0.02043353329049922, 0.0, -0.007153719756894875, 0.2111276187842296, -0.026616143194117987, 0.005864694486324088, -0.0436548444328512, 0.009884486513039878, 0.02411479923349023, -0.08415212388272579, -0.052655704304393564, 0.0, 0.024352172892903555, 0.02344372883177192, -0.019350646555219623, 0.04499701381462488, -0.0008919866634834332, -0.013888145207983463, 0.0, -0.009123907925522309, -0.013766495839001589, 0.0, 0.008844498192489177, 0.0, 0.0, 0.01908570418646903, -0.01267009968624068, -0.0114659642302073, -0.0026207302969408464, 0.008018691288539567], [4.1955764181254604, -10.987062629744555, 41.489560073690384, 0.46527751676644413, -41.67732165882941, 13.437226013642327, -4.558707046127265, 1.9514423230800795, -0.7468486943973001, -0.061197839607043086, 0.06251324008978447, 0.08677303535687293, -0.038492933537397564, -0.0003954313870518888, -0.01091635411833601, 0.006307296099349606, 0.0018026166915868546, 0.09284540033586086, -0.25496137523494206, -0.0009850597956596676, 0.012130495426262735, 0.03179907148161477, 0.0, -0.013266614822999824, 0.024020946682652793, 0.1869291068516873, -0.036320844463616456, -0.0116824227907849, -0.035618026372757364, 0.010729489886868872, -0.0748018243833413, -0.04755374110512784, 0.018502681271891988, 0.009275751732767182, 0.018093771035734767, 0.04603574984297796, -0.0011247773612912655, -0.005075465517029271, -0.011018702295926917, -0.01151513059737645, -0.00541573636771585, 0.0072617949290545, 0.00605366514850705, 0.006033423405832385, -0.006424081043651675], [0.0, 3.6268344525842724, -13.09808096054367, 42.232712615335394, -0.17223443632182497, -42.32943262139206, 12.97613314016112, -4.336833624050144, 1.3860707937542789, 0.022377779909265025, 0.016930280667558948, -0.0714269573683981, 0.022215479415102556, 0.0, -0.0020803486326038895, 0.0, 0.0, -0.08270432521858966, 0.10940593578651489, 0.07549314249473073, -0.041506257652118086, -0.003941993172031206, -0.007558112037137672, 0.00040663723080145857, 0.07541700393649756, -0.2421944587733981, 0.007562717667330444, 0.02209386122785517, 0.025788920068522195, 0.009462369050010268, 0.020378115912434023, 0.18428509111273036, -0.04156212486975582, -0.0069107217733449505, -0.03385509044851494, -0.07297050325951862, -0.04785865723879068, 0.015048252661909742, 0.022012731205873503, 0.04287827120265682, 0.0008957625969986664, -0.0072283976988459595, -0.011823261677894293, 0.0, 0.0], [0.0, -1.334755752260478, 4.55430792160566, -13.455378603637325, 42.54266653086564, 0.23036883510506045, -41.997560879467635, 12.711157538732163, -3.5317183630832263, -0.004962154747561406, -0.02849373246733945, 0.03612857397988272, -0.00893955037717876, 0.004954310500633075, 0.008835335272044791, -0.004440104070217773, -0.0028413440767559163, 0.040273793312289904, -0.005175828000840927, -0.06387012698902401, 0.02309106404315736, -0.0021079854664187493, 5.9736612354409894e-05, 0.0, -0.07732014665608294, 0.10302701396388814, 0.06862144602654055, -0.0441073727868537, -0.008608654709072792, 0.0, 0.07782410515298517, -0.24032300656196262, 0.011076333403486367, 0.022352299673847446, 0.02550483730848631, 0.01395092731289861, 0.182638031113937, -0.037094127033125444, -0.022030979686299263, -0.07022477985722539, -0.04999330881111178, 0.022726134658085168, 0.0439523648011381, -0.004929618213079222, -0.009286708371079425], [0.0, 0.7073329874351393, -1.9865038501284071, 4.862780750616537, -13.87728464520132, 41.91747449114888, -0.35486393560103835, -41.414018488390596, 10.746811574943367, 0.0, 0.02602649188896766, -0.018486300022187634, 0.003183409164144854, -0.005251697315637613, -0.014454544230621138, 0.00928094906415914, 0.0, -0.02027342678188016, -0.016977845082151295, 0.03323220738159866, -0.007742212308126464, 0.010187157748943248, 0.007180276862046097, -0.0075214765382099575, 0.03760452018646882, -0.004055377854307646, -0.06193346611307459, 0.026279359071043285, -0.001480314915600138, 0.0, -0.07609759063864129, 0.10183921211437809, 0.06809372213279595, -0.044129507351475875, -0.008520573997441421, 0.08235082970230205, -0.23826548127044142, 0.00860816332290624, 0.033355450186158014, 0.010119006807201222, 0.18574899525551866, -0.04540155800440068, -0.07201872616785002, -0.03391819830082249, 0.0326081495538714], [0.0, -0.06034104818509984, 1.2028897954936717, -2.389423513579244, 5.90688796718246, -12.247080616874264, 43.51342761915805, -2.002946652169246, -35.62865137753198, 0.0, -0.013856072605468877, -0.0004309856338052377, 0.010101641331037966, 0.003289375550003885, 0.0145286471063242, -0.0058078554739873275, -0.007697192394944394, 0.009063058903164507, 0.02660402579707194, -0.028592064316452455, 0.0006927704922440621, -0.013449609630499827, -0.015659195396222302, 0.017287301439230844, -0.019248226883625767, -0.013454752736278459, 0.03385841018857323, -0.01748931200421583, 0.01696394089304798, -0.00336135614230136, 0.032147696442620464, -0.0005566139423108398, -0.06058702682903148, 0.024371272228156726, 0.002402549685346972, -0.07563278793433295, 0.10058983132354878, 0.06457572091657719, -0.04830198331440052, 0.09586119030190104, -0.24816002103983914, 0.01588682723091788, 0.01508995794692333, 0.15037605358290024, -0.05985162460049361], [24.425593571414897, -1.112146424400564, -0.7647950366898827, 2.1836652849878986, -5.80891102419455, 0.5368113294849658, -17.276254752258094, 49.08364955023713, -21.008219677808686, -0.0020177714142955226, 0.0014073159009170776, 0.018580457157165227, -0.01565010337203182, -0.007331707050738555, -0.010218016224004024, -0.00480263383544508, 0.021246134097890727, -0.00732214823081107, -0.025512068599155755, 0.025745087168253623, 0.017335554924396538, 0.016459622301021635, 0.022052975671668452, -0.026640342028128344, 0.010397003670802457, 0.01846228683148453, -0.03371815176147071, 0.028928611145585658, -0.030987499482532932, 0.004890776411721748, -0.00011046542646298234, -0.024810343475833833, 0.02774289457175983, -0.028285380703264296, 0.008284418079710086, 0.027958285900970083, 0.009845532546768478, -0.06328443551170973, 0.03624415667052404, -0.11667729541384013, 0.11618360918248277, 0.07784366798500872, 0.09781051478686698, -0.2036502627009145, 0.007593475381019108]]",(x0)' = -58.155 1 +  20.566 x0 + -48.153 x1 +  16.356 x2 + -0.022 x3 +  5.741 x4 + -2.233 x5 +  0.924 x6 +  0.957 x7 +  0.013 x0^2 +  0.112 x0 x1 + -0.033 x0 x2 + -0.039 x0 x3 + -0.041 x0 x4 +  0.005 x0 x5 +  0.030 x0 x6 +  0.003 x0 x7 + -0.105 x1 x2 +  0.015 x1 x3 +  0.012 x1 x4 +  0.022 x1 x5 + -0.026 x1 x6 + -0.023 x1 x7 +  0.063 x2^2 +  0.008 x2 x3 +  0.019 x2 x4 + -0.033 x2 x5 + -0.018 x2 x6 +  0.023 x2 x7 + -0.015 x3^2 +  0.010 x3 x4 +  0.029 x3 x5 + -0.009 x3 x6 +  0.010 x3 x7 + -0.003 x4^2 + -0.012 x4 x6 + -0.004 x4 x7 + -0.005 x5^2 + -0.020 x5 x6 +  0.022 x5 x7 +  0.023 x6^2 + -0.017 x6 x7 + -0.005 x7^2 | (x1)' = -12.032 1 +  35.747 x0 +  2.181 x1 + -43.312 x2 +  11.637 x3 + -5.620 x4 +  2.268 x5 + -1.245 x6 +  0.105 x7 +  0.081 x0^2 + -0.187 x0 x1 + -0.013 x0 x2 +  0.021 x0 x3 +  0.021 x0 x4 +  0.014 x0 x5 + -0.020 x0 x6 + -0.007 x1^2 +  0.211 x1 x2 + -0.027 x1 x3 +  0.006 x1 x4 + -0.044 x1 x5 +  0.010 x1 x6 +  0.024 x1 x7 + -0.084 x2^2 + -0.053 x2 x3 +  0.024 x2 x5 +  0.023 x2 x6 + -0.019 x2 x7 +  0.045 x3^2 + -0.001 x3 x4 + -0.014 x3 x5 + -0.009 x3 x7 + -0.014 x4^2 +  0.009 x4 x6 +  0.019 x5 x6 + -0.013 x5 x7 + -0.011 x6^2 + -0.003 x6 x7 +  0.008 x7^2 | (x2)' =  4.196 1 + -10.987 x0 +  41.490 x1 +  0.465 x2 + -41.677 x3 +  13.437 x4 + -4.559 x5 +  1.951 x6 + -0.747 x7 + -0.061 x0^2 +  0.063 x0 x1 +  0.087 x0 x2 + -0.038 x0 x3 + -0.011 x0 x5 +  0.006 x0 x6 +  0.002 x0 x7 +  0.093 x1^2 + -0.255 x1 x2 + -0.001 x1 x3 +  0.012 x1 x4 +  0.032 x1 x5 + -0.013 x1 x7 +  0.024 x2^2 +  0.187 x2 x3 + -0.036 x2 x4 + -0.012 x2 x5 + -0.036 x2 x6 +  0.011 x2 x7 + -0.075 x3^2 + -0.048 x3 x4 +  0.019 x3 x5 +  0.009 x3 x6 +  0.018 x3 x7 +  0.046 x4^2 + -0.001 x4 x5 + -0.005 x4 x6 + -0.011 x4 x7 + -0.012 x5^2 + -0.005 x5 x6 +  0.007 x5 x7 +  0.006 x6^2 +  0.006 x6 x7 + -0.006 x7^2 | (x3)' =  3.627 x0 + -13.098 x1 +  42.233 x2 + -0.172 x3 + -42.329 x4 +  12.976 x5 + -4.337 x6 +  1.386 x7 +  0.022 x0^2 +  0.017 x0 x1 + -0.071 x0 x2 +  0.022 x0 x3 + -0.002 x0 x5 + -0.083 x1^2 +  0.109 x1 x2 +  0.075 x1 x3 + -0.042 x1 x4 + -0.004 x1 x5 + -0.008 x1 x6 +  0.075 x2^2 + -0.242 x2 x3 +  0.008 x2 x4 +  0.022 x2 x5 +  0.026 x2 x6 +  0.009 x2 x7 +  0.020 x3^2 +  0.184 x3 x4 + -0.042 x3 x5 + -0.007 x3 x6 + -0.034 x3 x7 + -0.073 x4^2 + -0.048 x4 x5 +  0.015 x4 x6 +  0.022 x4 x7 +  0.043 x5^2 +  0.001 x5 x6 + -0.007 x5 x7 + -0.012 x6^2 | (x4)' = -1.335 x0 +  4.554 x1 + -13.455 x2 +  42.543 x3 +  0.230 x4 + -41.998 x5 +  12.711 x6 + -3.532 x7 + -0.005 x0^2 + -0.028 x0 x1 +  0.036 x0 x2 + -0.009 x0 x3 +  0.005 x0 x4 +  0.009 x0 x5 + -0.004 x0 x6 + -0.003 x0 x7 +  0.040 x1^2 + -0.005 x1 x2 + -0.064 x1 x3 +  0.023 x1 x4 + -0.002 x1 x5 + -0.077 x2^2 +  0.103 x2 x3 +  0.069 x2 x4 + -0.044 x2 x5 + -0.009 x2 x6 +  0.078 x3^2 + -0.240 x3 x4 +  0.011 x3 x5 +  0.022 x3 x6 +  0.026 x3 x7 +  0.014 x4^2 +  0.183 x4 x5 + -0.037 x4 x6 + -0.022 x4 x7 + -0.070 x5^2 + -0.050 x5 x6 +  0.023 x5 x7 +  0.044 x6^2 + -0.005 x6 x7 + -0.009 x7^2 | (x5)' =  0.707 x0 + -1.987 x1 +  4.863 x2 + -13.877 x3 +  41.917 x4 + -0.355 x5 + -41.414 x6 +  10.747 x7 +  0.026 x0 x1 + -0.018 x0 x2 +  0.003 x0 x3 + -0.005 x0 x4 + -0.014 x0 x5 +  0.009 x0 x6 + -0.020 x1^2 + -0.017 x1 x2 +  0.033 x1 x3 + -0.008 x1 x4 +  0.010 x1 x5 +  0.007 x1 x6 + -0.008 x1 x7 +  0.038 x2^2 + -0.004 x2 x3 + -0.062 x2 x4 +  0.026 x2 x5 + -0.001 x2 x6 + -0.076 x3^2 +  0.102 x3 x4 +  0.068 x3 x5 + -0.044 x3 x6 + -0.009 x3 x7 +  0.082 x4^2 + -0.238 x4 x5 +  0.009 x4 x6 +  0.033 x4 x7 +  0.010 x5^2 +  0.186 x5 x6 + -0.045 x5 x7 + -0.072 x6^2 + -0.034 x6 x7 +  0.033 x7^2 | (x6)' = -0.060 x0 +  1.203 x1 + -2.389 x2 +  5.907 x3 + -12.247 x4 +  43.513 x5 + -2.003 x6 + -35.629 x7 + -0.014 x0 x1 +  0.010 x0 x3 +  0.003 x0 x4 +  0.015 x0 x5 + -0.006 x0 x6 + -0.008 x0 x7 +  0.009 x1^2 +  0.027 x1 x2 + -0.029 x1 x3 +  0.001 x1 x4 + -0.013 x1 x5 + -0.016 x1 x6 +  0.017 x1 x7 + -0.019 x2^2 + -0.013 x2 x3 +  0.034 x2 x4 + -0.017 x2 x5 +  0.017 x2 x6 + -0.003 x2 x7 +  0.032 x3^2 + -0.001 x3 x4 + -0.061 x3 x5 +  0.024 x3 x6 +  0.002 x3 x7 + -0.076 x4^2 +  0.101 x4 x5 +  0.065 x4 x6 + -0.048 x4 x7 +  0.096 x5^2 + -0.248 x5 x6 +  0.016 x5 x7 +  0.015 x6^2 +  0.150 x6 x7 + -0.060 x7^2 | (x7)' =  24.426 1 + -1.112 x0 + -0.765 x1 +  2.184 x2 + -5.809 x3 +  0.537 x4 + -17.276 x5 +  49.084 x6 + -21.008 x7 + -0.002 x0^2 +  0.001 x0 x1 +  0.019 x0 x2 + -0.016 x0 x3 + -0.007 x0 x4 + -0.010 x0 x5 + -0.005 x0 x6 +  0.021 x0 x7 + -0.007 x1^2 + -0.026 x1 x2 +  0.026 x1 x3 +  0.017 x1 x4 +  0.016 x1 x5 +  0.022 x1 x6 + -0.027 x1 x7 +  0.010 x2^2 +  0.018 x2 x3 + -0.034 x2 x4 +  0.029 x2 x5 + -0.031 x2 x6 +  0.005 x2 x7 + -0.025 x3 x4 +  0.028 x3 x5 + -0.028 x3 x6 +  0.008 x3 x7 +  0.028 x4^2 +  0.010 x4 x5 + -0.063 x4 x6 +  0.036 x4 x7 + -0.117 x5^2 +  0.116 x5 x6 +  0.078 x5 x7 +  0.098 x6^2 + -0.204 x6 x7 +  0.008 x7^2
36,35.0,1000.0,36.85636440989091,2,8,5,20.0,140.0,9,36.0,smoothed_finite_difference_savgol_order_3,success,,335,360,93.05555555555556,3.9186408054083586,"[""1"", ""x0"", ""x1"", ""x2"", ""x3"", ""x4"", ""x5"", ""x6"", ""x7"", ""x0^2"", ""x0 x1"", ""x0 x2"", ""x0 x3"", ""x0 x4"", ""x0 x5"", ""x0 x6"", ""x0 x7"", ""x1^2"", ""x1 x2"", ""x1 x3"", ""x1 x4"", ""x1 x5"", ""x1 x6"", ""x1 x7"", ""x2^2"", ""x2 x3"", ""x2 x4"", ""x2 x5"", ""x2 x6"", ""x2 x7"", ""x3^2"", ""x3 x4"", ""x3 x5"", ""x3 x6"", ""x3 x7"", ""x4^2"", ""x4 x5"", ""x4 x6"", ""x4 x7"", ""x5^2"", ""x5 x6"", ""x5 x7"", ""x6^2"", ""x6 x7"", ""x7^2""]","[[-39.65716626894435, 23.937603585905197, -53.098385166886324, 19.408134135735658, 0.0, 5.280965387958702, -2.232145866940406, 1.0986341392812728, 0.37031992981831796, -0.0009821001246492571, 0.14478251816641138, -0.04327023916338473, -0.02990451248884672, -0.03741046998091645, -0.002766571691157185, 0.02739431151882452, 0.005425292977784177, -0.027583784731350567, -0.09542888398779886, 0.0031766173496017816, 0.01298904561718153, 0.03371008123632553, -0.020317159241075345, -0.024619964486433717, 0.06569479205685612, 0.010865690861999892, 0.020093807743113618, -0.04193058734796648, -0.018359314326190035, 0.024234567678219295, -0.011838560506491137, 0.0023925094051516285, 0.03509446901000645, -0.011229139419130165, 0.007914887276005995, -0.002316154784017208, -0.004310065155544928, -0.00506863208133326, -0.005843591240657576, -0.005009140586674375, -0.022379218841534886, 0.02317515775412123, 0.025513579207666746, -0.021738004661507188, -0.0028037890374469276], [-6.149170283541506, 35.59598944587729, 3.578143589469292, -46.20415089469463, 14.904667527160296, -8.172897512650998, 3.565865833703257, -1.706912628971246, 0.252465204162038, 0.06753878360517258, -0.162556932570916, -0.0019220584899354307, 0.0039011136689844667, 0.021991864703002763, 0.01105461431460677, -0.016090555912772406, 0.0, -0.008959954092031219, 0.18322707488688034, 0.0, -0.00016725479638469434, -0.039141965458703576, 0.007006847442646098, 0.016871598816096157, -0.07090744789305034, -0.07416322297567497, 0.0, 0.02732714781129726, 0.02606895340784876, -0.014228324783292463, 0.05365431935538294, 0.007170620494674376, -0.018034145330921965, -0.007975497673713581, -0.012613585707922, -0.021038378937082144, 0.0, 0.009829605247522102, 0.010249080241344908, 0.005080433123253533, 0.017093400185791474, -0.017340562025765834, -0.013922714744730995, 0.0035409339808368753, 0.0057019635929812925], [3.448211341178977, -12.327465124573465, 42.79659940862846, 0.8442583003373748, -43.86809115685796, 16.61276853265837, -6.891941008010442, 3.033865500390429, -0.9960702305203853, -0.05553904463524144, 0.06461840117683562, 0.06583527508009346, -0.02532033656543088, 0.00034814172839125654, -0.012008776421498757, 0.006202636214965279, 0.0025494178750928532, 0.0759266284926504, -0.2158263595042824, -0.004769368313646397, 0.004317186304692003, 0.02947337246572701, 0.0, -0.011145337407626075, 0.019690098439135415, 0.16661492615486687, -0.027324385446625812, -0.01143983384737906, -0.03158835847721921, 0.00725858543833066, -0.0623955634893314, -0.061371565386162, 0.024158670274596682, 0.006152431575995706, 0.02050444260974837, 0.04846427756704767, 0.006178281732908378, -0.005029300518594717, -0.015983346531544134, -0.016551396054321963, -0.010483435437578128, 0.011549994691023191, 0.011689271868630242, 0.002273152790110287, -0.0062351684285623585], [0.0, 5.101827613568072, -15.509417132958907, 44.09080704752605, -0.24206445250237346, -44.61073831904923, 15.887972680840214, -6.4757815960981935, 2.1987467739368776, 0.024878146230072562, 0.007772805536203326, -0.06531409945252442, 0.014274616783224697, 0.0, -0.0009120337809042596, 0.004380998619517146, 0.0, -0.07839778821292429, 0.11525991582216873, 0.058030448285280575, -0.0241906082234594, -0.004524275882962486, -0.010543812542966017, 0.0004256343307543944, 0.05406374682804451, -0.19832309974891027, 8.33512507044738e-05, 0.016899056672513273, 0.023826604489021425, 0.007827610689214698, 0.014632392729400654, 0.16392671656380028, -0.03498832701735752, -0.004441475559709979, -0.03238033112288336, -0.05954840384312194, -0.06048030518635896, 0.01614920736008819, 0.021459784388275834, 0.04303611954634982, 0.013726808163462641, -0.012912635707903054, -0.020130759542522775, 0.0, 0.005875658592853747], [0.0, -2.1771858943252633, 6.634372358052154, -16.161425092613943, 44.69306256648219, 0.2946083457198952, -43.9848104732728, 15.308139635849162, -5.042731407540731, -0.0069262584993525335, -0.02652092473407906, 0.037427678093897576, -0.007414419629108832, 0.005450222742086034, 0.004850512437867361, -0.0035428851777268436, 0.0, 0.04732025702847668, -0.020080912526957265, -0.05715440850271117, 0.014007500008533623, -0.0015792903308296394, 0.0, 0.0, -0.07021562061955842, 0.10592173938606372, 0.05154592162762288, -0.02815315301748031, -0.008553390189452083, 0.0, 0.05721279711707415, -0.1954470092538456, 0.003984203216529114, 0.01568005165825281, 0.021437471134278175, 0.008091487324331695, 0.16224552609608445, -0.029073024696464226, -0.018748584274709323, -0.05401792599718024, -0.06641928915987405, 0.02430829682451414, 0.046177834708641674, 0.0032997878247670634, -0.01440033810175191], [0.0, 0.9574840787027069, -3.076776737020978, 7.104295553102257, -16.81672315285289, 43.95038019255414, -0.7404832240037329, -42.83028064208591, 12.228067139671571, 0.0, 0.024143382420195855, -0.017722244649771405, 0.0017616493461115588, -0.0034301132251045733, -0.011108395008094919, 0.007116281116987035, 0.0, -0.024059377767415152, -0.012428126844572772, 0.03501458471167246, -0.004551156976674735, 0.0094976452644264, 0.00405124575546173, -0.005164505580818719, 0.04304637181039809, -0.017697949644164896, -0.05715968807736411, 0.01994502026177618, -0.0021995308463693855, 0.0, -0.06832345704256228, 0.10352449764905788, 0.05114929158652813, -0.027711915064934933, -0.008559840515644186, 0.06105895500281162, -0.19303805652161538, 0.0004736596892625332, 0.025733829716044498, 0.0010889046314383718, 0.16959701420381842, -0.03540251547900219, -0.05757777487683996, -0.04736390878489585, 0.035258137092056815], [2.1043150276949496, -0.20776687507534464, 1.6647265184105313, -3.64445712440427, 8.365640548421077, -15.278986115827811, 46.288221232627315, -3.45226694732536, -35.51435900129036, 0.0, -0.012345191224092509, 4.8053714141837485e-05, 0.007356039417523304, 0.0028057053735519033, 0.011572652217282193, -0.0031211387934698166, -0.007217546586542308, 0.01092015072021128, 0.02250183929166272, -0.026719081725210526, -0.0023772257854370597, -0.010358301714842288, -0.014332666185867147, 0.015394495885363978, -0.022441547164808773, -0.009468040006131344, 0.03907032264272912, -0.017414462828394327, 0.017664878115410995, -0.005734704324130151, 0.03646114477396906, -0.012845399542200472, -0.05591731247648545, 0.01894711045320231, 0.0019089437732128058, -0.06953327231655733, 0.10104648616386029, 0.05063760497087509, -0.03293971758647678, 0.07871950634800698, -0.2081631176937669, 0.0027108835549001634, 0.0059493208617641645, 0.14127088105858987, -0.0525972698270628], [22.928733987987894, -0.7868269458523901, -1.2554299431644782, 2.932428730303368, -7.179404394287589, 3.9303554746821754, -21.803716680949385, 54.280767580457315, -24.63891491810362, 0.0, 0.0, 0.01708040322640854, -0.016360043513484704, 0.0, -0.013479493568183443, -0.0023483011708030983, 0.017046779432077924, -0.008500125496553558, -0.024398030590818146, 0.029528650423627602, 0.009699782913387462, 0.017339076024978185, 0.017147221619714388, -0.019839869376017467, 0.013375176138382438, 0.010388863964772175, -0.031358514014257974, 0.026604462116246064, -0.02300116160476941, 0.0, 0.0, -0.028158013579682468, 0.038041761620395964, -0.03225350045899887, 0.009492264735983828, 0.03761509461251542, -0.002335602485703508, -0.06038622452649243, 0.026393585480384372, -0.11672630483950706, 0.12455872162591274, 0.07277974294281819, 0.08546623930143439, -0.1900558600898541, 0.011071930387873154]]",(x0)' = -39.657 1 +  23.938 x0 + -53.098 x1 +  19.408 x2 +  5.281 x4 + -2.232 x5 +  1.099 x6 +  0.370 x7 + -0.001 x0^2 +  0.145 x0 x1 + -0.043 x0 x2 + -0.030 x0 x3 + -0.037 x0 x4 + -0.003 x0 x5 +  0.027 x0 x6 +  0.005 x0 x7 + -0.028 x1^2 + -0.095 x1 x2 +  0.003 x1 x3 +  0.013 x1 x4 +  0.034 x1 x5 + -0.020 x1 x6 + -0.025 x1 x7 +  0.066 x2^2 +  0.011 x2 x3 +  0.020 x2 x4 + -0.042 x2 x5 + -0.018 x2 x6 +  0.024 x2 x7 + -0.012 x3^2 +  0.002 x3 x4 +  0.035 x3 x5 + -0.011 x3 x6 +  0.008 x3 x7 + -0.002 x4^2 + -0.004 x4 x5 + -0.005 x4 x6 + -0.006 x4 x7 + -0.005 x5^2 + -0.022 x5 x6 +  0.023 x5 x7 +  0.026 x6^2 + -0.022 x6 x7 + -0.003 x7^2 | (x1)' = -6.149 1 +  35.596 x0 +  3.578 x1 + -46.204 x2 +  14.905 x3 + -8.173 x4 +  3.566 x5 + -1.707 x6 +  0.252 x7 +  0.068 x0^2 + -0.163 x0 x1 + -0.002 x0 x2 +  0.004 x0 x3 +  0.022 x0 x4 +  0.011 x0 x5 + -0.016 x0 x6 + -0.009 x1^2 +  0.183 x1 x2 + -0.039 x1 x5 +  0.007 x1 x6 +  0.017 x1 x7 + -0.071 x2^2 + -0.074 x2 x3 +  0.027 x2 x5 +  0.026 x2 x6 + -0.014 x2 x7 +  0.054 x3^2 +  0.007 x3 x4 + -0.018 x3 x5 + -0.008 x3 x6 + -0.013 x3 x7 + -0.021 x4^2 +  0.010 x4 x6 +  0.010 x4 x7 +  0.005 x5^2 +  0.017 x5 x6 + -0.017 x5 x7 + -0.014 x6^2 +  0.004 x6 x7 +  0.006 x7^2 | (x2)' =  3.448 1 + -12.327 x0 +  42.797 x1 +  0.844 x2 + -43.868 x3 +  16.613 x4 + -6.892 x5 +  3.034 x6 + -0.996 x7 + -0.056 x0^2 +  0.065 x0 x1 +  0.066 x0 x2 + -0.025 x0 x3 + -0.012 x0 x5 +  0.006 x0 x6 +  0.003 x0 x7 +  0.076 x1^2 + -0.216 x1 x2 + -0.005 x1 x3 +  0.004 x1 x4 +  0.029 x1 x5 + -0.011 x1 x7 +  0.020 x2^2 +  0.167 x2 x3 + -0.027 x2 x4 + -0.011 x2 x5 + -0.032 x2 x6 +  0.007 x2 x7 + -0.062 x3^2 + -0.061 x3 x4 +  0.024 x3 x5 +  0.006 x3 x6 +  0.021 x3 x7 +  0.048 x4^2 +  0.006 x4 x5 + -0.005 x4 x6 + -0.016 x4 x7 + -0.017 x5^2 + -0.010 x5 x6 +  0.012 x5 x7 +  0.012 x6^2 +  0.002 x6 x7 + -0.006 x7^2 | (x3)' =  5.102 x0 + -15.509 x1 +  44.091 x2 + -0.242 x3 + -44.611 x4 +  15.888 x5 + -6.476 x6 +  2.199 x7 +  0.025 x0^2 +  0.008 x0 x1 + -0.065 x0 x2 +  0.014 x0 x3 + -0.001 x0 x5 +  0.004 x0 x6 + -0.078 x1^2 +  0.115 x1 x2 +  0.058 x1 x3 + -0.024 x1 x4 + -0.005 x1 x5 + -0.011 x1 x6 +  0.054 x2^2 + -0.198 x2 x3 +  0.017 x2 x5 +  0.024 x2 x6 +  0.008 x2 x7 +  0.015 x3^2 +  0.164 x3 x4 + -0.035 x3 x5 + -0.004 x3 x6 + -0.032 x3 x7 + -0.060 x4^2 + -0.060 x4 x5 +  0.016 x4 x6 +  0.021 x4 x7 +  0.043 x5^2 +  0.014 x5 x6 + -0.013 x5 x7 + -0.020 x6^2 +  0.006 x7^2 | (x4)' = -2.177 x0 +  6.634 x1 + -16.161 x2 +  44.693 x3 +  0.295 x4 + -43.985 x5 +  15.308 x6 + -5.043 x7 + -0.007 x0^2 + -0.027 x0 x1 +  0.037 x0 x2 + -0.007 x0 x3 +  0.005 x0 x4 +  0.005 x0 x5 + -0.004 x0 x6 +  0.047 x1^2 + -0.020 x1 x2 + -0.057 x1 x3 +  0.014 x1 x4 + -0.002 x1 x5 + -0.070 x2^2 +  0.106 x2 x3 +  0.052 x2 x4 + -0.028 x2 x5 + -0.009 x2 x6 +  0.057 x3^2 + -0.195 x3 x4 +  0.004 x3 x5 +  0.016 x3 x6 +  0.021 x3 x7 +  0.008 x4^2 +  0.162 x4 x5 + -0.029 x4 x6 + -0.019 x4 x7 + -0.054 x5^2 + -0.066 x5 x6 +  0.024 x5 x7 +  0.046 x6^2 +  0.003 x6 x7 + -0.014 x7^2 | (x5)' =  0.957 x0 + -3.077 x1 +  7.104 x2 + -16.817 x3 +  43.950 x4 + -0.740 x5 + -42.830 x6 +  12.228 x7 +  0.024 x0 x1 + -0.018 x0 x2 +  0.002 x0 x3 + -0.003 x0 x4 + -0.011 x0 x5 +  0.007 x0 x6 + -0.024 x1^2 + -0.012 x1 x2 +  0.035 x1 x3 + -0.005 x1 x4 +  0.009 x1 x5 +  0.004 x1 x6 + -0.005 x1 x7 +  0.043 x2^2 + -0.018 x2 x3 + -0.057 x2 x4 +  0.020 x2 x5 + -0.002 x2 x6 + -0.068 x3^2 +  0.104 x3 x4 +  0.051 x3 x5 + -0.028 x3 x6 + -0.009 x3 x7 +  0.061 x4^2 + -0.193 x4 x5 +  0.026 x4 x7 +  0.001 x5^2 +  0.170 x5 x6 + -0.035 x5 x7 + -0.058 x6^2 + -0.047 x6 x7 +  0.035 x7^2 | (x6)' =  2.104 1 + -0.208 x0 +  1.665 x1 + -3.644 x2 +  8.366 x3 + -15.279 x4 +  46.288 x5 + -3.452 x6 + -35.514 x7 + -0.012 x0 x1 +  0.007 x0 x3 +  0.003 x0 x4 +  0.012 x0 x5 + -0.003 x0 x6 + -0.007 x0 x7 +  0.011 x1^2 +  0.023 x1 x2 + -0.027 x1 x3 + -0.002 x1 x4 + -0.010 x1 x5 + -0.014 x1 x6 +  0.015 x1 x7 + -0.022 x2^2 + -0.009 x2 x3 +  0.039 x2 x4 + -0.017 x2 x5 +  0.018 x2 x6 + -0.006 x2 x7 +  0.036 x3^2 + -0.013 x3 x4 + -0.056 x3 x5 +  0.019 x3 x6 +  0.002 x3 x7 + -0.070 x4^2 +  0.101 x4 x5 +  0.051 x4 x6 + -0.033 x4 x7 +  0.079 x5^2 + -0.208 x5 x6 +  0.003 x5 x7 +  0.006 x6^2 +  0.141 x6 x7 + -0.053 x7^2 | (x7)' =  22.929 1 + -0.787 x0 + -1.255 x1 +  2.932 x2 + -7.179 x3 +  3.930 x4 + -21.804 x5 +  54.281 x6 + -24.639 x7 +  0.017 x0 x2 + -0.016 x0 x3 + -0.013 x0 x5 + -0.002 x0 x6 +  0.017 x0 x7 + -0.009 x1^2 + -0.024 x1 x2 +  0.030 x1 x3 +  0.010 x1 x4 +  0.017 x1 x5 +  0.017 x1 x6 + -0.020 x1 x7 +  0.013 x2^2 +  0.010 x2 x3 + -0.031 x2 x4 +  0.027 x2 x5 + -0.023 x2 x6 + -0.028 x3 x4 +  0.038 x3 x5 + -0.032 x3 x6 +  0.009 x3 x7 +  0.038 x4^2 + -0.002 x4 x5 + -0.060 x4 x6 +  0.026 x4 x7 + -0.117 x5^2 +  0.125 x5 x6 +  0.073 x5 x7 +  0.085 x6^2 + -0.190 x6 x7 +  0.011 x7^2
