configuration_index,lowpass_hz,stlsq_threshold,training_lfp_rms_uv,degree,n_delays,delay_samples,delay_ms,embedding_span_ms,smooth_window_samples,smooth_window_ms,derivative_method,fit_status,fit_failure_reason,nonzero_terms,possible_terms,term_utilization_percent,fit_runtime_s,feature_names_json,coefficients_json,equations
1,80.0,1000.0,37.49490932254601,2,2,1,4.0,4.0,0,0.0,finite_difference,success,,12,12,100.0,0.6659726556390524,"[""1"", ""x0"", ""x1"", ""x0^2"", ""x0 x1"", ""x1^2""]","[[-38.925929722958706, 197.23602080606875, -206.35556012942152, -0.062358847946700456, 0.2072309035035465, -0.10817948266424354], [32.12075504941435, 206.29604117212367, -197.11870493053266, 0.1613274333876374, -0.3737465323685158, 0.17325149502951548]]",(x0)' = -38.926 1 +  197.236 x0 + -206.356 x1 + -0.062 x0^2 +  0.207 x0 x1 + -0.108 x1^2 | (x1)' =  32.121 1 +  206.296 x0 + -197.119 x1 +  0.161 x0^2 + -0.374 x0 x1 +  0.173 x1^2
2,80.0,1000.0,37.49490932254601,2,2,1,4.0,4.0,5,20.0,smoothed_finite_difference_savgol_order_3,success,,12,12,100.0,0.14882497768849134,"[""1"", ""x0"", ""x1"", ""x0^2"", ""x0 x1"", ""x1^2""]","[[-36.05383428077522, 212.34962724140874, -220.53285218103827, -0.05186408861332366, 0.2026937048880403, -0.117490797125231], [24.473167782224948, 220.52961242123212, -212.26285956951594, 0.23124406150571566, -0.48482689914418925, 0.21826128241220405]]",(x0)' = -36.054 1 +  212.350 x0 + -220.533 x1 + -0.052 x0^2 +  0.203 x0 x1 + -0.117 x1^2 | (x1)' =  24.473 1 +  220.530 x0 + -212.263 x1 +  0.231 x0^2 + -0.485 x0 x1 +  0.218 x1^2
3,80.0,1000.0,37.49490932254601,2,2,1,4.0,4.0,9,36.0,smoothed_finite_difference_savgol_order_3,success,,12,12,100.0,0.13949222024530172,"[""1"", ""x0"", ""x1"", ""x0^2"", ""x0 x1"", ""x1^2""]","[[-19.44314178900775, 231.25917843877585, -237.2336468547829, -0.13081725171959466, 0.3115527915186215, -0.1584939836118008], [14.302265966581507, 237.2620798367892, -231.27079518221214, 0.24496592505333564, -0.456355920145747, 0.18976388182962592]]",(x0)' = -19.443 1 +  231.259 x0 + -237.234 x1 + -0.131 x0^2 +  0.312 x0 x1 + -0.158 x1^2 | (x1)' =  14.302 1 +  237.262 x0 + -231.271 x1 +  0.245 x0^2 + -0.456 x0 x1 +  0.190 x1^2
4,80.0,1000.0,37.49490932254601,2,2,2,8.0,8.0,0,0.0,finite_difference,success,,12,12,100.0,0.12922721169888973,"[""1"", ""x0"", ""x1"", ""x0^2"", ""x0 x1"", ""x1^2""]","[[-65.7913398464665, 82.13038453631854, -95.76623141323611, 0.0139989923393027, 0.07440585832394574, -0.031357460999691396], [39.04303710268161, 95.87372278887284, -82.04992236145975, 0.09301949571173039, -0.22877942857684297, 0.07569522826895297]]",(x0)' = -65.791 1 +  82.130 x0 + -95.766 x1 +  0.014 x0^2 +  0.074 x0 x1 + -0.031 x1^2 | (x1)' =  39.043 1 +  95.874 x0 + -82.050 x1 +  0.093 x0^2 + -0.229 x0 x1 +  0.076 x1^2
5,80.0,1000.0,37.49490932254601,2,2,2,8.0,8.0,5,20.0,smoothed_finite_difference_savgol_order_3,success,,12,12,100.0,0.13871781062334776,"[""1"", ""x0"", ""x1"", ""x0^2"", ""x0 x1"", ""x1^2""]","[[-61.396644682837426, 90.75058834688552, -104.09877842592185, 0.010769468857639426, 0.08915921895021738, -0.04482304501658861], [33.20814568659525, 104.22514992272527, -90.68254006797513, 0.12046401283841798, -0.2661206588034746, 0.0879877901946928]]",(x0)' = -61.397 1 +  90.751 x0 + -104.099 x1 +  0.011 x0^2 +  0.089 x0 x1 + -0.045 x1^2 | (x1)' =  33.208 1 +  104.225 x0 + -90.683 x1 +  0.120 x0^2 + -0.266 x0 x1 +  0.088 x1^2
6,80.0,1000.0,37.49490932254601,2,2,2,8.0,8.0,9,36.0,smoothed_finite_difference_savgol_order_3,success,,12,12,100.0,0.14203470386564732,"[""1"", ""x0"", ""x1"", ""x0^2"", ""x0 x1"", ""x1^2""]","[[-34.5434976538293, 105.38668265557645, -116.34892835835264, -0.04880957737139584, 0.16071556042035193, -0.07156203998560885], [26.081555122754285, 116.39314334439295, -105.39283260161599, 0.11713060849356256, -0.21938057634011707, 0.06256869313441817]]",(x0)' = -34.543 1 +  105.387 x0 + -116.349 x1 + -0.049 x0^2 +  0.161 x0 x1 + -0.072 x1^2 | (x1)' =  26.082 1 +  116.393 x0 + -105.393 x1 +  0.117 x0^2 + -0.219 x0 x1 +  0.063 x1^2
7,80.0,1000.0,37.49490932254601,2,2,5,20.0,20.0,0,0.0,finite_difference,success,,12,12,100.0,0.11484281253069639,"[""1"", ""x0"", ""x1"", ""x0^2"", ""x0 x1"", ""x1^2""]","[[-56.59298884008622, 18.446725702479725, -32.75697586461517, 0.042374813665989455, -0.0047801538462301785, 0.0008023294672334842], [-21.075736527029214, 33.39091673275949, -18.65310183186451, 0.10109465879869203, -0.1179945084550525, -0.020019450244170834]]",(x0)' = -56.593 1 +  18.447 x0 + -32.757 x1 +  0.042 x0^2 + -0.005 x0 x1 +  0.001 x1^2 | (x1)' = -21.076 1 +  33.391 x0 + -18.653 x1 +  0.101 x0^2 + -0.118 x0 x1 + -0.020 x1^2
8,80.0,1000.0,37.49490932254601,2,2,5,20.0,20.0,5,20.0,smoothed_finite_difference_savgol_order_3,success,,11,12,91.66666666666667,0.13441637065261602,"[""1"", ""x0"", ""x1"", ""x0^2"", ""x0 x1"", ""x1^2""]","[[-53.60240240328679, 18.771486324259417, -33.01607659707262, 0.04077575414544487, 0.0, -0.002004194663261363], [-18.88481040680268, 33.58749878168516, -18.960124678379714, 0.09902965662257945, -0.11586857174661316, -0.019819515122072584]]",(x0)' = -53.602 1 +  18.771 x0 + -33.016 x1 +  0.041 x0^2 + -0.002 x1^2 | (x1)' = -18.885 1 +  33.587 x0 + -18.960 x1 +  0.099 x0^2 + -0.116 x0 x1 + -0.020 x1^2
9,80.0,1000.0,37.49490932254601,2,2,5,20.0,20.0,9,36.0,smoothed_finite_difference_savgol_order_3,success,,11,12,91.66666666666667,0.13593547698110342,"[""1"", ""x0"", ""x1"", ""x0^2"", ""x0 x1"", ""x1^2""]","[[-50.32984580493721, 22.6278440891141, -37.97576060678166, 0.02573695154434477, 0.020500836989372023, 0.0], [8.546070505040774, 38.2990366694908, -22.809301180666836, 0.06899351900140524, -0.08640222406446657, -0.023712753528242182]]",(x0)' = -50.330 1 +  22.628 x0 + -37.976 x1 +  0.026 x0^2 +  0.021 x0 x1 | (x1)' =  8.546 1 +  38.299 x0 + -22.809 x1 +  0.069 x0^2 + -0.086 x0 x1 + -0.024 x1^2
10,80.0,1000.0,37.49490932254601,2,4,1,4.0,12.0,0,0.0,finite_difference,success,,60,60,100.0,0.4530932968482375,"[""1"", ""x0"", ""x1"", ""x2"", ""x3"", ""x0^2"", ""x0 x1"", ""x0 x2"", ""x0 x3"", ""x1^2"", ""x1 x2"", ""x1 x3"", ""x2^2"", ""x2 x3"", ""x3^2""]","[[-64.74198763078199, 259.2967651300881, -374.045974109434, 167.96814250288344, -60.391496887766685, -0.4286442953147941, 1.5789360522018105, -1.257180268203072, 0.5569597885493027, -1.0233688595748356, 1.0723793790494516, -0.6134954986686545, 0.2500823444313, -0.25252259095602037, 0.13935862653467349], [-0.3380125291385721, 124.98369802153783, 0.10672724568860534, -125.16008841076243, 0.06896507156656595, -0.003130176512793036, 0.008385924700423193, -0.0004655484149220232, -0.001311195815135282, -0.00111585922187777, -0.02277479468729168, 0.014502033630050327, 0.029967583754319, -0.032735680451373705, 0.008704785814155735], [-0.4715315047515752, -0.068817692395809, 125.13472974346665, -0.060542520941518824, -125.00671277395065, 0.001711689284441349, -0.0012744985884251092, -0.007527375582725123, 0.005935771569240131, 0.0028497417435114276, -0.0067112074106822316, 0.001240471248751588, 0.016405220694317147, -0.017570626212571827, 0.005000152711731921], [41.810952967357224, 60.54713939627412, -167.95812822669998, 374.10986662606865, -259.38586644239564, 0.35688461668772375, -1.1700851919495079, 1.1675782947668178, -0.6428329165750529, 0.6853236226552837, -1.0696663674709088, 0.8113370932350331, 0.1426777449842013, -0.4018013775451843, 0.0975480667398522]]",(x0)' = -64.742 1 +  259.297 x0 + -374.046 x1 +  167.968 x2 + -60.391 x3 + -0.429 x0^2 +  1.579 x0 x1 + -1.257 x0 x2 +  0.557 x0 x3 + -1.023 x1^2 +  1.072 x1 x2 + -0.613 x1 x3 +  0.250 x2^2 + -0.253 x2 x3 +  0.139 x3^2 | (x1)' = -0.338 1 +  124.984 x0 +  0.107 x1 + -125.160 x2 +  0.069 x3 + -0.003 x0^2 +  0.008 x0 x1 + -0.001 x0 x3 + -0.001 x1^2 + -0.023 x1 x2 +  0.015 x1 x3 +  0.030 x2^2 + -0.033 x2 x3 +  0.009 x3^2 | (x2)' = -0.472 1 + -0.069 x0 +  125.135 x1 + -0.061 x2 + -125.007 x3 +  0.002 x0^2 + -0.001 x0 x1 + -0.008 x0 x2 +  0.006 x0 x3 +  0.003 x1^2 + -0.007 x1 x2 +  0.001 x1 x3 +  0.016 x2^2 + -0.018 x2 x3 +  0.005 x3^2 | (x3)' =  41.811 1 +  60.547 x0 + -167.958 x1 +  374.110 x2 + -259.386 x3 +  0.357 x0^2 + -1.170 x0 x1 +  1.168 x0 x2 + -0.643 x0 x3 +  0.685 x1^2 + -1.070 x1 x2 +  0.811 x1 x3 +  0.143 x2^2 + -0.402 x2 x3 +  0.098 x3^2
11,80.0,1000.0,37.49490932254601,2,4,1,4.0,12.0,5,20.0,smoothed_finite_difference_savgol_order_3,success,,59,60,98.33333333333333,0.5120315607637167,"[""1"", ""x0"", ""x1"", ""x2"", ""x3"", ""x0^2"", ""x0 x1"", ""x0 x2"", ""x0 x3"", ""x1^2"", ""x1 x2"", ""x1 x3"", ""x2^2"", ""x2 x3"", ""x3^2""]","[[-42.936877850060874, 310.3261100533751, -471.35178071519033, 227.77245524855118, -71.73046087191548, -0.6943125002935535, 2.9219405223428905, -2.596102917886831, 1.0967260777587993, -2.5186959853994324, 3.7782070311931113, -1.7076407767554838, -0.9462650425364276, 0.7684813093621372, -0.08744394385034523], [-0.8752680755054756, 124.89492116463242, 0.33689640984770514, -125.38279292894136, 0.1523124854428817, -0.003970361749507576, -0.01274464861936992, 0.0484361211839155, -0.024050820957634698, 0.06088278514370239, -0.22652769968016143, 0.10729135238050798, 0.1784218914126842, -0.1675088844906381, 0.03980145498076645], [-2.025551048239546, -0.17430814326599295, 125.35541513143333, -0.2007380399137396, -124.9749829890694, 0.014224438373564532, -0.07746833981024892, 0.07748673242510622, -0.02624451149182911, 0.14165804245517505, -0.36543496320767643, 0.15699511031472063, 0.2680410567387064, -0.24824481536158796, 0.05904240861672095], [37.52312431157289, 71.76317763851253, -227.86308258486144, 471.77245564399425, -310.632160891395, 0.371205700121352, -1.139651765093646, 0.8587651709853902, -0.4051495487140068, 0.2865547499823146, 0.49160785457011696, 0.0, -0.94680830175816, 0.5904913438408997, -0.12194322396255684]]",(x0)' = -42.937 1 +  310.326 x0 + -471.352 x1 +  227.772 x2 + -71.730 x3 + -0.694 x0^2 +  2.922 x0 x1 + -2.596 x0 x2 +  1.097 x0 x3 + -2.519 x1^2 +  3.778 x1 x2 + -1.708 x1 x3 + -0.946 x2^2 +  0.768 x2 x3 + -0.087 x3^2 | (x1)' = -0.875 1 +  124.895 x0 +  0.337 x1 + -125.383 x2 +  0.152 x3 + -0.004 x0^2 + -0.013 x0 x1 +  0.048 x0 x2 + -0.024 x0 x3 +  0.061 x1^2 + -0.227 x1 x2 +  0.107 x1 x3 +  0.178 x2^2 + -0.168 x2 x3 +  0.040 x3^2 | (x2)' = -2.026 1 + -0.174 x0 +  125.355 x1 + -0.201 x2 + -124.975 x3 +  0.014 x0^2 + -0.077 x0 x1 +  0.077 x0 x2 + -0.026 x0 x3 +  0.142 x1^2 + -0.365 x1 x2 +  0.157 x1 x3 +  0.268 x2^2 + -0.248 x2 x3 +  0.059 x3^2 | (x3)' =  37.523 1 +  71.763 x0 + -227.863 x1 +  471.772 x2 + -310.632 x3 +  0.371 x0^2 + -1.140 x0 x1 +  0.859 x0 x2 + -0.405 x0 x3 +  0.287 x1^2 +  0.492 x1 x2 + -0.947 x2^2 +  0.590 x2 x3 + -0.122 x3^2
12,80.0,1000.0,37.49490932254601,2,4,1,4.0,12.0,9,36.0,smoothed_finite_difference_savgol_order_3,success,,58,60,96.66666666666667,0.5074055483564734,"[""1"", ""x0"", ""x1"", ""x2"", ""x3"", ""x0^2"", ""x0 x1"", ""x0 x2"", ""x0 x3"", ""x1^2"", ""x1 x2"", ""x1 x3"", ""x2^2"", ""x2 x3"", ""x3^2""]","[[-21.214690555858613, 357.0514287410042, -535.993512261707, 230.59534464381466, -53.58930785529179, 0.07888025032519272, -0.700697008365625, 0.2933639943418591, 0.28465166234482425, 1.3066993865603684, -1.591143962626148, -0.3765837183092658, 0.6637195688169308, 0.0, 0.04627871608230635], [0.241700224262518, 126.16359578830308, -3.4098971016067035, -121.23904062599566, -1.5307460057666136, 0.12827615814905574, -0.4202831774413525, 0.0, 0.1733304279241969, 0.22222826109708144, 0.6952158409756263, -0.7260412715819039, -0.9303992140309932, 1.152193091638632, -0.29395516067349525], [-1.362255950447924, 0.8226711069229391, 122.75021472411652, 2.1181966670277204, -125.68174980831206, -0.1316660464075383, 0.03533714116360956, 0.6437742874759961, -0.43766150987811836, 1.011414155681242, -4.060838281020911, 2.079015450453109, 3.097345312856105, -2.8681540600634965, 0.6316840884632923], [13.861183029293091, 53.14213046164568, -229.10554033669803, 533.952457757239, -356.02771393167205, -0.11640610549766915, -1.5051387913139225, 4.211402475361043, -2.510764964742801, 4.0864372584347075, -13.921589064831165, 7.320501617441735, 9.062767931211363, -8.405171302094738, 1.7727657533221204]]",(x0)' = -21.215 1 +  357.051 x0 + -535.994 x1 +  230.595 x2 + -53.589 x3 +  0.079 x0^2 + -0.701 x0 x1 +  0.293 x0 x2 +  0.285 x0 x3 +  1.307 x1^2 + -1.591 x1 x2 + -0.377 x1 x3 +  0.664 x2^2 +  0.046 x3^2 | (x1)' =  0.242 1 +  126.164 x0 + -3.410 x1 + -121.239 x2 + -1.531 x3 +  0.128 x0^2 + -0.420 x0 x1 +  0.173 x0 x3 +  0.222 x1^2 +  0.695 x1 x2 + -0.726 x1 x3 + -0.930 x2^2 +  1.152 x2 x3 + -0.294 x3^2 | (x2)' = -1.362 1 +  0.823 x0 +  122.750 x1 +  2.118 x2 + -125.682 x3 + -0.132 x0^2 +  0.035 x0 x1 +  0.644 x0 x2 + -0.438 x0 x3 +  1.011 x1^2 + -4.061 x1 x2 +  2.079 x1 x3 +  3.097 x2^2 + -2.868 x2 x3 +  0.632 x3^2 | (x3)' =  13.861 1 +  53.142 x0 + -229.106 x1 +  533.952 x2 + -356.028 x3 + -0.116 x0^2 + -1.505 x0 x1 +  4.211 x0 x2 + -2.511 x0 x3 +  4.086 x1^2 + -13.922 x1 x2 +  7.321 x1 x3 +  9.063 x2^2 + -8.405 x2 x3 +  1.773 x3^2
13,80.0,1000.0,37.49490932254601,2,4,2,8.0,24.0,0,0.0,finite_difference,success,,59,60,98.33333333333333,0.4887967547401786,"[""1"", ""x0"", ""x1"", ""x2"", ""x3"", ""x0^2"", ""x0 x1"", ""x0 x2"", ""x0 x3"", ""x1^2"", ""x1 x2"", ""x1 x3"", ""x2^2"", ""x2 x3"", ""x3^2""]","[[-133.89180325536734, 86.10660199445874, -111.34734213031209, 13.041143051668278, 2.571458886421722, -0.05047480666135967, 0.2846401681192678, -0.17761046136056752, 0.07634439339235355, 0.04052504673490376, -0.297612659952469, -0.0434752425118094, 0.2995232117054071, -0.19208907528589905, 0.09028011941164744], [22.615213522530894, 72.85184348784757, 4.767813456745893, -89.7808816943012, 14.745899599771125, 0.06787089295068482, -0.2566290967672476, 0.1314620596430564, -0.02755606329766862, 0.06138787577857271, 0.15321637842039568, -0.03804105014765008, -0.1401643048620986, 0.02817368688613401, 0.011306114414058254], [-14.886391013674926, -13.818543916165574, 86.31303677978705, 0.0, -75.12327543140883, -0.026039621970412624, 0.17383998017207852, -0.1442410403188088, 0.025419497497824493, -0.056808756927371334, -0.14559299324241376, 0.07912943269911747, 0.13756495416585426, 0.018533944212154038, -0.05363576849066468], [67.6070595248959, -3.6962312415363128, -11.260076617739688, 111.32420273418535, -86.58345972468707, -0.06787046608147693, -0.04926342941760475, 0.19383004081690286, 0.011731032316912398, 0.02116736385832211, 0.20354320925727282, -0.16667745925657057, -0.1536944895105945, -0.1059631892412056, 0.0870348002309341]]",(x0)' = -133.892 1 +  86.107 x0 + -111.347 x1 +  13.041 x2 +  2.571 x3 + -0.050 x0^2 +  0.285 x0 x1 + -0.178 x0 x2 +  0.076 x0 x3 +  0.041 x1^2 + -0.298 x1 x2 + -0.043 x1 x3 +  0.300 x2^2 + -0.192 x2 x3 +  0.090 x3^2 | (x1)' =  22.615 1 +  72.852 x0 +  4.768 x1 + -89.781 x2 +  14.746 x3 +  0.068 x0^2 + -0.257 x0 x1 +  0.131 x0 x2 + -0.028 x0 x3 +  0.061 x1^2 +  0.153 x1 x2 + -0.038 x1 x3 + -0.140 x2^2 +  0.028 x2 x3 +  0.011 x3^2 | (x2)' = -14.886 1 + -13.819 x0 +  86.313 x1 + -75.123 x3 + -0.026 x0^2 +  0.174 x0 x1 + -0.144 x0 x2 +  0.025 x0 x3 + -0.057 x1^2 + -0.146 x1 x2 +  0.079 x1 x3 +  0.138 x2^2 +  0.019 x2 x3 + -0.054 x3^2 | (x3)' =  67.607 1 + -3.696 x0 + -11.260 x1 +  111.324 x2 + -86.583 x3 + -0.068 x0^2 + -0.049 x0 x1 +  0.194 x0 x2 +  0.012 x0 x3 +  0.021 x1^2 +  0.204 x1 x2 + -0.167 x1 x3 + -0.154 x2^2 + -0.106 x2 x3 +  0.087 x3^2
14,80.0,1000.0,37.49490932254601,2,4,2,8.0,24.0,5,20.0,smoothed_finite_difference_savgol_order_3,success,,57,60,95.0,0.4900678051635623,"[""1"", ""x0"", ""x1"", ""x2"", ""x3"", ""x0^2"", ""x0 x1"", ""x0 x2"", ""x0 x3"", ""x1^2"", ""x1 x2"", ""x1 x3"", ""x2^2"", ""x2 x3"", ""x3^2""]","[[-118.58302307779864, 103.35273835090042, -143.55496461044655, 38.84830554470875, -7.261591282582178, -0.05038568637074739, 0.2701846638759876, -0.10801904905611753, 0.0, 0.062828996967426, -0.5073560730394425, 0.13332425226189054, 0.4397818154657096, -0.3036698569542124, 0.0879060923739155], [22.787829499676274, 70.46781206971109, 11.341703816857422, -98.1220157257824, 19.14406545899514, 0.0720355688286512, -0.26541673120898523, 0.1735736160294552, -0.06509502466853447, 0.07493185448632284, 0.10317219369975675, -0.0030959987212205177, -0.1405719377835428, 0.03017643860604421, 0.011273567504433646], [-27.086122172364135, -16.5448475284218, 89.47988323567932, 0.0, -75.84114146877674, -0.043226783483605945, 0.19814722992241693, -0.15799465763034523, 0.05044519084672604, -0.06031191433804295, -0.167441519417807, 0.07892413468148002, 0.2179506952660327, -0.10744743883181343, 0.0], [61.04868406564175, 6.43924073577538, -37.41814049652708, 143.43485996330486, -103.69252847341917, -0.013883424222306135, -0.12882061999125632, 0.18579531048202813, -0.01198786127105748, -0.020326770143394478, 0.286375027751729, -0.1099540177785126, -0.15419931898359157, -0.14709106418152418, 0.09059726532484003]]",(x0)' = -118.583 1 +  103.353 x0 + -143.555 x1 +  38.848 x2 + -7.262 x3 + -0.050 x0^2 +  0.270 x0 x1 + -0.108 x0 x2 +  0.063 x1^2 + -0.507 x1 x2 +  0.133 x1 x3 +  0.440 x2^2 + -0.304 x2 x3 +  0.088 x3^2 | (x1)' =  22.788 1 +  70.468 x0 +  11.342 x1 + -98.122 x2 +  19.144 x3 +  0.072 x0^2 + -0.265 x0 x1 +  0.174 x0 x2 + -0.065 x0 x3 +  0.075 x1^2 +  0.103 x1 x2 + -0.003 x1 x3 + -0.141 x2^2 +  0.030 x2 x3 +  0.011 x3^2 | (x2)' = -27.086 1 + -16.545 x0 +  89.480 x1 + -75.841 x3 + -0.043 x0^2 +  0.198 x0 x1 + -0.158 x0 x2 +  0.050 x0 x3 + -0.060 x1^2 + -0.167 x1 x2 +  0.079 x1 x3 +  0.218 x2^2 + -0.107 x2 x3 | (x3)' =  61.049 1 +  6.439 x0 + -37.418 x1 +  143.435 x2 + -103.693 x3 + -0.014 x0^2 + -0.129 x0 x1 +  0.186 x0 x2 + -0.012 x0 x3 + -0.020 x1^2 +  0.286 x1 x2 + -0.110 x1 x3 + -0.154 x2^2 + -0.147 x2 x3 +  0.091 x3^2
15,80.0,1000.0,37.49490932254601,2,4,2,8.0,24.0,9,36.0,smoothed_finite_difference_savgol_order_3,success,,57,60,95.0,0.4963335730135441,"[""1"", ""x0"", ""x1"", ""x2"", ""x3"", ""x0^2"", ""x0 x1"", ""x0 x2"", ""x0 x3"", ""x1^2"", ""x1 x2"", ""x1 x3"", ""x2^2"", ""x2 x3"", ""x3^2""]","[[-40.64737743324947, 148.6636502132713, -218.40255153726875, 83.37611462486795, -17.730619288108972, -0.13606066462951388, 0.5536961280162118, -0.5448671840024469, 0.325851081645449, -0.32963079022336483, 0.6688202364286547, -0.6302901218016573, -0.35383641465842636, 0.6095583270301795, -0.1520193757626574], [0.0, 60.02048775171816, 25.07740218628862, -100.427702154895, 16.428117489178312, 0.06224153260929326, -0.2644425378904801, 0.2808367474492673, -0.1482388193271989, 0.22798268918747286, -0.5093206416949575, 0.31881899193539703, 0.29692649338698873, -0.35165788308935786, 0.08475065708681652], [0.0, -15.941977562788743, 99.45869362579433, -24.185531336224667, -60.43529042483677, 0.014617465804259417, -0.029890804291082436, 0.0, 0.004475501960568985, 0.05384574999792967, -0.07176840808865215, -0.004736790637465849, -0.004792417170507549, 0.06068061664884483, -0.020747149215688737], [38.99996159174626, 17.33795574081052, -82.49824380849894, 217.85702866328435, -148.57390018782112, 0.04530177621311067, -0.3312291936443785, 0.40277474746444314, -0.1640033151003805, 0.18519942340209755, -0.24502471529640382, 0.16170252650583594, 0.06968772779289928, -0.16968947683147304, 0.033818723540807435]]",(x0)' = -40.647 1 +  148.664 x0 + -218.403 x1 +  83.376 x2 + -17.731 x3 + -0.136 x0^2 +  0.554 x0 x1 + -0.545 x0 x2 +  0.326 x0 x3 + -0.330 x1^2 +  0.669 x1 x2 + -0.630 x1 x3 + -0.354 x2^2 +  0.610 x2 x3 + -0.152 x3^2 | (x1)' =  60.020 x0 +  25.077 x1 + -100.428 x2 +  16.428 x3 +  0.062 x0^2 + -0.264 x0 x1 +  0.281 x0 x2 + -0.148 x0 x3 +  0.228 x1^2 + -0.509 x1 x2 +  0.319 x1 x3 +  0.297 x2^2 + -0.352 x2 x3 +  0.085 x3^2 | (x2)' = -15.942 x0 +  99.459 x1 + -24.186 x2 + -60.435 x3 +  0.015 x0^2 + -0.030 x0 x1 +  0.004 x0 x3 +  0.054 x1^2 + -0.072 x1 x2 + -0.005 x1 x3 + -0.005 x2^2 +  0.061 x2 x3 + -0.021 x3^2 | (x3)' =  39.000 1 +  17.338 x0 + -82.498 x1 +  217.857 x2 + -148.574 x3 +  0.045 x0^2 + -0.331 x0 x1 +  0.403 x0 x2 + -0.164 x0 x3 +  0.185 x1^2 + -0.245 x1 x2 +  0.162 x1 x3 +  0.070 x2^2 + -0.170 x2 x3 +  0.034 x3^2
16,80.0,1000.0,37.49490932254601,2,4,5,20.0,60.0,0,0.0,finite_difference,success,,59,60,98.33333333333333,0.4872032506391406,"[""1"", ""x0"", ""x1"", ""x2"", ""x3"", ""x0^2"", ""x0 x1"", ""x0 x2"", ""x0 x3"", ""x1^2"", ""x1 x2"", ""x1 x3"", ""x2^2"", ""x2 x3"", ""x3^2""]","[[-56.78156124020908, 17.534135987487346, -39.88097308299504, 10.367909190731714, 5.092535044830489, 0.02960229438287843, 0.07496353533166376, -0.028368690554675554, -0.04871253137543544, -0.032373668810346555, -0.018202199932272834, -0.005151741153845794, 0.017126181177923753, 0.006806176128680338, 0.016798997261283016], [-41.55574684152619, 31.99814861544273, 1.0959687491160042, -36.590921922689105, 5.5920271722767545, 0.12928462690572975, -0.2368394531762105, 0.0, 0.010289471953118037, 0.015718869668652154, 0.16728981982070049, -0.008370027301405653, -0.08117884573367568, -0.00266163798383816, 0.005359985731193233], [-43.67989557814956, -6.8530311646742295, 37.52152113709955, -1.0250361034958777, -31.528553028161813, -0.03670298705399211, -0.02189829065633823, 0.13713401793650964, -0.06422749037624888, 0.17566785143981367, -0.3471281185789752, 0.056283862510478476, 0.052172500110287276, 0.09747308552409703, -0.04560244839186483], [1.7475550491839018, -4.707688432381775, -12.170067748568272, 41.77504879898766, -18.035159525355702, -0.011940176612983563, 0.0450266690753018, -0.04727341115755166, 0.031050773607192755, -0.09265076775101734, 0.026710576202841903, 0.12446356818297367, 0.16157437341676203, -0.25969242210254945, 0.012701311511047026]]",(x0)' = -56.782 1 +  17.534 x0 + -39.881 x1 +  10.368 x2 +  5.093 x3 +  0.030 x0^2 +  0.075 x0 x1 + -0.028 x0 x2 + -0.049 x0 x3 + -0.032 x1^2 + -0.018 x1 x2 + -0.005 x1 x3 +  0.017 x2^2 +  0.007 x2 x3 +  0.017 x3^2 | (x1)' = -41.556 1 +  31.998 x0 +  1.096 x1 + -36.591 x2 +  5.592 x3 +  0.129 x0^2 + -0.237 x0 x1 +  0.010 x0 x3 +  0.016 x1^2 +  0.167 x1 x2 + -0.008 x1 x3 + -0.081 x2^2 + -0.003 x2 x3 +  0.005 x3^2 | (x2)' = -43.680 1 + -6.853 x0 +  37.522 x1 + -1.025 x2 + -31.529 x3 + -0.037 x0^2 + -0.022 x0 x1 +  0.137 x0 x2 + -0.064 x0 x3 +  0.176 x1^2 + -0.347 x1 x2 +  0.056 x1 x3 +  0.052 x2^2 +  0.097 x2 x3 + -0.046 x3^2 | (x3)' =  1.748 1 + -4.708 x0 + -12.170 x1 +  41.775 x2 + -18.035 x3 + -0.012 x0^2 +  0.045 x0 x1 + -0.047 x0 x2 +  0.031 x0 x3 + -0.093 x1^2 +  0.027 x1 x2 +  0.124 x1 x3 +  0.162 x2^2 + -0.260 x2 x3 +  0.013 x3^2
17,80.0,1000.0,37.49490932254601,2,4,5,20.0,60.0,5,20.0,smoothed_finite_difference_savgol_order_3,success,,60,60,100.0,0.4257767768576741,"[""1"", ""x0"", ""x1"", ""x2"", ""x3"", ""x0^2"", ""x0 x1"", ""x0 x2"", ""x0 x3"", ""x1^2"", ""x1 x2"", ""x1 x3"", ""x2^2"", ""x2 x3"", ""x3^2""]","[[-54.83358571925951, 17.941763198496844, -40.40141737343368, 10.690844677369604, 4.9872488397218815, 0.028788214021708333, 0.0797675069430122, -0.028865087607653835, -0.04958399243945897, -0.03496160089358717, -0.019779790086251883, -0.005261570235060198, 0.018320109664556637, 0.007972188598447937, 0.015900945742010467], [-38.50375802665526, 31.93117850526091, 1.2430175067039055, -36.848818782957466, 5.7667936861672535, 0.1285943655269903, -0.2435334976854107, 0.014706465083145864, 0.0038396974761833475, 0.018090789544384787, 0.16355500195286277, -0.003814205106008627, -0.08143867657881518, -0.00857965925132359, 0.007903032582663732], [-38.51218633191327, -6.958947434392576, 37.65115360893449, -1.0856435535457174, -31.513078416072915, -0.03925357858946213, -0.01609600419087062, 0.13594099510935928, -0.06353177807102561, 0.1729119888211286, -0.34735351918400836, 0.05363109383041281, 0.05273344706992023, 0.10151467589901257, -0.047528527170800625], [4.657440657921043, -4.568784739739828, -12.49047497207939, 42.21616167107535, -18.413989649047483, -0.011449638463274804, 0.047374276204774406, -0.04988459461982134, 0.030913764161642807, -0.09773710998511294, 0.03443736357773924, 0.12392399401063517, 0.15915056727677912, -0.26095931333549416, 0.014457411447089145]]",(x0)' = -54.834 1 +  17.942 x0 + -40.401 x1 +  10.691 x2 +  4.987 x3 +  0.029 x0^2 +  0.080 x0 x1 + -0.029 x0 x2 + -0.050 x0 x3 + -0.035 x1^2 + -0.020 x1 x2 + -0.005 x1 x3 +  0.018 x2^2 +  0.008 x2 x3 +  0.016 x3^2 | (x1)' = -38.504 1 +  31.931 x0 +  1.243 x1 + -36.849 x2 +  5.767 x3 +  0.129 x0^2 + -0.244 x0 x1 +  0.015 x0 x2 +  0.004 x0 x3 +  0.018 x1^2 +  0.164 x1 x2 + -0.004 x1 x3 + -0.081 x2^2 + -0.009 x2 x3 +  0.008 x3^2 | (x2)' = -38.512 1 + -6.959 x0 +  37.651 x1 + -1.086 x2 + -31.513 x3 + -0.039 x0^2 + -0.016 x0 x1 +  0.136 x0 x2 + -0.064 x0 x3 +  0.173 x1^2 + -0.347 x1 x2 +  0.054 x1 x3 +  0.053 x2^2 +  0.102 x2 x3 + -0.048 x3^2 | (x3)' =  4.657 1 + -4.569 x0 + -12.490 x1 +  42.216 x2 + -18.414 x3 + -0.011 x0^2 +  0.047 x0 x1 + -0.050 x0 x2 +  0.031 x0 x3 + -0.098 x1^2 +  0.034 x1 x2 +  0.124 x1 x3 +  0.159 x2^2 + -0.261 x2 x3 +  0.014 x3^2
18,80.0,1000.0,37.49490932254601,2,4,5,20.0,60.0,9,36.0,smoothed_finite_difference_savgol_order_3,success,,59,60,98.33333333333333,0.5139638539403677,"[""1"", ""x0"", ""x1"", ""x2"", ""x3"", ""x0^2"", ""x0 x1"", ""x0 x2"", ""x0 x3"", ""x1^2"", ""x1 x2"", ""x1 x3"", ""x2^2"", ""x2 x3"", ""x3^2""]","[[-49.654022954743795, 22.959920551298595, -48.98193661289381, 16.119051402799467, 2.8976349110623434, 0.005766195203928336, 0.13847815049537018, -0.043876732312908326, -0.04461628704497366, -0.043066255276470525, -0.05940360603387959, -0.001649722910398631, 0.04269915878697986, 0.011760007664790696, 0.007804453221735588], [-5.489644981471829, 34.26876786849867, 2.1284699136669682, -42.15418061255604, 8.327560449343773, 0.0901321552293772, -0.18735844931795348, -0.017934064164829358, 0.024217937614354035, -0.014071870807462103, 0.22622208922446935, -0.028925833129367313, -0.09455420955979957, -0.019139549708628276, 0.01744670659491916], [0.0, -8.854860101083002, 42.35529089066788, -1.9507824689182072, -34.0470220813359, -0.050794620081788006, 0.033793769817991245, 0.0940562622428393, -0.036988191675526284, 0.12704665304448304, -0.2882140065871505, 0.006050537888552137, 0.027489029002871992, 0.15145161333461518, -0.060674511462429144], [32.109539825950286, -2.4220856801695105, -17.240622515035874, 49.85023889026324, -23.270757926565462, -0.0035494311208265593, 0.0560698224066865, -0.07989831639165206, 0.034770708889799745, -0.1280164939766089, 0.11335784763696029, 0.1010454620374402, 0.11023015557248349, -0.23161395312145505, 0.01548739807940984]]",(x0)' = -49.654 1 +  22.960 x0 + -48.982 x1 +  16.119 x2 +  2.898 x3 +  0.006 x0^2 +  0.138 x0 x1 + -0.044 x0 x2 + -0.045 x0 x3 + -0.043 x1^2 + -0.059 x1 x2 + -0.002 x1 x3 +  0.043 x2^2 +  0.012 x2 x3 +  0.008 x3^2 | (x1)' = -5.490 1 +  34.269 x0 +  2.128 x1 + -42.154 x2 +  8.328 x3 +  0.090 x0^2 + -0.187 x0 x1 + -0.018 x0 x2 +  0.024 x0 x3 + -0.014 x1^2 +  0.226 x1 x2 + -0.029 x1 x3 + -0.095 x2^2 + -0.019 x2 x3 +  0.017 x3^2 | (x2)' = -8.855 x0 +  42.355 x1 + -1.951 x2 + -34.047 x3 + -0.051 x0^2 +  0.034 x0 x1 +  0.094 x0 x2 + -0.037 x0 x3 +  0.127 x1^2 + -0.288 x1 x2 +  0.006 x1 x3 +  0.027 x2^2 +  0.151 x2 x3 + -0.061 x3^2 | (x3)' =  32.110 1 + -2.422 x0 + -17.241 x1 +  49.850 x2 + -23.271 x3 + -0.004 x0^2 +  0.056 x0 x1 + -0.080 x0 x2 +  0.035 x0 x3 + -0.128 x1^2 +  0.113 x1 x2 +  0.101 x1 x3 +  0.110 x2^2 + -0.232 x2 x3 +  0.015 x3^2
19,80.0,1000.0,37.49490932254601,2,6,1,4.0,20.0,0,0.0,finite_difference,success,,162,168,96.42857142857143,1.6046540206298232,"[""1"", ""x0"", ""x1"", ""x2"", ""x3"", ""x4"", ""x5"", ""x0^2"", ""x0 x1"", ""x0 x2"", ""x0 x3"", ""x0 x4"", ""x0 x5"", ""x1^2"", ""x1 x2"", ""x1 x3"", ""x1 x4"", ""x1 x5"", ""x2^2"", ""x2 x3"", ""x2 x4"", ""x2 x5"", ""x3^2"", ""x3 x4"", ""x3 x5"", ""x4^2"", ""x4 x5"", ""x5^2""]","[[-72.23863135796006, 302.65698853015357, -502.59773064987337, 365.8354972866985, -278.46369254100154, 148.55953510888352, -41.21117784356264, -0.5996718083274801, 2.666727667094963, -3.1187704823149125, 2.8176860858439445, -1.8427129539749498, 0.7169670434326533, -2.3571640288430924, 4.724933925862031, -4.1204008997742525, 2.4510852366652536, -1.0307730826450847, -1.8797854301322912, 2.999024764703302, -1.6233088837581617, 0.8013049591031426, -0.8601631560787253, 0.4598159151267585, -0.4515402935946154, 0.362714959082503, -0.17538896252809333, 0.07408468983788354], [0.07293683261301993, 124.98258382558086, 0.10046992262581467, -125.1396423143972, 0.04756403947865248, 0.005438002092515445, 0.0, -0.0007328349433855577, 0.0013637256591983902, -0.0019853219244811353, -0.0001752299389129473, 0.0017663760864909213, -0.00010784273160965018, -0.0049443274436157, 0.023479127083491584, -0.01355374417387286, 0.0029293779915545858, -0.002518523867661597, -0.02450214853006397, 0.02992443066394996, -0.012248325792268134, 0.006821925486646938, -0.004287692745706921, -5.691671300090278e-05, -0.0027996987563004023, 0.0012796128383964335, 0.0, 0.00043378416515484503], [0.15322977342923022, -0.03770616352874194, 125.08887132060188, 0.0, -125.06385556911144, -0.009201542967055156, 0.023769354241260546, 0.0030011933964604626, -0.0013848925193602661, -0.008340257833425862, -0.004860940339450579, 0.018682725397622925, -0.008626819403171596, -0.009329889460570472, 0.03606462617540821, -0.0032140409652385966, -0.02959745917001358, 0.015128764312369284, -0.02560924640600341, 0.019387020729360625, 0.011425972246558589, -0.006373299077515545, -0.008698770673800805, 0.014765677587566866, -0.010028455381829952, -0.01648910343575583, 0.018530419314275674, -0.004381792629774746], [0.0, 0.02344907483439331, -0.0876283272760708, 125.12605845615589, 0.0, -125.10526735710422, 0.049284978433056556, 0.005650075013782019, -0.022950652550875705, 0.026196302274813708, -0.016373295019603072, -0.000284337029325241, 0.0024919217149936826, 0.028050661122673265, -0.07680422574102255, 0.05107675802650025, -0.007084765235006613, -0.0014047499594821075, 0.05498645523500511, -0.06685810345207471, 0.012494952286586727, -0.002543573263837853, 0.007952018194897615, 0.010253158131762191, 0.0, -0.0015013848593285078, -0.005463758364707081, 0.0020222574171077025], [-0.33386838137991154, 0.006856460951797654, -0.020648424760368475, -0.05432566495835164, 125.13489884390877, -0.06563322553654508, -125.0036957460017, 6.777326965030621e-05, -0.0038440499842551127, 0.005031284808634919, 0.009576343958286585, -0.025813870693520206, 0.014112307281756055, 0.00607232896256868, -0.009490608353188469, -0.027049445953175256, 0.06024110660920484, -0.031271121040851196, -0.00043573629684046995, 0.03955080556365259, -0.06213302374562462, 0.027691560583922654, -0.024717037820646368, 0.034285508368316724, -0.007074687909061734, 0.002983601393366063, -0.011996972067978257, 0.004183164626144681], [46.99894503663565, 40.62462716057529, -147.70476166258794, 278.2815057737444, -365.48964177424995, 502.58429544867846, -302.99102182700176, 0.18304493457429555, -0.837255487953688, 1.1880140252915778, -1.1459326650438482, 0.9233608475035068, -0.4555347956502029, 0.49285264840981025, -1.1649764941995335, 1.0679702233786177, -0.8856130507321593, 0.7559683002771082, 0.7044676347217811, -1.2482666864808911, 1.0878525295433559, -1.1495609996978937, 0.4272367344738869, -0.7242563725388195, 1.0778804678754401, 0.18068761119487012, -0.6852417910475977, 0.19360626468228126]]",(x0)' = -72.239 1 +  302.657 x0 + -502.598 x1 +  365.835 x2 + -278.464 x3 +  148.560 x4 + -41.211 x5 + -0.600 x0^2 +  2.667 x0 x1 + -3.119 x0 x2 +  2.818 x0 x3 + -1.843 x0 x4 +  0.717 x0 x5 + -2.357 x1^2 +  4.725 x1 x2 + -4.120 x1 x3 +  2.451 x1 x4 + -1.031 x1 x5 + -1.880 x2^2 +  2.999 x2 x3 + -1.623 x2 x4 +  0.801 x2 x5 + -0.860 x3^2 +  0.460 x3 x4 + -0.452 x3 x5 +  0.363 x4^2 + -0.175 x4 x5 +  0.074 x5^2 | (x1)' =  0.073 1 +  124.983 x0 +  0.100 x1 + -125.140 x2 +  0.048 x3 +  0.005 x4 + -0.001 x0^2 +  0.001 x0 x1 + -0.002 x0 x2 +  0.002 x0 x4 + -0.005 x1^2 +  0.023 x1 x2 + -0.014 x1 x3 +  0.003 x1 x4 + -0.003 x1 x5 + -0.025 x2^2 +  0.030 x2 x3 + -0.012 x2 x4 +  0.007 x2 x5 + -0.004 x3^2 + -0.003 x3 x5 +  0.001 x4^2 | (x2)' =  0.153 1 + -0.038 x0 +  125.089 x1 + -125.064 x3 + -0.009 x4 +  0.024 x5 +  0.003 x0^2 + -0.001 x0 x1 + -0.008 x0 x2 + -0.005 x0 x3 +  0.019 x0 x4 + -0.009 x0 x5 + -0.009 x1^2 +  0.036 x1 x2 + -0.003 x1 x3 + -0.030 x1 x4 +  0.015 x1 x5 + -0.026 x2^2 +  0.019 x2 x3 +  0.011 x2 x4 + -0.006 x2 x5 + -0.009 x3^2 +  0.015 x3 x4 + -0.010 x3 x5 + -0.016 x4^2 +  0.019 x4 x5 + -0.004 x5^2 | (x3)' =  0.023 x0 + -0.088 x1 +  125.126 x2 + -125.105 x4 +  0.049 x5 +  0.006 x0^2 + -0.023 x0 x1 +  0.026 x0 x2 + -0.016 x0 x3 +  0.002 x0 x5 +  0.028 x1^2 + -0.077 x1 x2 +  0.051 x1 x3 + -0.007 x1 x4 + -0.001 x1 x5 +  0.055 x2^2 + -0.067 x2 x3 +  0.012 x2 x4 + -0.003 x2 x5 +  0.008 x3^2 +  0.010 x3 x4 + -0.002 x4^2 + -0.005 x4 x5 +  0.002 x5^2 | (x4)' = -0.334 1 +  0.007 x0 + -0.021 x1 + -0.054 x2 +  125.135 x3 + -0.066 x4 + -125.004 x5 + -0.004 x0 x1 +  0.005 x0 x2 +  0.010 x0 x3 + -0.026 x0 x4 +  0.014 x0 x5 +  0.006 x1^2 + -0.009 x1 x2 + -0.027 x1 x3 +  0.060 x1 x4 + -0.031 x1 x5 +  0.040 x2 x3 + -0.062 x2 x4 +  0.028 x2 x5 + -0.025 x3^2 +  0.034 x3 x4 + -0.007 x3 x5 +  0.003 x4^2 + -0.012 x4 x5 +  0.004 x5^2 | (x5)' =  46.999 1 +  40.625 x0 + -147.705 x1 +  278.282 x2 + -365.490 x3 +  502.584 x4 + -302.991 x5 +  0.183 x0^2 + -0.837 x0 x1 +  1.188 x0 x2 + -1.146 x0 x3 +  0.923 x0 x4 + -0.456 x0 x5 +  0.493 x1^2 + -1.165 x1 x2 +  1.068 x1 x3 + -0.886 x1 x4 +  0.756 x1 x5 +  0.704 x2^2 + -1.248 x2 x3 +  1.088 x2 x4 + -1.150 x2 x5 +  0.427 x3^2 + -0.724 x3 x4 +  1.078 x3 x5 +  0.181 x4^2 + -0.685 x4 x5 +  0.194 x5^2
20,80.0,1000.0,37.49490932254601,2,6,1,4.0,20.0,5,20.0,smoothed_finite_difference_savgol_order_3,success,,163,168,97.02380952380952,1.5373983150348067,"[""1"", ""x0"", ""x1"", ""x2"", ""x3"", ""x4"", ""x5"", ""x0^2"", ""x0 x1"", ""x0 x2"", ""x0 x3"", ""x0 x4"", ""x0 x5"", ""x1^2"", ""x1 x2"", ""x1 x3"", ""x1 x4"", ""x1 x5"", ""x2^2"", ""x2 x3"", ""x2 x4"", ""x2 x5"", ""x3^2"", ""x3 x4"", ""x3 x5"", ""x4^2"", ""x4 x5"", ""x5^2""]","[[-44.70587994302652, 384.68514382151216, -718.6515169611085, 627.2808594187127, -476.3389405850898, 240.10983950044402, -60.15262570996274, -0.6513907675436171, 3.2032834998434394, -4.1512699928881025, 3.818363602296839, -2.5167184750672473, 0.9947072392705014, -3.001248865084339, 6.202457859030112, -5.185077516646244, 3.52082013900832, -1.7994799673657702, -2.1461159344168004, 2.4912426693877503, -1.9370103116317618, 1.7328026166072688, 0.0, 0.0, -1.1376599070056768, 0.2126578240346791, 0.4887756352525166, -0.13065528882962463], [-0.25400367603149226, 124.96380558160074, 0.0904663436892792, -124.9645458546116, -0.29927610593429343, 0.3086647249691854, -0.10431205605662587, -0.010788767930476293, 0.10816460774768191, -0.18642657855889355, 0.15769570492991566, -0.09750481286975346, 0.03772334025551824, -0.25050189679271917, 0.8339328139488362, -0.6930503612995964, 0.40916589070313825, -0.14899251760387452, -0.6604171953807115, 1.0058816009448808, -0.5543387709653202, 0.2035722015158069, -0.29183828431800035, 0.23379920198281767, -0.09357752298054002, -0.010219971245352427, 0.005631252064677161, 0.0022651282505518214], [1.4378406722531243, -0.0921689854635296, 125.21668474844182, -0.07902299218405, -125.0251716884965, -0.09735497060908743, 0.07444190195793314, -0.03300619026400114, 0.19124819726487313, -0.1722400574237199, -0.051819029185111706, 0.19681694617577558, -0.09994656233807392, -0.2419061803657158, 0.33943419563513944, 0.261579680652023, -0.5643194153246968, 0.26458917938095344, 0.0, -0.624943648671966, 0.7364886433378853, -0.2888378522508665, 0.39098754242335015, -0.4791340197731794, 0.11241342543492759, 0.02424389136701131, 0.0683542218644894, -0.02995551799489566], [0.0, -0.0318857849705668, 0.17478876273330493, 124.51490775452865, 0.8587297580260228, -125.78586567805267, 0.28117067750401487, 0.057698157188480786, -0.37706360399249583, 0.5444446245922606, -0.4067086784317543, 0.14362455556598863, -0.014785524599694198, 0.6413652437700785, -1.8843000472132436, 1.4166595155554726, -0.5362552722883261, 0.07973010359672171, 1.3514722692500125, -1.8797986008193128, 0.6318922580905859, -0.07739389888989918, 0.4819052568607975, -0.06655177607797519, -0.07872655661207742, -0.13087781528619916, 0.12949983134752754, -0.02606291570538805], [-1.8375181451372125, 0.019993282535616726, 0.007519373732290318, -0.29679086267043636, 125.55433524084985, -0.3644440285373702, -124.91682438305814, 0.04784230974950032, -0.22614083112401134, 0.13751238798179055, 0.19273109170105915, -0.379345271375073, 0.18255663433533267, 0.21707313476508983, 0.0, -0.9469830576822051, 1.289982283384824, -0.5611361999623072, -0.4636677670082604, 2.0928629927478744, -2.087974228364062, 0.7971327033918159, -1.3757163200447944, 2.072013189841147, -0.66416492910699, -0.5959165302429589, 0.29467417895520365, -0.023355321241293112], [29.063527358645842, 59.69180075604339, -239.34875132170325, 476.0599466530956, -627.2823732224543, 719.0561209290304, -385.0713720644404, 0.5804869620707026, -3.1826072409581663, 4.7660258680315915, -4.726513522170079, 3.212903293904915, -1.2225327571410762, 3.698141247233546, -10.44281777618886, 10.249587598277143, -7.06246471668778, 3.0060086022036687, 7.235363483201698, -14.109349954337308, 9.751529495301927, -4.352173966177398, 6.69783917909197, -8.967728968995093, 4.0600378622304625, 2.8163768238900153, -2.476312612909984, 0.4602997009335699]]",(x0)' = -44.706 1 +  384.685 x0 + -718.652 x1 +  627.281 x2 + -476.339 x3 +  240.110 x4 + -60.153 x5 + -0.651 x0^2 +  3.203 x0 x1 + -4.151 x0 x2 +  3.818 x0 x3 + -2.517 x0 x4 +  0.995 x0 x5 + -3.001 x1^2 +  6.202 x1 x2 + -5.185 x1 x3 +  3.521 x1 x4 + -1.799 x1 x5 + -2.146 x2^2 +  2.491 x2 x3 + -1.937 x2 x4 +  1.733 x2 x5 + -1.138 x3 x5 +  0.213 x4^2 +  0.489 x4 x5 + -0.131 x5^2 | (x1)' = -0.254 1 +  124.964 x0 +  0.090 x1 + -124.965 x2 + -0.299 x3 +  0.309 x4 + -0.104 x5 + -0.011 x0^2 +  0.108 x0 x1 + -0.186 x0 x2 +  0.158 x0 x3 + -0.098 x0 x4 +  0.038 x0 x5 + -0.251 x1^2 +  0.834 x1 x2 + -0.693 x1 x3 +  0.409 x1 x4 + -0.149 x1 x5 + -0.660 x2^2 +  1.006 x2 x3 + -0.554 x2 x4 +  0.204 x2 x5 + -0.292 x3^2 +  0.234 x3 x4 + -0.094 x3 x5 + -0.010 x4^2 +  0.006 x4 x5 +  0.002 x5^2 | (x2)' =  1.438 1 + -0.092 x0 +  125.217 x1 + -0.079 x2 + -125.025 x3 + -0.097 x4 +  0.074 x5 + -0.033 x0^2 +  0.191 x0 x1 + -0.172 x0 x2 + -0.052 x0 x3 +  0.197 x0 x4 + -0.100 x0 x5 + -0.242 x1^2 +  0.339 x1 x2 +  0.262 x1 x3 + -0.564 x1 x4 +  0.265 x1 x5 + -0.625 x2 x3 +  0.736 x2 x4 + -0.289 x2 x5 +  0.391 x3^2 + -0.479 x3 x4 +  0.112 x3 x5 +  0.024 x4^2 +  0.068 x4 x5 + -0.030 x5^2 | (x3)' = -0.032 x0 +  0.175 x1 +  124.515 x2 +  0.859 x3 + -125.786 x4 +  0.281 x5 +  0.058 x0^2 + -0.377 x0 x1 +  0.544 x0 x2 + -0.407 x0 x3 +  0.144 x0 x4 + -0.015 x0 x5 +  0.641 x1^2 + -1.884 x1 x2 +  1.417 x1 x3 + -0.536 x1 x4 +  0.080 x1 x5 +  1.351 x2^2 + -1.880 x2 x3 +  0.632 x2 x4 + -0.077 x2 x5 +  0.482 x3^2 + -0.067 x3 x4 + -0.079 x3 x5 + -0.131 x4^2 +  0.129 x4 x5 + -0.026 x5^2 | (x4)' = -1.838 1 +  0.020 x0 +  0.008 x1 + -0.297 x2 +  125.554 x3 + -0.364 x4 + -124.917 x5 +  0.048 x0^2 + -0.226 x0 x1 +  0.138 x0 x2 +  0.193 x0 x3 + -0.379 x0 x4 +  0.183 x0 x5 +  0.217 x1^2 + -0.947 x1 x3 +  1.290 x1 x4 + -0.561 x1 x5 + -0.464 x2^2 +  2.093 x2 x3 + -2.088 x2 x4 +  0.797 x2 x5 + -1.376 x3^2 +  2.072 x3 x4 + -0.664 x3 x5 + -0.596 x4^2 +  0.295 x4 x5 + -0.023 x5^2 | (x5)' =  29.064 1 +  59.692 x0 + -239.349 x1 +  476.060 x2 + -627.282 x3 +  719.056 x4 + -385.071 x5 +  0.580 x0^2 + -3.183 x0 x1 +  4.766 x0 x2 + -4.727 x0 x3 +  3.213 x0 x4 + -1.223 x0 x5 +  3.698 x1^2 + -10.443 x1 x2 +  10.250 x1 x3 + -7.062 x1 x4 +  3.006 x1 x5 +  7.235 x2^2 + -14.109 x2 x3 +  9.752 x2 x4 + -4.352 x2 x5 +  6.698 x3^2 + -8.968 x3 x4 +  4.060 x3 x5 +  2.816 x4^2 + -2.476 x4 x5 +  0.460 x5^2
21,80.0,1000.0,37.49490932254601,2,6,1,4.0,20.0,9,36.0,smoothed_finite_difference_savgol_order_3,success,,156,168,92.85714285714286,1.4609721200540662,"[""1"", ""x0"", ""x1"", ""x2"", ""x3"", ""x4"", ""x5"", ""x0^2"", ""x0 x1"", ""x0 x2"", ""x0 x3"", ""x0 x4"", ""x0 x5"", ""x1^2"", ""x1 x2"", ""x1 x3"", ""x1 x4"", ""x1 x5"", ""x2^2"", ""x2 x3"", ""x2 x4"", ""x2 x5"", ""x3^2"", ""x3 x4"", ""x3 x5"", ""x4^2"", ""x4 x5"", ""x5^2""]","[[-22.777098867890313, 415.66686772701996, -770.4408781412499, 662.5876079823547, -509.0691494524424, 266.858804805637, -67.1001104628044, -1.2415347045594702, 7.973264946860216, -12.828026766395002, 13.101610411504922, -8.349998724095126, 2.6151669159109163, -12.48781375841855, 37.380549869757104, -34.738189092466556, 21.203996616019307, -6.8766348566994635, -22.840656461430402, 31.526273648947008, -16.953725188579078, 6.57601479143796, -3.8951473519782795, 0.0, -2.118426618309278, 1.9366525934899226, 0.23004512893196402, -0.20955043955392796], [-7.686961126246862, 126.27614338551027, -4.902369850552082, -118.61809094804288, -1.9384190747724515, -2.2165399762656848, 1.444204938507023, 0.7264438380075304, -2.8953333973945843, 0.0, 3.8903675524030015, -3.182709313671094, 0.7344570238754309, 3.325427868818163, -2.2009901486494674, -5.363315883232691, 4.7600558719899935, -0.8887475238070426, 2.2257484383623867, -3.202967812667441, 1.5646445771276607, -0.7488524481898976, 4.538581371004775, -5.516891325810252, 1.1861136405511343, 1.2438034596713052, -0.07639599935969617, -0.11950804205649358], [0.0, -0.36021419579372344, 125.76057035392958, -1.8106958429539863, -121.05133757982634, -3.9411656130357033, 1.3951143346989443, -0.21581583702274565, 1.2845720834301124, -1.3914694547459858, 0.552557188311264, 0.0, 0.0, -1.2272382897228071, 0.8155958924633371, 1.7343954617678774, -2.0549724704510335, 0.6793763175510527, 0.8227814471443605, -1.0042859085529496, -0.10919620678858585, 0.0, -3.896173895472146, 9.858287573481979, -3.336261256418194, -5.894446884281661, 4.127207320428179, -0.7439654143351314], [6.051305439687113, -2.012368684350424, 6.724381818282066, 116.123145048109, 5.47530679714827, -126.37927571438605, 0.025946150006164265, -1.0688342063633296, 5.749572973851592, -4.376914350934557, 0.0, 0.7981486324567831, 0.0, -8.359146273108946, 15.24208631015844, -3.9687025293237874, 0.0, -0.4496151076632064, -8.250597579002704, 6.15386955518596, 0.0, -0.27824177253390164, -0.3421618170846083, -4.459783993395133, 2.7823490498542878, 3.700550718225874, -3.69570210958394, 0.823266605054217], [-2.619487834611018, -1.252730348233939, 3.775595177440613, -3.37516265571951, 124.1613861862017, 2.8897566095742167, -126.22097957196092, 0.3145090591927729, -3.595750488541595, 8.164520298278457, -8.56454910799296, 3.8393445497254053, -0.4628379628337013, 7.274445737155863, -25.7317063994298, 22.18451281185373, -7.481727503636262, 0.0, 16.967187549637952, -21.286971883492026, 3.589887222650403, 1.4636428499956438, 4.478040613543551, -1.3302203909156973, 0.0, 1.875772663116648, -2.4447897957854385, 0.7470967361868277], [5.882498822434206, 67.95423793774313, -268.85175499546415, 511.152043925002, -664.0277830974079, 771.4251548073722, -416.0981057051099, 1.727111042265555, -9.198807035343652, 9.76245223446915, -5.094226378946029, 1.3821676372310645, -0.30335556311183676, 11.850545557652097, -24.349062829544916, 11.944448407192407, -2.8939791355529643, 0.7776120709232613, 12.778650755870615, -15.694108970931744, 8.063792576244214, -3.3365394597002016, 9.056721509300356, -16.33545288947173, 7.077707688013179, 8.394070599431327, -6.965169019639888, 1.3515847421649898]]",(x0)' = -22.777 1 +  415.667 x0 + -770.441 x1 +  662.588 x2 + -509.069 x3 +  266.859 x4 + -67.100 x5 + -1.242 x0^2 +  7.973 x0 x1 + -12.828 x0 x2 +  13.102 x0 x3 + -8.350 x0 x4 +  2.615 x0 x5 + -12.488 x1^2 +  37.381 x1 x2 + -34.738 x1 x3 +  21.204 x1 x4 + -6.877 x1 x5 + -22.841 x2^2 +  31.526 x2 x3 + -16.954 x2 x4 +  6.576 x2 x5 + -3.895 x3^2 + -2.118 x3 x5 +  1.937 x4^2 +  0.230 x4 x5 + -0.210 x5^2 | (x1)' = -7.687 1 +  126.276 x0 + -4.902 x1 + -118.618 x2 + -1.938 x3 + -2.217 x4 +  1.444 x5 +  0.726 x0^2 + -2.895 x0 x1 +  3.890 x0 x3 + -3.183 x0 x4 +  0.734 x0 x5 +  3.325 x1^2 + -2.201 x1 x2 + -5.363 x1 x3 +  4.760 x1 x4 + -0.889 x1 x5 +  2.226 x2^2 + -3.203 x2 x3 +  1.565 x2 x4 + -0.749 x2 x5 +  4.539 x3^2 + -5.517 x3 x4 +  1.186 x3 x5 +  1.244 x4^2 + -0.076 x4 x5 + -0.120 x5^2 | (x2)' = -0.360 x0 +  125.761 x1 + -1.811 x2 + -121.051 x3 + -3.941 x4 +  1.395 x5 + -0.216 x0^2 +  1.285 x0 x1 + -1.391 x0 x2 +  0.553 x0 x3 + -1.227 x1^2 +  0.816 x1 x2 +  1.734 x1 x3 + -2.055 x1 x4 +  0.679 x1 x5 +  0.823 x2^2 + -1.004 x2 x3 + -0.109 x2 x4 + -3.896 x3^2 +  9.858 x3 x4 + -3.336 x3 x5 + -5.894 x4^2 +  4.127 x4 x5 + -0.744 x5^2 | (x3)' =  6.051 1 + -2.012 x0 +  6.724 x1 +  116.123 x2 +  5.475 x3 + -126.379 x4 +  0.026 x5 + -1.069 x0^2 +  5.750 x0 x1 + -4.377 x0 x2 +  0.798 x0 x4 + -8.359 x1^2 +  15.242 x1 x2 + -3.969 x1 x3 + -0.450 x1 x5 + -8.251 x2^2 +  6.154 x2 x3 + -0.278 x2 x5 + -0.342 x3^2 + -4.460 x3 x4 +  2.782 x3 x5 +  3.701 x4^2 + -3.696 x4 x5 +  0.823 x5^2 | (x4)' = -2.619 1 + -1.253 x0 +  3.776 x1 + -3.375 x2 +  124.161 x3 +  2.890 x4 + -126.221 x5 +  0.315 x0^2 + -3.596 x0 x1 +  8.165 x0 x2 + -8.565 x0 x3 +  3.839 x0 x4 + -0.463 x0 x5 +  7.274 x1^2 + -25.732 x1 x2 +  22.185 x1 x3 + -7.482 x1 x4 +  16.967 x2^2 + -21.287 x2 x3 +  3.590 x2 x4 +  1.464 x2 x5 +  4.478 x3^2 + -1.330 x3 x4 +  1.876 x4^2 + -2.445 x4 x5 +  0.747 x5^2 | (x5)' =  5.882 1 +  67.954 x0 + -268.852 x1 +  511.152 x2 + -664.028 x3 +  771.425 x4 + -416.098 x5 +  1.727 x0^2 + -9.199 x0 x1 +  9.762 x0 x2 + -5.094 x0 x3 +  1.382 x0 x4 + -0.303 x0 x5 +  11.851 x1^2 + -24.349 x1 x2 +  11.944 x1 x3 + -2.894 x1 x4 +  0.778 x1 x5 +  12.779 x2^2 + -15.694 x2 x3 +  8.064 x2 x4 + -3.337 x2 x5 +  9.057 x3^2 + -16.335 x3 x4 +  7.078 x3 x5 +  8.394 x4^2 + -6.965 x4 x5 +  1.352 x5^2
22,80.0,1000.0,37.49490932254601,2,6,2,8.0,40.0,0,0.0,finite_difference,success,,160,168,95.23809523809524,1.3932601111009717,"[""1"", ""x0"", ""x1"", ""x2"", ""x3"", ""x4"", ""x5"", ""x0^2"", ""x0 x1"", ""x0 x2"", ""x0 x3"", ""x0 x4"", ""x0 x5"", ""x1^2"", ""x1 x2"", ""x1 x3"", ""x1 x4"", ""x1 x5"", ""x2^2"", ""x2 x3"", ""x2 x4"", ""x2 x5"", ""x3^2"", ""x3 x4"", ""x3 x5"", ""x4^2"", ""x4 x5"", ""x5^2""]","[[-123.82925111905081, 85.32407272743843, -111.02982204923677, 14.547851353103598, -0.5253219043743756, -1.6131236939133944, 5.005062477664451, -0.06011029508576699, 0.30244158745328376, -0.18031247818757187, 0.06044074492736989, 0.05176597411594772, -0.024243343964691622, 0.017494364015534586, -0.22490908265935428, -0.09454786107775008, 0.041225080169099496, -0.0529975239310034, 0.2073847137836729, 0.0, -0.10664600669982036, 0.031873500262781435, 0.02462846203015143, -0.02071651502619296, 0.02847778370020817, 0.037994850330162096, -0.01986486703742896, 0.004637612650805638], [21.79692058331388, 73.46137233109374, 4.2683902570463745, -91.13536902987242, 19.49986023717479, -3.419102087680984, -0.9487079439659332, 0.0762627874509122, -0.2664962337169252, 0.115052842825969, 0.0054217733542756795, -0.037857213255290005, 0.005104093669048337, 0.06677373354186816, 0.1588916241112423, -0.08034190865885586, 0.012489206789769867, 0.038808512800062256, -0.12911907754545804, 0.006802247167853367, 0.04665665963134603, -0.036746075544238574, 0.01412143311056401, 0.02860692482142893, -0.011635435881935345, -0.029762214259807646, 0.011414319519617591, 0.0], [-4.12733097049486, -16.028551689972836, 91.02620449814836, 0.00670422949089763, -92.12269948901132, 19.985236791291435, -3.3739426693231453, -0.04630112118194935, 0.17728424370326507, -0.08804145477792405, 0.0015381543992188148, 0.014544598119836093, 0.0, -0.04536440752163348, -0.13959216053277612, 0.07616273412703785, 0.0, -0.02054443046889575, 0.07735384995271133, 0.09547335898205261, -0.055332137541474626, 0.0, -0.05869359061288133, -0.07667013547952967, 0.054219694377293286, 0.05958197377600814, -0.012172849076951082, -0.011830811922813166], [0.0, 3.386171951719009, -20.02818550995632, 92.04025955450071, 0.0, -90.88987735694053, 15.98835546253988, 0.01528819671450648, -0.0864542082220654, 0.05357748340096757, 0.02867649998983291, -0.05245832232131959, 0.01865837081357632, 0.02121833464311306, 0.10790882207437938, -0.1130631696759633, 0.04407784014379153, 0.015500265894412113, -0.04170708295296547, -0.12705400517773424, 0.10948046886931799, -0.051419603587975725, 0.0730104436323522, 0.08306502716344501, -0.03964124177227667, -0.08027908958822104, -0.011116178423900745, 0.03153522860023198], [0.0, 0.9386643802593864, 3.585446848486498, -19.21709408404893, 90.4347538354287, -4.064756072339917, -73.40027068048298, 0.004220787356125196, 0.019739007730368054, -0.021263152292509375, -0.03121991293441543, 0.057699835599578475, -0.03377713226930447, -0.00021037469669705282, -0.06190689210227384, 0.09242721027737229, -0.060958698249814106, 0.0027992663355000903, 0.022999738841449107, 0.10464466632988373, -0.11531316086448416, 0.0455082226426177, -0.05761914512885332, -0.11479328575927014, 0.06971936841025662, 0.09042776964500102, 0.05292984107456075, -0.06318169886898092], [80.49077697952265, -5.084462316707833, 1.0008124668648815, 0.026295022176587312, -12.656968042674288, 110.82451890478133, -85.78423812258087, -0.05496453216822902, 0.11016675499621444, -0.04607134322181758, 0.028110203682223285, -0.046223252670719875, 0.06806918406984977, -0.10832447895741097, 0.1451368356462632, -0.09455215021361921, 0.09199195947288032, -0.032909249027438026, -0.09405170740457881, -0.016519812835788353, 0.13246897365958893, -0.01459489147247321, 0.044553288087539084, 0.17335660067980022, -0.15162893891694562, -0.12149777420278192, -0.12433189852219603, 0.09166102030352496]]",(x0)' = -123.829 1 +  85.324 x0 + -111.030 x1 +  14.548 x2 + -0.525 x3 + -1.613 x4 +  5.005 x5 + -0.060 x0^2 +  0.302 x0 x1 + -0.180 x0 x2 +  0.060 x0 x3 +  0.052 x0 x4 + -0.024 x0 x5 +  0.017 x1^2 + -0.225 x1 x2 + -0.095 x1 x3 +  0.041 x1 x4 + -0.053 x1 x5 +  0.207 x2^2 + -0.107 x2 x4 +  0.032 x2 x5 +  0.025 x3^2 + -0.021 x3 x4 +  0.028 x3 x5 +  0.038 x4^2 + -0.020 x4 x5 +  0.005 x5^2 | (x1)' =  21.797 1 +  73.461 x0 +  4.268 x1 + -91.135 x2 +  19.500 x3 + -3.419 x4 + -0.949 x5 +  0.076 x0^2 + -0.266 x0 x1 +  0.115 x0 x2 +  0.005 x0 x3 + -0.038 x0 x4 +  0.005 x0 x5 +  0.067 x1^2 +  0.159 x1 x2 + -0.080 x1 x3 +  0.012 x1 x4 +  0.039 x1 x5 + -0.129 x2^2 +  0.007 x2 x3 +  0.047 x2 x4 + -0.037 x2 x5 +  0.014 x3^2 +  0.029 x3 x4 + -0.012 x3 x5 + -0.030 x4^2 +  0.011 x4 x5 | (x2)' = -4.127 1 + -16.029 x0 +  91.026 x1 +  0.007 x2 + -92.123 x3 +  19.985 x4 + -3.374 x5 + -0.046 x0^2 +  0.177 x0 x1 + -0.088 x0 x2 +  0.002 x0 x3 +  0.015 x0 x4 + -0.045 x1^2 + -0.140 x1 x2 +  0.076 x1 x3 + -0.021 x1 x5 +  0.077 x2^2 +  0.095 x2 x3 + -0.055 x2 x4 + -0.059 x3^2 + -0.077 x3 x4 +  0.054 x3 x5 +  0.060 x4^2 + -0.012 x4 x5 + -0.012 x5^2 | (x3)' =  3.386 x0 + -20.028 x1 +  92.040 x2 + -90.890 x4 +  15.988 x5 +  0.015 x0^2 + -0.086 x0 x1 +  0.054 x0 x2 +  0.029 x0 x3 + -0.052 x0 x4 +  0.019 x0 x5 +  0.021 x1^2 +  0.108 x1 x2 + -0.113 x1 x3 +  0.044 x1 x4 +  0.016 x1 x5 + -0.042 x2^2 + -0.127 x2 x3 +  0.109 x2 x4 + -0.051 x2 x5 +  0.073 x3^2 +  0.083 x3 x4 + -0.040 x3 x5 + -0.080 x4^2 + -0.011 x4 x5 +  0.032 x5^2 | (x4)' =  0.939 x0 +  3.585 x1 + -19.217 x2 +  90.435 x3 + -4.065 x4 + -73.400 x5 +  0.004 x0^2 +  0.020 x0 x1 + -0.021 x0 x2 + -0.031 x0 x3 +  0.058 x0 x4 + -0.034 x0 x5 + -0.062 x1 x2 +  0.092 x1 x3 + -0.061 x1 x4 +  0.003 x1 x5 +  0.023 x2^2 +  0.105 x2 x3 + -0.115 x2 x4 +  0.046 x2 x5 + -0.058 x3^2 + -0.115 x3 x4 +  0.070 x3 x5 +  0.090 x4^2 +  0.053 x4 x5 + -0.063 x5^2 | (x5)' =  80.491 1 + -5.084 x0 +  1.001 x1 +  0.026 x2 + -12.657 x3 +  110.825 x4 + -85.784 x5 + -0.055 x0^2 +  0.110 x0 x1 + -0.046 x0 x2 +  0.028 x0 x3 + -0.046 x0 x4 +  0.068 x0 x5 + -0.108 x1^2 +  0.145 x1 x2 + -0.095 x1 x3 +  0.092 x1 x4 + -0.033 x1 x5 + -0.094 x2^2 + -0.017 x2 x3 +  0.132 x2 x4 + -0.015 x2 x5 +  0.045 x3^2 +  0.173 x3 x4 + -0.152 x3 x5 + -0.121 x4^2 + -0.124 x4 x5 +  0.092 x5^2
23,80.0,1000.0,37.49490932254601,2,6,2,8.0,40.0,5,20.0,smoothed_finite_difference_savgol_order_3,success,,156,168,92.85714285714286,1.3694091504439712,"[""1"", ""x0"", ""x1"", ""x2"", ""x3"", ""x4"", ""x5"", ""x0^2"", ""x0 x1"", ""x0 x2"", ""x0 x3"", ""x0 x4"", ""x0 x5"", ""x1^2"", ""x1 x2"", ""x1 x3"", ""x1 x4"", ""x1 x5"", ""x2^2"", ""x2 x3"", ""x2 x4"", ""x2 x5"", ""x3^2"", ""x3 x4"", ""x3 x5"", ""x4^2"", ""x4 x5"", ""x5^2""]","[[-109.45618749806367, 102.61842761622896, -144.01874097024427, 44.14045841257154, -18.90994030195852, 7.298263630662255, 1.8262865098195808, -0.08012939955925877, 0.3871113206304432, -0.2910527681807882, 0.15098991014569763, 0.009112312390700397, -0.011076649769532888, -0.04805373713589599, -0.23555722180204447, 0.005661144671723932, -0.034525673426051395, -0.039596340327507314, 0.3307801939634445, -0.24516153601249766, 0.040131636010549636, 0.01930254722082645, 0.10000103019903131, -0.117003340726632, 0.03602943571965597, 0.07006405989824606, -0.02885421891778239, 0.002087945880907763], [20.483277983235634, 70.65314443771724, 12.366843506568534, -104.11107380304759, 33.83912126279726, -14.14883262985169, 3.2167237525739703, 0.07726570413201293, -0.259733043099516, 0.15579336763983168, -0.05990056327282858, -0.01084183865657883, 0.0022172008650150404, 0.07440532510520942, 0.08681552054198155, -0.029233072340818168, 0.021647321955713016, 0.026143274822695847, -0.1088021656519036, -0.00958389472691784, 0.05781952084962891, -0.04682332670597546, 0.03784921549590278, 0.0, 0.0, -0.039506880224324706, 0.018944289401760156, 0.0], [-3.2803213338071626, -19.87582505714919, 96.11336821978985, 0.0, -95.97010071655177, 19.696018451117784, 0.0, -0.06703978267045116, 0.20144759501343576, -0.1102005240844038, 0.029226747915680612, 0.019176079926770503, 0.0, -0.05700132515841584, -0.08669561137430584, 0.05608880058026437, 0.0, -0.05495569628821399, 0.07036048111504237, 0.04713799752313964, -0.052820703194014794, 0.040383978242222805, -0.03134785821095034, -0.06659778848899421, 0.029460774295807526, 0.034683767013081186, 0.0, 7.78060087069877e-05], [0.0, 8.197199588721121, -30.104514141370288, 99.80216718308812, 0.0, -96.07626879044032, 19.259130790750483, 0.03607974468239578, -0.11092028722504983, 0.0642824052004738, -0.00636284688621553, -0.03271451637142351, 0.011494011048573038, 0.011403918322222541, 0.09117749534860964, -0.07467759720116735, 0.062356526590463486, 0.007303429892823269, -0.03808843542239645, -0.07951917608720192, 0.06359766769479136, -0.05116744464983151, 0.047000320206244166, 0.06867791886877958, -0.01575877304027974, -0.06541033069546234, -0.02670454422709746, 0.035935571757202696], [-16.9004859235431, -2.864753219888473, 13.382464320533929, -30.257238571152634, 94.3428433261085, 0.0, -76.52136946330164, -0.006419924496623061, 0.021236362755370046, -0.015688076767903004, 0.005680297902426285, 0.018290430212888096, -0.016224960062183734, 0.04139217975998605, -0.1148633004137641, 0.09715328535110727, -0.10800621674562762, 0.021824593968813765, 0.03450847329997606, 0.05348986596112038, -0.037288614278066796, 0.04226951209552181, -0.039092558117773735, -0.12672745910639296, 0.03579251218932017, 0.12598948821558098, 0.024692368629514485, -0.05352298527569556], [60.264161401155086, -1.989463953053723, -7.528820572579968, 18.0686230909987, -42.3476459737202, 143.9961577364836, -103.0812608764247, -0.05047897205966378, 0.11594166770746829, -0.05944209038477456, 0.045127264072596866, -0.06209206301098454, 0.06273469381356192, -0.1481880727097225, 0.2256877661705528, -0.11662380404895112, 0.08577015345211486, -0.012814001717738454, -0.061691186247078124, -0.16617386604554704, 0.2410576545987228, -0.101660498878892, 0.11596389610522266, 0.0, 0.01819523844035384, 0.00523328095549315, -0.27180270669361484, 0.11808536044304044]]",(x0)' = -109.456 1 +  102.618 x0 + -144.019 x1 +  44.140 x2 + -18.910 x3 +  7.298 x4 +  1.826 x5 + -0.080 x0^2 +  0.387 x0 x1 + -0.291 x0 x2 +  0.151 x0 x3 +  0.009 x0 x4 + -0.011 x0 x5 + -0.048 x1^2 + -0.236 x1 x2 +  0.006 x1 x3 + -0.035 x1 x4 + -0.040 x1 x5 +  0.331 x2^2 + -0.245 x2 x3 +  0.040 x2 x4 +  0.019 x2 x5 +  0.100 x3^2 + -0.117 x3 x4 +  0.036 x3 x5 +  0.070 x4^2 + -0.029 x4 x5 +  0.002 x5^2 | (x1)' =  20.483 1 +  70.653 x0 +  12.367 x1 + -104.111 x2 +  33.839 x3 + -14.149 x4 +  3.217 x5 +  0.077 x0^2 + -0.260 x0 x1 +  0.156 x0 x2 + -0.060 x0 x3 + -0.011 x0 x4 +  0.002 x0 x5 +  0.074 x1^2 +  0.087 x1 x2 + -0.029 x1 x3 +  0.022 x1 x4 +  0.026 x1 x5 + -0.109 x2^2 + -0.010 x2 x3 +  0.058 x2 x4 + -0.047 x2 x5 +  0.038 x3^2 + -0.040 x4^2 +  0.019 x4 x5 | (x2)' = -3.280 1 + -19.876 x0 +  96.113 x1 + -95.970 x3 +  19.696 x4 + -0.067 x0^2 +  0.201 x0 x1 + -0.110 x0 x2 +  0.029 x0 x3 +  0.019 x0 x4 + -0.057 x1^2 + -0.087 x1 x2 +  0.056 x1 x3 + -0.055 x1 x5 +  0.070 x2^2 +  0.047 x2 x3 + -0.053 x2 x4 +  0.040 x2 x5 + -0.031 x3^2 + -0.067 x3 x4 +  0.029 x3 x5 +  0.035 x4^2 | (x3)' =  8.197 x0 + -30.105 x1 +  99.802 x2 + -96.076 x4 +  19.259 x5 +  0.036 x0^2 + -0.111 x0 x1 +  0.064 x0 x2 + -0.006 x0 x3 + -0.033 x0 x4 +  0.011 x0 x5 +  0.011 x1^2 +  0.091 x1 x2 + -0.075 x1 x3 +  0.062 x1 x4 +  0.007 x1 x5 + -0.038 x2^2 + -0.080 x2 x3 +  0.064 x2 x4 + -0.051 x2 x5 +  0.047 x3^2 +  0.069 x3 x4 + -0.016 x3 x5 + -0.065 x4^2 + -0.027 x4 x5 +  0.036 x5^2 | (x4)' = -16.900 1 + -2.865 x0 +  13.382 x1 + -30.257 x2 +  94.343 x3 + -76.521 x5 + -0.006 x0^2 +  0.021 x0 x1 + -0.016 x0 x2 +  0.006 x0 x3 +  0.018 x0 x4 + -0.016 x0 x5 +  0.041 x1^2 + -0.115 x1 x2 +  0.097 x1 x3 + -0.108 x1 x4 +  0.022 x1 x5 +  0.035 x2^2 +  0.053 x2 x3 + -0.037 x2 x4 +  0.042 x2 x5 + -0.039 x3^2 + -0.127 x3 x4 +  0.036 x3 x5 +  0.126 x4^2 +  0.025 x4 x5 + -0.054 x5^2 | (x5)' =  60.264 1 + -1.989 x0 + -7.529 x1 +  18.069 x2 + -42.348 x3 +  143.996 x4 + -103.081 x5 + -0.050 x0^2 +  0.116 x0 x1 + -0.059 x0 x2 +  0.045 x0 x3 + -0.062 x0 x4 +  0.063 x0 x5 + -0.148 x1^2 +  0.226 x1 x2 + -0.117 x1 x3 +  0.086 x1 x4 + -0.013 x1 x5 + -0.062 x2^2 + -0.166 x2 x3 +  0.241 x2 x4 + -0.102 x2 x5 +  0.116 x3^2 +  0.018 x3 x5 +  0.005 x4^2 + -0.272 x4 x5 +  0.118 x5^2
24,80.0,1000.0,37.49490932254601,2,6,2,8.0,40.0,9,36.0,smoothed_finite_difference_savgol_order_3,success,,161,168,95.83333333333333,1.3602420622482896,"[""1"", ""x0"", ""x1"", ""x2"", ""x3"", ""x4"", ""x5"", ""x0^2"", ""x0 x1"", ""x0 x2"", ""x0 x3"", ""x0 x4"", ""x0 x5"", ""x1^2"", ""x1 x2"", ""x1 x3"", ""x1 x4"", ""x1 x5"", ""x2^2"", ""x2 x3"", ""x2 x4"", ""x2 x5"", ""x3^2"", ""x3 x4"", ""x3 x5"", ""x4^2"", ""x4 x5"", ""x5^2""]","[[-49.91124664031739, 147.37373451795602, -213.48354693789156, 68.31675085114928, 10.579246529204408, -33.31597514484504, 18.028293835617422, -0.015514982773651188, 0.04214997145335267, 0.0, 0.08789627457521411, -0.01350222833708309, 0.0037947107168767426, 0.19324201362958754, -0.5708372882683811, 0.003506407815430526, 0.003297853284158189, -0.013965388817610115, 0.5861666538012369, -0.8837651190337347, 0.7487007177194263, -0.32901449122817505, 0.6117968286633266, -1.033263892808333, 0.5066126098739759, 0.4239608450978088, -0.4957832714706448, 0.15125092640713836], [0.0, 59.33104788709559, 28.05811739589626, -104.68936348877628, 18.448938696443744, 2.9912319916423016, -3.7005169757511087, 0.012519265529274785, -0.0201387815385004, 0.0, -0.010907908769257601, -0.016217903359062667, 0.01159752582410718, -0.06554947582568878, 0.2520626178601639, -0.18769538825347695, 0.16142967485570342, -0.062061080188301004, -0.2740511098277423, 0.5448189870892448, -0.38062685392426493, 0.12395036922171745, -0.2581117294620819, 0.2221025739375328, -0.04178843257309919, 0.014644686904456347, -0.028484356563502455, 0.002817079788858497], [-3.7497669656382957, -12.537335516226065, 84.53148489129603, 5.1672195420304, -94.14009484532968, 19.73423280816728, -2.947706263980124, -0.03381284128848917, 0.17478585193376298, -0.2452150140883214, 0.2054679741410057, -0.11560801436739955, 0.04216639193407527, -0.15570780363175193, 0.28691720242480523, -0.12158778366088986, 0.04848274239180348, -0.050724921264537384, 0.0, -0.27575313488411013, 0.1479878918315366, 0.0433335540244909, 0.21519200467124594, -0.09827023463958083, -0.10288833894030379, -0.07110957021925417, 0.1390602935114648, -0.032314210616488905], [1.5057641507333563, 2.511955859575852, -18.216741136457227, 91.5520780685908, -2.723039662334653, -85.8080653867332, 12.882043143738679, -0.018663184992807266, 0.027711434769984174, 0.04446002282199816, -0.047417338064941444, 0.019617900807016125, -0.004506461708147386, -0.008732298135388441, -0.011702684316030616, -0.07271220316169173, 0.06667118336672126, -0.0023901910173051897, -0.039694891436230485, 0.14961801959477716, 0.0, -0.08589165955747362, 0.0, -0.2919650066676786, 0.24706120898168377, 0.25706987580412655, -0.29655430998610716, 0.06747564305958442], [0.0, 3.8639830400897335, -3.295628578977409, -17.977121450400578, 104.2136854903691, -27.773946969051984, -59.49190156439171, 0.08997344049102864, -0.25795252295731547, 0.10272199266778954, -0.021017773105826185, 0.015370055993220506, -0.01498596372222884, 0.12613155204045995, 0.06498717243376446, -0.08664616792440546, 0.022291791557650917, -0.0070331435425837535, -0.23816753102995938, 0.5314712996935338, -0.4184713861914995, 0.20296758770576423, -0.3983417555007624, 0.776721370368797, -0.40041893553623686, -0.41964371539913986, 0.42662324097935134, -0.09566065519530827], [35.08050588172346, -17.88924727002228, 32.576012685970504, -9.74717797698652, -68.77774360583958, 213.99166064560404, -147.6198459962749, -0.2846392083767973, 0.8573324119837127, -0.5399824344811358, 0.31911719087512314, -0.16928741440436992, 0.08491308013060718, -0.548567891565683, 0.616055249344215, -0.590706305531662, 0.35163331543713106, -0.09575520481412038, -0.09732748695190283, 0.2476769081032321, 0.028447425069509428, -0.17659035247793892, -0.14164439180754188, -0.033871650689918834, 0.30561489395668395, 0.1606070536746933, -0.39910300769109325, 0.09969699027396182]]",(x0)' = -49.911 1 +  147.374 x0 + -213.484 x1 +  68.317 x2 +  10.579 x3 + -33.316 x4 +  18.028 x5 + -0.016 x0^2 +  0.042 x0 x1 +  0.088 x0 x3 + -0.014 x0 x4 +  0.004 x0 x5 +  0.193 x1^2 + -0.571 x1 x2 +  0.004 x1 x3 +  0.003 x1 x4 + -0.014 x1 x5 +  0.586 x2^2 + -0.884 x2 x3 +  0.749 x2 x4 + -0.329 x2 x5 +  0.612 x3^2 + -1.033 x3 x4 +  0.507 x3 x5 +  0.424 x4^2 + -0.496 x4 x5 +  0.151 x5^2 | (x1)' =  59.331 x0 +  28.058 x1 + -104.689 x2 +  18.449 x3 +  2.991 x4 + -3.701 x5 +  0.013 x0^2 + -0.020 x0 x1 + -0.011 x0 x3 + -0.016 x0 x4 +  0.012 x0 x5 + -0.066 x1^2 +  0.252 x1 x2 + -0.188 x1 x3 +  0.161 x1 x4 + -0.062 x1 x5 + -0.274 x2^2 +  0.545 x2 x3 + -0.381 x2 x4 +  0.124 x2 x5 + -0.258 x3^2 +  0.222 x3 x4 + -0.042 x3 x5 +  0.015 x4^2 + -0.028 x4 x5 +  0.003 x5^2 | (x2)' = -3.750 1 + -12.537 x0 +  84.531 x1 +  5.167 x2 + -94.140 x3 +  19.734 x4 + -2.948 x5 + -0.034 x0^2 +  0.175 x0 x1 + -0.245 x0 x2 +  0.205 x0 x3 + -0.116 x0 x4 +  0.042 x0 x5 + -0.156 x1^2 +  0.287 x1 x2 + -0.122 x1 x3 +  0.048 x1 x4 + -0.051 x1 x5 + -0.276 x2 x3 +  0.148 x2 x4 +  0.043 x2 x5 +  0.215 x3^2 + -0.098 x3 x4 + -0.103 x3 x5 + -0.071 x4^2 +  0.139 x4 x5 + -0.032 x5^2 | (x3)' =  1.506 1 +  2.512 x0 + -18.217 x1 +  91.552 x2 + -2.723 x3 + -85.808 x4 +  12.882 x5 + -0.019 x0^2 +  0.028 x0 x1 +  0.044 x0 x2 + -0.047 x0 x3 +  0.020 x0 x4 + -0.005 x0 x5 + -0.009 x1^2 + -0.012 x1 x2 + -0.073 x1 x3 +  0.067 x1 x4 + -0.002 x1 x5 + -0.040 x2^2 +  0.150 x2 x3 + -0.086 x2 x5 + -0.292 x3 x4 +  0.247 x3 x5 +  0.257 x4^2 + -0.297 x4 x5 +  0.067 x5^2 | (x4)' =  3.864 x0 + -3.296 x1 + -17.977 x2 +  104.214 x3 + -27.774 x4 + -59.492 x5 +  0.090 x0^2 + -0.258 x0 x1 +  0.103 x0 x2 + -0.021 x0 x3 +  0.015 x0 x4 + -0.015 x0 x5 +  0.126 x1^2 +  0.065 x1 x2 + -0.087 x1 x3 +  0.022 x1 x4 + -0.007 x1 x5 + -0.238 x2^2 +  0.531 x2 x3 + -0.418 x2 x4 +  0.203 x2 x5 + -0.398 x3^2 +  0.777 x3 x4 + -0.400 x3 x5 + -0.420 x4^2 +  0.427 x4 x5 + -0.096 x5^2 | (x5)' =  35.081 1 + -17.889 x0 +  32.576 x1 + -9.747 x2 + -68.778 x3 +  213.992 x4 + -147.620 x5 + -0.285 x0^2 +  0.857 x0 x1 + -0.540 x0 x2 +  0.319 x0 x3 + -0.169 x0 x4 +  0.085 x0 x5 + -0.549 x1^2 +  0.616 x1 x2 + -0.591 x1 x3 +  0.352 x1 x4 + -0.096 x1 x5 + -0.097 x2^2 +  0.248 x2 x3 +  0.028 x2 x4 + -0.177 x2 x5 + -0.142 x3^2 + -0.034 x3 x4 +  0.306 x3 x5 +  0.161 x4^2 + -0.399 x4 x5 +  0.100 x5^2
25,80.0,1000.0,37.49490932254601,2,6,5,20.0,100.0,0,0.0,finite_difference,success,,161,168,95.83333333333333,1.3606409961357713,"[""1"", ""x0"", ""x1"", ""x2"", ""x3"", ""x4"", ""x5"", ""x0^2"", ""x0 x1"", ""x0 x2"", ""x0 x3"", ""x0 x4"", ""x0 x5"", ""x1^2"", ""x1 x2"", ""x1 x3"", ""x1 x4"", ""x1 x5"", ""x2^2"", ""x2 x3"", ""x2 x4"", ""x2 x5"", ""x3^2"", ""x3 x4"", ""x3 x5"", ""x4^2"", ""x4 x5"", ""x5^2""]","[[-37.9031328980877, 16.846225673438298, -40.08105080354503, 11.2518981377585, 2.5640825265148295, 5.25725445124236, -2.0955689641879376, 0.032367312164279044, 0.07776085681563875, -0.03802658437877503, -0.026442842731512695, -0.05114823124357658, 0.028946050409973344, -0.03620688940460066, -0.011533581121842457, -0.018277608538897643, 0.026224384055438987, -0.004984446883986722, 0.02210713254413945, 0.009277464658175546, 0.01122136655955926, -0.024724897122519084, 0.0036094157430033224, 0.004644519284791301, 0.018322892529025067, -0.0017021061062180132, -0.0067178717590066625, -0.005698883545336953], [-39.45636573645159, 32.33790808026501, 1.150539837526452, -37.02029092067214, 6.918177739353941, -2.7515503888265154, 1.2138770366429383, 0.1275159264771093, -0.23819851926399424, 0.0, 0.0011626161816608441, 0.018574016853719455, 0.0016207843740456782, 0.021897807077177277, 0.1680730292855776, -0.012563348874881227, 0.011005784121107533, -0.027384172193825822, -0.08536182044012365, -0.0012265523608612724, -0.014104227587331751, 0.024332446496894818, 0.012686313536595318, 0.0, 0.0, -0.006967943434791897, 0.0011559177035449354, -0.003178546731866542], [-38.99942835810072, -8.32940061188668, 36.89488372711099, 0.0, -35.740800677946396, 8.188225048168034, -1.3695834918532133, -0.04193428071231163, -0.021483061068515406, 0.14524312492324032, -0.07068932620644494, 0.006129344618652254, 0.0, 0.16593749038196873, -0.3444463683708698, 0.060062893374942194, -0.0033695058145670185, 0.026370987670872148, 0.052655402912244756, 0.12461543739536246, -0.028078443740635766, -0.020032979747535637, -0.06857111302744769, 0.005776079182735021, 0.0034058772603981066, 0.01795401803373359, -0.007461119496745032, -2.853819230143937e-05], [-37.62907234344122, 1.4268661798145665, -9.338564080292386, 36.93135377863713, -0.25827937485748564, -35.81706037532318, 7.346847144317461, 0.0070579657963510045, 0.03235917140752508, -0.048237054346481886, 0.018607754639881208, 0.005016106740817661, -0.01162297988394818, -0.05836169252650462, 0.008161874783276967, 0.12975143967204605, -0.07632082050644004, 0.0, 0.16060366404482157, -0.3331413932309728, 0.06561581191518516, 0.01679951681327723, 0.046541564927171236, 0.1224084639465392, -0.03789539551120558, -0.069494218168154, 0.010378937677391939, 0.012448305289614894], [-45.31999780007723, -1.0891127803928424, 2.8063444951343954, -8.383721046401565, 38.04448669617114, -1.113157577244762, -31.87242502526061, 0.0022360903384812613, -0.02808724547132754, 0.028633602979244766, -0.02793308849345755, 0.023674232976924624, 0.0, 0.017670964323865092, 0.017415516595733347, -0.03599783537459634, 0.01167209902803481, 0.0035804977176352483, -0.052388989615791845, 0.0021968000800868534, 0.12208175823300836, -0.07748977209580198, 0.1702152151450626, -0.3354270468363849, 0.07319734754250137, 0.045883224807290734, 0.08918837607678283, -0.046181254164283515], [-11.251712673093744, 1.9973167777394931, -5.2160127848558595, -2.0707574466226, -12.940092510277282, 41.85057015722034, -17.355530259663954, -0.00529396821621345, 0.0346995711085437, -0.023946089313744576, 0.05008886557210518, -0.03488714355394399, -0.002721248666166144, -0.004746470163338294, -0.019887724247280743, 0.0034715220171079924, -0.021388814937820255, 0.023873861101145415, 0.00568047796207895, 0.028616741143066966, -0.027482121606723215, 0.020812288618754483, -0.0897478798778616, 0.013028615303185661, 0.11576270772574063, 0.17015670613267556, -0.25123931888313755, 0.00912230067573235]]",(x0)' = -37.903 1 +  16.846 x0 + -40.081 x1 +  11.252 x2 +  2.564 x3 +  5.257 x4 + -2.096 x5 +  0.032 x0^2 +  0.078 x0 x1 + -0.038 x0 x2 + -0.026 x0 x3 + -0.051 x0 x4 +  0.029 x0 x5 + -0.036 x1^2 + -0.012 x1 x2 + -0.018 x1 x3 +  0.026 x1 x4 + -0.005 x1 x5 +  0.022 x2^2 +  0.009 x2 x3 +  0.011 x2 x4 + -0.025 x2 x5 +  0.004 x3^2 +  0.005 x3 x4 +  0.018 x3 x5 + -0.002 x4^2 + -0.007 x4 x5 + -0.006 x5^2 | (x1)' = -39.456 1 +  32.338 x0 +  1.151 x1 + -37.020 x2 +  6.918 x3 + -2.752 x4 +  1.214 x5 +  0.128 x0^2 + -0.238 x0 x1 +  0.001 x0 x3 +  0.019 x0 x4 +  0.002 x0 x5 +  0.022 x1^2 +  0.168 x1 x2 + -0.013 x1 x3 +  0.011 x1 x4 + -0.027 x1 x5 + -0.085 x2^2 + -0.001 x2 x3 + -0.014 x2 x4 +  0.024 x2 x5 +  0.013 x3^2 + -0.007 x4^2 +  0.001 x4 x5 + -0.003 x5^2 | (x2)' = -38.999 1 + -8.329 x0 +  36.895 x1 + -35.741 x3 +  8.188 x4 + -1.370 x5 + -0.042 x0^2 + -0.021 x0 x1 +  0.145 x0 x2 + -0.071 x0 x3 +  0.006 x0 x4 +  0.166 x1^2 + -0.344 x1 x2 +  0.060 x1 x3 + -0.003 x1 x4 +  0.026 x1 x5 +  0.053 x2^2 +  0.125 x2 x3 + -0.028 x2 x4 + -0.020 x2 x5 + -0.069 x3^2 +  0.006 x3 x4 +  0.003 x3 x5 +  0.018 x4^2 + -0.007 x4 x5 | (x3)' = -37.629 1 +  1.427 x0 + -9.339 x1 +  36.931 x2 + -0.258 x3 + -35.817 x4 +  7.347 x5 +  0.007 x0^2 +  0.032 x0 x1 + -0.048 x0 x2 +  0.019 x0 x3 +  0.005 x0 x4 + -0.012 x0 x5 + -0.058 x1^2 +  0.008 x1 x2 +  0.130 x1 x3 + -0.076 x1 x4 +  0.161 x2^2 + -0.333 x2 x3 +  0.066 x2 x4 +  0.017 x2 x5 +  0.047 x3^2 +  0.122 x3 x4 + -0.038 x3 x5 + -0.069 x4^2 +  0.010 x4 x5 +  0.012 x5^2 | (x4)' = -45.320 1 + -1.089 x0 +  2.806 x1 + -8.384 x2 +  38.044 x3 + -1.113 x4 + -31.872 x5 +  0.002 x0^2 + -0.028 x0 x1 +  0.029 x0 x2 + -0.028 x0 x3 +  0.024 x0 x4 +  0.018 x1^2 +  0.017 x1 x2 + -0.036 x1 x3 +  0.012 x1 x4 +  0.004 x1 x5 + -0.052 x2^2 +  0.002 x2 x3 +  0.122 x2 x4 + -0.077 x2 x5 +  0.170 x3^2 + -0.335 x3 x4 +  0.073 x3 x5 +  0.046 x4^2 +  0.089 x4 x5 + -0.046 x5^2 | (x5)' = -11.252 1 +  1.997 x0 + -5.216 x1 + -2.071 x2 + -12.940 x3 +  41.851 x4 + -17.356 x5 + -0.005 x0^2 +  0.035 x0 x1 + -0.024 x0 x2 +  0.050 x0 x3 + -0.035 x0 x4 + -0.003 x0 x5 + -0.005 x1^2 + -0.020 x1 x2 +  0.003 x1 x3 + -0.021 x1 x4 +  0.024 x1 x5 +  0.006 x2^2 +  0.029 x2 x3 + -0.027 x2 x4 +  0.021 x2 x5 + -0.090 x3^2 +  0.013 x3 x4 +  0.116 x3 x5 +  0.170 x4^2 + -0.251 x4 x5 +  0.009 x5^2
26,80.0,1000.0,37.49490932254601,2,6,5,20.0,100.0,5,20.0,smoothed_finite_difference_savgol_order_3,success,,163,168,97.02380952380952,1.3793462458997965,"[""1"", ""x0"", ""x1"", ""x2"", ""x3"", ""x4"", ""x5"", ""x0^2"", ""x0 x1"", ""x0 x2"", ""x0 x3"", ""x0 x4"", ""x0 x5"", ""x1^2"", ""x1 x2"", ""x1 x3"", ""x1 x4"", ""x1 x5"", ""x2^2"", ""x2 x3"", ""x2 x4"", ""x2 x5"", ""x3^2"", ""x3 x4"", ""x3 x5"", ""x4^2"", ""x4 x5"", ""x5^2""]","[[-34.866026974556334, 17.249245636301396, -40.59838226391486, 11.6480097865587, 2.352995638540747, 5.3501028739659855, -2.174919875413889, 0.031851133967342814, 0.08267252970648456, -0.03958796170922207, -0.025682967107858425, -0.05283192598887253, 0.02921453559033646, -0.0392448926958306, -0.012123307964611451, -0.020626555160751733, 0.027415357883862974, -0.0036469038539146703, 0.023470253576782365, 0.012146192997925657, 0.011789534462266884, -0.027459986183162113, 0.0, 0.00667119372566208, 0.020316296006699045, -0.0018538476735162767, -0.008109825744103207, -0.005588165318962919], [-36.32287287908779, 32.302284473767216, 1.2625255350593316, -37.29407183192774, 7.187535460366074, -2.9018821437436175, 1.2914442169959857, 0.1250497440499837, -0.23774775083191008, 0.0, 0.0023345270633268324, 0.018887144101916335, 0.0031287688864129123, 0.022353395060075547, 0.17205131617633068, -0.011481791838444095, 0.010205222287167142, -0.030474696190665118, -0.08870784972824021, -0.0020949364536481455, -0.015311264677715567, 0.029597424754437846, 0.014838133514586715, 0.0, -0.007223203858740774, -0.007952476089705108, 0.005414600943614558, -0.003990960281537678], [-34.047930968086554, -8.469765026776987, 37.01393426944963, 0.0, -35.90044838673956, 8.43331680253986, -1.4644689997548643, -0.044483994351883493, -0.01607441587254921, 0.14460970095827508, -0.07009286697249145, 0.005760031158969171, 0.0, 0.16279858039914888, -0.3443723447527363, 0.0569343827621937, -0.0022308716551904606, 0.027317489712704375, 0.053151625593742535, 0.13016053826335017, -0.02925831313150786, -0.021324745923363354, -0.07132753936529608, 0.0048165453986085335, 0.0041422317173091085, 0.01947055156453796, -0.007428946367586352, -0.00065502599543305], [-32.22510067666819, 1.5475290018051255, -9.574993017301528, 37.049931097796836, -0.249798308604529, -35.990935604318224, 7.521944544939598, 0.007909591368700442, 0.03348532710099195, -0.04862769066800535, 0.01678707210111898, 0.0076081094252624945, -0.015364415941140854, -0.06392038290296663, 0.014802387919968435, 0.1303159297095061, -0.0819531344488459, 0.010755230721725483, 0.1575986832491968, -0.3336347990546194, 0.06569580513450916, 0.012962116144290676, 0.047224828732334724, 0.12699818725539458, -0.03809037576430093, -0.07204871836418153, 0.010130131297857618, 0.012189761258086644], [-40.111076182222014, -1.1590096228683748, 2.985530363224885, -8.608594911473824, 38.228266461179594, -1.1873127618049333, -31.88021684938092, 0.0023930935920865744, -0.027973788117455784, 0.028005861636439602, -0.02712828814994795, 0.025362477904182817, -0.00433919751157632, 0.018092619126553033, 0.01924223885714231, -0.03812542650289754, 0.009754212599716032, 0.006862633907481158, -0.05638783985931071, 0.00995483998515747, 0.12168934727927136, -0.0784835015048463, 0.16676970588991952, -0.335634983185753, 0.07173897064031545, 0.046220109840239484, 0.09350450826438145, -0.04786658536227031], [-7.816926258622166, 2.080863095234017, -5.308799831805243, -1.8463103069086755, -13.315339809862113, 42.29398666851241, -17.736175417383244, -0.005997109393676726, 0.03693901879604886, -0.025048555773261046, 0.05105288476016943, -0.03517364252845859, -0.003305832608687651, -0.005571003263042679, -0.019764316193332104, 0.0014381502172900683, -0.02032946432931941, 0.02351676289984709, 0.0066189110317287836, 0.03171818255010841, -0.030401770613311997, 0.02073140278943409, -0.09510901029613224, 0.020802178428982618, 0.11573624566407467, 0.16775719817107362, -0.2525693016375413, 0.010972667741345412]]",(x0)' = -34.866 1 +  17.249 x0 + -40.598 x1 +  11.648 x2 +  2.353 x3 +  5.350 x4 + -2.175 x5 +  0.032 x0^2 +  0.083 x0 x1 + -0.040 x0 x2 + -0.026 x0 x3 + -0.053 x0 x4 +  0.029 x0 x5 + -0.039 x1^2 + -0.012 x1 x2 + -0.021 x1 x3 +  0.027 x1 x4 + -0.004 x1 x5 +  0.023 x2^2 +  0.012 x2 x3 +  0.012 x2 x4 + -0.027 x2 x5 +  0.007 x3 x4 +  0.020 x3 x5 + -0.002 x4^2 + -0.008 x4 x5 + -0.006 x5^2 | (x1)' = -36.323 1 +  32.302 x0 +  1.263 x1 + -37.294 x2 +  7.188 x3 + -2.902 x4 +  1.291 x5 +  0.125 x0^2 + -0.238 x0 x1 +  0.002 x0 x3 +  0.019 x0 x4 +  0.003 x0 x5 +  0.022 x1^2 +  0.172 x1 x2 + -0.011 x1 x3 +  0.010 x1 x4 + -0.030 x1 x5 + -0.089 x2^2 + -0.002 x2 x3 + -0.015 x2 x4 +  0.030 x2 x5 +  0.015 x3^2 + -0.007 x3 x5 + -0.008 x4^2 +  0.005 x4 x5 + -0.004 x5^2 | (x2)' = -34.048 1 + -8.470 x0 +  37.014 x1 + -35.900 x3 +  8.433 x4 + -1.464 x5 + -0.044 x0^2 + -0.016 x0 x1 +  0.145 x0 x2 + -0.070 x0 x3 +  0.006 x0 x4 +  0.163 x1^2 + -0.344 x1 x2 +  0.057 x1 x3 + -0.002 x1 x4 +  0.027 x1 x5 +  0.053 x2^2 +  0.130 x2 x3 + -0.029 x2 x4 + -0.021 x2 x5 + -0.071 x3^2 +  0.005 x3 x4 +  0.004 x3 x5 +  0.019 x4^2 + -0.007 x4 x5 + -0.001 x5^2 | (x3)' = -32.225 1 +  1.548 x0 + -9.575 x1 +  37.050 x2 + -0.250 x3 + -35.991 x4 +  7.522 x5 +  0.008 x0^2 +  0.033 x0 x1 + -0.049 x0 x2 +  0.017 x0 x3 +  0.008 x0 x4 + -0.015 x0 x5 + -0.064 x1^2 +  0.015 x1 x2 +  0.130 x1 x3 + -0.082 x1 x4 +  0.011 x1 x5 +  0.158 x2^2 + -0.334 x2 x3 +  0.066 x2 x4 +  0.013 x2 x5 +  0.047 x3^2 +  0.127 x3 x4 + -0.038 x3 x5 + -0.072 x4^2 +  0.010 x4 x5 +  0.012 x5^2 | (x4)' = -40.111 1 + -1.159 x0 +  2.986 x1 + -8.609 x2 +  38.228 x3 + -1.187 x4 + -31.880 x5 +  0.002 x0^2 + -0.028 x0 x1 +  0.028 x0 x2 + -0.027 x0 x3 +  0.025 x0 x4 + -0.004 x0 x5 +  0.018 x1^2 +  0.019 x1 x2 + -0.038 x1 x3 +  0.010 x1 x4 +  0.007 x1 x5 + -0.056 x2^2 +  0.010 x2 x3 +  0.122 x2 x4 + -0.078 x2 x5 +  0.167 x3^2 + -0.336 x3 x4 +  0.072 x3 x5 +  0.046 x4^2 +  0.094 x4 x5 + -0.048 x5^2 | (x5)' = -7.817 1 +  2.081 x0 + -5.309 x1 + -1.846 x2 + -13.315 x3 +  42.294 x4 + -17.736 x5 + -0.006 x0^2 +  0.037 x0 x1 + -0.025 x0 x2 +  0.051 x0 x3 + -0.035 x0 x4 + -0.003 x0 x5 + -0.006 x1^2 + -0.020 x1 x2 +  0.001 x1 x3 + -0.020 x1 x4 +  0.024 x1 x5 +  0.007 x2^2 +  0.032 x2 x3 + -0.030 x2 x4 +  0.021 x2 x5 + -0.095 x3^2 +  0.021 x3 x4 +  0.116 x3 x5 +  0.168 x4^2 + -0.253 x4 x5 +  0.011 x5^2
27,80.0,1000.0,37.49490932254601,2,6,5,20.0,100.0,9,36.0,smoothed_finite_difference_savgol_order_3,success,,156,168,92.85714285714286,1.4950373768806458,"[""1"", ""x0"", ""x1"", ""x2"", ""x3"", ""x4"", ""x5"", ""x0^2"", ""x0 x1"", ""x0 x2"", ""x0 x3"", ""x0 x4"", ""x0 x5"", ""x1^2"", ""x1 x2"", ""x1 x3"", ""x1 x4"", ""x1 x5"", ""x2^2"", ""x2 x3"", ""x2 x4"", ""x2 x5"", ""x3^2"", ""x3 x4"", ""x3 x5"", ""x4^2"", ""x4 x5"", ""x5^2""]","[[-33.215430710277026, 22.11881207586433, -49.506045701022984, 17.52656352231315, -0.5391547143235018, 6.078398284786122, -1.892369878581011, 0.01072379283158475, 0.14363364845236362, -0.056064105898307626, -0.018475908803750326, -0.05380091786942626, 0.021909783252146126, -0.052786960445962296, -0.04798137428811542, -0.016158079636904448, 0.02177109179124146, 0.010697226446176147, 0.05193049269658876, 0.009266277050941515, 0.021228727583918743, -0.045139423071859884, -0.008565696513763503, 0.004831516566974191, 0.02979250225174104, 0.002482244297144368, -0.01582901976757244, -0.003504994054317508], [-9.756981210219218, 35.04861619847033, 2.4780148892915714, -43.30647331366977, 11.39564412718453, -5.537513888124003, 1.8703032399319715, 0.08996100098966812, -0.19715249512819352, -0.004822338206132788, -0.004370436909248764, 0.03103468328463139, 0.0, 0.0, 0.20626897521240958, 0.0, -0.005885559594264161, -0.028936570958895996, -0.09351067982981204, -0.04420579835042234, 0.005228821430726844, 0.026790132893908348, 0.0426088590614677, -0.018595464385486878, 0.0, -0.006771621035872435, 0.0, 0.0], [-0.743355407724353, -10.645847381233605, 41.218396186271434, 0.7102935813957073, -41.226199747156805, 12.757938947537882, -3.6069791271434215, -0.05605091459943971, 0.03622854341448015, 0.10023382795381622, -0.03845976200041256, -0.0015152877784181164, 0.0, 0.11059337974852801, -0.2777681731293801, 0.0059966083952721575, 0.010771201954670814, 0.025876005970201826, 0.027699049036838386, 0.1890874271341412, -0.045143405089529035, -0.020375325778509385, -0.08491881650410142, -0.01687960617761635, 0.014701799645122523, 0.0370726976305829, -0.012077597782787575, -0.003575194823725044], [0.0, 3.763389621136947, -13.195403383918725, 41.49899870205696, -0.5836478992067006, -41.01251555211715, 10.295405190343072, 0.024610843127631534, 0.0, -0.050402273843550505, 0.010994693115511352, -0.0013924579546951562, 0.0009572888867541255, -0.07102754210330618, 0.07623962234052271, 0.09434701127799035, -0.040263502071313934, -0.005583605535059545, 0.09748782154311915, -0.2606912296109082, 0.011092370335689477, 0.03132240659003774, 0.017033569663561784, 0.19017084383641944, -0.05664011100070253, -0.08576756111586518, -0.004768402524519601, 0.02079494246902775], [0.0, -1.83018406771309, 5.8123190967253135, -12.256199757259703, 43.68469494415952, -2.4488532248634187, -34.773871826066035, 0.0, -0.032086065685296226, 0.026778999571857864, -0.014168933968831843, 0.009999650142640865, 0.005481821723613951, 0.030619523435239434, 0.015906502930110478, -0.05769523565795913, 0.016843547209461265, -0.002116306271134202, -0.07951261839935266, 0.08720913078642094, 0.06816325187043079, -0.0340791412268343, 0.10822187655068953, -0.2559944722115951, 0.0, 0.01621200934792436, 0.15715384371145444, -0.06514911691771608], [18.979190100501885, 1.8308493628876334, -6.0618786867995205, 1.0753026924868894, -18.468045550631512, 50.22077834867263, -22.437888545719815, -0.008734626673092275, 0.03991950472762327, -0.024087436760220095, 0.04305737225363075, -0.02382535859880559, -0.0051981640094286114, -0.006372640484369647, -0.02697956530387689, 0.012259089462091135, -0.020614343896836456, 0.01601400764634307, 0.021211441114400896, 0.0324152425112821, -0.060786508265258714, 0.0282090737034533, -0.12170250780759836, 0.09611117234903326, 0.0927839372306036, 0.11804460674334034, -0.22330806902014713, 0.01346698561288177]]",(x0)' = -33.215 1 +  22.119 x0 + -49.506 x1 +  17.527 x2 + -0.539 x3 +  6.078 x4 + -1.892 x5 +  0.011 x0^2 +  0.144 x0 x1 + -0.056 x0 x2 + -0.018 x0 x3 + -0.054 x0 x4 +  0.022 x0 x5 + -0.053 x1^2 + -0.048 x1 x2 + -0.016 x1 x3 +  0.022 x1 x4 +  0.011 x1 x5 +  0.052 x2^2 +  0.009 x2 x3 +  0.021 x2 x4 + -0.045 x2 x5 + -0.009 x3^2 +  0.005 x3 x4 +  0.030 x3 x5 +  0.002 x4^2 + -0.016 x4 x5 + -0.004 x5^2 | (x1)' = -9.757 1 +  35.049 x0 +  2.478 x1 + -43.306 x2 +  11.396 x3 + -5.538 x4 +  1.870 x5 +  0.090 x0^2 + -0.197 x0 x1 + -0.005 x0 x2 + -0.004 x0 x3 +  0.031 x0 x4 +  0.206 x1 x2 + -0.006 x1 x4 + -0.029 x1 x5 + -0.094 x2^2 + -0.044 x2 x3 +  0.005 x2 x4 +  0.027 x2 x5 +  0.043 x3^2 + -0.019 x3 x4 + -0.007 x4^2 | (x2)' = -0.743 1 + -10.646 x0 +  41.218 x1 +  0.710 x2 + -41.226 x3 +  12.758 x4 + -3.607 x5 + -0.056 x0^2 +  0.036 x0 x1 +  0.100 x0 x2 + -0.038 x0 x3 + -0.002 x0 x4 +  0.111 x1^2 + -0.278 x1 x2 +  0.006 x1 x3 +  0.011 x1 x4 +  0.026 x1 x5 +  0.028 x2^2 +  0.189 x2 x3 + -0.045 x2 x4 + -0.020 x2 x5 + -0.085 x3^2 + -0.017 x3 x4 +  0.015 x3 x5 +  0.037 x4^2 + -0.012 x4 x5 + -0.004 x5^2 | (x3)' =  3.763 x0 + -13.195 x1 +  41.499 x2 + -0.584 x3 + -41.013 x4 +  10.295 x5 +  0.025 x0^2 + -0.050 x0 x2 +  0.011 x0 x3 + -0.001 x0 x4 +  0.001 x0 x5 + -0.071 x1^2 +  0.076 x1 x2 +  0.094 x1 x3 + -0.040 x1 x4 + -0.006 x1 x5 +  0.097 x2^2 + -0.261 x2 x3 +  0.011 x2 x4 +  0.031 x2 x5 +  0.017 x3^2 +  0.190 x3 x4 + -0.057 x3 x5 + -0.086 x4^2 + -0.005 x4 x5 +  0.021 x5^2 | (x4)' = -1.830 x0 +  5.812 x1 + -12.256 x2 +  43.685 x3 + -2.449 x4 + -34.774 x5 + -0.032 x0 x1 +  0.027 x0 x2 + -0.014 x0 x3 +  0.010 x0 x4 +  0.005 x0 x5 +  0.031 x1^2 +  0.016 x1 x2 + -0.058 x1 x3 +  0.017 x1 x4 + -0.002 x1 x5 + -0.080 x2^2 +  0.087 x2 x3 +  0.068 x2 x4 + -0.034 x2 x5 +  0.108 x3^2 + -0.256 x3 x4 +  0.016 x4^2 +  0.157 x4 x5 + -0.065 x5^2 | (x5)' =  18.979 1 +  1.831 x0 + -6.062 x1 +  1.075 x2 + -18.468 x3 +  50.221 x4 + -22.438 x5 + -0.009 x0^2 +  0.040 x0 x1 + -0.024 x0 x2 +  0.043 x0 x3 + -0.024 x0 x4 + -0.005 x0 x5 + -0.006 x1^2 + -0.027 x1 x2 +  0.012 x1 x3 + -0.021 x1 x4 +  0.016 x1 x5 +  0.021 x2^2 +  0.032 x2 x3 + -0.061 x2 x4 +  0.028 x2 x5 + -0.122 x3^2 +  0.096 x3 x4 +  0.093 x3 x5 +  0.118 x4^2 + -0.223 x4 x5 +  0.013 x5^2
28,80.0,1000.0,37.49490932254601,2,8,1,4.0,28.0,0,0.0,finite_difference,success,,338,360,93.88888888888889,3.6164588956162333,"[""1"", ""x0"", ""x1"", ""x2"", ""x3"", ""x4"", ""x5"", ""x6"", ""x7"", ""x0^2"", ""x0 x1"", ""x0 x2"", ""x0 x3"", ""x0 x4"", ""x0 x5"", ""x0 x6"", ""x0 x7"", ""x1^2"", ""x1 x2"", ""x1 x3"", ""x1 x4"", ""x1 x5"", ""x1 x6"", ""x1 x7"", ""x2^2"", ""x2 x3"", ""x2 x4"", ""x2 x5"", ""x2 x6"", ""x2 x7"", ""x3^2"", ""x3 x4"", ""x3 x5"", ""x3 x6"", ""x3 x7"", ""x4^2"", ""x4 x5"", ""x4 x6"", ""x4 x7"", ""x5^2"", ""x5 x6"", ""x5 x7"", ""x6^2"", ""x6 x7"", ""x7^2""]","[[-70.44611697975323, 327.0227442210065, -588.3681365325548, 528.3938274699453, -501.4387087317025, 389.5467200613266, -248.79203557188075, 118.97180468742769, -29.492171730237285, -0.7400539827732502, 3.677478359138987, -5.092045892125427, 5.605442074414619, -4.92846035680962, 3.518781809200406, -1.8662181215813765, 0.6293606243950569, -3.9496535867703373, 10.051852987894149, -10.745126930965464, 9.11354181192761, -6.574665399665195, 3.632322161268229, -1.3499389102217747, -5.789481635909265, 11.767836323877138, -9.639388561168381, 6.9904180574688155, -4.084168314793318, 1.7203068786869702, -5.334503535951917, 7.697908167808883, -5.4027280416643375, 3.2681386609623866, -1.6691503441220394, -2.113193890754341, 2.554827868083548, -1.724355474933826, 1.252624493491866, -0.4743494634375474, 0.5813968211516424, -0.7820088113042444, -0.08790015640150116, 0.3962164738957252, -0.09901261761558743], [-0.16149894219880484, 124.9921383308266, 0.09407632995616509, -125.15590933873338, 0.06514519772858512, 0.005182502585186181, 0.0, 0.0194764676066828, -0.01929107741494483, -0.0029482231699974365, 0.006891332346302957, -0.0005394457307017532, 0.0, 0.0007076928554177315, 0.0, -0.004538368477557377, 0.0026574099792771766, -0.004849577105840692, 0.003165708778107175, -0.0034374819536061377, -0.00014310345712115476, 0.0032924320973279856, 0.003011513773799979, -0.0026132189048297598, -0.0006610589965418109, 0.0048042762622053994, -0.0011619671048090597, -0.00622552370477262, 0.003453698764788568, -0.0012271463052636667, -0.005486474845736233, 0.008579267946589388, -0.006502545808678136, 0.0050837814863203745, 0.0015466431940988768, -0.00046711320281196965, 0.0, -0.0008686421930920983, -0.004836924800522278, 0.004103737340653307, -0.008390183935981234, 0.006480785738123169, 0.00588545906381843, -0.0065981755307013374, 0.0017612861617304432], [-0.24577577872400136, -0.03384938884681244, 125.0684337092312, 0.0, -125.04718790940417, -0.012335574896016064, 0.033422287078120345, -0.0038809526532374078, 0.0005936294180880603, 0.007069776616270393, -0.025696304330410882, 0.02460867415882374, -0.022284732518331664, 0.017347012066167372, 0.0, -0.015568399219579369, 0.008371907200354436, 0.022145766365393012, -0.03420305079171044, 0.013983326632514143, 0.0, -0.025760042205439232, 0.04885205919445873, -0.022818984169659395, 0.0044021722808316385, 0.034564336891080925, -0.05960138586326604, 0.08210820612966768, -0.09444640491804526, 0.03996247660845586, -0.04611194774602156, 0.12051760796233353, -0.13885832039056975, 0.13563241689096386, -0.05532222201654899, -0.07007795973482582, 0.1516069869266838, -0.14026566580555205, 0.05567264606460604, -0.0759195601086108, 0.12195401224782455, -0.042783639902530826, -0.03746606601597237, 0.020281770650786107, -0.0018812078695210658], [0.0, -0.007968186145343031, -0.045590055391655386, 125.10753458634576, 0.0, -125.06027412123662, -0.024964999916325056, 0.014950928754041583, 0.020456226146159537, -0.00412939913901195, 0.036787161925384324, -0.07275291126936177, 0.07925812878714131, -0.061022939847023776, 0.034524904336183194, -0.008910981690983444, 0.0011415102485247668, -0.05742722591709804, 0.19413352081202093, -0.2024304097039487, 0.14669034318850263, -0.07582814429701636, 0.01789257040073756, -0.002186069457019868, -0.1456620792896257, 0.28786677807409244, -0.19389783700393715, 0.08431556493408499, -0.01087995244101579, 0.0, -0.13425097456657042, 0.15231807293166458, -0.01959587153083656, -0.039497367708004494, 0.013147002443670409, -0.020789820353274844, -0.06965023719591745, 0.09029970163040803, -0.027195097609374667, 0.062013416570096284, -0.1016405151702479, 0.03084424832089457, 0.03329582059019291, -0.019599699163050904, 0.002897074194817831], [0.0, -0.01714213102124683, 0.026016559811296597, -0.06700337578870763, 125.11529617678181, 0.0, -125.1032856069786, 0.046046512136459855, -0.0013197212835228192, -0.0033738341506109933, 0.01159876001717646, -0.012721757283781878, 0.02010270910366024, -0.024677149191456856, 0.010423662430001712, 0.007151988096984253, -0.005158690933625889, -0.006098269403247759, 0.0, -0.007441256393799894, 0.021236043472981664, -0.0033370196745442543, -0.023188156250125314, 0.012920912819185138, 0.01991764283951012, -0.048102407673818265, 0.03670289372134154, -0.050897428138131875, 0.06393890949665049, -0.02812506985506332, 0.03505071895049092, -0.07281642274809481, 0.10151232695074099, -0.10780995743607097, 0.045171903111745064, 0.040271176824698184, -0.11398045061424046, 0.1220850850834038, -0.05139433359062457, 0.06608609107687775, -0.1175806957123791, 0.04377394856094098, 0.03825142774312617, -0.021764266446907418, 0.0022727072879848314], [-0.7155807682651942, -0.00326908155698389, 0.020640110460825416, -0.016460393364641463, -0.07404507724669705, 125.11626513669626, 0.0, -125.05442103566261, 0.00519675397245689, 0.0, -0.0036483697855470604, 0.02205879460855851, -0.03858476022073497, 0.04276585653609834, -0.03291493347878798, 0.008560484762909432, 0.000524146223200407, 0.006076976868476989, -0.051874725652419275, 0.09084489409039671, -0.09941364235030187, 0.07704354802423255, -0.02765333865019282, 0.004860306782090859, 0.05680888900450811, -0.17226528190543886, 0.1779481270656729, -0.12507475857684192, 0.043632838904530784, -0.010539410481471298, 0.12392619477346474, -0.2439465848073127, 0.14382274600765585, -0.03111507044720421, 0.007191231161168713, 0.11106619463579022, -0.1023037847038596, 0.0009399250949492352, 0.0, 0.010554190014476007, 0.015578980116502642, 0.0, 0.0025494324749188446, -0.011939748471449607, 0.00455579020531648], [-0.39342722466910873, 0.030136074334956783, -0.05567436532599102, 0.07193015050433586, -0.09527630446025467, -0.0022216695936816216, 125.13398319971299, -0.09591286202956834, -124.99023286783198, 0.0017829735609215056, -0.0023179414575984587, 0.0045165126913586755, -0.01925062278868241, 0.03262606312246458, -0.029323349010905896, 0.008983206774628268, 0.0007819448183542025, -0.008858694067073332, 0.032333970362678724, -0.005247851333463091, -0.03309004168288252, 0.04533646830392083, -0.017744455285771607, -0.0004409595688609068, -0.0365561036478958, 0.049373579992417996, 0.0, -0.02212756078621921, 0.0, 0.007415575824965185, -0.01519961572883987, -0.007362152614311572, 0.0038055019362309003, 0.03265180307992226, -0.022076382887639443, 0.012600863307031937, 0.0031891894569892067, -0.05438433615942604, 0.033908675834821184, -0.013232642139130139, 0.05168819552399432, -0.027483717907914876, -0.014844297879502498, 0.00905060411038172, -0.0004538106329019636], [47.40944099608785, 28.96782610480961, -118.0000032864726, 247.34633995438233, -387.8427677618495, 500.49878133194755, -527.4948226229063, 587.9845593018117, -327.244363788739, -0.07243497418405748, 0.20471094958987124, 0.0, 0.06738262714775367, -0.17401927781139273, 0.2848913914758542, -0.21689340325196765, -0.02576635957421935, -0.2620874229409938, 0.0, -0.19789818789990826, 0.34971371307420973, -0.5398899255521727, 0.5078448507332345, 0.18250920361645095, 0.6156645334627077, -1.0109338323647776, 0.9384028875980786, -0.418538968803924, 0.0, -0.6615606092648829, 0.018852466416227908, 0.10763543923464468, -0.5093699368271661, 0.5656683791732995, 0.8108864444968378, 0.0007964216643803417, 0.3807929692184824, -0.3381731032361967, -1.0960702923841925, -0.36153384800709626, 0.4749010886524015, 0.9063098316009403, -0.16716105011654966, -0.5650838477459288, 0.18931960271991674]]",(x0)' = -70.446 1 +  327.023 x0 + -588.368 x1 +  528.394 x2 + -501.439 x3 +  389.547 x4 + -248.792 x5 +  118.972 x6 + -29.492 x7 + -0.740 x0^2 +  3.677 x0 x1 + -5.092 x0 x2 +  5.605 x0 x3 + -4.928 x0 x4 +  3.519 x0 x5 + -1.866 x0 x6 +  0.629 x0 x7 + -3.950 x1^2 +  10.052 x1 x2 + -10.745 x1 x3 +  9.114 x1 x4 + -6.575 x1 x5 +  3.632 x1 x6 + -1.350 x1 x7 + -5.789 x2^2 +  11.768 x2 x3 + -9.639 x2 x4 +  6.990 x2 x5 + -4.084 x2 x6 +  1.720 x2 x7 + -5.335 x3^2 +  7.698 x3 x4 + -5.403 x3 x5 +  3.268 x3 x6 + -1.669 x3 x7 + -2.113 x4^2 +  2.555 x4 x5 + -1.724 x4 x6 +  1.253 x4 x7 + -0.474 x5^2 +  0.581 x5 x6 + -0.782 x5 x7 + -0.088 x6^2 +  0.396 x6 x7 + -0.099 x7^2 | (x1)' = -0.161 1 +  124.992 x0 +  0.094 x1 + -125.156 x2 +  0.065 x3 +  0.005 x4 +  0.019 x6 + -0.019 x7 + -0.003 x0^2 +  0.007 x0 x1 + -0.001 x0 x2 +  0.001 x0 x4 + -0.005 x0 x6 +  0.003 x0 x7 + -0.005 x1^2 +  0.003 x1 x2 + -0.003 x1 x3 +  0.003 x1 x5 +  0.003 x1 x6 + -0.003 x1 x7 + -0.001 x2^2 +  0.005 x2 x3 + -0.001 x2 x4 + -0.006 x2 x5 +  0.003 x2 x6 + -0.001 x2 x7 + -0.005 x3^2 +  0.009 x3 x4 + -0.007 x3 x5 +  0.005 x3 x6 +  0.002 x3 x7 + -0.001 x4 x6 + -0.005 x4 x7 +  0.004 x5^2 + -0.008 x5 x6 +  0.006 x5 x7 +  0.006 x6^2 + -0.007 x6 x7 +  0.002 x7^2 | (x2)' = -0.246 1 + -0.034 x0 +  125.068 x1 + -125.047 x3 + -0.012 x4 +  0.033 x5 + -0.004 x6 +  0.001 x7 +  0.007 x0^2 + -0.026 x0 x1 +  0.025 x0 x2 + -0.022 x0 x3 +  0.017 x0 x4 + -0.016 x0 x6 +  0.008 x0 x7 +  0.022 x1^2 + -0.034 x1 x2 +  0.014 x1 x3 + -0.026 x1 x5 +  0.049 x1 x6 + -0.023 x1 x7 +  0.004 x2^2 +  0.035 x2 x3 + -0.060 x2 x4 +  0.082 x2 x5 + -0.094 x2 x6 +  0.040 x2 x7 + -0.046 x3^2 +  0.121 x3 x4 + -0.139 x3 x5 +  0.136 x3 x6 + -0.055 x3 x7 + -0.070 x4^2 +  0.152 x4 x5 + -0.140 x4 x6 +  0.056 x4 x7 + -0.076 x5^2 +  0.122 x5 x6 + -0.043 x5 x7 + -0.037 x6^2 +  0.020 x6 x7 + -0.002 x7^2 | (x3)' = -0.008 x0 + -0.046 x1 +  125.108 x2 + -125.060 x4 + -0.025 x5 +  0.015 x6 +  0.020 x7 + -0.004 x0^2 +  0.037 x0 x1 + -0.073 x0 x2 +  0.079 x0 x3 + -0.061 x0 x4 +  0.035 x0 x5 + -0.009 x0 x6 +  0.001 x0 x7 + -0.057 x1^2 +  0.194 x1 x2 + -0.202 x1 x3 +  0.147 x1 x4 + -0.076 x1 x5 +  0.018 x1 x6 + -0.002 x1 x7 + -0.146 x2^2 +  0.288 x2 x3 + -0.194 x2 x4 +  0.084 x2 x5 + -0.011 x2 x6 + -0.134 x3^2 +  0.152 x3 x4 + -0.020 x3 x5 + -0.039 x3 x6 +  0.013 x3 x7 + -0.021 x4^2 + -0.070 x4 x5 +  0.090 x4 x6 + -0.027 x4 x7 +  0.062 x5^2 + -0.102 x5 x6 +  0.031 x5 x7 +  0.033 x6^2 + -0.020 x6 x7 +  0.003 x7^2 | (x4)' = -0.017 x0 +  0.026 x1 + -0.067 x2 +  125.115 x3 + -125.103 x5 +  0.046 x6 + -0.001 x7 + -0.003 x0^2 +  0.012 x0 x1 + -0.013 x0 x2 +  0.020 x0 x3 + -0.025 x0 x4 +  0.010 x0 x5 +  0.007 x0 x6 + -0.005 x0 x7 + -0.006 x1^2 + -0.007 x1 x3 +  0.021 x1 x4 + -0.003 x1 x5 + -0.023 x1 x6 +  0.013 x1 x7 +  0.020 x2^2 + -0.048 x2 x3 +  0.037 x2 x4 + -0.051 x2 x5 +  0.064 x2 x6 + -0.028 x2 x7 +  0.035 x3^2 + -0.073 x3 x4 +  0.102 x3 x5 + -0.108 x3 x6 +  0.045 x3 x7 +  0.040 x4^2 + -0.114 x4 x5 +  0.122 x4 x6 + -0.051 x4 x7 +  0.066 x5^2 + -0.118 x5 x6 +  0.044 x5 x7 +  0.038 x6^2 + -0.022 x6 x7 +  0.002 x7^2 | (x5)' = -0.716 1 + -0.003 x0 +  0.021 x1 + -0.016 x2 + -0.074 x3 +  125.116 x4 + -125.054 x6 +  0.005 x7 + -0.004 x0 x1 +  0.022 x0 x2 + -0.039 x0 x3 +  0.043 x0 x4 + -0.033 x0 x5 +  0.009 x0 x6 +  0.001 x0 x7 +  0.006 x1^2 + -0.052 x1 x2 +  0.091 x1 x3 + -0.099 x1 x4 +  0.077 x1 x5 + -0.028 x1 x6 +  0.005 x1 x7 +  0.057 x2^2 + -0.172 x2 x3 +  0.178 x2 x4 + -0.125 x2 x5 +  0.044 x2 x6 + -0.011 x2 x7 +  0.124 x3^2 + -0.244 x3 x4 +  0.144 x3 x5 + -0.031 x3 x6 +  0.007 x3 x7 +  0.111 x4^2 + -0.102 x4 x5 +  0.001 x4 x6 +  0.011 x5^2 +  0.016 x5 x6 +  0.003 x6^2 + -0.012 x6 x7 +  0.005 x7^2 | (x6)' = -0.393 1 +  0.030 x0 + -0.056 x1 +  0.072 x2 + -0.095 x3 + -0.002 x4 +  125.134 x5 + -0.096 x6 + -124.990 x7 +  0.002 x0^2 + -0.002 x0 x1 +  0.005 x0 x2 + -0.019 x0 x3 +  0.033 x0 x4 + -0.029 x0 x5 +  0.009 x0 x6 +  0.001 x0 x7 + -0.009 x1^2 +  0.032 x1 x2 + -0.005 x1 x3 + -0.033 x1 x4 +  0.045 x1 x5 + -0.018 x1 x6 + -0.037 x2^2 +  0.049 x2 x3 + -0.022 x2 x5 +  0.007 x2 x7 + -0.015 x3^2 + -0.007 x3 x4 +  0.004 x3 x5 +  0.033 x3 x6 + -0.022 x3 x7 +  0.013 x4^2 +  0.003 x4 x5 + -0.054 x4 x6 +  0.034 x4 x7 + -0.013 x5^2 +  0.052 x5 x6 + -0.027 x5 x7 + -0.015 x6^2 +  0.009 x6 x7 | (x7)' =  47.409 1 +  28.968 x0 + -118.000 x1 +  247.346 x2 + -387.843 x3 +  500.499 x4 + -527.495 x5 +  587.985 x6 + -327.244 x7 + -0.072 x0^2 +  0.205 x0 x1 +  0.067 x0 x3 + -0.174 x0 x4 +  0.285 x0 x5 + -0.217 x0 x6 + -0.026 x0 x7 + -0.262 x1^2 + -0.198 x1 x3 +  0.350 x1 x4 + -0.540 x1 x5 +  0.508 x1 x6 +  0.183 x1 x7 +  0.616 x2^2 + -1.011 x2 x3 +  0.938 x2 x4 + -0.419 x2 x5 + -0.662 x2 x7 +  0.019 x3^2 +  0.108 x3 x4 + -0.509 x3 x5 +  0.566 x3 x6 +  0.811 x3 x7 +  0.001 x4^2 +  0.381 x4 x5 + -0.338 x4 x6 + -1.096 x4 x7 + -0.362 x5^2 +  0.475 x5 x6 +  0.906 x5 x7 + -0.167 x6^2 + -0.565 x6 x7 +  0.189 x7^2
29,80.0,1000.0,37.49490932254601,2,8,1,4.0,28.0,5,20.0,smoothed_finite_difference_savgol_order_3,success,,344,360,95.55555555555556,3.723462052643299,"[""1"", ""x0"", ""x1"", ""x2"", ""x3"", ""x4"", ""x5"", ""x6"", ""x7"", ""x0^2"", ""x0 x1"", ""x0 x2"", ""x0 x3"", ""x0 x4"", ""x0 x5"", ""x0 x6"", ""x0 x7"", ""x1^2"", ""x1 x2"", ""x1 x3"", ""x1 x4"", ""x1 x5"", ""x1 x6"", ""x1 x7"", ""x2^2"", ""x2 x3"", ""x2 x4"", ""x2 x5"", ""x2 x6"", ""x2 x7"", ""x3^2"", ""x3 x4"", ""x3 x5"", ""x3 x6"", ""x3 x7"", ""x4^2"", ""x4 x5"", ""x4 x6"", ""x4 x7"", ""x5^2"", ""x5 x6"", ""x5 x7"", ""x6^2"", ""x6 x7"", ""x7^2""]","[[-32.877700537408515, 439.00455843069176, -936.8997913986348, 1075.1572539434796, -1099.723088466823, 877.3913483862657, -534.1260644993581, 226.16983609551258, -49.08891909323345, -1.1806151947551307, 7.339458284408889, -12.093961730293364, 13.771527940621471, -11.585497646242437, 7.09125375780521, -2.801978287574977, 0.6615421043472336, -10.461899624338184, 32.54664049300574, -35.33170247744149, 28.275467091887812, -16.41735644536873, 6.027686194201131, -1.5068043152072106, -23.9553350787137, 49.31684220119648, -37.47840369465084, 20.458549186580765, -6.84212167489647, 1.9348664317728628, -23.57825581971353, 32.756540594973664, -15.743413560238958, 4.0825021198483915, -1.5761479179145728, -9.698795052871876, 6.533084423907592, 0.0, 0.7534963948675301, 0.41813180845395237, -2.6550935780355522, 0.0, 1.168460079074186, -0.1908943502355382, -0.03208606691912196], [-0.7031680262954857, 124.79593608287144, 0.858193582482317, -126.70414252811155, 2.2766427338594353, -2.4385788785386397, 2.060560817784579, -1.1577036618494492, 0.3108567353840032, 0.0704436375213048, -0.41006264367523915, 0.7121751508980214, -0.9543867181618659, 0.8889523023335482, -0.5755774078373735, 0.2726974471687431, -0.07078798572190591, 0.4670327950349689, -1.2935014311158606, 1.6274281002180682, -1.3732146276567216, 0.7512656322314553, -0.3713565612032341, 0.12039065966024194, 0.5909793190109492, -1.1462729390262032, 0.5777890781890528, 0.0892832454763924, -0.026349340786450827, -0.06634361801083943, 0.38416178156461445, 0.0, -0.7024079233985527, 0.35218637601134267, 0.018747180019595605, -0.2739023554040797, 0.9397469624213696, -0.4374464266034728, -0.011072846310254748, -0.46438862307996925, 0.3937281083062547, 0.0, -0.07255062710769614, -0.018043174830246318, 0.010617095518375542], [-2.581309931133403, -0.20439316701292726, 125.63194814270864, -0.9476121631765453, -123.90620964629912, -1.0326189725414467, 0.6302009160943361, -0.16147356837430035, 0.0, 0.07274134811466847, -0.34332748564922433, 0.45366004276175625, -0.415304342998245, 0.2563769278712131, 0.0, -0.21676435052351373, 0.13240768807191144, 0.2911108845930594, -0.45736529256974245, 0.04586198302555311, 0.4083349748465957, -0.8888239122726878, 1.187682983803508, -0.5818073807282761, 0.0, 0.45728972643576915, -0.7865368771121145, 1.3884130548743272, -1.9914442477917629, 1.0339077482290304, -0.03657642933373108, -0.5785374067602042, 0.0, 1.4657748360135567, -1.0417786753982667, 1.1770970284361877, -2.003319825685166, -0.16053957308502204, 0.6519540499267685, 1.049007468881967, -0.39930763572411254, -0.295836603872247, 0.0, 0.16151314014284154, -0.03585559653391374], [2.329096204394776, 0.15612869788549835, -0.7002062534657181, 126.40578162445001, -1.7833470448616353, -123.12124612687933, -1.6954582897840444, 0.9718265433376958, -0.23313443878831985, -0.22822375706239753, 1.5656184515355582, -2.8227496894455224, 3.4466157823756816, -2.9111252293924363, 1.6317826155637263, -0.5305401245770655, 0.06784427497846009, -2.577758331694648, 9.041591077861163, -10.886645867647736, 8.957425016651717, -4.7011477528498835, 1.307550360279195, -0.09376767608542302, -7.77767305671422, 18.60302591290457, -15.066015293495846, 7.474890186224118, -1.7429019112939816, 0.0, -11.169592223894202, 18.06010098624944, -8.619295973963196, 1.6732951767137993, 0.14938087872428646, -7.198394534200723, 6.2754440078387885, -0.617515203682897, -0.3930099817621143, -0.8491351851952954, -0.9025602142590473, 0.6183330768276319, 0.638922973332962, -0.5118744028009865, 0.08812725416330437], [3.38607531956634, -0.025440277544715905, 0.1151098367501814, -0.28922403085558707, 125.35205244332083, -0.03332732022464103, -125.29829138089215, 0.22674200465662742, -0.06050988018943681, -0.02480693229114312, 0.10695373028205973, -0.1775956577795714, 0.16532678502947865, 0.04286285842669732, -0.3543588533744166, 0.4787697142229802, -0.21808929187016596, -0.08298054132260854, 0.39785502939923195, -0.5406528183132633, 0.0, 1.0464290850575546, -1.5713254235694223, 0.7478700443854884, -0.7242213581047904, 2.735831191239648, -2.335283049174315, 0.0334118956105929, 1.9058312853494122, -1.1562195065195426, -2.9773354943908257, 6.549571916687591, -3.194437709748884, -0.781121269590889, 1.085054370411181, -4.183279166538475, 5.3164939102354944, -0.5816401486149644, -0.6914471108301808, -1.9275882307921597, 0.6655401716695126, 0.3875215269351343, 0.06362518668660996, -0.262548449597896, 0.05597666995000115], [-2.102861703781155, 0.0, 0.05441357243800335, -0.1949937765659628, 0.34669237422175736, 124.37515517267934, 0.9235106045755, -125.71229927860377, 0.20749963095284907, -0.024177499360623782, 0.2483847712704376, -0.3564012392141305, 0.20243845010002978, 0.02485980473849817, -0.13814429340668127, 0.09674104826903022, -0.03525196991211964, -0.6044690296491645, 1.8528750838627666, -1.3357905628797413, 0.44916510460763276, 0.0, 0.0, 0.01523825286340957, -1.2408385593198772, 0.7823415410015337, 1.0551077291895425, -1.1774669334470163, 0.3321530056523286, -0.04497171582430311, 1.4283881136067644, -5.548736642521531, 4.378075252127496, -1.5415694354809306, 0.25198707718622304, 4.15579472416534, -6.186625905846174, 2.227041838169643, -0.36074196439530515, 2.1963326233574803, -1.4705818295156095, 0.20034143900903417, 0.1980072487528202, -0.027060018407546807, -0.002451435451341022], [-4.485226460884196, 0.27557058370143206, -1.0393107950150717, 1.986956542302333, -2.5060711852473894, 2.033634334508874, 124.04697032774457, 0.2559824124036071, -125.04665852289511, 0.1610434877176652, -1.2374258482241127, 2.7393755740667305, -4.1778247840911265, 4.4844455275651764, -3.2720042639954734, 1.4182705099993387, -0.2785368631169649, 2.3668310201315315, -10.439385791475411, 15.872796564072381, -16.960589704198085, 12.275454624305576, -5.256299013148025, 1.0169373772167463, 11.353029416448532, -34.09366604073073, 36.072317312396166, -25.83884847263198, 10.944010404691252, -2.092709924924982, 25.31405349535933, -53.17373678737156, 37.85208816182163, -15.950039066429184, 3.033965758935954, 27.82495123122689, -39.53193190080158, 16.636763704815426, -3.1565187939921295, 14.016251320211268, -11.746622262656825, 2.2063551730530255, 2.4210861968008843, -0.8747025302269384, 0.07086500261730487], [30.500870051713548, 48.639114676126674, -224.47781778131292, 530.7751423878515, -873.2805235874073, 1096.487819780347, -1073.3335459625498, 936.5250379507565, -439.2123460255281, 0.3575787100607065, -1.9543687162258143, 3.011445910548916, -3.0424219407223974, 2.1546046451499614, -1.1354219396625111, 0.6580815396836466, -0.37943152950448095, 1.8409408723645797, -3.7076254090314893, 1.2945429823057781, 1.3737454686496844, -1.95269252764598, 0.23695960442947075, 0.8912311175151251, 0.0, 7.467448579667781, -12.118772793188311, 9.940349645676562, -2.9642722465994664, -1.3274206824896773, -10.597128151452074, 27.87188619617554, -21.768314595427086, 7.9689254558143094, 0.9657102551691553, -17.375076280564553, 26.870844675184177, -10.532069251373184, -0.3995940443186199, -10.511964984865848, 8.742750935685685, -0.037500153127578255, -1.9488162768998571, 0.0, 0.10032808731398116]]",(x0)' = -32.878 1 +  439.005 x0 + -936.900 x1 +  1075.157 x2 + -1099.723 x3 +  877.391 x4 + -534.126 x5 +  226.170 x6 + -49.089 x7 + -1.181 x0^2 +  7.339 x0 x1 + -12.094 x0 x2 +  13.772 x0 x3 + -11.585 x0 x4 +  7.091 x0 x5 + -2.802 x0 x6 +  0.662 x0 x7 + -10.462 x1^2 +  32.547 x1 x2 + -35.332 x1 x3 +  28.275 x1 x4 + -16.417 x1 x5 +  6.028 x1 x6 + -1.507 x1 x7 + -23.955 x2^2 +  49.317 x2 x3 + -37.478 x2 x4 +  20.459 x2 x5 + -6.842 x2 x6 +  1.935 x2 x7 + -23.578 x3^2 +  32.757 x3 x4 + -15.743 x3 x5 +  4.083 x3 x6 + -1.576 x3 x7 + -9.699 x4^2 +  6.533 x4 x5 +  0.753 x4 x7 +  0.418 x5^2 + -2.655 x5 x6 +  1.168 x6^2 + -0.191 x6 x7 + -0.032 x7^2 | (x1)' = -0.703 1 +  124.796 x0 +  0.858 x1 + -126.704 x2 +  2.277 x3 + -2.439 x4 +  2.061 x5 + -1.158 x6 +  0.311 x7 +  0.070 x0^2 + -0.410 x0 x1 +  0.712 x0 x2 + -0.954 x0 x3 +  0.889 x0 x4 + -0.576 x0 x5 +  0.273 x0 x6 + -0.071 x0 x7 +  0.467 x1^2 + -1.294 x1 x2 +  1.627 x1 x3 + -1.373 x1 x4 +  0.751 x1 x5 + -0.371 x1 x6 +  0.120 x1 x7 +  0.591 x2^2 + -1.146 x2 x3 +  0.578 x2 x4 +  0.089 x2 x5 + -0.026 x2 x6 + -0.066 x2 x7 +  0.384 x3^2 + -0.702 x3 x5 +  0.352 x3 x6 +  0.019 x3 x7 + -0.274 x4^2 +  0.940 x4 x5 + -0.437 x4 x6 + -0.011 x4 x7 + -0.464 x5^2 +  0.394 x5 x6 + -0.073 x6^2 + -0.018 x6 x7 +  0.011 x7^2 | (x2)' = -2.581 1 + -0.204 x0 +  125.632 x1 + -0.948 x2 + -123.906 x3 + -1.033 x4 +  0.630 x5 + -0.161 x6 +  0.073 x0^2 + -0.343 x0 x1 +  0.454 x0 x2 + -0.415 x0 x3 +  0.256 x0 x4 + -0.217 x0 x6 +  0.132 x0 x7 +  0.291 x1^2 + -0.457 x1 x2 +  0.046 x1 x3 +  0.408 x1 x4 + -0.889 x1 x5 +  1.188 x1 x6 + -0.582 x1 x7 +  0.457 x2 x3 + -0.787 x2 x4 +  1.388 x2 x5 + -1.991 x2 x6 +  1.034 x2 x7 + -0.037 x3^2 + -0.579 x3 x4 +  1.466 x3 x6 + -1.042 x3 x7 +  1.177 x4^2 + -2.003 x4 x5 + -0.161 x4 x6 +  0.652 x4 x7 +  1.049 x5^2 + -0.399 x5 x6 + -0.296 x5 x7 +  0.162 x6 x7 + -0.036 x7^2 | (x3)' =  2.329 1 +  0.156 x0 + -0.700 x1 +  126.406 x2 + -1.783 x3 + -123.121 x4 + -1.695 x5 +  0.972 x6 + -0.233 x7 + -0.228 x0^2 +  1.566 x0 x1 + -2.823 x0 x2 +  3.447 x0 x3 + -2.911 x0 x4 +  1.632 x0 x5 + -0.531 x0 x6 +  0.068 x0 x7 + -2.578 x1^2 +  9.042 x1 x2 + -10.887 x1 x3 +  8.957 x1 x4 + -4.701 x1 x5 +  1.308 x1 x6 + -0.094 x1 x7 + -7.778 x2^2 +  18.603 x2 x3 + -15.066 x2 x4 +  7.475 x2 x5 + -1.743 x2 x6 + -11.170 x3^2 +  18.060 x3 x4 + -8.619 x3 x5 +  1.673 x3 x6 +  0.149 x3 x7 + -7.198 x4^2 +  6.275 x4 x5 + -0.618 x4 x6 + -0.393 x4 x7 + -0.849 x5^2 + -0.903 x5 x6 +  0.618 x5 x7 +  0.639 x6^2 + -0.512 x6 x7 +  0.088 x7^2 | (x4)' =  3.386 1 + -0.025 x0 +  0.115 x1 + -0.289 x2 +  125.352 x3 + -0.033 x4 + -125.298 x5 +  0.227 x6 + -0.061 x7 + -0.025 x0^2 +  0.107 x0 x1 + -0.178 x0 x2 +  0.165 x0 x3 +  0.043 x0 x4 + -0.354 x0 x5 +  0.479 x0 x6 + -0.218 x0 x7 + -0.083 x1^2 +  0.398 x1 x2 + -0.541 x1 x3 +  1.046 x1 x5 + -1.571 x1 x6 +  0.748 x1 x7 + -0.724 x2^2 +  2.736 x2 x3 + -2.335 x2 x4 +  0.033 x2 x5 +  1.906 x2 x6 + -1.156 x2 x7 + -2.977 x3^2 +  6.550 x3 x4 + -3.194 x3 x5 + -0.781 x3 x6 +  1.085 x3 x7 + -4.183 x4^2 +  5.316 x4 x5 + -0.582 x4 x6 + -0.691 x4 x7 + -1.928 x5^2 +  0.666 x5 x6 +  0.388 x5 x7 +  0.064 x6^2 + -0.263 x6 x7 +  0.056 x7^2 | (x5)' = -2.103 1 +  0.054 x1 + -0.195 x2 +  0.347 x3 +  124.375 x4 +  0.924 x5 + -125.712 x6 +  0.207 x7 + -0.024 x0^2 +  0.248 x0 x1 + -0.356 x0 x2 +  0.202 x0 x3 +  0.025 x0 x4 + -0.138 x0 x5 +  0.097 x0 x6 + -0.035 x0 x7 + -0.604 x1^2 +  1.853 x1 x2 + -1.336 x1 x3 +  0.449 x1 x4 +  0.015 x1 x7 + -1.241 x2^2 +  0.782 x2 x3 +  1.055 x2 x4 + -1.177 x2 x5 +  0.332 x2 x6 + -0.045 x2 x7 +  1.428 x3^2 + -5.549 x3 x4 +  4.378 x3 x5 + -1.542 x3 x6 +  0.252 x3 x7 +  4.156 x4^2 + -6.187 x4 x5 +  2.227 x4 x6 + -0.361 x4 x7 +  2.196 x5^2 + -1.471 x5 x6 +  0.200 x5 x7 +  0.198 x6^2 + -0.027 x6 x7 + -0.002 x7^2 | (x6)' = -4.485 1 +  0.276 x0 + -1.039 x1 +  1.987 x2 + -2.506 x3 +  2.034 x4 +  124.047 x5 +  0.256 x6 + -125.047 x7 +  0.161 x0^2 + -1.237 x0 x1 +  2.739 x0 x2 + -4.178 x0 x3 +  4.484 x0 x4 + -3.272 x0 x5 +  1.418 x0 x6 + -0.279 x0 x7 +  2.367 x1^2 + -10.439 x1 x2 +  15.873 x1 x3 + -16.961 x1 x4 +  12.275 x1 x5 + -5.256 x1 x6 +  1.017 x1 x7 +  11.353 x2^2 + -34.094 x2 x3 +  36.072 x2 x4 + -25.839 x2 x5 +  10.944 x2 x6 + -2.093 x2 x7 +  25.314 x3^2 + -53.174 x3 x4 +  37.852 x3 x5 + -15.950 x3 x6 +  3.034 x3 x7 +  27.825 x4^2 + -39.532 x4 x5 +  16.637 x4 x6 + -3.157 x4 x7 +  14.016 x5^2 + -11.747 x5 x6 +  2.206 x5 x7 +  2.421 x6^2 + -0.875 x6 x7 +  0.071 x7^2 | (x7)' =  30.501 1 +  48.639 x0 + -224.478 x1 +  530.775 x2 + -873.281 x3 +  1096.488 x4 + -1073.334 x5 +  936.525 x6 + -439.212 x7 +  0.358 x0^2 + -1.954 x0 x1 +  3.011 x0 x2 + -3.042 x0 x3 +  2.155 x0 x4 + -1.135 x0 x5 +  0.658 x0 x6 + -0.379 x0 x7 +  1.841 x1^2 + -3.708 x1 x2 +  1.295 x1 x3 +  1.374 x1 x4 + -1.953 x1 x5 +  0.237 x1 x6 +  0.891 x1 x7 +  7.467 x2 x3 + -12.119 x2 x4 +  9.940 x2 x5 + -2.964 x2 x6 + -1.327 x2 x7 + -10.597 x3^2 +  27.872 x3 x4 + -21.768 x3 x5 +  7.969 x3 x6 +  0.966 x3 x7 + -17.375 x4^2 +  26.871 x4 x5 + -10.532 x4 x6 + -0.400 x4 x7 + -10.512 x5^2 +  8.743 x5 x6 + -0.038 x5 x7 + -1.949 x6^2 +  0.100 x7^2
30,80.0,1000.0,37.49490932254601,2,8,1,4.0,28.0,9,36.0,smoothed_finite_difference_savgol_order_3,success,,337,360,93.61111111111111,3.6103647612035275,"[""1"", ""x0"", ""x1"", ""x2"", ""x3"", ""x4"", ""x5"", ""x6"", ""x7"", ""x0^2"", ""x0 x1"", ""x0 x2"", ""x0 x3"", ""x0 x4"", ""x0 x5"", ""x0 x6"", ""x0 x7"", ""x1^2"", ""x1 x2"", ""x1 x3"", ""x1 x4"", ""x1 x5"", ""x1 x6"", ""x1 x7"", ""x2^2"", ""x2 x3"", ""x2 x4"", ""x2 x5"", ""x2 x6"", ""x2 x7"", ""x3^2"", ""x3 x4"", ""x3 x5"", ""x3 x6"", ""x3 x7"", ""x4^2"", ""x4 x5"", ""x4 x6"", ""x4 x7"", ""x5^2"", ""x5 x6"", ""x5 x7"", ""x6^2"", ""x6 x7"", ""x7^2""]","[[-18.855528313989478, 442.4313304717754, -878.7368707281275, 873.8333288018291, -789.1136434533089, 544.6482157108487, -253.50169411457003, 64.04633108541, -4.576254840374827, -1.570939637781465, 10.16775066625322, -14.668408409307325, 12.934792863553168, -10.328156829124985, 9.668117832399918, -6.465980919620699, 1.8957223388822275, -14.500822897948884, 31.178460805612733, -11.513946112222476, 0.0, -7.086304278087314, 9.56566847577626, -3.475423587585966, -1.3077232912242733, -57.621968210960645, 78.45212944769715, -46.632598907741674, 13.836444179392286, -1.6731808632897842, 76.76342031170286, -180.15121052706212, 125.47337889829387, -54.86510644923293, 11.917136639365134, 108.35686990737692, -166.67907913163663, 81.44794843453528, -19.19833668980865, 70.07026980423171, -73.06391728592634, 18.03808108679579, 19.96479633607604, -10.33944578862233, 1.4142757251585163], [-0.31401411877043284, 127.05719843542683, -9.300476770921573, -107.25376877274734, -19.1334967417411, 15.001896773396478, -11.203754395998068, 6.654827907411273, -1.817556690115962, -1.6923131623294358, 12.136586183499936, -19.722214096065695, 19.48620066826946, -14.461762947216592, 9.891753291827676, -5.50620890048019, 1.5378233095052334, -19.369246762120376, 55.388910273275876, -48.40152357908523, 33.158564528954926, -22.681663058004435, 12.972177906295792, -3.667456232918578, -33.33332918136114, 48.400148777314236, -30.226920568471463, 21.841901821518668, -13.361540361059564, 3.9703715388369702, -14.631277834926262, 18.30816456089983, -13.871419719047697, 8.646367257297987, -2.8686009255341314, -5.887152284084213, 6.358646140126982, -3.1726793897069565, 1.4072013193966453, 0.0, -1.2444268132588747, 0.09465084335169202, 1.0667271022000813, -0.7462544004356663, 0.180200113641041], [0.0, 0.8010902446975063, 122.10770562707557, 4.216397140791358, -128.45336048894967, 2.5006444751698518, -2.298856966483092, 1.5133855613068121, -0.37199273607085165, -0.3331852928374636, 1.6748658968924572, -2.252811608668862, 2.740392189968301, -2.5655693024422828, 1.7121244537255642, -1.0992291675983015, 0.474503308751937, -1.0072755325007456, -0.11083376841678162, 0.0, 0.0, 0.8141442842145115, 0.5538165144013139, -0.9462840964121007, 3.65732375904436, -8.581286920061876, 8.907491719473027, -8.316821913511163, 1.6753581602520933, 1.385134758259499, 5.159752979200687, -11.604503412024284, 10.684338638782892, -1.3022830821969855, -2.2849784156908863, 5.928749038154679, -9.16375107696202, 0.0, 2.5666287774362124, 2.9334884322244656, 0.0, -1.506748711071856, -0.14519249485981486, 0.35273537695667123, 0.0], [-1.955670432126978, -1.0684231115652778, 5.353720707175781, 113.96188546160413, 12.887984139858212, -136.8209547976512, 10.819992684316363, -7.3853765046688755, 2.2685837568474536, 0.34953383416178363, -3.030635959950133, 5.687802735769328, -5.522145899138208, 2.9036764704915017, -1.1403698410999168, 0.6106761270554231, -0.19412156806045588, 5.188016897218104, -15.6647450104571, 12.161277279308253, -4.059954219789849, 0.0, 0.0, 0.14849811636691188, 9.235050937243294, -12.16309690449561, 4.49185295563559, 0.06901755499662188, -0.8432376792128103, 0.06655976201431028, 6.340647737627192, -13.50198943814215, 6.453436394302679, -0.1641479127746322, 0.0, 9.298767864926553, -7.998288565160444, -0.47995796580079697, 0.0, 0.23016981949313692, 1.877689747206615, 0.3501796770095992, 0.0, -1.0379187277807655, 0.3376825348265949], [0.0, -1.662449339765959, 7.056618732242015, -13.560244079465598, 141.3676220062807, -16.177785033789725, -110.25042239288251, -9.566595594560214, 2.790735922096098, -0.29552217835717104, 2.4818859761955685, -3.7116601700177965, 2.0355989701350388, 1.5719673648101695, -4.867298848562329, 4.828111761104302, -1.7571877605522639, -6.478435510806717, 24.962620525551745, -24.588054250083683, 11.151637858072014, 5.650341523958907, -11.696533066368945, 4.983566519721629, -27.61863591663401, 61.13992428956146, -35.25896002998199, 0.0, 15.741643791309146, -7.566466333517465, -33.16527078258, 31.78278356397416, 7.259948099265055, -20.278308082754265, 8.882239662620638, 0.0, -24.218086711267315, 23.827063633500117, -8.715473785215362, 15.221422419676903, -21.441854507670058, 6.948575578855175, 6.591266339292173, -3.963541934890996, 0.5606699792929544], [2.359565526554842, -0.07211083047126295, 0.06705862037327406, -0.637187935420766, 2.0377301732515756, 122.71141722765628, 1.3593065258740047, -125.7517967425003, 0.2692467431741899, 0.17948462010484936, -0.5879929456158713, 0.06974414270380386, 0.21961547682650975, -0.4515877935678419, 1.1949108303446287, -1.2874175836590485, 0.4838469193270746, 0.39906221565506816, 0.0, 0.38184259851919716, 0.0, -2.7124369056614683, 3.584582952244615, -1.4604533528539105, 0.010287647841143754, -1.766398590188963, 2.6298414905715863, 0.0, -2.425267890997021, 1.459481627467941, 1.931022922193443, -5.878178108034011, 4.769433435560103, -0.8552925496693453, -0.7407802043866067, 3.3365560148938322, -3.8784609107941295, 0.0, 0.9912941960593992, -0.5517496778328713, 3.2543050033253746, -1.6758013568065546, -1.7912923293923775, 1.4283123760507652, -0.26042861806064793], [2.997879804596084, 1.6570246509075248, -7.266012486707147, 13.86224487710804, -17.08554097893587, 18.374011510375727, 107.93453838559896, 10.064621136355939, -127.55256717029594, -1.566470350616642, 11.202892371374702, -17.518267589830483, 16.068322931658624, -11.733402892223792, 9.690216770428142, -6.666137078554912, 2.035095758863745, -17.92621819525325, 47.71470707129317, -32.536383240055116, 14.750751690721117, -13.360730141132242, 12.929540052444162, -4.594242857132566, -22.2217525692323, 0.0, 31.82449176469446, -19.690463410077626, -1.60361310769118, 3.227315738015546, 33.56782048382902, -97.06089100554215, 63.00218585679282, -16.074312352373518, 0.0, 55.777011694921946, -66.91357943081735, 17.85659146852386, -0.7187776337997186, 17.693957521937826, -7.758488937025136, 0.0, 0.5268404958695004, 0.031130740535494094, 0.04497376643232236], [10.645072383691646, 5.12208167427096, -67.18110987108847, 261.2547471009636, -555.3762620200712, 800.0274856696012, -884.2564676475279, 886.3694524818212, -444.9826254833435, -2.0242114242770515, 11.535499985717964, -15.144505307880543, 14.08408203635216, -12.508557521879371, 11.349436073149112, -7.320878573729898, 2.0607932529776742, -14.718914377446191, 32.15235995651599, -23.671401290492526, 19.938677492615952, -23.191663836741256, 17.883136913158552, -5.229603390716189, -9.13958303448939, -8.260890504399338, 11.738275054680084, 9.713874309968011, -17.65888882607, 5.826716386370554, 24.3209249268495, -45.23631113563385, 3.9673850221310927, 15.843592352348496, -5.600040813470358, 15.538865494124524, 11.556701851670741, -22.572180501224537, 6.293010908203445, -17.421417244229854, 27.273268636477415, -6.015280427955442, -8.122923168946329, 2.8944932078500782, -0.13613782978587163]]",(x0)' = -18.856 1 +  442.431 x0 + -878.737 x1 +  873.833 x2 + -789.114 x3 +  544.648 x4 + -253.502 x5 +  64.046 x6 + -4.576 x7 + -1.571 x0^2 +  10.168 x0 x1 + -14.668 x0 x2 +  12.935 x0 x3 + -10.328 x0 x4 +  9.668 x0 x5 + -6.466 x0 x6 +  1.896 x0 x7 + -14.501 x1^2 +  31.178 x1 x2 + -11.514 x1 x3 + -7.086 x1 x5 +  9.566 x1 x6 + -3.475 x1 x7 + -1.308 x2^2 + -57.622 x2 x3 +  78.452 x2 x4 + -46.633 x2 x5 +  13.836 x2 x6 + -1.673 x2 x7 +  76.763 x3^2 + -180.151 x3 x4 +  125.473 x3 x5 + -54.865 x3 x6 +  11.917 x3 x7 +  108.357 x4^2 + -166.679 x4 x5 +  81.448 x4 x6 + -19.198 x4 x7 +  70.070 x5^2 + -73.064 x5 x6 +  18.038 x5 x7 +  19.965 x6^2 + -10.339 x6 x7 +  1.414 x7^2 | (x1)' = -0.314 1 +  127.057 x0 + -9.300 x1 + -107.254 x2 + -19.133 x3 +  15.002 x4 + -11.204 x5 +  6.655 x6 + -1.818 x7 + -1.692 x0^2 +  12.137 x0 x1 + -19.722 x0 x2 +  19.486 x0 x3 + -14.462 x0 x4 +  9.892 x0 x5 + -5.506 x0 x6 +  1.538 x0 x7 + -19.369 x1^2 +  55.389 x1 x2 + -48.402 x1 x3 +  33.159 x1 x4 + -22.682 x1 x5 +  12.972 x1 x6 + -3.667 x1 x7 + -33.333 x2^2 +  48.400 x2 x3 + -30.227 x2 x4 +  21.842 x2 x5 + -13.362 x2 x6 +  3.970 x2 x7 + -14.631 x3^2 +  18.308 x3 x4 + -13.871 x3 x5 +  8.646 x3 x6 + -2.869 x3 x7 + -5.887 x4^2 +  6.359 x4 x5 + -3.173 x4 x6 +  1.407 x4 x7 + -1.244 x5 x6 +  0.095 x5 x7 +  1.067 x6^2 + -0.746 x6 x7 +  0.180 x7^2 | (x2)' =  0.801 x0 +  122.108 x1 +  4.216 x2 + -128.453 x3 +  2.501 x4 + -2.299 x5 +  1.513 x6 + -0.372 x7 + -0.333 x0^2 +  1.675 x0 x1 + -2.253 x0 x2 +  2.740 x0 x3 + -2.566 x0 x4 +  1.712 x0 x5 + -1.099 x0 x6 +  0.475 x0 x7 + -1.007 x1^2 + -0.111 x1 x2 +  0.814 x1 x5 +  0.554 x1 x6 + -0.946 x1 x7 +  3.657 x2^2 + -8.581 x2 x3 +  8.907 x2 x4 + -8.317 x2 x5 +  1.675 x2 x6 +  1.385 x2 x7 +  5.160 x3^2 + -11.605 x3 x4 +  10.684 x3 x5 + -1.302 x3 x6 + -2.285 x3 x7 +  5.929 x4^2 + -9.164 x4 x5 +  2.567 x4 x7 +  2.933 x5^2 + -1.507 x5 x7 + -0.145 x6^2 +  0.353 x6 x7 | (x3)' = -1.956 1 + -1.068 x0 +  5.354 x1 +  113.962 x2 +  12.888 x3 + -136.821 x4 +  10.820 x5 + -7.385 x6 +  2.269 x7 +  0.350 x0^2 + -3.031 x0 x1 +  5.688 x0 x2 + -5.522 x0 x3 +  2.904 x0 x4 + -1.140 x0 x5 +  0.611 x0 x6 + -0.194 x0 x7 +  5.188 x1^2 + -15.665 x1 x2 +  12.161 x1 x3 + -4.060 x1 x4 +  0.148 x1 x7 +  9.235 x2^2 + -12.163 x2 x3 +  4.492 x2 x4 +  0.069 x2 x5 + -0.843 x2 x6 +  0.067 x2 x7 +  6.341 x3^2 + -13.502 x3 x4 +  6.453 x3 x5 + -0.164 x3 x6 +  9.299 x4^2 + -7.998 x4 x5 + -0.480 x4 x6 +  0.230 x5^2 +  1.878 x5 x6 +  0.350 x5 x7 + -1.038 x6 x7 +  0.338 x7^2 | (x4)' = -1.662 x0 +  7.057 x1 + -13.560 x2 +  141.368 x3 + -16.178 x4 + -110.250 x5 + -9.567 x6 +  2.791 x7 + -0.296 x0^2 +  2.482 x0 x1 + -3.712 x0 x2 +  2.036 x0 x3 +  1.572 x0 x4 + -4.867 x0 x5 +  4.828 x0 x6 + -1.757 x0 x7 + -6.478 x1^2 +  24.963 x1 x2 + -24.588 x1 x3 +  11.152 x1 x4 +  5.650 x1 x5 + -11.697 x1 x6 +  4.984 x1 x7 + -27.619 x2^2 +  61.140 x2 x3 + -35.259 x2 x4 +  15.742 x2 x6 + -7.566 x2 x7 + -33.165 x3^2 +  31.783 x3 x4 +  7.260 x3 x5 + -20.278 x3 x6 +  8.882 x3 x7 + -24.218 x4 x5 +  23.827 x4 x6 + -8.715 x4 x7 +  15.221 x5^2 + -21.442 x5 x6 +  6.949 x5 x7 +  6.591 x6^2 + -3.964 x6 x7 +  0.561 x7^2 | (x5)' =  2.360 1 + -0.072 x0 +  0.067 x1 + -0.637 x2 +  2.038 x3 +  122.711 x4 +  1.359 x5 + -125.752 x6 +  0.269 x7 +  0.179 x0^2 + -0.588 x0 x1 +  0.070 x0 x2 +  0.220 x0 x3 + -0.452 x0 x4 +  1.195 x0 x5 + -1.287 x0 x6 +  0.484 x0 x7 +  0.399 x1^2 +  0.382 x1 x3 + -2.712 x1 x5 +  3.585 x1 x6 + -1.460 x1 x7 +  0.010 x2^2 + -1.766 x2 x3 +  2.630 x2 x4 + -2.425 x2 x6 +  1.459 x2 x7 +  1.931 x3^2 + -5.878 x3 x4 +  4.769 x3 x5 + -0.855 x3 x6 + -0.741 x3 x7 +  3.337 x4^2 + -3.878 x4 x5 +  0.991 x4 x7 + -0.552 x5^2 +  3.254 x5 x6 + -1.676 x5 x7 + -1.791 x6^2 +  1.428 x6 x7 + -0.260 x7^2 | (x6)' =  2.998 1 +  1.657 x0 + -7.266 x1 +  13.862 x2 + -17.086 x3 +  18.374 x4 +  107.935 x5 +  10.065 x6 + -127.553 x7 + -1.566 x0^2 +  11.203 x0 x1 + -17.518 x0 x2 +  16.068 x0 x3 + -11.733 x0 x4 +  9.690 x0 x5 + -6.666 x0 x6 +  2.035 x0 x7 + -17.926 x1^2 +  47.715 x1 x2 + -32.536 x1 x3 +  14.751 x1 x4 + -13.361 x1 x5 +  12.930 x1 x6 + -4.594 x1 x7 + -22.222 x2^2 +  31.824 x2 x4 + -19.690 x2 x5 + -1.604 x2 x6 +  3.227 x2 x7 +  33.568 x3^2 + -97.061 x3 x4 +  63.002 x3 x5 + -16.074 x3 x6 +  55.777 x4^2 + -66.914 x4 x5 +  17.857 x4 x6 + -0.719 x4 x7 +  17.694 x5^2 + -7.758 x5 x6 +  0.527 x6^2 +  0.031 x6 x7 +  0.045 x7^2 | (x7)' =  10.645 1 +  5.122 x0 + -67.181 x1 +  261.255 x2 + -555.376 x3 +  800.027 x4 + -884.256 x5 +  886.369 x6 + -444.983 x7 + -2.024 x0^2 +  11.535 x0 x1 + -15.145 x0 x2 +  14.084 x0 x3 + -12.509 x0 x4 +  11.349 x0 x5 + -7.321 x0 x6 +  2.061 x0 x7 + -14.719 x1^2 +  32.152 x1 x2 + -23.671 x1 x3 +  19.939 x1 x4 + -23.192 x1 x5 +  17.883 x1 x6 + -5.230 x1 x7 + -9.140 x2^2 + -8.261 x2 x3 +  11.738 x2 x4 +  9.714 x2 x5 + -17.659 x2 x6 +  5.827 x2 x7 +  24.321 x3^2 + -45.236 x3 x4 +  3.967 x3 x5 +  15.844 x3 x6 + -5.600 x3 x7 +  15.539 x4^2 +  11.557 x4 x5 + -22.572 x4 x6 +  6.293 x4 x7 + -17.421 x5^2 +  27.273 x5 x6 + -6.015 x5 x7 + -8.123 x6^2 +  2.894 x6 x7 + -0.136 x7^2
31,80.0,1000.0,37.49490932254601,2,8,2,8.0,56.0,0,0.0,finite_difference,success,,331,360,91.94444444444444,3.9603939475491643,"[""1"", ""x0"", ""x1"", ""x2"", ""x3"", ""x4"", ""x5"", ""x6"", ""x7"", ""x0^2"", ""x0 x1"", ""x0 x2"", ""x0 x3"", ""x0 x4"", ""x0 x5"", ""x0 x6"", ""x0 x7"", ""x1^2"", ""x1 x2"", ""x1 x3"", ""x1 x4"", ""x1 x5"", ""x1 x6"", ""x1 x7"", ""x2^2"", ""x2 x3"", ""x2 x4"", ""x2 x5"", ""x2 x6"", ""x2 x7"", ""x3^2"", ""x3 x4"", ""x3 x5"", ""x3 x6"", ""x3 x7"", ""x4^2"", ""x4 x5"", ""x4 x6"", ""x4 x7"", ""x5^2"", ""x5 x6"", ""x5 x7"", ""x6^2"", ""x6 x7"", ""x7^2""]","[[-119.66773520975548, 84.34278781786936, -110.71323288170747, 14.215833460568632, -0.44738217384252627, 0.32541462852457076, 1.0302796263721552, -1.8858309379250615, 6.2363274899824646, -0.07227586990300328, 0.3374173727975094, -0.19061174659186786, 0.05944646046571448, 0.05011231314983568, -0.01979971170359389, -2.1498093437557637e-06, 0.0, -0.0056689076683598275, -0.20268046149160965, -0.09530881469816209, 0.018930199369560988, -0.006791854189586135, 0.024556760023706704, -0.08042306868729156, 0.19579046695626623, 0.0, -0.08720448929905307, 0.0, 0.0, 0.03766025604881044, 0.0246961303322, -0.026059161986334393, 0.05863801847842896, -0.02522811522697004, 0.00033011271554493187, 0.04059904352576009, -0.022861982901884854, -0.0028950330683353035, 0.009775215012939589, -0.006065235143079312, 0.0046971284714552855, -0.021028405429840857, -0.01731042337611579, 0.02934321373576026, 0.0094473243177064], [21.13645054944913, 73.66647462340813, 4.2142557695073, -91.07966312778856, 19.538984028770795, -3.7782858097935392, -0.7063166623786221, 1.2588308273641422, -1.6550277723179765, 0.07751312489211691, -0.2724583415838838, 0.11771008157220395, 0.001557475053238326, -0.03276036225321612, 0.0007589904206999686, -0.007675476983444546, 0.013030843982748262, 0.0715564322219453, 0.15369662420417388, -0.07504882257218023, 0.00832643962730075, 0.034301169617980645, 0.006869670063651712, 0.0, -0.12574072456659058, -0.0015729884545678892, 0.05872693531475614, -0.03578653180517809, -0.013675482711755381, -0.00022703426337167444, 0.020894853255582935, 0.009382560907697166, 0.0, -0.00642244124315494, 0.0128544501705506, -0.021835993943584903, 0.0, 0.013688727757457945, -0.015257049306437695, -0.00395188166896108, 0.0069576790522956995, 0.011155945194384493, 0.004582222173393353, -0.01738779591192763, 0.0019561773312975097], [-3.5723878146212185, -16.136830188364513, 91.0701630813093, -0.07564417661447022, -92.14779739608967, 20.235300236810918, -3.4942294638792237, -0.7165599685020091, 0.9073749033853917, -0.04678024567381809, 0.18130320843863618, -0.09712316987758034, 0.019090676338784, 0.0, 0.0, 0.013090647879294858, -0.010729182581131817, -0.047926656728419566, -0.1395794794683989, 0.07370779938576011, 0.017344641211795266, -0.029581922715060105, -0.020392146978056497, 0.008828434252773068, 0.08137496158777234, 0.09484639961320822, -0.08568304497783412, 0.010467804509961195, 0.03930299850127138, 0.0, -0.06447830028707338, -0.04881981735333577, 0.04954960101936148, -0.011597238559467798, -0.0260676716741167, 0.047874691741894765, 0.006458906809054086, -0.025532674169646694, 0.025378823642901605, -0.014417163652605768, 0.0, -0.005073388736515982, 0.0005829512484665955, 0.008645643701029644, -0.0030312493475516808], [0.08149043367026539, 3.70362804781358, -20.053251721437157, 92.06892635381023, 0.0, -92.12147376341458, 20.074996132190183, -3.6320438766090173, -0.047446992741205875, 0.017376623789206368, -0.09042101845421738, 0.058994719558970336, 0.01903915545003785, -0.04836485996396196, 0.015406282901857802, -0.0038868099818304314, 0.007796474612122316, 0.02626028643678657, 0.10053394631268306, -0.1046860113302152, 0.035375586038232196, 0.020327781310207495, 0.0063122352269847385, -0.012027407086627542, -0.037472023004510246, -0.12891827671512432, 0.09657774395551587, -0.018376765250142705, -0.03209281099011578, 0.0004086323982425578, 0.07143286712426195, 0.0938551776216995, -0.07635303914184105, 0.009448455354159165, 0.0352071009734537, -0.07294483382615764, -0.03692015642923959, 0.05110829135308866, -0.03390340746562824, 0.041389848073431, 0.007943290905750387, -0.006186947940882446, -0.02019282656945252, 0.007925161172286787, 0.0], [0.0, -0.00610509145953662, 3.684610338332677, -20.01207630386257, 92.09222006557802, 0.0, -92.12332492875643, 20.067579643482546, -3.6965834303268656, -0.0038638494767787293, 0.03541098055733797, -0.032161502573896855, -0.025529420162706797, 0.0652202466913211, -0.038223809912655546, 0.005537328780022337, 0.0, -0.014765679956052349, -0.04866042361670482, 0.08436159574150309, -0.04442422356817227, -0.016531574216246243, 0.014389144858472737, -0.001570087113940535, 0.015121638434104549, 0.09673857123783886, -0.09009955796226583, 0.03164633653322174, 0.016934017261944854, 0.0, -0.04123606790616677, -0.12057841915921255, 0.0984934577322586, -0.039798702382196606, -0.009216046800963195, 0.0697218010571836, 0.07975830559225043, -0.04029791138927186, 0.0, -0.06266086068953185, -0.06040181319672578, 0.044905352450300896, 0.05098606687746833, -0.006775102177251932, -0.012437751713375196], [0.0, 0.0, -0.3278817862930792, 3.670612643817386, -20.054161755887694, 92.0412166736304, 0.0, -90.89962554983047, 16.00806372484705, 0.005000881167106567, -0.015485541959734875, 0.014330140697573268, 0.0190997306533617, -0.056489409005493686, 0.049974449069688544, -0.02522310961345361, 0.009477341195441401, 0.0034146126221153116, 0.023911025964426794, -0.051902452790249964, 0.03220793292644261, 0.012904902224665818, -0.005987690568038452, -0.007240542296570266, -0.014665771249598147, -0.040909158359713226, 0.0692310118266141, -0.03253367807305899, -0.02165593036552153, 0.015698339700318777, 0.014145606688128287, 0.09388890875289588, -0.08947396738704096, 0.0333565495180302, 0.015376953809144077, -0.041498946548149514, -0.12139129712504639, 0.10407777283594888, -0.04239832008918525, 0.06975866492178949, 0.08731997501722943, -0.04965043700735459, -0.08115482199933592, -0.006300587634952955, 0.030303612940055243], [-25.375775408547906, 1.5102621106448983, -1.0381633517208977, 0.702281284443901, 3.7348249749278044, -19.311619264884442, 90.50834715799705, -4.054388859142299, -73.47178255901277, 0.0, -0.0010640654310622461, 0.0, -0.016775789972992648, 0.0417890503259314, -0.04378430055906786, 0.02476341933237184, -0.01407528485069638, 0.015415659576551215, -0.03510552747229386, 0.03239916014059359, -0.01672624964105079, -0.0246103878793886, 0.030569832762769467, -0.008048487546941327, 0.021812485298894253, 0.001903845774159193, -0.039961472892730006, 0.03969063961401418, 0.0, -0.014746259787067081, -7.022845923795869e-05, -0.05174019217448151, 0.06438942186577025, -0.028905078885605374, -0.009583194874767675, 0.02557058047351548, 0.09511121670784864, -0.11247076448398889, 0.04275434216181756, -0.04244969617924143, -0.17385253096690356, 0.1233171024585232, 0.1672870838792437, -0.08897070270149128, 0.0], [72.24255745716872, -6.0780745168663515, 1.4711439307264815, -1.2689657238731407, -0.6715529949464243, 0.056981990499937754, -12.38603320606691, 110.60469815421682, -84.80558386914487, -0.04559951937083356, 0.08930368998037061, -0.000986153353840616, 0.00412073122147673, -0.03863141164112593, 0.012243451687429392, 0.02209000692788658, 0.0, -0.09535144808240252, 0.09273350539786543, -0.0039451037586802655, -0.003692006706054366, 0.033313380435464696, -0.012947673989225228, 0.0, -0.06070293353865123, 0.05476802530977969, 0.007104934693535539, -0.04695634937792059, -0.029735211595816005, 0.05842795799886295, -0.04956799504646066, 0.03713352768208088, 0.0, 0.03532723121875306, -0.022605412629315976, -0.02654406596313695, -0.15211930333270232, 0.252244276258296, -0.0543234539969752, 0.13750622471691393, 0.0, -0.08125589342733368, -0.048959007831550244, -0.18161182009913437, 0.10271705648930925]]",(x0)' = -119.668 1 +  84.343 x0 + -110.713 x1 +  14.216 x2 + -0.447 x3 +  0.325 x4 +  1.030 x5 + -1.886 x6 +  6.236 x7 + -0.072 x0^2 +  0.337 x0 x1 + -0.191 x0 x2 +  0.059 x0 x3 +  0.050 x0 x4 + -0.020 x0 x5 + -0.006 x1^2 + -0.203 x1 x2 + -0.095 x1 x3 +  0.019 x1 x4 + -0.007 x1 x5 +  0.025 x1 x6 + -0.080 x1 x7 +  0.196 x2^2 + -0.087 x2 x4 +  0.038 x2 x7 +  0.025 x3^2 + -0.026 x3 x4 +  0.059 x3 x5 + -0.025 x3 x6 +  0.041 x4^2 + -0.023 x4 x5 + -0.003 x4 x6 +  0.010 x4 x7 + -0.006 x5^2 +  0.005 x5 x6 + -0.021 x5 x7 + -0.017 x6^2 +  0.029 x6 x7 +  0.009 x7^2 | (x1)' =  21.136 1 +  73.666 x0 +  4.214 x1 + -91.080 x2 +  19.539 x3 + -3.778 x4 + -0.706 x5 +  1.259 x6 + -1.655 x7 +  0.078 x0^2 + -0.272 x0 x1 +  0.118 x0 x2 +  0.002 x0 x3 + -0.033 x0 x4 +  0.001 x0 x5 + -0.008 x0 x6 +  0.013 x0 x7 +  0.072 x1^2 +  0.154 x1 x2 + -0.075 x1 x3 +  0.008 x1 x4 +  0.034 x1 x5 +  0.007 x1 x6 + -0.126 x2^2 + -0.002 x2 x3 +  0.059 x2 x4 + -0.036 x2 x5 + -0.014 x2 x6 +  0.021 x3^2 +  0.009 x3 x4 + -0.006 x3 x6 +  0.013 x3 x7 + -0.022 x4^2 +  0.014 x4 x6 + -0.015 x4 x7 + -0.004 x5^2 +  0.007 x5 x6 +  0.011 x5 x7 +  0.005 x6^2 + -0.017 x6 x7 +  0.002 x7^2 | (x2)' = -3.572 1 + -16.137 x0 +  91.070 x1 + -0.076 x2 + -92.148 x3 +  20.235 x4 + -3.494 x5 + -0.717 x6 +  0.907 x7 + -0.047 x0^2 +  0.181 x0 x1 + -0.097 x0 x2 +  0.019 x0 x3 +  0.013 x0 x6 + -0.011 x0 x7 + -0.048 x1^2 + -0.140 x1 x2 +  0.074 x1 x3 +  0.017 x1 x4 + -0.030 x1 x5 + -0.020 x1 x6 +  0.009 x1 x7 +  0.081 x2^2 +  0.095 x2 x3 + -0.086 x2 x4 +  0.010 x2 x5 +  0.039 x2 x6 + -0.064 x3^2 + -0.049 x3 x4 +  0.050 x3 x5 + -0.012 x3 x6 + -0.026 x3 x7 +  0.048 x4^2 +  0.006 x4 x5 + -0.026 x4 x6 +  0.025 x4 x7 + -0.014 x5^2 + -0.005 x5 x7 +  0.001 x6^2 +  0.009 x6 x7 + -0.003 x7^2 | (x3)' =  0.081 1 +  3.704 x0 + -20.053 x1 +  92.069 x2 + -92.121 x4 +  20.075 x5 + -3.632 x6 + -0.047 x7 +  0.017 x0^2 + -0.090 x0 x1 +  0.059 x0 x2 +  0.019 x0 x3 + -0.048 x0 x4 +  0.015 x0 x5 + -0.004 x0 x6 +  0.008 x0 x7 +  0.026 x1^2 +  0.101 x1 x2 + -0.105 x1 x3 +  0.035 x1 x4 +  0.020 x1 x5 +  0.006 x1 x6 + -0.012 x1 x7 + -0.037 x2^2 + -0.129 x2 x3 +  0.097 x2 x4 + -0.018 x2 x5 + -0.032 x2 x6 +  0.071 x3^2 +  0.094 x3 x4 + -0.076 x3 x5 +  0.009 x3 x6 +  0.035 x3 x7 + -0.073 x4^2 + -0.037 x4 x5 +  0.051 x4 x6 + -0.034 x4 x7 +  0.041 x5^2 +  0.008 x5 x6 + -0.006 x5 x7 + -0.020 x6^2 +  0.008 x6 x7 | (x4)' = -0.006 x0 +  3.685 x1 + -20.012 x2 +  92.092 x3 + -92.123 x5 +  20.068 x6 + -3.697 x7 + -0.004 x0^2 +  0.035 x0 x1 + -0.032 x0 x2 + -0.026 x0 x3 +  0.065 x0 x4 + -0.038 x0 x5 +  0.006 x0 x6 + -0.015 x1^2 + -0.049 x1 x2 +  0.084 x1 x3 + -0.044 x1 x4 + -0.017 x1 x5 +  0.014 x1 x6 + -0.002 x1 x7 +  0.015 x2^2 +  0.097 x2 x3 + -0.090 x2 x4 +  0.032 x2 x5 +  0.017 x2 x6 + -0.041 x3^2 + -0.121 x3 x4 +  0.098 x3 x5 + -0.040 x3 x6 + -0.009 x3 x7 +  0.070 x4^2 +  0.080 x4 x5 + -0.040 x4 x6 + -0.063 x5^2 + -0.060 x5 x6 +  0.045 x5 x7 +  0.051 x6^2 + -0.007 x6 x7 + -0.012 x7^2 | (x5)' = -0.328 x1 +  3.671 x2 + -20.054 x3 +  92.041 x4 + -90.900 x6 +  16.008 x7 +  0.005 x0^2 + -0.015 x0 x1 +  0.014 x0 x2 +  0.019 x0 x3 + -0.056 x0 x4 +  0.050 x0 x5 + -0.025 x0 x6 +  0.009 x0 x7 +  0.003 x1^2 +  0.024 x1 x2 + -0.052 x1 x3 +  0.032 x1 x4 +  0.013 x1 x5 + -0.006 x1 x6 + -0.007 x1 x7 + -0.015 x2^2 + -0.041 x2 x3 +  0.069 x2 x4 + -0.033 x2 x5 + -0.022 x2 x6 +  0.016 x2 x7 +  0.014 x3^2 +  0.094 x3 x4 + -0.089 x3 x5 +  0.033 x3 x6 +  0.015 x3 x7 + -0.041 x4^2 + -0.121 x4 x5 +  0.104 x4 x6 + -0.042 x4 x7 +  0.070 x5^2 +  0.087 x5 x6 + -0.050 x5 x7 + -0.081 x6^2 + -0.006 x6 x7 +  0.030 x7^2 | (x6)' = -25.376 1 +  1.510 x0 + -1.038 x1 +  0.702 x2 +  3.735 x3 + -19.312 x4 +  90.508 x5 + -4.054 x6 + -73.472 x7 + -0.001 x0 x1 + -0.017 x0 x3 +  0.042 x0 x4 + -0.044 x0 x5 +  0.025 x0 x6 + -0.014 x0 x7 +  0.015 x1^2 + -0.035 x1 x2 +  0.032 x1 x3 + -0.017 x1 x4 + -0.025 x1 x5 +  0.031 x1 x6 + -0.008 x1 x7 +  0.022 x2^2 +  0.002 x2 x3 + -0.040 x2 x4 +  0.040 x2 x5 + -0.015 x2 x7 + -0.052 x3 x4 +  0.064 x3 x5 + -0.029 x3 x6 + -0.010 x3 x7 +  0.026 x4^2 +  0.095 x4 x5 + -0.112 x4 x6 +  0.043 x4 x7 + -0.042 x5^2 + -0.174 x5 x6 +  0.123 x5 x7 +  0.167 x6^2 + -0.089 x6 x7 | (x7)' =  72.243 1 + -6.078 x0 +  1.471 x1 + -1.269 x2 + -0.672 x3 +  0.057 x4 + -12.386 x5 +  110.605 x6 + -84.806 x7 + -0.046 x0^2 +  0.089 x0 x1 + -0.001 x0 x2 +  0.004 x0 x3 + -0.039 x0 x4 +  0.012 x0 x5 +  0.022 x0 x6 + -0.095 x1^2 +  0.093 x1 x2 + -0.004 x1 x3 + -0.004 x1 x4 +  0.033 x1 x5 + -0.013 x1 x6 + -0.061 x2^2 +  0.055 x2 x3 +  0.007 x2 x4 + -0.047 x2 x5 + -0.030 x2 x6 +  0.058 x2 x7 + -0.050 x3^2 +  0.037 x3 x4 +  0.035 x3 x6 + -0.023 x3 x7 + -0.027 x4^2 + -0.152 x4 x5 +  0.252 x4 x6 + -0.054 x4 x7 +  0.138 x5^2 + -0.081 x5 x7 + -0.049 x6^2 + -0.182 x6 x7 +  0.103 x7^2
32,80.0,1000.0,37.49490932254601,2,8,2,8.0,56.0,5,20.0,smoothed_finite_difference_savgol_order_3,success,,326,360,90.55555555555556,3.491016758605838,"[""1"", ""x0"", ""x1"", ""x2"", ""x3"", ""x4"", ""x5"", ""x6"", ""x7"", ""x0^2"", ""x0 x1"", ""x0 x2"", ""x0 x3"", ""x0 x4"", ""x0 x5"", ""x0 x6"", ""x0 x7"", ""x1^2"", ""x1 x2"", ""x1 x3"", ""x1 x4"", ""x1 x5"", ""x1 x6"", ""x1 x7"", ""x2^2"", ""x2 x3"", ""x2 x4"", ""x2 x5"", ""x2 x6"", ""x2 x7"", ""x3^2"", ""x3 x4"", ""x3 x5"", ""x3 x6"", ""x3 x7"", ""x4^2"", ""x4 x5"", ""x4 x6"", ""x4 x7"", ""x5^2"", ""x5 x6"", ""x5 x7"", ""x6^2"", ""x6 x7"", ""x7^2""]","[[-104.21104923782207, 101.65294406024469, -143.68559851747793, 44.01753844220535, -19.43523120841281, 10.132606501306775, -3.088769146780614, -0.7806406776658922, 5.426016388677882, -0.09377931134558802, 0.42912793020934914, -0.3124808738231234, 0.16214405067276122, -0.0033406777922620925, 0.00493477304309287, -0.008006408052327352, 0.0, -0.07946206430155356, -0.19304786409998947, -0.011189846777833109, -0.046908343746945254, -0.006646421470473205, 0.03004579733499287, -0.07371933325152133, 0.3076101211084874, -0.22963984636003273, 0.05715873210177329, -0.017363257727751734, -0.0034807425432562436, 0.04785570807387927, 0.09703906913961177, -0.12761470354120186, 0.0851667868618873, -0.03171242019980395, -0.015253041211429492, 0.07165873672023913, -0.030026343989326642, -0.007572473583469429, 0.021523602747966334, -0.012710295399396289, 0.003718082532459092, -0.01935371298104705, -0.01267962975261949, 0.02875834016987029, 0.00536112404709261], [18.138972453210673, 70.99717161410163, 12.274451678232863, -104.10984020915662, 34.04749818886799, -15.235453656306063, 5.135834211770557, 0.0, -1.7296446201904432, 0.08120533643436521, -0.27236892701932536, 0.16196179850338624, -0.0684113701077255, 0.0001801195923977625, -0.003820231064845493, -0.011073929321728989, 0.014074462871782125, 0.08530168087140921, 0.07403407607181947, -0.0199484685609071, 0.010480087471188199, 0.03357530901172622, 0.0, 0.0, -0.10521303560912962, -0.005866169841688514, 0.061519749959904606, -0.057366733420188644, 0.000413880297705131, -0.002136541167657874, 0.031058394760478458, 0.0, 0.0, 0.003996900863141729, 0.01253570467197373, -0.03057063196683975, 0.0, 0.009176487614331564, -0.017975760682944642, 0.003519671548182807, 0.012627350156847907, 0.007077045998292287, 0.0006679424844238586, -0.013434812564332165, 0.0008433725779339788], [-5.463878684920776, -19.596175127086855, 96.2962760127519, 0.0, -100.2974971040589, 32.71224929084572, -14.670386679548162, 6.038909823091823, -1.1586740857330966, -0.06287629220895596, 0.19586833741147724, -0.11341899915697377, 0.04643613128875489, -0.0008482523614375992, 0.0, 0.00993416798306649, -0.0050158464608351305, -0.05195648427260138, -0.07283160277418693, 0.02571621787369983, 0.0, -0.028693437638280382, -0.0061028033673718885, -0.00430905558199515, 0.05487238785451748, 0.06610533397050167, -0.07452912041277247, 0.043444865721943705, 0.02169297122726864, 0.0, -0.0399893061747812, -0.038156089002025356, 0.04712482943907247, -0.0520965780611531, 0.0017104555560711935, 0.04659312585455295, 0.0, 0.0, 0.01487287715406916, -0.026229838355887887, 0.0, -0.008916162028170672, 0.00832561901612207, 0.010720081909280869, -0.005580570255746106], [-1.4568727538195005, 0.0, -19.603408219053165, 96.27568378669328, 0.0, -100.34952692133051, 32.64307799753432, -14.01158294938407, 4.532984521344644, -0.009648242065299061, -0.05699516181406035, 0.04729657389721056, -0.001597863557536556, -0.012580381333637305, 0.0, -0.004555044175554354, 0.025752552633938296, 0.024061818104184663, 0.0785259116087936, -0.07748692257377725, 0.02892520145899265, 0.03352639791181022, -0.010125418125323266, -0.018602046309227085, -0.01122322023480985, -0.1110527591481393, 0.07094668985710552, -0.060352138169201514, 0.004257847409897756, -0.006065695713174893, 0.06716324200868526, 0.0326069323019734, -0.030079032942078122, 0.0179768030327913, 0.02096929335496759, -0.02825960875548303, -0.0645204275422741, 0.056007226870475144, -0.04258128276237642, 0.057127608063134244, 0.0, -0.0002589712971471303, -0.03790161647852598, 0.01914268378405163, 0.0], [0.0, -4.592730813741911, 14.028614411269976, -32.589863164889096, 100.38028855907349, 0.0, -96.23362584724057, 19.515704294400674, 0.0, -0.028151068830066506, 0.07707775876134212, -0.0364923477920442, -0.009527719867938246, 0.047382613981788, -0.036902959653509634, 0.027393177739913174, -0.013172425528883222, -0.013248580846480392, -0.05132860592466771, 0.057302102647983806, -0.05131497819448299, -0.002370724269642634, -0.001260626010632928, 0.0, 0.001811163607289401, 0.08262729376758896, -0.05840718431740603, 0.04412273308004528, 0.014911146996946975, -0.005226163057920049, -0.025905702650266305, -0.08680267302461658, 0.054733380507516936, -0.011078627099480454, -0.03360964982798423, 0.05233675986890146, 0.0624453482382729, -0.04633679394430518, 0.026081044969332556, -0.0420313229150653, -0.05853978115082039, 0.03218973401052409, 0.02802572229198756, 0.0, 0.002748361097831693], [0.0, 1.2152442869389068, -6.114892978440862, 14.594755453854226, -32.67387216958361, 100.29301915028287, 0.0, -96.15402170866994, 19.49495221086399, 0.009440418845530792, -0.03545102118348117, 0.03547554607836924, -0.00602040269903526, -0.03211706667490359, 0.035841400349463294, -0.023923587441317087, 0.0075369266794217465, 0.002824152270950703, 0.006865905389259957, 0.0, 0.006291254721208407, 0.012548449441983965, 0.00011493758576149354, 0.0031837719588900812, 0.021218098550094093, -0.09561266465391206, 0.07322264536305301, -0.048337582915130635, -0.00944594890796861, 0.0003360111617225601, 0.014068638431969066, 0.07108097411167567, -0.06006894133464545, 0.055120592124790174, 0.005576196320496562, -0.02650806270527778, -0.08083541124161377, 0.05551707329777873, -0.04166428166453612, 0.04663633331638626, 0.07447028052157169, -0.024008141085042976, -0.06781861993196266, -0.019617450200839916, 0.03303708694487647], [-11.065275622945572, 1.6777139611769147, 0.0, -4.9094301460502265, 15.076201149128826, -33.69452097298723, 103.51796045658165, -12.105830384450416, -70.93097264678072, 0.0, 0.008779759912911031, 0.0, -0.03561065867082529, 0.05834028623432778, -0.04307198780292498, 0.01684708496308006, -0.005173555855925827, 0.010559935813597036, -0.05444368036510268, 0.06747108960075582, -0.04949761553540331, 0.0006279734451096436, 0.005108427975857757, -0.002900559616729214, 0.024075386708498136, -0.014003287304017155, 0.0, 0.008188674850376573, 0.02948934673982307, -0.016950113107504, 0.03433689579480215, -0.10979891177272903, 0.08982738142296932, -0.08122727759969088, 0.011302646884773357, 0.029813126489655555, 0.062301896630064364, -0.051378469542878016, 0.03351902065243047, -0.019406297298227338, -0.13204781099653307, 0.04649401958613517, 0.0834489940450675, 0.05090176466638569, -0.052841477345252866], [54.83902719682518, -5.210541661725672, 0.4293988614335786, 2.730399597904838, -10.094061577609999, 18.73407426730308, -42.39527603793464, 143.77495663516945, -102.14754728190519, -0.014949012448205755, 0.0, 0.039530595645419726, 0.014223576917638522, -0.05371233713521852, 0.014218682534818313, 0.007519041152764518, 0.004280355682732309, -0.03873066560983441, 0.06560026148665156, -0.03943289339576655, 0.02194611530272346, 0.03479495838474904, -0.0007735427621137877, 0.0, -0.06526751714679588, 0.08852566199541619, -0.03254694846208278, -0.00414194385300266, -0.06825393541663693, 0.053103578561110885, -0.09235975575190733, 0.14337418115981682, -0.08896440739119423, 0.09292356719082517, -0.02114308074347825, -0.019371838695253614, -0.19237193958635407, 0.23610911362389056, -0.08780242863438095, 0.12454875796713596, 0.0, 0.013471527865122167, 0.006597592816322901, -0.2757720014788927, 0.12095626055551434]]",(x0)' = -104.211 1 +  101.653 x0 + -143.686 x1 +  44.018 x2 + -19.435 x3 +  10.133 x4 + -3.089 x5 + -0.781 x6 +  5.426 x7 + -0.094 x0^2 +  0.429 x0 x1 + -0.312 x0 x2 +  0.162 x0 x3 + -0.003 x0 x4 +  0.005 x0 x5 + -0.008 x0 x6 + -0.079 x1^2 + -0.193 x1 x2 + -0.011 x1 x3 + -0.047 x1 x4 + -0.007 x1 x5 +  0.030 x1 x6 + -0.074 x1 x7 +  0.308 x2^2 + -0.230 x2 x3 +  0.057 x2 x4 + -0.017 x2 x5 + -0.003 x2 x6 +  0.048 x2 x7 +  0.097 x3^2 + -0.128 x3 x4 +  0.085 x3 x5 + -0.032 x3 x6 + -0.015 x3 x7 +  0.072 x4^2 + -0.030 x4 x5 + -0.008 x4 x6 +  0.022 x4 x7 + -0.013 x5^2 +  0.004 x5 x6 + -0.019 x5 x7 + -0.013 x6^2 +  0.029 x6 x7 +  0.005 x7^2 | (x1)' =  18.139 1 +  70.997 x0 +  12.274 x1 + -104.110 x2 +  34.047 x3 + -15.235 x4 +  5.136 x5 + -1.730 x7 +  0.081 x0^2 + -0.272 x0 x1 +  0.162 x0 x2 + -0.068 x0 x3 + -0.004 x0 x5 + -0.011 x0 x6 +  0.014 x0 x7 +  0.085 x1^2 +  0.074 x1 x2 + -0.020 x1 x3 +  0.010 x1 x4 +  0.034 x1 x5 + -0.105 x2^2 + -0.006 x2 x3 +  0.062 x2 x4 + -0.057 x2 x5 + -0.002 x2 x7 +  0.031 x3^2 +  0.004 x3 x6 +  0.013 x3 x7 + -0.031 x4^2 +  0.009 x4 x6 + -0.018 x4 x7 +  0.004 x5^2 +  0.013 x5 x6 +  0.007 x5 x7 +  0.001 x6^2 + -0.013 x6 x7 +  0.001 x7^2 | (x2)' = -5.464 1 + -19.596 x0 +  96.296 x1 + -100.297 x3 +  32.712 x4 + -14.670 x5 +  6.039 x6 + -1.159 x7 + -0.063 x0^2 +  0.196 x0 x1 + -0.113 x0 x2 +  0.046 x0 x3 + -0.001 x0 x4 +  0.010 x0 x6 + -0.005 x0 x7 + -0.052 x1^2 + -0.073 x1 x2 +  0.026 x1 x3 + -0.029 x1 x5 + -0.006 x1 x6 + -0.004 x1 x7 +  0.055 x2^2 +  0.066 x2 x3 + -0.075 x2 x4 +  0.043 x2 x5 +  0.022 x2 x6 + -0.040 x3^2 + -0.038 x3 x4 +  0.047 x3 x5 + -0.052 x3 x6 +  0.002 x3 x7 +  0.047 x4^2 +  0.015 x4 x7 + -0.026 x5^2 + -0.009 x5 x7 +  0.008 x6^2 +  0.011 x6 x7 + -0.006 x7^2 | (x3)' = -1.457 1 + -19.603 x1 +  96.276 x2 + -100.350 x4 +  32.643 x5 + -14.012 x6 +  4.533 x7 + -0.010 x0^2 + -0.057 x0 x1 +  0.047 x0 x2 + -0.002 x0 x3 + -0.013 x0 x4 + -0.005 x0 x6 +  0.026 x0 x7 +  0.024 x1^2 +  0.079 x1 x2 + -0.077 x1 x3 +  0.029 x1 x4 +  0.034 x1 x5 + -0.010 x1 x6 + -0.019 x1 x7 + -0.011 x2^2 + -0.111 x2 x3 +  0.071 x2 x4 + -0.060 x2 x5 +  0.004 x2 x6 + -0.006 x2 x7 +  0.067 x3^2 +  0.033 x3 x4 + -0.030 x3 x5 +  0.018 x3 x6 +  0.021 x3 x7 + -0.028 x4^2 + -0.065 x4 x5 +  0.056 x4 x6 + -0.043 x4 x7 +  0.057 x5^2 + -0.038 x6^2 +  0.019 x6 x7 | (x4)' = -4.593 x0 +  14.029 x1 + -32.590 x2 +  100.380 x3 + -96.234 x5 +  19.516 x6 + -0.028 x0^2 +  0.077 x0 x1 + -0.036 x0 x2 + -0.010 x0 x3 +  0.047 x0 x4 + -0.037 x0 x5 +  0.027 x0 x6 + -0.013 x0 x7 + -0.013 x1^2 + -0.051 x1 x2 +  0.057 x1 x3 + -0.051 x1 x4 + -0.002 x1 x5 + -0.001 x1 x6 +  0.002 x2^2 +  0.083 x2 x3 + -0.058 x2 x4 +  0.044 x2 x5 +  0.015 x2 x6 + -0.005 x2 x7 + -0.026 x3^2 + -0.087 x3 x4 +  0.055 x3 x5 + -0.011 x3 x6 + -0.034 x3 x7 +  0.052 x4^2 +  0.062 x4 x5 + -0.046 x4 x6 +  0.026 x4 x7 + -0.042 x5^2 + -0.059 x5 x6 +  0.032 x5 x7 +  0.028 x6^2 +  0.003 x7^2 | (x5)' =  1.215 x0 + -6.115 x1 +  14.595 x2 + -32.674 x3 +  100.293 x4 + -96.154 x6 +  19.495 x7 +  0.009 x0^2 + -0.035 x0 x1 +  0.035 x0 x2 + -0.006 x0 x3 + -0.032 x0 x4 +  0.036 x0 x5 + -0.024 x0 x6 +  0.008 x0 x7 +  0.003 x1^2 +  0.007 x1 x2 +  0.006 x1 x4 +  0.013 x1 x5 +  0.003 x1 x7 +  0.021 x2^2 + -0.096 x2 x3 +  0.073 x2 x4 + -0.048 x2 x5 + -0.009 x2 x6 +  0.014 x3^2 +  0.071 x3 x4 + -0.060 x3 x5 +  0.055 x3 x6 +  0.006 x3 x7 + -0.027 x4^2 + -0.081 x4 x5 +  0.056 x4 x6 + -0.042 x4 x7 +  0.047 x5^2 +  0.074 x5 x6 + -0.024 x5 x7 + -0.068 x6^2 + -0.020 x6 x7 +  0.033 x7^2 | (x6)' = -11.065 1 +  1.678 x0 + -4.909 x2 +  15.076 x3 + -33.695 x4 +  103.518 x5 + -12.106 x6 + -70.931 x7 +  0.009 x0 x1 + -0.036 x0 x3 +  0.058 x0 x4 + -0.043 x0 x5 +  0.017 x0 x6 + -0.005 x0 x7 +  0.011 x1^2 + -0.054 x1 x2 +  0.067 x1 x3 + -0.049 x1 x4 +  0.001 x1 x5 +  0.005 x1 x6 + -0.003 x1 x7 +  0.024 x2^2 + -0.014 x2 x3 +  0.008 x2 x5 +  0.029 x2 x6 + -0.017 x2 x7 +  0.034 x3^2 + -0.110 x3 x4 +  0.090 x3 x5 + -0.081 x3 x6 +  0.011 x3 x7 +  0.030 x4^2 +  0.062 x4 x5 + -0.051 x4 x6 +  0.034 x4 x7 + -0.019 x5^2 + -0.132 x5 x6 +  0.046 x5 x7 +  0.083 x6^2 +  0.051 x6 x7 + -0.053 x7^2 | (x7)' =  54.839 1 + -5.211 x0 +  0.429 x1 +  2.730 x2 + -10.094 x3 +  18.734 x4 + -42.395 x5 +  143.775 x6 + -102.148 x7 + -0.015 x0^2 +  0.040 x0 x2 +  0.014 x0 x3 + -0.054 x0 x4 +  0.014 x0 x5 +  0.008 x0 x6 +  0.004 x0 x7 + -0.039 x1^2 +  0.066 x1 x2 + -0.039 x1 x3 +  0.022 x1 x4 +  0.035 x1 x5 + -0.001 x1 x6 + -0.065 x2^2 +  0.089 x2 x3 + -0.033 x2 x4 + -0.004 x2 x5 + -0.068 x2 x6 +  0.053 x2 x7 + -0.092 x3^2 +  0.143 x3 x4 + -0.089 x3 x5 +  0.093 x3 x6 + -0.021 x3 x7 + -0.019 x4^2 + -0.192 x4 x5 +  0.236 x4 x6 + -0.088 x4 x7 +  0.125 x5^2 +  0.013 x5 x7 +  0.007 x6^2 + -0.276 x6 x7 +  0.121 x7^2
33,80.0,1000.0,37.49490932254601,2,8,2,8.0,56.0,9,36.0,smoothed_finite_difference_savgol_order_3,success,,340,360,94.44444444444444,4.2008796241134405,"[""1"", ""x0"", ""x1"", ""x2"", ""x3"", ""x4"", ""x5"", ""x6"", ""x7"", ""x0^2"", ""x0 x1"", ""x0 x2"", ""x0 x3"", ""x0 x4"", ""x0 x5"", ""x0 x6"", ""x0 x7"", ""x1^2"", ""x1 x2"", ""x1 x3"", ""x1 x4"", ""x1 x5"", ""x1 x6"", ""x1 x7"", ""x2^2"", ""x2 x3"", ""x2 x4"", ""x2 x5"", ""x2 x6"", ""x2 x7"", ""x3^2"", ""x3 x4"", ""x3 x5"", ""x3 x6"", ""x3 x7"", ""x4^2"", ""x4 x5"", ""x4 x6"", ""x4 x7"", ""x5^2"", ""x5 x6"", ""x5 x7"", ""x6^2"", ""x6 x7"", ""x7^2""]","[[-38.34572456883733, 152.3625946655949, -226.1522960902232, 78.29680248598187, 20.29580813399181, -72.93365880760459, 77.23203712410795, -49.03076079409435, 17.820239792857667, -0.09693338372199205, 0.6090379522985434, -0.8896913626481785, 0.8840715653641015, -0.5393195316779069, 0.22258831014900665, -0.043210243113166846, 0.007716691002586084, -0.5750144465408942, 1.3606643264272906, -1.3693461951169905, 0.7393229042011434, -0.24882958997212704, 0.05086491275113877, -0.06993855388924765, -0.42490467843186286, 0.31594757242697513, 0.29518731839916107, -0.3297773128123683, 0.028107666834085124, 0.12065480339223551, 0.3218719836662481, -1.0161326353038078, 0.6035935259180163, 0.03811236825264188, -0.12202604194910037, 0.629004982432516, -0.7322038722043708, 0.0, 0.011899976963654883, 0.09494315969735762, 0.28035251542633144, 0.0, -0.14504481239403016, -0.0610741484762983, 0.05519751591988185], [0.0, 57.73557661978946, 32.044685162001905, -107.62760948286152, 14.745502275402286, 16.448453770597617, -23.248976178368874, 15.827298475134995, -5.579837701404315, 0.0446445815414416, -0.21648190298484202, 0.26571164167685635, -0.2013627240127471, 0.07389121038142255, -0.006353839911385595, 0.007210469180478692, -0.012029062237920213, 0.1738132456173837, -0.2498344647558659, 0.0432577226291521, 0.14826743913568438, -0.1390054638997889, 0.017470994287278233, 0.03851267070671759, -0.0798133471243968, 0.45253857985664137, -0.42463571782499904, 0.14838325414245768, 0.07490260238445046, -0.09206445545214391, -0.25600927846904, 0.162779997339587, 0.18740068277712446, -0.25346033174649385, 0.11596789089247847, 0.10272792271085532, -0.3823360274630255, 0.2692058173272806, -0.06667888055257448, 0.23237122399559296, -0.29236054642547954, 0.0435242716230446, 0.07509184878487168, 0.009761470404276773, -0.014962095648521788], [-5.4624744520857895, -11.840657195128102, 82.60938100338433, 6.718677140701439, -92.93759917531153, 14.377519817267373, 5.464020451834473, -7.581477598102716, 3.144752602282353, -0.002871165476083481, 0.023827946434248973, -0.024186256539744867, 0.0, -0.018140558929341553, 0.030642585703499012, 0.0, -0.0103654324875744, 0.03424997189255887, -0.3094665241634617, 0.4714366335085394, -0.3052918535960583, 0.09606955043854323, -0.07119784276171023, 0.043317968670048994, 0.4427099886403977, -1.0324902784183618, 0.507362238384749, -0.026321704675541072, 0.0, -0.027765691845478096, 0.424252511015539, -0.10564716875678948, -0.3007320952824574, 0.1538829240447038, -0.006813689271902818, -0.14248805746217846, 0.26172676063704187, -0.04464711830550676, -0.030593055992190043, -0.022084119792066904, -0.05204433593037831, 0.043200377847505786, 0.023494797934625094, -0.03319506731960496, 0.010254132001909494], [1.4052922736089257, 3.215259356952944, -19.048561420962045, 91.08767168174516, 0.5599384369675725, -91.67238875128143, 18.516221381648176, -2.0091977575531743, -0.6912818798148739, -0.012233763382832141, 0.00761553744217458, 0.02757226916700248, -0.007658304302668546, 0.0007334980959161873, 0.007623844872940347, -0.030762250149106427, 0.02175180041885141, 0.015204169835785802, 0.004566752535836129, -0.13360037282268997, 0.08000491880320985, 0.0, 0.034713222588976037, -0.03424908531971896, -0.0765162252226657, 0.2167110820315321, 0.0819406252841481, -0.29349605783873717, 0.1633492210317655, -0.02702583231440715, 0.0, -0.4157111668446776, 0.5159537995998298, -0.2541169057133736, 0.051208739630191395, 0.23907180936183875, -0.22863282827917555, 0.010833652065532115, 0.018159750475684244, -0.05292944900102182, 0.12304944431271966, -0.0324121634243797, -0.025228916870966667, 0.0064067297896569465, -0.0016639357375486882], [0.0, 0.36860367828075735, 2.9378457000984692, -19.589076966675602, 92.0041420157722, 0.35102265423087464, -92.7427430401263, 20.3408633555675, -3.6582635564921184, 0.04110461662639201, -0.1191442059260235, 0.035820220627421184, 0.010820007450708028, -0.023053823107200597, 0.045414842616051346, -0.04153154481030174, 0.011804842668834555, 0.044039678479238314, 0.10074834224183639, -0.08037822043233439, 0.0, -0.007899958781564527, 0.016981523223548067, 0.0, -0.1481392972929867, 0.19604272554583707, -0.06701312097631937, 0.027245178383563207, 0.0, -0.005212170493529626, -0.08501403765423639, 0.12588872502901147, -0.040241401525706925, -0.01824405930722463, -0.006499872403932234, -0.0478399542993579, -0.0262878304519022, 0.02315688365056045, 0.04805663732491802, 0.021597582065512058, 0.09189569074316242, -0.1290828835884068, -0.10974168888813049, 0.14944179771337063, -0.03485446200568758], [0.0, -2.774885234677621, 6.461961581949699, -4.216748314310121, -14.525770333361342, 91.4490927996792, -4.5053371428759235, -84.1827258849738, 12.37550636443955, -0.051929609208568046, 0.1764669176559072, -0.10373021236764293, 0.0, 0.07961791935670227, -0.08411067671468374, 0.03678787643175716, -0.003640587558608802, -0.10624255215537745, 0.04691927048570872, 0.04561618542741544, -0.10867859392171614, 0.06838903629063497, 0.0006740523380836442, -0.008764365493526122, 0.02652334006906762, -0.014528554866582272, 0.05431470332427525, 0.0, -0.045020929779613854, 0.0, -0.035104548754684564, 0.03140318540816789, -0.10274965983384388, 0.09466088493044995, 0.021707208277630705, -0.03445383103628304, 0.11859693831990006, 0.0, -0.10983938909889565, 0.02361832580407291, -0.3074973544046768, 0.2651390170814253, 0.26168206786675574, -0.3056755718650025, 0.06966944812062138], [0.376376960485377, 5.464395532572586, -15.597392198662492, 23.129440149553417, -16.554909897506388, -14.28445515886967, 107.17304696347965, -31.907314252675242, -57.7821969747025, 0.03458141757746461, -0.07387734014332564, 0.0, 0.0420115680714384, -0.025972844692280395, -0.07533693267080913, 0.13895255789644798, -0.07749406662014736, -0.054725372522685736, 0.2890542567322467, -0.20872803398794038, 0.0, 0.3421178883501749, -0.4644566067746898, 0.22743978014414673, -0.14901035278971564, 0.02379783580986724, 0.17636234115667998, -0.515941599580768, 0.596655812619995, -0.26872558293254006, 0.08719399445609252, -0.14258369705516025, 0.34232671482998656, -0.38440921150537355, 0.14131511540901054, -0.06254648709847685, 0.18917884544039243, -0.22224637576171868, 0.1658549250262234, -0.3364450168179965, 0.8552924156846963, -0.47838286379075246, -0.522883702691055, 0.526269956749096, -0.11381151202703868], [24.158052393304956, -17.700787247232885, 48.68504736587078, -76.909179897622, 72.59636237284455, -20.182474714302558, -78.35986187829846, 226.7478821457246, -152.74856224878238, -0.15645364534920242, 0.483959581832495, -0.268961793573753, -0.052727003629837746, 0.250799590054487, -0.22492777017066812, 0.07958566660959282, 0.027484814926615232, -0.1250370575517881, -0.5080968657452837, 0.9477332383893693, -0.8531201969562366, 0.3742646883294508, 0.004608839568268067, -0.14115617669111213, 0.5910757243405473, -1.212367377657843, 0.7782113616840199, 0.0, -0.3393749321273891, 0.28483815171818194, 0.4748170808069275, -0.37925479547207747, -0.5425500577007332, 0.6508685663888857, -0.2859195254331761, -0.04917898013373844, 0.721357128572698, -0.4720980432631145, 0.03198931592624106, -0.44234324296461885, 0.33151090485048584, 0.18238786975663066, 0.08440052951968952, -0.3279780635642657, 0.07630906459830158]]",(x0)' = -38.346 1 +  152.363 x0 + -226.152 x1 +  78.297 x2 +  20.296 x3 + -72.934 x4 +  77.232 x5 + -49.031 x6 +  17.820 x7 + -0.097 x0^2 +  0.609 x0 x1 + -0.890 x0 x2 +  0.884 x0 x3 + -0.539 x0 x4 +  0.223 x0 x5 + -0.043 x0 x6 +  0.008 x0 x7 + -0.575 x1^2 +  1.361 x1 x2 + -1.369 x1 x3 +  0.739 x1 x4 + -0.249 x1 x5 +  0.051 x1 x6 + -0.070 x1 x7 + -0.425 x2^2 +  0.316 x2 x3 +  0.295 x2 x4 + -0.330 x2 x5 +  0.028 x2 x6 +  0.121 x2 x7 +  0.322 x3^2 + -1.016 x3 x4 +  0.604 x3 x5 +  0.038 x3 x6 + -0.122 x3 x7 +  0.629 x4^2 + -0.732 x4 x5 +  0.012 x4 x7 +  0.095 x5^2 +  0.280 x5 x6 + -0.145 x6^2 + -0.061 x6 x7 +  0.055 x7^2 | (x1)' =  57.736 x0 +  32.045 x1 + -107.628 x2 +  14.746 x3 +  16.448 x4 + -23.249 x5 +  15.827 x6 + -5.580 x7 +  0.045 x0^2 + -0.216 x0 x1 +  0.266 x0 x2 + -0.201 x0 x3 +  0.074 x0 x4 + -0.006 x0 x5 +  0.007 x0 x6 + -0.012 x0 x7 +  0.174 x1^2 + -0.250 x1 x2 +  0.043 x1 x3 +  0.148 x1 x4 + -0.139 x1 x5 +  0.017 x1 x6 +  0.039 x1 x7 + -0.080 x2^2 +  0.453 x2 x3 + -0.425 x2 x4 +  0.148 x2 x5 +  0.075 x2 x6 + -0.092 x2 x7 + -0.256 x3^2 +  0.163 x3 x4 +  0.187 x3 x5 + -0.253 x3 x6 +  0.116 x3 x7 +  0.103 x4^2 + -0.382 x4 x5 +  0.269 x4 x6 + -0.067 x4 x7 +  0.232 x5^2 + -0.292 x5 x6 +  0.044 x5 x7 +  0.075 x6^2 +  0.010 x6 x7 + -0.015 x7^2 | (x2)' = -5.462 1 + -11.841 x0 +  82.609 x1 +  6.719 x2 + -92.938 x3 +  14.378 x4 +  5.464 x5 + -7.581 x6 +  3.145 x7 + -0.003 x0^2 +  0.024 x0 x1 + -0.024 x0 x2 + -0.018 x0 x4 +  0.031 x0 x5 + -0.010 x0 x7 +  0.034 x1^2 + -0.309 x1 x2 +  0.471 x1 x3 + -0.305 x1 x4 +  0.096 x1 x5 + -0.071 x1 x6 +  0.043 x1 x7 +  0.443 x2^2 + -1.032 x2 x3 +  0.507 x2 x4 + -0.026 x2 x5 + -0.028 x2 x7 +  0.424 x3^2 + -0.106 x3 x4 + -0.301 x3 x5 +  0.154 x3 x6 + -0.007 x3 x7 + -0.142 x4^2 +  0.262 x4 x5 + -0.045 x4 x6 + -0.031 x4 x7 + -0.022 x5^2 + -0.052 x5 x6 +  0.043 x5 x7 +  0.023 x6^2 + -0.033 x6 x7 +  0.010 x7^2 | (x3)' =  1.405 1 +  3.215 x0 + -19.049 x1 +  91.088 x2 +  0.560 x3 + -91.672 x4 +  18.516 x5 + -2.009 x6 + -0.691 x7 + -0.012 x0^2 +  0.008 x0 x1 +  0.028 x0 x2 + -0.008 x0 x3 +  0.001 x0 x4 +  0.008 x0 x5 + -0.031 x0 x6 +  0.022 x0 x7 +  0.015 x1^2 +  0.005 x1 x2 + -0.134 x1 x3 +  0.080 x1 x4 +  0.035 x1 x6 + -0.034 x1 x7 + -0.077 x2^2 +  0.217 x2 x3 +  0.082 x2 x4 + -0.293 x2 x5 +  0.163 x2 x6 + -0.027 x2 x7 + -0.416 x3 x4 +  0.516 x3 x5 + -0.254 x3 x6 +  0.051 x3 x7 +  0.239 x4^2 + -0.229 x4 x5 +  0.011 x4 x6 +  0.018 x4 x7 + -0.053 x5^2 +  0.123 x5 x6 + -0.032 x5 x7 + -0.025 x6^2 +  0.006 x6 x7 + -0.002 x7^2 | (x4)' =  0.369 x0 +  2.938 x1 + -19.589 x2 +  92.004 x3 +  0.351 x4 + -92.743 x5 +  20.341 x6 + -3.658 x7 +  0.041 x0^2 + -0.119 x0 x1 +  0.036 x0 x2 +  0.011 x0 x3 + -0.023 x0 x4 +  0.045 x0 x5 + -0.042 x0 x6 +  0.012 x0 x7 +  0.044 x1^2 +  0.101 x1 x2 + -0.080 x1 x3 + -0.008 x1 x5 +  0.017 x1 x6 + -0.148 x2^2 +  0.196 x2 x3 + -0.067 x2 x4 +  0.027 x2 x5 + -0.005 x2 x7 + -0.085 x3^2 +  0.126 x3 x4 + -0.040 x3 x5 + -0.018 x3 x6 + -0.006 x3 x7 + -0.048 x4^2 + -0.026 x4 x5 +  0.023 x4 x6 +  0.048 x4 x7 +  0.022 x5^2 +  0.092 x5 x6 + -0.129 x5 x7 + -0.110 x6^2 +  0.149 x6 x7 + -0.035 x7^2 | (x5)' = -2.775 x0 +  6.462 x1 + -4.217 x2 + -14.526 x3 +  91.449 x4 + -4.505 x5 + -84.183 x6 +  12.376 x7 + -0.052 x0^2 +  0.176 x0 x1 + -0.104 x0 x2 +  0.080 x0 x4 + -0.084 x0 x5 +  0.037 x0 x6 + -0.004 x0 x7 + -0.106 x1^2 +  0.047 x1 x2 +  0.046 x1 x3 + -0.109 x1 x4 +  0.068 x1 x5 +  0.001 x1 x6 + -0.009 x1 x7 +  0.027 x2^2 + -0.015 x2 x3 +  0.054 x2 x4 + -0.045 x2 x6 + -0.035 x3^2 +  0.031 x3 x4 + -0.103 x3 x5 +  0.095 x3 x6 +  0.022 x3 x7 + -0.034 x4^2 +  0.119 x4 x5 + -0.110 x4 x7 +  0.024 x5^2 + -0.307 x5 x6 +  0.265 x5 x7 +  0.262 x6^2 + -0.306 x6 x7 +  0.070 x7^2 | (x6)' =  0.376 1 +  5.464 x0 + -15.597 x1 +  23.129 x2 + -16.555 x3 + -14.284 x4 +  107.173 x5 + -31.907 x6 + -57.782 x7 +  0.035 x0^2 + -0.074 x0 x1 +  0.042 x0 x3 + -0.026 x0 x4 + -0.075 x0 x5 +  0.139 x0 x6 + -0.077 x0 x7 + -0.055 x1^2 +  0.289 x1 x2 + -0.209 x1 x3 +  0.342 x1 x5 + -0.464 x1 x6 +  0.227 x1 x7 + -0.149 x2^2 +  0.024 x2 x3 +  0.176 x2 x4 + -0.516 x2 x5 +  0.597 x2 x6 + -0.269 x2 x7 +  0.087 x3^2 + -0.143 x3 x4 +  0.342 x3 x5 + -0.384 x3 x6 +  0.141 x3 x7 + -0.063 x4^2 +  0.189 x4 x5 + -0.222 x4 x6 +  0.166 x4 x7 + -0.336 x5^2 +  0.855 x5 x6 + -0.478 x5 x7 + -0.523 x6^2 +  0.526 x6 x7 + -0.114 x7^2 | (x7)' =  24.158 1 + -17.701 x0 +  48.685 x1 + -76.909 x2 +  72.596 x3 + -20.182 x4 + -78.360 x5 +  226.748 x6 + -152.749 x7 + -0.156 x0^2 +  0.484 x0 x1 + -0.269 x0 x2 + -0.053 x0 x3 +  0.251 x0 x4 + -0.225 x0 x5 +  0.080 x0 x6 +  0.027 x0 x7 + -0.125 x1^2 + -0.508 x1 x2 +  0.948 x1 x3 + -0.853 x1 x4 +  0.374 x1 x5 +  0.005 x1 x6 + -0.141 x1 x7 +  0.591 x2^2 + -1.212 x2 x3 +  0.778 x2 x4 + -0.339 x2 x6 +  0.285 x2 x7 +  0.475 x3^2 + -0.379 x3 x4 + -0.543 x3 x5 +  0.651 x3 x6 + -0.286 x3 x7 + -0.049 x4^2 +  0.721 x4 x5 + -0.472 x4 x6 +  0.032 x4 x7 + -0.442 x5^2 +  0.332 x5 x6 +  0.182 x5 x7 +  0.084 x6^2 + -0.328 x6 x7 +  0.076 x7^2
34,80.0,1000.0,37.49490932254601,2,8,5,20.0,140.0,0,0.0,finite_difference,success,,337,360,93.61111111111111,3.643990538083017,"[""1"", ""x0"", ""x1"", ""x2"", ""x3"", ""x4"", ""x5"", ""x6"", ""x7"", ""x0^2"", ""x0 x1"", ""x0 x2"", ""x0 x3"", ""x0 x4"", ""x0 x5"", ""x0 x6"", ""x0 x7"", ""x1^2"", ""x1 x2"", ""x1 x3"", ""x1 x4"", ""x1 x5"", ""x1 x6"", ""x1 x7"", ""x2^2"", ""x2 x3"", ""x2 x4"", ""x2 x5"", ""x2 x6"", ""x2 x7"", ""x3^2"", ""x3 x4"", ""x3 x5"", ""x3 x6"", ""x3 x7"", ""x4^2"", ""x4 x5"", ""x4 x6"", ""x4 x7"", ""x5^2"", ""x5 x6"", ""x5 x7"", ""x6^2"", ""x6 x7"", ""x7^2""]","[[-40.76201408846758, 16.792779561509246, -40.066243741606385, 11.043584139568106, 2.2629479744827448, 5.071555403994644, -2.2083256740137265, 0.0, 1.356515476330475, 0.03190672056712095, 0.07652977206134307, -0.0432693410415344, -0.028868983297343238, -0.047413043561460054, 0.015646168019694092, 0.02710741531384534, 0.0, -0.03474804997844486, -0.0045995256518558654, -0.011319607342114032, 0.0265034040028863, 0.006752947004065484, -0.018941840772116993, -0.01872451726942585, 0.023293271559126357, 0.007464287345369873, 0.010464067990563127, -0.01801220913598248, -0.01682415420484958, 0.011349764544849534, -0.0002293621913944639, 0.004483560448922427, 0.023109507760320384, -0.012060679470610477, 0.015872500043109965, -0.004373283580879482, -0.0007187173456427585, -0.007279288205842555, -0.0016394370352618341, -0.0018116318199993702, -0.022444697514622792, 0.017156876444571152, 0.01792712344823445, -0.011300963868203567, -0.004052665108904395], [-44.89978011072615, 32.30200683509388, 1.3779382527223956, -36.792757926228326, 7.188205868046673, -2.9114538624587025, 2.091009384924607, -1.7975365641307133, -0.09470418499689787, 0.13042087529964383, -0.25086097352049713, 0.03146390021397662, -0.01178347731450287, 0.02204479950407845, 0.010925319761812907, -0.0238553850397472, -0.0072266581076883595, 0.024013381649216972, 0.14054152179472987, 0.0, 0.005286603813206621, -0.04023583438945252, 0.025215550514033194, 0.03055214120237792, -0.07658996273074627, -0.009696190021006728, -0.01189070290580848, 0.024692636077275447, 0.005282278442912342, -0.0223971965683016, 0.019406793360883075, 0.0, -0.014597290881941692, 0.01112283884870534, -0.006793466189358976, -0.0066869760068200175, 0.0017040803405491062, 0.0019272925156048806, 0.0, -0.005683513438658203, 0.023730018616482572, -0.010308104275242506, -0.010203854502448787, -0.007433839226804662, 0.008426114615477905], [-34.11438117135382, -8.240977618486054, 36.71767416754654, 0.0, -35.67836785200159, 8.51458321045699, -2.1239128050161167, 1.9375595776324455, -1.5320369831602751, -0.04056740419904155, -0.020310551608085, 0.14246158296547842, -0.0731092930604275, 0.00933046355807932, -0.010525294800189587, 0.009203001753440602, 0.0, 0.1660215278101019, -0.3389606092989258, 0.06404130621071451, -0.0052700615856455975, 0.03266998448037866, 0.0, -0.020408702315893555, 0.053113450469864425, 0.12115385744713583, -0.033159812827987474, -0.005615475524178958, -0.036892768727087855, 0.028394737064417194, -0.06938939049410274, 0.005540568036989581, 0.0, 0.012973533913762911, 0.0, 0.018356887961658012, -0.0018870623130360763, -0.008037496438902211, 0.003565425246491674, -0.0019231643244906264, -0.0036198545635208394, -0.00031206024218233275, -0.0017903631210107421, 0.014940751757405044, -0.008891868608968751], [-36.164756973328856, 1.331974469107099, -9.174617393416062, 37.038786980532215, -0.23114694758289506, -36.14431286505192, 8.22676144189303, -1.9465915770438742, 1.1272308433198805, 0.007565475947300378, 0.03143042117404749, -0.04683878750899382, 0.016713459023162007, 0.006801407865834851, -0.01896529584507021, 0.0, 0.008009032005677723, -0.059634468439632674, 0.006265602160398201, 0.13318578411206952, -0.08135889523120297, 0.015866944338809596, -0.008001784925171479, -0.00023182586752674612, 0.1576856777578638, -0.3342097516512478, 0.0702767654476166, -0.004437863778387273, 0.031095589483086855, 0.001668882396620668, 0.05450404934019071, 0.1197873548416427, -0.030140583821988618, -0.007946744900081265, -0.026390212970793244, -0.07130276618274863, 0.007159655119673201, 0.0, 0.013252572558220745, 0.018955317427830708, -0.004909219844446582, 0.0, -0.0023238882920530446, 0.0, -0.0028985053585141884], [-44.948196375724, -0.9681496171904171, 2.0327368083680826, -9.416645313018982, 37.27911978053882, 0.0, -35.879961101050206, 8.027975875303872, -1.330689100592099, 0.0, -0.024523647324442063, 0.02978241186397538, -0.022075961310741053, 0.024778698574794377, -0.001356137903793673, 0.0, -0.006437960083139413, 0.02135950914883194, 0.014048708554480618, -0.03384654963330394, 0.007083287262227102, 0.010456055740332471, -0.021214799561868076, 0.008533901341514886, -0.05557601919108963, -0.0012288747564790426, 0.1303843763095435, -0.0845400774582529, 0.01132664793016026, 0.0, 0.16112628190052058, -0.3342131872808163, 0.07493794712694528, -0.0028348465055225733, 0.026929814954424477, 0.04673438341225167, 0.11651110185186982, -0.026032201481580333, -0.019219631356975877, -0.06911632424513729, 0.00669073189131086, 0.0027838822032564764, 0.02044601222899094, -0.008754110897715715, -0.00019996327025802123], [-35.619567545992346, 1.4767052288011522, -1.9156475580366767, 2.3573194289524952, -9.699476491777164, 36.82008047589658, -0.259137002137501, -35.70124103670724, 7.321942532822956, 0.0, 0.025601868266943124, -0.024451947011153347, 0.021216364878621153, -0.01645043787303177, -0.016008692216866075, 0.012221179144096846, 0.0, -0.014749254007369792, -0.011055535157481896, 0.01567759066838408, -0.015297115728419675, 0.025359703592613133, 0.0, -0.002019016131699716, 0.016830925847040407, 0.020207702213814436, -0.031229251402692372, 0.011718394805408183, 0.007905186591555384, -0.015055739972533167, -0.05742630126385603, -0.0013817069541702958, 0.12670221085551994, -0.08407260615403261, 0.011120423747229899, 0.16629089379348005, -0.32878903335898507, 0.06775815920280338, 0.009445468080328482, 0.04587947051324792, 0.11745838400467984, -0.03407878761482417, -0.06962811550029648, 0.009544420344620998, 0.012229254972088814], [-45.92668345649776, 0.18814025452542826, 1.7479933150529794, -2.178483931471941, 3.0780493505414497, -8.637643142072145, 37.76943797284874, -1.2432161415883345, -31.89791329819762, 0.007446205257111766, -0.022884842992873293, 0.003820905517345261, 0.01074319392765869, 0.0, 0.012699285036614225, -0.004063324638978808, -0.010435775240414743, 0.0080293226245032, 0.025818139694193682, -0.0334723270439361, 0.02089156170915289, -0.022591535172796308, -0.017487851809821483, 0.024398532331600727, -0.01405933437474148, -0.006608593349882427, 0.01753994034330908, -0.02172048384256616, 0.033122965179457294, -0.01587174729833863, 0.010730025032627136, 0.02073777082311152, -0.03470130044357752, 0.011109918289559664, 0.009826098544510222, -0.05436892703137093, -0.0023103974012618224, 0.12235106093299379, -0.07637006407862318, 0.1711066028625948, -0.33093029058014434, 0.07067266652724426, 0.04793327442807597, 0.08873918619856565, -0.04650754338222519], [-11.127214996934637, -1.44998303928067, -0.1604240034992257, 2.3811790261680765, -5.19271678075231, -1.7089330626047825, -12.710854513617019, 41.88313003997559, -17.283911806504594, -0.003988294990899602, -0.00047354987639830823, 0.025086216581720985, -0.024964846174212112, -0.005386615034606297, -0.009788126634002518, 0.0, 0.020596143138007367, -0.0006014419570592494, -0.03273015484739403, 0.02812111352149173, 0.020370264929215023, 0.00841150691611922, 0.021352826989168103, -0.025208763478717085, 0.010974877764408563, 0.01679793066273206, -0.03756310856852575, 0.04637394912277608, -0.04329961917211765, 0.0055466759524347735, 0.0006495216997976437, -0.013161312680005656, 0.005589870796303283, -0.02241164443233586, 0.019693595491813504, 0.004880705334151006, 0.029509661032115587, -0.030910810786031487, 0.01757761214038195, -0.0887330594278213, 0.00927677088395754, 0.11634838102395925, 0.16819260084352455, -0.24941286227448295, 0.009999875335846216]]",(x0)' = -40.762 1 +  16.793 x0 + -40.066 x1 +  11.044 x2 +  2.263 x3 +  5.072 x4 + -2.208 x5 +  1.357 x7 +  0.032 x0^2 +  0.077 x0 x1 + -0.043 x0 x2 + -0.029 x0 x3 + -0.047 x0 x4 +  0.016 x0 x5 +  0.027 x0 x6 + -0.035 x1^2 + -0.005 x1 x2 + -0.011 x1 x3 +  0.027 x1 x4 +  0.007 x1 x5 + -0.019 x1 x6 + -0.019 x1 x7 +  0.023 x2^2 +  0.007 x2 x3 +  0.010 x2 x4 + -0.018 x2 x5 + -0.017 x2 x6 +  0.011 x2 x7 +  0.004 x3 x4 +  0.023 x3 x5 + -0.012 x3 x6 +  0.016 x3 x7 + -0.004 x4^2 + -0.001 x4 x5 + -0.007 x4 x6 + -0.002 x4 x7 + -0.002 x5^2 + -0.022 x5 x6 +  0.017 x5 x7 +  0.018 x6^2 + -0.011 x6 x7 + -0.004 x7^2 | (x1)' = -44.900 1 +  32.302 x0 +  1.378 x1 + -36.793 x2 +  7.188 x3 + -2.911 x4 +  2.091 x5 + -1.798 x6 + -0.095 x7 +  0.130 x0^2 + -0.251 x0 x1 +  0.031 x0 x2 + -0.012 x0 x3 +  0.022 x0 x4 +  0.011 x0 x5 + -0.024 x0 x6 + -0.007 x0 x7 +  0.024 x1^2 +  0.141 x1 x2 +  0.005 x1 x4 + -0.040 x1 x5 +  0.025 x1 x6 +  0.031 x1 x7 + -0.077 x2^2 + -0.010 x2 x3 + -0.012 x2 x4 +  0.025 x2 x5 +  0.005 x2 x6 + -0.022 x2 x7 +  0.019 x3^2 + -0.015 x3 x5 +  0.011 x3 x6 + -0.007 x3 x7 + -0.007 x4^2 +  0.002 x4 x5 +  0.002 x4 x6 + -0.006 x5^2 +  0.024 x5 x6 + -0.010 x5 x7 + -0.010 x6^2 + -0.007 x6 x7 +  0.008 x7^2 | (x2)' = -34.114 1 + -8.241 x0 +  36.718 x1 + -35.678 x3 +  8.515 x4 + -2.124 x5 +  1.938 x6 + -1.532 x7 + -0.041 x0^2 + -0.020 x0 x1 +  0.142 x0 x2 + -0.073 x0 x3 +  0.009 x0 x4 + -0.011 x0 x5 +  0.009 x0 x6 +  0.166 x1^2 + -0.339 x1 x2 +  0.064 x1 x3 + -0.005 x1 x4 +  0.033 x1 x5 + -0.020 x1 x7 +  0.053 x2^2 +  0.121 x2 x3 + -0.033 x2 x4 + -0.006 x2 x5 + -0.037 x2 x6 +  0.028 x2 x7 + -0.069 x3^2 +  0.006 x3 x4 +  0.013 x3 x6 +  0.018 x4^2 + -0.002 x4 x5 + -0.008 x4 x6 +  0.004 x4 x7 + -0.002 x5^2 + -0.004 x5 x6 + -0.002 x6^2 +  0.015 x6 x7 + -0.009 x7^2 | (x3)' = -36.165 1 +  1.332 x0 + -9.175 x1 +  37.039 x2 + -0.231 x3 + -36.144 x4 +  8.227 x5 + -1.947 x6 +  1.127 x7 +  0.008 x0^2 +  0.031 x0 x1 + -0.047 x0 x2 +  0.017 x0 x3 +  0.007 x0 x4 + -0.019 x0 x5 +  0.008 x0 x7 + -0.060 x1^2 +  0.006 x1 x2 +  0.133 x1 x3 + -0.081 x1 x4 +  0.016 x1 x5 + -0.008 x1 x6 +  0.158 x2^2 + -0.334 x2 x3 +  0.070 x2 x4 + -0.004 x2 x5 +  0.031 x2 x6 +  0.002 x2 x7 +  0.055 x3^2 +  0.120 x3 x4 + -0.030 x3 x5 + -0.008 x3 x6 + -0.026 x3 x7 + -0.071 x4^2 +  0.007 x4 x5 +  0.013 x4 x7 +  0.019 x5^2 + -0.005 x5 x6 + -0.002 x6^2 + -0.003 x7^2 | (x4)' = -44.948 1 + -0.968 x0 +  2.033 x1 + -9.417 x2 +  37.279 x3 + -35.880 x5 +  8.028 x6 + -1.331 x7 + -0.025 x0 x1 +  0.030 x0 x2 + -0.022 x0 x3 +  0.025 x0 x4 + -0.001 x0 x5 + -0.006 x0 x7 +  0.021 x1^2 +  0.014 x1 x2 + -0.034 x1 x3 +  0.007 x1 x4 +  0.010 x1 x5 + -0.021 x1 x6 +  0.009 x1 x7 + -0.056 x2^2 + -0.001 x2 x3 +  0.130 x2 x4 + -0.085 x2 x5 +  0.011 x2 x6 +  0.161 x3^2 + -0.334 x3 x4 +  0.075 x3 x5 + -0.003 x3 x6 +  0.027 x3 x7 +  0.047 x4^2 +  0.117 x4 x5 + -0.026 x4 x6 + -0.019 x4 x7 + -0.069 x5^2 +  0.007 x5 x6 +  0.003 x5 x7 +  0.020 x6^2 + -0.009 x6 x7 | (x5)' = -35.620 1 +  1.477 x0 + -1.916 x1 +  2.357 x2 + -9.699 x3 +  36.820 x4 + -0.259 x5 + -35.701 x6 +  7.322 x7 +  0.026 x0 x1 + -0.024 x0 x2 +  0.021 x0 x3 + -0.016 x0 x4 + -0.016 x0 x5 +  0.012 x0 x6 + -0.015 x1^2 + -0.011 x1 x2 +  0.016 x1 x3 + -0.015 x1 x4 +  0.025 x1 x5 + -0.002 x1 x7 +  0.017 x2^2 +  0.020 x2 x3 + -0.031 x2 x4 +  0.012 x2 x5 +  0.008 x2 x6 + -0.015 x2 x7 + -0.057 x3^2 + -0.001 x3 x4 +  0.127 x3 x5 + -0.084 x3 x6 +  0.011 x3 x7 +  0.166 x4^2 + -0.329 x4 x5 +  0.068 x4 x6 +  0.009 x4 x7 +  0.046 x5^2 +  0.117 x5 x6 + -0.034 x5 x7 + -0.070 x6^2 +  0.010 x6 x7 +  0.012 x7^2 | (x6)' = -45.927 1 +  0.188 x0 +  1.748 x1 + -2.178 x2 +  3.078 x3 + -8.638 x4 +  37.769 x5 + -1.243 x6 + -31.898 x7 +  0.007 x0^2 + -0.023 x0 x1 +  0.004 x0 x2 +  0.011 x0 x3 +  0.013 x0 x5 + -0.004 x0 x6 + -0.010 x0 x7 +  0.008 x1^2 +  0.026 x1 x2 + -0.033 x1 x3 +  0.021 x1 x4 + -0.023 x1 x5 + -0.017 x1 x6 +  0.024 x1 x7 + -0.014 x2^2 + -0.007 x2 x3 +  0.018 x2 x4 + -0.022 x2 x5 +  0.033 x2 x6 + -0.016 x2 x7 +  0.011 x3^2 +  0.021 x3 x4 + -0.035 x3 x5 +  0.011 x3 x6 +  0.010 x3 x7 + -0.054 x4^2 + -0.002 x4 x5 +  0.122 x4 x6 + -0.076 x4 x7 +  0.171 x5^2 + -0.331 x5 x6 +  0.071 x5 x7 +  0.048 x6^2 +  0.089 x6 x7 + -0.047 x7^2 | (x7)' = -11.127 1 + -1.450 x0 + -0.160 x1 +  2.381 x2 + -5.193 x3 + -1.709 x4 + -12.711 x5 +  41.883 x6 + -17.284 x7 + -0.004 x0^2 +  0.025 x0 x2 + -0.025 x0 x3 + -0.005 x0 x4 + -0.010 x0 x5 +  0.021 x0 x7 + -0.001 x1^2 + -0.033 x1 x2 +  0.028 x1 x3 +  0.020 x1 x4 +  0.008 x1 x5 +  0.021 x1 x6 + -0.025 x1 x7 +  0.011 x2^2 +  0.017 x2 x3 + -0.038 x2 x4 +  0.046 x2 x5 + -0.043 x2 x6 +  0.006 x2 x7 +  0.001 x3^2 + -0.013 x3 x4 +  0.006 x3 x5 + -0.022 x3 x6 +  0.020 x3 x7 +  0.005 x4^2 +  0.030 x4 x5 + -0.031 x4 x6 +  0.018 x4 x7 + -0.089 x5^2 +  0.009 x5 x6 +  0.116 x5 x7 +  0.168 x6^2 + -0.249 x6 x7 +  0.010 x7^2
35,80.0,1000.0,37.49490932254601,2,8,5,20.0,140.0,5,20.0,smoothed_finite_difference_savgol_order_3,success,,339,360,94.16666666666667,3.5991861652582884,"[""1"", ""x0"", ""x1"", ""x2"", ""x3"", ""x4"", ""x5"", ""x6"", ""x7"", ""x0^2"", ""x0 x1"", ""x0 x2"", ""x0 x3"", ""x0 x4"", ""x0 x5"", ""x0 x6"", ""x0 x7"", ""x1^2"", ""x1 x2"", ""x1 x3"", ""x1 x4"", ""x1 x5"", ""x1 x6"", ""x1 x7"", ""x2^2"", ""x2 x3"", ""x2 x4"", ""x2 x5"", ""x2 x6"", ""x2 x7"", ""x3^2"", ""x3 x4"", ""x3 x5"", ""x3 x6"", ""x3 x7"", ""x4^2"", ""x4 x5"", ""x4 x6"", ""x4 x7"", ""x5^2"", ""x5 x6"", ""x5 x7"", ""x6^2"", ""x6 x7"", ""x7^2""]","[[-38.52173492067685, 17.197588336846174, -40.58433903680523, 11.4366893890094, 2.074672008693867, 5.165753169207942, -2.2955204821771744, 0.0, 1.3299068702156351, 0.0313995541232331, 0.08133122795214391, -0.044582646572946104, -0.02896220079124848, -0.048439456591403085, 0.014856008576708024, 0.02840474982688318, 0.0, -0.037572010723509304, -0.005753310878864278, -0.012218604290647198, 0.02682007265391853, 0.00886183389196321, -0.02039339313830203, -0.01870706601868227, 0.024974864164233924, 0.007980065064199, 0.012293893907844154, -0.021697708580887938, -0.015535457917102815, 0.011655542600427922, -0.0018440938294189094, 0.004617670581315742, 0.02622578392212224, -0.013926483868026593, 0.016849070114193145, -0.004160567638103379, -0.0022726043312510974, -0.006834424189893886, -0.0029599080801363787, -0.0018167082896493334, -0.022306687671834722, 0.018364741936975765, 0.018336269128417872, -0.011799089163399898, -0.004249775408396207], [-42.04563055874627, 32.268920578870116, 1.48874367158856, -37.051426219888796, 7.457548847900946, -3.0735002721979905, 2.1959854789816435, -1.860135994685112, -0.064931494863177, 0.1278877294662647, -0.2490692945078947, 0.02839903336597984, -0.010321406508799397, 0.022883912914998625, 0.012001673005877142, -0.023283378496331834, -0.007834931094122881, 0.024019682465069928, 0.14620949630802554, 0.0, 0.0037741139948299167, -0.042338288884060285, 0.02416195532075151, 0.031420061544732494, -0.07983564213418669, -0.01172944224053631, -0.009509094703937154, 0.025132961956763844, 0.007292412926064559, -0.023272877344763937, 0.02263134303172871, -0.004931295525436378, -0.011895010748333613, 0.007807889943500323, -0.005952330345638574, -0.006001313469872549, 0.0006258149835975202, 0.004167606865218561, 0.0, -0.005064216964964363, 0.02319526649044416, -0.01182932857974372, -0.01077769887839662, -0.005983095853804186, 0.008428666870934064], [-29.818257702837503, -8.381605943170756, 36.82121743164499, 0.0, -35.84879876970117, 8.795747731076846, -2.2864898383895116, 2.0320338027481744, -1.560594151581103, -0.04306950080537652, -0.01474006684388308, 0.14195896239230754, -0.07264381219847721, 0.009901278662468933, -0.011784117420368067, 0.0090283778246764, -0.00014537861822500284, 0.16274115814506626, -0.33871190106300286, 0.060678928208686964, -0.004832945381372206, 0.03442153821642452, 0.0, -0.01964848826476001, 0.0538838129339221, 0.12673392674218678, -0.03425572097277639, -0.006495374201460065, -0.038727765089895894, 0.028422846219333775, -0.07233793250217735, 0.00522770895196289, 0.0, 0.014374292564241614, 0.0, 0.02008337395999493, -0.002133785815093442, -0.0065260319648667775, 0.0, -0.002731845043964918, -0.004452777672374708, 0.002724095890804524, -0.0008749771096122086, 0.013005083895424319, -0.008298480645248955], [-30.968343913541865, 1.453004466512517, -9.400695907790666, 37.16795753869403, -0.21772130605826098, -36.35259891427631, 8.486758795892335, -2.0826768742894024, 1.1816742492444783, 0.00784471516947175, 0.03305910993028417, -0.04876206025539807, 0.015555536231434849, 0.007241229098948995, -0.018134817961135214, 0.0, 0.008561553601384024, -0.0636150051564393, 0.013937519132923078, 0.13313483523089337, -0.08148371220477695, 0.015700365413478457, -0.008829142081727314, -0.0015117809091203707, 0.15365164659146394, -0.33422295019272463, 0.06777863675976033, -0.0035017623044192015, 0.03202703833781674, 0.003405462670854245, 0.055715846590155445, 0.1252116413048419, -0.03162531254228852, -0.008025438918111773, -0.02888333814069681, -0.07437477181509625, 0.0062889478876675415, 0.0, 0.01449877407999513, 0.020040351864430216, -0.004284356034952361, 0.0, -0.003230429598497497, 0.0, -0.002687248842917454], [-39.63305740045016, -1.0135631210267386, 2.194902895080706, -9.658310133634886, 37.43215564515468, 0.0, -36.06362154712762, 8.260018072714383, -1.4198857725041474, 0.0, -0.02499861662255589, 0.02813480753913154, -0.019799884940254208, 0.02301758366331733, 0.0003792477411367048, 0.0, -0.006765199422238684, 0.022351037782373726, 0.01592437400417902, -0.036438284135347554, 0.006437995332849232, 0.010302152077523668, -0.020551403561530707, 0.008802346340697759, -0.05961837930403833, 0.0063772921472596234, 0.13029284032872987, -0.08428484465326597, 0.010491672728333498, 0.0, 0.15709329359548005, -0.3340363226725619, 0.07198334125213235, -0.0014551672828127602, 0.027715283995058786, 0.04760242518835218, 0.12181983249484286, -0.02714489893803211, -0.020350701357942785, -0.07220132408326978, 0.005623673082253154, 0.0036423822732493745, 0.021787330830558956, -0.008752181378496728, -0.0007655471284431496], [-30.857615172376434, 1.517901159971945, -2.017603640854963, 2.5477145658668894, -9.958320992636864, 36.94007875374834, -0.24590538979502158, -35.872122062713935, 7.496625031402265, 0.0, 0.02684521201489416, -0.025340731640127553, 0.020619857283309867, -0.016400176860697297, -0.017508968816793084, 0.014282022638112127, 0.0, -0.015710241178511414, -0.00977886543774287, 0.014508791844396803, -0.013859837596015785, 0.027278638317241144, -0.005169397409946756, -0.0013056117881080757, 0.017031721247895995, 0.02224966541302067, -0.03364205853676193, 0.009602443978076539, 0.011047402309747793, -0.014512021443181866, -0.06141707887881032, 0.006445230236944282, 0.1270347636361173, -0.08508980490343256, 0.01051237690451972, 0.16245141714973563, -0.32883077679246964, 0.06538971315707938, 0.01085699869451737, 0.046360382452303034, 0.12305230465552668, -0.03547255674175443, -0.07188497400136326, 0.008437271238130177, 0.013197284592409604], [-39.52061040159354, 0.1639596490893491, 1.807566013793432, -2.2936157150234178, 3.284347882164026, -8.869578589914664, 37.95166635574117, -1.321659201707069, -31.907268923323297, 0.006865261559912544, -0.022300597815303948, 0.0035755135539422937, 0.01095181917986718, 0.0, 0.0131063222495939, -0.004638542026236844, -0.010349655671257752, 0.007826232847694306, 0.02792929362644104, -0.03451905303033486, 0.0206012954229337, -0.02290612762318658, -0.017454211230788108, 0.023814131971837436, -0.015739670783221627, -0.005712507007849766, 0.015686664366234088, -0.01989243890408836, 0.031760633432400896, -0.014131537393288858, 0.011223122357670279, 0.023147779319051303, -0.03717314926730335, 0.010690794550255883, 0.010157352355066672, -0.058599543500643635, 0.005699651619460706, 0.12191490656912558, -0.07613903305880543, 0.1675504507331864, -0.33097354850978356, 0.06830433097989795, 0.048812009666639504, 0.09281091013925542, -0.04897737736593635], [-7.263228572884361, -1.3902163159113299, -0.2298312297064738, 2.5016990314662144, -5.302925823794521, -1.4856558480332689, -13.085627685706276, 42.33049176121652, -17.667199892510975, -0.0038131743900506245, -1.971356240378321e-05, 0.024488763054125815, -0.02516746162254888, -0.004983573009467, -0.010593097464480202, 0.0, 0.020836373671099244, -0.0019399758639864076, -0.03232986955858341, 0.029485838389297525, 0.018530985426471483, 0.011668644910130714, 0.020613553371013817, -0.02594110139772084, 0.010901401826316565, 0.017807281791831216, -0.03786213973146018, 0.045773383658157536, -0.04342907147312488, 0.005614193677872046, 0.00027434218244426094, -0.013287211205944578, 0.004035225544455451, -0.02144587813978461, 0.018887974094593186, 0.005942833458719215, 0.03250064901588697, -0.03355363613711294, 0.017533652813668456, -0.09437809817049711, 0.016914101579239046, 0.11650809625061516, 0.16584592922990993, -0.25072407546680175, 0.011936343463329715]]",(x0)' = -38.522 1 +  17.198 x0 + -40.584 x1 +  11.437 x2 +  2.075 x3 +  5.166 x4 + -2.296 x5 +  1.330 x7 +  0.031 x0^2 +  0.081 x0 x1 + -0.045 x0 x2 + -0.029 x0 x3 + -0.048 x0 x4 +  0.015 x0 x5 +  0.028 x0 x6 + -0.038 x1^2 + -0.006 x1 x2 + -0.012 x1 x3 +  0.027 x1 x4 +  0.009 x1 x5 + -0.020 x1 x6 + -0.019 x1 x7 +  0.025 x2^2 +  0.008 x2 x3 +  0.012 x2 x4 + -0.022 x2 x5 + -0.016 x2 x6 +  0.012 x2 x7 + -0.002 x3^2 +  0.005 x3 x4 +  0.026 x3 x5 + -0.014 x3 x6 +  0.017 x3 x7 + -0.004 x4^2 + -0.002 x4 x5 + -0.007 x4 x6 + -0.003 x4 x7 + -0.002 x5^2 + -0.022 x5 x6 +  0.018 x5 x7 +  0.018 x6^2 + -0.012 x6 x7 + -0.004 x7^2 | (x1)' = -42.046 1 +  32.269 x0 +  1.489 x1 + -37.051 x2 +  7.458 x3 + -3.074 x4 +  2.196 x5 + -1.860 x6 + -0.065 x7 +  0.128 x0^2 + -0.249 x0 x1 +  0.028 x0 x2 + -0.010 x0 x3 +  0.023 x0 x4 +  0.012 x0 x5 + -0.023 x0 x6 + -0.008 x0 x7 +  0.024 x1^2 +  0.146 x1 x2 +  0.004 x1 x4 + -0.042 x1 x5 +  0.024 x1 x6 +  0.031 x1 x7 + -0.080 x2^2 + -0.012 x2 x3 + -0.010 x2 x4 +  0.025 x2 x5 +  0.007 x2 x6 + -0.023 x2 x7 +  0.023 x3^2 + -0.005 x3 x4 + -0.012 x3 x5 +  0.008 x3 x6 + -0.006 x3 x7 + -0.006 x4^2 +  0.001 x4 x5 +  0.004 x4 x6 + -0.005 x5^2 +  0.023 x5 x6 + -0.012 x5 x7 + -0.011 x6^2 + -0.006 x6 x7 +  0.008 x7^2 | (x2)' = -29.818 1 + -8.382 x0 +  36.821 x1 + -35.849 x3 +  8.796 x4 + -2.286 x5 +  2.032 x6 + -1.561 x7 + -0.043 x0^2 + -0.015 x0 x1 +  0.142 x0 x2 + -0.073 x0 x3 +  0.010 x0 x4 + -0.012 x0 x5 +  0.009 x0 x6 +  0.163 x1^2 + -0.339 x1 x2 +  0.061 x1 x3 + -0.005 x1 x4 +  0.034 x1 x5 + -0.020 x1 x7 +  0.054 x2^2 +  0.127 x2 x3 + -0.034 x2 x4 + -0.006 x2 x5 + -0.039 x2 x6 +  0.028 x2 x7 + -0.072 x3^2 +  0.005 x3 x4 +  0.014 x3 x6 +  0.020 x4^2 + -0.002 x4 x5 + -0.007 x4 x6 + -0.003 x5^2 + -0.004 x5 x6 +  0.003 x5 x7 + -0.001 x6^2 +  0.013 x6 x7 + -0.008 x7^2 | (x3)' = -30.968 1 +  1.453 x0 + -9.401 x1 +  37.168 x2 + -0.218 x3 + -36.353 x4 +  8.487 x5 + -2.083 x6 +  1.182 x7 +  0.008 x0^2 +  0.033 x0 x1 + -0.049 x0 x2 +  0.016 x0 x3 +  0.007 x0 x4 + -0.018 x0 x5 +  0.009 x0 x7 + -0.064 x1^2 +  0.014 x1 x2 +  0.133 x1 x3 + -0.081 x1 x4 +  0.016 x1 x5 + -0.009 x1 x6 + -0.002 x1 x7 +  0.154 x2^2 + -0.334 x2 x3 +  0.068 x2 x4 + -0.004 x2 x5 +  0.032 x2 x6 +  0.003 x2 x7 +  0.056 x3^2 +  0.125 x3 x4 + -0.032 x3 x5 + -0.008 x3 x6 + -0.029 x3 x7 + -0.074 x4^2 +  0.006 x4 x5 +  0.014 x4 x7 +  0.020 x5^2 + -0.004 x5 x6 + -0.003 x6^2 + -0.003 x7^2 | (x4)' = -39.633 1 + -1.014 x0 +  2.195 x1 + -9.658 x2 +  37.432 x3 + -36.064 x5 +  8.260 x6 + -1.420 x7 + -0.025 x0 x1 +  0.028 x0 x2 + -0.020 x0 x3 +  0.023 x0 x4 + -0.007 x0 x7 +  0.022 x1^2 +  0.016 x1 x2 + -0.036 x1 x3 +  0.006 x1 x4 +  0.010 x1 x5 + -0.021 x1 x6 +  0.009 x1 x7 + -0.060 x2^2 +  0.006 x2 x3 +  0.130 x2 x4 + -0.084 x2 x5 +  0.010 x2 x6 +  0.157 x3^2 + -0.334 x3 x4 +  0.072 x3 x5 + -0.001 x3 x6 +  0.028 x3 x7 +  0.048 x4^2 +  0.122 x4 x5 + -0.027 x4 x6 + -0.020 x4 x7 + -0.072 x5^2 +  0.006 x5 x6 +  0.004 x5 x7 +  0.022 x6^2 + -0.009 x6 x7 + -0.001 x7^2 | (x5)' = -30.858 1 +  1.518 x0 + -2.018 x1 +  2.548 x2 + -9.958 x3 +  36.940 x4 + -0.246 x5 + -35.872 x6 +  7.497 x7 +  0.027 x0 x1 + -0.025 x0 x2 +  0.021 x0 x3 + -0.016 x0 x4 + -0.018 x0 x5 +  0.014 x0 x6 + -0.016 x1^2 + -0.010 x1 x2 +  0.015 x1 x3 + -0.014 x1 x4 +  0.027 x1 x5 + -0.005 x1 x6 + -0.001 x1 x7 +  0.017 x2^2 +  0.022 x2 x3 + -0.034 x2 x4 +  0.010 x2 x5 +  0.011 x2 x6 + -0.015 x2 x7 + -0.061 x3^2 +  0.006 x3 x4 +  0.127 x3 x5 + -0.085 x3 x6 +  0.011 x3 x7 +  0.162 x4^2 + -0.329 x4 x5 +  0.065 x4 x6 +  0.011 x4 x7 +  0.046 x5^2 +  0.123 x5 x6 + -0.035 x5 x7 + -0.072 x6^2 +  0.008 x6 x7 +  0.013 x7^2 | (x6)' = -39.521 1 +  0.164 x0 +  1.808 x1 + -2.294 x2 +  3.284 x3 + -8.870 x4 +  37.952 x5 + -1.322 x6 + -31.907 x7 +  0.007 x0^2 + -0.022 x0 x1 +  0.004 x0 x2 +  0.011 x0 x3 +  0.013 x0 x5 + -0.005 x0 x6 + -0.010 x0 x7 +  0.008 x1^2 +  0.028 x1 x2 + -0.035 x1 x3 +  0.021 x1 x4 + -0.023 x1 x5 + -0.017 x1 x6 +  0.024 x1 x7 + -0.016 x2^2 + -0.006 x2 x3 +  0.016 x2 x4 + -0.020 x2 x5 +  0.032 x2 x6 + -0.014 x2 x7 +  0.011 x3^2 +  0.023 x3 x4 + -0.037 x3 x5 +  0.011 x3 x6 +  0.010 x3 x7 + -0.059 x4^2 +  0.006 x4 x5 +  0.122 x4 x6 + -0.076 x4 x7 +  0.168 x5^2 + -0.331 x5 x6 +  0.068 x5 x7 +  0.049 x6^2 +  0.093 x6 x7 + -0.049 x7^2 | (x7)' = -7.263 1 + -1.390 x0 + -0.230 x1 +  2.502 x2 + -5.303 x3 + -1.486 x4 + -13.086 x5 +  42.330 x6 + -17.667 x7 + -0.004 x0^2 +  0.024 x0 x2 + -0.025 x0 x3 + -0.005 x0 x4 + -0.011 x0 x5 +  0.021 x0 x7 + -0.002 x1^2 + -0.032 x1 x2 +  0.029 x1 x3 +  0.019 x1 x4 +  0.012 x1 x5 +  0.021 x1 x6 + -0.026 x1 x7 +  0.011 x2^2 +  0.018 x2 x3 + -0.038 x2 x4 +  0.046 x2 x5 + -0.043 x2 x6 +  0.006 x2 x7 + -0.013 x3 x4 +  0.004 x3 x5 + -0.021 x3 x6 +  0.019 x3 x7 +  0.006 x4^2 +  0.033 x4 x5 + -0.034 x4 x6 +  0.018 x4 x7 + -0.094 x5^2 +  0.017 x5 x6 +  0.117 x5 x7 +  0.166 x6^2 + -0.251 x6 x7 +  0.012 x7^2
36,80.0,1000.0,37.49490932254601,2,8,5,20.0,140.0,9,36.0,smoothed_finite_difference_savgol_order_3,success,,337,360,93.61111111111111,4.043123982846737,"[""1"", ""x0"", ""x1"", ""x2"", ""x3"", ""x4"", ""x5"", ""x6"", ""x7"", ""x0^2"", ""x0 x1"", ""x0 x2"", ""x0 x3"", ""x0 x4"", ""x0 x5"", ""x0 x6"", ""x0 x7"", ""x1^2"", ""x1 x2"", ""x1 x3"", ""x1 x4"", ""x1 x5"", ""x1 x6"", ""x1 x7"", ""x2^2"", ""x2 x3"", ""x2 x4"", ""x2 x5"", ""x2 x6"", ""x2 x7"", ""x3^2"", ""x3 x4"", ""x3 x5"", ""x3 x6"", ""x3 x7"", ""x4^2"", ""x4 x5"", ""x4 x6"", ""x4 x7"", ""x5^2"", ""x5 x6"", ""x5 x7"", ""x6^2"", ""x6 x7"", ""x7^2""]","[[-35.30232998243112, 22.072621567648866, -49.58236091426984, 17.2428258709812, -0.8783319465025519, 6.148628295609387, -2.6327553319067376, 1.1170206458173557, 0.8697391096845583, 0.009813082714923359, 0.14309293153771288, -0.06204389708542368, -0.020818351117917095, -0.048632499860344666, 0.006392105459734861, 0.026037444709262853, 0.004480074840140068, -0.050186596102272815, -0.04178407124721098, -0.0071313883934006, 0.01951910100692927, 0.025443977798125888, -0.02197899146600205, -0.02341057255815531, 0.050826741229500816, 0.007371015805071047, 0.017738046052814538, -0.036894074772070413, -0.01661965871013596, 0.021551800377432557, -0.012619871806733648, 0.009329480171567612, 0.02931408388206426, -0.00815170076516441, 0.009871937888823764, -0.0033504918695275916, 0.0, -0.010621977733352083, -0.005655297598087347, -0.00515315304004617, -0.021819437714199825, 0.02240310989116278, 0.024564192840561896, -0.02005736014939443, -0.002726312127361652], [-11.305402208421595, 34.9979885974868, 2.655650299075217, -43.213349737700455, 11.741595035616903, -5.852103955830932, 2.710111844457917, -1.4582366339430024, 0.0, 0.08872784876427184, -0.19328747141061206, -0.009751583221059743, 0.016404750739460284, 0.018918623001594886, 0.015327096240900494, -0.01749896097826725, -0.008028653894946045, -0.0046149624540707005, 0.216034101270613, -0.03975210491929377, 0.012430893231167068, -0.048942527526104576, 0.014109613544549936, 0.028519626487030617, -0.0997080249241511, -0.022356719522595075, 0.0, 0.02449930784186778, 0.021046855761545316, -0.02453938702278541, 0.03840429684866511, -0.009375633709905799, -0.011730713286613237, 0.0, -0.0036484520586584166, -0.009203813660458339, 0.0, 0.004654839565746187, 0.0, 0.0, 0.02039676584644078, -0.011461560812931754, -0.013489722888969167, -0.00048679170219171047, 0.00722161233510535], [0.969997902166506, -10.584407864032965, 41.01020853585433, 0.5513277002227904, -41.421183214177084, 13.287488567684024, -4.831203309057684, 2.3653997767506114, -0.9962117321391952, -0.05466063815784541, 0.037387415926363285, 0.09950125619926149, -0.04140650226020419, 0.004012544039403877, -0.01391091439136946, 0.006384998147183626, 0.0018485270465841207, 0.11027499167108207, -0.2734410623909988, 0.008325720639337276, 0.007214913941342894, 0.03413457888819437, 0.0, -0.012698285274099217, 0.031050949984808462, 0.18854638910567256, -0.05042500055992359, -0.00302367624435366, -0.041027255114168805, 0.014467516105329484, -0.09101664277453111, -0.013103772645175397, 0.008381593557617412, 0.014080164859854142, 0.013034801683905507, 0.03777147766406169, -0.005703580186023264, -0.005011056478378181, -0.009069096947686194, -0.007237097450842364, -0.005942529600833554, 0.006512617330274281, 0.00542448603938195, 0.006979288960054117, -0.007111416640936499], [0.0, 3.641818106620468, -12.823970560089444, 41.88249499629386, -0.22165305930888535, -41.98517595573745, 12.719589795641255, -4.500406014690678, 1.6355850785962605, 0.024933659049598784, 0.0, -0.05036643271678492, 0.010288549336804042, -0.0015392866305419116, 7.510959324460148e-05, 0.0, 0.0, -0.07185747484342433, 0.07708183676753144, 0.09563398636966515, -0.039540251188764745, 0.0010696876634323316, -0.010194143536309703, -0.0004228423122541575, 0.0934092601961046, -0.2633727686074912, 0.011431623131608224, 0.01656306037496264, 0.02670857626182684, 0.011111264302749278, 0.02856534483916377, 0.18783892230944985, -0.05554789502114109, 0.00205956992013133, -0.03823190963343871, -0.09029322608655997, -0.011255605663926978, 0.0024768022368119886, 0.025512790082490463, 0.0319546318588824, -0.0006039207950517763, -0.006164861715671875, -0.008882531507295788, 0.0, 0.0], [0.0, -1.5529730045416636, 4.740340350724403, -13.35745983093053, 42.328027082222604, 0.2515692914292904, -41.582208120687426, 12.345483447393203, -3.497899940306544, -0.0026726837975231663, -0.027995268872342167, 0.028863124923987515, -0.005376335083885822, 0.008710484703282376, 0.007535394990733814, -0.0011155787552406017, -0.008859570281544106, 0.03298511087923189, 0.011752094443273598, -0.06431317837418743, 0.012312366875594146, 0.0008764242418173448, -0.008355607122452731, 0.015991684877510074, -0.07814804469246096, 0.08355028379169144, 0.08759707797540901, -0.05086390120582164, 0.005503355704677322, -0.01999712511587439, 0.09249861549801672, -0.2613818142462945, 0.0206488208367502, 0.012754355722441539, 0.035657400540104835, 0.0217161158112685, 0.1825277692280603, -0.046338445664541116, -0.019530755634123386, -0.08555522372896424, -0.016468939149029693, 0.014198703745138777, 0.03544854600412765, -0.010652010307651538, -0.0031453549337822893], [0.0, 0.9595364838704374, -2.368499845675036, 5.124746781963217, -13.810044904542318, 41.69416645097172, -0.4317596114990335, -40.8457107037487, 10.278200073086362, 0.0, 0.025462784473631487, -0.018642764747140304, 0.007399481111974388, -0.007690606837668936, -0.014529107117014014, 0.00842342270278143, 0.0, -0.018840111584684762, -0.014725199790547122, 0.019945603001936887, -0.0007693341820204731, 0.011772415865110589, 0.006734395807628324, -0.006947746148873237, 0.029659881135475175, 0.01641538427186595, -0.06165364845118923, 0.0181771045142818, -0.0010349822618779445, 0.0, -0.07785499368285147, 0.07985962479487724, 0.08386879170247259, -0.04739868546558458, -0.005726889320644204, 0.0990717983868617, -0.25545940087726576, 0.013010429789761076, 0.028973205918472095, 0.018395341590612492, 0.18466679779843487, -0.052849355595297916, -0.08527362891144494, -0.006281499475049367, 0.023290028256874203], [0.0, -0.18156528273553899, 1.5537074913421016, -2.823792833396123, 6.169074301530836, -12.437516826269253, 43.49650064474595, -2.500179223595579, -34.84066319028231, 0.0, -0.013228442408590231, -0.00058930075892648, 0.009376973151482908, 0.0011973334771789473, 0.01588489090688991, -0.00681734548213617, -0.006001774694155392, 0.008478375405885065, 0.02644191672378964, -0.027578408384856302, 0.004779248006112052, -0.016593329525035175, -0.014263094995657649, 0.014443030733917797, -0.018255455620112524, -0.010659213157327681, 0.022177974531992963, -0.010961259815607059, 0.016797315254284045, 0.0, 0.023621217128165395, 0.020222643967075682, -0.06166150777780066, 0.017356773699732615, 0.0019721955949151115, -0.07843833133825101, 0.07966407319640019, 0.0793912356650823, -0.0457618540336237, 0.1108473367377454, -0.26598164699019244, 0.02177428948261016, 0.02405028763257622, 0.142652236739797, -0.06312296718677574], [19.809129004459486, -1.0505051542072168, -0.9360784354219274, 2.6033586799820547, -6.192470460295054, 1.4763022159826746, -18.224749228500524, 50.336508358972885, -22.398842766485878, -0.0028323175490237392, 0.0008929889134735663, 0.021768895593833354, -0.02121166899232541, 0.0, -0.012863421435648389, -0.0031364419024649025, 0.020268611074480757, -0.005363296132932319, -0.03025941099723549, 0.03202647389092576, 0.01139209183675499, 0.015190411002399665, 0.023017687516511426, -0.026954792234463787, 0.012117569730156964, 0.013384095701990778, -0.03239229652028227, 0.03379669254720616, -0.03363879070149023, 0.005208404922689351, 0.002035825753702465, -0.023607284114883244, 0.017467634095384856, -0.022656001237676405, 0.01119987915088559, 0.01982455709854632, 0.03271289706978765, -0.06247279892888266, 0.024940055514388156, -0.1213101727048761, 0.09326034470217774, 0.0941764806500411, 0.11596937419055732, -0.22173716686829492, 0.014417290303662235]]",(x0)' = -35.302 1 +  22.073 x0 + -49.582 x1 +  17.243 x2 + -0.878 x3 +  6.149 x4 + -2.633 x5 +  1.117 x6 +  0.870 x7 +  0.010 x0^2 +  0.143 x0 x1 + -0.062 x0 x2 + -0.021 x0 x3 + -0.049 x0 x4 +  0.006 x0 x5 +  0.026 x0 x6 +  0.004 x0 x7 + -0.050 x1^2 + -0.042 x1 x2 + -0.007 x1 x3 +  0.020 x1 x4 +  0.025 x1 x5 + -0.022 x1 x6 + -0.023 x1 x7 +  0.051 x2^2 +  0.007 x2 x3 +  0.018 x2 x4 + -0.037 x2 x5 + -0.017 x2 x6 +  0.022 x2 x7 + -0.013 x3^2 +  0.009 x3 x4 +  0.029 x3 x5 + -0.008 x3 x6 +  0.010 x3 x7 + -0.003 x4^2 + -0.011 x4 x6 + -0.006 x4 x7 + -0.005 x5^2 + -0.022 x5 x6 +  0.022 x5 x7 +  0.025 x6^2 + -0.020 x6 x7 + -0.003 x7^2 | (x1)' = -11.305 1 +  34.998 x0 +  2.656 x1 + -43.213 x2 +  11.742 x3 + -5.852 x4 +  2.710 x5 + -1.458 x6 +  0.089 x0^2 + -0.193 x0 x1 + -0.010 x0 x2 +  0.016 x0 x3 +  0.019 x0 x4 +  0.015 x0 x5 + -0.017 x0 x6 + -0.008 x0 x7 + -0.005 x1^2 +  0.216 x1 x2 + -0.040 x1 x3 +  0.012 x1 x4 + -0.049 x1 x5 +  0.014 x1 x6 +  0.029 x1 x7 + -0.100 x2^2 + -0.022 x2 x3 +  0.024 x2 x5 +  0.021 x2 x6 + -0.025 x2 x7 +  0.038 x3^2 + -0.009 x3 x4 + -0.012 x3 x5 + -0.004 x3 x7 + -0.009 x4^2 +  0.005 x4 x6 +  0.020 x5 x6 + -0.011 x5 x7 + -0.013 x6^2 +  0.007 x7^2 | (x2)' =  0.970 1 + -10.584 x0 +  41.010 x1 +  0.551 x2 + -41.421 x3 +  13.287 x4 + -4.831 x5 +  2.365 x6 + -0.996 x7 + -0.055 x0^2 +  0.037 x0 x1 +  0.100 x0 x2 + -0.041 x0 x3 +  0.004 x0 x4 + -0.014 x0 x5 +  0.006 x0 x6 +  0.002 x0 x7 +  0.110 x1^2 + -0.273 x1 x2 +  0.008 x1 x3 +  0.007 x1 x4 +  0.034 x1 x5 + -0.013 x1 x7 +  0.031 x2^2 +  0.189 x2 x3 + -0.050 x2 x4 + -0.003 x2 x5 + -0.041 x2 x6 +  0.014 x2 x7 + -0.091 x3^2 + -0.013 x3 x4 +  0.008 x3 x5 +  0.014 x3 x6 +  0.013 x3 x7 +  0.038 x4^2 + -0.006 x4 x5 + -0.005 x4 x6 + -0.009 x4 x7 + -0.007 x5^2 + -0.006 x5 x6 +  0.007 x5 x7 +  0.005 x6^2 +  0.007 x6 x7 + -0.007 x7^2 | (x3)' =  3.642 x0 + -12.824 x1 +  41.882 x2 + -0.222 x3 + -41.985 x4 +  12.720 x5 + -4.500 x6 +  1.636 x7 +  0.025 x0^2 + -0.050 x0 x2 +  0.010 x0 x3 + -0.002 x0 x4 + -0.072 x1^2 +  0.077 x1 x2 +  0.096 x1 x3 + -0.040 x1 x4 +  0.001 x1 x5 + -0.010 x1 x6 +  0.093 x2^2 + -0.263 x2 x3 +  0.011 x2 x4 +  0.017 x2 x5 +  0.027 x2 x6 +  0.011 x2 x7 +  0.029 x3^2 +  0.188 x3 x4 + -0.056 x3 x5 +  0.002 x3 x6 + -0.038 x3 x7 + -0.090 x4^2 + -0.011 x4 x5 +  0.002 x4 x6 +  0.026 x4 x7 +  0.032 x5^2 + -0.001 x5 x6 + -0.006 x5 x7 + -0.009 x6^2 | (x4)' = -1.553 x0 +  4.740 x1 + -13.357 x2 +  42.328 x3 +  0.252 x4 + -41.582 x5 +  12.345 x6 + -3.498 x7 + -0.003 x0^2 + -0.028 x0 x1 +  0.029 x0 x2 + -0.005 x0 x3 +  0.009 x0 x4 +  0.008 x0 x5 + -0.001 x0 x6 + -0.009 x0 x7 +  0.033 x1^2 +  0.012 x1 x2 + -0.064 x1 x3 +  0.012 x1 x4 +  0.001 x1 x5 + -0.008 x1 x6 +  0.016 x1 x7 + -0.078 x2^2 +  0.084 x2 x3 +  0.088 x2 x4 + -0.051 x2 x5 +  0.006 x2 x6 + -0.020 x2 x7 +  0.092 x3^2 + -0.261 x3 x4 +  0.021 x3 x5 +  0.013 x3 x6 +  0.036 x3 x7 +  0.022 x4^2 +  0.183 x4 x5 + -0.046 x4 x6 + -0.020 x4 x7 + -0.086 x5^2 + -0.016 x5 x6 +  0.014 x5 x7 +  0.035 x6^2 + -0.011 x6 x7 + -0.003 x7^2 | (x5)' =  0.960 x0 + -2.368 x1 +  5.125 x2 + -13.810 x3 +  41.694 x4 + -0.432 x5 + -40.846 x6 +  10.278 x7 +  0.025 x0 x1 + -0.019 x0 x2 +  0.007 x0 x3 + -0.008 x0 x4 + -0.015 x0 x5 +  0.008 x0 x6 + -0.019 x1^2 + -0.015 x1 x2 +  0.020 x1 x3 + -0.001 x1 x4 +  0.012 x1 x5 +  0.007 x1 x6 + -0.007 x1 x7 +  0.030 x2^2 +  0.016 x2 x3 + -0.062 x2 x4 +  0.018 x2 x5 + -0.001 x2 x6 + -0.078 x3^2 +  0.080 x3 x4 +  0.084 x3 x5 + -0.047 x3 x6 + -0.006 x3 x7 +  0.099 x4^2 + -0.255 x4 x5 +  0.013 x4 x6 +  0.029 x4 x7 +  0.018 x5^2 +  0.185 x5 x6 + -0.053 x5 x7 + -0.085 x6^2 + -0.006 x6 x7 +  0.023 x7^2 | (x6)' = -0.182 x0 +  1.554 x1 + -2.824 x2 +  6.169 x3 + -12.438 x4 +  43.497 x5 + -2.500 x6 + -34.841 x7 + -0.013 x0 x1 + -0.001 x0 x2 +  0.009 x0 x3 +  0.001 x0 x4 +  0.016 x0 x5 + -0.007 x0 x6 + -0.006 x0 x7 +  0.008 x1^2 +  0.026 x1 x2 + -0.028 x1 x3 +  0.005 x1 x4 + -0.017 x1 x5 + -0.014 x1 x6 +  0.014 x1 x7 + -0.018 x2^2 + -0.011 x2 x3 +  0.022 x2 x4 + -0.011 x2 x5 +  0.017 x2 x6 +  0.024 x3^2 +  0.020 x3 x4 + -0.062 x3 x5 +  0.017 x3 x6 +  0.002 x3 x7 + -0.078 x4^2 +  0.080 x4 x5 +  0.079 x4 x6 + -0.046 x4 x7 +  0.111 x5^2 + -0.266 x5 x6 +  0.022 x5 x7 +  0.024 x6^2 +  0.143 x6 x7 + -0.063 x7^2 | (x7)' =  19.809 1 + -1.051 x0 + -0.936 x1 +  2.603 x2 + -6.192 x3 +  1.476 x4 + -18.225 x5 +  50.337 x6 + -22.399 x7 + -0.003 x0^2 +  0.001 x0 x1 +  0.022 x0 x2 + -0.021 x0 x3 + -0.013 x0 x5 + -0.003 x0 x6 +  0.020 x0 x7 + -0.005 x1^2 + -0.030 x1 x2 +  0.032 x1 x3 +  0.011 x1 x4 +  0.015 x1 x5 +  0.023 x1 x6 + -0.027 x1 x7 +  0.012 x2^2 +  0.013 x2 x3 + -0.032 x2 x4 +  0.034 x2 x5 + -0.034 x2 x6 +  0.005 x2 x7 +  0.002 x3^2 + -0.024 x3 x4 +  0.017 x3 x5 + -0.023 x3 x6 +  0.011 x3 x7 +  0.020 x4^2 +  0.033 x4 x5 + -0.062 x4 x6 +  0.025 x4 x7 + -0.121 x5^2 +  0.093 x5 x6 +  0.094 x5 x7 +  0.116 x6^2 + -0.222 x6 x7 +  0.014 x7^2
