configuration_index,lowpass_hz,stlsq_threshold,training_lfp_rms_uv,degree,n_delays,delay_samples,delay_ms,embedding_span_ms,smooth_window_samples,smooth_window_ms,derivative_method,fit_status,fit_failure_reason,nonzero_terms,possible_terms,term_utilization_percent,fit_runtime_s,feature_names_json,coefficients_json,equations
1,35.0,1000.0,36.85636440989091,3,2,1,4.0,4.0,0,0.0,finite_difference,success,,20,20,100.0,0.7014211621135473,"[""1"", ""x0"", ""x1"", ""x0^2"", ""x0 x1"", ""x1^2"", ""x0^3"", ""x0^2 x1"", ""x0 x1^2"", ""x1^3""]","[[-11.071707651561294, 233.47063957847288, -240.12249671486924, -0.22342413166362038, 0.4936623730064295, -0.25173469242555985, -0.0033798375723632875, 0.004169679783117877, 0.0018396294238528152, -0.002462880298504225], [5.416246135843362, 239.95382357239393, -233.31929362984934, 0.3363873553264486, -0.6437618910247433, 0.2893010760909219, 0.001290079279376641, 0.0022620176560171853, -0.00857719603770931, 0.004862234616846532]]",(x0)' = -11.072 1 +  233.471 x0 + -240.122 x1 + -0.223 x0^2 +  0.494 x0 x1 + -0.252 x1^2 + -0.003 x0^3 +  0.004 x0^2 x1 +  0.002 x0 x1^2 + -0.002 x1^3 | (x1)' =  5.416 1 +  239.954 x0 + -233.319 x1 +  0.336 x0^2 + -0.644 x0 x1 +  0.289 x1^2 +  0.001 x0^3 +  0.002 x0^2 x1 + -0.009 x0 x1^2 +  0.005 x1^3
2,35.0,1000.0,36.85636440989091,3,2,1,4.0,4.0,5,20.0,smoothed_finite_difference_savgol_order_3,success,,20,20,100.0,0.20578164607286453,"[""1"", ""x0"", ""x1"", ""x0^2"", ""x0 x1"", ""x1^2"", ""x0^3"", ""x0^2 x1"", ""x0 x1^2"", ""x1^3""]","[[-10.7390322268392, 233.72886091583817, -240.3168152397096, -0.22359032474579354, 0.4922492635474963, -0.2505391266061803, -0.0033723098359057977, 0.0041393447470662965, 0.0018855571958055868, -0.0024857697685745483], [5.389593909632069, 240.15748555834082, -233.58646985830532, 0.33190144588456816, -0.6342134732076087, 0.28465252850857736, 0.0012680259406310757, 0.0023366145151471063, -0.008656891484231904, 0.0048889375553233]]",(x0)' = -10.739 1 +  233.729 x0 + -240.317 x1 + -0.224 x0^2 +  0.492 x0 x1 + -0.251 x1^2 + -0.003 x0^3 +  0.004 x0^2 x1 +  0.002 x0 x1^2 + -0.002 x1^3 | (x1)' =  5.390 1 +  240.157 x0 + -233.586 x1 +  0.332 x0^2 + -0.634 x0 x1 +  0.285 x1^2 +  0.001 x0^3 +  0.002 x0^2 x1 + -0.009 x0 x1^2 +  0.005 x1^3
3,35.0,1000.0,36.85636440989091,3,2,1,4.0,4.0,9,36.0,smoothed_finite_difference_savgol_order_3,success,,20,20,100.0,0.20544882118701935,"[""1"", ""x0"", ""x1"", ""x0^2"", ""x0 x1"", ""x1^2"", ""x0^3"", ""x0^2 x1"", ""x0 x1^2"", ""x1^3""]","[[-8.236993399802019, 235.92683633041204, -241.91105985267913, -0.21420608161777085, 0.45810366087850407, -0.22937238020156037, -0.0030684132892197535, 0.0031519883171358997, 0.0029942919624412942, -0.0029098012075718773], [4.895524470611783, 241.84557933930267, -235.86406795192107, 0.29211654508796947, -0.5492635666876888, 0.2431393583876504, 0.0011048043790343987, 0.0026952459426905326, -0.008879314643193493, 0.004913739237986034]]",(x0)' = -8.237 1 +  235.927 x0 + -241.911 x1 + -0.214 x0^2 +  0.458 x0 x1 + -0.229 x1^2 + -0.003 x0^3 +  0.003 x0^2 x1 +  0.003 x0 x1^2 + -0.003 x1^3 | (x1)' =  4.896 1 +  241.846 x0 + -235.864 x1 +  0.292 x0^2 + -0.549 x0 x1 +  0.243 x1^2 +  0.001 x0^3 +  0.003 x0^2 x1 + -0.009 x0 x1^2 +  0.005 x1^3
4,35.0,1000.0,36.85636440989091,3,2,2,8.0,8.0,0,0.0,finite_difference,success,,20,20,100.0,0.19243965484201908,"[""1"", ""x0"", ""x1"", ""x0^2"", ""x0 x1"", ""x1^2"", ""x0^3"", ""x0^2 x1"", ""x0 x1^2"", ""x1^3""]","[[-18.807354590302065, 106.0689229665669, -118.54028220338161, -0.09381566307931287, 0.24559754916672144, -0.11867066893909019, -0.0016461746041404885, 0.0020116679293868895, 0.001228980401826467, -0.0012494908754694554], [8.022297854526673, 118.39621401528598, -105.93890557180747, 0.16752628104952785, -0.31925989722091547, 0.11962582356424176, 0.0010234324715431085, -0.00015325793835407344, -0.0032061456710998876, 0.0019958707916220746]]",(x0)' = -18.807 1 +  106.069 x0 + -118.540 x1 + -0.094 x0^2 +  0.246 x0 x1 + -0.119 x1^2 + -0.002 x0^3 +  0.002 x0^2 x1 +  0.001 x0 x1^2 + -0.001 x1^3 | (x1)' =  8.022 1 +  118.396 x0 + -105.939 x1 +  0.168 x0^2 + -0.319 x0 x1 +  0.120 x1^2 +  0.001 x0^3 + -0.003 x0 x1^2 +  0.002 x1^3
5,35.0,1000.0,36.85636440989091,3,2,2,8.0,8.0,5,20.0,smoothed_finite_difference_savgol_order_3,success,,20,20,100.0,0.19957555085420609,"[""1"", ""x0"", ""x1"", ""x0^2"", ""x0 x1"", ""x1^2"", ""x0^3"", ""x0^2 x1"", ""x0 x1^2"", ""x1^3""]","[[-18.316920134298456, 106.32560471796981, -118.69267013228568, -0.09418349986136014, 0.2445133224136644, -0.11786018180809998, -0.0016504170057235667, 0.002021795684040069, 0.001227970364399429, -0.0012543385788815358], [8.001824588457287, 118.55558011903169, -106.20108859448894, 0.1657611024775667, -0.314964932459556, 0.11778321273948356, 0.0010153294945730292, -0.00012527702545082363, -0.0032351812511135255, 0.0020046417492594324]]",(x0)' = -18.317 1 +  106.326 x0 + -118.693 x1 + -0.094 x0^2 +  0.245 x0 x1 + -0.118 x1^2 + -0.002 x0^3 +  0.002 x0^2 x1 +  0.001 x0 x1^2 + -0.001 x1^3 | (x1)' =  8.002 1 +  118.556 x0 + -106.201 x1 +  0.166 x0^2 + -0.315 x0 x1 +  0.118 x1^2 +  0.001 x0^3 + -0.003 x0 x1^2 +  0.002 x1^3
6,35.0,1000.0,36.85636440989091,3,2,2,8.0,8.0,9,36.0,smoothed_finite_difference_savgol_order_3,success,,20,20,100.0,0.2048556562513113,"[""1"", ""x0"", ""x1"", ""x0^2"", ""x0 x1"", ""x1^2"", ""x0^3"", ""x0^2 x1"", ""x0 x1^2"", ""x1^3""]","[[-14.388919140058583, 108.57958447573586, -119.92523450249762, -0.09362746577828329, 0.22662544644783564, -0.10663653191232382, -0.0016771461577357262, 0.0020616224791582794, 0.0012759019257614205, -0.001316875766705539], [7.476341300180625, 119.84622953806367, -108.48377632837142, 0.14864709107191446, -0.2739553242833118, 0.100176218082547, 0.0009293534548592843, 0.00010318124623137822, -0.0034147589400282405, 0.0020409439130500986]]",(x0)' = -14.389 1 +  108.580 x0 + -119.925 x1 + -0.094 x0^2 +  0.227 x0 x1 + -0.107 x1^2 + -0.002 x0^3 +  0.002 x0^2 x1 +  0.001 x0 x1^2 + -0.001 x1^3 | (x1)' =  7.476 1 +  119.846 x0 + -108.484 x1 +  0.149 x0^2 + -0.274 x0 x1 +  0.100 x1^2 +  0.001 x0^3 + -0.003 x0 x1^2 +  0.002 x1^3
7,35.0,1000.0,36.85636440989091,3,2,5,20.0,20.0,0,0.0,finite_difference,success,,19,20,95.0,0.2119444627314806,"[""1"", ""x0"", ""x1"", ""x0^2"", ""x0 x1"", ""x1^2"", ""x0^3"", ""x0^2 x1"", ""x0 x1^2"", ""x1^3""]","[[-12.775969260125946, 21.19758135327376, -39.582404400942295, 0.0032417880742567763, 0.05158016497637007, -0.030725843691701518, -0.0005336817614199863, 0.0011998444281069482, 0.00032896123290665296, -0.0002054396885110748], [0.0, 39.81149192976817, -21.215487182489802, 0.07466300242908222, -0.091502628425844, -0.006496135431541879, 0.00013503430749829372, -0.00012865892888218238, -0.001291005243497704, 0.0005009475719180932]]",(x0)' = -12.776 1 +  21.198 x0 + -39.582 x1 +  0.003 x0^2 +  0.052 x0 x1 + -0.031 x1^2 + -0.001 x0^3 +  0.001 x0^2 x1 | (x1)' =  39.811 x0 + -21.215 x1 +  0.075 x0^2 + -0.092 x0 x1 + -0.006 x1^2 + -0.001 x0 x1^2 +  0.001 x1^3
8,35.0,1000.0,36.85636440989091,3,2,5,20.0,20.0,5,20.0,smoothed_finite_difference_savgol_order_3,success,,19,20,95.0,0.21596802957355976,"[""1"", ""x0"", ""x1"", ""x0^2"", ""x0 x1"", ""x1^2"", ""x0^3"", ""x0^2 x1"", ""x0 x1^2"", ""x1^3""]","[[-12.400980591351496, 21.406455480270047, -39.80508569591565, 0.0024701778681502735, 0.05256871796459617, -0.030916019047620306, -0.0005375571352701504, 0.0012020883803223346, 0.00034060162163849654, -0.00021450495849217158], [0.0, 40.03374552733864, -21.425374830966646, 0.07394453172039905, -0.0907562250180442, -0.006358394134643882, 0.00014018668169453441, -0.0001307920412488507, -0.0012992616630963843, 0.0005046985485568254]]",(x0)' = -12.401 1 +  21.406 x0 + -39.805 x1 +  0.002 x0^2 +  0.053 x0 x1 + -0.031 x1^2 + -0.001 x0^3 +  0.001 x0^2 x1 | (x1)' =  40.034 x0 + -21.425 x1 +  0.074 x0^2 + -0.091 x0 x1 + -0.006 x1^2 + -0.001 x0 x1^2 +  0.001 x1^3
9,35.0,1000.0,36.85636440989091,3,2,5,20.0,20.0,9,36.0,smoothed_finite_difference_savgol_order_3,success,,20,20,100.0,0.2039031833410263,"[""1"", ""x0"", ""x1"", ""x0^2"", ""x0 x1"", ""x1^2"", ""x0^3"", ""x0^2 x1"", ""x0 x1^2"", ""x1^3""]","[[-9.210161177380604, 23.472557821170923, -41.775914039555325, -0.004627287030480397, 0.059223024862240015, -0.03116887539910164, -0.0005664257635085773, 0.001213154066596379, 0.0004426733883311422, -0.0002971858193909462], [-10.334612685551985, 42.01470212619483, -23.508949471004243, 0.06958610355493747, -0.08614730581836712, -0.0024650317597414593, 0.00019466786371307408, -0.00015963189753264427, -0.0013799049600973462, 0.000547240837047576]]",(x0)' = -9.210 1 +  23.473 x0 + -41.776 x1 + -0.005 x0^2 +  0.059 x0 x1 + -0.031 x1^2 + -0.001 x0^3 +  0.001 x0^2 x1 | (x1)' = -10.335 1 +  42.015 x0 + -23.509 x1 +  0.070 x0^2 + -0.086 x0 x1 + -0.002 x1^2 + -0.001 x0 x1^2 +  0.001 x1^3
10,35.0,1000.0,36.85636440989091,3,4,1,4.0,12.0,0,0.0,finite_difference,success,,135,140,96.42857142857143,1.7707208320498466,"[""1"", ""x0"", ""x1"", ""x2"", ""x3"", ""x0^2"", ""x0 x1"", ""x0 x2"", ""x0 x3"", ""x1^2"", ""x1 x2"", ""x1 x3"", ""x2^2"", ""x2 x3"", ""x3^2"", ""x0^3"", ""x0^2 x1"", ""x0^2 x2"", ""x0^2 x3"", ""x0 x1^2"", ""x0 x1 x2"", ""x0 x1 x3"", ""x0 x2^2"", ""x0 x2 x3"", ""x0 x3^2"", ""x1^3"", ""x1^2 x2"", ""x1^2 x3"", ""x1 x2^2"", ""x1 x2 x3"", ""x1 x3^2"", ""x2^3"", ""x2^2 x3"", ""x2 x3^2"", ""x3^3""]","[[-6.344594645693326, 432.4340576165223, -727.3515030667836, 401.0033527625395, -107.30659801087776, -2.559523978172084, 14.09074281506056, -14.1346429876919, 5.197276748159513, -18.918704926278522, 37.47185733017686, -13.788326805604202, -18.410262518126498, 13.517379038826899, -2.465051545094052, -0.01009393867737313, 0.041079241371350265, -0.023702440618929257, -0.003088918488441193, -0.0300793233489809, 0.03688558206124884, 0.03175966624689532, -0.051757253309337115, 0.023286479214353985, -0.00800935061754523, -0.03266477444685551, 0.07467277403493297, -0.07474117968772773, 0.0261149834335526, 0.019084927775463886, 0.0030012087945004225, -0.05083846785752594, 0.04704095904851778, -0.020603684154113296, 0.0027134025787221576], [0.013446562063628415, 124.98731069227168, 0.06722860932409586, -125.09249487876382, 0.03891852451550021, -0.003525014874277996, 0.011299804861686464, -0.004947740053281734, 0.00014031810464672275, -0.008478329379975889, 0.0067148759688865686, 0.0, -0.0011781958150978871, 0.0, -2.6849858267250472e-05, 0.00011651080713107065, -0.00037294290172990973, 0.00020478718277754145, -0.0006683457743504057, 0.00032603042894521447, -0.0004223590423108242, 0.0033762593229548733, -7.745106979713086e-05, -0.0028021178322031413, 0.0009397896015292737, 5.44567182550791e-05, -0.0009742450529779486, -0.003566997867495338, 0.0034425377188976457, 0.0036646254581804067, -0.0014620826366609733, -0.002817548354700517, 0.001055159288419171, -2.2226904803133554e-05, 6.150878663632272e-06], [0.0712470134527184, 0.020178144547102827, 124.95649440884415, 0.045959171606700225, -125.02061966014075, 0.00046741903016877157, 0.0, 0.0, 0.0, -0.0014939857729311466, 0.0017647861995827455, -0.0008709046811248582, -0.0014988404378945858, 0.0031215107960897706, -0.0014935096635872828, -0.0009101138020805566, 0.004077275049166828, -0.002305308419450391, 0.001226177429226085, -0.004387033590562841, 0.003046592778054811, -0.0042951993535306566, -6.35047092356503e-06, 0.0036521027346096365, -0.0013085005702747775, -0.0005045642833788367, 0.005423747236558741, 0.003375371316088277, -0.006917320944026581, -0.006103978032259198, 0.002954112584453814, 0.0023956995303480457, 0.0027513058815114046, -0.0026133144144639864, 0.00044914094129076956], [5.516265555302054, 106.07620033626499, -397.33078554417204, 723.9712985765764, -431.5128956724991, 2.415802426160032, -12.948076256229058, 12.879315382396912, -4.728928925763452, 17.087446554385654, -33.88015444231174, 12.530412102549093, 16.78049473581319, -12.40427372805286, 2.2673885882589366, 0.008541564218139088, -0.035647776522845974, 0.059713777762320557, -0.031641629797345736, -0.00015325537722072708, -0.13595814808752058, 0.1030455072105812, 0.14755679462687277, -0.17181176919769334, 0.046430571603304285, 0.1080018027702674, -0.18033989542450535, 0.008227789629920898, 0.0580189547995474, 0.06782068505073138, -0.03623074512582399, -0.006589675946305759, -0.021820941480380718, 0.012761640188244203, 1.4861774926168962e-05]]",(x0)' = -6.345 1 +  432.434 x0 + -727.352 x1 +  401.003 x2 + -107.307 x3 + -2.560 x0^2 +  14.091 x0 x1 + -14.135 x0 x2 +  5.197 x0 x3 + -18.919 x1^2 +  37.472 x1 x2 + -13.788 x1 x3 + -18.410 x2^2 +  13.517 x2 x3 + -2.465 x3^2 + -0.010 x0^3 +  0.041 x0^2 x1 + -0.024 x0^2 x2 + -0.003 x0^2 x3 + -0.030 x0 x1^2 +  0.037 x0 x1 x2 +  0.032 x0 x1 x3 + -0.052 x0 x2^2 +  0.023 x0 x2 x3 + -0.008 x0 x3^2 + -0.033 x1^3 +  0.075 x1^2 x2 + -0.075 x1^2 x3 +  0.026 x1 x2^2 +  0.019 x1 x2 x3 +  0.003 x1 x3^2 + -0.051 x2^3 +  0.047 x2^2 x3 + -0.021 x2 x3^2 +  0.003 x3^3 | (x1)' =  0.013 1 +  124.987 x0 +  0.067 x1 + -125.092 x2 +  0.039 x3 + -0.004 x0^2 +  0.011 x0 x1 + -0.005 x0 x2 + -0.008 x1^2 +  0.007 x1 x2 + -0.001 x2^2 + -0.001 x0^2 x3 +  0.003 x0 x1 x3 + -0.003 x0 x2 x3 +  0.001 x0 x3^2 + -0.001 x1^2 x2 + -0.004 x1^2 x3 +  0.003 x1 x2^2 +  0.004 x1 x2 x3 + -0.001 x1 x3^2 + -0.003 x2^3 +  0.001 x2^2 x3 | (x2)' =  0.071 1 +  0.020 x0 +  124.956 x1 +  0.046 x2 + -125.021 x3 + -0.001 x1^2 +  0.002 x1 x2 + -0.001 x1 x3 + -0.001 x2^2 +  0.003 x2 x3 + -0.001 x3^2 + -0.001 x0^3 +  0.004 x0^2 x1 + -0.002 x0^2 x2 +  0.001 x0^2 x3 + -0.004 x0 x1^2 +  0.003 x0 x1 x2 + -0.004 x0 x1 x3 +  0.004 x0 x2 x3 + -0.001 x0 x3^2 + -0.001 x1^3 +  0.005 x1^2 x2 +  0.003 x1^2 x3 + -0.007 x1 x2^2 + -0.006 x1 x2 x3 +  0.003 x1 x3^2 +  0.002 x2^3 +  0.003 x2^2 x3 + -0.003 x2 x3^2 | (x3)' =  5.516 1 +  106.076 x0 + -397.331 x1 +  723.971 x2 + -431.513 x3 +  2.416 x0^2 + -12.948 x0 x1 +  12.879 x0 x2 + -4.729 x0 x3 +  17.087 x1^2 + -33.880 x1 x2 +  12.530 x1 x3 +  16.780 x2^2 + -12.404 x2 x3 +  2.267 x3^2 +  0.009 x0^3 + -0.036 x0^2 x1 +  0.060 x0^2 x2 + -0.032 x0^2 x3 + -0.136 x0 x1 x2 +  0.103 x0 x1 x3 +  0.148 x0 x2^2 + -0.172 x0 x2 x3 +  0.046 x0 x3^2 +  0.108 x1^3 + -0.180 x1^2 x2 +  0.008 x1^2 x3 +  0.058 x1 x2^2 +  0.068 x1 x2 x3 + -0.036 x1 x3^2 + -0.007 x2^3 + -0.022 x2^2 x3 +  0.013 x2 x3^2
11,35.0,1000.0,36.85636440989091,3,4,1,4.0,12.0,5,20.0,smoothed_finite_difference_savgol_order_3,success,,136,140,97.14285714285714,1.7001373507082462,"[""1"", ""x0"", ""x1"", ""x2"", ""x3"", ""x0^2"", ""x0 x1"", ""x0 x2"", ""x0 x3"", ""x1^2"", ""x1 x2"", ""x1 x3"", ""x2^2"", ""x2 x3"", ""x3^2"", ""x0^3"", ""x0^2 x1"", ""x0^2 x2"", ""x0^2 x3"", ""x0 x1^2"", ""x0 x1 x2"", ""x0 x1 x3"", ""x0 x2^2"", ""x0 x2 x3"", ""x0 x3^2"", ""x1^3"", ""x1^2 x2"", ""x1^2 x3"", ""x1 x2^2"", ""x1 x2 x3"", ""x1 x3^2"", ""x2^3"", ""x2^2 x3"", ""x2 x3^2"", ""x3^3""]","[[-6.083248448216897, 433.94917320504277, -730.6862750120658, 403.38341511065187, -107.82613319631061, -2.5818704610710155, 14.27733302230773, -14.376191096149874, 5.297164854328566, -19.279516181086382, 38.367265782850865, -14.150322390208252, -18.95162077957617, 13.948289066498855, -2.5498478466668937, -0.010114949963778801, 0.041392238450054394, -0.023460032597067595, -0.0038770000057544124, -0.0307882982899527, 0.03616133045649032, 0.035483720093384324, -0.05147856813829932, 0.02052226391129961, -0.0072732425032107795, -0.03224061972703159, 0.07419292642537167, -0.07854593375395909, 0.02936315025640609, 0.022222611413812394, 0.0019838293132811917, -0.053883983294700746, 0.04845921296256919, -0.020741849031149655, 0.0026814649045485343], [0.02302272038675228, 124.96147619073402, 0.14302955892271582, -125.17054608030207, 0.06685163583289422, -0.004952071649698663, 0.015475470909242, -0.006635914725079382, 0.0004142885086703246, -0.010644838099895353, 0.006938244493347582, 0.0, -0.00038820950939204665, 0.0, -0.0002116466232678439, 0.00012224378906825923, -0.00026319552944374663, 3.413861884740366e-05, -0.0007886171510706341, 0.00014853178751403245, -0.00024391030019366654, 0.0043540472370866825, -9.090135177404105e-05, -0.0037053594764023413, 0.0012291672016426628, 1.2709014548939115e-06, -0.0009014242899057125, -0.004785782291173446, 0.0042747604827025895, 0.004707972741795624, -0.0018110370228577057, -0.0038306815618150206, 0.0017727941333397302, -0.00026557776000477084, 4.160049956212184e-05], [0.08933323170785638, 0.0023467059952434555, 125.01015260468667, -0.008740201170058663, -125.00164232621061, -0.00021283697567797759, 0.0, 0.0015911433362241628, 0.0, 0.00356359038191163, -0.011725112869936372, 0.0019061532946022836, 0.006017601202584285, 0.000591826526949013, -0.0017380643899920533, -0.001284677672367928, 0.005904057822418348, -0.0035656215096830264, 0.0019126421012944893, -0.00642768187755856, 0.004995497715323723, -0.00654469836917215, -0.000351178771879015, 0.005629587729291586, -0.0019826994051274846, -0.0009488492495443292, 0.008390783053771047, 0.0047831985629981305, -0.010398399261426055, -0.008957022155199997, 0.004425565932190403, 0.0034208739465569466, 0.0044121346937622905, -0.004135965890568791, 0.0007222984494718321], [5.372337645447892, 106.61015388097529, -399.7668711932655, 727.3674964860305, -433.0484924528413, 2.468686400169417, -13.28024879542074, 13.227498025114851, -4.851849299861973, 17.6052555540186, -34.95637657564295, 12.906041394905705, 17.331845822281426, -12.781729181867274, 2.3303421021225934, 0.008084613588836966, -0.03299603082776488, 0.0583990615119592, -0.030704273460319235, -0.004445231629969379, -0.13456334720236807, 0.09986287436156807, 0.15013505385533876, -0.17077305882511234, 0.04572097735442092, 0.1099586345961128, -0.178285934290479, 0.011731026009244533, 0.050605045434875436, 0.06310068945235926, -0.033373858324592866, -0.003813428721137492, -0.01838635681189635, 0.00879520324469042, 0.0008902146574363175]]",(x0)' = -6.083 1 +  433.949 x0 + -730.686 x1 +  403.383 x2 + -107.826 x3 + -2.582 x0^2 +  14.277 x0 x1 + -14.376 x0 x2 +  5.297 x0 x3 + -19.280 x1^2 +  38.367 x1 x2 + -14.150 x1 x3 + -18.952 x2^2 +  13.948 x2 x3 + -2.550 x3^2 + -0.010 x0^3 +  0.041 x0^2 x1 + -0.023 x0^2 x2 + -0.004 x0^2 x3 + -0.031 x0 x1^2 +  0.036 x0 x1 x2 +  0.035 x0 x1 x3 + -0.051 x0 x2^2 +  0.021 x0 x2 x3 + -0.007 x0 x3^2 + -0.032 x1^3 +  0.074 x1^2 x2 + -0.079 x1^2 x3 +  0.029 x1 x2^2 +  0.022 x1 x2 x3 +  0.002 x1 x3^2 + -0.054 x2^3 +  0.048 x2^2 x3 + -0.021 x2 x3^2 +  0.003 x3^3 | (x1)' =  0.023 1 +  124.961 x0 +  0.143 x1 + -125.171 x2 +  0.067 x3 + -0.005 x0^2 +  0.015 x0 x1 + -0.007 x0 x2 + -0.011 x1^2 +  0.007 x1 x2 + -0.001 x0^2 x3 +  0.004 x0 x1 x3 + -0.004 x0 x2 x3 +  0.001 x0 x3^2 + -0.001 x1^2 x2 + -0.005 x1^2 x3 +  0.004 x1 x2^2 +  0.005 x1 x2 x3 + -0.002 x1 x3^2 + -0.004 x2^3 +  0.002 x2^2 x3 | (x2)' =  0.089 1 +  0.002 x0 +  125.010 x1 + -0.009 x2 + -125.002 x3 +  0.002 x0 x2 +  0.004 x1^2 + -0.012 x1 x2 +  0.002 x1 x3 +  0.006 x2^2 +  0.001 x2 x3 + -0.002 x3^2 + -0.001 x0^3 +  0.006 x0^2 x1 + -0.004 x0^2 x2 +  0.002 x0^2 x3 + -0.006 x0 x1^2 +  0.005 x0 x1 x2 + -0.007 x0 x1 x3 +  0.006 x0 x2 x3 + -0.002 x0 x3^2 + -0.001 x1^3 +  0.008 x1^2 x2 +  0.005 x1^2 x3 + -0.010 x1 x2^2 + -0.009 x1 x2 x3 +  0.004 x1 x3^2 +  0.003 x2^3 +  0.004 x2^2 x3 + -0.004 x2 x3^2 +  0.001 x3^3 | (x3)' =  5.372 1 +  106.610 x0 + -399.767 x1 +  727.367 x2 + -433.048 x3 +  2.469 x0^2 + -13.280 x0 x1 +  13.227 x0 x2 + -4.852 x0 x3 +  17.605 x1^2 + -34.956 x1 x2 +  12.906 x1 x3 +  17.332 x2^2 + -12.782 x2 x3 +  2.330 x3^2 +  0.008 x0^3 + -0.033 x0^2 x1 +  0.058 x0^2 x2 + -0.031 x0^2 x3 + -0.004 x0 x1^2 + -0.135 x0 x1 x2 +  0.100 x0 x1 x3 +  0.150 x0 x2^2 + -0.171 x0 x2 x3 +  0.046 x0 x3^2 +  0.110 x1^3 + -0.178 x1^2 x2 +  0.012 x1^2 x3 +  0.051 x1 x2^2 +  0.063 x1 x2 x3 + -0.033 x1 x3^2 + -0.004 x2^3 + -0.018 x2^2 x3 +  0.009 x2 x3^2 +  0.001 x3^3
12,35.0,1000.0,36.85636440989091,3,4,1,4.0,12.0,9,36.0,smoothed_finite_difference_savgol_order_3,success,,135,140,96.42857142857143,1.4807614628225565,"[""1"", ""x0"", ""x1"", ""x2"", ""x3"", ""x0^2"", ""x0 x1"", ""x0 x2"", ""x0 x3"", ""x1^2"", ""x1 x2"", ""x1 x3"", ""x2^2"", ""x2 x3"", ""x3^2"", ""x0^3"", ""x0^2 x1"", ""x0^2 x2"", ""x0^2 x3"", ""x0 x1^2"", ""x0 x1 x2"", ""x0 x1 x3"", ""x0 x2^2"", ""x0 x2 x3"", ""x0 x3^2"", ""x1^3"", ""x1^2 x2"", ""x1^2 x3"", ""x1 x2^2"", ""x1 x2 x3"", ""x1 x3^2"", ""x2^3"", ""x2^2 x3"", ""x2 x3^2"", ""x3^3""]","[[-3.8359137215922465, 444.82212498650165, -753.8406175002416, 418.7960238342024, -110.6379415668009, -2.9423988996678334, 16.784654888305052, -17.272243232247494, 6.401405553699434, -23.639431910437192, 48.424007022675774, -17.98828700526058, -24.734269794118642, 18.35238010256985, -3.3855048720897605, 0.002020282590734741, -0.019830269460460632, 0.01597145462880682, -0.03514844553266055, 0.04915263203629591, -0.035929769152110325, 0.17271378941182441, -0.04338198436797453, -0.110909609089256, 0.040982141913957555, -0.03253719650384367, -0.03431555826197976, -0.20335869231434886, 0.24026666337509645, 0.20926057682147983, -0.09299181643900789, -0.16898615778769682, 0.012364885334661662, 0.04500357694743615, -0.010301795281666054], [0.04631251090038106, 125.31563802698376, -0.6325620265058237, -124.54141576555578, -0.1256986022663915, -0.02498122934596608, 0.08293964267940514, -0.04133580027603963, 0.008399712238815275, -0.0511639133587193, 0.020653820688710578, 0.0, 0.012619400226795897, -0.007034858698738738, 0.0, 0.005408866407047672, -0.029307131364312355, 0.013145156155954985, -0.005558181604588686, 0.03798595524592459, 0.0, 0.014151072425859725, -0.024113039322891463, -0.011688849449800613, 0.010885438998309684, -0.0037377629496257864, -0.05740952153238864, -0.015807260910862275, 0.07841444242572503, 0.057960557628369734, -0.039646232161941644, -0.017512160824438586, -0.0551143199449781, 0.05230858117475345, -0.010367322744380535], [0.0205710229719058, 1.0453549482605318, 122.40469505531411, 2.325545151515714, -125.75265439324518, -0.026452505140794846, 0.0, 0.14007518394310284, -0.08433295245843975, 0.2388402582593761, -0.9122820923485664, 0.43307960518829397, 0.6841153043197743, -0.5991470117308785, 0.12620620209866584, -0.009382266451651595, 0.043585098796907376, -0.027422768939885322, 0.020143263012812742, -0.05628316561184805, 0.06402944062821202, -0.08972057256566024, -0.018767413892820037, 0.08199785724166955, -0.026018447094550312, -0.0037702178955720863, 0.08876671572409126, 0.05316922738739532, -0.19477037645863504, 0.0, 0.017517843188277742, 0.12662783873670608, -0.09591937679327389, 0.031184630951988524, -0.004969665336710053], [3.7738807543841233, 111.05788648072848, -419.7852162172515, 754.9997875591098, -445.41936022425614, 3.034384896203497, -17.031866463091763, 17.341730873363552, -6.351650353891407, 23.728088741817313, -48.2361845727091, 17.71183727863908, 24.45936705299983, -17.895685259106884, 3.2397597143942867, -0.004567934958995782, 0.02948699689601769, 0.02693619694809774, 0.0010472496997297421, -0.09245842032633861, -0.08226374310883039, -0.048521844822405326, 0.1650015527040685, -0.03872217278462337, -0.004975194938543818, 0.12936393357310352, -0.0861571548073815, 0.16321320589388272, -0.1802497675555109, -0.1432536391637456, 0.06875045221404442, 0.13035365436167598, 0.008885788779951765, -0.05553650082130817, 0.013621988720906914]]",(x0)' = -3.836 1 +  444.822 x0 + -753.841 x1 +  418.796 x2 + -110.638 x3 + -2.942 x0^2 +  16.785 x0 x1 + -17.272 x0 x2 +  6.401 x0 x3 + -23.639 x1^2 +  48.424 x1 x2 + -17.988 x1 x3 + -24.734 x2^2 +  18.352 x2 x3 + -3.386 x3^2 +  0.002 x0^3 + -0.020 x0^2 x1 +  0.016 x0^2 x2 + -0.035 x0^2 x3 +  0.049 x0 x1^2 + -0.036 x0 x1 x2 +  0.173 x0 x1 x3 + -0.043 x0 x2^2 + -0.111 x0 x2 x3 +  0.041 x0 x3^2 + -0.033 x1^3 + -0.034 x1^2 x2 + -0.203 x1^2 x3 +  0.240 x1 x2^2 +  0.209 x1 x2 x3 + -0.093 x1 x3^2 + -0.169 x2^3 +  0.012 x2^2 x3 +  0.045 x2 x3^2 + -0.010 x3^3 | (x1)' =  0.046 1 +  125.316 x0 + -0.633 x1 + -124.541 x2 + -0.126 x3 + -0.025 x0^2 +  0.083 x0 x1 + -0.041 x0 x2 +  0.008 x0 x3 + -0.051 x1^2 +  0.021 x1 x2 +  0.013 x2^2 + -0.007 x2 x3 +  0.005 x0^3 + -0.029 x0^2 x1 +  0.013 x0^2 x2 + -0.006 x0^2 x3 +  0.038 x0 x1^2 +  0.014 x0 x1 x3 + -0.024 x0 x2^2 + -0.012 x0 x2 x3 +  0.011 x0 x3^2 + -0.004 x1^3 + -0.057 x1^2 x2 + -0.016 x1^2 x3 +  0.078 x1 x2^2 +  0.058 x1 x2 x3 + -0.040 x1 x3^2 + -0.018 x2^3 + -0.055 x2^2 x3 +  0.052 x2 x3^2 + -0.010 x3^3 | (x2)' =  0.021 1 +  1.045 x0 +  122.405 x1 +  2.326 x2 + -125.753 x3 + -0.026 x0^2 +  0.140 x0 x2 + -0.084 x0 x3 +  0.239 x1^2 + -0.912 x1 x2 +  0.433 x1 x3 +  0.684 x2^2 + -0.599 x2 x3 +  0.126 x3^2 + -0.009 x0^3 +  0.044 x0^2 x1 + -0.027 x0^2 x2 +  0.020 x0^2 x3 + -0.056 x0 x1^2 +  0.064 x0 x1 x2 + -0.090 x0 x1 x3 + -0.019 x0 x2^2 +  0.082 x0 x2 x3 + -0.026 x0 x3^2 + -0.004 x1^3 +  0.089 x1^2 x2 +  0.053 x1^2 x3 + -0.195 x1 x2^2 +  0.018 x1 x3^2 +  0.127 x2^3 + -0.096 x2^2 x3 +  0.031 x2 x3^2 + -0.005 x3^3 | (x3)' =  3.774 1 +  111.058 x0 + -419.785 x1 +  755.000 x2 + -445.419 x3 +  3.034 x0^2 + -17.032 x0 x1 +  17.342 x0 x2 + -6.352 x0 x3 +  23.728 x1^2 + -48.236 x1 x2 +  17.712 x1 x3 +  24.459 x2^2 + -17.896 x2 x3 +  3.240 x3^2 + -0.005 x0^3 +  0.029 x0^2 x1 +  0.027 x0^2 x2 +  0.001 x0^2 x3 + -0.092 x0 x1^2 + -0.082 x0 x1 x2 + -0.049 x0 x1 x3 +  0.165 x0 x2^2 + -0.039 x0 x2 x3 + -0.005 x0 x3^2 +  0.129 x1^3 + -0.086 x1^2 x2 +  0.163 x1^2 x3 + -0.180 x1 x2^2 + -0.143 x1 x2 x3 +  0.069 x1 x3^2 +  0.130 x2^3 +  0.009 x2^2 x3 + -0.056 x2 x3^2 +  0.014 x3^3
13,35.0,1000.0,36.85636440989091,3,4,2,8.0,24.0,0,0.0,finite_difference,success,,136,140,97.14285714285714,1.4721907321363688,"[""1"", ""x0"", ""x1"", ""x2"", ""x3"", ""x0^2"", ""x0 x1"", ""x0 x2"", ""x0 x3"", ""x1^2"", ""x1 x2"", ""x1 x3"", ""x2^2"", ""x2 x3"", ""x3^2"", ""x0^3"", ""x0^2 x1"", ""x0^2 x2"", ""x0^2 x3"", ""x0 x1^2"", ""x0 x1 x2"", ""x0 x1 x3"", ""x0 x2^2"", ""x0 x2 x3"", ""x0 x3^2"", ""x1^3"", ""x1^2 x2"", ""x1^2 x3"", ""x1 x2^2"", ""x1 x2 x3"", ""x1 x3^2"", ""x2^3"", ""x2^2 x3"", ""x2 x3^2"", ""x3^3""]","[[-27.19120909750815, 169.92881905556453, -267.9381429715328, 130.6401936993195, -37.07305103538402, -0.18065930441331568, 0.8975496566464303, -0.9355202264445995, 0.4446181288155709, -0.8100455263628857, 1.5094713430407947, -0.8419216693126708, -0.6847286301327387, 0.8116306148589902, -0.20782658406095, 0.0005638383590346747, -0.007183629205975668, 0.01024674391449177, -0.00593094934028674, 0.017721275498924674, -0.038812368459957516, 0.022717116436859124, 0.015218617257497204, -0.015322958684094203, 0.002920210430196229, -0.012697688095299942, 0.03694380805189867, -0.02216345383288074, -0.02819539443218985, 0.03032020195349078, -0.005747210373494942, 0.005634587170176631, -0.008834836917820658, 0.003294110130536176, -0.00046313401764422476], [9.697793681791367, 56.44636817984605, 33.2522357093605, -107.89463807145505, 19.3470021284966, 0.02510110997527915, -0.08923670972628714, 0.06996150462089372, -0.03571839028953699, 0.0, 0.07459309094883945, 0.013012494810717883, -0.06563360316165648, 0.0, 0.007095663479393659, -0.0007748162248392003, 0.005273720564858569, -0.005065169023980631, 0.0022037664614551174, -0.010419334221990548, 0.017672994336744893, -0.007573299500481363, -0.005686468877477021, 0.003460076519476189, -4.507104379507121e-05, 0.006385665910668482, -0.015225010528896056, 0.006631660916242667, 0.009577775362297914, -0.005956721285977552, -0.0001306498380934365, -0.001304345544079085, -5.526786012251542e-05, 0.0013575748385245053, -0.0003853388744448075], [-8.243870462687422, -19.157936108806464, 107.24080644024268, -32.63165845831248, -56.58331965947247, -0.0370243276938863, 0.12633856129327065, -0.10707528110072537, 0.0558479678518372, -0.034662347150966284, 0.01793721776857922, -0.06713871350314769, 0.0, 0.06927773063636404, -0.022756265142593032, 0.000541664854846641, -0.003987584041212782, 0.0036782023958884685, -0.0015472841390407983, 0.008395095847284541, -0.0135618444287063, 0.005562346693471739, 0.003821942119812747, -0.0016608831006046424, -0.000385471636661639, -0.005585814212252063, 0.01304523130515507, -0.005530891321185066, -0.008004853633058839, 0.0044570019533343675, 0.00047521568654745265, 0.00111742930950771, 0.00013029149948652147, -0.0011964163048844136, 0.00029454440427705486], [33.58373365494766, 36.42673106667729, -128.61794863824147, 266.3427871184652, -169.7923697199916, 0.020802613454747074, 0.016084329808665747, -0.04072115777118569, 0.0, -0.30093462387566317, 0.5900550174689376, -0.06649445179723563, -0.21170329559862913, -0.02541005041089865, 0.01697705391311744, -0.0029333291985103233, 0.01913305184415745, -0.015460262731774107, 0.005692643144645265, -0.038622294614318146, 0.05808630054174415, -0.021250443793787523, -0.01610588117174905, 0.005639284934375878, 0.0019833646868148884, 0.02571692370650946, -0.05890238384946481, 0.023059527848107365, 0.03831923747159806, -0.02119437476755098, -0.0012655538005978634, -0.007030354107780186, 0.0027589179308341633, 0.002924642300850661, -0.000776854878150218]]",(x0)' = -27.191 1 +  169.929 x0 + -267.938 x1 +  130.640 x2 + -37.073 x3 + -0.181 x0^2 +  0.898 x0 x1 + -0.936 x0 x2 +  0.445 x0 x3 + -0.810 x1^2 +  1.509 x1 x2 + -0.842 x1 x3 + -0.685 x2^2 +  0.812 x2 x3 + -0.208 x3^2 +  0.001 x0^3 + -0.007 x0^2 x1 +  0.010 x0^2 x2 + -0.006 x0^2 x3 +  0.018 x0 x1^2 + -0.039 x0 x1 x2 +  0.023 x0 x1 x3 +  0.015 x0 x2^2 + -0.015 x0 x2 x3 +  0.003 x0 x3^2 + -0.013 x1^3 +  0.037 x1^2 x2 + -0.022 x1^2 x3 + -0.028 x1 x2^2 +  0.030 x1 x2 x3 + -0.006 x1 x3^2 +  0.006 x2^3 + -0.009 x2^2 x3 +  0.003 x2 x3^2 | (x1)' =  9.698 1 +  56.446 x0 +  33.252 x1 + -107.895 x2 +  19.347 x3 +  0.025 x0^2 + -0.089 x0 x1 +  0.070 x0 x2 + -0.036 x0 x3 +  0.075 x1 x2 +  0.013 x1 x3 + -0.066 x2^2 +  0.007 x3^2 + -0.001 x0^3 +  0.005 x0^2 x1 + -0.005 x0^2 x2 +  0.002 x0^2 x3 + -0.010 x0 x1^2 +  0.018 x0 x1 x2 + -0.008 x0 x1 x3 + -0.006 x0 x2^2 +  0.003 x0 x2 x3 +  0.006 x1^3 + -0.015 x1^2 x2 +  0.007 x1^2 x3 +  0.010 x1 x2^2 + -0.006 x1 x2 x3 + -0.001 x2^3 +  0.001 x2 x3^2 | (x2)' = -8.244 1 + -19.158 x0 +  107.241 x1 + -32.632 x2 + -56.583 x3 + -0.037 x0^2 +  0.126 x0 x1 + -0.107 x0 x2 +  0.056 x0 x3 + -0.035 x1^2 +  0.018 x1 x2 + -0.067 x1 x3 +  0.069 x2 x3 + -0.023 x3^2 +  0.001 x0^3 + -0.004 x0^2 x1 +  0.004 x0^2 x2 + -0.002 x0^2 x3 +  0.008 x0 x1^2 + -0.014 x0 x1 x2 +  0.006 x0 x1 x3 +  0.004 x0 x2^2 + -0.002 x0 x2 x3 + -0.006 x1^3 +  0.013 x1^2 x2 + -0.006 x1^2 x3 + -0.008 x1 x2^2 +  0.004 x1 x2 x3 +  0.001 x2^3 + -0.001 x2 x3^2 | (x3)' =  33.584 1 +  36.427 x0 + -128.618 x1 +  266.343 x2 + -169.792 x3 +  0.021 x0^2 +  0.016 x0 x1 + -0.041 x0 x2 + -0.301 x1^2 +  0.590 x1 x2 + -0.066 x1 x3 + -0.212 x2^2 + -0.025 x2 x3 +  0.017 x3^2 + -0.003 x0^3 +  0.019 x0^2 x1 + -0.015 x0^2 x2 +  0.006 x0^2 x3 + -0.039 x0 x1^2 +  0.058 x0 x1 x2 + -0.021 x0 x1 x3 + -0.016 x0 x2^2 +  0.006 x0 x2 x3 +  0.002 x0 x3^2 +  0.026 x1^3 + -0.059 x1^2 x2 +  0.023 x1^2 x3 +  0.038 x1 x2^2 + -0.021 x1 x2 x3 + -0.001 x1 x3^2 + -0.007 x2^3 +  0.003 x2^2 x3 +  0.003 x2 x3^2 + -0.001 x3^3
14,35.0,1000.0,36.85636440989091,3,4,2,8.0,24.0,5,20.0,smoothed_finite_difference_savgol_order_3,success,,137,140,97.85714285714286,1.5078667849302292,"[""1"", ""x0"", ""x1"", ""x2"", ""x3"", ""x0^2"", ""x0 x1"", ""x0 x2"", ""x0 x3"", ""x1^2"", ""x1 x2"", ""x1 x3"", ""x2^2"", ""x2 x3"", ""x3^2"", ""x0^3"", ""x0^2 x1"", ""x0^2 x2"", ""x0^2 x3"", ""x0 x1^2"", ""x0 x1 x2"", ""x0 x1 x3"", ""x0 x2^2"", ""x0 x2 x3"", ""x0 x3^2"", ""x1^3"", ""x1^2 x2"", ""x1^2 x3"", ""x1 x2^2"", ""x1 x2 x3"", ""x1 x3^2"", ""x2^3"", ""x2^2 x3"", ""x2 x3^2"", ""x3^3""]","[[-26.18172273390033, 171.06503349388277, -269.9710848595095, 131.9259712873042, -37.34467650229695, -0.18113314636563468, 0.9017737674746519, -0.9436968588327416, 0.44869438802873174, -0.8228156112526038, 1.5507042691418582, -0.8614902463810956, -0.7156532803183421, 0.8405746782345085, -0.21455230259994784, 0.0006245429097099745, -0.00760319680098954, 0.0106981989571775, -0.006144573181879303, 0.018674384100796873, -0.040704390197119404, 0.023618334301152386, 0.01606291406343624, -0.016099274845607706, 0.003074831744802971, -0.013418108362220729, 0.03894669179665928, -0.02313374984985229, -0.029817816426234104, 0.03180307313666458, -0.006025914548760395, 0.0059830940221310015, -0.009288165587085844, 0.0034501631247126872, -0.00047732467855540544], [9.364790409163714, 56.24052472703804, 33.54192931387967, -107.9609260938638, 19.293766529631554, 0.024711350997052395, -0.08762234184686744, 0.0684900195368082, -0.034789322301794566, 0.0, 0.0728945193746755, 0.012749522330145339, -0.06394400635440979, 0.0, 0.0067376718850345975, -0.0007855146473898162, 0.005382124488840393, -0.005140224900308253, 0.002214998469662996, -0.010723319466232712, 0.01808036486378223, -0.007650179545356139, -0.005780500125767458, 0.003442745302098959, -1.6744089015242196e-05, 0.006644909325029441, -0.015738016265590727, 0.006740042660042764, 0.009812169902293583, -0.005924918296877386, -0.00019521115815277764, -0.0012922525120608163, -0.00017965351149323706, 0.0014580281907883206, -0.00040559928268034216], [-5.218260232505375, -19.092795793306443, 107.29914954851058, -32.916278209182906, -56.37973283048228, -0.06621628724458913, 0.2742986466555674, -0.2679519260629633, 0.12806081223747712, -0.22181825072878655, 0.42293911775458465, -0.2480932787687598, -0.21703424311848069, 0.26157151370675275, -0.06511311102130687, 0.000248428388693819, -0.0025015878746293563, 0.002580438847341245, -0.0012145298656553857, 0.006186007967220626, -0.010617786346371432, 0.004949340332918106, 0.0030769629929822398, -0.0018847212219896454, -9.771733740496e-05, -0.004781000910471913, 0.011825409721797513, -0.005721643670994217, -0.007810719463586541, 0.0061665097363309915, -0.0004312954112781736, 0.0013245563393854442, -0.001325254710585497, 9.323181516957377e-05, -7.670182320611565e-06], [32.78481114191973, 36.70342678398576, -129.93792336341684, 268.41044330184803, -170.93329366744234, 0.019635486592941207, 0.01971587441243627, -0.04254143860141575, 0.0, -0.300679728890936, 0.5854572330348865, -0.06571680293785279, -0.2104191230742373, -0.021828004999109217, 0.015109423515437658, -0.0031113007635939337, 0.02033937999932843, -0.01652782417165453, 0.006109795011059062, -0.041252687382732744, 0.0625789353735213, -0.022967477571020137, -0.017896017266972524, 0.00693654487447571, 0.001762703665724849, 0.027653214953561506, -0.06382809563960459, 0.024891721128835267, 0.04226080686618414, -0.023935321135553158, -0.0008183788128090922, -0.00802988018245864, 0.003735711332207597, 0.002628439146619569, -0.0007525942416014218]]",(x0)' = -26.182 1 +  171.065 x0 + -269.971 x1 +  131.926 x2 + -37.345 x3 + -0.181 x0^2 +  0.902 x0 x1 + -0.944 x0 x2 +  0.449 x0 x3 + -0.823 x1^2 +  1.551 x1 x2 + -0.861 x1 x3 + -0.716 x2^2 +  0.841 x2 x3 + -0.215 x3^2 +  0.001 x0^3 + -0.008 x0^2 x1 +  0.011 x0^2 x2 + -0.006 x0^2 x3 +  0.019 x0 x1^2 + -0.041 x0 x1 x2 +  0.024 x0 x1 x3 +  0.016 x0 x2^2 + -0.016 x0 x2 x3 +  0.003 x0 x3^2 + -0.013 x1^3 +  0.039 x1^2 x2 + -0.023 x1^2 x3 + -0.030 x1 x2^2 +  0.032 x1 x2 x3 + -0.006 x1 x3^2 +  0.006 x2^3 + -0.009 x2^2 x3 +  0.003 x2 x3^2 | (x1)' =  9.365 1 +  56.241 x0 +  33.542 x1 + -107.961 x2 +  19.294 x3 +  0.025 x0^2 + -0.088 x0 x1 +  0.068 x0 x2 + -0.035 x0 x3 +  0.073 x1 x2 +  0.013 x1 x3 + -0.064 x2^2 +  0.007 x3^2 + -0.001 x0^3 +  0.005 x0^2 x1 + -0.005 x0^2 x2 +  0.002 x0^2 x3 + -0.011 x0 x1^2 +  0.018 x0 x1 x2 + -0.008 x0 x1 x3 + -0.006 x0 x2^2 +  0.003 x0 x2 x3 +  0.007 x1^3 + -0.016 x1^2 x2 +  0.007 x1^2 x3 +  0.010 x1 x2^2 + -0.006 x1 x2 x3 + -0.001 x2^3 +  0.001 x2 x3^2 | (x2)' = -5.218 1 + -19.093 x0 +  107.299 x1 + -32.916 x2 + -56.380 x3 + -0.066 x0^2 +  0.274 x0 x1 + -0.268 x0 x2 +  0.128 x0 x3 + -0.222 x1^2 +  0.423 x1 x2 + -0.248 x1 x3 + -0.217 x2^2 +  0.262 x2 x3 + -0.065 x3^2 + -0.003 x0^2 x1 +  0.003 x0^2 x2 + -0.001 x0^2 x3 +  0.006 x0 x1^2 + -0.011 x0 x1 x2 +  0.005 x0 x1 x3 +  0.003 x0 x2^2 + -0.002 x0 x2 x3 + -0.005 x1^3 +  0.012 x1^2 x2 + -0.006 x1^2 x3 + -0.008 x1 x2^2 +  0.006 x1 x2 x3 +  0.001 x2^3 + -0.001 x2^2 x3 | (x3)' =  32.785 1 +  36.703 x0 + -129.938 x1 +  268.410 x2 + -170.933 x3 +  0.020 x0^2 +  0.020 x0 x1 + -0.043 x0 x2 + -0.301 x1^2 +  0.585 x1 x2 + -0.066 x1 x3 + -0.210 x2^2 + -0.022 x2 x3 +  0.015 x3^2 + -0.003 x0^3 +  0.020 x0^2 x1 + -0.017 x0^2 x2 +  0.006 x0^2 x3 + -0.041 x0 x1^2 +  0.063 x0 x1 x2 + -0.023 x0 x1 x3 + -0.018 x0 x2^2 +  0.007 x0 x2 x3 +  0.002 x0 x3^2 +  0.028 x1^3 + -0.064 x1^2 x2 +  0.025 x1^2 x3 +  0.042 x1 x2^2 + -0.024 x1 x2 x3 + -0.001 x1 x3^2 + -0.008 x2^3 +  0.004 x2^2 x3 +  0.003 x2 x3^2 + -0.001 x3^3
15,35.0,1000.0,36.85636440989091,3,4,2,8.0,24.0,9,36.0,smoothed_finite_difference_savgol_order_3,success,,135,140,96.42857142857143,1.4466551393270493,"[""1"", ""x0"", ""x1"", ""x2"", ""x3"", ""x0^2"", ""x0 x1"", ""x0 x2"", ""x0 x3"", ""x1^2"", ""x1 x2"", ""x1 x3"", ""x2^2"", ""x2 x3"", ""x3^2"", ""x0^3"", ""x0^2 x1"", ""x0^2 x2"", ""x0^2 x3"", ""x0 x1^2"", ""x0 x1 x2"", ""x0 x1 x3"", ""x0 x2^2"", ""x0 x2 x3"", ""x0 x3^2"", ""x1^3"", ""x1^2 x2"", ""x1^2 x3"", ""x1 x2^2"", ""x1 x2 x3"", ""x1 x3^2"", ""x2^3"", ""x2^2 x3"", ""x2 x3^2"", ""x3^3""]","[[-25.99945839423866, 180.51634720716942, -286.7506338725698, 141.99811845840034, -39.0709858980678, -0.04650059320595837, 0.23800711455437784, -0.2668530294657745, 0.15433548850027695, -0.0565460532588429, 0.04698627182045511, -0.20962868388487021, 0.0, 0.22535105159978985, -0.08376051113025217, 0.001756419697440294, -0.012220067819384988, 0.013348292516351912, -0.007316042597135152, 0.022082531437109747, -0.03953656569634596, 0.02372118703237738, 0.011678553973336754, -0.012975486631991716, 0.0025437579782328023, -0.01104356008762872, 0.024976352909827058, -0.018637373165197254, -0.009842621495822362, 0.017537693340662977, -0.0035347295633581053, -0.0023299099696036203, 0.0, 0.0, -3.335674730471296e-05], [3.775926004639352, 54.74403855857416, 35.430381636478494, -107.92072699778171, 18.575408355511257, 0.05679933847460369, -0.2628777731276853, 0.27277294513808753, -0.12870056502080068, 0.2515424751328145, -0.5170070135690286, 0.2803709255217798, 0.27756341668200024, -0.3067292836991389, 0.0759993678996705, -0.002381219503799676, 0.016459313547122434, -0.01521341658061614, 0.005897098120985324, -0.03657438856675099, 0.06540293980906245, -0.025924372641485994, -0.02766771390211559, 0.02128679750151381, -0.0038153432416295797, 0.02695489282356033, -0.07191410596462332, 0.029484111589374924, 0.0620711566528788, -0.050243711290443895, 0.009527374969229417, -0.017746534555350357, 0.021872585838477173, -0.008730189654071338, 0.0012096413551826715], [-3.9654548270888474, -18.502993511353203, 107.6601894282513, -35.20301845271825, -54.73057142818151, -0.06741575228408868, 0.3105430507862522, -0.32549398834486454, 0.1532312208095321, -0.3115126739887798, 0.6533163908804449, -0.3387334867068622, -0.3482609691008372, 0.3542209831228007, -0.07946834980955014, -0.000323718986862162, 0.0005321703938416001, 0.00013393849755171465, -0.0007135273440161102, 0.0009972877977157642, -0.0017372721739517157, 0.003031815485687665, -0.0012616830827500486, 0.0007032454808223903, -0.0006282400107112229, -0.0020068255211656222, 0.003933387165884689, -0.0037835722039554535, 0.0009163020001413678, 0.000122850709610123, 0.0009251439924396508, -0.0020645124196905567, 0.002628911138486818, -0.001596284117246465, 0.00023330600223577877], [23.44948106459631, 38.49678962155511, -140.22245632079236, 285.2868036100178, -180.3137435860841, 0.07090677467189707, -0.21426252652434022, 0.21648168016695682, -0.1336333064751762, -0.023377083466796466, 0.0, 0.20378403035764503, 0.061991422399928886, -0.2409756712001882, 0.05809714424266769, -0.003416980150309445, 0.024378565495899434, -0.020713347334017737, 0.007697111157388401, -0.05372851063012099, 0.08585637994692208, -0.03138839626164121, -0.02796793151804525, 0.014105343147398502, 0.0004096132976504459, 0.039478276719000956, -0.09579995463559604, 0.03603377178578649, 0.06945861318214334, -0.04212097325609742, 0.0023214444239380576, -0.015476857431427363, 0.011124677823555024, 0.0, -0.00042416325358898783]]",(x0)' = -25.999 1 +  180.516 x0 + -286.751 x1 +  141.998 x2 + -39.071 x3 + -0.047 x0^2 +  0.238 x0 x1 + -0.267 x0 x2 +  0.154 x0 x3 + -0.057 x1^2 +  0.047 x1 x2 + -0.210 x1 x3 +  0.225 x2 x3 + -0.084 x3^2 +  0.002 x0^3 + -0.012 x0^2 x1 +  0.013 x0^2 x2 + -0.007 x0^2 x3 +  0.022 x0 x1^2 + -0.040 x0 x1 x2 +  0.024 x0 x1 x3 +  0.012 x0 x2^2 + -0.013 x0 x2 x3 +  0.003 x0 x3^2 + -0.011 x1^3 +  0.025 x1^2 x2 + -0.019 x1^2 x3 + -0.010 x1 x2^2 +  0.018 x1 x2 x3 + -0.004 x1 x3^2 + -0.002 x2^3 | (x1)' =  3.776 1 +  54.744 x0 +  35.430 x1 + -107.921 x2 +  18.575 x3 +  0.057 x0^2 + -0.263 x0 x1 +  0.273 x0 x2 + -0.129 x0 x3 +  0.252 x1^2 + -0.517 x1 x2 +  0.280 x1 x3 +  0.278 x2^2 + -0.307 x2 x3 +  0.076 x3^2 + -0.002 x0^3 +  0.016 x0^2 x1 + -0.015 x0^2 x2 +  0.006 x0^2 x3 + -0.037 x0 x1^2 +  0.065 x0 x1 x2 + -0.026 x0 x1 x3 + -0.028 x0 x2^2 +  0.021 x0 x2 x3 + -0.004 x0 x3^2 +  0.027 x1^3 + -0.072 x1^2 x2 +  0.029 x1^2 x3 +  0.062 x1 x2^2 + -0.050 x1 x2 x3 +  0.010 x1 x3^2 + -0.018 x2^3 +  0.022 x2^2 x3 + -0.009 x2 x3^2 +  0.001 x3^3 | (x2)' = -3.965 1 + -18.503 x0 +  107.660 x1 + -35.203 x2 + -54.731 x3 + -0.067 x0^2 +  0.311 x0 x1 + -0.325 x0 x2 +  0.153 x0 x3 + -0.312 x1^2 +  0.653 x1 x2 + -0.339 x1 x3 + -0.348 x2^2 +  0.354 x2 x3 + -0.079 x3^2 +  0.001 x0^2 x1 + -0.001 x0^2 x3 +  0.001 x0 x1^2 + -0.002 x0 x1 x2 +  0.003 x0 x1 x3 + -0.001 x0 x2^2 +  0.001 x0 x2 x3 + -0.001 x0 x3^2 + -0.002 x1^3 +  0.004 x1^2 x2 + -0.004 x1^2 x3 +  0.001 x1 x2^2 +  0.001 x1 x3^2 + -0.002 x2^3 +  0.003 x2^2 x3 + -0.002 x2 x3^2 | (x3)' =  23.449 1 +  38.497 x0 + -140.222 x1 +  285.287 x2 + -180.314 x3 +  0.071 x0^2 + -0.214 x0 x1 +  0.216 x0 x2 + -0.134 x0 x3 + -0.023 x1^2 +  0.204 x1 x3 +  0.062 x2^2 + -0.241 x2 x3 +  0.058 x3^2 + -0.003 x0^3 +  0.024 x0^2 x1 + -0.021 x0^2 x2 +  0.008 x0^2 x3 + -0.054 x0 x1^2 +  0.086 x0 x1 x2 + -0.031 x0 x1 x3 + -0.028 x0 x2^2 +  0.014 x0 x2 x3 +  0.039 x1^3 + -0.096 x1^2 x2 +  0.036 x1^2 x3 +  0.069 x1 x2^2 + -0.042 x1 x2 x3 +  0.002 x1 x3^2 + -0.015 x2^3 +  0.011 x2^2 x3
16,35.0,1000.0,36.85636440989091,3,4,5,20.0,60.0,0,0.0,finite_difference,success,,136,140,97.14285714285714,1.4445593431591988,"[""1"", ""x0"", ""x1"", ""x2"", ""x3"", ""x0^2"", ""x0 x1"", ""x0 x2"", ""x0 x3"", ""x1^2"", ""x1 x2"", ""x1 x3"", ""x2^2"", ""x2 x3"", ""x3^2"", ""x0^3"", ""x0^2 x1"", ""x0^2 x2"", ""x0^2 x3"", ""x0 x1^2"", ""x0 x1 x2"", ""x0 x1 x3"", ""x0 x2^2"", ""x0 x2 x3"", ""x0 x3^2"", ""x1^3"", ""x1^2 x2"", ""x1^2 x3"", ""x1 x2^2"", ""x1 x2 x3"", ""x1 x3^2"", ""x2^3"", ""x2^2 x3"", ""x2 x3^2"", ""x3^3""]","[[-46.61178686557831, 21.092980848295785, -48.37828667674953, 15.111112463712157, 4.444065276763021, 0.0034969434789567976, 0.1287045255994353, -0.0373711541092461, -0.050657935453414994, -0.018961025511349653, -0.10626823787420693, 0.010378488263832418, 0.053331432820120456, 0.014367139704776552, 0.0, -0.000291037027737803, 0.0010850852737319865, -0.00015898129561874177, -0.0005202377273800719, -0.0013304845534497498, 0.0016922107633086188, -0.00010380863441451962, -0.0004717665136837842, 0.0005400551497836354, 0.0006214984860672506, 0.0002648204692970847, -9.54173661016522e-05, 0.00021692667282402055, -0.0003148459459115328, -0.00032032098449068393, 3.313590420909461e-05, -8.304378838656278e-05, 3.639346352381312e-05, -5.486278928840138e-06, -0.0002706838409517107], [-13.555804610528806, 34.14983259732983, 2.5482846015701495, -41.938647143426664, 8.097154549865625, 0.08460026272172594, -0.1844904631362311, -0.007473307383954106, 0.021438601235827522, -0.020496970877478437, 0.21062363505478496, 0.0, -0.0686027858175342, -0.06268595347603276, 0.030373060069390362, 4.2777446250190155e-05, -0.00012699418404437746, -0.0004993579876061859, 0.0004996635899638575, 0.0006713534171724784, 0.0, -0.0008363355355283538, 0.0004812358643369023, -0.0005897543672673999, 4.5753478707912774e-05, -0.00019098763486678156, -0.00023982590493624734, 0.00028237030822953786, -0.0004256829388465098, 0.0008552889813908072, -0.00032545410942737713, 0.00031317084694422887, -0.0003881081913975545, 0.0002446981367715185, -2.5272126471744455e-05], [5.407965346347209, -7.929752413147943, 40.902939731045436, -1.378098901314677, -34.50011259021062, -0.055531704531329044, 0.05023750547968317, 0.08472799513433646, -0.04107012702079069, 0.11943094240274481, -0.2716313127438469, -0.007226366583821722, 0.012699975103917181, 0.16079637971426008, -0.05565499031960438, -2.9953608517359328e-05, -0.0001313369213181977, 0.0006158631539284565, -0.0003571419653915294, -0.00022048253433683368, -0.0006942267576705701, 0.0010571416480996674, -0.0002698638182180877, 0.000627978515668151, -0.0003964223076231599, 0.00021177540322801585, -5.369960717571446e-05, -0.0007589466016023901, 0.0008146571441784449, -0.00019359587240277626, 0.0003949496331690457, -0.0003042306175443465, -3.269404323020632e-05, -0.00023638694380108646, 0.00016333554510974296], [15.475196643340313, -4.3829416109506845, -14.540310450609239, 48.46449497236067, -21.75793710877315, 0.024130391268620568, 0.0, -0.06831128010258124, 0.03095697730399024, -0.11522125060699662, 0.12693183088079488, 0.11286508681518627, 0.09640765016995523, -0.21126362750962835, 0.008539112611176427, 0.00027145176260651773, -2.9185129815898356e-05, -0.0005809381013230797, -7.004837572929676e-05, 6.836628805645614e-06, 0.00159225054677846, -0.0015645304467141574, -0.0005535955157131559, -0.00010076065047893622, 0.0007997699523935471, -0.0001417210306786565, -0.00038155096415834694, 0.001696474717744073, 0.0003428854861224598, -0.002201319991498415, -0.00010568874167831801, 4.696785457325297e-06, 0.00094495971226402, -0.0004497188916098718, -2.393950578542472e-06]]",(x0)' = -46.612 1 +  21.093 x0 + -48.378 x1 +  15.111 x2 +  4.444 x3 +  0.003 x0^2 +  0.129 x0 x1 + -0.037 x0 x2 + -0.051 x0 x3 + -0.019 x1^2 + -0.106 x1 x2 +  0.010 x1 x3 +  0.053 x2^2 +  0.014 x2 x3 +  0.001 x0^2 x1 + -0.001 x0^2 x3 + -0.001 x0 x1^2 +  0.002 x0 x1 x2 +  0.001 x0 x2 x3 +  0.001 x0 x3^2 | (x1)' = -13.556 1 +  34.150 x0 +  2.548 x1 + -41.939 x2 +  8.097 x3 +  0.085 x0^2 + -0.184 x0 x1 + -0.007 x0 x2 +  0.021 x0 x3 + -0.020 x1^2 +  0.211 x1 x2 + -0.069 x2^2 + -0.063 x2 x3 +  0.030 x3^2 +  0.001 x0 x1^2 + -0.001 x0 x1 x3 + -0.001 x0 x2 x3 +  0.001 x1 x2 x3 | (x2)' =  5.408 1 + -7.930 x0 +  40.903 x1 + -1.378 x2 + -34.500 x3 + -0.056 x0^2 +  0.050 x0 x1 +  0.085 x0 x2 + -0.041 x0 x3 +  0.119 x1^2 + -0.272 x1 x2 + -0.007 x1 x3 +  0.013 x2^2 +  0.161 x2 x3 + -0.056 x3^2 +  0.001 x0^2 x2 + -0.001 x0 x1 x2 +  0.001 x0 x1 x3 +  0.001 x0 x2 x3 + -0.001 x1^2 x3 +  0.001 x1 x2^2 | (x3)' =  15.475 1 + -4.383 x0 + -14.540 x1 +  48.464 x2 + -21.758 x3 +  0.024 x0^2 + -0.068 x0 x2 +  0.031 x0 x3 + -0.115 x1^2 +  0.127 x1 x2 +  0.113 x1 x3 +  0.096 x2^2 + -0.211 x2 x3 +  0.009 x3^2 + -0.001 x0^2 x2 +  0.002 x0 x1 x2 + -0.002 x0 x1 x3 + -0.001 x0 x2^2 +  0.001 x0 x3^2 +  0.002 x1^2 x3 + -0.002 x1 x2 x3 +  0.001 x2^2 x3
17,35.0,1000.0,36.85636440989091,3,4,5,20.0,60.0,5,20.0,smoothed_finite_difference_savgol_order_3,success,,135,140,96.42857142857143,1.4481956847012043,"[""1"", ""x0"", ""x1"", ""x2"", ""x3"", ""x0^2"", ""x0 x1"", ""x0 x2"", ""x0 x3"", ""x1^2"", ""x1 x2"", ""x1 x3"", ""x2^2"", ""x2 x3"", ""x3^2"", ""x0^3"", ""x0^2 x1"", ""x0^2 x2"", ""x0^2 x3"", ""x0 x1^2"", ""x0 x1 x2"", ""x0 x1 x3"", ""x0 x2^2"", ""x0 x2 x3"", ""x0 x3^2"", ""x1^3"", ""x1^2 x2"", ""x1^2 x3"", ""x1 x2^2"", ""x1 x2 x3"", ""x1 x3^2"", ""x2^3"", ""x2^2 x3"", ""x2 x3^2"", ""x3^3""]","[[-46.91182495856829, 21.418290863133592, -48.86250947285929, 15.506525408027512, 4.228780012770162, 0.0027159406520995363, 0.12967682226826915, -0.037386084269224976, -0.05058327037412777, -0.018359954187148038, -0.10922639081010889, 0.011460584746845835, 0.054766866117479066, 0.014024740853585254, 0.0, -0.00029140039587032907, 0.001085633092208153, -0.0001489092208153127, -0.000532952034913107, -0.0013339065209817676, 0.0016901613405436835, -8.81195644246105e-05, -0.0004750228466752635, 0.0005271451218249415, 0.000634120042015562, 0.0002648554433480829, -9.700330358917383e-05, 0.00020694887862048202, -0.0003106231530582819, -0.00030702305421868376, 1.9627579367730342e-05, -8.344376683677396e-05, 3.4049917350745536e-05, -2.4588819633004784e-06, -0.0002692435339580987], [-12.627597593319363, 34.18709473336172, 2.6210224716275974, -42.18580205679739, 8.273170496147578, 0.08294518564808462, -0.18140667646297035, -0.007498350236619243, 0.021082240083823003, -0.02157592430613972, 0.2104942644608039, 0.0, -0.06799747513472719, -0.06376194211682001, 0.03093020315213984, 4.198459572920772e-05, -0.00011624791078828775, -0.0005029916030801444, 0.0005039235620587552, 0.0006564637879408176, 0.0, -0.0008488976733796621, 0.00047193815640762793, -0.0005627824063493668, 3.6367976359242186e-05, -0.0001910852457086629, -0.0002319713489351169, 0.00029968312432719245, -0.0004169481289905, 0.0008139039312563249, -0.0003152295622260699, 0.0003119807880309861, -0.00038145556718240185, 0.00024082293669363189, -2.2979564758488244e-05], [12.054400040885687, -8.111507981099782, 41.155443722443614, -1.4588520855449234, -34.52346926342865, -0.05513884488388987, 0.0512925095620413, 0.07999421524132541, -0.03834681463262993, 0.11593662667136694, -0.25698285172260377, -0.013664503989932212, 0.0, 0.17095879641114745, -0.05759543635168794, -2.752737175129568e-05, -0.0001386248354988458, 0.0006193685902641498, -0.00035901190332807094, -0.00020302983035312084, -0.0007459450569902205, 0.00109562260035521, -0.00022620155902912322, 0.0005753467882294482, -0.00038501139057927036, 0.00019318017028367325, -5.800020508301235e-06, -0.000782101408768526, 0.0008495580813100698, -0.00022853295325245805, 0.0003941389141543025, -0.00037194746644788294, 3.547882113325096e-05, -0.0002305564165529746, 0.00015228096259319417], [15.831831742140496, -4.18638109734922, -14.915867159959436, 48.935807201699774, -22.079943239014867, 0.024588119059362548, 0.0, -0.06841297143595555, 0.03000033600440885, -0.11587524841028925, 0.12866810296045972, 0.11238782008026588, 0.094956886413921, -0.2103052602549997, 0.008972499341208121, 0.00027022755546427196, -2.9358110292388367e-05, -0.0005721030397960927, -7.625569632746067e-05, 1.2056307385083053e-05, 0.0015700104216507806, -0.0015653474701524037, -0.0005351189803407561, -0.00011467636190782211, 0.0008125507930188218, -0.00013739653931548108, -0.0003957091156925637, 0.0017081223958848207, 0.0003470844413596328, -0.0021986081644267894, -0.00011428519489281656, 3.164264014219706e-06, 0.0009522534550279908, -0.0004524267552649352, -4.715880391959396e-06]]",(x0)' = -46.912 1 +  21.418 x0 + -48.863 x1 +  15.507 x2 +  4.229 x3 +  0.003 x0^2 +  0.130 x0 x1 + -0.037 x0 x2 + -0.051 x0 x3 + -0.018 x1^2 + -0.109 x1 x2 +  0.011 x1 x3 +  0.055 x2^2 +  0.014 x2 x3 +  0.001 x0^2 x1 + -0.001 x0^2 x3 + -0.001 x0 x1^2 +  0.002 x0 x1 x2 +  0.001 x0 x2 x3 +  0.001 x0 x3^2 | (x1)' = -12.628 1 +  34.187 x0 +  2.621 x1 + -42.186 x2 +  8.273 x3 +  0.083 x0^2 + -0.181 x0 x1 + -0.007 x0 x2 +  0.021 x0 x3 + -0.022 x1^2 +  0.210 x1 x2 + -0.068 x2^2 + -0.064 x2 x3 +  0.031 x3^2 + -0.001 x0^2 x2 +  0.001 x0^2 x3 +  0.001 x0 x1^2 + -0.001 x0 x1 x3 + -0.001 x0 x2 x3 +  0.001 x1 x2 x3 | (x2)' =  12.054 1 + -8.112 x0 +  41.155 x1 + -1.459 x2 + -34.523 x3 + -0.055 x0^2 +  0.051 x0 x1 +  0.080 x0 x2 + -0.038 x0 x3 +  0.116 x1^2 + -0.257 x1 x2 + -0.014 x1 x3 +  0.171 x2 x3 + -0.058 x3^2 +  0.001 x0^2 x2 + -0.001 x0 x1 x2 +  0.001 x0 x1 x3 +  0.001 x0 x2 x3 + -0.001 x1^2 x3 +  0.001 x1 x2^2 | (x3)' =  15.832 1 + -4.186 x0 + -14.916 x1 +  48.936 x2 + -22.080 x3 +  0.025 x0^2 + -0.068 x0 x2 +  0.030 x0 x3 + -0.116 x1^2 +  0.129 x1 x2 +  0.112 x1 x3 +  0.095 x2^2 + -0.210 x2 x3 +  0.009 x3^2 + -0.001 x0^2 x2 +  0.002 x0 x1 x2 + -0.002 x0 x1 x3 + -0.001 x0 x2^2 +  0.001 x0 x3^2 +  0.002 x1^2 x3 + -0.002 x1 x2 x3 +  0.001 x2^2 x3
18,35.0,1000.0,36.85636440989091,3,4,5,20.0,60.0,9,36.0,smoothed_finite_difference_savgol_order_3,success,,137,140,97.85714285714286,1.4759157188236713,"[""1"", ""x0"", ""x1"", ""x2"", ""x3"", ""x0^2"", ""x0 x1"", ""x0 x2"", ""x0 x3"", ""x1^2"", ""x1 x2"", ""x1 x3"", ""x2^2"", ""x2 x3"", ""x3^2"", ""x0^3"", ""x0^2 x1"", ""x0^2 x2"", ""x0^2 x3"", ""x0 x1^2"", ""x0 x1 x2"", ""x0 x1 x3"", ""x0 x2^2"", ""x0 x2 x3"", ""x0 x3^2"", ""x1^3"", ""x1^2 x2"", ""x1^2 x3"", ""x1 x2^2"", ""x1 x2 x3"", ""x1 x3^2"", ""x2^3"", ""x2^2 x3"", ""x2 x3^2"", ""x3^3""]","[[-45.75623800116229, 24.935577859943738, -53.81612835309684, 19.596351229643677, 1.8886812596206217, -0.0024528532649289807, 0.1234075360330672, -0.03332750588894822, -0.044048339969395, 0.0, -0.14293850045213752, 0.01826000180687589, 0.06426424899789313, 0.02579683096244194, -0.011723200446602116, -0.0002763933192605496, 0.001082561887009992, -6.398506960303355e-05, -0.0006617620813490386, -0.0014420931760229835, 0.0017201870685843747, 0.00015328853902752952, -0.00045955993640462404, 0.00021932659484346108, 0.0008188752703438127, 0.0003433453816705682, -0.0002033666947202032, 4.0196961771844836e-05, -0.000246785357247085, -7.973742662633917e-05, -0.0001341378739488542, -0.00010698639541072477, -7.665329686398384e-06, 0.00011762434652266146, -0.00031159796659970473], [0.0, 34.20798530524298, 3.174942209869625, -44.24045793798103, 9.833689070782624, 0.064301338662246, -0.14667245367408546, -0.010821649284230649, 0.024506771424819756, -0.029829627480317675, 0.20944784922234555, -0.01458163638552432, -0.0650172330882786, -0.06052801655893722, 0.03052876674992399, 2.450453302721619e-05, -3.3214690735284424e-05, -0.0003258142614765848, 0.00044309592165150215, 0.00041366247325226726, -0.00037788745716108447, -0.0006862226956243474, 0.0006048225771912256, -0.0005623342461338687, 9.614799579533672e-06, 0.0, -0.00022252440257030255, 0.000398978696940929, -0.00037943249154585867, 0.0005713692210156838, -0.0002776586599319404, 0.0003072654835141826, -0.00035973858772443955, 0.00025224470630358104, -1.806916862689529e-05], [3.0743728835805406, -9.602138902401213, 43.27661569816196, -2.51387744161189, -34.33395601686109, -0.04857665446682448, 0.04636949885361294, 0.06780495846902443, -0.02754751730270409, 0.10678989399617143, -0.23679492317839845, -0.018298547213879312, 0.008710143936429453, 0.14817693761082082, -0.04916902348511792, -5.462023676287249e-06, -0.00014570763593007652, 0.0005046174962009468, -0.0003202960594208166, -0.00026278260415466264, -0.000450961553960266, 0.0011068640728916174, -0.00024311457036362268, 0.00042610889975514823, -0.00037803985142453774, 0.00020924903375588492, 5.099895017201833e-05, -0.000910456221218089, 0.0004892691754138839, 0.00017995241429275675, 0.0003387215815703367, -0.000272352953516925, -4.203043436359791e-07, -0.00022992059973764347, 0.0001363040759908458], [29.27822400548272, -1.9319161674167638, -18.777096767298815, 53.741557279017435, -25.63100050152696, 0.012106975127655595, 0.043781303059737695, -0.09012979301812589, 0.03070086552986917, -0.14093595414453075, 0.15900459977440706, 0.09337840237840526, 0.07724826271119059, -0.19079683199576097, 0.010432709006314064, 0.00020187316081974338, -1.0109127681866996e-05, -0.0004528656497203548, -3.396080530888168e-05, 0.00019610408320280468, 0.0012384680399334402, -0.001742987166613734, -0.0003825730656273108, -0.00013595053892456147, 0.0008775913060716208, -0.00020871676875294134, -0.0004406349048034762, 0.0018862125228875815, 0.0004200975933706736, -0.0022529603932575034, -0.00015633233935977777, -2.5277871809585798e-05, 0.0010274950232592925, -0.0004780104021602993, -2.618459249215836e-05]]",(x0)' = -45.756 1 +  24.936 x0 + -53.816 x1 +  19.596 x2 +  1.889 x3 + -0.002 x0^2 +  0.123 x0 x1 + -0.033 x0 x2 + -0.044 x0 x3 + -0.143 x1 x2 +  0.018 x1 x3 +  0.064 x2^2 +  0.026 x2 x3 + -0.012 x3^2 +  0.001 x0^2 x1 + -0.001 x0^2 x3 + -0.001 x0 x1^2 +  0.002 x0 x1 x2 +  0.001 x0 x3^2 | (x1)' =  34.208 x0 +  3.175 x1 + -44.240 x2 +  9.834 x3 +  0.064 x0^2 + -0.147 x0 x1 + -0.011 x0 x2 +  0.025 x0 x3 + -0.030 x1^2 +  0.209 x1 x2 + -0.015 x1 x3 + -0.065 x2^2 + -0.061 x2 x3 +  0.031 x3^2 + -0.001 x0 x1 x3 +  0.001 x0 x2^2 + -0.001 x0 x2 x3 +  0.001 x1 x2 x3 | (x2)' =  3.074 1 + -9.602 x0 +  43.277 x1 + -2.514 x2 + -34.334 x3 + -0.049 x0^2 +  0.046 x0 x1 +  0.068 x0 x2 + -0.028 x0 x3 +  0.107 x1^2 + -0.237 x1 x2 + -0.018 x1 x3 +  0.009 x2^2 +  0.148 x2 x3 + -0.049 x3^2 +  0.001 x0^2 x2 +  0.001 x0 x1 x3 + -0.001 x1^2 x3 | (x3)' =  29.278 1 + -1.932 x0 + -18.777 x1 +  53.742 x2 + -25.631 x3 +  0.012 x0^2 +  0.044 x0 x1 + -0.090 x0 x2 +  0.031 x0 x3 + -0.141 x1^2 +  0.159 x1 x2 +  0.093 x1 x3 +  0.077 x2^2 + -0.191 x2 x3 +  0.010 x3^2 +  0.001 x0 x1 x2 + -0.002 x0 x1 x3 +  0.001 x0 x3^2 +  0.002 x1^2 x3 + -0.002 x1 x2 x3 +  0.001 x2^2 x3
19,35.0,1000.0,36.85636440989091,3,6,1,4.0,20.0,0,0.0,finite_difference,success,,474,504,94.04761904761905,7.597366606816649,"[""1"", ""x0"", ""x1"", ""x2"", ""x3"", ""x4"", ""x5"", ""x0^2"", ""x0 x1"", ""x0 x2"", ""x0 x3"", ""x0 x4"", ""x0 x5"", ""x1^2"", ""x1 x2"", ""x1 x3"", ""x1 x4"", ""x1 x5"", ""x2^2"", ""x2 x3"", ""x2 x4"", ""x2 x5"", ""x3^2"", ""x3 x4"", ""x3 x5"", ""x4^2"", ""x4 x5"", ""x5^2"", ""x0^3"", ""x0^2 x1"", ""x0^2 x2"", ""x0^2 x3"", ""x0^2 x4"", ""x0^2 x5"", ""x0 x1^2"", ""x0 x1 x2"", ""x0 x1 x3"", ""x0 x1 x4"", ""x0 x1 x5"", ""x0 x2^2"", ""x0 x2 x3"", ""x0 x2 x4"", ""x0 x2 x5"", ""x0 x3^2"", ""x0 x3 x4"", ""x0 x3 x5"", ""x0 x4^2"", ""x0 x4 x5"", ""x0 x5^2"", ""x1^3"", ""x1^2 x2"", ""x1^2 x3"", ""x1^2 x4"", ""x1^2 x5"", ""x1 x2^2"", ""x1 x2 x3"", ""x1 x2 x4"", ""x1 x2 x5"", ""x1 x3^2"", ""x1 x3 x4"", ""x1 x3 x5"", ""x1 x4^2"", ""x1 x4 x5"", ""x1 x5^2"", ""x2^3"", ""x2^2 x3"", ""x2^2 x4"", ""x2^2 x5"", ""x2 x3^2"", ""x2 x3 x4"", ""x2 x3 x5"", ""x2 x4^2"", ""x2 x4 x5"", ""x2 x5^2"", ""x3^3"", ""x3^2 x4"", ""x3^2 x5"", ""x3 x4^2"", ""x3 x4 x5"", ""x3 x5^2"", ""x4^3"", ""x4^2 x5"", ""x4 x5^2"", ""x5^3""]","[[-3.040966271635864, 602.4627754115825, -1422.2707861274382, 1598.0456066050228, -1187.264202832523, 504.07477773012477, -95.37935983443502, -1.0837218265741078, 7.406113020571097, -9.30600488350615, 4.514134491829123, 0.0, -0.38052520712396326, -11.888074727348828, 28.047345354515727, -12.216432686206327, -0.6516393232825161, 0.9327592617092189, -15.15385621147777, 10.415564119382202, 2.130107881207887, -0.5489463222216826, 0.0, -2.516232337673915, -0.5808873970518847, 0.0, 1.2214037975030811, -0.3410701367230808, -0.007206503599104038, 0.03957181632898331, 0.003264329329691701, -0.01752661022845627, -0.0010718889736113341, -0.00304525222325606, -0.07777001749154525, 0.012963450469646502, 0.0, 0.05713090933992858, 0.010606854734069266, 0.02109597219954467, 0.02403740034174779, -0.019234291899991388, -0.06675396615312709, -0.05163290422150492, 0.008627008815088643, 0.09687435746643881, 0.013651285450167035, -0.06406842212491451, 0.01386446229275321, 0.04296421723724139, 0.003985537024311956, -0.0015765216006005855, -0.08121599170192237, 0.015520134647122373, -0.031364548262633005, 0.025629846200882298, 0.02653020733504132, 0.011959019169556504, 0.02406471081994026, 0.0, -0.06643352883587766, 0.022258912197069023, 0.026696349440788286, -0.006393141215516434, -0.04138794753876249, 0.03822431680745212, 0.04750775893712633, 0.035439975605561926, -0.0005346208692477279, -0.06316077956009745, -0.051799096086454464, -0.05618467982080747, 0.05758654569088205, -0.006717542743137186, 0.002863766877294519, -0.006782887480262424, 0.009158842039153691, 0.04328654920883169, 0.03666767412097126, -0.028576818591975285, 0.004366065211767498, -0.07008989152061611, 0.054762176598018325, -0.01061413894084899], [-0.020655744590119776, 124.86067437421062, 0.4446262455481426, -125.55990732988782, 0.3423300707982438, -0.11728734361553371, 0.028841588522446716, 0.09517723504522214, -0.5838929138206209, 0.9474192559345243, -1.0329585618942672, 0.656585291948485, -0.1792782095729527, 0.6829667473532924, -1.675875851509657, 1.7795881902053063, -1.259335916876618, 0.3778817253346241, 0.4780647982885003, -0.61542220887886, 0.6468695385544008, -0.2624376185934361, -0.10699985366634636, 0.0, 0.08316018360424306, 0.0, -0.0436996304467754, 0.012191768314783885, 0.0024632108546841502, -0.011086629617904532, 0.013960665190782297, -0.013293618867825032, 0.006276709278552764, -0.0050266991933870025, 0.0039022771554171874, -0.0009617042163008698, 0.004970989428210473, 0.0, 0.018163693819394915, -0.007611907850615231, 0.005157907600902241, -0.00864705980779004, -0.019515076112909487, 0.006911601743231008, -0.0014896373266853496, 0.01954208012488268, -0.00296378131826195, -0.0090747624367217, 0.0025851675834030786, 0.00606260108253652, -0.010350090787137878, 0.004166887346260693, -0.002874380597984909, -0.012659918576616512, -0.006095784320655492, 0.008395683152463595, 0.0023244594390712486, 0.006162328934783705, -0.008523276465265423, 0.0, -0.004788878902661861, 0.01040514392095191, 0.0010002007262253881, -0.002573281444136911, 0.005080870705767169, 0.006924320303132359, 0.0033065956689437197, 0.018587313614772845, -0.011485743267140145, -0.015658828534171335, -0.016685121563887507, -0.001472585613699694, -0.001607417619769049, 0.0049658346969282795, 0.002738281913793934, 0.008315080213366575, -0.0068971859285211785, 0.014346300037366968, 0.011901427610103316, -0.00836960347550152, -0.015309936183348659, 0.004673791416868394, 0.0021920428311733024, -0.000460579747337191], [-0.10730327873403575, -0.032455663422251646, 125.00796934508725, 0.1691981804228407, -125.24868253636515, 0.10887998448885054, -0.0014519139760815773, 0.0037946491147472896, 0.005044843053540018, -0.024132489792565492, 0.01638780111929819, 0.0, -0.008592706379262396, -0.026405450243168344, 0.0553194282338948, 0.0, -0.02738005446521872, 0.03529846900139999, 0.0, -0.031289834338389125, 0.013979920299128229, -0.039591005149320006, -0.02934661036932818, 0.09537190529187943, 0.0, -0.05295229992270924, 0.014120371890602664, 0.0003960974412075, 0.0023473812159508184, -0.011881505024857023, 0.009067115186620196, -0.0034720598480544695, -0.0013012968854998383, -0.003141134590107967, 0.011139484731238544, -0.0033540655371981777, -0.003463306948130623, 0.010929016930426052, 0.014851251798586066, -0.0053311438275019845, 0.002203960547314029, -0.02319143946910103, -0.007217975663310232, 0.01826334307754413, -0.006681679688797252, 0.008681814055099837, 0.0005002006637940073, -0.0037366807498279597, 0.0008326084710644997, 0.0018147955111933714, -0.011025598614837423, -0.002538032625628216, 0.010188186424007515, -0.021628983054552395, 0.0008904688641479498, 0.0036326762288638793, 0.003755911111827342, 0.012468296349117072, -0.007484234525753682, 0.0, -0.0010042684402557683, 0.006586264049687262, -0.004304889324381132, 0.0005811612777392727, 0.011551819455630342, -0.0012458074061377745, -0.002115425817357758, 0.010731088727114185, -0.01400896618311184, -0.012148091442552094, 0.0, 0.0030064604259532816, -0.006474405902680401, 0.002945532491758344, 0.005328159271286595, 0.010898058315474602, -0.018829275786117868, 0.013693592717071811, 0.013762066796322485, -0.005239719712865028, -0.020065780109063434, 0.01343482724938909, -0.003756716209317259, 0.0005565541055697576], [-0.07249492278153666, 0.05370417292754544, -0.2279266854740571, 125.37013545342015, -0.23925511867885807, -124.97540031574901, 0.023886967438471997, -0.001647565901295249, 0.03330497600228432, -0.0593646594118654, 0.0444847858815237, -0.017470621634093953, 0.0, -0.05372812020522772, 0.09818866959181766, -0.024262606516417123, 0.0, 0.01108241254988859, 0.01287128042329882, -0.08598427131892417, 0.0, 0.0035469953392543345, 0.0, 0.15092333014941145, -0.07188738237492341, -0.1160750975511296, 0.09442598539658166, -0.018388986768079627, 0.00041510416522433293, -0.00326036490661866, -0.0006334477953815974, 0.005658533282300097, -0.0059926260744004416, -0.00028379994400931066, 0.00710455905982861, -0.003304382005094222, -0.005560480809282835, 0.011128494321838697, 0.006241578986702842, 0.0009204770455403803, -0.0021606833658703055, -0.01923494788196886, 0.002809149807624622, 0.01483886966260958, -0.0064772312040015136, -0.002444073352598109, 0.0031770269283824875, 0.001463479506529252, -0.0007316257766221945, -0.0014118831418962925, -0.004231025842712477, -0.008193423422698888, 0.016067461811876287, -0.018716529583695088, 0.005759013306991167, -0.0028902776249707927, 0.0, 0.014408038816559417, -0.00013873872870797204, -0.001515208115608381, 0.0037324054382719568, 0.00026464877036353574, -0.007320729291780207, 0.002579604610150044, 0.008347787586107646, -0.006478793589002652, -0.003079246346414246, 0.0, -0.006120292886133846, -0.0022771388504177776, 0.0010922602274372965, 0.00491287171617958, -0.0012916761619225295, -0.00020640596202796152, 0.004123736897465664, 0.003959859700731609, -0.008532118048088039, 0.0037071954104276163, 0.0044147598063903545, -0.0011531343533019963, -0.009075627793921072, 0.008132133358702973, -0.0029396819300653524, 0.00039611777359144847], [0.005571462341396142, 0.13273747528923835, -0.41622475550968546, 0.5113636186216235, 124.7297308926975, 0.050605431811860696, -125.00438101282782, -0.03855305074190807, 0.20531805288338434, -0.3052669089187259, 0.32555507833326947, -0.1828085428891441, 0.03592434978563875, -0.12216250391665309, 0.0, 0.0, 0.0, 0.03496248944344243, 0.5083276411724234, -1.1159416519128458, 0.6049394824451925, -0.19472700657171482, 0.6114457518030612, -0.5979856270518997, 0.15892021553730748, 0.10371796031055042, -0.026552949469327836, -0.005106746499272447, -0.001847675721999824, 0.0072839642464285, -0.007494474785831798, 0.0063461897280933915, 0.0, 0.00048462791550190964, -0.001855263898943669, -0.006995977790884786, 0.009098927951968372, -0.020374091403214716, 0.0004813932092205479, 0.0073643096976809186, 0.0011762634833247239, 0.007875817153089038, 0.009531797641839009, -0.009229129745388297, -0.0018397198220377166, -0.01361906216704088, 0.007100620403500768, 0.006318696753035928, -0.00275615398415265, 8.72957230433373e-05, -0.0006059896132477869, -0.010942394264347144, 0.023558043151137298, -0.003792780372744564, 0.006727618191646218, -0.013833471722195304, 0.0, -0.0036474401555544067, 0.008898188097234673, 0.013264030519279903, 0.004526456955050862, -0.023040383717866462, 0.0, 0.004640697500679917, 0.007552694640851684, -0.013241710307688405, -0.020573112294442846, -0.004425075891320291, 0.00872105070523036, 0.012586771471199942, 0.015547776073535084, 0.013751841792126962, -0.005310807146582015, -0.0056069451758645784, 0.001126418064826577, -0.00724723236187812, -0.0060277314900722655, -0.006956433323813865, -0.003751755898236942, 0.007944104778215947, 0.003445665945334384, 0.005153777163324537, -0.00682551709296048, 0.0012450728680405366], [0.0, 93.67079385442288, -496.47654877304694, 1173.1340627481027, -1584.2310878104795, 1415.2753976015138, -601.0467914610829, 1.0936773864251301, -5.9828644411570435, 5.945791067788908, -1.954025279605321, -0.027269933231336856, -0.11591176039891948, 6.718821610588398, -8.607915516286713, -2.0052300151012026, 1.8988438274153987, 1.0112987027448037, -1.282684715636559, 10.230021214005086, -0.3322162369322818, -4.1678172930529875, -3.079502809303115, -8.270054674502118, 7.611398598243563, 7.065050092415341, -7.078387818932966, 1.3292853757976872, 0.009628986319639026, -0.04980932322124063, 0.004550929138451408, 0.029315735374916076, 0.0023480493785721815, -0.00783634429294444, 0.07738040542239548, 0.0, -0.08988621870536755, -0.04367502169452557, 0.036201059814302536, -0.02981132268984431, 0.05435781075929614, 0.0861349973755812, -0.03729234426505723, -0.01604664940991754, -0.02795270807839895, -0.013277260972214395, -0.004742623599882785, 0.02872208651098806, -0.006440972040448557, -0.023369639730485527, -0.038869298927068724, 0.0766398758845641, 0.005169874978300812, -0.00558403905055985, 0.013630140947844257, 0.0390141714192044, -0.034407176717544945, -0.011897950268291678, -0.06156710267638191, -0.017377381630261136, 0.08676489617090632, 0.049232603078392896, -0.08954272899241789, 0.01463853556485266, 0.010317816316199133, -0.011927616179585949, -0.03547040938829559, -0.008513097531980726, -0.017104735836959477, 0.04314568148012436, 0.005721546536515131, 0.01736470760157865, 0.0, 0.002101810334815371, 0.014319779165297381, 0.029475024091378185, -0.008185351208499319, -0.04479688407824737, -0.05807714969616686, 0.03185402272881067, -0.01975107056595772, 0.1080185829396399, -0.07874029797288946, 0.015884300136248173]]",(x0)' = -3.041 1 +  602.463 x0 + -1422.271 x1 +  1598.046 x2 + -1187.264 x3 +  504.075 x4 + -95.379 x5 + -1.084 x0^2 +  7.406 x0 x1 + -9.306 x0 x2 +  4.514 x0 x3 + -0.381 x0 x5 + -11.888 x1^2 +  28.047 x1 x2 + -12.216 x1 x3 + -0.652 x1 x4 +  0.933 x1 x5 + -15.154 x2^2 +  10.416 x2 x3 +  2.130 x2 x4 + -0.549 x2 x5 + -2.516 x3 x4 + -0.581 x3 x5 +  1.221 x4 x5 + -0.341 x5^2 + -0.007 x0^3 +  0.040 x0^2 x1 +  0.003 x0^2 x2 + -0.018 x0^2 x3 + -0.001 x0^2 x4 + -0.003 x0^2 x5 + -0.078 x0 x1^2 +  0.013 x0 x1 x2 +  0.057 x0 x1 x4 +  0.011 x0 x1 x5 +  0.021 x0 x2^2 +  0.024 x0 x2 x3 + -0.019 x0 x2 x4 + -0.067 x0 x2 x5 + -0.052 x0 x3^2 +  0.009 x0 x3 x4 +  0.097 x0 x3 x5 +  0.014 x0 x4^2 + -0.064 x0 x4 x5 +  0.014 x0 x5^2 +  0.043 x1^3 +  0.004 x1^2 x2 + -0.002 x1^2 x3 + -0.081 x1^2 x4 +  0.016 x1^2 x5 + -0.031 x1 x2^2 +  0.026 x1 x2 x3 +  0.027 x1 x2 x4 +  0.012 x1 x2 x5 +  0.024 x1 x3^2 + -0.066 x1 x3 x5 +  0.022 x1 x4^2 +  0.027 x1 x4 x5 + -0.006 x1 x5^2 + -0.041 x2^3 +  0.038 x2^2 x3 +  0.048 x2^2 x4 +  0.035 x2^2 x5 + -0.001 x2 x3^2 + -0.063 x2 x3 x4 + -0.052 x2 x3 x5 + -0.056 x2 x4^2 +  0.058 x2 x4 x5 + -0.007 x2 x5^2 +  0.003 x3^3 + -0.007 x3^2 x4 +  0.009 x3^2 x5 +  0.043 x3 x4^2 +  0.037 x3 x4 x5 + -0.029 x3 x5^2 +  0.004 x4^3 + -0.070 x4^2 x5 +  0.055 x4 x5^2 + -0.011 x5^3 | (x1)' = -0.021 1 +  124.861 x0 +  0.445 x1 + -125.560 x2 +  0.342 x3 + -0.117 x4 +  0.029 x5 +  0.095 x0^2 + -0.584 x0 x1 +  0.947 x0 x2 + -1.033 x0 x3 +  0.657 x0 x4 + -0.179 x0 x5 +  0.683 x1^2 + -1.676 x1 x2 +  1.780 x1 x3 + -1.259 x1 x4 +  0.378 x1 x5 +  0.478 x2^2 + -0.615 x2 x3 +  0.647 x2 x4 + -0.262 x2 x5 + -0.107 x3^2 +  0.083 x3 x5 + -0.044 x4 x5 +  0.012 x5^2 +  0.002 x0^3 + -0.011 x0^2 x1 +  0.014 x0^2 x2 + -0.013 x0^2 x3 +  0.006 x0^2 x4 + -0.005 x0^2 x5 +  0.004 x0 x1^2 + -0.001 x0 x1 x2 +  0.005 x0 x1 x3 +  0.018 x0 x1 x5 + -0.008 x0 x2^2 +  0.005 x0 x2 x3 + -0.009 x0 x2 x4 + -0.020 x0 x2 x5 +  0.007 x0 x3^2 + -0.001 x0 x3 x4 +  0.020 x0 x3 x5 + -0.003 x0 x4^2 + -0.009 x0 x4 x5 +  0.003 x0 x5^2 +  0.006 x1^3 + -0.010 x1^2 x2 +  0.004 x1^2 x3 + -0.003 x1^2 x4 + -0.013 x1^2 x5 + -0.006 x1 x2^2 +  0.008 x1 x2 x3 +  0.002 x1 x2 x4 +  0.006 x1 x2 x5 + -0.009 x1 x3^2 + -0.005 x1 x3 x5 +  0.010 x1 x4^2 +  0.001 x1 x4 x5 + -0.003 x1 x5^2 +  0.005 x2^3 +  0.007 x2^2 x3 +  0.003 x2^2 x4 +  0.019 x2^2 x5 + -0.011 x2 x3^2 + -0.016 x2 x3 x4 + -0.017 x2 x3 x5 + -0.001 x2 x4^2 + -0.002 x2 x4 x5 +  0.005 x2 x5^2 +  0.003 x3^3 +  0.008 x3^2 x4 + -0.007 x3^2 x5 +  0.014 x3 x4^2 +  0.012 x3 x4 x5 + -0.008 x3 x5^2 + -0.015 x4^3 +  0.005 x4^2 x5 +  0.002 x4 x5^2 | (x2)' = -0.107 1 + -0.032 x0 +  125.008 x1 +  0.169 x2 + -125.249 x3 +  0.109 x4 + -0.001 x5 +  0.004 x0^2 +  0.005 x0 x1 + -0.024 x0 x2 +  0.016 x0 x3 + -0.009 x0 x5 + -0.026 x1^2 +  0.055 x1 x2 + -0.027 x1 x4 +  0.035 x1 x5 + -0.031 x2 x3 +  0.014 x2 x4 + -0.040 x2 x5 + -0.029 x3^2 +  0.095 x3 x4 + -0.053 x4^2 +  0.014 x4 x5 +  0.002 x0^3 + -0.012 x0^2 x1 +  0.009 x0^2 x2 + -0.003 x0^2 x3 + -0.001 x0^2 x4 + -0.003 x0^2 x5 +  0.011 x0 x1^2 + -0.003 x0 x1 x2 + -0.003 x0 x1 x3 +  0.011 x0 x1 x4 +  0.015 x0 x1 x5 + -0.005 x0 x2^2 +  0.002 x0 x2 x3 + -0.023 x0 x2 x4 + -0.007 x0 x2 x5 +  0.018 x0 x3^2 + -0.007 x0 x3 x4 +  0.009 x0 x3 x5 +  0.001 x0 x4^2 + -0.004 x0 x4 x5 +  0.001 x0 x5^2 +  0.002 x1^3 + -0.011 x1^2 x2 + -0.003 x1^2 x3 +  0.010 x1^2 x4 + -0.022 x1^2 x5 +  0.001 x1 x2^2 +  0.004 x1 x2 x3 +  0.004 x1 x2 x4 +  0.012 x1 x2 x5 + -0.007 x1 x3^2 + -0.001 x1 x3 x5 +  0.007 x1 x4^2 + -0.004 x1 x4 x5 +  0.001 x1 x5^2 +  0.012 x2^3 + -0.001 x2^2 x3 + -0.002 x2^2 x4 +  0.011 x2^2 x5 + -0.014 x2 x3^2 + -0.012 x2 x3 x4 +  0.003 x2 x4^2 + -0.006 x2 x4 x5 +  0.003 x2 x5^2 +  0.005 x3^3 +  0.011 x3^2 x4 + -0.019 x3^2 x5 +  0.014 x3 x4^2 +  0.014 x3 x4 x5 + -0.005 x3 x5^2 + -0.020 x4^3 +  0.013 x4^2 x5 + -0.004 x4 x5^2 +  0.001 x5^3 | (x3)' = -0.072 1 +  0.054 x0 + -0.228 x1 +  125.370 x2 + -0.239 x3 + -124.975 x4 +  0.024 x5 + -0.002 x0^2 +  0.033 x0 x1 + -0.059 x0 x2 +  0.044 x0 x3 + -0.017 x0 x4 + -0.054 x1^2 +  0.098 x1 x2 + -0.024 x1 x3 +  0.011 x1 x5 +  0.013 x2^2 + -0.086 x2 x3 +  0.004 x2 x5 +  0.151 x3 x4 + -0.072 x3 x5 + -0.116 x4^2 +  0.094 x4 x5 + -0.018 x5^2 + -0.003 x0^2 x1 + -0.001 x0^2 x2 +  0.006 x0^2 x3 + -0.006 x0^2 x4 +  0.007 x0 x1^2 + -0.003 x0 x1 x2 + -0.006 x0 x1 x3 +  0.011 x0 x1 x4 +  0.006 x0 x1 x5 +  0.001 x0 x2^2 + -0.002 x0 x2 x3 + -0.019 x0 x2 x4 +  0.003 x0 x2 x5 +  0.015 x0 x3^2 + -0.006 x0 x3 x4 + -0.002 x0 x3 x5 +  0.003 x0 x4^2 +  0.001 x0 x4 x5 + -0.001 x0 x5^2 + -0.001 x1^3 + -0.004 x1^2 x2 + -0.008 x1^2 x3 +  0.016 x1^2 x4 + -0.019 x1^2 x5 +  0.006 x1 x2^2 + -0.003 x1 x2 x3 +  0.014 x1 x2 x5 + -0.002 x1 x3 x4 +  0.004 x1 x3 x5 + -0.007 x1 x4 x5 +  0.003 x1 x5^2 +  0.008 x2^3 + -0.006 x2^2 x3 + -0.003 x2^2 x4 + -0.006 x2 x3^2 + -0.002 x2 x3 x4 +  0.001 x2 x3 x5 +  0.005 x2 x4^2 + -0.001 x2 x4 x5 +  0.004 x3^3 +  0.004 x3^2 x4 + -0.009 x3^2 x5 +  0.004 x3 x4^2 +  0.004 x3 x4 x5 + -0.001 x3 x5^2 + -0.009 x4^3 +  0.008 x4^2 x5 + -0.003 x4 x5^2 | (x4)' =  0.006 1 +  0.133 x0 + -0.416 x1 +  0.511 x2 +  124.730 x3 +  0.051 x4 + -125.004 x5 + -0.039 x0^2 +  0.205 x0 x1 + -0.305 x0 x2 +  0.326 x0 x3 + -0.183 x0 x4 +  0.036 x0 x5 + -0.122 x1^2 +  0.035 x1 x5 +  0.508 x2^2 + -1.116 x2 x3 +  0.605 x2 x4 + -0.195 x2 x5 +  0.611 x3^2 + -0.598 x3 x4 +  0.159 x3 x5 +  0.104 x4^2 + -0.027 x4 x5 + -0.005 x5^2 + -0.002 x0^3 +  0.007 x0^2 x1 + -0.007 x0^2 x2 +  0.006 x0^2 x3 + -0.002 x0 x1^2 + -0.007 x0 x1 x2 +  0.009 x0 x1 x3 + -0.020 x0 x1 x4 +  0.007 x0 x2^2 +  0.001 x0 x2 x3 +  0.008 x0 x2 x4 +  0.010 x0 x2 x5 + -0.009 x0 x3^2 + -0.002 x0 x3 x4 + -0.014 x0 x3 x5 +  0.007 x0 x4^2 +  0.006 x0 x4 x5 + -0.003 x0 x5^2 + -0.001 x1^2 x2 + -0.011 x1^2 x3 +  0.024 x1^2 x4 + -0.004 x1^2 x5 +  0.007 x1 x2^2 + -0.014 x1 x2 x3 + -0.004 x1 x2 x5 +  0.009 x1 x3^2 +  0.013 x1 x3 x4 +  0.005 x1 x3 x5 + -0.023 x1 x4^2 +  0.005 x1 x5^2 +  0.008 x2^3 + -0.013 x2^2 x3 + -0.021 x2^2 x4 + -0.004 x2^2 x5 +  0.009 x2 x3^2 +  0.013 x2 x3 x4 +  0.016 x2 x3 x5 +  0.014 x2 x4^2 + -0.005 x2 x4 x5 + -0.006 x2 x5^2 +  0.001 x3^3 + -0.007 x3^2 x4 + -0.006 x3^2 x5 + -0.007 x3 x4^2 + -0.004 x3 x4 x5 +  0.008 x3 x5^2 +  0.003 x4^3 +  0.005 x4^2 x5 + -0.007 x4 x5^2 +  0.001 x5^3 | (x5)' =  93.671 x0 + -496.477 x1 +  1173.134 x2 + -1584.231 x3 +  1415.275 x4 + -601.047 x5 +  1.094 x0^2 + -5.983 x0 x1 +  5.946 x0 x2 + -1.954 x0 x3 + -0.027 x0 x4 + -0.116 x0 x5 +  6.719 x1^2 + -8.608 x1 x2 + -2.005 x1 x3 +  1.899 x1 x4 +  1.011 x1 x5 + -1.283 x2^2 +  10.230 x2 x3 + -0.332 x2 x4 + -4.168 x2 x5 + -3.080 x3^2 + -8.270 x3 x4 +  7.611 x3 x5 +  7.065 x4^2 + -7.078 x4 x5 +  1.329 x5^2 +  0.010 x0^3 + -0.050 x0^2 x1 +  0.005 x0^2 x2 +  0.029 x0^2 x3 +  0.002 x0^2 x4 + -0.008 x0^2 x5 +  0.077 x0 x1^2 + -0.090 x0 x1 x3 + -0.044 x0 x1 x4 +  0.036 x0 x1 x5 + -0.030 x0 x2^2 +  0.054 x0 x2 x3 +  0.086 x0 x2 x4 + -0.037 x0 x2 x5 + -0.016 x0 x3^2 + -0.028 x0 x3 x4 + -0.013 x0 x3 x5 + -0.005 x0 x4^2 +  0.029 x0 x4 x5 + -0.006 x0 x5^2 + -0.023 x1^3 + -0.039 x1^2 x2 +  0.077 x1^2 x3 +  0.005 x1^2 x4 + -0.006 x1^2 x5 +  0.014 x1 x2^2 +  0.039 x1 x2 x3 + -0.034 x1 x2 x4 + -0.012 x1 x2 x5 + -0.062 x1 x3^2 + -0.017 x1 x3 x4 +  0.087 x1 x3 x5 +  0.049 x1 x4^2 + -0.090 x1 x4 x5 +  0.015 x1 x5^2 +  0.010 x2^3 + -0.012 x2^2 x3 + -0.035 x2^2 x4 + -0.009 x2^2 x5 + -0.017 x2 x3^2 +  0.043 x2 x3 x4 +  0.006 x2 x3 x5 +  0.017 x2 x4^2 +  0.002 x2 x5^2 +  0.014 x3^3 +  0.029 x3^2 x4 + -0.008 x3^2 x5 + -0.045 x3 x4^2 + -0.058 x3 x4 x5 +  0.032 x3 x5^2 + -0.020 x4^3 +  0.108 x4^2 x5 + -0.079 x4 x5^2 +  0.016 x5^3
20,35.0,1000.0,36.85636440989091,3,6,1,4.0,20.0,5,20.0,smoothed_finite_difference_savgol_order_3,success,,476,504,94.44444444444444,7.7031604908406734,"[""1"", ""x0"", ""x1"", ""x2"", ""x3"", ""x4"", ""x5"", ""x0^2"", ""x0 x1"", ""x0 x2"", ""x0 x3"", ""x0 x4"", ""x0 x5"", ""x1^2"", ""x1 x2"", ""x1 x3"", ""x1 x4"", ""x1 x5"", ""x2^2"", ""x2 x3"", ""x2 x4"", ""x2 x5"", ""x3^2"", ""x3 x4"", ""x3 x5"", ""x4^2"", ""x4 x5"", ""x5^2"", ""x0^3"", ""x0^2 x1"", ""x0^2 x2"", ""x0^2 x3"", ""x0^2 x4"", ""x0^2 x5"", ""x0 x1^2"", ""x0 x1 x2"", ""x0 x1 x3"", ""x0 x1 x4"", ""x0 x1 x5"", ""x0 x2^2"", ""x0 x2 x3"", ""x0 x2 x4"", ""x0 x2 x5"", ""x0 x3^2"", ""x0 x3 x4"", ""x0 x3 x5"", ""x0 x4^2"", ""x0 x4 x5"", ""x0 x5^2"", ""x1^3"", ""x1^2 x2"", ""x1^2 x3"", ""x1^2 x4"", ""x1^2 x5"", ""x1 x2^2"", ""x1 x2 x3"", ""x1 x2 x4"", ""x1 x2 x5"", ""x1 x3^2"", ""x1 x3 x4"", ""x1 x3 x5"", ""x1 x4^2"", ""x1 x4 x5"", ""x1 x5^2"", ""x2^3"", ""x2^2 x3"", ""x2^2 x4"", ""x2^2 x5"", ""x2 x3^2"", ""x2 x3 x4"", ""x2 x3 x5"", ""x2 x4^2"", ""x2 x4 x5"", ""x2 x5^2"", ""x3^3"", ""x3^2 x4"", ""x3^2 x5"", ""x3 x4^2"", ""x3 x4 x5"", ""x3 x5^2"", ""x4^3"", ""x4^2 x5"", ""x4 x5^2"", ""x5^3""]","[[-2.862695654876929, 608.2318580063081, -1444.564039600108, 1634.1585213038784, -1217.7893060940762, 517.4133416113831, -97.7569845271289, -0.9388662014215124, 6.677054886275998, -8.562989339749972, 4.150561683681352, 0.0, -0.3214091428405097, -11.173804715326172, 27.095687265216682, -12.10508844662625, -0.21562592255205723, 0.6406944599179291, -15.120414396393258, 10.778354916005588, 1.484394902969627, -0.1326250828788589, 0.0, -2.3843711749472174, -0.8103017937508037, 0.0, 1.2888973937809627, -0.35012378872739136, -0.008547548861084194, 0.04825065379315171, -0.0017651104367221522, -0.016312830333864818, -0.0034070609095623425, -0.0023136382818649062, -0.09247606194166441, 0.021820571176674512, 0.0, 0.06798112793208262, 0.007765022815928636, 0.02372097528276468, 0.02456255561305144, -0.028645543668970565, -0.06950460844741842, -0.05572037198525541, 0.010525766675548649, 0.10690349656034438, 0.017633399138894147, -0.07374419578410304, 0.01604538650882626, 0.04838734770076905, 0.007454075330082086, -0.005808902345080366, -0.09052330241268694, 0.019207678059341607, -0.03717832708888732, 0.023449203206860204, 0.032597538908380665, 0.01337442544029278, 0.03142943662869101, 0.0, -0.07616122442689918, 0.021105890084381837, 0.03211166455645481, -0.007283043210640051, -0.04540343788541128, 0.04293128354980319, 0.057664595922800065, 0.03482419305814979, 0.0010596453694588785, -0.07005303877299991, -0.05725242534636767, -0.06784395069114661, 0.07134182247833709, -0.00934809446104058, 0.0005636446878840183, -0.009175331276748563, 0.01254414616746011, 0.04915657978975725, 0.04083123507094484, -0.03309287809329448, 0.009522625383174927, -0.08710819496903044, 0.06685320486929289, -0.012932869753318503], [0.011624310778920835, 124.81849530796023, 0.5630738102743961, -125.6718599308363, 0.3663561496763134, -0.10149510608082309, 0.024257028103401426, 0.0762346916069519, -0.435874432583884, 0.7892379619527085, -1.0432700319252795, 0.7471442167287268, -0.21103856510525185, 0.35367152760784343, -0.7900526113893527, 1.4567380477299692, -1.3682730338807558, 0.43176066983742234, -0.20154300617118695, 0.04380340797658046, 0.6408960319810377, -0.27790400785104435, -0.26384404289991464, 0.0, 0.0633889975505133, 0.0, -0.014748108014622712, 0.0036743666111789903, 0.0023985344894503747, -0.009597408857535293, 0.017728968966204923, -0.020291485546605998, 0.008744431390062637, -0.005794953521204287, -0.004382389059873054, 3.827384099709621e-06, 0.01647358720599652, 0.0, 0.020058040922282167, -0.007771729153584846, 0.0057468381831551505, -0.015792824853317507, -0.02181407895482257, 0.006251116835825134, -0.0037584599408350045, 0.0259243151729328, 0.00181230694768615, -0.014974733358379901, 0.0034597845866702307, 0.01368188995524166, -0.01360159981658359, -0.003911102862340738, -0.0027169957471660446, -0.014944258489360429, -0.010522450979263118, 0.008909837100912114, 0.006911933074452265, 0.009045358424892621, -0.0026305525217662695, 0.0, -0.00842251098479593, 0.007873352296660783, 0.0013338945338036213, -0.0013635670734816192, 0.006252647581348029, 0.011018280444179584, 0.005538992801103397, 0.019730953976153046, -0.01304729188408444, -0.023049131665606043, -0.0202313933721052, -0.004615423438398793, 0.006456251288341288, 0.0025347254402201796, -0.0002746166224166448, 0.009747910768572808, -0.0064513148650405935, 0.024076860717799152, 0.011334655623559429, -0.010645401467672962, -0.01873014974551375, 0.0, 0.00807541487306763, -0.0017888729118150798], [-0.10714664681373644, -0.030043892094122948, 124.93911426510138, 0.38981785201989944, -125.53531864223507, 0.27870673548118347, -0.039009743685663144, -0.005755586222410263, 0.06715116585932505, -0.10019351479717473, 0.05351059889648925, 0.0, -0.014154418321636972, -0.10662457721343399, 0.18694368274216885, 0.0, -0.08153620906498792, 0.06214079634997715, 0.0, -0.16890859008135464, 0.11940610392331519, -0.07257665206974587, 0.04324787089669873, 0.05831906336484049, 0.0, -0.07244903313758098, 0.03600177396056536, -0.0044999161764815955, 0.0042413226125801035, -0.021070492636666816, 0.014488329457267576, -0.003941610671000231, -0.002857843287347791, -0.00360282350617388, 0.020547456137283097, -0.0051216625842135065, -0.00865040840651228, 0.015970017457817814, 0.01884657090336606, -0.00908233231073058, 0.0036015533950838827, -0.03068323080810026, -0.006419688930702165, 0.0278869865785398, -0.012317001404408329, 0.0061912964415104885, 0.001404461491905986, -0.0005840661789090427, -0.0003189178256525905, 0.001596027765404328, -0.017211649844017046, -0.0022449136876184486, 0.017805587465434942, -0.03183541195662146, 0.0014340939255820247, 0.00539784260367246, 0.002024957096984765, 0.018936834919561163, -0.010280010905214554, 0.0, 0.003916995767214155, 0.00654570211035736, -0.009451949450576895, 0.002442114232305964, 0.017995203595917303, -0.0022421401173930823, -0.0073253210615663675, 0.013423093427707321, -0.01892707233751445, -0.013655262683513844, 0.0, 0.009893870141893581, -0.012785582182548463, 0.0043411785241009825, 0.005189878667944343, 0.01563896100789286, -0.024840842970059736, 0.018561880615201528, 0.017274513298178373, -0.0066609490928018905, -0.0293373340150608, 0.0212806016697612, -0.006312656974125692, 0.0008834435092102812], [-0.06955031069202969, 0.0920043895338755, -0.3841097667109605, 125.63109854502981, -0.45640371566766935, -124.88886356829506, 0.011836528586761081, -0.013881436542291573, 0.10530373453401935, -0.14716576437256862, 0.09996128250308525, -0.034797097445169727, 0.0, -0.13441654273518747, 0.22197997533653357, -0.05717714835049059, 0.0, 0.018101044451521144, 0.022079725422521644, -0.16135697777607902, 0.0, 0.010672552358906797, 0.0, 0.27117358654603524, -0.12807453389202686, -0.20368842036086912, 0.1622627379966137, -0.030960150904647772, 0.0013148807435077888, -0.007915420359400004, 0.00015905107625378395, 0.008625447941915096, -0.009190708425817682, 0.00040136007055219003, 0.013913690807039227, -0.004342569668986119, -0.009884919005927474, 0.015611457742607445, 0.006623561702547032, -0.0008687999397256931, -0.0029212803644189903, -0.025279284726480954, 0.0072835076997073995, 0.0231377678664291, -0.010980043981899702, -0.008324049083906675, 0.003964102290142896, 0.006092414398714918, -0.002110379158420163, -0.003270511087201378, -0.006735856418400753, -0.010678427285929952, 0.024591958021538064, -0.026525328217298957, 0.008389205654965164, -0.00478900531070125, 0.0, 0.019539567317326978, -0.0005315214124791879, -0.002648739204609935, 0.009109942457944881, -0.0006003923910745303, -0.012361369858052421, 0.004307363369687322, 0.013847094583055494, -0.009935742152336072, -0.009067028946298373, 0.0, -0.008052150754763067, -0.0005546558453317509, 0.00151007259014048, 0.011081000263856682, -0.005649976562166118, 0.0005523327749326361, 0.004587293129984028, 0.0062013344481634276, -0.011076431115518036, 0.004320348454254099, 0.004876553218096809, -0.0012015485726979732, -0.013923539741525904, 0.0141569303871452, -0.005558154920225751, 0.0007791402170354894], [-6.527717373004636e-05, 0.2110255509464304, -0.6814607717604737, 0.8807307617777496, 124.46716460844178, 0.15039525744979343, -125.02329464317224, -0.060128573768501926, 0.32166902435753403, -0.48633245671697034, 0.5269995852901499, -0.3001977235394531, 0.05933040539281986, -0.19100502112791537, 0.0, 0.0, 0.0, 0.0587249760608922, 0.8347046260501126, -1.9148248074617005, 1.091965697491011, -0.35978482209466073, 1.139757206480174, -1.2585109853805918, 0.36572082290838526, 0.30785948549444425, -0.1467953060072933, 0.010853434837961045, -0.0023140509195250973, 0.00889053393143612, -0.010903167990911884, 0.010221811961762339, 0.0, 0.0007038036030820922, 4.849433502751713e-06, -0.010895779988661586, 0.012757040658272607, -0.03372609391454206, 0.00197411681831757, 0.01031138259406477, 0.0018861588327794723, 0.01645600406167754, 0.012354225182291005, -0.015231143564712182, -0.0012373025008760854, -0.020346251257068047, 0.008256097600983434, 0.010956109799716063, -0.00440547157363643, -0.0008695318556254915, -0.001760141709802612, -0.015110621378733795, 0.03760385348974384, -0.006123020899889537, 0.010857749930286383, -0.02047049944977958, -0.0031224762861193395, -0.0062515491165544175, 0.012912168048298114, 0.020761391635942542, 0.006241138477317998, -0.03362699198038756, 0.0, 0.006985730181171859, 0.012281000164873823, -0.021027605213847084, -0.0329279250903788, -0.0038622942869910044, 0.01271798437427433, 0.01922091796094485, 0.023767205133714907, 0.02202250518168266, -0.009849585364868801, -0.008451583296732334, 0.003001987277173508, -0.010713574241326695, -0.010956647729159831, -0.011105493391763479, -0.005350439905086054, 0.013042211860223167, 0.004045918038090293, 0.010843930893854955, -0.012850663530036251, 0.0024118228528520725], [2.65257997411929, 96.19005063826577, -510.3662215333639, 1204.679543117448, -1621.4887503014422, 1438.3116918022686, -607.0286631339055, 0.9032464849426276, -5.087313059464029, 5.411799555890434, -2.428236732809545, 0.7479484025263994, -0.404420428067173, 5.667140755033363, -7.366545625357786, -0.6414138631036004, -0.3230342724311507, 1.8562982126047003, -1.8046506193949226, 9.72376896096236, 1.0574097814920744, -4.740708767632035, -3.725167552811305, -6.767827192368931, 7.032568261959772, 5.817520956319994, -6.031250483157305, 1.1028310209508905, 0.008012597735951914, -0.04572573651574428, 0.010231178661603856, 0.024799354191682756, 0.0016657360115412871, -0.004420433493041774, 0.07990545786369026, -0.03721195678582314, -0.07030880675461464, -0.04323988543492318, 0.022624961675879206, -0.00563282815196513, 0.045497791345186604, 0.08735592622370396, -0.028499961983114806, -0.030304100088843527, -0.018770043700090316, -0.016328138125274963, -0.001219371767295221, 0.023750134002944644, -0.0049822055322553335, -0.025163603791151845, -0.02423288453649582, 0.07552153172378863, -0.0005972120553939355, 0.006888442172331959, 0.011873205744615475, 0.030316073017495372, -0.037635160791641135, -0.016618919897662135, -0.05484408163120499, -0.012119995647074784, 0.07973874350531954, 0.03967245308174995, -0.07832615350381607, 0.012749598715305841, 0.001644171437469002, -0.010431502492946877, -0.030791338173617636, -0.01635013932659226, -0.006223162043636582, 0.047681688394037754, 0.01263126546983581, 0.014389852203379721, 0.0, 1.284242125547115e-05, 0.010908977704387278, 0.020872663680572657, -0.003995619013548831, -0.04894219860865148, -0.057306670691228606, 0.033632004864599004, -0.009317259648149601, 0.0962103540904155, -0.07407179166924878, 0.015007618252390189]]",(x0)' = -2.863 1 +  608.232 x0 + -1444.564 x1 +  1634.159 x2 + -1217.789 x3 +  517.413 x4 + -97.757 x5 + -0.939 x0^2 +  6.677 x0 x1 + -8.563 x0 x2 +  4.151 x0 x3 + -0.321 x0 x5 + -11.174 x1^2 +  27.096 x1 x2 + -12.105 x1 x3 + -0.216 x1 x4 +  0.641 x1 x5 + -15.120 x2^2 +  10.778 x2 x3 +  1.484 x2 x4 + -0.133 x2 x5 + -2.384 x3 x4 + -0.810 x3 x5 +  1.289 x4 x5 + -0.350 x5^2 + -0.009 x0^3 +  0.048 x0^2 x1 + -0.002 x0^2 x2 + -0.016 x0^2 x3 + -0.003 x0^2 x4 + -0.002 x0^2 x5 + -0.092 x0 x1^2 +  0.022 x0 x1 x2 +  0.068 x0 x1 x4 +  0.008 x0 x1 x5 +  0.024 x0 x2^2 +  0.025 x0 x2 x3 + -0.029 x0 x2 x4 + -0.070 x0 x2 x5 + -0.056 x0 x3^2 +  0.011 x0 x3 x4 +  0.107 x0 x3 x5 +  0.018 x0 x4^2 + -0.074 x0 x4 x5 +  0.016 x0 x5^2 +  0.048 x1^3 +  0.007 x1^2 x2 + -0.006 x1^2 x3 + -0.091 x1^2 x4 +  0.019 x1^2 x5 + -0.037 x1 x2^2 +  0.023 x1 x2 x3 +  0.033 x1 x2 x4 +  0.013 x1 x2 x5 +  0.031 x1 x3^2 + -0.076 x1 x3 x5 +  0.021 x1 x4^2 +  0.032 x1 x4 x5 + -0.007 x1 x5^2 + -0.045 x2^3 +  0.043 x2^2 x3 +  0.058 x2^2 x4 +  0.035 x2^2 x5 +  0.001 x2 x3^2 + -0.070 x2 x3 x4 + -0.057 x2 x3 x5 + -0.068 x2 x4^2 +  0.071 x2 x4 x5 + -0.009 x2 x5^2 +  0.001 x3^3 + -0.009 x3^2 x4 +  0.013 x3^2 x5 +  0.049 x3 x4^2 +  0.041 x3 x4 x5 + -0.033 x3 x5^2 +  0.010 x4^3 + -0.087 x4^2 x5 +  0.067 x4 x5^2 + -0.013 x5^3 | (x1)' =  0.012 1 +  124.818 x0 +  0.563 x1 + -125.672 x2 +  0.366 x3 + -0.101 x4 +  0.024 x5 +  0.076 x0^2 + -0.436 x0 x1 +  0.789 x0 x2 + -1.043 x0 x3 +  0.747 x0 x4 + -0.211 x0 x5 +  0.354 x1^2 + -0.790 x1 x2 +  1.457 x1 x3 + -1.368 x1 x4 +  0.432 x1 x5 + -0.202 x2^2 +  0.044 x2 x3 +  0.641 x2 x4 + -0.278 x2 x5 + -0.264 x3^2 +  0.063 x3 x5 + -0.015 x4 x5 +  0.004 x5^2 +  0.002 x0^3 + -0.010 x0^2 x1 +  0.018 x0^2 x2 + -0.020 x0^2 x3 +  0.009 x0^2 x4 + -0.006 x0^2 x5 + -0.004 x0 x1^2 +  0.016 x0 x1 x3 +  0.020 x0 x1 x5 + -0.008 x0 x2^2 +  0.006 x0 x2 x3 + -0.016 x0 x2 x4 + -0.022 x0 x2 x5 +  0.006 x0 x3^2 + -0.004 x0 x3 x4 +  0.026 x0 x3 x5 +  0.002 x0 x4^2 + -0.015 x0 x4 x5 +  0.003 x0 x5^2 +  0.014 x1^3 + -0.014 x1^2 x2 + -0.004 x1^2 x3 + -0.003 x1^2 x4 + -0.015 x1^2 x5 + -0.011 x1 x2^2 +  0.009 x1 x2 x3 +  0.007 x1 x2 x4 +  0.009 x1 x2 x5 + -0.003 x1 x3^2 + -0.008 x1 x3 x5 +  0.008 x1 x4^2 +  0.001 x1 x4 x5 + -0.001 x1 x5^2 +  0.006 x2^3 +  0.011 x2^2 x3 +  0.006 x2^2 x4 +  0.020 x2^2 x5 + -0.013 x2 x3^2 + -0.023 x2 x3 x4 + -0.020 x2 x3 x5 + -0.005 x2 x4^2 +  0.006 x2 x4 x5 +  0.003 x2 x5^2 +  0.010 x3^2 x4 + -0.006 x3^2 x5 +  0.024 x3 x4^2 +  0.011 x3 x4 x5 + -0.011 x3 x5^2 + -0.019 x4^3 +  0.008 x4 x5^2 + -0.002 x5^3 | (x2)' = -0.107 1 + -0.030 x0 +  124.939 x1 +  0.390 x2 + -125.535 x3 +  0.279 x4 + -0.039 x5 + -0.006 x0^2 +  0.067 x0 x1 + -0.100 x0 x2 +  0.054 x0 x3 + -0.014 x0 x5 + -0.107 x1^2 +  0.187 x1 x2 + -0.082 x1 x4 +  0.062 x1 x5 + -0.169 x2 x3 +  0.119 x2 x4 + -0.073 x2 x5 +  0.043 x3^2 +  0.058 x3 x4 + -0.072 x4^2 +  0.036 x4 x5 + -0.004 x5^2 +  0.004 x0^3 + -0.021 x0^2 x1 +  0.014 x0^2 x2 + -0.004 x0^2 x3 + -0.003 x0^2 x4 + -0.004 x0^2 x5 +  0.021 x0 x1^2 + -0.005 x0 x1 x2 + -0.009 x0 x1 x3 +  0.016 x0 x1 x4 +  0.019 x0 x1 x5 + -0.009 x0 x2^2 +  0.004 x0 x2 x3 + -0.031 x0 x2 x4 + -0.006 x0 x2 x5 +  0.028 x0 x3^2 + -0.012 x0 x3 x4 +  0.006 x0 x3 x5 +  0.001 x0 x4^2 + -0.001 x0 x4 x5 +  0.002 x1^3 + -0.017 x1^2 x2 + -0.002 x1^2 x3 +  0.018 x1^2 x4 + -0.032 x1^2 x5 +  0.001 x1 x2^2 +  0.005 x1 x2 x3 +  0.002 x1 x2 x4 +  0.019 x1 x2 x5 + -0.010 x1 x3^2 +  0.004 x1 x3 x5 +  0.007 x1 x4^2 + -0.009 x1 x4 x5 +  0.002 x1 x5^2 +  0.018 x2^3 + -0.002 x2^2 x3 + -0.007 x2^2 x4 +  0.013 x2^2 x5 + -0.019 x2 x3^2 + -0.014 x2 x3 x4 +  0.010 x2 x4^2 + -0.013 x2 x4 x5 +  0.004 x2 x5^2 +  0.005 x3^3 +  0.016 x3^2 x4 + -0.025 x3^2 x5 +  0.019 x3 x4^2 +  0.017 x3 x4 x5 + -0.007 x3 x5^2 + -0.029 x4^3 +  0.021 x4^2 x5 + -0.006 x4 x5^2 +  0.001 x5^3 | (x3)' = -0.070 1 +  0.092 x0 + -0.384 x1 +  125.631 x2 + -0.456 x3 + -124.889 x4 +  0.012 x5 + -0.014 x0^2 +  0.105 x0 x1 + -0.147 x0 x2 +  0.100 x0 x3 + -0.035 x0 x4 + -0.134 x1^2 +  0.222 x1 x2 + -0.057 x1 x3 +  0.018 x1 x5 +  0.022 x2^2 + -0.161 x2 x3 +  0.011 x2 x5 +  0.271 x3 x4 + -0.128 x3 x5 + -0.204 x4^2 +  0.162 x4 x5 + -0.031 x5^2 +  0.001 x0^3 + -0.008 x0^2 x1 +  0.009 x0^2 x3 + -0.009 x0^2 x4 +  0.014 x0 x1^2 + -0.004 x0 x1 x2 + -0.010 x0 x1 x3 +  0.016 x0 x1 x4 +  0.007 x0 x1 x5 + -0.001 x0 x2^2 + -0.003 x0 x2 x3 + -0.025 x0 x2 x4 +  0.007 x0 x2 x5 +  0.023 x0 x3^2 + -0.011 x0 x3 x4 + -0.008 x0 x3 x5 +  0.004 x0 x4^2 +  0.006 x0 x4 x5 + -0.002 x0 x5^2 + -0.003 x1^3 + -0.007 x1^2 x2 + -0.011 x1^2 x3 +  0.025 x1^2 x4 + -0.027 x1^2 x5 +  0.008 x1 x2^2 + -0.005 x1 x2 x3 +  0.020 x1 x2 x5 + -0.001 x1 x3^2 + -0.003 x1 x3 x4 +  0.009 x1 x3 x5 + -0.001 x1 x4^2 + -0.012 x1 x4 x5 +  0.004 x1 x5^2 +  0.014 x2^3 + -0.010 x2^2 x3 + -0.009 x2^2 x4 + -0.008 x2 x3^2 + -0.001 x2 x3 x4 +  0.002 x2 x3 x5 +  0.011 x2 x4^2 + -0.006 x2 x4 x5 +  0.001 x2 x5^2 +  0.005 x3^3 +  0.006 x3^2 x4 + -0.011 x3^2 x5 +  0.004 x3 x4^2 +  0.005 x3 x4 x5 + -0.001 x3 x5^2 + -0.014 x4^3 +  0.014 x4^2 x5 + -0.006 x4 x5^2 +  0.001 x5^3 | (x4)' =  0.211 x0 + -0.681 x1 +  0.881 x2 +  124.467 x3 +  0.150 x4 + -125.023 x5 + -0.060 x0^2 +  0.322 x0 x1 + -0.486 x0 x2 +  0.527 x0 x3 + -0.300 x0 x4 +  0.059 x0 x5 + -0.191 x1^2 +  0.059 x1 x5 +  0.835 x2^2 + -1.915 x2 x3 +  1.092 x2 x4 + -0.360 x2 x5 +  1.140 x3^2 + -1.259 x3 x4 +  0.366 x3 x5 +  0.308 x4^2 + -0.147 x4 x5 +  0.011 x5^2 + -0.002 x0^3 +  0.009 x0^2 x1 + -0.011 x0^2 x2 +  0.010 x0^2 x3 +  0.001 x0^2 x5 + -0.011 x0 x1 x2 +  0.013 x0 x1 x3 + -0.034 x0 x1 x4 +  0.002 x0 x1 x5 +  0.010 x0 x2^2 +  0.002 x0 x2 x3 +  0.016 x0 x2 x4 +  0.012 x0 x2 x5 + -0.015 x0 x3^2 + -0.001 x0 x3 x4 + -0.020 x0 x3 x5 +  0.008 x0 x4^2 +  0.011 x0 x4 x5 + -0.004 x0 x5^2 + -0.001 x1^3 + -0.002 x1^2 x2 + -0.015 x1^2 x3 +  0.038 x1^2 x4 + -0.006 x1^2 x5 +  0.011 x1 x2^2 + -0.020 x1 x2 x3 + -0.003 x1 x2 x4 + -0.006 x1 x2 x5 +  0.013 x1 x3^2 +  0.021 x1 x3 x4 +  0.006 x1 x3 x5 + -0.034 x1 x4^2 +  0.007 x1 x5^2 +  0.012 x2^3 + -0.021 x2^2 x3 + -0.033 x2^2 x4 + -0.004 x2^2 x5 +  0.013 x2 x3^2 +  0.019 x2 x3 x4 +  0.024 x2 x3 x5 +  0.022 x2 x4^2 + -0.010 x2 x4 x5 + -0.008 x2 x5^2 +  0.003 x3^3 + -0.011 x3^2 x4 + -0.011 x3^2 x5 + -0.011 x3 x4^2 + -0.005 x3 x4 x5 +  0.013 x3 x5^2 +  0.004 x4^3 +  0.011 x4^2 x5 + -0.013 x4 x5^2 +  0.002 x5^3 | (x5)' =  2.653 1 +  96.190 x0 + -510.366 x1 +  1204.680 x2 + -1621.489 x3 +  1438.312 x4 + -607.029 x5 +  0.903 x0^2 + -5.087 x0 x1 +  5.412 x0 x2 + -2.428 x0 x3 +  0.748 x0 x4 + -0.404 x0 x5 +  5.667 x1^2 + -7.367 x1 x2 + -0.641 x1 x3 + -0.323 x1 x4 +  1.856 x1 x5 + -1.805 x2^2 +  9.724 x2 x3 +  1.057 x2 x4 + -4.741 x2 x5 + -3.725 x3^2 + -6.768 x3 x4 +  7.033 x3 x5 +  5.818 x4^2 + -6.031 x4 x5 +  1.103 x5^2 +  0.008 x0^3 + -0.046 x0^2 x1 +  0.010 x0^2 x2 +  0.025 x0^2 x3 +  0.002 x0^2 x4 + -0.004 x0^2 x5 +  0.080 x0 x1^2 + -0.037 x0 x1 x2 + -0.070 x0 x1 x3 + -0.043 x0 x1 x4 +  0.023 x0 x1 x5 + -0.006 x0 x2^2 +  0.045 x0 x2 x3 +  0.087 x0 x2 x4 + -0.028 x0 x2 x5 + -0.030 x0 x3^2 + -0.019 x0 x3 x4 + -0.016 x0 x3 x5 + -0.001 x0 x4^2 +  0.024 x0 x4 x5 + -0.005 x0 x5^2 + -0.025 x1^3 + -0.024 x1^2 x2 +  0.076 x1^2 x3 + -0.001 x1^2 x4 +  0.007 x1^2 x5 +  0.012 x1 x2^2 +  0.030 x1 x2 x3 + -0.038 x1 x2 x4 + -0.017 x1 x2 x5 + -0.055 x1 x3^2 + -0.012 x1 x3 x4 +  0.080 x1 x3 x5 +  0.040 x1 x4^2 + -0.078 x1 x4 x5 +  0.013 x1 x5^2 +  0.002 x2^3 + -0.010 x2^2 x3 + -0.031 x2^2 x4 + -0.016 x2^2 x5 + -0.006 x2 x3^2 +  0.048 x2 x3 x4 +  0.013 x2 x3 x5 +  0.014 x2 x4^2 +  0.011 x3^3 +  0.021 x3^2 x4 + -0.004 x3^2 x5 + -0.049 x3 x4^2 + -0.057 x3 x4 x5 +  0.034 x3 x5^2 + -0.009 x4^3 +  0.096 x4^2 x5 + -0.074 x4 x5^2 +  0.015 x5^3
21,35.0,1000.0,36.85636440989091,3,6,1,4.0,20.0,9,36.0,smoothed_finite_difference_savgol_order_3,success,,470,504,93.25396825396825,7.546819815412164,"[""1"", ""x0"", ""x1"", ""x2"", ""x3"", ""x4"", ""x5"", ""x0^2"", ""x0 x1"", ""x0 x2"", ""x0 x3"", ""x0 x4"", ""x0 x5"", ""x1^2"", ""x1 x2"", ""x1 x3"", ""x1 x4"", ""x1 x5"", ""x2^2"", ""x2 x3"", ""x2 x4"", ""x2 x5"", ""x3^2"", ""x3 x4"", ""x3 x5"", ""x4^2"", ""x4 x5"", ""x5^2"", ""x0^3"", ""x0^2 x1"", ""x0^2 x2"", ""x0^2 x3"", ""x0^2 x4"", ""x0^2 x5"", ""x0 x1^2"", ""x0 x1 x2"", ""x0 x1 x3"", ""x0 x1 x4"", ""x0 x1 x5"", ""x0 x2^2"", ""x0 x2 x3"", ""x0 x2 x4"", ""x0 x2 x5"", ""x0 x3^2"", ""x0 x3 x4"", ""x0 x3 x5"", ""x0 x4^2"", ""x0 x4 x5"", ""x0 x5^2"", ""x1^3"", ""x1^2 x2"", ""x1^2 x3"", ""x1^2 x4"", ""x1^2 x5"", ""x1 x2^2"", ""x1 x2 x3"", ""x1 x2 x4"", ""x1 x2 x5"", ""x1 x3^2"", ""x1 x3 x4"", ""x1 x3 x5"", ""x1 x4^2"", ""x1 x4 x5"", ""x1 x5^2"", ""x2^3"", ""x2^2 x3"", ""x2^2 x4"", ""x2^2 x5"", ""x2 x3^2"", ""x2 x3 x4"", ""x2 x3 x5"", ""x2 x4^2"", ""x2 x4 x5"", ""x2 x5^2"", ""x3^3"", ""x3^2 x4"", ""x3^2 x5"", ""x3 x4^2"", ""x3 x4 x5"", ""x3 x5^2"", ""x4^3"", ""x4^2 x5"", ""x4 x5^2"", ""x5^3""]","[[-1.3414465358623269, 637.2377693877218, -1553.2631138469635, 1800.6263325005593, -1345.6764422947226, 564.744585735247, -103.85084536820615, 0.3151407171037641, 0.0, 0.7180569365295184, -2.438353070059476, 0.0, 1.1813233899188822, -4.809002679786759, 11.864159611139446, -3.267585670325386, 8.028572090021687, -7.407452599112064, -3.7356066483606143, -9.147117716417135, -8.079257134754672, 12.841645655910636, 12.366114251982143, 0.9808468477021111, -11.542153820392292, -4.284457204603885, 7.970406101424695, -1.5553535067317026, 0.004410919342557911, -0.008481293324307918, -0.023724116065864453, -0.07810011091958576, 0.06387009244269265, -0.007894857394921339, 0.0, 0.22749162271837772, 0.11046332105258626, -0.052396167690912765, -0.04398948894074397, -0.18297985638681294, -0.13501480742620794, -0.016138062968117917, 0.032025248409434166, 0.16061417134047742, 0.12455041910876127, -0.0035888653966424646, -0.21717879161056436, 0.12920385601147563, -0.03866415115812938, -0.08854379083969476, 0.04415235828712107, 0.013307977883784933, -0.07167175838879958, 0.0972537520386252, -0.002918775953925474, -0.0509596930563648, -0.007614848101995478, -0.04975816769906354, 0.006944218685272506, 0.04059853404953925, -0.2455559468301773, 0.0603838877387028, 0.10562758604684541, 0.015014371807103804, 0.08500648118871708, -0.01873964037649143, 0.07342910296492101, 0.07650234194816917, -0.06921220654399814, 0.018098191801549222, -0.026894408274340094, -0.04595154774450503, -0.029113296938083996, -0.023769697724766555, -0.06260837433895004, 0.05712539814466245, 0.07477271351404068, 0.017870325851061408, -0.03183803349333723, 0.004289289348534878, 0.005773993303555012, -0.05448429835363088, 0.051729354596967314, -0.01271457715297317], [0.0, 123.42080988601798, 7.674939823080852, -141.0014044686192, 17.88642251404643, -10.729166617334121, 2.7523822409330014, 0.15797187792645112, -0.016549057198906217, 0.6904336398293602, -2.501539335127185, 1.4465651287020713, 0.0, -2.9794716905680687, 8.200774170565014, -0.35054077207434575, 0.0, -1.6253853195964227, -5.171563281454649, -2.985791316363691, 0.6956313292267587, 3.3535509741624097, 6.911576146985743, -4.69735292537515, -2.9816187694188225, 0.0, 2.4337778218620385, -0.5804392806770199, 0.04378103821533929, -0.20580393232247884, 0.20174582744071748, -0.28080898596799436, 0.07033331628823734, 0.0, 0.11696706383300973, 0.17768805338196364, 0.44797254085466004, 0.0, -0.011789654852378623, -0.44288743967126953, -0.10307420338278342, -0.46013909008371606, 0.26681063862799564, 0.6706365255258653, -0.18296210193752097, -0.2214025587913033, -0.18082812726834743, 0.2685934483015217, -0.04756626398276443, -0.005849809335705263, -0.1026946658966904, -0.3145985512856945, 0.3408345433984406, -0.3058578132152012, -0.018958429628212026, -0.269683913713627, 0.05213675728726898, 0.29445063651065384, -0.028676995158933998, 0.1182673364892065, -0.06892266174525144, 0.17103413830581626, -0.038456819681562816, -0.07230738275937582, 0.5220963572139896, -0.08372272961195787, -0.017352028322134224, 0.06328613301207887, -0.2874575231235814, -0.0953338982571251, -0.26100552920175657, -0.07879844005628754, -0.15805659413406833, 0.2585382842819245, -0.0901894700742425, 0.294122298131326, 0.1291054844335967, 0.2400415110970964, 0.08515589823025868, -0.29651065643814245, -0.2709863852793099, 0.01944278511006442, 0.19470352982162745, -0.04506227761827986], [0.18565031117147873, 1.6071348231334348, 118.43115648698321, 11.953739218251712, -136.8287151339907, 6.334036627287162, -1.4840620863604281, -0.7009695818106226, 4.0896058417527374, -4.840692595465466, 2.1966586185834713, 0.0, -0.20080666314374, -4.979385324778665, 8.944175509132169, 0.0, -3.8492168342371973, 1.4397708175745327, -2.562304141936568, -4.80170098094705, 6.249773134989706, -1.5997315870753461, 3.662023055890427, -3.6317759585862066, 0.0, -0.18778535386332088, 1.070706254025896, -0.2982926013874459, 0.009668205146317242, -0.05283136524560389, -0.03631242979241818, 0.055669993243300506, -0.13016122129530208, 0.051565604563221366, 0.10851645726222092, 0.12283704819495712, 0.08177096566482282, 0.22533016894365715, -0.08714510902373195, -0.1602031856348222, -0.20483080227255915, -0.19355443983384157, -0.032402367460373824, 0.30389345117172445, 0.11999947377365852, 0.15958219425341155, -0.3326814409840574, 0.10506631678131671, -0.020916694670728347, -0.11896098779902031, 0.03164386088720002, -0.24590462666764815, 0.13688973294499074, 0.0, 0.13639579061851567, -0.16066509637715337, 0.05945225955648416, -0.058326487136978265, 0.07649912442329809, 0.0, -0.40094999216674276, 0.2916325787121542, 0.06466755172140702, -0.004441830626471728, 0.25336833067923825, -0.16361391525335436, -0.05688307793697045, 0.3139643853072488, -0.16612964698586039, -0.12688704266076506, 0.0, -0.10760241200837746, -0.016231884770400867, -0.010600830916715678, 0.11392745230718891, 0.10827665996633522, -0.11853013948491191, 0.07142817352735416, 0.0667936036641724, -0.0008424666266355211, -0.09817052686514885, 0.0478546877894269, -0.010914631158233646, 0.0], [-0.05322287478262267, -0.057096272343129986, 0.16258466902533164, 125.2923882415475, -0.9995893704263167, -124.09264936705603, -0.28106821116315045, -0.6288416733692729, 3.879421085273921, -4.2575958168996735, 1.659689043948675, 0.0, 0.0, -6.000281037468972, 13.132245733892022, -4.934301311147094, 0.0, -0.20436806302251598, -7.017680270739849, 4.601574549774471, 0.0, 0.8580066130152902, -0.17665534351919376, 0.0, -1.335397107124655, -0.46307768230176344, 1.1477932136587168, -0.2604600132204769, 0.0, -0.001682557426604985, -0.02532815399968047, 0.1361234451435548, -0.18382595064519938, 0.02129349716242061, 0.002165139869205884, -0.03471000644751353, -0.09181758092138106, 0.30572852242108645, 0.10671235304149303, 0.044080344749694134, 0.0, -0.3099081974044608, -0.14285950206788098, 0.12662293443429185, -0.04376584791958388, 0.214277849690721, 0.0, -0.08007971996867094, 0.010691663280826621, 0.04181096648354047, -0.04615758834138801, -0.30044727753939626, 0.3025525658630335, -0.26877031271155966, 0.10851575224084378, -0.08515009017825019, 0.0, 0.10485040337119464, 0.11757824032376955, 0.07919844984998801, -0.10208711021774693, 0.011417729763510711, -0.07177524308140215, 0.04776660923491873, 0.13791659585862226, -0.1255894859809936, -0.118700234222707, 0.3162605097377864, -0.08909189458384467, -0.16104070710484147, -0.1466081954565437, 0.007520907429696466, 0.14831065450334788, -0.0806706832007995, 0.1563624812770536, 0.0, -0.24198232840268502, 0.15272614558024988, 0.18738663534798564, -0.009752585279512968, -0.15355507320609635, 0.03837250650096917, -0.013428341004751165, 0.0025409401305728687], [0.22625511610606613, -2.5053857838645692, 10.031434711058271, -16.802238039584683, 139.8657099801185, -7.009998422832362, -123.56442842001123, -0.9632309768944238, 4.346245365071218, -3.968721725988717, 0.46940352686621245, 2.7344009227759343, -1.6590862502903312, -2.648396278835831, 0.0, 7.021974028574437, -12.64797817986026, 6.584990720365924, 1.3523991043886188, -0.4132662517212295, 9.081159222861281, -7.388255193964492, -8.427645476151461, 7.857413587250104, 1.8633794714433731, -3.850547720455155, 0.7303982557592515, -0.07465315215078851, -0.010426564318600898, 0.06007266815788517, -0.015103091670340067, 0.17771267284710363, -0.16194994762617185, 0.02345545374793568, -0.11970402826049686, -0.23991030555373843, -0.22387505521760237, 0.21739695283680022, 0.05959620194213762, 0.40821634548124786, 0.01734366627561737, -0.29190943681997417, 0.13754214338415194, -0.12133194306722091, -0.021578638567001707, -0.223980170371127, 0.32934240646035373, -0.06318714432543918, 0.0, 0.21869280637235555, -0.14810757038098413, -0.11516483826322323, 0.4087592072040021, -0.36074302511942985, -0.042032230373833517, -0.04893214146762519, -0.07990358322128717, 0.2340346958808442, 0.1519422560206386, 0.12393058054466348, 0.3720207066395247, -0.645002309280824, 0.0, 0.06974736489779362, -0.020337286895285682, 0.0015840953232688206, -0.3613027718178219, -0.06818424844792458, 0.20462822131920597, 0.13675354430148332, 0.0, 0.5122597920723471, -0.13314149441600684, -0.09228360810800967, -0.06479016678111378, -0.2074589708575568, -0.15231849304121306, 0.049763281110898526, 0.10558143887201533, 0.08387436969424954, -0.07466519717897215, 0.08076919140154588, -0.09815532862305178, 0.020459477657517055], [1.1861311186151604, 105.19195918728963, -570.0264132114474, 1355.4785205103587, -1811.4433558347575, 1560.175699879111, -639.2023839651184, -1.7988325241753722, 9.7909790495471, -15.789676179332293, 18.38940898435142, -11.511936699952349, 2.7402972580358225, -8.175532537355062, 17.160948726348465, -24.99934405484317, 18.390273094347346, -4.088784799825683, 0.0, 5.93553749767664, -7.51204166286094, 0.3928366492419156, -0.9752178688921371, 0.17103943571584498, 2.255300882299335, 1.3625992588909202, -2.1445205779930503, 0.4066575938322726, -0.04494897296797202, 0.20587679157506944, -0.17558012311796573, 0.24512616990857247, -0.07666075473310521, 0.006763113791517912, -0.13228958690752343, -0.19336206847260323, -0.3364032759117571, 0.0, 0.013912174166133233, 0.39318525605384025, 0.10589960214339326, 0.3381327023104037, -0.17103076627686106, -0.5025072816392703, 0.0, 0.14751228242489217, 0.27755710719421756, -0.2794275890979888, 0.06288159108598909, 0.03584212114659369, 0.07822079908883156, 0.19153663941314406, -0.18765056759868767, 0.17002785406772494, 0.03524519513581589, 0.17468724189395862, -0.028604155790147915, -0.18805794832740835, 0.00458818360026743, -0.07132515142893057, 0.18733609106859483, -0.16787921220944896, -0.012909728394234623, 0.027838831005003697, -0.40077198861210905, 0.039003068687350546, 0.002185660559156683, -0.10119616147405579, 0.2338119697957895, 0.0803241638833174, 0.18723668664529458, 0.04080059032107008, 0.14597325416785573, -0.15843034491875976, 0.1176796096083643, -0.2334245528663178, -0.14509705084267588, -0.21268888941167274, -0.0011529339014896352, 0.1896039589767004, 0.20446816725422465, 0.0, -0.1610680797105388, 0.03920116364139949]]",(x0)' = -1.341 1 +  637.238 x0 + -1553.263 x1 +  1800.626 x2 + -1345.676 x3 +  564.745 x4 + -103.851 x5 +  0.315 x0^2 +  0.718 x0 x2 + -2.438 x0 x3 +  1.181 x0 x5 + -4.809 x1^2 +  11.864 x1 x2 + -3.268 x1 x3 +  8.029 x1 x4 + -7.407 x1 x5 + -3.736 x2^2 + -9.147 x2 x3 + -8.079 x2 x4 +  12.842 x2 x5 +  12.366 x3^2 +  0.981 x3 x4 + -11.542 x3 x5 + -4.284 x4^2 +  7.970 x4 x5 + -1.555 x5^2 +  0.004 x0^3 + -0.008 x0^2 x1 + -0.024 x0^2 x2 + -0.078 x0^2 x3 +  0.064 x0^2 x4 + -0.008 x0^2 x5 +  0.227 x0 x1 x2 +  0.110 x0 x1 x3 + -0.052 x0 x1 x4 + -0.044 x0 x1 x5 + -0.183 x0 x2^2 + -0.135 x0 x2 x3 + -0.016 x0 x2 x4 +  0.032 x0 x2 x5 +  0.161 x0 x3^2 +  0.125 x0 x3 x4 + -0.004 x0 x3 x5 + -0.217 x0 x4^2 +  0.129 x0 x4 x5 + -0.039 x0 x5^2 + -0.089 x1^3 +  0.044 x1^2 x2 +  0.013 x1^2 x3 + -0.072 x1^2 x4 +  0.097 x1^2 x5 + -0.003 x1 x2^2 + -0.051 x1 x2 x3 + -0.008 x1 x2 x4 + -0.050 x1 x2 x5 +  0.007 x1 x3^2 +  0.041 x1 x3 x4 + -0.246 x1 x3 x5 +  0.060 x1 x4^2 +  0.106 x1 x4 x5 +  0.015 x1 x5^2 +  0.085 x2^3 + -0.019 x2^2 x3 +  0.073 x2^2 x4 +  0.077 x2^2 x5 + -0.069 x2 x3^2 +  0.018 x2 x3 x4 + -0.027 x2 x3 x5 + -0.046 x2 x4^2 + -0.029 x2 x4 x5 + -0.024 x2 x5^2 + -0.063 x3^3 +  0.057 x3^2 x4 +  0.075 x3^2 x5 +  0.018 x3 x4^2 + -0.032 x3 x4 x5 +  0.004 x3 x5^2 +  0.006 x4^3 + -0.054 x4^2 x5 +  0.052 x4 x5^2 + -0.013 x5^3 | (x1)' =  123.421 x0 +  7.675 x1 + -141.001 x2 +  17.886 x3 + -10.729 x4 +  2.752 x5 +  0.158 x0^2 + -0.017 x0 x1 +  0.690 x0 x2 + -2.502 x0 x3 +  1.447 x0 x4 + -2.979 x1^2 +  8.201 x1 x2 + -0.351 x1 x3 + -1.625 x1 x5 + -5.172 x2^2 + -2.986 x2 x3 +  0.696 x2 x4 +  3.354 x2 x5 +  6.912 x3^2 + -4.697 x3 x4 + -2.982 x3 x5 +  2.434 x4 x5 + -0.580 x5^2 +  0.044 x0^3 + -0.206 x0^2 x1 +  0.202 x0^2 x2 + -0.281 x0^2 x3 +  0.070 x0^2 x4 +  0.117 x0 x1^2 +  0.178 x0 x1 x2 +  0.448 x0 x1 x3 + -0.012 x0 x1 x5 + -0.443 x0 x2^2 + -0.103 x0 x2 x3 + -0.460 x0 x2 x4 +  0.267 x0 x2 x5 +  0.671 x0 x3^2 + -0.183 x0 x3 x4 + -0.221 x0 x3 x5 + -0.181 x0 x4^2 +  0.269 x0 x4 x5 + -0.048 x0 x5^2 + -0.006 x1^3 + -0.103 x1^2 x2 + -0.315 x1^2 x3 +  0.341 x1^2 x4 + -0.306 x1^2 x5 + -0.019 x1 x2^2 + -0.270 x1 x2 x3 +  0.052 x1 x2 x4 +  0.294 x1 x2 x5 + -0.029 x1 x3^2 +  0.118 x1 x3 x4 + -0.069 x1 x3 x5 +  0.171 x1 x4^2 + -0.038 x1 x4 x5 + -0.072 x1 x5^2 +  0.522 x2^3 + -0.084 x2^2 x3 + -0.017 x2^2 x4 +  0.063 x2^2 x5 + -0.287 x2 x3^2 + -0.095 x2 x3 x4 + -0.261 x2 x3 x5 + -0.079 x2 x4^2 + -0.158 x2 x4 x5 +  0.259 x2 x5^2 + -0.090 x3^3 +  0.294 x3^2 x4 +  0.129 x3^2 x5 +  0.240 x3 x4^2 +  0.085 x3 x4 x5 + -0.297 x3 x5^2 + -0.271 x4^3 +  0.019 x4^2 x5 +  0.195 x4 x5^2 + -0.045 x5^3 | (x2)' =  0.186 1 +  1.607 x0 +  118.431 x1 +  11.954 x2 + -136.829 x3 +  6.334 x4 + -1.484 x5 + -0.701 x0^2 +  4.090 x0 x1 + -4.841 x0 x2 +  2.197 x0 x3 + -0.201 x0 x5 + -4.979 x1^2 +  8.944 x1 x2 + -3.849 x1 x4 +  1.440 x1 x5 + -2.562 x2^2 + -4.802 x2 x3 +  6.250 x2 x4 + -1.600 x2 x5 +  3.662 x3^2 + -3.632 x3 x4 + -0.188 x4^2 +  1.071 x4 x5 + -0.298 x5^2 +  0.010 x0^3 + -0.053 x0^2 x1 + -0.036 x0^2 x2 +  0.056 x0^2 x3 + -0.130 x0^2 x4 +  0.052 x0^2 x5 +  0.109 x0 x1^2 +  0.123 x0 x1 x2 +  0.082 x0 x1 x3 +  0.225 x0 x1 x4 + -0.087 x0 x1 x5 + -0.160 x0 x2^2 + -0.205 x0 x2 x3 + -0.194 x0 x2 x4 + -0.032 x0 x2 x5 +  0.304 x0 x3^2 +  0.120 x0 x3 x4 +  0.160 x0 x3 x5 + -0.333 x0 x4^2 +  0.105 x0 x4 x5 + -0.021 x0 x5^2 + -0.119 x1^3 +  0.032 x1^2 x2 + -0.246 x1^2 x3 +  0.137 x1^2 x4 +  0.136 x1 x2^2 + -0.161 x1 x2 x3 +  0.059 x1 x2 x4 + -0.058 x1 x2 x5 +  0.076 x1 x3^2 + -0.401 x1 x3 x5 +  0.292 x1 x4^2 +  0.065 x1 x4 x5 + -0.004 x1 x5^2 +  0.253 x2^3 + -0.164 x2^2 x3 + -0.057 x2^2 x4 +  0.314 x2^2 x5 + -0.166 x2 x3^2 + -0.127 x2 x3 x4 + -0.108 x2 x4^2 + -0.016 x2 x4 x5 + -0.011 x2 x5^2 +  0.114 x3^3 +  0.108 x3^2 x4 + -0.119 x3^2 x5 +  0.071 x3 x4^2 +  0.067 x3 x4 x5 + -0.001 x3 x5^2 + -0.098 x4^3 +  0.048 x4^2 x5 + -0.011 x4 x5^2 | (x3)' = -0.053 1 + -0.057 x0 +  0.163 x1 +  125.292 x2 + -1.000 x3 + -124.093 x4 + -0.281 x5 + -0.629 x0^2 +  3.879 x0 x1 + -4.258 x0 x2 +  1.660 x0 x3 + -6.000 x1^2 +  13.132 x1 x2 + -4.934 x1 x3 + -0.204 x1 x5 + -7.018 x2^2 +  4.602 x2 x3 +  0.858 x2 x5 + -0.177 x3^2 + -1.335 x3 x5 + -0.463 x4^2 +  1.148 x4 x5 + -0.260 x5^2 + -0.002 x0^2 x1 + -0.025 x0^2 x2 +  0.136 x0^2 x3 + -0.184 x0^2 x4 +  0.021 x0^2 x5 +  0.002 x0 x1^2 + -0.035 x0 x1 x2 + -0.092 x0 x1 x3 +  0.306 x0 x1 x4 +  0.107 x0 x1 x5 +  0.044 x0 x2^2 + -0.310 x0 x2 x4 + -0.143 x0 x2 x5 +  0.127 x0 x3^2 + -0.044 x0 x3 x4 +  0.214 x0 x3 x5 + -0.080 x0 x4 x5 +  0.011 x0 x5^2 +  0.042 x1^3 + -0.046 x1^2 x2 + -0.300 x1^2 x3 +  0.303 x1^2 x4 + -0.269 x1^2 x5 +  0.109 x1 x2^2 + -0.085 x1 x2 x3 +  0.105 x1 x2 x5 +  0.118 x1 x3^2 +  0.079 x1 x3 x4 + -0.102 x1 x3 x5 +  0.011 x1 x4^2 + -0.072 x1 x4 x5 +  0.048 x1 x5^2 +  0.138 x2^3 + -0.126 x2^2 x3 + -0.119 x2^2 x4 +  0.316 x2^2 x5 + -0.089 x2 x3^2 + -0.161 x2 x3 x4 + -0.147 x2 x3 x5 +  0.008 x2 x4^2 +  0.148 x2 x4 x5 + -0.081 x2 x5^2 +  0.156 x3^3 + -0.242 x3^2 x5 +  0.153 x3 x4^2 +  0.187 x3 x4 x5 + -0.010 x3 x5^2 + -0.154 x4^3 +  0.038 x4^2 x5 + -0.013 x4 x5^2 +  0.003 x5^3 | (x4)' =  0.226 1 + -2.505 x0 +  10.031 x1 + -16.802 x2 +  139.866 x3 + -7.010 x4 + -123.564 x5 + -0.963 x0^2 +  4.346 x0 x1 + -3.969 x0 x2 +  0.469 x0 x3 +  2.734 x0 x4 + -1.659 x0 x5 + -2.648 x1^2 +  7.022 x1 x3 + -12.648 x1 x4 +  6.585 x1 x5 +  1.352 x2^2 + -0.413 x2 x3 +  9.081 x2 x4 + -7.388 x2 x5 + -8.428 x3^2 +  7.857 x3 x4 +  1.863 x3 x5 + -3.851 x4^2 +  0.730 x4 x5 + -0.075 x5^2 + -0.010 x0^3 +  0.060 x0^2 x1 + -0.015 x0^2 x2 +  0.178 x0^2 x3 + -0.162 x0^2 x4 +  0.023 x0^2 x5 + -0.120 x0 x1^2 + -0.240 x0 x1 x2 + -0.224 x0 x1 x3 +  0.217 x0 x1 x4 +  0.060 x0 x1 x5 +  0.408 x0 x2^2 +  0.017 x0 x2 x3 + -0.292 x0 x2 x4 +  0.138 x0 x2 x5 + -0.121 x0 x3^2 + -0.022 x0 x3 x4 + -0.224 x0 x3 x5 +  0.329 x0 x4^2 + -0.063 x0 x4 x5 +  0.219 x1^3 + -0.148 x1^2 x2 + -0.115 x1^2 x3 +  0.409 x1^2 x4 + -0.361 x1^2 x5 + -0.042 x1 x2^2 + -0.049 x1 x2 x3 + -0.080 x1 x2 x4 +  0.234 x1 x2 x5 +  0.152 x1 x3^2 +  0.124 x1 x3 x4 +  0.372 x1 x3 x5 + -0.645 x1 x4^2 +  0.070 x1 x5^2 + -0.020 x2^3 +  0.002 x2^2 x3 + -0.361 x2^2 x4 + -0.068 x2^2 x5 +  0.205 x2 x3^2 +  0.137 x2 x3 x4 +  0.512 x2 x4^2 + -0.133 x2 x4 x5 + -0.092 x2 x5^2 + -0.065 x3^3 + -0.207 x3^2 x4 + -0.152 x3^2 x5 +  0.050 x3 x4^2 +  0.106 x3 x4 x5 +  0.084 x3 x5^2 + -0.075 x4^3 +  0.081 x4^2 x5 + -0.098 x4 x5^2 +  0.020 x5^3 | (x5)' =  1.186 1 +  105.192 x0 + -570.026 x1 +  1355.479 x2 + -1811.443 x3 +  1560.176 x4 + -639.202 x5 + -1.799 x0^2 +  9.791 x0 x1 + -15.790 x0 x2 +  18.389 x0 x3 + -11.512 x0 x4 +  2.740 x0 x5 + -8.176 x1^2 +  17.161 x1 x2 + -24.999 x1 x3 +  18.390 x1 x4 + -4.089 x1 x5 +  5.936 x2 x3 + -7.512 x2 x4 +  0.393 x2 x5 + -0.975 x3^2 +  0.171 x3 x4 +  2.255 x3 x5 +  1.363 x4^2 + -2.145 x4 x5 +  0.407 x5^2 + -0.045 x0^3 +  0.206 x0^2 x1 + -0.176 x0^2 x2 +  0.245 x0^2 x3 + -0.077 x0^2 x4 +  0.007 x0^2 x5 + -0.132 x0 x1^2 + -0.193 x0 x1 x2 + -0.336 x0 x1 x3 +  0.014 x0 x1 x5 +  0.393 x0 x2^2 +  0.106 x0 x2 x3 +  0.338 x0 x2 x4 + -0.171 x0 x2 x5 + -0.503 x0 x3^2 +  0.148 x0 x3 x5 +  0.278 x0 x4^2 + -0.279 x0 x4 x5 +  0.063 x0 x5^2 +  0.036 x1^3 +  0.078 x1^2 x2 +  0.192 x1^2 x3 + -0.188 x1^2 x4 +  0.170 x1^2 x5 +  0.035 x1 x2^2 +  0.175 x1 x2 x3 + -0.029 x1 x2 x4 + -0.188 x1 x2 x5 +  0.005 x1 x3^2 + -0.071 x1 x3 x4 +  0.187 x1 x3 x5 + -0.168 x1 x4^2 + -0.013 x1 x4 x5 +  0.028 x1 x5^2 + -0.401 x2^3 +  0.039 x2^2 x3 +  0.002 x2^2 x4 + -0.101 x2^2 x5 +  0.234 x2 x3^2 +  0.080 x2 x3 x4 +  0.187 x2 x3 x5 +  0.041 x2 x4^2 +  0.146 x2 x4 x5 + -0.158 x2 x5^2 +  0.118 x3^3 + -0.233 x3^2 x4 + -0.145 x3^2 x5 + -0.213 x3 x4^2 + -0.001 x3 x4 x5 +  0.190 x3 x5^2 +  0.204 x4^3 + -0.161 x4 x5^2 +  0.039 x5^3
22,35.0,1000.0,36.85636440989091,3,6,2,8.0,40.0,0,0.0,finite_difference,success,,481,504,95.43650793650794,8.553863797336817,"[""1"", ""x0"", ""x1"", ""x2"", ""x3"", ""x4"", ""x5"", ""x0^2"", ""x0 x1"", ""x0 x2"", ""x0 x3"", ""x0 x4"", ""x0 x5"", ""x1^2"", ""x1 x2"", ""x1 x3"", ""x1 x4"", ""x1 x5"", ""x2^2"", ""x2 x3"", ""x2 x4"", ""x2 x5"", ""x3^2"", ""x3 x4"", ""x3 x5"", ""x4^2"", ""x4 x5"", ""x5^2"", ""x0^3"", ""x0^2 x1"", ""x0^2 x2"", ""x0^2 x3"", ""x0^2 x4"", ""x0^2 x5"", ""x0 x1^2"", ""x0 x1 x2"", ""x0 x1 x3"", ""x0 x1 x4"", ""x0 x1 x5"", ""x0 x2^2"", ""x0 x2 x3"", ""x0 x2 x4"", ""x0 x2 x5"", ""x0 x3^2"", ""x0 x3 x4"", ""x0 x3 x5"", ""x0 x4^2"", ""x0 x4 x5"", ""x0 x5^2"", ""x1^3"", ""x1^2 x2"", ""x1^2 x3"", ""x1^2 x4"", ""x1^2 x5"", ""x1 x2^2"", ""x1 x2 x3"", ""x1 x2 x4"", ""x1 x2 x5"", ""x1 x3^2"", ""x1 x3 x4"", ""x1 x3 x5"", ""x1 x4^2"", ""x1 x4 x5"", ""x1 x5^2"", ""x2^3"", ""x2^2 x3"", ""x2^2 x4"", ""x2^2 x5"", ""x2 x3^2"", ""x2 x3 x4"", ""x2 x3 x5"", ""x2 x4^2"", ""x2 x4 x5"", ""x2 x5^2"", ""x3^3"", ""x3^2 x4"", ""x3^2 x5"", ""x3 x4^2"", ""x3 x4 x5"", ""x3 x5^2"", ""x4^3"", ""x4^2 x5"", ""x4 x5^2"", ""x5^3""]","[[-27.198705897004213, 197.56016729739034, -358.5178464154564, 277.8037200398108, -184.93323888280977, 86.27444733096438, -20.40344867086488, 0.07480181919344561, -0.10703327320462022, 0.0, -0.010462091635299419, 0.07070913894327596, -0.027353200269607244, 0.03972530291583825, 0.0, -0.120507453217104, 0.07567555918291619, -0.11025119679558537, -0.045718560217035846, 0.4177151595613854, -0.4349972272524173, 0.3389257539804107, -0.33372601506876703, 0.6228528712571182, -0.4331458748666123, -0.30177264906587, 0.36796569459835454, -0.08284048438939932, 0.00902308565302979, -0.06684131127704193, 0.08767628009673699, -0.07952582815944084, 0.047980180359929125, -0.01691052787118368, 0.15737277100144256, -0.3854077026288993, 0.3338284562625271, -0.19181078076087005, 0.06606900059556561, 0.20652653670050616, -0.31173330082569933, 0.15477260577122845, -0.05144410106559861, 0.09383232371917677, -0.064167750650702, 0.018795350019544917, -0.0014110640856467608, 0.005367349924504134, -0.002222905079457578, -0.1206081777354602, 0.41964020080977854, -0.3488350826545037, 0.1883490213999367, -0.06182149080045129, -0.4237252677398937, 0.5992042184341866, -0.25680421273701054, 0.07476184699759976, -0.15374672703000591, 0.047837894729927916, 5.2590337746815646e-05, 0.04195801799430883, -0.0447912613997408, 0.011917059042994985, 0.11262099884299313, -0.15362852888182216, 0.0, 0.011246146302036339, -0.04125301709586625, 0.26154521528793234, -0.11168625872436068, -0.16020965682587626, 0.12916667842273546, -0.02710212962697022, 0.07630839820225588, -0.24798326007168495, 0.09329293723000293, 0.22812063484968215, -0.16860557713690796, 0.031891820610535714, -0.06319709983045886, 0.06779351376708859, -0.023972860977272623, 0.0026273518020699348], [3.1162543048671933, 47.35464564502512, 63.02342147302927, -156.17241681360167, 67.67553208285246, -27.93217852421332, 6.449879593128118, 0.06521396290817118, -0.3628077190992566, 0.498008179999399, -0.44004890045203193, 0.2507903871572286, -0.08253271686797906, 0.4362287200572538, -1.1283318433017293, 1.0171129511889299, -0.6130689777252882, 0.22573644489578154, 0.7221469081214461, -1.3360111611325145, 0.844066886757583, -0.3306529192911236, 0.6134335320154671, -0.7860227074313376, 0.32069758876979926, 0.2627775590364366, -0.21918194604874192, 0.04237066393031206, -0.0002786444295552263, 0.002371796982623412, -0.003294373317518647, 0.003527653716243286, -0.0026732824524168582, 0.00121056615297027, -0.0056827630079185135, 0.011918371223697096, -0.011488369324039528, 0.008645419998914088, -0.004378960652666607, -0.002361717582292433, 0.0008336114660649685, -0.0008887642328076945, 0.0023076227901988404, 0.0031536287824148464, -0.00547743795100938, 0.0, 0.002899381467121673, -0.001144877924616044, 0.00017703930856317087, 0.004468628786304555, -0.011845103519862402, 0.0109178535881239, -0.008089738386678409, 0.0044579881274727905, 0.0030866269083721287, 0.0, 0.0009541208507600615, -0.005200313723085449, -0.0060136731193003185, 0.010412314725674695, 0.0009933340694367333, -0.006027300072271811, 0.0022503584676655604, -0.0004369436941593618, 0.004347337813071318, -0.015459074085796142, 0.008812720850346874, 0.00087532720895823, 0.018898499102658704, -0.024357351187848694, 0.0003583269804797628, 0.010110163955427595, -0.0031782255118181207, 0.00042515026439284416, -0.006866879116384548, 0.013028399861453733, 0.0, -0.009747126275312414, 0.0018680421926842363, 6.91117732757541e-05, 0.002528984799168683, -0.0011110178906124162, 1.3728642386773144e-05, 5.5566796274286934e-05], [-2.2639211294296246, -9.58515917853643, 75.90615126855562, 17.835620695007275, -106.39847279066555, 27.743954666678235, -5.713431597126439, -0.02094300298107897, 0.10703318744037806, -0.1265076087851893, 0.08296329783853099, -0.020360732839565954, 0.0, -0.10571143666535801, 0.21694982725843687, -0.13753447529535262, 0.029927066478930918, -0.005176217050859275, -0.10907617073826244, 0.14537866310287334, -0.03644826572122176, 0.014399089348394116, -0.037624713910665776, 0.0, -0.00766490606916391, 0.008797786439698021, 0.0016580124249703629, 0.0, -2.612507904033059e-05, -0.00013480131202064816, 0.00020284128743245345, -0.0001531970517409363, -0.00015349041374079834, 4.780312597041109e-05, 0.0009364336370849165, -0.001336416362852179, 0.0003683535212973716, 0.0017725527985355974, -0.0009436287057775744, -0.00110520102779386, 0.004761909326380605, -0.006872574963766078, 0.00327015149242196, -0.004115245713447569, 0.009671526375879324, -0.0044037082028379245, -0.00490090328602571, 0.004437767930636836, -0.001071402963324534, -0.0016678367336479078, 0.005876907822275465, -0.004892032112519769, 0.0, 0.0009034132349393614, -0.006599816920008374, 0.010246948448262664, 0.003754580215779476, -0.004854310030292869, -0.0030503333290519074, -0.007412457087607112, 0.006487148534787251, 0.007100452637932163, -0.008460952542520654, 0.0024306748247892264, 0.003628520212890999, -0.010934438194197002, -0.00028482124661793277, 0.0031217689842450826, 0.011474737919702011, 0.0, -0.0062443324689074285, -0.006165694121081426, 0.00975599278559697, -0.003166424611317168, -0.00453185649688331, 0.0019558600143514617, 0.0023362018016089537, 0.004089178636075473, -0.007928609996626562, 0.0027596672534501384, -0.0021171640261270657, 0.00409722553915555, -0.002335221091742443, 0.0003872014255289622], [2.0920115134792145, 5.640803777762579, -27.477596260488376, 105.9623957548502, -17.38572978164605, -76.18611872434893, 9.659826898204953, 0.024120830682594824, -0.11474183474227485, 0.132735494808312, -0.09049984340560686, 0.035635203899060934, -0.011266438731811646, 0.10557073885209549, -0.20207677462181342, 0.1178293386157261, -0.03929316493223819, 0.023506480125753102, 0.081003294474911, -0.06023199329039198, 0.0, -0.02204842709666273, -0.030241392639338317, 0.07844530384081097, 0.0007893567449688366, -0.031368169590419805, 0.0, 0.0020807256229859435, -5.3419688599542016e-05, 0.0005541065431778163, -0.0005550937365768868, 0.0004122539099016755, -1.3005490249583332e-05, -8.058009249400073e-05, -0.001546580100084681, 0.0019358426424733424, -0.0006025162052855621, -0.0015610987277064766, 0.0012381889744371266, 0.001406408812441254, -0.005962528047228641, 0.007792207836296048, -0.004071724165552916, 0.005163152803187031, -0.011368091451759965, 0.00543559636090148, 0.005489584306420153, -0.005013460541673403, 0.0011695808424717052, 0.001732444644533527, -0.004541442254155253, 0.0030285157306014433, 0.0011561805452437277, -0.0016898536212977277, 0.002450002748635314, 0.0, -0.011084466886699318, 0.008519698154882774, -0.003460674256478898, 0.017177871470196247, -0.011030236602150818, -0.010603419937970367, 0.011462383746666648, -0.0029893050571098236, -0.0007020776207031774, 0.0006990426157623157, 0.007979042187509168, -0.0066993318462400565, 0.0004922011732338833, -0.018383598120768604, 0.014591683835964063, 0.01303391534456927, -0.015704840015722317, 0.0043503474773160635, 0.0, 0.008499052693229446, -0.007008032791939999, -0.011867614967648456, 0.014591623810605603, -0.0040862654463969935, 0.003959733638258353, -0.006320600241124564, 0.0031250495091324124, -0.00045873333085506867], [0.0, -6.365953466910636, 27.55918054932317, -66.99897052952826, 155.43170895975732, -62.58542202922765, -47.44005409931145, -0.03258365899698168, 0.1407824352240236, -0.14735628552272226, 0.08160552704481025, -0.02500942578605672, 0.013840460052181666, -0.1123701983774499, 0.17878759116380366, -0.05625228904296663, 0.006935694782859959, -0.03845338858354845, -0.05373749784571065, -0.02487847837807025, 0.02369756878449038, 0.05935885128389193, 0.081782562785218, -0.08901844387084978, -0.051923795517987065, 0.0, 0.06341398944891903, -0.01906724486926088, 0.00041755379382981756, -0.003803566385766446, 0.004687929439762035, -0.003526071813054428, 0.0012574724994846693, -1.1891753207546387e-05, 0.010312624951695545, -0.021842353967829044, 0.013410176373019951, -0.0015704704609072711, -0.002143416060027106, 0.007492159547896367, 0.0005068954818149481, -0.013162944980996742, 0.009111375372035335, -0.00913138177270577, 0.02587839285767244, -0.013592789781074126, -0.013295791401908548, 0.012467649524645638, -0.002849986738563931, -0.009220213207311735, 0.027571007056904448, -0.01485171178619089, -0.0015461702492645423, 0.00470859462831757, -0.01920389680057208, -0.0030365128486326822, 0.03931688823023891, -0.02730680009852187, 0.024248192921310606, -0.07127851506296455, 0.038646475077620056, 0.037248842397633236, -0.035809304233674975, 0.008338499492585354, 0.0, 0.029429879190093374, -0.04785046094193479, 0.027321560112907373, -0.05872480661256006, 0.13450891165113804, -0.06794312478576672, -0.06412906043555143, 0.059764386769001275, -0.013635991233637002, 0.028235338667487387, -0.08276298321663486, 0.03881173903616843, 0.07230682667564767, -0.06418669048749616, 0.014115218393926206, -0.019459626772714827, 0.02459987395653643, -0.01009642540277139, 0.001284381941280346], [25.01072581829781, 20.095136761277484, -85.07623813450479, 182.84069432293933, -275.65001855797254, 357.66583102508986, -197.72929371375358, 0.0, 0.000583234389733774, 0.03019691857015253, 0.0, 0.03351642226378592, -0.06864349809584903, -0.17776710637349144, 0.5156111106525261, -0.4331580794963555, -0.006667783262972558, 0.2610003607997523, -0.3742612410051522, 0.6611959967271883, 0.08286236512724104, -0.4625358340329886, -0.4149226206417281, 0.0, 0.48213556590518397, 0.23644870574268595, -0.4681946590958427, 0.10228709966194591, -0.004177698905252532, 0.034476609080555574, -0.04394866558948429, 0.03718275624950715, -0.01941981176922506, 0.0055584677498150365, -0.09434862272425583, 0.23864623028204182, -0.20211570101793713, 0.1037071281352747, -0.028685664763043333, -0.14295422678704806, 0.22549368652307894, -0.09918863811323192, 0.020687530133121003, -0.07940186544104458, 0.05302882032440539, -0.004013119774631326, 0.0, -0.01081862454787837, 0.004613043506575967, 0.08893218055689964, -0.34870877990916843, 0.30548634916923184, -0.16116430463524506, 0.04519093124025785, 0.4538052735872341, -0.7770785368302702, 0.3830252148428102, -0.09433849612042734, 0.3176441864128887, -0.28403640268640373, 0.05738398394047781, 0.046084296425793585, 0.0, -0.008059596164609495, -0.2048689478086829, 0.5332521305533999, -0.25512766039128576, 0.05661029702096416, -0.4572861744437821, 0.4125220049470033, -0.07803762585243601, -0.0689784802793088, -0.002490270498037904, 0.012967039611450555, 0.1336664453324668, -0.17818108186867776, 0.031220915611384133, 0.061356721782119886, 0.0019167104304902924, -0.011361703834106202, -0.003286715004946967, -0.009467256430530679, 0.00813152079282235, -0.0011757488318313314]]",(x0)' = -27.199 1 +  197.560 x0 + -358.518 x1 +  277.804 x2 + -184.933 x3 +  86.274 x4 + -20.403 x5 +  0.075 x0^2 + -0.107 x0 x1 + -0.010 x0 x3 +  0.071 x0 x4 + -0.027 x0 x5 +  0.040 x1^2 + -0.121 x1 x3 +  0.076 x1 x4 + -0.110 x1 x5 + -0.046 x2^2 +  0.418 x2 x3 + -0.435 x2 x4 +  0.339 x2 x5 + -0.334 x3^2 +  0.623 x3 x4 + -0.433 x3 x5 + -0.302 x4^2 +  0.368 x4 x5 + -0.083 x5^2 +  0.009 x0^3 + -0.067 x0^2 x1 +  0.088 x0^2 x2 + -0.080 x0^2 x3 +  0.048 x0^2 x4 + -0.017 x0^2 x5 +  0.157 x0 x1^2 + -0.385 x0 x1 x2 +  0.334 x0 x1 x3 + -0.192 x0 x1 x4 +  0.066 x0 x1 x5 +  0.207 x0 x2^2 + -0.312 x0 x2 x3 +  0.155 x0 x2 x4 + -0.051 x0 x2 x5 +  0.094 x0 x3^2 + -0.064 x0 x3 x4 +  0.019 x0 x3 x5 + -0.001 x0 x4^2 +  0.005 x0 x4 x5 + -0.002 x0 x5^2 + -0.121 x1^3 +  0.420 x1^2 x2 + -0.349 x1^2 x3 +  0.188 x1^2 x4 + -0.062 x1^2 x5 + -0.424 x1 x2^2 +  0.599 x1 x2 x3 + -0.257 x1 x2 x4 +  0.075 x1 x2 x5 + -0.154 x1 x3^2 +  0.048 x1 x3 x4 +  0.042 x1 x4^2 + -0.045 x1 x4 x5 +  0.012 x1 x5^2 +  0.113 x2^3 + -0.154 x2^2 x3 +  0.011 x2^2 x5 + -0.041 x2 x3^2 +  0.262 x2 x3 x4 + -0.112 x2 x3 x5 + -0.160 x2 x4^2 +  0.129 x2 x4 x5 + -0.027 x2 x5^2 +  0.076 x3^3 + -0.248 x3^2 x4 +  0.093 x3^2 x5 +  0.228 x3 x4^2 + -0.169 x3 x4 x5 +  0.032 x3 x5^2 + -0.063 x4^3 +  0.068 x4^2 x5 + -0.024 x4 x5^2 +  0.003 x5^3 | (x1)' =  3.116 1 +  47.355 x0 +  63.023 x1 + -156.172 x2 +  67.676 x3 + -27.932 x4 +  6.450 x5 +  0.065 x0^2 + -0.363 x0 x1 +  0.498 x0 x2 + -0.440 x0 x3 +  0.251 x0 x4 + -0.083 x0 x5 +  0.436 x1^2 + -1.128 x1 x2 +  1.017 x1 x3 + -0.613 x1 x4 +  0.226 x1 x5 +  0.722 x2^2 + -1.336 x2 x3 +  0.844 x2 x4 + -0.331 x2 x5 +  0.613 x3^2 + -0.786 x3 x4 +  0.321 x3 x5 +  0.263 x4^2 + -0.219 x4 x5 +  0.042 x5^2 +  0.002 x0^2 x1 + -0.003 x0^2 x2 +  0.004 x0^2 x3 + -0.003 x0^2 x4 +  0.001 x0^2 x5 + -0.006 x0 x1^2 +  0.012 x0 x1 x2 + -0.011 x0 x1 x3 +  0.009 x0 x1 x4 + -0.004 x0 x1 x5 + -0.002 x0 x2^2 +  0.001 x0 x2 x3 + -0.001 x0 x2 x4 +  0.002 x0 x2 x5 +  0.003 x0 x3^2 + -0.005 x0 x3 x4 +  0.003 x0 x4^2 + -0.001 x0 x4 x5 +  0.004 x1^3 + -0.012 x1^2 x2 +  0.011 x1^2 x3 + -0.008 x1^2 x4 +  0.004 x1^2 x5 +  0.003 x1 x2^2 +  0.001 x1 x2 x4 + -0.005 x1 x2 x5 + -0.006 x1 x3^2 +  0.010 x1 x3 x4 +  0.001 x1 x3 x5 + -0.006 x1 x4^2 +  0.002 x1 x4 x5 +  0.004 x2^3 + -0.015 x2^2 x3 +  0.009 x2^2 x4 +  0.001 x2^2 x5 +  0.019 x2 x3^2 + -0.024 x2 x3 x4 +  0.010 x2 x4^2 + -0.003 x2 x4 x5 + -0.007 x3^3 +  0.013 x3^2 x4 + -0.010 x3 x4^2 +  0.002 x3 x4 x5 +  0.003 x4^3 + -0.001 x4^2 x5 | (x2)' = -2.264 1 + -9.585 x0 +  75.906 x1 +  17.836 x2 + -106.398 x3 +  27.744 x4 + -5.713 x5 + -0.021 x0^2 +  0.107 x0 x1 + -0.127 x0 x2 +  0.083 x0 x3 + -0.020 x0 x4 + -0.106 x1^2 +  0.217 x1 x2 + -0.138 x1 x3 +  0.030 x1 x4 + -0.005 x1 x5 + -0.109 x2^2 +  0.145 x2 x3 + -0.036 x2 x4 +  0.014 x2 x5 + -0.038 x3^2 + -0.008 x3 x5 +  0.009 x4^2 +  0.002 x4 x5 +  0.001 x0 x1^2 + -0.001 x0 x1 x2 +  0.002 x0 x1 x4 + -0.001 x0 x1 x5 + -0.001 x0 x2^2 +  0.005 x0 x2 x3 + -0.007 x0 x2 x4 +  0.003 x0 x2 x5 + -0.004 x0 x3^2 +  0.010 x0 x3 x4 + -0.004 x0 x3 x5 + -0.005 x0 x4^2 +  0.004 x0 x4 x5 + -0.001 x0 x5^2 + -0.002 x1^3 +  0.006 x1^2 x2 + -0.005 x1^2 x3 +  0.001 x1^2 x5 + -0.007 x1 x2^2 +  0.010 x1 x2 x3 +  0.004 x1 x2 x4 + -0.005 x1 x2 x5 + -0.003 x1 x3^2 + -0.007 x1 x3 x4 +  0.006 x1 x3 x5 +  0.007 x1 x4^2 + -0.008 x1 x4 x5 +  0.002 x1 x5^2 +  0.004 x2^3 + -0.011 x2^2 x3 +  0.003 x2^2 x5 +  0.011 x2 x3^2 + -0.006 x2 x3 x5 + -0.006 x2 x4^2 +  0.010 x2 x4 x5 + -0.003 x2 x5^2 + -0.005 x3^3 +  0.002 x3^2 x4 +  0.002 x3^2 x5 +  0.004 x3 x4^2 + -0.008 x3 x4 x5 +  0.003 x3 x5^2 + -0.002 x4^3 +  0.004 x4^2 x5 + -0.002 x4 x5^2 | (x3)' =  2.092 1 +  5.641 x0 + -27.478 x1 +  105.962 x2 + -17.386 x3 + -76.186 x4 +  9.660 x5 +  0.024 x0^2 + -0.115 x0 x1 +  0.133 x0 x2 + -0.090 x0 x3 +  0.036 x0 x4 + -0.011 x0 x5 +  0.106 x1^2 + -0.202 x1 x2 +  0.118 x1 x3 + -0.039 x1 x4 +  0.024 x1 x5 +  0.081 x2^2 + -0.060 x2 x3 + -0.022 x2 x5 + -0.030 x3^2 +  0.078 x3 x4 +  0.001 x3 x5 + -0.031 x4^2 +  0.002 x5^2 +  0.001 x0^2 x1 + -0.001 x0^2 x2 + -0.002 x0 x1^2 +  0.002 x0 x1 x2 + -0.001 x0 x1 x3 + -0.002 x0 x1 x4 +  0.001 x0 x1 x5 +  0.001 x0 x2^2 + -0.006 x0 x2 x3 +  0.008 x0 x2 x4 + -0.004 x0 x2 x5 +  0.005 x0 x3^2 + -0.011 x0 x3 x4 +  0.005 x0 x3 x5 +  0.005 x0 x4^2 + -0.005 x0 x4 x5 +  0.001 x0 x5^2 +  0.002 x1^3 + -0.005 x1^2 x2 +  0.003 x1^2 x3 +  0.001 x1^2 x4 + -0.002 x1^2 x5 +  0.002 x1 x2^2 + -0.011 x1 x2 x4 +  0.009 x1 x2 x5 + -0.003 x1 x3^2 +  0.017 x1 x3 x4 + -0.011 x1 x3 x5 + -0.011 x1 x4^2 +  0.011 x1 x4 x5 + -0.003 x1 x5^2 + -0.001 x2^3 +  0.001 x2^2 x3 +  0.008 x2^2 x4 + -0.007 x2^2 x5 + -0.018 x2 x3 x4 +  0.015 x2 x3 x5 +  0.013 x2 x4^2 + -0.016 x2 x4 x5 +  0.004 x2 x5^2 +  0.008 x3^2 x4 + -0.007 x3^2 x5 + -0.012 x3 x4^2 +  0.015 x3 x4 x5 + -0.004 x3 x5^2 +  0.004 x4^3 + -0.006 x4^2 x5 +  0.003 x4 x5^2 | (x4)' = -6.366 x0 +  27.559 x1 + -66.999 x2 +  155.432 x3 + -62.585 x4 + -47.440 x5 + -0.033 x0^2 +  0.141 x0 x1 + -0.147 x0 x2 +  0.082 x0 x3 + -0.025 x0 x4 +  0.014 x0 x5 + -0.112 x1^2 +  0.179 x1 x2 + -0.056 x1 x3 +  0.007 x1 x4 + -0.038 x1 x5 + -0.054 x2^2 + -0.025 x2 x3 +  0.024 x2 x4 +  0.059 x2 x5 +  0.082 x3^2 + -0.089 x3 x4 + -0.052 x3 x5 +  0.063 x4 x5 + -0.019 x5^2 + -0.004 x0^2 x1 +  0.005 x0^2 x2 + -0.004 x0^2 x3 +  0.001 x0^2 x4 +  0.010 x0 x1^2 + -0.022 x0 x1 x2 +  0.013 x0 x1 x3 + -0.002 x0 x1 x4 + -0.002 x0 x1 x5 +  0.007 x0 x2^2 +  0.001 x0 x2 x3 + -0.013 x0 x2 x4 +  0.009 x0 x2 x5 + -0.009 x0 x3^2 +  0.026 x0 x3 x4 + -0.014 x0 x3 x5 + -0.013 x0 x4^2 +  0.012 x0 x4 x5 + -0.003 x0 x5^2 + -0.009 x1^3 +  0.028 x1^2 x2 + -0.015 x1^2 x3 + -0.002 x1^2 x4 +  0.005 x1^2 x5 + -0.019 x1 x2^2 + -0.003 x1 x2 x3 +  0.039 x1 x2 x4 + -0.027 x1 x2 x5 +  0.024 x1 x3^2 + -0.071 x1 x3 x4 +  0.039 x1 x3 x5 +  0.037 x1 x4^2 + -0.036 x1 x4 x5 +  0.008 x1 x5^2 +  0.029 x2^2 x3 + -0.048 x2^2 x4 +  0.027 x2^2 x5 + -0.059 x2 x3^2 +  0.135 x2 x3 x4 + -0.068 x2 x3 x5 + -0.064 x2 x4^2 +  0.060 x2 x4 x5 + -0.014 x2 x5^2 +  0.028 x3^3 + -0.083 x3^2 x4 +  0.039 x3^2 x5 +  0.072 x3 x4^2 + -0.064 x3 x4 x5 +  0.014 x3 x5^2 + -0.019 x4^3 +  0.025 x4^2 x5 + -0.010 x4 x5^2 +  0.001 x5^3 | (x5)' =  25.011 1 +  20.095 x0 + -85.076 x1 +  182.841 x2 + -275.650 x3 +  357.666 x4 + -197.729 x5 +  0.001 x0 x1 +  0.030 x0 x2 +  0.034 x0 x4 + -0.069 x0 x5 + -0.178 x1^2 +  0.516 x1 x2 + -0.433 x1 x3 + -0.007 x1 x4 +  0.261 x1 x5 + -0.374 x2^2 +  0.661 x2 x3 +  0.083 x2 x4 + -0.463 x2 x5 + -0.415 x3^2 +  0.482 x3 x5 +  0.236 x4^2 + -0.468 x4 x5 +  0.102 x5^2 + -0.004 x0^3 +  0.034 x0^2 x1 + -0.044 x0^2 x2 +  0.037 x0^2 x3 + -0.019 x0^2 x4 +  0.006 x0^2 x5 + -0.094 x0 x1^2 +  0.239 x0 x1 x2 + -0.202 x0 x1 x3 +  0.104 x0 x1 x4 + -0.029 x0 x1 x5 + -0.143 x0 x2^2 +  0.225 x0 x2 x3 + -0.099 x0 x2 x4 +  0.021 x0 x2 x5 + -0.079 x0 x3^2 +  0.053 x0 x3 x4 + -0.004 x0 x3 x5 + -0.011 x0 x4 x5 +  0.005 x0 x5^2 +  0.089 x1^3 + -0.349 x1^2 x2 +  0.305 x1^2 x3 + -0.161 x1^2 x4 +  0.045 x1^2 x5 +  0.454 x1 x2^2 + -0.777 x1 x2 x3 +  0.383 x1 x2 x4 + -0.094 x1 x2 x5 +  0.318 x1 x3^2 + -0.284 x1 x3 x4 +  0.057 x1 x3 x5 +  0.046 x1 x4^2 + -0.008 x1 x5^2 + -0.205 x2^3 +  0.533 x2^2 x3 + -0.255 x2^2 x4 +  0.057 x2^2 x5 + -0.457 x2 x3^2 +  0.413 x2 x3 x4 + -0.078 x2 x3 x5 + -0.069 x2 x4^2 + -0.002 x2 x4 x5 +  0.013 x2 x5^2 +  0.134 x3^3 + -0.178 x3^2 x4 +  0.031 x3^2 x5 +  0.061 x3 x4^2 +  0.002 x3 x4 x5 + -0.011 x3 x5^2 + -0.003 x4^3 + -0.009 x4^2 x5 +  0.008 x4 x5^2 + -0.001 x5^3
23,35.0,1000.0,36.85636440989091,3,6,2,8.0,40.0,5,20.0,smoothed_finite_difference_savgol_order_3,success,,485,504,96.23015873015873,7.74906493537128,"[""1"", ""x0"", ""x1"", ""x2"", ""x3"", ""x4"", ""x5"", ""x0^2"", ""x0 x1"", ""x0 x2"", ""x0 x3"", ""x0 x4"", ""x0 x5"", ""x1^2"", ""x1 x2"", ""x1 x3"", ""x1 x4"", ""x1 x5"", ""x2^2"", ""x2 x3"", ""x2 x4"", ""x2 x5"", ""x3^2"", ""x3 x4"", ""x3 x5"", ""x4^2"", ""x4 x5"", ""x5^2"", ""x0^3"", ""x0^2 x1"", ""x0^2 x2"", ""x0^2 x3"", ""x0^2 x4"", ""x0^2 x5"", ""x0 x1^2"", ""x0 x1 x2"", ""x0 x1 x3"", ""x0 x1 x4"", ""x0 x1 x5"", ""x0 x2^2"", ""x0 x2 x3"", ""x0 x2 x4"", ""x0 x2 x5"", ""x0 x3^2"", ""x0 x3 x4"", ""x0 x3 x5"", ""x0 x4^2"", ""x0 x4 x5"", ""x0 x5^2"", ""x1^3"", ""x1^2 x2"", ""x1^2 x3"", ""x1^2 x4"", ""x1^2 x5"", ""x1 x2^2"", ""x1 x2 x3"", ""x1 x2 x4"", ""x1 x2 x5"", ""x1 x3^2"", ""x1 x3 x4"", ""x1 x3 x5"", ""x1 x4^2"", ""x1 x4 x5"", ""x1 x5^2"", ""x2^3"", ""x2^2 x3"", ""x2^2 x4"", ""x2^2 x5"", ""x2 x3^2"", ""x2 x3 x4"", ""x2 x3 x5"", ""x2 x4^2"", ""x2 x4 x5"", ""x2 x5^2"", ""x3^3"", ""x3^2 x4"", ""x3^2 x5"", ""x3 x4^2"", ""x3 x4 x5"", ""x3 x5^2"", ""x4^3"", ""x4^2 x5"", ""x4 x5^2"", ""x5^3""]","[[-27.649650214251857, 199.62309542671682, -364.0553580504308, 284.8560872332259, -190.2851446964126, 88.56372230366298, -20.810233668342505, 0.02474726012170371, -0.007881078751478292, 0.0, -0.06760364492301363, 0.11215346240360731, -0.030863562094740903, 0.19264623216292323, -0.9333593276778215, 0.9691598459086561, -0.618333229165741, 0.07930765643348822, 1.026949483831394, -1.9431242874927632, 1.049456222503285, -0.07988834896362323, 0.9377370720970023, -0.9539881512768148, 0.008742601212541593, 0.17773953738412937, 0.10478836142098452, -0.04785365978509599, 0.00679576220789681, -0.05112973324314767, 0.06841435481676744, -0.0650090942321147, 0.042426958947140526, -0.016409774414200176, 0.11861070478879396, -0.28875682646589573, 0.262586624642758, -0.168130336467294, 0.06701394056181828, 0.1482393234270002, -0.23409870951925096, 0.13960959225528832, -0.06105066090567556, 0.07582885938789954, -0.07821606294193845, 0.039120296211459966, 0.016365928342941097, -0.017514878865845452, 0.0036420873906746064, -0.08574801698067676, 0.2845751422422019, -0.24924543939837615, 0.15726597426085004, -0.06574963776617113, -0.25359433987168756, 0.3687274676431445, -0.21171239826702992, 0.10604069125529002, -0.0968930429750826, 0.08370574195384471, -0.060023645597246364, -0.007464576734985878, 0.020938118953055366, -0.004988499022456089, 0.04378097574550543, -0.03062529641283563, 0.0, -0.02530999243178219, -0.07777962394568158, 0.14517811014982185, 0.0012511758261632595, -0.06773879597599253, 0.018537446401743093, 0.0, 0.05966927772472272, -0.13383087865604135, 0.018446178142067334, 0.10120137844377924, -0.03664087168005415, 0.0017164196893008077, -0.024756577677830828, 0.014479446764384625, -0.0011635201002400725, -0.0004605721026247855], [2.964618559567498, 46.98250655234439, 63.9659914229865, -157.28582817487188, 68.43220467796979, -28.192517108630927, 6.475431766205823, 0.06395713509711588, -0.36329317571124264, 0.5070023914088976, -0.4519376993859536, 0.25943186423281, -0.08528166237725605, 0.44891726494583056, -1.1853160848956101, 1.0757573025851805, -0.6511598485320514, 0.23770961781454167, 0.7743549210142274, -1.436100908985543, 0.907152782302708, -0.3508989526382884, 0.6613750567257507, -0.8484741683967029, 0.34134666078244796, 0.283797179530373, -0.2327913197205682, 0.04438727885270143, -0.00046986852221917255, 0.00419013726922952, -0.005907296195993387, 0.005587167065084865, -0.0035016502961659106, 0.0013085349023911866, -0.011389950457619142, 0.028291062694187828, -0.02463105223110536, 0.014295587669543761, -0.0052871207742639596, -0.013856356249393883, 0.01865549219782224, -0.008119857239265164, 0.003305483259616781, -0.0031321663929334883, -0.0014877025493198312, 0.0, 0.0028425713698060546, -0.0019011708418215855, 0.0004303175614478162, 0.010371668910459155, -0.03726969987817068, 0.0317847702285179, -0.017681307295519245, 0.006365575174462619, 0.03907880366723427, -0.057869799366413024, 0.026899409272443796, -0.010196730856451506, 0.015897681021741654, -0.006963007307451693, 0.003380158474969689, -0.0036713703931100946, 0.002713988146036007, -0.0008446876210286042, -0.012490319838811091, 0.024553312456529162, -0.008819294784515827, 0.004215133255965089, -0.01101967996767777, -0.0011209268957007518, -0.0027303387456092073, 0.007142082502081417, -0.003951490133144414, 0.0010013889157573959, 0.0, 0.0067682315700178155, 0.0, -0.009752048057022143, 0.0042770975811593686, -0.0007151253797455186, 0.003275964798646058, -0.0025163670418105063, 0.0006762573480603283, -3.451747030063883e-05], [-2.1591654125758915, -9.43283576590837, 75.5527257902369, 18.176339868155612, -106.52140129725542, 27.681705380258077, -5.654038194915628, -0.02002650510967641, 0.10468970901818153, -0.12542269303482104, 0.08229914774030564, -0.02017686282818288, 0.0, -0.10651281820044012, 0.22272476713141903, -0.14073361916261648, 0.031179327284686385, -0.005376970071669951, -0.11336996002670123, 0.14770686214005982, -0.03656624838174459, 0.014284016382276445, -0.03685754369232607, 0.0, -0.007903452218315572, 0.007931562903291164, 0.002187164933924418, 0.0, -8.125718825275473e-05, 0.00017484100265537813, -0.00010500755195917724, 5.9901979000727404e-05, -0.00026875321425092553, 7.341572005451883e-05, 0.0004300727125061901, -0.0005079963118159415, -0.00010097181189655467, 0.002059588447701423, -0.0010113183062703214, -0.001352250623633581, 0.0049794285860664984, -0.007162261713924918, 0.003399418913732583, -0.004157207977096665, 0.00994225700122541, -0.004572040755337097, -0.005065426987329204, 0.00461653554646388, -0.001117106896403286, -0.0014763788122171325, 0.0057832861982358924, -0.0051103974063423, 0.0, 0.0009387581317216346, -0.007298163146777933, 0.011996450738645711, 0.003534723230047447, -0.005117508343231913, -0.003951891034192088, -0.007340960991257886, 0.006921059833459582, 0.007449262153553941, -0.009031564176928242, 0.0025920073885788934, 0.004280565826119882, -0.012828069363754649, -7.914141531831424e-05, 0.0034710813335332735, 0.01317351570745938, 0.0, -0.007207432564674864, -0.006848448851153879, 0.010845674227925388, -0.0034583951732992564, -0.005023069945293192, 0.0018121440062166885, 0.002897826735826412, 0.00480854395690629, -0.009043188999724528, 0.0030471071932111696, -0.0023767729387126875, 0.004536778148859896, -0.0025315175392771282, 0.0004122865819618611], [1.7751118796728222, 5.5801537998471575, -27.392043696608187, 106.02460127434372, -17.657629399538806, -75.87573619703224, 9.521499948197055, 0.01860420042757632, -0.08382298003778214, 0.09124046508240327, -0.05830065813597292, 0.02408666941214257, -0.011344336331234505, 0.06225251195469018, -0.08648803123163197, 0.032210328817442346, -0.014901906183208925, 0.028302844985153168, 0.00823193549373884, 0.028395512098455575, 0.0, -0.04521106456143359, -0.037564084279396295, 0.017784988105339784, 0.04775244591359674, 0.014978368659497459, -0.05007276741040409, 0.013836651966126493, -0.00011596064759987393, 0.0008909182481095852, -0.0011238150321209465, 0.0014255077697679173, -0.000985092586861726, 0.0003131281259612051, -0.0018480403823082382, 0.0030259433613500364, -0.004184596350904077, 0.0025978461836628657, -0.0005731331884198828, 0.0006417436892120093, -0.0009833787602906846, 0.0017914824355726607, -0.001365296630164472, 0.001100026792902688, -0.003344431262784177, 0.0020000543140246876, 0.0019638023005925523, -0.002108208438800431, 0.0005749554648828707, 0.0012837263484159114, -0.002397840848294836, 0.004168813560667748, -0.002123267581621963, 1.6076464513154853e-05, -0.0017521924268732057, 0.0, -0.0038316498332230157, 0.004159042731855909, 0.0, 0.005895429263232445, -0.005240838253412033, -0.00476168190749283, 0.006082959525767834, -0.0017790957414984415, 0.002450137121764115, -0.004020664797893353, 0.0061691990255211444, -0.004604671405092489, 0.0019694456358123644, -0.011669394906531409, 0.0092617468889281, 0.008155363847259352, -0.010114662874153604, 0.0028919157870012243, 0.0, 0.004909002043470288, -0.004208449976365239, -0.00738126622576841, 0.009105797658150212, -0.002576451328185042, 0.0025548457320951684, -0.0039030915272646807, 0.0018205306124372612, -0.0002345039062325366], [0.0, -6.416696967385704, 27.898110722286724, -67.88883969720807, 156.69903771212458, -63.63600737760224, -47.03281793938784, -0.053409034933531926, 0.2842629726005066, -0.39886311508422384, 0.36263086465400896, -0.2250989310790484, 0.08407818152654581, -0.3493618225819363, 0.9899631680216178, -0.9539518649959972, 0.6443040038623247, -0.26290510859765875, -0.7348276716145483, 1.4688174238044365, -1.0330837051460195, 0.4315262156720343, -0.7320452453555482, 1.0564008793878894, -0.4534297101838524, -0.3980797076653909, 0.33832468312028624, -0.06552678243194494, 0.00036821243031882694, -0.0035930676855603283, 0.004807322570910278, -0.003831429591617725, 0.0014851132754866666, -0.00014650616543139707, 0.010692017410935296, -0.026012108372719524, 0.01885080791351044, -0.005504168595181674, -0.00037271029701750933, 0.013157242307408855, -0.013372860238035456, -0.0028496957065263107, 0.004662196904269761, -0.0006235328273729086, 0.013089653903113204, -0.008027421808728246, -0.008407684872172258, 0.008122805138785555, -0.001906074285075972, -0.010770698260651312, 0.0392742495508692, -0.02838168850980671, 0.008030922651477165, 0.0006551982770001826, -0.04410951737632224, 0.05331445066264287, -0.001196903184729816, -0.010270649931057623, -0.007728901418831196, -0.024996529457483672, 0.018858298296740177, 0.020280833314710155, -0.020940937904496436, 0.005140379554207504, 0.01617068565325152, -0.024662210957238744, -0.008783675799258012, 0.010882859895977396, 0.0017577791268663702, 0.04699196608138687, -0.030570991935105426, -0.03225408485791495, 0.03200637920722174, -0.007710322699927779, 0.005654470529448178, -0.03379760463764065, 0.01765581845291637, 0.03675711651063931, -0.03292923404377725, 0.007396377054635371, -0.010818856609094494, 0.013034388226621904, -0.005082077936864113, 0.0005787078871117899], [20.631957720570306, 20.72799177863662, -87.79035708168686, 188.68410063210894, -283.1879080836892, 363.5455486390653, -199.90773917634647, 0.0, 0.015622503131948825, 0.00427945317324149, 0.0, 0.06498514024224376, -0.09100597600051726, -0.17327700725746203, 0.3710734149270249, -0.0980935965807718, -0.3712211279127748, 0.4237823022468946, -0.0620061997344002, -0.4175090188530848, 1.0822872430159538, -0.8675072277276844, 0.41699166749171485, -1.4299619776399084, 1.029829871423835, 0.814224507242724, -0.8887756214397863, 0.17624037122135305, -0.005559883654275217, 0.04684916674565829, -0.06354674451087604, 0.05644597400157036, -0.030391186225067743, 0.008173987681025539, -0.1286476493828983, 0.34192075298205415, -0.2998490556424048, 0.15654815142490394, -0.04019060713766756, -0.2178401102499396, 0.3638866505918704, -0.1724230085523317, 0.0363589497924762, -0.14258413333887138, 0.11907899881947855, -0.017895626220289514, -0.016413324257056206, -0.004994740315151872, 0.004483574452595637, 0.11899744700072903, -0.47871649270678546, 0.42308321588400327, -0.21988557399056977, 0.05578878497702633, 0.6339138177592489, -1.0917721561262848, 0.5323215027118293, -0.1182941613030822, 0.4510797346433813, -0.40352249897890685, 0.07330305878726896, 0.06794535337346642, 0.0, -0.010346537398129114, -0.28398628120045616, 0.7306706005515707, -0.34082962528387944, 0.06690917947524411, -0.6142105663639259, 0.534900281491286, -0.08623102101108189, -0.08406990160565163, -0.01087218452043131, 0.016961899585139693, 0.17294650056404023, -0.21701941667626284, 0.030511793918696246, 0.06504055726064202, 0.01309912564040043, -0.014720887961868498, -0.0004457003064087402, -0.014815933535974803, 0.010035393887723131, -0.0013055067676515037]]",(x0)' = -27.650 1 +  199.623 x0 + -364.055 x1 +  284.856 x2 + -190.285 x3 +  88.564 x4 + -20.810 x5 +  0.025 x0^2 + -0.008 x0 x1 + -0.068 x0 x3 +  0.112 x0 x4 + -0.031 x0 x5 +  0.193 x1^2 + -0.933 x1 x2 +  0.969 x1 x3 + -0.618 x1 x4 +  0.079 x1 x5 +  1.027 x2^2 + -1.943 x2 x3 +  1.049 x2 x4 + -0.080 x2 x5 +  0.938 x3^2 + -0.954 x3 x4 +  0.009 x3 x5 +  0.178 x4^2 +  0.105 x4 x5 + -0.048 x5^2 +  0.007 x0^3 + -0.051 x0^2 x1 +  0.068 x0^2 x2 + -0.065 x0^2 x3 +  0.042 x0^2 x4 + -0.016 x0^2 x5 +  0.119 x0 x1^2 + -0.289 x0 x1 x2 +  0.263 x0 x1 x3 + -0.168 x0 x1 x4 +  0.067 x0 x1 x5 +  0.148 x0 x2^2 + -0.234 x0 x2 x3 +  0.140 x0 x2 x4 + -0.061 x0 x2 x5 +  0.076 x0 x3^2 + -0.078 x0 x3 x4 +  0.039 x0 x3 x5 +  0.016 x0 x4^2 + -0.018 x0 x4 x5 +  0.004 x0 x5^2 + -0.086 x1^3 +  0.285 x1^2 x2 + -0.249 x1^2 x3 +  0.157 x1^2 x4 + -0.066 x1^2 x5 + -0.254 x1 x2^2 +  0.369 x1 x2 x3 + -0.212 x1 x2 x4 +  0.106 x1 x2 x5 + -0.097 x1 x3^2 +  0.084 x1 x3 x4 + -0.060 x1 x3 x5 + -0.007 x1 x4^2 +  0.021 x1 x4 x5 + -0.005 x1 x5^2 +  0.044 x2^3 + -0.031 x2^2 x3 + -0.025 x2^2 x5 + -0.078 x2 x3^2 +  0.145 x2 x3 x4 +  0.001 x2 x3 x5 + -0.068 x2 x4^2 +  0.019 x2 x4 x5 +  0.060 x3^3 + -0.134 x3^2 x4 +  0.018 x3^2 x5 +  0.101 x3 x4^2 + -0.037 x3 x4 x5 +  0.002 x3 x5^2 + -0.025 x4^3 +  0.014 x4^2 x5 + -0.001 x4 x5^2 | (x1)' =  2.965 1 +  46.983 x0 +  63.966 x1 + -157.286 x2 +  68.432 x3 + -28.193 x4 +  6.475 x5 +  0.064 x0^2 + -0.363 x0 x1 +  0.507 x0 x2 + -0.452 x0 x3 +  0.259 x0 x4 + -0.085 x0 x5 +  0.449 x1^2 + -1.185 x1 x2 +  1.076 x1 x3 + -0.651 x1 x4 +  0.238 x1 x5 +  0.774 x2^2 + -1.436 x2 x3 +  0.907 x2 x4 + -0.351 x2 x5 +  0.661 x3^2 + -0.848 x3 x4 +  0.341 x3 x5 +  0.284 x4^2 + -0.233 x4 x5 +  0.044 x5^2 +  0.004 x0^2 x1 + -0.006 x0^2 x2 +  0.006 x0^2 x3 + -0.004 x0^2 x4 +  0.001 x0^2 x5 + -0.011 x0 x1^2 +  0.028 x0 x1 x2 + -0.025 x0 x1 x3 +  0.014 x0 x1 x4 + -0.005 x0 x1 x5 + -0.014 x0 x2^2 +  0.019 x0 x2 x3 + -0.008 x0 x2 x4 +  0.003 x0 x2 x5 + -0.003 x0 x3^2 + -0.001 x0 x3 x4 +  0.003 x0 x4^2 + -0.002 x0 x4 x5 +  0.010 x1^3 + -0.037 x1^2 x2 +  0.032 x1^2 x3 + -0.018 x1^2 x4 +  0.006 x1^2 x5 +  0.039 x1 x2^2 + -0.058 x1 x2 x3 +  0.027 x1 x2 x4 + -0.010 x1 x2 x5 +  0.016 x1 x3^2 + -0.007 x1 x3 x4 +  0.003 x1 x3 x5 + -0.004 x1 x4^2 +  0.003 x1 x4 x5 + -0.001 x1 x5^2 + -0.012 x2^3 +  0.025 x2^2 x3 + -0.009 x2^2 x4 +  0.004 x2^2 x5 + -0.011 x2 x3^2 + -0.001 x2 x3 x4 + -0.003 x2 x3 x5 +  0.007 x2 x4^2 + -0.004 x2 x4 x5 +  0.001 x2 x5^2 +  0.007 x3^2 x4 + -0.010 x3 x4^2 +  0.004 x3 x4 x5 + -0.001 x3 x5^2 +  0.003 x4^3 + -0.003 x4^2 x5 +  0.001 x4 x5^2 | (x2)' = -2.159 1 + -9.433 x0 +  75.553 x1 +  18.176 x2 + -106.521 x3 +  27.682 x4 + -5.654 x5 + -0.020 x0^2 +  0.105 x0 x1 + -0.125 x0 x2 +  0.082 x0 x3 + -0.020 x0 x4 + -0.107 x1^2 +  0.223 x1 x2 + -0.141 x1 x3 +  0.031 x1 x4 + -0.005 x1 x5 + -0.113 x2^2 +  0.148 x2 x3 + -0.037 x2 x4 +  0.014 x2 x5 + -0.037 x3^2 + -0.008 x3 x5 +  0.008 x4^2 +  0.002 x4 x5 + -0.001 x0 x1 x2 +  0.002 x0 x1 x4 + -0.001 x0 x1 x5 + -0.001 x0 x2^2 +  0.005 x0 x2 x3 + -0.007 x0 x2 x4 +  0.003 x0 x2 x5 + -0.004 x0 x3^2 +  0.010 x0 x3 x4 + -0.005 x0 x3 x5 + -0.005 x0 x4^2 +  0.005 x0 x4 x5 + -0.001 x0 x5^2 + -0.001 x1^3 +  0.006 x1^2 x2 + -0.005 x1^2 x3 +  0.001 x1^2 x5 + -0.007 x1 x2^2 +  0.012 x1 x2 x3 +  0.004 x1 x2 x4 + -0.005 x1 x2 x5 + -0.004 x1 x3^2 + -0.007 x1 x3 x4 +  0.007 x1 x3 x5 +  0.007 x1 x4^2 + -0.009 x1 x4 x5 +  0.003 x1 x5^2 +  0.004 x2^3 + -0.013 x2^2 x3 +  0.003 x2^2 x5 +  0.013 x2 x3^2 + -0.007 x2 x3 x5 + -0.007 x2 x4^2 +  0.011 x2 x4 x5 + -0.003 x2 x5^2 + -0.005 x3^3 +  0.002 x3^2 x4 +  0.003 x3^2 x5 +  0.005 x3 x4^2 + -0.009 x3 x4 x5 +  0.003 x3 x5^2 + -0.002 x4^3 +  0.005 x4^2 x5 + -0.003 x4 x5^2 | (x3)' =  1.775 1 +  5.580 x0 + -27.392 x1 +  106.025 x2 + -17.658 x3 + -75.876 x4 +  9.521 x5 +  0.019 x0^2 + -0.084 x0 x1 +  0.091 x0 x2 + -0.058 x0 x3 +  0.024 x0 x4 + -0.011 x0 x5 +  0.062 x1^2 + -0.086 x1 x2 +  0.032 x1 x3 + -0.015 x1 x4 +  0.028 x1 x5 +  0.008 x2^2 +  0.028 x2 x3 + -0.045 x2 x5 + -0.038 x3^2 +  0.018 x3 x4 +  0.048 x3 x5 +  0.015 x4^2 + -0.050 x4 x5 +  0.014 x5^2 +  0.001 x0^2 x1 + -0.001 x0^2 x2 +  0.001 x0^2 x3 + -0.001 x0^2 x4 + -0.002 x0 x1^2 +  0.003 x0 x1 x2 + -0.004 x0 x1 x3 +  0.003 x0 x1 x4 + -0.001 x0 x1 x5 +  0.001 x0 x2^2 + -0.001 x0 x2 x3 +  0.002 x0 x2 x4 + -0.001 x0 x2 x5 +  0.001 x0 x3^2 + -0.003 x0 x3 x4 +  0.002 x0 x3 x5 +  0.002 x0 x4^2 + -0.002 x0 x4 x5 +  0.001 x0 x5^2 +  0.001 x1^3 + -0.002 x1^2 x2 +  0.004 x1^2 x3 + -0.002 x1^2 x4 + -0.002 x1 x2^2 + -0.004 x1 x2 x4 +  0.004 x1 x2 x5 +  0.006 x1 x3 x4 + -0.005 x1 x3 x5 + -0.005 x1 x4^2 +  0.006 x1 x4 x5 + -0.002 x1 x5^2 +  0.002 x2^3 + -0.004 x2^2 x3 +  0.006 x2^2 x4 + -0.005 x2^2 x5 +  0.002 x2 x3^2 + -0.012 x2 x3 x4 +  0.009 x2 x3 x5 +  0.008 x2 x4^2 + -0.010 x2 x4 x5 +  0.003 x2 x5^2 +  0.005 x3^2 x4 + -0.004 x3^2 x5 + -0.007 x3 x4^2 +  0.009 x3 x4 x5 + -0.003 x3 x5^2 +  0.003 x4^3 + -0.004 x4^2 x5 +  0.002 x4 x5^2 | (x4)' = -6.417 x0 +  27.898 x1 + -67.889 x2 +  156.699 x3 + -63.636 x4 + -47.033 x5 + -0.053 x0^2 +  0.284 x0 x1 + -0.399 x0 x2 +  0.363 x0 x3 + -0.225 x0 x4 +  0.084 x0 x5 + -0.349 x1^2 +  0.990 x1 x2 + -0.954 x1 x3 +  0.644 x1 x4 + -0.263 x1 x5 + -0.735 x2^2 +  1.469 x2 x3 + -1.033 x2 x4 +  0.432 x2 x5 + -0.732 x3^2 +  1.056 x3 x4 + -0.453 x3 x5 + -0.398 x4^2 +  0.338 x4 x5 + -0.066 x5^2 + -0.004 x0^2 x1 +  0.005 x0^2 x2 + -0.004 x0^2 x3 +  0.001 x0^2 x4 +  0.011 x0 x1^2 + -0.026 x0 x1 x2 +  0.019 x0 x1 x3 + -0.006 x0 x1 x4 +  0.013 x0 x2^2 + -0.013 x0 x2 x3 + -0.003 x0 x2 x4 +  0.005 x0 x2 x5 + -0.001 x0 x3^2 +  0.013 x0 x3 x4 + -0.008 x0 x3 x5 + -0.008 x0 x4^2 +  0.008 x0 x4 x5 + -0.002 x0 x5^2 + -0.011 x1^3 +  0.039 x1^2 x2 + -0.028 x1^2 x3 +  0.008 x1^2 x4 +  0.001 x1^2 x5 + -0.044 x1 x2^2 +  0.053 x1 x2 x3 + -0.001 x1 x2 x4 + -0.010 x1 x2 x5 + -0.008 x1 x3^2 + -0.025 x1 x3 x4 +  0.019 x1 x3 x5 +  0.020 x1 x4^2 + -0.021 x1 x4 x5 +  0.005 x1 x5^2 +  0.016 x2^3 + -0.025 x2^2 x3 + -0.009 x2^2 x4 +  0.011 x2^2 x5 +  0.002 x2 x3^2 +  0.047 x2 x3 x4 + -0.031 x2 x3 x5 + -0.032 x2 x4^2 +  0.032 x2 x4 x5 + -0.008 x2 x5^2 +  0.006 x3^3 + -0.034 x3^2 x4 +  0.018 x3^2 x5 +  0.037 x3 x4^2 + -0.033 x3 x4 x5 +  0.007 x3 x5^2 + -0.011 x4^3 +  0.013 x4^2 x5 + -0.005 x4 x5^2 +  0.001 x5^3 | (x5)' =  20.632 1 +  20.728 x0 + -87.790 x1 +  188.684 x2 + -283.188 x3 +  363.546 x4 + -199.908 x5 +  0.016 x0 x1 +  0.004 x0 x2 +  0.065 x0 x4 + -0.091 x0 x5 + -0.173 x1^2 +  0.371 x1 x2 + -0.098 x1 x3 + -0.371 x1 x4 +  0.424 x1 x5 + -0.062 x2^2 + -0.418 x2 x3 +  1.082 x2 x4 + -0.868 x2 x5 +  0.417 x3^2 + -1.430 x3 x4 +  1.030 x3 x5 +  0.814 x4^2 + -0.889 x4 x5 +  0.176 x5^2 + -0.006 x0^3 +  0.047 x0^2 x1 + -0.064 x0^2 x2 +  0.056 x0^2 x3 + -0.030 x0^2 x4 +  0.008 x0^2 x5 + -0.129 x0 x1^2 +  0.342 x0 x1 x2 + -0.300 x0 x1 x3 +  0.157 x0 x1 x4 + -0.040 x0 x1 x5 + -0.218 x0 x2^2 +  0.364 x0 x2 x3 + -0.172 x0 x2 x4 +  0.036 x0 x2 x5 + -0.143 x0 x3^2 +  0.119 x0 x3 x4 + -0.018 x0 x3 x5 + -0.016 x0 x4^2 + -0.005 x0 x4 x5 +  0.004 x0 x5^2 +  0.119 x1^3 + -0.479 x1^2 x2 +  0.423 x1^2 x3 + -0.220 x1^2 x4 +  0.056 x1^2 x5 +  0.634 x1 x2^2 + -1.092 x1 x2 x3 +  0.532 x1 x2 x4 + -0.118 x1 x2 x5 +  0.451 x1 x3^2 + -0.404 x1 x3 x4 +  0.073 x1 x3 x5 +  0.068 x1 x4^2 + -0.010 x1 x5^2 + -0.284 x2^3 +  0.731 x2^2 x3 + -0.341 x2^2 x4 +  0.067 x2^2 x5 + -0.614 x2 x3^2 +  0.535 x2 x3 x4 + -0.086 x2 x3 x5 + -0.084 x2 x4^2 + -0.011 x2 x4 x5 +  0.017 x2 x5^2 +  0.173 x3^3 + -0.217 x3^2 x4 +  0.031 x3^2 x5 +  0.065 x3 x4^2 +  0.013 x3 x4 x5 + -0.015 x3 x5^2 + -0.015 x4^2 x5 +  0.010 x4 x5^2 + -0.001 x5^3
24,35.0,1000.0,36.85636440989091,3,6,2,8.0,40.0,9,36.0,smoothed_finite_difference_savgol_order_3,success,,483,504,95.83333333333333,8.628925712779164,"[""1"", ""x0"", ""x1"", ""x2"", ""x3"", ""x4"", ""x5"", ""x0^2"", ""x0 x1"", ""x0 x2"", ""x0 x3"", ""x0 x4"", ""x0 x5"", ""x1^2"", ""x1 x2"", ""x1 x3"", ""x1 x4"", ""x1 x5"", ""x2^2"", ""x2 x3"", ""x2 x4"", ""x2 x5"", ""x3^2"", ""x3 x4"", ""x3 x5"", ""x4^2"", ""x4 x5"", ""x5^2"", ""x0^3"", ""x0^2 x1"", ""x0^2 x2"", ""x0^2 x3"", ""x0^2 x4"", ""x0^2 x5"", ""x0 x1^2"", ""x0 x1 x2"", ""x0 x1 x3"", ""x0 x1 x4"", ""x0 x1 x5"", ""x0 x2^2"", ""x0 x2 x3"", ""x0 x2 x4"", ""x0 x2 x5"", ""x0 x3^2"", ""x0 x3 x4"", ""x0 x3 x5"", ""x0 x4^2"", ""x0 x4 x5"", ""x0 x5^2"", ""x1^3"", ""x1^2 x2"", ""x1^2 x3"", ""x1^2 x4"", ""x1^2 x5"", ""x1 x2^2"", ""x1 x2 x3"", ""x1 x2 x4"", ""x1 x2 x5"", ""x1 x3^2"", ""x1 x3 x4"", ""x1 x3 x5"", ""x1 x4^2"", ""x1 x4 x5"", ""x1 x5^2"", ""x2^3"", ""x2^2 x3"", ""x2^2 x4"", ""x2^2 x5"", ""x2 x3^2"", ""x2 x3 x4"", ""x2 x3 x5"", ""x2 x4^2"", ""x2 x4 x5"", ""x2 x5^2"", ""x3^3"", ""x3^2 x4"", ""x3^2 x5"", ""x3 x4^2"", ""x3 x4 x5"", ""x3 x5^2"", ""x4^3"", ""x4^2 x5"", ""x4 x5^2"", ""x5^3""]","[[-10.454990742888947, 216.7804106936337, -410.8963199308628, 344.74243170771393, -235.0539242022651, 107.1836410436867, -24.144934822744844, -0.34907944843635125, 2.3692608404372173, -3.7983009817195565, 3.6677018477337096, -2.1816761927922244, 0.6731711300376987, -3.6194989378277826, 11.113464243259838, -10.732418416672452, 6.531881617782454, -2.117558718536879, -8.369758637300448, 16.159269815405107, -9.989477693309006, 3.334833323144577, -7.780683862129289, 9.74860558909458, -3.330488694095951, -3.1347786220069116, 2.1703864759405125, -0.36484128984762393, 0.0026646932405592584, -0.021444388444688826, 0.03619210504238042, -0.04735392420793711, 0.042911198884448554, -0.01924320016284169, 0.048416875187352555, -0.13144963066747878, 0.18034417640533143, -0.18897815117645808, 0.09332217934733163, 0.05437870700759361, -0.1386149334927153, 0.18733404768926418, -0.10982942908171361, 0.06230949454831333, -0.15746699991284288, 0.09779686434212975, 0.06836017733771903, -0.07023086669481868, 0.014522858453712354, -0.029392619967314865, 0.07598044132522608, -0.1333785693795726, 0.1970746657006011, -0.11309835479071831, 0.042816157254704924, -0.006578466126607398, -0.3111051044705728, 0.2543035916530771, 0.01798415885918502, 0.23526498992045786, -0.22274210421770424, -0.13519686309184023, 0.16760855177028156, -0.036431819583207306, -0.12101053740895522, 0.33850333357325485, 0.021175741528229736, -0.1299754484246877, -0.36616821882155254, 0.05490177703141861, 0.22313363146779458, 0.08264213254167657, -0.187355796535039, 0.046403427429349844, 0.1383543172629477, -0.07423828111579128, -0.09755965117294561, -0.05115661899205031, 0.173430917830633, -0.04617411622155763, 0.029225284134319136, -0.07130512216453133, 0.03548766717667692, -0.005280399879336065], [2.7488376613328316, 44.62644293400458, 70.08419769375575, -164.3485235330642, 72.69177264545347, -29.11280678611792, 6.305496597148707, -0.010668772019425229, 0.02042314488792429, 0.0, 0.0, 8.393119348014798e-05, -0.0028919458826687514, -0.017669716034745694, 0.026657899854707172, -0.02107065606418959, -0.012641171825535496, 0.030127311822512347, -0.016172584638162506, 0.016076875425755015, 0.05633771008022811, -0.07366088495395608, 0.0, -0.08801402560517782, 0.0939755308015365, 0.0665725803472697, -0.08515581261845484, 0.017790394828322408, -0.005042113892458552, 0.035228977601852896, -0.036578115484558346, 0.024077749129338577, -0.010762930810447727, 0.002579982406830816, -0.07620580470315061, 0.13313015553601962, -0.07015779027958602, 0.02750662690039298, -0.007133435029931816, -0.03118656386274749, -0.010686747815787424, 0.013018740885564841, 0.00026721937002260047, 0.02986465477478522, -0.028635535089758815, 0.0, 0.0028762559089351757, 0.00504632034629013, -0.0018159487312824675, 0.04795648916985892, -0.07666213922700482, 0.0, 0.008719979906853047, 0.0010046918712147584, -0.08377833327766163, 0.33345011135816555, -0.17566840999706548, 0.021267890915115713, -0.2155235618549382, 0.19250923051446078, -0.012198661980935104, -0.027122908370194484, -0.016070691730556405, 0.007310552348022132, 0.13577164164086417, -0.4842239157286607, 0.2328641062951709, -0.02927098495099837, 0.5147829620603939, -0.44599092599762413, 0.03231856319723499, 0.06866691304148274, 0.025768859924591336, -0.013662435430051337, -0.16924370871074548, 0.19693988533297926, 0.0, -0.04461395401727214, -0.047381417100748204, 0.017540474236226, -0.006376319316504219, 0.02782272841987362, -0.014233355464125585, 0.0019192455296564467], [-1.5176378789305154, -8.061708743657258, 72.26074493161921, 21.603311183510826, -108.18724604316715, 27.69264441770361, -5.3899320022859465, -0.016966066873853266, 0.08708853020180218, -0.09256998737522155, 0.0430667428615848, 0.0, 0.0, -0.08518176295723295, 0.1243823088017092, -0.004576720460886329, -0.045575502735885384, -0.001050792467258281, 0.0, -0.14412826530614575, 0.12460330298634281, 0.0, 0.13063499571510798, -0.16990484563701352, 0.005602039540570137, 0.045402386056369516, 0.0028775338520578594, -0.0036563194848263595, -0.006796435719992068, 0.051741133803980925, -0.06989295972446437, 0.06478985138989755, -0.04238098290480499, 0.0141238196848022, -0.12448812357870111, 0.31698352427654847, -0.2879749435682172, 0.19870238506762547, -0.07077308303415691, -0.1874327028624612, 0.33099377505284866, -0.24238271301777511, 0.09265626287570813, -0.14449399164947632, 0.2162995961839804, -0.08484249587224417, -0.07748161977128336, 0.058339124032445254, -0.01056615208321918, 0.08925899700882736, -0.2926924220099293, 0.24686167631886977, -0.19327561894548437, 0.07903060377539868, 0.24061806966244187, -0.3333273042714343, 0.3487612505207887, -0.17853249909947821, 0.09294407129785116, -0.25565261897285285, 0.15051485938090503, 0.11875267188880374, -0.11498298201722311, 0.023873141195885694, 0.0, -0.12090241946236419, -0.05016815503519387, 0.07999963992910532, 0.24121863695728404, -0.050150976011915475, -0.11568582849815419, -0.055113712846546425, 0.11084142191923055, -0.028349985229105566, -0.11992366577014767, 0.09857652721335128, 0.03663342506076322, 0.009434969199115269, -0.0843204288612239, 0.02438347288508626, -0.01493268915671467, 0.036331111340009555, -0.01747804870922791, 0.0023373178734765634], [0.2971837388470518, 4.890490342685276, -26.204114922010415, 105.97976962887269, -19.531064618011555, -73.46746013644635, 8.436237518189936, 0.025596382713488096, -0.13259294630198257, 0.14767898664577353, -0.08556956728323392, 0.019749277547281372, -0.0020533729766165536, 0.14614701887719567, -0.27925811815308416, 0.13690759742729897, -0.020391467303064757, 0.006191102440804913, 0.10934571267328846, -0.07392162653282837, 0.0, -0.01770772640137627, 0.0, -0.012340844032109811, 0.04074998645266479, 0.030622709721872608, -0.05270026310003678, 0.013538811961249191, 0.0008171384428155668, -0.0052229905540707965, 0.004859332872687294, -0.002892481213139553, 0.002796184970393431, -0.0019191734663224526, 0.00897719589341305, -0.010558369098968151, 0.0033823672241834455, -0.012548240558518869, 0.011779672342182355, 0.0, -0.0030505025554057132, 0.029036304648266342, -0.02442493578043371, 0.01029194477688139, -0.04791434780569238, 0.03203391205676356, 0.027332879083686624, -0.028250320825413858, 0.006215336957673136, -0.0003859797082559117, -0.02731578925022575, 0.034887103073869136, 0.0003353418461149353, -0.014780285009039537, 0.08122384769763687, -0.15524709369731698, -0.002801878963429787, 0.057101813375552986, 0.055769464638260165, 0.05356149986146507, -0.0790833689628381, -0.060124255278274294, 0.078589937939963, -0.018884766815810552, -0.06402105033446535, 0.1754511683586491, -0.01328951153238305, -0.0474995206198846, -0.14251720025210296, -0.038764093150148726, 0.12271425512102013, 0.0840069770726581, -0.12284316609298718, 0.03012482179438504, 0.03563245582883162, 0.04505424398338244, -0.07054651121296557, -0.09588209368808742, 0.12733067706955162, -0.029577634170953427, 0.031802816239938574, -0.04772859412403995, 0.01913320067449479, -0.0021746000000281824], [0.0, -6.41260661585133, 29.352853492037383, -73.24826600389306, 165.3087449179375, -71.0937556718507, -44.13841632636512, 0.002769582074335636, 0.0, -0.01549918534242147, 0.016489149501744637, 0.0004380753505893698, -0.0066402192876314015, 0.006009617217191397, -0.004382916992814018, -0.013243549991360825, 0.0, 0.009630617496607999, 0.0, 0.03395856621152753, -0.031087162980172035, 0.0, -0.04114653243377638, 0.10113014844222037, -0.02979791755930405, -0.0675516012672668, 0.041851429617325825, -0.003245613251660865, 0.00426389172448989, -0.03136665232007664, 0.041594358153002636, -0.0395874155016099, 0.027616489067685913, -0.010625868043719818, 0.0706900407751237, -0.16840640261453063, 0.1556293337372277, -0.1178320333979386, 0.04981999873482493, 0.0834614435127345, -0.14207526424651737, 0.1211736420763536, -0.0575862003361621, 0.05723657893677772, -0.10097310468129442, 0.04930950600592486, 0.03822565522010801, -0.0324069897236569, 0.00576407945131441, -0.045663629453233344, 0.1256678514936804, -0.10599245154258671, 0.10336086461252622, -0.054151418490523934, -0.04176477081836669, 0.012924697433626524, -0.12969212687710593, 0.1097812820057838, 0.03169843370473964, 0.07414205035713844, -0.0876905177810923, -0.05033427802749361, 0.06370396562698337, -0.012955114863453512, -0.06334310628420897, 0.24328790720076432, -0.04708995081582882, -0.042749966261028186, -0.29422999881718004, 0.16370230927162238, 0.05960210233923994, 0.0, -0.05709598921417506, 0.01463835398200485, 0.11231770826585881, -0.10866219443685494, -0.02059853272726925, 0.015689674148721817, 0.04712436139208358, -0.013152555699363189, 0.005399940646833416, -0.01959814321065729, 0.00887929225329593, -0.0010656857126094736], [9.902467628493795, 24.105000914410535, -106.47667588233585, 233.5544951497608, -343.4340804401961, 410.72027055193774, -217.14205229907893, 0.341884760793506, -2.0705277971220832, 3.16104839694655, -3.0247422983496066, 1.8752991688347602, -0.6237171734908169, 2.975473807889106, -9.054202474590905, 8.915313261071452, -5.797346244122015, 2.0264253669008334, 6.960530438102465, -13.916058838326924, 9.266123943553938, -3.2868860498322707, 6.9861387765986045, -9.419349211747468, 3.342276815014515, 3.180315150668791, -2.1724006748254845, 0.334477376918696, 0.003138721655164825, -0.019035277620273742, 0.027579522551314267, -0.03319176866022024, 0.0284656294102372, -0.011356545469020096, 0.03000821505716264, -0.08601932757728639, 0.12187034847731203, -0.12432505322807012, 0.0541564074075047, 0.06554322576547496, -0.19045623423497446, 0.19483084682369223, -0.08543989299775402, 0.1237142904025883, -0.22482579453528337, 0.0928785756107293, 0.09041732204681384, -0.0713577022888568, 0.014553087582812088, 0.0031864880135717287, -0.041355516535257014, -0.005168459972250835, 0.07375848806265865, -0.04520646712644435, 0.12015527681931826, -0.11128131529852928, -0.14336040439739525, 0.11201062638040095, 0.0, 0.19550655546177573, -0.12119133176537954, -0.11840447831718318, 0.11314951063575533, -0.02683119371129695, -0.11194204559532579, 0.27187573671753873, -0.01740055248623276, -0.04227870454864904, -0.23984246663239514, 0.034685931961337936, 0.06824488947607095, 0.06400679748098179, -0.08912092474364021, 0.02561560021884341, 0.08648629494145138, -0.06015113188504867, -0.008776758610671431, -0.010232578046171595, 0.033850601115461044, -0.012109795838907592, 0.005769753570568403, -0.007377258578750365, 0.0023397330390699375, 0.00015828481481562273]]",(x0)' = -10.455 1 +  216.780 x0 + -410.896 x1 +  344.742 x2 + -235.054 x3 +  107.184 x4 + -24.145 x5 + -0.349 x0^2 +  2.369 x0 x1 + -3.798 x0 x2 +  3.668 x0 x3 + -2.182 x0 x4 +  0.673 x0 x5 + -3.619 x1^2 +  11.113 x1 x2 + -10.732 x1 x3 +  6.532 x1 x4 + -2.118 x1 x5 + -8.370 x2^2 +  16.159 x2 x3 + -9.989 x2 x4 +  3.335 x2 x5 + -7.781 x3^2 +  9.749 x3 x4 + -3.330 x3 x5 + -3.135 x4^2 +  2.170 x4 x5 + -0.365 x5^2 +  0.003 x0^3 + -0.021 x0^2 x1 +  0.036 x0^2 x2 + -0.047 x0^2 x3 +  0.043 x0^2 x4 + -0.019 x0^2 x5 +  0.048 x0 x1^2 + -0.131 x0 x1 x2 +  0.180 x0 x1 x3 + -0.189 x0 x1 x4 +  0.093 x0 x1 x5 +  0.054 x0 x2^2 + -0.139 x0 x2 x3 +  0.187 x0 x2 x4 + -0.110 x0 x2 x5 +  0.062 x0 x3^2 + -0.157 x0 x3 x4 +  0.098 x0 x3 x5 +  0.068 x0 x4^2 + -0.070 x0 x4 x5 +  0.015 x0 x5^2 + -0.029 x1^3 +  0.076 x1^2 x2 + -0.133 x1^2 x3 +  0.197 x1^2 x4 + -0.113 x1^2 x5 +  0.043 x1 x2^2 + -0.007 x1 x2 x3 + -0.311 x1 x2 x4 +  0.254 x1 x2 x5 +  0.018 x1 x3^2 +  0.235 x1 x3 x4 + -0.223 x1 x3 x5 + -0.135 x1 x4^2 +  0.168 x1 x4 x5 + -0.036 x1 x5^2 + -0.121 x2^3 +  0.339 x2^2 x3 +  0.021 x2^2 x4 + -0.130 x2^2 x5 + -0.366 x2 x3^2 +  0.055 x2 x3 x4 +  0.223 x2 x3 x5 +  0.083 x2 x4^2 + -0.187 x2 x4 x5 +  0.046 x2 x5^2 +  0.138 x3^3 + -0.074 x3^2 x4 + -0.098 x3^2 x5 + -0.051 x3 x4^2 +  0.173 x3 x4 x5 + -0.046 x3 x5^2 +  0.029 x4^3 + -0.071 x4^2 x5 +  0.035 x4 x5^2 + -0.005 x5^3 | (x1)' =  2.749 1 +  44.626 x0 +  70.084 x1 + -164.349 x2 +  72.692 x3 + -29.113 x4 +  6.305 x5 + -0.011 x0^2 +  0.020 x0 x1 + -0.003 x0 x5 + -0.018 x1^2 +  0.027 x1 x2 + -0.021 x1 x3 + -0.013 x1 x4 +  0.030 x1 x5 + -0.016 x2^2 +  0.016 x2 x3 +  0.056 x2 x4 + -0.074 x2 x5 + -0.088 x3 x4 +  0.094 x3 x5 +  0.067 x4^2 + -0.085 x4 x5 +  0.018 x5^2 + -0.005 x0^3 +  0.035 x0^2 x1 + -0.037 x0^2 x2 +  0.024 x0^2 x3 + -0.011 x0^2 x4 +  0.003 x0^2 x5 + -0.076 x0 x1^2 +  0.133 x0 x1 x2 + -0.070 x0 x1 x3 +  0.028 x0 x1 x4 + -0.007 x0 x1 x5 + -0.031 x0 x2^2 + -0.011 x0 x2 x3 +  0.013 x0 x2 x4 +  0.030 x0 x3^2 + -0.029 x0 x3 x4 +  0.003 x0 x4^2 +  0.005 x0 x4 x5 + -0.002 x0 x5^2 +  0.048 x1^3 + -0.077 x1^2 x2 +  0.009 x1^2 x4 +  0.001 x1^2 x5 + -0.084 x1 x2^2 +  0.333 x1 x2 x3 + -0.176 x1 x2 x4 +  0.021 x1 x2 x5 + -0.216 x1 x3^2 +  0.193 x1 x3 x4 + -0.012 x1 x3 x5 + -0.027 x1 x4^2 + -0.016 x1 x4 x5 +  0.007 x1 x5^2 +  0.136 x2^3 + -0.484 x2^2 x3 +  0.233 x2^2 x4 + -0.029 x2^2 x5 +  0.515 x2 x3^2 + -0.446 x2 x3 x4 +  0.032 x2 x3 x5 +  0.069 x2 x4^2 +  0.026 x2 x4 x5 + -0.014 x2 x5^2 + -0.169 x3^3 +  0.197 x3^2 x4 + -0.045 x3 x4^2 + -0.047 x3 x4 x5 +  0.018 x3 x5^2 + -0.006 x4^3 +  0.028 x4^2 x5 + -0.014 x4 x5^2 +  0.002 x5^3 | (x2)' = -1.518 1 + -8.062 x0 +  72.261 x1 +  21.603 x2 + -108.187 x3 +  27.693 x4 + -5.390 x5 + -0.017 x0^2 +  0.087 x0 x1 + -0.093 x0 x2 +  0.043 x0 x3 + -0.085 x1^2 +  0.124 x1 x2 + -0.005 x1 x3 + -0.046 x1 x4 + -0.001 x1 x5 + -0.144 x2 x3 +  0.125 x2 x4 +  0.131 x3^2 + -0.170 x3 x4 +  0.006 x3 x5 +  0.045 x4^2 +  0.003 x4 x5 + -0.004 x5^2 + -0.007 x0^3 +  0.052 x0^2 x1 + -0.070 x0^2 x2 +  0.065 x0^2 x3 + -0.042 x0^2 x4 +  0.014 x0^2 x5 + -0.124 x0 x1^2 +  0.317 x0 x1 x2 + -0.288 x0 x1 x3 +  0.199 x0 x1 x4 + -0.071 x0 x1 x5 + -0.187 x0 x2^2 +  0.331 x0 x2 x3 + -0.242 x0 x2 x4 +  0.093 x0 x2 x5 + -0.144 x0 x3^2 +  0.216 x0 x3 x4 + -0.085 x0 x3 x5 + -0.077 x0 x4^2 +  0.058 x0 x4 x5 + -0.011 x0 x5^2 +  0.089 x1^3 + -0.293 x1^2 x2 +  0.247 x1^2 x3 + -0.193 x1^2 x4 +  0.079 x1^2 x5 +  0.241 x1 x2^2 + -0.333 x1 x2 x3 +  0.349 x1 x2 x4 + -0.179 x1 x2 x5 +  0.093 x1 x3^2 + -0.256 x1 x3 x4 +  0.151 x1 x3 x5 +  0.119 x1 x4^2 + -0.115 x1 x4 x5 +  0.024 x1 x5^2 + -0.121 x2^2 x3 + -0.050 x2^2 x4 +  0.080 x2^2 x5 +  0.241 x2 x3^2 + -0.050 x2 x3 x4 + -0.116 x2 x3 x5 + -0.055 x2 x4^2 +  0.111 x2 x4 x5 + -0.028 x2 x5^2 + -0.120 x3^3 +  0.099 x3^2 x4 +  0.037 x3^2 x5 +  0.009 x3 x4^2 + -0.084 x3 x4 x5 +  0.024 x3 x5^2 + -0.015 x4^3 +  0.036 x4^2 x5 + -0.017 x4 x5^2 +  0.002 x5^3 | (x3)' =  0.297 1 +  4.890 x0 + -26.204 x1 +  105.980 x2 + -19.531 x3 + -73.467 x4 +  8.436 x5 +  0.026 x0^2 + -0.133 x0 x1 +  0.148 x0 x2 + -0.086 x0 x3 +  0.020 x0 x4 + -0.002 x0 x5 +  0.146 x1^2 + -0.279 x1 x2 +  0.137 x1 x3 + -0.020 x1 x4 +  0.006 x1 x5 +  0.109 x2^2 + -0.074 x2 x3 + -0.018 x2 x5 + -0.012 x3 x4 +  0.041 x3 x5 +  0.031 x4^2 + -0.053 x4 x5 +  0.014 x5^2 +  0.001 x0^3 + -0.005 x0^2 x1 +  0.005 x0^2 x2 + -0.003 x0^2 x3 +  0.003 x0^2 x4 + -0.002 x0^2 x5 +  0.009 x0 x1^2 + -0.011 x0 x1 x2 +  0.003 x0 x1 x3 + -0.013 x0 x1 x4 +  0.012 x0 x1 x5 + -0.003 x0 x2 x3 +  0.029 x0 x2 x4 + -0.024 x0 x2 x5 +  0.010 x0 x3^2 + -0.048 x0 x3 x4 +  0.032 x0 x3 x5 +  0.027 x0 x4^2 + -0.028 x0 x4 x5 +  0.006 x0 x5^2 + -0.027 x1^2 x2 +  0.035 x1^2 x3 + -0.015 x1^2 x5 +  0.081 x1 x2^2 + -0.155 x1 x2 x3 + -0.003 x1 x2 x4 +  0.057 x1 x2 x5 +  0.056 x1 x3^2 +  0.054 x1 x3 x4 + -0.079 x1 x3 x5 + -0.060 x1 x4^2 +  0.079 x1 x4 x5 + -0.019 x1 x5^2 + -0.064 x2^3 +  0.175 x2^2 x3 + -0.013 x2^2 x4 + -0.047 x2^2 x5 + -0.143 x2 x3^2 + -0.039 x2 x3 x4 +  0.123 x2 x3 x5 +  0.084 x2 x4^2 + -0.123 x2 x4 x5 +  0.030 x2 x5^2 +  0.036 x3^3 +  0.045 x3^2 x4 + -0.071 x3^2 x5 + -0.096 x3 x4^2 +  0.127 x3 x4 x5 + -0.030 x3 x5^2 +  0.032 x4^3 + -0.048 x4^2 x5 +  0.019 x4 x5^2 + -0.002 x5^3 | (x4)' = -6.413 x0 +  29.353 x1 + -73.248 x2 +  165.309 x3 + -71.094 x4 + -44.138 x5 +  0.003 x0^2 + -0.015 x0 x2 +  0.016 x0 x3 + -0.007 x0 x5 +  0.006 x1^2 + -0.004 x1 x2 + -0.013 x1 x3 +  0.010 x1 x5 +  0.034 x2 x3 + -0.031 x2 x4 + -0.041 x3^2 +  0.101 x3 x4 + -0.030 x3 x5 + -0.068 x4^2 +  0.042 x4 x5 + -0.003 x5^2 +  0.004 x0^3 + -0.031 x0^2 x1 +  0.042 x0^2 x2 + -0.040 x0^2 x3 +  0.028 x0^2 x4 + -0.011 x0^2 x5 +  0.071 x0 x1^2 + -0.168 x0 x1 x2 +  0.156 x0 x1 x3 + -0.118 x0 x1 x4 +  0.050 x0 x1 x5 +  0.083 x0 x2^2 + -0.142 x0 x2 x3 +  0.121 x0 x2 x4 + -0.058 x0 x2 x5 +  0.057 x0 x3^2 + -0.101 x0 x3 x4 +  0.049 x0 x3 x5 +  0.038 x0 x4^2 + -0.032 x0 x4 x5 +  0.006 x0 x5^2 + -0.046 x1^3 +  0.126 x1^2 x2 + -0.106 x1^2 x3 +  0.103 x1^2 x4 + -0.054 x1^2 x5 + -0.042 x1 x2^2 +  0.013 x1 x2 x3 + -0.130 x1 x2 x4 +  0.110 x1 x2 x5 +  0.032 x1 x3^2 +  0.074 x1 x3 x4 + -0.088 x1 x3 x5 + -0.050 x1 x4^2 +  0.064 x1 x4 x5 + -0.013 x1 x5^2 + -0.063 x2^3 +  0.243 x2^2 x3 + -0.047 x2^2 x4 + -0.043 x2^2 x5 + -0.294 x2 x3^2 +  0.164 x2 x3 x4 +  0.060 x2 x3 x5 + -0.057 x2 x4 x5 +  0.015 x2 x5^2 +  0.112 x3^3 + -0.109 x3^2 x4 + -0.021 x3^2 x5 +  0.016 x3 x4^2 +  0.047 x3 x4 x5 + -0.013 x3 x5^2 +  0.005 x4^3 + -0.020 x4^2 x5 +  0.009 x4 x5^2 + -0.001 x5^3 | (x5)' =  9.902 1 +  24.105 x0 + -106.477 x1 +  233.554 x2 + -343.434 x3 +  410.720 x4 + -217.142 x5 +  0.342 x0^2 + -2.071 x0 x1 +  3.161 x0 x2 + -3.025 x0 x3 +  1.875 x0 x4 + -0.624 x0 x5 +  2.975 x1^2 + -9.054 x1 x2 +  8.915 x1 x3 + -5.797 x1 x4 +  2.026 x1 x5 +  6.961 x2^2 + -13.916 x2 x3 +  9.266 x2 x4 + -3.287 x2 x5 +  6.986 x3^2 + -9.419 x3 x4 +  3.342 x3 x5 +  3.180 x4^2 + -2.172 x4 x5 +  0.334 x5^2 +  0.003 x0^3 + -0.019 x0^2 x1 +  0.028 x0^2 x2 + -0.033 x0^2 x3 +  0.028 x0^2 x4 + -0.011 x0^2 x5 +  0.030 x0 x1^2 + -0.086 x0 x1 x2 +  0.122 x0 x1 x3 + -0.124 x0 x1 x4 +  0.054 x0 x1 x5 +  0.066 x0 x2^2 + -0.190 x0 x2 x3 +  0.195 x0 x2 x4 + -0.085 x0 x2 x5 +  0.124 x0 x3^2 + -0.225 x0 x3 x4 +  0.093 x0 x3 x5 +  0.090 x0 x4^2 + -0.071 x0 x4 x5 +  0.015 x0 x5^2 +  0.003 x1^3 + -0.041 x1^2 x2 + -0.005 x1^2 x3 +  0.074 x1^2 x4 + -0.045 x1^2 x5 +  0.120 x1 x2^2 + -0.111 x1 x2 x3 + -0.143 x1 x2 x4 +  0.112 x1 x2 x5 +  0.196 x1 x3 x4 + -0.121 x1 x3 x5 + -0.118 x1 x4^2 +  0.113 x1 x4 x5 + -0.027 x1 x5^2 + -0.112 x2^3 +  0.272 x2^2 x3 + -0.017 x2^2 x4 + -0.042 x2^2 x5 + -0.240 x2 x3^2 +  0.035 x2 x3 x4 +  0.068 x2 x3 x5 +  0.064 x2 x4^2 + -0.089 x2 x4 x5 +  0.026 x2 x5^2 +  0.086 x3^3 + -0.060 x3^2 x4 + -0.009 x3^2 x5 + -0.010 x3 x4^2 +  0.034 x3 x4 x5 + -0.012 x3 x5^2 +  0.006 x4^3 + -0.007 x4^2 x5 +  0.002 x4 x5^2
25,35.0,1000.0,36.85636440989091,3,6,5,20.0,100.0,0,0.0,finite_difference,success,,479,504,95.03968253968254,7.655508453026414,"[""1"", ""x0"", ""x1"", ""x2"", ""x3"", ""x4"", ""x5"", ""x0^2"", ""x0 x1"", ""x0 x2"", ""x0 x3"", ""x0 x4"", ""x0 x5"", ""x1^2"", ""x1 x2"", ""x1 x3"", ""x1 x4"", ""x1 x5"", ""x2^2"", ""x2 x3"", ""x2 x4"", ""x2 x5"", ""x3^2"", ""x3 x4"", ""x3 x5"", ""x4^2"", ""x4 x5"", ""x5^2"", ""x0^3"", ""x0^2 x1"", ""x0^2 x2"", ""x0^2 x3"", ""x0^2 x4"", ""x0^2 x5"", ""x0 x1^2"", ""x0 x1 x2"", ""x0 x1 x3"", ""x0 x1 x4"", ""x0 x1 x5"", ""x0 x2^2"", ""x0 x2 x3"", ""x0 x2 x4"", ""x0 x2 x5"", ""x0 x3^2"", ""x0 x3 x4"", ""x0 x3 x5"", ""x0 x4^2"", ""x0 x4 x5"", ""x0 x5^2"", ""x1^3"", ""x1^2 x2"", ""x1^2 x3"", ""x1^2 x4"", ""x1^2 x5"", ""x1 x2^2"", ""x1 x2 x3"", ""x1 x2 x4"", ""x1 x2 x5"", ""x1 x3^2"", ""x1 x3 x4"", ""x1 x3 x5"", ""x1 x4^2"", ""x1 x4 x5"", ""x1 x5^2"", ""x2^3"", ""x2^2 x3"", ""x2^2 x4"", ""x2^2 x5"", ""x2 x3^2"", ""x2 x3 x4"", ""x2 x3 x5"", ""x2 x4^2"", ""x2 x4 x5"", ""x2 x5^2"", ""x3^3"", ""x3^2 x4"", ""x3^2 x5"", ""x3 x4^2"", ""x3 x4 x5"", ""x3 x5^2"", ""x4^3"", ""x4^2 x5"", ""x4 x5^2"", ""x5^3""]","[[-28.14601013524268, 18.893982110927215, -47.508074812134275, 16.122921827420406, 2.0159396866770063, 5.841958676086952, -1.79565530040411, 0.004994422508409373, 0.1370626248054761, -0.04813157992887105, -0.03489901377797608, -0.03925165689894973, 0.019029171748504804, -0.02832497804676184, -0.09535340826271385, 0.007532627591070148, 0.009964731486406956, 0.010409097904138935, 0.058791522979403106, 0.013239327214578251, 0.02392391271612283, -0.03769578543494976, -0.01258534098200182, 0.008401714013191529, 0.012594915557370044, 0.0, -0.012566107644497811, -0.003105979422462039, -0.00024553523593714483, 0.001060530460772761, 0.0001691574883127315, -0.00047550255024902233, -0.0001842857040155446, -0.0004807123202171369, -0.0011677336290396188, 0.0017986085050261623, -0.0006396389606301053, 0.0006444426782740584, -0.00046118816115826156, -0.0009404994819935381, 0.001725613726275488, -0.002189367560898669, 0.0005115467428101307, 8.017797883089988e-05, 0.0010602430118103047, -0.0008682783756234134, 0.0004947436458514811, 0.0008313242871823964, 0.0005026006826826158, 0.00022748911043372815, -9.123708115258127e-05, 0.00015483182791310742, 2.4254052663992343e-05, 0.00020146837844507406, -0.00015560596170654823, -0.0010743593078486457, 0.0007568907177014691, -0.0002861924123165577, 0.0002220675794697972, 0.0, 0.0010008681213571412, -0.0007417536528346013, -5.8447889058381105e-05, -0.0006141168710929998, -0.00015817127314840561, 0.00033994679631856663, -0.0001161064070585325, 0.00037078686554760875, -0.00040138681143413814, 0.0, 0.00033445397494874735, 0.00038583227170076135, -0.00033776598583359777, 5.3442415981677965e-05, -0.00016737980589113347, -0.00015416588657990785, 2.245354116973636e-05, -0.00017558073082689121, 0.0001898180068684176, -0.00023524164459978202, -3.2908269610426347e-06, 6.62984620177536e-05, -0.00040488173557455076, 7.428003619948614e-05], [-14.646417069800222, 35.508920766998656, 2.2507437809594957, -43.063582151363605, 10.654632513230782, -4.770804213299581, 1.2794598246687208, 0.08152185545217068, -0.18534611686702399, -0.005839282363861464, 0.012395294110954032, 0.023409617465034335, 0.0, -0.009421707090611017, 0.2055515472742895, 0.0, -0.00813577376130852, -0.026552303087179915, -0.0732364258805642, -0.07265393554668906, 0.007520613922034883, 0.026639072264123143, 0.043880966237858275, -0.005403776921157008, -0.007485037738051519, -0.013685802806845638, 0.007797617646115997, 0.0019985529124164677, 3.141447729271592e-05, -0.00016147208935469719, -0.0004298544952572271, 0.0004567420322207269, -0.00012543336801128566, 0.00024110174998705772, 0.0008391676192703476, -0.0008745761682261682, -0.0002095558458123853, -0.0003227082454435293, 0.0002511510724860573, 0.0010574520652598088, -0.0013094033586678318, 0.0008901856890840725, -0.0003229396982995472, 7.338079699372426e-05, 0.0, 0.000284856180513195, -0.0003453009706994558, -9.518529061349711e-05, -0.0003389907405849523, -0.00018248732592506965, -0.00016352535917663668, 0.000295000103015238, -0.0003423114673357038, -9.637598888280921e-05, -0.0006421047971272844, 0.0015411477349021657, -8.830274747941048e-05, 0.0005067270757408204, -0.0007469510387457442, 0.0004936910039912724, -0.0008878938478967791, 0.000255969755388094, 0.0, 0.000411982282173617, 0.00038287057950348404, -0.0005990401795435172, -0.0002181416001733095, -0.00014159110449662215, 0.0005759561776582906, -0.00013852390023690048, -0.0002918322079344218, 1.8300126826480254e-05, 0.0002754317310565032, -0.00015777007881068595, -0.00017805157728144845, 0.0003575173569671897, 0.0002093778190686508, -0.0001841282740715321, -0.00041569694343939146, 0.0002679338044060283, 8.050902664196634e-05, 3.976055089148618e-06, 0.0, 5.158472015747847e-05], [-0.10643748104713609, -10.449211969445763, 40.58437090136048, 1.0291293430778543, -40.86483239983769, 12.167745422906593, -3.1063347579435954, -0.05969299419236074, 0.05212659591828137, 0.09181847620332075, -0.04004408098525919, -0.004344868559743353, 0.0, 0.09913232370885368, -0.25449596224300497, -0.0035100711769285955, 0.018658959568942573, 0.021171882120731112, 0.014580183570029234, 0.18286951936769485, -0.03498895752211758, -0.023191928922892117, -0.05847059491079496, -0.051864151927022886, 0.02008806525376109, 0.042488298589729474, -0.00558245205117654, -0.007517587406688882, 1.5157956866448212e-05, -0.00027963239101410514, 0.0007877978727576512, -0.0005745175727440717, 0.0001379961011859699, 0.0, -0.00010872265499231152, -0.0006915130276581807, 0.0010629700745167746, 0.0001065166823356944, -0.0002730711102635442, -0.0003544109400192033, 0.0004640025528333764, -0.0005664745991505564, 0.00033003223387350505, -0.00019587863248935546, 0.00040433347747584336, -0.0003428908557820643, 2.841168628323175e-06, 0.0, 0.00022807080394609479, 0.00011548893077708723, 0.0003325539268605087, -0.0010764655543227452, 0.0005826998420915652, -1.0950021418556353e-05, 0.0006404188485169617, 0.0, -0.000500901279345802, -0.0002981065861658734, 0.0006710811551867691, -0.0009724422859302906, 0.0006442369041399732, 1.3552946526580017e-05, 0.00018993831201988758, -0.0003409585992755422, -0.00028279293071466373, -7.945549195562856e-05, 0.0004989172863523141, -0.00018724942895534827, -0.000791356945914914, 0.0008175050026434712, 0.00033658124131228403, -0.00045362331244111167, 0.0, 0.00011916112818938969, 0.0003990845625229509, -0.0004799200167871477, -0.0002558883200584965, 0.00042127757862315017, -0.00012243401530887303, 7.866437723374875e-05, -0.00019393667099867025, 0.00032613508578622976, -0.0002615829335665029, 2.7514627784231705e-05], [-3.0263321383981934, 3.2963986316846463, -12.148857280517856, 40.22268109837719, 0.03957232775460324, -40.91209010008605, 10.239106754389455, 0.020927655799517143, 0.025544221432531333, -0.0780230159723606, 0.028263297306120237, 0.0, -0.0034620399674660466, -0.08574785618899863, 0.09753670044657305, 0.07988939892061248, -0.04596753114112922, -0.005126731703086691, 0.08735209376491494, -0.23602559248521432, 0.012010224822954477, 0.035231166452194054, -0.0016868022868219952, 0.18650793045288924, -0.047078287299180614, -0.06318301625105897, -0.03657903605050415, 0.03073907846273383, -4.8788980547008573e-05, 0.0004388177435304878, -0.0006405628080865043, 0.00036329647312322944, -5.768705090186836e-05, -9.397362117576462e-05, -0.0002396687619608297, 0.0011127760590384592, -0.0008505457177618351, -0.00014033734725552241, 0.00011424364031855504, -0.0001966856945819211, -0.00022608889963161385, 0.0004243760716656169, -0.00011343927640208728, 0.00033185777925507384, -0.0004059977201984019, 0.0, 7.733245734517647e-05, 9.789696136412002e-05, 0.0, -8.160658376929234e-05, -0.0004399801338649454, 0.0011028031789279225, -0.00048369177145543747, 0.00012543167460059187, -0.00012463853545087103, -0.0006366007129411601, 0.0006800880137535863, -7.237513340561927e-05, -0.0005915122147020097, 0.0009067038116716987, -0.0003253167262861204, -0.0003295785708352379, 0.00014484785697289047, 3.384776354112372e-05, 0.00017858090172307166, 5.973943684389494e-06, -0.0006349982251876604, 0.00042936395016753747, 0.001117351157982409, -0.0006528324043684787, -0.0004556549256479981, 0.0008469217878187218, -0.0009356457118628296, 0.0002850272689040486, -0.00045240850148219085, 0.0002995020949866027, 0.0003413110673551446, -0.0009596537091527955, 0.000989445528468158, -0.0004598629669071475, 0.00041695202366054786, -0.0005052131725483943, 0.0003482992558574165, -0.00011935611162011892], [0.0, -1.5311500565715994, 4.8584829733002595, -10.32013133142002, 41.85325492207341, -1.4641165180631888, -35.45128798997814, -0.0037269836009342096, -0.03445046514300378, 0.04355003174416476, -0.023401844499405272, 0.00985691105122914, 0.0046281095507610575, 0.03855433895788091, 0.009299564792142155, -0.07028696749829606, 0.026019178995269735, -0.001446628020380199, -0.08136751113566178, 0.09302076706363367, 0.06542132693024041, -0.05248285640117084, 0.10850357995855452, -0.24909785871459772, 0.015074735221878145, 0.00529417219059911, 0.15004832724935, -0.0552693918965099, 0.0, 0.0, 0.0002446420173637881, -2.5824492284050552e-05, -0.00010655700171281206, 4.502380487058208e-05, 0.0, -0.0011019560564915019, 0.0003712391360807292, 0.0001860293436685107, 0.00016800225285696765, 0.0005394494449804305, 0.0, -0.00017464863627730695, 1.447599276655071e-05, -0.0002389537929907302, 0.000432963524212134, -0.00024580298060048296, -7.180637328007673e-05, -0.0001258344508893821, -1.247413140593637e-05, 1.224457017511625e-05, 0.0005392562230421229, -0.0006548532288533055, -0.0001322607034961397, 9.516515626277002e-05, -0.00032785949090603534, 0.0009280883930295449, 0.0, 0.0, -2.353856872709372e-06, -0.0005925326395004192, 0.00031600853167529597, 0.0005642623182891755, -0.0003206098983860531, -3.745495735846217e-05, -0.00011298545269030742, -0.0002669311315750561, 0.000683860497831984, -0.0004186672990395664, -0.0002850804313187844, -0.0006807822390338999, 0.0008947124783576151, -0.0005642754147730486, 0.000813749810432265, -0.0004591436784111116, 0.0003068509753094458, -0.00017123176891312207, -0.0007508633059934845, 0.0010274099375107003, -0.00018197674640352965, 0.0004526922689858349, -0.0003829566721963999, -4.487779114686954e-06, -0.00022508357493959615, 0.0001902112763496959], [15.582474219888018, 1.7313523458451179, -6.191714581596287, -1.8127088990198288, -14.994077271383185, 47.63884929783176, -19.8657671669145, -0.005310475289840875, 0.0285811107481171, -0.025503283342071376, 0.04027191760820559, -0.02057663015028531, 0.00019457138541712456, 0.0016859373910451502, -0.046877142476437636, 0.035782868030413105, -0.03133488086613657, 0.016262958929057825, 0.03530836094070755, 0.022301952663897666, -0.06954682634593534, 0.043851082411604875, -0.13060925377236715, 0.12232333098601657, 0.08333242440301528, 0.10270171898379864, -0.1969058441714822, 0.0017828239090901296, -0.0001013457579035326, 0.0006745100951030302, -0.0002841354684484134, -0.00020356473228827406, 0.0003215643390281362, -0.00018222009178773033, -0.0004972720869820367, 0.0012952311147509886, 5.295181498599748e-05, -1.701624107056594e-05, -0.0013258547687659357, -0.0004134055160035862, -0.00047134887188122836, -0.0005486271962194918, 0.0008954908718339573, 0.00018985089003266192, -0.0003530626322165942, 0.000262259404389972, -0.0002006882535999726, 0.00048035087999047724, 0.00036652584970190826, 0.0002508789318464589, -0.0003486553271375561, -2.221721525231747e-08, 0.0007639459389548582, -0.00021506507015217532, 0.0002681071511206513, -0.0004543147691427969, 0.0, -0.0011106770136145724, 0.00020782313229767384, -1.2822607353710351e-05, 0.0006588621338240334, -0.0006886202960299956, 0.0, 0.00023702318278039913, 0.00018189788284477454, 0.00013367581522245826, -0.0006880890386853005, 0.0005370273270240007, 0.00011779956640690092, 0.0018715323923221862, -0.0020421648943039997, -8.850456910555861e-05, -0.00015422003475772933, 0.0008714242845388049, -0.00030648095907732486, -0.00026278852415772576, 0.0017196593378884324, 0.0001693432276983698, -0.002093203590892528, -0.00038419214049617665, 0.00011927475039480551, 0.0008997010417479272, -0.0005066649921266946, -7.248680440025288e-05]]",(x0)' = -28.146 1 +  18.894 x0 + -47.508 x1 +  16.123 x2 +  2.016 x3 +  5.842 x4 + -1.796 x5 +  0.005 x0^2 +  0.137 x0 x1 + -0.048 x0 x2 + -0.035 x0 x3 + -0.039 x0 x4 +  0.019 x0 x5 + -0.028 x1^2 + -0.095 x1 x2 +  0.008 x1 x3 +  0.010 x1 x4 +  0.010 x1 x5 +  0.059 x2^2 +  0.013 x2 x3 +  0.024 x2 x4 + -0.038 x2 x5 + -0.013 x3^2 +  0.008 x3 x4 +  0.013 x3 x5 + -0.013 x4 x5 + -0.003 x5^2 +  0.001 x0^2 x1 + -0.001 x0 x1^2 +  0.002 x0 x1 x2 + -0.001 x0 x1 x3 +  0.001 x0 x1 x4 + -0.001 x0 x2^2 +  0.002 x0 x2 x3 + -0.002 x0 x2 x4 +  0.001 x0 x2 x5 +  0.001 x0 x3 x4 + -0.001 x0 x3 x5 +  0.001 x0 x4 x5 +  0.001 x0 x5^2 + -0.001 x1 x2 x3 +  0.001 x1 x2 x4 +  0.001 x1 x3 x5 + -0.001 x1 x4^2 + -0.001 x1 x5^2 | (x1)' = -14.646 1 +  35.509 x0 +  2.251 x1 + -43.064 x2 +  10.655 x3 + -4.771 x4 +  1.279 x5 +  0.082 x0^2 + -0.185 x0 x1 + -0.006 x0 x2 +  0.012 x0 x3 +  0.023 x0 x4 + -0.009 x1^2 +  0.206 x1 x2 + -0.008 x1 x4 + -0.027 x1 x5 + -0.073 x2^2 + -0.073 x2 x3 +  0.008 x2 x4 +  0.027 x2 x5 +  0.044 x3^2 + -0.005 x3 x4 + -0.007 x3 x5 + -0.014 x4^2 +  0.008 x4 x5 +  0.002 x5^2 +  0.001 x0 x1^2 + -0.001 x0 x1 x2 +  0.001 x0 x2^2 + -0.001 x0 x2 x3 +  0.001 x0 x2 x4 + -0.001 x1 x2^2 +  0.002 x1 x2 x3 +  0.001 x1 x2 x5 + -0.001 x1 x3^2 + -0.001 x1 x3 x5 + -0.001 x2^2 x3 +  0.001 x2 x3^2 | (x2)' = -0.106 1 + -10.449 x0 +  40.584 x1 +  1.029 x2 + -40.865 x3 +  12.168 x4 + -3.106 x5 + -0.060 x0^2 +  0.052 x0 x1 +  0.092 x0 x2 + -0.040 x0 x3 + -0.004 x0 x4 +  0.099 x1^2 + -0.254 x1 x2 + -0.004 x1 x3 +  0.019 x1 x4 +  0.021 x1 x5 +  0.015 x2^2 +  0.183 x2 x3 + -0.035 x2 x4 + -0.023 x2 x5 + -0.058 x3^2 + -0.052 x3 x4 +  0.020 x3 x5 +  0.042 x4^2 + -0.006 x4 x5 + -0.008 x5^2 +  0.001 x0^2 x2 + -0.001 x0^2 x3 + -0.001 x0 x1 x2 +  0.001 x0 x1 x3 + -0.001 x0 x2 x4 + -0.001 x1^2 x3 +  0.001 x1^2 x4 +  0.001 x1 x2^2 + -0.001 x1 x2 x4 +  0.001 x1 x3^2 + -0.001 x1 x3 x4 +  0.001 x1 x3 x5 + -0.001 x2 x3^2 +  0.001 x2 x3 x4 | (x3)' = -3.026 1 +  3.296 x0 + -12.149 x1 +  40.223 x2 +  0.040 x3 + -40.912 x4 +  10.239 x5 +  0.021 x0^2 +  0.026 x0 x1 + -0.078 x0 x2 +  0.028 x0 x3 + -0.003 x0 x5 + -0.086 x1^2 +  0.098 x1 x2 +  0.080 x1 x3 + -0.046 x1 x4 + -0.005 x1 x5 +  0.087 x2^2 + -0.236 x2 x3 +  0.012 x2 x4 +  0.035 x2 x5 + -0.002 x3^2 +  0.187 x3 x4 + -0.047 x3 x5 + -0.063 x4^2 + -0.037 x4 x5 +  0.031 x5^2 + -0.001 x0^2 x2 +  0.001 x0 x1 x2 + -0.001 x0 x1 x3 +  0.001 x1^2 x3 + -0.001 x1 x2 x3 +  0.001 x1 x2 x4 + -0.001 x1 x3^2 +  0.001 x1 x3 x4 + -0.001 x2^2 x4 +  0.001 x2 x3^2 + -0.001 x2 x3 x4 +  0.001 x2 x4^2 + -0.001 x2 x4 x5 + -0.001 x3 x4^2 +  0.001 x3 x4 x5 + -0.001 x4^2 x5 | (x4)' = -1.531 x0 +  4.858 x1 + -10.320 x2 +  41.853 x3 + -1.464 x4 + -35.451 x5 + -0.004 x0^2 + -0.034 x0 x1 +  0.044 x0 x2 + -0.023 x0 x3 +  0.010 x0 x4 +  0.005 x0 x5 +  0.039 x1^2 +  0.009 x1 x2 + -0.070 x1 x3 +  0.026 x1 x4 + -0.001 x1 x5 + -0.081 x2^2 +  0.093 x2 x3 +  0.065 x2 x4 + -0.052 x2 x5 +  0.109 x3^2 + -0.249 x3 x4 +  0.015 x3 x5 +  0.005 x4^2 +  0.150 x4 x5 + -0.055 x5^2 + -0.001 x0 x1 x2 +  0.001 x0 x2^2 +  0.001 x1^2 x2 + -0.001 x1^2 x3 +  0.001 x1 x2 x3 + -0.001 x1 x3 x4 +  0.001 x1 x4^2 +  0.001 x2^2 x4 + -0.001 x2 x3 x4 +  0.001 x2 x3 x5 + -0.001 x2 x4^2 +  0.001 x2 x4 x5 + -0.001 x3^2 x5 +  0.001 x3 x4^2 | (x5)' =  15.582 1 +  1.731 x0 + -6.192 x1 + -1.813 x2 + -14.994 x3 +  47.639 x4 + -19.866 x5 + -0.005 x0^2 +  0.029 x0 x1 + -0.026 x0 x2 +  0.040 x0 x3 + -0.021 x0 x4 +  0.002 x1^2 + -0.047 x1 x2 +  0.036 x1 x3 + -0.031 x1 x4 +  0.016 x1 x5 +  0.035 x2^2 +  0.022 x2 x3 + -0.070 x2 x4 +  0.044 x2 x5 + -0.131 x3^2 +  0.122 x3 x4 +  0.083 x3 x5 +  0.103 x4^2 + -0.197 x4 x5 +  0.002 x5^2 +  0.001 x0^2 x1 +  0.001 x0 x1 x2 + -0.001 x0 x1 x5 + -0.001 x0 x2 x4 +  0.001 x0 x2 x5 +  0.001 x1^2 x4 + -0.001 x1 x2 x5 +  0.001 x1 x3 x5 + -0.001 x1 x4^2 + -0.001 x2^2 x4 +  0.001 x2^2 x5 +  0.002 x2 x3 x4 + -0.002 x2 x3 x5 +  0.001 x2 x5^2 +  0.002 x3^2 x5 + -0.002 x3 x4 x5 +  0.001 x4^2 x5 + -0.001 x4 x5^2
26,35.0,1000.0,36.85636440989091,3,6,5,20.0,100.0,5,20.0,smoothed_finite_difference_savgol_order_3,success,,480,504,95.23809523809524,7.674007164314389,"[""1"", ""x0"", ""x1"", ""x2"", ""x3"", ""x4"", ""x5"", ""x0^2"", ""x0 x1"", ""x0 x2"", ""x0 x3"", ""x0 x4"", ""x0 x5"", ""x1^2"", ""x1 x2"", ""x1 x3"", ""x1 x4"", ""x1 x5"", ""x2^2"", ""x2 x3"", ""x2 x4"", ""x2 x5"", ""x3^2"", ""x3 x4"", ""x3 x5"", ""x4^2"", ""x4 x5"", ""x5^2"", ""x0^3"", ""x0^2 x1"", ""x0^2 x2"", ""x0^2 x3"", ""x0^2 x4"", ""x0^2 x5"", ""x0 x1^2"", ""x0 x1 x2"", ""x0 x1 x3"", ""x0 x1 x4"", ""x0 x1 x5"", ""x0 x2^2"", ""x0 x2 x3"", ""x0 x2 x4"", ""x0 x2 x5"", ""x0 x3^2"", ""x0 x3 x4"", ""x0 x3 x5"", ""x0 x4^2"", ""x0 x4 x5"", ""x0 x5^2"", ""x1^3"", ""x1^2 x2"", ""x1^2 x3"", ""x1^2 x4"", ""x1^2 x5"", ""x1 x2^2"", ""x1 x2 x3"", ""x1 x2 x4"", ""x1 x2 x5"", ""x1 x3^2"", ""x1 x3 x4"", ""x1 x3 x5"", ""x1 x4^2"", ""x1 x4 x5"", ""x1 x5^2"", ""x2^3"", ""x2^2 x3"", ""x2^2 x4"", ""x2^2 x5"", ""x2 x3^2"", ""x2 x3 x4"", ""x2 x3 x5"", ""x2 x4^2"", ""x2 x4 x5"", ""x2 x5^2"", ""x3^3"", ""x3^2 x4"", ""x3^2 x5"", ""x3 x4^2"", ""x3 x4 x5"", ""x3 x5^2"", ""x4^3"", ""x4^2 x5"", ""x4 x5^2"", ""x5^3""]","[[-27.952672275560637, 19.212475619955118, -48.00594368556251, 16.54569835860555, 1.7355940794596056, 5.911768258460899, -1.802785787527936, 0.004146150052229682, 0.13825043450844512, -0.04857946448268057, -0.034299973642219914, -0.03895805519711515, 0.018749571712106436, -0.02808607198714867, -0.09772170784567179, 0.008186604774405182, 0.00992748954235845, 0.010911559418350326, 0.06015036387795491, 0.013957825657676923, 0.023607875073288685, -0.03848555504325654, -0.013685005069848297, 0.008617974568369489, 0.013049262533241623, 0.0, -0.01268524474293565, -0.0030094048423242726, -0.0002462243290809304, 0.0010613982328260576, 0.00017533605364753162, -0.00048297585419380837, -0.00018212012014798498, -0.00048208162529621686, -0.001170668249710298, 0.001802403115472791, -0.0006339072150241261, 0.0006427652491775483, -0.00046022578784669346, -0.000956140729501531, 0.0017388324320371156, -0.0022006874609166215, 0.0005205076242044938, 8.24489487704044e-05, 0.0010692093286950432, -0.0008780075397680447, 0.0004955725914869767, 0.0008289146284416466, 0.0005034142974799524, 0.000225867225635536, -9.21723725215602e-05, 0.0001445919911616909, 3.7925298013509554e-05, 0.00019855535907883584, -0.00014280802833882195, -0.0010838869253013705, 0.0007504982281749779, -0.00028433882257560727, 0.00022319273614381733, 0.0, 0.001008552733436864, -0.0007568128931896572, -6.151237805894819e-05, -0.0006128605028463157, -0.0001622434754843175, 0.00034983605256591084, -0.00011423595290993253, 0.00036303289433849015, -0.000405634081214898, 0.0, 0.00033305441424103796, 0.00039717643196644195, -0.00033972093121044063, 6.288900957933345e-05, -0.0001668873311152407, -0.00014951787245294978, 1.570029292376929e-05, -0.00017951031846967006, 0.00019556610504123847, -0.00024309560981033675, -4.8335572356995134e-06, 6.748332017483874e-05, -0.0004026014619431558, 7.467716333661968e-05], [-13.865470183141818, 35.58928934242896, 2.34467826462284, -43.36721130742863, 10.967627295759875, -5.005120902455618, 1.3493889217515846, 0.08007792762251627, -0.18259359991153343, -0.005585257614759539, 0.011931058368539624, 0.02357109743475415, -0.0006301001039916236, -0.010102254892857647, 0.20470870452762896, 0.0, -0.008340457254761853, -0.02617406545330037, -0.0725521977029333, -0.07404350215750767, 0.008064945161638165, 0.026798580795349376, 0.04450946492893317, -0.00457957977863516, -0.008011964247570221, -0.014385602183070136, 0.007934959768542403, 0.002307124834963778, 3.0156722751194722e-05, -0.00015204205418463802, -0.00043702735292110276, 0.0004656319921012023, -0.00013248120488112332, 0.000247711798874593, 0.0008201309786530132, -0.0008634877245887395, -0.00022901840328047056, -0.0002946312291750868, 0.0002407972503651022, 0.001051478899352108, -0.0012896349789450234, 0.0008831249530447872, -0.00032045575672130187, 6.51511084131739e-05, 0.0, 0.00028771824905284563, -0.00035163385385942664, -8.943576934370998e-05, -0.000346858389941211, -0.00018089211003738528, -0.0001589976804372832, 0.0003116827403999469, -0.0003552864932490752, -9.221964862926569e-05, -0.0006395704136170458, 0.0015161410512025714, -7.734660573913622e-05, 0.0004949107217734854, -0.0007411952214195031, 0.0004820144403777984, -0.0008801707833476761, 0.00026129702230123726, 0.0, 0.0004139254625250385, 0.0003835536134131059, -0.0006009732762349369, -0.0002224142309584227, -0.0001310576397305623, 0.0005862675668366958, -0.00013964844807658045, -0.00030346635397060387, 1.4760488310656116e-05, 0.00027933273094746415, -0.00016359270737066037, -0.00018213508927299234, 0.00036351354936635887, 0.00021246846954262605, -0.00018722575169733164, -0.000415060978188722, 0.00027159269368758537, 8.37492784669596e-05, 1.5763173825393817e-06, 0.0, 5.192170838392615e-05], [0.24254520780948588, -10.646200431670938, 40.80640435722725, 1.060585487771715, -41.11139881189328, 12.496980631867817, -3.2845038312410666, -0.059226808674682704, 0.0525975856845196, 0.08974158135220997, -0.03874636042748118, -0.004382022875361533, 0.0, 0.09749962503618682, -0.25104941821575655, -0.004176367604680438, 0.01813653455421125, 0.021037404487478623, 0.014195407118756968, 0.18181822891079755, -0.03441553691696871, -0.02323905233650562, -0.057621512683322246, -0.05351842606464366, 0.020698682457208087, 0.04293764027570653, -0.005062248799043119, -0.008031947739125325, 2.062532885032552e-05, -0.00028394062505197274, 0.0007773569063261895, -0.0005734992273667467, 0.0001354981061511958, 0.0, -0.00011179345708719453, -0.0006633469303599074, 0.0010584812677072093, 0.0001013277773739599, -0.00027500601983547436, -0.0003599380798330928, 0.0004677801262052458, -0.0005721480442607708, 0.00033475737194692105, -0.00020223591057633438, 0.00041653350022306443, -0.00035113066480164067, 5.388604967123681e-06, 0.0, 0.00022996875344937807, 0.00011217926675566625, 0.00034688390544602494, -0.0010806009923403153, 0.0005880213368736571, -1.1270478299450397e-05, 0.0006137343759398182, 0.0, -0.0005156914295236409, -0.000281291572269364, 0.0006712500893179221, -0.0009480671141490763, 0.0006365268558147175, 1.0246021811833062e-05, 0.00018584819331950956, -0.0003414945749492059, -0.0002814492045604185, -6.575107240300881e-05, 0.0005120137166927771, -0.00019595145828812428, -0.0007955105346585811, 0.0007901561305862266, 0.0003499158509822618, -0.00044760922851844024, 0.0, 0.00011675284080473081, 0.00040169695760749, -0.000486466543041475, -0.00025763019846638716, 0.00043220589760145336, -0.00012571039086757912, 7.696609037545264e-05, -0.0002009450117520975, 0.0003325515095235044, -0.00026304739137224167, 2.88497739413327e-05], [-2.7144421058775072, 3.460617128710325, -12.455841392905665, 40.454191277559886, 0.006254319140849205, -41.13965006246615, 10.444406257066, 0.021109671664984342, 0.024755783639054632, -0.07753622122215591, 0.02766413344434566, 0.0, -0.0029882352735258644, -0.08545916984075151, 0.09852128156108184, 0.0782670685855406, -0.04438541242456806, -0.005481990840968556, 0.08512381126474779, -0.23202713575474324, 0.010927937726739799, 0.03490982435211086, -0.0024257771001198174, 0.18576346739711577, -0.04649647486888968, -0.062378238528370406, -0.0377679359176827, 0.0310617158764227, -5.414368496405801e-05, 0.000444264514747629, -0.0006389674436025304, 0.0003666074196044175, -5.6824709011605384e-05, -9.001079284754472e-05, -0.000239016881420465, 0.0010926329139934153, -0.0008458722022119164, -0.00013114615332375762, 0.0001028854346363458, -0.00017583271786347765, -0.00024655111095459975, 0.000416346598767029, -0.00010293235812732812, 0.00034333205886787397, -0.0004153262193434172, 0.0, 7.538068641357192e-05, 9.80036427874881e-05, 0.0, -7.303131370367693e-05, -0.0004476624708817165, 0.0010922609325025227, -0.00048248469869998923, 0.0001235965514102936, -0.00012962340840995333, -0.0006010156684955743, 0.000689777872341997, -8.821189997180637e-05, -0.0006017474259454165, 0.0008891535577786439, -0.0003091472119081354, -0.00033169218487830404, 0.00014428429516266777, 3.7150482154615145e-05, 0.0001804903463889501, 7.935584433945857e-06, -0.0006512853067222606, 0.0004354293963168976, 0.001101999393370833, -0.0006232143553048492, -0.0004849094630811446, 0.0008398377486366699, -0.0009111342747876607, 0.00028567692746689794, -0.00045585917669180894, 0.00031403977315412406, 0.00035761302940138704, -0.0009619166159973759, 0.0009560855298375967, -0.0004537473231824978, 0.00042020768093043955, -0.0005045819181945953, 0.00034953736276231967, -0.00012075840758667781], [3.373309617285735, -1.639388498876184, 5.092726702517614, -10.612128233412266, 42.152375397301455, -1.5536249861881513, -35.52224014285046, -0.004252886614969638, -0.033993078802964455, 0.043618173092549894, -0.023282261237059395, 0.010306485955885179, 0.004254524247387349, 0.038572743366530465, 0.00874359894210342, -0.07017444564197699, 0.02567318207130582, -0.0014076707484493303, -0.08164107216862887, 0.09435426672546113, 0.06378544640212176, -0.05077580195282729, 0.10612035111673623, -0.24506645378361513, 0.013650741020183174, 0.0040419696009750105, 0.15000818966554333, -0.05522877162326549, 0.0, 0.0, 0.0002410740386043719, -1.6260612023644434e-05, -0.00012185281458670545, 5.274905789874053e-05, 0.0, -0.0010945394144931005, 0.00037098403419996386, 0.00018208034434823465, 0.0001757454955228892, 0.0005297660007879355, 0.0, -0.000144609071178469, -5.372206951633636e-06, -0.0002316878552061278, 0.0003699008935508903, -0.00021694697961017006, 0.0, -0.00017722138586844218, -9.86402083505577e-06, 3.529995968057265e-06, 0.0005475848194451979, -0.0006527889746606086, -0.00013137041093056853, 0.00010136158285501387, -0.0003193697465781245, 0.0008936455939442081, 0.0, 0.0, 2.3825371862203546e-05, -0.0005893502411468853, 0.0003013116319690318, 0.0005482677814460147, -0.00030911235130983735, -3.897318614741025e-05, -0.00011382445614682611, -0.00026249414753691985, 0.0006765429456623044, -0.0004105138313797192, -0.00029662754534812613, -0.0006611973926577448, 0.0009174055114048332, -0.0005690067352687992, 0.0007874732870493764, -0.00045937642073003355, 0.0003081668860679737, -0.00016618501152838804, -0.0007750326390516522, 0.0010170947657192884, -0.00014679950193367705, 0.0004492167348821962, -0.00039577685697716504, 4.030855616355522e-06, -0.0002193116141833584, 0.0001868179580763563], [15.96330068604592, 1.7402264280428081, -6.253335920861998, -1.5619809382968721, -15.401637271313376, 48.13080809318638, -20.183029932943462, -0.005401567393407804, 0.028730660606856712, -0.025902108587798917, 0.04027048153655791, -0.020087137687785833, 0.00026048433670593295, 0.0012731717723025336, -0.0466624979507141, 0.03643533866588121, -0.03153319567275452, 0.015998415614958662, 0.036139867081293076, 0.021352607439804428, -0.06952647840498412, 0.04311492246613055, -0.13087738739713256, 0.12372304454772459, 0.08271212857037265, 0.10122800980300863, -0.19576121214602385, 0.0021574322960599074, -0.00010413374367528555, 0.0006782522349101114, -0.00028390083138199126, -0.000202858496540157, 0.00032241427492844533, -0.00018260173759903102, -0.0005005241533226701, 0.001300226222963241, 4.1808920408385274e-05, -1.9337955120177702e-05, -0.0013221405919518502, -0.00041129469124059453, -0.0004764344157645973, -0.0005441337347219112, 0.0008949035671847499, 0.00020198301908115629, -0.00036628517477859627, 0.00026540488600699917, -0.00018986514187940555, 0.0004704939427866571, 0.00036840356822900736, 0.0002543230346085016, -0.0003572558566399767, 2.167458873048376e-07, 0.0007698465834183359, -0.00021275103501310102, 0.0002661051996611134, -0.0004357777748778555, 0.0, -0.0011243173357753993, 0.0001822636764790886, 1.6945298821975927e-05, 0.0006708899058077868, -0.0007085305595142812, 0.0, 0.00023670381858464408, 0.00018137858921970942, 0.00013146385696552714, -0.0006901938008880473, 0.0005442814273709081, 0.00013219693890212538, 0.0018435606806662557, -0.0020652792860370367, -5.8759415299563074e-05, -0.00016353996278466545, 0.0008860515482551215, -0.0003060985168020985, -0.0002694871474610212, 0.0017392995422800986, 0.0001632860461705307, -0.002094456821113124, -0.0003951404185460482, 0.00011953396176678844, 0.000907390933260185, -0.00050707851353063, -7.5794331395772e-05]]",(x0)' = -27.953 1 +  19.212 x0 + -48.006 x1 +  16.546 x2 +  1.736 x3 +  5.912 x4 + -1.803 x5 +  0.004 x0^2 +  0.138 x0 x1 + -0.049 x0 x2 + -0.034 x0 x3 + -0.039 x0 x4 +  0.019 x0 x5 + -0.028 x1^2 + -0.098 x1 x2 +  0.008 x1 x3 +  0.010 x1 x4 +  0.011 x1 x5 +  0.060 x2^2 +  0.014 x2 x3 +  0.024 x2 x4 + -0.038 x2 x5 + -0.014 x3^2 +  0.009 x3 x4 +  0.013 x3 x5 + -0.013 x4 x5 + -0.003 x5^2 +  0.001 x0^2 x1 + -0.001 x0 x1^2 +  0.002 x0 x1 x2 + -0.001 x0 x1 x3 +  0.001 x0 x1 x4 + -0.001 x0 x2^2 +  0.002 x0 x2 x3 + -0.002 x0 x2 x4 +  0.001 x0 x2 x5 +  0.001 x0 x3 x4 + -0.001 x0 x3 x5 +  0.001 x0 x4 x5 +  0.001 x0 x5^2 + -0.001 x1 x2 x3 +  0.001 x1 x2 x4 +  0.001 x1 x3 x5 + -0.001 x1 x4^2 + -0.001 x1 x5^2 | (x1)' = -13.865 1 +  35.589 x0 +  2.345 x1 + -43.367 x2 +  10.968 x3 + -5.005 x4 +  1.349 x5 +  0.080 x0^2 + -0.183 x0 x1 + -0.006 x0 x2 +  0.012 x0 x3 +  0.024 x0 x4 + -0.001 x0 x5 + -0.010 x1^2 +  0.205 x1 x2 + -0.008 x1 x4 + -0.026 x1 x5 + -0.073 x2^2 + -0.074 x2 x3 +  0.008 x2 x4 +  0.027 x2 x5 +  0.045 x3^2 + -0.005 x3 x4 + -0.008 x3 x5 + -0.014 x4^2 +  0.008 x4 x5 +  0.002 x5^2 +  0.001 x0 x1^2 + -0.001 x0 x1 x2 +  0.001 x0 x2^2 + -0.001 x0 x2 x3 +  0.001 x0 x2 x4 + -0.001 x1 x2^2 +  0.002 x1 x2 x3 + -0.001 x1 x3^2 + -0.001 x1 x3 x5 + -0.001 x2^2 x3 +  0.001 x2 x3^2 | (x2)' =  0.243 1 + -10.646 x0 +  40.806 x1 +  1.061 x2 + -41.111 x3 +  12.497 x4 + -3.285 x5 + -0.059 x0^2 +  0.053 x0 x1 +  0.090 x0 x2 + -0.039 x0 x3 + -0.004 x0 x4 +  0.097 x1^2 + -0.251 x1 x2 + -0.004 x1 x3 +  0.018 x1 x4 +  0.021 x1 x5 +  0.014 x2^2 +  0.182 x2 x3 + -0.034 x2 x4 + -0.023 x2 x5 + -0.058 x3^2 + -0.054 x3 x4 +  0.021 x3 x5 +  0.043 x4^2 + -0.005 x4 x5 + -0.008 x5^2 +  0.001 x0^2 x2 + -0.001 x0^2 x3 + -0.001 x0 x1 x2 +  0.001 x0 x1 x3 + -0.001 x0 x2 x4 + -0.001 x1^2 x3 +  0.001 x1^2 x4 +  0.001 x1 x2^2 + -0.001 x1 x2 x4 +  0.001 x1 x3^2 + -0.001 x1 x3 x4 +  0.001 x1 x3 x5 +  0.001 x2^2 x4 + -0.001 x2 x3^2 +  0.001 x2 x3 x4 | (x3)' = -2.714 1 +  3.461 x0 + -12.456 x1 +  40.454 x2 +  0.006 x3 + -41.140 x4 +  10.444 x5 +  0.021 x0^2 +  0.025 x0 x1 + -0.078 x0 x2 +  0.028 x0 x3 + -0.003 x0 x5 + -0.085 x1^2 +  0.099 x1 x2 +  0.078 x1 x3 + -0.044 x1 x4 + -0.005 x1 x5 +  0.085 x2^2 + -0.232 x2 x3 +  0.011 x2 x4 +  0.035 x2 x5 + -0.002 x3^2 +  0.186 x3 x4 + -0.046 x3 x5 + -0.062 x4^2 + -0.038 x4 x5 +  0.031 x5^2 + -0.001 x0^2 x2 +  0.001 x0 x1 x2 + -0.001 x0 x1 x3 +  0.001 x1^2 x3 + -0.001 x1 x2 x3 +  0.001 x1 x2 x4 + -0.001 x1 x3^2 +  0.001 x1 x3 x4 + -0.001 x2^2 x4 +  0.001 x2 x3^2 + -0.001 x2 x3 x4 +  0.001 x2 x4^2 + -0.001 x2 x4 x5 + -0.001 x3 x4^2 +  0.001 x3 x4 x5 + -0.001 x4^2 x5 | (x4)' =  3.373 1 + -1.639 x0 +  5.093 x1 + -10.612 x2 +  42.152 x3 + -1.554 x4 + -35.522 x5 + -0.004 x0^2 + -0.034 x0 x1 +  0.044 x0 x2 + -0.023 x0 x3 +  0.010 x0 x4 +  0.004 x0 x5 +  0.039 x1^2 +  0.009 x1 x2 + -0.070 x1 x3 +  0.026 x1 x4 + -0.001 x1 x5 + -0.082 x2^2 +  0.094 x2 x3 +  0.064 x2 x4 + -0.051 x2 x5 +  0.106 x3^2 + -0.245 x3 x4 +  0.014 x3 x5 +  0.004 x4^2 +  0.150 x4 x5 + -0.055 x5^2 + -0.001 x0 x1 x2 +  0.001 x0 x2^2 +  0.001 x1^2 x2 + -0.001 x1^2 x3 +  0.001 x1 x2 x3 + -0.001 x1 x3 x4 +  0.001 x1 x4^2 +  0.001 x2^2 x4 + -0.001 x2 x3 x4 +  0.001 x2 x3 x5 + -0.001 x2 x4^2 +  0.001 x2 x4 x5 + -0.001 x3^2 x5 +  0.001 x3 x4^2 | (x5)' =  15.963 1 +  1.740 x0 + -6.253 x1 + -1.562 x2 + -15.402 x3 +  48.131 x4 + -20.183 x5 + -0.005 x0^2 +  0.029 x0 x1 + -0.026 x0 x2 +  0.040 x0 x3 + -0.020 x0 x4 +  0.001 x1^2 + -0.047 x1 x2 +  0.036 x1 x3 + -0.032 x1 x4 +  0.016 x1 x5 +  0.036 x2^2 +  0.021 x2 x3 + -0.070 x2 x4 +  0.043 x2 x5 + -0.131 x3^2 +  0.124 x3 x4 +  0.083 x3 x5 +  0.101 x4^2 + -0.196 x4 x5 +  0.002 x5^2 +  0.001 x0^2 x1 + -0.001 x0 x1^2 +  0.001 x0 x1 x2 + -0.001 x0 x1 x5 + -0.001 x0 x2 x4 +  0.001 x0 x2 x5 +  0.001 x1^2 x4 + -0.001 x1 x2 x5 +  0.001 x1 x3 x5 + -0.001 x1 x4^2 + -0.001 x2^2 x4 +  0.001 x2^2 x5 +  0.002 x2 x3 x4 + -0.002 x2 x3 x5 +  0.001 x2 x5^2 +  0.002 x3^2 x5 + -0.002 x3 x4 x5 +  0.001 x4^2 x5 + -0.001 x4 x5^2
27,35.0,1000.0,36.85636440989091,3,6,5,20.0,100.0,9,36.0,smoothed_finite_difference_savgol_order_3,success,,479,504,95.03968253968254,7.6893926821649075,"[""1"", ""x0"", ""x1"", ""x2"", ""x3"", ""x4"", ""x5"", ""x0^2"", ""x0 x1"", ""x0 x2"", ""x0 x3"", ""x0 x4"", ""x0 x5"", ""x1^2"", ""x1 x2"", ""x1 x3"", ""x1 x4"", ""x1 x5"", ""x2^2"", ""x2 x3"", ""x2 x4"", ""x2 x5"", ""x3^2"", ""x3 x4"", ""x3 x5"", ""x4^2"", ""x4 x5"", ""x5^2"", ""x0^3"", ""x0^2 x1"", ""x0^2 x2"", ""x0^2 x3"", ""x0^2 x4"", ""x0^2 x5"", ""x0 x1^2"", ""x0 x1 x2"", ""x0 x1 x3"", ""x0 x1 x4"", ""x0 x1 x5"", ""x0 x2^2"", ""x0 x2 x3"", ""x0 x2 x4"", ""x0 x2 x5"", ""x0 x3^2"", ""x0 x3 x4"", ""x0 x3 x5"", ""x0 x4^2"", ""x0 x4 x5"", ""x0 x5^2"", ""x1^3"", ""x1^2 x2"", ""x1^2 x3"", ""x1^2 x4"", ""x1^2 x5"", ""x1 x2^2"", ""x1 x2 x3"", ""x1 x2 x4"", ""x1 x2 x5"", ""x1 x3^2"", ""x1 x3 x4"", ""x1 x3 x5"", ""x1 x4^2"", ""x1 x4 x5"", ""x1 x5^2"", ""x2^3"", ""x2^2 x3"", ""x2^2 x4"", ""x2^2 x5"", ""x2 x3^2"", ""x2 x3 x4"", ""x2 x3 x5"", ""x2 x4^2"", ""x2 x4 x5"", ""x2 x5^2"", ""x3^3"", ""x3^2 x4"", ""x3^2 x5"", ""x3 x4^2"", ""x3 x4 x5"", ""x3 x5^2"", ""x4^3"", ""x4^2 x5"", ""x4 x5^2"", ""x5^3""]","[[-29.209973850749478, 22.81702227466267, -53.26961705803008, 21.187917685438002, -1.6507205135922527, 6.924993980244084, -2.109137733388145, -0.003306781680258846, 0.1429792676094484, -0.05074684720764911, -0.02570957280544167, -0.03882664516141455, 0.017708268417084536, -0.02380840357284899, -0.11809991564032808, 0.013634492895204416, 0.009857431884355576, 0.015414420082660349, 0.07088407748362872, 0.021608984209115334, 0.022841829078430353, -0.04770027154761438, -0.023625026300589866, 0.0028858078606588777, 0.020899248872246364, 0.009346082132465855, -0.021790216206951218, -0.0001481204792758427, -0.00023847252925583918, 0.0010574513896937003, 0.00021077069082442622, -0.0005481707774995634, -0.00018400020679901777, -0.00048506304126408393, -0.0011967965450989733, 0.0018831134692242398, -0.0006488266426092811, 0.000760499202374698, -0.0004804845096537673, -0.0011481341587810778, 0.0019916285873729867, -0.0024858813062558, 0.0006696196088330661, -3.376118421717131e-05, 0.001501531686029407, -0.0011147287424258313, 0.00034054843440927166, 0.0009260715029380824, 0.000468562604146516, 0.00021271236326866593, -0.00015491368955729344, 0.00010222630401604196, 7.146539048659284e-05, 0.00022186596829619455, 4.3475902707168875e-05, -0.0012876664449618623, 0.0009154046041792662, -0.00041174203418285776, 0.0003891801089656483, -0.00046439867973419626, 0.0013639309224090929, -0.0006637212536271085, -0.00043258683725925053, -0.0004931755072352145, -0.00022151335103136056, 0.00043796309448681804, -7.957777711104849e-05, 0.0003255000168733097, -0.0004308618931768753, -3.479631780244509e-05, 0.0001939997247789888, 0.0004069449815330961, 0.0, 1.7828647374751133e-05, -0.00014096745929100812, -9.558587912514218e-05, -5.193838609187287e-05, -0.0002289091042175817, 0.0001898290809787596, -0.0002748660761802905, 1.1281632686000466e-05, 9.333397835840851e-05, -0.0004244401964482491, 9.603225317956738e-05], [0.0, 35.86093787552699, 3.180542034404678, -46.12897177526282, 13.97551183426214, -7.341009597954983, 2.4364580196009875, 0.06397144930570968, -0.15470725461750864, -0.0010772468576319663, 0.007168976923686428, 0.022919755999248222, -0.0008734780794586052, -0.012886524898257142, 0.1856997485954147, 0.0, -0.00699791959532771, -0.024378045497374545, -0.06345988415565748, -0.0829203973935394, 0.013301426522166567, 0.02619422769576315, 0.04617670021302344, 0.0028341088797141424, -0.008034017303197616, -0.018019486275655503, 0.0, 0.006261100396296571, 9.738926832955646e-06, -2.8108805794199397e-05, -0.00046365047381795695, 0.0005516180032934028, -0.000223004701136641, 0.00029435415060444464, 0.0004618823261025994, -0.0006509995632339992, -0.00043879237192087406, 6.153259267043708e-06, 0.00019148266052567624, 0.0010261595328135296, -0.0011728949955223298, 0.0008057070245664145, -0.00041585949490509334, 1.3503020885447632e-05, 0.0, 0.0004057103652027563, -0.00039960964276934696, -9.471111015197154e-05, -0.0003644129663916628, 0.0, -0.00031978440264875634, 0.0005939499726049655, -0.0005335999890827794, -0.0001083468427575853, -0.0005146509982966605, 0.0010214983344541493, 0.00022477328833880677, 0.0005027224987850582, -0.0004685701553538025, 2.668169360028851e-05, -0.0009075586958472907, 0.0004663881545678795, 0.0, 0.0004050027290198244, 0.00040360164434202306, -0.0006304389423663555, -0.0002704838451848738, -0.0002478939487582027, 0.0005669770722412719, 0.00015501719357123106, 0.0, -0.00011675765339313317, 0.0, -4.026613688309528e-05, -0.00011186553268400379, 0.0, 0.0001920030339104046, 2.822578055866464e-05, -0.0001737870537223316, 7.053102856317643e-05, 0.00011141531992265341, -0.000259687104601744, 0.000300594359023386, -3.511785559722214e-05], [1.6085005485967314, -12.242395727459808, 42.49588736298996, 1.3949609249137003, -43.179458566220845, 15.257563353701153, -4.694951078265182, -0.05298043206425337, 0.0553675298382794, 0.0659703600593585, -0.0251662367599616, -0.0041768226722552915, 0.0, 0.07924383009161108, -0.21047760164314305, -0.008094460705185937, 0.010342697404370367, 0.020325577252643057, 0.01152978572615406, 0.15867765114814422, -0.022335959480345315, -0.02380281185568397, -0.043950899025081834, -0.07013381685540324, 0.025789691402487325, 0.04585083108613246, -0.0008764309479818731, -0.012120914240147536, 7.756191276309151e-05, -0.0003358470012581225, 0.0007048325212624022, -0.0006202941626098588, 0.00020436635319789212, -0.00011837705713127917, -9.663315409195551e-05, -0.0004348422964434373, 0.0010190947449510413, -0.00010442269054165738, -5.1760542083454926e-05, -0.00039472014803850923, 0.00047013330748196043, -0.0004901461150548948, 0.0001400481127855737, -0.00022396080036924185, 0.00043144497009559555, -0.0001997722119469512, 1.8994975493158755e-05, 0.0, 0.00023842407111751313, 6.298111716173578e-05, 0.00043883224703665286, -0.0010024845286016857, 0.0006601959574586757, -0.00012566812706075434, 0.0003508298816389909, 0.0, -0.0008044030636853563, 0.00024291008054366475, 0.0006237024581968693, -0.0004791276674519619, 0.0, -6.157078742037899e-05, 0.0003436509241020171, -0.0003912139653433334, -0.00024914193270378723, 4.656792554002157e-05, 0.0006854452085180943, -0.00041578561771229874, -0.0007995637618421526, 0.00029235326415280333, 0.000876395387062408, -0.00022575962526454022, -0.0002599603737808823, 0.00012234159057266712, 0.00043018485139999154, -0.0004731714125430679, -0.0004661412449308397, 0.0003588941567114056, 0.00029633467827949077, -2.7294592512440645e-05, -0.00014773077483247183, 0.0, -6.83003127649268e-05, 1.418231036101985e-05], [-1.3830352046622785, 5.0469909763852625, -15.205862519471271, 42.37450178564147, -0.23180453782605034, -42.968347844005976, 12.097295046031759, 0.022965586286944655, 0.01490612521067044, -0.06845170982076028, 0.024051306902672383, -0.003941594854254949, 0.00044371101772733935, -0.07875100855558552, 0.10390885134569573, 0.055714571467409435, -0.02548291328440798, -0.00802987086088411, 0.06157293301980013, -0.18382404443270015, 0.0, 0.02943906303121084, -0.009670744823519, 0.16776422859522147, -0.03578613884105079, -0.049762178750256736, -0.047486804923890256, 0.03172078683737511, -7.496347273091653e-05, 0.00036391083639468474, -0.00041348091260673186, 8.534706636881255e-05, 7.348689463258182e-05, -8.252747400865565e-05, -9.799235079646614e-05, 0.0004210316008247548, 0.0, -0.0004358710573963746, 0.00018286277498307364, 0.0002454848888902349, -0.001052522725855336, 0.0006600335869873183, -0.00019191902007828328, 0.0007109399475012789, -0.0007845541337064171, 0.00030452044286598967, 9.070899219790866e-05, 0.00011381786220944643, -0.0001341122992454094, -1.2481439833621672e-05, -0.00037661131228279647, 0.0006700752274251667, -0.0003241970705290909, 1.3263565307732332e-05, -0.00026057960458887087, 0.00014360517709894563, 0.0006139636244726647, -0.00010282975392210399, -0.0009249945060262046, 0.0008883014149426869, -0.000405386248993668, -0.0003273541930098171, 0.00012105340316776483, 0.00015325410707901083, 0.00021658525388986523, -0.0001384638000651499, -0.0007317175460089462, 0.0004289802094700897, 0.0011114767869513942, -0.0004114680927620341, -0.0006085408708559062, 0.0007130424101766309, -0.0006440679902175111, 0.0002544094236010599, -0.0005283573746598938, 0.0004801380014607374, 0.00045003301848592575, -0.0009369356767268205, 0.0005780490502070619, -0.0003727845381184019, 0.0004456094316811872, -0.0004924231365036132, 0.000372298450367625, -0.00012444486182379446], [0.0, -2.3707524649511065, 7.406731481842067, -13.59339704906831, 45.125003520178765, -3.0564082498364065, -35.67273623685815, -0.0029160404102284406, -0.03537237485395637, 0.04477925010015775, -0.023531369407481236, 0.009551605875386282, 0.0017798747408170924, 0.0448706954477649, -0.006064766834871768, -0.0619342627757729, 0.02248097479377241, -0.0030472383979117607, -0.07251579889479746, 0.09014462045326904, 0.0513023659811707, -0.0348104539579937, 0.0901184025505203, -0.20574608771616024, 0.0, -0.002205658913067308, 0.13804174054045162, -0.04734718658528888, 8.432513032445404e-05, -0.000287087242952836, 0.00025823528399099174, -5.44033740504579e-06, -0.00015717562336598926, 0.00010348516006335243, 0.0, -0.0006392088698620442, 0.00019884415949933878, 0.000178304685329945, 0.00021521030378467856, 9.802247463647188e-05, 0.0005510553695364522, -0.0001105658776298169, -5.537317788596503e-06, -0.0004696228136290204, 0.0004699960990521622, -0.00031157701459866614, 0.0, -0.00012041662841500904, -7.645104629314101e-05, -3.1276300016140014e-05, 0.000561416773567474, -0.0006818426853691869, 0.00013026896860935947, 0.00012946099213218928, -0.0002211929859202061, 0.0006515405213163033, -0.0007065746256057805, 0.0, 0.00027452326933015176, -0.0003975423568726917, 0.000286103989062912, 0.0005433073296208384, -0.00037253441853865983, -9.323962389166731e-06, -0.00011411424416971259, -0.00022765076567518694, 0.0009249894072598876, -0.0003141530995760274, -0.0004535322284178008, -0.0006930381884142268, 0.0009639513271621344, -0.0005401373830708042, 0.0007043366304067827, -0.0005376119722366058, 0.00036464220165384877, -0.00012140707678868936, -0.0009154414521457061, 0.0007986019345160609, 0.00011144452888273761, 0.0004565593447086167, -0.0003953104314814881, 8.471575744064564e-05, -0.00026198924414089984, 0.00019288918359775597], [17.032361687549344, 1.958613451232895, -7.020665232246754, 1.3222028300052826, -19.902613595910996, 53.516392874855114, -23.780844021497884, -0.006821734536717795, 0.0296461932718372, -0.028655902428721087, 0.03958950106728995, -0.013286319852832528, 0.0, -0.0016828341807484184, -0.04604914931463923, 0.044110309439893, -0.03654724087896145, 0.01504279953399981, 0.04515825935523752, 0.009669935666663201, -0.06623542985192256, 0.033872487317452245, -0.1293685845683273, 0.12963361093316175, 0.07609938785167031, 0.08836001706448392, -0.18041058778673394, 0.004933289283264262, -0.00014548507071787922, 0.0007392224234452863, -0.00021463760201350542, -0.0002105663802562275, 0.0003040624541446632, -0.00018053149377233175, -0.0005355826916529167, 0.0010560503951321943, -6.380480161181965e-05, 0.00028509706365061494, -0.001354835756236865, -0.000137061825847617, -0.000556641619004367, -0.0010171708692680581, 0.0010587447393064033, 0.00028925695401707204, -0.0002073897166201475, 0.00021428908528250076, -0.00015409974723843372, 0.0003533956875024412, 0.00040323223739465705, 0.00030276879153685323, -0.00032356797422331153, 0.00014707278282403182, 0.0002845318503973003, -1.3153491516345536e-05, 0.0, -0.000484157552920521, 0.0013185243449906963, -0.001714167433978468, 0.00010288714199500784, -0.0004611204040582175, 0.0010196260490320135, -0.000721951795897315, 0.0, 0.00017979383556806597, 0.00026019204977907796, 0.00016453578522558634, -0.0012088582932748872, 0.0007946827946823117, 0.0001508048422719661, 0.0021025744682649037, -0.0024199724141360304, 0.0001043879355978573, -0.0003159056378356983, 0.0010845319453958746, -0.00025287883685146123, -0.0005307426936193612, 0.0019530118384452843, 0.0002412625535351601, -0.002061154491823818, -0.0005305809340416889, 0.00010238956849080125, 0.0009315773137043132, -0.0004691119481178283, -0.00011213779591908231]]",(x0)' = -29.210 1 +  22.817 x0 + -53.270 x1 +  21.188 x2 + -1.651 x3 +  6.925 x4 + -2.109 x5 + -0.003 x0^2 +  0.143 x0 x1 + -0.051 x0 x2 + -0.026 x0 x3 + -0.039 x0 x4 +  0.018 x0 x5 + -0.024 x1^2 + -0.118 x1 x2 +  0.014 x1 x3 +  0.010 x1 x4 +  0.015 x1 x5 +  0.071 x2^2 +  0.022 x2 x3 +  0.023 x2 x4 + -0.048 x2 x5 + -0.024 x3^2 +  0.003 x3 x4 +  0.021 x3 x5 +  0.009 x4^2 + -0.022 x4 x5 +  0.001 x0^2 x1 + -0.001 x0^2 x3 + -0.001 x0 x1^2 +  0.002 x0 x1 x2 + -0.001 x0 x1 x3 +  0.001 x0 x1 x4 + -0.001 x0 x2^2 +  0.002 x0 x2 x3 + -0.002 x0 x2 x4 +  0.001 x0 x2 x5 +  0.002 x0 x3 x4 + -0.001 x0 x3 x5 +  0.001 x0 x4 x5 + -0.001 x1 x2 x3 +  0.001 x1 x2 x4 +  0.001 x1 x3 x5 + -0.001 x1 x4^2 | (x1)' =  35.861 x0 +  3.181 x1 + -46.129 x2 +  13.976 x3 + -7.341 x4 +  2.436 x5 +  0.064 x0^2 + -0.155 x0 x1 + -0.001 x0 x2 +  0.007 x0 x3 +  0.023 x0 x4 + -0.001 x0 x5 + -0.013 x1^2 +  0.186 x1 x2 + -0.007 x1 x4 + -0.024 x1 x5 + -0.063 x2^2 + -0.083 x2 x3 +  0.013 x2 x4 +  0.026 x2 x5 +  0.046 x3^2 +  0.003 x3 x4 + -0.008 x3 x5 + -0.018 x4^2 +  0.006 x5^2 +  0.001 x0^2 x3 + -0.001 x0 x1 x2 +  0.001 x0 x2^2 + -0.001 x0 x2 x3 +  0.001 x0 x2 x4 +  0.001 x1^2 x3 + -0.001 x1^2 x4 + -0.001 x1 x2^2 +  0.001 x1 x2 x3 +  0.001 x1 x2 x5 + -0.001 x1 x3 x5 + -0.001 x2^2 x3 +  0.001 x2 x3^2 | (x2)' =  1.609 1 + -12.242 x0 +  42.496 x1 +  1.395 x2 + -43.179 x3 +  15.258 x4 + -4.695 x5 + -0.053 x0^2 +  0.055 x0 x1 +  0.066 x0 x2 + -0.025 x0 x3 + -0.004 x0 x4 +  0.079 x1^2 + -0.210 x1 x2 + -0.008 x1 x3 +  0.010 x1 x4 +  0.020 x1 x5 +  0.012 x2^2 +  0.159 x2 x3 + -0.022 x2 x4 + -0.024 x2 x5 + -0.044 x3^2 + -0.070 x3 x4 +  0.026 x3 x5 +  0.046 x4^2 + -0.001 x4 x5 + -0.012 x5^2 +  0.001 x0^2 x2 + -0.001 x0^2 x3 +  0.001 x0 x1 x3 + -0.001 x1^2 x3 +  0.001 x1^2 x4 + -0.001 x1 x2 x4 +  0.001 x1 x3^2 +  0.001 x2^2 x4 + -0.001 x2 x3^2 +  0.001 x2 x3 x5 | (x3)' = -1.383 1 +  5.047 x0 + -15.206 x1 +  42.375 x2 + -0.232 x3 + -42.968 x4 +  12.097 x5 +  0.023 x0^2 +  0.015 x0 x1 + -0.068 x0 x2 +  0.024 x0 x3 + -0.004 x0 x4 + -0.079 x1^2 +  0.104 x1 x2 +  0.056 x1 x3 + -0.025 x1 x4 + -0.008 x1 x5 +  0.062 x2^2 + -0.184 x2 x3 +  0.029 x2 x5 + -0.010 x3^2 +  0.168 x3 x4 + -0.036 x3 x5 + -0.050 x4^2 + -0.047 x4 x5 +  0.032 x5^2 + -0.001 x0 x2 x3 +  0.001 x0 x2 x4 +  0.001 x0 x3^2 + -0.001 x0 x3 x4 +  0.001 x1^2 x3 +  0.001 x1 x2 x4 + -0.001 x1 x3^2 +  0.001 x1 x3 x4 + -0.001 x2^2 x4 +  0.001 x2 x3^2 + -0.001 x2 x3 x5 +  0.001 x2 x4^2 + -0.001 x2 x4 x5 + -0.001 x3^3 + -0.001 x3 x4^2 +  0.001 x3 x4 x5 | (x4)' = -2.371 x0 +  7.407 x1 + -13.593 x2 +  45.125 x3 + -3.056 x4 + -35.673 x5 + -0.003 x0^2 + -0.035 x0 x1 +  0.045 x0 x2 + -0.024 x0 x3 +  0.010 x0 x4 +  0.002 x0 x5 +  0.045 x1^2 + -0.006 x1 x2 + -0.062 x1 x3 +  0.022 x1 x4 + -0.003 x1 x5 + -0.073 x2^2 +  0.090 x2 x3 +  0.051 x2 x4 + -0.035 x2 x5 +  0.090 x3^2 + -0.206 x3 x4 + -0.002 x4^2 +  0.138 x4 x5 + -0.047 x5^2 + -0.001 x0 x1 x2 +  0.001 x0 x2 x3 +  0.001 x1^2 x2 + -0.001 x1^2 x3 +  0.001 x1 x2 x3 + -0.001 x1 x2 x4 +  0.001 x1 x4^2 +  0.001 x2^2 x4 + -0.001 x2 x3 x4 +  0.001 x2 x3 x5 + -0.001 x2 x4^2 +  0.001 x2 x4 x5 + -0.001 x2 x5^2 + -0.001 x3^2 x5 +  0.001 x3 x4^2 | (x5)' =  17.032 1 +  1.959 x0 + -7.021 x1 +  1.322 x2 + -19.903 x3 +  53.516 x4 + -23.781 x5 + -0.007 x0^2 +  0.030 x0 x1 + -0.029 x0 x2 +  0.040 x0 x3 + -0.013 x0 x4 + -0.002 x1^2 + -0.046 x1 x2 +  0.044 x1 x3 + -0.037 x1 x4 +  0.015 x1 x5 +  0.045 x2^2 +  0.010 x2 x3 + -0.066 x2 x4 +  0.034 x2 x5 + -0.129 x3^2 +  0.130 x3 x4 +  0.076 x3 x5 +  0.088 x4^2 + -0.180 x4 x5 +  0.005 x5^2 +  0.001 x0^2 x1 + -0.001 x0 x1^2 +  0.001 x0 x1 x2 + -0.001 x0 x1 x5 + -0.001 x0 x2 x3 + -0.001 x0 x2 x4 +  0.001 x0 x2 x5 +  0.001 x1 x2 x4 + -0.002 x1 x2 x5 +  0.001 x1 x3 x5 + -0.001 x1 x4^2 + -0.001 x2^2 x4 +  0.001 x2^2 x5 +  0.002 x2 x3 x4 + -0.002 x2 x3 x5 +  0.001 x2 x5^2 + -0.001 x3^2 x4 +  0.002 x3^2 x5 + -0.002 x3 x4 x5 + -0.001 x3 x5^2 +  0.001 x4^2 x5
28,35.0,1000.0,36.85636440989091,3,8,1,4.0,28.0,0,0.0,finite_difference,success,,1213,1320,91.89393939393939,21.262105837464333,"[""1"", ""x0"", ""x1"", ""x2"", ""x3"", ""x4"", ""x5"", ""x6"", ""x7"", ""x0^2"", ""x0 x1"", ""x0 x2"", ""x0 x3"", ""x0 x4"", ""x0 x5"", ""x0 x6"", ""x0 x7"", ""x1^2"", ""x1 x2"", ""x1 x3"", ""x1 x4"", ""x1 x5"", ""x1 x6"", ""x1 x7"", ""x2^2"", ""x2 x3"", ""x2 x4"", ""x2 x5"", ""x2 x6"", ""x2 x7"", ""x3^2"", ""x3 x4"", ""x3 x5"", ""x3 x6"", ""x3 x7"", ""x4^2"", ""x4 x5"", ""x4 x6"", ""x4 x7"", ""x5^2"", ""x5 x6"", ""x5 x7"", ""x6^2"", ""x6 x7"", ""x7^2"", ""x0^3"", ""x0^2 x1"", ""x0^2 x2"", ""x0^2 x3"", ""x0^2 x4"", ""x0^2 x5"", ""x0^2 x6"", ""x0^2 x7"", ""x0 x1^2"", ""x0 x1 x2"", ""x0 x1 x3"", ""x0 x1 x4"", ""x0 x1 x5"", ""x0 x1 x6"", ""x0 x1 x7"", ""x0 x2^2"", ""x0 x2 x3"", ""x0 x2 x4"", ""x0 x2 x5"", ""x0 x2 x6"", ""x0 x2 x7"", ""x0 x3^2"", ""x0 x3 x4"", ""x0 x3 x5"", ""x0 x3 x6"", ""x0 x3 x7"", ""x0 x4^2"", ""x0 x4 x5"", ""x0 x4 x6"", ""x0 x4 x7"", ""x0 x5^2"", ""x0 x5 x6"", ""x0 x5 x7"", ""x0 x6^2"", ""x0 x6 x7"", ""x0 x7^2"", ""x1^3"", ""x1^2 x2"", ""x1^2 x3"", ""x1^2 x4"", ""x1^2 x5"", ""x1^2 x6"", ""x1^2 x7"", ""x1 x2^2"", ""x1 x2 x3"", ""x1 x2 x4"", ""x1 x2 x5"", ""x1 x2 x6"", ""x1 x2 x7"", ""x1 x3^2"", ""x1 x3 x4"", ""x1 x3 x5"", ""x1 x3 x6"", ""x1 x3 x7"", ""x1 x4^2"", ""x1 x4 x5"", ""x1 x4 x6"", ""x1 x4 x7"", ""x1 x5^2"", ""x1 x5 x6"", ""x1 x5 x7"", ""x1 x6^2"", ""x1 x6 x7"", ""x1 x7^2"", ""x2^3"", ""x2^2 x3"", ""x2^2 x4"", ""x2^2 x5"", ""x2^2 x6"", ""x2^2 x7"", ""x2 x3^2"", ""x2 x3 x4"", ""x2 x3 x5"", ""x2 x3 x6"", ""x2 x3 x7"", ""x2 x4^2"", ""x2 x4 x5"", ""x2 x4 x6"", ""x2 x4 x7"", ""x2 x5^2"", ""x2 x5 x6"", ""x2 x5 x7"", ""x2 x6^2"", ""x2 x6 x7"", ""x2 x7^2"", ""x3^3"", ""x3^2 x4"", ""x3^2 x5"", ""x3^2 x6"", ""x3^2 x7"", ""x3 x4^2"", ""x3 x4 x5"", ""x3 x4 x6"", ""x3 x4 x7"", ""x3 x5^2"", ""x3 x5 x6"", ""x3 x5 x7"", ""x3 x6^2"", ""x3 x6 x7"", ""x3 x7^2"", ""x4^3"", ""x4^2 x5"", ""x4^2 x6"", ""x4^2 x7"", ""x4 x5^2"", ""x4 x5 x6"", ""x4 x5 x7"", ""x4 x6^2"", ""x4 x6 x7"", ""x4 x7^2"", ""x5^3"", ""x5^2 x6"", ""x5^2 x7"", ""x5 x6^2"", ""x5 x6 x7"", ""x5 x7^2"", ""x6^3"", ""x6^2 x7"", ""x6 x7^2"", ""x7^3""]","[[-1.7725518063300607, 726.4386204027645, -2108.97044205573, 3329.108258157923, -3755.9421632807644, 2918.4547992573075, -1525.1909204588414, 489.7909760536078, -73.8208845703313, -0.19689221750976407, 1.4698649286785779, -2.3829933888658212, 1.9327355371118127, 0.0, -1.7973119661259154, 1.9927635428191153, -0.7090717446324497, -1.541606860769738, 2.273720947457459, -0.8523998345865039, -0.4805871418829466, 2.8240308432778085, -4.6070263820551505, 1.9176740402084795, 1.329670357043407, -3.0400706320507727, -1.8979018332621542, 2.2460527567192137, 3.289494158645871, -1.9868061288718857, 1.231512080875019, 2.5065265377296537, -4.122590516863488, -1.1281315906476483, 0.7779042307071229, 0.0, 0.0, 0.2613990442184451, 0.7719963925596193, 0.1954730007736153, 1.653503732059848, -1.7724093241262704, -1.4215098139505467, 1.546158320042099, -0.28315467351165874, -0.005577231689958606, 0.026190120295398075, 0.006966889293939035, -0.03151712037534642, 0.02385269250672544, -0.00841146523491459, 0.0, -0.002269450369405641, -0.04034009075004672, -0.00047073608894473, 0.014334811909578554, 0.01902977319317975, -0.008019794666460396, 0.0006781510552789682, 0.016017758205473215, 0.011699817092731048, 0.0027409679337912513, -0.005919276014253718, -0.003983513561729243, -0.021292567375907033, 0.0, -0.013435155622943092, -0.008269081953249867, 0.0380210875301979, -0.011024049707216783, 0.0029155979260776575, -0.016434559344519636, 0.021174717770607303, 0.0008919705798670064, 0.0008508630688474603, -0.004255768389562845, -0.012816743909793623, -0.001495202882773092, 0.00668095966230188, 0.0031148052660895276, -0.003191007026022594, 0.010152436371089717, 0.018331106041799092, -0.0015032830776995785, -0.02457528277094068, -0.025688317192815, 0.03879539369238095, -0.03463452253413288, -0.002742590932382708, -0.0008770908634259903, 0.0034598848249619628, 0.005793663935766166, 0.01537760306187257, 0.016809425394694877, 0.01406178851894203, 0.010824585685297282, 0.0141356049919385, -0.010873241863095035, -0.021709872144234255, -0.020506551708011116, 0.0, 0.009697131971256857, 0.010166605420191085, -0.014367250964390215, 0.007714647459681711, 0.0095087943898032, -0.002867976848155109, -0.014648194910008886, 0.012053788423293256, -0.027607366596576817, 0.00010355139688105187, 0.01960794634629314, 0.0036208642416274716, -0.022503436144546408, 0.02790993096039797, 0.013026663211509639, 0.008232303202221554, -0.004352020664018943, -0.02977583185007623, -0.010937170994391707, -0.01300455501610031, -0.001867210711179812, 0.014797781523098286, 5.1128773527678694e-05, 0.00538832421595867, 0.013263247133120838, -0.014633668110450816, 0.0031390525382593436, -0.00018014984117721187, -0.013229641348647401, 0.00039393872381764475, -0.00876784535293934, -0.0007720134048787314, -0.0021918797782955607, -0.0008756516017076572, -0.009877451678885261, 0.011383979321468677, 0.025188330617460643, 0.005817334411807531, 0.0016404205559351077, -0.009498047900764167, -0.012424104927356688, -0.015275392090445861, 0.03660315332346417, 0.004057486141221385, 0.00012727511300720108, 0.010531649201431037, 0.011254596397881376, -0.0022582822774055216, -0.009272334827055, -0.021480624102740268, -0.007624925825826577, -0.014299818795937802, 0.0, -0.004498902222182587, -0.002759410118129835, 0.0061769334768963305, 0.007366776884727181, 0.021764257586668, 0.010529803388527803, -0.00997460666305755, -0.0013302102201433342, -0.029289449422372327, 0.025719875221443245, -0.005452990812777464], [0.016555116197012474, 124.9959792345443, 0.2523313267127914, -126.4262418043197, 3.7172186366800717, -5.5453757290616545, 4.9064758112415605, -2.4303467003484327, 0.5304059221075748, 0.023769792640163257, -0.13864225293225413, 0.12397984548772585, -0.009372667427340595, -0.037064396808567705, 0.0, 0.020735670742774815, -0.008713414845049602, 0.2011947247859936, -0.3330478716921588, 0.04170853551075219, 0.0, 0.0722993066888102, -0.03550045326814787, 0.0007660920389535869, 0.03216308201090276, 0.26631403899408823, 0.0, -0.1777094336732817, -0.022730554297826562, 0.04581638251300235, -0.2785020673681168, 0.17890077935247678, -0.014102891827471237, 0.28912567549736895, -0.13300908088982125, 0.0, -0.03937881058980967, -0.29264903732930697, 0.1180282813328236, 0.10543751685226153, 0.0, 0.0, 0.029484153107766545, -0.0401921944222096, 0.010873234702473126, -0.00038683297364688847, 0.0019015625908950515, 0.0020948293538269715, -0.009560928001116954, 0.013779857297925496, -0.012862213571009492, 0.006564813145623072, -0.0022085404806442476, -0.0033895194123915043, 0.004638456179005484, -0.0030952428824150336, 0.008206436335220897, -0.0027883795939736052, 0.0009488911966464079, 0.0033686382317717764, 0.001127652933945343, -0.0068701973962693305, -0.011957245549620603, -0.006114153034344466, 0.002215813197474229, -0.0019744687737715317, 0.011394987228598401, 0.005628393489737047, 0.014419202692722488, 0.00629358141139317, -0.0027723882539136538, -0.013666442921281765, -0.004549843090948456, -0.0160864365483069, 0.00014015195614803695, 0.014689046163266375, 0.0017209343982836445, 0.010138535448653951, -0.0074583218330538745, -0.0026994623436569823, 0.0001599470219306327, -0.002568277182199111, 0.005408294477627464, -0.0029829058876992627, 0.005433844135487883, 0.0053403804607361095, -0.005972100589023088, -0.002000194410905819, 0.0015768548408504554, -0.0066983682077991725, -0.007304630295119288, 0.00038263642557776823, -0.0015431777206379965, 0.002208756522949204, 0.003440499661328718, 0.002327885889802114, 0.0068571894898840375, 0.0010281531342783042, -0.0004616602137844886, -0.006545599660477891, -0.003918174911027098, -0.004380053051945084, 0.00258760420590996, -0.0007016091322979711, 0.0, -0.013550627785765762, 0.011349583801983466, 0.0012222946313811336, 0.0033861153129547883, 0.0006522900391687062, -0.0023771912462597793, -0.0034596869966569497, 0.0016729167673421707, 0.0, 0.0037965149943946213, 0.004063146804648516, 0.0038237697622354855, 0.002495444370198964, -0.0003586348016218854, -0.0019471492555980271, 0.005598530424778384, 0.004520939948793796, 0.00852030447115044, 0.01637915900254891, -0.003190294014986783, -0.00483342722633675, -0.006130988715789267, -0.0027363678283155485, -0.0007024649139597389, -0.007664646631585112, -0.0001711136427950944, -0.0033964733822731603, -0.00862640732592608, -0.008085851755309672, -0.013175195971031416, -0.0005732652081511811, -0.0016502700411009457, 0.006176235409612237, 0.006090719188864006, 0.0, -0.00338117344465883, -0.0021122218247736305, 0.00182651469515618, 0.01165283637760533, 0.007078387241090742, 0.0, 0.0052738395295089426, 0.009316491879097014, 0.0, -0.0019247817809223903, -0.00389192300067663, 0.0, -0.006552189201384496, -0.0093700548857198, -0.005545373861285291, -0.002881882211653659, 0.0009900223026200828, -0.0057358909498022494, 0.007834143058507404, 0.015186602922452896, 0.0, -0.0028151974321404313, -0.006736837831989776, 0.002432857693047689, -0.00026842799738288945], [-0.03828589753524754, -0.2819512964878505, 127.11719448564406, -6.9957953903500645, -111.7216910311856, -15.747817042583163, 11.745552189738994, -5.144075173802726, 1.0325203573690476, 0.012980844019195872, -0.03954818976856181, 0.018535854351214923, 0.0, 0.0, 0.0, 0.002602211621260558, -0.005205324914934723, 0.011505355004666637, 0.0, 0.0, 0.0, 0.0, 0.0, 0.002855171039760406, 0.03560066417069114, 0.09549825773161935, -0.25231752497048177, 0.0, 0.1288509704559301, -0.025179043810428552, -0.5759290219142899, 1.7814039529639227, -0.665907365973029, -0.15586168079697704, 0.04008465748815526, -1.289082174265827, 0.9619707390589913, 0.1783811256724253, -0.03809722004925909, 0.0, -0.377139720972095, 0.05196937303550991, 0.1288090795591816, -0.026772502264024, 0.0, 0.0012140453259072365, -0.006046078310761371, 0.007418096555921522, -0.004913480115881892, 0.009059561109131753, -0.015149499391573916, 0.009965439256284363, -0.004041402433973905, 0.0022653590470339546, -0.003947525743161489, -0.011864007773458793, 0.013013071982380322, 0.0014582041049157643, 0.0008531259906046025, 0.006358375126361603, 0.006976976326437605, -0.0005039881846193029, -0.021703157102479602, 0.0, -0.00994593720041265, 0.0, 0.01590109749720801, -0.0015868505626060144, 0.011704499428348523, 0.02065850731353563, -0.008908349478256593, -0.015359371348589683, 0.0009812624644026683, -0.02007931129383364, 0.0007458494862351234, 0.017404347889524746, -0.00891976874354876, 0.016960329802369473, -0.0018944724861156147, -0.008536424991081516, 0.001702913608158199, 0.006984377605375223, -0.008523611005370118, -0.010148000759993241, 0.021319627732333053, 0.006077565364842972, -0.014667384900063024, -0.003477051237314143, -0.0026233977094702377, -0.004380003040269795, -0.0037234435808597565, -0.01189688466271458, 0.0038815670701027485, 0.007542547234099657, 0.0028712840283759487, 0.0, 0.004629582562362564, 0.01234098347248952, 0.004067505115273074, -0.0015903871435529568, -0.0007125215885688729, -0.018146594892817676, -0.0018312660848078392, 0.003564082182874296, -0.01000969367958652, -0.010338194857911804, 0.022578734345551837, -0.0044508604130005704, 0.0019740524181569236, 0.009058613932625548, 0.0017415491272860858, -0.008167343216566028, 0.0, 0.00793744309218673, -0.0016927330402132959, 0.00043380609701619777, -0.0008981820876026035, -0.005177729626741227, 0.002434797515299703, -0.009946705003549675, 0.009129208616624423, 0.006460557738573818, -0.0018918694843638618, 0.023409430040053955, 0.0, -0.007707399022767099, 0.0, 0.0, -0.004595804500915213, -0.0021168425853909604, -0.0037519167794792196, -0.001264959571689363, -0.0062504781231790965, 0.0, -0.012055368665558017, 0.004983221466978318, 0.001506504250908302, 0.002632574039880204, 0.0, -0.001639229056623397, -0.004065626307485412, 0.008309605511897014, -0.0017341157551380001, 0.0009144448778160233, 0.0033325353796930654, 0.0009295818336161871, -0.0029448520614127763, 0.00410730482713064, 0.009881217343448077, -0.004140801190399573, -0.0006971413846801123, -0.018797987839856926, 0.005589971745749126, -0.0007996252255979949, -0.0014211793628524602, 0.0024694817608198055, 0.0, 0.0, 0.006027078499523099, 0.0032740252083290093, -0.000952778977343645, -0.009546643289559646, 0.007763700304117465, -0.003226189899172831, 0.000602580211812319], [-0.07720644022130208, -0.5656829782517101, 3.628138961233337, 114.31187236034944, 18.54190581596712, -145.42166221572938, 14.358396090312253, -6.0300104611582634, 1.1825354052165273, 0.005079215008334636, -0.005117962384112008, 0.3349620172895606, -0.9396712432023068, 1.0599516261529285, -0.5401110859269577, 0.0, 0.0850911831730359, -0.28918834207326755, 0.5871477931238058, 0.36634111135126507, -0.610934579593027, 0.0, 0.6598475713220759, -0.4486530175816389, -0.5014214440557122, 0.14682684272722463, 0.0, -0.16372049437393293, -0.3940352870997066, 0.571260078158027, 0.0, 0.5299868363868758, 0.9449034306632702, -0.9780524082337477, -0.19541039060712778, -1.0300843370596329, 0.2545016167930223, 0.9478444739785301, 0.0, -0.06573108091514133, -0.4072560058798953, -0.02754571600598409, 0.08219470965681924, 0.02899104868442515, -0.007963564150372564, 0.0030328725939086465, -0.015009479820323014, 0.011937485529402134, 0.001615297139576982, 0.0009169486064920051, -0.012047364423274835, 0.01072135420459874, -0.006272575026368512, 0.010968241345703835, -0.012116762714050856, -0.020043040786397733, 0.012834698744755107, 0.006557544742457138, -0.004360779836052939, 0.01666733350898368, 0.010898674556275476, 0.0, -0.0021797336601978605, -0.014845306493629182, -0.005021969922938852, -0.012135750128801973, 0.0122167007302743, -0.008208864148436171, 0.012374218638919294, 0.0219839745820247, 0.0, -0.018082525995400858, 0.007676980054411403, -0.0191316820652904, -0.005914989268575144, 0.01865640348049686, -0.014451236329989212, 0.020766805217804933, -0.0013173994514488346, -0.008846164125379613, 0.0022456862925353802, 0.012370873276844836, -0.019890523317805144, -0.011710422739938223, 0.02706998870639058, 0.006648562756888424, -0.014118582948044328, -0.010967964614954709, -0.003916597479863773, 0.002565447393303368, -0.001162968563992158, -0.01690850303308579, 0.0, 0.016554766116739415, 0.0027660989324805154, -0.0012756520304833218, 0.0, 0.01844012007943662, 0.007818237373988783, 0.0, 0.006882847184208901, -0.022448206890416388, -0.006503307705604607, 0.001851484557358764, -0.017851826369233735, -0.006087369478605121, 0.030264581784020757, -0.007576398148922855, -0.0010959402645087408, 0.01369286208557303, 0.0036448757464181475, -0.019657192505335902, 0.0, 0.01351461490740196, -0.0008320554485261716, -0.0023802735041173113, -0.006197462845589067, 0.0, 0.004651157187652358, -0.017844616475898595, 0.01589917564978505, 0.0, -0.0076800829582466265, 0.015993111384406098, 0.002346762559301216, -0.012486549649529423, 0.013662631545069174, 0.006645887089934748, -0.013647055633173635, 0.00567691546731411, -0.003585104371233457, 0.0007861879681921619, -0.003345362486159738, 0.0, -0.018343658309314607, 0.008837588201028018, 0.0034139794336684876, 0.0007769600782959622, 0.023033235242188067, -0.0026540980907448415, -0.006408190560238978, 0.0068875949468944105, 0.0, -0.01502626200986011, 0.0015675732637624223, -0.003609164056543748, -0.006241930724281639, 0.003799773265817297, 0.0, -0.0033787859136587823, 0.0010700096089426463, -0.010977498484225344, 0.007196185881399452, 0.0063616810954897655, 0.0015750524862424772, 0.006432813331102548, 0.0010008324393596748, -0.0173795197618664, -0.0002533093807030343, 0.027567923875038834, -0.010397055587687408, -0.009617656748708316, 0.0, 0.002269300426599428, -0.00016652581677317836], [-0.1261445423803595, -0.7133416129747894, 4.09390054038711, -10.92021621297855, 142.36834050639195, -17.74208650002456, -113.2789298667571, -4.694306803207471, 0.8912904400609228, -0.023399415838182783, 0.09418976580839228, 0.0, -0.1835699174053123, 0.403369523559934, -0.4321452998208918, 0.2119044049812644, -0.04714753267663725, 0.0, -0.4345613254362615, 0.33100145685880983, -0.16674189572745457, 0.19597976681658813, 0.0, -0.022298509158751516, 0.6376955378137061, -0.5259299119377985, -0.24894116139247932, 0.0, -0.1530215001584433, 0.10461694900442071, -0.24580021459951717, 0.6080962691754727, 0.5447925589181327, -0.2770137695653011, -0.050417844012627104, -0.08203702453173475, -0.6233573475645845, 0.09967670809263728, 0.15266721347151005, -0.029888202457372424, 0.6763846234123793, -0.35011682973691693, -0.4149966065848622, 0.2932562654564595, -0.04222165760116077, 0.0024450479515679396, -0.012082725465578958, 0.012064050483184235, -0.0014776768748666583, 0.0014770183807118606, -0.009962494794325465, 0.00844826490188127, -0.005350318682808102, 0.006836603680882538, -0.011521341811865761, -0.015590363097768416, 0.015587378878436265, 0.004934913893484445, -0.002390685010761587, 0.015175902133197696, 0.006806056882817307, 0.008533258642205414, -0.0004789792779082164, -0.016209194642861822, -0.008839426465593207, -0.010318123061138199, 0.002669680856856548, -0.009258671039708455, 0.011936797280485238, 0.01932326356558889, 0.0, -0.012377208448786944, 0.010523177732539215, -0.018055639732411637, 0.0, 0.014648114215316147, -0.0139864855100409, 0.009876841224106743, 0.00028332256139463095, -0.002526487344656214, 0.0008794515679439625, 0.012966076307904986, -0.017207347394978832, -0.00405586017213766, 0.0, 0.011988957412067505, -0.012119784508210352, -0.011376960097129712, -0.005924925671461386, 0.005799857154691351, 0.010772205697566513, -0.007960737416940086, 0.006757215123633789, 0.014327764038002873, 5.011175024081574e-05, -0.0031581926558893456, 0.0020777052768623325, 0.0162069866679098, 0.006420743415783232, 0.0, -0.0007267481957536425, -0.017503418521821426, -0.012058768519695104, -0.0016382243979174297, -0.00887994052401559, 0.00620554720480932, 0.02158672343420525, -0.012544496684554441, -0.0010652155355599035, 0.00759828931936836, 0.005614768087865672, -0.0040167049037226725, -0.018665722420522626, 0.005945244753870945, 0.0004914630755338975, -0.003241550946163981, -0.003148836079060928, -0.0019729434774897556, 0.006089236597152065, -0.013137689999741539, 0.00897280936885684, 0.007802911807250374, -0.00629595472336329, 0.004541721627369793, 0.0010781979794184846, -0.006837313374604387, 0.015386825808607748, 0.006024524383522128, -0.013108718435284192, 0.008827287479923885, -0.007643474108466365, 0.0006465293477721829, 0.006135035975946743, 0.0, -0.009825654757210228, 0.006931967174140981, 0.004969871229801123, 0.0007348116303341478, 0.012765027657220544, -0.0050290567296151336, -0.007824967301587046, 0.004129843770942388, -0.0020480092949533893, -0.01174909420473403, -0.0024380921436432134, -0.0024849483775877127, -0.005710637859317564, -0.0014387970876365585, 0.0038068859191244414, -0.005681703688318712, -0.0014437217782459024, 0.0, 0.010841296463371718, 0.005474673306323081, 0.0015988833115080237, 0.006897823175920656, 0.005266454899808052, -0.02371205616465883, 0.005392972333736661, 0.013380013605680747, -0.003996796291104543, -0.017810694769896614, 0.017102061635646173, -0.007570089915637059, 0.0014229479613620567], [-0.10142958705963279, -0.4897297293572041, 2.5879219572585406, -6.286464818009303, 9.095800120603403, 116.48170874044766, 5.259220757327426, -127.02481023061674, 0.37920546165872904, 0.02369821565754038, -0.15662753803922072, 0.18639527063996253, -0.07823203483086914, 0.022903073880852613, 0.0, 0.00599317622924738, -0.028313803040684395, 0.23783872646640108, -0.4347294648778664, 0.0, 0.0, 0.0, 0.0, 0.12057549218139858, 0.0, 0.6918253129091149, -0.12159177469716498, -0.07879664108082994, 0.0, -0.259165505388303, -0.5654506326933272, -0.06057278919714017, 0.257366330831797, 0.0, 0.3489491672044051, 0.45661757458827185, -0.4583687964224789, 0.0, -0.32626565411030795, 0.0, 0.0743034571516917, 0.22567113394012794, 0.02859694502651108, -0.1449822915570431, 0.032378952488304955, 0.0006834594091317232, -0.0036384817682326054, 0.004815233887040406, -0.0004929782346373401, -0.0008515984716525024, 0.0010231488776210555, -0.001619349403828059, -0.0005558739245485395, 0.0009852148885612718, -0.00414404426853129, -0.004789682500273104, 0.00038111623525437065, -0.001190240039127837, 0.006255902130641397, 0.003850840641663904, 0.0, 0.010390938153271637, 0.004925625948885349, 0.0, -0.015173259287411082, 0.0009267955824709513, -0.006269831549443208, -0.006502140598479125, 0.010443227841022537, 0.002563975401428541, -0.0021086515134783445, -0.004066967982408139, 0.008215340890055158, -0.0023870158804573387, 0.0010448623648214288, -0.0033772054906243522, -0.001751545138014821, 0.0, 0.0010544810626767413, 0.0015025507900847382, -0.00016779608067124286, 0.006372657589548813, -0.008456107656600072, -0.00035457761589292603, 0.0009924721911023936, 0.0, 0.004467676527436356, -0.010267721533871073, 0.0, 0.005670443691527156, 0.003589042520341222, -0.014468667685131643, 0.004001427312977221, 0.009886334219401422, -0.0010666347413342766, -0.002452338661843951, -6.87565691284597e-05, 0.00972435585813582, 0.004288502828092653, 0.0, 0.0006602137622970872, -0.004334549508134681, -0.0015991044412670564, -0.0009385084572836259, 0.0026780325890644044, 0.0, -0.0010130637933930616, -0.0037502051183387324, -0.0014898291997172352, -0.002705533574928402, 0.004602727133557672, 0.0029471583508788018, 0.0, -0.0022572496537285854, 0.0003814767965177954, -0.0005918860513058042, 0.0004397886475778369, -0.0028022390952028393, -0.0008258301322730354, -0.009814313712216175, 0.0038038284528112915, 0.0017716172245678516, -0.008936179039353988, -0.015399625213220408, 0.0, 0.0, 0.018206669443785337, 0.0063378599452312894, -0.0041283756900196925, 0.0068882095737861325, -0.005866671014449469, -0.0005050816789742859, 0.002991352219639619, 0.005768656834990269, 0.00725350477443962, 0.0024864801667843234, 0.0016660269580378974, 0.0, 0.004648920976600357, -0.001987312716630218, -0.0030716634666945195, 0.003561658657618505, -0.0032224803441565173, -0.01291164344187352, -0.006625950335605591, 0.000361470257460858, -0.002036866641740725, -0.0025450613223772013, 0.0, -0.0026794049713204635, -0.0007136812996721623, -0.00304554219607269, 0.006928626738728943, 0.005660843285300166, 0.008916628937046771, 0.0024703700765206843, 0.0026058359876007073, -0.008011208355690332, 0.0029839964381020005, 0.004936197475886929, -0.008335384665991102, -0.009075727385352676, 0.007876792233165836, -0.0005716091825524282, 0.00012260662671761583], [0.0, -0.10729755713513055, 0.1693440736624191, 0.8296068579775228, -3.3028430948866356, 5.2561556013667845, 120.44601928049596, 2.166985831479171, -125.45905188647839, -0.021483433969240632, 0.11452097674322748, -0.3058605200005214, 0.5749533494772763, -0.6404903099843536, 0.4658595087162011, -0.18705712304268016, 0.01718658088665851, 0.0, -0.02448755633823813, -0.1705996074793777, 0.09821289019444567, -0.08527204631158329, -0.019089382285120988, 0.11129188442677111, 0.14318654207131593, -0.17460731563566848, 0.4630844861679253, -0.08192691587718134, 0.0, -0.23208383167503627, 0.0, -0.35034636730372454, -0.43263520598743865, 0.4676740295269126, 0.20061681013596044, 0.37763625124854644, 0.04990790990749385, -0.26779205399816425, -0.22849647414859195, 0.023587483278351758, -0.13600555018280439, 0.25257375321980846, 0.14344081792544053, -0.17481142466099323, 0.029308339409120095, -0.00045187604854724596, 0.0011555314220883977, 0.0, -0.0016036592471474665, -0.004695099143811953, 0.013645275656710155, -0.010179403304307867, 0.004239552725479692, 0.0011526536471754608, -0.0004506198222539353, 0.010430037880025075, -0.010303881444174082, -0.005831807012948932, 0.0031715684703683042, -0.007694664338450348, -0.0060921575843868305, -0.0024856914332356175, 0.013195041002813232, 0.016213613362443913, -0.005252692230901801, 0.007232652681938528, 0.0, -0.013194503818873448, -0.009649885821787036, -0.016643907535342, 0.0024542422390220527, 0.011932066653839205, 0.007588352195137018, 0.022882939182691374, -0.002050868477383962, -0.021230596416794905, 0.0018046729759946705, -0.01217444748155543, 0.007143151943339437, 0.00539095686134105, -0.0012788517649033012, -0.004096756716529246, 0.002492217763097415, 0.013077616698029476, -0.014586835752262522, -0.013813004158826499, 0.021618247803232654, -0.0005284937926508231, -0.00020395069486291018, 0.006758611377282987, 0.007102393614320105, 0.002934014671912666, -0.0019994573152734155, -0.0047929322372304035, -0.01008746942646177, 0.0, -0.0071681186553216435, -0.00911311771345816, 0.0029416967085627056, 0.005098654666402254, 0.0, 0.01451185930086592, 2.5115792320874477e-05, 0.0008837189371189748, 0.008964610905717875, 0.013523992300890844, -0.024709427057533446, 0.0, -0.0018555829507467233, -0.00625654283336044, 0.003333271891849591, 0.0, 0.011041660703361628, -0.01018219743351581, -0.0028683945925798223, -0.0022693939923693093, 0.003345249186809535, 0.0016042688883131557, -0.006045812487804829, 0.006517535980509889, -0.002541926448274083, -0.0061914790031809015, -0.00531495507180757, -0.026551537072226492, -0.0029035316841010445, 0.01035740243770841, 0.0017015839962019972, 0.00632979939817585, 0.002597992163284437, 0.007668122348669841, 0.0, 0.0014087032710930795, 0.004114009164264836, 0.007699344482430397, 0.022921223662601117, -0.002060007620563316, -0.0034780379067223363, -0.0017383191634941161, -0.012189166827530577, -0.0023600482809528435, 0.004323810346733649, 0.0006297869004293043, -0.001493269777719322, 0.0, -0.014746792623030441, 0.00038871779380942744, 0.0004360742492196611, -0.002248859859890672, -0.008120383746055096, 0.0027873477078186274, 0.0020339277462261204, 0.01067063533245558, -0.0043767813501186855, 0.0005695554463880266, 0.013541827533518373, 0.0016076325881040478, -0.0026274504252111423, 0.007129637089681437, -0.0072477953344094225, -0.010806714368554725, -0.004269684304798903, 0.009257598868176115, -0.0023292681648526934, 0.0022025583836129707, -0.000346115998404234], [1.538634753648944, 72.52328762280092, -482.2309242767108, 1505.1522228324545, -2887.1339509355066, 3724.9227643010236, -3309.868212079207, 2102.244471391453, -725.4870549590248, 0.18040065697778068, -0.9290052231387913, 0.1876887875008861, 2.11490273206115, -3.69922447148027, 3.68838336907927, -2.220684667690162, 0.52476732110601, 1.0044577534482728, 0.0, -2.748868280882176, 1.2512473850903996, -1.6462361734211106, 2.4100633809330625, -0.5607451952288481, -1.7107184340110726, 4.039918639601348, 5.1243948246756705, -3.9004524646210355, -1.1260399592598793, -0.18112338264466965, -2.9296784157751157, -2.3427586115320342, -0.7552042061073008, 3.1488117560192106, 1.0138547230759556, 1.2501097085909694, 2.8066064251205582, -1.1931458136722686, -2.7797594011635045, -1.1628714281137822, -2.9379643375003837, 3.804849059234788, 2.7195588986744603, -2.9524586753379576, 0.5068861689119876, -0.0001561623656875108, 0.0007013973962673166, -0.011592743458957404, 0.011007504421818855, -0.0059735054405624976, 0.010969261465355875, -0.009460508839763956, 0.009397628051305236, 0.009797788704808937, 0.008771954522273912, 0.0, -0.026531455874396415, 0.0031022301316958297, 0.00035983269777756086, -0.03196004187571992, -0.0103648066337932, 0.0009045410565096031, 2.8257069391671334e-05, 0.025545855702932854, 0.04545543697708737, 0.005132113893587246, 0.0029803367587293576, -7.879641098235578e-05, -0.056737514404275435, -0.03563393413762968, -0.0029175147078173286, 0.04563664793713985, -0.007913140431729282, 0.021373605684256808, 0.014608617761390712, -0.02684793752747057, 0.014012228302395728, -0.017206935975959042, 0.013906522801838336, -0.01116647558496903, 0.006046821109614434, -0.015326267073360723, 0.0068973297923042055, 0.03100695260297024, -0.008976843477097162, 0.0065141469125465385, -0.021749910452560674, 0.03872194379990172, -0.002968800134548892, 0.0025755192770054343, -0.011873047470285386, 0.01235058589919981, -0.011497541020505906, -0.011887717547246929, -0.01576067379489253, -0.019317721729021523, -0.010662420773587028, 0.0037356780952927876, 0.005223692774463114, 0.012526518748635312, 0.013935178927082296, 0.030010529459966157, -0.011987040078795792, -0.005676856894564744, 0.0005765794825259228, 0.00895520061505773, -0.02802423529907242, 0.021489283154166865, -0.014765106494012288, -0.004289334156385321, 0.003976167240770623, -0.0013350788873287313, 0.021794669397202836, -0.007797744545525457, -0.03239201221868568, 0.0034521672142649486, -0.0026624577513095216, 0.007699409935301053, 0.0, 0.0200262655190525, -0.001115895349820602, -0.0037495305701831, -0.0029469937985238995, -0.037275470867777924, -0.00758665943030738, 0.003678238763067332, 0.007429375212655501, -0.0038120081152431843, 0.015156758439216452, 0.013471894889037045, 0.008009961406987221, -0.0027970712699919545, -0.006245320329417384, 0.007863609482755952, 0.052308724029260345, -0.006703394727561651, -0.01373947555648635, -0.01711355404476805, -0.022267853691238595, 0.0026142151598325817, 0.017168606184747203, 0.012351095780829695, 0.007582523151446611, -0.03391109083002435, -0.015812640838975812, 0.006669098241734179, 0.0039016093937107137, -0.01307647869493624, -0.031495152020908336, 0.015939053742422788, 0.01732179402437921, 0.021554983480383715, 0.005435934822939501, 0.0, 0.022737856226107488, -0.008688600320180293, -0.012795783843118547, 0.02591791715338744, -0.022606946108015537, -0.025806847201114005, -0.006159268852093181, 0.019344328359675315, 0.0041438875670810815, -0.004116276179089775, 0.001499208829015554]]",(x0)' = -1.773 1 +  726.439 x0 + -2108.970 x1 +  3329.108 x2 + -3755.942 x3 +  2918.455 x4 + -1525.191 x5 +  489.791 x6 + -73.821 x7 + -0.197 x0^2 +  1.470 x0 x1 + -2.383 x0 x2 +  1.933 x0 x3 + -1.797 x0 x5 +  1.993 x0 x6 + -0.709 x0 x7 + -1.542 x1^2 +  2.274 x1 x2 + -0.852 x1 x3 + -0.481 x1 x4 +  2.824 x1 x5 + -4.607 x1 x6 +  1.918 x1 x7 +  1.330 x2^2 + -3.040 x2 x3 + -1.898 x2 x4 +  2.246 x2 x5 +  3.289 x2 x6 + -1.987 x2 x7 +  1.232 x3^2 +  2.507 x3 x4 + -4.123 x3 x5 + -1.128 x3 x6 +  0.778 x3 x7 +  0.261 x4 x6 +  0.772 x4 x7 +  0.195 x5^2 +  1.654 x5 x6 + -1.772 x5 x7 + -1.422 x6^2 +  1.546 x6 x7 + -0.283 x7^2 + -0.006 x0^3 +  0.026 x0^2 x1 +  0.007 x0^2 x2 + -0.032 x0^2 x3 +  0.024 x0^2 x4 + -0.008 x0^2 x5 + -0.002 x0^2 x7 + -0.040 x0 x1^2 +  0.014 x0 x1 x3 +  0.019 x0 x1 x4 + -0.008 x0 x1 x5 +  0.001 x0 x1 x6 +  0.016 x0 x1 x7 +  0.012 x0 x2^2 +  0.003 x0 x2 x3 + -0.006 x0 x2 x4 + -0.004 x0 x2 x5 + -0.021 x0 x2 x6 + -0.013 x0 x3^2 + -0.008 x0 x3 x4 +  0.038 x0 x3 x5 + -0.011 x0 x3 x6 +  0.003 x0 x3 x7 + -0.016 x0 x4^2 +  0.021 x0 x4 x5 +  0.001 x0 x4 x6 +  0.001 x0 x4 x7 + -0.004 x0 x5^2 + -0.013 x0 x5 x6 + -0.001 x0 x5 x7 +  0.007 x0 x6^2 +  0.003 x0 x6 x7 + -0.003 x0 x7^2 +  0.010 x1^3 +  0.018 x1^2 x2 + -0.002 x1^2 x3 + -0.025 x1^2 x4 + -0.026 x1^2 x5 +  0.039 x1^2 x6 + -0.035 x1^2 x7 + -0.003 x1 x2^2 + -0.001 x1 x2 x3 +  0.003 x1 x2 x4 +  0.006 x1 x2 x5 +  0.015 x1 x2 x6 +  0.017 x1 x2 x7 +  0.014 x1 x3^2 +  0.011 x1 x3 x4 +  0.014 x1 x3 x5 + -0.011 x1 x3 x6 + -0.022 x1 x3 x7 + -0.021 x1 x4^2 +  0.010 x1 x4 x6 +  0.010 x1 x4 x7 + -0.014 x1 x5^2 +  0.008 x1 x5 x6 +  0.010 x1 x5 x7 + -0.003 x1 x6^2 + -0.015 x1 x6 x7 +  0.012 x1 x7^2 + -0.028 x2^3 +  0.020 x2^2 x4 +  0.004 x2^2 x5 + -0.023 x2^2 x6 +  0.028 x2^2 x7 +  0.013 x2 x3^2 +  0.008 x2 x3 x4 + -0.004 x2 x3 x5 + -0.030 x2 x3 x6 + -0.011 x2 x3 x7 + -0.013 x2 x4^2 + -0.002 x2 x4 x5 +  0.015 x2 x4 x6 +  0.005 x2 x5^2 +  0.013 x2 x5 x6 + -0.015 x2 x5 x7 +  0.003 x2 x6^2 + -0.013 x2 x7^2 + -0.009 x3^2 x4 + -0.001 x3^2 x5 + -0.002 x3^2 x6 + -0.001 x3^2 x7 + -0.010 x3 x4^2 +  0.011 x3 x4 x5 +  0.025 x3 x4 x6 +  0.006 x3 x4 x7 +  0.002 x3 x5^2 + -0.009 x3 x5 x6 + -0.012 x3 x5 x7 + -0.015 x3 x6^2 +  0.037 x3 x6 x7 +  0.004 x3 x7^2 +  0.011 x4^2 x5 +  0.011 x4^2 x6 + -0.002 x4^2 x7 + -0.009 x4 x5^2 + -0.021 x4 x5 x6 + -0.008 x4 x5 x7 + -0.014 x4 x6^2 + -0.004 x4 x7^2 + -0.003 x5^3 +  0.006 x5^2 x6 +  0.007 x5^2 x7 +  0.022 x5 x6^2 +  0.011 x5 x6 x7 + -0.010 x5 x7^2 + -0.001 x6^3 + -0.029 x6^2 x7 +  0.026 x6 x7^2 + -0.005 x7^3 | (x1)' =  0.017 1 +  124.996 x0 +  0.252 x1 + -126.426 x2 +  3.717 x3 + -5.545 x4 +  4.906 x5 + -2.430 x6 +  0.530 x7 +  0.024 x0^2 + -0.139 x0 x1 +  0.124 x0 x2 + -0.009 x0 x3 + -0.037 x0 x4 +  0.021 x0 x6 + -0.009 x0 x7 +  0.201 x1^2 + -0.333 x1 x2 +  0.042 x1 x3 +  0.072 x1 x5 + -0.036 x1 x6 +  0.001 x1 x7 +  0.032 x2^2 +  0.266 x2 x3 + -0.178 x2 x5 + -0.023 x2 x6 +  0.046 x2 x7 + -0.279 x3^2 +  0.179 x3 x4 + -0.014 x3 x5 +  0.289 x3 x6 + -0.133 x3 x7 + -0.039 x4 x5 + -0.293 x4 x6 +  0.118 x4 x7 +  0.105 x5^2 +  0.029 x6^2 + -0.040 x6 x7 +  0.011 x7^2 +  0.002 x0^2 x1 +  0.002 x0^2 x2 + -0.010 x0^2 x3 +  0.014 x0^2 x4 + -0.013 x0^2 x5 +  0.007 x0^2 x6 + -0.002 x0^2 x7 + -0.003 x0 x1^2 +  0.005 x0 x1 x2 + -0.003 x0 x1 x3 +  0.008 x0 x1 x4 + -0.003 x0 x1 x5 +  0.001 x0 x1 x6 +  0.003 x0 x1 x7 +  0.001 x0 x2^2 + -0.007 x0 x2 x3 + -0.012 x0 x2 x4 + -0.006 x0 x2 x5 +  0.002 x0 x2 x6 + -0.002 x0 x2 x7 +  0.011 x0 x3^2 +  0.006 x0 x3 x4 +  0.014 x0 x3 x5 +  0.006 x0 x3 x6 + -0.003 x0 x3 x7 + -0.014 x0 x4^2 + -0.005 x0 x4 x5 + -0.016 x0 x4 x6 +  0.015 x0 x5^2 +  0.002 x0 x5 x6 +  0.010 x0 x5 x7 + -0.007 x0 x6^2 + -0.003 x0 x6 x7 + -0.003 x1^3 +  0.005 x1^2 x2 + -0.003 x1^2 x3 +  0.005 x1^2 x4 +  0.005 x1^2 x5 + -0.006 x1^2 x6 + -0.002 x1^2 x7 +  0.002 x1 x2^2 + -0.007 x1 x2 x3 + -0.007 x1 x2 x4 + -0.002 x1 x2 x6 +  0.002 x1 x2 x7 +  0.003 x1 x3^2 +  0.002 x1 x3 x4 +  0.007 x1 x3 x5 +  0.001 x1 x3 x6 + -0.007 x1 x4^2 + -0.004 x1 x4 x5 + -0.004 x1 x4 x6 +  0.003 x1 x4 x7 + -0.001 x1 x5^2 + -0.014 x1 x5 x7 +  0.011 x1 x6^2 +  0.001 x1 x6 x7 +  0.003 x1 x7^2 +  0.001 x2^3 + -0.002 x2^2 x3 + -0.003 x2^2 x4 +  0.002 x2^2 x5 +  0.004 x2^2 x7 +  0.004 x2 x3^2 +  0.004 x2 x3 x4 +  0.002 x2 x3 x5 + -0.002 x2 x3 x7 +  0.006 x2 x4^2 +  0.005 x2 x4 x5 +  0.009 x2 x4 x6 +  0.016 x2 x4 x7 + -0.003 x2 x5^2 + -0.005 x2 x5 x6 + -0.006 x2 x5 x7 + -0.003 x2 x6^2 + -0.001 x2 x6 x7 + -0.008 x2 x7^2 + -0.003 x3^2 x4 + -0.009 x3^2 x5 + -0.008 x3^2 x6 + -0.013 x3^2 x7 + -0.001 x3 x4^2 + -0.002 x3 x4 x5 +  0.006 x3 x4 x6 +  0.006 x3 x4 x7 + -0.003 x3 x5 x6 + -0.002 x3 x5 x7 +  0.002 x3 x6^2 +  0.012 x3 x6 x7 +  0.007 x3 x7^2 +  0.005 x4^2 x5 +  0.009 x4^2 x6 + -0.002 x4 x5^2 + -0.004 x4 x5 x6 + -0.007 x4 x6^2 + -0.009 x4 x6 x7 + -0.006 x4 x7^2 + -0.003 x5^3 +  0.001 x5^2 x6 + -0.006 x5^2 x7 +  0.008 x5 x6^2 +  0.015 x5 x6 x7 + -0.003 x6^3 + -0.007 x6^2 x7 +  0.002 x6 x7^2 | (x2)' = -0.038 1 + -0.282 x0 +  127.117 x1 + -6.996 x2 + -111.722 x3 + -15.748 x4 +  11.746 x5 + -5.144 x6 +  1.033 x7 +  0.013 x0^2 + -0.040 x0 x1 +  0.019 x0 x2 +  0.003 x0 x6 + -0.005 x0 x7 +  0.012 x1^2 +  0.003 x1 x7 +  0.036 x2^2 +  0.095 x2 x3 + -0.252 x2 x4 +  0.129 x2 x6 + -0.025 x2 x7 + -0.576 x3^2 +  1.781 x3 x4 + -0.666 x3 x5 + -0.156 x3 x6 +  0.040 x3 x7 + -1.289 x4^2 +  0.962 x4 x5 +  0.178 x4 x6 + -0.038 x4 x7 + -0.377 x5 x6 +  0.052 x5 x7 +  0.129 x6^2 + -0.027 x6 x7 +  0.001 x0^3 + -0.006 x0^2 x1 +  0.007 x0^2 x2 + -0.005 x0^2 x3 +  0.009 x0^2 x4 + -0.015 x0^2 x5 +  0.010 x0^2 x6 + -0.004 x0^2 x7 +  0.002 x0 x1^2 + -0.004 x0 x1 x2 + -0.012 x0 x1 x3 +  0.013 x0 x1 x4 +  0.001 x0 x1 x5 +  0.001 x0 x1 x6 +  0.006 x0 x1 x7 +  0.007 x0 x2^2 + -0.001 x0 x2 x3 + -0.022 x0 x2 x4 + -0.010 x0 x2 x6 +  0.016 x0 x3^2 + -0.002 x0 x3 x4 +  0.012 x0 x3 x5 +  0.021 x0 x3 x6 + -0.009 x0 x3 x7 + -0.015 x0 x4^2 +  0.001 x0 x4 x5 + -0.020 x0 x4 x6 +  0.001 x0 x4 x7 +  0.017 x0 x5^2 + -0.009 x0 x5 x6 +  0.017 x0 x5 x7 + -0.002 x0 x6^2 + -0.009 x0 x6 x7 +  0.002 x0 x7^2 +  0.007 x1^3 + -0.009 x1^2 x2 + -0.010 x1^2 x3 +  0.021 x1^2 x4 +  0.006 x1^2 x5 + -0.015 x1^2 x6 + -0.003 x1^2 x7 + -0.003 x1 x2^2 + -0.004 x1 x2 x3 + -0.004 x1 x2 x4 + -0.012 x1 x2 x5 +  0.004 x1 x2 x6 +  0.008 x1 x2 x7 +  0.003 x1 x3^2 +  0.005 x1 x3 x5 +  0.012 x1 x3 x6 +  0.004 x1 x3 x7 + -0.002 x1 x4^2 + -0.001 x1 x4 x5 + -0.018 x1 x4 x6 + -0.002 x1 x4 x7 +  0.004 x1 x5^2 + -0.010 x1 x5 x6 + -0.010 x1 x5 x7 +  0.023 x1 x6^2 + -0.004 x1 x6 x7 +  0.002 x1 x7^2 +  0.009 x2^3 +  0.002 x2^2 x3 + -0.008 x2^2 x4 +  0.008 x2^2 x6 + -0.002 x2^2 x7 + -0.001 x2 x3 x4 + -0.005 x2 x3 x5 +  0.002 x2 x3 x6 + -0.010 x2 x3 x7 +  0.009 x2 x4^2 +  0.006 x2 x4 x5 + -0.002 x2 x4 x6 +  0.023 x2 x4 x7 + -0.008 x2 x5 x6 + -0.005 x2 x6 x7 + -0.002 x2 x7^2 + -0.004 x3^3 + -0.001 x3^2 x4 + -0.006 x3^2 x5 + -0.012 x3^2 x7 +  0.005 x3 x4^2 +  0.002 x3 x4 x5 +  0.003 x3 x4 x6 + -0.002 x3 x5^2 + -0.004 x3 x5 x6 +  0.008 x3 x5 x7 + -0.002 x3 x6^2 +  0.001 x3 x6 x7 +  0.003 x3 x7^2 +  0.001 x4^3 + -0.003 x4^2 x5 +  0.004 x4^2 x6 +  0.010 x4^2 x7 + -0.004 x4 x5^2 + -0.001 x4 x5 x6 + -0.019 x4 x5 x7 +  0.006 x4 x6^2 + -0.001 x4 x6 x7 + -0.001 x4 x7^2 +  0.002 x5^3 +  0.006 x5 x6^2 +  0.003 x5 x6 x7 + -0.001 x5 x7^2 + -0.010 x6^3 +  0.008 x6^2 x7 + -0.003 x6 x7^2 +  0.001 x7^3 | (x3)' = -0.077 1 + -0.566 x0 +  3.628 x1 +  114.312 x2 +  18.542 x3 + -145.422 x4 +  14.358 x5 + -6.030 x6 +  1.183 x7 +  0.005 x0^2 + -0.005 x0 x1 +  0.335 x0 x2 + -0.940 x0 x3 +  1.060 x0 x4 + -0.540 x0 x5 +  0.085 x0 x7 + -0.289 x1^2 +  0.587 x1 x2 +  0.366 x1 x3 + -0.611 x1 x4 +  0.660 x1 x6 + -0.449 x1 x7 + -0.501 x2^2 +  0.147 x2 x3 + -0.164 x2 x5 + -0.394 x2 x6 +  0.571 x2 x7 +  0.530 x3 x4 +  0.945 x3 x5 + -0.978 x3 x6 + -0.195 x3 x7 + -1.030 x4^2 +  0.255 x4 x5 +  0.948 x4 x6 + -0.066 x5^2 + -0.407 x5 x6 + -0.028 x5 x7 +  0.082 x6^2 +  0.029 x6 x7 + -0.008 x7^2 +  0.003 x0^3 + -0.015 x0^2 x1 +  0.012 x0^2 x2 +  0.002 x0^2 x3 +  0.001 x0^2 x4 + -0.012 x0^2 x5 +  0.011 x0^2 x6 + -0.006 x0^2 x7 +  0.011 x0 x1^2 + -0.012 x0 x1 x2 + -0.020 x0 x1 x3 +  0.013 x0 x1 x4 +  0.007 x0 x1 x5 + -0.004 x0 x1 x6 +  0.017 x0 x1 x7 +  0.011 x0 x2^2 + -0.002 x0 x2 x4 + -0.015 x0 x2 x5 + -0.005 x0 x2 x6 + -0.012 x0 x2 x7 +  0.012 x0 x3^2 + -0.008 x0 x3 x4 +  0.012 x0 x3 x5 +  0.022 x0 x3 x6 + -0.018 x0 x4^2 +  0.008 x0 x4 x5 + -0.019 x0 x4 x6 + -0.006 x0 x4 x7 +  0.019 x0 x5^2 + -0.014 x0 x5 x6 +  0.021 x0 x5 x7 + -0.001 x0 x6^2 + -0.009 x0 x6 x7 +  0.002 x0 x7^2 +  0.012 x1^3 + -0.020 x1^2 x2 + -0.012 x1^2 x3 +  0.027 x1^2 x4 +  0.007 x1^2 x5 + -0.014 x1^2 x6 + -0.011 x1^2 x7 + -0.004 x1 x2^2 +  0.003 x1 x2 x3 + -0.001 x1 x2 x4 + -0.017 x1 x2 x5 +  0.017 x1 x2 x7 +  0.003 x1 x3^2 + -0.001 x1 x3 x4 +  0.018 x1 x3 x6 +  0.008 x1 x3 x7 +  0.007 x1 x4 x5 + -0.022 x1 x4 x6 + -0.007 x1 x4 x7 +  0.002 x1 x5^2 + -0.018 x1 x5 x6 + -0.006 x1 x5 x7 +  0.030 x1 x6^2 + -0.008 x1 x6 x7 + -0.001 x1 x7^2 +  0.014 x2^3 +  0.004 x2^2 x3 + -0.020 x2^2 x4 +  0.014 x2^2 x6 + -0.001 x2^2 x7 + -0.002 x2 x3^2 + -0.006 x2 x3 x4 +  0.005 x2 x3 x6 + -0.018 x2 x3 x7 +  0.016 x2 x4^2 + -0.008 x2 x4 x6 +  0.016 x2 x4 x7 +  0.002 x2 x5^2 + -0.012 x2 x5 x6 +  0.014 x2 x5 x7 +  0.007 x2 x6^2 + -0.014 x2 x6 x7 +  0.006 x2 x7^2 + -0.004 x3^3 +  0.001 x3^2 x4 + -0.003 x3^2 x5 + -0.018 x3^2 x7 +  0.009 x3 x4^2 +  0.003 x3 x4 x5 +  0.001 x3 x4 x6 +  0.023 x3 x4 x7 + -0.003 x3 x5^2 + -0.006 x3 x5 x6 +  0.007 x3 x5 x7 + -0.015 x3 x6 x7 +  0.002 x3 x7^2 + -0.004 x4^3 + -0.006 x4^2 x5 +  0.004 x4^2 x6 + -0.003 x4 x5^2 +  0.001 x4 x5 x6 + -0.011 x4 x5 x7 +  0.007 x4 x6^2 +  0.006 x4 x6 x7 +  0.002 x4 x7^2 +  0.006 x5^3 +  0.001 x5^2 x6 + -0.017 x5^2 x7 +  0.028 x5 x6 x7 + -0.010 x5 x7^2 + -0.010 x6^3 +  0.002 x6 x7^2 | (x4)' = -0.126 1 + -0.713 x0 +  4.094 x1 + -10.920 x2 +  142.368 x3 + -17.742 x4 + -113.279 x5 + -4.694 x6 +  0.891 x7 + -0.023 x0^2 +  0.094 x0 x1 + -0.184 x0 x3 +  0.403 x0 x4 + -0.432 x0 x5 +  0.212 x0 x6 + -0.047 x0 x7 + -0.435 x1 x2 +  0.331 x1 x3 + -0.167 x1 x4 +  0.196 x1 x5 + -0.022 x1 x7 +  0.638 x2^2 + -0.526 x2 x3 + -0.249 x2 x4 + -0.153 x2 x6 +  0.105 x2 x7 + -0.246 x3^2 +  0.608 x3 x4 +  0.545 x3 x5 + -0.277 x3 x6 + -0.050 x3 x7 + -0.082 x4^2 + -0.623 x4 x5 +  0.100 x4 x6 +  0.153 x4 x7 + -0.030 x5^2 +  0.676 x5 x6 + -0.350 x5 x7 + -0.415 x6^2 +  0.293 x6 x7 + -0.042 x7^2 +  0.002 x0^3 + -0.012 x0^2 x1 +  0.012 x0^2 x2 + -0.001 x0^2 x3 +  0.001 x0^2 x4 + -0.010 x0^2 x5 +  0.008 x0^2 x6 + -0.005 x0^2 x7 +  0.007 x0 x1^2 + -0.012 x0 x1 x2 + -0.016 x0 x1 x3 +  0.016 x0 x1 x4 +  0.005 x0 x1 x5 + -0.002 x0 x1 x6 +  0.015 x0 x1 x7 +  0.007 x0 x2^2 +  0.009 x0 x2 x3 + -0.016 x0 x2 x5 + -0.009 x0 x2 x6 + -0.010 x0 x2 x7 +  0.003 x0 x3^2 + -0.009 x0 x3 x4 +  0.012 x0 x3 x5 +  0.019 x0 x3 x6 + -0.012 x0 x4^2 +  0.011 x0 x4 x5 + -0.018 x0 x4 x6 +  0.015 x0 x5^2 + -0.014 x0 x5 x6 +  0.010 x0 x5 x7 + -0.003 x0 x6 x7 +  0.001 x0 x7^2 +  0.013 x1^3 + -0.017 x1^2 x2 + -0.004 x1^2 x3 +  0.012 x1^2 x5 + -0.012 x1^2 x6 + -0.011 x1^2 x7 + -0.006 x1 x2^2 +  0.006 x1 x2 x3 +  0.011 x1 x2 x4 + -0.008 x1 x2 x5 +  0.007 x1 x2 x6 +  0.014 x1 x2 x7 + -0.003 x1 x3 x4 +  0.002 x1 x3 x5 +  0.016 x1 x3 x6 +  0.006 x1 x3 x7 + -0.001 x1 x4 x5 + -0.018 x1 x4 x6 + -0.012 x1 x4 x7 + -0.002 x1 x5^2 + -0.009 x1 x5 x6 +  0.006 x1 x5 x7 +  0.022 x1 x6^2 + -0.013 x1 x6 x7 + -0.001 x1 x7^2 +  0.008 x2^3 +  0.006 x2^2 x3 + -0.004 x2^2 x4 + -0.019 x2^2 x5 +  0.006 x2^2 x6 + -0.003 x2 x3^2 + -0.003 x2 x3 x4 + -0.002 x2 x3 x5 +  0.006 x2 x3 x6 + -0.013 x2 x3 x7 +  0.009 x2 x4^2 +  0.008 x2 x4 x5 + -0.006 x2 x4 x6 +  0.005 x2 x4 x7 +  0.001 x2 x5^2 + -0.007 x2 x5 x6 +  0.015 x2 x5 x7 +  0.006 x2 x6^2 + -0.013 x2 x6 x7 +  0.009 x2 x7^2 + -0.008 x3^3 +  0.001 x3^2 x4 +  0.006 x3^2 x5 + -0.010 x3^2 x7 +  0.007 x3 x4^2 +  0.005 x3 x4 x5 +  0.001 x3 x4 x6 +  0.013 x3 x4 x7 + -0.005 x3 x5^2 + -0.008 x3 x5 x6 +  0.004 x3 x5 x7 + -0.002 x3 x6^2 + -0.012 x3 x6 x7 + -0.002 x3 x7^2 + -0.002 x4^3 + -0.006 x4^2 x5 + -0.001 x4^2 x6 +  0.004 x4^2 x7 + -0.006 x4 x5^2 + -0.001 x4 x5 x6 +  0.011 x4 x6^2 +  0.005 x4 x6 x7 +  0.002 x4 x7^2 +  0.007 x5^3 +  0.005 x5^2 x6 + -0.024 x5^2 x7 +  0.005 x5 x6^2 +  0.013 x5 x6 x7 + -0.004 x5 x7^2 + -0.018 x6^3 +  0.017 x6^2 x7 + -0.008 x6 x7^2 +  0.001 x7^3 | (x5)' = -0.101 1 + -0.490 x0 +  2.588 x1 + -6.286 x2 +  9.096 x3 +  116.482 x4 +  5.259 x5 + -127.025 x6 +  0.379 x7 +  0.024 x0^2 + -0.157 x0 x1 +  0.186 x0 x2 + -0.078 x0 x3 +  0.023 x0 x4 +  0.006 x0 x6 + -0.028 x0 x7 +  0.238 x1^2 + -0.435 x1 x2 +  0.121 x1 x7 +  0.692 x2 x3 + -0.122 x2 x4 + -0.079 x2 x5 + -0.259 x2 x7 + -0.565 x3^2 + -0.061 x3 x4 +  0.257 x3 x5 +  0.349 x3 x7 +  0.457 x4^2 + -0.458 x4 x5 + -0.326 x4 x7 +  0.074 x5 x6 +  0.226 x5 x7 +  0.029 x6^2 + -0.145 x6 x7 +  0.032 x7^2 +  0.001 x0^3 + -0.004 x0^2 x1 +  0.005 x0^2 x2 + -0.001 x0^2 x4 +  0.001 x0^2 x5 + -0.002 x0^2 x6 + -0.001 x0^2 x7 +  0.001 x0 x1^2 + -0.004 x0 x1 x2 + -0.005 x0 x1 x3 + -0.001 x0 x1 x5 +  0.006 x0 x1 x6 +  0.004 x0 x1 x7 +  0.010 x0 x2 x3 +  0.005 x0 x2 x4 + -0.015 x0 x2 x6 +  0.001 x0 x2 x7 + -0.006 x0 x3^2 + -0.007 x0 x3 x4 +  0.010 x0 x3 x5 +  0.003 x0 x3 x6 + -0.002 x0 x3 x7 + -0.004 x0 x4^2 +  0.008 x0 x4 x5 + -0.002 x0 x4 x6 +  0.001 x0 x4 x7 + -0.003 x0 x5^2 + -0.002 x0 x5 x6 +  0.001 x0 x6^2 +  0.002 x0 x6 x7 +  0.006 x1^3 + -0.008 x1^2 x2 +  0.001 x1^2 x4 +  0.004 x1^2 x6 + -0.010 x1^2 x7 +  0.006 x1 x2 x3 +  0.004 x1 x2 x4 + -0.014 x1 x2 x5 +  0.004 x1 x2 x6 +  0.010 x1 x2 x7 + -0.001 x1 x3^2 + -0.002 x1 x3 x4 +  0.010 x1 x3 x6 +  0.004 x1 x3 x7 +  0.001 x1 x4 x5 + -0.004 x1 x4 x6 + -0.002 x1 x4 x7 + -0.001 x1 x5^2 +  0.003 x1 x5 x6 + -0.001 x1 x6^2 + -0.004 x1 x6 x7 + -0.001 x1 x7^2 + -0.003 x2^3 +  0.005 x2^2 x3 +  0.003 x2^2 x4 + -0.002 x2^2 x6 + -0.001 x2 x3^2 + -0.003 x2 x3 x5 + -0.001 x2 x3 x6 + -0.010 x2 x3 x7 +  0.004 x2 x4^2 +  0.002 x2 x4 x5 + -0.009 x2 x4 x6 + -0.015 x2 x4 x7 +  0.018 x2 x5 x7 +  0.006 x2 x6^2 + -0.004 x2 x6 x7 +  0.007 x2 x7^2 + -0.006 x3^3 + -0.001 x3^2 x4 +  0.003 x3^2 x5 +  0.006 x3^2 x6 +  0.007 x3^2 x7 +  0.002 x3 x4^2 +  0.002 x3 x4 x5 +  0.005 x3 x4 x7 + -0.002 x3 x5^2 + -0.003 x3 x5 x6 +  0.004 x3 x5 x7 + -0.003 x3 x6^2 + -0.013 x3 x6 x7 + -0.007 x3 x7^2 + -0.002 x4^2 x5 + -0.003 x4^2 x6 + -0.003 x4 x5^2 + -0.001 x4 x5 x6 + -0.003 x4 x5 x7 +  0.007 x4 x6^2 +  0.006 x4 x6 x7 +  0.009 x4 x7^2 +  0.002 x5^3 +  0.003 x5^2 x6 + -0.008 x5^2 x7 +  0.003 x5 x6^2 +  0.005 x5 x6 x7 + -0.008 x5 x7^2 + -0.009 x6^3 +  0.008 x6^2 x7 + -0.001 x6 x7^2 | (x6)' = -0.107 x0 +  0.169 x1 +  0.830 x2 + -3.303 x3 +  5.256 x4 +  120.446 x5 +  2.167 x6 + -125.459 x7 + -0.021 x0^2 +  0.115 x0 x1 + -0.306 x0 x2 +  0.575 x0 x3 + -0.640 x0 x4 +  0.466 x0 x5 + -0.187 x0 x6 +  0.017 x0 x7 + -0.024 x1 x2 + -0.171 x1 x3 +  0.098 x1 x4 + -0.085 x1 x5 + -0.019 x1 x6 +  0.111 x1 x7 +  0.143 x2^2 + -0.175 x2 x3 +  0.463 x2 x4 + -0.082 x2 x5 + -0.232 x2 x7 + -0.350 x3 x4 + -0.433 x3 x5 +  0.468 x3 x6 +  0.201 x3 x7 +  0.378 x4^2 +  0.050 x4 x5 + -0.268 x4 x6 + -0.228 x4 x7 +  0.024 x5^2 + -0.136 x5 x6 +  0.253 x5 x7 +  0.143 x6^2 + -0.175 x6 x7 +  0.029 x7^2 +  0.001 x0^2 x1 + -0.002 x0^2 x3 + -0.005 x0^2 x4 +  0.014 x0^2 x5 + -0.010 x0^2 x6 +  0.004 x0^2 x7 +  0.001 x0 x1^2 +  0.010 x0 x1 x3 + -0.010 x0 x1 x4 + -0.006 x0 x1 x5 +  0.003 x0 x1 x6 + -0.008 x0 x1 x7 + -0.006 x0 x2^2 + -0.002 x0 x2 x3 +  0.013 x0 x2 x4 +  0.016 x0 x2 x5 + -0.005 x0 x2 x6 +  0.007 x0 x2 x7 + -0.013 x0 x3 x4 + -0.010 x0 x3 x5 + -0.017 x0 x3 x6 +  0.002 x0 x3 x7 +  0.012 x0 x4^2 +  0.008 x0 x4 x5 +  0.023 x0 x4 x6 + -0.002 x0 x4 x7 + -0.021 x0 x5^2 +  0.002 x0 x5 x6 + -0.012 x0 x5 x7 +  0.007 x0 x6^2 +  0.005 x0 x6 x7 + -0.001 x0 x7^2 + -0.004 x1^3 +  0.002 x1^2 x2 +  0.013 x1^2 x3 + -0.015 x1^2 x4 + -0.014 x1^2 x5 +  0.022 x1^2 x6 + -0.001 x1^2 x7 +  0.007 x1 x2 x3 +  0.007 x1 x2 x4 +  0.003 x1 x2 x5 + -0.002 x1 x2 x6 + -0.005 x1 x2 x7 + -0.010 x1 x3^2 + -0.007 x1 x3 x5 + -0.009 x1 x3 x6 +  0.003 x1 x3 x7 +  0.005 x1 x4^2 +  0.015 x1 x4 x6 +  0.001 x1 x5^2 +  0.009 x1 x5 x6 +  0.014 x1 x5 x7 + -0.025 x1 x6^2 + -0.002 x1 x7^2 + -0.006 x2^3 +  0.003 x2^2 x3 +  0.011 x2^2 x5 + -0.010 x2^2 x6 + -0.003 x2^2 x7 + -0.002 x2 x3^2 +  0.003 x2 x3 x4 +  0.002 x2 x3 x5 + -0.006 x2 x3 x6 +  0.007 x2 x3 x7 + -0.003 x2 x4^2 + -0.006 x2 x4 x5 + -0.005 x2 x4 x6 + -0.027 x2 x4 x7 + -0.003 x2 x5^2 +  0.010 x2 x5 x6 +  0.002 x2 x5 x7 +  0.006 x2 x6^2 +  0.003 x2 x6 x7 +  0.008 x2 x7^2 +  0.001 x3^2 x4 +  0.004 x3^2 x5 +  0.008 x3^2 x6 +  0.023 x3^2 x7 + -0.002 x3 x4^2 + -0.003 x3 x4 x5 + -0.002 x3 x4 x6 + -0.012 x3 x4 x7 + -0.002 x3 x5^2 +  0.004 x3 x5 x6 +  0.001 x3 x5 x7 + -0.001 x3 x6^2 + -0.015 x3 x7^2 + -0.002 x4^2 x6 + -0.008 x4^2 x7 +  0.003 x4 x5^2 +  0.002 x4 x5 x6 +  0.011 x4 x5 x7 + -0.004 x4 x6^2 +  0.001 x4 x6 x7 +  0.014 x4 x7^2 +  0.002 x5^3 + -0.003 x5^2 x6 +  0.007 x5^2 x7 + -0.007 x5 x6^2 + -0.011 x5 x6 x7 + -0.004 x5 x7^2 +  0.009 x6^3 + -0.002 x6^2 x7 +  0.002 x6 x7^2 | (x7)' =  1.539 1 +  72.523 x0 + -482.231 x1 +  1505.152 x2 + -2887.134 x3 +  3724.923 x4 + -3309.868 x5 +  2102.244 x6 + -725.487 x7 +  0.180 x0^2 + -0.929 x0 x1 +  0.188 x0 x2 +  2.115 x0 x3 + -3.699 x0 x4 +  3.688 x0 x5 + -2.221 x0 x6 +  0.525 x0 x7 +  1.004 x1^2 + -2.749 x1 x3 +  1.251 x1 x4 + -1.646 x1 x5 +  2.410 x1 x6 + -0.561 x1 x7 + -1.711 x2^2 +  4.040 x2 x3 +  5.124 x2 x4 + -3.900 x2 x5 + -1.126 x2 x6 + -0.181 x2 x7 + -2.930 x3^2 + -2.343 x3 x4 + -0.755 x3 x5 +  3.149 x3 x6 +  1.014 x3 x7 +  1.250 x4^2 +  2.807 x4 x5 + -1.193 x4 x6 + -2.780 x4 x7 + -1.163 x5^2 + -2.938 x5 x6 +  3.805 x5 x7 +  2.720 x6^2 + -2.952 x6 x7 +  0.507 x7^2 +  0.001 x0^2 x1 + -0.012 x0^2 x2 +  0.011 x0^2 x3 + -0.006 x0^2 x4 +  0.011 x0^2 x5 + -0.009 x0^2 x6 +  0.009 x0^2 x7 +  0.010 x0 x1^2 +  0.009 x0 x1 x2 + -0.027 x0 x1 x4 +  0.003 x0 x1 x5 + -0.032 x0 x1 x7 + -0.010 x0 x2^2 +  0.001 x0 x2 x3 +  0.026 x0 x2 x5 +  0.045 x0 x2 x6 +  0.005 x0 x2 x7 +  0.003 x0 x3^2 + -0.057 x0 x3 x5 + -0.036 x0 x3 x6 + -0.003 x0 x3 x7 +  0.046 x0 x4^2 + -0.008 x0 x4 x5 +  0.021 x0 x4 x6 +  0.015 x0 x4 x7 + -0.027 x0 x5^2 +  0.014 x0 x5 x6 + -0.017 x0 x5 x7 +  0.014 x0 x6^2 + -0.011 x0 x6 x7 +  0.006 x0 x7^2 + -0.015 x1^3 +  0.007 x1^2 x2 +  0.031 x1^2 x3 + -0.009 x1^2 x4 +  0.007 x1^2 x5 + -0.022 x1^2 x6 +  0.039 x1^2 x7 + -0.003 x1 x2^2 +  0.003 x1 x2 x3 + -0.012 x1 x2 x4 +  0.012 x1 x2 x5 + -0.011 x1 x2 x6 + -0.012 x1 x2 x7 + -0.016 x1 x3^2 + -0.019 x1 x3 x4 + -0.011 x1 x3 x5 +  0.004 x1 x3 x6 +  0.005 x1 x3 x7 +  0.013 x1 x4^2 +  0.014 x1 x4 x5 +  0.030 x1 x4 x6 + -0.012 x1 x4 x7 + -0.006 x1 x5^2 +  0.001 x1 x5 x6 +  0.009 x1 x5 x7 + -0.028 x1 x6^2 +  0.021 x1 x6 x7 + -0.015 x1 x7^2 + -0.004 x2^3 +  0.004 x2^2 x3 + -0.001 x2^2 x4 +  0.022 x2^2 x5 + -0.008 x2^2 x6 + -0.032 x2^2 x7 +  0.003 x2 x3^2 + -0.003 x2 x3 x4 +  0.008 x2 x3 x5 +  0.020 x2 x3 x7 + -0.001 x2 x4^2 + -0.004 x2 x4 x5 + -0.003 x2 x4 x6 + -0.037 x2 x4 x7 + -0.008 x2 x5^2 +  0.004 x2 x5 x6 +  0.007 x2 x5 x7 + -0.004 x2 x6^2 +  0.015 x2 x6 x7 +  0.013 x2 x7^2 +  0.008 x3^3 + -0.003 x3^2 x4 + -0.006 x3^2 x5 +  0.008 x3^2 x6 +  0.052 x3^2 x7 + -0.007 x3 x4^2 + -0.014 x3 x4 x5 + -0.017 x3 x4 x6 + -0.022 x3 x4 x7 +  0.003 x3 x5^2 +  0.017 x3 x5 x6 +  0.012 x3 x5 x7 +  0.008 x3 x6^2 + -0.034 x3 x6 x7 + -0.016 x3 x7^2 +  0.007 x4^3 +  0.004 x4^2 x5 + -0.013 x4^2 x6 + -0.031 x4^2 x7 +  0.016 x4 x5^2 +  0.017 x4 x5 x6 +  0.022 x4 x5 x7 +  0.005 x4 x6^2 +  0.023 x4 x7^2 + -0.009 x5^3 + -0.013 x5^2 x6 +  0.026 x5^2 x7 + -0.023 x5 x6^2 + -0.026 x5 x6 x7 + -0.006 x5 x7^2 +  0.019 x6^3 +  0.004 x6^2 x7 + -0.004 x6 x7^2 +  0.001 x7^3
29,35.0,1000.0,36.85636440989091,3,8,1,4.0,28.0,5,20.0,smoothed_finite_difference_savgol_order_3,success,,1211,1320,91.74242424242425,21.756055971607566,"[""1"", ""x0"", ""x1"", ""x2"", ""x3"", ""x4"", ""x5"", ""x6"", ""x7"", ""x0^2"", ""x0 x1"", ""x0 x2"", ""x0 x3"", ""x0 x4"", ""x0 x5"", ""x0 x6"", ""x0 x7"", ""x1^2"", ""x1 x2"", ""x1 x3"", ""x1 x4"", ""x1 x5"", ""x1 x6"", ""x1 x7"", ""x2^2"", ""x2 x3"", ""x2 x4"", ""x2 x5"", ""x2 x6"", ""x2 x7"", ""x3^2"", ""x3 x4"", ""x3 x5"", ""x3 x6"", ""x3 x7"", ""x4^2"", ""x4 x5"", ""x4 x6"", ""x4 x7"", ""x5^2"", ""x5 x6"", ""x5 x7"", ""x6^2"", ""x6 x7"", ""x7^2"", ""x0^3"", ""x0^2 x1"", ""x0^2 x2"", ""x0^2 x3"", ""x0^2 x4"", ""x0^2 x5"", ""x0^2 x6"", ""x0^2 x7"", ""x0 x1^2"", ""x0 x1 x2"", ""x0 x1 x3"", ""x0 x1 x4"", ""x0 x1 x5"", ""x0 x1 x6"", ""x0 x1 x7"", ""x0 x2^2"", ""x0 x2 x3"", ""x0 x2 x4"", ""x0 x2 x5"", ""x0 x2 x6"", ""x0 x2 x7"", ""x0 x3^2"", ""x0 x3 x4"", ""x0 x3 x5"", ""x0 x3 x6"", ""x0 x3 x7"", ""x0 x4^2"", ""x0 x4 x5"", ""x0 x4 x6"", ""x0 x4 x7"", ""x0 x5^2"", ""x0 x5 x6"", ""x0 x5 x7"", ""x0 x6^2"", ""x0 x6 x7"", ""x0 x7^2"", ""x1^3"", ""x1^2 x2"", ""x1^2 x3"", ""x1^2 x4"", ""x1^2 x5"", ""x1^2 x6"", ""x1^2 x7"", ""x1 x2^2"", ""x1 x2 x3"", ""x1 x2 x4"", ""x1 x2 x5"", ""x1 x2 x6"", ""x1 x2 x7"", ""x1 x3^2"", ""x1 x3 x4"", ""x1 x3 x5"", ""x1 x3 x6"", ""x1 x3 x7"", ""x1 x4^2"", ""x1 x4 x5"", ""x1 x4 x6"", ""x1 x4 x7"", ""x1 x5^2"", ""x1 x5 x6"", ""x1 x5 x7"", ""x1 x6^2"", ""x1 x6 x7"", ""x1 x7^2"", ""x2^3"", ""x2^2 x3"", ""x2^2 x4"", ""x2^2 x5"", ""x2^2 x6"", ""x2^2 x7"", ""x2 x3^2"", ""x2 x3 x4"", ""x2 x3 x5"", ""x2 x3 x6"", ""x2 x3 x7"", ""x2 x4^2"", ""x2 x4 x5"", ""x2 x4 x6"", ""x2 x4 x7"", ""x2 x5^2"", ""x2 x5 x6"", ""x2 x5 x7"", ""x2 x6^2"", ""x2 x6 x7"", ""x2 x7^2"", ""x3^3"", ""x3^2 x4"", ""x3^2 x5"", ""x3^2 x6"", ""x3^2 x7"", ""x3 x4^2"", ""x3 x4 x5"", ""x3 x4 x6"", ""x3 x4 x7"", ""x3 x5^2"", ""x3 x5 x6"", ""x3 x5 x7"", ""x3 x6^2"", ""x3 x6 x7"", ""x3 x7^2"", ""x4^3"", ""x4^2 x5"", ""x4^2 x6"", ""x4^2 x7"", ""x4 x5^2"", ""x4 x5 x6"", ""x4 x5 x7"", ""x4 x6^2"", ""x4 x6 x7"", ""x4 x7^2"", ""x5^3"", ""x5^2 x6"", ""x5^2 x7"", ""x5 x6^2"", ""x5 x6 x7"", ""x5 x7^2"", ""x6^3"", ""x6^2 x7"", ""x6 x7^2"", ""x7^3""]","[[-1.5359773954143838, 747.8703528963181, -2221.600288583056, 3597.9612375853753, -4133.400841877128, 3254.509963580692, -1714.586629118644, 552.2464765790173, -83.10900739724471, 0.05072275580072028, 0.15185164793996883, -1.127181572203144, 1.4563690857078575, 0.0, -1.8158878056346721, 2.027184344127582, -0.7030289171448834, -0.13309579384766546, 0.6675141205376515, -0.722222040382087, -0.8388355551379179, 3.7162620051794404, -5.002079877734496, 1.8680035159150203, 0.7468121335317677, -1.4906076958961856, -1.3818155358129076, 0.9553843040121867, 3.3245648354916915, -1.5605320140281054, 0.9516049693494182, 1.8397811730267895, -3.8664284002585227, -0.05493400311169966, -0.09988206628771318, 0.0, 0.0, -0.15262452937154575, 1.263410244211648, 1.1454373998288407, -0.2562346410230503, -1.316987301314265, -0.36362932316706137, 0.8929748161791522, -0.1718665542432116, -0.004437734181936254, 0.021208193149114134, 0.005762058586752514, -0.03471329901689953, 0.034709200658637064, -0.018321352757252593, 0.006301679734441381, -0.004311518967362669, -0.03165889835137129, 0.012103575963528264, 0.0, 0.027978370535667086, -0.020918251132393425, 0.0007607481375624614, 0.018118287387272957, 0.004718452460749856, -0.00304296038430828, 0.0013719778885632273, 0.004262878769241142, -0.01877767445232118, 0.0, -0.01329691709062777, -0.005131274514333819, 0.031617518004954694, -0.017928107892628064, 0.0021537453778693247, -0.015856710304087505, 0.017546739351440438, 0.014080576308158954, -0.004764996554510989, -0.00493039347988182, -0.0030987547912256505, -0.000945130523123073, -0.009506371064651986, 0.013638761808664097, -0.0064075745317193076, -0.0013709864613826747, 0.023565061542670598, 0.004631583669000298, -0.03045471706750905, -0.017668931665149278, 0.03945844358535328, -0.03540421694911951, 0.0027305189132420587, 0.0017994621707289951, -0.010258528487161937, 0.013525625385737683, 0.009533948969415066, 0.014954312861167786, 0.02659422501042893, 0.009803065050418898, 0.014479436928369368, -0.02258730682287453, -0.007734223808173512, -0.022414121822115506, -0.012313361293659423, 0.007601991461249447, 0.010268318544266387, -0.015375550074059673, 0.013515288580429613, -0.001732060726587233, 0.004368006875819829, -0.013233466665242333, 0.016574705235426295, -0.02964881915136471, -0.005432050745854228, -0.0003977800477181077, 0.016286437659434036, -0.022815444744322247, 0.02122679275802213, 0.017404042669851173, 0.006696521647275727, 0.008575631271687492, -0.029134295527307032, -0.0031901313062287057, -0.006983842351121435, 0.008653887539759953, 0.020556445652216117, 0.001237587158096424, 0.008501230466215889, 0.01646840623505559, -0.01773191846942251, -8.404151785355046e-05, -0.007519203416012751, -0.0226988703777175, 0.0064285455472020536, -0.01258427187445919, -0.004265143199102926, -0.0123700044707417, -0.002869476386417164, -0.01541254523741558, 0.003093720077140095, 0.022318419089680065, 0.0020740155842311854, -0.014185543874118639, -0.012540311229767008, -0.0017398882560050201, -0.018061277757348705, 0.04728910453384276, 0.02099433595534848, 0.0040674187355439154, 0.015969700117234073, 0.02720018834682297, -0.007538067588293301, -0.006535947506654102, -0.011883959284113371, -0.009249270894385424, -0.019605029750180785, 0.0, -0.028088781431488533, -0.007931472196406157, 0.004909839832693571, 0.005852856710595063, 0.01749565253095317, 0.009974470963454088, 0.009045069087518107, 0.0040081810122962755, -0.029988850259379005, 0.016639373712169527, -0.0036162618857388923], [0.009454442219328259, 125.08171031782415, -0.17815452778719001, -125.54539666914988, 2.8532520398381176, -5.274577593797252, 5.130808316241044, -2.658680243539578, 0.5915638810485022, 0.04056382178963186, -0.21301515475225455, 0.13871521156793534, 0.06451308450410566, -0.11796547986867706, 0.0, 0.07175877538195813, -0.028019198567963546, 0.2856893230605465, -0.3765392647032105, 0.00764149732792354, 0.0, 0.20306141393931948, -0.2203321580907241, 0.04819459693141867, -0.02426378644656423, 0.2908845251245287, 0.0, -0.21777717151436377, 0.08229522681786611, 0.06406976131177242, -0.19258256177654381, 0.1607864329577351, -0.13428408606849554, 0.3992954193655822, -0.2806481033674233, 0.0, -0.20133595865767942, -0.23480385013108188, 0.2558355990829695, 0.4476670261827275, -0.44979974293471153, 0.0, 0.19516002947092254, -0.07730213557613748, 0.012515361269541548, -0.0005349513587502525, 0.0026128783767859856, 0.004089327246314417, -0.017293535522325598, 0.02454894857713906, -0.021512351377693008, 0.009817074777493398, -0.0030339181956376624, -0.0051662051326036695, 0.008951877301717369, -0.005923460855051004, 0.012382228187962939, -0.004186889187274983, 0.003207953204793536, 0.004109231070444582, 0.0013702034142743047, -0.012064253785726039, -0.018276826953430938, -0.007924242178733954, 0.001770779252697846, -0.002982060107475277, 0.01751938750128243, 0.00949952283252597, 0.022953942066623264, 0.007949620915634887, -0.002328300353055589, -0.020946638628202396, -0.007237436752197528, -0.023386804182418217, -0.000571087605694925, 0.021157798683364294, 0.0036571403006778946, 0.01413240969040747, -0.011370416496166103, -0.0029319352029490036, -0.00037079259322459564, -0.005378573821461512, 0.009847663627803498, -0.0027143691813859444, 0.006410003175598342, 0.0072899091964952825, -0.007753304029280668, -0.002648810783268347, 0.0026204129614786245, -0.008932235826204053, -0.012594779515477628, 0.0007648778567647742, -0.0037721328735348596, 0.0025680908906262163, 0.007473644443784618, 0.0026219478813670626, 0.010104440076942308, 7.822214121326795e-05, -0.000993704704206028, -0.01213080068679282, -0.0058945263471763204, -0.004148192712180603, 0.0036561836892113624, -9.526582643072213e-05, 0.0, -0.020194756496168816, 0.01551387198246572, 0.002093447197288569, 0.006549945275752598, -0.001715899830777021, -0.0035535757721670354, -0.005514337698422434, 0.00563787919824683, 0.0, 0.006353105043144564, 0.007532712663209599, 0.005815047309259774, 0.004983212484361769, -0.0006733484940457492, -0.002385274429646993, 0.008305239282758439, 0.0075818276678536285, 0.01490347385249304, 0.024270421058765992, -0.005575508333153489, -0.006836169139964332, -0.009754619585058246, -0.004822885910292922, -0.0008642050428969771, -0.014652550128710843, 7.154050708636499e-05, -0.006294310606343968, -0.015282400902718615, -0.014655225513475627, -0.019664606841166183, -0.0006498217174535232, -0.003601267884279621, 0.009327297535363705, 0.008624614360434485, 0.0, -0.006440104589828431, -0.003184327957809172, 0.003889755583152222, 0.020621082368100136, 0.013783100716799166, 0.0, 0.011324625943058483, 0.016547214254359545, 0.0, -0.003244110333553982, -0.006381137619874104, 0.0, -0.011225361666961017, -0.018978390619250614, -0.010059562244939481, -0.006868939703785796, 0.0016430619495176534, -0.008085154664924953, 0.014264692256236732, 0.02657286437960646, 0.0, -0.004375074236965544, -0.013490724602283562, 0.005514508270848924, -0.0007676519158532618], [-0.03693738141671203, -0.5399223527173347, 128.85499630499012, -12.255624973732454, -102.47350010339659, -25.954214664963203, 18.824419412788508, -8.010101711771581, 1.5576174922328023, 0.023960906903205032, -0.07813065685338798, 0.03864400159350631, 0.0, 0.0, 0.0, -0.0004967761696204396, 0.0004151663859137399, 0.02710660143265462, 0.0, 0.0, 0.0, 0.0, 0.0, -0.023788486414423642, 0.08962406021405876, 0.015313127898873303, -0.3553381694082912, 0.0, 0.24998844939250686, -0.0030097784829148312, -0.8600353268944767, 3.0340922491699422, -1.2372987208565775, -0.3286666485828514, 0.044049865531588676, -2.333753002083749, 1.833163587132338, 0.42253764292557966, -0.07965956846292173, 0.0, -0.8394992061557724, 0.12988317616330092, 0.3045301665539067, -0.07362487155383725, 0.0, 0.0031015116321753957, -0.014777008061758507, 0.015197358868256863, -0.008924011429932861, 0.014568393059542918, -0.02336455086224654, 0.01590864074572018, -0.006442713804980771, 0.007482566790545559, -0.005916235759181316, -0.02166323212951231, 0.018914098998419247, 0.002428002812762356, -0.0006024704495067869, 0.010131771707340259, 0.009060402767832825, 0.0004386949672440196, -0.028319508409495105, 0.0, -0.012830241969573275, 0.0, 0.023199384635140072, -0.0042825965769824345, 0.012796286982491011, 0.030929745250153105, -0.01566198297322504, -0.0201223943770096, 0.0028214071427374887, -0.025258051198036872, 0.00220401028633824, 0.022509539995013015, -0.014563110385427654, 0.024556908383135897, -0.0008079202397450696, -0.013644065459835056, 0.002460253738221594, 0.011577781271733666, -0.016062070258534764, -0.012974275245555089, 0.03250812138132676, 0.011304681555564109, -0.024488408519096373, -0.0038460666944913255, -0.005969810648968812, -0.0028522041754950956, -0.008370834768016963, -0.01656979321686371, 0.005845549336168822, 0.010066193526132285, 0.006001995509225831, 0.0, 0.00471632720627032, 0.016753692876533558, 0.011670532647949807, -0.005101364511622504, 0.0013187626449510737, -0.0312360414967915, -0.005023656272193374, 0.008649790768183823, -0.01774898704389604, -0.014024111541842849, 0.033367847534552256, -0.006267916725497435, 0.004286657994211483, 0.012896341638611442, 0.005256205779594242, -0.018205027551753086, 0.0, 0.014689369273429016, -0.006350619932100017, 0.0027038380428370066, -0.005243247854105117, -0.003901083415661319, 0.005109389981314522, -0.012880089465370309, 0.01420103616271024, 0.016012775587225463, -0.0044306051540150375, 0.03255031614912767, 0.0, -0.009018337634565169, 0.0, 0.0, -0.005940218182044986, -0.007282003725721811, -0.004107701817787177, -0.004655886332502414, -0.009318188611160794, 0.0, -0.017089991615490137, 0.006315926208412679, 0.000679160812902228, -0.001159255029975118, 0.0, -0.007335686551807992, -0.008549224756108387, 0.017212985779576303, -0.0025778983869621753, -0.0003064007085008895, 0.010470520078213587, 0.004693044340926955, -0.0027344783749606917, 0.008782575536196408, 0.01223690422537394, -0.006635868441731913, 0.0036027856268505774, -0.026553508128934176, 0.011451700893701965, -0.0077428506331860235, -0.004760968014220707, 0.000535489056246197, 0.0, 0.0, 0.00973070744256356, 0.005360798842708164, 0.0008272569650449373, -0.016069811117105447, 0.014091850066955633, -0.00682231020485739, 0.0011988044172262108], [-0.027839321124057088, -1.0093724646991373, 6.392652367653915, 106.40772509445485, 31.848035113280858, -159.60259375030523, 23.91875328044842, -9.814109948263859, 1.8637032882571969, -0.012603993230266564, 0.08833108618511402, 0.5716874718653067, -1.7972168901130061, 2.0291400603091057, -1.0056560211868677, 0.0, 0.14949640198801142, -0.6421105831185078, 1.1737692428308664, 0.8406111207008607, -1.2962292001632023, 0.0, 1.1778737688850431, -0.7624034823276319, -0.9357924940552701, 0.19160303079068255, 0.0, -0.06498966560451724, -0.7557195413093276, 0.9251419591468174, 0.0, 0.8929568727087304, 1.503208491372662, -1.6538035883798596, -0.24893503888503388, -1.585313263955585, 0.2593690203965591, 1.5563160505972529, 0.0, -0.19137710773884453, -0.24654964715225375, -0.22983126962649686, -0.14514565366550175, 0.2701959680580643, -0.055988168009133754, 0.004018209509370716, -0.019027298364281645, 0.015608188874643728, 0.005194289020260618, -0.002960217671663299, -0.01436463012411967, 0.013188909530936141, -0.007670251536059034, 0.010652399856215274, -0.01845859647820417, -0.026662736566324865, 0.018289884601479674, 0.01207432616169736, -0.0032240342900472277, 0.019290127388592586, 0.019728811694772964, 0.0, -0.011068721909955904, -0.027740077116611726, 0.00018776628858010457, -0.019504299083856473, 0.020751586793581998, -0.010210857693330034, 0.018944463768441163, 0.0357928217156531, 0.0, -0.02555439162242904, 0.008407823851651102, -0.04290755455528769, 0.0, 0.03346352349774814, -0.02341532963674166, 0.028698334379467283, 0.006893562074659844, -0.022931567693904732, 0.00651096425153813, 0.02237740794653936, -0.029175611196093566, -0.020611175782249004, 0.04577985728384989, 0.009740611084452023, -0.030479060885237295, -0.0071438998537631665, -0.009722525213750688, -0.0027200925164702697, 0.0025231657634278916, -0.025336139887065984, 0.0, 0.02040566275283102, -0.0003837365605572288, 0.0030083304310976797, 0.0, 0.035730430984396745, 0.0015503122347915045, 0.0, 0.012036818948787924, -0.030170113580879156, -0.011621659873672238, 0.0021432398289092974, -0.03114927026791827, -0.007475366456029924, 0.04055928057921653, -0.0002911596613021402, -0.0059335810667346086, 0.022857119638232688, 0.007443886182357111, -0.025909370012146892, 0.0, 0.016967461779999617, 0.0014544251140791843, -0.002454850080386225, -0.012330510584247523, 0.0, 0.009968878768821013, -0.0235150611231754, 0.01525046231085837, 0.0, -0.006585879135054997, 0.028512650188467915, 0.0023910031780363405, -0.018532556065947895, 0.018889014765755094, 0.004159722627101644, -0.017301156763794175, 0.007596458317315822, -0.002960063560114897, -4.089564663118572e-05, -0.013289996860570355, 0.0, -0.02907343987484821, 0.014579093264586769, 0.006567605144491974, 0.0025080387475421343, 0.0266914328546987, 0.006582319120398308, -0.0033065809791521963, 0.0026915999975627414, 0.0, -0.02267542021946723, 0.004699373378799443, -0.0009578441089961331, -0.009850061104400308, -0.005060071023620161, 0.013800177441947158, -0.006887071513222514, -0.0031514512171240618, -0.021873615559513997, 0.014623443113216535, 0.00804561865658434, 0.0022630031123618923, 0.005884512060964013, 0.003720464397688325, -0.02139850749521676, 0.007081251819900116, 0.036069693484340984, -0.016881777795667807, -0.018591845764817285, 0.0, 0.006969856549215952, -0.0012780736755220058], [-0.09884613564788654, -1.1304928548515578, 6.581186229161102, -17.704523185195082, 153.2891600549317, -28.927276326650603, -105.98378293528415, -7.5086141656905765, 1.3888714548289287, -0.05375836680098171, 0.2094886846189003, 0.0, -0.31904064906542867, 0.6118660201651668, -0.6275083481907477, 0.3056123493449275, -0.07353915246700787, 0.0, -1.0027267575764374, 0.793022836675326, -0.21478079513853218, 0.20016974720368721, 0.0, 0.010812209385521238, 1.4347568944092424, -1.2638302955215568, -0.5198214783153593, 0.0, -0.06409032540551585, 0.012970362000463627, -0.5513580888589887, 1.371713017677216, 1.0453120402838294, -0.6937659984474881, 0.08693845111563081, -0.03885545650206914, -1.4891532207675948, 0.17002672599082921, 0.26095542010550443, -0.0355765915412542, 1.685956019057139, -0.834851932580182, -1.0665958552565273, 0.7706302258074608, -0.12095395012918148, 0.0038460234251061778, -0.018527093821982636, 0.017515398825763605, 0.0005590393607150908, -0.000980919516325614, -0.012869788967514952, 0.010427413263424867, -0.0067132639609924025, 0.010132990058159432, -0.018360227684118047, -0.024204358446801827, 0.02222311913232821, 0.011295273581083903, 0.00028324117497457275, 0.018405447296039497, 0.011703501628252493, 0.013056386604033719, -0.0034664677924695873, -0.02792865714464009, -0.012327148363529734, -0.01466832892348129, 0.005762966935373804, -0.012923228198668629, 0.016070680209963266, 0.031457229285629024, 0.0, -0.01692516051553175, 0.01446779382304382, -0.02960358364948497, 0.0, 0.02208759203468598, -0.023627696940225096, 0.01909557064127406, 0.006576988764663998, -0.012845310452942387, 0.003957059975016571, 0.020934052365608653, -0.026766628138184957, -0.004697277444291278, 0.0, 0.017785177006284795, -0.025181868474347068, -0.011734456501329548, -0.010836810841811397, 0.0075557787558155195, 0.02074293584765282, -0.011353345984785702, 0.009700325680838768, 0.020259589111127893, -0.004295454366341383, -0.005027057832878948, 0.004905435176675721, 0.02789914911426306, 0.006399753118575091, 0.0, 0.0020344032129576612, -0.026536502066237935, -0.01747100021977902, -3.66234299366181e-05, -0.01936858041189051, 0.00596228704855904, 0.03160480826695382, -0.010387669231988738, -0.004932190733166632, 0.012025381400820618, 0.009713091086521066, -0.0026472760404851257, -0.029711690415823888, 0.012054421664875532, -0.0003747147488668683, -0.0056050225121142, -0.006785744874592997, -0.00709268334071297, 0.011455115052974207, -0.020785437205625815, 0.009722583362885649, 0.01006383356002993, -0.00876936249888542, 0.010920957910506377, 0.003917833072684623, -0.012494391906442694, 0.022904633258042414, 0.005921755502266002, -0.015964506388732248, 0.012734670032104859, -0.009579813534243746, 0.001513972555185698, 0.006078627801947086, 0.0, -0.015254983812777243, 0.011812674743009536, 0.008477933058686412, 0.00029370153603360503, 0.020626936560413266, -0.001500242871259636, -0.009676515450130835, 0.0026279926917000605, -0.002010179691483527, -0.022421870793270512, -0.0025189007842039857, -0.002601466354765727, -0.009708332185137761, -0.00629361005459244, 0.006492948695543784, -0.009228190951348076, -0.002650741908691993, 0.0, 0.01932709346061058, 0.006173189294536239, 0.004996104096874532, 0.00781818599743408, 0.008726820410875465, -0.032700528316128234, 0.010469742617542003, 0.019477782966937345, -0.009499142596243161, -0.028614430146180633, 0.024727193698126117, -0.008039785460145677, 0.001343446151942185], [-0.09864388035451215, -0.5746501472921519, 3.0526910511597976, -7.364116543738006, 10.478592072872626, 115.40618870629207, 5.787006025869502, -127.19053675807555, 0.4083546497222507, 0.04024003563774128, -0.26976362262377657, 0.3367530915146541, -0.15407569021086776, 0.051836642781003306, 0.0, 0.0045804657267649535, -0.052986484994337384, 0.4105866676120468, -0.7818386437557184, 0.0, 0.0, 0.0, 0.0, 0.2517409572400714, 0.0, 1.402738159305357, -0.3593378012928506, -0.08208764600135773, 0.0, -0.5770861355429029, -1.2516260608853713, 0.13582414084493077, 0.41308614899589274, 0.0, 0.8056778910512333, 0.9244213230451066, -1.0402405291192758, 0.0, -0.7400210495157363, 0.0, 0.3547420310067734, 0.4211526893070806, -0.09272638587333985, -0.19886972120267835, 0.047296732856262284, 0.0019121500921647325, -0.009502716887234294, 0.0064925325050922324, 0.0053313443612486204, -0.009895117036707334, 0.005750593968553317, -0.0010217285161765505, -0.002240156972766117, 0.007408394186420436, -0.008754300255362167, -0.005208995443877154, 0.002882159687262753, 0.00012582319293261837, -7.355655901674136e-05, 0.010763064989083544, 0.0, 0.007082384748530054, 0.007482826300904839, 0.0, -0.015416980872009576, -0.002866451775623117, 0.0, -0.010316703541226163, 0.0075204735603902565, 0.007442776742851344, -0.003151574335590074, -0.007683048525279576, 0.008780530404088771, -0.0034051385998758823, 0.0019350070802573404, 0.0032770605225354225, -0.004848786425670964, 0.0, -0.004121062931924548, 0.006448158877865157, -0.0008162412090833906, 0.008787665195240716, -0.015117781996785543, -0.003804105246208306, 0.005488859321853959, 0.0, 0.0045038389815301155, -0.013738416428655397, 0.0, 0.006015002155612317, 0.006687069802155622, -0.021319778637277575, 0.009400990944551085, 0.010800336739491921, -0.0022815358716977607, 0.0007256199171673085, -0.0035482641705151846, 0.01497658668340952, 0.008815728466570794, 0.0, 0.0024617648087003037, -0.0077527602791819345, -0.006215369008435999, -0.0007207351498971522, -0.001068888563765016, 0.0, 0.01036336685647616, -0.010343706385566228, -0.0033151359024718966, 0.004763687746311815, 0.004251648177781912, 0.0011761012078480753, 0.0, -0.0020912823758917312, -0.0006405101207791923, -0.006298467744184502, 0.0008792366355626941, -0.007903301123601289, -0.0019850512133491537, -0.009972809681088948, 0.010418984319380107, -5.8263589263639193e-05, -0.015856973903747164, -0.00961445467752908, -0.003986268404753723, 0.0, 0.019701221708360316, 0.004791868408472893, -0.0042818988218713315, 0.014421405660735213, -0.011410669588467509, 0.00416996744477811, 0.007971621691739011, 0.008424369752448722, 0.0020042030185703145, 0.008614637803355512, 0.005177809544129522, 0.0, 0.00657317521788067, 0.0006214831326250701, -0.0014955491840158788, 0.007791876496508937, -0.004879287530012811, -0.018088700618462534, -0.015506156548610976, -0.005772532739938975, -0.008350562256080194, -0.004155090078225708, 0.0, -0.0043857533140788186, 0.0018649281944286824, -0.0034652164469394452, 0.008510346939811722, 0.008953206638987913, 0.01679445842644879, 0.0066207375339578985, 0.004989370468272882, -0.014026159500261965, 0.00021434159952602821, 0.00557135715707998, -0.012063022343830512, -0.012915080987219232, 0.01625752902179432, -0.004345917313487127, 0.0009062434582380886], [0.0, 0.022875859946115122, -0.8042355314060323, 4.01850467577152, -9.23583857174209, 12.074575887513905, 115.57316934255869, 4.187921857144046, -125.83797667581902, -0.015886553099876015, 0.08237187659395222, -0.27469991443028463, 0.4975903030620771, -0.5080940274136897, 0.37276153876351853, -0.10974010964611565, -0.03731512181929337, 0.0, 0.19240450450710628, -0.17859449484660603, -0.2797441875340187, 0.14305789980947045, -0.2838281027788136, 0.37947864155461564, -0.37365939649079416, 0.565122035302954, 0.43345714127009793, 0.43769472575848106, 0.0, -0.7603148327655408, 0.0, -1.0221251299689076, -1.2518012217134433, 0.695508699280361, 0.946303211451446, 0.9482698512977152, 0.5174605244166034, -0.2330644998789435, -1.067620837194069, -0.2912563320518009, -0.3925650416037328, 0.9305353064184669, 0.41770954828982204, -0.5793887805013922, 0.09997006364814846, -0.0011733501025661445, 0.003324055098156793, 0.0, -0.003531245141803767, -0.008049707162700004, 0.023916316665925492, -0.01973903310360851, 0.008697224070392638, 0.001964539842058453, -0.005529361400584351, 0.023545937310447036, -0.01901148465401339, -0.00841331864569348, 0.011946923413037894, -0.017850320182613483, -0.010168344954068141, 0.0, 0.014918398834788385, 0.02322942925461166, -0.0073678545947899205, 0.011325421205188969, 0.0, -0.020311047833441797, -0.012825338714774051, -0.027775662237228032, 0.008252144906125781, 0.019880022675594872, 0.010850674314904779, 0.029463410889304733, -0.0033737186660414927, -0.031004091090756396, 0.004376068788865827, -0.01970890770801681, 0.012134121691894501, 0.006700021691415275, -0.0009016019661529168, -0.006743042988343634, 0.004576528559294228, 0.02080235453787827, -0.023997161230864802, -0.02514161965499349, 0.030322276213149774, 0.0037438100577013352, 0.000430748038757954, 0.007665827404332, 0.01758274049261979, 0.00715770949407595, 0.0, -0.009646593696676933, -0.021932603842199097, 0.0, -0.008364478223155102, -0.013547551273496617, -0.0028505340845544967, 0.010380112731649129, 0.0, 0.028577158232869986, 0.0001823328822370877, -0.005018311064253033, 0.016862218128103495, 0.025225143377527265, -0.03962171001861002, 0.0, -0.005791880940657679, -0.007475293840188738, 0.004758681576216135, 0.0, 0.019993679080740345, -0.022143199600056517, -0.0012884122399829305, -0.007134958814234721, 0.010055632980647001, -0.0005727774393399687, -0.01058976774210758, 0.010734891996549152, -0.00408953152925583, -0.015698357991967393, -0.003141527170365621, -0.04186387156370353, -0.008419635466219171, 0.022125200098221148, -0.0027126674272585126, 0.0, 0.010718454671728826, 0.017063614823085188, 0.0, 0.004582305944249475, 0.0032642725107666576, 0.013078460975543566, 0.03791690912838814, -0.0013598286605409416, -0.0058254354497333845, 4.781919496468323e-05, -0.01951902220629412, 0.002656422317146549, 0.012977157671450931, -0.006555092275077874, 0.002188080146548576, 0.0, -0.031590917836423475, -0.0004804032260905051, -0.002112801089305061, -0.010110316083373016, -0.010878464894439789, 0.00511097475460127, -0.0011980091286014408, 0.01839324245485836, -0.010322255362799104, 0.004925316322271995, 0.027905896008553276, 0.006646952438004472, -0.005896559846486255, 0.013857012857852067, -0.012981791098923804, -0.019749352696483338, -0.010687183797522634, 0.017923110436976905, -0.006581844507484341, 0.006467185224476529, -0.0010557002484139824], [1.3170822933409785, 81.56063754036037, -543.349903620113, 1691.7707929144344, -3220.579114832082, 4102.024739890914, -3580.257622478187, 2216.230544523178, -747.3004963888172, 0.14383770528331136, -0.7821892197855785, -0.05075943326865751, 2.3010292723124306, -3.689612142729207, 3.482829312531571, -1.9364444081229548, 0.40842718727118293, 1.0079936987879456, 0.0, -2.4969976307417583, 0.804760897450899, -1.1121222392956513, 1.532578547520212, -0.14411039777239262, -1.9829631031707042, 4.379322847230616, 4.575988288338878, -3.02667015163245, -0.5231266173522949, -0.7417275223664593, -2.517306677944627, -2.977364661489898, -1.694632130205389, 2.7440227285274275, 1.5031389053227915, 1.7756723017678937, 3.106179732644214, -0.8263489186588506, -2.995869601551596, -1.3081022779674856, -3.0204057285266064, 3.704183166172232, 2.6414904894137803, -2.728572957876095, 0.4438357654576351, -0.0005068151398230419, 0.0, -0.018045001241262185, 0.019699210776866292, -0.015917858839431955, 0.023736747315214912, -0.016655165163583258, 0.013389588017951561, 0.02329586853739653, 0.006835356737309338, 0.0, -0.033626547953881133, 0.0005313234912537795, -0.004189581944198294, -0.041254833233901285, -0.02017730724654501, 0.00657265649262776, 0.012811812819268928, 0.04215392288875597, 0.04177527487793013, 0.017433230764316795, -0.008627919543775921, -0.0008827264996820422, -0.0688144258864378, -0.051894093185119956, -0.0022471580895329513, 0.06064262413803552, -0.008869192794544838, 0.04864046878444627, 0.00864313809025668, -0.05117832086035142, 0.024575778250957303, -0.03026061587775959, 0.015531191141874333, -0.0019239758237726966, 0.0036366952024950525, -0.03145883151595175, 0.014951140444384536, 0.05146101171687439, -0.030503900327962942, -0.00018613480712839292, 0.001069687998988839, 0.040584073826353144, 0.005399763995933399, 0.00897440277291285, -0.01566823756152391, 0.01577190666226689, -0.015133411549783655, -0.020993070016112777, -0.021004879660073607, -0.02279213449109148, -0.0214019322415232, -0.012871098338998629, 0.008115515548833557, 0.02030186275075846, 0.015546702379474888, 0.044196463660305524, -0.00531757345927611, -0.004557316891481283, 0.014045246081985962, 0.023472753035742783, -0.054650237544499304, 0.01653197186753273, -0.013888976846471614, -0.011514721154694449, -0.002121303613701733, 0.00468853682700986, 0.0350033449669204, -0.01570143709818453, -0.036825411153585265, -0.0009115759836026259, 0.002365740334265549, 0.008840019705729113, 0.0, 0.02916069581298527, -0.0008441769760827478, -0.012255625713265978, -0.008735666556211212, -0.06407455264735053, -0.011350435912836623, 0.01330466126430827, -0.0007843261328797172, 5.889386022697943e-05, 0.026644571099846, 0.01799637871532559, 0.010329947313559417, 0.002676331632345997, -0.005718216861385731, 0.01233336692497497, 0.0760303854488392, -0.0090042262543992, -0.020724046563709596, -0.01843320241806119, -0.0359069758899177, 0.0019089392349923935, 0.02442813207396783, 0.010612090670522182, 0.008608915323465034, -0.028933183014656395, -0.03138757545272143, 0.003503549623145448, 0.0033192748121355174, -0.012722385953176183, -0.038704118279036595, 0.022286949375659934, 0.020000925333973584, 0.03375608260890558, -0.004961095973093731, 0.0, 0.03445636961844698, -0.004113484071262016, -0.01880655316216939, 0.03408834496007679, -0.035206808983561086, -0.03782387435234821, -0.005812071076683988, 0.035068314121893006, 0.00012475660041165782, -0.004971883674001083, 0.0019191126887014482]]",(x0)' = -1.536 1 +  747.870 x0 + -2221.600 x1 +  3597.961 x2 + -4133.401 x3 +  3254.510 x4 + -1714.587 x5 +  552.246 x6 + -83.109 x7 +  0.051 x0^2 +  0.152 x0 x1 + -1.127 x0 x2 +  1.456 x0 x3 + -1.816 x0 x5 +  2.027 x0 x6 + -0.703 x0 x7 + -0.133 x1^2 +  0.668 x1 x2 + -0.722 x1 x3 + -0.839 x1 x4 +  3.716 x1 x5 + -5.002 x1 x6 +  1.868 x1 x7 +  0.747 x2^2 + -1.491 x2 x3 + -1.382 x2 x4 +  0.955 x2 x5 +  3.325 x2 x6 + -1.561 x2 x7 +  0.952 x3^2 +  1.840 x3 x4 + -3.866 x3 x5 + -0.055 x3 x6 + -0.100 x3 x7 + -0.153 x4 x6 +  1.263 x4 x7 +  1.145 x5^2 + -0.256 x5 x6 + -1.317 x5 x7 + -0.364 x6^2 +  0.893 x6 x7 + -0.172 x7^2 + -0.004 x0^3 +  0.021 x0^2 x1 +  0.006 x0^2 x2 + -0.035 x0^2 x3 +  0.035 x0^2 x4 + -0.018 x0^2 x5 +  0.006 x0^2 x6 + -0.004 x0^2 x7 + -0.032 x0 x1^2 +  0.012 x0 x1 x2 +  0.028 x0 x1 x4 + -0.021 x0 x1 x5 +  0.001 x0 x1 x6 +  0.018 x0 x1 x7 +  0.005 x0 x2^2 + -0.003 x0 x2 x3 +  0.001 x0 x2 x4 +  0.004 x0 x2 x5 + -0.019 x0 x2 x6 + -0.013 x0 x3^2 + -0.005 x0 x3 x4 +  0.032 x0 x3 x5 + -0.018 x0 x3 x6 +  0.002 x0 x3 x7 + -0.016 x0 x4^2 +  0.018 x0 x4 x5 +  0.014 x0 x4 x6 + -0.005 x0 x4 x7 + -0.005 x0 x5^2 + -0.003 x0 x5 x6 + -0.001 x0 x5 x7 + -0.010 x0 x6^2 +  0.014 x0 x6 x7 + -0.006 x0 x7^2 + -0.001 x1^3 +  0.024 x1^2 x2 +  0.005 x1^2 x3 + -0.030 x1^2 x4 + -0.018 x1^2 x5 +  0.039 x1^2 x6 + -0.035 x1^2 x7 +  0.003 x1 x2^2 +  0.002 x1 x2 x3 + -0.010 x1 x2 x4 +  0.014 x1 x2 x5 +  0.010 x1 x2 x6 +  0.015 x1 x2 x7 +  0.027 x1 x3^2 +  0.010 x1 x3 x4 +  0.014 x1 x3 x5 + -0.023 x1 x3 x6 + -0.008 x1 x3 x7 + -0.022 x1 x4^2 + -0.012 x1 x4 x5 +  0.008 x1 x4 x6 +  0.010 x1 x4 x7 + -0.015 x1 x5^2 +  0.014 x1 x5 x6 + -0.002 x1 x5 x7 +  0.004 x1 x6^2 + -0.013 x1 x6 x7 +  0.017 x1 x7^2 + -0.030 x2^3 + -0.005 x2^2 x3 +  0.016 x2^2 x5 + -0.023 x2^2 x6 +  0.021 x2^2 x7 +  0.017 x2 x3^2 +  0.007 x2 x3 x4 +  0.009 x2 x3 x5 + -0.029 x2 x3 x6 + -0.003 x2 x3 x7 + -0.007 x2 x4^2 +  0.009 x2 x4 x5 +  0.021 x2 x4 x6 +  0.001 x2 x4 x7 +  0.009 x2 x5^2 +  0.016 x2 x5 x6 + -0.018 x2 x5 x7 + -0.008 x2 x6 x7 + -0.023 x2 x7^2 +  0.006 x3^3 + -0.013 x3^2 x4 + -0.004 x3^2 x5 + -0.012 x3^2 x6 + -0.003 x3^2 x7 + -0.015 x3 x4^2 +  0.003 x3 x4 x5 +  0.022 x3 x4 x6 +  0.002 x3 x4 x7 + -0.014 x3 x5^2 + -0.013 x3 x5 x6 + -0.002 x3 x5 x7 + -0.018 x3 x6^2 +  0.047 x3 x6 x7 +  0.021 x3 x7^2 +  0.004 x4^3 +  0.016 x4^2 x5 +  0.027 x4^2 x6 + -0.008 x4^2 x7 + -0.007 x4 x5^2 + -0.012 x4 x5 x6 + -0.009 x4 x5 x7 + -0.020 x4 x6^2 + -0.028 x4 x7^2 + -0.008 x5^3 +  0.005 x5^2 x6 +  0.006 x5^2 x7 +  0.017 x5 x6^2 +  0.010 x5 x6 x7 +  0.009 x5 x7^2 +  0.004 x6^3 + -0.030 x6^2 x7 +  0.017 x6 x7^2 + -0.004 x7^3 | (x1)' =  0.009 1 +  125.082 x0 + -0.178 x1 + -125.545 x2 +  2.853 x3 + -5.275 x4 +  5.131 x5 + -2.659 x6 +  0.592 x7 +  0.041 x0^2 + -0.213 x0 x1 +  0.139 x0 x2 +  0.065 x0 x3 + -0.118 x0 x4 +  0.072 x0 x6 + -0.028 x0 x7 +  0.286 x1^2 + -0.377 x1 x2 +  0.008 x1 x3 +  0.203 x1 x5 + -0.220 x1 x6 +  0.048 x1 x7 + -0.024 x2^2 +  0.291 x2 x3 + -0.218 x2 x5 +  0.082 x2 x6 +  0.064 x2 x7 + -0.193 x3^2 +  0.161 x3 x4 + -0.134 x3 x5 +  0.399 x3 x6 + -0.281 x3 x7 + -0.201 x4 x5 + -0.235 x4 x6 +  0.256 x4 x7 +  0.448 x5^2 + -0.450 x5 x6 +  0.195 x6^2 + -0.077 x6 x7 +  0.013 x7^2 + -0.001 x0^3 +  0.003 x0^2 x1 +  0.004 x0^2 x2 + -0.017 x0^2 x3 +  0.025 x0^2 x4 + -0.022 x0^2 x5 +  0.010 x0^2 x6 + -0.003 x0^2 x7 + -0.005 x0 x1^2 +  0.009 x0 x1 x2 + -0.006 x0 x1 x3 +  0.012 x0 x1 x4 + -0.004 x0 x1 x5 +  0.003 x0 x1 x6 +  0.004 x0 x1 x7 +  0.001 x0 x2^2 + -0.012 x0 x2 x3 + -0.018 x0 x2 x4 + -0.008 x0 x2 x5 +  0.002 x0 x2 x6 + -0.003 x0 x2 x7 +  0.018 x0 x3^2 +  0.009 x0 x3 x4 +  0.023 x0 x3 x5 +  0.008 x0 x3 x6 + -0.002 x0 x3 x7 + -0.021 x0 x4^2 + -0.007 x0 x4 x5 + -0.023 x0 x4 x6 + -0.001 x0 x4 x7 +  0.021 x0 x5^2 +  0.004 x0 x5 x6 +  0.014 x0 x5 x7 + -0.011 x0 x6^2 + -0.003 x0 x6 x7 + -0.005 x1^3 +  0.010 x1^2 x2 + -0.003 x1^2 x3 +  0.006 x1^2 x4 +  0.007 x1^2 x5 + -0.008 x1^2 x6 + -0.003 x1^2 x7 +  0.003 x1 x2^2 + -0.009 x1 x2 x3 + -0.013 x1 x2 x4 +  0.001 x1 x2 x5 + -0.004 x1 x2 x6 +  0.003 x1 x2 x7 +  0.007 x1 x3^2 +  0.003 x1 x3 x4 +  0.010 x1 x3 x5 + -0.001 x1 x3 x7 + -0.012 x1 x4^2 + -0.006 x1 x4 x5 + -0.004 x1 x4 x6 +  0.004 x1 x4 x7 + -0.020 x1 x5 x7 +  0.016 x1 x6^2 +  0.002 x1 x6 x7 +  0.007 x1 x7^2 + -0.002 x2^3 + -0.004 x2^2 x3 + -0.006 x2^2 x4 +  0.006 x2^2 x5 +  0.006 x2^2 x7 +  0.008 x2 x3^2 +  0.006 x2 x3 x4 +  0.005 x2 x3 x5 + -0.001 x2 x3 x6 + -0.002 x2 x3 x7 +  0.008 x2 x4^2 +  0.008 x2 x4 x5 +  0.015 x2 x4 x6 +  0.024 x2 x4 x7 + -0.006 x2 x5^2 + -0.007 x2 x5 x6 + -0.010 x2 x5 x7 + -0.005 x2 x6^2 + -0.001 x2 x6 x7 + -0.015 x2 x7^2 + -0.006 x3^2 x4 + -0.015 x3^2 x5 + -0.015 x3^2 x6 + -0.020 x3^2 x7 + -0.001 x3 x4^2 + -0.004 x3 x4 x5 +  0.009 x3 x4 x6 +  0.009 x3 x4 x7 + -0.006 x3 x5 x6 + -0.003 x3 x5 x7 +  0.004 x3 x6^2 +  0.021 x3 x6 x7 +  0.014 x3 x7^2 +  0.011 x4^2 x5 +  0.017 x4^2 x6 + -0.003 x4 x5^2 + -0.006 x4 x5 x6 + -0.011 x4 x6^2 + -0.019 x4 x6 x7 + -0.010 x4 x7^2 + -0.007 x5^3 +  0.002 x5^2 x6 + -0.008 x5^2 x7 +  0.014 x5 x6^2 +  0.027 x5 x6 x7 + -0.004 x6^3 + -0.013 x6^2 x7 +  0.006 x6 x7^2 + -0.001 x7^3 | (x2)' = -0.037 1 + -0.540 x0 +  128.855 x1 + -12.256 x2 + -102.474 x3 + -25.954 x4 +  18.824 x5 + -8.010 x6 +  1.558 x7 +  0.024 x0^2 + -0.078 x0 x1 +  0.039 x0 x2 +  0.027 x1^2 + -0.024 x1 x7 +  0.090 x2^2 +  0.015 x2 x3 + -0.355 x2 x4 +  0.250 x2 x6 + -0.003 x2 x7 + -0.860 x3^2 +  3.034 x3 x4 + -1.237 x3 x5 + -0.329 x3 x6 +  0.044 x3 x7 + -2.334 x4^2 +  1.833 x4 x5 +  0.423 x4 x6 + -0.080 x4 x7 + -0.839 x5 x6 +  0.130 x5 x7 +  0.305 x6^2 + -0.074 x6 x7 +  0.003 x0^3 + -0.015 x0^2 x1 +  0.015 x0^2 x2 + -0.009 x0^2 x3 +  0.015 x0^2 x4 + -0.023 x0^2 x5 +  0.016 x0^2 x6 + -0.006 x0^2 x7 +  0.007 x0 x1^2 + -0.006 x0 x1 x2 + -0.022 x0 x1 x3 +  0.019 x0 x1 x4 +  0.002 x0 x1 x5 + -0.001 x0 x1 x6 +  0.010 x0 x1 x7 +  0.009 x0 x2^2 + -0.028 x0 x2 x4 + -0.013 x0 x2 x6 +  0.023 x0 x3^2 + -0.004 x0 x3 x4 +  0.013 x0 x3 x5 +  0.031 x0 x3 x6 + -0.016 x0 x3 x7 + -0.020 x0 x4^2 +  0.003 x0 x4 x5 + -0.025 x0 x4 x6 +  0.002 x0 x4 x7 +  0.023 x0 x5^2 + -0.015 x0 x5 x6 +  0.025 x0 x5 x7 + -0.001 x0 x6^2 + -0.014 x0 x6 x7 +  0.002 x0 x7^2 +  0.012 x1^3 + -0.016 x1^2 x2 + -0.013 x1^2 x3 +  0.033 x1^2 x4 +  0.011 x1^2 x5 + -0.024 x1^2 x6 + -0.004 x1^2 x7 + -0.006 x1 x2^2 + -0.003 x1 x2 x3 + -0.008 x1 x2 x4 + -0.017 x1 x2 x5 +  0.006 x1 x2 x6 +  0.010 x1 x2 x7 +  0.006 x1 x3^2 +  0.005 x1 x3 x5 +  0.017 x1 x3 x6 +  0.012 x1 x3 x7 + -0.005 x1 x4^2 +  0.001 x1 x4 x5 + -0.031 x1 x4 x6 + -0.005 x1 x4 x7 +  0.009 x1 x5^2 + -0.018 x1 x5 x6 + -0.014 x1 x5 x7 +  0.033 x1 x6^2 + -0.006 x1 x6 x7 +  0.004 x1 x7^2 +  0.013 x2^3 +  0.005 x2^2 x3 + -0.018 x2^2 x4 +  0.015 x2^2 x6 + -0.006 x2^2 x7 +  0.003 x2 x3^2 + -0.005 x2 x3 x4 + -0.004 x2 x3 x5 +  0.005 x2 x3 x6 + -0.013 x2 x3 x7 +  0.014 x2 x4^2 +  0.016 x2 x4 x5 + -0.004 x2 x4 x6 +  0.033 x2 x4 x7 + -0.009 x2 x5 x6 + -0.006 x2 x6 x7 + -0.007 x2 x7^2 + -0.004 x3^3 + -0.005 x3^2 x4 + -0.009 x3^2 x5 + -0.017 x3^2 x7 +  0.006 x3 x4^2 +  0.001 x3 x4 x5 + -0.001 x3 x4 x6 + -0.007 x3 x5^2 + -0.009 x3 x5 x6 +  0.017 x3 x5 x7 + -0.003 x3 x6^2 +  0.010 x3 x7^2 +  0.005 x4^3 + -0.003 x4^2 x5 +  0.009 x4^2 x6 +  0.012 x4^2 x7 + -0.007 x4 x5^2 +  0.004 x4 x5 x6 + -0.027 x4 x5 x7 +  0.011 x4 x6^2 + -0.008 x4 x6 x7 + -0.005 x4 x7^2 +  0.001 x5^3 +  0.010 x5 x6^2 +  0.005 x5 x6 x7 +  0.001 x5 x7^2 + -0.016 x6^3 +  0.014 x6^2 x7 + -0.007 x6 x7^2 +  0.001 x7^3 | (x3)' = -0.028 1 + -1.009 x0 +  6.393 x1 +  106.408 x2 +  31.848 x3 + -159.603 x4 +  23.919 x5 + -9.814 x6 +  1.864 x7 + -0.013 x0^2 +  0.088 x0 x1 +  0.572 x0 x2 + -1.797 x0 x3 +  2.029 x0 x4 + -1.006 x0 x5 +  0.149 x0 x7 + -0.642 x1^2 +  1.174 x1 x2 +  0.841 x1 x3 + -1.296 x1 x4 +  1.178 x1 x6 + -0.762 x1 x7 + -0.936 x2^2 +  0.192 x2 x3 + -0.065 x2 x5 + -0.756 x2 x6 +  0.925 x2 x7 +  0.893 x3 x4 +  1.503 x3 x5 + -1.654 x3 x6 + -0.249 x3 x7 + -1.585 x4^2 +  0.259 x4 x5 +  1.556 x4 x6 + -0.191 x5^2 + -0.247 x5 x6 + -0.230 x5 x7 + -0.145 x6^2 +  0.270 x6 x7 + -0.056 x7^2 +  0.004 x0^3 + -0.019 x0^2 x1 +  0.016 x0^2 x2 +  0.005 x0^2 x3 + -0.003 x0^2 x4 + -0.014 x0^2 x5 +  0.013 x0^2 x6 + -0.008 x0^2 x7 +  0.011 x0 x1^2 + -0.018 x0 x1 x2 + -0.027 x0 x1 x3 +  0.018 x0 x1 x4 +  0.012 x0 x1 x5 + -0.003 x0 x1 x6 +  0.019 x0 x1 x7 +  0.020 x0 x2^2 + -0.011 x0 x2 x4 + -0.028 x0 x2 x5 + -0.020 x0 x2 x7 +  0.021 x0 x3^2 + -0.010 x0 x3 x4 +  0.019 x0 x3 x5 +  0.036 x0 x3 x6 + -0.026 x0 x4^2 +  0.008 x0 x4 x5 + -0.043 x0 x4 x6 +  0.033 x0 x5^2 + -0.023 x0 x5 x6 +  0.029 x0 x5 x7 +  0.007 x0 x6^2 + -0.023 x0 x6 x7 +  0.007 x0 x7^2 +  0.022 x1^3 + -0.029 x1^2 x2 + -0.021 x1^2 x3 +  0.046 x1^2 x4 +  0.010 x1^2 x5 + -0.030 x1^2 x6 + -0.007 x1^2 x7 + -0.010 x1 x2^2 + -0.003 x1 x2 x3 +  0.003 x1 x2 x4 + -0.025 x1 x2 x5 +  0.020 x1 x2 x7 +  0.003 x1 x3 x4 +  0.036 x1 x3 x6 +  0.002 x1 x3 x7 +  0.012 x1 x4 x5 + -0.030 x1 x4 x6 + -0.012 x1 x4 x7 +  0.002 x1 x5^2 + -0.031 x1 x5 x6 + -0.007 x1 x5 x7 +  0.041 x1 x6^2 + -0.006 x1 x7^2 +  0.023 x2^3 +  0.007 x2^2 x3 + -0.026 x2^2 x4 +  0.017 x2^2 x6 +  0.001 x2^2 x7 + -0.002 x2 x3^2 + -0.012 x2 x3 x4 +  0.010 x2 x3 x6 + -0.024 x2 x3 x7 +  0.015 x2 x4^2 + -0.007 x2 x4 x6 +  0.029 x2 x4 x7 +  0.002 x2 x5^2 + -0.019 x2 x5 x6 +  0.019 x2 x5 x7 +  0.004 x2 x6^2 + -0.017 x2 x6 x7 +  0.008 x2 x7^2 + -0.003 x3^3 + -0.013 x3^2 x5 + -0.029 x3^2 x7 +  0.015 x3 x4^2 +  0.007 x3 x4 x5 +  0.003 x3 x4 x6 +  0.027 x3 x4 x7 +  0.007 x3 x5^2 + -0.003 x3 x5 x6 +  0.003 x3 x5 x7 + -0.023 x3 x6 x7 +  0.005 x3 x7^2 + -0.001 x4^3 + -0.010 x4^2 x5 + -0.005 x4^2 x6 +  0.014 x4^2 x7 + -0.007 x4 x5^2 + -0.003 x4 x5 x6 + -0.022 x4 x5 x7 +  0.015 x4 x6^2 +  0.008 x4 x6 x7 +  0.002 x4 x7^2 +  0.006 x5^3 +  0.004 x5^2 x6 + -0.021 x5^2 x7 +  0.007 x5 x6^2 +  0.036 x5 x6 x7 + -0.017 x5 x7^2 + -0.019 x6^3 +  0.007 x6 x7^2 + -0.001 x7^3 | (x4)' = -0.099 1 + -1.130 x0 +  6.581 x1 + -17.705 x2 +  153.289 x3 + -28.927 x4 + -105.984 x5 + -7.509 x6 +  1.389 x7 + -0.054 x0^2 +  0.209 x0 x1 + -0.319 x0 x3 +  0.612 x0 x4 + -0.628 x0 x5 +  0.306 x0 x6 + -0.074 x0 x7 + -1.003 x1 x2 +  0.793 x1 x3 + -0.215 x1 x4 +  0.200 x1 x5 +  0.011 x1 x7 +  1.435 x2^2 + -1.264 x2 x3 + -0.520 x2 x4 + -0.064 x2 x6 +  0.013 x2 x7 + -0.551 x3^2 +  1.372 x3 x4 +  1.045 x3 x5 + -0.694 x3 x6 +  0.087 x3 x7 + -0.039 x4^2 + -1.489 x4 x5 +  0.170 x4 x6 +  0.261 x4 x7 + -0.036 x5^2 +  1.686 x5 x6 + -0.835 x5 x7 + -1.067 x6^2 +  0.771 x6 x7 + -0.121 x7^2 +  0.004 x0^3 + -0.019 x0^2 x1 +  0.018 x0^2 x2 +  0.001 x0^2 x3 + -0.001 x0^2 x4 + -0.013 x0^2 x5 +  0.010 x0^2 x6 + -0.007 x0^2 x7 +  0.010 x0 x1^2 + -0.018 x0 x1 x2 + -0.024 x0 x1 x3 +  0.022 x0 x1 x4 +  0.011 x0 x1 x5 +  0.018 x0 x1 x7 +  0.012 x0 x2^2 +  0.013 x0 x2 x3 + -0.003 x0 x2 x4 + -0.028 x0 x2 x5 + -0.012 x0 x2 x6 + -0.015 x0 x2 x7 +  0.006 x0 x3^2 + -0.013 x0 x3 x4 +  0.016 x0 x3 x5 +  0.031 x0 x3 x6 + -0.017 x0 x4^2 +  0.014 x0 x4 x5 + -0.030 x0 x4 x6 +  0.022 x0 x5^2 + -0.024 x0 x5 x6 +  0.019 x0 x5 x7 +  0.007 x0 x6^2 + -0.013 x0 x6 x7 +  0.004 x0 x7^2 +  0.021 x1^3 + -0.027 x1^2 x2 + -0.005 x1^2 x3 +  0.018 x1^2 x5 + -0.025 x1^2 x6 + -0.012 x1^2 x7 + -0.011 x1 x2^2 +  0.008 x1 x2 x3 +  0.021 x1 x2 x4 + -0.011 x1 x2 x5 +  0.010 x1 x2 x6 +  0.020 x1 x2 x7 + -0.004 x1 x3^2 + -0.005 x1 x3 x4 +  0.005 x1 x3 x5 +  0.028 x1 x3 x6 +  0.006 x1 x3 x7 +  0.002 x1 x4 x5 + -0.027 x1 x4 x6 + -0.017 x1 x4 x7 + -0.019 x1 x5 x6 +  0.006 x1 x5 x7 +  0.032 x1 x6^2 + -0.010 x1 x6 x7 + -0.005 x1 x7^2 +  0.012 x2^3 +  0.010 x2^2 x3 + -0.003 x2^2 x4 + -0.030 x2^2 x5 +  0.012 x2^2 x6 + -0.006 x2 x3^2 + -0.007 x2 x3 x4 + -0.007 x2 x3 x5 +  0.011 x2 x3 x6 + -0.021 x2 x3 x7 +  0.010 x2 x4^2 +  0.010 x2 x4 x5 + -0.009 x2 x4 x6 +  0.011 x2 x4 x7 +  0.004 x2 x5^2 + -0.012 x2 x5 x6 +  0.023 x2 x5 x7 +  0.006 x2 x6^2 + -0.016 x2 x6 x7 +  0.013 x2 x7^2 + -0.010 x3^3 +  0.002 x3^2 x4 +  0.006 x3^2 x5 + -0.015 x3^2 x7 +  0.012 x3 x4^2 +  0.008 x3 x4 x5 +  0.021 x3 x4 x7 + -0.002 x3 x5^2 + -0.010 x3 x5 x6 +  0.003 x3 x5 x7 + -0.002 x3 x6^2 + -0.022 x3 x6 x7 + -0.003 x3 x7^2 + -0.003 x4^3 + -0.010 x4^2 x5 + -0.006 x4^2 x6 +  0.006 x4^2 x7 + -0.009 x4 x5^2 + -0.003 x4 x5 x6 +  0.019 x4 x6^2 +  0.006 x4 x6 x7 +  0.005 x4 x7^2 +  0.008 x5^3 +  0.009 x5^2 x6 + -0.033 x5^2 x7 +  0.010 x5 x6^2 +  0.019 x5 x6 x7 + -0.009 x5 x7^2 + -0.029 x6^3 +  0.025 x6^2 x7 + -0.008 x6 x7^2 +  0.001 x7^3 | (x5)' = -0.099 1 + -0.575 x0 +  3.053 x1 + -7.364 x2 +  10.479 x3 +  115.406 x4 +  5.787 x5 + -127.191 x6 +  0.408 x7 +  0.040 x0^2 + -0.270 x0 x1 +  0.337 x0 x2 + -0.154 x0 x3 +  0.052 x0 x4 +  0.005 x0 x6 + -0.053 x0 x7 +  0.411 x1^2 + -0.782 x1 x2 +  0.252 x1 x7 +  1.403 x2 x3 + -0.359 x2 x4 + -0.082 x2 x5 + -0.577 x2 x7 + -1.252 x3^2 +  0.136 x3 x4 +  0.413 x3 x5 +  0.806 x3 x7 +  0.924 x4^2 + -1.040 x4 x5 + -0.740 x4 x7 +  0.355 x5 x6 +  0.421 x5 x7 + -0.093 x6^2 + -0.199 x6 x7 +  0.047 x7^2 +  0.002 x0^3 + -0.010 x0^2 x1 +  0.006 x0^2 x2 +  0.005 x0^2 x3 + -0.010 x0^2 x4 +  0.006 x0^2 x5 + -0.001 x0^2 x6 + -0.002 x0^2 x7 +  0.007 x0 x1^2 + -0.009 x0 x1 x2 + -0.005 x0 x1 x3 +  0.003 x0 x1 x4 +  0.011 x0 x1 x7 +  0.007 x0 x2 x3 +  0.007 x0 x2 x4 + -0.015 x0 x2 x6 + -0.003 x0 x2 x7 + -0.010 x0 x3 x4 +  0.008 x0 x3 x5 +  0.007 x0 x3 x6 + -0.003 x0 x3 x7 + -0.008 x0 x4^2 +  0.009 x0 x4 x5 + -0.003 x0 x4 x6 +  0.002 x0 x4 x7 +  0.003 x0 x5^2 + -0.005 x0 x5 x6 + -0.004 x0 x6^2 +  0.006 x0 x6 x7 + -0.001 x0 x7^2 +  0.009 x1^3 + -0.015 x1^2 x2 + -0.004 x1^2 x3 +  0.005 x1^2 x4 +  0.005 x1^2 x6 + -0.014 x1^2 x7 +  0.006 x1 x2 x3 +  0.007 x1 x2 x4 + -0.021 x1 x2 x5 +  0.009 x1 x2 x6 +  0.011 x1 x2 x7 + -0.002 x1 x3^2 +  0.001 x1 x3 x4 + -0.004 x1 x3 x5 +  0.015 x1 x3 x6 +  0.009 x1 x3 x7 +  0.002 x1 x4 x5 + -0.008 x1 x4 x6 + -0.006 x1 x4 x7 + -0.001 x1 x5^2 + -0.001 x1 x5 x6 +  0.010 x1 x6^2 + -0.010 x1 x6 x7 + -0.003 x1 x7^2 +  0.005 x2^3 +  0.004 x2^2 x3 +  0.001 x2^2 x4 + -0.002 x2^2 x6 + -0.001 x2^2 x7 + -0.006 x2 x3^2 +  0.001 x2 x3 x4 + -0.008 x2 x3 x5 + -0.002 x2 x3 x6 + -0.010 x2 x3 x7 +  0.010 x2 x4^2 + -0.016 x2 x4 x6 + -0.010 x2 x4 x7 + -0.004 x2 x5^2 +  0.020 x2 x5 x7 +  0.005 x2 x6^2 + -0.004 x2 x6 x7 +  0.014 x2 x7^2 + -0.011 x3^3 +  0.004 x3^2 x4 +  0.008 x3^2 x5 +  0.008 x3^2 x6 +  0.002 x3^2 x7 +  0.009 x3 x4^2 +  0.005 x3 x4 x5 +  0.007 x3 x4 x7 +  0.001 x3 x5^2 + -0.001 x3 x5 x6 +  0.008 x3 x5 x7 + -0.005 x3 x6^2 + -0.018 x3 x6 x7 + -0.016 x3 x7^2 + -0.006 x4^3 + -0.008 x4^2 x5 + -0.004 x4^2 x6 + -0.004 x4 x5^2 +  0.002 x4 x5 x6 + -0.003 x4 x5 x7 +  0.009 x4 x6^2 +  0.009 x4 x6 x7 +  0.017 x4 x7^2 +  0.007 x5^3 +  0.005 x5^2 x6 + -0.014 x5^2 x7 +  0.006 x5 x6 x7 + -0.012 x5 x7^2 + -0.013 x6^3 +  0.016 x6^2 x7 + -0.004 x6 x7^2 +  0.001 x7^3 | (x6)' =  0.023 x0 + -0.804 x1 +  4.019 x2 + -9.236 x3 +  12.075 x4 +  115.573 x5 +  4.188 x6 + -125.838 x7 + -0.016 x0^2 +  0.082 x0 x1 + -0.275 x0 x2 +  0.498 x0 x3 + -0.508 x0 x4 +  0.373 x0 x5 + -0.110 x0 x6 + -0.037 x0 x7 +  0.192 x1 x2 + -0.179 x1 x3 + -0.280 x1 x4 +  0.143 x1 x5 + -0.284 x1 x6 +  0.379 x1 x7 + -0.374 x2^2 +  0.565 x2 x3 +  0.433 x2 x4 +  0.438 x2 x5 + -0.760 x2 x7 + -1.022 x3 x4 + -1.252 x3 x5 +  0.696 x3 x6 +  0.946 x3 x7 +  0.948 x4^2 +  0.517 x4 x5 + -0.233 x4 x6 + -1.068 x4 x7 + -0.291 x5^2 + -0.393 x5 x6 +  0.931 x5 x7 +  0.418 x6^2 + -0.579 x6 x7 +  0.100 x7^2 + -0.001 x0^3 +  0.003 x0^2 x1 + -0.004 x0^2 x3 + -0.008 x0^2 x4 +  0.024 x0^2 x5 + -0.020 x0^2 x6 +  0.009 x0^2 x7 +  0.002 x0 x1^2 + -0.006 x0 x1 x2 +  0.024 x0 x1 x3 + -0.019 x0 x1 x4 + -0.008 x0 x1 x5 +  0.012 x0 x1 x6 + -0.018 x0 x1 x7 + -0.010 x0 x2^2 +  0.015 x0 x2 x4 +  0.023 x0 x2 x5 + -0.007 x0 x2 x6 +  0.011 x0 x2 x7 + -0.020 x0 x3 x4 + -0.013 x0 x3 x5 + -0.028 x0 x3 x6 +  0.008 x0 x3 x7 +  0.020 x0 x4^2 +  0.011 x0 x4 x5 +  0.029 x0 x4 x6 + -0.003 x0 x4 x7 + -0.031 x0 x5^2 +  0.004 x0 x5 x6 + -0.020 x0 x5 x7 +  0.012 x0 x6^2 +  0.007 x0 x6 x7 + -0.001 x0 x7^2 + -0.007 x1^3 +  0.005 x1^2 x2 +  0.021 x1^2 x3 + -0.024 x1^2 x4 + -0.025 x1^2 x5 +  0.030 x1^2 x6 +  0.004 x1^2 x7 +  0.008 x1 x2 x3 +  0.018 x1 x2 x4 +  0.007 x1 x2 x5 + -0.010 x1 x2 x7 + -0.022 x1 x3^2 + -0.008 x1 x3 x5 + -0.014 x1 x3 x6 + -0.003 x1 x3 x7 +  0.010 x1 x4^2 +  0.029 x1 x4 x6 + -0.005 x1 x5^2 +  0.017 x1 x5 x6 +  0.025 x1 x5 x7 + -0.040 x1 x6^2 + -0.006 x1 x7^2 + -0.007 x2^3 +  0.005 x2^2 x3 +  0.020 x2^2 x5 + -0.022 x2^2 x6 + -0.001 x2^2 x7 + -0.007 x2 x3^2 +  0.010 x2 x3 x4 + -0.001 x2 x3 x5 + -0.011 x2 x3 x6 +  0.011 x2 x3 x7 + -0.004 x2 x4^2 + -0.016 x2 x4 x5 + -0.003 x2 x4 x6 + -0.042 x2 x4 x7 + -0.008 x2 x5^2 +  0.022 x2 x5 x6 + -0.003 x2 x5 x7 +  0.011 x2 x6 x7 +  0.017 x2 x7^2 +  0.005 x3^2 x4 +  0.003 x3^2 x5 +  0.013 x3^2 x6 +  0.038 x3^2 x7 + -0.001 x3 x4^2 + -0.006 x3 x4 x5 + -0.020 x3 x4 x7 +  0.003 x3 x5^2 +  0.013 x3 x5 x6 + -0.007 x3 x5 x7 +  0.002 x3 x6^2 + -0.032 x3 x7^2 + -0.002 x4^2 x5 + -0.010 x4^2 x6 + -0.011 x4^2 x7 +  0.005 x4 x5^2 + -0.001 x4 x5 x6 +  0.018 x4 x5 x7 + -0.010 x4 x6^2 +  0.005 x4 x6 x7 +  0.028 x4 x7^2 +  0.007 x5^3 + -0.006 x5^2 x6 +  0.014 x5^2 x7 + -0.013 x5 x6^2 + -0.020 x5 x6 x7 + -0.011 x5 x7^2 +  0.018 x6^3 + -0.007 x6^2 x7 +  0.006 x6 x7^2 + -0.001 x7^3 | (x7)' =  1.317 1 +  81.561 x0 + -543.350 x1 +  1691.771 x2 + -3220.579 x3 +  4102.025 x4 + -3580.258 x5 +  2216.231 x6 + -747.300 x7 +  0.144 x0^2 + -0.782 x0 x1 + -0.051 x0 x2 +  2.301 x0 x3 + -3.690 x0 x4 +  3.483 x0 x5 + -1.936 x0 x6 +  0.408 x0 x7 +  1.008 x1^2 + -2.497 x1 x3 +  0.805 x1 x4 + -1.112 x1 x5 +  1.533 x1 x6 + -0.144 x1 x7 + -1.983 x2^2 +  4.379 x2 x3 +  4.576 x2 x4 + -3.027 x2 x5 + -0.523 x2 x6 + -0.742 x2 x7 + -2.517 x3^2 + -2.977 x3 x4 + -1.695 x3 x5 +  2.744 x3 x6 +  1.503 x3 x7 +  1.776 x4^2 +  3.106 x4 x5 + -0.826 x4 x6 + -2.996 x4 x7 + -1.308 x5^2 + -3.020 x5 x6 +  3.704 x5 x7 +  2.641 x6^2 + -2.729 x6 x7 +  0.444 x7^2 + -0.001 x0^3 + -0.018 x0^2 x2 +  0.020 x0^2 x3 + -0.016 x0^2 x4 +  0.024 x0^2 x5 + -0.017 x0^2 x6 +  0.013 x0^2 x7 +  0.023 x0 x1^2 +  0.007 x0 x1 x2 + -0.034 x0 x1 x4 +  0.001 x0 x1 x5 + -0.004 x0 x1 x6 + -0.041 x0 x1 x7 + -0.020 x0 x2^2 +  0.007 x0 x2 x3 +  0.013 x0 x2 x4 +  0.042 x0 x2 x5 +  0.042 x0 x2 x6 +  0.017 x0 x2 x7 + -0.009 x0 x3^2 + -0.001 x0 x3 x4 + -0.069 x0 x3 x5 + -0.052 x0 x3 x6 + -0.002 x0 x3 x7 +  0.061 x0 x4^2 + -0.009 x0 x4 x5 +  0.049 x0 x4 x6 +  0.009 x0 x4 x7 + -0.051 x0 x5^2 +  0.025 x0 x5 x6 + -0.030 x0 x5 x7 +  0.016 x0 x6^2 + -0.002 x0 x6 x7 +  0.004 x0 x7^2 + -0.031 x1^3 +  0.015 x1^2 x2 +  0.051 x1^2 x3 + -0.031 x1^2 x4 +  0.001 x1^2 x6 +  0.041 x1^2 x7 +  0.005 x1 x2^2 +  0.009 x1 x2 x3 + -0.016 x1 x2 x4 +  0.016 x1 x2 x5 + -0.015 x1 x2 x6 + -0.021 x1 x2 x7 + -0.021 x1 x3^2 + -0.023 x1 x3 x4 + -0.021 x1 x3 x5 + -0.013 x1 x3 x6 +  0.008 x1 x3 x7 +  0.020 x1 x4^2 +  0.016 x1 x4 x5 +  0.044 x1 x4 x6 + -0.005 x1 x4 x7 + -0.005 x1 x5^2 +  0.014 x1 x5 x6 +  0.023 x1 x5 x7 + -0.055 x1 x6^2 +  0.017 x1 x6 x7 + -0.014 x1 x7^2 + -0.012 x2^3 + -0.002 x2^2 x3 +  0.005 x2^2 x4 +  0.035 x2^2 x5 + -0.016 x2^2 x6 + -0.037 x2^2 x7 + -0.001 x2 x3^2 +  0.002 x2 x3 x4 +  0.009 x2 x3 x5 +  0.029 x2 x3 x7 + -0.001 x2 x4^2 + -0.012 x2 x4 x5 + -0.009 x2 x4 x6 + -0.064 x2 x4 x7 + -0.011 x2 x5^2 +  0.013 x2 x5 x6 + -0.001 x2 x5 x7 +  0.027 x2 x6 x7 +  0.018 x2 x7^2 +  0.010 x3^3 +  0.003 x3^2 x4 + -0.006 x3^2 x5 +  0.012 x3^2 x6 +  0.076 x3^2 x7 + -0.009 x3 x4^2 + -0.021 x3 x4 x5 + -0.018 x3 x4 x6 + -0.036 x3 x4 x7 +  0.002 x3 x5^2 +  0.024 x3 x5 x6 +  0.011 x3 x5 x7 +  0.009 x3 x6^2 + -0.029 x3 x6 x7 + -0.031 x3 x7^2 +  0.004 x4^3 +  0.003 x4^2 x5 + -0.013 x4^2 x6 + -0.039 x4^2 x7 +  0.022 x4 x5^2 +  0.020 x4 x5 x6 +  0.034 x4 x5 x7 + -0.005 x4 x6^2 +  0.034 x4 x7^2 + -0.004 x5^3 + -0.019 x5^2 x6 +  0.034 x5^2 x7 + -0.035 x5 x6^2 + -0.038 x5 x6 x7 + -0.006 x5 x7^2 +  0.035 x6^3 + -0.005 x6 x7^2 +  0.002 x7^3
30,35.0,1000.0,36.85636440989091,3,8,1,4.0,28.0,9,36.0,smoothed_finite_difference_savgol_order_3,success,,1198,1320,90.75757575757575,22.990659711882472,"[""1"", ""x0"", ""x1"", ""x2"", ""x3"", ""x4"", ""x5"", ""x6"", ""x7"", ""x0^2"", ""x0 x1"", ""x0 x2"", ""x0 x3"", ""x0 x4"", ""x0 x5"", ""x0 x6"", ""x0 x7"", ""x1^2"", ""x1 x2"", ""x1 x3"", ""x1 x4"", ""x1 x5"", ""x1 x6"", ""x1 x7"", ""x2^2"", ""x2 x3"", ""x2 x4"", ""x2 x5"", ""x2 x6"", ""x2 x7"", ""x3^2"", ""x3 x4"", ""x3 x5"", ""x3 x6"", ""x3 x7"", ""x4^2"", ""x4 x5"", ""x4 x6"", ""x4 x7"", ""x5^2"", ""x5 x6"", ""x5 x7"", ""x6^2"", ""x6 x7"", ""x7^2"", ""x0^3"", ""x0^2 x1"", ""x0^2 x2"", ""x0^2 x3"", ""x0^2 x4"", ""x0^2 x5"", ""x0^2 x6"", ""x0^2 x7"", ""x0 x1^2"", ""x0 x1 x2"", ""x0 x1 x3"", ""x0 x1 x4"", ""x0 x1 x5"", ""x0 x1 x6"", ""x0 x1 x7"", ""x0 x2^2"", ""x0 x2 x3"", ""x0 x2 x4"", ""x0 x2 x5"", ""x0 x2 x6"", ""x0 x2 x7"", ""x0 x3^2"", ""x0 x3 x4"", ""x0 x3 x5"", ""x0 x3 x6"", ""x0 x3 x7"", ""x0 x4^2"", ""x0 x4 x5"", ""x0 x4 x6"", ""x0 x4 x7"", ""x0 x5^2"", ""x0 x5 x6"", ""x0 x5 x7"", ""x0 x6^2"", ""x0 x6 x7"", ""x0 x7^2"", ""x1^3"", ""x1^2 x2"", ""x1^2 x3"", ""x1^2 x4"", ""x1^2 x5"", ""x1^2 x6"", ""x1^2 x7"", ""x1 x2^2"", ""x1 x2 x3"", ""x1 x2 x4"", ""x1 x2 x5"", ""x1 x2 x6"", ""x1 x2 x7"", ""x1 x3^2"", ""x1 x3 x4"", ""x1 x3 x5"", ""x1 x3 x6"", ""x1 x3 x7"", ""x1 x4^2"", ""x1 x4 x5"", ""x1 x4 x6"", ""x1 x4 x7"", ""x1 x5^2"", ""x1 x5 x6"", ""x1 x5 x7"", ""x1 x6^2"", ""x1 x6 x7"", ""x1 x7^2"", ""x2^3"", ""x2^2 x3"", ""x2^2 x4"", ""x2^2 x5"", ""x2^2 x6"", ""x2^2 x7"", ""x2 x3^2"", ""x2 x3 x4"", ""x2 x3 x5"", ""x2 x3 x6"", ""x2 x3 x7"", ""x2 x4^2"", ""x2 x4 x5"", ""x2 x4 x6"", ""x2 x4 x7"", ""x2 x5^2"", ""x2 x5 x6"", ""x2 x5 x7"", ""x2 x6^2"", ""x2 x6 x7"", ""x2 x7^2"", ""x3^3"", ""x3^2 x4"", ""x3^2 x5"", ""x3^2 x6"", ""x3^2 x7"", ""x3 x4^2"", ""x3 x4 x5"", ""x3 x4 x6"", ""x3 x4 x7"", ""x3 x5^2"", ""x3 x5 x6"", ""x3 x5 x7"", ""x3 x6^2"", ""x3 x6 x7"", ""x3 x7^2"", ""x4^3"", ""x4^2 x5"", ""x4^2 x6"", ""x4^2 x7"", ""x4 x5^2"", ""x4 x5 x6"", ""x4 x5 x7"", ""x4 x6^2"", ""x4 x6 x7"", ""x4 x7^2"", ""x5^3"", ""x5^2 x6"", ""x5^2 x7"", ""x5 x6^2"", ""x5 x6 x7"", ""x5 x7^2"", ""x6^3"", ""x6^2 x7"", ""x6 x7^2"", ""x7^3""]","[[-0.06346998854738613, 803.3420650289576, -2491.592431330021, 4167.393057143088, -4791.72128976988, 3679.9575330840225, -1841.766579308599, 548.7160672100154, -74.38590844273548, 0.39931583289912953, -1.8369243262358628, 0.6775257208118153, 1.54375455608438, -4.730147850589382, 5.362221254920643, -2.646022418849629, 1.078383092122198, 1.8289213532439559, -0.3512256977905001, 2.2925079175703145, 0.0, -2.823339575848706, 0.07466588484440845, -2.3633496258305136, -4.3867260064643485, 1.7498138964352745, 0.0, 0.9912258549922376, 5.17625659583652, 3.7827782972991546, 2.3597981799499608, 0.0, -3.7970416859766623, -5.259875275621315, -5.7297363267462105, -2.491945933696127, 4.2137493038029765, 3.2140181185981134, 6.077711830856996, 0.0, -1.4111111274078483, -4.488824117921061, -0.6145455673646135, 2.641272335223409, -0.5331000615292946, -0.023583256813440968, 0.10855836433654789, -0.16734221695520035, 0.08978389773623295, 0.0681314009993147, -0.023964876350345866, -0.11690537803946628, 0.0814417798663692, 0.0, -0.021845469884823623, 0.02395035818413123, -0.13937700651569856, 0.04244844857831969, 0.23306369460550566, -0.1828555710003294, 0.05833596410783801, 0.03167378195575191, -0.1967051355238766, -0.05045927399008423, 0.14053355451983252, 0.0, 0.07667249566024938, -0.02527877408401809, 0.027564905678831353, -0.00773783110353726, -0.014308343192497682, 0.033107256208803504, 0.04178795209079759, -0.13554944161814386, -0.058316462281678666, 0.058403266282727226, -0.04214749621146229, 0.15096396833635822, -0.06116000397116034, 0.033383502077294576, -0.029222988338233395, -0.03497990338330051, 0.0013055924433663085, 0.07293108010206745, -0.007039441337666534, 0.0, -0.03723584589369125, 0.011585323659993974, 0.01384095103654572, 0.01858287119754939, -0.005951523898978709, 0.009427323668860186, -0.15187104967046275, 0.1281779035138121, -0.034133458763984444, -0.03277717812664925, 0.00226630261280372, 0.0, 0.11127191605140009, -0.04400024199499054, -0.017400487043333253, 0.0, -0.03487596171611013, 0.015051790439495737, 0.09725173487004492, -0.09316707006106863, 0.08603886369054517, -0.19064325558914427, 0.10684418655741965, -0.03070845604419156, -0.012318053323895222, 0.11211960030843016, 0.11724994863188255, -0.16956332695639248, -0.017602104497414728, -0.03942292868579316, 0.06303824969046702, 0.0851860297558467, -0.022807238916280854, -0.039593145140453784, 0.023807928780985043, -0.024451034912633438, 0.06872613645903237, -0.00130498560507724, -0.12854759964015194, 0.04547095772581373, 0.05179356376272187, 0.07315737819179567, -0.014179958243466528, -0.05566988155398628, -0.08707781482345514, 0.0023171559317106544, 0.03224738679880698, 0.08230430659703164, -0.04862386665056858, 0.0, -0.04986496326695726, 0.0, 0.010505745341095836, -0.1842614646132071, -0.03572346929123411, 0.08315443444427777, -0.0490471836812231, 0.08749167676633446, -0.015144533278934289, 0.04768454134642926, 0.0229996422263385, 0.12486283748937915, -0.04146749155592411, -0.019305819457470858, 0.0027768490048713816, -0.03741820793439645, -0.08418745574833225, 0.013494902732420128, 0.011971510168457877, 0.05057394748789291, 0.02482622427272484, -0.04257449867036462, -0.013241784362323348, 0.031355495389156655, 0.0, -0.0013100467062866945, 0.025153471091176743, -0.029899165782970784, 0.007504134159351697], [0.3419961273177956, 128.6649407108926, -9.97163226101753, -133.3046529734349, 73.98358151981891, -140.0750528310839, 133.6136007166767, -67.40563395673904, 14.511681832638532, 0.10837661919851764, -0.9209341381645362, 1.8976779233682535, -2.6862266295522685, 1.9328354065395834, 0.2403428125458017, -0.6385071918058207, 0.11967925043910049, 0.8149726787088599, -0.587158013148528, -0.19640099802451635, 1.216385169387141, -4.896494104578115, 2.7541279869494835, -0.1540009203150069, -1.4458295849564553, 1.7203076075081813, 3.8881217445979326, -0.4279228607221887, 1.3563425292186648, -1.4195487473862496, -1.025879115342898, -2.2518125627864767, -0.7271630973949865, -1.086614356142424, 1.1606037734720716, 0.0, 2.3183985123557775, -1.3052168101748527, 0.7086709929045564, 0.0, 0.6388692336778543, -1.413911214656575, -0.7296855628469993, 1.3432369264346433, -0.30572460535466167, -0.023251143683605553, 0.08643990867653968, -0.1878127091390901, 0.11508853524591216, 0.04664718714392029, -0.11403509015218888, 0.0875610827421168, -0.024986211114978025, 0.08133734723570497, -0.024241115622766356, 0.08000778549688135, -0.028594342135245865, -0.10296000586236369, 0.0, 0.039222129518794, -0.010810727585745136, -0.00041957616583751756, -0.0990003122174436, 0.01605699623128553, -0.008174345987613081, 0.0, 0.05891388534245801, 0.02772291641860308, 0.14097064188450958, 0.01797685956722295, 0.08343940328191989, -0.06774065463929953, -0.058175869951863496, -0.13569272545102115, -0.2588154118136974, 0.013350131444323185, 0.15469174232786595, 0.30585911628335183, -0.016956932403064624, -0.21108209949339543, 0.050803738761504756, -0.07131450317885972, -0.03520449758941444, -0.014589922353107451, 0.028402867630488056, 0.21085125413326533, 0.0, -0.11949283861671157, 0.03662475335482595, -0.06860767247918455, -0.10158146752862247, 0.0, -0.16043914242199736, 0.16460385940997924, -0.07595386082365375, -0.005171739575000821, 0.19977340507520885, 0.04082853782266209, 0.0, 0.026695627585800786, 0.040334248701237405, -0.03499183706957701, -0.0392043129743407, -0.12706981719385996, -0.06256771615728099, 0.11341144760663907, -0.04491108597061294, -0.0484100463428746, 0.035305467988059745, 0.17521569538775425, 0.0013750323449494607, -0.1401246947944889, -0.058037950872289544, 0.0, -0.01884073301084124, -0.020091018215275543, -0.017156960890733992, 0.06103596192425143, -0.06514217533924642, 0.011631275434447972, 0.07506851297583249, 0.0802422058109125, 0.06019576845802422, -0.04095483982556906, -0.03141196129033445, 0.051560965874342786, -0.029388465285576187, 0.1910289463745759, 0.039968034283582796, -0.08687622903906074, -0.016333639548405426, -0.0045549505735015365, 0.008773938583821257, -0.008174145923121377, 0.013269219546762257, 0.01692389311836321, -0.030529010348388355, 0.023362488568170997, -0.02192257299341741, -0.16845718329985715, -0.09643369378138664, -0.1309674202927259, -0.011711156554983029, -0.010307326821413958, 0.060670409631628126, 0.034415383740872336, 0.00011044725670972849, 0.09207705750294973, 0.09102736511100146, -0.03431985598738361, 0.016154776892812413, 0.0, -0.008049732943567593, 0.024323448199399564, -0.005045361670433054, 0.0377510837567302, 0.032152958009707126, 0.0029416838376648117, -0.038451307421062154, -0.06747905396398926, 0.0, -0.010936909011176506, 0.07264360417448981, -0.025517689734715004, 0.002635304471950916], [-0.023492683322752013, 5.709766984492784, 95.71567465656314, 62.98516050919328, -191.65796217582533, 24.608291127713056, 17.622584072213677, -21.624576641801255, 6.682217869783387, -0.47302609173198384, 1.9516911017900114, -2.1169689065394617, 0.9574382187434676, 0.0, 0.0, 0.08972199133063463, -0.25945782033374193, -0.3970065375465211, 0.0, 0.0, 0.0, 0.0, 0.0, 0.5335486659214422, -5.11707924829754, 21.51611968087928, -14.268526584178842, 0.0, 0.1415466051667661, 0.9766995126063006, -18.814127894305535, 15.561774438051014, 11.575959569575698, 0.0, -6.479270422113766, 6.741798338199107, -31.495008892256298, 0.0, 11.87485096326061, 16.738854074817265, 0.0, -10.811232312344506, -3.905142166051171, 6.6347870656628976, -1.157985863815437, -0.010735611840964965, 0.028590995409514736, -0.09508485309767561, 0.06513006045642852, 0.056480031335090726, -0.23255009293631126, 0.2980475798146441, -0.11695807975882366, 0.07324810123096044, -0.025760446304539525, 0.033449310958962544, 0.11796936444590835, -0.10044819399445207, -0.2812171034253598, 0.15599613991768932, -0.03410802612176636, 0.0, 0.06307125758468728, 0.07529321008195898, -0.16847419008767459, 0.16067887533672678, -0.016466847359442555, 0.013203655404160878, 0.1610063400239604, 0.014428690899069722, -0.06640024670677601, -0.1608446232379314, -0.06576144111530138, -0.032543271963074355, -0.10780518489710278, 0.03246004190544032, 0.16962840232792828, 0.18641974442027526, 0.005826691439482309, -0.2777878423665669, 0.10100082806032115, -0.022656212186563673, -0.038809317587430725, -0.1237014331530885, 0.008289935502813577, 0.2666759443358643, 0.0, -0.06266019803847608, 0.0, -0.06113872990314033, -0.11632449120929328, 0.0, 0.07843418962885237, -0.10497794898007158, 0.026350594483435325, 0.0, 0.24542180637408126, 0.11642026998330338, -0.05346368229921291, 0.07818095762566091, 0.03798505804934092, -0.13858531616865022, -0.053729408000270804, -0.17037749205012115, -0.1986065563041966, 0.16155004665285763, -0.019953227372649547, 0.1753301829401196, -0.11277624088157935, 0.23845979601572295, -0.00339944150501621, -0.3127373145609144, -0.15814659675520504, -0.024483591868693932, 0.027310287837217305, 0.010474808521067292, -0.08925769881207439, 0.011033004509470432, 0.0484741705854908, 0.12136593357372771, 0.06702530547090103, 0.14309080048770084, 0.049322604958504906, 0.0027340148260822576, 0.0, 0.1407934972479338, -0.05481363604234027, 0.0, 0.09043953512232189, -0.013514736750757815, 0.06528856666799965, -0.008611597502409661, -0.027988397628931343, -0.07518186907269533, 0.029460373222666984, 0.030550319876824345, 0.005682420697099977, -0.0926552067412573, -0.10141202309327416, 0.01241128817648618, -0.03886215712137945, -0.27834732834495846, 0.06977202576748714, -0.18372836887632757, 0.09414362742104115, 0.005017743459176673, -0.02483221120822436, -0.012003972711876452, 0.15867798966564273, -0.014709366971996304, 0.05297711813960676, 0.14427079914621438, 0.10120277795784018, 0.024470530035469253, -0.01708212620465387, -0.04524827807226246, -0.011060758617288332, 0.0, 0.0, -0.1442315921300927, 0.0, -0.03489676322065136, 0.10203764628282692, -0.011386334545110557, -0.003757566857073997], [-0.487945268617793, 4.7528025715436195, -26.985747396371014, 195.17445434941888, -104.2313764860686, -32.60459135509347, -46.397601470705396, 10.597421884626657, -0.2653321210539395, -0.15855520293175332, 0.738676538587029, -1.5402931247827745, 1.5493108644843459, -0.007089584854388001, -0.7295145262837468, 0.0, -0.40385600025903445, 0.32072082389644546, -1.1403983116962828, 0.4747417427828858, -1.019363707989617, 0.0, 3.087078745631316, 1.4240468595511397, 0.9168591655424077, -0.18441118045256427, 0.0, 0.0, -6.258301313603215, -3.959844209751971, 0.0, -0.011035847193960573, 4.104956955442616, 5.056340868863335, 6.61643730234304, -2.4021517270742705, -0.6975002927700875, -5.12111993232549, -5.769930731013481, 1.9246538516570089, 0.6386867285042847, 3.7691240187252504, 0.060750781688969746, -1.5608343033949885, 0.2819098268233717, 0.009404391831173893, -0.05116783018694903, 0.04104933691197706, 0.03386169339581178, -0.023895705370079894, -0.1509651263790118, 0.21768315733622465, -0.06709522876650129, 0.027632070394190696, -0.06618502757033992, -0.01646141130881479, 0.1631519772032798, -0.006869674941530048, -0.20268288458612324, 0.0, -0.02866246213537191, 0.0, 0.1772530166238723, 0.060458455564422975, -0.2451759914587321, 0.14088341312467362, -0.011438975742758224, -0.052506319476685055, 0.07324544976509163, 0.053776395600111854, 0.08908238085913353, -0.21773615659155726, 0.00046298079807085716, 0.05855151402783783, -0.10603687414664621, 0.11887878850502573, 0.0, -0.049760303401038965, 0.0, 0.0, 0.01579141359372292, 0.09485543516067586, -0.08477267222972598, -0.16402638994065516, -0.021489600020611586, 0.0784989998400235, 0.04906203615588935, 0.1464746901111427, -0.0014117452840906217, 0.0007479328301772466, -0.03569775011346365, -0.001353858212028771, 0.0, -0.24832804653624457, 0.1190538607621101, 0.08501328041109664, 0.0, 0.08786354822947408, -0.14707112234576974, 0.0, 0.07946678686773401, -0.05017775216588558, -0.02150893523716697, 0.003882640798256821, -0.15833351731911002, 0.19335645206474691, -0.20291780486157288, 0.22616216138425033, -0.10942822850231604, 0.10829386491676267, 0.014830055747476235, -0.23313620898325066, 0.0, 0.08302714952546451, -0.02497139065181068, 0.02190841169421671, -0.11121728603142639, 0.0, 0.08640191540090958, 0.14611307675352253, -0.004762686489386192, 0.04026137120286017, 0.010460826319100603, 0.05293933115454143, 0.0, 0.06003869208076111, -0.03178809328983986, 0.09333121556935249, -0.06818939543615755, 0.04780761987884942, 0.04706939255542673, -0.027458313138580246, -0.12917706919236574, 0.0, 0.062036206890954335, 0.05524011917706988, -0.023040763860101576, -0.16912443776889366, -0.10133861300597659, 0.04461899972876384, -0.00804942402831042, -0.20373779598984068, 0.1346873002828781, -0.22501116332713123, 0.08018515675705422, 0.12370167425386995, 0.0077962763651679414, -0.11918071970245517, 0.07506939787721814, 0.00030443105854043197, 0.04910534591041601, 0.1430278643558671, 0.20856994227735998, -0.04731786201243845, 0.0, -0.10353787726098827, -0.03266797092016305, 0.12883110040348406, -0.03924022468728727, -0.19664130574000852, 0.0, 0.0032380733459525554, 0.05884852964971072, 0.01986301590711141, -0.010465506698886093], [0.0, -4.67491293007843, 26.092207094988744, -62.42994801886001, 209.11566284408775, -69.40162855766945, -89.35342551348253, -10.924106992005834, 1.6186065806179462, -0.22115990454389622, 0.8474106423355613, 0.0, -0.5874355275716643, 5.595704893903644, -8.947060417026837, 5.675461067521724, -2.430907060088206, 0.0, -4.063234905100885, -9.767650042955827, 10.566927080871514, -1.2740728480590555, 0.0, 5.395796789641486, 12.743503088023354, -5.810240094963609, -2.512453555360623, 0.0, -7.599297348649848, -10.028533281655214, -5.970852600421576, 7.632601828871915, 1.2825056380676951, 11.563885242015584, 14.600369827043815, 0.0, -2.8563890212919634, -10.329533676291755, -14.80306709870951, 0.04596896029119751, 4.945979708470462, 10.782046484339617, 0.0, -5.655667175530194, 1.179334536467315, -0.009955196956986843, 0.059886177408820705, 0.0, 0.0, -0.0566575026703075, 0.05809997480657282, -0.043552242450478645, 0.0, -0.14767750744157557, 0.094710991939404, 0.04857939332587382, -0.010590452443976286, -0.017187686977160232, 0.16817173924219447, -0.018790157199204845, -0.0902560067060251, 0.017211294329925214, 0.2522332162651701, 0.07785350210893965, -0.4026419282769285, 0.006385406585078273, -0.09304985369262203, -0.022512561796451128, 0.11033264700206806, -0.05873776078916183, 0.19790539667124535, -0.20049889458463163, 0.06535480232976335, 0.07090274560677895, -0.06839882589564597, 0.11670686391771967, -0.11163898099531722, -0.02426221067785544, 0.02360898364932426, 0.0, 0.013030663859763206, 0.07913773306554238, 0.028950922339749868, -0.06605852564164166, -0.12702421737244968, -0.2348351640067097, 0.15952850177192796, 0.0, -0.022799545319836242, 0.0725688988120899, 0.16392620859269952, 0.0262019570951341, 0.009196791834438533, -0.01627687197727521, 0.04917202519990863, -0.020071418315385926, 0.02381572968216642, 0.1649816963269446, -0.07588902320376503, 0.0, -0.0944838987648726, 0.13304225937046155, -0.1717380464405604, 0.022747131035234906, -0.017429643832353178, -0.09052364619037243, -0.1811192015980645, 0.39220973361103156, -0.16802470390020174, -0.10142202829981756, 0.015596669715683825, 0.11916253776341176, 0.0, 0.003961031871603593, -0.07757317673112506, -0.00751626394081895, -0.03732191851498576, -0.08250125921627002, 0.0, 0.0900593860423115, -0.12447651236386335, 0.0, 0.0, 0.11786734385567202, 0.0, 0.15469551950312657, 0.06044969389248675, -0.1458922432404338, -0.03893290667757772, 0.11896039487272529, 0.017166620406326386, 0.008350895233811047, -0.1322167480446778, 0.0, 0.0344537521432418, 0.05108477274632221, -0.0017360776578175742, -0.15232240110141618, -0.021052554487935353, 0.1755041559282132, 0.09043270237322013, -0.05661454537022426, -0.02221780948258739, -0.23857796097537165, -0.00582404431406521, 0.10508747989992555, -0.005222369096175579, -0.1258495344343415, -0.001986995727107173, -0.0056484249758479415, 0.07056439189951495, 0.0, 0.22126327905171983, 0.036065003996442496, 0.053110767171523195, -0.1784728156078388, -0.017940209120055353, 0.06812983278770342, 0.05920562484173283, -0.02569454496253475, -0.09568594811061089, -0.04451528710349264, -0.05036232976977361, 0.10604510991149046, -0.02341206417841005], [-0.2815709412616407, -25.750622301761265, 146.55900513440304, -377.010064089643, 567.6749884722914, -415.2365586776812, 325.40539056602273, -240.16401386350364, 18.530517513196692, -0.4574981107132166, 2.2810059436282333, -1.5826612997365734, 0.05052531713517171, 0.7661804426041368, -0.5385411189285797, 0.5604552379253823, -0.3564280903994445, -1.8791199014008646, 0.0, 0.0, 0.0, 0.0, 0.0, 0.0, 0.0, 16.43226572688826, -13.435444187402506, 0.0, 0.0, 2.321106815413527, -26.74673066962506, 38.08279687834109, -0.448402747035953, 0.0, -6.211124851314623, -9.63318172837993, -9.127627482779648, 0.0, 8.343693367805036, 6.331108184904138, 0.0, -5.863481423949213, -0.6202124273946924, 1.9053904439975577, -0.1739993627438291, 0.021899918931150474, -0.07409304618705122, 0.0, 0.14059910254806873, -0.19150840271084116, 0.07142123773656846, 0.0487641795462319, -0.05595830036047887, 0.03314459785599935, 0.0, -0.029889905087451304, 0.052114149529591355, 0.044690628112418085, -0.1126019350177857, 0.15675493837027996, 0.0, -0.12029321950617117, 0.15609781072302054, 0.07220773610021297, -0.13933186018530738, -0.22711661920374035, 0.0, 0.008396030784954574, 0.004824504555686916, 0.09777977123427022, 0.25647995652574024, -0.0913035734014747, -0.08030595894805004, -0.05381295467280751, -0.05207907186747789, 0.14103774423095278, 0.04443031521967496, -0.1451051225301531, -0.06404859691151583, 0.10281702051876546, 0.0003927066128767601, 0.00645316872961508, 0.0736695277579428, -0.13229975851246198, -0.0379869309646862, 0.0, -0.061743341932737054, 0.109001519592179, 0.008069550037546018, -0.00537654240094081, 0.13648772807503795, -0.1000824303904267, 0.09414791606301681, -0.16156490000867788, 0.06577012253564263, 0.09437244836497354, -0.1378629576493184, 0.07778085349875236, 0.0738612332161887, 0.0, -0.13956294128889038, -0.11461297075025513, -0.03263689788638553, 0.11223403501533946, 0.0600616584973365, 0.0, -0.10641515786538533, 0.19405009593430467, -0.139126249472624, -0.05630167485632093, -0.013737562340753554, 0.10136915584340213, -0.09661227561281907, 0.24744558890571283, -0.12183721012390855, -0.0022939169079645057, 0.026974656679613313, -0.15642369722936902, 0.10727000256344527, 0.04298710292085691, 0.026519696761680873, -0.04299126391647098, -0.05327964783958501, -0.07199601532902042, 0.20016669421870312, 0.0, 0.05338246481617459, -0.15082624580630513, 0.010300205179963086, 0.14152853404030047, -0.027807624714920116, -0.0015448289249561792, -0.16678652951242678, -0.020454315619962516, 0.08921630272358852, 0.05309716605708532, -0.031056573756955568, -0.07788018638342242, -0.024226974902675533, 0.11875960143222318, 0.0464712449223278, -0.030396688603945624, -0.05480277851403165, -0.10971382977628767, -0.056064518944400316, 0.08601270935307137, -0.013034939042447583, -0.05040454116234553, 0.022009243518334328, -0.01040402151097958, 0.051472992872509, 0.0, 0.16111304372416585, 0.07102666055041464, -0.007789171683903606, -0.1332150508641821, -0.016296057824653647, -0.015903109999761945, 0.06034416246610347, -0.010922662061921634, -0.011612760255415092, -0.020642113809170696, -0.06466054752087165, 0.06659096064845477, -0.015231744002590973], [0.0, -27.356077340917786, 157.2456950356994, -409.52059278140047, 623.9213414171439, -599.0501287019932, 487.08140661821096, -127.55137376006998, -104.78938262591281, -0.6388249988323703, 3.168753789649793, -5.720234108599511, 6.918328657115451, -0.5622383936297625, -6.512282871014146, 5.121562325811677, -1.1212931549688894, 0.0, -3.746478383734916, -4.400650257631172, 0.9759001406324211, 10.577485361794624, -7.596912040759057, 0.9649803069563032, 8.614248969181887, -2.668443802667736, -5.2750141084588575, -1.0228951961123713, 0.0, 1.2778593804027532, 0.0, -2.4730412658359486, 2.110577516996145, -0.6624510089499384, 1.1510841405886774, 4.852146072765826, 0.8803019728312864, 2.342928894188494, -5.601319258551778, -7.015406161972432, 2.2011961816546113, 5.775254274179326, 1.417092358960894, -4.203507620128566, 0.871238450815075, 0.022887062556721023, -0.06432275586776318, 0.0, 0.09583906843835048, -0.1404608203892662, 0.10169299066745811, -0.045413960138441255, 0.023629200466532167, -0.02888710443672787, 0.14564309251440996, -0.11519718803474051, -0.015678161298497195, 0.08996333003281853, -0.03647501015980474, -0.05123382803387881, -0.04585688503475031, 0.0, 0.04606394257789346, 0.05714197339876533, -0.004447704984129258, -0.08152662112181963, 0.0, -0.05985464374381481, -0.048090397024503316, 0.0, 0.1751659130584339, 0.029740502103996976, 0.04184140526319399, 0.03698802178646751, -0.10716421351123173, 0.017061212208703273, -0.13555589697353357, 0.0, 0.06827954272992628, 0.009943646366814387, 0.0037339632599337064, 0.03610008894532856, 0.01156927740762477, -0.040165370220770796, 0.04540476635306049, -0.09364352323588085, 0.005011125913276461, 0.12152407166360785, -0.05424475632536592, 0.027619318370141203, 0.1076953720079399, -0.10156541441087782, 0.017498170061517184, -0.0676037449179229, 0.05451240783443806, 0.021276431262218735, -0.1714876269061217, -0.0506080488351769, -0.015605227436090252, 0.004797814129809864, 0.0, 0.014420039613255222, 0.05553685928967461, 0.0, 0.09937508205284325, 0.0017517018343124575, 0.0, 0.0, -0.05853392929770456, -0.08624323567539387, 0.035796399967377955, 0.10149931397108249, -0.02964303297928833, 0.16781222565491338, -0.07645541591850209, 0.03178086371524901, 0.0016635761446802757, -0.0728193039755706, 0.06497198860109842, -0.027757959023003625, -0.0293710152912883, -0.01846857031402449, -0.03950309463154092, -0.0019065339368277386, 0.07222723248960973, 0.0, -0.036032897929669586, -0.13957334745433156, 0.018861421709691784, 0.1125703711469088, -0.02280734427663015, -0.038351402590433556, -0.020460466545567487, 0.03135956633316601, 0.026445537124356846, -0.016541056327112388, 0.037364674038431314, -0.05090048607171646, 0.02679888974152172, 0.10953791578678614, -0.024987324746119487, 0.009718580375958297, -0.020312067680804808, 0.020219958657662296, -0.06862143675446968, 0.005765501908342333, 0.02965960840630597, -0.10024707523281308, 0.018763991431839606, 0.03235173918784998, -0.037235679390175136, 0.0, 0.09697376875862423, 0.07739060781642568, -0.06755721497299016, -0.03940852951570885, -0.04479885338367211, -0.042715021080484285, 0.05516432031626907, 0.0, 0.05921656856508195, 0.016507579386056924, -0.09511180702248109, 0.04092091296050305, -0.00959650525888881], [0.7369790024832586, 70.91112593489572, -522.9417309677301, 1754.7935360784338, -3512.613469341305, 4595.531156274328, -4027.637366219561, 2435.6662746144148, -793.6948548327451, -0.6262966865793288, 2.769099867139091, -5.871135876537705, 8.887202422679199, -8.365739196026357, 4.686724627185814, -1.86579609459256, 1.2959365831815162, 1.1272892111945108, -4.6367546655376515, 4.093309799666887, -4.901519398967592, 5.815234424899518, -3.0610641662500275, -4.1362515263219075, 0.4571785067986262, 4.521984604183882, -3.4714799705226373, 0.8684956226397653, 3.0240885473645513, 9.778337853770049, -0.4912122119335359, -5.720100577559145, 0.0, -8.03928131004662, -11.208415617465727, 5.28111183514087, 3.4901424448610103, 9.967230502218698, 7.156348542817561, -7.241903953268977, -2.803384339220417, -3.2210170916051446, 2.4054721900476035, 0.10217791705270986, -0.06609030682107928, 0.01641683155419874, -0.0608357155069049, 0.04446848267043629, -0.0359996331581997, -0.04613062737143936, 0.0878789822211336, -0.09700183296513362, 0.0803986995337633, 0.02195238629907065, 0.0736574340372109, 0.02465585672050422, -0.02155837523627751, 0.07731191042742146, 0.029500906045996735, -0.21693784509231046, -0.021483042922181866, -0.05508061455763355, -0.07687912756924205, -0.01762365420031923, 0.14868489140829627, 0.17815527822288063, -0.001988335806925088, 0.018474627529150047, -0.12748095269659457, -0.11333692255149282, -0.16881547985110945, 0.183519704182392, 0.0391146317563779, 0.10992258094713928, 0.10298667247066229, -0.14128995568462677, -0.04233425033475454, -0.035393366806132004, 0.045232154412531415, -0.001593358974404553, -0.002892489890159412, -0.03477705375420351, 0.0043821516886076925, 0.05160472174026653, -0.013519778714532324, -0.018578381953801834, -0.02383762558903683, 0.03752334427830892, -0.020463058490915943, 0.03208255098602914, -0.012153377149146213, -0.0366794567185752, -0.020650839490954535, 0.14113306894789102, 0.04774257146525912, -0.01593793546141561, -0.10774172541982492, 0.0, -0.13949435128843876, -0.0007450304880178738, -0.019305495470178555, 0.1000598648210157, 0.10793712509249287, -0.05292223681550607, 0.06465662408194205, -0.051719109723360836, 0.10899386964354287, -0.09129532104401715, 0.025763802306538682, -0.04176390124554372, 0.018354130444897795, 0.027989953797348914, 0.0654496353097094, -0.028727292801659005, -0.009723220169624503, 0.013641425763689716, -0.0033818570908321394, 0.051150596033415575, -0.056436340813228666, -0.12956134808331612, -0.03814452774489242, 0.01609706234710292, 0.026210455121757077, 0.0715890558805307, -0.04584272658745992, -0.061941597382042544, -0.049712324818705154, -0.05445248067467918, -0.05090294468407985, 0.02779995966242289, -0.026110846735314344, 0.0, 0.12020418541193996, 0.024915718104562973, -0.007843005131090387, -0.0524566816130924, 0.07251705199834604, 0.017265125025446852, 0.11246069468163208, 0.06220882711447262, -0.0257197885047045, 0.05244867648571629, 0.01533583673051581, 0.11782842764138558, -0.025117131020551315, -0.09723966224843136, 0.0071913081018745465, -0.10556211726408465, -0.012341787727703545, 0.035721185592094876, -0.0984623328048663, -0.07316921325188547, -0.036354278592842314, 0.06466593377637912, -0.0770074866222091, 0.10867204629735072, -0.010773624501786825, -0.060935348360776694, 0.025182487110831455, 0.06760647111294375, 0.05397427416593163, -0.02407845002937379, -0.014917107823354814, -0.022679911656825407, 0.005141887472324191]]",(x0)' = -0.063 1 +  803.342 x0 + -2491.592 x1 +  4167.393 x2 + -4791.721 x3 +  3679.958 x4 + -1841.767 x5 +  548.716 x6 + -74.386 x7 +  0.399 x0^2 + -1.837 x0 x1 +  0.678 x0 x2 +  1.544 x0 x3 + -4.730 x0 x4 +  5.362 x0 x5 + -2.646 x0 x6 +  1.078 x0 x7 +  1.829 x1^2 + -0.351 x1 x2 +  2.293 x1 x3 + -2.823 x1 x5 +  0.075 x1 x6 + -2.363 x1 x7 + -4.387 x2^2 +  1.750 x2 x3 +  0.991 x2 x5 +  5.176 x2 x6 +  3.783 x2 x7 +  2.360 x3^2 + -3.797 x3 x5 + -5.260 x3 x6 + -5.730 x3 x7 + -2.492 x4^2 +  4.214 x4 x5 +  3.214 x4 x6 +  6.078 x4 x7 + -1.411 x5 x6 + -4.489 x5 x7 + -0.615 x6^2 +  2.641 x6 x7 + -0.533 x7^2 + -0.024 x0^3 +  0.109 x0^2 x1 + -0.167 x0^2 x2 +  0.090 x0^2 x3 +  0.068 x0^2 x4 + -0.024 x0^2 x5 + -0.117 x0^2 x6 +  0.081 x0^2 x7 + -0.022 x0 x1 x2 +  0.024 x0 x1 x3 + -0.139 x0 x1 x4 +  0.042 x0 x1 x5 +  0.233 x0 x1 x6 + -0.183 x0 x1 x7 +  0.058 x0 x2^2 +  0.032 x0 x2 x3 + -0.197 x0 x2 x4 + -0.050 x0 x2 x5 +  0.141 x0 x2 x6 +  0.077 x0 x3^2 + -0.025 x0 x3 x4 +  0.028 x0 x3 x5 + -0.008 x0 x3 x6 + -0.014 x0 x3 x7 +  0.033 x0 x4^2 +  0.042 x0 x4 x5 + -0.136 x0 x4 x6 + -0.058 x0 x4 x7 +  0.058 x0 x5^2 + -0.042 x0 x5 x6 +  0.151 x0 x5 x7 + -0.061 x0 x6^2 +  0.033 x0 x6 x7 + -0.029 x0 x7^2 + -0.035 x1^3 +  0.001 x1^2 x2 +  0.073 x1^2 x3 + -0.007 x1^2 x4 + -0.037 x1^2 x6 +  0.012 x1^2 x7 +  0.014 x1 x2^2 +  0.019 x1 x2 x3 + -0.006 x1 x2 x4 +  0.009 x1 x2 x5 + -0.152 x1 x2 x6 +  0.128 x1 x2 x7 + -0.034 x1 x3^2 + -0.033 x1 x3 x4 +  0.002 x1 x3 x5 +  0.111 x1 x3 x7 + -0.044 x1 x4^2 + -0.017 x1 x4 x5 + -0.035 x1 x4 x7 +  0.015 x1 x5^2 +  0.097 x1 x5 x6 + -0.093 x1 x5 x7 +  0.086 x1 x6^2 + -0.191 x1 x6 x7 +  0.107 x1 x7^2 + -0.031 x2^3 + -0.012 x2^2 x3 +  0.112 x2^2 x4 +  0.117 x2^2 x5 + -0.170 x2^2 x6 + -0.018 x2^2 x7 + -0.039 x2 x3^2 +  0.063 x2 x3 x4 +  0.085 x2 x3 x5 + -0.023 x2 x3 x6 + -0.040 x2 x3 x7 +  0.024 x2 x4^2 + -0.024 x2 x4 x5 +  0.069 x2 x4 x6 + -0.001 x2 x4 x7 + -0.129 x2 x5^2 +  0.045 x2 x5 x6 +  0.052 x2 x5 x7 +  0.073 x2 x6^2 + -0.014 x2 x6 x7 + -0.056 x2 x7^2 + -0.087 x3^3 +  0.002 x3^2 x4 +  0.032 x3^2 x5 +  0.082 x3^2 x6 + -0.049 x3^2 x7 + -0.050 x3 x4 x5 +  0.011 x3 x4 x7 + -0.184 x3 x5^2 + -0.036 x3 x5 x6 +  0.083 x3 x5 x7 + -0.049 x3 x6^2 +  0.087 x3 x6 x7 + -0.015 x3 x7^2 +  0.048 x4^3 +  0.023 x4^2 x5 +  0.125 x4^2 x6 + -0.041 x4^2 x7 + -0.019 x4 x5^2 +  0.003 x4 x5 x6 + -0.037 x4 x5 x7 + -0.084 x4 x6^2 +  0.013 x4 x6 x7 +  0.012 x4 x7^2 +  0.051 x5^3 +  0.025 x5^2 x6 + -0.043 x5^2 x7 + -0.013 x5 x6^2 +  0.031 x5 x6 x7 + -0.001 x6^3 +  0.025 x6^2 x7 + -0.030 x6 x7^2 +  0.008 x7^3 | (x1)' =  0.342 1 +  128.665 x0 + -9.972 x1 + -133.305 x2 +  73.984 x3 + -140.075 x4 +  133.614 x5 + -67.406 x6 +  14.512 x7 +  0.108 x0^2 + -0.921 x0 x1 +  1.898 x0 x2 + -2.686 x0 x3 +  1.933 x0 x4 +  0.240 x0 x5 + -0.639 x0 x6 +  0.120 x0 x7 +  0.815 x1^2 + -0.587 x1 x2 + -0.196 x1 x3 +  1.216 x1 x4 + -4.896 x1 x5 +  2.754 x1 x6 + -0.154 x1 x7 + -1.446 x2^2 +  1.720 x2 x3 +  3.888 x2 x4 + -0.428 x2 x5 +  1.356 x2 x6 + -1.420 x2 x7 + -1.026 x3^2 + -2.252 x3 x4 + -0.727 x3 x5 + -1.087 x3 x6 +  1.161 x3 x7 +  2.318 x4 x5 + -1.305 x4 x6 +  0.709 x4 x7 +  0.639 x5 x6 + -1.414 x5 x7 + -0.730 x6^2 +  1.343 x6 x7 + -0.306 x7^2 + -0.023 x0^3 +  0.086 x0^2 x1 + -0.188 x0^2 x2 +  0.115 x0^2 x3 +  0.047 x0^2 x4 + -0.114 x0^2 x5 +  0.088 x0^2 x6 + -0.025 x0^2 x7 +  0.081 x0 x1^2 + -0.024 x0 x1 x2 +  0.080 x0 x1 x3 + -0.029 x0 x1 x4 + -0.103 x0 x1 x5 +  0.039 x0 x1 x7 + -0.011 x0 x2^2 + -0.099 x0 x2 x4 +  0.016 x0 x2 x5 + -0.008 x0 x2 x6 +  0.059 x0 x3^2 +  0.028 x0 x3 x4 +  0.141 x0 x3 x5 +  0.018 x0 x3 x6 +  0.083 x0 x3 x7 + -0.068 x0 x4^2 + -0.058 x0 x4 x5 + -0.136 x0 x4 x6 + -0.259 x0 x4 x7 +  0.013 x0 x5^2 +  0.155 x0 x5 x6 +  0.306 x0 x5 x7 + -0.017 x0 x6^2 + -0.211 x0 x6 x7 +  0.051 x0 x7^2 + -0.071 x1^3 + -0.035 x1^2 x2 + -0.015 x1^2 x3 +  0.028 x1^2 x4 +  0.211 x1^2 x5 + -0.119 x1^2 x7 +  0.037 x1 x2^2 + -0.069 x1 x2 x3 + -0.102 x1 x2 x4 + -0.160 x1 x2 x6 +  0.165 x1 x2 x7 + -0.076 x1 x3^2 + -0.005 x1 x3 x4 +  0.200 x1 x3 x5 +  0.041 x1 x3 x6 +  0.027 x1 x4^2 +  0.040 x1 x4 x5 + -0.035 x1 x4 x6 + -0.039 x1 x4 x7 + -0.127 x1 x5^2 + -0.063 x1 x5 x6 +  0.113 x1 x5 x7 + -0.045 x1 x6^2 + -0.048 x1 x6 x7 +  0.035 x1 x7^2 +  0.175 x2^3 +  0.001 x2^2 x3 + -0.140 x2^2 x4 + -0.058 x2^2 x5 + -0.019 x2^2 x7 + -0.020 x2 x3^2 + -0.017 x2 x3 x4 +  0.061 x2 x3 x5 + -0.065 x2 x3 x6 +  0.012 x2 x3 x7 +  0.075 x2 x4^2 +  0.080 x2 x4 x5 +  0.060 x2 x4 x6 + -0.041 x2 x4 x7 + -0.031 x2 x5^2 +  0.052 x2 x5 x6 + -0.029 x2 x5 x7 +  0.191 x2 x6^2 +  0.040 x2 x6 x7 + -0.087 x2 x7^2 + -0.016 x3^3 + -0.005 x3^2 x4 +  0.009 x3^2 x5 + -0.008 x3^2 x6 +  0.013 x3^2 x7 +  0.017 x3 x4^2 + -0.031 x3 x4 x5 +  0.023 x3 x4 x6 + -0.022 x3 x4 x7 + -0.168 x3 x5^2 + -0.096 x3 x5 x6 + -0.131 x3 x5 x7 + -0.012 x3 x6^2 + -0.010 x3 x6 x7 +  0.061 x3 x7^2 +  0.034 x4^3 +  0.092 x4^2 x6 +  0.091 x4^2 x7 + -0.034 x4 x5^2 +  0.016 x4 x5 x6 + -0.008 x4 x6^2 +  0.024 x4 x6 x7 + -0.005 x4 x7^2 +  0.038 x5^3 +  0.032 x5^2 x6 +  0.003 x5^2 x7 + -0.038 x5 x6^2 + -0.067 x5 x6 x7 + -0.011 x6^3 +  0.073 x6^2 x7 + -0.026 x6 x7^2 +  0.003 x7^3 | (x2)' = -0.023 1 +  5.710 x0 +  95.716 x1 +  62.985 x2 + -191.658 x3 +  24.608 x4 +  17.623 x5 + -21.625 x6 +  6.682 x7 + -0.473 x0^2 +  1.952 x0 x1 + -2.117 x0 x2 +  0.957 x0 x3 +  0.090 x0 x6 + -0.259 x0 x7 + -0.397 x1^2 +  0.534 x1 x7 + -5.117 x2^2 +  21.516 x2 x3 + -14.269 x2 x4 +  0.142 x2 x6 +  0.977 x2 x7 + -18.814 x3^2 +  15.562 x3 x4 +  11.576 x3 x5 + -6.479 x3 x7 +  6.742 x4^2 + -31.495 x4 x5 +  11.875 x4 x7 +  16.739 x5^2 + -10.811 x5 x7 + -3.905 x6^2 +  6.635 x6 x7 + -1.158 x7^2 + -0.011 x0^3 +  0.029 x0^2 x1 + -0.095 x0^2 x2 +  0.065 x0^2 x3 +  0.056 x0^2 x4 + -0.233 x0^2 x5 +  0.298 x0^2 x6 + -0.117 x0^2 x7 +  0.073 x0 x1^2 + -0.026 x0 x1 x2 +  0.033 x0 x1 x3 +  0.118 x0 x1 x4 + -0.100 x0 x1 x5 + -0.281 x0 x1 x6 +  0.156 x0 x1 x7 + -0.034 x0 x2^2 +  0.063 x0 x2 x4 +  0.075 x0 x2 x5 + -0.168 x0 x2 x6 +  0.161 x0 x2 x7 + -0.016 x0 x3^2 +  0.013 x0 x3 x4 +  0.161 x0 x3 x5 +  0.014 x0 x3 x6 + -0.066 x0 x3 x7 + -0.161 x0 x4^2 + -0.066 x0 x4 x5 + -0.033 x0 x4 x6 + -0.108 x0 x4 x7 +  0.032 x0 x5^2 +  0.170 x0 x5 x6 +  0.186 x0 x5 x7 +  0.006 x0 x6^2 + -0.278 x0 x6 x7 +  0.101 x0 x7^2 + -0.023 x1^3 + -0.039 x1^2 x2 + -0.124 x1^2 x3 +  0.008 x1^2 x4 +  0.267 x1^2 x5 + -0.063 x1^2 x7 + -0.061 x1 x2 x3 + -0.116 x1 x2 x4 +  0.078 x1 x2 x6 + -0.105 x1 x2 x7 +  0.026 x1 x3^2 +  0.245 x1 x3 x5 +  0.116 x1 x3 x6 + -0.053 x1 x3 x7 +  0.078 x1 x4^2 +  0.038 x1 x4 x5 + -0.139 x1 x4 x6 + -0.054 x1 x4 x7 + -0.170 x1 x5^2 + -0.199 x1 x5 x6 +  0.162 x1 x5 x7 + -0.020 x1 x6^2 +  0.175 x1 x6 x7 + -0.113 x1 x7^2 +  0.238 x2^3 + -0.003 x2^2 x3 + -0.313 x2^2 x4 + -0.158 x2^2 x5 + -0.024 x2^2 x6 +  0.027 x2^2 x7 +  0.010 x2 x3^2 + -0.089 x2 x3 x4 +  0.011 x2 x3 x5 +  0.048 x2 x3 x6 +  0.121 x2 x3 x7 +  0.067 x2 x4^2 +  0.143 x2 x4 x5 +  0.049 x2 x4 x6 +  0.003 x2 x4 x7 +  0.141 x2 x5 x6 + -0.055 x2 x5 x7 +  0.090 x2 x6 x7 + -0.014 x2 x7^2 +  0.065 x3^3 + -0.009 x3^2 x4 + -0.028 x3^2 x5 + -0.075 x3^2 x6 +  0.029 x3^2 x7 +  0.031 x3 x4^2 +  0.006 x3 x4 x5 + -0.093 x3 x4 x6 + -0.101 x3 x4 x7 +  0.012 x3 x5^2 + -0.039 x3 x5 x6 + -0.278 x3 x5 x7 +  0.070 x3 x6^2 + -0.184 x3 x6 x7 +  0.094 x3 x7^2 +  0.005 x4^3 + -0.025 x4^2 x5 + -0.012 x4^2 x6 +  0.159 x4^2 x7 + -0.015 x4 x5^2 +  0.053 x4 x5 x6 +  0.144 x4 x5 x7 +  0.101 x4 x6^2 +  0.024 x4 x6 x7 + -0.017 x4 x7^2 + -0.045 x5^3 + -0.011 x5^2 x6 + -0.144 x5 x6 x7 + -0.035 x6^3 +  0.102 x6^2 x7 + -0.011 x6 x7^2 + -0.004 x7^3 | (x3)' = -0.488 1 +  4.753 x0 + -26.986 x1 +  195.174 x2 + -104.231 x3 + -32.605 x4 + -46.398 x5 +  10.597 x6 + -0.265 x7 + -0.159 x0^2 +  0.739 x0 x1 + -1.540 x0 x2 +  1.549 x0 x3 + -0.007 x0 x4 + -0.730 x0 x5 + -0.404 x0 x7 +  0.321 x1^2 + -1.140 x1 x2 +  0.475 x1 x3 + -1.019 x1 x4 +  3.087 x1 x6 +  1.424 x1 x7 +  0.917 x2^2 + -0.184 x2 x3 + -6.258 x2 x6 + -3.960 x2 x7 + -0.011 x3 x4 +  4.105 x3 x5 +  5.056 x3 x6 +  6.616 x3 x7 + -2.402 x4^2 + -0.698 x4 x5 + -5.121 x4 x6 + -5.770 x4 x7 +  1.925 x5^2 +  0.639 x5 x6 +  3.769 x5 x7 +  0.061 x6^2 + -1.561 x6 x7 +  0.282 x7^2 +  0.009 x0^3 + -0.051 x0^2 x1 +  0.041 x0^2 x2 +  0.034 x0^2 x3 + -0.024 x0^2 x4 + -0.151 x0^2 x5 +  0.218 x0^2 x6 + -0.067 x0^2 x7 +  0.028 x0 x1^2 + -0.066 x0 x1 x2 + -0.016 x0 x1 x3 +  0.163 x0 x1 x4 + -0.007 x0 x1 x5 + -0.203 x0 x1 x6 + -0.029 x0 x2^2 +  0.177 x0 x2 x4 +  0.060 x0 x2 x5 + -0.245 x0 x2 x6 +  0.141 x0 x2 x7 + -0.011 x0 x3^2 + -0.053 x0 x3 x4 +  0.073 x0 x3 x5 +  0.054 x0 x3 x6 +  0.089 x0 x3 x7 + -0.218 x0 x4^2 +  0.059 x0 x4 x6 + -0.106 x0 x4 x7 +  0.119 x0 x5^2 + -0.050 x0 x5 x7 +  0.016 x0 x7^2 +  0.095 x1^3 + -0.085 x1^2 x2 + -0.164 x1^2 x3 + -0.021 x1^2 x4 +  0.078 x1^2 x5 +  0.049 x1^2 x6 +  0.146 x1^2 x7 + -0.001 x1 x2^2 +  0.001 x1 x2 x3 + -0.036 x1 x2 x4 + -0.001 x1 x2 x5 + -0.248 x1 x2 x7 +  0.119 x1 x3^2 +  0.085 x1 x3 x4 +  0.088 x1 x3 x6 + -0.147 x1 x3 x7 +  0.079 x1 x4 x5 + -0.050 x1 x4 x6 + -0.022 x1 x4 x7 +  0.004 x1 x5^2 + -0.158 x1 x5 x6 +  0.193 x1 x5 x7 + -0.203 x1 x6^2 +  0.226 x1 x6 x7 + -0.109 x1 x7^2 +  0.108 x2^3 +  0.015 x2^2 x3 + -0.233 x2^2 x4 +  0.083 x2^2 x6 + -0.025 x2^2 x7 +  0.022 x2 x3^2 + -0.111 x2 x3 x4 +  0.086 x2 x3 x6 +  0.146 x2 x3 x7 + -0.005 x2 x4^2 +  0.040 x2 x4 x5 +  0.010 x2 x4 x6 +  0.053 x2 x4 x7 +  0.060 x2 x5 x6 + -0.032 x2 x5 x7 +  0.093 x2 x6^2 + -0.068 x2 x6 x7 +  0.048 x2 x7^2 +  0.047 x3^3 + -0.027 x3^2 x4 + -0.129 x3^2 x5 +  0.062 x3^2 x7 +  0.055 x3 x4^2 + -0.023 x3 x4 x5 + -0.169 x3 x4 x6 + -0.101 x3 x4 x7 +  0.045 x3 x5^2 + -0.008 x3 x5 x6 + -0.204 x3 x5 x7 +  0.135 x3 x6^2 + -0.225 x3 x6 x7 +  0.080 x3 x7^2 +  0.124 x4^3 +  0.008 x4^2 x5 + -0.119 x4^2 x6 +  0.075 x4^2 x7 +  0.049 x4 x5 x6 +  0.143 x4 x5 x7 +  0.209 x4 x6^2 + -0.047 x4 x6 x7 + -0.104 x5^3 + -0.033 x5^2 x6 +  0.129 x5^2 x7 + -0.039 x5 x6^2 + -0.197 x5 x6 x7 +  0.003 x6^3 +  0.059 x6^2 x7 +  0.020 x6 x7^2 + -0.010 x7^3 | (x4)' = -4.675 x0 +  26.092 x1 + -62.430 x2 +  209.116 x3 + -69.402 x4 + -89.353 x5 + -10.924 x6 +  1.619 x7 + -0.221 x0^2 +  0.847 x0 x1 + -0.587 x0 x3 +  5.596 x0 x4 + -8.947 x0 x5 +  5.675 x0 x6 + -2.431 x0 x7 + -4.063 x1 x2 + -9.768 x1 x3 +  10.567 x1 x4 + -1.274 x1 x5 +  5.396 x1 x7 +  12.744 x2^2 + -5.810 x2 x3 + -2.512 x2 x4 + -7.599 x2 x6 + -10.029 x2 x7 + -5.971 x3^2 +  7.633 x3 x4 +  1.283 x3 x5 +  11.564 x3 x6 +  14.600 x3 x7 + -2.856 x4 x5 + -10.330 x4 x6 + -14.803 x4 x7 +  0.046 x5^2 +  4.946 x5 x6 +  10.782 x5 x7 + -5.656 x6 x7 +  1.179 x7^2 + -0.010 x0^3 +  0.060 x0^2 x1 + -0.057 x0^2 x4 +  0.058 x0^2 x5 + -0.044 x0^2 x6 + -0.148 x0 x1^2 +  0.095 x0 x1 x2 +  0.049 x0 x1 x3 + -0.011 x0 x1 x4 + -0.017 x0 x1 x5 +  0.168 x0 x1 x6 + -0.019 x0 x1 x7 + -0.090 x0 x2^2 +  0.017 x0 x2 x3 +  0.252 x0 x2 x4 +  0.078 x0 x2 x5 + -0.403 x0 x2 x6 +  0.006 x0 x2 x7 + -0.093 x0 x3^2 + -0.023 x0 x3 x4 +  0.110 x0 x3 x5 + -0.059 x0 x3 x6 +  0.198 x0 x3 x7 + -0.200 x0 x4^2 +  0.065 x0 x4 x5 +  0.071 x0 x4 x6 + -0.068 x0 x4 x7 +  0.117 x0 x5^2 + -0.112 x0 x5 x6 + -0.024 x0 x5 x7 +  0.024 x0 x6^2 +  0.013 x0 x7^2 +  0.079 x1^3 +  0.029 x1^2 x2 + -0.066 x1^2 x3 + -0.127 x1^2 x4 + -0.235 x1^2 x5 +  0.160 x1^2 x6 + -0.023 x1 x2^2 +  0.073 x1 x2 x3 +  0.164 x1 x2 x4 +  0.026 x1 x2 x5 +  0.009 x1 x2 x6 + -0.016 x1 x2 x7 +  0.049 x1 x3^2 + -0.020 x1 x3 x4 +  0.024 x1 x3 x5 +  0.165 x1 x3 x6 + -0.076 x1 x3 x7 + -0.094 x1 x4 x5 +  0.133 x1 x4 x6 + -0.172 x1 x4 x7 +  0.023 x1 x5^2 + -0.017 x1 x5 x6 + -0.091 x1 x5 x7 + -0.181 x1 x6^2 +  0.392 x1 x6 x7 + -0.168 x1 x7^2 + -0.101 x2^3 +  0.016 x2^2 x3 +  0.119 x2^2 x4 +  0.004 x2^2 x6 + -0.078 x2^2 x7 + -0.008 x2 x3^2 + -0.037 x2 x3 x4 + -0.083 x2 x3 x5 +  0.090 x2 x3 x7 + -0.124 x2 x4^2 +  0.118 x2 x4 x7 +  0.155 x2 x5 x6 +  0.060 x2 x5 x7 + -0.146 x2 x6^2 + -0.039 x2 x6 x7 +  0.119 x2 x7^2 +  0.017 x3^3 +  0.008 x3^2 x4 + -0.132 x3^2 x5 +  0.034 x3^2 x7 +  0.051 x3 x4^2 + -0.002 x3 x4 x5 + -0.152 x3 x4 x6 + -0.021 x3 x4 x7 +  0.176 x3 x5^2 +  0.090 x3 x5 x6 + -0.057 x3 x5 x7 + -0.022 x3 x6^2 + -0.239 x3 x6 x7 + -0.006 x3 x7^2 +  0.105 x4^3 + -0.005 x4^2 x5 + -0.126 x4^2 x6 + -0.002 x4^2 x7 + -0.006 x4 x5^2 +  0.071 x4 x5 x6 +  0.221 x4 x6^2 +  0.036 x4 x6 x7 +  0.053 x4 x7^2 + -0.178 x5^3 + -0.018 x5^2 x6 +  0.068 x5^2 x7 +  0.059 x5 x6^2 + -0.026 x5 x6 x7 + -0.096 x5 x7^2 + -0.045 x6^3 + -0.050 x6^2 x7 +  0.106 x6 x7^2 + -0.023 x7^3 | (x5)' = -0.282 1 + -25.751 x0 +  146.559 x1 + -377.010 x2 +  567.675 x3 + -415.237 x4 +  325.405 x5 + -240.164 x6 +  18.531 x7 + -0.457 x0^2 +  2.281 x0 x1 + -1.583 x0 x2 +  0.051 x0 x3 +  0.766 x0 x4 + -0.539 x0 x5 +  0.560 x0 x6 + -0.356 x0 x7 + -1.879 x1^2 +  16.432 x2 x3 + -13.435 x2 x4 +  2.321 x2 x7 + -26.747 x3^2 +  38.083 x3 x4 + -0.448 x3 x5 + -6.211 x3 x7 + -9.633 x4^2 + -9.128 x4 x5 +  8.344 x4 x7 +  6.331 x5^2 + -5.863 x5 x7 + -0.620 x6^2 +  1.905 x6 x7 + -0.174 x7^2 +  0.022 x0^3 + -0.074 x0^2 x1 +  0.141 x0^2 x3 + -0.192 x0^2 x4 +  0.071 x0^2 x5 +  0.049 x0^2 x6 + -0.056 x0^2 x7 +  0.033 x0 x1^2 + -0.030 x0 x1 x3 +  0.052 x0 x1 x4 +  0.045 x0 x1 x5 + -0.113 x0 x1 x6 +  0.157 x0 x1 x7 + -0.120 x0 x2 x3 +  0.156 x0 x2 x4 +  0.072 x0 x2 x5 + -0.139 x0 x2 x6 + -0.227 x0 x2 x7 +  0.008 x0 x3 x4 +  0.005 x0 x3 x5 +  0.098 x0 x3 x6 +  0.256 x0 x3 x7 + -0.091 x0 x4^2 + -0.080 x0 x4 x5 + -0.054 x0 x4 x6 + -0.052 x0 x4 x7 +  0.141 x0 x5^2 +  0.044 x0 x5 x6 + -0.145 x0 x5 x7 + -0.064 x0 x6^2 +  0.103 x0 x6 x7 +  0.006 x1^3 +  0.074 x1^2 x2 + -0.132 x1^2 x3 + -0.038 x1^2 x4 + -0.062 x1^2 x6 +  0.109 x1^2 x7 +  0.008 x1 x2^2 + -0.005 x1 x2 x3 +  0.136 x1 x2 x4 + -0.100 x1 x2 x5 +  0.094 x1 x2 x6 + -0.162 x1 x2 x7 +  0.066 x1 x3^2 +  0.094 x1 x3 x4 + -0.138 x1 x3 x5 +  0.078 x1 x3 x6 +  0.074 x1 x3 x7 + -0.140 x1 x4 x5 + -0.115 x1 x4 x6 + -0.033 x1 x4 x7 +  0.112 x1 x5^2 +  0.060 x1 x5 x6 + -0.106 x1 x6^2 +  0.194 x1 x6 x7 + -0.139 x1 x7^2 + -0.056 x2^3 + -0.014 x2^2 x3 +  0.101 x2^2 x4 + -0.097 x2^2 x5 +  0.247 x2^2 x6 + -0.122 x2^2 x7 + -0.002 x2 x3^2 +  0.027 x2 x3 x4 + -0.156 x2 x3 x5 +  0.107 x2 x3 x6 +  0.043 x2 x3 x7 +  0.027 x2 x4^2 + -0.043 x2 x4 x5 + -0.053 x2 x4 x6 + -0.072 x2 x4 x7 +  0.200 x2 x5^2 +  0.053 x2 x5 x7 + -0.151 x2 x6^2 +  0.010 x2 x6 x7 +  0.142 x2 x7^2 + -0.028 x3^3 + -0.002 x3^2 x4 + -0.167 x3^2 x5 + -0.020 x3^2 x6 +  0.089 x3^2 x7 +  0.053 x3 x4^2 + -0.031 x3 x4 x5 + -0.078 x3 x4 x6 + -0.024 x3 x4 x7 +  0.119 x3 x5^2 +  0.046 x3 x5 x6 + -0.030 x3 x5 x7 + -0.055 x3 x6^2 + -0.110 x3 x6 x7 + -0.056 x3 x7^2 +  0.086 x4^3 + -0.013 x4^2 x5 + -0.050 x4^2 x6 +  0.022 x4^2 x7 + -0.010 x4 x5^2 +  0.051 x4 x5 x6 +  0.161 x4 x6^2 +  0.071 x4 x6 x7 + -0.008 x4 x7^2 + -0.133 x5^3 + -0.016 x5^2 x6 + -0.016 x5^2 x7 +  0.060 x5 x6^2 + -0.011 x5 x6 x7 + -0.012 x5 x7^2 + -0.021 x6^3 + -0.065 x6^2 x7 +  0.067 x6 x7^2 + -0.015 x7^3 | (x6)' = -27.356 x0 +  157.246 x1 + -409.521 x2 +  623.921 x3 + -599.050 x4 +  487.081 x5 + -127.551 x6 + -104.789 x7 + -0.639 x0^2 +  3.169 x0 x1 + -5.720 x0 x2 +  6.918 x0 x3 + -0.562 x0 x4 + -6.512 x0 x5 +  5.122 x0 x6 + -1.121 x0 x7 + -3.746 x1 x2 + -4.401 x1 x3 +  0.976 x1 x4 +  10.577 x1 x5 + -7.597 x1 x6 +  0.965 x1 x7 +  8.614 x2^2 + -2.668 x2 x3 + -5.275 x2 x4 + -1.023 x2 x5 +  1.278 x2 x7 + -2.473 x3 x4 +  2.111 x3 x5 + -0.662 x3 x6 +  1.151 x3 x7 +  4.852 x4^2 +  0.880 x4 x5 +  2.343 x4 x6 + -5.601 x4 x7 + -7.015 x5^2 +  2.201 x5 x6 +  5.775 x5 x7 +  1.417 x6^2 + -4.204 x6 x7 +  0.871 x7^2 +  0.023 x0^3 + -0.064 x0^2 x1 +  0.096 x0^2 x3 + -0.140 x0^2 x4 +  0.102 x0^2 x5 + -0.045 x0^2 x6 +  0.024 x0^2 x7 + -0.029 x0 x1^2 +  0.146 x0 x1 x2 + -0.115 x0 x1 x3 + -0.016 x0 x1 x4 +  0.090 x0 x1 x5 + -0.036 x0 x1 x6 + -0.051 x0 x1 x7 + -0.046 x0 x2^2 +  0.046 x0 x2 x4 +  0.057 x0 x2 x5 + -0.004 x0 x2 x6 + -0.082 x0 x2 x7 + -0.060 x0 x3 x4 + -0.048 x0 x3 x5 +  0.175 x0 x3 x7 +  0.030 x0 x4^2 +  0.042 x0 x4 x5 +  0.037 x0 x4 x6 + -0.107 x0 x4 x7 +  0.017 x0 x5^2 + -0.136 x0 x5 x6 +  0.068 x0 x6^2 +  0.010 x0 x6 x7 +  0.004 x0 x7^2 +  0.036 x1^3 +  0.012 x1^2 x2 + -0.040 x1^2 x3 +  0.045 x1^2 x4 + -0.094 x1^2 x5 +  0.005 x1^2 x6 +  0.122 x1^2 x7 + -0.054 x1 x2^2 +  0.028 x1 x2 x3 +  0.108 x1 x2 x4 + -0.102 x1 x2 x5 +  0.017 x1 x2 x6 + -0.068 x1 x2 x7 +  0.055 x1 x3^2 +  0.021 x1 x3 x4 + -0.171 x1 x3 x5 + -0.051 x1 x3 x6 + -0.016 x1 x3 x7 +  0.005 x1 x4^2 +  0.014 x1 x4 x6 +  0.056 x1 x4 x7 +  0.099 x1 x5 x6 +  0.002 x1 x5 x7 + -0.059 x1 x7^2 + -0.086 x2^3 +  0.036 x2^2 x3 +  0.101 x2^2 x4 + -0.030 x2^2 x5 +  0.168 x2^2 x6 + -0.076 x2^2 x7 +  0.032 x2 x3^2 +  0.002 x2 x3 x4 + -0.073 x2 x3 x5 +  0.065 x2 x3 x6 + -0.028 x2 x3 x7 + -0.029 x2 x4^2 + -0.018 x2 x4 x5 + -0.040 x2 x4 x6 + -0.002 x2 x4 x7 +  0.072 x2 x5^2 + -0.036 x2 x5 x7 + -0.140 x2 x6^2 +  0.019 x2 x6 x7 +  0.113 x2 x7^2 + -0.023 x3^3 + -0.038 x3^2 x4 + -0.020 x3^2 x5 +  0.031 x3^2 x6 +  0.026 x3^2 x7 + -0.017 x3 x4^2 +  0.037 x3 x4 x5 + -0.051 x3 x4 x6 +  0.027 x3 x4 x7 +  0.110 x3 x5^2 + -0.025 x3 x5 x6 +  0.010 x3 x5 x7 + -0.020 x3 x6^2 +  0.020 x3 x6 x7 + -0.069 x3 x7^2 +  0.006 x4^3 +  0.030 x4^2 x5 + -0.100 x4^2 x6 +  0.019 x4^2 x7 +  0.032 x4 x5^2 + -0.037 x4 x5 x6 +  0.097 x4 x6^2 +  0.077 x4 x6 x7 + -0.068 x4 x7^2 + -0.039 x5^3 + -0.045 x5^2 x6 + -0.043 x5^2 x7 +  0.055 x5 x6^2 +  0.059 x5 x7^2 +  0.017 x6^3 + -0.095 x6^2 x7 +  0.041 x6 x7^2 + -0.010 x7^3 | (x7)' =  0.737 1 +  70.911 x0 + -522.942 x1 +  1754.794 x2 + -3512.613 x3 +  4595.531 x4 + -4027.637 x5 +  2435.666 x6 + -793.695 x7 + -0.626 x0^2 +  2.769 x0 x1 + -5.871 x0 x2 +  8.887 x0 x3 + -8.366 x0 x4 +  4.687 x0 x5 + -1.866 x0 x6 +  1.296 x0 x7 +  1.127 x1^2 + -4.637 x1 x2 +  4.093 x1 x3 + -4.902 x1 x4 +  5.815 x1 x5 + -3.061 x1 x6 + -4.136 x1 x7 +  0.457 x2^2 +  4.522 x2 x3 + -3.471 x2 x4 +  0.868 x2 x5 +  3.024 x2 x6 +  9.778 x2 x7 + -0.491 x3^2 + -5.720 x3 x4 + -8.039 x3 x6 + -11.208 x3 x7 +  5.281 x4^2 +  3.490 x4 x5 +  9.967 x4 x6 +  7.156 x4 x7 + -7.242 x5^2 + -2.803 x5 x6 + -3.221 x5 x7 +  2.405 x6^2 +  0.102 x6 x7 + -0.066 x7^2 +  0.016 x0^3 + -0.061 x0^2 x1 +  0.044 x0^2 x2 + -0.036 x0^2 x3 + -0.046 x0^2 x4 +  0.088 x0^2 x5 + -0.097 x0^2 x6 +  0.080 x0^2 x7 +  0.022 x0 x1^2 +  0.074 x0 x1 x2 +  0.025 x0 x1 x3 + -0.022 x0 x1 x4 +  0.077 x0 x1 x5 +  0.030 x0 x1 x6 + -0.217 x0 x1 x7 + -0.021 x0 x2^2 + -0.055 x0 x2 x3 + -0.077 x0 x2 x4 + -0.018 x0 x2 x5 +  0.149 x0 x2 x6 +  0.178 x0 x2 x7 + -0.002 x0 x3^2 +  0.018 x0 x3 x4 + -0.127 x0 x3 x5 + -0.113 x0 x3 x6 + -0.169 x0 x3 x7 +  0.184 x0 x4^2 +  0.039 x0 x4 x5 +  0.110 x0 x4 x6 +  0.103 x0 x4 x7 + -0.141 x0 x5^2 + -0.042 x0 x5 x6 + -0.035 x0 x5 x7 +  0.045 x0 x6^2 + -0.002 x0 x6 x7 + -0.003 x0 x7^2 + -0.035 x1^3 +  0.004 x1^2 x2 +  0.052 x1^2 x3 + -0.014 x1^2 x4 + -0.019 x1^2 x5 + -0.024 x1^2 x6 +  0.038 x1^2 x7 + -0.020 x1 x2^2 +  0.032 x1 x2 x3 + -0.012 x1 x2 x4 + -0.037 x1 x2 x5 + -0.021 x1 x2 x6 +  0.141 x1 x2 x7 +  0.048 x1 x3^2 + -0.016 x1 x3 x4 + -0.108 x1 x3 x5 + -0.139 x1 x3 x7 + -0.001 x1 x4^2 + -0.019 x1 x4 x5 +  0.100 x1 x4 x6 +  0.108 x1 x4 x7 + -0.053 x1 x5^2 +  0.065 x1 x5 x6 + -0.052 x1 x5 x7 +  0.109 x1 x6^2 + -0.091 x1 x6 x7 +  0.026 x1 x7^2 + -0.042 x2^3 +  0.018 x2^2 x3 +  0.028 x2^2 x4 +  0.065 x2^2 x5 + -0.029 x2^2 x6 + -0.010 x2^2 x7 +  0.014 x2 x3^2 + -0.003 x2 x3 x4 +  0.051 x2 x3 x5 + -0.056 x2 x3 x6 + -0.130 x2 x3 x7 + -0.038 x2 x4^2 +  0.016 x2 x4 x5 +  0.026 x2 x4 x6 +  0.072 x2 x4 x7 + -0.046 x2 x5^2 + -0.062 x2 x5 x6 + -0.050 x2 x5 x7 + -0.054 x2 x6^2 + -0.051 x2 x6 x7 +  0.028 x2 x7^2 + -0.026 x3^3 +  0.120 x3^2 x5 +  0.025 x3^2 x6 + -0.008 x3^2 x7 + -0.052 x3 x4^2 +  0.073 x3 x4 x5 +  0.017 x3 x4 x6 +  0.112 x3 x4 x7 +  0.062 x3 x5^2 + -0.026 x3 x5 x6 +  0.052 x3 x5 x7 +  0.015 x3 x6^2 +  0.118 x3 x6 x7 + -0.025 x3 x7^2 + -0.097 x4^3 +  0.007 x4^2 x5 + -0.106 x4^2 x6 + -0.012 x4^2 x7 +  0.036 x4 x5^2 + -0.098 x4 x5 x6 + -0.073 x4 x5 x7 + -0.036 x4 x6^2 +  0.065 x4 x6 x7 + -0.077 x4 x7^2 +  0.109 x5^3 + -0.011 x5^2 x6 + -0.061 x5^2 x7 +  0.025 x5 x6^2 +  0.068 x5 x6 x7 +  0.054 x5 x7^2 + -0.024 x6^3 + -0.015 x6^2 x7 + -0.023 x6 x7^2 +  0.005 x7^3
31,35.0,1000.0,36.85636440989091,3,8,2,8.0,56.0,0,0.0,finite_difference,success,,1210,1320,91.66666666666667,23.316110994666815,"[""1"", ""x0"", ""x1"", ""x2"", ""x3"", ""x4"", ""x5"", ""x6"", ""x7"", ""x0^2"", ""x0 x1"", ""x0 x2"", ""x0 x3"", ""x0 x4"", ""x0 x5"", ""x0 x6"", ""x0 x7"", ""x1^2"", ""x1 x2"", ""x1 x3"", ""x1 x4"", ""x1 x5"", ""x1 x6"", ""x1 x7"", ""x2^2"", ""x2 x3"", ""x2 x4"", ""x2 x5"", ""x2 x6"", ""x2 x7"", ""x3^2"", ""x3 x4"", ""x3 x5"", ""x3 x6"", ""x3 x7"", ""x4^2"", ""x4 x5"", ""x4 x6"", ""x4 x7"", ""x5^2"", ""x5 x6"", ""x5 x7"", ""x6^2"", ""x6 x7"", ""x7^2"", ""x0^3"", ""x0^2 x1"", ""x0^2 x2"", ""x0^2 x3"", ""x0^2 x4"", ""x0^2 x5"", ""x0^2 x6"", ""x0^2 x7"", ""x0 x1^2"", ""x0 x1 x2"", ""x0 x1 x3"", ""x0 x1 x4"", ""x0 x1 x5"", ""x0 x1 x6"", ""x0 x1 x7"", ""x0 x2^2"", ""x0 x2 x3"", ""x0 x2 x4"", ""x0 x2 x5"", ""x0 x2 x6"", ""x0 x2 x7"", ""x0 x3^2"", ""x0 x3 x4"", ""x0 x3 x5"", ""x0 x3 x6"", ""x0 x3 x7"", ""x0 x4^2"", ""x0 x4 x5"", ""x0 x4 x6"", ""x0 x4 x7"", ""x0 x5^2"", ""x0 x5 x6"", ""x0 x5 x7"", ""x0 x6^2"", ""x0 x6 x7"", ""x0 x7^2"", ""x1^3"", ""x1^2 x2"", ""x1^2 x3"", ""x1^2 x4"", ""x1^2 x5"", ""x1^2 x6"", ""x1^2 x7"", ""x1 x2^2"", ""x1 x2 x3"", ""x1 x2 x4"", ""x1 x2 x5"", ""x1 x2 x6"", ""x1 x2 x7"", ""x1 x3^2"", ""x1 x3 x4"", ""x1 x3 x5"", ""x1 x3 x6"", ""x1 x3 x7"", ""x1 x4^2"", ""x1 x4 x5"", ""x1 x4 x6"", ""x1 x4 x7"", ""x1 x5^2"", ""x1 x5 x6"", ""x1 x5 x7"", ""x1 x6^2"", ""x1 x6 x7"", ""x1 x7^2"", ""x2^3"", ""x2^2 x3"", ""x2^2 x4"", ""x2^2 x5"", ""x2^2 x6"", ""x2^2 x7"", ""x2 x3^2"", ""x2 x3 x4"", ""x2 x3 x5"", ""x2 x3 x6"", ""x2 x3 x7"", ""x2 x4^2"", ""x2 x4 x5"", ""x2 x4 x6"", ""x2 x4 x7"", ""x2 x5^2"", ""x2 x5 x6"", ""x2 x5 x7"", ""x2 x6^2"", ""x2 x6 x7"", ""x2 x7^2"", ""x3^3"", ""x3^2 x4"", ""x3^2 x5"", ""x3^2 x6"", ""x3^2 x7"", ""x3 x4^2"", ""x3 x4 x5"", ""x3 x4 x6"", ""x3 x4 x7"", ""x3 x5^2"", ""x3 x5 x6"", ""x3 x5 x7"", ""x3 x6^2"", ""x3 x6 x7"", ""x3 x7^2"", ""x4^3"", ""x4^2 x5"", ""x4^2 x6"", ""x4^2 x7"", ""x4 x5^2"", ""x4 x5 x6"", ""x4 x5 x7"", ""x4 x6^2"", ""x4 x6 x7"", ""x4 x7^2"", ""x5^3"", ""x5^2 x6"", ""x5^2 x7"", ""x5 x6^2"", ""x5 x6 x7"", ""x5 x7^2"", ""x6^3"", ""x6^2 x7"", ""x6 x7^2"", ""x7^3""]","[[-22.607812850828203, 209.82664577359012, -408.0615199294842, 381.28505015576496, -332.9423192692335, 241.8757279851942, -138.87954809208057, 57.09148960900768, -11.50637325856244, -0.08570184504338346, 0.5353940876467641, -0.7391169658748228, 0.7015018095577679, -0.47539821435462987, 0.3377052619231494, -0.21455379760197213, 0.0760147955529999, -0.36023186588206874, 0.0, 0.6710519535095831, -1.02043343282819, 0.5602058889976977, -0.07053624115139102, -0.08462738162366923, 1.2584321292458085, -4.171397228494057, 4.351936831668416, -2.655930303742375, 0.8831911588990649, 0.0, 3.29162507976541, -6.784737659322767, 4.312422368413349, -1.5607064607233136, 0.06117025586069624, 3.484521796765257, -4.519047168798672, 1.6831440254704513, -0.06557839180416034, 1.5141121534358655, -1.1396867061956653, 0.0, 0.17599039084398005, 0.0912526378110217, -0.041663842848158564, 0.00452268991392619, -0.03620848253419437, 0.05256371128613492, -0.05338613777150891, 0.038976433384482735, -0.020597033542402172, 0.007339960923761851, -0.003984397826000913, 0.08939800796929712, -0.22877955103060926, 0.20601372616074742, -0.12651846265672576, 0.05445149133966352, -0.016000533919002902, 0.015816874397898535, 0.11235344682567606, -0.12806165965244093, 0.00928457613215895, 0.03615901612889906, -0.022064603579330166, -0.016433204377978464, -0.022399501561429506, 0.18333154748739983, -0.17321110958077116, 0.07783061224309944, 0.011727029724022984, -0.15593536240029376, 0.26315724597361295, -0.11579437930820817, -0.004437088796983973, -0.11262120283036678, 0.10480315948841981, -0.0011067258347777261, -0.026245876171187628, -0.0003384047805193141, 0.002794848937874728, -0.0713931926127225, 0.2552075343814205, -0.2195481437638779, 0.12406290547881704, -0.05443829400448801, 0.02411029615708735, -0.024952697687729553, -0.24845074409578904, 0.3144363209678487, -0.06358486442392708, -0.008218178955778227, -0.031285420244979094, 0.08041307311150456, -0.014560560200736693, -0.23966184376779365, 0.20298473326266953, -0.022990867754660863, -0.09477000195013867, 0.2428109930288137, -0.3817084273638161, 0.10129804731202711, 0.07794612418928523, 0.16295587790466548, -0.11069348196201066, -0.04823168232442793, 0.02132648986391414, 0.0281298785396708, -0.010366489185542498, 0.0654750199831024, -0.08404342359055512, -0.041172790998311976, 0.016460368311518304, 0.05768414388119971, -0.08343898374209983, -0.017016129942227568, 0.22666052472188694, -0.06275559498152448, -0.1764135171128603, 0.22902746844441477, -0.19398885969888818, 0.20350102089303412, 0.09956291082403655, -0.20640113628738874, -0.080349857110411, -0.02767806055173163, 0.1349878803944259, 0.016876916132563483, -0.06919812146308367, 0.018239848242202948, 0.0034798900159332654, -0.027748669905816495, -0.09176756594167641, 0.19523018994651087, -0.16893532194285815, 0.016367949445746724, 0.16511890616727087, -0.35221263284425863, 0.3153687182087612, -0.07874680928228765, 0.2110100016682873, -0.20649646747983003, -0.05823367003936106, 0.09656517663325044, -0.021765391159197248, 0.011499746784534245, -0.10631281328704019, 0.16813776921881085, -0.14588140750026965, 0.08952268782937421, -0.18894866593728374, 0.18219291460815082, 0.042098703198248634, -0.07540488847290594, 0.016408519739212434, -0.014240178342781625, 0.03284531879680909, -0.05016370829035234, 0.0, 0.030663047436421648, -0.007287381100965576, -0.006375341112152272, 0.0, 0.0011831557948536206, -0.0003323117188697948], [2.215359562974309, 44.2628811601209, 75.41598827212924, -182.09133295484844, 104.87031153601546, -67.20546182424441, 36.54989541350621, -14.73009782968608, 3.1315805942940815, 0.049056503511301586, -0.27864330396255865, 0.3988999088382714, -0.38236374074177915, 0.24224917302560967, -0.1041102009018814, 0.021976652231152544, 0.0, 0.32747843184342057, -0.828286200599856, 0.7460869125171028, -0.4194598283254079, 0.14433644274512644, 0.0, -0.011857418540643995, 0.48974657354979506, -0.8810737474506845, 0.48425190068607843, -0.1692110008486023, 0.0, 0.010976602388632229, 0.3970019236143297, -0.4196194914372721, 0.15308684803578795, -0.012223704887229453, 0.0, 0.08875822960849777, -0.046226330882200455, -0.008911038446936966, 0.000240589562885485, -0.004137770170982506, 0.0175829704193576, 0.0, 0.0, -0.00843595134172882, 0.0027657520260635556, -0.0004866876129703476, 0.004017382674502358, -0.006059091916490827, 0.0066924092549368475, -0.005642539833372852, 0.003933964266442191, -0.0019502746971079585, 0.0006194340675131639, -0.010327392031676713, 0.026569172006815654, -0.025890415200995352, 0.019196308892277678, -0.013172262905674878, 0.006729461863355031, -0.0019753194696748443, -0.012040875096726947, 0.0147359551539378, -0.0048698671655743675, 0.004003082953469923, -0.003097746832916402, 0.0009081630885119672, 0.001374107415084997, -0.01389749267517634, 0.00806421164372002, -0.0018043315253876895, 0.00014305731817049473, 0.011645224756149503, -0.014209077841282704, 0.004276052983358507, -0.0003225337986414572, 0.0046328205041693835, -0.003224387857913149, 3.1975767270188226e-05, 0.0008183116712189459, 6.262297803347364e-05, -0.00015415112084019323, 0.009274459552819088, -0.0343837401973375, 0.03310608973318055, -0.023470507835770982, 0.016246476394887827, -0.008659642046873257, 0.002125652744475858, 0.034618685782606205, -0.05454518300901531, 0.027976921225654993, -0.0213405878920518, 0.013839111762442739, -0.002384807053686779, 0.014316005770811139, 8.460295291969317e-05, 0.0038291187976313944, -0.0066749689369494485, 0.0004954834253064981, -0.011626177178434853, 0.011534891746589561, 0.0, 0.0, -0.003619753745546799, 0.001131758665118865, 0.00047241292121727495, -0.0007559746128406378, -1.2651907450732866e-05, 0.00011891396843835141, -0.00893272796355737, 0.01562149244795424, 0.0, 0.002494998621669809, -0.0036039332919733497, -0.0009093576251305417, -0.0037453759747029264, -0.021099773602302203, 0.007582586679919343, 0.0, 0.004761745148936012, 0.020674232208127894, -0.022530662886794603, 0.008282278678596567, -0.005205722447140919, 0.00889097274831482, -0.010917422908370703, 0.0038554195389727997, 0.005549881915303793, -0.003732304471590019, 0.0006644212417635421, 0.0, 0.00810006910197908, 0.0, 0.0, -0.0032383670738410308, -0.008773434338071373, 0.0, -0.001879079426608748, 0.004889488783531873, 0.0005323503749785021, 0.006687774545571632, -0.0034592164410518814, -0.00678115020230244, 0.005100809033975104, -0.0010723748755837668, -0.00043917304003723693, 0.010298447234748695, -0.0039598457979770855, 0.0, -0.012446857587022082, 0.0065236199198340245, -0.0019587421941404458, 0.002951878864781807, -0.0022200558580462806, 0.000676022549209418, 0.00450564648853683, -0.004090913449027493, 0.002044842701794909, -0.0010713169506541113, 0.0, -0.0001685989470956743, 0.0008946884106868853, -0.0005527225167354858, 0.00016611631720221193, 0.0], [0.0, -7.476012718409523, 67.45433701622213, 35.521371604397025, -131.77253135248745, 54.54398101589858, -26.291333234731955, 10.112498649124449, -2.176541810180314, -0.005254524702644272, 0.019592709975433536, -0.009835423383834058, 0.0, 0.0, 0.008401232648684552, -0.003274777294310192, -0.0018433268256448567, 0.011129294994249595, -0.12025211191113118, 0.156804910030627, -0.11673422478908799, 0.039010392131393255, -0.01574323578812966, 0.009065616785286851, 0.15122704025348713, -0.3260789889364883, 0.2033974328010347, -0.042585307311065385, 0.0, 0.0, 0.15307386843874962, -0.12302571038376411, -0.0680825943632675, 0.08597837359852374, -0.03745902327541796, -0.04762582282926388, 0.25914435398204294, -0.21118788347635598, 0.08653639551667447, -0.17498353389818747, 0.2569275751284493, -0.10342352090459743, -0.0960306652261494, 0.07872427170313821, -0.015669177077173645, 0.00018187446051706442, -0.0016733353148886724, 0.0024354820509447025, -0.0022168133102618607, 0.001154678045065308, -0.00023165700018180224, -0.0002676585522700605, 4.24843484371255e-05, 0.004530782510419069, -0.011211457794531797, 0.008891843952647855, -0.0037941322830591134, 0.00038899562802717757, 0.0014049462047234697, -0.000288816743883805, 0.005314905759816599, -0.0058810343934108935, 0.0009980344324070003, 0.0, -0.0010002875783440925, 0.0, 0.0005220169382037469, 0.000956731550328049, 0.001495526705431912, -0.0010801267687593787, 0.0008767477133595879, 0.0, -0.003740122994016279, 0.003015797322610509, -0.0015345585064280509, 0.002812770142429835, -0.003625502379218841, 0.0016332431648928367, 0.001065067436617841, -0.001053614089910157, 0.0002682165916091111, -0.004054309837841487, 0.01397271327560031, -0.01044189749022651, 0.004220418452867244, -0.0007858720176690565, -0.0014267453972743298, 0.0004994021786973421, -0.012989772416159562, 0.01362397770543397, -0.0013613149453682908, 0.0005295945254493535, 0.0024612983558438386, -0.0010756611974706864, -0.00014240271171663484, -0.006216187969569166, -0.0012018594417167836, 0.0, 0.00015820926266568665, 0.003469014590621717, 0.0031780910700014786, -0.002245497156964867, 0.0007514515815856278, -0.0038938534841223152, 0.004005398501467829, -0.0016452155509412167, -0.0008449346854030838, 0.0011618564630319621, -0.0003878075365204774, 0.0028461022922105354, -1.3768019772363723e-05, -0.0044679765521809115, -0.0004765471830241026, -0.0006900774289259892, 0.000872482621650792, -0.008127201289354236, 0.01722198205741086, 0.002411471198226573, 0.0, -0.0017801371613786197, -0.007174141565847753, -0.003934363667095395, 0.0, 0.0015435707828652975, 0.004712880376655205, -0.0012340005681050889, 0.0, -0.0012015152810652653, 0.00016921963787088512, 0.0002297036818757865, 0.00489966059930111, -0.010745457191564637, -0.003059424165743497, 0.0, 0.0013525465411243168, 0.0059415453664557714, 0.009880560666413692, 0.0007936924342897789, -0.002649219264426701, -0.00705659649890345, -0.00073922507839225, 0.0010043164004197055, 0.003274325556784384, -0.0014735945001070703, -4.31523808797281e-05, 0.0, -0.008147876363956934, 0.0, 0.0009647693425833945, 0.009224799950928593, 0.0, -0.0003768627725179083, -0.00352660465272662, 0.001516550630399726, 0.0, -0.002618145645076073, -0.00045931311487184173, -0.00016298957663897192, 0.003341098385820322, -0.0011068719051373324, -4.013573997422449e-05, -0.0012385484792257779, 0.0006803760781553379, 0.0, -4.103130682138491e-05], [0.9480459403264809, 3.2502277222403078, -17.926117195093557, 86.07457182067209, 11.033553802087726, -106.0646527237089, 32.42767525835923, -11.02429902683022, 2.2875315582684346, 0.004763888721054046, -0.01810114223128047, 0.011746173144315353, 0.0, -0.004922787557375007, 0.0, 0.0, -0.00016342466011180426, -0.004564361280679288, 0.07958007903039038, -0.12274095146969943, 0.10944049632636525, -0.053494896416621654, 0.019331173923070342, 0.0, -0.11089693243807416, 0.29228808413967966, -0.2508524906350073, 0.13320499647244144, -0.04942105661949909, -0.0011155198044728004, -0.19866878413639294, 0.36040667753877614, -0.2136576945860364, 0.08612135352805286, 0.0, -0.16859144239898133, 0.21333416245913528, -0.09107265499468929, -0.0008341886760574368, -0.07788669953452335, 0.07519135230960797, 0.0, -0.017448428589084772, -0.0032005594607518576, 0.0022034170438969764, -6.334443003627368e-05, 0.0003810360142237232, -0.0006272582830555474, 0.0008178051769270425, -0.0006237879524126499, 0.00021620742112442136, 5.3558808168353004e-05, 1.0770463916720543e-05, -0.0004804640481836723, 0.0010778106913796003, -0.0016448005722139543, 0.0010365925423190957, 0.0, -0.0005570346728811388, -2.315284858406846e-05, 0.0, 0.00030218549765212655, 0.000128759074331828, -0.0005315157211000509, 0.000856810814179518, 0.0, -0.00036237161848039174, 0.0004443205795677093, -0.000337062968314559, -0.00015857185471979346, -0.00032405433354265405, 0.0, 0.0, 0.0, 0.0005023524819738058, 0.0002580520949641636, -0.0004995479106673263, -0.0002479087494795799, 0.00033401990134927605, -4.43693017546481e-05, 3.139707449086597e-06, 0.0, 0.0005314828902527281, 0.00019371986240971015, 0.00023565347247411647, -0.0005790998373993033, 0.0006402182419633949, 0.00011886491893473304, -0.0019530396423339074, 0.0022135979054188474, -0.0031670339618444054, 0.0023324584574527917, -0.0018867028475047273, -0.00020018050967613682, 0.0, 0.0012594652696094582, 0.0, 0.0001451101860195746, 0.000936753132264278, -0.0016190602936505154, 0.0015165628606333117, 7.872612014882526e-05, -0.0013897550228337326, -0.0008531463239844547, 0.0006710269858781066, 0.000914498136845897, -0.0005528344295089538, 0.0, -5.231427452425919e-05, 0.0011482971215157419, -0.0015457007891678412, 0.0024857183201756386, -0.0016171437019497268, 0.001724292017698684, -0.00027292856030567954, -0.0014500527087849108, 0.0, -0.0009182439875074984, -0.001763844735834167, 0.00022606683615625833, 0.002229025357795852, -0.002958846760683155, 0.002657895305078941, 0.0, 0.0021596738333579477, -0.0041617303929065074, 0.0006460049714819811, 0.0025851361778757745, -0.0019292237291310512, 0.0005832996627035754, 0.0023359565515755436, -0.005532074874259884, 0.004974445005716764, -0.0007407459015908366, 0.0, 0.003952317510136373, -0.0075720408917361965, 0.0011229938985275224, -0.0001523633322395792, 0.002074734996000949, 0.001728128799700547, -0.000962820456655142, -0.003053069932024172, 0.0032530031139236825, -0.0010538315830586405, -0.0013322520494436767, 0.004934265045121724, -0.0016913124086850076, 0.0004094521895355542, -0.00470957195155587, 0.002210958061544201, -5.925589551281728e-05, 0.0018084082048491846, -0.002812826590072637, 0.0010858941171907877, 0.0016261164141072614, -0.0013295606295426594, 0.0, -0.001149059787310117, 0.002274338630705564, -0.000925975298587108, 0.0007388586676894955, -0.0014099544990457688, 0.0008269205816570459, -0.00013482513311161948], [-0.7590660720618982, -2.2274802737078385, 10.773461371834312, -31.93668396296778, 105.40031751461176, -10.323685025616474, -86.67292723427339, 18.268236891680818, -3.34331082466121, -0.007443571671973181, 0.037003147445367514, -0.04292112275801494, 0.027083484682493327, -0.006510431371759167, 0.0, 0.0003115608491829891, 0.0, -0.03620397380204075, 0.07134665041204967, -0.038908807893507744, 0.005245432198168013, -0.0012185814492210456, 0.0, 0.0, -0.03331757827096763, 0.03159684530047035, -7.560432198492282e-05, 0.0, 0.004281707857528289, -0.001586874972269427, 0.00895473398549366, -0.04483907045226365, 0.032532339571398824, -0.022531896852526417, 0.00440060547890736, 0.024489554989316216, -0.03370417313489909, 0.024216808150477612, -0.002948709919402187, 0.020161618470509145, -0.033330155725994, 0.004956984329306455, 0.01106597035300725, -0.0020969610762479277, 0.0, 0.0001588356901174486, -0.0011742445642146779, 0.0014723870542267946, -0.0013688476267424779, 0.0009489759325899248, -0.00042342285185415326, 1.5281976115736415e-05, 3.0147096773999758e-05, 0.002746089448119159, -0.0058928739508335515, 0.004779332588100876, -0.002726455584437906, 0.0010434806533586886, -2.036409718101529e-05, -1.3493753038194541e-05, 0.0020586540854771055, -0.0019288931669482195, 0.0, 0.00035065992881107695, -0.0002560888888694844, 0.0, 0.0001483474335459926, 0.00036026095292570985, 0.0005798272470258865, -0.0008852409116276094, 0.0004398023882209367, 0.0, -0.0009842208934597503, 0.0010572451439978426, -0.0004688028023874436, 9.461012946947589e-05, 0.000566873102940898, -0.00030312856713758375, -0.0008151167423111742, 0.0008394868685914622, -0.00023722074676767825, -0.002283157534978552, 0.007191724700544989, -0.005823741854546367, 0.002987270215061021, -0.0012880980174457847, 0.0006468777441168881, -0.0004247667562556387, -0.006121195360220597, 0.008726521169704722, -0.0021704610619627234, 0.0006438862260139612, -0.0016990495800144304, 0.0015557040597018784, -0.003776732374085404, 0.0024803199936900043, -0.0024335294253436295, 0.0037790433319413123, -0.002465989866153834, 0.0009483391177957905, -0.002350847416908424, 0.0, 0.0010118652568733887, 0.0038153365591131836, -0.007008460594987799, 0.0022561469790810286, 0.004402421262027189, -0.0038243215101204115, 0.0009998032247451342, 0.001653973609057395, -0.0050776461839103885, 0.001030640308458317, -0.0003508583786843093, 0.0016354605455647735, -0.0014542628031979472, 0.009204716123835777, -0.010650411643105035, 0.006678312654859184, -0.006277824374332816, 0.0038075454773718953, 0.0, 0.007236528317226231, -0.00540598367250979, 0.0008228561293893777, -0.011085135201561548, 0.021165977103183766, -0.00775642550318057, -0.011711849433818939, 0.010111608977201302, -0.0025123175009997213, -0.00688801468618513, 0.01631337762643821, -0.010019463428521167, 0.005423936967257458, -0.00220800672280138, -0.009150357968808797, 0.0, 0.006817080181885598, -0.0028321232365139644, 0.012896762336643108, -0.030214760111206128, 0.012567587210330555, 0.017389114470821934, -0.015593499521080339, 0.003866246335510177, -0.0002328820527853116, 0.011748038048604229, -0.013266863290482114, 0.00545829085700666, -0.024356927014948623, 0.047432520144392525, -0.01942830139146859, -0.02330095258404071, 0.02019040715169272, -0.00476799061301752, 0.011461797119376753, -0.030039860019642102, 0.012029829952853816, 0.02571729356980894, -0.021234413408557293, 0.004700517994063603, -0.0068410079109840795, 0.008350953612670978, -0.003486263478139702, 0.0004704247629810021], [0.0, 2.129442330845767, -9.906535116126992, 25.907362453974653, -54.062065752684234, 131.27872564780853, -35.11742853634576, -67.64989840159957, 7.506925281560584, 0.010830193769692943, -0.04554753153696031, 0.0474121824382035, -0.0361439990713212, 0.028711077634101485, -0.024272011192975146, 0.014208676236844872, -0.006311303293772367, 0.026948967176220664, 0.0, -0.04681684672078811, 0.03603767102322762, 0.0, -0.014527985889806864, 0.016654786174248898, -0.06993239247282791, 0.24270861374098585, -0.2062646023938338, 0.10372694264352693, -0.020513439362280003, -0.023944680166826902, -0.20462558925997562, 0.36389644024390233, -0.206143755772597, 0.048413118262629604, 0.03643643130779913, -0.1496918778591225, 0.14828576606470684, 0.0, -0.06169442686140572, -0.029518136063473532, -0.04077938735218602, 0.0690469927988448, 0.04123061241207117, -0.06297387762678881, 0.01526330939588195, 1.5022052930864486e-05, 9.382044279264762e-05, -0.00023551767924027885, 0.00019663993861730302, -4.8522495222476397e-05, -3.367377652826313e-05, 0.0001286446325035433, -0.0001102381585225568, -0.000501923698447676, 0.0010553441339487398, -0.0005667119844815832, -0.00012916560346751054, 0.0, -7.076057768030746e-05, 0.000296779036635844, -4.0309326613018596e-05, -0.0007909787034770612, 0.0013703625237515495, 0.0, -0.0006127171854958497, -0.0002079072063335618, 0.0007063216653351429, -0.001614366008611495, -0.0005454635259136318, 0.0015789523819765864, -6.765712027229927e-05, 0.0009043589301802849, 0.0, -0.0013681453536622465, 0.00012213067335423484, 8.253375555518555e-05, 0.0004282836120759553, 0.0, -8.024468327224502e-05, 0.0, 1.7122212577080243e-05, 0.000576339241611267, -0.0014758237731027453, 0.0008156087837134485, 0.0002900020770748642, 0.0001270562232922228, -0.0005883214847458156, 4.426477962862701e-05, 0.0006516391660907378, 0.0, -0.003182908361973451, 0.00024800806862895075, 0.0031996729211544866, -0.0009125672419977399, -0.00014931922947740406, 0.003676903266778699, 0.0, -0.004993018787399058, 0.0016991728864534886, -0.0038027259956548696, 0.004853345568330676, 0.00214380945528612, -0.0011240523600868203, -0.0034010958502274776, 0.0016449637206739172, 0.0001699829651007058, -0.0005226446591455583, 0.0, -2.580757838669584e-05, -0.0004742033607394162, 0.0030285718267536914, -0.0001696117822506483, 0.0016225583003563325, -0.004369472955950119, 0.001642573728902426, -0.00755598028421597, 0.00835476299219712, -0.00820991131006947, 0.012848103036398098, -0.0049113559635666085, 0.0, -0.002685585747749468, -0.005018785743173635, 0.0026794336914982694, 0.005635600059075834, -0.004412004397623411, 0.0, 0.001983784439514142, -0.0006983506142910403, 0.00021749767551490796, 0.006202273795070334, -0.01572622823539621, 0.011864024132506232, -0.010725960580135791, 0.003821308173782484, 0.013474322731571144, -0.01576669291939558, 0.01372762418306935, -0.005005382566581055, 0.0, 0.000584347593765027, 0.000754887245003106, -0.002143144372881546, 0.001312787089425967, -0.0005015181979401162, -0.005027363001606742, 0.008938170212649905, -0.00588146981522411, 0.0018399034390902378, -0.0023090553649826517, 0.0, -8.684266520073531e-05, 0.0026547762216203945, -0.0023586285964928336, 0.0008441514919162627, -0.0006804020972667492, 0.003133099493815724, -0.0008888882305366645, -0.004100687556183556, 0.002960376310587922, -0.0008117720138063254, 0.001308439811696402, -0.001283876944389191, 0.00046199882511987073, -3.292367420029998e-05], [-2.258268993298997, -3.0677911003260507, 14.421589639380164, -35.880478422694004, 66.24504505943618, -103.80592992346749, 181.1815271537872, -74.9457906768235, -44.33983712132679, -0.00010238588410891678, 0.0017677558371029713, 0.0, -0.006209433991516101, 0.0026344174962478263, 0.003108016981756439, 0.0, -0.0020237551698434643, 0.00961972712613345, -0.03144532871401338, 0.027931392837203212, 0.0, -0.010756364050465334, 0.0, 0.0, 0.008782712828920292, 0.0, -0.035032758890968865, 0.01609641158985563, 0.0, 0.013970104403680976, 0.01805956205588637, -0.018291333219808675, 0.03829282773708154, 0.0, -0.04622763358975894, -0.011452348363899705, 0.004815069959664021, -0.06484812747692117, 0.09405876278572839, 0.008279197014697813, 0.0737169421592194, -0.1051890566405539, -0.06636433261890386, 0.09925317314489944, -0.022414032837888443, 5.623846846527415e-05, -0.000586464693765845, -0.00032397187941778587, 0.0020071694932246326, -0.0034553843327041205, 0.0035537994755491663, -0.002700510169669417, 0.0010055425751477674, 0.002082052645691568, 0.0, -0.0070256005447198394, 0.013162351321604168, -0.0131939631742248, 0.010105926197998329, -0.0037069210712164396, -0.005167785757771727, 0.020600553845941273, -0.02576832114368629, 0.020592015445096506, -0.013983341134204933, 0.005242475400536162, -0.014941786584648524, 0.030786097468885613, -0.020860334136632772, 0.012875919641888865, -0.004914956186839365, -0.013488756424114071, 0.015680590277750525, -0.008659070295509138, 0.003180915353760989, -0.0041155387810130175, 0.004684700956418116, -0.0016559908201655483, -0.0016757736187466778, 0.001439385604466736, -0.00042802600912205573, -0.0032158970557252466, 0.008764687183484974, -0.00407761159840971, -0.0028393268604857704, 0.004941971875313363, -0.005376812108230439, 0.0019039892584497582, -0.005798921511268207, 0.0018240254627900124, 0.011019925131655214, -0.00873720682330334, 0.008934726330765171, -0.003111002527647866, 0.0006338601254543005, -0.005699127616059995, -0.0026548594363860908, 0.0, 0.0, 0.0, 0.010795280378629785, -0.006537816349659512, 0.002823351705435682, -0.007375115516871181, 0.007080685985494845, -0.0029984864692285803, 0.0, -0.0009844038827025996, 0.0008596954823846663, 0.0007504144930642406, 0.00036457910393933665, -0.006517248532905683, 0.0014115062078639926, -0.0019904228871647648, 0.000508418397892443, 0.0030149050358859865, 0.0, 0.012111286097734623, -0.0042287271275057445, 0.0013982784208688606, 0.0, -0.0093629547246699, 0.0, 0.0, 0.00252919421548274, 0.007552563005372928, -0.0030052239717720626, -0.008988872695714733, 0.00923591764388694, -0.0031447077676161495, -0.004706731103284906, 0.011134934014422226, -0.013258218611725209, 0.0025867750545535777, 0.00012782930686396361, -0.007197117291334272, 0.00864490192285455, 0.014933855588924348, -0.008693079060283477, 0.0065054143412624195, -0.034739557685176815, 0.016189334668621765, 0.023626691992711484, -0.022622342116788097, 0.006324983389801131, 0.0, 0.00876846334468855, -0.0220655054438345, 0.010981809507752188, -0.02274522610719275, 0.06589911855394609, -0.030193941754782724, -0.03656159759729198, 0.033588401527921856, -0.008574177105638675, 0.011856829952002728, -0.040246466669525506, 0.017512900664453088, 0.038522095720373975, -0.033402478789668254, 0.007912364354819361, -0.010682534245584002, 0.0131697428776159, -0.005502823198418013, 0.0007009064764543826], [14.01610212600095, 11.12416036453333, -55.174078261035916, 134.8454287384785, -236.25426931929226, 326.9331519209848, -376.3777591413001, 405.8193178537136, -209.6490262760622, 0.10474682394179313, -0.508164867221949, 0.5486569645272606, -0.3057051484447699, 0.02516864202639045, 0.16340905407962467, -0.14961849018227796, 0.030079153156114338, 0.48782702082981294, -0.7225796391601769, 0.010005413739055525, 0.49684190930140465, -0.7037220000059689, 0.3956579395061654, 0.002762892187224582, -0.11756271474804113, 1.611019470234858, -2.111484734142653, 1.9235498376659148, -0.813870761079364, -0.0853305161639149, -1.788566259996879, 3.823786819242507, -2.98164569005739, 0.9576593123014115, 0.29391646425244394, -1.780196047021393, 2.5043487603631887, -0.40275246963966893, -0.5788052718747564, -0.8552573031162527, 0.0, 0.6290416870754997, 0.35235400217081575, -0.5717662886338591, 0.11646832902404618, 0.0009170175264066715, -0.0033680761407341637, 0.006983404738999128, -0.012586259985750014, 0.01370756902248947, -0.006476126354281293, 0.0012983199202537992, -0.00019904390115088732, 0.0, -0.015728611201450457, 0.04395290882058383, -0.050161872303988414, 0.008334652966178057, 0.01733901978233254, -0.010886238518872379, 0.03143961173331537, -0.11944528588700953, 0.1258716916170928, -0.03814594591502942, -0.02162672963791981, 0.016362660723840995, 0.09761482532402818, -0.19897135377202813, 0.07920634010684416, 0.00986132706867939, -0.014294284481349423, 0.10274022635954466, -0.09690868009050925, 0.007059887774420705, 0.00785316217499983, 0.02425399203634469, -0.003762492263715977, -0.0038149632164197547, 0.0, -0.001124409015270744, 0.0014153540768239293, 0.008921991684491749, -0.021850981085817813, -0.0057943949291526685, 0.014623992988738161, 0.03960625669402268, -0.06468807724215113, 0.0351048903345723, 0.0024096848483379, 0.08618302679068851, -0.10522037958369115, -0.10521914367194515, 0.21315252042701122, -0.11894999727140979, -0.09865625086134168, 0.2128692148057365, 0.057296731533113474, -0.21268593626558135, 0.1258558768259075, -0.12415379202219441, 0.02399876288442812, 0.13062209833119112, -0.09128830712929793, 0.017525609823096523, -0.08217873986163912, 0.05290796888912673, 0.01974493344833511, -0.012706350305908028, -0.001658285115522481, 0.004099235318420818, -0.05584114563135978, 0.06271138105057092, 0.11197285318887266, -0.1927955933177677, 0.10511611781797224, 0.0827759389802384, -0.17138237232843956, -0.2263236518574302, 0.404016506790093, -0.22073472224438956, 0.11381942817376534, 0.0660292904324386, -0.2238510397864453, 0.13946137915195742, -0.045096346503151, 0.09676315869611872, -0.05843107216663893, 0.0, -0.013222454875870105, 0.011355034952138177, -0.017435827985831275, 0.04174595909450455, 0.1602401084650829, -0.21936758736688128, 0.11144080818260375, -0.05629678866689627, -0.150272365994631, 0.20970947170158608, -0.1100791475476108, 0.05765471054332836, -0.03125379812118648, 0.007784045856108108, -0.05271940578963638, 0.07186530268804059, -0.026774274451496088, 0.02534362230880883, 0.002606178347501438, 0.003071465555104945, -0.002440030766102621, 0.02326609451708164, -0.1507153915873422, 0.08567623480982872, 0.1255858894883855, -0.1365536759680721, 0.03988951553262048, -0.02286536827104833, 0.11857137190682938, -0.06286519181167922, -0.13900859782293226, 0.13829107548159125, -0.036337055682861163, 0.04125956617882175, -0.05496897896573068, 0.023938991771199777, -0.0030016848336318095]]",(x0)' = -22.608 1 +  209.827 x0 + -408.062 x1 +  381.285 x2 + -332.942 x3 +  241.876 x4 + -138.880 x5 +  57.091 x6 + -11.506 x7 + -0.086 x0^2 +  0.535 x0 x1 + -0.739 x0 x2 +  0.702 x0 x3 + -0.475 x0 x4 +  0.338 x0 x5 + -0.215 x0 x6 +  0.076 x0 x7 + -0.360 x1^2 +  0.671 x1 x3 + -1.020 x1 x4 +  0.560 x1 x5 + -0.071 x1 x6 + -0.085 x1 x7 +  1.258 x2^2 + -4.171 x2 x3 +  4.352 x2 x4 + -2.656 x2 x5 +  0.883 x2 x6 +  3.292 x3^2 + -6.785 x3 x4 +  4.312 x3 x5 + -1.561 x3 x6 +  0.061 x3 x7 +  3.485 x4^2 + -4.519 x4 x5 +  1.683 x4 x6 + -0.066 x4 x7 +  1.514 x5^2 + -1.140 x5 x6 +  0.176 x6^2 +  0.091 x6 x7 + -0.042 x7^2 +  0.005 x0^3 + -0.036 x0^2 x1 +  0.053 x0^2 x2 + -0.053 x0^2 x3 +  0.039 x0^2 x4 + -0.021 x0^2 x5 +  0.007 x0^2 x6 + -0.004 x0^2 x7 +  0.089 x0 x1^2 + -0.229 x0 x1 x2 +  0.206 x0 x1 x3 + -0.127 x0 x1 x4 +  0.054 x0 x1 x5 + -0.016 x0 x1 x6 +  0.016 x0 x1 x7 +  0.112 x0 x2^2 + -0.128 x0 x2 x3 +  0.009 x0 x2 x4 +  0.036 x0 x2 x5 + -0.022 x0 x2 x6 + -0.016 x0 x2 x7 + -0.022 x0 x3^2 +  0.183 x0 x3 x4 + -0.173 x0 x3 x5 +  0.078 x0 x3 x6 +  0.012 x0 x3 x7 + -0.156 x0 x4^2 +  0.263 x0 x4 x5 + -0.116 x0 x4 x6 + -0.004 x0 x4 x7 + -0.113 x0 x5^2 +  0.105 x0 x5 x6 + -0.001 x0 x5 x7 + -0.026 x0 x6^2 +  0.003 x0 x7^2 + -0.071 x1^3 +  0.255 x1^2 x2 + -0.220 x1^2 x3 +  0.124 x1^2 x4 + -0.054 x1^2 x5 +  0.024 x1^2 x6 + -0.025 x1^2 x7 + -0.248 x1 x2^2 +  0.314 x1 x2 x3 + -0.064 x1 x2 x4 + -0.008 x1 x2 x5 + -0.031 x1 x2 x6 +  0.080 x1 x2 x7 + -0.015 x1 x3^2 + -0.240 x1 x3 x4 +  0.203 x1 x3 x5 + -0.023 x1 x3 x6 + -0.095 x1 x3 x7 +  0.243 x1 x4^2 + -0.382 x1 x4 x5 +  0.101 x1 x4 x6 +  0.078 x1 x4 x7 +  0.163 x1 x5^2 + -0.111 x1 x5 x6 + -0.048 x1 x5 x7 +  0.021 x1 x6^2 +  0.028 x1 x6 x7 + -0.010 x1 x7^2 +  0.065 x2^3 + -0.084 x2^2 x3 + -0.041 x2^2 x4 +  0.016 x2^2 x5 +  0.058 x2^2 x6 + -0.083 x2^2 x7 + -0.017 x2 x3^2 +  0.227 x2 x3 x4 + -0.063 x2 x3 x5 + -0.176 x2 x3 x6 +  0.229 x2 x3 x7 + -0.194 x2 x4^2 +  0.204 x2 x4 x5 +  0.100 x2 x4 x6 + -0.206 x2 x4 x7 + -0.080 x2 x5^2 + -0.028 x2 x5 x6 +  0.135 x2 x5 x7 +  0.017 x2 x6^2 + -0.069 x2 x6 x7 +  0.018 x2 x7^2 +  0.003 x3^3 + -0.028 x3^2 x4 + -0.092 x3^2 x5 +  0.195 x3^2 x6 + -0.169 x3^2 x7 +  0.016 x3 x4^2 +  0.165 x3 x4 x5 + -0.352 x3 x4 x6 +  0.315 x3 x4 x7 + -0.079 x3 x5^2 +  0.211 x3 x5 x6 + -0.206 x3 x5 x7 + -0.058 x3 x6^2 +  0.097 x3 x6 x7 + -0.022 x3 x7^2 +  0.011 x4^3 + -0.106 x4^2 x5 +  0.168 x4^2 x6 + -0.146 x4^2 x7 +  0.090 x4 x5^2 + -0.189 x4 x5 x6 +  0.182 x4 x5 x7 +  0.042 x4 x6^2 + -0.075 x4 x6 x7 +  0.016 x4 x7^2 + -0.014 x5^3 +  0.033 x5^2 x6 + -0.050 x5^2 x7 +  0.031 x5 x6 x7 + -0.007 x5 x7^2 + -0.006 x6^3 +  0.001 x6 x7^2 | (x1)' =  2.215 1 +  44.263 x0 +  75.416 x1 + -182.091 x2 +  104.870 x3 + -67.205 x4 +  36.550 x5 + -14.730 x6 +  3.132 x7 +  0.049 x0^2 + -0.279 x0 x1 +  0.399 x0 x2 + -0.382 x0 x3 +  0.242 x0 x4 + -0.104 x0 x5 +  0.022 x0 x6 +  0.327 x1^2 + -0.828 x1 x2 +  0.746 x1 x3 + -0.419 x1 x4 +  0.144 x1 x5 + -0.012 x1 x7 +  0.490 x2^2 + -0.881 x2 x3 +  0.484 x2 x4 + -0.169 x2 x5 +  0.011 x2 x7 +  0.397 x3^2 + -0.420 x3 x4 +  0.153 x3 x5 + -0.012 x3 x6 +  0.089 x4^2 + -0.046 x4 x5 + -0.009 x4 x6 + -0.004 x5^2 +  0.018 x5 x6 + -0.008 x6 x7 +  0.003 x7^2 +  0.004 x0^2 x1 + -0.006 x0^2 x2 +  0.007 x0^2 x3 + -0.006 x0^2 x4 +  0.004 x0^2 x5 + -0.002 x0^2 x6 +  0.001 x0^2 x7 + -0.010 x0 x1^2 +  0.027 x0 x1 x2 + -0.026 x0 x1 x3 +  0.019 x0 x1 x4 + -0.013 x0 x1 x5 +  0.007 x0 x1 x6 + -0.002 x0 x1 x7 + -0.012 x0 x2^2 +  0.015 x0 x2 x3 + -0.005 x0 x2 x4 +  0.004 x0 x2 x5 + -0.003 x0 x2 x6 +  0.001 x0 x2 x7 +  0.001 x0 x3^2 + -0.014 x0 x3 x4 +  0.008 x0 x3 x5 + -0.002 x0 x3 x6 +  0.012 x0 x4^2 + -0.014 x0 x4 x5 +  0.004 x0 x4 x6 +  0.005 x0 x5^2 + -0.003 x0 x5 x6 +  0.001 x0 x6^2 +  0.009 x1^3 + -0.034 x1^2 x2 +  0.033 x1^2 x3 + -0.023 x1^2 x4 +  0.016 x1^2 x5 + -0.009 x1^2 x6 +  0.002 x1^2 x7 +  0.035 x1 x2^2 + -0.055 x1 x2 x3 +  0.028 x1 x2 x4 + -0.021 x1 x2 x5 +  0.014 x1 x2 x6 + -0.002 x1 x2 x7 +  0.014 x1 x3^2 +  0.004 x1 x3 x5 + -0.007 x1 x3 x6 + -0.012 x1 x4^2 +  0.012 x1 x4 x5 + -0.004 x1 x5^2 +  0.001 x1 x5 x6 + -0.001 x1 x6^2 + -0.009 x2^3 +  0.016 x2^2 x3 +  0.002 x2^2 x5 + -0.004 x2^2 x6 + -0.001 x2^2 x7 + -0.004 x2 x3^2 + -0.021 x2 x3 x4 +  0.008 x2 x3 x5 +  0.005 x2 x3 x7 +  0.021 x2 x4^2 + -0.023 x2 x4 x5 +  0.008 x2 x4 x6 + -0.005 x2 x4 x7 +  0.009 x2 x5^2 + -0.011 x2 x5 x6 +  0.004 x2 x5 x7 +  0.006 x2 x6^2 + -0.004 x2 x6 x7 +  0.001 x2 x7^2 +  0.008 x3^2 x4 + -0.003 x3^2 x7 + -0.009 x3 x4^2 + -0.002 x3 x4 x6 +  0.005 x3 x4 x7 +  0.001 x3 x5^2 +  0.007 x3 x5 x6 + -0.003 x3 x5 x7 + -0.007 x3 x6^2 +  0.005 x3 x6 x7 + -0.001 x3 x7^2 +  0.010 x4^2 x5 + -0.004 x4^2 x6 + -0.012 x4 x5^2 +  0.007 x4 x5 x6 + -0.002 x4 x5 x7 +  0.003 x4 x6^2 + -0.002 x4 x6 x7 +  0.001 x4 x7^2 +  0.005 x5^3 + -0.004 x5^2 x6 +  0.002 x5^2 x7 + -0.001 x5 x6^2 +  0.001 x6^3 + -0.001 x6^2 x7 | (x2)' = -7.476 x0 +  67.454 x1 +  35.521 x2 + -131.773 x3 +  54.544 x4 + -26.291 x5 +  10.112 x6 + -2.177 x7 + -0.005 x0^2 +  0.020 x0 x1 + -0.010 x0 x2 +  0.008 x0 x5 + -0.003 x0 x6 + -0.002 x0 x7 +  0.011 x1^2 + -0.120 x1 x2 +  0.157 x1 x3 + -0.117 x1 x4 +  0.039 x1 x5 + -0.016 x1 x6 +  0.009 x1 x7 +  0.151 x2^2 + -0.326 x2 x3 +  0.203 x2 x4 + -0.043 x2 x5 +  0.153 x3^2 + -0.123 x3 x4 + -0.068 x3 x5 +  0.086 x3 x6 + -0.037 x3 x7 + -0.048 x4^2 +  0.259 x4 x5 + -0.211 x4 x6 +  0.087 x4 x7 + -0.175 x5^2 +  0.257 x5 x6 + -0.103 x5 x7 + -0.096 x6^2 +  0.079 x6 x7 + -0.016 x7^2 + -0.002 x0^2 x1 +  0.002 x0^2 x2 + -0.002 x0^2 x3 +  0.001 x0^2 x4 +  0.005 x0 x1^2 + -0.011 x0 x1 x2 +  0.009 x0 x1 x3 + -0.004 x0 x1 x4 +  0.001 x0 x1 x6 +  0.005 x0 x2^2 + -0.006 x0 x2 x3 +  0.001 x0 x2 x4 + -0.001 x0 x2 x6 +  0.001 x0 x3^2 +  0.001 x0 x3 x4 +  0.001 x0 x3 x5 + -0.001 x0 x3 x6 +  0.001 x0 x3 x7 + -0.004 x0 x4 x5 +  0.003 x0 x4 x6 + -0.002 x0 x4 x7 +  0.003 x0 x5^2 + -0.004 x0 x5 x6 +  0.002 x0 x5 x7 +  0.001 x0 x6^2 + -0.001 x0 x6 x7 + -0.004 x1^3 +  0.014 x1^2 x2 + -0.010 x1^2 x3 +  0.004 x1^2 x4 + -0.001 x1^2 x5 + -0.001 x1^2 x6 + -0.013 x1 x2^2 +  0.014 x1 x2 x3 + -0.001 x1 x2 x4 +  0.001 x1 x2 x5 +  0.002 x1 x2 x6 + -0.001 x1 x2 x7 + -0.006 x1 x3 x4 + -0.001 x1 x3 x5 +  0.003 x1 x4^2 +  0.003 x1 x4 x5 + -0.002 x1 x4 x6 +  0.001 x1 x4 x7 + -0.004 x1 x5^2 +  0.004 x1 x5 x6 + -0.002 x1 x5 x7 + -0.001 x1 x6^2 +  0.001 x1 x6 x7 +  0.003 x2^3 + -0.004 x2^2 x4 + -0.001 x2^2 x6 +  0.001 x2^2 x7 + -0.008 x2 x3^2 +  0.017 x2 x3 x4 +  0.002 x2 x3 x5 + -0.002 x2 x3 x7 + -0.007 x2 x4^2 + -0.004 x2 x4 x5 +  0.002 x2 x4 x7 +  0.005 x2 x5^2 + -0.001 x2 x5 x6 + -0.001 x2 x6^2 +  0.005 x3^3 + -0.011 x3^2 x4 + -0.003 x3^2 x5 +  0.001 x3^2 x7 +  0.006 x3 x4^2 +  0.010 x3 x4 x5 +  0.001 x3 x4 x6 + -0.003 x3 x4 x7 + -0.007 x3 x5^2 + -0.001 x3 x5 x6 +  0.001 x3 x5 x7 +  0.003 x3 x6^2 + -0.001 x3 x6 x7 + -0.008 x4^2 x5 +  0.001 x4^2 x7 +  0.009 x4 x5^2 + -0.004 x4 x6^2 +  0.002 x4 x6 x7 + -0.003 x5^3 +  0.003 x5 x6^2 + -0.001 x5 x6 x7 + -0.001 x6^3 +  0.001 x6^2 x7 | (x3)' =  0.948 1 +  3.250 x0 + -17.926 x1 +  86.075 x2 +  11.034 x3 + -106.065 x4 +  32.428 x5 + -11.024 x6 +  2.288 x7 +  0.005 x0^2 + -0.018 x0 x1 +  0.012 x0 x2 + -0.005 x0 x4 + -0.005 x1^2 +  0.080 x1 x2 + -0.123 x1 x3 +  0.109 x1 x4 + -0.053 x1 x5 +  0.019 x1 x6 + -0.111 x2^2 +  0.292 x2 x3 + -0.251 x2 x4 +  0.133 x2 x5 + -0.049 x2 x6 + -0.001 x2 x7 + -0.199 x3^2 +  0.360 x3 x4 + -0.214 x3 x5 +  0.086 x3 x6 + -0.169 x4^2 +  0.213 x4 x5 + -0.091 x4 x6 + -0.001 x4 x7 + -0.078 x5^2 +  0.075 x5 x6 + -0.017 x6^2 + -0.003 x6 x7 +  0.002 x7^2 + -0.001 x0^2 x2 +  0.001 x0^2 x3 + -0.001 x0^2 x4 +  0.001 x0 x1 x2 + -0.002 x0 x1 x3 +  0.001 x0 x1 x4 + -0.001 x0 x1 x6 + -0.001 x0 x2 x5 +  0.001 x0 x2 x6 +  0.001 x0 x4 x7 +  0.001 x1^2 x2 + -0.001 x1^2 x5 +  0.001 x1^2 x6 + -0.002 x1 x2^2 +  0.002 x1 x2 x3 + -0.003 x1 x2 x4 +  0.002 x1 x2 x5 + -0.002 x1 x2 x6 +  0.001 x1 x3 x4 +  0.001 x1 x3 x7 + -0.002 x1 x4^2 +  0.002 x1 x4 x5 + -0.001 x1 x4 x7 + -0.001 x1 x5^2 +  0.001 x1 x5 x6 +  0.001 x1 x5 x7 + -0.001 x1 x6^2 +  0.001 x2^3 + -0.002 x2^2 x3 +  0.002 x2^2 x4 + -0.002 x2^2 x5 +  0.002 x2^2 x6 + -0.001 x2 x3^2 + -0.001 x2 x3 x5 + -0.002 x2 x3 x6 +  0.002 x2 x4^2 + -0.003 x2 x4 x5 +  0.003 x2 x4 x6 +  0.002 x2 x5^2 + -0.004 x2 x5 x6 +  0.001 x2 x5 x7 +  0.003 x2 x6^2 + -0.002 x2 x6 x7 +  0.001 x2 x7^2 +  0.002 x3^3 + -0.006 x3^2 x4 +  0.005 x3^2 x5 + -0.001 x3^2 x6 +  0.004 x3 x4^2 + -0.008 x3 x4 x5 +  0.001 x3 x4 x6 +  0.002 x3 x5^2 +  0.002 x3 x5 x6 + -0.001 x3 x5 x7 + -0.003 x3 x6^2 +  0.003 x3 x6 x7 + -0.001 x3 x7^2 + -0.001 x4^3 +  0.005 x4^2 x5 + -0.002 x4^2 x6 + -0.005 x4 x5^2 +  0.002 x4 x5 x6 +  0.002 x4 x6^2 + -0.003 x4 x6 x7 +  0.001 x4 x7^2 +  0.002 x5^3 + -0.001 x5^2 x6 + -0.001 x5 x6^2 +  0.002 x5 x6 x7 + -0.001 x5 x7^2 +  0.001 x6^3 + -0.001 x6^2 x7 +  0.001 x6 x7^2 | (x4)' = -0.759 1 + -2.227 x0 +  10.773 x1 + -31.937 x2 +  105.400 x3 + -10.324 x4 + -86.673 x5 +  18.268 x6 + -3.343 x7 + -0.007 x0^2 +  0.037 x0 x1 + -0.043 x0 x2 +  0.027 x0 x3 + -0.007 x0 x4 + -0.036 x1^2 +  0.071 x1 x2 + -0.039 x1 x3 +  0.005 x1 x4 + -0.001 x1 x5 + -0.033 x2^2 +  0.032 x2 x3 +  0.004 x2 x6 + -0.002 x2 x7 +  0.009 x3^2 + -0.045 x3 x4 +  0.033 x3 x5 + -0.023 x3 x6 +  0.004 x3 x7 +  0.024 x4^2 + -0.034 x4 x5 +  0.024 x4 x6 + -0.003 x4 x7 +  0.020 x5^2 + -0.033 x5 x6 +  0.005 x5 x7 +  0.011 x6^2 + -0.002 x6 x7 + -0.001 x0^2 x1 +  0.001 x0^2 x2 + -0.001 x0^2 x3 +  0.001 x0^2 x4 +  0.003 x0 x1^2 + -0.006 x0 x1 x2 +  0.005 x0 x1 x3 + -0.003 x0 x1 x4 +  0.001 x0 x1 x5 +  0.002 x0 x2^2 + -0.002 x0 x2 x3 +  0.001 x0 x3 x5 + -0.001 x0 x3 x6 + -0.001 x0 x4 x5 +  0.001 x0 x4 x6 +  0.001 x0 x5 x6 + -0.001 x0 x6^2 +  0.001 x0 x6 x7 + -0.002 x1^3 +  0.007 x1^2 x2 + -0.006 x1^2 x3 +  0.003 x1^2 x4 + -0.001 x1^2 x5 +  0.001 x1^2 x6 + -0.006 x1 x2^2 +  0.009 x1 x2 x3 + -0.002 x1 x2 x4 +  0.001 x1 x2 x5 + -0.002 x1 x2 x6 +  0.002 x1 x2 x7 + -0.004 x1 x3^2 +  0.002 x1 x3 x4 + -0.002 x1 x3 x5 +  0.004 x1 x3 x6 + -0.002 x1 x3 x7 +  0.001 x1 x4^2 + -0.002 x1 x4 x5 +  0.001 x1 x4 x7 +  0.004 x1 x5^2 + -0.007 x1 x5 x6 +  0.002 x1 x5 x7 +  0.004 x1 x6^2 + -0.004 x1 x6 x7 +  0.001 x1 x7^2 +  0.002 x2^3 + -0.005 x2^2 x3 +  0.001 x2^2 x4 +  0.002 x2^2 x6 + -0.001 x2^2 x7 +  0.009 x2 x3^2 + -0.011 x2 x3 x4 +  0.007 x2 x3 x5 + -0.006 x2 x3 x6 +  0.004 x2 x3 x7 +  0.007 x2 x4 x5 + -0.005 x2 x4 x6 +  0.001 x2 x4 x7 + -0.011 x2 x5^2 +  0.021 x2 x5 x6 + -0.008 x2 x5 x7 + -0.012 x2 x6^2 +  0.010 x2 x6 x7 + -0.003 x2 x7^2 + -0.007 x3^3 +  0.016 x3^2 x4 + -0.010 x3^2 x5 +  0.005 x3^2 x6 + -0.002 x3^2 x7 + -0.009 x3 x4^2 +  0.007 x3 x4 x6 + -0.003 x3 x4 x7 +  0.013 x3 x5^2 + -0.030 x3 x5 x6 +  0.013 x3 x5 x7 +  0.017 x3 x6^2 + -0.016 x3 x6 x7 +  0.004 x3 x7^2 +  0.012 x4^2 x5 + -0.013 x4^2 x6 +  0.005 x4^2 x7 + -0.024 x4 x5^2 +  0.047 x4 x5 x6 + -0.019 x4 x5 x7 + -0.023 x4 x6^2 +  0.020 x4 x6 x7 + -0.005 x4 x7^2 +  0.011 x5^3 + -0.030 x5^2 x6 +  0.012 x5^2 x7 +  0.026 x5 x6^2 + -0.021 x5 x6 x7 +  0.005 x5 x7^2 + -0.007 x6^3 +  0.008 x6^2 x7 + -0.003 x6 x7^2 | (x5)' =  2.129 x0 + -9.907 x1 +  25.907 x2 + -54.062 x3 +  131.279 x4 + -35.117 x5 + -67.650 x6 +  7.507 x7 +  0.011 x0^2 + -0.046 x0 x1 +  0.047 x0 x2 + -0.036 x0 x3 +  0.029 x0 x4 + -0.024 x0 x5 +  0.014 x0 x6 + -0.006 x0 x7 +  0.027 x1^2 + -0.047 x1 x3 +  0.036 x1 x4 + -0.015 x1 x6 +  0.017 x1 x7 + -0.070 x2^2 +  0.243 x2 x3 + -0.206 x2 x4 +  0.104 x2 x5 + -0.021 x2 x6 + -0.024 x2 x7 + -0.205 x3^2 +  0.364 x3 x4 + -0.206 x3 x5 +  0.048 x3 x6 +  0.036 x3 x7 + -0.150 x4^2 +  0.148 x4 x5 + -0.062 x4 x7 + -0.030 x5^2 + -0.041 x5 x6 +  0.069 x5 x7 +  0.041 x6^2 + -0.063 x6 x7 +  0.015 x7^2 + -0.001 x0 x1^2 +  0.001 x0 x1 x2 + -0.001 x0 x1 x3 + -0.001 x0 x2 x3 +  0.001 x0 x2 x4 + -0.001 x0 x2 x6 +  0.001 x0 x3^2 + -0.002 x0 x3 x4 + -0.001 x0 x3 x5 +  0.002 x0 x3 x6 +  0.001 x0 x4^2 + -0.001 x0 x4 x6 +  0.001 x1^3 + -0.001 x1^2 x2 +  0.001 x1^2 x3 + -0.001 x1^2 x6 +  0.001 x1 x2^2 + -0.003 x1 x2 x4 +  0.003 x1 x2 x6 + -0.001 x1 x2 x7 +  0.004 x1 x3 x4 + -0.005 x1 x3 x6 +  0.002 x1 x3 x7 + -0.004 x1 x4^2 +  0.005 x1 x4 x5 +  0.002 x1 x4 x6 + -0.001 x1 x4 x7 + -0.003 x1 x5^2 +  0.002 x1 x5 x6 + -0.001 x1 x6^2 +  0.003 x2^2 x3 +  0.002 x2^2 x5 + -0.004 x2^2 x6 +  0.002 x2^2 x7 + -0.008 x2 x3^2 +  0.008 x2 x3 x4 + -0.008 x2 x3 x5 +  0.013 x2 x3 x6 + -0.005 x2 x3 x7 + -0.003 x2 x4 x5 + -0.005 x2 x4 x6 +  0.003 x2 x4 x7 +  0.006 x2 x5^2 + -0.004 x2 x5 x6 +  0.002 x2 x6^2 + -0.001 x2 x6 x7 +  0.006 x3^3 + -0.016 x3^2 x4 +  0.012 x3^2 x5 + -0.011 x3^2 x6 +  0.004 x3^2 x7 +  0.013 x3 x4^2 + -0.016 x3 x4 x5 +  0.014 x3 x4 x6 + -0.005 x3 x4 x7 +  0.001 x3 x5 x6 +  0.001 x3 x5 x7 + -0.002 x3 x6^2 +  0.001 x3 x6 x7 + -0.001 x3 x7^2 + -0.005 x4^3 +  0.009 x4^2 x5 + -0.006 x4^2 x6 +  0.002 x4^2 x7 + -0.002 x4 x5^2 +  0.003 x4 x6^2 + -0.002 x4 x6 x7 +  0.001 x4 x7^2 + -0.001 x5^3 +  0.003 x5^2 x6 + -0.001 x5^2 x7 + -0.004 x5 x6^2 +  0.003 x5 x6 x7 + -0.001 x5 x7^2 +  0.001 x6^3 + -0.001 x6^2 x7 | (x6)' = -2.258 1 + -3.068 x0 +  14.422 x1 + -35.880 x2 +  66.245 x3 + -103.806 x4 +  181.182 x5 + -74.946 x6 + -44.340 x7 +  0.002 x0 x1 + -0.006 x0 x3 +  0.003 x0 x4 +  0.003 x0 x5 + -0.002 x0 x7 +  0.010 x1^2 + -0.031 x1 x2 +  0.028 x1 x3 + -0.011 x1 x5 +  0.009 x2^2 + -0.035 x2 x4 +  0.016 x2 x5 +  0.014 x2 x7 +  0.018 x3^2 + -0.018 x3 x4 +  0.038 x3 x5 + -0.046 x3 x7 + -0.011 x4^2 +  0.005 x4 x5 + -0.065 x4 x6 +  0.094 x4 x7 +  0.008 x5^2 +  0.074 x5 x6 + -0.105 x5 x7 + -0.066 x6^2 +  0.099 x6 x7 + -0.022 x7^2 + -0.001 x0^2 x1 +  0.002 x0^2 x3 + -0.003 x0^2 x4 +  0.004 x0^2 x5 + -0.003 x0^2 x6 +  0.001 x0^2 x7 +  0.002 x0 x1^2 + -0.007 x0 x1 x3 +  0.013 x0 x1 x4 + -0.013 x0 x1 x5 +  0.010 x0 x1 x6 + -0.004 x0 x1 x7 + -0.005 x0 x2^2 +  0.021 x0 x2 x3 + -0.026 x0 x2 x4 +  0.021 x0 x2 x5 + -0.014 x0 x2 x6 +  0.005 x0 x2 x7 + -0.015 x0 x3^2 +  0.031 x0 x3 x4 + -0.021 x0 x3 x5 +  0.013 x0 x3 x6 + -0.005 x0 x3 x7 + -0.013 x0 x4^2 +  0.016 x0 x4 x5 + -0.009 x0 x4 x6 +  0.003 x0 x4 x7 + -0.004 x0 x5^2 +  0.005 x0 x5 x6 + -0.002 x0 x5 x7 + -0.002 x0 x6^2 +  0.001 x0 x6 x7 + -0.003 x1^3 +  0.009 x1^2 x2 + -0.004 x1^2 x3 + -0.003 x1^2 x4 +  0.005 x1^2 x5 + -0.005 x1^2 x6 +  0.002 x1^2 x7 + -0.006 x1 x2^2 +  0.002 x1 x2 x3 +  0.011 x1 x2 x4 + -0.009 x1 x2 x5 +  0.009 x1 x2 x6 + -0.003 x1 x2 x7 +  0.001 x1 x3^2 + -0.006 x1 x3 x4 + -0.003 x1 x3 x5 +  0.011 x1 x4 x5 + -0.007 x1 x4 x6 +  0.003 x1 x4 x7 + -0.007 x1 x5^2 +  0.007 x1 x5 x6 + -0.003 x1 x5 x7 + -0.001 x1 x6 x7 +  0.001 x1 x7^2 +  0.001 x2^3 + -0.007 x2^2 x4 +  0.001 x2^2 x5 + -0.002 x2^2 x6 +  0.001 x2^2 x7 +  0.003 x2 x3^2 +  0.012 x2 x3 x5 + -0.004 x2 x3 x6 +  0.001 x2 x3 x7 + -0.009 x2 x4 x5 +  0.003 x2 x5^2 +  0.008 x2 x5 x6 + -0.003 x2 x5 x7 + -0.009 x2 x6^2 +  0.009 x2 x6 x7 + -0.003 x2 x7^2 + -0.005 x3^3 +  0.011 x3^2 x4 + -0.013 x3^2 x5 +  0.003 x3^2 x6 + -0.007 x3 x4^2 +  0.009 x3 x4 x5 +  0.015 x3 x4 x6 + -0.009 x3 x4 x7 +  0.007 x3 x5^2 + -0.035 x3 x5 x6 +  0.016 x3 x5 x7 +  0.024 x3 x6^2 + -0.023 x3 x6 x7 +  0.006 x3 x7^2 +  0.009 x4^2 x5 + -0.022 x4^2 x6 +  0.011 x4^2 x7 + -0.023 x4 x5^2 +  0.066 x4 x5 x6 + -0.030 x4 x5 x7 + -0.037 x4 x6^2 +  0.034 x4 x6 x7 + -0.009 x4 x7^2 +  0.012 x5^3 + -0.040 x5^2 x6 +  0.018 x5^2 x7 +  0.039 x5 x6^2 + -0.033 x5 x6 x7 +  0.008 x5 x7^2 + -0.011 x6^3 +  0.013 x6^2 x7 + -0.006 x6 x7^2 +  0.001 x7^3 | (x7)' =  14.016 1 +  11.124 x0 + -55.174 x1 +  134.845 x2 + -236.254 x3 +  326.933 x4 + -376.378 x5 +  405.819 x6 + -209.649 x7 +  0.105 x0^2 + -0.508 x0 x1 +  0.549 x0 x2 + -0.306 x0 x3 +  0.025 x0 x4 +  0.163 x0 x5 + -0.150 x0 x6 +  0.030 x0 x7 +  0.488 x1^2 + -0.723 x1 x2 +  0.010 x1 x3 +  0.497 x1 x4 + -0.704 x1 x5 +  0.396 x1 x6 +  0.003 x1 x7 + -0.118 x2^2 +  1.611 x2 x3 + -2.111 x2 x4 +  1.924 x2 x5 + -0.814 x2 x6 + -0.085 x2 x7 + -1.789 x3^2 +  3.824 x3 x4 + -2.982 x3 x5 +  0.958 x3 x6 +  0.294 x3 x7 + -1.780 x4^2 +  2.504 x4 x5 + -0.403 x4 x6 + -0.579 x4 x7 + -0.855 x5^2 +  0.629 x5 x7 +  0.352 x6^2 + -0.572 x6 x7 +  0.116 x7^2 +  0.001 x0^3 + -0.003 x0^2 x1 +  0.007 x0^2 x2 + -0.013 x0^2 x3 +  0.014 x0^2 x4 + -0.006 x0^2 x5 +  0.001 x0^2 x6 + -0.016 x0 x1 x2 +  0.044 x0 x1 x3 + -0.050 x0 x1 x4 +  0.008 x0 x1 x5 +  0.017 x0 x1 x6 + -0.011 x0 x1 x7 +  0.031 x0 x2^2 + -0.119 x0 x2 x3 +  0.126 x0 x2 x4 + -0.038 x0 x2 x5 + -0.022 x0 x2 x6 +  0.016 x0 x2 x7 +  0.098 x0 x3^2 + -0.199 x0 x3 x4 +  0.079 x0 x3 x5 +  0.010 x0 x3 x6 + -0.014 x0 x3 x7 +  0.103 x0 x4^2 + -0.097 x0 x4 x5 +  0.007 x0 x4 x6 +  0.008 x0 x4 x7 +  0.024 x0 x5^2 + -0.004 x0 x5 x6 + -0.004 x0 x5 x7 + -0.001 x0 x6 x7 +  0.001 x0 x7^2 +  0.009 x1^3 + -0.022 x1^2 x2 + -0.006 x1^2 x3 +  0.015 x1^2 x4 +  0.040 x1^2 x5 + -0.065 x1^2 x6 +  0.035 x1^2 x7 +  0.002 x1 x2^2 +  0.086 x1 x2 x3 + -0.105 x1 x2 x4 + -0.105 x1 x2 x5 +  0.213 x1 x2 x6 + -0.119 x1 x2 x7 + -0.099 x1 x3^2 +  0.213 x1 x3 x4 +  0.057 x1 x3 x5 + -0.213 x1 x3 x6 +  0.126 x1 x3 x7 + -0.124 x1 x4^2 +  0.024 x1 x4 x5 +  0.131 x1 x4 x6 + -0.091 x1 x4 x7 +  0.018 x1 x5^2 + -0.082 x1 x5 x6 +  0.053 x1 x5 x7 +  0.020 x1 x6^2 + -0.013 x1 x6 x7 + -0.002 x1 x7^2 +  0.004 x2^3 + -0.056 x2^2 x3 +  0.063 x2^2 x4 +  0.112 x2^2 x5 + -0.193 x2^2 x6 +  0.105 x2^2 x7 +  0.083 x2 x3^2 + -0.171 x2 x3 x4 + -0.226 x2 x3 x5 +  0.404 x2 x3 x6 + -0.221 x2 x3 x7 +  0.114 x2 x4^2 +  0.066 x2 x4 x5 + -0.224 x2 x4 x6 +  0.139 x2 x4 x7 + -0.045 x2 x5^2 +  0.097 x2 x5 x6 + -0.058 x2 x5 x7 + -0.013 x2 x6 x7 +  0.011 x2 x7^2 + -0.017 x3^3 +  0.042 x3^2 x4 +  0.160 x3^2 x5 + -0.219 x3^2 x6 +  0.111 x3^2 x7 + -0.056 x3 x4^2 + -0.150 x3 x4 x5 +  0.210 x3 x4 x6 + -0.110 x3 x4 x7 +  0.058 x3 x5^2 + -0.031 x3 x5 x6 +  0.008 x3 x5 x7 + -0.053 x3 x6^2 +  0.072 x3 x6 x7 + -0.027 x3 x7^2 +  0.025 x4^3 +  0.003 x4^2 x5 +  0.003 x4^2 x6 + -0.002 x4^2 x7 +  0.023 x4 x5^2 + -0.151 x4 x5 x6 +  0.086 x4 x5 x7 +  0.126 x4 x6^2 + -0.137 x4 x6 x7 +  0.040 x4 x7^2 + -0.023 x5^3 +  0.119 x5^2 x6 + -0.063 x5^2 x7 + -0.139 x5 x6^2 +  0.138 x5 x6 x7 + -0.036 x5 x7^2 +  0.041 x6^3 + -0.055 x6^2 x7 +  0.024 x6 x7^2 + -0.003 x7^3
32,35.0,1000.0,36.85636440989091,3,8,2,8.0,56.0,5,20.0,smoothed_finite_difference_savgol_order_3,success,,1209,1320,91.5909090909091,23.261902740225196,"[""1"", ""x0"", ""x1"", ""x2"", ""x3"", ""x4"", ""x5"", ""x6"", ""x7"", ""x0^2"", ""x0 x1"", ""x0 x2"", ""x0 x3"", ""x0 x4"", ""x0 x5"", ""x0 x6"", ""x0 x7"", ""x1^2"", ""x1 x2"", ""x1 x3"", ""x1 x4"", ""x1 x5"", ""x1 x6"", ""x1 x7"", ""x2^2"", ""x2 x3"", ""x2 x4"", ""x2 x5"", ""x2 x6"", ""x2 x7"", ""x3^2"", ""x3 x4"", ""x3 x5"", ""x3 x6"", ""x3 x7"", ""x4^2"", ""x4 x5"", ""x4 x6"", ""x4 x7"", ""x5^2"", ""x5 x6"", ""x5 x7"", ""x6^2"", ""x6 x7"", ""x7^2"", ""x0^3"", ""x0^2 x1"", ""x0^2 x2"", ""x0^2 x3"", ""x0^2 x4"", ""x0^2 x5"", ""x0^2 x6"", ""x0^2 x7"", ""x0 x1^2"", ""x0 x1 x2"", ""x0 x1 x3"", ""x0 x1 x4"", ""x0 x1 x5"", ""x0 x1 x6"", ""x0 x1 x7"", ""x0 x2^2"", ""x0 x2 x3"", ""x0 x2 x4"", ""x0 x2 x5"", ""x0 x2 x6"", ""x0 x2 x7"", ""x0 x3^2"", ""x0 x3 x4"", ""x0 x3 x5"", ""x0 x3 x6"", ""x0 x3 x7"", ""x0 x4^2"", ""x0 x4 x5"", ""x0 x4 x6"", ""x0 x4 x7"", ""x0 x5^2"", ""x0 x5 x6"", ""x0 x5 x7"", ""x0 x6^2"", ""x0 x6 x7"", ""x0 x7^2"", ""x1^3"", ""x1^2 x2"", ""x1^2 x3"", ""x1^2 x4"", ""x1^2 x5"", ""x1^2 x6"", ""x1^2 x7"", ""x1 x2^2"", ""x1 x2 x3"", ""x1 x2 x4"", ""x1 x2 x5"", ""x1 x2 x6"", ""x1 x2 x7"", ""x1 x3^2"", ""x1 x3 x4"", ""x1 x3 x5"", ""x1 x3 x6"", ""x1 x3 x7"", ""x1 x4^2"", ""x1 x4 x5"", ""x1 x4 x6"", ""x1 x4 x7"", ""x1 x5^2"", ""x1 x5 x6"", ""x1 x5 x7"", ""x1 x6^2"", ""x1 x6 x7"", ""x1 x7^2"", ""x2^3"", ""x2^2 x3"", ""x2^2 x4"", ""x2^2 x5"", ""x2^2 x6"", ""x2^2 x7"", ""x2 x3^2"", ""x2 x3 x4"", ""x2 x3 x5"", ""x2 x3 x6"", ""x2 x3 x7"", ""x2 x4^2"", ""x2 x4 x5"", ""x2 x4 x6"", ""x2 x4 x7"", ""x2 x5^2"", ""x2 x5 x6"", ""x2 x5 x7"", ""x2 x6^2"", ""x2 x6 x7"", ""x2 x7^2"", ""x3^3"", ""x3^2 x4"", ""x3^2 x5"", ""x3^2 x6"", ""x3^2 x7"", ""x3 x4^2"", ""x3 x4 x5"", ""x3 x4 x6"", ""x3 x4 x7"", ""x3 x5^2"", ""x3 x5 x6"", ""x3 x5 x7"", ""x3 x6^2"", ""x3 x6 x7"", ""x3 x7^2"", ""x4^3"", ""x4^2 x5"", ""x4^2 x6"", ""x4^2 x7"", ""x4 x5^2"", ""x4 x5 x6"", ""x4 x5 x7"", ""x4 x6^2"", ""x4 x6 x7"", ""x4 x7^2"", ""x5^3"", ""x5^2 x6"", ""x5^2 x7"", ""x5 x6^2"", ""x5 x6 x7"", ""x5 x7^2"", ""x6^3"", ""x6^2 x7"", ""x6 x7^2"", ""x7^3""]","[[-18.854356251607644, 213.48674554879864, -419.72286288802553, 400.9042331361961, -355.6477355174197, 261.23193949306875, -151.00913395221312, 62.28997578918676, -12.770841475652427, -0.07277459254618844, 0.48612666000100885, -0.6883717497800138, 0.6581076994235966, -0.4342481609609536, 0.27685447640305266, -0.14601158230389377, 0.03959310897213012, -0.33824965307036586, 0.0, 0.6373449326470065, -0.975939068392711, 0.5915209652849414, -0.18059456235525112, -0.004977352242669403, 1.189820977490038, -3.8301971473138874, 3.8172697402516325, -2.1928693646378914, 0.698200320613961, 0.0, 2.822675468295303, -5.246156227377127, 2.7705816127439093, -0.6400692755841431, -0.191585536359052, 2.216409913864087, -1.9015459895507556, 0.0, 0.4666739709244548, 0.1361368249467338, 0.6904219495298644, -0.6061713674147402, -0.44601264198137813, 0.5105476993200155, -0.11237649605699254, 0.00413036835531886, -0.033128948100874876, 0.048255622775668285, -0.04856321645880776, 0.03476662438622188, -0.01871952124551052, 0.0073779738554086965, -0.0043178374127296765, 0.08232223535605027, -0.21098153224579963, 0.18541330339390127, -0.10634001607878213, 0.04567377308704859, -0.017252690330021078, 0.01813764480478966, 0.10191279108831874, -0.10026990347301835, -0.023412885065646802, 0.05173574113581947, -0.020539350610017514, -0.020272924779843434, -0.044325169706187446, 0.24038619361009728, -0.20811983306262144, 0.08501195626906186, 0.013793655065800707, -0.19434505381857245, 0.317154917859153, -0.13491961449663017, -0.002676357094482083, -0.13299068848755344, 0.1207349167292827, -0.0032692435410670885, -0.029560427680249145, 0.0008353934320442128, 0.0025873062204857552, -0.06732527760914157, 0.2458921637430926, -0.20952120971013155, 0.11081267771141652, -0.05259783577845387, 0.0316044151269125, -0.029971522637299672, -0.25309606352564756, 0.3254518887667969, -0.051321833017680056, 0.006939232578304034, -0.06816264141148932, 0.10112423109845346, -0.013886995964724456, -0.2888871194009153, 0.2191462170903904, 0.0016191146897815097, -0.11423681548003335, 0.3014386360825532, -0.46336026538393343, 0.11796490767195132, 0.08425363557156079, 0.19666417697860372, -0.13228698412349102, -0.04904531174359814, 0.02554982438232425, 0.027786087100232365, -0.010260024752291942, 0.08208914855623473, -0.14648764811244622, -0.005563558423542086, -0.029352682577305705, 0.10641567937196829, -0.10629101761426701, 0.05501398964664409, 0.17444860445278074, 0.008698929232173951, -0.26910146458259304, 0.2770546077569097, -0.22841881948935688, 0.24677654852032826, 0.11925757347834748, -0.23110649796489108, -0.10333883203367669, -0.0235177989714042, 0.1457241525228999, 0.016533641708367797, -0.07255239587044357, 0.018669115079363086, -0.024215356744424925, -0.010665311434000678, -0.11723317653141369, 0.2387230161395697, -0.19437681912121701, 0.07644567900474328, 0.07731586706835268, -0.3522586496318706, 0.33922074235491323, -0.0358418615416856, 0.1859542810465315, -0.21496554727822456, -0.05105018104559223, 0.09779801692574629, -0.022119411000036213, -0.03494637625673249, 0.002216817465204409, 0.13010452351687168, -0.1469603493531318, -0.0009098157136712908, -0.11234047627519197, 0.17809582986410763, 0.022198392506463202, -0.07197632827289509, 0.016736687747513752, 0.010744321016015062, -0.0013595977192194578, -0.048048859303476764, 0.0175680320135116, 0.028965294284163397, -0.008246052622956876, -0.009538869860072834, 0.0, 0.0021210433796217975, -0.000536310121695012], [2.089839074117503, 43.65550803571406, 77.32346755274028, -185.22154436817874, 108.3649526031043, -70.0336101740672, 38.19240655057211, -15.35476408823891, 3.2618313312484344, 0.04516222744909722, -0.26367256911483794, 0.3848930220955862, -0.3722049470011579, 0.23623898462254403, -0.09981157170717725, 0.0206066173567273, 0.0, 0.31997848431872633, -0.8292870741385775, 0.7548315986276599, -0.42796859290089945, 0.1446561339239251, 0.0, -0.011825559872680545, 0.5043663474062401, -0.9163714729882751, 0.5097791605216706, -0.17380575916264396, 0.0, 0.011696351021131103, 0.418427839619527, -0.453705960276677, 0.16256500967400792, -0.014828321329122068, 0.0, 0.10382951614002511, -0.05479922508827367, -0.005657255397519968, -0.000559070056403093, -0.005772307452266855, 0.01897007647163655, 0.0, 0.0, -0.008526173746603825, 0.0027315251615046294, -0.00047734847641992743, 0.0039424462542498135, -0.006028566237837708, 0.006753933727312125, -0.005811753962254344, 0.004149297889449831, -0.0020731115520823927, 0.0006422396898367761, -0.010124640536720981, 0.026371768261730294, -0.026012658765776017, 0.019714824831831172, -0.013949594180545751, 0.007164240895871029, -0.002039653647396985, -0.01206377730069201, 0.014732571936028758, -0.004915311030187928, 0.0045024491845320706, -0.003472446847496752, 0.0009534453391385365, 0.0017909672514486816, -0.015190973161998075, 0.008575252872022352, -0.0018185803997101222, 0.00017166066467164714, 0.012622194422102263, -0.015205424714222517, 0.004395078080353631, -0.00029191429889464525, 0.004733208508460741, -0.0027976476289281287, -0.0002401238077322675, 0.0004943715076354333, 0.00037230561970813276, -0.00022350823064667122, 0.009086143731916647, -0.03407387489008939, 0.03316622571548612, -0.0239605495124873, 0.017004457089989773, -0.008993570377050071, 0.0021039222210377843, 0.03466428586763618, -0.05494378517460703, 0.028616484994153226, -0.02268769659142584, 0.01444926487662501, -0.002219369975376046, 0.014105430332699904, 0.0012436285177892855, 0.003724084134765697, -0.00675084154704538, 0.00023775006080526797, -0.012757071814409026, 0.01245732652500657, 0.0, 0.0, -0.0034284573806898596, -3.6694581449915605e-05, 0.0011495351935563443, 0.0, -0.0007955661757583863, 0.00031824495053262415, -0.009066669388664269, 0.015947482353999617, 0.0, 0.0029920172697814073, -0.003865497771157857, -0.001084778403386226, -0.0036664767086720964, -0.02274952781261437, 0.007931869933668269, 0.0, 0.005185104323796997, 0.022214557856664693, -0.02401497049857962, 0.008697886986078759, -0.005363398743727115, 0.008899609957737888, -0.010006247416131934, 0.003080635090623881, 0.0048723416947206956, -0.002815845701215567, 0.0003983519098974184, 0.0, 0.008718245673376626, 0.0, 0.0, -0.003429921642848072, -0.00942825970432499, 0.0, -0.0021318489581883746, 0.005021422221256499, 0.0010633777638096372, 0.005972835730972832, -0.0027426720071076923, -0.006506060771511215, 0.004463042567953557, -0.0008653063219601517, -0.0005393323520661933, 0.011094426198209509, -0.003898271969509005, 0.0, -0.013515539337528169, 0.006827999127556069, -0.0024292277760820315, 0.0032166983305007275, -0.0020931531563271, 0.0006010578968062073, 0.004859882589805699, -0.0041709737783925446, 0.0022771639505750605, -0.0014481239743619932, 0.0, -0.00013867162885344858, 0.0010635270759002749, -0.0006418172436331073, 0.00017611469726248026, 0.0], [0.0, -7.221132912995104, 66.67962109604719, 36.73844041147686, -133.0450381625249, 55.46088945495415, -26.714688963955386, 10.203807329951593, -2.1753127723633323, -0.004315507629867207, 0.01719609015204, -0.008908245719445282, 0.0, 0.0, 0.007330715285452592, -0.002611084520871756, -0.0020607237846597395, 0.0098171816301037, -0.11175793307133218, 0.14871892477710058, -0.11170773457196509, 0.03911193914113538, -0.016070955102278933, 0.009389192191984473, 0.14520385794313032, -0.3194505391078283, 0.20101055581952343, -0.04485969508147854, 0.0, 0.0, 0.1518181116642737, -0.11889542165349141, -0.07108370225950299, 0.0916556589017493, -0.03966494594197258, -0.053166735222692246, 0.2704544657609554, -0.22307688890777483, 0.0909630087404424, -0.18155730985122862, 0.27019786914108446, -0.10834852005323785, -0.1015876554385581, 0.08239371385994348, -0.016204006038131026, 0.00014589515828732167, -0.0015516365725837405, 0.0023855392587959013, -0.002253570849410858, 0.001349935919898189, -0.0006850871830357891, 6.596888062899921e-05, -5.2063399173278015e-05, 0.004620003964963734, -0.011864185272459679, 0.009648882268436895, -0.004884624863625531, 0.002603441712493688, -0.00010382010094155784, 0.00011145784088030889, 0.005502176929967911, -0.004679101469798182, -0.0009851267764529094, 0.0, -0.0007589726640796491, 0.0, -0.002140472558071134, 0.008585115144314698, -0.0032479625962948152, 0.0013503590196811762, 0.00016169724509435874, -0.005369705733443281, 0.003904048886283051, -0.0010253833829468027, -0.0004597511744294533, -5.578105056561019e-05, -0.0004892031811323604, 0.0008087101344341616, 0.000115744557352675, -0.00044776574785968204, 0.000139129382142054, -0.004513586923215866, 0.016486140953652754, -0.013250694977101712, 0.00714426608427707, -0.004634963706530803, 0.0007962774528821572, -4.10555482994545e-05, -0.016703981672601807, 0.019867906129080792, -0.006036877649832554, 0.00790944724867995, -0.0011323616441666878, -0.00044335644900610704, -0.0010714991979543565, -0.00808123844469846, -0.0029945271827254917, 0.0, 0.00042792186543682116, 0.006633891491629824, 0.0007272007083697937, 7.597572805469294e-05, 0.00016385964385884274, -0.0035253187658347337, 0.0025094813605878326, -0.0012950227590205112, 0.00018602985525217663, 0.0002499479649538484, -9.31107887751926e-05, 0.004867439183640737, -0.005744310681533162, 0.0, -0.00627838546717527, 0.0012437750222828335, 0.000756883405876729, -0.0028128857178629446, 0.00955147599964695, 0.012562433217573603, -0.0013596927901237668, -0.002168764530368929, -0.004361939417627175, -0.011818486068440229, 0.0, 0.0017479219129996598, 0.008650583058186515, -0.001675979460558124, 0.0, -0.002674837937315334, 0.0017282020584129575, -0.0003144087747356125, 0.002638221815206084, -0.004549613793289673, -0.009604467357802035, 0.0, 0.0017090299025592712, -0.0007796396565182494, 0.023014272883214306, 0.0012080417142983507, -0.0028846607452572854, -0.012633441237610786, -0.00113755591924659, 0.0011979589163434378, 0.005768989110799547, -0.0037381201124162874, 0.0006766296814039314, 0.00280662439229117, -0.015600611299563747, 0.0, 0.0007783162879195466, 0.015272426282600646, 0.0, 0.0, -0.005724830931940794, 0.003185181419377734, -0.0005315724908492419, -0.004253800332484402, -9.062806968519875e-05, -0.0005860968342003315, 0.004343677788824897, -0.0015006693735858433, 0.00010259164577864229, -0.0015216949442924288, 0.0007851505635886662, 0.0, -4.79742831566405e-05], [0.739339856713434, 3.1458230186983798, -17.620202367226454, 85.63355363644496, 11.42285129508894, -106.24365732207394, 32.39837183915467, -10.920040200764811, 2.2364547156567065, 0.004516053614331765, -0.01881327521616898, 0.012884866436440864, 0.0, -0.00469261700648472, 0.0, 0.0, -0.000612160061125341, -0.001481187092649373, 0.07903808808559148, -0.1358009675319717, 0.12509026255561334, -0.06547036273665868, 0.024858484523922548, 0.0, -0.12771998574456542, 0.36790425973086827, -0.3280238096309026, 0.18495484484980276, -0.07145426521320107, 0.0017307195945141583, -0.26542718272746485, 0.4813440741462672, -0.28182347319006323, 0.1072304027047622, 0.0, -0.2126128166163354, 0.23690306619033083, -0.07650552744388112, -0.014088096020129122, -0.06025783183708736, 0.023005067459603037, 0.025163077909578606, 0.009029429911029981, -0.0254652902428746, 0.006585377705176346, -0.00013378692457491993, 0.000963144074540182, -0.0011154548037702616, 0.0009280081416373467, -0.0005302414369707362, 6.86340006249918e-05, 0.00012885540338659985, 1.1043734042581209e-05, -0.0021684328812313944, 0.004182617548419618, -0.003036313979213318, 0.0015419700489936322, 0.0, -0.0005454581179092625, -0.00016283668738047502, -0.0008302366199625297, -0.0004921929225076473, 0.001188027304176635, -0.0015567444424982783, 0.0014117363040991669, 0.0, 0.0009873832220893039, -0.001206739712298153, 0.0008873862073688864, -0.00105273108907972, -8.31170482250692e-05, 0.0, 0.0, 0.0004814624358690222, 0.00023189108143852036, 0.00029240869738469944, -0.0009229056432556074, 0.0, 0.000493680559760701, -0.0001475251641412751, 1.2554529023239337e-06, 0.0017146107784448274, -0.0047692125439476535, 0.0036511412832244848, -0.0021269691690032726, 0.0006100455593512092, 3.1231809009584476e-06, 0.0005432822396405769, 0.0024570222068400795, -0.0015330296515349093, -0.0002727909556892946, 0.0013719808503896917, -0.00146291095472049, -0.0010402958505067992, 0.0, -0.00045389312604190963, 0.0, 0.0009524651705689126, 0.001212244411607098, 0.0003383565271228311, 0.0004680801383490012, -0.0008519637958360996, -0.0013018139947235216, -0.0013453690194504878, 0.002299251257732292, 0.0005760944484225484, -0.0010612386387622965, 0.0, 5.619143747588565e-05, 0.0004837377421234785, -0.002558510835734191, 0.0024184803065285597, -0.002332536474358039, 0.002315088732696557, 0.00018774898461244443, 0.0012667886321063781, 0.0, 0.0015857839197222, -0.004813301277089911, -0.00011983256429167147, 5.156108773431944e-05, -0.003904530057920728, 0.005880270218803368, 0.0, 0.004460346845585582, -0.00847866464009927, 0.0010648225638966301, 0.0038089035615498875, -0.001762038571497046, 0.00031531827407229484, 0.0013846807089647431, -0.006565358628677872, 0.003317795127362704, 0.001881073226034958, 0.0, 0.007283355347139766, -0.0051095434482224394, -0.0045600732275238596, -4.5819236748530315e-05, -0.0020818387271086033, 0.008963439115621852, -0.0015181350676509494, -0.00513106498211247, 0.0030165381342954797, -0.0006580680542538758, -0.002535344068097662, 0.002698911199581005, 0.0018509872279853664, 0.0003745451072333294, 0.0008415667991880819, -0.006300934076603815, 0.00023881797726243919, 0.004054016651013479, -0.00221196943227327, 0.0005534471959053688, -0.0006564701514385949, 0.0027464216817913406, 0.0, -0.0029326402799787193, 0.0013870146606219862, -0.00037325991164233993, 0.0008705791797517706, -0.0008126373028199675, 0.00035918885746958663, -5.1461341407070055e-05], [-0.6972143414586917, -2.1859792633633135, 10.694573338644659, -31.957041754567737, 105.66109578590637, -10.827293258740752, -86.10794791473802, 17.870941143124444, -3.20508041809781, -0.0070157938542775465, 0.03664534879724074, -0.0439975608752438, 0.02881812558322793, -0.007615777681336223, 0.0, 0.0003750516130965197, 0.0, -0.038679369390766244, 0.08088694386059281, -0.04796463108260648, 0.009977626346930777, -0.0015390655665446932, 0.0, 0.0, -0.03980306144126376, 0.04186994431011727, -0.004637158537330346, 0.0, 0.0034704891942229634, -0.0012624186085445752, 0.0036573768296925143, -0.03601663081108154, 0.027017173313602715, -0.017602968580397036, 0.0029884903979316498, 0.01916937225091837, -0.024832731046299173, 0.016861706303800333, -0.0009638824015961517, 0.015155848741735397, -0.024646153423609776, 0.002655167749026786, 0.00790198278865877, -0.0008693960447277136, 0.0, 0.0001539574404111697, -0.001123096377570474, 0.0013963891662435953, -0.0013077230867379927, 0.0008797256786589436, -0.0002708245173937434, -7.634850329964376e-05, 3.03516490840605e-05, 0.0027125606639146417, -0.006056808672843833, 0.005093814966644234, -0.0026377001915795697, -1.5437950875146554e-05, 0.0007624086145437886, -7.005944156157847e-05, 0.0024417549616433214, -0.002840829484667179, 0.0, 0.0021907122752745705, -0.0015556041686217276, 0.0, 0.0005858283476781592, 0.0004107377947035209, -0.001290763272722476, 8.123933722534868e-05, 0.000785730002251204, 0.0, -0.00039492988829543626, 0.0015627142578004793, -0.0014504954010390282, 0.00033181365474771435, -0.0011160245252428995, 0.0010205502474983797, 0.00024392367802744444, -0.00033000608771856016, 2.578185622501276e-05, -0.0025302277002902797, 0.00921217701974792, -0.008284707809142129, 0.004159422227416042, 2.3734194591285355e-06, -0.0006420355427562485, -0.0003349384700520337, -0.010852159907003089, 0.019327756248607445, -0.007329905640972195, -0.003440809528870826, 0.002319953558715003, 0.0016804665057612504, -0.009037947498853656, 0.006429373818897651, 0.003058737230757874, 0.00011479563636956598, -0.0036043403303515457, 0.0007881384973212432, -0.006328566797059079, 0.0, 0.003977863513710929, 0.004509082562555016, -0.0032312708884957016, -0.0018146362128468995, 0.001359287107960386, -7.687812877608674e-05, 0.00012422437498872083, 0.0050630675265658535, -0.015853840069452535, 0.006264612753502422, 0.0027290151174975286, -0.0011401014773991006, -0.002113728793366306, 0.01909212668561111, -0.017440276861221588, -0.0020543069803051765, -0.0024195847262506957, 0.007633484867639366, 0.0, 0.012219865919068732, -0.001289199908316968, -0.006896633136348803, -0.00994271296105297, 0.00890561057783644, 0.0022145664503919566, -0.003833910440375527, 0.00134034791421138, -0.0005493298397294865, -0.009159040537386738, 0.016314596796538697, -0.004706423167557154, 0.006063900820974631, -0.006483402957453888, -0.007321703415654353, 0.0, -0.008938946160601358, 0.012256191854667609, 0.004695708178081567, -0.0010704012749200205, -0.005990027161256031, 0.0018494771680934666, -0.00010055597410184885, 0.0005751329424935863, 0.0005723209877741028, 0.0009416861244072541, 0.005220305831986966, -0.006468819894193207, -0.0015679278732140401, -0.005208808912340035, 0.008120914650293467, 0.0007315560425927917, -0.001449619700506245, -0.00040960366474451955, -9.486222794565484e-05, 0.002791012615400465, -0.003089280379502519, -0.0013379589974075801, 0.0013266803137799237, 0.0003562498634205498, 0.0, 0.00033458828325064926, -0.0005281376214276029, 0.0001214015609049441], [0.0, 2.1400490133175616, -10.035802668345893, 26.386610483026857, -55.02619050044735, 132.57951192490492, -36.350072902142124, -66.87171911197841, 7.255597271376441, 0.01112547323645462, -0.04757954498988223, 0.05067448374320486, -0.040510026238626484, 0.03320943403015416, -0.028030918117324034, 0.016465912301817723, -0.006744705655663482, 0.02874591029927099, 0.0, -0.04968327937000674, 0.038937699325677706, 0.0, -0.016259263146267224, 0.01667371635628189, -0.07782823981559328, 0.26824015172421956, -0.22971873996981834, 0.11457106227170469, -0.021012226264101604, -0.023575375417639377, -0.22294608948635283, 0.3967245172092556, -0.2206680108624544, 0.04781564803973042, 0.0365884135211824, -0.16583221782396984, 0.16401830276437676, 0.0, -0.06134036424605343, -0.03184421635749078, -0.04499872185495547, 0.06919463855463084, 0.04340150200057443, -0.06240162340632487, 0.014689883629420857, 2.5454097632815004e-05, 0.0, -0.00014271334320557685, 0.0001920127567951666, -9.474163872269799e-05, 2.234334787088601e-05, 0.0001276462442740249, -0.00011659090386416982, -0.00021371354470719686, 0.0004038368419436011, -0.0003045936297644855, -0.0002058306962515657, 0.0, -0.0003101279914215305, 0.00042948006187162093, 0.0003155001335732154, -0.0009990700380820346, 0.0014619608570829278, 0.0, -0.00022760628762637702, -0.0003962779870558288, 0.0005999178460173968, -0.0014959432264634736, -0.0006530747394017112, 0.0011666459865437558, 9.747659116987286e-05, 0.0009214208029917527, 0.0, -0.0009228382995643596, -1.890954696079074e-06, 2.4440619187028303e-05, 0.0002271059701218265, 0.0, 2.0691716838375906e-05, 0.0, 4.024966921605573e-06, 0.00029465579505868084, -0.0005310782083412928, 0.0004202774682617107, 0.0005286679712680811, -6.403425377640537e-05, -3.7350300049628196e-05, -0.00024169582486702524, -0.00021509126215917682, 0.0, -0.0032238058212548325, 0.0004439937769320351, 0.0016623991810361084, -0.00014352154540633015, 0.0006668065342991689, 0.002966254939762818, 0.0, -0.003209620627997235, 0.0009362131843815973, -0.004048051764053275, 0.005730433615886305, 0.0, -0.00041813269638471377, -0.0036985353954359494, 0.0028566695380695265, -2.4747693967937574e-05, -0.0009292890152968938, 0.0, 3.244637186082903e-05, -0.000412728962580875, 0.00436623654620082, -0.0009962113080342638, 0.001988256049632206, -0.003439230674609169, 0.0011817248858531824, -0.01036448731532071, 0.011291918982477086, -0.009200608370233126, 0.010503909925624352, -0.00397057502282597, 0.0, -0.0037339548519543493, -0.0017732197146082874, 0.0017174617528856043, 0.005918045916435864, -0.0058933201904079495, 0.0, 0.002300584277259308, -0.0002965783874213142, 1.9635172211197424e-05, 0.007560371207629923, -0.01753910472077705, 0.012261423767329927, -0.009106736198332032, 0.0032898617070355814, 0.01333708807341515, -0.01446405353380293, 0.009757824973587407, -0.003987536032520701, 0.0, 0.0017490448035928257, 0.0010981616504378287, -0.0021759585813878493, 0.00048162649313178397, -0.00018670558749363375, -0.004628911574455598, 0.008251258509423962, -0.004123375837454132, 0.0014759478127464945, -0.0030313002410129863, 0.0, -0.0007907042871480612, 0.0022703533133566875, -0.0013096745025856504, 0.0005057734748705251, 0.00010063703637718516, 0.0016972125606496847, -7.34739892352841e-05, -0.0027927368660384255, 0.0014533339702230083, -0.00043046277960513305, 0.0008880848796000787, -0.0006159664779006025, 0.00014245488689643685, 1.4872774292165028e-05], [-2.1446990424861894, -3.2028978781930633, 15.043314721537847, -37.51868646004071, 69.08572387285133, -107.34426961073164, 184.39191250109616, -76.92629775934519, -43.70519607655424, -0.003630816728148071, 0.009442105016410322, 0.0, -0.007323326166562766, 0.003268898554183988, 0.0011939836065020116, 0.0, 0.0005283637616554629, 0.01617233463208562, -0.07551453449616231, 0.05504469252141337, 0.0, -0.016023841838346976, 0.0, 0.0, 0.04647576706866834, 0.0, -0.1027349329779481, 0.07253907477853046, 0.0, -0.006423382872994416, -0.05997268037437388, 0.2143993186544504, -0.1137815642629841, 0.0, 0.007632904124040965, -0.14148522075509792, 0.12762214163408428, -0.006670246941659229, 0.0, 0.007378283852050189, -0.04274664232070656, 0.0, 0.002703304500374693, 0.015473456234607686, -0.0035123996422892715, -1.5417643235672908e-05, -0.00020338376930542892, -1.4104043809314857e-05, 0.0005638386035466896, -0.0017243736965826518, 0.00220591929869202, -0.0020188429051384202, 0.0008797117971554317, 0.0008805626075388502, 0.0, -0.0020086857106080165, 0.007365855944599889, -0.00885310030892236, 0.007915373128271421, -0.0033232895693596715, -0.0022161687055492693, 0.005135505330658307, -0.009834365473781368, 0.008937920417790233, -0.008125603302220938, 0.003938820256789146, 0.0, 0.0005162957446845014, 0.0014595204532170457, 0.0016400882134545809, -0.0022196155410299625, 0.0017953560576303553, -0.006854274045422892, 0.0026514544966990154, 0.00046976365695154063, 0.004235679888198006, -0.0037901470759197945, 0.00036138372526002386, 0.0005397855885037456, 0.00035710929580649674, -0.0002946633234568593, -0.0009355904143245701, 0.00018585534828721535, 0.0014358689861756534, -0.008401337460775215, 0.009357804156429379, -0.007570767682382591, 0.0025700324905216254, 0.005778125962477831, -0.011482215745392306, 0.0265751628655862, -0.021648304018628627, 0.015477991532115074, -0.004916839697453668, -0.0014269826218836063, -0.0041386535967648614, -0.0028023248011454604, 0.0, 0.0, 0.0, 0.010469921509139706, -0.0060861785099912465, 0.002523085447628337, -0.007464921748933032, 0.007036615866120574, -0.00260670267462372, 0.0, -0.0013155928354122064, 0.001015794833368612, -0.005465171263187823, 0.011984384968990803, -0.02104667552908567, 0.013196075146804665, -0.008088602702729208, 0.001967417638918269, 0.0051329201520364, 0.0, 0.01224229656179419, -0.00385448964465008, 0.0019241158290372266, 0.0, -0.011787286920704937, 0.0, 0.0, 0.005068419021952605, 0.006317791611028568, -0.003471570990755674, -0.009305874615925191, 0.01051341195113929, -0.003738201512922463, -0.014065454278448542, 0.04035394245339329, -0.03766662695139414, 0.014639304114350073, -0.0036654766900070493, -0.041806933472867305, 0.06985101267962829, -0.014168983410685116, -0.0007738571699020242, -0.02103449600906756, -0.009359633599093585, 0.010653619810215485, 0.018646602795869254, -0.02204440436058792, 0.007070023384039341, 0.015214679653527319, -0.03287614813574771, -0.0027328913578611507, 0.006411767104266615, 0.015307024434022683, 0.03162297144038756, -0.023699019468337707, -0.030162611974736304, 0.033488616124952554, -0.009710535513348804, 0.00031989721491856426, -0.025102455640353325, 0.015308738128807623, 0.0331560553073317, -0.03420195957194838, 0.009134251733552933, -0.01040610347944666, 0.014457616460601804, -0.0066326103326098925, 0.0009135232350396188], [13.056383026179562, 12.339123451247875, -60.23215690124132, 146.7311462060632, -255.32977503747193, 349.45188792506536, -395.9881005610671, 417.5326687430443, -213.31528221056885, 0.1300939286873813, -0.6552604327443801, 0.7710186987460769, -0.5357070128336181, 0.19746400456377577, 0.06615056192126091, -0.10850226239756934, 0.018329714569749512, 0.6869258637736895, -1.2816011459667387, 0.5455903296066569, 0.13115600901660193, -0.5158688524365941, 0.31885385674173544, 0.027827535402858854, 0.2461012398497649, 0.9734325218972185, -1.7297463105778537, 1.7497805853282202, -0.735148860232175, -0.12076280314703736, -1.5420900219373153, 3.598231232124164, -2.9098615584995424, 0.9097748170258111, 0.32727080178638734, -1.7764736593070867, 2.561110663664216, -0.4080856414669266, -0.5925766566079664, -0.8808171185553113, 0.0, 0.6293114382418702, 0.3494251551362256, -0.5543373402412664, 0.10925576279694307, 0.0012069812606476378, -0.0047662920771293395, 0.008754376313365697, -0.015118518698317738, 0.017650453734384376, -0.010450927781181231, 0.0036534966612397557, -0.0009425842166564157, 0.0, -0.012400392102441225, 0.04356587622276525, -0.061592425581350446, 0.024910994036198852, 0.006487595517653728, -0.00725090932202487, 0.02631316603061468, -0.11379386039954364, 0.14114276030320907, -0.06269705491682792, -0.00606972694513977, 0.011418320514971686, 0.09770335709900735, -0.22197528614447212, 0.1092368120922846, -0.006783193096715123, -0.009892475155073145, 0.12224680314169718, -0.13298812974835625, 0.023423016733896018, 0.004752176958886632, 0.037606956828290454, -0.01260355922803456, -0.0034096597378882047, 0.0, 0.0005188544122406479, 0.0008597295915087344, 0.013546145830401559, -0.04996381474243707, 0.02076375244414823, 0.011725875605014365, 0.02613799882600904, -0.05335501109643709, 0.031010224632253655, 0.05724565784574264, -0.021506174818255754, -0.08115057954542411, -0.06973945085543991, 0.18155014790090543, -0.10791333987118609, -0.045545058242871604, 0.19972475877313173, 0.010507080957140012, -0.17788930553960722, 0.11581356114307717, -0.1527158152732885, 0.10480399689407684, 0.08770453544217888, -0.0820548819487294, -0.018539291829578235, -0.0535038860052138, 0.049454006661608214, 0.0174584462550289, -0.015259424439255423, -0.0005894851996481832, -0.031860796659750425, 0.0583208396435284, 0.020664859986382594, 0.09698594524340934, -0.1735295123773467, 0.09798477959472791, -0.04751998954469404, -0.06410168152498899, -0.20887775567265868, 0.3733670454608762, -0.21031889933859968, 0.11454217629164515, 0.0, -0.18233097518257765, 0.13004848725016224, -0.010322319064679623, 0.07023075382900261, -0.05617674162579529, 0.0, -0.008530710840162404, 0.009870451272711259, 0.04065201708683821, -0.06074693489838457, 0.1897450368623083, -0.22451741547448234, 0.11240316451834333, 0.007768948266494673, -0.19671696909958442, 0.23014166615366446, -0.11867527976344582, 0.07496074080394208, -0.06429101335233482, 0.023013010391330198, -0.03522760103526175, 0.05678890224194454, -0.023772061420582986, 0.004398987072325493, 0.048866201997582445, -0.027000253355579436, 0.008932780297103383, -0.029916270163633924, -0.06880595631116787, 0.05464333446648625, 0.09239418827210831, -0.11139477979839096, 0.03520927269816342, 7.955535596810384e-05, 0.06584240926756374, -0.04357854864704143, -0.09855964376996414, 0.10864654841009494, -0.03086540726183219, 0.03103694671582566, -0.043672350335987764, 0.019725125525852767, -0.002474757781364138]]",(x0)' = -18.854 1 +  213.487 x0 + -419.723 x1 +  400.904 x2 + -355.648 x3 +  261.232 x4 + -151.009 x5 +  62.290 x6 + -12.771 x7 + -0.073 x0^2 +  0.486 x0 x1 + -0.688 x0 x2 +  0.658 x0 x3 + -0.434 x0 x4 +  0.277 x0 x5 + -0.146 x0 x6 +  0.040 x0 x7 + -0.338 x1^2 +  0.637 x1 x3 + -0.976 x1 x4 +  0.592 x1 x5 + -0.181 x1 x6 + -0.005 x1 x7 +  1.190 x2^2 + -3.830 x2 x3 +  3.817 x2 x4 + -2.193 x2 x5 +  0.698 x2 x6 +  2.823 x3^2 + -5.246 x3 x4 +  2.771 x3 x5 + -0.640 x3 x6 + -0.192 x3 x7 +  2.216 x4^2 + -1.902 x4 x5 +  0.467 x4 x7 +  0.136 x5^2 +  0.690 x5 x6 + -0.606 x5 x7 + -0.446 x6^2 +  0.511 x6 x7 + -0.112 x7^2 +  0.004 x0^3 + -0.033 x0^2 x1 +  0.048 x0^2 x2 + -0.049 x0^2 x3 +  0.035 x0^2 x4 + -0.019 x0^2 x5 +  0.007 x0^2 x6 + -0.004 x0^2 x7 +  0.082 x0 x1^2 + -0.211 x0 x1 x2 +  0.185 x0 x1 x3 + -0.106 x0 x1 x4 +  0.046 x0 x1 x5 + -0.017 x0 x1 x6 +  0.018 x0 x1 x7 +  0.102 x0 x2^2 + -0.100 x0 x2 x3 + -0.023 x0 x2 x4 +  0.052 x0 x2 x5 + -0.021 x0 x2 x6 + -0.020 x0 x2 x7 + -0.044 x0 x3^2 +  0.240 x0 x3 x4 + -0.208 x0 x3 x5 +  0.085 x0 x3 x6 +  0.014 x0 x3 x7 + -0.194 x0 x4^2 +  0.317 x0 x4 x5 + -0.135 x0 x4 x6 + -0.003 x0 x4 x7 + -0.133 x0 x5^2 +  0.121 x0 x5 x6 + -0.003 x0 x5 x7 + -0.030 x0 x6^2 +  0.001 x0 x6 x7 +  0.003 x0 x7^2 + -0.067 x1^3 +  0.246 x1^2 x2 + -0.210 x1^2 x3 +  0.111 x1^2 x4 + -0.053 x1^2 x5 +  0.032 x1^2 x6 + -0.030 x1^2 x7 + -0.253 x1 x2^2 +  0.325 x1 x2 x3 + -0.051 x1 x2 x4 +  0.007 x1 x2 x5 + -0.068 x1 x2 x6 +  0.101 x1 x2 x7 + -0.014 x1 x3^2 + -0.289 x1 x3 x4 +  0.219 x1 x3 x5 +  0.002 x1 x3 x6 + -0.114 x1 x3 x7 +  0.301 x1 x4^2 + -0.463 x1 x4 x5 +  0.118 x1 x4 x6 +  0.084 x1 x4 x7 +  0.197 x1 x5^2 + -0.132 x1 x5 x6 + -0.049 x1 x5 x7 +  0.026 x1 x6^2 +  0.028 x1 x6 x7 + -0.010 x1 x7^2 +  0.082 x2^3 + -0.146 x2^2 x3 + -0.006 x2^2 x4 + -0.029 x2^2 x5 +  0.106 x2^2 x6 + -0.106 x2^2 x7 +  0.055 x2 x3^2 +  0.174 x2 x3 x4 +  0.009 x2 x3 x5 + -0.269 x2 x3 x6 +  0.277 x2 x3 x7 + -0.228 x2 x4^2 +  0.247 x2 x4 x5 +  0.119 x2 x4 x6 + -0.231 x2 x4 x7 + -0.103 x2 x5^2 + -0.024 x2 x5 x6 +  0.146 x2 x5 x7 +  0.017 x2 x6^2 + -0.073 x2 x6 x7 +  0.019 x2 x7^2 + -0.024 x3^3 + -0.011 x3^2 x4 + -0.117 x3^2 x5 +  0.239 x3^2 x6 + -0.194 x3^2 x7 +  0.076 x3 x4^2 +  0.077 x3 x4 x5 + -0.352 x3 x4 x6 +  0.339 x3 x4 x7 + -0.036 x3 x5^2 +  0.186 x3 x5 x6 + -0.215 x3 x5 x7 + -0.051 x3 x6^2 +  0.098 x3 x6 x7 + -0.022 x3 x7^2 + -0.035 x4^3 +  0.002 x4^2 x5 +  0.130 x4^2 x6 + -0.147 x4^2 x7 + -0.001 x4 x5^2 + -0.112 x4 x5 x6 +  0.178 x4 x5 x7 +  0.022 x4 x6^2 + -0.072 x4 x6 x7 +  0.017 x4 x7^2 +  0.011 x5^3 + -0.001 x5^2 x6 + -0.048 x5^2 x7 +  0.018 x5 x6^2 +  0.029 x5 x6 x7 + -0.008 x5 x7^2 + -0.010 x6^3 +  0.002 x6 x7^2 + -0.001 x7^3 | (x1)' =  2.090 1 +  43.656 x0 +  77.323 x1 + -185.222 x2 +  108.365 x3 + -70.034 x4 +  38.192 x5 + -15.355 x6 +  3.262 x7 +  0.045 x0^2 + -0.264 x0 x1 +  0.385 x0 x2 + -0.372 x0 x3 +  0.236 x0 x4 + -0.100 x0 x5 +  0.021 x0 x6 +  0.320 x1^2 + -0.829 x1 x2 +  0.755 x1 x3 + -0.428 x1 x4 +  0.145 x1 x5 + -0.012 x1 x7 +  0.504 x2^2 + -0.916 x2 x3 +  0.510 x2 x4 + -0.174 x2 x5 +  0.012 x2 x7 +  0.418 x3^2 + -0.454 x3 x4 +  0.163 x3 x5 + -0.015 x3 x6 +  0.104 x4^2 + -0.055 x4 x5 + -0.006 x4 x6 + -0.001 x4 x7 + -0.006 x5^2 +  0.019 x5 x6 + -0.009 x6 x7 +  0.003 x7^2 +  0.004 x0^2 x1 + -0.006 x0^2 x2 +  0.007 x0^2 x3 + -0.006 x0^2 x4 +  0.004 x0^2 x5 + -0.002 x0^2 x6 +  0.001 x0^2 x7 + -0.010 x0 x1^2 +  0.026 x0 x1 x2 + -0.026 x0 x1 x3 +  0.020 x0 x1 x4 + -0.014 x0 x1 x5 +  0.007 x0 x1 x6 + -0.002 x0 x1 x7 + -0.012 x0 x2^2 +  0.015 x0 x2 x3 + -0.005 x0 x2 x4 +  0.005 x0 x2 x5 + -0.003 x0 x2 x6 +  0.001 x0 x2 x7 +  0.002 x0 x3^2 + -0.015 x0 x3 x4 +  0.009 x0 x3 x5 + -0.002 x0 x3 x6 +  0.013 x0 x4^2 + -0.015 x0 x4 x5 +  0.004 x0 x4 x6 +  0.005 x0 x5^2 + -0.003 x0 x5 x6 +  0.009 x1^3 + -0.034 x1^2 x2 +  0.033 x1^2 x3 + -0.024 x1^2 x4 +  0.017 x1^2 x5 + -0.009 x1^2 x6 +  0.002 x1^2 x7 +  0.035 x1 x2^2 + -0.055 x1 x2 x3 +  0.029 x1 x2 x4 + -0.023 x1 x2 x5 +  0.014 x1 x2 x6 + -0.002 x1 x2 x7 +  0.014 x1 x3^2 +  0.001 x1 x3 x4 +  0.004 x1 x3 x5 + -0.007 x1 x3 x6 + -0.013 x1 x4^2 +  0.012 x1 x4 x5 + -0.003 x1 x5^2 +  0.001 x1 x5 x7 + -0.001 x1 x6 x7 + -0.009 x2^3 +  0.016 x2^2 x3 +  0.003 x2^2 x5 + -0.004 x2^2 x6 + -0.001 x2^2 x7 + -0.004 x2 x3^2 + -0.023 x2 x3 x4 +  0.008 x2 x3 x5 +  0.005 x2 x3 x7 +  0.022 x2 x4^2 + -0.024 x2 x4 x5 +  0.009 x2 x4 x6 + -0.005 x2 x4 x7 +  0.009 x2 x5^2 + -0.010 x2 x5 x6 +  0.003 x2 x5 x7 +  0.005 x2 x6^2 + -0.003 x2 x6 x7 +  0.009 x3^2 x4 + -0.003 x3^2 x7 + -0.009 x3 x4^2 + -0.002 x3 x4 x6 +  0.005 x3 x4 x7 +  0.001 x3 x5^2 +  0.006 x3 x5 x6 + -0.003 x3 x5 x7 + -0.007 x3 x6^2 +  0.004 x3 x6 x7 + -0.001 x3 x7^2 + -0.001 x4^3 +  0.011 x4^2 x5 + -0.004 x4^2 x6 + -0.014 x4 x5^2 +  0.007 x4 x5 x6 + -0.002 x4 x5 x7 +  0.003 x4 x6^2 + -0.002 x4 x6 x7 +  0.001 x4 x7^2 +  0.005 x5^3 + -0.004 x5^2 x6 +  0.002 x5^2 x7 + -0.001 x5 x6^2 +  0.001 x6^3 + -0.001 x6^2 x7 | (x2)' = -7.221 x0 +  66.680 x1 +  36.738 x2 + -133.045 x3 +  55.461 x4 + -26.715 x5 +  10.204 x6 + -2.175 x7 + -0.004 x0^2 +  0.017 x0 x1 + -0.009 x0 x2 +  0.007 x0 x5 + -0.003 x0 x6 + -0.002 x0 x7 +  0.010 x1^2 + -0.112 x1 x2 +  0.149 x1 x3 + -0.112 x1 x4 +  0.039 x1 x5 + -0.016 x1 x6 +  0.009 x1 x7 +  0.145 x2^2 + -0.319 x2 x3 +  0.201 x2 x4 + -0.045 x2 x5 +  0.152 x3^2 + -0.119 x3 x4 + -0.071 x3 x5 +  0.092 x3 x6 + -0.040 x3 x7 + -0.053 x4^2 +  0.270 x4 x5 + -0.223 x4 x6 +  0.091 x4 x7 + -0.182 x5^2 +  0.270 x5 x6 + -0.108 x5 x7 + -0.102 x6^2 +  0.082 x6 x7 + -0.016 x7^2 + -0.002 x0^2 x1 +  0.002 x0^2 x2 + -0.002 x0^2 x3 +  0.001 x0^2 x4 + -0.001 x0^2 x5 +  0.005 x0 x1^2 + -0.012 x0 x1 x2 +  0.010 x0 x1 x3 + -0.005 x0 x1 x4 +  0.003 x0 x1 x5 +  0.006 x0 x2^2 + -0.005 x0 x2 x3 + -0.001 x0 x2 x4 + -0.001 x0 x2 x6 + -0.002 x0 x3^2 +  0.009 x0 x3 x4 + -0.003 x0 x3 x5 +  0.001 x0 x3 x6 + -0.005 x0 x4^2 +  0.004 x0 x4 x5 + -0.001 x0 x4 x6 +  0.001 x0 x5 x7 + -0.005 x1^3 +  0.016 x1^2 x2 + -0.013 x1^2 x3 +  0.007 x1^2 x4 + -0.005 x1^2 x5 +  0.001 x1^2 x6 + -0.017 x1 x2^2 +  0.020 x1 x2 x3 + -0.006 x1 x2 x4 +  0.008 x1 x2 x5 + -0.001 x1 x2 x6 + -0.001 x1 x3^2 + -0.008 x1 x3 x4 + -0.003 x1 x3 x5 +  0.007 x1 x4^2 +  0.001 x1 x4 x5 + -0.004 x1 x5^2 +  0.003 x1 x5 x6 + -0.001 x1 x5 x7 +  0.005 x2^3 + -0.006 x2^2 x3 + -0.006 x2^2 x5 +  0.001 x2^2 x6 +  0.001 x2^2 x7 + -0.003 x2 x3^2 +  0.010 x2 x3 x4 +  0.013 x2 x3 x5 + -0.001 x2 x3 x6 + -0.002 x2 x3 x7 + -0.004 x2 x4^2 + -0.012 x2 x4 x5 +  0.002 x2 x4 x7 +  0.009 x2 x5^2 + -0.002 x2 x5 x6 + -0.003 x2 x6^2 +  0.002 x2 x6 x7 +  0.003 x3^3 + -0.005 x3^2 x4 + -0.010 x3^2 x5 +  0.002 x3^2 x7 + -0.001 x3 x4^2 +  0.023 x3 x4 x5 +  0.001 x3 x4 x6 + -0.003 x3 x4 x7 + -0.013 x3 x5^2 + -0.001 x3 x5 x6 +  0.001 x3 x5 x7 +  0.006 x3 x6^2 + -0.004 x3 x6 x7 +  0.001 x3 x7^2 +  0.003 x4^3 + -0.016 x4^2 x5 +  0.001 x4^2 x7 +  0.015 x4 x5^2 + -0.006 x4 x6^2 +  0.003 x4 x6 x7 + -0.001 x4 x7^2 + -0.004 x5^3 + -0.001 x5^2 x7 +  0.004 x5 x6^2 + -0.002 x5 x6 x7 + -0.002 x6^3 +  0.001 x6^2 x7 | (x3)' =  0.739 1 +  3.146 x0 + -17.620 x1 +  85.634 x2 +  11.423 x3 + -106.244 x4 +  32.398 x5 + -10.920 x6 +  2.236 x7 +  0.005 x0^2 + -0.019 x0 x1 +  0.013 x0 x2 + -0.005 x0 x4 + -0.001 x0 x7 + -0.001 x1^2 +  0.079 x1 x2 + -0.136 x1 x3 +  0.125 x1 x4 + -0.065 x1 x5 +  0.025 x1 x6 + -0.128 x2^2 +  0.368 x2 x3 + -0.328 x2 x4 +  0.185 x2 x5 + -0.071 x2 x6 +  0.002 x2 x7 + -0.265 x3^2 +  0.481 x3 x4 + -0.282 x3 x5 +  0.107 x3 x6 + -0.213 x4^2 +  0.237 x4 x5 + -0.077 x4 x6 + -0.014 x4 x7 + -0.060 x5^2 +  0.023 x5 x6 +  0.025 x5 x7 +  0.009 x6^2 + -0.025 x6 x7 +  0.007 x7^2 +  0.001 x0^2 x1 + -0.001 x0^2 x2 +  0.001 x0^2 x3 + -0.001 x0^2 x4 + -0.002 x0 x1^2 +  0.004 x0 x1 x2 + -0.003 x0 x1 x3 +  0.002 x0 x1 x4 + -0.001 x0 x1 x6 + -0.001 x0 x2^2 +  0.001 x0 x2 x4 + -0.002 x0 x2 x5 +  0.001 x0 x2 x6 +  0.001 x0 x3^2 + -0.001 x0 x3 x4 +  0.001 x0 x3 x5 + -0.001 x0 x3 x6 + -0.001 x0 x5 x6 +  0.002 x1^3 + -0.005 x1^2 x2 +  0.004 x1^2 x3 + -0.002 x1^2 x4 +  0.001 x1^2 x5 +  0.001 x1^2 x7 +  0.002 x1 x2^2 + -0.002 x1 x2 x3 +  0.001 x1 x2 x5 + -0.001 x1 x2 x6 + -0.001 x1 x2 x7 +  0.001 x1 x3 x6 +  0.001 x1 x3 x7 + -0.001 x1 x4 x6 + -0.001 x1 x4 x7 + -0.001 x1 x5^2 +  0.002 x1 x5 x6 +  0.001 x1 x5 x7 + -0.001 x1 x6^2 + -0.003 x2^2 x3 +  0.002 x2^2 x4 + -0.002 x2^2 x5 +  0.002 x2^2 x6 +  0.001 x2 x3^2 +  0.002 x2 x3 x5 + -0.005 x2 x3 x6 + -0.004 x2 x4 x5 +  0.006 x2 x4 x6 +  0.004 x2 x5^2 + -0.008 x2 x5 x6 +  0.001 x2 x5 x7 +  0.004 x2 x6^2 + -0.002 x2 x6 x7 +  0.001 x3^3 + -0.007 x3^2 x4 +  0.003 x3^2 x5 +  0.002 x3^2 x6 +  0.007 x3 x4^2 + -0.005 x3 x4 x5 + -0.005 x3 x4 x6 + -0.002 x3 x5^2 +  0.009 x3 x5 x6 + -0.002 x3 x5 x7 + -0.005 x3 x6^2 +  0.003 x3 x6 x7 + -0.001 x3 x7^2 + -0.003 x4^3 +  0.003 x4^2 x5 +  0.002 x4^2 x6 +  0.001 x4 x5^2 + -0.006 x4 x5 x6 +  0.004 x4 x6^2 + -0.002 x4 x6 x7 +  0.001 x4 x7^2 + -0.001 x5^3 +  0.003 x5^2 x6 + -0.003 x5 x6^2 +  0.001 x5 x6 x7 +  0.001 x6^3 + -0.001 x6^2 x7 | (x4)' = -0.697 1 + -2.186 x0 +  10.695 x1 + -31.957 x2 +  105.661 x3 + -10.827 x4 + -86.108 x5 +  17.871 x6 + -3.205 x7 + -0.007 x0^2 +  0.037 x0 x1 + -0.044 x0 x2 +  0.029 x0 x3 + -0.008 x0 x4 + -0.039 x1^2 +  0.081 x1 x2 + -0.048 x1 x3 +  0.010 x1 x4 + -0.002 x1 x5 + -0.040 x2^2 +  0.042 x2 x3 + -0.005 x2 x4 +  0.003 x2 x6 + -0.001 x2 x7 +  0.004 x3^2 + -0.036 x3 x4 +  0.027 x3 x5 + -0.018 x3 x6 +  0.003 x3 x7 +  0.019 x4^2 + -0.025 x4 x5 +  0.017 x4 x6 + -0.001 x4 x7 +  0.015 x5^2 + -0.025 x5 x6 +  0.003 x5 x7 +  0.008 x6^2 + -0.001 x6 x7 + -0.001 x0^2 x1 +  0.001 x0^2 x2 + -0.001 x0^2 x3 +  0.001 x0^2 x4 +  0.003 x0 x1^2 + -0.006 x0 x1 x2 +  0.005 x0 x1 x3 + -0.003 x0 x1 x4 +  0.001 x0 x1 x6 +  0.002 x0 x2^2 + -0.003 x0 x2 x3 +  0.002 x0 x2 x5 + -0.002 x0 x2 x6 +  0.001 x0 x3^2 + -0.001 x0 x3 x5 +  0.001 x0 x3 x7 +  0.002 x0 x4 x6 + -0.001 x0 x4 x7 + -0.001 x0 x5 x6 +  0.001 x0 x5 x7 + -0.003 x1^3 +  0.009 x1^2 x2 + -0.008 x1^2 x3 +  0.004 x1^2 x4 + -0.001 x1^2 x6 + -0.011 x1 x2^2 +  0.019 x1 x2 x3 + -0.007 x1 x2 x4 + -0.003 x1 x2 x5 +  0.002 x1 x2 x6 +  0.002 x1 x2 x7 + -0.009 x1 x3^2 +  0.006 x1 x3 x4 +  0.003 x1 x3 x5 + -0.004 x1 x3 x7 +  0.001 x1 x4^2 + -0.006 x1 x4 x5 +  0.004 x1 x4 x7 +  0.005 x1 x5^2 + -0.003 x1 x5 x6 + -0.002 x1 x5 x7 +  0.001 x1 x6^2 +  0.005 x2^3 + -0.016 x2^2 x3 +  0.006 x2^2 x4 +  0.003 x2^2 x5 + -0.001 x2^2 x6 + -0.002 x2^2 x7 +  0.019 x2 x3^2 + -0.017 x2 x3 x4 + -0.002 x2 x3 x5 + -0.002 x2 x3 x6 +  0.008 x2 x3 x7 +  0.012 x2 x4 x5 + -0.001 x2 x4 x6 + -0.007 x2 x4 x7 + -0.010 x2 x5^2 +  0.009 x2 x5 x6 +  0.002 x2 x5 x7 + -0.004 x2 x6^2 +  0.001 x2 x6 x7 + -0.001 x2 x7^2 + -0.009 x3^3 +  0.016 x3^2 x4 + -0.005 x3^2 x5 +  0.006 x3^2 x6 + -0.006 x3^2 x7 + -0.007 x3 x4^2 + -0.009 x3 x4 x6 +  0.012 x3 x4 x7 +  0.005 x3 x5^2 + -0.001 x3 x5 x6 + -0.006 x3 x5 x7 +  0.002 x3 x6^2 +  0.001 x3 x7^2 +  0.001 x4^3 +  0.001 x4^2 x5 +  0.005 x4^2 x6 + -0.006 x4^2 x7 + -0.002 x4 x5^2 + -0.005 x4 x5 x6 +  0.008 x4 x5 x7 +  0.001 x4 x6^2 + -0.001 x4 x6 x7 +  0.003 x5^2 x6 + -0.003 x5^2 x7 + -0.001 x5 x6^2 +  0.001 x5 x6 x7 + -0.001 x6 x7^2 | (x5)' =  2.140 x0 + -10.036 x1 +  26.387 x2 + -55.026 x3 +  132.580 x4 + -36.350 x5 + -66.872 x6 +  7.256 x7 +  0.011 x0^2 + -0.048 x0 x1 +  0.051 x0 x2 + -0.041 x0 x3 +  0.033 x0 x4 + -0.028 x0 x5 +  0.016 x0 x6 + -0.007 x0 x7 +  0.029 x1^2 + -0.050 x1 x3 +  0.039 x1 x4 + -0.016 x1 x6 +  0.017 x1 x7 + -0.078 x2^2 +  0.268 x2 x3 + -0.230 x2 x4 +  0.115 x2 x5 + -0.021 x2 x6 + -0.024 x2 x7 + -0.223 x3^2 +  0.397 x3 x4 + -0.221 x3 x5 +  0.048 x3 x6 +  0.037 x3 x7 + -0.166 x4^2 +  0.164 x4 x5 + -0.061 x4 x7 + -0.032 x5^2 + -0.045 x5 x6 +  0.069 x5 x7 +  0.043 x6^2 + -0.062 x6 x7 +  0.015 x7^2 + -0.001 x0 x2 x3 +  0.001 x0 x2 x4 +  0.001 x0 x3^2 + -0.001 x0 x3 x4 + -0.001 x0 x3 x5 +  0.001 x0 x3 x6 +  0.001 x0 x4^2 + -0.001 x0 x4 x6 + -0.001 x1^2 x2 +  0.001 x1^2 x4 + -0.003 x1 x2 x4 +  0.002 x1 x2 x6 +  0.001 x1 x3^2 +  0.003 x1 x3 x4 + -0.003 x1 x3 x6 +  0.001 x1 x3 x7 + -0.004 x1 x4^2 +  0.006 x1 x4 x5 + -0.004 x1 x5^2 +  0.003 x1 x5 x6 + -0.001 x1 x6^2 +  0.004 x2^2 x3 + -0.001 x2^2 x4 +  0.002 x2^2 x5 + -0.003 x2^2 x6 +  0.001 x2^2 x7 + -0.010 x2 x3^2 +  0.011 x2 x3 x4 + -0.009 x2 x3 x5 +  0.011 x2 x3 x6 + -0.004 x2 x3 x7 + -0.004 x2 x4 x5 + -0.002 x2 x4 x6 +  0.002 x2 x4 x7 +  0.006 x2 x5^2 + -0.006 x2 x5 x6 +  0.002 x2 x6^2 +  0.008 x3^3 + -0.018 x3^2 x4 +  0.012 x3^2 x5 + -0.009 x3^2 x6 +  0.003 x3^2 x7 +  0.013 x3 x4^2 + -0.014 x3 x4 x5 +  0.010 x3 x4 x6 + -0.004 x3 x4 x7 +  0.002 x3 x5 x6 +  0.001 x3 x5 x7 + -0.002 x3 x6^2 + -0.005 x4^3 +  0.008 x4^2 x5 + -0.004 x4^2 x6 +  0.001 x4^2 x7 + -0.003 x4 x5^2 + -0.001 x4 x5 x7 +  0.002 x4 x6^2 + -0.001 x4 x6 x7 +  0.001 x4 x7^2 +  0.002 x5^2 x6 + -0.003 x5 x6^2 +  0.001 x5 x6 x7 +  0.001 x6^3 + -0.001 x6^2 x7 | (x6)' = -2.145 1 + -3.203 x0 +  15.043 x1 + -37.519 x2 +  69.086 x3 + -107.344 x4 +  184.392 x5 + -76.926 x6 + -43.705 x7 + -0.004 x0^2 +  0.009 x0 x1 + -0.007 x0 x3 +  0.003 x0 x4 +  0.001 x0 x5 +  0.001 x0 x7 +  0.016 x1^2 + -0.076 x1 x2 +  0.055 x1 x3 + -0.016 x1 x5 +  0.046 x2^2 + -0.103 x2 x4 +  0.073 x2 x5 + -0.006 x2 x7 + -0.060 x3^2 +  0.214 x3 x4 + -0.114 x3 x5 +  0.008 x3 x7 + -0.141 x4^2 +  0.128 x4 x5 + -0.007 x4 x6 +  0.007 x5^2 + -0.043 x5 x6 +  0.003 x6^2 +  0.015 x6 x7 + -0.004 x7^2 +  0.001 x0^2 x3 + -0.002 x0^2 x4 +  0.002 x0^2 x5 + -0.002 x0^2 x6 +  0.001 x0^2 x7 +  0.001 x0 x1^2 + -0.002 x0 x1 x3 +  0.007 x0 x1 x4 + -0.009 x0 x1 x5 +  0.008 x0 x1 x6 + -0.003 x0 x1 x7 + -0.002 x0 x2^2 +  0.005 x0 x2 x3 + -0.010 x0 x2 x4 +  0.009 x0 x2 x5 + -0.008 x0 x2 x6 +  0.004 x0 x2 x7 +  0.001 x0 x3 x4 +  0.001 x0 x3 x5 +  0.002 x0 x3 x6 + -0.002 x0 x3 x7 +  0.002 x0 x4^2 + -0.007 x0 x4 x5 +  0.003 x0 x4 x6 +  0.004 x0 x5^2 + -0.004 x0 x5 x6 +  0.001 x0 x6^2 + -0.001 x1^3 +  0.001 x1^2 x3 + -0.008 x1^2 x4 +  0.009 x1^2 x5 + -0.008 x1^2 x6 +  0.003 x1^2 x7 +  0.006 x1 x2^2 + -0.011 x1 x2 x3 +  0.027 x1 x2 x4 + -0.022 x1 x2 x5 +  0.015 x1 x2 x6 + -0.005 x1 x2 x7 + -0.001 x1 x3^2 + -0.004 x1 x3 x4 + -0.003 x1 x3 x5 +  0.010 x1 x4 x5 + -0.006 x1 x4 x6 +  0.003 x1 x4 x7 + -0.007 x1 x5^2 +  0.007 x1 x5 x6 + -0.003 x1 x5 x7 + -0.001 x1 x6 x7 +  0.001 x1 x7^2 + -0.005 x2^3 +  0.012 x2^2 x3 + -0.021 x2^2 x4 +  0.013 x2^2 x5 + -0.008 x2^2 x6 +  0.002 x2^2 x7 +  0.005 x2 x3^2 +  0.012 x2 x3 x5 + -0.004 x2 x3 x6 +  0.002 x2 x3 x7 + -0.012 x2 x4 x5 +  0.005 x2 x5^2 +  0.006 x2 x5 x6 + -0.003 x2 x5 x7 + -0.009 x2 x6^2 +  0.011 x2 x6 x7 + -0.004 x2 x7^2 + -0.014 x3^3 +  0.040 x3^2 x4 + -0.038 x3^2 x5 +  0.015 x3^2 x6 + -0.004 x3^2 x7 + -0.042 x3 x4^2 +  0.070 x3 x4 x5 + -0.014 x3 x4 x6 + -0.001 x3 x4 x7 + -0.021 x3 x5^2 + -0.009 x3 x5 x6 +  0.011 x3 x5 x7 +  0.019 x3 x6^2 + -0.022 x3 x6 x7 +  0.007 x3 x7^2 +  0.015 x4^3 + -0.033 x4^2 x5 + -0.003 x4^2 x6 +  0.006 x4^2 x7 +  0.015 x4 x5^2 +  0.032 x4 x5 x6 + -0.024 x4 x5 x7 + -0.030 x4 x6^2 +  0.033 x4 x6 x7 + -0.010 x4 x7^2 + -0.025 x5^2 x6 +  0.015 x5^2 x7 +  0.033 x5 x6^2 + -0.034 x5 x6 x7 +  0.009 x5 x7^2 + -0.010 x6^3 +  0.014 x6^2 x7 + -0.007 x6 x7^2 +  0.001 x7^3 | (x7)' =  13.056 1 +  12.339 x0 + -60.232 x1 +  146.731 x2 + -255.330 x3 +  349.452 x4 + -395.988 x5 +  417.533 x6 + -213.315 x7 +  0.130 x0^2 + -0.655 x0 x1 +  0.771 x0 x2 + -0.536 x0 x3 +  0.197 x0 x4 +  0.066 x0 x5 + -0.109 x0 x6 +  0.018 x0 x7 +  0.687 x1^2 + -1.282 x1 x2 +  0.546 x1 x3 +  0.131 x1 x4 + -0.516 x1 x5 +  0.319 x1 x6 +  0.028 x1 x7 +  0.246 x2^2 +  0.973 x2 x3 + -1.730 x2 x4 +  1.750 x2 x5 + -0.735 x2 x6 + -0.121 x2 x7 + -1.542 x3^2 +  3.598 x3 x4 + -2.910 x3 x5 +  0.910 x3 x6 +  0.327 x3 x7 + -1.776 x4^2 +  2.561 x4 x5 + -0.408 x4 x6 + -0.593 x4 x7 + -0.881 x5^2 +  0.629 x5 x7 +  0.349 x6^2 + -0.554 x6 x7 +  0.109 x7^2 +  0.001 x0^3 + -0.005 x0^2 x1 +  0.009 x0^2 x2 + -0.015 x0^2 x3 +  0.018 x0^2 x4 + -0.010 x0^2 x5 +  0.004 x0^2 x6 + -0.001 x0^2 x7 + -0.012 x0 x1 x2 +  0.044 x0 x1 x3 + -0.062 x0 x1 x4 +  0.025 x0 x1 x5 +  0.006 x0 x1 x6 + -0.007 x0 x1 x7 +  0.026 x0 x2^2 + -0.114 x0 x2 x3 +  0.141 x0 x2 x4 + -0.063 x0 x2 x5 + -0.006 x0 x2 x6 +  0.011 x0 x2 x7 +  0.098 x0 x3^2 + -0.222 x0 x3 x4 +  0.109 x0 x3 x5 + -0.007 x0 x3 x6 + -0.010 x0 x3 x7 +  0.122 x0 x4^2 + -0.133 x0 x4 x5 +  0.023 x0 x4 x6 +  0.005 x0 x4 x7 +  0.038 x0 x5^2 + -0.013 x0 x5 x6 + -0.003 x0 x5 x7 +  0.001 x0 x6 x7 +  0.001 x0 x7^2 +  0.014 x1^3 + -0.050 x1^2 x2 +  0.021 x1^2 x3 +  0.012 x1^2 x4 +  0.026 x1^2 x5 + -0.053 x1^2 x6 +  0.031 x1^2 x7 +  0.057 x1 x2^2 + -0.022 x1 x2 x3 + -0.081 x1 x2 x4 + -0.070 x1 x2 x5 +  0.182 x1 x2 x6 + -0.108 x1 x2 x7 + -0.046 x1 x3^2 +  0.200 x1 x3 x4 +  0.011 x1 x3 x5 + -0.178 x1 x3 x6 +  0.116 x1 x3 x7 + -0.153 x1 x4^2 +  0.105 x1 x4 x5 +  0.088 x1 x4 x6 + -0.082 x1 x4 x7 + -0.019 x1 x5^2 + -0.054 x1 x5 x6 +  0.049 x1 x5 x7 +  0.017 x1 x6^2 + -0.015 x1 x6 x7 + -0.001 x1 x7^2 + -0.032 x2^3 +  0.058 x2^2 x3 +  0.021 x2^2 x4 +  0.097 x2^2 x5 + -0.174 x2^2 x6 +  0.098 x2^2 x7 + -0.048 x2 x3^2 + -0.064 x2 x3 x4 + -0.209 x2 x3 x5 +  0.373 x2 x3 x6 + -0.210 x2 x3 x7 +  0.115 x2 x4^2 + -0.182 x2 x4 x6 +  0.130 x2 x4 x7 + -0.010 x2 x5^2 +  0.070 x2 x5 x6 + -0.056 x2 x5 x7 + -0.009 x2 x6 x7 +  0.010 x2 x7^2 +  0.041 x3^3 + -0.061 x3^2 x4 +  0.190 x3^2 x5 + -0.225 x3^2 x6 +  0.112 x3^2 x7 +  0.008 x3 x4^2 + -0.197 x3 x4 x5 +  0.230 x3 x4 x6 + -0.119 x3 x4 x7 +  0.075 x3 x5^2 + -0.064 x3 x5 x6 +  0.023 x3 x5 x7 + -0.035 x3 x6^2 +  0.057 x3 x6 x7 + -0.024 x3 x7^2 +  0.004 x4^3 +  0.049 x4^2 x5 + -0.027 x4^2 x6 +  0.009 x4^2 x7 + -0.030 x4 x5^2 + -0.069 x4 x5 x6 +  0.055 x4 x5 x7 +  0.092 x4 x6^2 + -0.111 x4 x6 x7 +  0.035 x4 x7^2 +  0.066 x5^2 x6 + -0.044 x5^2 x7 + -0.099 x5 x6^2 +  0.109 x5 x6 x7 + -0.031 x5 x7^2 +  0.031 x6^3 + -0.044 x6^2 x7 +  0.020 x6 x7^2 + -0.002 x7^3
33,35.0,1000.0,36.85636440989091,3,8,2,8.0,56.0,9,36.0,smoothed_finite_difference_savgol_order_3,success,,1206,1320,91.36363636363636,23.727361399680376,"[""1"", ""x0"", ""x1"", ""x2"", ""x3"", ""x4"", ""x5"", ""x6"", ""x7"", ""x0^2"", ""x0 x1"", ""x0 x2"", ""x0 x3"", ""x0 x4"", ""x0 x5"", ""x0 x6"", ""x0 x7"", ""x1^2"", ""x1 x2"", ""x1 x3"", ""x1 x4"", ""x1 x5"", ""x1 x6"", ""x1 x7"", ""x2^2"", ""x2 x3"", ""x2 x4"", ""x2 x5"", ""x2 x6"", ""x2 x7"", ""x3^2"", ""x3 x4"", ""x3 x5"", ""x3 x6"", ""x3 x7"", ""x4^2"", ""x4 x5"", ""x4 x6"", ""x4 x7"", ""x5^2"", ""x5 x6"", ""x5 x7"", ""x6^2"", ""x6 x7"", ""x7^2"", ""x0^3"", ""x0^2 x1"", ""x0^2 x2"", ""x0^2 x3"", ""x0^2 x4"", ""x0^2 x5"", ""x0^2 x6"", ""x0^2 x7"", ""x0 x1^2"", ""x0 x1 x2"", ""x0 x1 x3"", ""x0 x1 x4"", ""x0 x1 x5"", ""x0 x1 x6"", ""x0 x1 x7"", ""x0 x2^2"", ""x0 x2 x3"", ""x0 x2 x4"", ""x0 x2 x5"", ""x0 x2 x6"", ""x0 x2 x7"", ""x0 x3^2"", ""x0 x3 x4"", ""x0 x3 x5"", ""x0 x3 x6"", ""x0 x3 x7"", ""x0 x4^2"", ""x0 x4 x5"", ""x0 x4 x6"", ""x0 x4 x7"", ""x0 x5^2"", ""x0 x5 x6"", ""x0 x5 x7"", ""x0 x6^2"", ""x0 x6 x7"", ""x0 x7^2"", ""x1^3"", ""x1^2 x2"", ""x1^2 x3"", ""x1^2 x4"", ""x1^2 x5"", ""x1^2 x6"", ""x1^2 x7"", ""x1 x2^2"", ""x1 x2 x3"", ""x1 x2 x4"", ""x1 x2 x5"", ""x1 x2 x6"", ""x1 x2 x7"", ""x1 x3^2"", ""x1 x3 x4"", ""x1 x3 x5"", ""x1 x3 x6"", ""x1 x3 x7"", ""x1 x4^2"", ""x1 x4 x5"", ""x1 x4 x6"", ""x1 x4 x7"", ""x1 x5^2"", ""x1 x5 x6"", ""x1 x5 x7"", ""x1 x6^2"", ""x1 x6 x7"", ""x1 x7^2"", ""x2^3"", ""x2^2 x3"", ""x2^2 x4"", ""x2^2 x5"", ""x2^2 x6"", ""x2^2 x7"", ""x2 x3^2"", ""x2 x3 x4"", ""x2 x3 x5"", ""x2 x3 x6"", ""x2 x3 x7"", ""x2 x4^2"", ""x2 x4 x5"", ""x2 x4 x6"", ""x2 x4 x7"", ""x2 x5^2"", ""x2 x5 x6"", ""x2 x5 x7"", ""x2 x6^2"", ""x2 x6 x7"", ""x2 x7^2"", ""x3^3"", ""x3^2 x4"", ""x3^2 x5"", ""x3^2 x6"", ""x3^2 x7"", ""x3 x4^2"", ""x3 x4 x5"", ""x3 x4 x6"", ""x3 x4 x7"", ""x3 x5^2"", ""x3 x5 x6"", ""x3 x5 x7"", ""x3 x6^2"", ""x3 x6 x7"", ""x3 x7^2"", ""x4^3"", ""x4^2 x5"", ""x4^2 x6"", ""x4^2 x7"", ""x4 x5^2"", ""x4 x5 x6"", ""x4 x5 x7"", ""x4 x6^2"", ""x4 x6 x7"", ""x4 x7^2"", ""x5^3"", ""x5^2 x6"", ""x5^2 x7"", ""x5 x6^2"", ""x5 x6 x7"", ""x5 x7^2"", ""x6^3"", ""x6^2 x7"", ""x6 x7^2"", ""x7^3""]","[[-9.756774188801282, 240.4396429601792, -510.67395597547596, 559.1053449971745, -539.3638847756015, 413.32439039628724, -240.04667981157021, 96.12449432816756, -19.628873651304716, 0.06045899143239652, -0.11961111102878552, -0.033285988621377875, 0.1282891474947239, 0.0, -0.166671122943125, 0.1654109143818526, -0.05931287575836279, 0.02948371748421408, 0.1101971811493795, -0.22347244974076763, -0.17125785278832922, 0.6259438709852445, -0.5831202819366553, 0.19003097367539507, 0.0, 0.0056003164164846915, 0.572237467268203, -1.225733199003723, 1.0517675168504748, -0.2952295522032718, 0.0, -0.5609078307717078, 1.3261955205784988, -1.1113860592214948, 0.23317103910588133, 0.3966273656835484, -1.3346960285887906, 0.9741970220349727, -0.12120635324058528, 0.7434073655291334, -0.862826503804755, 0.0745647097295202, 0.19294793087171283, 0.0, -0.01182127747762544, 0.0030184218032459262, -0.018995079093811183, 0.028800593408175885, -0.03233147886367429, 0.016313071000739865, 0.007242268252494163, -0.017210351747216992, 0.005024845258463264, 0.03156142059454219, -0.07737516140024017, 0.09792268335912084, -0.04006913168898478, -0.059643851556263394, 0.10680975524822468, -0.03218717180625003, 0.02404110810494897, -0.056818524101907866, -0.007901581866322142, 0.09988272623937378, -0.15038885773599683, 0.04033477909764729, 0.017767868714945675, 0.06321101885072772, -0.12118435701479323, 0.1432618185528764, -0.028006377413634147, -0.09136618545424098, 0.17205044972161068, -0.11877906086576996, 0.009593866378296559, -0.053413841005509, 0.04034145867649717, 0.013208198822774705, 0.001643459384904511, -0.014932264549185979, 0.003942932372285636, -0.010940833687828484, 0.01809748992154738, -0.0850873026936405, 0.07843547989018086, 0.021367977029382895, -0.11438480574895353, 0.03600140439494168, 0.06507507876060888, 0.0615939669523978, -0.15564081623688478, 0.029833000549494528, 0.24512325634982332, -0.06502316275933748, -0.11777663869145284, 0.21514192034984733, -0.12327777008174683, -0.16266400724809157, 0.019627306438079795, 0.016905342893435052, -0.05823390151804733, 0.14775582325186606, 0.006692609483663572, -0.0026263986187064965, -0.0006511928452411385, -0.04753072237133136, -0.017195816021296814, 0.03307396476746952, -0.006253326902145766, -0.10523076844558803, 0.18233329172810314, 0.0, -0.07888262032745628, -0.11535099655686085, 0.018939212314050588, -0.056828812730050526, -0.0704863331948359, 0.3099875005587264, 0.11891783755069035, 0.01370150759061736, -0.12899266330222464, 0.049366979424849036, -0.1986323636084491, 0.0, 0.04539036872579135, 0.0, 0.04044166536827924, 0.0, -0.005730449991572865, -0.003742871237653489, -0.030941047617826564, 0.09906919479109409, -0.28183714887375066, 0.016137864017083493, -0.027450873146268904, 0.13886301614931673, 0.10577658673644921, 0.11038704637379938, 0.0, -0.16640268743206912, 0.11616595783781634, -0.03778827531956843, -0.014707092232459753, -0.01903812917145002, 0.015184478911912684, -0.15863759442256525, 0.18033421160905178, -0.12943585732503168, 0.034537839007539095, 0.04160015347664736, -0.052686170146051786, -0.005042807764939512, 0.007848389080244912, 0.03961508847415145, -0.021039173371559593, -0.07307910122811637, 0.142104724001503, -0.024641320234453187, -0.08072416002535251, 0.005027735142151178, 0.011738355121868192, 0.014102671102475213, 0.0035262534829728982, -0.008017640340206815, 0.001488395876058831], [1.2980543177515504, 39.857979537262196, 90.0794589858799, -207.1417756161489, 133.35127443379972, -90.104871739162, 49.328679403654654, -19.12159286356798, 3.8612497865240556, -0.013082554027266432, 0.00410575724160349, 0.029072221453277862, 0.0, -0.04121171548996476, 0.04676878034112029, -0.018150713378756393, 0.0, 0.11460135088882821, -0.45121964634100875, 0.3643760373423894, -0.14243360071288858, 0.006868623865521091, 0.0, 0.010189134163871955, 0.3432643815121704, -0.31274649578470604, -0.14590836704454627, 0.25466631625208636, -0.10252344560489779, -0.0004574945701570914, -0.2271046695123547, 0.9670157556286935, -0.7540456573947775, 0.24721803111372073, 0.0, -0.6290261598979155, 0.7709432044038357, -0.14641496372187623, -0.05896790899001467, -0.15586315581966073, -0.0985426425250555, 0.12214657565122691, 0.11076955385102824, -0.11917607449040758, 0.024946973014917072, -0.006592008800958532, 0.047917778825351365, -0.05739338192155425, 0.0480624408124216, -0.030832868010837837, 0.014870640396580245, -0.007329856027819143, 0.001982066306797814, -0.11011795416138691, 0.23544815451915638, -0.17719271351851867, 0.10411796952323443, -0.03645113080853872, 0.016403220874812302, -0.003612882568423284, -0.09580064675613705, 0.09897389953551972, -0.04554108612424886, 0.0, -0.006696298212945341, 0.0011182861938275476, 0.0003360852159611712, -0.027530950822888898, 0.032392784121470126, 0.006870601374939135, -0.0024356634711268886, 0.023686331709687224, -0.0335203819519373, -0.015578578885857914, 0.0057080277533644586, 0.005984674573649447, 0.022055239171905636, -0.006891288152011329, -0.01204598661908285, 0.005728780212570424, -0.0003330484335178265, 0.08114265814637053, -0.22824901494384386, 0.16311334983249282, -0.10753476315816969, 0.02261637043176374, 0.0, -0.003343657403323352, 0.12801621354994805, -0.10395346393160748, 0.13506284810177968, 0.006595903792126211, -0.02647102486038508, 0.016812528170303688, 0.0, -0.11028006421366185, 0.0, 0.0, -0.009450084324869018, 0.076911961650324, -0.028296729456846956, 0.03148302920017187, 0.0, -0.010622339042666235, -0.01601898253217328, -0.0013613353433573447, 0.011237638802384866, -0.0006988384384677305, -0.0016037841120114733, 0.043763158163368385, -0.19281317954055716, 0.0, -0.035036429529515495, 0.030753339551516167, -0.013341543507900623, 0.20275267650370885, 0.08291198779948922, 0.0009119055500006358, 0.0, 0.006508585370222048, -0.15354974935139465, 0.08379237610015684, -0.052323809315238425, 0.007156307843153445, 0.020854351665111688, 0.0018834201415141797, 0.004061035464123042, -0.0056768071447137755, -0.003745226852044949, 0.0033031105102321796, -0.05876908496500421, -0.07918042617757448, 0.014252641905652301, -0.024403008612373444, 0.008160562807299784, 0.13930128811038164, 0.0, 0.042723608788376416, -0.017102471081318155, -0.07468156972406878, 0.02625701695362596, 0.0, 0.0032015006453339477, 0.0, -0.0026515705703710492, -0.009695523753007623, -0.1176526835911305, 0.027547638559338502, 0.0, 0.17114003860450336, -0.09945439751087394, 0.0080881508327754, 0.008557766543392837, 0.0012430561042816094, 0.0012387345131431155, -0.05420399723508041, 0.04203478124171286, 0.0, -0.0012771474146521043, -0.009578380247040427, 0.0012910330596028466, -0.003550845348119075, 0.005952895690774214, -0.0020825205962320425, 0.0002510779047264337], [-0.888722997658204, -5.9235862987589805, 62.80259557290287, 42.45732557522563, -138.19659606372693, 57.877958186168335, -26.28392805595, 8.76090668212992, -1.4946683448327818, 0.00316340926146702, -0.004732207315612051, 0.0023118437140429446, 0.0, 0.0, 0.007266584324978837, -0.003981442701353543, 0.0, -0.00510999358959032, 0.012197493573653401, -0.0028172610254226676, -0.0174154313559565, -0.010054955064130351, 0.009930723017554821, -0.0010735458854535273, 0.0, -0.022754198474751373, 0.05742304122746808, 0.0, -0.009677070539616351, 0.0, 0.03175137336995363, -0.11776285274219811, 0.03587618848929642, 0.00266716568253408, 0.0, 0.09345682140405413, -0.0960803615541795, 0.0162886797206876, 0.0, 0.0270089166834755, 0.0, -0.004839054146371657, -0.00885485072522152, 0.005921565591043248, 0.0, -0.001850869420853712, 0.012723494451131086, -0.008855101822141588, -0.0005886998221906505, 0.0004916688823761541, -0.0010277501773475874, 0.003090797567732766, -0.0010051156412862893, -0.034596187478323506, 0.053310457275534656, -0.011103188337491033, 0.03289705949270745, -0.02815314503609378, -0.005348035823425463, 0.0034061876512428853, 0.005636549217790752, -0.0976135186261262, 0.03737547766490337, 0.0, 0.023175557235044927, -0.005390258003414089, 0.12307499223854367, -0.20987758921618999, 0.1186026072869437, -0.06414728132266703, 0.006207615269563718, 0.13326520354846885, -0.18610693976266401, 0.07506569449192484, 0.0, 0.062129155618624504, -0.02620141933208608, -0.013960632092466427, -0.010808660341008972, 0.019248812258369812, -0.004301156655952745, 0.041437676641210466, -0.1359518968888998, 0.11100900126833883, -0.17702895368507446, 0.14446838424564123, -0.0319378293780401, 0.0029520540902487798, 0.1112091088947813, -0.10969248366381373, 0.39735532055300277, -0.38569338136123305, 0.07058374711745474, -0.008406157977394491, -0.07326641208549635, -0.03891747758936001, 0.10285353607337523, 0.04496149787341162, 0.0, -0.0902271833537245, 0.21810264976320962, -0.1562212853972966, 0.007338401205932821, -0.1291351674929855, 0.10612409198618852, 0.012621658629611473, 0.004675605630247476, -0.031461427736797394, 0.0076642408097377665, 0.0, -0.09255080608531872, -0.2199834492625225, 0.27252383744469283, -0.03391524251670739, 0.002504367141628271, 0.23456282238823806, 0.0727378885921993, -0.25472958696626125, -0.04770839119569704, 0.0, 0.047533341162291715, -0.18185387844213033, 0.20276530184197736, -0.01762236353371387, 0.15919201161327848, -0.16231103346044345, 0.0, 0.0022612069012445256, 0.030592363355080976, -0.006993368209565166, -0.09658556127413773, -0.03013636549535651, 0.15226880427528114, -0.02001776628215604, 0.021735699040382413, 0.04019841230099931, -0.039445875804674284, -0.008279459268246267, -0.04222933703933244, -0.03841933671602565, -0.031031315506955513, 0.050045054142674045, 0.06781822433835238, -0.06456302802761321, 0.010263027424409918, 0.022568385157089012, -0.10988440541797687, 0.0194385938440029, 0.016378652331196026, 0.1347069239923182, 0.0, -0.03239799807161061, -0.067514005180268, 0.054952155030135286, -0.007540467979589784, -0.04659429484490869, 0.0013583122731109785, 0.007647046364085984, 0.04698056015718091, -0.028937539899475152, 0.0020049718739395595, -0.01503616594422234, 0.009526169232722422, 0.0, -0.0004655343504991255], [-0.024200141241096956, 2.4313247506907363, -15.641788896957173, 83.17745766347366, 12.795037767154021, -105.69960139996017, 30.657683650841097, -9.438883427477698, 1.7366752576571987, 0.0039353137238310664, -0.017949835923680137, 0.007186086529343012, 0.0, 0.002050710872224196, -0.006136075864495871, 0.0, 0.00027508197854905124, 0.0, 0.08540195997657335, -0.09922576704041969, 0.05230931666054577, -0.007008234250438521, 0.009952810546553045, 0.0, -0.11992074132967638, 0.1854641158481369, -0.04719526103552402, -0.018486447763768673, -0.01495169311957262, -0.00025754392456384264, 0.0, -0.16666490324093539, 0.1317266781943014, 0.0, 0.0, 0.13209074151637454, -0.13602228245059989, -0.016491905130680135, 0.0041838408686258825, 0.012082197802034067, 0.04310400103768244, -0.004938417439265011, -0.015972226268873856, 0.0, 0.0014437427809433497, 0.0005446894161928856, -0.00229174568794882, -0.0004667551520158659, 0.0028110708119125495, -0.002005693113629786, 0.0, 0.0007883528870760506, 0.0002986569802411931, 0.0, 0.021951307339747376, -0.030674893990522117, 0.014602600332985221, -0.0019984092154786024, -0.0011109781586187643, -0.004011027987805358, -0.03041013162624923, 0.06379850811532363, -0.02166347496595029, 0.0, 0.004114607406687128, 0.005847303234455377, -0.02923590336123847, 0.01140705141730178, 0.006315335954739541, -0.010906365452531114, -0.004636664551830293, 0.004163997748685078, 0.0, 0.0016801445056675234, 0.00805966341322219, -0.013083593387474592, 0.02269520694504788, -0.014883878124171222, -0.011260892635841535, 0.011879407154255091, -0.00248175029978538, 0.005216595319935231, -0.051243107707898916, 0.05408013895723954, -0.012251521124193442, -0.0013120732282802432, -0.0028038896267172267, 0.009103999384236455, 0.10782924059679279, -0.19593753590775312, 0.01566273352017706, 0.02225648740708679, 0.0, -0.02417087204388243, 0.08863687562720587, -0.0056880457853993975, -0.00856529382010765, 0.0001408196814704597, 0.022244155330406738, -0.01810940639333963, -0.044033872340876454, 0.04435270019086158, -0.03416909477134866, 0.07981750442495145, -0.1281827420754004, 0.0565617050192727, 0.05231401342387845, -0.04206714468102691, 0.0076365992251903395, -0.06256856284419797, 0.15789797231290265, 0.018751794963551397, -0.04507547930533828, 0.02066657652707351, 0.006660131480520048, -0.15785564665507662, 0.0, 0.04190194088996008, -0.05652209857718587, 0.00949710000665076, 0.03710624586817529, 0.03515266640976379, 0.001436751471149257, 0.0, -0.10487983099541642, 0.13947317053631328, -0.04592454041049875, -0.05640000127924872, 0.03899757924798381, -0.006682962542420436, 0.08390854167117166, -0.12451437468264909, 0.05587950550796605, 0.04239359934522568, -0.030955878227615904, 0.1033109923685873, -0.15390324153490023, -0.08468001289417855, 0.07786028162841918, 0.09852831574822767, -0.019537982096443526, -0.027642848572901127, 0.0, 0.0096217158064215, -0.0016248742268782225, -0.031427606952120664, 0.03389233478625418, 0.10128806178275954, -0.06727085466364878, 0.011064274511335093, -0.17711510620214932, 0.10195136518794723, 0.07356853605575207, -0.05808539222353549, 0.008516528787668535, -0.025122816998485415, 0.1049137991466342, -0.046600316597051855, -0.0780917320881301, 0.05231558532508608, -0.00656512826682752, 0.015784029218929723, -0.012788600017315731, 0.0023406057059579834, 0.0], [-0.5196176194820264, -1.7607257990109497, 9.493830404268037, -30.72554932017613, 105.63980519283817, -12.355392956092944, -84.0754047650932, 16.528581413942593, -2.7946530162532706, -0.03323008821512676, 0.22828799482960002, -0.31943724176222926, 0.19303984808908764, 0.01649548084747998, -0.095812563486368, 0.03795733820571948, 0.0, -0.3453726403113779, 0.7403598172740189, 0.0, -0.8289436834405949, 0.9243472495117458, -0.41221373379788645, 0.06377348246350839, 0.0, -2.17176270065596, 3.8659854610650575, -3.429398781482558, 1.5664066668246477, -0.30349812338015036, 2.9975309968440307, -8.233685069733566, 6.738801084049725, -3.0916702216994576, 0.6394428659705408, 5.147895663311743, -8.107891454206946, 3.706556355879509, -0.7814056270655291, 3.1301381148435206, -2.839006028504248, 0.5956909304418151, 0.6335436345208624, -0.25728261514239137, 0.024295824210452666, 0.0010773332008303315, -0.006247721226751782, 0.006318737870847235, -0.002825905772874937, -0.0014841545568648952, 0.00625658949219857, -0.007456548396072564, 0.003384771646499226, 0.010514381668679944, -0.01564346751403116, -0.0017533866318362654, 0.011462842244705375, -0.028778602210384776, 0.03565857894565523, -0.01676182844969857, 0.0, 0.02381263017589438, -0.01996331121806376, 0.02993574259899991, -0.03748021178158418, 0.01830205507084459, -0.02488999935978511, 0.03386737235178624, -0.012720027485136768, 0.0005813551178946121, 0.0, -0.009425526240375336, -0.02004569038264556, 0.04810565843128875, -0.023644482578781392, 0.026498430178622728, -0.06732859064921805, 0.029566237922393816, 0.029638519622483685, -0.022343871693130752, 0.0037954381446571976, -0.005081500251341957, 0.006267843620960008, 0.010962130678888031, 0.0, 0.015132955291577476, -0.03420102196032945, 0.018278223723029324, 0.009223771517328094, -0.05789790529761047, -0.026557268624101276, 0.0051443583723052065, 0.064315894020098, -0.03950940185876024, 0.058777261743185136, -0.029778744183083537, -0.010923246750645432, 0.002546519960189623, 0.0, 0.017330142556710202, 0.006578876225993923, -0.07355065983092493, 0.04631997765475218, -0.007950205496486952, 0.07753796230205448, -0.047087241208073706, -0.04067944496240075, 0.035699502409075504, -0.0064037544472581535, -0.00671090654267287, 0.03201990781250073, 0.06591178333634895, -0.04047877119443622, -0.0407850947885836, 0.028930737750403522, -0.05508380456625477, -0.06753603934324832, 0.056972179217634214, 0.03706966468515654, -0.024812488964255076, 0.011533804400862633, 0.040439162317005534, 0.0, -0.018767579617194077, -0.07472878607903898, 0.060534071731729096, 0.0, -0.012880031024282885, 0.0011433473846591902, 0.0, 0.024250941385707058, 0.021483928424096736, -0.0321867504914707, 0.0059776533184024575, 0.0, -0.017767581633170042, 0.0, -0.059093670778851755, 0.03737143002649301, 0.05618045588455705, -0.031031827397282764, -0.0019154042603006793, 0.009795334954256074, -0.006352128242950161, 0.0018410594895812633, 0.0, -0.001326623872187787, 0.0675850521843762, -0.035498265252893076, -0.015031227956570085, -0.07056612519712793, 0.036359161967143325, 0.028990321482000578, -0.01715691707253572, 0.0017805127859405916, 0.004127898223473152, 0.02505481265823753, -0.010429949183456903, -0.020497711520806768, 0.008992033884108849, -0.00031613022600129, 0.0030086772316403896, 0.0, -0.0011557868880021991, 0.00028026451297436086], [0.0, -1.7921487498764894, 4.16101508878225, 0.0, -22.363494868008004, 103.7831181126246, -18.488309033627058, -73.96277985767215, 8.680670231135664, -0.005418869360721879, 0.0042613947700612725, 0.02801049920488789, -0.05260833680303915, 0.0380085369045367, -0.0077791251600905454, -0.0017405547890945751, 0.001807767233596644, 0.03406707478461906, -0.18570535893135473, 0.22229997493106105, -0.1201059630796926, 0.0, 0.01806707787817468, -0.005024808998257266, 0.16737565851727426, -0.26928852344894405, 0.011942329876347, 0.15394324604958073, -0.07567148039899546, 0.0, 0.0, 0.36703487336457924, -0.41533610774580365, 0.11496324382715048, 0.03504263213488022, -0.3307168428470587, 0.49864327583910995, -0.04010597502572093, -0.0973707949246316, -0.11661022112217663, -0.14225845400895323, 0.15109354432817088, 0.1342936117828732, -0.1465365921987289, 0.031435601970965905, 2.5448109143480946e-05, 0.0, -0.001385112529714045, -0.0014107134530715274, 0.0055291299853828975, -0.003530910013310926, -0.0014672837060755789, 0.0010875664523786145, 0.002440548559092207, 0.004290631741572715, 0.0017203926803498505, -0.018711711694245202, 0.009242492284011515, 0.014407937199243406, -0.007061470709906645, -0.014945093211862878, 0.026196706915859267, 0.004083730752588178, 0.0, -0.031044174142202268, 0.012976069159678107, -0.004498974486247448, -0.032999996217385655, 0.02474672175779993, 0.025219384662560487, -0.013479464290792395, 0.03873781304328273, -0.06316175964642767, -0.0028517335672374714, 0.009271077359807062, 0.030928391635719907, -0.01197856180667189, -0.004442387618047505, 0.002221324409509758, 0.0010937321724547083, 0.00033945689450093656, -0.010579628395331294, 0.032088238660459976, -0.029554529868624373, 0.03681567791522057, -0.017935326398239682, -0.016395222547236618, 0.007027910697603574, -0.017868501639024835, 0.0, -0.01953576347229517, 0.0007877637408721599, 0.07233963962980151, -0.02316613025917569, 0.015914839184976805, 0.0, 0.0021216637177225934, -0.08047634607330632, 0.027503064287787343, -0.018686582093802143, 0.039332580394189944, 0.0515879138850713, -0.027329106503493412, -0.0326527871263127, -0.005415866383007676, 0.019691358243148504, 0.0, -0.006047765064058644, -0.0010002208704827922, -0.004488133961799121, 0.04649250083599345, -0.03020992069792228, 0.01303439097482857, -0.048322990881126966, 0.008252015218833857, -0.05730348697162268, 0.05646675907387228, 0.010080450476155434, 0.06620011907905554, -0.0007594929393203894, 0.0, -0.06433094795420231, -0.024102627639500045, 0.0, 0.06597294546717182, -0.044471537757415816, 0.0, 0.02291751378147491, -0.009924798986803552, 0.005746517845602441, 0.004310134580914925, 0.020227230635887525, -0.05189893475540711, 0.0029260304800012775, -0.019207995254937067, -0.02341488493921367, 0.07985906340368898, -0.00394685769841052, 0.03177180473157137, -0.054632887655172935, 0.046938949026937495, -0.01789500667483762, -0.031021722537663166, 0.02532882799916152, -0.010989731747242016, -0.015547845118590158, 0.056951321421611065, -0.04831369634289793, -0.0039057895836959863, -0.07088044328778535, 0.08944423496610641, -0.009103263420269016, -0.006798553023099684, -0.01242050939869885, 0.010392287829984057, 0.03232449130375971, -0.055080192904980514, 0.010796333164462088, 0.01866813714408328, 0.0, -0.00571471335834603, -0.0009300915205073774, -0.0016669838334431397, 0.0023686097452959554, -0.0003437632241398703], [-1.4039719732388174, -3.436346110360601, 17.37837038286266, -45.91258315295777, 85.8644785389511, -129.9210131254081, 205.56470128868352, -89.94541001058761, -39.66799223490518, -0.006545618354200316, 0.002550111012917274, 0.05112024024544832, -0.03583553798968208, -0.026214630780555404, 0.02760710358609058, 0.0, 0.00021603348998064492, 0.07575316745663986, -0.4302234532158798, 0.33043819207483954, 0.0, -0.07673682952997207, 0.0, 0.0, 0.46919931623692357, -0.6056891814279245, -0.1100894553000197, 0.21412339504093444, 0.0, -0.016922201763758533, -0.06680639433840646, 1.0122255084369916, -0.8039000076707813, 0.18700714574809593, 0.00035420976112949886, -0.8430147473988462, 1.1335873516270751, -0.2833763231464191, 0.0, -0.3259606980467739, 0.08904562885102414, 0.04759817164879788, 0.041608680874565436, -0.0723988745737906, 0.021382458975434192, -0.0023402520927669618, 0.013634688288032614, -0.017000516313466652, 0.02128636531478566, -0.019819912946756668, 0.00873341173373218, 0.000351784139828084, -0.0017569786620366548, -0.019604063188178266, 0.03340438232381918, -0.04884999753576844, 0.04696015640057776, -0.0035532627246990856, -0.02581585158308298, 0.018513464350019763, 0.0, 0.007474000096814938, 0.0, -0.046796439647971096, 0.0629959985953675, -0.03454346124538423, 0.0, -0.023285731972764127, 0.05871035884900567, -0.05689695386181276, 0.028266591229480723, 0.024486476439485535, -0.05620506204081898, 0.03238814019997769, -0.010065146694903349, 0.023884816087537248, -0.02316187801022861, 0.002841352445221579, 0.005798119142672343, -0.00020882755382703339, -0.0006073450733120936, 0.0015636925843571829, 0.024237916111456457, 0.000797671788474606, -0.013098669496521375, -0.02551655407294654, 0.05172202402205145, -0.034275219932671595, -0.07862267450902219, 0.07849090978943955, -0.04093357368370203, 0.12066989102868586, -0.16983155653970655, 0.1104929757912152, 0.004774997568419602, -0.014434903400315925, -0.04514274508468343, 0.0914520711150512, -0.0775195079821183, 0.0, 0.0, 0.0, 0.013798891907348704, 0.003369206955417078, -0.005949209819540654, 0.006232532389387363, 0.0, -0.007569910370632585, 0.003308220448663501, 0.04982730628457768, -0.07032818819156053, 0.04680430838255102, -0.0854616160855636, 0.1206598567727171, -0.08676269000162581, -0.017576522014342923, 0.0, 0.03539141136205065, -0.10901914123557656, 0.12393363956618618, 0.046243933083681237, -0.02688008917942906, 0.0, -0.030564705067190237, 0.0026693879509870413, -0.004263573137583397, 0.0, 0.007417573941552433, 0.007339605133583121, -0.005534462691132, 0.0306039474810831, -0.0013599616667927803, 0.030043132832422728, -0.009259090464058269, -0.039378156565236994, -0.13251346881851134, 0.06573026471129603, 0.05513721812145487, 0.006452281529932206, 0.0, -0.029387214819803692, 0.01285880860302322, 0.0036131448309685904, -0.01696405222908779, 0.008544930817939063, 0.1063055346254765, -0.14985133139752446, 0.0, 0.008677102633208344, 0.08108293436460651, -0.023085480795435466, -0.01534795736398432, 0.005668212062769412, 0.017009341292156612, -0.009000121441697196, -0.022038034439910117, 0.033834614478561516, -0.0008293322360738107, -0.029018835288059756, 0.002261410339725448, 0.004252737375688028, 0.008931538802742911, -0.0029329739027767836, -0.0016290398770125523, 0.0004618032752143946], [9.378393108514093, 18.50650195764926, -91.66742694528264, 231.4081436667681, -402.33989348798286, 529.3657909228405, -552.6000971243691, 508.1203642020188, -240.13320546184966, 0.04192337155407469, -0.2220464008132388, 0.26701579464441677, -0.2704344155811583, 0.228221858259936, -0.09612296089373928, -0.016683155328044035, 0.033280659164094756, 0.14888681284046304, 0.0, 0.0, -0.23087725405408008, 0.17434310107211026, 0.004184420562669037, -0.06857465958276401, -0.4518505768202353, 0.9124747298437513, -0.20050253969133877, 0.0, -0.051376308162378016, 0.10464572695255984, -0.40012180492543337, -0.10477090223746287, 0.22246383696901023, -0.14024032868699474, -0.04887187116316523, 0.41389269612934326, -0.5665610844843223, 0.33680366655908717, 0.0, 0.10389958968226165, -0.13245991826006906, -0.06749118225608261, 0.017308135592688977, 0.12209563444337365, -0.06243116885650565, 0.0, 0.004724617936419531, -0.0031575527570712938, 0.006932489493274788, -0.011981785493655842, 0.008932061985724772, 0.0019301092853124646, -0.003348717593987656, -0.024776931487349343, 0.03523241121308114, -0.05044855007223748, 0.0757976023087103, -0.0577333201361451, -0.001844843605093255, 0.012148708548992566, 0.03487294217742012, -0.10602818487695242, 0.0619021056986292, -0.026441458777949314, 0.04859212216370084, -0.027486775051912576, 0.09755825697609215, -0.16223555426322112, 0.07785751521843007, -0.05273618157119312, 0.021143071051367937, 0.0749250745901523, -0.047041672951101066, 0.0, 0.00603155090583022, -0.022481165112678708, 0.06696783803550345, -0.028695026314597676, -0.03310475566846466, 0.02222631267915673, -0.002305164092200401, 0.036759996836476135, -0.10784461280358879, 0.139567005123122, -0.16660623709442726, 0.11989440105273887, -0.02250092148565157, -0.001209402657403811, 0.025722077859043766, -0.051732995912202276, 0.14346761426883703, -0.12235344705083381, -0.0305160894496723, 0.014458628008857685, -0.02463570165876695, 0.042526798892538735, 0.003198796358989093, 0.04894386547481084, 0.00794160445322201, -0.08307506791063975, 0.06669640644924092, -0.0013015163147831704, -0.04955977298685378, 0.03456168192617235, -0.12399935468255477, 0.08135968881600052, 0.06259742187103805, -0.04813243899015679, 0.0026471017628809388, 0.04878271517124615, -0.11914846167471055, 0.015333178974571133, 0.013991933835502799, 0.06162996775160508, -0.010406903097621985, 0.06625196241618578, -0.029734045835129796, -0.026930823714835694, -0.11015189074682427, -0.016243603121150748, 0.10045786006238605, -0.1239780639988479, 0.10835207852749104, 0.04214032809318452, -0.007730420156144742, 0.046370457776615505, -0.06677038883769462, -0.021112097345207127, 0.007447811974610149, 0.013212577512193164, 0.04244765758328862, -0.13573682054559735, 0.11779143216799061, 0.02103012043251724, 0.029290853620619853, -0.0009583139238958956, 0.0, -0.11690795203512247, -0.04659770657730165, 0.05472043503667014, -0.03413626946348413, 0.05622002170165537, -0.007793132184822517, 0.029035940552516994, -0.026848484889385377, 0.07804954511121169, -0.16750138446675134, 0.13368735119122488, 0.0004855848017327327, 0.04386973454396346, -0.0456746812940589, -0.03148542308167171, 0.020464321707985827, -0.03453432623072412, 0.02679689474545172, 0.03812243143090312, -0.10043293965313349, 0.044681709238546335, 0.07875904615788679, -0.03573789558659566, -0.008563514096051352, -0.023004516968655048, 0.015448900273346404, 0.0011082188556326474, -0.0007089744371127303]]",(x0)' = -9.757 1 +  240.440 x0 + -510.674 x1 +  559.105 x2 + -539.364 x3 +  413.324 x4 + -240.047 x5 +  96.124 x6 + -19.629 x7 +  0.060 x0^2 + -0.120 x0 x1 + -0.033 x0 x2 +  0.128 x0 x3 + -0.167 x0 x5 +  0.165 x0 x6 + -0.059 x0 x7 +  0.029 x1^2 +  0.110 x1 x2 + -0.223 x1 x3 + -0.171 x1 x4 +  0.626 x1 x5 + -0.583 x1 x6 +  0.190 x1 x7 +  0.006 x2 x3 +  0.572 x2 x4 + -1.226 x2 x5 +  1.052 x2 x6 + -0.295 x2 x7 + -0.561 x3 x4 +  1.326 x3 x5 + -1.111 x3 x6 +  0.233 x3 x7 +  0.397 x4^2 + -1.335 x4 x5 +  0.974 x4 x6 + -0.121 x4 x7 +  0.743 x5^2 + -0.863 x5 x6 +  0.075 x5 x7 +  0.193 x6^2 + -0.012 x7^2 +  0.003 x0^3 + -0.019 x0^2 x1 +  0.029 x0^2 x2 + -0.032 x0^2 x3 +  0.016 x0^2 x4 +  0.007 x0^2 x5 + -0.017 x0^2 x6 +  0.005 x0^2 x7 +  0.032 x0 x1^2 + -0.077 x0 x1 x2 +  0.098 x0 x1 x3 + -0.040 x0 x1 x4 + -0.060 x0 x1 x5 +  0.107 x0 x1 x6 + -0.032 x0 x1 x7 +  0.024 x0 x2^2 + -0.057 x0 x2 x3 + -0.008 x0 x2 x4 +  0.100 x0 x2 x5 + -0.150 x0 x2 x6 +  0.040 x0 x2 x7 +  0.018 x0 x3^2 +  0.063 x0 x3 x4 + -0.121 x0 x3 x5 +  0.143 x0 x3 x6 + -0.028 x0 x3 x7 + -0.091 x0 x4^2 +  0.172 x0 x4 x5 + -0.119 x0 x4 x6 +  0.010 x0 x4 x7 + -0.053 x0 x5^2 +  0.040 x0 x5 x6 +  0.013 x0 x5 x7 +  0.002 x0 x6^2 + -0.015 x0 x6 x7 +  0.004 x0 x7^2 + -0.011 x1^3 +  0.018 x1^2 x2 + -0.085 x1^2 x3 +  0.078 x1^2 x4 +  0.021 x1^2 x5 + -0.114 x1^2 x6 +  0.036 x1^2 x7 +  0.065 x1 x2^2 +  0.062 x1 x2 x3 + -0.156 x1 x2 x4 +  0.030 x1 x2 x5 +  0.245 x1 x2 x6 + -0.065 x1 x2 x7 + -0.118 x1 x3^2 +  0.215 x1 x3 x4 + -0.123 x1 x3 x5 + -0.163 x1 x3 x6 +  0.020 x1 x3 x7 +  0.017 x1 x4^2 + -0.058 x1 x4 x5 +  0.148 x1 x4 x6 +  0.007 x1 x4 x7 + -0.003 x1 x5^2 + -0.001 x1 x5 x6 + -0.048 x1 x5 x7 + -0.017 x1 x6^2 +  0.033 x1 x6 x7 + -0.006 x1 x7^2 + -0.105 x2^3 +  0.182 x2^2 x3 + -0.079 x2^2 x5 + -0.115 x2^2 x6 +  0.019 x2^2 x7 + -0.057 x2 x3^2 + -0.070 x2 x3 x4 +  0.310 x2 x3 x5 +  0.119 x2 x3 x6 +  0.014 x2 x3 x7 + -0.129 x2 x4^2 +  0.049 x2 x4 x5 + -0.199 x2 x4 x6 +  0.045 x2 x5^2 +  0.040 x2 x5 x7 + -0.006 x2 x6 x7 + -0.004 x2 x7^2 + -0.031 x3^3 +  0.099 x3^2 x4 + -0.282 x3^2 x5 +  0.016 x3^2 x6 + -0.027 x3^2 x7 +  0.139 x3 x4^2 +  0.106 x3 x4 x5 +  0.110 x3 x4 x6 + -0.166 x3 x5^2 +  0.116 x3 x5 x6 + -0.038 x3 x5 x7 + -0.015 x3 x6^2 + -0.019 x3 x6 x7 +  0.015 x3 x7^2 + -0.159 x4^3 +  0.180 x4^2 x5 + -0.129 x4^2 x6 +  0.035 x4^2 x7 +  0.042 x4 x5^2 + -0.053 x4 x5 x6 + -0.005 x4 x5 x7 +  0.008 x4 x6^2 +  0.040 x4 x6 x7 + -0.021 x4 x7^2 + -0.073 x5^3 +  0.142 x5^2 x6 + -0.025 x5^2 x7 + -0.081 x5 x6^2 +  0.005 x5 x6 x7 +  0.012 x5 x7^2 +  0.014 x6^3 +  0.004 x6^2 x7 + -0.008 x6 x7^2 +  0.001 x7^3 | (x1)' =  1.298 1 +  39.858 x0 +  90.079 x1 + -207.142 x2 +  133.351 x3 + -90.105 x4 +  49.329 x5 + -19.122 x6 +  3.861 x7 + -0.013 x0^2 +  0.004 x0 x1 +  0.029 x0 x2 + -0.041 x0 x4 +  0.047 x0 x5 + -0.018 x0 x6 +  0.115 x1^2 + -0.451 x1 x2 +  0.364 x1 x3 + -0.142 x1 x4 +  0.007 x1 x5 +  0.010 x1 x7 +  0.343 x2^2 + -0.313 x2 x3 + -0.146 x2 x4 +  0.255 x2 x5 + -0.103 x2 x6 + -0.227 x3^2 +  0.967 x3 x4 + -0.754 x3 x5 +  0.247 x3 x6 + -0.629 x4^2 +  0.771 x4 x5 + -0.146 x4 x6 + -0.059 x4 x7 + -0.156 x5^2 + -0.099 x5 x6 +  0.122 x5 x7 +  0.111 x6^2 + -0.119 x6 x7 +  0.025 x7^2 + -0.007 x0^3 +  0.048 x0^2 x1 + -0.057 x0^2 x2 +  0.048 x0^2 x3 + -0.031 x0^2 x4 +  0.015 x0^2 x5 + -0.007 x0^2 x6 +  0.002 x0^2 x7 + -0.110 x0 x1^2 +  0.235 x0 x1 x2 + -0.177 x0 x1 x3 +  0.104 x0 x1 x4 + -0.036 x0 x1 x5 +  0.016 x0 x1 x6 + -0.004 x0 x1 x7 + -0.096 x0 x2^2 +  0.099 x0 x2 x3 + -0.046 x0 x2 x4 + -0.007 x0 x2 x6 +  0.001 x0 x2 x7 + -0.028 x0 x3 x4 +  0.032 x0 x3 x5 +  0.007 x0 x3 x6 + -0.002 x0 x3 x7 +  0.024 x0 x4^2 + -0.034 x0 x4 x5 + -0.016 x0 x4 x6 +  0.006 x0 x4 x7 +  0.006 x0 x5^2 +  0.022 x0 x5 x6 + -0.007 x0 x5 x7 + -0.012 x0 x6^2 +  0.006 x0 x6 x7 +  0.081 x1^3 + -0.228 x1^2 x2 +  0.163 x1^2 x3 + -0.108 x1^2 x4 +  0.023 x1^2 x5 + -0.003 x1^2 x7 +  0.128 x1 x2^2 + -0.104 x1 x2 x3 +  0.135 x1 x2 x4 +  0.007 x1 x2 x5 + -0.026 x1 x2 x6 +  0.017 x1 x2 x7 + -0.110 x1 x3 x4 + -0.009 x1 x3 x7 +  0.077 x1 x4^2 + -0.028 x1 x4 x5 +  0.031 x1 x4 x6 + -0.011 x1 x5^2 + -0.016 x1 x5 x6 + -0.001 x1 x5 x7 +  0.011 x1 x6^2 + -0.001 x1 x6 x7 + -0.002 x1 x7^2 +  0.044 x2^3 + -0.193 x2^2 x3 + -0.035 x2^2 x5 +  0.031 x2^2 x6 + -0.013 x2^2 x7 +  0.203 x2 x3^2 +  0.083 x2 x3 x4 +  0.001 x2 x3 x5 +  0.007 x2 x3 x7 + -0.154 x2 x4^2 +  0.084 x2 x4 x5 + -0.052 x2 x4 x6 +  0.007 x2 x4 x7 +  0.021 x2 x5^2 +  0.002 x2 x5 x6 +  0.004 x2 x5 x7 + -0.006 x2 x6^2 + -0.004 x2 x6 x7 +  0.003 x2 x7^2 + -0.059 x3^3 + -0.079 x3^2 x4 +  0.014 x3^2 x5 + -0.024 x3^2 x6 +  0.008 x3^2 x7 +  0.139 x3 x4^2 +  0.043 x3 x4 x6 + -0.017 x3 x4 x7 + -0.075 x3 x5^2 +  0.026 x3 x5 x6 +  0.003 x3 x6^2 + -0.003 x3 x7^2 + -0.010 x4^3 + -0.118 x4^2 x5 +  0.028 x4^2 x6 +  0.171 x4 x5^2 + -0.099 x4 x5 x6 +  0.008 x4 x5 x7 +  0.009 x4 x6^2 +  0.001 x4 x6 x7 +  0.001 x4 x7^2 + -0.054 x5^3 +  0.042 x5^2 x6 + -0.001 x5 x6^2 + -0.010 x5 x6 x7 +  0.001 x5 x7^2 + -0.004 x6^3 +  0.006 x6^2 x7 + -0.002 x6 x7^2 | (x2)' = -0.889 1 + -5.924 x0 +  62.803 x1 +  42.457 x2 + -138.197 x3 +  57.878 x4 + -26.284 x5 +  8.761 x6 + -1.495 x7 +  0.003 x0^2 + -0.005 x0 x1 +  0.002 x0 x2 +  0.007 x0 x5 + -0.004 x0 x6 + -0.005 x1^2 +  0.012 x1 x2 + -0.003 x1 x3 + -0.017 x1 x4 + -0.010 x1 x5 +  0.010 x1 x6 + -0.001 x1 x7 + -0.023 x2 x3 +  0.057 x2 x4 + -0.010 x2 x6 +  0.032 x3^2 + -0.118 x3 x4 +  0.036 x3 x5 +  0.003 x3 x6 +  0.093 x4^2 + -0.096 x4 x5 +  0.016 x4 x6 +  0.027 x5^2 + -0.005 x5 x7 + -0.009 x6^2 +  0.006 x6 x7 + -0.002 x0^3 +  0.013 x0^2 x1 + -0.009 x0^2 x2 + -0.001 x0^2 x3 + -0.001 x0^2 x5 +  0.003 x0^2 x6 + -0.001 x0^2 x7 + -0.035 x0 x1^2 +  0.053 x0 x1 x2 + -0.011 x0 x1 x3 +  0.033 x0 x1 x4 + -0.028 x0 x1 x5 + -0.005 x0 x1 x6 +  0.003 x0 x1 x7 +  0.006 x0 x2^2 + -0.098 x0 x2 x3 +  0.037 x0 x2 x4 +  0.023 x0 x2 x6 + -0.005 x0 x2 x7 +  0.123 x0 x3^2 + -0.210 x0 x3 x4 +  0.119 x0 x3 x5 + -0.064 x0 x3 x6 +  0.006 x0 x3 x7 +  0.133 x0 x4^2 + -0.186 x0 x4 x5 +  0.075 x0 x4 x6 +  0.062 x0 x5^2 + -0.026 x0 x5 x6 + -0.014 x0 x5 x7 + -0.011 x0 x6^2 +  0.019 x0 x6 x7 + -0.004 x0 x7^2 +  0.041 x1^3 + -0.136 x1^2 x2 +  0.111 x1^2 x3 + -0.177 x1^2 x4 +  0.144 x1^2 x5 + -0.032 x1^2 x6 +  0.003 x1^2 x7 +  0.111 x1 x2^2 + -0.110 x1 x2 x3 +  0.397 x1 x2 x4 + -0.386 x1 x2 x5 +  0.071 x1 x2 x6 + -0.008 x1 x2 x7 + -0.073 x1 x3^2 + -0.039 x1 x3 x4 +  0.103 x1 x3 x5 +  0.045 x1 x3 x6 + -0.090 x1 x4^2 +  0.218 x1 x4 x5 + -0.156 x1 x4 x6 +  0.007 x1 x4 x7 + -0.129 x1 x5^2 +  0.106 x1 x5 x6 +  0.013 x1 x5 x7 +  0.005 x1 x6^2 + -0.031 x1 x6 x7 +  0.008 x1 x7^2 + -0.093 x2^2 x3 + -0.220 x2^2 x4 +  0.273 x2^2 x5 + -0.034 x2^2 x6 +  0.003 x2^2 x7 +  0.235 x2 x3^2 +  0.073 x2 x3 x4 + -0.255 x2 x3 x5 + -0.048 x2 x3 x6 +  0.048 x2 x4^2 + -0.182 x2 x4 x5 +  0.203 x2 x4 x6 + -0.018 x2 x4 x7 +  0.159 x2 x5^2 + -0.162 x2 x5 x6 +  0.002 x2 x6^2 +  0.031 x2 x6 x7 + -0.007 x2 x7^2 + -0.097 x3^3 + -0.030 x3^2 x4 +  0.152 x3^2 x5 + -0.020 x3^2 x6 +  0.022 x3^2 x7 +  0.040 x3 x4^2 + -0.039 x3 x4 x5 + -0.008 x3 x4 x6 + -0.042 x3 x4 x7 + -0.038 x3 x5^2 + -0.031 x3 x5 x6 +  0.050 x3 x5 x7 +  0.068 x3 x6^2 + -0.065 x3 x6 x7 +  0.010 x3 x7^2 +  0.023 x4^3 + -0.110 x4^2 x5 +  0.019 x4^2 x6 +  0.016 x4^2 x7 +  0.135 x4 x5^2 + -0.032 x4 x5 x7 + -0.068 x4 x6^2 +  0.055 x4 x6 x7 + -0.008 x4 x7^2 + -0.047 x5^3 +  0.001 x5^2 x6 +  0.008 x5^2 x7 +  0.047 x5 x6^2 + -0.029 x5 x6 x7 +  0.002 x5 x7^2 + -0.015 x6^3 +  0.010 x6^2 x7 | (x3)' = -0.024 1 +  2.431 x0 + -15.642 x1 +  83.177 x2 +  12.795 x3 + -105.700 x4 +  30.658 x5 + -9.439 x6 +  1.737 x7 +  0.004 x0^2 + -0.018 x0 x1 +  0.007 x0 x2 +  0.002 x0 x4 + -0.006 x0 x5 +  0.085 x1 x2 + -0.099 x1 x3 +  0.052 x1 x4 + -0.007 x1 x5 +  0.010 x1 x6 + -0.120 x2^2 +  0.185 x2 x3 + -0.047 x2 x4 + -0.018 x2 x5 + -0.015 x2 x6 + -0.167 x3 x4 +  0.132 x3 x5 +  0.132 x4^2 + -0.136 x4 x5 + -0.016 x4 x6 +  0.004 x4 x7 +  0.012 x5^2 +  0.043 x5 x6 + -0.005 x5 x7 + -0.016 x6^2 +  0.001 x7^2 +  0.001 x0^3 + -0.002 x0^2 x1 +  0.003 x0^2 x3 + -0.002 x0^2 x4 +  0.001 x0^2 x6 +  0.022 x0 x1 x2 + -0.031 x0 x1 x3 +  0.015 x0 x1 x4 + -0.002 x0 x1 x5 + -0.001 x0 x1 x6 + -0.004 x0 x1 x7 + -0.030 x0 x2^2 +  0.064 x0 x2 x3 + -0.022 x0 x2 x4 +  0.004 x0 x2 x6 +  0.006 x0 x2 x7 + -0.029 x0 x3^2 +  0.011 x0 x3 x4 +  0.006 x0 x3 x5 + -0.011 x0 x3 x6 + -0.005 x0 x3 x7 +  0.004 x0 x4^2 +  0.002 x0 x4 x6 +  0.008 x0 x4 x7 + -0.013 x0 x5^2 +  0.023 x0 x5 x6 + -0.015 x0 x5 x7 + -0.011 x0 x6^2 +  0.012 x0 x6 x7 + -0.002 x0 x7^2 +  0.005 x1^3 + -0.051 x1^2 x2 +  0.054 x1^2 x3 + -0.012 x1^2 x4 + -0.001 x1^2 x5 + -0.003 x1^2 x6 +  0.009 x1^2 x7 +  0.108 x1 x2^2 + -0.196 x1 x2 x3 +  0.016 x1 x2 x4 +  0.022 x1 x2 x5 + -0.024 x1 x2 x7 +  0.089 x1 x3^2 + -0.006 x1 x3 x4 + -0.009 x1 x3 x5 +  0.022 x1 x3 x7 + -0.018 x1 x4^2 + -0.044 x1 x4 x5 +  0.044 x1 x4 x6 + -0.034 x1 x4 x7 +  0.080 x1 x5^2 + -0.128 x1 x5 x6 +  0.057 x1 x5 x7 +  0.052 x1 x6^2 + -0.042 x1 x6 x7 +  0.008 x1 x7^2 + -0.063 x2^3 +  0.158 x2^2 x3 +  0.019 x2^2 x4 + -0.045 x2^2 x5 +  0.021 x2^2 x6 +  0.007 x2^2 x7 + -0.158 x2 x3^2 +  0.042 x2 x3 x5 + -0.057 x2 x3 x6 +  0.009 x2 x3 x7 +  0.037 x2 x4^2 +  0.035 x2 x4 x5 +  0.001 x2 x4 x6 + -0.105 x2 x5^2 +  0.139 x2 x5 x6 + -0.046 x2 x5 x7 + -0.056 x2 x6^2 +  0.039 x2 x6 x7 + -0.007 x2 x7^2 +  0.084 x3^3 + -0.125 x3^2 x4 +  0.056 x3^2 x5 +  0.042 x3^2 x6 + -0.031 x3^2 x7 +  0.103 x3 x4^2 + -0.154 x3 x4 x5 + -0.085 x3 x4 x6 +  0.078 x3 x4 x7 +  0.099 x3 x5^2 + -0.020 x3 x5 x6 + -0.028 x3 x5 x7 +  0.010 x3 x6 x7 + -0.002 x3 x7^2 + -0.031 x4^3 +  0.034 x4^2 x5 +  0.101 x4^2 x6 + -0.067 x4^2 x7 +  0.011 x4 x5^2 + -0.177 x4 x5 x6 +  0.102 x4 x5 x7 +  0.074 x4 x6^2 + -0.058 x4 x6 x7 +  0.009 x4 x7^2 + -0.025 x5^3 +  0.105 x5^2 x6 + -0.047 x5^2 x7 + -0.078 x5 x6^2 +  0.052 x5 x6 x7 + -0.007 x5 x7^2 +  0.016 x6^3 + -0.013 x6^2 x7 +  0.002 x6 x7^2 | (x4)' = -0.520 1 + -1.761 x0 +  9.494 x1 + -30.726 x2 +  105.640 x3 + -12.355 x4 + -84.075 x5 +  16.529 x6 + -2.795 x7 + -0.033 x0^2 +  0.228 x0 x1 + -0.319 x0 x2 +  0.193 x0 x3 +  0.016 x0 x4 + -0.096 x0 x5 +  0.038 x0 x6 + -0.345 x1^2 +  0.740 x1 x2 + -0.829 x1 x4 +  0.924 x1 x5 + -0.412 x1 x6 +  0.064 x1 x7 + -2.172 x2 x3 +  3.866 x2 x4 + -3.429 x2 x5 +  1.566 x2 x6 + -0.303 x2 x7 +  2.998 x3^2 + -8.234 x3 x4 +  6.739 x3 x5 + -3.092 x3 x6 +  0.639 x3 x7 +  5.148 x4^2 + -8.108 x4 x5 +  3.707 x4 x6 + -0.781 x4 x7 +  3.130 x5^2 + -2.839 x5 x6 +  0.596 x5 x7 +  0.634 x6^2 + -0.257 x6 x7 +  0.024 x7^2 +  0.001 x0^3 + -0.006 x0^2 x1 +  0.006 x0^2 x2 + -0.003 x0^2 x3 + -0.001 x0^2 x4 +  0.006 x0^2 x5 + -0.007 x0^2 x6 +  0.003 x0^2 x7 +  0.011 x0 x1^2 + -0.016 x0 x1 x2 + -0.002 x0 x1 x3 +  0.011 x0 x1 x4 + -0.029 x0 x1 x5 +  0.036 x0 x1 x6 + -0.017 x0 x1 x7 +  0.024 x0 x2 x3 + -0.020 x0 x2 x4 +  0.030 x0 x2 x5 + -0.037 x0 x2 x6 +  0.018 x0 x2 x7 + -0.025 x0 x3^2 +  0.034 x0 x3 x4 + -0.013 x0 x3 x5 +  0.001 x0 x3 x6 + -0.009 x0 x4^2 + -0.020 x0 x4 x5 +  0.048 x0 x4 x6 + -0.024 x0 x4 x7 +  0.026 x0 x5^2 + -0.067 x0 x5 x6 +  0.030 x0 x5 x7 +  0.030 x0 x6^2 + -0.022 x0 x6 x7 +  0.004 x0 x7^2 + -0.005 x1^3 +  0.006 x1^2 x2 +  0.011 x1^2 x3 +  0.015 x1^2 x5 + -0.034 x1^2 x6 +  0.018 x1^2 x7 +  0.009 x1 x2^2 + -0.058 x1 x2 x3 + -0.027 x1 x2 x4 +  0.005 x1 x2 x5 +  0.064 x1 x2 x6 + -0.040 x1 x2 x7 +  0.059 x1 x3^2 + -0.030 x1 x3 x4 + -0.011 x1 x3 x5 +  0.003 x1 x3 x6 +  0.017 x1 x4^2 +  0.007 x1 x4 x5 + -0.074 x1 x4 x6 +  0.046 x1 x4 x7 + -0.008 x1 x5^2 +  0.078 x1 x5 x6 + -0.047 x1 x5 x7 + -0.041 x1 x6^2 +  0.036 x1 x6 x7 + -0.006 x1 x7^2 + -0.007 x2^3 +  0.032 x2^2 x3 +  0.066 x2^2 x4 + -0.040 x2^2 x5 + -0.041 x2^2 x6 +  0.029 x2^2 x7 + -0.055 x2 x3^2 + -0.068 x2 x3 x4 +  0.057 x2 x3 x5 +  0.037 x2 x3 x6 + -0.025 x2 x3 x7 +  0.012 x2 x4^2 +  0.040 x2 x4 x5 + -0.019 x2 x4 x7 + -0.075 x2 x5^2 +  0.061 x2 x5 x6 + -0.013 x2 x6^2 +  0.001 x2 x6 x7 +  0.024 x3^3 +  0.021 x3^2 x4 + -0.032 x3^2 x5 +  0.006 x3^2 x6 + -0.018 x3 x4^2 + -0.059 x3 x4 x6 +  0.037 x3 x4 x7 +  0.056 x3 x5^2 + -0.031 x3 x5 x6 + -0.002 x3 x5 x7 +  0.010 x3 x6^2 + -0.006 x3 x6 x7 +  0.002 x3 x7^2 + -0.001 x4^2 x5 +  0.068 x4^2 x6 + -0.035 x4^2 x7 + -0.015 x4 x5^2 + -0.071 x4 x5 x6 +  0.036 x4 x5 x7 +  0.029 x4 x6^2 + -0.017 x4 x6 x7 +  0.002 x4 x7^2 +  0.004 x5^3 +  0.025 x5^2 x6 + -0.010 x5^2 x7 + -0.020 x5 x6^2 +  0.009 x5 x6 x7 +  0.003 x6^3 + -0.001 x6 x7^2 | (x5)' = -1.792 x0 +  4.161 x1 + -22.363 x3 +  103.783 x4 + -18.488 x5 + -73.963 x6 +  8.681 x7 + -0.005 x0^2 +  0.004 x0 x1 +  0.028 x0 x2 + -0.053 x0 x3 +  0.038 x0 x4 + -0.008 x0 x5 + -0.002 x0 x6 +  0.002 x0 x7 +  0.034 x1^2 + -0.186 x1 x2 +  0.222 x1 x3 + -0.120 x1 x4 +  0.018 x1 x6 + -0.005 x1 x7 +  0.167 x2^2 + -0.269 x2 x3 +  0.012 x2 x4 +  0.154 x2 x5 + -0.076 x2 x6 +  0.367 x3 x4 + -0.415 x3 x5 +  0.115 x3 x6 +  0.035 x3 x7 + -0.331 x4^2 +  0.499 x4 x5 + -0.040 x4 x6 + -0.097 x4 x7 + -0.117 x5^2 + -0.142 x5 x6 +  0.151 x5 x7 +  0.134 x6^2 + -0.147 x6 x7 +  0.031 x7^2 + -0.001 x0^2 x2 + -0.001 x0^2 x3 +  0.006 x0^2 x4 + -0.004 x0^2 x5 + -0.001 x0^2 x6 +  0.001 x0^2 x7 +  0.002 x0 x1^2 +  0.004 x0 x1 x2 +  0.002 x0 x1 x3 + -0.019 x0 x1 x4 +  0.009 x0 x1 x5 +  0.014 x0 x1 x6 + -0.007 x0 x1 x7 + -0.015 x0 x2^2 +  0.026 x0 x2 x3 +  0.004 x0 x2 x4 + -0.031 x0 x2 x6 +  0.013 x0 x2 x7 + -0.004 x0 x3^2 + -0.033 x0 x3 x4 +  0.025 x0 x3 x5 +  0.025 x0 x3 x6 + -0.013 x0 x3 x7 +  0.039 x0 x4^2 + -0.063 x0 x4 x5 + -0.003 x0 x4 x6 +  0.009 x0 x4 x7 +  0.031 x0 x5^2 + -0.012 x0 x5 x6 + -0.004 x0 x5 x7 +  0.002 x0 x6^2 +  0.001 x0 x6 x7 + -0.011 x1^3 +  0.032 x1^2 x2 + -0.030 x1^2 x3 +  0.037 x1^2 x4 + -0.018 x1^2 x5 + -0.016 x1^2 x6 +  0.007 x1^2 x7 + -0.018 x1 x2^2 + -0.020 x1 x2 x4 +  0.001 x1 x2 x5 +  0.072 x1 x2 x6 + -0.023 x1 x2 x7 +  0.016 x1 x3^2 +  0.002 x1 x3 x5 + -0.080 x1 x3 x6 +  0.028 x1 x3 x7 + -0.019 x1 x4^2 +  0.039 x1 x4 x5 +  0.052 x1 x4 x6 + -0.027 x1 x4 x7 + -0.033 x1 x5^2 + -0.005 x1 x5 x6 +  0.020 x1 x5 x7 + -0.006 x1 x6 x7 + -0.001 x1 x7^2 + -0.004 x2^3 +  0.046 x2^2 x3 + -0.030 x2^2 x4 +  0.013 x2^2 x5 + -0.048 x2^2 x6 +  0.008 x2^2 x7 + -0.057 x2 x3^2 +  0.056 x2 x3 x4 +  0.010 x2 x3 x5 +  0.066 x2 x3 x6 + -0.001 x2 x3 x7 + -0.064 x2 x4 x5 + -0.024 x2 x4 x6 +  0.066 x2 x5^2 + -0.044 x2 x5 x6 +  0.023 x2 x6^2 + -0.010 x2 x6 x7 +  0.006 x2 x7^2 +  0.004 x3^3 +  0.020 x3^2 x4 + -0.052 x3^2 x5 +  0.003 x3^2 x6 + -0.019 x3^2 x7 + -0.023 x3 x4^2 +  0.080 x3 x4 x5 + -0.004 x3 x4 x6 +  0.032 x3 x4 x7 + -0.055 x3 x5^2 +  0.047 x3 x5 x6 + -0.018 x3 x5 x7 + -0.031 x3 x6^2 +  0.025 x3 x6 x7 + -0.011 x3 x7^2 + -0.016 x4^3 +  0.057 x4^2 x5 + -0.048 x4^2 x6 + -0.004 x4^2 x7 + -0.071 x4 x5^2 +  0.089 x4 x5 x6 + -0.009 x4 x5 x7 + -0.007 x4 x6^2 + -0.012 x4 x6 x7 +  0.010 x4 x7^2 +  0.032 x5^3 + -0.055 x5^2 x6 +  0.011 x5^2 x7 +  0.019 x5 x6^2 + -0.006 x5 x7^2 + -0.001 x6^3 + -0.002 x6^2 x7 +  0.002 x6 x7^2 | (x6)' = -1.404 1 + -3.436 x0 +  17.378 x1 + -45.913 x2 +  85.864 x3 + -129.921 x4 +  205.565 x5 + -89.945 x6 + -39.668 x7 + -0.007 x0^2 +  0.003 x0 x1 +  0.051 x0 x2 + -0.036 x0 x3 + -0.026 x0 x4 +  0.028 x0 x5 +  0.076 x1^2 + -0.430 x1 x2 +  0.330 x1 x3 + -0.077 x1 x5 +  0.469 x2^2 + -0.606 x2 x3 + -0.110 x2 x4 +  0.214 x2 x5 + -0.017 x2 x7 + -0.067 x3^2 +  1.012 x3 x4 + -0.804 x3 x5 +  0.187 x3 x6 + -0.843 x4^2 +  1.134 x4 x5 + -0.283 x4 x6 + -0.326 x5^2 +  0.089 x5 x6 +  0.048 x5 x7 +  0.042 x6^2 + -0.072 x6 x7 +  0.021 x7^2 + -0.002 x0^3 +  0.014 x0^2 x1 + -0.017 x0^2 x2 +  0.021 x0^2 x3 + -0.020 x0^2 x4 +  0.009 x0^2 x5 + -0.002 x0^2 x7 + -0.020 x0 x1^2 +  0.033 x0 x1 x2 + -0.049 x0 x1 x3 +  0.047 x0 x1 x4 + -0.004 x0 x1 x5 + -0.026 x0 x1 x6 +  0.019 x0 x1 x7 +  0.007 x0 x2 x3 + -0.047 x0 x2 x5 +  0.063 x0 x2 x6 + -0.035 x0 x2 x7 + -0.023 x0 x3 x4 +  0.059 x0 x3 x5 + -0.057 x0 x3 x6 +  0.028 x0 x3 x7 +  0.024 x0 x4^2 + -0.056 x0 x4 x5 +  0.032 x0 x4 x6 + -0.010 x0 x4 x7 +  0.024 x0 x5^2 + -0.023 x0 x5 x6 +  0.003 x0 x5 x7 +  0.006 x0 x6^2 + -0.001 x0 x7^2 +  0.002 x1^3 +  0.024 x1^2 x2 +  0.001 x1^2 x3 + -0.013 x1^2 x4 + -0.026 x1^2 x5 +  0.052 x1^2 x6 + -0.034 x1^2 x7 + -0.079 x1 x2^2 +  0.078 x1 x2 x3 + -0.041 x1 x2 x4 +  0.121 x1 x2 x5 + -0.170 x1 x2 x6 +  0.110 x1 x2 x7 +  0.005 x1 x3^2 + -0.014 x1 x3 x4 + -0.045 x1 x3 x5 +  0.091 x1 x3 x6 + -0.078 x1 x3 x7 +  0.014 x1 x4 x7 +  0.003 x1 x5^2 + -0.006 x1 x5 x6 +  0.006 x1 x5 x7 + -0.008 x1 x6 x7 +  0.003 x1 x7^2 +  0.050 x2^3 + -0.070 x2^2 x3 +  0.047 x2^2 x4 + -0.085 x2^2 x5 +  0.121 x2^2 x6 + -0.087 x2^2 x7 + -0.018 x2 x3^2 +  0.035 x2 x3 x5 + -0.109 x2 x3 x6 +  0.124 x2 x3 x7 +  0.046 x2 x4^2 + -0.027 x2 x4 x5 + -0.031 x2 x4 x7 +  0.003 x2 x5^2 + -0.004 x2 x5 x6 +  0.007 x2 x6^2 +  0.007 x2 x6 x7 + -0.006 x2 x7^2 +  0.031 x3^3 + -0.001 x3^2 x4 +  0.030 x3^2 x5 + -0.009 x3^2 x6 + -0.039 x3^2 x7 + -0.133 x3 x4^2 +  0.066 x3 x4 x5 +  0.055 x3 x4 x6 +  0.006 x3 x4 x7 + -0.029 x3 x5 x6 +  0.013 x3 x5 x7 +  0.004 x3 x6^2 + -0.017 x3 x6 x7 +  0.009 x3 x7^2 +  0.106 x4^3 + -0.150 x4^2 x5 +  0.009 x4^2 x7 +  0.081 x4 x5^2 + -0.023 x4 x5 x6 + -0.015 x4 x5 x7 +  0.006 x4 x6^2 +  0.017 x4 x6 x7 + -0.009 x4 x7^2 + -0.022 x5^3 +  0.034 x5^2 x6 + -0.001 x5^2 x7 + -0.029 x5 x6^2 +  0.002 x5 x6 x7 +  0.004 x5 x7^2 +  0.009 x6^3 + -0.003 x6^2 x7 + -0.002 x6 x7^2 | (x7)' =  9.378 1 +  18.507 x0 + -91.667 x1 +  231.408 x2 + -402.340 x3 +  529.366 x4 + -552.600 x5 +  508.120 x6 + -240.133 x7 +  0.042 x0^2 + -0.222 x0 x1 +  0.267 x0 x2 + -0.270 x0 x3 +  0.228 x0 x4 + -0.096 x0 x5 + -0.017 x0 x6 +  0.033 x0 x7 +  0.149 x1^2 + -0.231 x1 x4 +  0.174 x1 x5 +  0.004 x1 x6 + -0.069 x1 x7 + -0.452 x2^2 +  0.912 x2 x3 + -0.201 x2 x4 + -0.051 x2 x6 +  0.105 x2 x7 + -0.400 x3^2 + -0.105 x3 x4 +  0.222 x3 x5 + -0.140 x3 x6 + -0.049 x3 x7 +  0.414 x4^2 + -0.567 x4 x5 +  0.337 x4 x6 +  0.104 x5^2 + -0.132 x5 x6 + -0.067 x5 x7 +  0.017 x6^2 +  0.122 x6 x7 + -0.062 x7^2 +  0.005 x0^2 x1 + -0.003 x0^2 x2 +  0.007 x0^2 x3 + -0.012 x0^2 x4 +  0.009 x0^2 x5 +  0.002 x0^2 x6 + -0.003 x0^2 x7 + -0.025 x0 x1^2 +  0.035 x0 x1 x2 + -0.050 x0 x1 x3 +  0.076 x0 x1 x4 + -0.058 x0 x1 x5 + -0.002 x0 x1 x6 +  0.012 x0 x1 x7 +  0.035 x0 x2^2 + -0.106 x0 x2 x3 +  0.062 x0 x2 x4 + -0.026 x0 x2 x5 +  0.049 x0 x2 x6 + -0.027 x0 x2 x7 +  0.098 x0 x3^2 + -0.162 x0 x3 x4 +  0.078 x0 x3 x5 + -0.053 x0 x3 x6 +  0.021 x0 x3 x7 +  0.075 x0 x4^2 + -0.047 x0 x4 x5 +  0.006 x0 x4 x7 + -0.022 x0 x5^2 +  0.067 x0 x5 x6 + -0.029 x0 x5 x7 + -0.033 x0 x6^2 +  0.022 x0 x6 x7 + -0.002 x0 x7^2 +  0.037 x1^3 + -0.108 x1^2 x2 +  0.140 x1^2 x3 + -0.167 x1^2 x4 +  0.120 x1^2 x5 + -0.023 x1^2 x6 + -0.001 x1^2 x7 +  0.026 x1 x2^2 + -0.052 x1 x2 x3 +  0.143 x1 x2 x4 + -0.122 x1 x2 x5 + -0.031 x1 x2 x6 +  0.014 x1 x2 x7 + -0.025 x1 x3^2 +  0.043 x1 x3 x4 +  0.003 x1 x3 x5 +  0.049 x1 x3 x6 +  0.008 x1 x3 x7 + -0.083 x1 x4^2 +  0.067 x1 x4 x5 + -0.001 x1 x4 x6 + -0.050 x1 x4 x7 +  0.035 x1 x5^2 + -0.124 x1 x5 x6 +  0.081 x1 x5 x7 +  0.063 x1 x6^2 + -0.048 x1 x6 x7 +  0.003 x1 x7^2 +  0.049 x2^3 + -0.119 x2^2 x3 +  0.015 x2^2 x4 +  0.014 x2^2 x5 +  0.062 x2^2 x6 + -0.010 x2^2 x7 +  0.066 x2 x3^2 + -0.030 x2 x3 x4 + -0.027 x2 x3 x5 + -0.110 x2 x3 x6 + -0.016 x2 x3 x7 +  0.100 x2 x4^2 + -0.124 x2 x4 x5 +  0.108 x2 x4 x6 +  0.042 x2 x4 x7 + -0.008 x2 x5^2 +  0.046 x2 x5 x6 + -0.067 x2 x5 x7 + -0.021 x2 x6^2 +  0.007 x2 x6 x7 +  0.013 x2 x7^2 +  0.042 x3^3 + -0.136 x3^2 x4 +  0.118 x3^2 x5 +  0.021 x3^2 x6 +  0.029 x3^2 x7 + -0.001 x3 x4^2 + -0.117 x3 x4 x6 + -0.047 x3 x4 x7 +  0.055 x3 x5^2 + -0.034 x3 x5 x6 +  0.056 x3 x5 x7 + -0.008 x3 x6^2 +  0.029 x3 x6 x7 + -0.027 x3 x7^2 +  0.078 x4^3 + -0.168 x4^2 x5 +  0.134 x4^2 x6 +  0.044 x4 x5^2 + -0.046 x4 x5 x6 + -0.031 x4 x5 x7 +  0.020 x4 x6^2 + -0.035 x4 x6 x7 +  0.027 x4 x7^2 +  0.038 x5^3 + -0.100 x5^2 x6 +  0.045 x5^2 x7 +  0.079 x5 x6^2 + -0.036 x5 x6 x7 + -0.009 x5 x7^2 + -0.023 x6^3 +  0.015 x6^2 x7 +  0.001 x6 x7^2 + -0.001 x7^3
34,35.0,1000.0,36.85636440989091,3,8,5,20.0,140.0,0,0.0,finite_difference,success,,1204,1320,91.21212121212122,25.810302063822746,"[""1"", ""x0"", ""x1"", ""x2"", ""x3"", ""x4"", ""x5"", ""x6"", ""x7"", ""x0^2"", ""x0 x1"", ""x0 x2"", ""x0 x3"", ""x0 x4"", ""x0 x5"", ""x0 x6"", ""x0 x7"", ""x1^2"", ""x1 x2"", ""x1 x3"", ""x1 x4"", ""x1 x5"", ""x1 x6"", ""x1 x7"", ""x2^2"", ""x2 x3"", ""x2 x4"", ""x2 x5"", ""x2 x6"", ""x2 x7"", ""x3^2"", ""x3 x4"", ""x3 x5"", ""x3 x6"", ""x3 x7"", ""x4^2"", ""x4 x5"", ""x4 x6"", ""x4 x7"", ""x5^2"", ""x5 x6"", ""x5 x7"", ""x6^2"", ""x6 x7"", ""x7^2"", ""x0^3"", ""x0^2 x1"", ""x0^2 x2"", ""x0^2 x3"", ""x0^2 x4"", ""x0^2 x5"", ""x0^2 x6"", ""x0^2 x7"", ""x0 x1^2"", ""x0 x1 x2"", ""x0 x1 x3"", ""x0 x1 x4"", ""x0 x1 x5"", ""x0 x1 x6"", ""x0 x1 x7"", ""x0 x2^2"", ""x0 x2 x3"", ""x0 x2 x4"", ""x0 x2 x5"", ""x0 x2 x6"", ""x0 x2 x7"", ""x0 x3^2"", ""x0 x3 x4"", ""x0 x3 x5"", ""x0 x3 x6"", ""x0 x3 x7"", ""x0 x4^2"", ""x0 x4 x5"", ""x0 x4 x6"", ""x0 x4 x7"", ""x0 x5^2"", ""x0 x5 x6"", ""x0 x5 x7"", ""x0 x6^2"", ""x0 x6 x7"", ""x0 x7^2"", ""x1^3"", ""x1^2 x2"", ""x1^2 x3"", ""x1^2 x4"", ""x1^2 x5"", ""x1^2 x6"", ""x1^2 x7"", ""x1 x2^2"", ""x1 x2 x3"", ""x1 x2 x4"", ""x1 x2 x5"", ""x1 x2 x6"", ""x1 x2 x7"", ""x1 x3^2"", ""x1 x3 x4"", ""x1 x3 x5"", ""x1 x3 x6"", ""x1 x3 x7"", ""x1 x4^2"", ""x1 x4 x5"", ""x1 x4 x6"", ""x1 x4 x7"", ""x1 x5^2"", ""x1 x5 x6"", ""x1 x5 x7"", ""x1 x6^2"", ""x1 x6 x7"", ""x1 x7^2"", ""x2^3"", ""x2^2 x3"", ""x2^2 x4"", ""x2^2 x5"", ""x2^2 x6"", ""x2^2 x7"", ""x2 x3^2"", ""x2 x3 x4"", ""x2 x3 x5"", ""x2 x3 x6"", ""x2 x3 x7"", ""x2 x4^2"", ""x2 x4 x5"", ""x2 x4 x6"", ""x2 x4 x7"", ""x2 x5^2"", ""x2 x5 x6"", ""x2 x5 x7"", ""x2 x6^2"", ""x2 x6 x7"", ""x2 x7^2"", ""x3^3"", ""x3^2 x4"", ""x3^2 x5"", ""x3^2 x6"", ""x3^2 x7"", ""x3 x4^2"", ""x3 x4 x5"", ""x3 x4 x6"", ""x3 x4 x7"", ""x3 x5^2"", ""x3 x5 x6"", ""x3 x5 x7"", ""x3 x6^2"", ""x3 x6 x7"", ""x3 x7^2"", ""x4^3"", ""x4^2 x5"", ""x4^2 x6"", ""x4^2 x7"", ""x4 x5^2"", ""x4 x5 x6"", ""x4 x5 x7"", ""x4 x6^2"", ""x4 x6 x7"", ""x4 x7^2"", ""x5^3"", ""x5^2 x6"", ""x5^2 x7"", ""x5 x6^2"", ""x5 x6 x7"", ""x5 x7^2"", ""x6^3"", ""x6^2 x7"", ""x6 x7^2"", ""x7^3""]","[[-32.99216371600867, 18.318335192043733, -46.956369207615985, 15.176800940358183, 2.1413531740430742, 6.135189627850906, -2.740971229633962, 1.6735909723096356, 0.18287333103583803, 0.0048837077820973705, 0.13451146014472085, -0.049944552886980374, -0.0371167673605195, -0.03170964660579141, 0.0018668383971277734, 0.022391474456594607, 0.0, -0.02543871589641747, -0.09359622931151468, 0.014996492785372455, 0.010257875968695016, 0.024829336451729894, -0.018253401593858565, -0.0220087503926377, 0.058912214088988585, 0.008775633800437093, 0.021911327488346424, -0.03713314611939058, -0.009110371881689115, 0.018064923719225367, -0.016864711311319416, 0.011339747299518445, 0.017260759225782574, -0.008001479126990675, 0.013251506373467671, -0.002788784291979171, -0.008265248209208629, -0.005703847673619185, -0.0020358820302161323, -0.0017349320545567, -0.0220751825189613, 0.01830258513904535, 0.024975182064987788, -0.016321298810432604, -0.004114071884758092, -0.0002953136784465555, 0.0011662642711838408, 0.0002541101912400977, -0.0003396674652613804, -0.00025182995491022133, -0.0001211265099392813, -0.0004888487399496109, -7.40824827411419e-05, -0.0012936915572628804, 0.0017454428849770793, -0.0006793890781197415, 0.0006408637449412633, -0.0005138073041658562, 0.0, 0.00023573297629718123, -0.0008841495949994951, 0.001786410294285617, -0.002147845948216624, 0.0005521009631425271, 0.00012049463841735059, -0.0004654577326077279, 2.3704560707903317e-05, 0.001274334605357578, -0.0010774450577817768, 0.00024134099101952907, -0.000364785432153058, 0.0004917611679439185, 0.00114392010398795, -0.00020079865203257553, -0.0004856247311026724, -4.487400837481804e-05, 0.0008577978633760336, -0.00011528357693357955, 0.00015131507502373582, -0.0005306936563498778, 0.0008669015304922974, 0.00025071589823705677, -8.64918667575548e-05, -2.1892636380740107e-05, 4.010847455471054e-05, 0.0, 0.00028674546980194624, 0.00038743509257838186, -0.0001438818748644117, -0.0008635924862066527, 0.0007616057346178003, -9.479855834881735e-05, -0.0006427020348497164, -0.00015535268905776626, 0.00023753137478650264, 0.0, 0.000778006425834375, 0.000547888242996503, 0.0, -0.0007529410206801745, -9.450390266931252e-05, -0.00014525180969877802, 0.00018654557795434414, -0.0004932967747638616, 8.836897397502073e-05, 5.518613764653331e-05, -0.00045484759924741306, 0.0003193781935773915, -0.0006512592344487429, -0.00015472377460975948, 0.00019768125626476137, 0.0, 0.0001348212306311909, 0.0003634551945794023, -0.00019878970081095717, -0.00022449470667363088, -0.00019566635103418782, 0.0002065369492523937, -7.635166398906803e-05, 0.0003238703184500652, 0.0004501600503847754, -0.0004541935942147394, 0.00037655422072796106, -0.00043307565609535355, -4.596133476609853e-05, -0.0005011069532670873, 0.0006112815923323187, 0.0006160772712932304, -0.00019111009098012678, 0.00028260009933240974, -0.0001817442345650297, -2.997059762427406e-05, 0.00020300491412838593, -0.00017916456282070494, -0.00011708784362496273, -0.0002383712090340931, 0.0, -0.0002191855626386243, 0.00013054495972991253, 1.14206524850468e-05, -0.0001138682410964127, 0.00022095099650985996, -0.0003912713467742707, 1.365384267754829e-05, -0.0002041904522585243, -4.6135805711780685e-06, 0.0, 7.189348871467077e-05, 0.0002397820819402355, -0.00036594407701385324, -0.00012948170521149923, 0.00043493992820925665, -0.00027131320278347585, -0.00016149555242882284, 1.4319692159556893e-05, 0.00011971872432628009, -0.00024307204713501138, -5.76497910259359e-05, 0.00035225592023069383, 0.0, 7.817657135638152e-05, -3.106669040432351e-06, 0.00023424858185441832, -0.0005688669055288158, 0.00016715671210395654], [-15.179283252456132, 35.62897027549428, 2.1543281208061553, -42.545908047287746, 10.584741397810427, -5.124158896601911, 2.3604155660096815, -1.7493324007555568, 0.4104173098409255, 0.0803530676757713, -0.18058860065688925, -0.007858706710883472, 0.024347032016834986, 0.016411667085097, 0.010025584640802518, -0.012783721750834174, -0.005492972978123684, -0.015165971904934794, 0.21534711695714512, -0.029449181370748548, 0.002872874140684485, -0.036223735864187895, 0.0070433196671364495, 0.022733446648647192, -0.0788159394176685, -0.06055214500921669, 0.009359538041251995, 0.016963148947032276, 0.021622389072445847, -0.017556933524364392, 0.046648117227047835, -0.011166252179228, -0.001596405678738292, -0.004218129422601091, -0.005373969934180844, -0.01009493971537179, 0.0, 0.003067048123293667, 0.0, 0.002630019889163684, 0.015154047192682396, -0.006058485159921845, -0.011928110844070671, -0.005111846723243543, 0.00856011285140503, 4.37446461356479e-05, -0.0002252183735197119, -0.0004885949555161564, 0.00031534479722928867, -7.13405815803136e-05, -1.4624045032334516e-05, 0.0003359581972830201, 0.000243993155773928, 0.0009227319400800614, -0.0008849706179462309, -0.00016372320971568818, -0.0003378313364129241, 0.0003051902055214978, 0.0, -0.00012132757266986938, 0.0010914479679007285, -0.0013825753695846017, 0.0010331771975894374, -0.00016872326233917205, -0.00049672337067196, 0.0, 8.4047150655222e-05, 0.0, 5.300674035209244e-05, 0.0006235960655257993, 0.0, -0.0003629805265638804, -0.00010250926270809016, -0.00026719582850699854, 0.0, -3.4894599586788187e-05, -0.0004395944052243593, 8.49852273354247e-06, -9.367945839944272e-05, 0.0005059908640930994, -0.0003580899595671236, -0.00021087933460797053, -7.18751247997934e-05, 0.00042934366455125045, -0.0002658186897034437, 5.1804104220308864e-05, -0.00016954737482183149, -0.0005698655111950996, -0.0007132372306602499, 0.0014746652552585942, -0.0004349310252006218, 0.000470842428281743, 0.00023497394727539064, 0.0006469435484057306, -0.0007247705037918083, 0.00043215035265778255, -0.0007154194977886656, -0.0004026812728794744, 1.4969804999536733e-05, 0.0003182812255165415, 0.0, 1.586744810945193e-05, 0.0, 0.00020799205384353103, 0.0002087670283128856, 6.088497591465582e-05, 0.00020438372935316379, -0.00013011462690490507, 0.00018062381707981766, 0.00036146139165928106, -0.0005822346770505233, 0.0, -0.00018825425419183778, 0.0, 3.7122291873325084e-05, 0.0005867364443616686, -0.000301707913289409, 0.0, 0.0, -0.0004714315365768233, 0.00011359596891018373, -9.005596099864579e-05, 0.00027866914079724257, 0.00017734910307196235, 5.1087409062177795e-05, 0.0, -0.0001496743786406138, -0.0003062295412406729, -9.830062540780464e-05, -8.053793592657592e-05, -0.00011171915379208256, 0.0, 0.00018444355342809682, 0.0, 0.0001290564248864783, -0.00010524581330303535, 0.0, -0.00018974252997709483, 0.0004466275769275613, 9.531897283785179e-05, 0.00014191626719229264, -0.0003944746710454168, 7.863031340340781e-06, 0.00011539913498272981, 0.00018243270340081367, 0.0001237347850305216, -0.0001587508699640526, 7.8181086763135e-05, -0.0002845295916719437, 0.0, 0.0003537455216121238, -0.0002877325559856669, 5.2333532939499825e-05, 0.00010807349084939284, 4.527821190441585e-06, -4.159982892441258e-06, 0.00017640868957021592, 3.570046258348267e-05, -0.0001984114083186719, -0.00010791278471731297, -0.00010655196558099975, -4.984820476295971e-05, 0.0, 0.0002454628799981857, -4.879553880254898e-05], [3.6977012604787634, -10.331253020222029, 40.2272786579502, 0.8492592700500489, -40.9903430563623, 12.767964270782656, -4.166749379574278, 1.9865727099302775, -0.8579602380781142, -0.058782031866574005, 0.05005933038726895, 0.08945429861115865, -0.041271164458240334, -0.0029058958892875654, 0.0, 0.002767617024266632, 0.0004308597021358462, 0.10053264430639265, -0.2528442780166989, 0.0002010396658647471, 0.017311378858463712, 0.021492641983182015, 0.0, -0.007023596951493193, 0.016850730785193193, 0.1859723947097808, -0.0412119098749, -0.008163970610573876, -0.029801402860681947, 0.005952582501892058, -0.06681068491507099, -0.046400646969702294, 0.015769855548200342, 0.007577651943012992, 0.01421674995639738, 0.04328496166783075, -0.003892958983875015, -0.00010131943243626186, -0.007542720885863775, -0.011716407105957219, -0.000851144554863119, -0.0008405882888970596, 0.00411994304543563, 0.010271196286310348, -0.007421935574282423, 1.6945585815400778e-05, -0.00020743844941738997, 0.0007139079395464336, -0.0004441939357151531, 0.0001523844537761287, 0.0, 0.0, -0.0002805431596767116, -0.00021625427900372535, -0.00033814285223310976, 0.0009104460175467376, 0.00011484149310820427, -2.061807711051488e-05, -0.0004302390314429223, 0.0, -0.0006706690776720985, 0.0008461282714381323, -0.0006648191368458104, -5.9304676318072245e-05, 0.0006066211191322373, 0.0003822935183759211, -0.00028237323568804985, 0.0004200097772618374, -4.4645627614204216e-05, -0.0006143406672822465, 0.0, 5.3811726894072484e-05, 0.0, 0.0, -0.0001426557493043979, -4.120824742212926e-06, 0.0005182894714235574, 9.683358471266778e-05, 6.13419490175744e-05, -0.00043016967902792123, 0.0001107252831593144, 0.00015023051534622186, 5.983831492231699e-05, -0.0008946842376356218, 0.00036926985511168733, -0.0001015870869748134, 8.127877687336367e-05, 0.0006181965196697742, 0.001042181485486629, -0.0008835870924288248, 3.144979006978453e-06, -0.0003863317552910588, 0.0, -0.0007409116154964004, 0.001073760950093841, -0.0014639519866799548, 0.0008687199039781954, 2.5731872082343813e-05, 0.0, 8.611321956226547e-05, -5.7113294970769015e-05, 0.00023090418029319737, 0.00047488602315227957, -0.00015359342673881775, -0.00013993988797717413, -0.0003129969585586081, -0.0001646875654606421, 1.6633210574668622e-06, 7.269384435127187e-05, -0.00036030500462716985, 0.00017544445154304733, 0.00046734457101983115, -0.0002646058379068749, 0.00014631999971674616, -0.00012856213138024146, -0.001066779930010274, 0.0013613030057486617, -0.00014051889939827622, 0.00044666081077192007, 0.00022128346465241012, -0.0008235987582750173, 0.0007741138513954298, -0.0009755904254232325, -0.0001155407807071933, -1.441823295231388e-05, 0.00010070538637878028, 0.0, 0.00019395990411846172, 0.00017478758595759804, 0.0, 0.00044570376364539994, -0.0005128940687846268, -0.00020947936581912, -9.570284890571126e-05, -2.1843881699505132e-06, 0.0005770802614720874, -0.0005488032083413847, 0.0004419165591047056, -0.0004798043857403786, 0.00025156778470621067, -0.00033611179702640727, 0.0004894269759889038, -5.427506872442059e-05, 0.0, -0.00017657844891223796, -0.0002769839329541971, 0.00047843752571307877, -3.215666746579584e-05, 0.000309676469026893, -0.00033622157982755857, -0.0001719090892622453, 2.756355680485002e-05, 3.478920590984808e-05, 0.0, -8.162590268344585e-05, 0.00013061202375631913, -0.0003476535915822202, 3.269953059980736e-05, 0.0002137304280462029, 9.827627785746984e-05, 9.259244421907633e-05, -8.362500071655132e-06, 0.00012665885004979908, -0.00022183837149076155, 0.0], [0.0, 3.3014765254576495, -11.805933325931353, 40.879502734063614, 0.30393421136241616, -41.91488723013064, 12.25603622634128, -3.8053713424023905, 1.1154052236005203, 0.02175785977163848, 0.025353554616490793, -0.07634329228513695, 0.02344502067326774, 0.0, -0.007223868706428881, 0.0, 0.0068498691917010775, -0.08844805500890611, 0.10202421004014685, 0.0750988107981481, -0.038522437997993944, -0.004825344964872259, 0.0, -0.0032787066688177574, 0.08294805724975884, -0.22978573612811276, 0.0, 0.028161173863132896, 0.023323878787028917, 0.0, 0.009044294439866934, 0.18477707124808715, -0.04574712221036861, -0.009543143381375931, -0.022961841940089413, -0.06666582218232164, -0.045397088053279015, 0.015756197082009916, 0.015436633637151916, 0.04054213995490086, -0.003368484319299502, -0.0010123210729384884, -0.01120585590043159, 0.0, 0.0, -2.5724161442832433e-05, 0.0002340160548514734, -0.00041126098788182836, -4.5415859822885835e-05, 7.463965373010834e-05, -0.00013044884931931518, 1.5855650174116758e-05, 0.00017209740542629387, 0.0, 0.00046747441674108105, 0.0, -0.0005561036619672127, 0.0002591570039799706, 0.00023838418901821047, -4.243361926008056e-06, 7.212583940568472e-05, -0.000642352718724145, 0.0006919572103005917, -0.00015276839730457556, -0.00015742354386480634, -0.00037800060785754937, 0.0004746062844577462, -0.0005076806713143764, 7.070182813773776e-05, 0.0003179269491205682, -8.715373002583706e-05, 7.930190954231185e-05, 1.7140674024106706e-05, 0.00018704024216016727, 1.9969906190064493e-05, 0.0, -0.0004366863272503446, 0.00014036054208185726, -0.00011489886061557774, 9.702880252873729e-05, 6.836827040236991e-05, -0.00016084046718338284, -0.00019927255138490744, 0.0008571378008366847, -0.0003266637571115665, 5.817442510308105e-05, 0.0, -0.0002966234355057599, -0.00026638792565250396, -0.00035174235629150877, 0.0006754972963320717, 0.00010660770461077017, 0.00012687200900238658, -5.795197858288344e-05, -0.0008489222107777896, 0.0009839373124002604, -0.0005630334508002137, -0.0004809047997759116, 0.0008357810541692476, -0.00013149333792323092, 5.979222259823782e-05, 0.00022717523978021197, -0.0008531610018006261, 7.173947080861623e-05, 0.0, 0.0, 0.000141995840483139, 0.0003151797535500227, -0.0001303560046382629, 0.00019772557576512665, -8.099087002617602e-06, -0.0007921087755980518, 0.0004950070266141123, -0.00024476876566452134, 0.00026711485528422787, 0.001241970372759418, -0.0008258609712841326, -0.00018298034640767917, 5.7854123234955944e-05, -0.00042764821807708724, 0.0008627304781169967, -0.0009241549528117136, 0.0, 0.0004896588879036904, 0.00010073484115697638, 0.00014568030921072197, 0.0002171363666807769, -0.0002763787167227738, 4.58493493329695e-05, -0.00018754027149832391, -0.0004507570805364877, 0.00014233305633786452, 0.00047061811547079933, -0.0003853891929090794, 0.0001318291533650808, -0.0009427749283002186, 0.0011687114843347017, 0.0001873724693897536, 0.0003075440491648855, -0.0007558594722896156, 0.0007219969366521592, -0.000978669439953297, 1.2852307096824307e-05, 4.564709364825158e-05, 0.0002641699223577802, 0.00042993921350493623, -0.0005403927598273593, -0.0002910927864768479, -4.183213278039217e-05, 0.0005956034402913771, -0.00033478913640999766, 5.971441762293193e-06, 0.00027427621393880125, 0.0, -0.00010475986269622711, -0.0002683524185088781, 0.0005609592156827678, 2.507013043851332e-05, -0.0004497815750096675, 0.0, 9.839317959738013e-05, 0.00012207503974325196, -0.0001945860421058735, 0.0, 6.177700053677467e-05], [0.0, -1.406765433840051, 3.9611618588606707, -12.279792007169453, 41.2397545937389, 0.9039887819976846, -41.454679138735834, 11.923499591974396, -3.065401427636685, -0.006006578792677552, -0.03243724357981003, 0.043012178461283454, -0.011853864796561784, 0.008051228959402409, 0.007338436917403357, 0.0021952573817261016, -0.010187794344039294, 0.042942604451599635, 0.0038615077419687834, -0.07361691300159384, 0.023216681237820298, 0.00039228922670606455, -0.011081006548027142, 0.013189948676372371, -0.08318917368807127, 0.09725542077825616, 0.07148242618490866, -0.050703198877745555, 0.00204569070183674, -0.011664610669532739, 0.08328979176646961, -0.22678947373144898, 0.012485901417453477, 0.021714637435801373, 0.025264612974297263, 0.0, 0.182524205597819, -0.041244281050965725, -0.018506874438944346, -0.062015690050584826, -0.0495077977724514, 0.019331270510551217, 0.04143550457441847, -0.005046804801068895, -0.007311152411411669, 0.0, -0.000195342198833316, 0.0003563382806936684, -5.712099213763934e-05, 0.0, -6.480372085610882e-05, 0.00016082377675798325, -9.638866075852324e-05, 0.00020607111013325332, -0.0009631709863972127, 0.00045766141171437206, 0.00016484033378533208, 0.0001179870622720365, -0.0003062114205889968, -8.238737600867813e-06, 0.00037680436010880666, 3.2357010908544144e-05, -0.00037718543225066233, 2.9674531644531368e-05, 0.0, 0.00031544263375395603, -0.00016450247301615296, 0.0, 6.705961284182921e-05, -0.00013835883163866076, -7.709840997324078e-05, -1.79427074569438e-05, 0.0001140169927342938, -0.00028956186790316565, 0.00026279715999773245, -8.65384912195465e-06, 0.00026077165633850007, -0.00022038913644538673, 0.0, 0.0, 5.409218975801826e-05, 6.484821887116018e-05, 0.0004570898265065566, -0.0007745226872792198, 9.850734831836766e-06, -5.5626967349708446e-05, -4.432360154876538e-05, 0.00010434721472211664, -0.00021257199527141107, 0.0008111124571706581, 0.0, -0.00033132061177637697, 9.565234581529869e-05, 0.000215720065669962, 6.470264739916388e-05, -0.0005403917969989016, 0.0005439064657429259, 0.00018470314050701952, -0.0005117664106999738, 0.0003937051188220316, -0.0005146429161099485, 0.00022632378020838277, 0.00021951830584247708, 0.00011014859896599241, -0.0001364714323925286, 0.00032687341581660916, 0.0, -0.00036665544243222185, -3.496081741147929e-05, -0.00012665658964681244, -0.00030587753577381314, 0.0008290055702364502, -0.00043976892096484344, 0.0001512328781209969, -0.0001525504430119858, -0.00027657054289895, -0.0004519346786021729, 0.0005079967151911, 9.525653386295554e-05, 0.00011550545342977971, -0.0006675467226064406, 0.0011267936635182716, -0.0007016867145845468, 0.0, -0.0003726216474884776, 0.0004377142596268238, -0.00046383153427414207, 5.663712516039451e-05, -6.396094360356809e-05, 0.0002446398677307143, 0.0001998219518998304, 9.307767383446205e-05, -0.0007454156088210367, 0.0004785337296925849, -6.197625462110242e-05, 0.0012457671701478284, -0.001007240861071597, -8.117233457790716e-06, -0.0003622565267419296, 0.0010178347200227975, -0.0013313080189944187, 0.0008904895355278268, 0.00015058992066401913, 2.1799409840327558e-05, -0.0002765402591530971, -0.000477199837723489, 0.0003048770709371929, 0.00027696087302853345, -0.0001675561153284381, -0.0010402085680942326, 0.001169943131330915, 8.813086066480483e-05, -0.0006937858041375002, 0.00042560905004140057, -1.1884869734614139e-05, 0.00046112732036821886, -0.0006202352409159532, -0.0002321008924279577, 0.0006042835241094101, -0.0003381293884785827, 0.0001694993981611547, -0.00025371754672816164, 0.0004925624174323612, -0.00030673886894597277, 2.8137186482877024e-05], [0.0, 1.0768384160936908, -1.8896702267064867, 4.031750015436788, -12.53930811297125, 40.19435216797811, 0.0, -40.518989240911424, 10.175991223251652, 0.0, 0.027387485509016762, -0.02239815200107641, 0.0032068658968287538, -0.004491043575680161, -0.01304084832111796, 0.002327159068593406, 0.007686781551923435, -0.021598887474819004, -0.022155142288116866, 0.03855731794140911, -0.009650327396241649, 0.008153439952898701, 0.012980498499575235, -0.009472049159101659, 0.04188328398001672, 0.003965029294529809, -0.06787508853998181, 0.029572077284344123, -0.004476459717682134, 0.0, -0.08041717702491771, 0.0880589256475479, 0.07406309562939156, -0.04762239280013842, -0.005915940857972033, 0.09071691877731144, -0.23051607122496517, 0.011659900071418509, 0.03160487782343148, -0.001010453151777825, 0.18450094389135313, -0.04628137229760726, -0.06438449585093185, -0.036006214330955084, 0.03129056349938499, -2.335487444983551e-05, 0.0, -3.42493969305066e-05, -0.00011754010587648614, 0.0001323755606582999, 0.00018190652176530836, -0.00014877978689606684, -6.713676064485108e-05, 0.0, 0.00032321232782229304, 8.788805751875e-05, -6.245243925536388e-05, -0.0004238341313935731, 0.00030328956559864674, -3.346750319396959e-05, -8.957972934595385e-05, -0.0001758914846895324, -0.0001780533134549134, 0.0004628386540889569, -0.00015207835035758647, -1.079188944080154e-05, 2.5469311641768204e-05, 0.00036845974278335643, -0.0004073988898913406, 0.0003351479119305144, 2.1563039059148765e-05, -0.00012893282259844734, 0.0, 0.0, -0.0001442880008111753, -0.00014267020470334175, 0.00035996735987470885, 5.013170454633058e-05, -0.00017580485051177944, -0.00017371885244390171, -5.5042981321721236e-05, -1.2092116134405654e-05, -0.00021904251605067918, 0.0003354706827911376, 3.3112890741407876e-05, 0.0, -0.00011980617681622602, 0.00015081162238099653, 0.0, -0.0006378655319318135, 0.0002793384963408504, -3.0851623723197062e-06, 0.00027251558938864306, -0.0004073026150278103, 0.00023245871204556035, 0.0, 0.0, -0.0004823460326036839, 0.00040998841475298263, -0.00022724718609858755, 0.0001317975274388593, 5.6506077657270904e-05, -0.00020957392774889472, 8.986328655905652e-05, -0.00026045436384823065, 0.00010936196090024408, 0.00017012034564251692, 5.224356173153886e-05, 0.00013323206632110171, 0.00010225240730311591, 0.000514889147620555, -0.0008300445018579675, 0.0004003898980571501, -0.0001923070559208255, 4.1536223470756186e-05, -0.0002990335711369202, 0.0012830117205246806, -0.0008514263961598501, 0.00019334599211262785, -0.00017757130328860437, -6.007238871965004e-05, -0.00027880217531802505, 0.00035836803701280484, 6.606203361544632e-05, 0.00022658573299397795, -0.0002855880496039465, 0.0, 2.2993859312983973e-06, 8.920498048700319e-05, 0.0, -8.166544548741304e-05, -0.0004678818425225242, 0.001143187290081843, -0.0006441448139392194, 0.00021230863618401687, -0.0002791147022186316, -0.0006736462678364004, 0.0006887499542958004, -0.00014260726471973712, -0.0004930989622753714, 0.0008305076541634825, -0.0003857948085333234, -0.00027041609378501344, 0.00015230863340931283, 4.2266972694175305e-05, 0.0002358975420201799, 3.232539002128137e-05, -0.0006208119546570109, 0.0005014010583385059, 0.001135184094007788, -0.0007318891868716762, -0.00040275435480655785, 0.0008487306492686989, -0.0008762154993061498, 0.000258008927851512, -0.00043463249841256427, 0.0002685468328754854, 0.00030784319204157543, -0.0009315789757614153, 0.000988322334879217, -0.0004620817404438648, 0.00040218118432180244, -0.0005020132849210869, 0.00031989898637408077, -0.00011350224881775851], [0.0, -0.41444686144097237, 1.4549500300622933, -1.9485911951908874, 5.070887022355128, -10.108761677723473, 41.48967445511457, -1.5683111164363785, -35.53040672758846, 0.005555026029483166, -0.019339180654596656, 0.003725906342771449, 0.006927714507935784, 0.0, 0.015250864631458317, -0.004835602926725123, -0.008892734957387153, 0.010200403287689893, 0.029892763232205986, -0.028610742804720413, 0.0058974308551222095, -0.014113027548434525, -0.017777168717447906, 0.012932485618401312, -0.024739376147296717, -0.0124475867291103, 0.03590327614994285, -0.019931178894378333, 0.020131392425602575, -0.001501681615457602, 0.031989598518755206, 0.014490850877037812, -0.06905643453990364, 0.024821132552944537, 0.0007772612100811877, -0.08259176399252587, 0.08815841127742705, 0.06850676939254431, -0.049572426093140304, 0.10755587960300035, -0.24591284429225252, 0.014811044851946006, 0.00629737637568851, 0.15000622932887372, -0.056664923668923985, 3.009400404978627e-05, 0.0, -0.00014749466919240176, 0.00017014647735656704, -0.0002483021723907477, 1.5833831202657815e-05, -0.00018067467826702078, 0.00021769828009034849, -3.70806512931293e-05, 0.0, -0.00023765847255529065, 0.0, 0.0004024641541327151, 8.499328626615484e-05, 0.00012262815933342428, 0.0, 0.0002899946899285506, 0.00027087845366408016, -0.0005023185716327047, 0.00010984824925566351, -0.00024105834441349525, -0.00013697706230332842, 0.0, 0.0, 0.0, 0.0, 6.6300807608742e-05, 0.0001669329054873878, 0.0, -4.246168248420375e-06, 5.659728851726421e-05, -0.00018859371688399198, 0.0, 5.450344497526639e-05, 1.3683239574027135e-05, 0.00015929243888074675, 1.1507710985939617e-05, 0.0, -3.7280344996958345e-05, -0.00019807798815305258, 4.908060874338268e-05, 0.0, -0.00020093728155991798, 0.0001567399564675201, -0.00017343115575086987, 0.0002321572445645964, 0.0, -0.00044298573627625434, 0.000585074371597631, 8.741740119809777e-05, -0.00019742080474978332, -0.00017294326193569837, 0.0005001109783016326, -0.00016591650262216814, 0.00010126435515382274, 0.00012515158008969272, 0.0, -5.81483463264245e-05, -0.0002777605718434856, 0.0001490163422801079, -5.3623118340831605e-05, 1.1839341328705176e-05, 0.0, -0.0002643805978345039, -0.00011388749819720791, 0.0, 0.00026021733571529376, -5.840854853708334e-07, 0.00015044436057268324, -0.00019254288110891126, 0.0, -0.0010152029684528613, 0.00036454259426942683, -6.218139724976369e-05, 0.0003484608742858393, 0.00028469563538951776, 0.00027906913366688513, -0.00037704813959442705, 1.1646488419205801e-05, -0.00019098777488602318, 0.000494458396833076, -0.00026984733269075036, -8.674346007096125e-05, -0.00017486981389229332, 0.0001248835997489728, 3.088140638835421e-05, 0.00048100503941767925, -0.0006559146965168511, -4.038843027121492e-05, 4.3063914126086605e-05, -0.00018829065305287437, 0.0008031356137157341, 0.0, 3.269091141823348e-05, 9.033842840856199e-05, -0.0006232509616485419, 0.0003501684912407952, 0.0005157283692581986, -0.00032026975466291943, -9.743274458732578e-05, -0.0001532254104386957, -0.0002234861717428386, 0.000671573216110013, -0.0004446699136895019, -0.00043242402394919, -0.0006257765172627034, 0.0008403644676262523, -0.0005500638047737219, 0.0008015086180661214, -0.0004255753837009301, 0.000341374468890053, -0.00014122349642337384, -0.000726116425859436, 0.0010311917276995927, -0.00023099991112371344, 0.0004765464897305843, -0.000387547757466685, 1.3151575206236693e-05, -0.00019545573358770152, 0.00017238131553071117], [19.580462762436458, -0.34312864443921004, -1.1065936720331695, 2.006237171010048, -6.475920070176373, -1.995257942063399, -14.542719687105294, 47.68701784012033, -19.570562869961297, -0.0015582766606462189, 0.0, 0.013731770558713711, -0.015620074755106676, -0.006346923302139463, -0.014522691682197117, 0.0, 0.02128573170165913, -0.00662147561992128, -0.02552356412799842, 0.01824110045504267, 0.014777016538984679, 0.016773815860340394, 0.021009930513382832, -0.01580737982898804, 0.012857537066360015, 0.015633657944972196, -0.03575507113939342, 0.02838055334901133, -0.030490198707090962, 0.008173453886673357, 0.0, -0.038381993813774044, 0.04155959724029327, -0.031403014751542294, 0.013104753556643403, 0.03469619541636057, 0.026547413039584824, -0.07363668970795004, 0.03743677673257514, -0.12948045267880115, 0.12210329097359479, 0.08040177391826778, 0.10065688077883382, -0.1974040314857309, 0.0033747661123458327, 0.0, -0.00012941436788405206, 0.00022795624381613292, 0.0, 0.0003978472408082702, -0.00011262181242695253, 0.0006841306172437308, -0.0005265197846819249, 0.0, -8.063694670487938e-05, 0.0002955954633660561, -8.612714466215627e-05, -0.0001803074003684942, -0.00044777989237654043, -0.00013670026677371457, -4.200710913753005e-05, 0.00014250079049515666, -0.0008010893177327802, 0.0007352936394486518, -8.427008930690649e-05, 4.520265736050531e-06, -4.699890257860667e-05, 0.00034325513373331554, -0.00045430196800378737, -0.0005562442742895216, 0.0004553411690990009, -0.00026680105060631135, 7.04628557473081e-05, -0.00021472127365828158, 0.0, -0.0002936752718308017, 0.00020677702045774542, 0.0003368491066411195, -0.0004185099035866501, 0.0006033140170083078, -0.00021951385133507607, 0.0, 0.0003717233313652166, -9.325320021675237e-05, 0.0003528526400616653, -0.00016110544324321867, -4.727928537933434e-05, 0.0001405674947710121, -0.00044913519677974287, 0.00022262739645289296, 1.4386825217770747e-05, -0.00029079742045425965, 0.0009255791375171037, -0.0006789903047932662, 1.8126809883546934e-05, -0.0005251683176084767, 0.0010859090063587897, -0.0009754430443493171, -1.5856798832698363e-05, 0.00014206960912345695, -0.000543693877710589, 0.00018612516153121813, 0.0004056013942535782, 0.0005454599235839087, -7.810672357752527e-06, -0.00017124959833007526, 6.586084450217062e-05, 0.0, 0.0001333690458324562, 0.0, 0.0005757487493868293, -0.0003039101640693111, -0.000122658859026227, -0.00012020319044935427, 0.00019499245145345357, -0.00046310731005435674, 0.0015039350005055753, -0.0006328883281393894, 0.0008757769866301341, -0.0014877188573090196, -0.0003561947072995147, 8.468160241592931e-05, -0.0011539771613555871, 0.0009722122914268933, -0.00026664064516816803, -9.474671810517412e-05, 0.00022619051079895996, -0.00033076702277369904, 0.0005989963395784298, 0.00023162654929367928, 0.0002331490906140856, -0.0005077110123516186, 0.0004233097551839782, 0.0001491222158209971, -0.00010320053362691059, 0.00044201043892673876, -0.00125647317016244, 0.0015420801863762408, -0.0015342913695592787, 0.0004790343845419463, -0.0006413730237190037, 0.0007911555501803951, -0.0003887876050172144, -7.286714683931067e-05, 0.0002699798239972404, 0.0001608012231813271, 0.0003845129892737667, -0.0011182985314497848, 0.0006701572820930591, 3.460155759153951e-06, 0.0022444542956330913, -0.002148490309077534, -0.00011556726947751638, -0.0003437535014438715, 0.000863974647339596, -0.00025768868560771817, -0.0004554473052377684, 0.0016923266989955772, 0.0002206569252523446, -0.0020130124009287704, -0.0004143935877462879, 9.67635934140521e-05, 0.0008597671625022046, -0.0005311831172428641, -3.4559717491135046e-05]]",(x0)' = -32.992 1 +  18.318 x0 + -46.956 x1 +  15.177 x2 +  2.141 x3 +  6.135 x4 + -2.741 x5 +  1.674 x6 +  0.183 x7 +  0.005 x0^2 +  0.135 x0 x1 + -0.050 x0 x2 + -0.037 x0 x3 + -0.032 x0 x4 +  0.002 x0 x5 +  0.022 x0 x6 + -0.025 x1^2 + -0.094 x1 x2 +  0.015 x1 x3 +  0.010 x1 x4 +  0.025 x1 x5 + -0.018 x1 x6 + -0.022 x1 x7 +  0.059 x2^2 +  0.009 x2 x3 +  0.022 x2 x4 + -0.037 x2 x5 + -0.009 x2 x6 +  0.018 x2 x7 + -0.017 x3^2 +  0.011 x3 x4 +  0.017 x3 x5 + -0.008 x3 x6 +  0.013 x3 x7 + -0.003 x4^2 + -0.008 x4 x5 + -0.006 x4 x6 + -0.002 x4 x7 + -0.002 x5^2 + -0.022 x5 x6 +  0.018 x5 x7 +  0.025 x6^2 + -0.016 x6 x7 + -0.004 x7^2 +  0.001 x0^2 x1 + -0.001 x0 x1^2 +  0.002 x0 x1 x2 + -0.001 x0 x1 x3 +  0.001 x0 x1 x4 + -0.001 x0 x1 x5 + -0.001 x0 x2^2 +  0.002 x0 x2 x3 + -0.002 x0 x2 x4 +  0.001 x0 x2 x5 +  0.001 x0 x3 x4 + -0.001 x0 x3 x5 +  0.001 x0 x4 x5 +  0.001 x0 x5 x6 + -0.001 x0 x6 x7 +  0.001 x0 x7^2 + -0.001 x1 x2 x3 +  0.001 x1 x2 x4 + -0.001 x1 x2 x6 +  0.001 x1 x3 x5 +  0.001 x1 x3 x6 + -0.001 x1 x4^2 + -0.001 x1 x7^2 + -0.001 x2 x5 x6 +  0.001 x2 x5 x7 +  0.001 x2 x6^2 + -0.001 x6 x7^2 | (x1)' = -15.179 1 +  35.629 x0 +  2.154 x1 + -42.546 x2 +  10.585 x3 + -5.124 x4 +  2.360 x5 + -1.749 x6 +  0.410 x7 +  0.080 x0^2 + -0.181 x0 x1 + -0.008 x0 x2 +  0.024 x0 x3 +  0.016 x0 x4 +  0.010 x0 x5 + -0.013 x0 x6 + -0.005 x0 x7 + -0.015 x1^2 +  0.215 x1 x2 + -0.029 x1 x3 +  0.003 x1 x4 + -0.036 x1 x5 +  0.007 x1 x6 +  0.023 x1 x7 + -0.079 x2^2 + -0.061 x2 x3 +  0.009 x2 x4 +  0.017 x2 x5 +  0.022 x2 x6 + -0.018 x2 x7 +  0.047 x3^2 + -0.011 x3 x4 + -0.002 x3 x5 + -0.004 x3 x6 + -0.005 x3 x7 + -0.010 x4^2 +  0.003 x4 x6 +  0.003 x5^2 +  0.015 x5 x6 + -0.006 x5 x7 + -0.012 x6^2 + -0.005 x6 x7 +  0.009 x7^2 +  0.001 x0 x1^2 + -0.001 x0 x1 x2 +  0.001 x0 x2^2 + -0.001 x0 x2 x3 +  0.001 x0 x2 x4 +  0.001 x0 x3 x6 +  0.001 x0 x6 x7 + -0.001 x1^2 x7 + -0.001 x1 x2^2 +  0.001 x1 x2 x3 +  0.001 x1 x2 x7 + -0.001 x1 x3^2 + -0.001 x1 x3 x5 + -0.001 x2^2 x3 +  0.001 x2 x3^2 | (x2)' =  3.698 1 + -10.331 x0 +  40.227 x1 +  0.849 x2 + -40.990 x3 +  12.768 x4 + -4.167 x5 +  1.987 x6 + -0.858 x7 + -0.059 x0^2 +  0.050 x0 x1 +  0.089 x0 x2 + -0.041 x0 x3 + -0.003 x0 x4 +  0.003 x0 x6 +  0.101 x1^2 + -0.253 x1 x2 +  0.017 x1 x4 +  0.021 x1 x5 + -0.007 x1 x7 +  0.017 x2^2 +  0.186 x2 x3 + -0.041 x2 x4 + -0.008 x2 x5 + -0.030 x2 x6 +  0.006 x2 x7 + -0.067 x3^2 + -0.046 x3 x4 +  0.016 x3 x5 +  0.008 x3 x6 +  0.014 x3 x7 +  0.043 x4^2 + -0.004 x4 x5 + -0.008 x4 x7 + -0.012 x5^2 + -0.001 x5 x6 + -0.001 x5 x7 +  0.004 x6^2 +  0.010 x6 x7 + -0.007 x7^2 +  0.001 x0^2 x2 +  0.001 x0 x1 x3 + -0.001 x0 x2^2 +  0.001 x0 x2 x3 + -0.001 x0 x2 x4 +  0.001 x0 x2 x6 + -0.001 x0 x3 x6 +  0.001 x0 x5 x6 + -0.001 x1^2 x3 +  0.001 x1^2 x7 +  0.001 x1 x2^2 + -0.001 x1 x2 x3 + -0.001 x1 x2 x7 +  0.001 x1 x3^2 + -0.001 x1 x3 x4 +  0.001 x1 x3 x5 + -0.001 x2 x3^2 +  0.001 x2 x3 x4 + -0.001 x2 x4^2 +  0.001 x2 x4 x5 + -0.001 x2 x4 x6 + -0.001 x3^2 x4 +  0.001 x3 x4^2 + -0.001 x3 x4 x5 | (x3)' =  3.301 x0 + -11.806 x1 +  40.880 x2 +  0.304 x3 + -41.915 x4 +  12.256 x5 + -3.805 x6 +  1.115 x7 +  0.022 x0^2 +  0.025 x0 x1 + -0.076 x0 x2 +  0.023 x0 x3 + -0.007 x0 x5 +  0.007 x0 x7 + -0.088 x1^2 +  0.102 x1 x2 +  0.075 x1 x3 + -0.039 x1 x4 + -0.005 x1 x5 + -0.003 x1 x7 +  0.083 x2^2 + -0.230 x2 x3 +  0.028 x2 x5 +  0.023 x2 x6 +  0.009 x3^2 +  0.185 x3 x4 + -0.046 x3 x5 + -0.010 x3 x6 + -0.023 x3 x7 + -0.067 x4^2 + -0.045 x4 x5 +  0.016 x4 x6 +  0.015 x4 x7 +  0.041 x5^2 + -0.003 x5 x6 + -0.001 x5 x7 + -0.011 x6^2 + -0.001 x0 x1 x4 + -0.001 x0 x2 x3 +  0.001 x0 x2 x4 + -0.001 x0 x3 x4 +  0.001 x1^2 x3 +  0.001 x1 x2 x4 + -0.001 x1 x3^2 +  0.001 x1 x3 x4 + -0.001 x1 x3 x5 +  0.001 x1 x3 x7 + -0.001 x1 x4 x7 + -0.001 x2^2 x4 +  0.001 x2 x3^2 + -0.001 x2 x3 x4 +  0.001 x2 x4^2 + -0.001 x2 x4 x5 + -0.001 x3 x4^2 +  0.001 x3 x4 x5 + -0.001 x3 x5^2 +  0.001 x3 x5 x6 + -0.001 x3 x5 x7 + -0.001 x4^2 x5 +  0.001 x4 x5^2 +  0.001 x5^2 x6 | (x4)' = -1.407 x0 +  3.961 x1 + -12.280 x2 +  41.240 x3 +  0.904 x4 + -41.455 x5 +  11.923 x6 + -3.065 x7 + -0.006 x0^2 + -0.032 x0 x1 +  0.043 x0 x2 + -0.012 x0 x3 +  0.008 x0 x4 +  0.007 x0 x5 +  0.002 x0 x6 + -0.010 x0 x7 +  0.043 x1^2 +  0.004 x1 x2 + -0.074 x1 x3 +  0.023 x1 x4 + -0.011 x1 x6 +  0.013 x1 x7 + -0.083 x2^2 +  0.097 x2 x3 +  0.071 x2 x4 + -0.051 x2 x5 +  0.002 x2 x6 + -0.012 x2 x7 +  0.083 x3^2 + -0.227 x3 x4 +  0.012 x3 x5 +  0.022 x3 x6 +  0.025 x3 x7 +  0.183 x4 x5 + -0.041 x4 x6 + -0.019 x4 x7 + -0.062 x5^2 + -0.050 x5 x6 +  0.019 x5 x7 +  0.041 x6^2 + -0.005 x6 x7 + -0.007 x7^2 + -0.001 x0 x1 x2 + -0.001 x1^2 x3 +  0.001 x1 x2 x3 + -0.001 x1 x3 x4 +  0.001 x1 x3 x5 + -0.001 x1 x3 x7 + -0.001 x1 x4 x5 +  0.001 x2^2 x4 +  0.001 x2 x3 x5 + -0.001 x2 x4^2 +  0.001 x2 x4 x5 + -0.001 x2 x4 x6 + -0.001 x3^2 x5 +  0.001 x3 x4^2 + -0.001 x3 x4 x5 +  0.001 x3 x5^2 + -0.001 x3 x5 x6 +  0.001 x3 x5 x7 + -0.001 x4 x5^2 +  0.001 x4 x5 x6 + -0.001 x4 x6^2 + -0.001 x5^2 x6 +  0.001 x5 x6^2 | (x5)' =  1.077 x0 + -1.890 x1 +  4.032 x2 + -12.539 x3 +  40.194 x4 + -40.519 x6 +  10.176 x7 +  0.027 x0 x1 + -0.022 x0 x2 +  0.003 x0 x3 + -0.004 x0 x4 + -0.013 x0 x5 +  0.002 x0 x6 +  0.008 x0 x7 + -0.022 x1^2 + -0.022 x1 x2 +  0.039 x1 x3 + -0.010 x1 x4 +  0.008 x1 x5 +  0.013 x1 x6 + -0.009 x1 x7 +  0.042 x2^2 +  0.004 x2 x3 + -0.068 x2 x4 +  0.030 x2 x5 + -0.004 x2 x6 + -0.080 x3^2 +  0.088 x3 x4 +  0.074 x3 x5 + -0.048 x3 x6 + -0.006 x3 x7 +  0.091 x4^2 + -0.231 x4 x5 +  0.012 x4 x6 +  0.032 x4 x7 + -0.001 x5^2 +  0.185 x5 x6 + -0.046 x5 x7 + -0.064 x6^2 + -0.036 x6 x7 +  0.031 x7^2 + -0.001 x1 x2 x3 +  0.001 x2^2 x3 + -0.001 x2^2 x4 +  0.001 x2 x3 x4 + -0.001 x2 x3 x5 +  0.001 x3^2 x5 + -0.001 x3^2 x6 + -0.001 x3 x4 x5 +  0.001 x3 x4 x6 +  0.001 x3 x5 x6 + -0.001 x4^2 x6 +  0.001 x4^2 x7 +  0.001 x4 x5^2 + -0.001 x4 x5 x6 +  0.001 x4 x6^2 + -0.001 x4 x6 x7 + -0.001 x5 x6^2 +  0.001 x5 x6 x7 + -0.001 x6^2 x7 | (x6)' = -0.414 x0 +  1.455 x1 + -1.949 x2 +  5.071 x3 + -10.109 x4 +  41.490 x5 + -1.568 x6 + -35.530 x7 +  0.006 x0^2 + -0.019 x0 x1 +  0.004 x0 x2 +  0.007 x0 x3 +  0.015 x0 x5 + -0.005 x0 x6 + -0.009 x0 x7 +  0.010 x1^2 +  0.030 x1 x2 + -0.029 x1 x3 +  0.006 x1 x4 + -0.014 x1 x5 + -0.018 x1 x6 +  0.013 x1 x7 + -0.025 x2^2 + -0.012 x2 x3 +  0.036 x2 x4 + -0.020 x2 x5 +  0.020 x2 x6 + -0.002 x2 x7 +  0.032 x3^2 +  0.014 x3 x4 + -0.069 x3 x5 +  0.025 x3 x6 +  0.001 x3 x7 + -0.083 x4^2 +  0.088 x4 x5 +  0.069 x4 x6 + -0.050 x4 x7 +  0.108 x5^2 + -0.246 x5 x6 +  0.015 x5 x7 +  0.006 x6^2 +  0.150 x6 x7 + -0.057 x7^2 + -0.001 x0 x2 x5 +  0.001 x1 x2 x7 +  0.001 x1 x3 x6 + -0.001 x2 x3 x4 + -0.001 x3^2 x5 +  0.001 x3 x4 x5 + -0.001 x3 x5 x6 +  0.001 x3 x6^2 +  0.001 x4^2 x6 + -0.001 x4 x5 x6 +  0.001 x4 x5 x7 + -0.001 x4 x6^2 +  0.001 x4 x6 x7 + -0.001 x5^2 x7 +  0.001 x5 x6^2 | (x7)' =  19.580 1 + -0.343 x0 + -1.107 x1 +  2.006 x2 + -6.476 x3 + -1.995 x4 + -14.543 x5 +  47.687 x6 + -19.571 x7 + -0.002 x0^2 +  0.014 x0 x2 + -0.016 x0 x3 + -0.006 x0 x4 + -0.015 x0 x5 +  0.021 x0 x7 + -0.007 x1^2 + -0.026 x1 x2 +  0.018 x1 x3 +  0.015 x1 x4 +  0.017 x1 x5 +  0.021 x1 x6 + -0.016 x1 x7 +  0.013 x2^2 +  0.016 x2 x3 + -0.036 x2 x4 +  0.028 x2 x5 + -0.030 x2 x6 +  0.008 x2 x7 + -0.038 x3 x4 +  0.042 x3 x5 + -0.031 x3 x6 +  0.013 x3 x7 +  0.035 x4^2 +  0.027 x4 x5 + -0.074 x4 x6 +  0.037 x4 x7 + -0.129 x5^2 +  0.122 x5 x6 +  0.080 x5 x7 +  0.101 x6^2 + -0.197 x6 x7 +  0.003 x7^2 +  0.001 x0^2 x6 + -0.001 x0^2 x7 + -0.001 x0 x2 x4 +  0.001 x0 x2 x5 + -0.001 x0 x3 x6 +  0.001 x0 x6 x7 +  0.001 x1 x2 x6 + -0.001 x1 x2 x7 + -0.001 x1 x3 x4 +  0.001 x1 x3 x5 + -0.001 x1 x3 x6 + -0.001 x1 x4 x5 +  0.001 x1 x5^2 +  0.001 x2^2 x3 +  0.002 x2 x3 x4 + -0.001 x2 x3 x5 +  0.001 x2 x3 x6 + -0.001 x2 x3 x7 + -0.001 x2 x4 x6 +  0.001 x2 x4 x7 +  0.001 x2 x6 x7 + -0.001 x3^2 x4 + -0.001 x3 x4 x5 +  0.002 x3 x4 x6 + -0.002 x3 x4 x7 + -0.001 x3 x5 x6 +  0.001 x3 x5 x7 + -0.001 x4^2 x6 +  0.001 x4^2 x7 +  0.002 x4 x5 x6 + -0.002 x4 x5 x7 +  0.001 x4 x7^2 +  0.002 x5^2 x7 + -0.002 x5 x6 x7 +  0.001 x6^2 x7 + -0.001 x6 x7^2
35,35.0,1000.0,36.85636440989091,3,8,5,20.0,140.0,5,20.0,smoothed_finite_difference_savgol_order_3,success,,1210,1320,91.66666666666667,23.602718193084,"[""1"", ""x0"", ""x1"", ""x2"", ""x3"", ""x4"", ""x5"", ""x6"", ""x7"", ""x0^2"", ""x0 x1"", ""x0 x2"", ""x0 x3"", ""x0 x4"", ""x0 x5"", ""x0 x6"", ""x0 x7"", ""x1^2"", ""x1 x2"", ""x1 x3"", ""x1 x4"", ""x1 x5"", ""x1 x6"", ""x1 x7"", ""x2^2"", ""x2 x3"", ""x2 x4"", ""x2 x5"", ""x2 x6"", ""x2 x7"", ""x3^2"", ""x3 x4"", ""x3 x5"", ""x3 x6"", ""x3 x7"", ""x4^2"", ""x4 x5"", ""x4 x6"", ""x4 x7"", ""x5^2"", ""x5 x6"", ""x5 x7"", ""x6^2"", ""x6 x7"", ""x7^2"", ""x0^3"", ""x0^2 x1"", ""x0^2 x2"", ""x0^2 x3"", ""x0^2 x4"", ""x0^2 x5"", ""x0^2 x6"", ""x0^2 x7"", ""x0 x1^2"", ""x0 x1 x2"", ""x0 x1 x3"", ""x0 x1 x4"", ""x0 x1 x5"", ""x0 x1 x6"", ""x0 x1 x7"", ""x0 x2^2"", ""x0 x2 x3"", ""x0 x2 x4"", ""x0 x2 x5"", ""x0 x2 x6"", ""x0 x2 x7"", ""x0 x3^2"", ""x0 x3 x4"", ""x0 x3 x5"", ""x0 x3 x6"", ""x0 x3 x7"", ""x0 x4^2"", ""x0 x4 x5"", ""x0 x4 x6"", ""x0 x4 x7"", ""x0 x5^2"", ""x0 x5 x6"", ""x0 x5 x7"", ""x0 x6^2"", ""x0 x6 x7"", ""x0 x7^2"", ""x1^3"", ""x1^2 x2"", ""x1^2 x3"", ""x1^2 x4"", ""x1^2 x5"", ""x1^2 x6"", ""x1^2 x7"", ""x1 x2^2"", ""x1 x2 x3"", ""x1 x2 x4"", ""x1 x2 x5"", ""x1 x2 x6"", ""x1 x2 x7"", ""x1 x3^2"", ""x1 x3 x4"", ""x1 x3 x5"", ""x1 x3 x6"", ""x1 x3 x7"", ""x1 x4^2"", ""x1 x4 x5"", ""x1 x4 x6"", ""x1 x4 x7"", ""x1 x5^2"", ""x1 x5 x6"", ""x1 x5 x7"", ""x1 x6^2"", ""x1 x6 x7"", ""x1 x7^2"", ""x2^3"", ""x2^2 x3"", ""x2^2 x4"", ""x2^2 x5"", ""x2^2 x6"", ""x2^2 x7"", ""x2 x3^2"", ""x2 x3 x4"", ""x2 x3 x5"", ""x2 x3 x6"", ""x2 x3 x7"", ""x2 x4^2"", ""x2 x4 x5"", ""x2 x4 x6"", ""x2 x4 x7"", ""x2 x5^2"", ""x2 x5 x6"", ""x2 x5 x7"", ""x2 x6^2"", ""x2 x6 x7"", ""x2 x7^2"", ""x3^3"", ""x3^2 x4"", ""x3^2 x5"", ""x3^2 x6"", ""x3^2 x7"", ""x3 x4^2"", ""x3 x4 x5"", ""x3 x4 x6"", ""x3 x4 x7"", ""x3 x5^2"", ""x3 x5 x6"", ""x3 x5 x7"", ""x3 x6^2"", ""x3 x6 x7"", ""x3 x7^2"", ""x4^3"", ""x4^2 x5"", ""x4^2 x6"", ""x4^2 x7"", ""x4 x5^2"", ""x4 x5 x6"", ""x4 x5 x7"", ""x4 x6^2"", ""x4 x6 x7"", ""x4 x7^2"", ""x5^3"", ""x5^2 x6"", ""x5^2 x7"", ""x5 x6^2"", ""x5 x6 x7"", ""x5 x7^2"", ""x6^3"", ""x6^2 x7"", ""x6 x7^2"", ""x7^3""]","[[-32.96418725740372, 18.638145469053324, -47.45170207025941, 15.597509159234887, 1.8661155081273508, 6.214790795644044, -2.770065056821645, 1.7022587274420506, 0.16170132618409222, 0.004054331773139715, 0.13567457475553346, -0.05043169146541209, -0.03641994244187104, -0.031456822105459026, 0.001564399269537104, 0.022334268247970832, 0.0, -0.025165917755518193, -0.09598712404329209, 0.015755241587125036, 0.010020493333898591, 0.025586216242627725, -0.018467356608442394, -0.022014289191137466, 0.060246558245636746, 0.009339174806887535, 0.02165995274626628, -0.037938163275798215, -0.009412192311704797, 0.018711105155785043, -0.01787527801647966, 0.011136003936036587, 0.01781415388934563, -0.007453040380874624, 0.012890176656955904, -0.0023084166310982663, -0.008811855898939971, -0.005563297512346088, -0.0022665655787982067, -0.0016266821995371678, -0.021917701830635745, 0.01831845059733196, 0.02501760551417125, -0.016643833058483427, -0.004009548054971321, -0.0002962713930560346, 0.0011674116966501427, 0.00026017236666289403, -0.0003437554766453677, -0.00025239539926307083, -0.00011839703462518859, -0.0004886667032060027, -7.749354407942395e-05, -0.0012973928255454465, 0.0017507446640611358, -0.0006769065258986815, 0.0006418152887127051, -0.000517492125996074, 0.0, 0.00024001491759290068, -0.0008993255043627127, 0.0017987115286895127, -0.002164541892624738, 0.0005653342518178063, 0.00011941418752734052, -0.00046396302329105215, 2.8352149304507348e-05, 0.00128206989134322, -0.0010885723312296666, 0.00023427033305625718, -0.0003646421196100073, 0.0004905270720203033, 0.0011476595393035808, -0.00019787750576314298, -0.00048560969586609914, -5.16721198622272e-05, 0.0008636532353864553, -0.00011628657124791639, 0.00014994919014975897, -0.0005316468253345504, 0.0008709812346934093, 0.00024963770029690877, -8.836027969235858e-05, -3.3917240829354716e-05, 4.999675098625196e-05, 0.0, 0.00028107275475475614, 0.000397026245276431, -0.00013224394537388932, -0.0008652841137637495, 0.0007637565998094617, -0.000101307956967503, -0.0006288482108199068, -0.00017776910948948674, 0.00023415823546046248, 0.0, 0.0007864015481856018, 0.0005556651338935238, 0.0, -0.0007692671723121072, -9.633445721524632e-05, -0.00015815838654667145, 0.0001958202939437083, -0.0004918752304434355, 0.00010262121865599378, 4.428756842252221e-05, -0.0004635112258817823, 0.00033026434206680704, -0.0006570135620628228, -0.0001581614331636832, 0.00020353128402540133, 0.0, 0.00012924058667448867, 0.00036399953491818337, -0.00019156418434408134, -0.00022605723879738865, -0.000190664891800194, 0.00020342846275200977, -8.985495119286456e-05, 0.00032300935647000854, 0.000458225539253514, -0.00044840145465496387, 0.00037156257991796866, -0.0004312861719516772, -3.993373221298807e-05, -0.0004928601815874538, 0.0006023028193632042, 0.0006156133639240215, -0.00019713849777549126, 0.0002912575796491486, -0.0001817545398243882, -2.8366785923906767e-05, 0.0002004490831391886, -0.00017132286306363042, -0.00011979022338734195, -0.0002457174897424735, 0.0, -0.00021889962044209426, 0.0001392182056655698, 1.2433768338440561e-05, -0.00012445287039348092, 0.00022769273467185323, -0.00039603040860020674, 1.9527416094366022e-05, -0.00021030351801414334, -3.7215834937384457e-06, 0.0, 7.652122881974308e-05, 0.00023388743038216725, -0.00036711034976740035, -0.000129992465172316, 0.00043813105795801683, -0.00025882414331746787, -0.00017262319583613776, 1.9700255477919884e-05, 0.00012346704452347235, -0.00024985291538685595, -5.796389550073041e-05, 0.00035435275370308985, 0.0, 7.336098836455256e-05, -6.228698541851891e-06, 0.0002387810913198847, -0.0005679724364546909, 0.00016597172506056478], [-13.700679999122675, 35.71974494352319, 2.2406765515126525, -42.86898226401391, 10.952280760073565, -5.501942464857454, 2.539389748708538, -1.7952169709357784, 0.45055653303139875, 0.07883654448232402, -0.17773067922791347, -0.007842854626973731, 0.023988671349127865, 0.016301244383737597, 0.009972631705419522, -0.012484047581217579, -0.005779073625346631, -0.015931194169077866, 0.21489725967485962, -0.029572800516264583, 0.0032523900295316427, -0.036306049607137944, 0.0071170419208600785, 0.02209048863625925, -0.07835980263659555, -0.06171223965292026, 0.009356653305473, 0.01708773820840642, 0.02156633006310372, -0.016694178206789177, 0.04773090135144082, -0.011379748383422542, -0.0005286337925392665, -0.004674263547394972, -0.007124324827813665, -0.011030764650115614, 0.0, 0.001910699018458914, 0.003932398031929004, 0.0021376273724735915, 0.01684523107762199, -0.008573379350990012, -0.012744786254558695, -0.003515123487186961, 0.008010927089077661, 4.263783515268265e-05, -0.0002157048390301717, -0.0004952712324388441, 0.00032678481163421626, -8.119391651674739e-05, -4.049402508549919e-06, 0.0003306220408859189, 0.00023823295465790915, 0.0009069613416100955, -0.0008782200033266213, -0.00018662677836982065, -0.00031394651098728407, 0.0002959856848695892, 0.0, -0.00010809731680404638, 0.0010870743140566851, -0.0013627008860932607, 0.0010373922748939078, -0.00018940047387552432, -0.0004830578056377863, 0.0, 6.723492570078018e-05, 0.0, 9.423491908899091e-05, 0.0006043559282967938, 0.0, -0.0003454329707403267, -0.0001712396714177692, -0.0002324286711436215, 0.0, -2.9948423246328954e-05, -0.00043989860465792717, 1.8196854955834166e-05, -9.544935925437087e-05, 0.0004938695311372, -0.0003612424831081046, -0.0002107011876873083, -6.540380190470899e-05, 0.0004466077576201076, -0.00027715735943142304, 5.5116681227954315e-05, -0.00016481464729362226, -0.0005790349488394098, -0.000711192196673882, 0.0014507129299320381, -0.0004330199545433797, 0.0004645008570905089, 0.00022292921195479895, 0.000659570967497093, -0.0007188998478864626, 0.00042236522887219183, -0.0006980543617990332, -0.000411389765221785, 1.1540587587918986e-05, 0.00032694223475376524, 0.0, 2.6954668224239217e-05, 0.0, 0.00020919231374251263, 0.00018282331666551397, 5.9430415959493885e-05, 0.0002180644280168109, -0.0001296738269451875, 0.00018275632515946097, 0.0003641748596071279, -0.0005848251709489008, 0.0, -0.00018732228682685352, 0.0, 2.8476664940804427e-05, 0.0005924129167463174, -0.00031054346400338946, 0.0, 0.0, -0.0004508113984315788, 0.00011402951769633608, -0.00011422052023917668, 0.0002808974388658993, 0.0001700917243847601, 9.02589104185164e-05, 0.0, -0.0001593894078311479, -0.00031507659239218117, -8.994453798258633e-05, -8.052854302784994e-05, -0.00011270370412471334, 0.0, 0.00020290320961708917, 0.0, 0.0001238027896955383, -7.940471654667143e-05, 0.0, -0.00018229093525390865, 0.00041985831601765134, -2.2054035438942345e-05, 0.00022344993726334197, -0.00040014902089802683, 8.0909102654437e-06, 0.00011482265365059713, 0.0001815046352345617, 0.0001274605257708516, -0.0002797393715817751, 0.00011626690933256633, -0.0002913390593174141, 0.00027113390368179043, 0.00015172726545038966, -0.00020626962768116646, 6.971523975442381e-05, 8.292631348746914e-05, 1.244199346760808e-05, -8.038866793702023e-05, 0.0002424311879428192, -9.060189105212337e-06, -0.00020520162452180454, -8.409450579715677e-05, -0.00011103559526374292, -5.153349007500919e-05, 0.0, 0.0002474967339350964, -5.226762232599805e-05], [3.603004874596045, -10.541815888888301, 40.44605404897243, 0.8930404761713381, -41.2790925821144, 13.126515967825178, -4.424680419950921, 2.0768386186348606, -0.8453264016031352, -0.05785735737378963, 0.050671471634863824, 0.08831419351192911, -0.041359849539651806, 0.0011727763613615188, -0.007876825904807051, 0.005943255138062991, -0.0002900226458712086, 0.09839437535489991, -0.24879167941030203, -0.000688227766825726, 0.014892093134757273, 0.024931728180222937, 0.0, -0.007280862895354305, 0.01606058884687805, 0.1856240986080777, -0.04024543538355076, -0.009456678714448873, -0.02992463241484131, 0.005540565840826186, -0.06641382264148558, -0.048486340557398845, 0.017644728686415173, 0.00676827240133589, 0.01619754282306325, 0.0434595192116776, -0.002856742266587576, -0.00048628989336322833, -0.008615496988023757, -0.01133987049011716, -0.001954900875116005, 0.00025766665646933075, 0.00464207173724812, 0.009346320306516154, -0.007337414925712591, 2.0015526479401237e-05, -0.00020202220572446253, 0.0006923788262951464, -0.0004550009593777619, 0.00015839107556303472, 0.0, 0.0, -0.00026477901758792464, -0.00022228310551062805, -0.00031416568238241195, 0.0009368799003228977, 9.045443256770623e-05, -2.987187725920046e-05, -0.00043197197085875956, 0.0, -0.0006567335520655634, 0.0008069530773425436, -0.000665477339030771, -3.938145998042877e-06, 0.0005287698587051388, 0.00040272800204734123, -0.0002711595496484715, 0.0003868576266364026, -3.182472213203513e-05, -0.0005840552700098328, 0.0, 8.028042322313924e-05, 0.0, 0.0, -0.00015678781041081585, -3.3223022460376166e-05, 0.0005108338302659723, 0.00010877353050264203, 8.731564782997918e-05, -0.00044505639216403854, 0.00011802290910084357, 0.00014684041643972374, 5.881343477059166e-05, -0.0008854526086232187, 0.0003749692314638033, -7.145993411038279e-05, 8.768963393759368e-05, 0.0005653707726636942, 0.001002574169548961, -0.0008867580670385578, -4.105773324509301e-05, -0.00041729827281801766, 0.0, -0.0005142216993772152, 0.00115090046285037, -0.0013909691739817098, 0.0008139302423818018, 0.0002577435465218029, -0.0005576373186168543, 3.091247236166113e-05, -2.3611464791861762e-05, 7.964386051417346e-05, 0.0007832186718427958, -0.00015374958289555334, -9.254139843339476e-05, -0.00039208486217236747, -0.0001980153788847326, 3.052762622565319e-05, 9.339244670089606e-05, -0.0003545476986234567, 0.00018531339274447677, 0.0004969719994716151, -0.00025225443746904454, 0.00013093139246884937, -0.0002052791296930985, -0.0011100879231148231, 0.001310925233135998, -0.0001151026284802008, 0.00035365464228614003, 0.0005146644094601706, -0.0007861713548894904, 0.0007399595232660771, -0.0008845852670853587, -0.00029743274129851637, -1.8490179749719928e-05, 0.00010490094215694781, 0.0, 0.00020564067130129454, 0.00013888404290248816, 0.0, 0.0004612633534509206, -0.0005234888502465964, -0.00022771351691984194, -5.909197783371057e-05, -8.822005028698788e-05, 0.0005889221313859993, -0.0005461794797825789, 0.0003838168247436791, -0.00037114278121959263, 0.00026740529350510853, -0.0004016290465108045, 0.0005967833835847975, -6.328694345255743e-05, 0.0, -0.00016558088744490827, -0.00028464570687925547, 0.0004828085520722388, -1.3142119110363927e-05, 0.0002631242734724113, -0.0003449202909485067, -0.00012596155240224743, -2.3662294623675837e-05, 3.395207930452606e-05, 0.0, -7.682977834492778e-05, 0.00014121213720356195, -0.0003631752556867552, 4.5002944780801655e-05, 0.0002149006866631299, 9.794277236531604e-05, 8.194360818899751e-05, -8.124407906031874e-06, 0.0001272350616247939, -0.0002245508181028528, 0.0], [0.0, 3.4607715180150302, -12.094272624111726, 41.13756171725135, 0.29194521014010083, -42.1924168984083, 12.593150715529871, -4.031163550071337, 1.1660890533452912, 0.021723868583659663, 0.024785569828706253, -0.0759958621346361, 0.02297033686974708, 0.0, -0.006429890417771885, 0.0, 0.006397717035575714, -0.08850257452248408, 0.10341113097036678, 0.0736264562124086, -0.03700062692781317, -0.004874802816743534, 0.0, -0.003697478168429518, 0.0803717224148069, -0.22618330007971704, 0.0, 0.02753466356763589, 0.023191618070098622, 0.0, 0.008587797705350729, 0.18365490885327854, -0.04520500556590457, -0.008418390148117778, -0.025281500162175386, -0.06607186898120182, -0.046681940450135205, 0.015565755977503695, 0.015555352067481008, 0.04026187793336077, -0.0006944727518995765, -0.00287482850989431, -0.013577082518752243, 0.0, 0.004067735471545356, -3.0270398035440955e-05, 0.00023791863285325563, -0.00040663447675860667, -3.904131243364393e-05, 7.615041712829342e-05, -0.00012801839833268157, 1.614314243616433e-05, 0.00016465208456431114, 0.0, 0.00044286828321677026, 0.0, -0.0005499764876941846, 0.0002575060567425344, 0.00023345661895613021, 6.576719234085207e-06, 9.917532853460792e-05, -0.0006693816198158848, 0.0006891887976269049, -0.00014969893708435348, -0.00016549558333624198, -0.00036519570321832755, 0.0004898961466536394, -0.0005176878295595807, 6.617235189477183e-05, 0.00032197809557016425, -7.96709893234465e-05, 8.005007969850083e-05, 1.1088844254794815e-05, 0.00018171902837652078, 2.0038424195115635e-05, 0.0, -0.0004255571310715497, 0.00014136403336089353, -0.00011175507871098616, 9.19600414686664e-05, 5.8055608489516084e-05, -0.00015423948968755756, -0.00020125486127053953, 0.0008477313409089089, -0.0003222983443367883, 5.5541610475878056e-05, 0.0, -0.0003003036271600636, -0.00027783736909984847, -0.00030919424274837787, 0.0006684088599404979, 9.763369871266305e-05, 0.00013467172747814348, -6.322685685151251e-05, -0.0008609677615248107, 0.0009686399345949055, -0.0005558871132231837, -0.00048080141049429827, 0.0008348589903742104, -0.00013298267451889568, 6.1258761979125e-05, 0.00022249311923666192, -0.0008367355331189521, 7.226475141559332e-05, 0.0, 0.0, 0.0001392966445157689, 0.0003157343295610272, -0.0001276700900754704, 0.0001981645841444088, -8.417407040696905e-06, -0.0008038137710860803, 0.0005060250966496233, -0.00025753823345432323, 0.00028256924791134893, 0.0012291026538422077, -0.0008021387336716344, -0.0002108902033622469, 8.519038932049662e-05, -0.0004467068215101737, 0.0008584528677813998, -0.0009018691855954893, 0.0, 0.00048357472929631986, 0.00010169921673004619, 0.00014121734122655365, 0.00021283693565817943, -0.00027369347554852985, 4.008172137344737e-05, -0.00018979720759450895, -0.0004530890730420727, 0.0001542381292644806, 0.0004822577164394976, -0.0003922293972934896, 0.00013152423526359758, -0.0009429594353498463, 0.0011450439692434597, 0.0001946976141143804, 0.00030140782250904076, -0.0007503566113550376, 0.0007055887780781317, -0.0009490150276024266, 2.0624460100093422e-05, 4.165679417916024e-05, 0.0002543896937240591, 0.0004311337018455904, -0.0005463253043433433, -0.00028944231934619364, -3.892583053456157e-05, 0.0006143416171864509, -0.0003506419124478021, 9.246431229046457e-06, 0.0002757031116775415, 0.0, -0.00010816416631271275, -0.0002802143275476743, 0.0005716028344730289, 2.5913751477631577e-05, -0.00044107641681719674, 0.0, 7.698745246354357e-05, 0.00011800718754199753, -0.00019698601081870603, 0.0, 7.795188966595122e-05], [0.0, -1.420172801254827, 4.124336380734543, -12.594161109243617, 41.550552451643426, 0.9111994626564621, -41.7423833897063, 12.236469711889015, -3.2267081775066817, -0.00607467237162399, -0.03251120872941805, 0.043148221025438284, -0.01156909821488915, 0.007878732499911015, 0.007524139799739565, 0.001963995292510633, -0.010044942290565927, 0.04373157652031932, 0.0019758864429680494, -0.0727600241214064, 0.02232356454560725, 5.009610717885343e-06, -0.01079632995257171, 0.0135609215047031, -0.08215975180482195, 0.09778128999113077, 0.07006521204778304, -0.04885399716014633, 0.0027143529642409624, -0.013261869860744239, 0.08117731937174825, -0.22337427261716775, 0.011902150133416117, 0.019280499809056006, 0.027257957578173054, 0.0, 0.18068140064197624, -0.03889938428815834, -0.020567883227464074, -0.060944704230437054, -0.05230166684874476, 0.021515153145101204, 0.04205337656265517, -0.0044762948371077065, -0.00802376056419127, 0.0, -0.0001963094523457363, 0.00036159319279754085, -6.249773367561997e-05, 0.0, -5.8877254123785395e-05, 0.00015246680554698036, -9.784426437361753e-05, 0.00020076677155365607, -0.0009392647913001876, 0.00044313825789088436, 0.00017015347656390578, 0.00011451320563290916, -0.00028515537139740837, -1.1482835210859034e-05, 0.0003675529596388756, 5.01507381928988e-05, -0.00037532064595223333, -1.2222003899571034e-06, 0.0, 0.00028224367986136713, -0.00018140359902423507, 0.0, 9.284221733510817e-05, -0.00016682321709510415, 1.0657699107340996e-05, -8.510942137278826e-06, 8.415990867196956e-05, -0.00027314396010997156, 0.00022227539604357881, 1.2443955616690752e-05, 0.00022526552431624747, -0.00013555397885209097, 0.0, 0.0, 0.0, 6.0664525077093005e-05, 0.0004566333938065899, -0.0007658035632674581, 1.5650770876284184e-05, -6.213520035100174e-05, -6.0076754743857824e-05, 0.00012376732496043933, -0.00020975090999043663, 0.0007782086730292107, 0.0, -0.00031004077862183555, 0.00013696312118860782, 0.0001564638770645262, 9.062925518973694e-05, -0.0005549578132785659, 0.0005450417101423437, 0.00012769444963155185, -0.0004332254840470699, 0.00040419968614407905, -0.0005066423596924084, 0.0002569873120202656, 0.00014281941373100318, 9.943257500584117e-05, -9.84778598538821e-05, 0.000235413064928619, 0.0, -0.00033704668574739905, -8.845655943489755e-06, -0.00011346598872985736, -0.0003153980092060881, 0.000833868187642656, -0.0004982205507249379, 0.0001659359736731916, -0.00015358336819723607, -0.00029004678689351126, -0.00043874629636299236, 0.000568695655924406, 7.159121639417877e-05, 0.00011730590431043338, -0.0006636797213645457, 0.001016582145666912, -0.0006632569795631814, 0.0, -0.0003097104589268132, 0.00027016601001106496, -0.0001117854210188877, 9.960656914671661e-05, -0.00021741185740611248, 0.0002559966190284959, 0.00020808090098953724, 6.636569291640171e-05, -0.0006669970418450926, 0.0004798940142419465, -0.000122707529817284, 0.0011961123848260858, -0.0008909865345574353, -0.00021905011315451244, 6.996272126026794e-06, 0.0009167133270180888, -0.0008777719422798667, 0.0, -5.4841606502358726e-06, 0.0004494258517209145, -0.0003397342944970412, -0.00046453244740418323, 0.00026045795243150044, 0.00037241211198823875, -0.0003131854859979133, -0.000988980398647124, 0.0009200675184222737, 0.0005359935337542066, -0.0005889308929994591, 0.00020665692449413855, -3.39675692060697e-05, 0.000445595437944608, -0.0005474949554133086, -0.00035065231678261437, 0.0005454031073364293, -0.0002726535400910778, 0.00025746460720239107, -0.00024526863716722104, 0.0004889461789467534, -0.000350866274538906, 4.2218237708325586e-05], [0.0, 1.0508311364176568, -1.9645482441448596, 4.2291830774758825, -12.850832867363152, 40.386576524583475, 0.12949629016004077, -40.81454171420044, 10.394991976705912, 0.0, 0.027247258434365266, -0.022266792859299757, 0.0029762508761933333, -0.004190479158729539, -0.012848101624760777, 0.0022432991088115, 0.00760078625613402, -0.021861590994584294, -0.02205041401858254, 0.03887232277713047, -0.009458668934115679, 0.008227451227503898, 0.012622337137330894, -0.00922628170019141, 0.042570765497452395, 0.0024177244675287076, -0.06746794552858129, 0.029002567817977703, -0.004475343293742064, 0.0, -0.0797821619587877, 0.08881935867264751, 0.07249925956677038, -0.04601710919100291, -0.006041916540659927, 0.08848619719693389, -0.2265663282646376, 0.01059904756530254, 0.031137149873177315, -0.0018000284963067925, 0.18380528254916612, -0.04567970671360637, -0.06347517771615753, -0.03724498302092336, 0.031698750486053265, -2.1361091203254856e-05, 0.0, -3.2859528362279836e-05, -0.00011779149625367582, 0.00013895864471269914, 0.0001577464146894934, -0.00013126886082979187, -6.877369762270814e-05, 0.0, 0.00032108446329975193, 8.219033793977895e-05, -6.96193157818718e-05, -0.00040754445712441024, 0.0002956552760072699, -3.822638697014386e-05, -8.554773015439568e-05, -0.0001800445621597392, -0.00017572252884836493, 0.00046259106227181617, -0.00016326107249268538, -3.4882241854095823e-07, 3.165330981663034e-05, 0.00036296108394185783, -0.00040137100804194225, 0.0003253063632753211, 2.191034359705793e-05, -0.0001259156664567188, 0.0, 0.0, -0.0001437867792967403, -0.00013328743691656288, 0.00034300923762166455, 5.334774295183733e-05, -0.00017113916823533785, -0.00016729765844083826, -5.2666948335853246e-05, -9.720259336190177e-06, -0.00022368422320971355, 0.00034240218685226744, 2.9301679822020376e-05, 0.0, -0.000116000106768881, 0.00014757215756227077, 0.0, -0.0006273116184191855, 0.00028446623410364926, -3.539517089553524e-06, 0.0002819659689868254, -0.0004134497771121385, 0.0002197945111430795, 0.0, 0.0, -0.0004924203797662301, 0.0004182380805233477, -0.00022897665085400425, 0.0001376959167677157, 6.405826309820596e-05, -0.0002125910446585797, 8.823744117824239e-05, -0.0002586427298636522, 0.00011176112587895486, 0.00016440875469785461, 5.439889819899617e-05, 0.0001297041536318835, 9.85278724093037e-05, 0.0005149888672743391, -0.0008241220689135281, 0.00038335765333238604, -0.00018861522277096972, 4.7052051338846995e-05, -0.0002911115257660363, 0.0012537080839157314, -0.0008290630903663994, 0.00020156156414420388, -0.00019325101037920249, -3.279229471861831e-05, -0.0003106341669420796, 0.0003448036987811235, 7.57119534707877e-05, 0.00024459335778554656, -0.0002911920645368412, 0.0, 2.180997262975012e-06, 8.935652488348561e-05, 0.0, -7.616541785272361e-05, -0.0004638365499646618, 0.0011155273544919816, -0.0006336799016244161, 0.00021113729420150986, -0.00029453934168252875, -0.0006173008997357364, 0.0006945119532414324, -0.00015930389226385974, -0.0005136140116988978, 0.0008266722140247506, -0.00036873665009130765, -0.0002793948919395805, 0.0001528427363050745, 4.296386318984921e-05, 0.0002430753766944929, 1.409598593642057e-05, -0.000630740592805634, 0.0005043071436971554, 0.001135316371801584, -0.0007144439273816188, -0.000423148070425597, 0.0008542319982422891, -0.000869605606192403, 0.0002692336434321619, -0.0004510994732794998, 0.00029856957099311325, 0.00032174488844562886, -0.0009547620685541194, 0.0009723405248696068, -0.00047425129695817547, 0.00041177078494840776, -0.000509259008571059, 0.0003313376171600873, -0.00011659285490929502], [0.0, -0.413756696328691, 1.441589198326764, -2.022658524023983, 5.310187219635624, -10.417517346265338, 41.84171625717739, -1.753954631959103, -35.56347798221188, 0.005527293755491811, -0.01941839140596034, 0.004089085403602656, 0.0065879611869707685, 0.0, 0.015294826076814138, -0.005301543522560992, -0.008164788026798164, 0.010510694133579529, 0.0295473064855253, -0.028589836769754372, 0.0056261157481276095, -0.014679797099647823, -0.016992814528308066, 0.013222689974966577, -0.025081449890952505, -0.012310199714014213, 0.035452252181036446, -0.017695040493508937, 0.018179356650409907, -0.0005645650617935372, 0.033070091348032356, 0.012459313829597186, -0.06732376168150853, 0.024809186513363446, -0.0014884557794664418, -0.08303907370829432, 0.09114322974460234, 0.06304214251130033, -0.040781846859203254, 0.10455093266311456, -0.23586081073702245, 0.0, 0.003187551841775072, 0.15642353293518488, -0.05760561069554088, 2.6788845750163115e-05, 0.0, -0.00012402136016694, 0.0001585086012135589, -0.00025026000260454514, 1.3275741699412687e-05, -0.0001668347159879877, 0.00020096668276723995, -1.599740791139052e-05, -5.590336439113416e-05, -0.00021004280549264962, 0.0, 0.0004376844026548341, -2.770730499915022e-05, 0.00017822774620076138, 0.0, 0.0002892486659895597, 0.00026990404823599897, -0.0005112633583559395, 0.00017037396556561388, -0.00026670996583769553, -0.00013796728323502665, 0.0, 0.0, 0.0, 0.0, 7.570327535212507e-05, 0.00014568170171301407, 0.0, -3.880081956152928e-05, 5.9944930460781456e-05, -0.00022745334961475757, 0.00011102195669913955, 9.388136859216943e-05, -6.758843607972806e-05, 0.00017337798069699302, 3.1228405414143253e-06, 0.0, -5.119918526456403e-05, -0.00018264150620144747, -7.928013868422116e-06, 0.00014813676465305468, -0.00026429026157433953, 0.00018427808984116054, -0.00018454299993269532, 0.0002458262216618792, 0.0, -0.0005556709824171246, 0.0006386996918827083, 9.066501132628374e-05, -0.00021395359359533108, -0.00016067706389008823, 0.0005474433118104921, -0.00019351250075238757, 0.00010932900241641304, 0.00010554963284390601, 0.0, -5.149179902919303e-05, -0.00025744405526824827, 0.0001443068806221622, -7.058988195492132e-05, -1.664704354774701e-05, 0.0, -0.00024298470555986898, -0.00011962302937219598, 0.0, 0.00025160042462861454, 1.8534680270012822e-05, 0.00015427003702003677, -0.0001966535779791836, 0.0, -0.0009922295922614444, 0.00035992243793801337, -8.77908678069794e-05, 0.000371776221117189, 0.00025860383585167633, 0.0002978895924119065, -0.0003604222336290789, -6.769683349075822e-06, -0.00020305180845410053, 0.0005100721368587813, -0.0002820416435988745, -7.817256158823015e-05, -0.0001576530275815939, 0.00010823478731113361, 2.68564709140735e-05, 0.0004840102844784231, -0.0006588527702221015, -3.462023320178293e-05, 3.971142136038737e-05, -0.00017426885527576717, 0.0007652705179398879, 0.0, 3.028237596324497e-05, 0.00011455315209929826, -0.0006547112384462416, 0.00036320827877580844, 0.0005246211336607644, -0.00032143569337303836, -0.00010073433486907161, -0.00015842616699570126, -0.0002150753800796433, 0.0006712521828575205, -0.00043006383570313176, -0.00043383194267568765, -0.0006174363280750081, 0.0008885546127229789, -0.0005618721402151452, 0.0007673224611172678, -0.00042609071159386533, 0.00033725455300327137, -0.0001246348043385023, -0.000787897298312873, 0.0010191157755361192, -0.00016600467339541883, 0.0004504221719093094, -0.00040052146792500726, 4.115292043540991e-05, -0.0002054671179072894, 0.00017674493494977426], [19.7022069873424, -0.3255943751814288, -1.1278727982652403, 2.02869268859534, -6.546543691660752, -1.7330470996559375, -14.964304221604936, 48.19240658313182, -19.894169457410545, -0.0014369079591658148, 0.0, 0.013468167982960777, -0.015301665206244982, -0.006240146099960067, -0.014626025336067773, 0.0, 0.021155519577545707, -0.006731793887311623, -0.025297959790866697, 0.01829436347589618, 0.014436284464386523, 0.01667033527761239, 0.020833015664422704, -0.015560307958951596, 0.012928911301069455, 0.015324821455908308, -0.03589013319673196, 0.028334667791083876, -0.02996949364424856, 0.008280227406478448, 0.0, -0.03857920605140207, 0.04228630661671988, -0.03161843248584935, 0.012732685930023201, 0.03557808431303896, 0.025614180734781784, -0.07356971141958607, 0.03673057061890335, -0.12972327000432793, 0.12358078555128604, 0.07977145460841617, 0.09919183833540324, -0.19629399319876184, 0.003754819127134579, 0.0, -0.00012534701366077096, 0.00022221159521445955, 0.0, 0.00039761170506573965, -0.00010832300647451109, 0.000685374828659528, -0.0005292039511986164, 0.0, -8.607458887282048e-05, 0.000297538812658721, -8.3000902567485e-05, -0.00019501015443093106, -0.000435633780169884, -0.00013880420426133272, -3.9083885724763544e-05, 0.0001399849202283291, -0.0007999348743819826, 0.0007438611140679968, -9.70560897332794e-05, 8.131440922399256e-06, -4.789243878773541e-05, 0.0003421035963592758, -0.0004631589698232329, -0.0005424764781873553, 0.000453361275658259, -0.00026440348001579683, 7.797143000551125e-05, -0.00022084519491262313, 0.0, -0.00030397557549131785, 0.0002236048901483388, 0.000332028054662623, -0.0004226980954472843, 0.0005977514547048712, -0.00021179351008342864, 0.0, 0.00037299509688643956, -8.92073170413263e-05, 0.000341667848347455, -0.0001480331127249572, -5.7941981327126526e-05, 0.0001449011421696514, -0.00045050951453157856, 0.00021756782090758708, 2.973517473437156e-05, -0.00030064120363539775, 0.0009380441621225879, -0.0006920153830381642, 1.618399831318826e-05, -0.0005240598880117195, 0.0010920494434408928, -0.0009847952994039085, 2.6800850759119904e-06, 0.0001338023389104925, -0.0005422656837796366, 0.00019263333456479573, 0.0003924358511460759, 0.0005493458991220483, -2.6647528090862337e-05, -0.0001576897358159639, 7.158973071736633e-05, 0.0, 0.00012569444525886285, 0.0, 0.0005777714693648656, -0.00031002516897579566, -0.00011669517473763378, -0.00013086172565975775, 0.00020322684864395178, -0.0004661476866705082, 0.0015188707749102172, -0.0006603039885382492, 0.0009011659860623822, -0.001503250773679499, -0.0003554195090936093, 8.968694039895532e-05, -0.0011680431217416026, 0.0009849203385299476, -0.00026300860783846024, -8.677393794772423e-05, 0.0002201087179782348, -0.00032381480878927293, 0.0005879077759885989, 0.00023831893574722036, 0.00023869570073166858, -0.0005244729623632055, 0.0004379652071561641, 0.0001353428984893517, -9.304142318896924e-05, 0.0004471910961249672, -0.0012608520438593097, 0.0015678399945202107, -0.0015584409844349092, 0.0004692740390356848, -0.0006391973346059483, 0.0008077265482268304, -0.00040554963976674815, -6.567842641909115e-05, 0.0002633345881969736, 0.00015819688641602436, 0.00039111951117725254, -0.0011322204509344362, 0.0006831904402158148, 7.875302741820406e-06, 0.002234075383981112, -0.0021743386954478122, -8.998670927642317e-05, -0.00035375944143493156, 0.000879693178039887, -0.0002537715576381111, -0.00046814038200059357, 0.0017118707019496639, 0.00021778447949738838, -0.0020137631614613825, -0.0004254411396136615, 9.585424890649145e-05, 0.0008693437932466406, -0.0005337974334076538, -3.662235606439063e-05]]",(x0)' = -32.964 1 +  18.638 x0 + -47.452 x1 +  15.598 x2 +  1.866 x3 +  6.215 x4 + -2.770 x5 +  1.702 x6 +  0.162 x7 +  0.004 x0^2 +  0.136 x0 x1 + -0.050 x0 x2 + -0.036 x0 x3 + -0.031 x0 x4 +  0.002 x0 x5 +  0.022 x0 x6 + -0.025 x1^2 + -0.096 x1 x2 +  0.016 x1 x3 +  0.010 x1 x4 +  0.026 x1 x5 + -0.018 x1 x6 + -0.022 x1 x7 +  0.060 x2^2 +  0.009 x2 x3 +  0.022 x2 x4 + -0.038 x2 x5 + -0.009 x2 x6 +  0.019 x2 x7 + -0.018 x3^2 +  0.011 x3 x4 +  0.018 x3 x5 + -0.007 x3 x6 +  0.013 x3 x7 + -0.002 x4^2 + -0.009 x4 x5 + -0.006 x4 x6 + -0.002 x4 x7 + -0.002 x5^2 + -0.022 x5 x6 +  0.018 x5 x7 +  0.025 x6^2 + -0.017 x6 x7 + -0.004 x7^2 +  0.001 x0^2 x1 + -0.001 x0 x1^2 +  0.002 x0 x1 x2 + -0.001 x0 x1 x3 +  0.001 x0 x1 x4 + -0.001 x0 x1 x5 + -0.001 x0 x2^2 +  0.002 x0 x2 x3 + -0.002 x0 x2 x4 +  0.001 x0 x2 x5 +  0.001 x0 x3 x4 + -0.001 x0 x3 x5 +  0.001 x0 x4 x5 +  0.001 x0 x5 x6 + -0.001 x0 x6 x7 +  0.001 x0 x7^2 + -0.001 x1 x2 x3 +  0.001 x1 x2 x4 + -0.001 x1 x2 x6 +  0.001 x1 x3 x5 +  0.001 x1 x3 x6 + -0.001 x1 x4^2 + -0.001 x1 x7^2 +  0.001 x2 x5 x7 +  0.001 x2 x6^2 + -0.001 x6 x7^2 | (x1)' = -13.701 1 +  35.720 x0 +  2.241 x1 + -42.869 x2 +  10.952 x3 + -5.502 x4 +  2.539 x5 + -1.795 x6 +  0.451 x7 +  0.079 x0^2 + -0.178 x0 x1 + -0.008 x0 x2 +  0.024 x0 x3 +  0.016 x0 x4 +  0.010 x0 x5 + -0.012 x0 x6 + -0.006 x0 x7 + -0.016 x1^2 +  0.215 x1 x2 + -0.030 x1 x3 +  0.003 x1 x4 + -0.036 x1 x5 +  0.007 x1 x6 +  0.022 x1 x7 + -0.078 x2^2 + -0.062 x2 x3 +  0.009 x2 x4 +  0.017 x2 x5 +  0.022 x2 x6 + -0.017 x2 x7 +  0.048 x3^2 + -0.011 x3 x4 + -0.001 x3 x5 + -0.005 x3 x6 + -0.007 x3 x7 + -0.011 x4^2 +  0.002 x4 x6 +  0.004 x4 x7 +  0.002 x5^2 +  0.017 x5 x6 + -0.009 x5 x7 + -0.013 x6^2 + -0.004 x6 x7 +  0.008 x7^2 +  0.001 x0 x1^2 + -0.001 x0 x1 x2 +  0.001 x0 x2^2 + -0.001 x0 x2 x3 +  0.001 x0 x2 x4 +  0.001 x0 x3 x6 + -0.001 x1^2 x7 + -0.001 x1 x2^2 +  0.001 x1 x2 x3 +  0.001 x1 x2 x7 + -0.001 x1 x3^2 + -0.001 x1 x3 x5 + -0.001 x2^2 x3 +  0.001 x2 x3^2 | (x2)' =  3.603 1 + -10.542 x0 +  40.446 x1 +  0.893 x2 + -41.279 x3 +  13.127 x4 + -4.425 x5 +  2.077 x6 + -0.845 x7 + -0.058 x0^2 +  0.051 x0 x1 +  0.088 x0 x2 + -0.041 x0 x3 +  0.001 x0 x4 + -0.008 x0 x5 +  0.006 x0 x6 +  0.098 x1^2 + -0.249 x1 x2 + -0.001 x1 x3 +  0.015 x1 x4 +  0.025 x1 x5 + -0.007 x1 x7 +  0.016 x2^2 +  0.186 x2 x3 + -0.040 x2 x4 + -0.009 x2 x5 + -0.030 x2 x6 +  0.006 x2 x7 + -0.066 x3^2 + -0.048 x3 x4 +  0.018 x3 x5 +  0.007 x3 x6 +  0.016 x3 x7 +  0.043 x4^2 + -0.003 x4 x5 + -0.009 x4 x7 + -0.011 x5^2 + -0.002 x5 x6 +  0.005 x6^2 +  0.009 x6 x7 + -0.007 x7^2 +  0.001 x0^2 x2 +  0.001 x0 x1 x3 + -0.001 x0 x2^2 +  0.001 x0 x2 x3 + -0.001 x0 x2 x4 +  0.001 x0 x2 x6 + -0.001 x0 x3 x6 +  0.001 x0 x5 x6 + -0.001 x1^2 x3 +  0.001 x1^2 x7 +  0.001 x1 x2^2 + -0.001 x1 x2 x3 + -0.001 x1 x2 x7 +  0.001 x1 x3^2 + -0.001 x1 x3 x4 +  0.001 x1 x3 x5 + -0.001 x1 x3 x7 +  0.001 x1 x4 x7 + -0.001 x2 x3^2 +  0.001 x2 x3 x4 +  0.001 x2 x3 x7 + -0.001 x2 x4^2 +  0.001 x2 x4 x5 + -0.001 x2 x4 x6 + -0.001 x3^2 x4 +  0.001 x3 x4^2 + -0.001 x3 x4 x5 +  0.001 x3 x5 x7 | (x3)' =  3.461 x0 + -12.094 x1 +  41.138 x2 +  0.292 x3 + -42.192 x4 +  12.593 x5 + -4.031 x6 +  1.166 x7 +  0.022 x0^2 +  0.025 x0 x1 + -0.076 x0 x2 +  0.023 x0 x3 + -0.006 x0 x5 +  0.006 x0 x7 + -0.089 x1^2 +  0.103 x1 x2 +  0.074 x1 x3 + -0.037 x1 x4 + -0.005 x1 x5 + -0.004 x1 x7 +  0.080 x2^2 + -0.226 x2 x3 +  0.028 x2 x5 +  0.023 x2 x6 +  0.009 x3^2 +  0.184 x3 x4 + -0.045 x3 x5 + -0.008 x3 x6 + -0.025 x3 x7 + -0.066 x4^2 + -0.047 x4 x5 +  0.016 x4 x6 +  0.016 x4 x7 +  0.040 x5^2 + -0.001 x5 x6 + -0.003 x5 x7 + -0.014 x6^2 +  0.004 x7^2 + -0.001 x0 x1 x4 + -0.001 x0 x2 x3 +  0.001 x0 x2 x4 + -0.001 x0 x3 x4 +  0.001 x1^2 x3 +  0.001 x1 x2 x4 + -0.001 x1 x3^2 +  0.001 x1 x3 x4 + -0.001 x1 x3 x5 +  0.001 x1 x3 x7 + -0.001 x1 x4 x7 + -0.001 x2^2 x4 +  0.001 x2^2 x5 +  0.001 x2 x3^2 + -0.001 x2 x3 x4 +  0.001 x2 x4^2 + -0.001 x2 x4 x5 + -0.001 x3 x4^2 +  0.001 x3 x4 x5 + -0.001 x3 x5^2 +  0.001 x3 x5 x6 + -0.001 x3 x5 x7 + -0.001 x4^2 x5 +  0.001 x4 x5^2 +  0.001 x5^2 x6 | (x4)' = -1.420 x0 +  4.124 x1 + -12.594 x2 +  41.551 x3 +  0.911 x4 + -41.742 x5 +  12.236 x6 + -3.227 x7 + -0.006 x0^2 + -0.033 x0 x1 +  0.043 x0 x2 + -0.012 x0 x3 +  0.008 x0 x4 +  0.008 x0 x5 +  0.002 x0 x6 + -0.010 x0 x7 +  0.044 x1^2 +  0.002 x1 x2 + -0.073 x1 x3 +  0.022 x1 x4 + -0.011 x1 x6 +  0.014 x1 x7 + -0.082 x2^2 +  0.098 x2 x3 +  0.070 x2 x4 + -0.049 x2 x5 +  0.003 x2 x6 + -0.013 x2 x7 +  0.081 x3^2 + -0.223 x3 x4 +  0.012 x3 x5 +  0.019 x3 x6 +  0.027 x3 x7 +  0.181 x4 x5 + -0.039 x4 x6 + -0.021 x4 x7 + -0.061 x5^2 + -0.052 x5 x6 +  0.022 x5 x7 +  0.042 x6^2 + -0.004 x6 x7 + -0.008 x7^2 + -0.001 x0 x1 x2 + -0.001 x1^2 x3 +  0.001 x1 x2 x3 + -0.001 x1 x3 x4 +  0.001 x1 x3 x5 + -0.001 x1 x4 x5 +  0.001 x2^2 x4 +  0.001 x2 x3 x5 + -0.001 x2 x4^2 +  0.001 x2 x4 x5 + -0.001 x2 x4 x6 + -0.001 x3^2 x5 +  0.001 x3 x4^2 + -0.001 x3 x4 x5 +  0.001 x3 x5^2 + -0.001 x3 x5 x6 + -0.001 x4 x5^2 +  0.001 x4 x5 x6 +  0.001 x4 x5 x7 + -0.001 x4 x6^2 + -0.001 x5^2 x6 +  0.001 x5 x6^2 | (x5)' =  1.051 x0 + -1.965 x1 +  4.229 x2 + -12.851 x3 +  40.387 x4 +  0.129 x5 + -40.815 x6 +  10.395 x7 +  0.027 x0 x1 + -0.022 x0 x2 +  0.003 x0 x3 + -0.004 x0 x4 + -0.013 x0 x5 +  0.002 x0 x6 +  0.008 x0 x7 + -0.022 x1^2 + -0.022 x1 x2 +  0.039 x1 x3 + -0.009 x1 x4 +  0.008 x1 x5 +  0.013 x1 x6 + -0.009 x1 x7 +  0.043 x2^2 +  0.002 x2 x3 + -0.067 x2 x4 +  0.029 x2 x5 + -0.004 x2 x6 + -0.080 x3^2 +  0.089 x3 x4 +  0.072 x3 x5 + -0.046 x3 x6 + -0.006 x3 x7 +  0.088 x4^2 + -0.227 x4 x5 +  0.011 x4 x6 +  0.031 x4 x7 + -0.002 x5^2 +  0.184 x5 x6 + -0.046 x5 x7 + -0.063 x6^2 + -0.037 x6 x7 +  0.032 x7^2 + -0.001 x1 x2 x3 +  0.001 x2^2 x3 + -0.001 x2^2 x4 +  0.001 x2 x3 x4 + -0.001 x2 x3 x5 +  0.001 x3^2 x5 + -0.001 x3^2 x6 + -0.001 x3 x4 x5 +  0.001 x3 x4 x6 + -0.001 x3 x5^2 +  0.001 x3 x5 x6 + -0.001 x4^2 x6 +  0.001 x4^2 x7 +  0.001 x4 x5^2 + -0.001 x4 x5 x6 +  0.001 x4 x6^2 + -0.001 x4 x6 x7 + -0.001 x5 x6^2 +  0.001 x5 x6 x7 + -0.001 x6^2 x7 | (x6)' = -0.414 x0 +  1.442 x1 + -2.023 x2 +  5.310 x3 + -10.418 x4 +  41.842 x5 + -1.754 x6 + -35.563 x7 +  0.006 x0^2 + -0.019 x0 x1 +  0.004 x0 x2 +  0.007 x0 x3 +  0.015 x0 x5 + -0.005 x0 x6 + -0.008 x0 x7 +  0.011 x1^2 +  0.030 x1 x2 + -0.029 x1 x3 +  0.006 x1 x4 + -0.015 x1 x5 + -0.017 x1 x6 +  0.013 x1 x7 + -0.025 x2^2 + -0.012 x2 x3 +  0.035 x2 x4 + -0.018 x2 x5 +  0.018 x2 x6 + -0.001 x2 x7 +  0.033 x3^2 +  0.012 x3 x4 + -0.067 x3 x5 +  0.025 x3 x6 + -0.001 x3 x7 + -0.083 x4^2 +  0.091 x4 x5 +  0.063 x4 x6 + -0.041 x4 x7 +  0.105 x5^2 + -0.236 x5 x6 +  0.003 x6^2 +  0.156 x6 x7 + -0.058 x7^2 + -0.001 x0 x2 x5 + -0.001 x1 x2 x6 +  0.001 x1 x2 x7 +  0.001 x1 x3 x6 + -0.001 x2 x3 x4 +  0.001 x2 x5 x6 + -0.001 x3^2 x5 +  0.001 x3 x4 x5 + -0.001 x3 x5 x6 +  0.001 x3 x6^2 +  0.001 x4^2 x6 + -0.001 x4 x5 x6 +  0.001 x4 x5 x7 + -0.001 x4 x6^2 +  0.001 x4 x6 x7 + -0.001 x5^2 x7 +  0.001 x5 x6^2 | (x7)' =  19.702 1 + -0.326 x0 + -1.128 x1 +  2.029 x2 + -6.547 x3 + -1.733 x4 + -14.964 x5 +  48.192 x6 + -19.894 x7 + -0.001 x0^2 +  0.013 x0 x2 + -0.015 x0 x3 + -0.006 x0 x4 + -0.015 x0 x5 +  0.021 x0 x7 + -0.007 x1^2 + -0.025 x1 x2 +  0.018 x1 x3 +  0.014 x1 x4 +  0.017 x1 x5 +  0.021 x1 x6 + -0.016 x1 x7 +  0.013 x2^2 +  0.015 x2 x3 + -0.036 x2 x4 +  0.028 x2 x5 + -0.030 x2 x6 +  0.008 x2 x7 + -0.039 x3 x4 +  0.042 x3 x5 + -0.032 x3 x6 +  0.013 x3 x7 +  0.036 x4^2 +  0.026 x4 x5 + -0.074 x4 x6 +  0.037 x4 x7 + -0.130 x5^2 +  0.124 x5 x6 +  0.080 x5 x7 +  0.099 x6^2 + -0.196 x6 x7 +  0.004 x7^2 +  0.001 x0^2 x6 + -0.001 x0^2 x7 + -0.001 x0 x2 x4 +  0.001 x0 x2 x5 + -0.001 x0 x3 x6 +  0.001 x0 x6 x7 +  0.001 x1 x2 x6 + -0.001 x1 x2 x7 + -0.001 x1 x3 x4 +  0.001 x1 x3 x5 + -0.001 x1 x3 x6 + -0.001 x1 x4 x5 +  0.001 x1 x5^2 +  0.001 x2^2 x3 +  0.002 x2 x3 x4 + -0.001 x2 x3 x5 +  0.001 x2 x3 x6 + -0.002 x2 x3 x7 + -0.001 x2 x4 x6 +  0.001 x2 x4 x7 +  0.001 x2 x6 x7 + -0.001 x3^2 x4 + -0.001 x3 x4 x5 +  0.002 x3 x4 x6 + -0.002 x3 x4 x7 + -0.001 x3 x5 x6 +  0.001 x3 x5 x7 + -0.001 x4^2 x6 +  0.001 x4^2 x7 +  0.002 x4 x5 x6 + -0.002 x4 x5 x7 +  0.001 x4 x7^2 +  0.002 x5^2 x7 + -0.002 x5 x6 x7 +  0.001 x6^2 x7 + -0.001 x6 x7^2
36,35.0,1000.0,36.85636440989091,3,8,5,20.0,140.0,9,36.0,smoothed_finite_difference_savgol_order_3,success,,1208,1320,91.51515151515152,23.810219956561923,"[""1"", ""x0"", ""x1"", ""x2"", ""x3"", ""x4"", ""x5"", ""x6"", ""x7"", ""x0^2"", ""x0 x1"", ""x0 x2"", ""x0 x3"", ""x0 x4"", ""x0 x5"", ""x0 x6"", ""x0 x7"", ""x1^2"", ""x1 x2"", ""x1 x3"", ""x1 x4"", ""x1 x5"", ""x1 x6"", ""x1 x7"", ""x2^2"", ""x2 x3"", ""x2 x4"", ""x2 x5"", ""x2 x6"", ""x2 x7"", ""x3^2"", ""x3 x4"", ""x3 x5"", ""x3 x6"", ""x3 x7"", ""x4^2"", ""x4 x5"", ""x4 x6"", ""x4 x7"", ""x5^2"", ""x5 x6"", ""x5 x7"", ""x6^2"", ""x6 x7"", ""x7^2"", ""x0^3"", ""x0^2 x1"", ""x0^2 x2"", ""x0^2 x3"", ""x0^2 x4"", ""x0^2 x5"", ""x0^2 x6"", ""x0^2 x7"", ""x0 x1^2"", ""x0 x1 x2"", ""x0 x1 x3"", ""x0 x1 x4"", ""x0 x1 x5"", ""x0 x1 x6"", ""x0 x1 x7"", ""x0 x2^2"", ""x0 x2 x3"", ""x0 x2 x4"", ""x0 x2 x5"", ""x0 x2 x6"", ""x0 x2 x7"", ""x0 x3^2"", ""x0 x3 x4"", ""x0 x3 x5"", ""x0 x3 x6"", ""x0 x3 x7"", ""x0 x4^2"", ""x0 x4 x5"", ""x0 x4 x6"", ""x0 x4 x7"", ""x0 x5^2"", ""x0 x5 x6"", ""x0 x5 x7"", ""x0 x6^2"", ""x0 x6 x7"", ""x0 x7^2"", ""x1^3"", ""x1^2 x2"", ""x1^2 x3"", ""x1^2 x4"", ""x1^2 x5"", ""x1^2 x6"", ""x1^2 x7"", ""x1 x2^2"", ""x1 x2 x3"", ""x1 x2 x4"", ""x1 x2 x5"", ""x1 x2 x6"", ""x1 x2 x7"", ""x1 x3^2"", ""x1 x3 x4"", ""x1 x3 x5"", ""x1 x3 x6"", ""x1 x3 x7"", ""x1 x4^2"", ""x1 x4 x5"", ""x1 x4 x6"", ""x1 x4 x7"", ""x1 x5^2"", ""x1 x5 x6"", ""x1 x5 x7"", ""x1 x6^2"", ""x1 x6 x7"", ""x1 x7^2"", ""x2^3"", ""x2^2 x3"", ""x2^2 x4"", ""x2^2 x5"", ""x2^2 x6"", ""x2^2 x7"", ""x2 x3^2"", ""x2 x3 x4"", ""x2 x3 x5"", ""x2 x3 x6"", ""x2 x3 x7"", ""x2 x4^2"", ""x2 x4 x5"", ""x2 x4 x6"", ""x2 x4 x7"", ""x2 x5^2"", ""x2 x5 x6"", ""x2 x5 x7"", ""x2 x6^2"", ""x2 x6 x7"", ""x2 x7^2"", ""x3^3"", ""x3^2 x4"", ""x3^2 x5"", ""x3^2 x6"", ""x3^2 x7"", ""x3 x4^2"", ""x3 x4 x5"", ""x3 x4 x6"", ""x3 x4 x7"", ""x3 x5^2"", ""x3 x5 x6"", ""x3 x5 x7"", ""x3 x6^2"", ""x3 x6 x7"", ""x3 x7^2"", ""x4^3"", ""x4^2 x5"", ""x4^2 x6"", ""x4^2 x7"", ""x4 x5^2"", ""x4 x5 x6"", ""x4 x5 x7"", ""x4 x6^2"", ""x4 x6 x7"", ""x4 x7^2"", ""x5^3"", ""x5^2 x6"", ""x5^2 x7"", ""x5 x6^2"", ""x5 x6 x7"", ""x5 x7^2"", ""x6^3"", ""x6^2 x7"", ""x6 x7^2"", ""x7^3""]","[[-28.342255670777334, 22.28793105759222, -52.70269888720485, 20.178405377648087, -1.3641639516332935, 7.292990110152581, -3.1064261648308418, 1.8743312850566223, -0.06461456541912837, -0.004398965694269505, 0.1439047705863565, -0.05795803491015943, -0.01807340669871509, -0.03472946860691805, 0.003275376706846965, 0.018814893156017372, 0.0, -0.024615841807751417, -0.1043018038904672, 0.0, 0.019609367771609074, 0.02628324364845679, -0.016526962823486688, -0.020083682482902578, 0.06564260279421207, 0.02934501674551767, 0.011765136954022593, -0.0432265882313507, -0.014370534235206503, 0.024036943865459764, -0.03218818305467866, 0.012949208446766988, 0.02191141585066005, 0.0, 0.007824628175502953, 0.0, -0.010293941733228123, -0.008277624606320746, 0.0, -0.0026036226992272567, -0.01639984815461252, 0.015211299945131396, 0.023673408865462344, -0.01766130145902973, -0.0035981246598219825, -0.00028948924349437395, 0.0011437942411018217, 0.00029920777796975167, -0.0004294254107985536, -0.00020384961972059817, -0.00022052352990699342, -0.00026463737634485336, -0.0001693574311484789, -0.001289439164633794, 0.0018027852083666242, -0.0005310664625449007, 0.0005497146896940351, -0.00023756223809885902, -0.0004963426442145214, 0.0004322536704560698, -0.0010251504556186802, 0.0018522570275597411, -0.0023322198244725588, 0.0006331976274852322, 0.0001379851424770217, -0.00047586511377940486, 4.8625678462165e-05, 0.0014261235046403745, -0.0010785812261243082, 1.4830900545530539e-05, -0.00028275048189245, 0.0003932535243449186, 0.0011961595507288616, -0.00025155578195757436, -0.0003585883973924141, -0.0001104527695019726, 0.0010410419998651557, -0.00045250592709216694, -1.7883286423612826e-05, 0.0, 0.0006965234048034216, 0.0002361512705042749, -0.00019314284054564715, -0.00012884378773713367, 8.784919873279726e-05, 0.0, 0.00023200486414972057, 0.0004956714396786026, 4.66809950985299e-05, -0.0009881561539853256, 0.0010144426378915245, -0.0003634278765918836, 0.0, -0.0005368136623886956, 0.000323158239394107, -0.0003360739164990046, 0.0009831064612588632, 0.00044298353045638285, 0.0, -0.0007485229531276683, -0.00026184674134683764, -3.8432799604697955e-07, 0.00014763011108045917, -0.00048827233317881737, 0.00011572229301489842, 0.00013099171870272454, -0.0004546839146006387, 0.00011228983973548553, -0.0005770048142083778, -0.0002105755316882269, 0.0003061069556294934, 0.0, 0.0, 0.0002256017217614428, -0.00011281026030890926, -0.00029935168486584004, -8.77746127094063e-05, 0.0003491251184969518, -0.00016908372103802437, 0.0003747884776810598, 0.000526302340408051, -0.0005811591396959419, 0.00027926064659888823, -0.00046584462239766106, 0.00018014387008304165, -0.0005133679202459187, 0.0005973559534050349, 0.0005567759813596327, -0.00016707765733023645, 0.000354353603068885, -0.00015290795706854524, 6.308169423386604e-06, -7.457989830163007e-05, 2.591428283040851e-05, -0.0002046070046155606, -0.00035031077803897146, 0.0004519511590737741, -0.000424451421437462, 0.00026098080749705453, -0.0003129538409215536, 0.00017273893693237405, 0.00027479584299535217, -0.0005208407567477455, 5.17440379113167e-06, -0.0002611478412533881, -3.425150052832501e-05, 0.0, 0.000150791594556326, 0.0001770762747986016, -0.00023795260335163202, -0.00045863558565025127, 0.0004533107744777328, -3.867968151669098e-05, -0.00024510471870815197, 0.00013707634171794422, 4.794654991688556e-05, 0.0, -3.374580264142182e-05, 0.00025295786765431525, -0.00019393455715992843, 0.0, -3.916675089541587e-05, 0.00038709362030401104, -0.0005693733595957064, 0.00015046209360809282], [-6.653641476017969, 35.99462590245066, 3.160758125532643, -45.619310271851326, 14.112711181609924, -8.149509330029511, 3.8028450621913663, -2.1174607662950713, 0.572249228158161, 0.06523729509772325, -0.15448345382101278, 0.0, 0.014456404690573908, 0.017489703392135483, 0.007093155823047249, -0.009956559273053533, -0.006227456569612079, -0.014680138779442162, 0.19147204367361598, -0.023699273717334383, 0.0006526849066872578, -0.033886395332768764, 0.006978269535944256, 0.019679884690669766, -0.0679362547253158, -0.06962402343073476, 0.0102795479490122, 0.018545091879815942, 0.022920491356055887, -0.01658403476036894, 0.04941825079835347, 0.002425374142385958, -0.007322900635648551, -0.007747673132697391, -0.008748405824165006, -0.02044901219347589, 0.006051163769664778, 0.00010764593975145531, 0.009394546260232476, 0.0030850733993545514, 0.018551365318507523, -0.012897018843840017, -0.015770804653387132, 0.0024087553345450243, 0.006265641863925589, 2.820268391773288e-05, -7.671961860161581e-05, -0.0005406188401850365, 0.0004145671531677114, -0.00011676932984147882, 2.2310061176747118e-05, 0.0003089630896386529, 0.00017176348262388982, 0.0005071750791651642, -0.0006477962622461593, -0.0003001180739864574, -0.00019843566059592733, 0.0003128444255301292, 0.0, -5.792855444994534e-05, 0.0010459343862742568, -0.0013363441849987715, 0.0013040928418061684, -0.00044439267891812934, -0.00029852042300631794, -8.546167624811701e-05, 0.00013404546601484676, -0.0005716320321630549, 0.00043932731019248107, 0.0003246733965509627, 0.00029926476961290307, -0.00017188038144471865, -0.0003179382012187719, -0.00014643644633063047, 0.0, -2.009559106018689e-05, -0.0004211442016282422, 2.6395208405907722e-05, -0.00013395261537799507, 0.0004940346562354742, -0.000431984582678808, 0.0, -0.0002405469667500236, 0.0006084665269260892, -0.0003380481282758871, 2.502681385694717e-05, -0.00014986393656058985, -0.0005727164159251848, -0.0006165817477132445, 0.001248507022902897, -0.0005157918438939091, 0.0005050503494387734, 9.835699271072652e-05, 0.0007701965355769244, -0.0007765125938047458, 0.000775805667054881, -0.0007864742514251772, -0.0003185964482489971, -0.0002151575983930383, 0.0002505714383320082, 0.0, 0.0001086450425651116, 0.0, 0.00026471866320658963, -2.023681829105665e-05, 7.920551144962743e-05, 0.0003406772761017402, -0.00021175217684959327, 0.00024121725369024, 0.00038320993280976934, -0.0006503007111291657, 0.0, -0.00014103668221169242, 0.0, -5.606252780468111e-05, 0.0008142165007508871, -0.0007247472038679173, 8.78754864555612e-05, 0.0, -0.00026003064206766603, 0.00012729366729265115, 0.0, 0.00011796253323448107, 0.0002705987957858056, -4.0199141494425943e-05, 0.00021737629383662766, -0.00027325834331731, -0.00040631995258731267, 3.102178126392804e-05, -0.00011370044570104145, -0.00025327774982325676, 0.00045152247677753276, 0.00011625252357614183, -0.00010965777286360171, 0.00014626231679475696, -0.00022381398675713537, -0.00011150138280407005, 0.00014955711017806153, 0.0, 5.293782450733954e-05, 3.6846000848972855e-05, -0.00024698033859030146, 0.00015483080150240083, 7.053274256564468e-05, 0.000159061840333246, 0.00014325497692978207, -0.0002117167778676666, 2.3098927116119576e-06, -0.00013279433607846653, 0.0002506854697485675, 0.00017982315495480646, -0.0002265711478960642, 1.0411450901800797e-05, 0.0, 6.259916860822833e-05, -0.00011628432156055604, 0.0002873489895259466, -9.439783501269091e-06, -0.0002240646872967778, 0.0, -0.00011594491251797779, -5.205272390425463e-05, 0.0, 0.0002383612759591906, -6.393929785589796e-05], [1.8597686361719672, -12.262172832166664, 42.33610847898359, 0.9676437339902069, -43.339178686575195, 16.127593386382696, -6.5408761955998065, 3.075502056639908, -1.0656278506576118, -0.051667227808781836, 0.05336730787353335, 0.0663301881473714, -0.02633207423131396, 0.0011413559604140657, -0.00966842098480362, 0.004896628940897181, 0.0010905012854977108, 0.08144020013278411, -0.21148767784173655, -0.005002635475540664, 0.006457051226946962, 0.025455118096865716, 0.0, -0.0072263733354753605, 0.014664609306413626, 0.16087268923823864, -0.027001025734612254, -0.010384323413098522, -0.02765553810119395, 0.0038776044593284023, -0.054410402950688344, -0.06303333214767433, 0.0232087546369432, 0.006087500227950275, 0.019612502826550117, 0.04730352639082832, 0.0011265320573418073, -0.0007285141712007681, -0.015257217709512405, -0.014397443271493171, -0.009463961599143688, 0.007077185673841769, 0.010711178520761158, 0.00486837042451222, -0.007107325654424007, 6.888891054094804e-05, -0.00024872322146798686, 0.0006746281100405588, -0.0005407250492262289, 0.00018431289548482595, -1.844585183467905e-05, -9.953608659511375e-05, -0.0001761069831981857, -0.00020232645720741487, -0.0002698806841886645, 0.001081468654096956, -0.00016594894525687518, 0.00010953131630461526, -0.00034598378506775544, 0.0, -0.0004907351271588224, 0.00034841790033228096, -0.0004220312356340726, -0.0001338176994875295, 0.0004252820750563101, 0.0002821513796421254, -0.0001069304572017471, 0.0002245005203923412, 0.0001296461528381069, -0.0003473137990943199, -7.458880623396972e-05, 0.00014351802376850607, 0.0, 0.0, -0.00016640047464812842, -3.340659024589755e-05, 0.0004197476596274862, 5.681192113844626e-05, 0.0001270250223558109, -0.0003925838825136258, 0.00017531397329632962, 0.00010677880338745282, 0.0002776135862297089, -0.0010546541754171677, 0.000585557497444162, -0.00026237307410966935, 0.00011603291709336362, 0.0005268678212505706, 0.000457761377605216, 0.0, -0.0006779623156440768, 0.00026357842470002416, 0.0, -0.0005485476966091504, 0.000703367293217971, -0.0005838551064819917, 0.0, 0.0, -0.0002561843279227886, -0.00018253163110322883, 0.0003526139768678771, 9.965224566111507e-05, 0.0005982877522761615, -0.00026877249497356026, -4.0115332212727215e-06, -0.00027905789474910953, -0.00023682104392326584, 5.085268751705531e-05, 3.900330856861105e-06, -0.0002541776550019209, -1.5454997401336417e-05, 0.0007981978077919379, -0.0005500795860603235, 0.0001797532075148263, -0.00014857437342348157, -0.0008372309488871963, 0.0005419187851801535, 0.0005761027783556399, 0.000266337088837086, 0.0003742012431067889, -0.0003630179909872653, 1.2210909915551748e-05, -0.0006277547084942123, -0.0002462113754888113, 0.00014780276056139524, 1.9874944526490867e-05, 0.0, 0.00015673648615139408, 0.0001764318043215437, 0.0, 0.00040807649367957915, -0.0003862006001901485, -0.00046803441271144633, 5.192578189765944e-05, -9.839079443533544e-05, 0.00038123599273865995, 9.038797005444309e-05, 0.00014411696570080395, -0.00023953277415350257, 0.00012698078831709672, -0.0003986787534840812, 0.0005707360258289179, 3.4823167924604535e-05, -0.0002297149093419585, -7.384331002307112e-05, -0.0001704274778167126, 0.0, 0.00012367454130830728, 0.00010974239262883032, -0.00014756693629203106, 0.0, 8.081423272532774e-05, -8.069712522355176e-05, 4.858625313169535e-05, -4.568888784217661e-05, 0.0001795735460318416, -0.0005028903162279587, 2.751257515700243e-05, 0.0003343783918428831, 0.0, 5.806207271926665e-05, -4.258380200089822e-05, 0.00015813538834903135, -0.00019837653497036808, 0.0], [0.0, 4.973715368528331, -14.727762423450509, 43.20464772727639, 0.1993724068935717, -44.68775429044555, 15.746336783584164, -6.322288265312255, 2.042243432748556, 0.02327143264450883, 0.014768219048516695, -0.06796305350591925, 0.018488104710773407, 0.0, 0.0, 0.0, 0.0, -0.08072933956011612, 0.1079410852203566, 0.05369184322295042, -0.02369843700932709, -0.005554902507913075, -0.004821303804456116, 0.00030635899968095164, 0.05742810526115871, -0.1807274999211262, -0.0035153867960923133, 0.02099933022695021, 0.017227365488601813, 0.006717837050141065, 0.0, 0.16440052898346558, -0.03877034735459396, -0.0015197643961731178, -0.028144891550916897, -0.05313219344248223, -0.058076282275141645, 0.014397939092533925, 0.017740474965124726, 0.03873102262613417, 0.01271141609010969, -0.007674003970589009, -0.018309095690541486, -0.0017317528797321307, 0.006250622877191385, -6.773774846489303e-05, 0.0002570088945561643, -0.00036178541985188887, 1.813966608418665e-05, 7.323049327104379e-05, -8.787081133286782e-05, -1.9371894243162465e-05, 0.0001539373058102077, -1.83162361591272e-05, 0.0002392526927539893, 0.0, -0.00036486396913077004, 7.508666592488501e-05, 0.0005037672153746746, -0.00019848920317744304, 0.00033846807240092697, -0.0009522952443944098, 0.0006878183345662432, -8.148835813221953e-05, -0.00038926886889272314, -0.00016827184264943775, 0.0006215923799422561, -0.0006465152741731985, 0.00012379135067882451, 0.00036278960068637306, -3.464498827788482e-05, 0.00010721082986604518, -0.0001691558795894374, 0.00013390562367589457, 1.0260184967717189e-05, 9.684256698455225e-05, -0.00033847679888373823, 0.00010829930493149477, -0.0001741536492332361, 0.00018425819835798433, -2.9107974800670923e-05, -6.143886742516791e-05, -0.00026991973408140474, 0.0007199733686679132, -0.00039733215317083634, 0.0001786509860114698, -0.00030076415234525135, 0.0, -0.0003293874479605214, 0.00016220657991666056, 0.0005630707097101403, 1.1951170865359841e-05, 0.0003703478220458065, -0.00026620251102007033, -0.000967306874828874, 0.0009877114140011778, -0.0005886582757607379, -0.00036236776392191693, 0.0006133622274293489, -0.00024407246740966841, 0.0003055562356272672, -1.2855211995673296e-05, -0.0005770803330583129, 1.4189761992595735e-06, 0.0, 0.0, 0.00022758236943500257, 0.0001471478622918893, -4.692939812674726e-05, 0.00021884502329644042, -0.00011431519748411452, -0.0007761961958429106, 0.00045879922941864524, -0.00024359552827899495, 0.0002299104593526844, 0.0011616024138316092, -0.000872862446980983, -9.485148421121612e-05, -0.00026811100445782085, 0.0, 0.0009899759133845988, -0.0011833749664886192, 0.0008243684141869227, -0.00013677076284788185, 0.00028427136520698423, -0.00031273748182585997, 0.0004488067237795089, -0.00016476970769838234, -8.859924176481604e-05, -0.00013490912106128202, -0.0004935136941022645, 0.0004038516097407879, 0.00042392778089185454, -0.00020984675712264666, -7.405882523738306e-05, -0.0010860165758111732, 0.0012139156633933167, -0.00021610154927516025, 0.0005260564968387118, -0.0008230426934958647, 0.0008502708490622282, -0.0009141800620970438, 3.41346215399522e-05, 7.516881245920612e-05, 0.00016457461953935814, 0.0005029359980354205, -0.0007188894372292464, -0.0001256237618782027, -9.33921579388069e-05, 0.0008502833323985574, -0.0005506308722283084, 7.113778886170071e-05, 0.00022974972410926567, -0.00011516361543373117, 3.56489455007345e-05, -0.00040584001820525244, 0.0006879060075639403, 4.991474009511095e-05, -0.00043166699970019116, 2.915554072902913e-05, -8.119075617518842e-05, 0.00014709531082668134, -0.000329602334672068, 0.00027127510608806164, -1.6671312458608337e-05], [0.0, -2.1928779125048905, 6.109951466607887, -15.402440342104011, 43.9650209737303, 0.9289143058070717, -44.01102458587572, 15.038237620011472, -4.800316444503381, -0.006726648911258027, -0.030941566252625216, 0.042099404862165325, -0.009405213680795724, 0.005707600078237211, 0.0050905440036387315, -0.0029608185957647614, 0.0, 0.049684416905539645, -0.01504183392536805, -0.060670643982605015, 0.013837414797000326, 0.0, 0.0, 0.0, -0.07311504706976549, 0.09901969275151642, 0.05072457612612057, -0.0294460060353759, -0.0074236532229923725, 0.0, 0.06005666091244273, -0.18025375121865753, 0.0, 0.018824247327428028, 0.017954823245552216, -0.00024339372295997463, 0.15671219219298904, -0.029292478024352826, -0.0177102969966624, -0.04557192374266963, -0.06650808195390054, 0.022677580430245026, 0.04198400443321715, 0.004733335106331444, -0.013824356822614958, 0.0, -8.931027636540793e-05, 0.0002777905508234305, -8.273022985930039e-05, 0.0, 1.2482289978706808e-05, 3.6591565401447025e-05, -1.3958404701320632e-05, 0.0, -0.0005869389598165075, 0.00037064764167909586, 0.00017043761004218824, 0.0, -0.00018459212215884245, -6.2009404732516e-05, 0.00015396483493540692, 0.00022211965781063477, -0.00036910647767417085, 2.3251964331026858e-05, 0.0, 0.00016660842900038112, -0.00022839990597550507, 0.0, 0.0002014960087657525, -0.0002942362833445746, 8.03689734318627e-05, 0.0, 3.5391313985459134e-05, -9.586608477872002e-05, 0.00010557665852811381, 1.9874384409363404e-05, 1.6479154648189995e-05, -0.00015532027890545225, 0.00019970541196137398, 4.2220463480067536e-05, 0.0, 5.6492794277911895e-05, 0.00040463738927849405, -0.0006925843303742696, 5.293234332987467e-05, -3.244537193921093e-06, 9.329856600683514e-06, 8.978631970229014e-05, -0.00010787831685157379, 0.00042534386149260215, 0.0, -0.0002721767246534763, 1.426013363466286e-06, 0.00025812609783645645, 0.0003487092977064587, -0.0006981711014699467, 0.000425967132515788, 0.000324633086321578, -0.0005855385443796056, 0.0004775289136801284, -0.0005030081830712631, 5.344363403176658e-05, 0.00037412513286629116, 0.00011155484226948264, -1.9219590017513928e-05, 8.81274427057605e-05, -0.000117550968722478, -0.00022350237261283036, -5.4214931000948175e-05, -7.311956716105285e-05, -0.0002933315338272115, 0.0007465314055959853, -0.0004523684542827765, 0.00021532048194514654, -0.00023473517772750754, -0.00038901275354984524, -9.932165620208165e-05, 0.0006119697534292694, -0.0001707310125927858, 0.00036639247219503324, -0.0007532328735570479, 0.0008991657573216847, -0.0003938679169162752, -0.0002441759883403161, -0.00036259496231849376, 0.00029746935585811806, -5.9389536679267436e-05, 0.00011555373433000354, -0.0002591016335814704, 0.00030736139934706396, 0.00022225993134456688, 3.4913938602796596e-05, -0.0007874751423585853, 0.0005862064683484355, -0.0002398585165963985, 0.0010201913637048314, -0.0006585627526496994, -0.0005137422270092797, 0.00029398424978211265, 0.0008414458520812412, -0.0006668775945073419, 0.0, -7.909903157121522e-06, 0.00039479346977845686, -0.0003535509880081443, -0.00045705698847358674, 0.000385581815299383, 0.00048675476673062094, -0.00044781902800091345, -0.001050463384958667, 0.0007249013100365744, 0.0006535880643496052, -0.0005494979343810691, 0.00010742787621266636, -1.7001243225212592e-06, 0.0005085168026481586, -0.0006435463634087853, -0.00034350218077975253, 0.0006593542980433848, -0.0002597868126526004, 0.00022088057020582127, -0.0003163149876363335, 0.0005259681082220639, -0.0003530633050855958, 4.794627596310396e-05], [0.0, 1.217398012801166, -2.970517055517661, 6.518976359578951, -15.992868335771405, 42.54656751317823, 0.11141414691979624, -42.751892179094014, 12.116656789789692, -0.0022128131151429127, 0.028234526686426308, -0.021985804940965616, 0.0026294319281223244, -0.002537464905752136, -0.009739596917238682, 0.0005693178444058614, 0.0076921504696244114, -0.025457635559516266, -0.016641525679256575, 0.039856667547486395, -0.007669926294779454, 0.009261727508038942, 0.007902132022558026, -0.008741100621815628, 0.045797903897721995, -0.013738637149609588, -0.05750933294323017, 0.01948051600606019, 0.0, 0.0, -0.06881966641797775, 0.08947041249453293, 0.053286753051829845, -0.03092398651697892, -0.006190261796739745, 0.066417076460243, -0.1794432658901663, 0.0, 0.02395336734807851, -0.009696967234811588, 0.16734747921228244, -0.03382306593746673, -0.0508554620515207, -0.04854589872469116, 0.03346028255809062, -4.5224327989306734e-05, 7.430881337235979e-05, -7.873758446914772e-05, -5.169252716029912e-05, 0.00018207974025153797, 0.0, 8.652858259893777e-06, -9.470326471152865e-05, 0.0, 0.00037403069411656346, -0.00010481876401501077, -0.00014293344275475474, -0.0002277729990597911, 0.00011251529510283257, 5.702461837635994e-05, -0.00014829503259999896, 0.0, -0.00018913386789997101, 0.0003874905622050634, -0.00010341750527539797, -8.013307591558201e-05, -1.2754560029082062e-05, 0.0003485489499080482, -0.00037337514384150843, 6.70570270283609e-05, 0.00020961323044033791, -0.00015272377942094704, 0.00011207730966274082, 0.0001468510122178194, -0.0002095881585489779, -0.00013488160882952377, 0.000213717197968154, 0.0, -0.00014196704695885323, -8.861082019357749e-05, -9.542897193462269e-06, 1.3907693054823736e-06, -0.0003629628847904197, 0.0005072507628520538, -4.405501673566626e-05, 0.0, 1.0168292705648622e-05, -1.3638999377159777e-05, 0.00021185801260293493, -0.0008351584307640485, 0.0004139689966549124, 4.973755572452605e-05, 0.00014374671577704258, -0.00017223603165796136, 0.00024383369883267553, -2.18281153913609e-05, 0.0, -0.00026586051721271415, 0.0, -0.0002756842775486102, 0.00021503379302989842, -0.00014833866800018043, 0.00013517655865036466, 3.586686194879628e-05, -3.5749591363247934e-05, -0.00011397065716194728, 3.6110832944960515e-07, 0.0002936900080098662, 0.0, 1.2509739296815666e-05, 0.0005329149736138033, -0.0006401514660539003, 0.0, -2.3773506616443676e-05, -8.928132089461918e-06, -0.00022054207713281232, 0.0006316780572542935, 0.0, -0.00016172591098578696, 0.00010009619506024163, 0.00040480939847633733, -0.0011063285718380424, 0.0005781927131721133, -0.0001730030546367618, 0.0006314011808614974, -0.0007070006148457297, 0.000383028945242516, 0.00011305021302295312, 9.048545519450281e-06, -0.0001124942151401539, -1.8144409273588255e-06, -0.00038421902044220185, 0.0007321631053489021, -0.0004465594173408738, 3.5736570587843234e-05, -0.0004619270033101593, 0.00010967998060904926, 0.0006470951620933443, -0.00010358517980961078, -0.0008363669785679685, 0.0008724635116141473, -0.00045038319563647366, -0.0003566009596443189, 0.00021096524243723717, 0.00012068336386724171, 0.0002978599508268749, -0.00016333813233289997, -0.0007155700796555385, 0.0004802522606745205, 0.0011317057223612565, -0.0005336463943429745, -0.000538887408668784, 0.0008089132932559646, -0.0007211390748652275, 0.0002572956591873659, -0.0005259907546684592, 0.00048674422673397394, 0.0004379669506355512, -0.000987041219906927, 0.0006452650919832107, -0.00040058593755558293, 0.00046558450612372947, -0.0005613365217233282, 0.0003774377672847236, -0.00011669014247999735], [0.0, -0.5196397302643732, 1.7663935180101296, -3.357243318827918, 8.03739461178206, -13.704781914169502, 44.91636512173739, -3.254171838617601, -35.597725169060894, 0.005376890205940486, -0.01922797001002109, 0.006908607128217965, 0.0, 0.0, 0.012528000704725074, 0.0001531746039758837, -0.00912983289101562, 0.012755690177801742, 0.02296956172464161, -0.022816685886288067, 0.0017793411932716119, -0.009625665789222098, -0.0186845488808051, 0.01245168363353755, -0.024107009137984917, -0.012822074499124047, 0.0395831360750596, -0.018964403684571803, 0.01885042874609277, -0.00459420071366104, 0.036003664310616884, 0.0025686682570078435, -0.06322101436137476, 0.022151558088941627, -0.0007637688062134746, -0.07432320109199693, 0.08707310271621671, 0.05332631239680065, -0.03185107216942192, 0.08880319457865572, -0.20459492505950547, 0.0002348747514431812, -0.0007303168475619942, 0.13839197267662612, -0.04889011788272714, 2.8778201659251294e-05, 0.0, -0.00011382825309403314, 0.00012433370498458939, -0.0002597301022174806, 3.2638437772998524e-05, -0.00018828247230985164, 0.0002230935013541548, 5.606131943787297e-06, -0.00012648903740852742, 0.0, 0.0, 0.0003125392504304303, 0.0, 0.00010899160503146902, 0.0, 0.00012354801899478563, 0.00036397521531587103, -0.0002897925220596484, 0.0, -5.460562615105166e-05, -8.087801311265348e-06, -0.0002506546288129413, 0.0, 0.0, -8.525379636208899e-05, 0.0001228721760055709, 0.0001778159090715512, -0.00012077415410417906, 0.0001531412907041436, 6.958407406531541e-05, -0.00015483327929967087, -9.23815899593557e-05, 0.0001852481626356861, -1.8524562213180864e-05, 0.0, -2.7740871906101123e-05, 0.00011834239029885885, -0.000260677578775502, -6.138365767974188e-05, -1.3244277287043093e-05, 0.00011415107267505477, -0.00019281159332844113, 6.913824200832264e-05, 0.00028663499798343886, -0.00016734960390415665, 0.0, -0.0005101849065077473, 0.0005039250299591388, -0.00011319517726316922, 0.00010508121531105142, -0.00026016525668326945, 0.0007287665063872665, -0.00035112815776087894, 9.272650971093814e-05, 7.826697816274991e-05, 0.0, -9.553048824257316e-05, -0.00021738313265920177, 0.00013492931085959232, -6.898042209317445e-05, -0.00011352285345328079, 0.0, 0.0, 3.548498346497844e-06, -0.0005351559742852403, 0.0005795276065940474, -0.00010427204301750744, 0.00021280098297443573, -0.0001566346677582183, 0.00040430671526920346, -0.0013230274879935068, 0.0007125927244275279, -0.0005768867160718078, 0.0006995680867040912, 0.00025156864586639165, 0.0, 0.00029956025005912384, -0.0004006026210217634, -0.0001656303513069293, 0.00026877912906615194, -5.9450207531395004e-05, 7.317404544606323e-05, -0.0002608713984642766, -5.077309075422748e-05, -0.0001302218722288956, 0.0007408192251347495, -0.00089402053744744, 0.0004282785948786847, -0.00020806718865440691, -0.00032819881926156997, 0.0011429804853850913, -0.001203754042069468, 0.0007653512425071244, 0.00011956149471274454, -0.00019578203435417869, -0.00013562776430132262, 0.0004298214028829564, -0.00016658652761205477, -4.263020381650426e-05, -7.696713436167779e-05, -0.00042736383497056577, 0.001086801452007967, -0.0006808231054935087, -0.0004014809038704622, -0.0007404911172514066, 0.0012525236295415777, -0.0005506697225314454, 0.0006013890033581043, -0.0005047090949871547, 0.00035031905113198784, -8.321546473504534e-05, -0.0009473416920026745, 0.0008115280727047549, 9.769228645735617e-05, 0.0004816991882301242, -0.0003904357968701511, 9.185080904727444e-05, -0.0002406689949219386, 0.00017009339066564218], [18.252899997412964, -0.31824236590004407, -1.1841814037719967, 2.1566563404752337, -6.849868921276343, 1.0120598530850404, -19.328013934055488, 53.34553796447063, -23.513511912391728, 0.0005069731210335879, 0.0, 0.010639465777543123, -0.013587328910628135, -0.004966990520628872, -0.015393883841805374, 0.0, 0.020063035465976733, -0.007658967659801334, -0.022818592224477286, 0.021816289190503057, 0.008846281561883024, 0.015331966738569059, 0.01865621487237254, -0.013372330843899043, 0.013324991397002535, 0.0100089463940029, -0.0356821044940101, 0.029090780368435938, -0.02545951093730483, 0.009500963606745476, 0.00043936250057056725, -0.04040308492492248, 0.04826447421155121, -0.033430249856207614, 0.00991719368089518, 0.04423345256516397, 0.01471369878246131, -0.06841192590258302, 0.027106106186591254, -0.12799358685238754, 0.12955348363524338, 0.07344230720433442, 0.08613460914073318, -0.1810777030760636, 0.006399710989415932, 3.114424283049579e-05, -0.00020397408927168, 0.00031730970588220766, -0.00024273694121753643, 0.0005137963556024643, -0.0001358991037059402, 0.0007490525787803821, -0.0005674993558504672, 0.00010410265001923527, -0.00031998110926796696, 0.0005795332536335586, -0.00017138319852085969, -0.0002492354748478195, -0.0003837641095832744, -0.00011204815472856897, 3.3565987940421536e-05, -1.3178965427632432e-05, -0.0007739031003184004, 0.0007960736888589041, -0.00021764663178975023, 7.120476508753837e-05, 0.0, 0.0003571234643834459, -0.0005457602113824407, -0.0003196892282862697, 0.00037926987260998585, -0.0002569802999331085, 0.00012232402995896778, -0.0002445200617937067, 0.0, -0.00034216883596442643, 0.00014021194943490779, 0.0005401344576371009, -0.00020922388925098337, 0.0, 5.8398657489165535e-05, 0.0, 0.0003972868340339524, -0.0001501323006338318, 0.00027490707081540266, -6.058573751310227e-05, -0.00015067377494483263, 0.0001952137036121931, -0.000478776413911549, 0.00048187203490567313, 0.0, -0.00030366542480120203, 0.0010484688415620838, -0.0008996964736997964, -0.0003750990426954178, -8.776642098437436e-06, 0.0008564251204320829, -0.0009986239571496503, 0.00028377554615943793, -0.00016001920781090917, -0.00024011783550987234, 0.00016761959854411698, 0.00014969319362651432, 0.0004395067770926944, 0.0, -5.931387951444161e-05, 6.642741835229684e-06, 0.00013577319783023852, -7.827548384876562e-06, -2.230274520498723e-05, 0.0004626120090313824, -0.0002627015612672995, -0.0001197084285944595, -0.00021318700729578617, 0.0003401206258052565, -5.559519733001898e-05, 0.0009658460291956015, -0.0005665791907034851, 0.0009944263397728813, -0.001741129575657104, 2.483715873585238e-05, -0.0003170247942819706, -0.0011078987530261002, 0.0011439217587249548, 0.0, -0.00024856581196120754, 0.00016665145656907148, -0.00016902294975167147, 0.00043933844732817797, 0.00032556420451082177, 0.0, -8.911100111526071e-05, 0.00033936402603011723, 9.581583641035469e-05, 9.588861268663095e-05, 0.0, -0.000824752106620854, 0.0016197475876427727, -0.0018510710895404572, 0.0001999015468759874, -0.00045350437148483115, 0.000983565028396176, -0.0006383857144325887, 6.179643571748524e-06, 0.0001629563648655113, 0.00025162180091054887, 0.0002922907500001736, -0.0012094372100095799, 0.0008405641052678034, 0.00012173100392664852, 0.002089748014195896, -0.0024807604148057174, 0.00013534984282102987, -0.0003229209839978254, 0.0009991452409062916, -0.0002201098231187454, -0.0005969609885515343, 0.0018718199710457209, 0.00021207391352905035, -0.001968333943739075, -0.0005568208805064863, 8.559634828993983e-05, 0.0009333631863425946, -0.0005159135497792316, -6.902726272515985e-05]]",(x0)' = -28.342 1 +  22.288 x0 + -52.703 x1 +  20.178 x2 + -1.364 x3 +  7.293 x4 + -3.106 x5 +  1.874 x6 + -0.065 x7 + -0.004 x0^2 +  0.144 x0 x1 + -0.058 x0 x2 + -0.018 x0 x3 + -0.035 x0 x4 +  0.003 x0 x5 +  0.019 x0 x6 + -0.025 x1^2 + -0.104 x1 x2 +  0.020 x1 x4 +  0.026 x1 x5 + -0.017 x1 x6 + -0.020 x1 x7 +  0.066 x2^2 +  0.029 x2 x3 +  0.012 x2 x4 + -0.043 x2 x5 + -0.014 x2 x6 +  0.024 x2 x7 + -0.032 x3^2 +  0.013 x3 x4 +  0.022 x3 x5 +  0.008 x3 x7 + -0.010 x4 x5 + -0.008 x4 x6 + -0.003 x5^2 + -0.016 x5 x6 +  0.015 x5 x7 +  0.024 x6^2 + -0.018 x6 x7 + -0.004 x7^2 +  0.001 x0^2 x1 + -0.001 x0 x1^2 +  0.002 x0 x1 x2 + -0.001 x0 x1 x3 +  0.001 x0 x1 x4 + -0.001 x0 x2^2 +  0.002 x0 x2 x3 + -0.002 x0 x2 x4 +  0.001 x0 x2 x5 +  0.001 x0 x3 x4 + -0.001 x0 x3 x5 +  0.001 x0 x4 x5 +  0.001 x0 x5 x6 +  0.001 x0 x7^2 + -0.001 x1 x2 x3 +  0.001 x1 x2 x4 + -0.001 x1 x2 x7 +  0.001 x1 x3 x5 + -0.001 x1 x4^2 + -0.001 x1 x7^2 +  0.001 x2 x4^2 + -0.001 x2 x4 x5 + -0.001 x2 x5 x6 +  0.001 x2 x5 x7 +  0.001 x2 x6^2 + -0.001 x3 x6^2 + -0.001 x6 x7^2 | (x1)' = -6.654 1 +  35.995 x0 +  3.161 x1 + -45.619 x2 +  14.113 x3 + -8.150 x4 +  3.803 x5 + -2.117 x6 +  0.572 x7 +  0.065 x0^2 + -0.154 x0 x1 +  0.014 x0 x3 +  0.017 x0 x4 +  0.007 x0 x5 + -0.010 x0 x6 + -0.006 x0 x7 + -0.015 x1^2 +  0.191 x1 x2 + -0.024 x1 x3 +  0.001 x1 x4 + -0.034 x1 x5 +  0.007 x1 x6 +  0.020 x1 x7 + -0.068 x2^2 + -0.070 x2 x3 +  0.010 x2 x4 +  0.019 x2 x5 +  0.023 x2 x6 + -0.017 x2 x7 +  0.049 x3^2 +  0.002 x3 x4 + -0.007 x3 x5 + -0.008 x3 x6 + -0.009 x3 x7 + -0.020 x4^2 +  0.006 x4 x5 +  0.009 x4 x7 +  0.003 x5^2 +  0.019 x5 x6 + -0.013 x5 x7 + -0.016 x6^2 +  0.002 x6 x7 +  0.006 x7^2 + -0.001 x0^2 x2 +  0.001 x0 x1^2 + -0.001 x0 x1 x2 +  0.001 x0 x2^2 + -0.001 x0 x2 x3 +  0.001 x0 x2 x4 + -0.001 x0 x3 x4 +  0.001 x1^2 x3 + -0.001 x1^2 x7 + -0.001 x1 x2^2 +  0.001 x1 x2 x3 + -0.001 x1 x2 x4 +  0.001 x1 x2 x5 +  0.001 x1 x2 x7 + -0.001 x1 x3^2 +  0.001 x1 x3 x4 + -0.001 x1 x3 x5 + -0.001 x2^2 x3 +  0.001 x2 x3^2 + -0.001 x2 x3 x4 | (x2)' =  1.860 1 + -12.262 x0 +  42.336 x1 +  0.968 x2 + -43.339 x3 +  16.128 x4 + -6.541 x5 +  3.076 x6 + -1.066 x7 + -0.052 x0^2 +  0.053 x0 x1 +  0.066 x0 x2 + -0.026 x0 x3 +  0.001 x0 x4 + -0.010 x0 x5 +  0.005 x0 x6 +  0.001 x0 x7 +  0.081 x1^2 + -0.211 x1 x2 + -0.005 x1 x3 +  0.006 x1 x4 +  0.025 x1 x5 + -0.007 x1 x7 +  0.015 x2^2 +  0.161 x2 x3 + -0.027 x2 x4 + -0.010 x2 x5 + -0.028 x2 x6 +  0.004 x2 x7 + -0.054 x3^2 + -0.063 x3 x4 +  0.023 x3 x5 +  0.006 x3 x6 +  0.020 x3 x7 +  0.047 x4^2 +  0.001 x4 x5 + -0.001 x4 x6 + -0.015 x4 x7 + -0.014 x5^2 + -0.009 x5 x6 +  0.007 x5 x7 +  0.011 x6^2 +  0.005 x6 x7 + -0.007 x7^2 +  0.001 x0^2 x2 + -0.001 x0^2 x3 +  0.001 x0 x1 x3 + -0.001 x1^2 x3 +  0.001 x1^2 x4 +  0.001 x1^2 x7 + -0.001 x1 x2 x4 + -0.001 x1 x2 x7 +  0.001 x1 x3^2 + -0.001 x1 x3 x4 +  0.001 x1 x4 x7 +  0.001 x2^2 x4 + -0.001 x2^2 x5 + -0.001 x2 x3^2 +  0.001 x2 x3 x4 +  0.001 x2 x3 x5 + -0.001 x2 x4 x6 +  0.001 x3 x5 x7 + -0.001 x5^2 x6 | (x3)' =  4.974 x0 + -14.728 x1 +  43.205 x2 +  0.199 x3 + -44.688 x4 +  15.746 x5 + -6.322 x6 +  2.042 x7 +  0.023 x0^2 +  0.015 x0 x1 + -0.068 x0 x2 +  0.018 x0 x3 + -0.081 x1^2 +  0.108 x1 x2 +  0.054 x1 x3 + -0.024 x1 x4 + -0.006 x1 x5 + -0.005 x1 x6 +  0.057 x2^2 + -0.181 x2 x3 + -0.004 x2 x4 +  0.021 x2 x5 +  0.017 x2 x6 +  0.007 x2 x7 +  0.164 x3 x4 + -0.039 x3 x5 + -0.002 x3 x6 + -0.028 x3 x7 + -0.053 x4^2 + -0.058 x4 x5 +  0.014 x4 x6 +  0.018 x4 x7 +  0.039 x5^2 +  0.013 x5 x6 + -0.008 x5 x7 + -0.018 x6^2 + -0.002 x6 x7 +  0.006 x7^2 +  0.001 x0 x1 x6 + -0.001 x0 x2 x3 +  0.001 x0 x2 x4 +  0.001 x0 x3^2 + -0.001 x0 x3 x4 +  0.001 x1^2 x3 +  0.001 x1 x2 x4 + -0.001 x1 x3^2 +  0.001 x1 x3 x4 + -0.001 x1 x3 x5 +  0.001 x1 x3 x7 + -0.001 x1 x4 x7 + -0.001 x2^2 x4 +  0.001 x2 x3^2 + -0.001 x2 x3 x4 +  0.001 x2 x4^2 + -0.001 x2 x4 x5 +  0.001 x2 x4 x6 + -0.001 x3 x4^2 +  0.001 x3 x4 x5 +  0.001 x3 x4 x7 + -0.001 x3 x5^2 +  0.001 x3 x5 x6 + -0.001 x3 x5 x7 +  0.001 x4^3 + -0.001 x4^2 x5 +  0.001 x4 x5^2 + -0.001 x4 x5 x6 +  0.001 x5^2 x6 | (x4)' = -2.193 x0 +  6.110 x1 + -15.402 x2 +  43.965 x3 +  0.929 x4 + -44.011 x5 +  15.038 x6 + -4.800 x7 + -0.007 x0^2 + -0.031 x0 x1 +  0.042 x0 x2 + -0.009 x0 x3 +  0.006 x0 x4 +  0.005 x0 x5 + -0.003 x0 x6 +  0.050 x1^2 + -0.015 x1 x2 + -0.061 x1 x3 +  0.014 x1 x4 + -0.073 x2^2 +  0.099 x2 x3 +  0.051 x2 x4 + -0.029 x2 x5 + -0.007 x2 x6 +  0.060 x3^2 + -0.180 x3 x4 +  0.019 x3 x6 +  0.018 x3 x7 +  0.157 x4 x5 + -0.029 x4 x6 + -0.018 x4 x7 + -0.046 x5^2 + -0.067 x5 x6 +  0.023 x5 x7 +  0.042 x6^2 +  0.005 x6 x7 + -0.014 x7^2 + -0.001 x0 x1 x2 + -0.001 x1^2 x3 + -0.001 x1 x3 x4 + -0.001 x1 x3 x7 + -0.001 x1 x4 x5 +  0.001 x2^2 x4 +  0.001 x2 x3 x5 + -0.001 x2 x4^2 +  0.001 x2 x4 x5 + -0.001 x3^2 x5 +  0.001 x3^2 x6 +  0.001 x3 x4^2 + -0.001 x3 x4 x5 + -0.001 x3 x4 x6 +  0.001 x3 x5^2 + -0.001 x3 x5 x6 + -0.001 x4 x5^2 +  0.001 x4 x5 x6 +  0.001 x4 x5 x7 + -0.001 x4 x6^2 +  0.001 x5^3 + -0.001 x5^2 x6 +  0.001 x5 x6^2 +  0.001 x6^2 x7 | (x5)' =  1.217 x0 + -2.971 x1 +  6.519 x2 + -15.993 x3 +  42.547 x4 +  0.111 x5 + -42.752 x6 +  12.117 x7 + -0.002 x0^2 +  0.028 x0 x1 + -0.022 x0 x2 +  0.003 x0 x3 + -0.003 x0 x4 + -0.010 x0 x5 +  0.001 x0 x6 +  0.008 x0 x7 + -0.025 x1^2 + -0.017 x1 x2 +  0.040 x1 x3 + -0.008 x1 x4 +  0.009 x1 x5 +  0.008 x1 x6 + -0.009 x1 x7 +  0.046 x2^2 + -0.014 x2 x3 + -0.058 x2 x4 +  0.019 x2 x5 + -0.069 x3^2 +  0.089 x3 x4 +  0.053 x3 x5 + -0.031 x3 x6 + -0.006 x3 x7 +  0.066 x4^2 + -0.179 x4 x5 +  0.024 x4 x7 + -0.010 x5^2 +  0.167 x5 x6 + -0.034 x5 x7 + -0.051 x6^2 + -0.049 x6 x7 +  0.033 x7^2 +  0.001 x1^2 x3 + -0.001 x1 x2 x3 +  0.001 x2^2 x3 + -0.001 x2^2 x4 +  0.001 x2 x3 x4 + -0.001 x2 x4 x5 +  0.001 x2 x4 x6 +  0.001 x2 x5^2 + -0.001 x2 x5 x6 +  0.001 x3^2 x5 +  0.001 x3 x4 x6 + -0.001 x3 x5^2 +  0.001 x3 x5 x6 + -0.001 x4^2 x6 +  0.001 x4 x5^2 + -0.001 x4 x5 x6 + -0.001 x4 x5 x7 +  0.001 x4 x6^2 + -0.001 x4 x6 x7 + -0.001 x5^3 + -0.001 x5 x6^2 +  0.001 x5 x6 x7 + -0.001 x6^2 x7 | (x6)' = -0.520 x0 +  1.766 x1 + -3.357 x2 +  8.037 x3 + -13.705 x4 +  44.916 x5 + -3.254 x6 + -35.598 x7 +  0.005 x0^2 + -0.019 x0 x1 +  0.007 x0 x2 +  0.013 x0 x5 + -0.009 x0 x7 +  0.013 x1^2 +  0.023 x1 x2 + -0.023 x1 x3 +  0.002 x1 x4 + -0.010 x1 x5 + -0.019 x1 x6 +  0.012 x1 x7 + -0.024 x2^2 + -0.013 x2 x3 +  0.040 x2 x4 + -0.019 x2 x5 +  0.019 x2 x6 + -0.005 x2 x7 +  0.036 x3^2 +  0.003 x3 x4 + -0.063 x3 x5 +  0.022 x3 x6 + -0.001 x3 x7 + -0.074 x4^2 +  0.087 x4 x5 +  0.053 x4 x6 + -0.032 x4 x7 +  0.089 x5^2 + -0.205 x5 x6 + -0.001 x6^2 +  0.138 x6 x7 + -0.049 x7^2 + -0.001 x1 x2 x6 +  0.001 x1 x2 x7 +  0.001 x1 x3 x6 + -0.001 x2^2 x3 +  0.001 x2^2 x4 + -0.001 x2 x3 x4 +  0.001 x2 x3 x5 + -0.001 x2 x3 x6 +  0.001 x2 x3 x7 +  0.001 x3^2 x4 + -0.001 x3^2 x5 +  0.001 x3 x4 x5 + -0.001 x3 x4 x6 +  0.001 x3 x4 x7 +  0.001 x4^2 x6 + -0.001 x4^2 x7 + -0.001 x4 x5 x6 +  0.001 x4 x5 x7 + -0.001 x4 x6^2 +  0.001 x4 x6 x7 + -0.001 x4 x7^2 + -0.001 x5^2 x7 +  0.001 x5 x6^2 | (x7)' =  18.253 1 + -0.318 x0 + -1.184 x1 +  2.157 x2 + -6.850 x3 +  1.012 x4 + -19.328 x5 +  53.346 x6 + -23.514 x7 +  0.001 x0^2 +  0.011 x0 x2 + -0.014 x0 x3 + -0.005 x0 x4 + -0.015 x0 x5 +  0.020 x0 x7 + -0.008 x1^2 + -0.023 x1 x2 +  0.022 x1 x3 +  0.009 x1 x4 +  0.015 x1 x5 +  0.019 x1 x6 + -0.013 x1 x7 +  0.013 x2^2 +  0.010 x2 x3 + -0.036 x2 x4 +  0.029 x2 x5 + -0.025 x2 x6 +  0.010 x2 x7 + -0.040 x3 x4 +  0.048 x3 x5 + -0.033 x3 x6 +  0.010 x3 x7 +  0.044 x4^2 +  0.015 x4 x5 + -0.068 x4 x6 +  0.027 x4 x7 + -0.128 x5^2 +  0.130 x5 x6 +  0.073 x5 x7 +  0.086 x6^2 + -0.181 x6 x7 +  0.006 x7^2 +  0.001 x0^2 x4 +  0.001 x0^2 x6 + -0.001 x0^2 x7 +  0.001 x0 x1 x3 + -0.001 x0 x2 x4 +  0.001 x0 x2 x5 + -0.001 x0 x3 x5 +  0.001 x0 x5 x7 +  0.001 x1 x2 x6 + -0.001 x1 x2 x7 +  0.001 x1 x3 x5 + -0.001 x1 x3 x6 +  0.001 x2 x3 x4 + -0.001 x2 x3 x5 +  0.001 x2 x3 x6 + -0.002 x2 x3 x7 + -0.001 x2 x4 x6 +  0.001 x2 x4 x7 + -0.001 x3 x4 x5 +  0.002 x3 x4 x6 + -0.002 x3 x4 x7 +  0.001 x3 x5 x7 + -0.001 x3 x6^2 + -0.001 x4^2 x6 +  0.001 x4^2 x7 +  0.002 x4 x5 x6 + -0.002 x4 x5 x7 +  0.001 x4 x7^2 + -0.001 x5^2 x6 +  0.002 x5^2 x7 + -0.002 x5 x6 x7 + -0.001 x5 x7^2 +  0.001 x6^2 x7 + -0.001 x6 x7^2
